epoch,batch,focal_loss,evidential_loss,total_loss
0,0,0.9698620438575745,0.7138852477073669,0.8418736457824707
0,1,0.9681053757667542,0.692019522190094,0.8300624489784241
0,2,0.9756084680557251,0.688056230545044,0.8318323493003845
0,3,0.9431164264678955,0.6836500763893127,0.8133832216262817
0,4,0.9582532048225403,0.6745482683181763,0.8164007663726807
0,5,0.9671537280082703,0.6732128858566284,0.820183277130127
0,6,0.9398311972618103,0.6619694232940674,0.8009003400802612
0,7,0.9593889713287354,0.6548221707344055,0.807105541229248
0,8,0.9471096992492676,0.6511790156364441,0.7991443872451782
0,9,0.9596331715583801,0.6442610621452332,0.8019471168518066
0,10,0.9406126737594604,0.6370818614959717,0.7888472676277161
0,11,0.9576270580291748,0.6311061978340149,0.7943665981292725
0,12,0.9665493965148926,0.6258245706558228,0.7961869835853577
0,13,0.9474510550498962,0.6192887425422668,0.7833698987960815
0,14,0.9514055848121643,0.6147149801254272,0.7830603122711182
0,15,0.965244472026825,0.6120188236236572,0.7886316776275635
0,16,0.9490421414375305,0.6080072522163391,0.7785246968269348
0,17,0.9473037123680115,0.6037722229957581,0.7755379676818848
0,18,0.9474460482597351,0.5988181829452515,0.7731320858001709
0,19,0.9513328671455383,0.5973204374313354,0.7743266820907593
0,20,0.97162926197052,0.5927709341049194,0.7822000980377197
0,21,0.9395343065261841,0.5874571204185486,0.763495683670044
0,22,0.9465161561965942,0.5832407474517822,0.7648784518241882
0,23,0.9602153301239014,0.5831115245819092,0.7716634273529053
0,24,0.9623716473579407,0.5771326422691345,0.7697521448135376
0,25,0.948331892490387,0.5760558843612671,0.7621939182281494
0,26,0.944687008857727,0.5743129253387451,0.7594999670982361
0,27,0.9356169104576111,0.5727599263191223,0.7541884183883667
0,28,0.933386504650116,0.5695475339889526,0.7514669895172119
0,29,0.935437798500061,0.5668291449546814,0.7511334419250488
0,30,0.9322908520698547,0.5652247071266174,0.7487577795982361
0,31,0.9595789313316345,0.5644927024841309,0.7620358467102051
0,32,0.9535568356513977,0.5651099681854248,0.7593333721160889
0,33,0.9262007474899292,0.5585567355155945,0.7423787117004395
0,34,0.9452036023139954,0.5538174510002136,0.7495105266571045
0,35,0.9460610747337341,0.5552356243133545,0.7506483793258667
0,36,0.9402151107788086,0.5512913465499878,0.7457532286643982
0,37,0.9588134288787842,0.5500057935714722,0.7544096112251282
0,38,0.9432352185249329,0.549257755279541,0.7462464570999146
0,39,0.9360844492912292,0.5438368320465088,0.7399606704711914
0,40,0.9323592185974121,0.544084370136261,0.7382217645645142
0,41,0.9448870420455933,0.5414867401123047,0.743186891078949
0,42,0.9395468235015869,0.5397645831108093,0.7396557331085205
0,43,0.9346951246261597,0.5391485095024109,0.7369217872619629
0,44,0.9314195513725281,0.5377792716026306,0.7345994114875793
0,45,0.9400561451911926,0.5362159013748169,0.7381360530853271
0,46,0.9486973881721497,0.5373896360397339,0.7430435419082642
0,47,0.9613893032073975,0.5366183519363403,0.7490038275718689
0,48,0.9365788698196411,0.5315619707107544,0.7340704202651978
0,49,0.9609997868537903,0.5295004844665527,0.7452501058578491
0,50,0.9580753445625305,0.5256468653678894,0.74186110496521
0,51,0.9426509141921997,0.5256387591362,0.7341448068618774
0,52,0.937976598739624,0.523617148399353,0.7307968735694885
0,53,0.9364119172096252,0.5228101015090942,0.7296110391616821
0,54,0.9563167691230774,0.523425281047821,0.7398710250854492
0,55,0.9367873072624207,0.5196855664253235,0.7282364368438721
0,56,0.9380656480789185,0.5176979899406433,0.7278817892074585
0,57,0.943819522857666,0.5157816410064697,0.7298005819320679
0,58,0.9505016207695007,0.5158785581588745,0.7331900596618652
0,59,0.9472446441650391,0.5121595859527588,0.7297021150588989
0,60,0.9284693002700806,0.5121841430664062,0.7203267216682434
0,61,0.9393478035926819,0.5121109485626221,0.7257293462753296
0,62,0.962324321269989,0.5156469941139221,0.7389856576919556
0,63,0.9229236245155334,0.5103970170021057,0.7166603207588196
0,64,0.9389503002166748,0.5075876712799072,0.723268985748291
0,65,0.9350383877754211,0.5087611675262451,0.7218997478485107
0,66,0.9497600197792053,0.5033930540084839,0.726576566696167
0,67,0.9452284574508667,0.502472996711731,0.7238507270812988
0,68,0.9685302972793579,0.5005872249603271,0.7345587611198425
0,69,0.948699951171875,0.501462996006012,0.7250814437866211
0,70,0.9308966994285583,0.4977762699127197,0.7143365144729614
0,71,0.9262165427207947,0.49738165736198425,0.7117990851402283
0,72,0.9709240794181824,0.5025451183319092,0.7367346286773682
0,73,0.9468655586242676,0.4972758889198303,0.7220706939697266
0,74,0.9266047477722168,0.49628233909606934,0.7114435434341431
0,75,0.9401414394378662,0.49340417981147766,0.7167727947235107
0,76,0.9401935935020447,0.493040531873703,0.7166170477867126
0,77,0.9269593358039856,0.4903649389743805,0.7086621522903442
0,78,0.9249638915061951,0.49152183532714844,0.7082428932189941
0,79,0.935495138168335,0.48873183131217957,0.7121134996414185
0,80,0.930094301700592,0.488849401473999,0.7094718217849731
0,81,0.9363346099853516,0.48599785566329956,0.711166262626648
0,82,0.940685510635376,0.4886101484298706,0.7146478295326233
0,83,0.9334083795547485,0.4871261417865753,0.7102672457695007
0,84,0.9241412281990051,0.4824832081794739,0.7033122181892395
0,85,0.9466637969017029,0.4826073944568634,0.7146356105804443
0,86,0.9201856851577759,0.4792592227458954,0.6997224688529968
0,87,0.9395765066146851,0.4775157570838928,0.7085461616516113
0,88,0.9251798987388611,0.47627392411231995,0.7007269263267517
0,89,0.948531985282898,0.47428879141807556,0.711410403251648
0,90,0.9504879713058472,0.4711571931838989,0.710822582244873
0,91,0.9394595623016357,0.46884334087371826,0.704151451587677
0,92,0.9633063077926636,0.4686563313007355,0.7159813046455383
0,93,0.9399181008338928,0.46725746989250183,0.7035877704620361
0,94,0.9540191888809204,0.46479952335357666,0.7094093561172485
0,95,0.9162696599960327,0.46738794445991516,0.6918287873268127
0,96,0.937901496887207,0.46481287479400635,0.7013571858406067
0,97,0.9351974725723267,0.46800464391708374,0.7016010284423828
0,98,0.9170117974281311,0.46720457077026367,0.692108154296875
0,99,0.9334438443183899,0.4666225016117096,0.7000331878662109
0,100,0.9525209665298462,0.46324875950813293,0.7078848481178284
0,101,0.9446539282798767,0.4612690806388855,0.7029615044593811
0,102,0.9036953449249268,0.46228888630867004,0.6829921007156372
0,103,0.9615193605422974,0.4578040838241577,0.7096617221832275
0,104,0.923448383808136,0.4581427574157715,0.6907955408096313
0,105,0.9228549003601074,0.45732995867729187,0.6900924444198608
0,106,0.9228699803352356,0.45362064242362976,0.6882452964782715
0,107,0.9194550514221191,0.4503706991672516,0.6849128603935242
0,108,0.9209204912185669,0.45211923122406006,0.6865198612213135
0,109,0.9136053323745728,0.4502406716346741,0.6819230318069458
0,110,0.9451515078544617,0.4522166848182678,0.6986840963363647
0,111,0.9322284460067749,0.4464237689971924,0.6893261075019836
0,112,0.9123676419258118,0.4485135078430176,0.6804405450820923
0,113,0.9169569611549377,0.44706857204437256,0.6820127964019775
0,114,0.9442504048347473,0.4459010064601898,0.6950756907463074
0,115,0.9389216899871826,0.4434863030910492,0.6912040114402771
0,116,0.9204649329185486,0.4484390318393707,0.6844519972801208
0,117,0.9547993540763855,0.4455680251121521,0.7001836895942688
0,118,0.9529222249984741,0.44049271941185,0.6967074871063232
0,119,0.9112798571586609,0.4414385259151459,0.6763591766357422
0,120,0.9216411709785461,0.4373704195022583,0.6795058250427246
0,121,0.9373440742492676,0.43368443846702576,0.6855142712593079
0,122,0.9356961846351624,0.4330216646194458,0.6843589544296265
0,123,0.9280800819396973,0.43072187900543213,0.6794009804725647
0,124,0.9236245155334473,0.4296762943267822,0.6766504049301147
0,125,0.9276206493377686,0.42950960993766785,0.6785651445388794
0,126,0.9221023321151733,0.42679643630981445,0.6744493842124939
0,127,0.9122400283813477,0.42839252948760986,0.6703162789344788
0,128,0.9217751622200012,0.42538851499557495,0.6735818386077881
0,129,0.9401357173919678,0.42499443888664246,0.6825650930404663
0,130,0.9505385756492615,0.42665329575538635,0.6885959506034851
0,131,0.9263603091239929,0.42438003420829773,0.6753701567649841
0,132,0.8816946148872375,0.42301663756370544,0.6523556113243103
0,133,0.9429388642311096,0.42258572578430176,0.6827622652053833
0,134,0.8918664455413818,0.4221693277359009,0.6570178866386414
0,135,0.9107310175895691,0.41977784037590027,0.6652544140815735
0,136,0.9258071780204773,0.4217289090156555,0.6737680435180664
0,137,0.9216507077217102,0.420764684677124,0.6712076663970947
0,138,0.920518159866333,0.41882485151290894,0.6696715354919434
0,139,0.9326171875,0.4192796051502228,0.6759483814239502
0,140,0.9097155332565308,0.41880282759666443,0.6642591953277588
1,0,0.9237196445465088,0.41819459199905396,0.670957088470459
1,1,0.9383947849273682,0.41760146617889404,0.6779981255531311
1,2,0.9207792282104492,0.4154544174671173,0.6681168079376221
1,3,0.9130253195762634,0.41551437973976135,0.6642698645591736
1,4,0.908204197883606,0.4138738811016083,0.6610390543937683
1,5,0.884478747844696,0.4130610227584839,0.6487698554992676
1,6,0.8975874781608582,0.4122295677661896,0.6549085378646851
1,7,0.9176710844039917,0.4107697904109955,0.6642204523086548
1,8,0.915910005569458,0.4095524549484253,0.6627312302589417
1,9,0.9293964505195618,0.40810108184814453,0.6687487363815308
1,10,0.8772373795509338,0.41117700934410095,0.6442071795463562
1,11,0.9057614803314209,0.40765056014060974,0.6567060351371765
1,12,0.9001747369766235,0.40785473585128784,0.6540147066116333
1,13,0.8821893334388733,0.407384991645813,0.6447871923446655
1,14,0.9160786271095276,0.4049178659915924,0.6604982614517212
1,15,0.8922131657600403,0.40510332584381104,0.648658275604248
1,16,0.9169496297836304,0.40513861179351807,0.6610441207885742
1,17,0.9070981740951538,0.4039129614830017,0.6555055379867554
1,18,0.945560872554779,0.39963391423225403,0.6725974082946777
1,19,0.917742133140564,0.39920786023139954,0.6584749817848206
1,20,0.9129447937011719,0.3973372280597687,0.6551409959793091
1,21,0.9263526201248169,0.3975197374820709,0.6619361639022827
1,22,0.9282580018043518,0.39612555503845215,0.6621917486190796
1,23,0.912795901298523,0.3921884298324585,0.6524921655654907
1,24,0.8913530707359314,0.3944132328033447,0.6428831815719604
1,25,0.9093708992004395,0.39317968487739563,0.6512752771377563
1,26,0.9046557545661926,0.3900889754295349,0.6473723649978638
1,27,0.8918729424476624,0.3901752233505249,0.641024112701416
1,28,0.9280521869659424,0.38572630286216736,0.6568892598152161
1,29,0.9206743836402893,0.3860209584236145,0.6533476710319519
1,30,0.8849635720252991,0.386290967464447,0.635627269744873
1,31,0.9034372568130493,0.38667556643486023,0.645056426525116
1,32,0.8784505724906921,0.3854658603668213,0.6319582462310791
1,33,0.9183450937271118,0.38398778438568115,0.6511664390563965
1,34,0.8946886658668518,0.3839608132839203,0.6393247246742249
1,35,0.8754480481147766,0.38191503286361694,0.6286815404891968
1,36,0.8773773312568665,0.38134196400642395,0.6293596625328064
1,37,0.8893705010414124,0.3788866400718689,0.6341285705566406
1,38,0.9078912138938904,0.3800886869430542,0.6439899206161499
1,39,0.8863532543182373,0.3761124312877655,0.6312328577041626
1,40,0.904529333114624,0.3736928403377533,0.6391111016273499
1,41,0.8783499598503113,0.37305694818496704,0.6257034540176392
1,42,0.9209732413291931,0.37427231669425964,0.6476227641105652
1,43,0.876335620880127,0.37205395102500916,0.6241948008537292
1,44,0.87697434425354,0.3717195391654968,0.6243469715118408
1,45,0.9069027304649353,0.3705243766307831,0.638713538646698
1,46,0.8681729435920715,0.3711793124675751,0.6196761131286621
1,47,0.8893728852272034,0.3697855472564697,0.6295791864395142
1,48,0.8604896068572998,0.3700815439224243,0.6152855753898621
1,49,0.9136058688163757,0.3680194318294525,0.6408126354217529
1,50,0.9160765409469604,0.3701888620853424,0.6431326866149902
1,51,0.8878756165504456,0.3656512498855591,0.6267634630203247
1,52,0.9064621925354004,0.3636557459831238,0.6350589990615845
1,53,0.9174181222915649,0.3623911142349243,0.6399046182632446
1,54,0.9296332001686096,0.3602229058742523,0.6449280381202698
1,55,0.871880292892456,0.36188411712646484,0.6168822050094604
1,56,0.8440815806388855,0.36144566535949707,0.6027636528015137
1,57,0.8848997354507446,0.3617948889732361,0.623347282409668
1,58,0.8472775816917419,0.3583718538284302,0.6028246879577637
1,59,0.9215603470802307,0.36002981662750244,0.640795111656189
1,60,0.8803885579109192,0.36085960268974304,0.6206240653991699
1,61,0.9067388772964478,0.3555176258087158,0.6311282515525818
1,62,0.891768217086792,0.3541395962238312,0.6229538917541504
1,63,0.8944458961486816,0.3527827858924866,0.6236143112182617
1,64,0.8281378149986267,0.35680443048477173,0.5924711227416992
1,65,0.8806120753288269,0.35217639803886414,0.6163942217826843
1,66,0.8422871232032776,0.34860876202583313,0.5954479575157166
1,67,0.9162476062774658,0.34976014494895935,0.6330038905143738
1,68,0.8851682543754578,0.34867674112319946,0.6169224977493286
1,69,0.8592802882194519,0.34666192531585693,0.602971076965332
1,70,0.8949872851371765,0.3451407253742218,0.6200640201568604
1,71,0.8510559797286987,0.3455410301685333,0.5982984900474548
1,72,0.8407700657844543,0.3454989492893219,0.5931345224380493
1,73,0.8218783140182495,0.3465997576713562,0.5842390060424805
1,74,0.8902972340583801,0.344249427318573,0.6172733306884766
1,75,0.8282470703125,0.34292683005332947,0.5855869650840759
1,76,0.886082649230957,0.3414479196071625,0.613765299320221
1,77,0.8524454236030579,0.3391246199607849,0.5957850217819214
1,78,0.8422602415084839,0.339095801115036,0.5906780362129211
1,79,0.848954975605011,0.3392050564289093,0.5940800309181213
1,80,0.8200121521949768,0.33978593349456787,0.5798990726470947
1,81,0.8321266174316406,0.33758991956710815,0.5848582983016968
1,82,0.8191447854042053,0.33908379077911377,0.5791143178939819
1,83,0.9064610004425049,0.33801257610321045,0.6222367882728577
1,84,0.853052020072937,0.33488115668296814,0.5939666032791138
1,85,0.8856669664382935,0.3387603461742401,0.612213671207428
1,86,0.8690685629844666,0.3362395167350769,0.6026540398597717
1,87,0.8977568745613098,0.3381398618221283,0.6179483532905579
1,88,0.8722767233848572,0.33157914876937866,0.6019279360771179
1,89,0.8479107022285461,0.3333151042461395,0.5906128883361816
1,90,0.863955557346344,0.32799723744392395,0.5959764122962952
1,91,0.8755324482917786,0.33032554388046265,0.6029289960861206
1,92,0.8070726990699768,0.32881414890289307,0.5679434537887573
1,93,0.7771352529525757,0.32758593559265137,0.5523605942726135
1,94,0.8734120726585388,0.32425811886787415,0.5988351106643677
1,95,0.8598714470863342,0.3232998251914978,0.591585636138916
1,96,0.8577234745025635,0.32542064785957336,0.5915720462799072
1,97,0.8862440586090088,0.3223106265068054,0.6042773723602295
1,98,0.7544219493865967,0.32390090823173523,0.5391614437103271
1,99,0.8106333613395691,0.32002681493759155,0.5653300881385803
1,100,0.8054087162017822,0.3178168833255768,0.5616127848625183
1,101,0.8411150574684143,0.3170199990272522,0.5790675282478333
1,102,0.7982692122459412,0.3191896677017212,0.5587294101715088
1,103,0.8578025698661804,0.3168247938156128,0.5873136520385742
1,104,0.8236570358276367,0.31660228967666626,0.5701296329498291
1,105,0.8449849486351013,0.3156585395336151,0.580321729183197
1,106,0.7641569375991821,0.31537917256355286,0.5397680401802063
1,107,0.8302953243255615,0.31284332275390625,0.5715693235397339
1,108,0.8007849454879761,0.31189092993736267,0.5563379526138306
1,109,0.8428752422332764,0.31006476283073425,0.5764700174331665
1,110,0.8448250889778137,0.31159186363220215,0.5782084465026855
1,111,0.8547245860099792,0.30819955468177795,0.5814620852470398
1,112,0.7814705967903137,0.31040436029434204,0.5459374785423279
1,113,0.7755066752433777,0.3096191883087158,0.5425629615783691
1,114,0.7487698197364807,0.3097761869430542,0.5292730331420898
1,115,0.7747159004211426,0.30680137872695923,0.5407586097717285
1,116,0.7792003154754639,0.30921146273612976,0.544205904006958
1,117,0.7596636414527893,0.3069036900997162,0.5332836508750916
1,118,0.7699727416038513,0.30481863021850586,0.537395715713501
1,119,0.8308730125427246,0.30394160747528076,0.5674073100090027
1,120,0.8242373466491699,0.30005931854248047,0.5621483325958252
1,121,0.8553697466850281,0.300292044878006,0.5778309106826782
1,122,0.8044191002845764,0.2974526584148407,0.5509358644485474
1,123,0.8316146731376648,0.30112162232398987,0.5663681626319885
1,124,0.8028923869132996,0.29770711064338684,0.5502997636795044
1,125,0.8142939209938049,0.2984277307987213,0.5563608407974243
1,126,0.7622849941253662,0.30178627371788025,0.5320356488227844
1,127,0.7686306834220886,0.2971477508544922,0.5328892469406128
1,128,0.7941415309906006,0.2980332672595978,0.546087384223938
1,129,0.7670413851737976,0.29566118121147156,0.5313512682914734
1,130,0.775138258934021,0.2949275076389313,0.5350328683853149
1,131,0.7990608811378479,0.29446208477020264,0.5467615127563477
1,132,0.8362621068954468,0.2957894802093506,0.5660257935523987
1,133,0.7748258709907532,0.29290878772735596,0.533867359161377
1,134,0.7369592189788818,0.29419568181037903,0.5155774354934692
1,135,0.739068865776062,0.2913600206375122,0.5152144432067871
1,136,0.7705855965614319,0.28975698351860046,0.530171275138855
1,137,0.7299403548240662,0.28947126865386963,0.5097057819366455
1,138,0.7288823127746582,0.2913157343864441,0.5100990533828735
1,139,0.7741289734840393,0.2887393832206726,0.531434178352356
1,140,0.7380738258361816,0.287140429019928,0.5126070976257324
2,0,0.7383384108543396,0.2866226136684418,0.5124804973602295
2,1,0.8894987106323242,0.28473755717277527,0.5871181488037109
2,2,0.7594496011734009,0.28473690152168274,0.5220932364463806
2,3,0.8117140531539917,0.2823040783405304,0.5470090508460999
2,4,0.7803683280944824,0.28344330191612244,0.5319058299064636
2,5,0.7960323095321655,0.2824863791465759,0.5392593145370483
2,6,0.690904974937439,0.28653526306152344,0.4887201189994812
2,7,0.6891471147537231,0.2829609811306,0.48605406284332275
2,8,0.8437853455543518,0.28340187668800354,0.5635936260223389
2,9,0.6831071972846985,0.2837674617767334,0.48343732953071594
2,10,0.654975950717926,0.28175443410873413,0.4683651924133301
2,11,0.6856617331504822,0.2800509035587311,0.4828563332557678
2,12,0.7659041881561279,0.2806357145309448,0.5232699513435364
2,13,0.7184028029441833,0.2798931896686554,0.49914801120758057
2,14,0.6627843976020813,0.2794821560382843,0.471133291721344
2,15,0.714372992515564,0.2777184545993805,0.49604570865631104
2,16,0.7555404305458069,0.2747398018836975,0.5151401162147522
2,17,0.7117579579353333,0.273366242647171,0.49256211519241333
2,18,0.7416937351226807,0.27144259214401245,0.506568193435669
2,19,0.6477663516998291,0.2731073498725891,0.4604368507862091
2,20,0.6637323498725891,0.27355635166168213,0.4686443507671356
2,21,0.7232672572135925,0.27113887667655945,0.4972030520439148
2,22,0.6454395651817322,0.269471138715744,0.4574553370475769
2,23,0.6760926246643066,0.2695389986038208,0.4728158116340637
2,24,0.6404546499252319,0.2676026225090027,0.4540286362171173
2,25,0.7191107869148254,0.2685963213443756,0.4938535690307617
2,26,0.7109928131103516,0.26632818579673767,0.4886605143547058
2,27,0.6715535521507263,0.2656203806400299,0.4685869812965393
2,28,0.7057170271873474,0.26403844356536865,0.48487773537635803
2,29,0.6410523056983948,0.26629960536956787,0.4536759555339813
2,30,0.6323772072792053,0.26549214124679565,0.4489346742630005
2,31,0.642491340637207,0.26305004954338074,0.4527707099914551
2,32,0.6894833445549011,0.2627512514591217,0.4761173129081726
2,33,0.6833220720291138,0.26152077317237854,0.47242140769958496
2,34,0.6492806077003479,0.2614583671092987,0.4553694725036621
2,35,0.7132335901260376,0.25986453890800476,0.4865490794181824
2,36,0.6769108176231384,0.26117703318595886,0.46904391050338745
2,37,0.6882800459861755,0.25947368144989014,0.47387686371803284
2,38,0.6450769901275635,0.2566988170146942,0.45088791847229004
2,39,0.6122864484786987,0.2566373646259308,0.43446189165115356
2,40,0.6516320705413818,0.25813376903533936,0.4548829197883606
2,41,0.6228082776069641,0.25645965337753296,0.43963396549224854
2,42,0.5881765484809875,0.2559300661087036,0.4220533072948456
2,43,0.5501530170440674,0.2542594373226166,0.4022062420845032
2,44,0.5852557420730591,0.25444495677948,0.41985034942626953
2,45,0.6399570107460022,0.2544911503791809,0.44722408056259155
2,46,0.5561782121658325,0.25261804461479187,0.4043981432914734
2,47,0.6245435476303101,0.25217536091804504,0.43835943937301636
2,48,0.5806146860122681,0.25401121377944946,0.41731294989585876
2,49,0.5929218530654907,0.250822514295578,0.42187219858169556
2,50,0.5414706468582153,0.25024664402008057,0.39585864543914795
2,51,0.6436728835105896,0.24790622293949127,0.44578954577445984
2,52,0.7169357538223267,0.2495235651731491,0.4832296669483185
2,53,0.48834264278411865,0.2485014796257019,0.3684220612049103
2,54,0.5560397505760193,0.248208686709404,0.40212422609329224
2,55,0.658994197845459,0.24742376804351807,0.4532089829444885
2,56,0.5142486095428467,0.2474670708179474,0.38085782527923584
2,57,0.4742543399333954,0.24802306294441223,0.3611387014389038
2,58,0.5787177681922913,0.24661123752593994,0.4126645028591156
2,59,0.5179176330566406,0.2450394630432129,0.38147854804992676
2,60,0.5160259008407593,0.24412700533866882,0.38007646799087524
2,61,0.5129704475402832,0.24355046451091766,0.37826046347618103
2,62,0.6319573521614075,0.24279899895191193,0.4373781681060791
2,63,0.4906974732875824,0.24525335431098938,0.3679754137992859
2,64,0.6609541177749634,0.24072054028511047,0.45083731412887573
2,65,0.5300281047821045,0.2428208887577057,0.3864244818687439
2,66,0.6037710905075073,0.24209807813167572,0.4229345917701721
2,67,0.47676828503608704,0.24115478992462158,0.3589615225791931
2,68,0.4144013822078705,0.24122238159179688,0.3278118968009949
2,69,0.5057933926582336,0.2389630824327469,0.37237823009490967
2,70,0.5517216920852661,0.23759466409683228,0.3946581780910492
2,71,0.524291455745697,0.23826006054878235,0.3812757730484009
2,72,0.6232941746711731,0.23671682178974152,0.4300054907798767
2,73,0.4828402101993561,0.23767821490764618,0.36025920510292053
2,74,0.5972015261650085,0.23519517481327057,0.41619834303855896
2,75,0.4262528121471405,0.23625434935092926,0.3312535881996155
2,76,0.4785010516643524,0.23333275318145752,0.35591691732406616
2,77,0.5129985809326172,0.2360905259847641,0.37454456090927124
2,78,0.4500187039375305,0.23308473825454712,0.3415517210960388
2,79,0.48417043685913086,0.23286591470241547,0.35851818323135376
2,80,0.42665472626686096,0.23251765966415405,0.3295862078666687
2,81,0.5091579556465149,0.23393012583255768,0.3715440332889557
2,82,0.5902506709098816,0.23249593377113342,0.4113733172416687
2,83,0.5988578200340271,0.23156850039958954,0.4152131676673889
2,84,0.44126203656196594,0.23138786852359772,0.3363249599933624
2,85,0.48785361647605896,0.23012268543243408,0.3589881658554077
2,86,0.40975967049598694,0.22912278771400452,0.3194412291049957
2,87,0.5054404139518738,0.22789277136325836,0.3666665852069855
2,88,0.49345913529396057,0.22891707718372345,0.3611881136894226
2,89,0.45371213555336,0.22755980491638184,0.3406359553337097
2,90,0.3741960823535919,0.2304779291152954,0.30233699083328247
2,91,0.3943365216255188,0.22822129726409912,0.31127890944480896
2,92,0.4130079746246338,0.2269614040851593,0.31998467445373535
2,93,0.34683337807655334,0.22693946957588196,0.28688642382621765
2,94,0.5547902584075928,0.22817736864089966,0.3914838135242462
2,95,0.4443438649177551,0.2276853322982788,0.33601459860801697
2,96,0.34929054975509644,0.22969679534435272,0.2894936800003052
2,97,0.4148910343647003,0.2255101203918457,0.3202005624771118
2,98,0.33779603242874146,0.22444447875022888,0.281120240688324
2,99,0.3255946636199951,0.22343678772449493,0.27451571822166443
2,100,0.35440149903297424,0.22404025495052338,0.2892208695411682
2,101,0.4138388931751251,0.2227173149585724,0.31827810406684875
2,102,0.2559264600276947,0.2225576788187027,0.2392420768737793
2,103,0.323256254196167,0.22320464253425598,0.2732304334640503
2,104,0.3970157206058502,0.2216186374425888,0.3093171715736389
2,105,0.4376388490200043,0.22003605961799622,0.32883745431900024
2,106,0.40639379620552063,0.2209063321352005,0.31365007162094116
2,107,0.34657368063926697,0.22039267420768738,0.2834831774234772
2,108,0.42440488934516907,0.21789392828941345,0.32114940881729126
2,109,0.428476482629776,0.2170439064502716,0.3227601945400238
2,110,0.43632930517196655,0.21990232169628143,0.3281158208847046
2,111,0.43293482065200806,0.21631065011024475,0.3246227502822876
2,112,0.38877740502357483,0.22210893034934998,0.3054431676864624
2,113,0.3232634365558624,0.21652691066265106,0.26989516615867615
2,114,0.3249506652355194,0.2147517055273056,0.2698511779308319
2,115,0.26410743594169617,0.21568813920021057,0.23989778757095337
2,116,0.3376598358154297,0.21658284962177277,0.27712133526802063
2,117,0.2807256281375885,0.21604342758655548,0.2483845353126526
2,118,0.36198705434799194,0.21438372135162354,0.28818538784980774
2,119,0.2789955139160156,0.21416392922401428,0.24657972157001495
2,120,0.30650338530540466,0.21316702663898468,0.25983521342277527
2,121,0.30603909492492676,0.21447503566741943,0.2602570652961731
2,122,0.2921910285949707,0.2146400511264801,0.2534155249595642
2,123,0.30066362023353577,0.2135154753923416,0.2570895552635193
2,124,0.29394733905792236,0.21250484883785248,0.253226101398468
2,125,0.5631304383277893,0.21522489190101624,0.38917768001556396
2,126,0.23013798892498016,0.21117421984672546,0.22065609693527222
2,127,0.25156140327453613,0.2114090621471405,0.23148523271083832
2,128,0.27301695942878723,0.2127438634634018,0.24288040399551392
2,129,0.2839381694793701,0.21142065525054932,0.24767941236495972
2,130,0.3265060782432556,0.20848707854747772,0.26749658584594727
2,131,0.3109579086303711,0.2085220217704773,0.2597399652004242
2,132,0.5468377470970154,0.2134871482849121,0.38016244769096375
2,133,0.3224341571331024,0.20783168077468872,0.2651329040527344
2,134,0.2836068570613861,0.20968589186668396,0.24664637446403503
2,135,0.31329116225242615,0.20831985771656036,0.26080551743507385
2,136,0.3294779360294342,0.20707906782627106,0.2682785093784332
2,137,0.2785896062850952,0.20661164820194244,0.24260061979293823
2,138,0.31667235493659973,0.20548015832901,0.26107627153396606
2,139,0.28422027826309204,0.20437021553516388,0.24429523944854736
2,140,0.26781338453292847,0.2050701379776001,0.23644176125526428
3,0,0.3029455840587616,0.2037648856639862,0.2533552348613739
3,1,0.2834428548812866,0.20357878506183624,0.24351081252098083
3,2,0.3628602623939514,0.21144531667232513,0.28715279698371887
3,3,0.2660137414932251,0.20339608192443848,0.2347049117088318
3,4,0.2737615406513214,0.20429080724716187,0.23902617394924164
3,5,0.2424190789461136,0.20459027588367462,0.2235046774148941
3,6,0.2447005808353424,0.20344603061676025,0.22407330572605133
3,7,0.2768556475639343,0.20231837034225464,0.23958700895309448
3,8,0.3756437599658966,0.20142798125743866,0.28853586316108704
3,9,0.25785285234451294,0.20225661993026733,0.23005473613739014
3,10,0.20036062598228455,0.20363585650920868,0.20199823379516602
3,11,0.20792488753795624,0.20205457508563995,0.2049897313117981
3,12,0.2771635949611664,0.20039263367652893,0.23877811431884766
3,13,0.24333830177783966,0.20073634386062622,0.22203731536865234
3,14,0.19083285331726074,0.20023320615291595,0.19553303718566895
3,15,0.22084194421768188,0.19866710901260376,0.20975452661514282
3,16,0.24229936301708221,0.1995946764945984,0.2209470272064209
3,17,0.2398432195186615,0.2004327028989792,0.22013795375823975
3,18,0.1922556608915329,0.19973638653755188,0.1959960162639618
3,19,0.19377796351909637,0.19840461015701294,0.19609129428863525
3,20,0.28287187218666077,0.1972476840019226,0.2400597780942917
3,21,0.2647665739059448,0.19879277050495148,0.23177966475486755
3,22,0.21754184365272522,0.1983453929424286,0.2079436182975769
3,23,0.25367823243141174,0.1960270255804062,0.22485262155532837
3,24,0.18721304833889008,0.19635911285877228,0.19178608059883118
3,25,0.1722242385149002,0.19734741747379303,0.18478582799434662
3,26,0.24596895277500153,0.19427382946014404,0.2201213836669922
3,27,0.1923276036977768,0.19473052024841309,0.19352906942367554
3,28,0.19337306916713715,0.19515885412693024,0.1942659616470337
3,29,0.16132286190986633,0.19581687450408936,0.17856986820697784
3,30,0.17687635123729706,0.19597043097019196,0.1864233911037445
3,31,0.15619243681430817,0.1969383805990219,0.17656540870666504
3,32,0.1712500900030136,0.19500315189361572,0.18312662839889526
3,33,0.20185670256614685,0.1936676800251007,0.19776219129562378
3,34,0.32303425669670105,0.19483472406864166,0.25893449783325195
3,35,0.18646791577339172,0.19386406242847443,0.19016599655151367
3,36,0.1730433702468872,0.1930350959300995,0.18303923308849335
3,37,0.2326277643442154,0.19334514439105988,0.21298645436763763
3,38,0.2193741500377655,0.1927913874387741,0.2060827612876892
3,39,0.1807432472705841,0.19098588824272156,0.18586456775665283
3,40,0.3115069270133972,0.1938924789428711,0.25269970297813416
3,41,0.21904265880584717,0.19257508218288422,0.2058088779449463
3,42,0.17600418627262115,0.19243870675563812,0.18422144651412964
3,43,0.2073068916797638,0.18909434974193573,0.19820061326026917
3,44,0.1686534881591797,0.190571129322052,0.17961230874061584
3,45,0.18123920261859894,0.19024847447872162,0.18574383854866028
3,46,0.19969509541988373,0.18896859884262085,0.19433185458183289
3,47,0.2488182932138443,0.1887093484401703,0.2187638282775879
3,48,0.1629495769739151,0.1886805146932602,0.17581504583358765
3,49,0.19670529663562775,0.18900969624519348,0.1928575038909912
3,50,0.2788241505622864,0.19567330181598663,0.2372487187385559
3,51,0.19241423904895782,0.1888851821422577,0.19064971804618835
3,52,0.1495034545660019,0.18962907791137695,0.16956627368927002
3,53,0.2397768795490265,0.1880200356245041,0.2138984501361847
3,54,0.14995500445365906,0.18773451447486877,0.16884475946426392
3,55,0.1668815016746521,0.18692457675933838,0.17690303921699524
3,56,0.18855617940425873,0.18708966672420502,0.18782292306423187
3,57,0.18157362937927246,0.18658067286014557,0.18407714366912842
3,58,0.23405012488365173,0.18840277194976807,0.2112264484167099
3,59,0.22213499248027802,0.18764223158359528,0.20488861203193665
3,60,0.1727169305086136,0.185286283493042,0.1790015995502472
3,61,0.1935482621192932,0.18640495836734772,0.18997660279273987
3,62,0.18480169773101807,0.18992626667022705,0.18736398220062256
3,63,0.222873717546463,0.18470582365989685,0.20378977060317993
3,64,0.133661150932312,0.18458682298660278,0.1591239869594574
3,65,0.23657110333442688,0.18709559738636017,0.21183335781097412
3,66,0.1498396396636963,0.18413199484348297,0.16698580980300903
3,67,0.1405291110277176,0.18688564002513885,0.16370737552642822
3,68,0.1957980841398239,0.1847633421421051,0.1902807056903839
3,69,0.24342845380306244,0.18402010202407837,0.213724285364151
3,70,0.13798999786376953,0.18498028814792633,0.16148513555526733
3,71,0.17150847613811493,0.18395540118217468,0.1777319312095642
3,72,0.14370593428611755,0.18303431570529938,0.16337013244628906
3,73,0.15711940824985504,0.1815839558839798,0.16935168206691742
3,74,0.1782202273607254,0.18130621314048767,0.17976322770118713
3,75,0.174787700176239,0.18303422629833221,0.1789109706878662
3,76,0.18395887315273285,0.1836034208536148,0.18378114700317383
3,77,0.19038026034832,0.18279530107975006,0.18658778071403503
3,78,0.17389507591724396,0.18118499219417572,0.17754003405570984
3,79,0.1717524230480194,0.1818089634180069,0.17678070068359375
3,80,0.19288277626037598,0.17908871173858643,0.1859857439994812
3,81,0.17383477091789246,0.17964105308055878,0.17673790454864502
3,82,0.1640644520521164,0.18105635046958923,0.17256039381027222
3,83,0.14271607995033264,0.18085801601409912,0.16178704798221588
3,84,0.1564960777759552,0.18021683394908905,0.16835644841194153
3,85,0.10682438313961029,0.1820017695426941,0.1444130837917328
3,86,0.17911182343959808,0.18189558386802673,0.1805036962032318
3,87,0.13759909570217133,0.17900899052619934,0.15830403566360474
3,88,0.1947897970676422,0.17936699092388153,0.18707838654518127
3,89,0.243136927485466,0.17889660596847534,0.21101677417755127
3,90,0.17303501069545746,0.1776585578918457,0.17534679174423218
3,91,0.12753771245479584,0.17957767844200134,0.153557687997818
3,92,0.16160744428634644,0.17844074964523315,0.1700240969657898
3,93,0.12946680188179016,0.17978067696094513,0.15462374687194824
3,94,0.15267685055732727,0.17866836488246918,0.16567260026931763
3,95,0.15417292714118958,0.17741785943508148,0.16579538583755493
3,96,0.19649802148342133,0.17990688979625702,0.18820245563983917
3,97,0.1032349020242691,0.1754426807165146,0.13933879137039185
3,98,0.2872764766216278,0.17699986696243286,0.23213817179203033
3,99,0.1284099966287613,0.17498497664928436,0.15169748663902283
3,100,0.12723176181316376,0.1754135936498642,0.15132267773151398
3,101,0.15258485078811646,0.17632921040058136,0.1644570231437683
3,102,0.18138337135314941,0.17709584534168243,0.17923960089683533
3,103,0.13527117669582367,0.17679591476917267,0.15603354573249817
3,104,0.12795335054397583,0.17493382096290588,0.15144358575344086
3,105,0.21067963540554047,0.18164847791194916,0.1961640566587448
3,106,0.1448957473039627,0.17413531243801117,0.15951552987098694
3,107,0.16955891251564026,0.17433388531208038,0.17194640636444092
3,108,0.18258444964885712,0.17365309596061707,0.1781187653541565
3,109,0.22578255832195282,0.17435765266418457,0.2000701129436493
3,110,0.14650249481201172,0.17628389596939087,0.1613931953907013
3,111,0.1331653743982315,0.17609849572181702,0.15463194251060486
3,112,0.17186687886714935,0.17730648815631866,0.174586683511734
3,113,0.14194150269031525,0.17641130089759827,0.15917640924453735
3,114,0.18805454671382904,0.17344196140766144,0.18074825406074524
3,115,0.10908381640911102,0.17316284775733948,0.14112332463264465
3,116,0.13659289479255676,0.17316217720508575,0.15487754344940186
3,117,0.12073947489261627,0.17282919585704803,0.14678433537483215
3,118,0.1485496163368225,0.17245076596736908,0.1605001986026764
3,119,0.10306937992572784,0.1723731905221939,0.13772128522396088
3,120,0.12953554093837738,0.17131252586841583,0.1504240334033966
3,121,0.15051718056201935,0.17114093899726868,0.1608290672302246
3,122,0.10865059494972229,0.1725802719593048,0.14061543345451355
3,123,0.16737769544124603,0.17365270853042603,0.17051520943641663
3,124,0.16051995754241943,0.17533013224601746,0.16792504489421844
3,125,0.09385079145431519,0.1701701581478119,0.13201047480106354
3,126,0.15980985760688782,0.16970068216323853,0.16475526988506317
3,127,0.15673375129699707,0.1733289361000061,0.1650313436985016
3,128,0.12682293355464935,0.17047889530658722,0.1486509144306183
3,129,0.11536910384893417,0.17007391154766083,0.1427215039730072
3,130,0.15013380348682404,0.17015458643436432,0.16014419496059418
3,131,0.10844003409147263,0.16802053153514862,0.13823027908802032
3,132,0.2650067210197449,0.16861392557621002,0.21681031584739685
3,133,0.24664728343486786,0.17006538808345795,0.2083563357591629
3,134,0.13071250915527344,0.16919659078121185,0.14995455741882324
3,135,0.1548759937286377,0.16985364258289337,0.16236481070518494
3,136,0.11277128756046295,0.16987648606300354,0.14132389426231384
3,137,0.14564333856105804,0.16896577179431915,0.1573045551776886
3,138,0.11272532492876053,0.1683630347251892,0.14054417610168457
3,139,0.1386294960975647,0.16885285079479218,0.15374118089675903
3,140,0.10492388904094696,0.1676037758588791,0.13626383244991302
4,0,0.1772552728652954,0.16775789856910706,0.17250658571720123
4,1,0.23323474824428558,0.1713002771139145,0.20226751267910004
4,2,0.12952357530593872,0.16870687901973724,0.14911523461341858
4,3,0.11134684085845947,0.1688918024301529,0.14011931419372559
4,4,0.15616929531097412,0.16751857101917267,0.1618439257144928
4,5,0.12111420184373856,0.1660485714673996,0.14358139038085938
4,6,0.1869152933359146,0.16988924145698547,0.17840227484703064
4,7,0.12441384792327881,0.16616784036159515,0.14529085159301758
4,8,0.09964241087436676,0.16746823489665985,0.1335553228855133
4,9,0.14083550870418549,0.168910413980484,0.15487295389175415
4,10,0.11845974624156952,0.1646507978439331,0.1415552794933319
4,11,0.1021130234003067,0.16482581198215485,0.13346941769123077
4,12,0.13895265758037567,0.16378362476825714,0.1513681411743164
4,13,0.09559588134288788,0.16567382216453552,0.1306348443031311
4,14,0.1455988585948944,0.16770398616790771,0.15665142238140106
4,15,0.10387268662452698,0.16436125338077545,0.1341169774532318
4,16,0.1003364846110344,0.16593226790428162,0.1331343799829483
4,17,0.12795767188072205,0.16338685154914856,0.1456722617149353
4,18,0.11994321644306183,0.1625266671180725,0.14123493432998657
4,19,0.09841378033161163,0.16400039196014404,0.13120707869529724
4,20,0.09874420613050461,0.16519390046596527,0.13196904957294464
4,21,0.10389948636293411,0.16484147310256958,0.13437047600746155
4,22,0.10859593749046326,0.16330011188983917,0.1359480321407318
4,23,0.21431618928909302,0.1678009182214737,0.19105854630470276
4,24,0.1482696384191513,0.16200944781303406,0.15513953566551208
4,25,0.11631684005260468,0.16424036026000977,0.14027860760688782
4,26,0.15060891211032867,0.16174110770225525,0.15617501735687256
4,27,0.10971780866384506,0.16409312188625336,0.1369054615497589
4,28,0.1608060598373413,0.16325198113918304,0.16202902793884277
4,29,0.10581393539905548,0.16131877899169922,0.13356634974479675
4,30,0.1692419797182083,0.16479963064193726,0.1670207977294922
4,31,0.08593036234378815,0.1623535007238388,0.12414193153381348
4,32,0.1195792555809021,0.16342326998710632,0.1415012627840042
4,33,0.11684493720531464,0.161277636885643,0.13906128704547882
4,34,0.11225039511919022,0.16096873581409454,0.13660956919193268
4,35,0.10825017094612122,0.16172339022159576,0.1349867880344391
4,36,0.08791738003492355,0.16178321838378906,0.1248503029346466
4,37,0.08985324949026108,0.16032499074935913,0.1250891238451004
4,38,0.08239582926034927,0.16037152707576752,0.1213836818933487
4,39,0.07335156947374344,0.15947137773036957,0.1164114773273468
4,40,0.065214604139328,0.16011221706867218,0.11266341060400009
4,41,0.09159977734088898,0.16188110411167145,0.1267404407262802
4,42,0.09751561284065247,0.16107967495918274,0.1292976438999176
4,43,0.17582543194293976,0.16284459829330444,0.1693350076675415
4,44,0.07331199198961258,0.15932732820510864,0.11631965637207031
4,45,0.18005231022834778,0.15961912274360657,0.16983571648597717
4,46,0.16619648039340973,0.1606041043996811,0.1634002923965454
4,47,0.10975106060504913,0.16050982475280762,0.13513043522834778
4,48,0.14983375370502472,0.16119232773780823,0.15551304817199707
4,49,0.14500947296619415,0.16247716546058655,0.15374332666397095
4,50,0.1015700176358223,0.1587083637714386,0.13013918697834015
4,51,0.11442899703979492,0.15805581212043762,0.13624240458011627
4,52,0.11196449398994446,0.15888506174087524,0.13542477786540985
4,53,0.14247487485408783,0.1605880856513977,0.15153148770332336
4,54,0.10171850025653839,0.1586053967475891,0.13016194105148315
4,55,0.10730466991662979,0.1590031236410141,0.13315390050411224
4,56,0.08069898933172226,0.15708288550376892,0.11889094114303589
4,57,0.09054809808731079,0.15744175016880035,0.12399492412805557
4,58,0.07076377421617508,0.15769898891448975,0.11423137784004211
4,59,0.08955322951078415,0.15720748901367188,0.12338036298751831
4,60,0.11105312407016754,0.15817107260227203,0.1346120983362198
4,61,0.14753174781799316,0.15613895654678345,0.1518353521823883
4,62,0.07737620174884796,0.15616203844547272,0.11676912009716034
4,63,0.10028111934661865,0.15690934658050537,0.128595232963562
4,64,0.12317193299531937,0.15613262355327606,0.139652281999588
4,65,0.12540555000305176,0.15691177546977997,0.14115867018699646
4,66,0.11407487839460373,0.15507075190544128,0.1345728188753128
4,67,0.1321297436952591,0.15592247247695923,0.14402610063552856
4,68,0.09794659167528152,0.15634407103061676,0.12714533507823944
4,69,0.07834877073764801,0.1559346616268158,0.1171417161822319
4,70,0.1320839375257492,0.15543043613433838,0.1437571942806244
4,71,0.10293170064687729,0.15464277565479279,0.12878723442554474
4,72,0.09128320217132568,0.15612345933914185,0.12370333075523376
4,73,0.14165371656417847,0.15656177699565887,0.14910775423049927
4,74,0.0898638665676117,0.15575508773326874,0.12280947715044022
4,75,0.07811108976602554,0.153013676404953,0.11556237936019897
4,76,0.13372083008289337,0.15312343835830688,0.14342212677001953
4,77,0.13960273563861847,0.1548570692539215,0.14722990989685059
4,78,0.11330112814903259,0.1531199812889099,0.13321055471897125
4,79,0.10975618660449982,0.15452571213245392,0.13214094936847687
4,80,0.07863376289606094,0.15405961871147156,0.11634668707847595
4,81,0.1300216019153595,0.15385432541370392,0.1419379711151123
4,82,0.07945817708969116,0.15285345911979675,0.11615581810474396
4,83,0.08679360151290894,0.15337547659873962,0.12008453905582428
4,84,0.0943218395113945,0.15374606847763062,0.12403395771980286
4,85,0.10004125535488129,0.15418510138988495,0.12711317837238312
4,86,0.0899919867515564,0.15223322808742523,0.12111260741949081
4,87,0.15335054695606232,0.15559670329093933,0.15447363257408142
4,88,0.10568971931934357,0.15240003168582916,0.12904487550258636
4,89,0.06975576281547546,0.15114080905914307,0.11044828593730927
4,90,0.09586461633443832,0.15410283207893372,0.12498372793197632
4,91,0.09318945556879044,0.15285934507846832,0.12302440404891968
4,92,0.1285659223794937,0.15249037742614746,0.14052814245224
4,93,0.12282836437225342,0.15284138917922974,0.13783487677574158
4,94,0.1717832237482071,0.15471471846103668,0.1632489711046219
4,95,0.09869720786809921,0.15352243185043335,0.12610982358455658
4,96,0.08258386701345444,0.15262073278427124,0.11760230362415314
4,97,0.07900744676589966,0.1523081362247467,0.11565779149532318
4,98,0.11244538426399231,0.15078772604465485,0.13161656260490417
4,99,0.18860965967178345,0.15155339241027832,0.17008152604103088
4,100,0.11922700703144073,0.150717094540596,0.13497205078601837
4,101,0.09899821877479553,0.1535160094499588,0.12625712156295776
4,102,0.09901248663663864,0.15236350893974304,0.12568800151348114
4,103,0.1539771556854248,0.15489783883094788,0.15443749725818634
4,104,0.10763201862573624,0.15206755697727203,0.12984979152679443
4,105,0.08323219418525696,0.15010957419872284,0.1166708841919899
4,106,0.11784787476062775,0.15044833719730377,0.13414810597896576
4,107,0.16582560539245605,0.1511070281267166,0.15846630930900574
4,108,0.11641835421323776,0.14889487624168396,0.13265661895275116
4,109,0.06176405027508736,0.150771364569664,0.10626770555973053
4,110,0.09254887700080872,0.1487431526184082,0.12064601480960846
4,111,0.11917377263307571,0.15531423687934875,0.13724400103092194
4,112,0.16154541075229645,0.15012983977794647,0.15583762526512146
4,113,0.10788823664188385,0.1515650898218155,0.12972666323184967
4,114,0.09838097542524338,0.1481071561574936,0.12324406206607819
4,115,0.09465323388576508,0.15097671747207642,0.12281497567892075
4,116,0.09407598525285721,0.14857341349124908,0.12132470309734344
4,117,0.15083283185958862,0.14964233338832855,0.15023759007453918
4,118,0.06860841810703278,0.14671047031879425,0.10765944421291351
4,119,0.08599577099084854,0.14725974202156067,0.1166277527809143
4,120,0.09972721338272095,0.1472645401954651,0.12349587678909302
4,121,0.07780370116233826,0.1482410728931427,0.11302238702774048
4,122,0.09428180754184723,0.1500173658132553,0.12214958667755127
4,123,0.10293075442314148,0.15155890583992004,0.12724483013153076
4,124,0.0712377205491066,0.1475014090538025,0.10936956107616425
4,125,0.11543288826942444,0.15292786061763763,0.13418036699295044
4,126,0.11575684696435928,0.14788556098937988,0.13182120025157928
4,127,0.09975343197584152,0.14855696260929108,0.124155193567276
4,128,0.07427851855754852,0.14824604988098145,0.11126228421926498
4,129,0.10927280783653259,0.14733539521694183,0.12830409407615662
4,130,0.13388513028621674,0.14641079306602478,0.14014795422554016
4,131,0.05698031932115555,0.14666077494621277,0.10182054340839386
4,132,0.07667212188243866,0.14511944353580475,0.1108957827091217
4,133,0.07142126560211182,0.14652271568775177,0.1089719906449318
4,134,0.09882542490959167,0.14548079669475555,0.12215311080217361
4,135,0.10021059960126877,0.1476491540670395,0.12392987310886383
4,136,0.08903473615646362,0.14511041343212128,0.11707257479429245
4,137,0.09209179878234863,0.147579163312912,0.11983548104763031
4,138,0.07746361196041107,0.14581088721752167,0.11163724958896637
4,139,0.06161770224571228,0.1444951742887497,0.10305643826723099
4,140,0.06053707376122475,0.14454104006290436,0.1025390550494194
5,0,0.08654703944921494,0.14434108138084412,0.11544406414031982
5,1,0.06717211753129959,0.14558620750904083,0.10637916624546051
5,2,0.059646397829055786,0.14494287967681885,0.10229463875293732
5,3,0.08419501036405563,0.14932115375995636,0.1167580783367157
5,4,0.04944118484854698,0.14408865571022034,0.09676492214202881
5,5,0.053740497678518295,0.14404736459255219,0.09889393299818039
5,6,0.07769756764173508,0.14428174495697021,0.11098966002464294
5,7,0.06109212338924408,0.14581060409545898,0.10345136374235153
5,8,0.08105329424142838,0.14354844391345978,0.11230087280273438
5,9,0.07731848955154419,0.14412350952625275,0.11072099953889847
5,10,0.07507088780403137,0.14260169863700867,0.10883629322052002
5,11,0.12332893162965775,0.14576296508312225,0.1345459520816803
5,12,0.10719670355319977,0.14209754765033722,0.1246471256017685
5,13,0.0790204182267189,0.14409121870994568,0.11155581474304199
5,14,0.05866878107190132,0.14313633739948273,0.10090255737304688
5,15,0.08150738477706909,0.1449388563632965,0.1132231205701828
5,16,0.17140308022499084,0.14419052004814148,0.15779680013656616
5,17,0.06116368621587753,0.14350242912769318,0.10233305394649506
5,18,0.061528947204351425,0.14174440503120422,0.10163667798042297
5,19,0.08902006596326828,0.1428976207971573,0.11595883965492249
5,20,0.0549934059381485,0.1437126100063324,0.09935300797224045
5,21,0.06727247685194016,0.14152483642101288,0.10439865291118622
5,22,0.08267837017774582,0.14310157299041748,0.11288997530937195
5,23,0.0932990238070488,0.14443399012088776,0.11886650323867798
5,24,0.0753873810172081,0.14201082289218903,0.10869909822940826
5,25,0.11600663512945175,0.14057065546512604,0.1282886415719986
5,26,0.0575917549431324,0.14061397314071655,0.09910286217927933
5,27,0.12256435304880142,0.14077048003673553,0.13166742026805878
5,28,0.14136511087417603,0.1463053971529007,0.14383524656295776
5,29,0.11096128821372986,0.14570817351341248,0.12833473086357117
5,30,0.10613960027694702,0.1414971947669983,0.12381839752197266
5,31,0.07015319913625717,0.14085599780082703,0.1055046021938324
5,32,0.10744570195674896,0.14575935900211334,0.12660253047943115
5,33,0.08188740164041519,0.14122363924980164,0.11155551671981812
5,34,0.11673552542924881,0.1419081836938858,0.1293218582868576
5,35,0.0792146846652031,0.14163422584533691,0.1104244589805603
5,36,0.09257856011390686,0.1408255249261856,0.11670204252004623
5,37,0.072965607047081,0.14021441340446472,0.10659001022577286
5,38,0.1148296371102333,0.14108650386333466,0.12795807421207428
5,39,0.12998448312282562,0.14173327386379242,0.13585887849330902
5,40,0.10595697164535522,0.1421176940202713,0.12403733283281326
5,41,0.07070282846689224,0.14175111055374146,0.10622696578502655
5,42,0.12254008650779724,0.1449000984430313,0.13372009992599487
5,43,0.08208493143320084,0.1412528157234192,0.11166886985301971
5,44,0.14259400963783264,0.1463240385055542,0.14445902407169342
5,45,0.08123903721570969,0.1422804892063141,0.11175976693630219
5,46,0.07433834671974182,0.1399349868297577,0.10713666677474976
5,47,0.08817054331302643,0.14068078994750977,0.1144256666302681
5,48,0.07837219536304474,0.14060373604297638,0.10948796570301056
5,49,0.08813239634037018,0.13962869346141815,0.11388054490089417
5,50,0.07097440958023071,0.13908272981643677,0.10502856969833374
5,51,0.13693638145923615,0.13931384682655334,0.13812512159347534
5,52,0.07770402729511261,0.13958775997161865,0.10864589363336563
5,53,0.15743905305862427,0.1415029764175415,0.14947101473808289
5,54,0.08876052498817444,0.13987167179584503,0.11431609839200974
5,55,0.11372865736484528,0.14114555716514587,0.12743711471557617
5,56,0.06702941656112671,0.13845942914485931,0.10274442285299301
5,57,0.09802404791116714,0.1400049477815628,0.11901450157165527
5,58,0.1012500748038292,0.1386750489473343,0.11996255815029144
5,59,0.06014413386583328,0.13687974214553833,0.09851193428039551
5,60,0.06376775354146957,0.13784043490886688,0.10080409049987793
5,61,0.07519683986902237,0.13747642934322357,0.10633663833141327
5,62,0.13694067299365997,0.1434173583984375,0.14017900824546814
5,63,0.10233991593122482,0.13747051358222961,0.11990521848201752
5,64,0.08920364826917648,0.1373041421175003,0.1132538914680481
5,65,0.10946635901927948,0.14124184846878052,0.1253541111946106
5,66,0.09184448421001434,0.1383158564567566,0.11508017033338547
5,67,0.07636202126741409,0.1372741460800171,0.10681807994842529
5,68,0.07277092337608337,0.1389969289302826,0.10588392615318298
5,69,0.07876530289649963,0.1375575065612793,0.10816140472888947
5,70,0.061428945511579514,0.13537034392356873,0.09839964658021927
5,71,0.12774653732776642,0.13854365050792694,0.13314509391784668
5,72,0.09759049862623215,0.13736307621002197,0.11747679114341736
5,73,0.08049751073122025,0.1372239738702774,0.10886074602603912
5,74,0.05176255479454994,0.13661080598831177,0.0941866785287857
5,75,0.08429181575775146,0.13956999778747559,0.11193090677261353
5,76,0.09056147933006287,0.13909198343753815,0.1148267313838005
5,77,0.09734746813774109,0.13545335829257965,0.11640041321516037
5,78,0.08569860458374023,0.13713109493255615,0.1114148497581482
5,79,0.09179045259952545,0.13595396280288696,0.11387220770120621
5,80,0.06799963861703873,0.13603471219539642,0.10201717913150787
5,81,0.10649888217449188,0.13703006505966187,0.12176447361707687
5,82,0.08855167031288147,0.13522495329380035,0.11188831180334091
5,83,0.06816726177930832,0.1335930973291397,0.10088017582893372
5,84,0.06085805222392082,0.13503605127334595,0.09794705361127853
5,85,0.09141161292791367,0.13610908389091492,0.11376035213470459
5,86,0.11457734555006027,0.13676364719867706,0.12567049264907837
5,87,0.06957713514566422,0.13487407565116882,0.10222560167312622
5,88,0.059227585792541504,0.13511337339878082,0.09717047959566116
5,89,0.10558003187179565,0.13559484481811523,0.12058743834495544
5,90,0.08440441638231277,0.13449682295322418,0.10945062339305878
5,91,0.0772659033536911,0.1347651183605194,0.10601551085710526
5,92,0.09451881051063538,0.13687177002429962,0.1156952902674675
5,93,0.09654432535171509,0.13582587242126465,0.11618509888648987
5,94,0.1335676908493042,0.13632796704769135,0.13494783639907837
5,95,0.05672776699066162,0.1327684223651886,0.09474809467792511
5,96,0.08111945539712906,0.1374277025461197,0.10927358269691467
5,97,0.06781022250652313,0.13375434279441833,0.10078228265047073
5,98,0.059845879673957825,0.13386954367160797,0.0968577116727829
5,99,0.13041852414608002,0.13534356653690338,0.1328810453414917
5,100,0.08176634460687637,0.13573747873306274,0.10875190794467926
5,101,0.08860239386558533,0.13390032947063446,0.1112513616681099
5,102,0.06519006192684174,0.13593976199626923,0.10056491196155548
5,103,0.06622479110956192,0.13580875098705292,0.10101677477359772
5,104,0.05513022467494011,0.13251453638076782,0.09382238239049911
5,105,0.061809539794921875,0.1318383812904358,0.09682396054267883
5,106,0.08172040432691574,0.1319231539964676,0.10682177543640137
5,107,0.07287553697824478,0.13246896862983704,0.10267224907875061
5,108,0.06781472265720367,0.13270631432533264,0.10026051849126816
5,109,0.07436855882406235,0.13591942191123962,0.10514399409294128
5,110,0.13740648329257965,0.1369665265083313,0.13718649744987488
5,111,0.06634217500686646,0.1320011168718338,0.09917164593935013
5,112,0.054394543170928955,0.13326327502727509,0.09382890909910202
5,113,0.05574657768011093,0.1330045759677887,0.09437558054924011
5,114,0.0717787966132164,0.1316017210483551,0.10169026255607605
5,115,0.061337605118751526,0.13405512273311615,0.09769636392593384
5,116,0.07717859745025635,0.13311049342155457,0.10514454543590546
5,117,0.07075709104537964,0.13113558292388916,0.1009463369846344
5,118,0.044888537377119064,0.13094750046730042,0.08791802078485489
5,119,0.12025728076696396,0.13213962316513062,0.12619845569133759
5,120,0.06822948157787323,0.1324099749326706,0.10031972825527191
5,121,0.06708648055791855,0.13222746551036835,0.09965696930885315
5,122,0.10337664932012558,0.13235945999622345,0.11786805093288422
5,123,0.09475277364253998,0.13223980367183685,0.11349628865718842
5,124,0.06814537197351456,0.13098615407943726,0.09956575930118561
5,125,0.09120304882526398,0.13146144151687622,0.1113322451710701
5,126,0.06130925193428993,0.1324433535337448,0.09687630087137222
5,127,0.05769720673561096,0.13083197176456451,0.09426458925008774
5,128,0.06151323392987251,0.13096758723258972,0.09624040871858597
5,129,0.07389316707849503,0.13241134583950043,0.10315226018428802
5,130,0.05246160179376602,0.13070927560329437,0.0915854424238205
5,131,0.06659534573554993,0.12977388501167297,0.09818461537361145
5,132,0.04222134128212929,0.13059623539447784,0.08640878647565842
5,133,0.06748946011066437,0.13041648268699646,0.09895297139883041
5,134,0.05693493410944939,0.12931875884532928,0.09312684834003448
5,135,0.08035840094089508,0.13055168092250824,0.10545504093170166
5,136,0.05663411691784859,0.1302623599767685,0.09344823658466339
5,137,0.08322596549987793,0.13039499521255493,0.10681048035621643
5,138,0.10638558119535446,0.13063625991344452,0.11851091682910919
5,139,0.106992706656456,0.1323150396347046,0.11965387314558029
5,140,0.07271264493465424,0.13335832953453064,0.10303548723459244
6,0,0.046579014509916306,0.12984204292297363,0.08821053057909012
6,1,0.06829837709665298,0.13042901456356049,0.09936369955539703
6,2,0.05696059763431549,0.12911272048950195,0.09303665906190872
6,3,0.047546014189720154,0.12876737117767334,0.08815669268369675
6,4,0.05309411883354187,0.13053441047668457,0.09181426465511322
6,5,0.07168415933847427,0.13005009293556213,0.1008671224117279
6,6,0.0654907375574112,0.12971095740795135,0.09760084748268127
6,7,0.09917635470628738,0.12887246906757355,0.11402441561222076
6,8,0.0902877077460289,0.12991856038570404,0.11010313034057617
6,9,0.05537477880716324,0.12728047370910645,0.09132762253284454
6,10,0.06474301964044571,0.13129423558712006,0.09801863133907318
6,11,0.073984794318676,0.13024161756038666,0.10211320221424103
6,12,0.08023753017187119,0.13074441254138947,0.10549096763134003
6,13,0.09196652472019196,0.13092944025993347,0.11144798249006271
6,14,0.062032416462898254,0.12893520295619965,0.09548380970954895
6,15,0.05310048907995224,0.13207955658435822,0.09259001910686493
6,16,0.0795275941491127,0.12762825191020966,0.10357792675495148
6,17,0.05353400483727455,0.12784874439239502,0.09069137275218964
6,18,0.0532575324177742,0.12777331471443176,0.09051541984081268
6,19,0.10281148552894592,0.13032092154026031,0.11656620353460312
6,20,0.08003917336463928,0.12933449447155,0.10468683391809464
6,21,0.0837661623954773,0.12824644148349762,0.10600630193948746
6,22,0.06348607689142227,0.1292581856250763,0.09637212753295898
6,23,0.07580485194921494,0.13012629747390747,0.1029655784368515
6,24,0.10160079598426819,0.1287011355161667,0.11515096575021744
6,25,0.04397282749414444,0.1271900236606598,0.08558142185211182
6,26,0.06469615548849106,0.12909464538097382,0.09689539670944214
6,27,0.0792495533823967,0.12955357134342194,0.10440155863761902
6,28,0.11472310870885849,0.13025976717472076,0.12249143421649933
6,29,0.07366424053907394,0.12709453701972961,0.10037939250469208
6,30,0.09754972159862518,0.131628155708313,0.11458893865346909
6,31,0.07043146342039108,0.12724561989307404,0.09883853793144226
6,32,0.07636306434869766,0.12708084285259247,0.10172195732593536
6,33,0.055144667625427246,0.12793096899986267,0.09153781831264496
6,34,0.08423906564712524,0.12990768253803253,0.10707337409257889
6,35,0.0899021103978157,0.1264842450618744,0.10819317400455475
6,36,0.051104817539453506,0.12493094801902771,0.08801788091659546
6,37,0.07468846440315247,0.12573303282260895,0.1002107486128807
6,38,0.045623403042554855,0.1256151795387268,0.08561929315328598
6,39,0.04862947016954422,0.12612716853618622,0.08737832307815552
6,40,0.07242300361394882,0.1265811175107956,0.09950205683708191
6,41,0.06417687237262726,0.12710988521575928,0.09564337879419327
6,42,0.06901166588068008,0.12747825682163239,0.09824496507644653
6,43,0.07701552659273148,0.12644311785697937,0.10172931849956512
6,44,0.08984833210706711,0.12635046243667603,0.10809940099716187
6,45,0.0515281967818737,0.1250617355108261,0.08829496800899506
6,46,0.05449266731739044,0.12468667328357697,0.0895896703004837
6,47,0.04241779074072838,0.12397027015686035,0.08319403231143951
6,48,0.05549848824739456,0.12646353244781494,0.09098100662231445
6,49,0.07388877123594284,0.12850525975227356,0.1011970192193985
6,50,0.10096778720617294,0.12680268287658691,0.11388523876667023
6,51,0.06177280843257904,0.1267782300710678,0.09427551925182343
6,52,0.057992711663246155,0.12572064995765686,0.09185668081045151
6,53,0.05120217800140381,0.12434569001197815,0.08777393400669098
6,54,0.049450553953647614,0.12393681704998016,0.08669368922710419
6,55,0.07275114953517914,0.12568558752536774,0.09921836853027344
6,56,0.06160032004117966,0.12656715512275696,0.0940837413072586
6,57,0.06275320053100586,0.12545935809612274,0.0941062793135643
6,58,0.056333739310503006,0.12378807365894318,0.09006090462207794
6,59,0.10652544349431992,0.12795351445674896,0.11723947525024414
6,60,0.07934200018644333,0.12493066489696503,0.10213632881641388
6,61,0.08213317394256592,0.12359163910150528,0.1028624027967453
6,62,0.04606100544333458,0.12319646030664444,0.08462873101234436
6,63,0.15750278532505035,0.12646549940109253,0.14198413491249084
6,64,0.045150499790906906,0.123996302485466,0.0845734030008316
6,65,0.07351121306419373,0.12250567227602005,0.09800843894481659
6,66,0.09548913687467575,0.130386084318161,0.11293761432170868
6,67,0.10141436010599136,0.12568354606628418,0.11354894936084747
6,68,0.07557804137468338,0.12622252106666565,0.10090027749538422
6,69,0.05952683463692665,0.12486930936574936,0.09219807386398315
6,70,0.08933626860380173,0.12499017268419266,0.10716322064399719
6,71,0.06174606457352638,0.12330523878335953,0.0925256535410881
6,72,0.08749060332775116,0.12500983476638794,0.10625021904706955
6,73,0.04879729449748993,0.1226755753159523,0.08573643863201141
6,74,0.1892416924238205,0.12386509776115417,0.15655338764190674
6,75,0.0783521831035614,0.12406984716653824,0.10121101140975952
6,76,0.07344451546669006,0.12241917103528976,0.09793184697628021
6,77,0.09043075889348984,0.12565532326698303,0.10804304480552673
6,78,0.08289782702922821,0.12676692008972168,0.10483237355947495
6,79,0.0699906274676323,0.12487998604774475,0.09743531048297882
6,80,0.05818486586213112,0.1225702166557312,0.09037753939628601
6,81,0.06700462847948074,0.12276939302682877,0.09488701075315475
6,82,0.08051393926143646,0.12307862192392349,0.10179628431797028
6,83,0.055038515478372574,0.12176468223333359,0.08840160071849823
6,84,0.0908881276845932,0.12285910546779633,0.10687361657619476
6,85,0.0795256569981575,0.12399429082870483,0.10175997018814087
6,86,0.07103315740823746,0.12255820631980896,0.09679567813873291
6,87,0.15344832837581635,0.12203677743673325,0.1377425491809845
6,88,0.05279657617211342,0.12183088809251785,0.08731373399496078
6,89,0.06732295453548431,0.12160588055849075,0.09446442127227783
6,90,0.07187362760305405,0.12376914918422699,0.09782138466835022
6,91,0.09552372992038727,0.12549100816249847,0.11050736904144287
6,92,0.06619250029325485,0.12340957671403885,0.09480103850364685
6,93,0.04745110496878624,0.1216157004237175,0.08453340083360672
6,94,0.08767447620630264,0.12485235929489136,0.1062634140253067
6,95,0.08531470596790314,0.12186192721128464,0.10358831286430359
6,96,0.1041720062494278,0.12178043276071548,0.11297622323036194
6,97,0.040678493678569794,0.12036816775798798,0.08052332699298859
6,98,0.06241481378674507,0.1213652640581131,0.09189003705978394
6,99,0.06741064786911011,0.12118582427501678,0.09429823607206345
6,100,0.0818018764257431,0.12200642377138138,0.10190415382385254
6,101,0.07747006416320801,0.1220952644944191,0.09978266060352325
6,102,0.09506335854530334,0.12200646847486496,0.10853491723537445
6,103,0.0859576016664505,0.12060698866844177,0.10328229516744614
6,104,0.06671325862407684,0.12282418459653854,0.0947687178850174
6,105,0.05799981206655502,0.12013549357652664,0.08906765282154083
6,106,0.05905361473560333,0.12029296159744263,0.08967328816652298
6,107,0.09208361059427261,0.12063200771808624,0.10635781288146973
6,108,0.05718803033232689,0.11931215971708298,0.08825009316205978
6,109,0.10414812713861465,0.12386765331029892,0.11400789022445679
6,110,0.043520066887140274,0.11994164437055588,0.08173085749149323
6,111,0.07461077719926834,0.12229859083890915,0.09845468401908875
6,112,0.09833753854036331,0.1211109608411789,0.1097242534160614
6,113,0.04485229030251503,0.11997019499540329,0.08241124451160431
6,114,0.1713731586933136,0.1267821490764618,0.1490776538848877
6,115,0.07598037272691727,0.1190560832619667,0.09751822799444199
6,116,0.08200054615736008,0.12060535699129105,0.10130295157432556
6,117,0.04449528828263283,0.12071430683135986,0.0826047956943512
6,118,0.08201602846384048,0.12199266254901886,0.10200434923171997
6,119,0.059056513011455536,0.11947260797023773,0.08926455676555634
6,120,0.09027424454689026,0.11963655799627304,0.10495540499687195
6,121,0.09059064835309982,0.12175130099058151,0.10617097467184067
6,122,0.08092263340950012,0.11977379024028778,0.10034821182489395
6,123,0.06533587723970413,0.12294743210077286,0.0941416546702385
6,124,0.05917658284306526,0.11801338195800781,0.08859498053789139
6,125,0.06884291768074036,0.12200193107128143,0.0954224243760109
6,126,0.04612743854522705,0.11793304979801178,0.08203024417161942
6,127,0.05995750054717064,0.11890405416488647,0.0894307792186737
6,128,0.04387328401207924,0.119993656873703,0.08193346858024597
6,129,0.12886905670166016,0.12142103165388107,0.1251450479030609
6,130,0.04716171324253082,0.11840101331472397,0.0827813595533371
6,131,0.040414806455373764,0.11851196736097336,0.07946338504552841
6,132,0.055927760899066925,0.11943144351243973,0.08767960220575333
6,133,0.11229883879423141,0.11852917075157166,0.11541400849819183
6,134,0.14034809172153473,0.11984854936599731,0.13009831309318542
6,135,0.049358680844306946,0.11981072276830673,0.08458469808101654
6,136,0.04544428735971451,0.11677749454975128,0.0811108946800232
6,137,0.13319307565689087,0.12591767311096191,0.1295553743839264
6,138,0.0683000385761261,0.11853552609682083,0.09341777861118317
6,139,0.0865374282002449,0.1178443655371666,0.10219089686870575
6,140,0.10630211979150772,0.12107999622821808,0.1136910617351532
7,0,0.05251272767782211,0.11843756586313248,0.0854751467704773
7,1,0.04452138766646385,0.1176677867770195,0.08109458535909653
7,2,0.06738590449094772,0.11855008453130722,0.09296799451112747
7,3,0.1119115874171257,0.12125997245311737,0.11658577620983124
7,4,0.12197893857955933,0.12105148285627365,0.12151521444320679
7,5,0.048421669751405716,0.11784616112709045,0.08313391357660294
7,6,0.061855193227529526,0.11931417137384415,0.09058468043804169
7,7,0.0853985995054245,0.11838217079639435,0.10189038515090942
7,8,0.08031604439020157,0.11820150166749954,0.09925877302885056
7,9,0.07312025129795074,0.11686032265424728,0.09499028325080872
7,10,0.07864516973495483,0.11874285340309143,0.09869401156902313
7,11,0.056097179651260376,0.11674795299768448,0.08642256259918213
7,12,0.06113230809569359,0.11767108738422394,0.08940169960260391
7,13,0.07243215292692184,0.11741442233324051,0.09492328763008118
7,14,0.042650364339351654,0.1159023866057396,0.07927637547254562
7,15,0.0459834486246109,0.11621298640966415,0.08109821379184723
7,16,0.06558599323034286,0.1166415587067604,0.09111377596855164
7,17,0.05015065148472786,0.11733220517635345,0.08374142646789551
7,18,0.04025913029909134,0.11529085785150528,0.07777499407529831
7,19,0.04165555164217949,0.11613062769174576,0.07889308780431747
7,20,0.07682011276483536,0.11588754504919052,0.09635382890701294
7,21,0.052853647619485855,0.11611361056566238,0.08448363095521927
7,22,0.05762052536010742,0.11802642047405243,0.08782347291707993
7,23,0.05114585533738136,0.11662422120571136,0.08388503640890121
7,24,0.08748143911361694,0.12125525623559952,0.10436834394931793
7,25,0.0546460784971714,0.11720442026853561,0.08592525124549866
7,26,0.058847397565841675,0.1170591339468956,0.08795326948165894
7,27,0.0823262557387352,0.11740364134311676,0.09986494481563568
7,28,0.09863191097974777,0.11635783314704895,0.10749487578868866
7,29,0.06479277461767197,0.11607054620981216,0.09043166041374207
7,30,0.04527748003602028,0.11594362556934357,0.08061055094003677
7,31,0.04778054729104042,0.1152656152844429,0.08152308315038681
7,32,0.05635193735361099,0.11674937605857849,0.08655065298080444
7,33,0.04827405884861946,0.11611990630626678,0.08219698071479797
7,34,0.04285414144396782,0.1145932674407959,0.07872370630502701
7,35,0.06011068448424339,0.11531887948513031,0.087714783847332
7,36,0.08718204498291016,0.11463608592748642,0.10090906918048859
7,37,0.04097800329327583,0.11383304744958878,0.07740552723407745
7,38,0.08081117272377014,0.11669241636991501,0.09875179827213287
7,39,0.06375385820865631,0.11611510813236237,0.08993448317050934
7,40,0.0770278349518776,0.11660929769277573,0.09681856632232666
7,41,0.06189974397420883,0.11580881476402283,0.08885428309440613
7,42,0.05958046391606331,0.11440811306238174,0.08699429035186768
7,43,0.07605528086423874,0.11551059782505035,0.09578293561935425
7,44,0.06528770923614502,0.1162029281258583,0.09074531495571136
7,45,0.06590765714645386,0.1133294627070427,0.08961856365203857
7,46,0.06375861167907715,0.11729897558689117,0.09052879363298416
7,47,0.07143038511276245,0.11381008476018906,0.09262023866176605
7,48,0.08374974876642227,0.11549317091703415,0.09962145984172821
7,49,0.048343244940042496,0.1150364875793457,0.08168986439704895
7,50,0.06523974239826202,0.11432304233312607,0.08978138864040375
7,51,0.042090728878974915,0.11625093221664429,0.0791708305478096
7,52,0.09634927660226822,0.11574264615774155,0.10604596138000488
7,53,0.08965958654880524,0.11562611907720566,0.10264284908771515
7,54,0.034638188779354095,0.11308444291353226,0.07386131584644318
7,55,0.05811992660164833,0.11372695863246918,0.0859234407544136
7,56,0.05179053544998169,0.11411798000335693,0.08295425772666931
7,57,0.0627041608095169,0.11503936350345612,0.08887176215648651
7,58,0.07647667825222015,0.11475871503353119,0.09561769664287567
7,59,0.07374652475118637,0.11314820498228073,0.09344736486673355
7,60,0.07185116410255432,0.11662290245294571,0.09423702955245972
7,61,0.07600240409374237,0.1173747330904007,0.09668856859207153
7,62,0.07685995101928711,0.1165691465139389,0.096714548766613
7,63,0.08803688734769821,0.11847694218158722,0.10325691103935242
7,64,0.049606405198574066,0.11415483802556992,0.08188062161207199
7,65,0.06705036014318466,0.11669017374515533,0.0918702632188797
7,66,0.06529325246810913,0.11351792514324188,0.0894055888056755
7,67,0.06555398553609848,0.11519436538219452,0.0903741717338562
7,68,0.17551523447036743,0.11779868602752686,0.14665696024894714
7,69,0.057455454021692276,0.11563453823328018,0.08654499799013138
7,70,0.07367902249097824,0.11464377492666245,0.09416139870882034
7,71,0.07757829874753952,0.1145407110452652,0.09605950117111206
7,72,0.0529140941798687,0.11400391161441803,0.08345900475978851
7,73,0.09602406620979309,0.11391263455152512,0.1049683541059494
7,74,0.04581041634082794,0.11242174357175827,0.07911607623100281
7,75,0.06437858939170837,0.11459337174892426,0.08948598057031631
7,76,0.07647387683391571,0.11391627043485641,0.09519506990909576
7,77,0.036391500383615494,0.11196941882371902,0.07418046146631241
7,78,0.08308892697095871,0.11313329637050629,0.0981111079454422
7,79,0.05684453994035721,0.11428408324718475,0.08556431531906128
7,80,0.04407690465450287,0.11195018142461777,0.07801353931427002
7,81,0.06535974144935608,0.11719434708356857,0.09127704799175262
7,82,0.05231472849845886,0.11295992136001587,0.08263732492923737
7,83,0.054456498473882675,0.11208228021860123,0.0832693874835968
7,84,0.028605304658412933,0.11228333413600922,0.07044431567192078
7,85,0.05800016224384308,0.1130891740322113,0.08554466813802719
7,86,0.04161785915493965,0.11124450713396072,0.07643118500709534
7,87,0.06969650834798813,0.11270016431808472,0.09119834005832672
7,88,0.07997269183397293,0.11322684586048126,0.0965997725725174
7,89,0.07804203033447266,0.11166062951087952,0.09485132992267609
7,90,0.06523215025663376,0.1112082302570343,0.08822019398212433
7,91,0.04735294729471207,0.11308480054140091,0.08021887391805649
7,92,0.040141768753528595,0.11103735864162445,0.07558956742286682
7,93,0.05331339314579964,0.11159084737300873,0.08245211839675903
7,94,0.04498041421175003,0.11057435721158981,0.07777738571166992
7,95,0.05535762384533882,0.11255794763565063,0.08395778387784958
7,96,0.048364415764808655,0.11075171083211899,0.07955805957317352
7,97,0.12512192130088806,0.11831701546907425,0.12171946465969086
7,98,0.059025995433330536,0.1119350865483284,0.08548054099082947
7,99,0.05035000294446945,0.1120138168334961,0.08118191361427307
7,100,0.05746537446975708,0.1129622831940651,0.08521382510662079
7,101,0.0413038544356823,0.11011355370283127,0.07570870220661163
7,102,0.09618176519870758,0.11063914746046066,0.10341045260429382
7,103,0.055047906935214996,0.1104983240365982,0.0827731192111969
7,104,0.0368255116045475,0.1094987764954567,0.07316214591264725
7,105,0.06429310142993927,0.11273693293333054,0.0885150134563446
7,106,0.04183333367109299,0.10968624800443649,0.07575979083776474
7,107,0.07035458087921143,0.11088994145393372,0.09062226116657257
7,108,0.050697848200798035,0.1113533228635788,0.08102558553218842
7,109,0.05988255515694618,0.1123756617307663,0.08612910658121109
7,110,0.06934555619955063,0.1129804477095604,0.09116300195455551
7,111,0.060605794191360474,0.110202856361866,0.08540432155132294
7,112,0.08716093003749847,0.11030218750238419,0.09873156249523163
7,113,0.06396763771772385,0.111933633685112,0.08795063197612762
7,114,0.05361686274409294,0.11080296337604523,0.08220991492271423
7,115,0.10162336379289627,0.11099769175052643,0.10631053149700165
7,116,0.05535689368844032,0.11027328670024872,0.08281508833169937
7,117,0.03801964223384857,0.11053834855556488,0.07427899539470673
7,118,0.06312694400548935,0.11023146659135818,0.08667920529842377
7,119,0.08831292390823364,0.11048480868339539,0.09939886629581451
7,120,0.07037095725536346,0.11017361283302307,0.09027228504419327
7,121,0.040267638862133026,0.11039616912603378,0.0753319039940834
7,122,0.050725117325782776,0.10897846519947052,0.07985179126262665
7,123,0.0591324120759964,0.1108817607164383,0.08500708639621735
7,124,0.05562230572104454,0.10975568741559982,0.08268899470567703
7,125,0.06448890268802643,0.10979848355054855,0.08714368939399719
7,126,0.040285512804985046,0.10803091526031494,0.07415821403265
7,127,0.06371200829744339,0.1100442036986351,0.08687810599803925
7,128,0.1139289066195488,0.11242285370826721,0.1131758838891983
7,129,0.06983860582113266,0.11209210753440857,0.09096536040306091
7,130,0.032385747879743576,0.1093515008687973,0.07086862623691559
7,131,0.05909028649330139,0.10937066376209259,0.08423047512769699
7,132,0.06047160550951958,0.10835348814725876,0.08441254496574402
7,133,0.05175986513495445,0.10835959762334824,0.0800597295165062
7,134,0.10412925481796265,0.11279314756393433,0.10846120119094849
7,135,0.04814431816339493,0.10876544564962387,0.0784548819065094
7,136,0.05361965298652649,0.10757811367511749,0.08059888333082199
7,137,0.0649101585149765,0.10900066047906876,0.08695541322231293
7,138,0.04699764400720596,0.10830344259738922,0.07765054702758789
7,139,0.05747288465499878,0.10952646285295486,0.08349967002868652
7,140,0.02975296415388584,0.10823694616556168,0.06899495422840118
8,0,0.03891180828213692,0.10772471129894257,0.07331825792789459
8,1,0.050143130123615265,0.10820824652910233,0.0791756883263588
8,2,0.09726157784461975,0.11533541977405548,0.10629849880933762
8,3,0.12199269980192184,0.11265698820352554,0.1173248440027237
8,4,0.07081538438796997,0.110745370388031,0.09078037738800049
8,5,0.11395628750324249,0.10985817015171051,0.1119072288274765
8,6,0.038003187626600266,0.10778851807117462,0.07289585471153259
8,7,0.048968855291604996,0.1074817106127739,0.0782252848148346
8,8,0.05113455653190613,0.10760578513145447,0.0793701708316803
8,9,0.05500468239188194,0.10916811972856522,0.08208639919757843
8,10,0.07677096128463745,0.10890600085258484,0.09283848106861115
8,11,0.05082663521170616,0.10872358083724976,0.07977510988712311
8,12,0.05059296265244484,0.10925299674272537,0.07992298156023026
8,13,0.06002027168869972,0.11050132662057877,0.0852608010172844
8,14,0.07395263016223907,0.1103724017739296,0.09216251969337463
8,15,0.0442671962082386,0.10770712792873383,0.07598716020584106
8,16,0.04072939604520798,0.10782285034656525,0.07427611947059631
8,17,0.0415511392056942,0.10719696432352066,0.07437404990196228
8,18,0.06620201468467712,0.11078537255525589,0.08849368989467621
8,19,0.05467359349131584,0.10842260718345642,0.08154810220003128
8,20,0.06008857116103172,0.1093679741024971,0.08472827076911926
8,21,0.05621471256017685,0.10658431798219681,0.08139951527118683
8,22,0.04983697831630707,0.10828856378793716,0.07906277477741241
8,23,0.055155374109745026,0.10725054144859314,0.08120295405387878
8,24,0.056599732488393784,0.10749637335538864,0.08204805105924606
8,25,0.04887903854250908,0.10616815835237503,0.0775235965847969
8,26,0.05333405360579491,0.10694793611764908,0.08014099299907684
8,27,0.04142589122056961,0.10727759450674057,0.07435174286365509
8,28,0.052939482033252716,0.10766500234603882,0.08030223846435547
8,29,0.06675142794847488,0.10836081206798553,0.08755612373352051
8,30,0.06279576569795609,0.11018140614032745,0.08648858964443207
8,31,0.0809905007481575,0.10665610432624817,0.09382329881191254
8,32,0.05017077177762985,0.10663779824972153,0.07840428501367569
8,33,0.07587637007236481,0.10685338079929352,0.09136487543582916
8,34,0.05104149505496025,0.10588306933641434,0.07846228033304214
8,35,0.035035811364650726,0.10567528009414673,0.07035554945468903
8,36,0.0434580072760582,0.10554394125938416,0.07450097799301147
8,37,0.047119125723838806,0.10516546666622162,0.07614229619503021
8,38,0.05753534659743309,0.10673876106739044,0.08213705569505692
8,39,0.055283352732658386,0.1064780056476593,0.08088067919015884
8,40,0.04674478620290756,0.1075446605682373,0.07714472711086273
8,41,0.05971820279955864,0.10892736911773682,0.08432278782129288
8,42,0.1249665766954422,0.10834716260433197,0.11665686964988708
8,43,0.04296902194619179,0.10612975060939789,0.07454938441514969
8,44,0.04417853057384491,0.10553130507469177,0.07485491782426834
8,45,0.047309283167123795,0.10583709180355072,0.07657318562269211
8,46,0.05516084283590317,0.10591927170753479,0.08054006099700928
8,47,0.08642563223838806,0.10585682094097137,0.09614122658967972
8,48,0.06054610386490822,0.10532364249229431,0.08293487131595612
8,49,0.03392757847905159,0.105565644800663,0.06974661350250244
8,50,0.05196523293852806,0.10652162879705429,0.07924342900514603
8,51,0.07667668163776398,0.10707128793001175,0.09187398850917816
8,52,0.0776473879814148,0.10787805169820786,0.09276272356510162
8,53,0.07747258245944977,0.10762417316436768,0.09254837781190872
8,54,0.062079183757305145,0.10675657540559769,0.08441787958145142
8,55,0.052362583577632904,0.10631328821182251,0.079337939620018
8,56,0.04898470640182495,0.10520713031291962,0.07709591835737228
8,57,0.06115352734923363,0.10674582421779633,0.08394967764616013
8,58,0.0738290324807167,0.10635759681463242,0.09009331464767456
8,59,0.08348726481199265,0.10545260459184647,0.09446993470191956
8,60,0.04728756472468376,0.10556117445230484,0.07642436772584915
8,61,0.05452572926878929,0.10508786886930466,0.07980679720640182
8,62,0.045727964490652084,0.10689253360033035,0.07631024718284607
8,63,0.06491488963365555,0.10855717957019806,0.0867360383272171
8,64,0.06382251530885696,0.1061546579003334,0.08498858660459518
8,65,0.1442919373512268,0.10507410019636154,0.12468302249908447
8,66,0.07093203812837601,0.10697486996650696,0.08895345032215118
8,67,0.05999010428786278,0.10389634966850281,0.08194322884082794
8,68,0.07476895302534103,0.10936080664396286,0.09206487983465195
8,69,0.060476887971162796,0.10548187792301178,0.08297938108444214
8,70,0.05010921135544777,0.1061849296092987,0.07814706861972809
8,71,0.07073377072811127,0.10543488711118698,0.08808432519435883
8,72,0.04914936050772667,0.10517799854278564,0.0771636813879013
8,73,0.057927750051021576,0.1041853204369545,0.08105653524398804
8,74,0.08932463079690933,0.10520601272583008,0.0972653180360794
8,75,0.08534137904644012,0.10603268444538116,0.09568703174591064
8,76,0.06810890883207321,0.10532137751579285,0.08671514689922333
8,77,0.09051653742790222,0.10464157909154892,0.09757906198501587
8,78,0.06774359941482544,0.10362056642770767,0.08568207919597626
8,79,0.05153534933924675,0.10368276387453079,0.07760905474424362
8,80,0.058889128267765045,0.10673140734434128,0.08281026780605316
8,81,0.053596824407577515,0.10317093878984451,0.07838387787342072
8,82,0.08164996653795242,0.10630109906196594,0.09397552907466888
8,83,0.06760160624980927,0.10666411370038986,0.08713285624980927
8,84,0.04017314687371254,0.10423324257135391,0.07220319658517838
8,85,0.05821543186903,0.10436318069696426,0.08128930628299713
8,86,0.047917552292346954,0.10611014068126678,0.07701385021209717
8,87,0.045678138732910156,0.10537397116422653,0.07552605867385864
8,88,0.06685934960842133,0.10561159998178482,0.08623547852039337
8,89,0.09198538213968277,0.10524843633174896,0.09861691296100616
8,90,0.07298750430345535,0.10456162691116333,0.08877456188201904
8,91,0.04700826480984688,0.10308024287223816,0.07504425197839737
8,92,0.07233161479234695,0.10382657498121262,0.08807909488677979
8,93,0.05358642339706421,0.10327429324388504,0.07843035459518433
8,94,0.042703352868556976,0.10290884226560593,0.07280609756708145
8,95,0.04221629723906517,0.10255369544029236,0.07238499820232391
8,96,0.07174938917160034,0.10821151733398438,0.08998045325279236
8,97,0.08976288139820099,0.10707565397024155,0.09841926395893097
8,98,0.060609739273786545,0.10475689172744751,0.08268331736326218
8,99,0.11518914997577667,0.10611313581466675,0.11065114289522171
8,100,0.03940731659531593,0.10280285030603409,0.07110508531332016
8,101,0.09769383072853088,0.10364098846912384,0.10066740959882736
8,102,0.05334562808275223,0.10513479262590408,0.07924021035432816
8,103,0.08497916162014008,0.10497168451547623,0.09497542679309845
8,104,0.037769217044115067,0.10315769910812378,0.07046345621347427
8,105,0.05363839492201805,0.10278027504682541,0.07820933312177658
8,106,0.052061520516872406,0.10300512611865997,0.07753331959247589
8,107,0.07794685661792755,0.10356509685516357,0.09075597673654556
8,108,0.04434489831328392,0.10384948551654816,0.07409719377756119
8,109,0.03574056923389435,0.10133075714111328,0.06853566318750381
8,110,0.06444697827100754,0.10565559566020966,0.0850512832403183
8,111,0.10565859079360962,0.10433859378099442,0.10499858856201172
8,112,0.030801517888903618,0.10165993869304657,0.06623072922229767
8,113,0.030300606042146683,0.10315483063459396,0.06672772020101547
8,114,0.09472112357616425,0.10446517169475555,0.0995931476354599
8,115,0.04570620879530907,0.10230600088834763,0.0740061029791832
8,116,0.06294941902160645,0.10224516689777374,0.0825972929596901
8,117,0.060098014771938324,0.10357623547315598,0.08183712512254715
8,118,0.0657040998339653,0.10370092839002609,0.0847025141119957
8,119,0.05545401573181152,0.1012376993894577,0.07834585756063461
8,120,0.07833380252122879,0.10588164627552032,0.09210772812366486
8,121,0.03458533063530922,0.1008305698633194,0.06770794838666916
8,122,0.09120772778987885,0.1029597669839859,0.09708374738693237
8,123,0.08661756664514542,0.1086229607462883,0.09762026369571686
8,124,0.06637008488178253,0.10324723273515701,0.08480866253376007
8,125,0.05454673618078232,0.10276898741722107,0.07865786552429199
8,126,0.036678947508335114,0.1012675017118454,0.06897322833538055
8,127,0.07203691452741623,0.10309628397226334,0.08756659924983978
8,128,0.11764760315418243,0.10196354240179062,0.10980556905269623
8,129,0.11614231765270233,0.10136294364929199,0.10875263065099716
8,130,0.07586073130369186,0.10364925861358643,0.08975499868392944
8,131,0.06622003018856049,0.10404463857412338,0.08513233065605164
8,132,0.0655335932970047,0.10294030606746674,0.08423694968223572
8,133,0.08861944079399109,0.10613130033016205,0.09737537056207657
8,134,0.058994267135858536,0.10413799434900284,0.08156613260507584
8,135,0.05126478895545006,0.10245171934366226,0.07685825228691101
8,136,0.059324365109205246,0.10204561054706573,0.08068498969078064
8,137,0.05495234578847885,0.10104891657829285,0.07800063490867615
8,138,0.05190005525946617,0.10108369588851929,0.07649187743663788
8,139,0.05188491940498352,0.10391085594892502,0.07789789140224457
8,140,0.03920713812112808,0.10107596963644028,0.07014155387878418
9,0,0.08974578976631165,0.10490994900465012,0.09732787311077118
9,1,0.05663260444998741,0.102346271276474,0.07948943972587585
9,2,0.07267946749925613,0.10213356465101242,0.08740651607513428
9,3,0.05041743442416191,0.10148601979017258,0.0759517252445221
9,4,0.061997875571250916,0.10106700658798218,0.08153244107961655
9,5,0.06532534956932068,0.09997789561748505,0.08265162259340286
9,6,0.03735947981476784,0.10079824179410934,0.06907886266708374
9,7,0.0478229820728302,0.10252296924591064,0.07517297565937042
9,8,0.051753610372543335,0.09943421930074692,0.07559391856193542
9,9,0.045718301087617874,0.10256271809339523,0.0741405114531517
9,10,0.04822850599884987,0.10186850279569626,0.07504850625991821
9,11,0.06397183239459991,0.10304172337055206,0.08350677788257599
9,12,0.07347645610570908,0.10345014929771423,0.08846330642700195
9,13,0.05967487394809723,0.1018628403544426,0.08076885342597961
9,14,0.045223161578178406,0.10087313503026962,0.07304814457893372
9,15,0.04146924242377281,0.10040868073701859,0.07093895971775055
9,16,0.051264677196741104,0.10126888751983643,0.07626678049564362
9,17,0.0796404704451561,0.10296602547168732,0.09130324423313141
9,18,0.08532870560884476,0.10404117405414581,0.09468494355678558
9,19,0.03925792872905731,0.09978218376636505,0.06952005624771118
9,20,0.0609743669629097,0.09936460852622986,0.08016948401927948
9,21,0.059327542781829834,0.10009279102087021,0.07971017062664032
9,22,0.03408162668347359,0.10038971155881882,0.06723567098379135
9,23,0.0467953085899353,0.10138166695833206,0.07408848404884338
9,24,0.04552198573946953,0.10249568521976471,0.07400883734226227
9,25,0.040414273738861084,0.10026654601097107,0.07034040987491608
9,26,0.05152047052979469,0.10105418413877487,0.07628732919692993
9,27,0.039902541786432266,0.09897859394550323,0.0694405660033226
9,28,0.05993693321943283,0.09911850839853287,0.07952772080898285
9,29,0.06019187718629837,0.09981506317853928,0.08000347018241882
9,30,0.05775018408894539,0.10118475556373596,0.07946746796369553
9,31,0.0524100735783577,0.10068206489086151,0.0765460729598999
9,32,0.06150452792644501,0.10131629556417465,0.08141040802001953
9,33,0.048585884273052216,0.09862722456455231,0.07360655069351196
9,34,0.04778411239385605,0.09901948273181915,0.0734017938375473
9,35,0.045679498463869095,0.0993913784623146,0.072535440325737
9,36,0.051309000700712204,0.09898728132247925,0.07514814287424088
9,37,0.03282405808568001,0.09908714890480042,0.06595560163259506
9,38,0.06948360055685043,0.1019836813211441,0.08573363721370697
9,39,0.042328547686338425,0.10055408626794815,0.07144131511449814
9,40,0.04748371243476868,0.09934347867965698,0.07341359555721283
9,41,0.03842505067586899,0.09769942611455917,0.06806223839521408
9,42,0.032949548214673996,0.09875626116991043,0.06585290282964706
9,43,0.07104727625846863,0.10069020092487335,0.08586873859167099
9,44,0.04200014844536781,0.10010546445846558,0.07105280458927155
9,45,0.04999260604381561,0.09972046315670013,0.07485653460025787
9,46,0.04422185570001602,0.09713363647460938,0.0706777423620224
9,47,0.027797633782029152,0.09749902784824371,0.06264833360910416
9,48,0.03923390805721283,0.0982293114066124,0.06873160600662231
9,49,0.045123063027858734,0.09991734474897385,0.07252020388841629
9,50,0.09312552958726883,0.10171930491924286,0.09742242097854614
9,51,0.06501395255327225,0.09915916621685028,0.08208656311035156
9,52,0.04461000859737396,0.09846460819244385,0.0715373083949089
9,53,0.09030508995056152,0.10252703726291656,0.09641606360673904
9,54,0.04880610853433609,0.09821110218763351,0.0735086053609848
9,55,0.044021125882864,0.09749937057495117,0.07076025009155273
9,56,0.06991153955459595,0.10009796917438507,0.08500475436449051
9,57,0.04952510818839073,0.09898445010185242,0.07425478100776672
9,58,0.028595007956027985,0.09696108847856522,0.0627780482172966
9,59,0.08992474526166916,0.09916599839925766,0.09454537183046341
9,60,0.04963795095682144,0.09801546484231949,0.07382670789957047
9,61,0.05788003280758858,0.09884597361087799,0.07836300134658813
9,62,0.04672826826572418,0.09781292825937271,0.07227060198783875
9,63,0.09093648195266724,0.10045532137155533,0.09569589793682098
9,64,0.054817404597997665,0.09755155444145203,0.07618448138237
9,65,0.04713708534836769,0.09771816432476044,0.07242762297391891
9,66,0.030500013381242752,0.09671542793512344,0.06360772252082825
9,67,0.05331515148282051,0.09708051383495331,0.07519783079624176
9,68,0.04274765029549599,0.09783287346363068,0.07029026001691818
9,69,0.05951419472694397,0.09910950809717178,0.07931184768676758
9,70,0.039606016129255295,0.09683965891599655,0.06822283565998077
9,71,0.055586181581020355,0.09784822165966034,0.07671719789505005
9,72,0.057069722563028336,0.10013027489185333,0.07859999686479568
9,73,0.03998951613903046,0.09721753746271133,0.0686035305261612
9,74,0.050533004105091095,0.09723832458257675,0.07388566434383392
9,75,0.045526206493377686,0.09640077501535416,0.07096348702907562
9,76,0.04376234859228134,0.09786394238471985,0.0708131492137909
9,77,0.04737682640552521,0.09735380113124847,0.07236531376838684
9,78,0.04789241775870323,0.09651607275009155,0.07220424711704254
9,79,0.03455715999007225,0.09627295285463333,0.06541505455970764
9,80,0.056003641337156296,0.09721089154481888,0.07660726457834244
9,81,0.053209129720926285,0.0973251536488533,0.07526714354753494
9,82,0.0850432738661766,0.10037632286548615,0.09270979464054108
9,83,0.05157981067895889,0.09759141504764557,0.07458561658859253
9,84,0.03702108934521675,0.09620581567287445,0.06661345064640045
9,85,0.061941370368003845,0.09689050912857056,0.0794159397482872
9,86,0.06817692518234253,0.09823919832706451,0.08320806175470352
9,87,0.04516739025712013,0.09626955538988113,0.07071847468614578
9,88,0.06977418065071106,0.09798596054315567,0.08388006687164307
9,89,0.028375083580613136,0.09670667350292206,0.06254088133573532
9,90,0.04634641483426094,0.09813353419303894,0.07223997265100479
9,91,0.051978930830955505,0.09910000115633011,0.0755394697189331
9,92,0.06956958025693893,0.0967516154050827,0.08316059410572052
9,93,0.029733920469880104,0.09620019793510437,0.06296706199645996
9,94,0.04090818390250206,0.09631449729204178,0.06861133873462677
9,95,0.04894840717315674,0.0987248346209526,0.07383662462234497
9,96,0.05579114332795143,0.09732799232006073,0.07655956596136093
9,97,0.03573179244995117,0.09549836069345474,0.06561507284641266
9,98,0.039954837411642075,0.09613332152366638,0.06804408133029938
9,99,0.03199482336640358,0.09592743217945099,0.06396112591028214
9,100,0.07027756422758102,0.09838844835758209,0.08433300256729126
9,101,0.032014790922403336,0.0958014577627182,0.06390812247991562
9,102,0.05060623213648796,0.09578613936901093,0.07319618761539459
9,103,0.09132850170135498,0.09621873497962952,0.09377361834049225
9,104,0.06239932402968407,0.09800311923027039,0.08020122349262238
9,105,0.12385386228561401,0.1031586304306984,0.1135062426328659
9,106,0.07426104694604874,0.097096286714077,0.08567866683006287
9,107,0.07517103850841522,0.09958495944738388,0.08737799525260925
9,108,0.04335813969373703,0.0955343246459961,0.06944623589515686
9,109,0.047171007841825485,0.09814771264791489,0.07265935838222504
9,110,0.09238716959953308,0.09670940041542053,0.0945482850074768
9,111,0.07733839750289917,0.10033900290727615,0.08883869647979736
9,112,0.054620373994112015,0.09606829285621643,0.07534433156251907
9,113,0.0348522923886776,0.09542256593704224,0.06513743102550507
9,114,0.045686110854148865,0.09509962797164917,0.07039286941289902
9,115,0.07554912567138672,0.09641057252883911,0.08597984910011292
9,116,0.02891113981604576,0.09552545845508575,0.06221830099821091
9,117,0.06377829611301422,0.09694121778011322,0.08035975694656372
9,118,0.07728492468595505,0.09633231908082962,0.08680862188339233
9,119,0.03997253254055977,0.09473128616809845,0.06735190749168396
9,120,0.08231502026319504,0.09475571662187576,0.0885353684425354
9,121,0.08039038628339767,0.10014834254980087,0.09026936441659927
9,122,0.06328032165765762,0.09673634171485901,0.08000832796096802
9,123,0.04907340928912163,0.09709848463535309,0.07308594882488251
9,124,0.12445760518312454,0.09887779504060745,0.111667700111866
9,125,0.1180296465754509,0.0990961566567421,0.1085629016160965
9,126,0.04529845342040062,0.09586811810731888,0.0705832839012146
9,127,0.06344335526227951,0.09829694777727127,0.08087015151977539
9,128,0.06408056616783142,0.09493523836135864,0.07950790226459503
9,129,0.06862469017505646,0.09647595137357712,0.08255031704902649
9,130,0.09651871770620346,0.09734637290239334,0.0969325453042984
9,131,0.06318646669387817,0.09542644023895264,0.0793064534664154
9,132,0.04154694452881813,0.09608260542154312,0.06881477683782578
9,133,0.065365731716156,0.09526742994785309,0.08031658083200455
9,134,0.05061497539281845,0.09528964012861252,0.07295230776071548
9,135,0.03668750450015068,0.09510355442762375,0.06589552760124207
9,136,0.0610315203666687,0.09792669117450714,0.07947910577058792
9,137,0.07380140572786331,0.09896201640367508,0.0863817110657692
9,138,0.052041325718164444,0.09627402573823929,0.07415767759084702
9,139,0.05511058494448662,0.09373047202825546,0.07442052662372589
9,140,0.0552985742688179,0.09388934820890427,0.07459396123886108
10,0,0.05175008624792099,0.09458454698324203,0.07316731661558151
10,1,0.04858364537358284,0.09620514512062073,0.07239439338445663
10,2,0.06007629260420799,0.09566409885883331,0.0778701975941658
10,3,0.057262271642684937,0.09632956981658936,0.07679592072963715
10,4,0.03801409900188446,0.09668732434511185,0.06735071539878845
10,5,0.04299348592758179,0.09435579925775528,0.06867463886737823
10,6,0.09674204140901566,0.09861696511507034,0.097679503262043
10,7,0.07262393087148666,0.09585215151309967,0.08423803746700287
10,8,0.03755471110343933,0.09380756318569183,0.06568113714456558
10,9,0.07569415122270584,0.09688934683799744,0.08629174530506134
10,10,0.07696659117937088,0.094095379114151,0.08553098142147064
10,11,0.04220019653439522,0.0933743491768837,0.0677872747182846
10,12,0.056658197194337845,0.09462981671094894,0.07564400881528854
10,13,0.05199281871318817,0.09504786878824234,0.07352034747600555
10,14,0.029836731031537056,0.09388159215450287,0.06185916066169739
10,15,0.04664910212159157,0.093004010617733,0.06982655823230743
10,16,0.05184562876820564,0.09589298069477081,0.07386930286884308
10,17,0.041672464460134506,0.09395118802785873,0.06781182438135147
10,18,0.03561726212501526,0.09407486021518707,0.06484606117010117
10,19,0.06301630288362503,0.09436672180891037,0.0786915123462677
10,20,0.044672366231679916,0.09333498030900955,0.06900367140769958
10,21,0.04502803832292557,0.09398052096366882,0.0695042759180069
10,22,0.058405306190252304,0.09372230619192123,0.07606380432844162
10,23,0.03799392282962799,0.09348458796739578,0.06573925912380219
10,24,0.04662679508328438,0.09231681376695633,0.0694718062877655
10,25,0.03882422670722008,0.094147227704525,0.06648572534322739
10,26,0.04145411029458046,0.09309758245944977,0.06727584451436996
10,27,0.04694055765867233,0.09260149300098419,0.06977102160453796
10,28,0.05089200288057327,0.09370958805084229,0.07230079174041748
10,29,0.04083671793341637,0.09236514568328857,0.06660093367099762
10,30,0.04932987689971924,0.09399869292974472,0.07166428864002228
10,31,0.0406002439558506,0.09482678771018982,0.06771351397037506
10,32,0.052060987800359726,0.09265484660863876,0.0723579153418541
10,33,0.04331709444522858,0.09308493137359619,0.06820101290941238
10,34,0.07475166022777557,0.09774124622344971,0.08624645322561264
10,35,0.04185590520501137,0.0925944447517395,0.06722517311573029
10,36,0.03651811182498932,0.09192514419555664,0.06422162801027298
10,37,0.04657177999615669,0.09217572957277298,0.06937375664710999
10,38,0.038674794137477875,0.09339895844459534,0.0660368800163269
10,39,0.039053838700056076,0.09323778748512268,0.06614581495523453
10,40,0.05432800203561783,0.09336216002702713,0.07384508103132248
10,41,0.0344904288649559,0.09224399924278259,0.06336721777915955
10,42,0.05665524676442146,0.0933019146323204,0.07497858256101608
10,43,0.07185301929712296,0.09358043223619461,0.08271672576665878
10,44,0.09845335781574249,0.09614850580692291,0.0973009318113327
10,45,0.05398457124829292,0.09338430315256119,0.0736844390630722
10,46,0.05091170594096184,0.09305520355701447,0.0719834566116333
10,47,0.032937392592430115,0.09223981946706772,0.06258860230445862
10,48,0.0400235690176487,0.09223540872335434,0.06612949073314667
10,49,0.06051231920719147,0.09553395956754684,0.07802313566207886
10,50,0.038575757294893265,0.09274305403232574,0.06565940380096436
10,51,0.032517433166503906,0.09298685938119888,0.0627521425485611
10,52,0.02660275809466839,0.09261821210384369,0.05961048603057861
10,53,0.040843650698661804,0.09227437525987625,0.06655901670455933
10,54,0.03480292111635208,0.09241338819265366,0.06360815465450287
10,55,0.06650836020708084,0.09213917702436447,0.07932376861572266
10,56,0.03171263262629509,0.09313951432704926,0.06242607533931732
10,57,0.04375798627734184,0.09109240770339966,0.0674251988530159
10,58,0.04256049543619156,0.09088297188282013,0.06672173738479614
10,59,0.06275594979524612,0.09356319159269333,0.07815957069396973
10,60,0.05108603835105896,0.09228717535734177,0.07168661057949066
10,61,0.08925320953130722,0.09461836516857147,0.09193578362464905
10,62,0.04618210345506668,0.09244169294834137,0.06931190192699432
10,63,0.05599985271692276,0.09113321453332901,0.07356653362512589
10,64,0.06494040787220001,0.09559988230466843,0.08027014136314392
10,65,0.03875509649515152,0.09145259112119675,0.06510384380817413
10,66,0.07823438942432404,0.09416425973176956,0.0861993283033371
10,67,0.029414338991045952,0.09042786806821823,0.059921104460954666
10,68,0.04809979721903801,0.09220971912145615,0.07015475630760193
10,69,0.032372936606407166,0.09165029227733612,0.06201161444187164
10,70,0.057097069919109344,0.09179462492465973,0.07444584369659424
10,71,0.11457651108503342,0.09169973433017731,0.10313811898231506
10,72,0.052965328097343445,0.09225262701511383,0.07260897755622864
10,73,0.04737289622426033,0.09198764711618423,0.06968027353286743
10,74,0.09207674115896225,0.09588468819856644,0.09398071467876434
10,75,0.04797099158167839,0.09203218668699265,0.07000158727169037
10,76,0.05112571269273758,0.09165795892477036,0.07139183580875397
10,77,0.03798680007457733,0.0895756185054779,0.06378120929002762
10,78,0.07271566241979599,0.09605193883180618,0.08438380062580109
10,79,0.048211634159088135,0.09266618639230728,0.07043890655040741
10,80,0.06329323351383209,0.09357552230358124,0.07843437790870667
10,81,0.038326069712638855,0.09118696302175522,0.06475651264190674
10,82,0.03669007867574692,0.09146837890148163,0.06407922506332397
10,83,0.05759712681174278,0.09225380420684814,0.07492546737194061
10,84,0.05466271936893463,0.09195949882268906,0.07331110537052155
10,85,0.029348596930503845,0.09054956585168839,0.059949081391096115
10,86,0.06870979070663452,0.0910852700471878,0.07989753037691116
10,87,0.0897081196308136,0.09592316299676895,0.09281563758850098
10,88,0.05475757643580437,0.09088074415922165,0.07281915843486786
10,89,0.05636034160852432,0.09494278579950333,0.07565156370401382
10,90,0.062044158577919006,0.09049200266599655,0.07626807689666748
10,91,0.05441507697105408,0.09367439895868301,0.07404473423957825
10,92,0.05900723487138748,0.09167266637086868,0.07533995062112808
10,93,0.05023585259914398,0.09212243556976318,0.07117914408445358
10,94,0.054052386432886124,0.09466283768415451,0.07435761392116547
10,95,0.09177020192146301,0.09553136676549911,0.09365078806877136
10,96,0.0582442432641983,0.0896553248167038,0.07394978404045105
10,97,0.050054021179676056,0.09149646759033203,0.07077524065971375
10,98,0.043928179889917374,0.09105311334133148,0.06749064475297928
10,99,0.045355696231126785,0.09267536550760269,0.06901553273200989
10,100,0.08161292225122452,0.0918283760547638,0.08672064542770386
10,101,0.060701869428157806,0.09259052574634552,0.07664619386196136
10,102,0.0672617107629776,0.09074509143829346,0.07900340110063553
10,103,0.0752941146492958,0.0908544734120369,0.08307429403066635
10,104,0.050982989370822906,0.09342024475336075,0.07220161706209183
10,105,0.041075434535741806,0.0893087387084961,0.0651920884847641
10,106,0.04617263376712799,0.09009598940610886,0.06813430786132812
10,107,0.048760395497083664,0.09307282418012619,0.07091660797595978
10,108,0.05376762896776199,0.08936461806297302,0.07156611979007721
10,109,0.06974314153194427,0.09175519645214081,0.08074916899204254
10,110,0.07267806679010391,0.09471218287944794,0.08369512856006622
10,111,0.049523308873176575,0.09076188504695892,0.07014259696006775
10,112,0.04464606195688248,0.0906410962343216,0.06764358282089233
10,113,0.061511967331171036,0.09055738896131516,0.07603468000888824
10,114,0.0351051464676857,0.0902584120631218,0.06268177926540375
10,115,0.04122813418507576,0.0889873206615448,0.06510772556066513
10,116,0.034782808274030685,0.08964511752128601,0.0622139647603035
10,117,0.0588362030684948,0.09230257570743561,0.07556939125061035
10,118,0.04731851443648338,0.09190134704113007,0.06960993260145187
10,119,0.06690724194049835,0.09188450127840042,0.07939587533473969
10,120,0.058477792888879776,0.09127890318632126,0.07487834990024567
10,121,0.029210558161139488,0.08909507840871811,0.05915281921625137
10,122,0.03283596411347389,0.08942235261201859,0.06112916022539139
10,123,0.05845844745635986,0.09236735105514526,0.07541289925575256
10,124,0.037859633564949036,0.08967327326536179,0.06376644968986511
10,125,0.0323946513235569,0.08906904608011246,0.06073185056447983
10,126,0.04392879456281662,0.09133613109588623,0.06763246655464172
10,127,0.03720558062195778,0.08875326067209244,0.06297942250967026
10,128,0.0387486107647419,0.08792046457529068,0.06333453953266144
10,129,0.08044113218784332,0.09018463641405106,0.08531288802623749
10,130,0.058430977165699005,0.09247474372386932,0.07545286417007446
10,131,0.05586778745055199,0.08992811292409897,0.07289794832468033
10,132,0.04020417481660843,0.09014252573251724,0.06517335027456284
10,133,0.035792067646980286,0.08987688273191452,0.0628344714641571
10,134,0.05844375491142273,0.08930542320013046,0.0738745927810669
10,135,0.04649024456739426,0.0897630974650383,0.06812667101621628
10,136,0.04373621195554733,0.0886329635977745,0.06618458777666092
10,137,0.1281176060438156,0.09105860441923141,0.10958810150623322
10,138,0.038620106875896454,0.08865486085414886,0.06363748013973236
10,139,0.030231989920139313,0.08841965347528458,0.059325821697711945
10,140,0.038939520716667175,0.08823951333761215,0.06358951330184937
11,0,0.031916163861751556,0.08821005374193192,0.060063108801841736
11,1,0.044708795845508575,0.08952569216489792,0.06711724400520325
11,2,0.05718433856964111,0.08821148425340652,0.07269790768623352
11,3,0.03499799594283104,0.08742008358240128,0.06120903789997101
11,4,0.04780377075076103,0.0877932757139206,0.06779852509498596
11,5,0.0387205109000206,0.08853405714035034,0.06362728774547577
11,6,0.051793452352285385,0.08879070729017258,0.07029207795858383
11,7,0.05772661417722702,0.08914948999881744,0.07343804836273193
11,8,0.04391380771994591,0.08962754160165787,0.06677067279815674
11,9,0.05056115612387657,0.08962447941303253,0.0700928196310997
11,10,0.06975220888853073,0.09065656363964081,0.08020438253879547
11,11,0.05336770415306091,0.09116444736719131,0.07226607203483582
11,12,0.02556818723678589,0.08721145987510681,0.05638982355594635
11,13,0.06380326300859451,0.0904986634850502,0.07715096324682236
11,14,0.0802188366651535,0.08917617797851562,0.08469750732183456
11,15,0.050303176045417786,0.08768295496702194,0.06899306178092957
11,16,0.04313681274652481,0.08948568999767303,0.06631125509738922
11,17,0.060791511088609695,0.09120219200849533,0.07599685341119766
11,18,0.05171108618378639,0.08798849582672119,0.06984978914260864
11,19,0.04206304997205734,0.08785106986761093,0.06495705991983414
11,20,0.05171813443303108,0.0878506675362587,0.06978440284729004
11,21,0.052727557718753815,0.08694902807474136,0.06983829289674759
11,22,0.03669710457324982,0.08757202327251434,0.06213456392288208
11,23,0.09425459057092667,0.09165430068969727,0.09295444190502167
11,24,0.051946528255939484,0.08963758498430252,0.070792056620121
11,25,0.038337040692567825,0.08831793814897537,0.06332749128341675
11,26,0.05399387702345848,0.08838552236557007,0.07118970155715942
11,27,0.052528440952301025,0.09197042882442474,0.07224943488836288
11,28,0.04308629781007767,0.0889342725276947,0.06601028144359589
11,29,0.04893558472394943,0.08848701417446136,0.0687112957239151
11,30,0.041650451719760895,0.08717485517263412,0.06441265344619751
11,31,0.08404919505119324,0.08925646543502808,0.08665283024311066
11,32,0.026578176766633987,0.08774576336145401,0.05716197192668915
11,33,0.06883632391691208,0.09009072929620743,0.07946352660655975
11,34,0.08621300756931305,0.09395178407430649,0.09008239209651947
11,35,0.0448773056268692,0.08776196092367172,0.06631962954998016
11,36,0.035717833787202835,0.08741553872823715,0.06156668812036514
11,37,0.06934641301631927,0.08908744156360626,0.07921692728996277
11,38,0.05319485440850258,0.08898361772298813,0.0710892379283905
11,39,0.04221705347299576,0.08768685162067413,0.06495195627212524
11,40,0.13809734582901,0.0946933776140213,0.11639536172151566
11,41,0.04060976579785347,0.08957108110189438,0.06509042531251907
11,42,0.059197358787059784,0.08713120222091675,0.07316428422927856
11,43,0.05086807161569595,0.08848532289266586,0.06967669725418091
11,44,0.07456903904676437,0.08901020139455795,0.08178962022066116
11,45,0.06609588861465454,0.08938303589820862,0.07773946225643158
11,46,0.04911575838923454,0.08717626333236694,0.06814601272344589
11,47,0.02772548794746399,0.08642057329416275,0.05707303062081337
11,48,0.030278725549578667,0.08802445232868195,0.05915158987045288
11,49,0.02478424832224846,0.0860169529914856,0.055400602519512177
11,50,0.036275435239076614,0.0861077532172203,0.06119159609079361
11,51,0.0431457944214344,0.08758486062288284,0.06536532938480377
11,52,0.04976407065987587,0.08718380331993103,0.0684739351272583
11,53,0.03888096287846565,0.08705560863018036,0.06296828389167786
11,54,0.033352989703416824,0.08741315454244614,0.06038307398557663
11,55,0.04675047844648361,0.08803887665271759,0.0673946738243103
11,56,0.04372578486800194,0.08685556054115295,0.0652906745672226
11,57,0.03728283941745758,0.08691331744194031,0.062098078429698944
11,58,0.06094834581017494,0.08687841147184372,0.07391338050365448
11,59,0.04654040187597275,0.08665177971124649,0.06659609079360962
11,60,0.06145086511969566,0.08708608895540237,0.07426847517490387
11,61,0.04158666729927063,0.08684015274047852,0.06421341001987457
11,62,0.05090019106864929,0.08812230825424194,0.06951124966144562
11,63,0.04378201439976692,0.08873075246810913,0.06625638157129288
11,64,0.05805777385830879,0.08726322650909424,0.07266049832105637
11,65,0.0415569543838501,0.08729557693004608,0.06442626565694809
11,66,0.02598498947918415,0.08569074422121048,0.05583786591887474
11,67,0.04111511632800102,0.08738541603088379,0.06425026804208755
11,68,0.03522263839840889,0.08720948547124863,0.06121606379747391
11,69,0.04437663033604622,0.08766274154186249,0.0660196840763092
11,70,0.039298683404922485,0.08670753240585327,0.06300310790538788
11,71,0.07701577991247177,0.0868903249502182,0.08195304870605469
11,72,0.0419146902859211,0.08639665693044662,0.06415567547082901
11,73,0.044241100549697876,0.0869244635105133,0.06558278203010559
11,74,0.08777672052383423,0.09032391756772995,0.08905032277107239
11,75,0.07188309729099274,0.0884600579738617,0.08017157763242722
11,76,0.03537903353571892,0.08532071113586426,0.06034987419843674
11,77,0.05452945455908775,0.08928819745779037,0.07190882414579391
11,78,0.040683310478925705,0.08674934506416321,0.0637163296341896
11,79,0.05629003047943115,0.0872606411576271,0.07177533209323883
11,80,0.05895424261689186,0.08607122302055359,0.07251273095607758
11,81,0.053420692682266235,0.08842431753873825,0.07092250883579254
11,82,0.06495103985071182,0.088259257376194,0.07660514861345291
11,83,0.053616248071193695,0.08643891662359238,0.07002758234739304
11,84,0.03578508272767067,0.0857144221663475,0.060749754309654236
11,85,0.05105845630168915,0.08647216111421585,0.0687653124332428
11,86,0.036436527967453,0.08593638241291046,0.06118645519018173
11,87,0.05023551359772682,0.08747608214616776,0.06885579973459244
11,88,0.051666028797626495,0.0861954614520073,0.0689307451248169
11,89,0.10173717141151428,0.0889475867152214,0.09534238278865814
11,90,0.043370071798563004,0.08659128844738007,0.06498067826032639
11,91,0.035289790481328964,0.08700177073478699,0.061145782470703125
11,92,0.03815790265798569,0.08692439645528793,0.06254114955663681
11,93,0.03860284388065338,0.08446609228849411,0.061534468084573746
11,94,0.07111284881830215,0.088254414498806,0.07968363165855408
11,95,0.03372877091169357,0.08539539575576782,0.0595620833337307
11,96,0.03069322742521763,0.08426694571971893,0.057480085641145706
11,97,0.05217490345239639,0.08799398690462112,0.07008444517850876
11,98,0.06103847175836563,0.0871577039361,0.07409808784723282
11,99,0.04679083824157715,0.0864422619342804,0.06661655008792877
11,100,0.04400219768285751,0.08482208847999573,0.06441214680671692
11,101,0.044503211975097656,0.08618412166833878,0.06534366309642792
11,102,0.04191763699054718,0.08439707010984421,0.0631573498249054
11,103,0.036877986043691635,0.08482135832309723,0.06084967404603958
11,104,0.06416843086481094,0.08634629100561142,0.07525736093521118
11,105,0.05226779356598854,0.0893697589635849,0.07081877440214157
11,106,0.060720331966876984,0.08435667306184769,0.07253850251436234
11,107,0.07229126989841461,0.08488919585943222,0.07859022915363312
11,108,0.05176892504096031,0.08541315793991089,0.06859104335308075
11,109,0.07377124577760696,0.0875750407576561,0.08067314326763153
11,110,0.03938079997897148,0.08615633100271225,0.06276856362819672
11,111,0.044975362718105316,0.08626364171504974,0.06561949849128723
11,112,0.059053730219602585,0.08541289716959,0.07223331183195114
11,113,0.05413268133997917,0.08478621393442154,0.0694594457745552
11,114,0.056002289056777954,0.08752575516700745,0.0717640221118927
11,115,0.03941776603460312,0.08534367382526398,0.06238071992993355
11,116,0.052769985049963,0.08728059381246567,0.07002528756856918
11,117,0.04043380171060562,0.08473877608776093,0.06258629262447357
11,118,0.06272555887699127,0.08653074502944946,0.07462815195322037
11,119,0.030263708904385567,0.08538678288459778,0.0578252449631691
11,120,0.09221620112657547,0.08748888969421387,0.08985254168510437
11,121,0.047571953386068344,0.08518438786268234,0.0663781687617302
11,122,0.04959290474653244,0.08652869611978531,0.06806080043315887
11,123,0.03987029567360878,0.0856940820813179,0.06278219074010849
11,124,0.04606332629919052,0.08551882207393646,0.0657910704612732
11,125,0.03408418968319893,0.08414089679718018,0.0591125413775444
11,126,0.036382369697093964,0.08472614735364914,0.06055425852537155
11,127,0.04469984397292137,0.08496743440628052,0.0648336410522461
11,128,0.03121230937540531,0.08412905037403107,0.057670678943395615
11,129,0.03846210613846779,0.08355988562107086,0.061010994017124176
11,130,0.04154098778963089,0.08348750323057175,0.06251424551010132
11,131,0.04592939466238022,0.08643540740013123,0.06618240475654602
11,132,0.11459916830062866,0.08754883706569672,0.10107400268316269
11,133,0.0582544319331646,0.08629436790943146,0.07227440178394318
11,134,0.03593220189213753,0.08435358852148056,0.06014289706945419
11,135,0.061603885143995285,0.08549188077449799,0.07354788482189178
11,136,0.044154226779937744,0.08611524850130081,0.06513473391532898
11,137,0.04390169307589531,0.08504459261894226,0.06447314471006393
11,138,0.042716577649116516,0.08399604260921478,0.06335631012916565
11,139,0.030357949435710907,0.08349341154098511,0.05692568048834801
11,140,0.05672431364655495,0.08523619920015335,0.0709802582859993
12,0,0.05929534137248993,0.08493243157863617,0.07211388647556305
12,1,0.06417158991098404,0.084353506565094,0.07426254451274872
12,2,0.11106514185667038,0.08779164403676987,0.09942839294672012
12,3,0.042819902300834656,0.08448843657970428,0.06365416944026947
12,4,0.03957322612404823,0.08514734357595444,0.062360286712646484
12,5,0.07674991339445114,0.08474143594503403,0.08074567466974258
12,6,0.051022306084632874,0.08540583401918411,0.06821407377719879
12,7,0.09330680221319199,0.08926388621330261,0.0912853479385376
12,8,0.0581565722823143,0.08369208872318268,0.07092432677745819
12,9,0.02510659396648407,0.08260594308376312,0.053856268525123596
12,10,0.04045949876308441,0.08327316492795944,0.06186633184552193
12,11,0.04826541617512703,0.08484853059053421,0.06655697524547577
12,12,0.0340534932911396,0.08389510214328766,0.05897429585456848
12,13,0.07649168372154236,0.08657358586788177,0.08153263479471207
12,14,0.030353968963027,0.08361981809139252,0.05698689445853233
12,15,0.0551365427672863,0.08344192802906036,0.06928923726081848
12,16,0.041101980954408646,0.08454887568950653,0.06282542645931244
12,17,0.039391666650772095,0.0852121114730835,0.062301889061927795
12,18,0.06419899314641953,0.08606815338134766,0.07513357698917389
12,19,0.03396390751004219,0.08441722393035889,0.05919056385755539
12,20,0.041099440306425095,0.08441931009292603,0.06275937706232071
12,21,0.028859831392765045,0.08355595171451569,0.056207891553640366
12,22,0.03693344071507454,0.0834369882941246,0.06018521636724472
12,23,0.09525824338197708,0.0848931297659874,0.09007568657398224
12,24,0.04631297290325165,0.08409401029348373,0.06520348787307739
12,25,0.03474166616797447,0.08421912044286728,0.059480391442775726
12,26,0.05264253541827202,0.08237142860889435,0.06750698387622833
12,27,0.03704364597797394,0.08241144567728043,0.05972754582762718
12,28,0.056010060012340546,0.08621936291456223,0.07111471146345139
12,29,0.13408523797988892,0.08722378313541412,0.11065451055765152
12,30,0.046244192868471146,0.08404123783111572,0.06514271348714828
12,31,0.044487111270427704,0.08271810412406921,0.06360261142253876
12,32,0.05860675498843193,0.08363870531320572,0.07112272828817368
12,33,0.03043135069310665,0.08304040133953094,0.05673587694764137
12,34,0.04725388064980507,0.08531083911657333,0.06628236174583435
12,35,0.040773745626211166,0.08458820730447769,0.06268097460269928
12,36,0.04898691177368164,0.0834796205163002,0.06623326241970062
12,37,0.027493666857481003,0.08239137381315231,0.05494251847267151
12,38,0.03659258037805557,0.08279528468847275,0.05969393253326416
12,39,0.04827219620347023,0.08319685608148575,0.06573452800512314
12,40,0.042105380445718765,0.08255591243505478,0.06233064830303192
12,41,0.04145583137869835,0.08357086032629013,0.06251334398984909
12,42,0.04080095887184143,0.08317530155181885,0.06198813021183014
12,43,0.03504939377307892,0.0823243036866188,0.05868684872984886
12,44,0.039553623646497726,0.0849190354347229,0.06223633140325546
12,45,0.0387742817401886,0.08272282034158707,0.06074855104088783
12,46,0.033079564571380615,0.08319418877363205,0.05813687667250633
12,47,0.07384046167135239,0.08344376087188721,0.0786421149969101
12,48,0.036341071128845215,0.08191117644309998,0.059126123785972595
12,49,0.03629770502448082,0.08219101279973984,0.05924435704946518
12,50,0.028939522802829742,0.08215303719043732,0.05554627999663353
12,51,0.04658263176679611,0.08413305133581161,0.06535784155130386
12,52,0.06973456591367722,0.08662603795528412,0.07818029820919037
12,53,0.06639908999204636,0.08427445590496063,0.0753367692232132
12,54,0.10483533889055252,0.08430495858192444,0.09457014501094818
12,55,0.038700204342603683,0.08264907449483871,0.06067463755607605
12,56,0.02703973837196827,0.08171173930168152,0.05437573790550232
12,57,0.03898277133703232,0.0820721909403801,0.06052748113870621
12,58,0.05304861068725586,0.0844540074467659,0.06875130534172058
12,59,0.05899082124233246,0.08156759291887283,0.07027921080589294
12,60,0.05298015847802162,0.08235765993595123,0.06766890734434128
12,61,0.043957214802503586,0.08327117562294006,0.06361419707536697
12,62,0.048028167337179184,0.08388897776603699,0.06595857441425323
12,63,0.05520409718155861,0.08349765092134476,0.06935087591409683
12,64,0.03605242073535919,0.08211912214756012,0.059085771441459656
12,65,0.02740936540067196,0.08061723411083221,0.05401330068707466
12,66,0.0367804691195488,0.08230846375226974,0.05954446643590927
12,67,0.050999194383621216,0.08431218564510345,0.06765569001436234
12,68,0.07288140058517456,0.08201391249895096,0.07744765281677246
12,69,0.04174831509590149,0.08263788372278214,0.06219309940934181
12,70,0.023639224469661713,0.08102026581764221,0.05232974514365196
12,71,0.060748737305402756,0.08249261230230331,0.07162067294120789
12,72,0.05098450183868408,0.08257019519805908,0.06677734851837158
12,73,0.04014607146382332,0.08132868260145187,0.060737378895282745
12,74,0.03554367274045944,0.08061598241329193,0.05807982757687569
12,75,0.04303307831287384,0.0822555273771286,0.06264430284500122
12,76,0.03492579609155655,0.08180537074804306,0.058365583419799805
12,77,0.04835163429379463,0.08436091989278793,0.06635627895593643
12,78,0.03470790758728981,0.08191994577646255,0.05831392854452133
12,79,0.03563331812620163,0.08173289149999619,0.05868310481309891
12,80,0.02821553312242031,0.0818328857421875,0.05502421036362648
12,81,0.03433810546994209,0.08063546568155289,0.05748678743839264
12,82,0.04649017006158829,0.08194269984960556,0.06421643495559692
12,83,0.08159466087818146,0.08233269304037094,0.0819636732339859
12,84,0.06441618502140045,0.08175071328878403,0.07308344542980194
12,85,0.09445624053478241,0.0885026827454567,0.09147946536540985
12,86,0.0639960914850235,0.0830734521150589,0.0735347718000412
12,87,0.038428954780101776,0.08102758973836899,0.05972827225923538
12,88,0.045984700322151184,0.08277808129787445,0.06438139081001282
12,89,0.03553815186023712,0.0807233676314354,0.05813075974583626
12,90,0.06573057919740677,0.08344776928424835,0.07458917796611786
12,91,0.04545342177152634,0.08207128942012787,0.0637623518705368
12,92,0.0350758396089077,0.08194782584905624,0.05851183086633682
12,93,0.036211322993040085,0.08043975383043289,0.05832553654909134
12,94,0.02693682163953781,0.08057389408349991,0.05375535786151886
12,95,0.03691960871219635,0.08195697516202927,0.05943829193711281
12,96,0.038152776658535004,0.08035571873188019,0.059254247695207596
12,97,0.05629301071166992,0.08129660040140152,0.06879480183124542
12,98,0.05689755454659462,0.08277333527803421,0.06983544677495956
12,99,0.038854144513607025,0.08137881010770798,0.0601164773106575
12,100,0.03873859718441963,0.08067750185728073,0.05970805138349533
12,101,0.037734709680080414,0.0815972164273262,0.05966596305370331
12,102,0.06591176241636276,0.08164279907941818,0.07377728074789047
12,103,0.04776962473988533,0.08053948730230331,0.06415455788373947
12,104,0.035766247659921646,0.08182241022586823,0.058794327080249786
12,105,0.09628981351852417,0.08461062610149384,0.090450219810009
12,106,0.04056870937347412,0.07975577563047409,0.060162242501974106
12,107,0.04712442308664322,0.0822366252541542,0.06468052417039871
12,108,0.05592609941959381,0.0810905173420906,0.06850831210613251
12,109,0.04608564078807831,0.08233404904603958,0.06420984864234924
12,110,0.05487393960356712,0.08305367827415466,0.06896381080150604
12,111,0.04456140100955963,0.08156657218933105,0.06306398659944534
12,112,0.045614808797836304,0.08077934384346008,0.0631970763206482
12,113,0.05267028883099556,0.08063314110040665,0.06665171682834625
12,114,0.03137124702334404,0.08097350597381592,0.05617237836122513
12,115,0.04092720150947571,0.08068374544382095,0.06080547347664833
12,116,0.08511890470981598,0.08351918309926987,0.08431904017925262
12,117,0.032407261431217194,0.07969046384096146,0.056048862636089325
12,118,0.03530873730778694,0.08085845410823822,0.05808359384536743
12,119,0.09368082135915756,0.08393634110689163,0.0888085812330246
12,120,0.03750906139612198,0.08055732399225235,0.059033192694187164
12,121,0.04942885413765907,0.08063160628080368,0.06503023207187653
12,122,0.057103946805000305,0.08156616240739822,0.06933505833148956
12,123,0.037739403545856476,0.08055827766656876,0.059148840606212616
12,124,0.04384113475680351,0.08034205436706543,0.06209159642457962
12,125,0.03290442004799843,0.08139681071043015,0.057150617241859436
12,126,0.059343546628952026,0.08325948566198349,0.07130151987075806
12,127,0.03969613090157509,0.08171950280666351,0.06070781499147415
12,128,0.03444533050060272,0.07986482977867126,0.05715508013963699
12,129,0.04403211921453476,0.0818713828921318,0.06295175105333328
12,130,0.06291813403367996,0.08152461796998978,0.07222137600183487
12,131,0.055535752326250076,0.0811687782406807,0.06835226714611053
12,132,0.03449960798025131,0.08009529113769531,0.05729744955897331
12,133,0.05648978799581528,0.08374035358428955,0.07011507451534271
12,134,0.06356112658977509,0.08289293944835663,0.07322703301906586
12,135,0.02894827537238598,0.07999354600906372,0.054470911622047424
12,136,0.04460204765200615,0.08139555156230927,0.06299880146980286
12,137,0.04629800468683243,0.08097797632217407,0.06363798677921295
12,138,0.03581184148788452,0.08053679019212723,0.058174315840005875
12,139,0.03896215185523033,0.08047360926866531,0.05971787869930267
12,140,0.057264294475317,0.08119950443506241,0.06923189759254456
13,0,0.03748870640993118,0.08003080636262894,0.05875975638628006
13,1,0.049765948206186295,0.07985400408506393,0.06480997800827026
13,2,0.037346307188272476,0.07949516922235489,0.05842074006795883
13,3,0.07038778066635132,0.08112435042858124,0.07575606554746628
13,4,0.038138970732688904,0.0796038806438446,0.058871425688266754
13,5,0.027075450867414474,0.079579658806324,0.05332755297422409
13,6,0.03535987064242363,0.08033507317304611,0.05784747004508972
13,7,0.03885163739323616,0.08232337981462479,0.06058751046657562
13,8,0.052267298102378845,0.08162666857242584,0.06694698333740234
13,9,0.05202963203191757,0.0803949311375618,0.06621228158473969
13,10,0.043416865170001984,0.0806078091263771,0.062012337148189545
13,11,0.029535584151744843,0.08104449510574341,0.055290039628744125
13,12,0.05092386156320572,0.07904953509569168,0.0649866983294487
13,13,0.060816019773483276,0.07886254042387009,0.06983928382396698
13,14,0.051590681076049805,0.07953208684921265,0.06556138396263123
13,15,0.03999413922429085,0.08000483363866806,0.0599994882941246
13,16,0.04508746415376663,0.0810508280992508,0.06306914985179901
13,17,0.037513814866542816,0.07885657995939255,0.05818519741296768
13,18,0.04389321804046631,0.07825278490781784,0.061073001474142075
13,19,0.06680334359407425,0.08421465754508972,0.07550899684429169
13,20,0.03056260198354721,0.07868260145187378,0.054622601717710495
13,21,0.028163105249404907,0.08006822317838669,0.0541156642138958
13,22,0.046101659536361694,0.08027723431587219,0.06318944692611694
13,23,0.0389760285615921,0.07893075048923492,0.05895338952541351
13,24,0.040718186646699905,0.07941163331270218,0.06006491184234619
13,25,0.05594376102089882,0.07852914184331894,0.06723645329475403
13,26,0.05678141117095947,0.07921367883682251,0.06799754500389099
13,27,0.03950117900967598,0.07990606874227524,0.05970362573862076
13,28,0.029952887445688248,0.07944469898939133,0.054698795080184937
13,29,0.03963526710867882,0.08071998506784439,0.060177624225616455
13,30,0.06935868412256241,0.08125406503677368,0.07530637085437775
13,31,0.09534337371587753,0.08090884238481522,0.08812610805034637
13,32,0.02733333595097065,0.07878503948450089,0.05305918678641319
13,33,0.06700608134269714,0.08160426467657089,0.07430517673492432
13,34,0.05626893416047096,0.07889439165592194,0.0675816610455513
13,35,0.04766123741865158,0.07868678867816925,0.06317400932312012
13,36,0.05997004359960556,0.07984580844640732,0.06990792602300644
13,37,0.032745905220508575,0.07804514467716217,0.05539552494883537
13,38,0.033815648406744,0.07868466526269913,0.056250154972076416
13,39,0.03684964030981064,0.07859694957733154,0.05772329494357109
13,40,0.06642971187829971,0.08444837480783463,0.07543904334306717
13,41,0.041576188057661057,0.0793536975979805,0.06046494096517563
13,42,0.042985234409570694,0.07920148223638535,0.06109336018562317
13,43,0.047934286296367645,0.07797490060329437,0.06295458972454071
13,44,0.060062091797590256,0.07955272495746613,0.06980741024017334
13,45,0.059551212936639786,0.08137597888708115,0.07046359777450562
13,46,0.03535439074039459,0.07801633328199387,0.05668536201119423
13,47,0.02466673217713833,0.07749804109334946,0.05108238756656647
13,48,0.03561149537563324,0.07891713082790375,0.057264313101768494
13,49,0.03660377487540245,0.07846233248710632,0.057533055543899536
13,50,0.08769307285547256,0.07898081094026566,0.08333694189786911
13,51,0.05380184203386307,0.07823812961578369,0.06601998209953308
13,52,0.05864804983139038,0.08032630383968353,0.06948717683553696
13,53,0.03966108337044716,0.07767494022846222,0.05866800993680954
13,54,0.08016322553157806,0.08172924816608429,0.08094623684883118
13,55,0.04588981345295906,0.08119366317987442,0.06354174017906189
13,56,0.055021848529577255,0.07926743477582932,0.06714463979005814
13,57,0.052523303776979446,0.07941092550754547,0.06596711277961731
13,58,0.04706614837050438,0.07835076004266739,0.06270845234394073
13,59,0.04827864095568657,0.07813193649053574,0.063205286860466
13,60,0.029562141746282578,0.07849955558776855,0.054030850529670715
13,61,0.054702457040548325,0.07963526248931885,0.06716886162757874
13,62,0.042439792305231094,0.081487275660038,0.061963535845279694
13,63,0.05005567520856857,0.08019120246171951,0.06512343883514404
13,64,0.051185015588998795,0.07839641720056534,0.06479071825742722
13,65,0.030593806877732277,0.0773998275399208,0.05399681627750397
13,66,0.030382700264453888,0.07786335796117783,0.05412302911281586
13,67,0.04136054217815399,0.07809434831142426,0.059727445244789124
13,68,0.039819519966840744,0.07758372277021408,0.05870161950588226
13,69,0.03585084155201912,0.08018507063388824,0.05801795423030853
13,70,0.0352194719016552,0.07704055309295654,0.05613001435995102
13,71,0.06940975785255432,0.07988336682319641,0.07464656233787537
13,72,0.025479529052972794,0.0772666409611702,0.051373086869716644
13,73,0.04919677600264549,0.07755843549966812,0.06337760388851166
13,74,0.03865090012550354,0.0773703083395958,0.05801060423254967
13,75,0.051683951169252396,0.07834827154874802,0.06501611322164536
13,76,0.07636436074972153,0.0813312977552414,0.07884782552719116
13,77,0.04185155779123306,0.07828612625598907,0.06006884202361107
13,78,0.03252570331096649,0.07803346961736679,0.05527958646416664
13,79,0.03365311399102211,0.07707622647285461,0.05536466836929321
13,80,0.035755738615989685,0.07812485098838806,0.05694029480218887
13,81,0.028561286628246307,0.0774417594075203,0.0530015230178833
13,82,0.03883438557386398,0.07721249759197235,0.05802344158291817
13,83,0.03428136184811592,0.07707661390304565,0.05567898601293564
13,84,0.04188236594200134,0.0785067081451416,0.06019453704357147
13,85,0.05306657403707504,0.07921412587165833,0.06614035367965698
13,86,0.06966114789247513,0.07994277030229568,0.0748019590973854
13,87,0.0213359035551548,0.0769469141960144,0.04914140701293945
13,88,0.03994062542915344,0.07731716334819794,0.05862889438867569
13,89,0.07461626827716827,0.07976836711168289,0.07719232141971588
13,90,0.043832842260599136,0.07889261096715927,0.06136272847652435
13,91,0.033542364835739136,0.07748551666736603,0.05551394075155258
13,92,0.04673776775598526,0.07670796662569046,0.06172286719083786
13,93,0.060350608080625534,0.07996274530887604,0.07015667855739594
13,94,0.06656692922115326,0.07883279770612717,0.07269985973834991
13,95,0.040836967527866364,0.07796158641576767,0.05939927697181702
13,96,0.05661787465214729,0.07731486856937408,0.06696636974811554
13,97,0.029347611591219902,0.07790253311395645,0.05362507328391075
13,98,0.06612055003643036,0.07992179691791534,0.07302117347717285
13,99,0.037458669394254684,0.07789797335863113,0.05767831951379776
13,100,0.04120940342545509,0.07824580371379852,0.05972760170698166
13,101,0.047095395624637604,0.07683899253606796,0.06196719408035278
13,102,0.03381206840276718,0.07661699503660202,0.0552145317196846
13,103,0.04198111966252327,0.0775328055024147,0.059756964445114136
13,104,0.04549122229218483,0.07558470964431763,0.06053796410560608
13,105,0.032795071601867676,0.07750490307807922,0.05514998733997345
13,106,0.03554360568523407,0.07845082134008408,0.05699721351265907
13,107,0.04960929602384567,0.07884009927511215,0.06422469764947891
13,108,0.03476163372397423,0.07778891175985336,0.056275270879268646
13,109,0.03087741695344448,0.0754985585808754,0.05318798869848251
13,110,0.036543648689985275,0.07795002311468124,0.05724683403968811
13,111,0.03849170729517937,0.07601012289524078,0.057250916957855225
13,112,0.050517067313194275,0.0776466652750969,0.06408186256885529
13,113,0.04900078475475311,0.07665060460567474,0.06282569468021393
13,114,0.03952842950820923,0.07744400203227997,0.0584862157702446
13,115,0.041023850440979004,0.07746723294258118,0.05924554169178009
13,116,0.06882761418819427,0.07756723463535309,0.07319742441177368
13,117,0.038214217871427536,0.07558164745569229,0.056897930800914764
13,118,0.044707007706165314,0.07623454183340073,0.06047077476978302
13,119,0.03052917681634426,0.07683304697275162,0.053681112825870514
13,120,0.06151647865772247,0.07798238843679428,0.06974942982196808
13,121,0.028240159153938293,0.07654312252998352,0.05239164084196091
13,122,0.0552678219974041,0.07582167536020279,0.0655447468161583
13,123,0.03100731037557125,0.0779733806848526,0.0544903464615345
13,124,0.03169992193579674,0.07679669559001923,0.05424831062555313
13,125,0.03616924211382866,0.07691065967082977,0.056539952754974365
13,126,0.031846314668655396,0.07535502314567566,0.05360066890716553
13,127,0.04840246960520744,0.07621617615222931,0.062309324741363525
13,128,0.07504160702228546,0.0791846290230751,0.07711312174797058
13,129,0.059673380106687546,0.07982265949249268,0.06974802166223526
13,130,0.04803456738591194,0.07912826538085938,0.06358141452074051
13,131,0.06468801945447922,0.0805961862206459,0.07264210283756256
13,132,0.06879542022943497,0.07690481096506119,0.07285011559724808
13,133,0.09587031602859497,0.07894808799028397,0.08740919828414917
13,134,0.04097853973507881,0.0772293210029602,0.05910392850637436
13,135,0.0439007468521595,0.0793394148349762,0.0616200789809227
13,136,0.06666035205125809,0.07965990900993347,0.07316012680530548
13,137,0.03382096439599991,0.07605117559432983,0.05493606999516487
13,138,0.044805921614170074,0.07633048295974731,0.060568202286958694
13,139,0.03633565828204155,0.07681675255298615,0.056576207280159
13,140,0.0759824588894844,0.07761704921722412,0.07679975032806396
14,0,0.04162586107850075,0.07693064957857132,0.05927825719118118
14,1,0.04306145757436752,0.07546539604663849,0.059263426810503006
14,2,0.05811091139912605,0.07795218378305435,0.06803154945373535
14,3,0.02273724600672722,0.07495953887701035,0.04884839057922363
14,4,0.04262970760464668,0.07518106698989868,0.05890538543462753
14,5,0.03905564174056053,0.07550821453332901,0.05728192627429962
14,6,0.024517305195331573,0.07571759819984436,0.05011745169758797
14,7,0.03808644041419029,0.0763302594423294,0.057208351790905
14,8,0.04336883872747421,0.07545346021652222,0.059411149471998215
14,9,0.026539035141468048,0.07584380358457565,0.05119141936302185
14,10,0.02409781888127327,0.07463322579860687,0.04936552047729492
14,11,0.07420168817043304,0.07886701077222824,0.07653434574604034
14,12,0.05040467157959938,0.07951842993497849,0.06496155261993408
14,13,0.02867019921541214,0.07468527555465698,0.05167773738503456
14,14,0.03416432440280914,0.07699727267026901,0.05558079853653908
14,15,0.07626014202833176,0.0772109180688858,0.07673552632331848
14,16,0.05191928520798683,0.07756918668746948,0.06474423408508301
14,17,0.03513500839471817,0.07599611580371857,0.05556556209921837
14,18,0.041868019849061966,0.07453300058841705,0.05820050835609436
14,19,0.05257094278931618,0.0752839595079422,0.06392744928598404
14,20,0.0481383241713047,0.07773936539888382,0.06293884664773941
14,21,0.02444641850888729,0.07512392103672028,0.04978517070412636
14,22,0.027181565761566162,0.074886754155159,0.05103415995836258
14,23,0.07017266750335693,0.076304592192173,0.07323862612247467
14,24,0.035489439964294434,0.07515289634466171,0.05532116815447807
14,25,0.04236214980483055,0.07693775743246078,0.05964995175600052
14,26,0.030715981498360634,0.07503264397382736,0.05287431180477142
14,27,0.050098344683647156,0.0761718824505806,0.06313511729240417
14,28,0.03461199626326561,0.07530833780765533,0.05496016889810562
14,29,0.036643825471401215,0.07534924894571304,0.05599653720855713
14,30,0.06863033771514893,0.07729050517082214,0.07296042144298553
14,31,0.047866806387901306,0.07727354019880295,0.06257016956806183
14,32,0.03885718062520027,0.07482662796974182,0.0568419024348259
14,33,0.04515130817890167,0.07781301438808441,0.06148216128349304
14,34,0.04908953234553337,0.0759853795170784,0.06253745406866074
14,35,0.05162696912884712,0.07751917839050293,0.06457307189702988
14,36,0.04556405916810036,0.07522878050804138,0.06039641797542572
14,37,0.025659751147031784,0.07485057413578033,0.05025516450405121
14,38,0.049379508942365646,0.07646605372428894,0.06292278319597244
14,39,0.06121748313307762,0.07599237561225891,0.06860493123531342
14,40,0.04211150109767914,0.07654021680355072,0.05932585895061493
14,41,0.07085326313972473,0.07768288999795914,0.07426807284355164
14,42,0.04770903289318085,0.07687422633171082,0.06229162961244583
14,43,0.022454941645264626,0.07436373829841614,0.04840933904051781
14,44,0.03039497695863247,0.07531581073999405,0.052855394780635834
14,45,0.022844426333904266,0.07451752573251724,0.048680976033210754
14,46,0.0364755243062973,0.07476083189249039,0.055618178099393845
14,47,0.04975772649049759,0.07772736251354218,0.06374254822731018
14,48,0.027095118537545204,0.07492701709270477,0.051011066883802414
14,49,0.06300993263721466,0.07529380172491074,0.0691518634557724
14,50,0.04563963785767555,0.07513151317834854,0.060385577380657196
14,51,0.04928789660334587,0.07668569684028625,0.06298679858446121
14,52,0.04839721694588661,0.07548461109399796,0.06194091588258743
14,53,0.03867274895310402,0.0751485526561737,0.05691064894199371
14,54,0.04005865752696991,0.0748186782002449,0.05743866786360741
14,55,0.02424033172428608,0.07491826266050339,0.04957929626107216
14,56,0.04408822953701019,0.07556012272834778,0.059824176132678986
14,57,0.07136572152376175,0.07634530961513519,0.07385551929473877
14,58,0.05808325111865997,0.07722470164299011,0.06765397638082504
14,59,0.03672277554869652,0.07493625581264496,0.05582951754331589
14,60,0.0379675030708313,0.07443665713071823,0.056202080100774765
14,61,0.02526410110294819,0.07379615306854248,0.04953012615442276
14,62,0.06520066410303116,0.07626549154520035,0.07073307782411575
14,63,0.05016832798719406,0.07514401525259018,0.06265617161989212
14,64,0.028713472187519073,0.0741206482052803,0.05141706019639969
14,65,0.031397271901369095,0.07564960420131683,0.053523436188697815
14,66,0.045788172632455826,0.07478030771017075,0.060284242033958435
14,67,0.0749678686261177,0.07642509788274765,0.07569648325443268
14,68,0.041064951568841934,0.07581189274787903,0.05843842029571533
14,69,0.024920659139752388,0.07457111775875092,0.04974588751792908
14,70,0.04371844232082367,0.07439132034778595,0.05905488133430481
14,71,0.04998411610722542,0.07466866075992584,0.06232638657093048
14,72,0.04552246257662773,0.07472329586744308,0.06012287735939026
14,73,0.03918761759996414,0.07504182308912277,0.05711472034454346
14,74,0.03937350586056709,0.0748138502240181,0.057093679904937744
14,75,0.032056547701358795,0.07261893153190613,0.05233773961663246
14,76,0.027811847627162933,0.07388875633478165,0.05085030198097229
14,77,0.04564180597662926,0.07330521941184998,0.059473514556884766
14,78,0.04657354950904846,0.07417195290327072,0.06037275120615959
14,79,0.031311359256505966,0.073365218937397,0.052338287234306335
14,80,0.03363276273012161,0.07487364113330841,0.05425320193171501
14,81,0.055100034922361374,0.07901525497436523,0.06705764681100845
14,82,0.04518699273467064,0.07415354996919632,0.05967026948928833
14,83,0.08930020779371262,0.07561973482370377,0.08245997130870819
14,84,0.05930757895112038,0.07429338991641998,0.06680048257112503
14,85,0.043411314487457275,0.07572542876005173,0.0595683716237545
14,86,0.06738222390413284,0.07402479648590088,0.07070350646972656
14,87,0.057054221630096436,0.07449674606323242,0.06577548384666443
14,88,0.04934246465563774,0.07651897519826889,0.06293071806430817
14,89,0.03765798732638359,0.073848657310009,0.05575332045555115
14,90,0.048038285225629807,0.07647395133972168,0.06225612014532089
14,91,0.06131870299577713,0.07513392716646194,0.06822631508111954
14,92,0.06841195374727249,0.07678726315498352,0.07259960472583771
14,93,0.0453580766916275,0.07479453831911087,0.060076307505369186
14,94,0.05128101259469986,0.0733427107334137,0.06231186166405678
14,95,0.03656269237399101,0.07431862503290176,0.05544065684080124
14,96,0.07963637262582779,0.07697764784097672,0.07830701023340225
14,97,0.03940551355481148,0.0739043727517128,0.05665494501590729
14,98,0.04249953851103783,0.0761498510837555,0.05932469666004181
14,99,0.03996215760707855,0.07392333447933197,0.05694274604320526
14,100,0.038668520748615265,0.07308623194694519,0.05587737634778023
14,101,0.022727031260728836,0.07323789596557617,0.047982461750507355
14,102,0.04700053110718727,0.07350101321935654,0.06025077402591705
14,103,0.05633741617202759,0.07241329550743103,0.06437535583972931
14,104,0.04097278416156769,0.07486023008823395,0.05791650712490082
14,105,0.04910431057214737,0.07387704402208328,0.061490677297115326
14,106,0.03302805870771408,0.07466159015893936,0.05384482443332672
14,107,0.07788988202810287,0.07476542145013809,0.07632765173912048
14,108,0.05830210819840431,0.0753345936536789,0.06681834906339645
14,109,0.05238912254571915,0.07434099912643433,0.06336505711078644
14,110,0.03956624120473862,0.07442916929721832,0.05699770525097847
14,111,0.038077522069215775,0.07273523509502411,0.05540637671947479
14,112,0.04605913162231445,0.07345705479383469,0.05975809320807457
14,113,0.06098882481455803,0.07315269857645035,0.06707075983285904
14,114,0.03905298933386803,0.07377131283283234,0.05641215294599533
14,115,0.0765933021903038,0.07679379731416702,0.07669354975223541
14,116,0.057404644787311554,0.07570122182369232,0.06655293703079224
14,117,0.03587792068719864,0.07177364826202393,0.05382578447461128
14,118,0.040650300681591034,0.07256929576396942,0.05660979822278023
14,119,0.027588818222284317,0.07334348559379578,0.0504661500453949
14,120,0.03539702668786049,0.07296156883239746,0.054179295897483826
14,121,0.06586461514234543,0.07687526196241379,0.07136993855237961
14,122,0.044090013951063156,0.07480884343385696,0.05944942682981491
14,123,0.03086465783417225,0.0730009600520134,0.05193280801177025
14,124,0.05199289321899414,0.07404926419258118,0.06302107870578766
14,125,0.05067066103219986,0.07270903885364532,0.06168984994292259
14,126,0.0648033544421196,0.07396423816680908,0.06938380002975464
14,127,0.030614150688052177,0.07259273529052734,0.051603443920612335
14,128,0.0438849963247776,0.07416857779026031,0.05902678519487381
14,129,0.04198525473475456,0.07429914176464081,0.058142200112342834
14,130,0.03665470704436302,0.07380709797143936,0.05523090064525604
14,131,0.11307327449321747,0.08237212896347046,0.09772270172834396
14,132,0.03356049209833145,0.07201118767261505,0.05278583988547325
14,133,0.03448217362165451,0.07390007376670837,0.05419112369418144
14,134,0.06258687376976013,0.07464916259050369,0.06861801445484161
14,135,0.04304838925600052,0.07307053357362747,0.058059461414813995
14,136,0.042093321681022644,0.07369161397218704,0.05789246782660484
14,137,0.036426838487386703,0.07275961339473724,0.05459322780370712
14,138,0.039673320949077606,0.07268697768449783,0.05618014931678772
14,139,0.04864107444882393,0.07603654265403748,0.06233880668878555
14,140,0.08314845710992813,0.07337366789579391,0.07826106250286102
15,0,0.03789076581597328,0.07199706882238388,0.05494391918182373
15,1,0.08165710419416428,0.07340443134307861,0.07753077149391174
15,2,0.04574211686849594,0.07529350370168686,0.0605178102850914
15,3,0.04664311930537224,0.07350210100412369,0.060072608292102814
15,4,0.052098535001277924,0.07350790500640869,0.0628032237291336
15,5,0.0495288223028183,0.07480208575725555,0.062165454030036926
15,6,0.05228337273001671,0.07525540888309479,0.0637693926692009
15,7,0.03576365485787392,0.07228106260299683,0.05402235686779022
15,8,0.05640692636370659,0.07504823058843613,0.06572757661342621
15,9,0.05918798968195915,0.07393359392881393,0.0665607899427414
15,10,0.09773781895637512,0.0732492059469223,0.08549351245164871
15,11,0.035563863813877106,0.07344944030046463,0.05450665205717087
15,12,0.03525014966726303,0.07247728109359741,0.05386371538043022
15,13,0.04137208312749863,0.07501682639122009,0.05819445475935936
15,14,0.06950604170560837,0.07413824647665024,0.0718221440911293
15,15,0.04997524619102478,0.0742892324924469,0.06213223934173584
15,16,0.03286634758114815,0.07343830168247223,0.05315232276916504
15,17,0.03465845063328743,0.07258091866970062,0.05361968278884888
15,18,0.042862024158239365,0.07300689816474915,0.057934463024139404
15,19,0.029153304174542427,0.0728258565068245,0.050989579409360886
15,20,0.04834812879562378,0.07488617300987244,0.06161715090274811
15,21,0.050525471568107605,0.07239823043346405,0.06146185100078583
15,22,0.02776402048766613,0.07212002575397491,0.0499420240521431
15,23,0.046275150030851364,0.07404883205890656,0.06016199290752411
15,24,0.07976554334163666,0.07283613085746765,0.07630083709955215
15,25,0.027121560648083687,0.07136117666959763,0.04924136772751808
15,26,0.11684470623731613,0.07885044068098068,0.09784757345914841
15,27,0.04004447162151337,0.07258151471614838,0.05631299316883087
15,28,0.05844355747103691,0.07221221178770065,0.06532788276672363
15,29,0.07270901650190353,0.07557672262191772,0.07414287328720093
15,30,0.031821202486753464,0.07194363325834274,0.051882416009902954
15,31,0.044207170605659485,0.07159549742937088,0.05790133401751518
15,32,0.051095444709062576,0.07356256246566772,0.06232900172472
15,33,0.060658954083919525,0.07247834652662277,0.06656865030527115
15,34,0.04096352308988571,0.07131083309650421,0.05613717809319496
15,35,0.051242630928754807,0.07204532623291016,0.06164398044347763
15,36,0.04007181152701378,0.07189322263002396,0.05598251521587372
15,37,0.04809198155999184,0.07293809950351715,0.060515038669109344
15,38,0.04398196190595627,0.07162201404571533,0.0578019879758358
15,39,0.058076851069927216,0.07483697682619095,0.06645691394805908
15,40,0.032567087560892105,0.0723513588309288,0.0524592250585556
15,41,0.03725490719079971,0.07070273160934448,0.0539788194000721
15,42,0.07553604245185852,0.0751805305480957,0.07535828649997711
15,43,0.03388368710875511,0.07040370255708694,0.05214369297027588
15,44,0.04859289899468422,0.07308612763881683,0.06083951145410538
15,45,0.032632362097501755,0.072175033390522,0.05240369588136673
15,46,0.031573258340358734,0.0703362450003624,0.050954751670360565
15,47,0.04479151591658592,0.07274939864873886,0.05877045542001724
15,48,0.04025909677147865,0.07196815311908722,0.05611362308263779
15,49,0.046655457466840744,0.07185115665197372,0.059253305196762085
15,50,0.04577427729964256,0.07195881009101868,0.05886654555797577
15,51,0.03740658611059189,0.07197608798742294,0.054691337049007416
15,52,0.04840124025940895,0.07183809578418732,0.060119666159152985
15,53,0.028103867545723915,0.07247360795736313,0.05028873682022095
15,54,0.03480686992406845,0.0707828626036644,0.052794866263866425
15,55,0.03332174941897392,0.0712495669722557,0.052285656332969666
15,56,0.03938532993197441,0.0723128393292427,0.05584908276796341
15,57,0.051808200776576996,0.07174872606992722,0.061778463423252106
15,58,0.02573930285871029,0.07051634043455124,0.04812782257795334
15,59,0.03742193058133125,0.07174772024154663,0.05458482354879379
15,60,0.03865805268287659,0.07199437916278839,0.05532621592283249
15,61,0.05238071829080582,0.07389045506715775,0.06313558667898178
15,62,0.04373803362250328,0.07065407186746597,0.05719605088233948
15,63,0.027287330478429794,0.07083473354578018,0.04906103014945984
15,64,0.03702213242650032,0.07203534245491028,0.05452873557806015
15,65,0.04512086510658264,0.07249557226896286,0.05880821868777275
15,66,0.061285048723220825,0.07424068450927734,0.06776286661624908
15,67,0.08904645591974258,0.07823257893323898,0.08363951742649078
15,68,0.03279902786016464,0.07060310244560242,0.05170106515288353
15,69,0.05359284579753876,0.072332002222538,0.06296242773532867
15,70,0.028004860505461693,0.07139155268669128,0.04969820752739906
15,71,0.06903961300849915,0.07295713573694229,0.07099837064743042
15,72,0.045859504491090775,0.07266567647457123,0.05926258862018585
15,73,0.022125601768493652,0.07047343254089355,0.046299517154693604
15,74,0.029816849157214165,0.0712103620171547,0.050513606518507004
15,75,0.05458276346325874,0.07274087518453598,0.06366182118654251
15,76,0.03431953117251396,0.07042655348777771,0.052373044192790985
15,77,0.0515727661550045,0.07281316816806793,0.062192969024181366
15,78,0.029551563784480095,0.07107939571142197,0.050315480679273605
15,79,0.048492588102817535,0.07149111479520798,0.059991851449012756
15,80,0.05074167251586914,0.07254966348409653,0.061645667999982834
15,81,0.035479918122291565,0.07189838588237762,0.053689152002334595
15,82,0.05134202539920807,0.07096627354621887,0.06115414947271347
15,83,0.029722634702920914,0.07043592631816864,0.05007927864789963
15,84,0.024560777470469475,0.06969274580478668,0.04712676256895065
15,85,0.0375339649617672,0.06933252513408661,0.05343324691057205
15,86,0.07441799342632294,0.07400323450565338,0.07421061396598816
15,87,0.03243757784366608,0.07277611643075943,0.05260684713721275
15,88,0.03186820447444916,0.07024668157100677,0.051057443022727966
15,89,0.035011403262615204,0.07088341563940048,0.05294740945100784
15,90,0.043233759701251984,0.07173284888267517,0.05748330429196358
15,91,0.03464089706540108,0.07039335370063782,0.0525171235203743
15,92,0.03835996985435486,0.07057806104421616,0.05446901544928551
15,93,0.026301484555006027,0.07256530225276947,0.0494333952665329
15,94,0.035288792103528976,0.07072307914495468,0.05300593376159668
15,95,0.047904688864946365,0.07071025669574738,0.05930747091770172
15,96,0.06995236873626709,0.0740741491317749,0.072013258934021
15,97,0.02957921288907528,0.06927557289600372,0.049427393823862076
15,98,0.04423340782523155,0.07211954891681671,0.05817648023366928
15,99,0.03342446684837341,0.0715569481253624,0.052490707486867905
15,100,0.034621696919202805,0.07065778970718384,0.05263974517583847
15,101,0.03019915521144867,0.07122081518173218,0.050709985196590424
15,102,0.04413164407014847,0.07067184150218964,0.05740174278616905
15,103,0.057317912578582764,0.07122165709733963,0.0642697811126709
15,104,0.0541972815990448,0.07213738560676575,0.06316733360290527
15,105,0.036636799573898315,0.06982129067182541,0.05322904512286186
15,106,0.03092859871685505,0.07003624737262726,0.05048242211341858
15,107,0.04852227866649628,0.07041080296039581,0.059466540813446045
15,108,0.024856707081198692,0.06922661513090134,0.04704166203737259
15,109,0.06125100702047348,0.0713438093662262,0.06629741191864014
15,110,0.03196773678064346,0.07049576938152313,0.0512317530810833
15,111,0.035296231508255005,0.07032838463783264,0.05281230807304382
15,112,0.03030385635793209,0.07023125886917114,0.05026755854487419
15,113,0.045754168182611465,0.06967443227767944,0.057714298367500305
15,114,0.0491032637655735,0.06991466134786606,0.05950896441936493
15,115,0.029609769582748413,0.07133129984140396,0.05047053471207619
15,116,0.03416503965854645,0.07021470367908478,0.05218987166881561
15,117,0.04964451491832733,0.07214043289422989,0.06089247390627861
15,118,0.03439049422740936,0.06954889744520187,0.05196969583630562
15,119,0.035516172647476196,0.06937311589717865,0.05244464427232742
15,120,0.03394108638167381,0.07024984061717987,0.05209546536207199
15,121,0.03287903964519501,0.06914350390434265,0.05101127177476883
15,122,0.034525640308856964,0.0694175660610199,0.05197160318493843
15,123,0.04654117673635483,0.0699242502450943,0.058232713490724564
15,124,0.03170156478881836,0.06945164501667023,0.05057660490274429
15,125,0.03857899829745293,0.07096407562494278,0.054771535098552704
15,126,0.037681303918361664,0.06927908211946487,0.05348019301891327
15,127,0.045663222670555115,0.07052725553512573,0.058095239102840424
15,128,0.056182440370321274,0.07274182140827179,0.06446213275194168
15,129,0.031639810651540756,0.06925026327371597,0.050445035099983215
15,130,0.044725462794303894,0.06971681118011475,0.05722113698720932
15,131,0.039507947862148285,0.07107768952846527,0.05529281869530678
15,132,0.04169555380940437,0.06890184432268143,0.05529870092868805
15,133,0.03196531534194946,0.06988000124692917,0.050922658294439316
15,134,0.024646703153848648,0.06920312345027924,0.04692491143941879
15,135,0.051421672105789185,0.07000333815813065,0.060712505131959915
15,136,0.022331200540065765,0.06922022998332977,0.04577571526169777
15,137,0.03436722233891487,0.06866398453712463,0.0515156015753746
15,138,0.05855021998286247,0.07100220024585724,0.064776211977005
15,139,0.04397024214267731,0.06957744807004929,0.056773845106363297
15,140,0.050213996320962906,0.0703994557261467,0.06030672788619995
16,0,0.05944602191448212,0.07079235464334488,0.0651191920042038
16,1,0.034363217651844025,0.06921330839395523,0.05178826302289963
16,2,0.04645540937781334,0.06998853385448456,0.0582219734787941
16,3,0.03827255964279175,0.06841873377561569,0.05334564670920372
16,4,0.043609604239463806,0.06975527852773666,0.056682441383600235
16,5,0.03444775938987732,0.06866755336523056,0.05155765637755394
16,6,0.06524039059877396,0.07457254827022552,0.06990647315979004
16,7,0.041230496019124985,0.0700749084353447,0.05565270036458969
16,8,0.0365920253098011,0.06944229453802109,0.053017161786556244
16,9,0.03633170574903488,0.06985201686620712,0.053091861307621
16,10,0.04549434408545494,0.07066363841295242,0.05807898938655853
16,11,0.06164209544658661,0.06982243061065674,0.06573226302862167
16,12,0.03981884568929672,0.07066694647073746,0.05524289608001709
16,13,0.03451375290751457,0.06928642094135284,0.05190008878707886
16,14,0.03484312444925308,0.06930066645145416,0.05207189545035362
16,15,0.029340835288167,0.06855050474405289,0.04894566908478737
16,16,0.07224886864423752,0.0701470598578453,0.07119796425104141
16,17,0.019510919228196144,0.06843758374452591,0.04397425055503845
16,18,0.03707049414515495,0.0683298408985138,0.05270016938447952
16,19,0.0334361232817173,0.06928496062755585,0.051360540091991425
16,20,0.04694977030158043,0.07125089317560196,0.059100329875946045
16,21,0.03193238750100136,0.06932555139064789,0.050628967583179474
16,22,0.04951408505439758,0.07162271440029144,0.06056839972734451
16,23,0.03310386836528778,0.0687311664223671,0.05091751739382744
16,24,0.03041784279048443,0.06913696974515915,0.04977740719914436
16,25,0.04687986150383949,0.0696655884385109,0.05827272683382034
16,26,0.06918308138847351,0.07180982083082199,0.07049645483493805
16,27,0.038542792201042175,0.06940329819917679,0.05397304520010948
16,28,0.03400703892111778,0.06855591386556625,0.05128147453069687
16,29,0.03691696375608444,0.06832301616668701,0.05261998996138573
16,30,0.038823872804641724,0.07000631839036942,0.05441509559750557
16,31,0.03518391028046608,0.06840843707323074,0.05179617553949356
16,32,0.05094817653298378,0.07251013070344925,0.061729155480861664
16,33,0.03543277829885483,0.06910467892885208,0.052268728613853455
16,34,0.04931894317269325,0.06906186789274216,0.059190407395362854
16,35,0.03690490871667862,0.06963100284337997,0.0532679557800293
16,36,0.029197612777352333,0.0684494748711586,0.04882354289293289
16,37,0.042411621659994125,0.0701003149151802,0.05625596642494202
16,38,0.03128933161497116,0.07020065933465958,0.05074499547481537
16,39,0.03461696580052376,0.06922601908445358,0.05192149430513382
16,40,0.07089082896709442,0.06908221542835236,0.06998652219772339
16,41,0.038413651287555695,0.07017579674720764,0.05429472401738167
16,42,0.026642726734280586,0.068679578602314,0.047661151736974716
16,43,0.03105797804892063,0.06768523901700974,0.04937160760164261
16,44,0.03397871553897858,0.06827136129140854,0.05112503841519356
16,45,0.042827095836400986,0.06964673846960068,0.05623691529035568
16,46,0.03413179889321327,0.06886546313762665,0.05149862915277481
16,47,0.034696999937295914,0.06731539219617844,0.051006197929382324
16,48,0.051953088492155075,0.0701313391327858,0.06104221194982529
16,49,0.018419984728097916,0.06770609319210052,0.04306303709745407
16,50,0.04310907423496246,0.06825423985719681,0.055681657046079636
16,51,0.04607779532670975,0.0690821036696434,0.057579949498176575
16,52,0.032694123685359955,0.06889170408248901,0.050792913883924484
16,53,0.04909892380237579,0.06815182417631149,0.05862537398934364
16,54,0.033481497317552567,0.0690334141254425,0.051257453858852386
16,55,0.03335903584957123,0.06821948289871216,0.05078925937414169
16,56,0.05843902751803398,0.06980446726083755,0.06412174552679062
16,57,0.04059595987200737,0.07009638100862503,0.05534616857767105
16,58,0.0242738276720047,0.06740909069776535,0.045841459184885025
16,59,0.03905517980456352,0.06918926537036896,0.05412222445011139
16,60,0.02963433228433132,0.0680038183927536,0.048819076269865036
16,61,0.038962043821811676,0.06767264008522034,0.053317341953516006
16,62,0.03629274666309357,0.06848964840173721,0.05239119753241539
16,63,0.049736522138118744,0.06963130831718445,0.059683915227651596
16,64,0.05108214542269707,0.06951601803302765,0.06029908359050751
16,65,0.03307241573929787,0.06957698613405228,0.05132470279932022
16,66,0.03117891028523445,0.0697270855307579,0.05045299977064133
16,67,0.04397770017385483,0.06788776814937592,0.05593273416161537
16,68,0.05676232650876045,0.06923052668571472,0.06299642473459244
16,69,0.058196693658828735,0.06902258843183517,0.06360964477062225
16,70,0.047272779047489166,0.06865153461694717,0.05796215683221817
16,71,0.026688938960433006,0.06681370735168457,0.04675132408738136
16,72,0.12214673310518265,0.06767721474170685,0.09491197764873505
16,73,0.07383686304092407,0.07008025795221329,0.07195855677127838
16,74,0.06280232965946198,0.07007357478141785,0.06643795222043991
16,75,0.027617938816547394,0.06812117993831635,0.04786955937743187
16,76,0.055705685168504715,0.07005006819963455,0.06287787854671478
16,77,0.05148147791624069,0.06942041218280792,0.06045094504952431
16,78,0.03829537332057953,0.06740570813417435,0.05285054072737694
16,79,0.0474751815199852,0.06998574733734131,0.058730464428663254
16,80,0.04629332199692726,0.06906996667385101,0.05768164247274399
16,81,0.03654760867357254,0.0674438402056694,0.05199572443962097
16,82,0.03455986827611923,0.06766422837972641,0.05111204832792282
16,83,0.025746114552021027,0.06733903288841248,0.04654257372021675
16,84,0.06274023652076721,0.06825459003448486,0.06549741327762604
16,85,0.09736562520265579,0.07600335031747818,0.08668448776006699
16,86,0.04206114262342453,0.06761826574802399,0.05483970418572426
16,87,0.05280560255050659,0.06848084181547165,0.06064322218298912
16,88,0.085780568420887,0.07139410823583603,0.07858733832836151
16,89,0.07445402443408966,0.0720774456858635,0.07326573133468628
16,90,0.03789578005671501,0.06851088255643845,0.05320332944393158
16,91,0.030627813190221786,0.0675264447927475,0.04907713085412979
16,92,0.03966750577092171,0.06957089900970459,0.054619200527668
16,93,0.08567503839731216,0.07176894694566727,0.07872199267148972
16,94,0.047818154096603394,0.07146832346916199,0.05964323878288269
16,95,0.049983661621809006,0.06899620592594147,0.059489935636520386
16,96,0.04110448807477951,0.06842638552188873,0.05476543679833412
16,97,0.04970657452940941,0.06811836361885071,0.05891247093677521
16,98,0.03580471873283386,0.06854446977376938,0.05217459425330162
16,99,0.04560287296772003,0.06878397613763809,0.05719342455267906
16,100,0.050063569098711014,0.06887509673833847,0.05946933478116989
16,101,0.06498855352401733,0.07242749631404877,0.06870802491903305
16,102,0.019066840410232544,0.0663844421505928,0.042725641280412674
16,103,0.06180129572749138,0.06904659420251846,0.06542394310235977
16,104,0.03143022954463959,0.06701306998729706,0.04922164976596832
16,105,0.03722987323999405,0.0698358416557312,0.053532857447862625
16,106,0.08925511687994003,0.07206549495458603,0.08066030591726303
16,107,0.036171771585941315,0.06685363501310349,0.0515127032995224
16,108,0.04577541723847389,0.06836853176355362,0.057071976363658905
16,109,0.04052077978849411,0.06953418999910355,0.05502748489379883
16,110,0.034180622547864914,0.06920711696147919,0.0516938716173172
16,111,0.02457144297659397,0.06683046370744705,0.04570095241069794
16,112,0.053356513381004333,0.07008720189332962,0.06172185763716698
16,113,0.05622481182217598,0.0715760737657547,0.06390044093132019
16,114,0.044914182275533676,0.0683959499001503,0.05665506422519684
16,115,0.05120459571480751,0.06787090003490448,0.059537746012210846
16,116,0.035143956542015076,0.06710213422775269,0.05112304538488388
16,117,0.04704904928803444,0.0681413859128952,0.05759521573781967
16,118,0.03539947420358658,0.06721828132867813,0.051308877766132355
16,119,0.051408614963293076,0.06940831989049911,0.060408465564250946
16,120,0.041944071650505066,0.06926067918539047,0.05560237541794777
16,121,0.050921596586704254,0.06816738098859787,0.05954448878765106
16,122,0.04344167932868004,0.06749037653207779,0.055466026067733765
16,123,0.032128769904375076,0.06803043931722641,0.05007960647344589
16,124,0.04268525540828705,0.067539744079113,0.05511249974370003
16,125,0.0397091843187809,0.0665816217660904,0.0531454011797905
16,126,0.03149030730128288,0.06713858246803284,0.04931444674730301
16,127,0.0500899963080883,0.06966853886842728,0.05987926572561264
16,128,0.0382862351834774,0.06737511605024338,0.05283067375421524
16,129,0.03896472975611687,0.06765354424715042,0.053309135138988495
16,130,0.02217349223792553,0.06661377102136612,0.0443936325609684
16,131,0.04122805967926979,0.06860421597957611,0.0549161359667778
16,132,0.03436575084924698,0.06708724051713943,0.05072649568319321
16,133,0.04323890805244446,0.06783091276884079,0.055534910410642624
16,134,0.075021892786026,0.07023737579584122,0.07262963056564331
16,135,0.04181615263223648,0.06768538057804108,0.05475076660513878
16,136,0.03590231016278267,0.06872662156820297,0.05231446772813797
16,137,0.02351350709795952,0.06594697386026382,0.04473023861646652
16,138,0.029249530285596848,0.06701831519603729,0.04813392460346222
16,139,0.04743297025561333,0.06703753024339676,0.057235248386859894
16,140,0.04405418410897255,0.06849146634340286,0.056272827088832855
17,0,0.021569035947322845,0.06599114835262299,0.043780092149972916
17,1,0.03584268316626549,0.06555825471878052,0.05070047080516815
17,2,0.07273546606302261,0.0701056718826294,0.0714205652475357
17,3,0.040326498448848724,0.06739261001348495,0.05385955423116684
17,4,0.022557567805051804,0.0666886493563652,0.044623106718063354
17,5,0.038101501762866974,0.06776858121156693,0.05293504148721695
17,6,0.03974328190088272,0.06595849990844727,0.05285089090466499
17,7,0.02845221757888794,0.06697093695402145,0.0477115772664547
17,8,0.05979745835065842,0.06840609759092331,0.06410177797079086
17,9,0.03535766527056694,0.06493587046861649,0.050146766006946564
17,10,0.05249150097370148,0.0675819143652916,0.060036707669496536
17,11,0.034318163990974426,0.06606360524892807,0.05019088461995125
17,12,0.05278347060084343,0.06774711608886719,0.06026529520750046
17,13,0.12683947384357452,0.07601089030504227,0.1014251857995987
17,14,0.0325598269701004,0.06652701646089554,0.04954342171549797
17,15,0.055916015058755875,0.06792565435171127,0.06192083656787872
17,16,0.04556398466229439,0.0662543997168541,0.05590919405221939
17,17,0.0572538748383522,0.06966840475797653,0.06346113979816437
17,18,0.044478170573711395,0.06602972745895386,0.055253949016332626
17,19,0.05313913896679878,0.06820186972618103,0.06067050248384476
17,20,0.027422074228525162,0.06729461252689362,0.04735834151506424
17,21,0.05000162497162819,0.06594906002283096,0.057975344359874725
17,22,0.03174067288637161,0.06641918420791626,0.049079928547143936
17,23,0.048592228442430496,0.0670902356505394,0.057841233909130096
17,24,0.01983116753399372,0.06599633395671844,0.04291374981403351
17,25,0.03815899044275284,0.06613253802061081,0.052145764231681824
17,26,0.0311136394739151,0.06591852754354477,0.048516083508729935
17,27,0.028149040415883064,0.06671831011772156,0.047433674335479736
17,28,0.06431583315134048,0.06748069822788239,0.06589826941490173
17,29,0.04259428381919861,0.06738490611314774,0.05498959496617317
17,30,0.03506287559866905,0.0668587014079094,0.050960786640644073
17,31,0.030867889523506165,0.06696251034736633,0.04891519993543625
17,32,0.039820123463869095,0.06659433990716934,0.05320723354816437
17,33,0.07065209746360779,0.06805239617824554,0.06935224682092667
17,34,0.03137302026152611,0.0655365064740181,0.04845476150512695
17,35,0.039575669914484024,0.06568965315818787,0.052632659673690796
17,36,0.038434725254774094,0.06656333804130554,0.05249903351068497
17,37,0.032704126089811325,0.06700726598501205,0.04985569417476654
17,38,0.0371721088886261,0.06634543091058731,0.051758769899606705
17,39,0.03882165253162384,0.06626245379447937,0.052542053163051605
17,40,0.027004262432456017,0.06572190672159195,0.04636308550834656
17,41,0.029999779537320137,0.06532131135463715,0.04766054451465607
17,42,0.03317616134881973,0.0656992495059967,0.04943770542740822
17,43,0.02296815812587738,0.06578578054904938,0.04437696933746338
17,44,0.054889287799596786,0.06716621667146683,0.06102775037288666
17,45,0.06043645367026329,0.06916140019893646,0.06479892879724503
17,46,0.04021787643432617,0.06578193604946136,0.05299990624189377
17,47,0.03321225568652153,0.06605929881334305,0.04963577538728714
17,48,0.03763897716999054,0.06603142619132996,0.05183520168066025
17,49,0.03558353707194328,0.06668122857809067,0.051132380962371826
17,50,0.034614842385053635,0.06557684391736984,0.05009584128856659
17,51,0.03485019877552986,0.06789880245923996,0.05137450248003006
17,52,0.0344734750688076,0.06592324376106262,0.05019836127758026
17,53,0.02988314814865589,0.06579077988862991,0.04783696308732033
17,54,0.028995685279369354,0.06634607911109924,0.0476708821952343
17,55,0.034704819321632385,0.06469396501779556,0.049699392169713974
17,56,0.0433453768491745,0.06492224335670471,0.054133810102939606
17,57,0.030054563656449318,0.06481349468231201,0.04743402823805809
17,58,0.047806259244680405,0.06758272647857666,0.05769449472427368
17,59,0.03081606701016426,0.06673546880483627,0.048775769770145416
17,60,0.05660248547792435,0.06972815841436386,0.0631653219461441
17,61,0.05609656125307083,0.06488519161939621,0.06049087643623352
17,62,0.03550392761826515,0.06868947297334671,0.05209670215845108
17,63,0.031106730923056602,0.06602431833744049,0.04856552556157112
17,64,0.029913946986198425,0.0655880719423294,0.047751009464263916
17,65,0.03340187296271324,0.06557060778141022,0.04948624223470688
17,66,0.047358956187963486,0.06648385524749756,0.05692140758037567
17,67,0.03546350076794624,0.06649351119995117,0.05097850412130356
17,68,0.032785870134830475,0.06568869203329086,0.04923728108406067
17,69,0.05292285978794098,0.06662830710411072,0.05977558344602585
17,70,0.030437590554356575,0.0663176104426384,0.04837759956717491
17,71,0.031461820006370544,0.06623850017786026,0.0488501600921154
17,72,0.04667314887046814,0.06538284569978714,0.05602799728512764
17,73,0.037555478513240814,0.06621655821800232,0.05188601836562157
17,74,0.03001105785369873,0.0658549964427948,0.047933027148246765
17,75,0.03251621872186661,0.06580766290426254,0.049161940813064575
17,76,0.0402873270213604,0.06700845807790756,0.05364789068698883
17,77,0.04193418100476265,0.06621099263429642,0.05407258868217468
17,78,0.03408299386501312,0.06669633090496063,0.05038966238498688
17,79,0.03528100624680519,0.06512221693992615,0.05020160973072052
17,80,0.04331314191222191,0.0642600879073143,0.053786613047122955
17,81,0.07863431423902512,0.06650825589895248,0.0725712850689888
17,82,0.02976735681295395,0.06439148634672165,0.0470794215798378
17,83,0.021981263533234596,0.06411046534776688,0.04304586350917816
17,84,0.11043085902929306,0.06912140548229218,0.08977612853050232
17,85,0.03636394068598747,0.06532696634531021,0.05084545165300369
17,86,0.07510259002447128,0.06840319186449051,0.0717528909444809
17,87,0.05745849013328552,0.06512504816055298,0.06129176914691925
17,88,0.03071308694779873,0.06354046612977982,0.04712677747011185
17,89,0.03228720650076866,0.06317608058452606,0.04773164540529251
17,90,0.04561319202184677,0.06580465286970139,0.05570892244577408
17,91,0.05554003641009331,0.06827890872955322,0.061909474432468414
17,92,0.04173427075147629,0.06571069359779358,0.053722482174634933
17,93,0.0282451119273901,0.06536742299795151,0.04680626839399338
17,94,0.057892896234989166,0.06688176840543747,0.06238733232021332
17,95,0.032563913613557816,0.06481564044952393,0.04868977516889572
17,96,0.03685744106769562,0.06657763570547104,0.05171753838658333
17,97,0.05164678394794464,0.06588367372751236,0.0587652288377285
17,98,0.03490782901644707,0.06693758070468903,0.050922706723213196
17,99,0.041073787957429886,0.06635168939828873,0.053712740540504456
17,100,0.03447871655225754,0.06509938091039658,0.04978904873132706
17,101,0.07246876507997513,0.06790176779031754,0.07018526643514633
17,102,0.04907505586743355,0.06593360006809235,0.0575043261051178
17,103,0.044211287051439285,0.06618994474411011,0.05520061403512955
17,104,0.034279584884643555,0.06583068519830704,0.050055135041475296
17,105,0.05630911514163017,0.06876015663146973,0.0625346377491951
17,106,0.033297404646873474,0.06408156454563141,0.04868948459625244
17,107,0.0385388508439064,0.0657661110162735,0.05215248093008995
17,108,0.06844239681959152,0.07010732591152191,0.06927485764026642
17,109,0.03937244415283203,0.06619696319103241,0.05278470367193222
17,110,0.07163066416978836,0.06671646237373352,0.06917355954647064
17,111,0.041439589112997055,0.06548935920000076,0.05346447229385376
17,112,0.04180034250020981,0.06472035497426987,0.05326034873723984
17,113,0.033114854246377945,0.06384735554456711,0.048481106758117676
17,114,0.06472582370042801,0.0670853778719902,0.0659056007862091
17,115,0.025061840191483498,0.06526093930006027,0.04516138881444931
17,116,0.04472535476088524,0.06795070320367813,0.056338027119636536
17,117,0.0416165292263031,0.06438612937927246,0.05300132930278778
17,118,0.03479530289769173,0.06397254765033722,0.049383923411369324
17,119,0.03562948480248451,0.06446217000484467,0.05004582554101944
17,120,0.0421217605471611,0.06499810516834259,0.053559932857751846
17,121,0.032215941697359085,0.06508712470531464,0.04865153133869171
17,122,0.02988271787762642,0.0654064416885376,0.04764457792043686
17,123,0.03786573186516762,0.06678160279989243,0.05232366919517517
17,124,0.03986741602420807,0.06430020183324814,0.052083808928728104
17,125,0.046579163521528244,0.06837136298418045,0.0574752613902092
17,126,0.03228616341948509,0.06566168367862701,0.0489739254117012
17,127,0.03734232485294342,0.06492339074611664,0.05113285779953003
17,128,0.06684419512748718,0.0685354471206665,0.06768982112407684
17,129,0.0594586580991745,0.06589873135089874,0.06267869472503662
17,130,0.03731350600719452,0.06626725196838379,0.051790378987789154
17,131,0.033800654113292694,0.06416188180446625,0.04898126795887947
17,132,0.033242013305425644,0.06382334977388382,0.04853267967700958
17,133,0.03594306483864784,0.06565914303064346,0.0508011057972908
17,134,0.041344236582517624,0.06470618396997452,0.05302520841360092
17,135,0.025719918310642242,0.06499979645013809,0.04535985738039017
17,136,0.052787281572818756,0.06751237064599991,0.06014982610940933
17,137,0.03596978262066841,0.06483772397041321,0.05040375143289566
17,138,0.028398441150784492,0.06582829356193542,0.047113366425037384
17,139,0.030685510486364365,0.06338324397802353,0.0470343753695488
17,140,0.03702666610479355,0.06414098292589188,0.05058382451534271
18,0,0.04270819574594498,0.06474606692790985,0.053727131336927414
18,1,0.04059785231947899,0.06515272706747055,0.05287528783082962
18,2,0.037052325904369354,0.06537175923585892,0.051212042570114136
18,3,0.033226676285266876,0.06361381709575653,0.048420246690511703
18,4,0.05585724115371704,0.06402178853750229,0.059939514845609665
18,5,0.031049370765686035,0.06395374238491058,0.04750155657529831
18,6,0.0451095849275589,0.06561367213726044,0.05536162853240967
18,7,0.04507768526673317,0.06283678114414215,0.05395723134279251
18,8,0.03576254844665527,0.06461763381958008,0.050190091133117676
18,9,0.037611640989780426,0.06543373316526413,0.05152268707752228
18,10,0.02281063050031662,0.06240672245621681,0.042608678340911865
18,11,0.0451340526342392,0.06521207839250565,0.05517306551337242
18,12,0.039158131927251816,0.06587540358304977,0.052516765892505646
18,13,0.03103145770728588,0.06440199911594391,0.04771672934293747
18,14,0.06616827100515366,0.0670224130153656,0.06659534573554993
18,15,0.06329167634248734,0.0647866278886795,0.06403915584087372
18,16,0.04423683509230614,0.06413063406944275,0.05418373644351959
18,17,0.02820117026567459,0.06423095613718033,0.04621606320142746
18,18,0.045409247279167175,0.06509507447481155,0.055252160876989365
18,19,0.05816808342933655,0.06520549952983856,0.061686791479587555
18,20,0.02826218493282795,0.06371378898620605,0.04598798602819443
18,21,0.03156910464167595,0.06361891329288483,0.04759401082992554
18,22,0.03089763969182968,0.06483717262744904,0.04786740615963936
18,23,0.06033075600862503,0.06478206068277359,0.06255640834569931
18,24,0.04007056728005409,0.06488703191280365,0.05247879773378372
18,25,0.044339753687381744,0.06487222015857697,0.054605986922979355
18,26,0.04183132201433182,0.06415363401174545,0.052992478013038635
18,27,0.026004327461123466,0.06308617442846298,0.0445452518761158
18,28,0.04348456859588623,0.0676410049200058,0.055562786757946014
18,29,0.037932638078927994,0.06365550309419632,0.050794072449207306
18,30,0.04841529577970505,0.06448506563901901,0.05645018070936203
18,31,0.04626711457967758,0.06375471502542496,0.05501091480255127
18,32,0.04840261861681938,0.06555382907390594,0.05697822570800781
18,33,0.021004991605877876,0.06286253780126572,0.04193376377224922
18,34,0.03078480437397957,0.06337032467126846,0.047077566385269165
18,35,0.03570111468434334,0.0639643743634224,0.049832746386528015
18,36,0.04876554757356644,0.0639348104596138,0.05635017901659012
18,37,0.04027148336172104,0.0647520050406456,0.05251174420118332
18,38,0.039019856601953506,0.06654604524374008,0.05278295278549194
18,39,0.07552937418222427,0.06523152440786362,0.07038044929504395
18,40,0.08936525136232376,0.07121247053146362,0.0802888572216034
18,41,0.03787509351968765,0.06357771903276443,0.050726406276226044
18,42,0.05827633664011955,0.06540954113006592,0.061842940747737885
18,43,0.02221481129527092,0.06273806095123291,0.042476437985897064
18,44,0.04735158011317253,0.06368483603000641,0.05551820993423462
18,45,0.03996386006474495,0.06422501802444458,0.052094437181949615
18,46,0.03513728082180023,0.06400459259748459,0.04957093670964241
18,47,0.04120449721813202,0.06727191060781479,0.054238203912973404
18,48,0.0367731936275959,0.0630328357219696,0.049903012812137604
18,49,0.05394933000206947,0.06527988612651825,0.05961460620164871
18,50,0.03467165306210518,0.063039131462574,0.04885539412498474
18,51,0.026423238217830658,0.06231605261564255,0.0443696454167366
18,52,0.028095178306102753,0.06443934142589569,0.04626725986599922
18,53,0.03099633939564228,0.0634424164891243,0.047219377011060715
18,54,0.06285195052623749,0.06897197663784027,0.06591196358203888
18,55,0.04062996059656143,0.06356316059827805,0.05209656059741974
18,56,0.04561653360724449,0.06253553181886673,0.05407603085041046
18,57,0.04770546779036522,0.0641372799873352,0.05592137575149536
18,58,0.036748312413692474,0.06368318945169449,0.05021575093269348
18,59,0.044242411851882935,0.06441343575716019,0.05432792380452156
18,60,0.04296967387199402,0.06461463868618011,0.05379215627908707
18,61,0.028963781893253326,0.06430160999298096,0.04663269594311714
18,62,0.025231661275029182,0.06266115605831146,0.04394640773534775
18,63,0.03086242638528347,0.064302958548069,0.04758269339799881
18,64,0.0314028263092041,0.06549587845802307,0.048449352383613586
18,65,0.034786514937877655,0.06467399001121521,0.04973025247454643
18,66,0.036326777189970016,0.06402035057544708,0.0501735657453537
18,67,0.04610909894108772,0.06329771876335144,0.05470340698957443
18,68,0.03681907057762146,0.06556207686662674,0.0511905737221241
18,69,0.04603008180856705,0.06575514376163483,0.05589261278510094
18,70,0.04650105535984039,0.06577948480844498,0.056140270084142685
18,71,0.030591413378715515,0.0625409483909607,0.046566180884838104
18,72,0.038444578647613525,0.06313306093215942,0.050788819789886475
18,73,0.03743986040353775,0.06365545094013214,0.050547655671834946
18,74,0.04267445579171181,0.06246413663029671,0.05256929621100426
18,75,0.03238794207572937,0.06345591694116592,0.04792192950844765
18,76,0.036490947008132935,0.06314732134342194,0.049819134175777435
18,77,0.025560177862644196,0.06131479889154434,0.04343748837709427
18,78,0.04034006595611572,0.06376296281814575,0.05205151438713074
18,79,0.0350930392742157,0.06253848224878311,0.048815760761499405
18,80,0.04453139007091522,0.06404513865709305,0.054288264364004135
18,81,0.0616033710539341,0.06676268577575684,0.06418302655220032
18,82,0.02784547582268715,0.06322430074214935,0.0455348864197731
18,83,0.07809432595968246,0.06484758108854294,0.0714709535241127
18,84,0.023430699482560158,0.062219228595495224,0.042824964970350266
18,85,0.03877163678407669,0.06524503976106644,0.052008338272571564
18,86,0.04993489384651184,0.06293410807847977,0.056434500962495804
18,87,0.04061554744839668,0.06278248876333237,0.051699019968509674
18,88,0.04730909690260887,0.06595686078071594,0.056632980704307556
18,89,0.03056708723306656,0.06295944005250931,0.04676326364278793
18,90,0.0378718338906765,0.06335814297199249,0.050614990293979645
18,91,0.03848009184002876,0.06346673518419266,0.05097341537475586
18,92,0.03359318524599075,0.06250258535146713,0.04804788529872894
18,93,0.032191164791584015,0.06438307464122772,0.04828711971640587
18,94,0.04187481477856636,0.06327830255031586,0.05257655680179596
18,95,0.07117971032857895,0.0663251280784607,0.06875242292881012
18,96,0.036225710064172745,0.06285448372364044,0.049540095031261444
18,97,0.03909995034337044,0.06260841339826584,0.05085418373346329
18,98,0.04559589549899101,0.062485262751579285,0.0540405809879303
18,99,0.03780253976583481,0.06182292848825455,0.04981273412704468
18,100,0.0369119793176651,0.06365077942609787,0.050281379371881485
18,101,0.038911208510398865,0.06436368823051453,0.051637448370456696
18,102,0.04048658907413483,0.06372866779565811,0.05210762843489647
18,103,0.030048443004488945,0.06341110914945602,0.04672977700829506
18,104,0.023296132683753967,0.06261265277862549,0.04295439273118973
18,105,0.02807891182601452,0.06297709792852402,0.04552800580859184
18,106,0.03989902511239052,0.06375132501125336,0.05182517319917679
18,107,0.028050579130649567,0.06223328784108162,0.04514193534851074
18,108,0.03200312703847885,0.06289639323949814,0.047449760138988495
18,109,0.04096473753452301,0.06406200677156448,0.05251337215304375
18,110,0.04346171021461487,0.06268282979726791,0.05307227000594139
18,111,0.02223226986825466,0.06254670768976212,0.04238948971033096
18,112,0.04398774728178978,0.06340380012989044,0.05369577556848526
18,113,0.03106815367937088,0.06179807707667351,0.046433113515377045
18,114,0.055047597736120224,0.06418037414550781,0.05961398780345917
18,115,0.0213878583163023,0.06234240531921387,0.04186513274908066
18,116,0.027950774878263474,0.06168726459145546,0.04481901973485947
18,117,0.04697311297059059,0.063163623213768,0.05506836622953415
18,118,0.03840981423854828,0.062463682144880295,0.050436750054359436
18,119,0.04962373524904251,0.06459218263626099,0.05710795894265175
18,120,0.028636684641242027,0.06265386193990707,0.045645274221897125
18,121,0.04524907097220421,0.06435032188892365,0.054799698293209076
18,122,0.022954361513257027,0.061556074768304825,0.0422552190721035
18,123,0.03527070954442024,0.06140374019742012,0.04833722487092018
18,124,0.04330690577626228,0.06272166222333908,0.05301428586244583
18,125,0.03499576076865196,0.06290856748819351,0.04895216226577759
18,126,0.04083118215203285,0.06317409127950668,0.05200263857841492
18,127,0.021494358777999878,0.06091812252998352,0.0412062406539917
18,128,0.02815190516412258,0.06179368868470192,0.044972795993089676
18,129,0.033010341227054596,0.06118733063340187,0.04709883779287338
18,130,0.02958669513463974,0.06229748949408531,0.04594209045171738
18,131,0.028987225145101547,0.06218886375427246,0.04558804631233215
18,132,0.052756767719984055,0.06200137734413147,0.05737907439470291
18,133,0.044998202472925186,0.06184493750333786,0.05342157185077667
18,134,0.028591251000761986,0.06252063810825348,0.04555594548583031
18,135,0.04383065924048424,0.06419620662927628,0.05401343107223511
18,136,0.05093998461961746,0.06127013638615608,0.05610506236553192
18,137,0.034812670201063156,0.06139183044433594,0.048102252185344696
18,138,0.03602471947669983,0.06255524605512619,0.04928998276591301
18,139,0.034858234226703644,0.061584413051605225,0.048221323639154434
18,140,0.05962730944156647,0.06429924815893173,0.0619632788002491
19,0,0.057931024581193924,0.063758485019207,0.06084475666284561
19,1,0.03339463472366333,0.062030281871557236,0.04771246016025543
19,2,0.039471741765737534,0.06242459639906883,0.05094816908240318
19,3,0.05602157860994339,0.0625927746295929,0.05930717661976814
19,4,0.023106805980205536,0.06132560223340988,0.04221620410680771
19,5,0.03389681503176689,0.06094621494412422,0.04742151498794556
19,6,0.04563504830002785,0.06281474232673645,0.054224893450737
19,7,0.057581864297389984,0.06408077478408813,0.06083131954073906
19,8,0.04635843634605408,0.06303241848945618,0.05469542741775513
19,9,0.04415976628661156,0.0629500150680542,0.05355489253997803
19,10,0.02970837987959385,0.06057542935013771,0.045141905546188354
19,11,0.07863806188106537,0.062333062291145325,0.07048556208610535
19,12,0.03425711765885353,0.06270826607942581,0.04848269373178482
19,13,0.03687746450304985,0.06358982622623444,0.05023364722728729
19,14,0.04119937866926193,0.060194484889507294,0.05069693177938461
19,15,0.02448378875851631,0.06091036647558212,0.042697079479694366
19,16,0.04474830627441406,0.06308382749557495,0.05391606688499451
19,17,0.05826833099126816,0.06219394877552986,0.06023114174604416
19,18,0.03186991810798645,0.06259941309690475,0.0472346656024456
19,19,0.02638630010187626,0.06133408099412918,0.043860189616680145
19,20,0.03050549328327179,0.062264584004879,0.046385038644075394
19,21,0.04478299990296364,0.0646807923913002,0.05473189800977707
19,22,0.04279976710677147,0.06490761041641235,0.05385369062423706
19,23,0.03996172919869423,0.06272679567337036,0.051344260573387146
19,24,0.047459304332733154,0.06301730871200562,0.055238306522369385
19,25,0.06653928011655807,0.06178218871355057,0.06416073441505432
19,26,0.02476063370704651,0.060812391340732574,0.04278651252388954
19,27,0.041464224457740784,0.062233373522758484,0.051848798990249634
19,28,0.0400049090385437,0.061777666211128235,0.05089128762483597
19,29,0.03990207985043526,0.0630604475736618,0.05148126184940338
19,30,0.07108112424612045,0.06666667759418488,0.06887389719486237
19,31,0.05525267869234085,0.06381627917289734,0.059534478932619095
19,32,0.054846324026584625,0.06343268603086472,0.05913950502872467
19,33,0.03897002339363098,0.06092694774270058,0.04994848370552063
19,34,0.03478778526186943,0.062081947922706604,0.048434868454933167
19,35,0.03161430358886719,0.06301748752593994,0.047315895557403564
19,36,0.04853104427456856,0.062432438135147095,0.05548173934221268
19,37,0.04421733692288399,0.062415625900030136,0.05331648141145706
19,38,0.036529090255498886,0.06089773029088974,0.048713408410549164
19,39,0.047656893730163574,0.0625411793589592,0.055099036544561386
19,40,0.03654872253537178,0.06081907078623772,0.04868389666080475
19,41,0.029336033388972282,0.06211017817258835,0.04572310671210289
19,42,0.03640316426753998,0.06250447779893875,0.049453821033239365
19,43,0.04251999780535698,0.06156407296657562,0.05204203724861145
19,44,0.02796023152768612,0.06367730349302292,0.045818768441677094
19,45,0.03015390783548355,0.06163061782717705,0.04589226096868515
19,46,0.02240600809454918,0.060388728976249695,0.041397370398044586
19,47,0.04570746049284935,0.0637698620557785,0.054738663136959076
19,48,0.027045991271734238,0.06167445704340935,0.04436022415757179
19,49,0.03234432265162468,0.06325089186429977,0.04779760539531708
19,50,0.0366719588637352,0.06231828033924103,0.04949511960148811
19,51,0.035892829298973083,0.06166154518723488,0.04877718538045883
19,52,0.04633225500583649,0.06391361355781555,0.05512293428182602
19,53,0.04400467127561569,0.06395508348941803,0.05397987738251686
19,54,0.040417660027742386,0.06114457547664642,0.050781115889549255
19,55,0.049759041517972946,0.06132585182785988,0.05554244667291641
19,56,0.040826037526130676,0.06166066974401474,0.05124335363507271
19,57,0.04479418322443962,0.062385689467191696,0.05358993634581566
19,58,0.03873415291309357,0.060535937547683716,0.04963504523038864
19,59,0.0328218936920166,0.06065371260046959,0.046737805008888245
19,60,0.04388073831796646,0.06127944961190224,0.0525800958275795
19,61,0.04369743913412094,0.062392231076955795,0.05304483324289322
19,62,0.028782913461327553,0.06091252714395523,0.04484771937131882
19,63,0.03490552678704262,0.06148947775363922,0.04819750040769577
19,64,0.05427045747637749,0.06560466438531876,0.05993755906820297
19,65,0.04640937224030495,0.06296811997890472,0.054688744246959686
19,66,0.035313837230205536,0.060881149023771286,0.04809749126434326
19,67,0.040020085871219635,0.061329666525125504,0.05067487806081772
19,68,0.037382155656814575,0.0648498460650444,0.05111600086092949
19,69,0.07741715759038925,0.06212810054421425,0.0697726309299469
19,70,0.028718935325741768,0.06108320131897926,0.04490106925368309
19,71,0.04101254791021347,0.0615670345723629,0.051289789378643036
19,72,0.03787947818636894,0.06043863669037819,0.049159057438373566
19,73,0.024271411821246147,0.060487546026706696,0.042379479855298996
19,74,0.03209717944264412,0.06117524206638336,0.04663620889186859
19,75,0.04626479372382164,0.06452447175979614,0.05539463460445404
19,76,0.034250758588314056,0.06046435981988907,0.04735755920410156
19,77,0.04749710485339165,0.06152568757534027,0.05451139807701111
19,78,0.03336280584335327,0.06070729345083237,0.04703504964709282
19,79,0.04945610091090202,0.06278381496667862,0.05611995607614517
19,80,0.03334558755159378,0.06095684692263603,0.04715121537446976
19,81,0.0325075127184391,0.06056054309010506,0.04653402790427208
19,82,0.037443600594997406,0.06115129217505455,0.04929744452238083
19,83,0.023950889706611633,0.060164015740156174,0.04205745458602905
19,84,0.029422106221318245,0.0630449652671814,0.046233534812927246
19,85,0.06981417536735535,0.063767209649086,0.06679069250822067
19,86,0.035748861730098724,0.05965420603752136,0.04770153388381004
19,87,0.02728196792304516,0.060417093336582184,0.043849531561136246
19,88,0.04811476171016693,0.06104937568306923,0.05458206683397293
19,89,0.017981605604290962,0.05981282889842987,0.03889721632003784
19,90,0.04857446625828743,0.06183863803744316,0.055206552147865295
19,91,0.03182268142700195,0.060448452830314636,0.046135567128658295
19,92,0.022913722321391106,0.059411462396383286,0.04116259142756462
19,93,0.029223371297121048,0.05979543924331665,0.0445094034075737
19,94,0.027347134426236153,0.059754081070423126,0.043550606817007065
19,95,0.028160955756902695,0.05935966596007347,0.04376031085848808
19,96,0.08007282763719559,0.062252964824438095,0.07116289436817169
19,97,0.03407319262623787,0.06027151271700859,0.04717235267162323
19,98,0.03373725339770317,0.061462126672267914,0.04759968817234039
19,99,0.03691487014293671,0.062033187597990036,0.04947403073310852
19,100,0.044249337166547775,0.0610903836786747,0.05266986042261124
19,101,0.07700430601835251,0.06503202766180038,0.07101816684007645
19,102,0.04046320542693138,0.06123460829257965,0.050848908722400665
19,103,0.026002412661910057,0.06001228839159012,0.04300735145807266
19,104,0.028835037723183632,0.059845220297575,0.04434012994170189
19,105,0.05018126964569092,0.06029517948627472,0.05523822456598282
19,106,0.03971400856971741,0.06210203096270561,0.05090802162885666
19,107,0.027603879570961,0.06025135889649391,0.043927617371082306
19,108,0.04014240950345993,0.0625164657831192,0.051329437643289566
19,109,0.036693137139081955,0.06214134395122528,0.04941724240779877
19,110,0.034389156848192215,0.06061466038227081,0.047501906752586365
19,111,0.07185379415750504,0.06523330509662628,0.06854355335235596
19,112,0.046509839594364166,0.06063629314303398,0.053573064506053925
19,113,0.04659898951649666,0.06244993954896927,0.05452446639537811
19,114,0.054138507694005966,0.060818567872047424,0.057478539645671844
19,115,0.0579807423055172,0.0628356784582138,0.06040821224451065
19,116,0.03871980682015419,0.05903761833906174,0.04887871444225311
19,117,0.04136979207396507,0.061881206929683685,0.05162549763917923
19,118,0.0646098405122757,0.0644434243440628,0.06452663242816925
19,119,0.0346200168132782,0.06131621450185776,0.04796811565756798
19,120,0.04168872907757759,0.061159949749708176,0.05142433941364288
19,121,0.025646362453699112,0.060979969799518585,0.043313167989254
19,122,0.029837358742952347,0.05948353931307793,0.04466044902801514
19,123,0.040372978895902634,0.0605655312538147,0.050469256937503815
19,124,0.03136616200208664,0.06037343293428421,0.045869797468185425
19,125,0.027372442185878754,0.06002793088555336,0.043700188398361206
19,126,0.029727155342698097,0.05963515862822533,0.044681157916784286
19,127,0.06390541046857834,0.06265774369239807,0.0632815808057785
19,128,0.02748829498887062,0.059971146285533905,0.04372972249984741
19,129,0.02678782492876053,0.06018246337771416,0.043485142290592194
19,130,0.034426260739564896,0.059808939695358276,0.04711759835481644
19,131,0.04697008058428764,0.06142589822411537,0.05419798940420151
19,132,0.04252801090478897,0.06103791296482086,0.051782961934804916
19,133,0.030494334176182747,0.06084882467985153,0.045671578496694565
19,134,0.031069021672010422,0.05863548442721367,0.044852253049612045
19,135,0.04590265080332756,0.060169655829668045,0.0530361533164978
19,136,0.030575495213270187,0.06254702806472778,0.046561263501644135
19,137,0.024395113810896873,0.06008932366967201,0.04224221780896187
19,138,0.03191216662526131,0.060453444719314575,0.04618280380964279
19,139,0.03856247663497925,0.06173362210392952,0.050148047506809235
19,140,0.048560287803411484,0.06152929738163948,0.05504479259252548
20,0,0.03267925605177879,0.059903647750616074,0.046291451901197433
20,1,0.03991461917757988,0.06014277786016464,0.05002869665622711
20,2,0.039140842854976654,0.06072892248630524,0.049934882670640945
20,3,0.025107985362410545,0.05969075486063957,0.042399369180202484
20,4,0.027387863025069237,0.05953121930360794,0.04345954209566116
20,5,0.04179477319121361,0.0594378337264061,0.0506163015961647
20,6,0.038001079112291336,0.06126035749912262,0.04963071644306183
20,7,0.03145405650138855,0.0617293082177639,0.046591684222221375
20,8,0.06706807762384415,0.0627160370349884,0.06489205360412598
20,9,0.040758389979600906,0.05932950973510742,0.050043947994709015
20,10,0.034060969948768616,0.0619039461016655,0.047982458025217056
20,11,0.02983778901398182,0.059875134378671646,0.04485646262764931
20,12,0.03026331029832363,0.0592581145465374,0.04476071149110794
20,13,0.04344635829329491,0.06072032079100609,0.0520833395421505
20,14,0.037483882158994675,0.0599265918135643,0.04870523512363434
20,15,0.03664389252662659,0.060500334948301315,0.0485721156001091
20,16,0.03285761922597885,0.06089116260409355,0.04687438905239105
20,17,0.07384730130434036,0.06127630174160004,0.0675618052482605
20,18,0.027594972401857376,0.058942221105098724,0.0432685986161232
20,19,0.02503190003335476,0.0583169050514698,0.041674401611089706
20,20,0.02326313406229019,0.05888405442237854,0.041073594242334366
20,21,0.03939014673233032,0.06118512526154518,0.0502876341342926
20,22,0.0850217342376709,0.06392471492290497,0.07447322458028793
20,23,0.0306002888828516,0.05951814725995064,0.045059219002723694
20,24,0.03573635593056679,0.06023623049259186,0.047986291348934174
20,25,0.0311292614787817,0.05836689472198486,0.044748079031705856
20,26,0.04539736360311508,0.061096590012311935,0.05324697494506836
20,27,0.046953726559877396,0.061937522143125534,0.054445624351501465
20,28,0.06038755923509598,0.06072305142879486,0.06055530533194542
20,29,0.026919597759842873,0.05931759998202324,0.04311859980225563
20,30,0.054567936807870865,0.05999121814966202,0.05727957934141159
20,31,0.02557559125125408,0.060090892016887665,0.04283324256539345
20,32,0.02938564121723175,0.05953455716371536,0.044460099190473557
20,33,0.02638252079486847,0.058219656348228455,0.04230108857154846
20,34,0.03681670501828194,0.060325562953948975,0.048571132123470306
20,35,0.02550509199500084,0.05882578343153,0.04216543585062027
20,36,0.06917538493871689,0.06256889551877975,0.06587214022874832
20,37,0.030795158818364143,0.059115681797266006,0.04495542123913765
20,38,0.02631508745253086,0.059111785143613815,0.04271343722939491
20,39,0.025608109310269356,0.06045902892947197,0.04303357005119324
20,40,0.022598356008529663,0.0591110996901989,0.04085472971200943
20,41,0.04681127890944481,0.060946039855480194,0.05387865751981735
20,42,0.04035641625523567,0.05989367887377739,0.05012504756450653
20,43,0.04421551525592804,0.05905633047223091,0.051635921001434326
20,44,0.03511244058609009,0.0604584775865078,0.04778546094894409
20,45,0.042055562138557434,0.06132039800286293,0.05168797820806503
20,46,0.0361919067800045,0.05966038256883621,0.04792614281177521
20,47,0.034038882702589035,0.06189464405179024,0.047966763377189636
20,48,0.03609152510762215,0.059105366468429565,0.04759844392538071
20,49,0.03752906620502472,0.06160751357674599,0.049568288028240204
20,50,0.0626666247844696,0.06306050717830658,0.06286356598138809
20,51,0.034776218235492706,0.0591481477022171,0.046962182968854904
20,52,0.0368250235915184,0.05901481583714485,0.047919921576976776
20,53,0.05206174775958061,0.05939202010631561,0.05572688579559326
20,54,0.031817477196455,0.05917728319764137,0.04549738019704819
20,55,0.02291656658053398,0.05919504165649414,0.04105580598115921
20,56,0.03150239214301109,0.05927307903766632,0.045387737452983856
20,57,0.07174152880907059,0.06289074569940567,0.06731613725423813
20,58,0.024322055280208588,0.05955827608704567,0.04194016754627228
20,59,0.037294190376996994,0.06148670241236687,0.04939044639468193
20,60,0.03638087958097458,0.059714142233133316,0.0480475127696991
20,61,0.06476595252752304,0.06059468537569046,0.06268031895160675
20,62,0.03420170769095421,0.060654789209365845,0.047428250312805176
20,63,0.02215460315346718,0.05967274308204651,0.040913671255111694
20,64,0.03488234058022499,0.05948387086391449,0.04718310385942459
20,65,0.04750983417034149,0.05990889295935631,0.05370936542749405
20,66,0.0611036978662014,0.05944684520363808,0.06027527153491974
20,67,0.04061012342572212,0.05868467316031456,0.04964739829301834
20,68,0.03124147467315197,0.05925730988383293,0.045249391347169876
20,69,0.02670879289507866,0.05855556204915047,0.04263217747211456
20,70,0.0400334857404232,0.06330666691064835,0.051670074462890625
20,71,0.02926330268383026,0.05969063937664032,0.04447697103023529
20,72,0.06476446241140366,0.060241639614105225,0.06250305473804474
20,73,0.03968410566449165,0.06101592257618904,0.05035001412034035
20,74,0.03531976044178009,0.06059764698147774,0.047958701848983765
20,75,0.03326363116502762,0.0602661669254303,0.04676489904522896
20,76,0.024344967678189278,0.05896029248833656,0.041652631014585495
20,77,0.04299920052289963,0.059789035469293594,0.05139411985874176
20,78,0.057137902826070786,0.05971422418951988,0.058426063507795334
20,79,0.04996273294091225,0.05936440825462341,0.05466356873512268
20,80,0.050932999700307846,0.05993317812681198,0.055433087050914764
20,81,0.044204581528902054,0.06179496645927429,0.052999772131443024
20,82,0.030658503994345665,0.059356532990932465,0.04500751942396164
20,83,0.03346630558371544,0.059579744935035706,0.04652302712202072
20,84,0.03343408554792404,0.05904495716094971,0.046239521354436874
20,85,0.05631794407963753,0.05965382233262062,0.057985883206129074
20,86,0.032772548496723175,0.05971617251634598,0.046244360506534576
20,87,0.027068713679909706,0.058937106281518936,0.043002910912036896
20,88,0.035598136484622955,0.05792725458741188,0.04676269739866257
20,89,0.043832406401634216,0.059657108038663864,0.05174475908279419
20,90,0.02341095730662346,0.05735432729125023,0.040382642298936844
20,91,0.04702810198068619,0.06096353754401207,0.05399581789970398
20,92,0.027693970128893852,0.05735822021961212,0.04252609610557556
20,93,0.03914055973291397,0.06033308058977127,0.04973682016134262
20,94,0.03823684900999069,0.05925653874874115,0.04874669387936592
20,95,0.05198720470070839,0.05985391512513161,0.05592055991292
20,96,0.09656327962875366,0.060779545456171036,0.0786714106798172
20,97,0.0335393026471138,0.058656830340623856,0.04609806835651398
20,98,0.03614470362663269,0.057964157313108444,0.04705443233251572
20,99,0.0455906055867672,0.05958130583167076,0.05258595570921898
20,100,0.0406082347035408,0.06092069298028946,0.05076446384191513
20,101,0.04081031680107117,0.059097159653902054,0.04995373636484146
20,102,0.024678323417901993,0.05894845351576805,0.04181338846683502
20,103,0.06640764325857162,0.05827793478965759,0.06234278902411461
20,104,0.03403325006365776,0.05972226336598396,0.04687775671482086
20,105,0.04061683267354965,0.05869314447045326,0.049654990434646606
20,106,0.035677485167980194,0.05910209193825722,0.047389790415763855
20,107,0.028401050716638565,0.05934766307473183,0.043874356895685196
20,108,0.03956103324890137,0.05758913606405258,0.048575084656476974
20,109,0.027495672926306725,0.0589970201253891,0.043246347457170486
20,110,0.033440474420785904,0.0607331246137619,0.047086797654628754
20,111,0.052420224994421005,0.05982401221990585,0.05612211674451828
20,112,0.13481663167476654,0.06844419240951538,0.10163041204214096
20,113,0.037467166781425476,0.05824388563632965,0.047855526208877563
20,114,0.055922314524650574,0.05973850563168526,0.057830408215522766
20,115,0.03246469795703888,0.05846508592367172,0.0454648919403553
20,116,0.024773117154836655,0.05788307636976242,0.04132809489965439
20,117,0.0643320381641388,0.06276767700910568,0.06354986131191254
20,118,0.04456246271729469,0.06019424647092819,0.05237835645675659
20,119,0.05903712287545204,0.06113669276237488,0.06008690595626831
20,120,0.029253343120217323,0.05826694145798683,0.04376014322042465
20,121,0.03901282697916031,0.058378856629133224,0.04869583994150162
20,122,0.06434152275323868,0.059714969247579575,0.06202824413776398
20,123,0.03394012898206711,0.05873751640319824,0.046338822692632675
20,124,0.06465227156877518,0.05862634629011154,0.06163930892944336
20,125,0.04343293607234955,0.060135312378406525,0.051784124225378036
20,126,0.02471814677119255,0.05881885811686516,0.041768502444028854
20,127,0.06688804179430008,0.05934750661253929,0.06311777234077454
20,128,0.06769032776355743,0.0625745952129364,0.06513246148824692
20,129,0.02904016338288784,0.05797027796506882,0.0435052216053009
20,130,0.03214000537991524,0.05914745852351189,0.04564373195171356
20,131,0.032780494540929794,0.058522384613752365,0.04565143957734108
20,132,0.02630036510527134,0.0581662543118,0.042233310639858246
20,133,0.03173094242811203,0.057483453303575516,0.04460719972848892
20,134,0.06405150145292282,0.06176421046257019,0.0629078596830368
20,135,0.035754114389419556,0.0577213317155838,0.04673772305250168
20,136,0.037289686501026154,0.0582997091114521,0.04779469966888428
20,137,0.022413235157728195,0.057089913636446,0.0397515743970871
20,138,0.03967591002583504,0.05736217647790909,0.04851904511451721
20,139,0.05283787474036217,0.06167684495449066,0.057257361710071564
20,140,0.04507560282945633,0.06061991676688194,0.05284775793552399
21,0,0.04190436750650406,0.06117044761776924,0.0515374094247818
21,1,0.04064476862549782,0.060107480734586716,0.05037612468004227
21,2,0.03274526447057724,0.05782265588641167,0.045283958315849304
21,3,0.053148943930864334,0.06015871465206146,0.05665382742881775
21,4,0.037434548139572144,0.0588015615940094,0.04811805486679077
21,5,0.04102417081594467,0.057748910039663315,0.049386538565158844
21,6,0.036606691777706146,0.05730371177196503,0.04695520177483559
21,7,0.06079103797674179,0.05943146347999573,0.06011125072836876
21,8,0.03879420831799507,0.05863967910408974,0.048716943711042404
21,9,0.02831195294857025,0.057741764932870865,0.04302685707807541
21,10,0.032960858196020126,0.058811888098716736,0.04588637501001358
21,11,0.023603081703186035,0.05811157077550888,0.04085732623934746
21,12,0.06162942573428154,0.05970823019742966,0.06066882610321045
21,13,0.037506893277168274,0.060695499181747437,0.049101196229457855
21,14,0.0321296788752079,0.06002339348196983,0.04607653617858887
21,15,0.030376361683011055,0.05744320526719093,0.04390978440642357
21,16,0.057650744915008545,0.057957347482442856,0.05780404806137085
21,17,0.04228536784648895,0.05908850580453873,0.05068693682551384
21,18,0.04885142669081688,0.05985713750123978,0.05435428023338318
21,19,0.03948906436562538,0.057213202118873596,0.04835113137960434
21,20,0.020030248910188675,0.057746611535549164,0.03888843208551407
21,21,0.055043093860149384,0.05780571326613426,0.056424401700496674
21,22,0.03132028505206108,0.05769246444106102,0.04450637474656105
21,23,0.03352263942360878,0.05927947536110878,0.04640105739235878
21,24,0.031005743891000748,0.05749431997537613,0.04425003379583359
21,25,0.03530877083539963,0.059470176696777344,0.047389473766088486
21,26,0.03324737399816513,0.05726105347275734,0.045254215598106384
21,27,0.020977918058633804,0.05781889706850052,0.03939840942621231
21,28,0.028308596462011337,0.057142626494169235,0.042725611478090286
21,29,0.03883424401283264,0.05947628989815712,0.04915526509284973
21,30,0.043994151055812836,0.058599233627319336,0.051296692341566086
21,31,0.03793182969093323,0.05837658792734146,0.048154208809137344
21,32,0.046614646911621094,0.058703646063804626,0.05265914648771286
21,33,0.0326695591211319,0.059464216232299805,0.04606688767671585
21,34,0.04105382412672043,0.058512091636657715,0.04978295788168907
21,35,0.03942470625042915,0.05946071073412895,0.04944270849227905
21,36,0.03215612471103668,0.05668780580163002,0.0444219633936882
21,37,0.04454073682427406,0.057230472564697266,0.050885602831840515
21,38,0.03318318352103233,0.056814126670360565,0.0449986532330513
21,39,0.06549527496099472,0.0622396245598793,0.06386744976043701
21,40,0.026920532807707787,0.05836186558008194,0.04264120012521744
21,41,0.04196967929601669,0.05797785520553589,0.04997376725077629
21,42,0.04172651097178459,0.05843362212181091,0.0500800684094429
21,43,0.030009668320417404,0.058800652623176575,0.04440516233444214
21,44,0.037410952150821686,0.05757901817560196,0.04749498516321182
21,45,0.05542031303048134,0.06085463613271713,0.058137476444244385
21,46,0.04897274449467659,0.057611964643001556,0.05329235643148422
21,47,0.03815474361181259,0.057330913841724396,0.047742828726768494
21,48,0.03466205298900604,0.05584816262125969,0.045255109667778015
21,49,0.04400692880153656,0.057935409247875214,0.05097116902470589
21,50,0.03904896229505539,0.05792595073580742,0.048487454652786255
21,51,0.03178693726658821,0.058603234589099884,0.0451950877904892
21,52,0.044575970619916916,0.059337317943573,0.051956646144390106
21,53,0.024630142375826836,0.05738311633467674,0.041006628423929214
21,54,0.036810263991355896,0.05845625326037407,0.04763326048851013
21,55,0.03810101002454758,0.05810258537530899,0.048101797699928284
21,56,0.040968600660562515,0.056570012122392654,0.048769306391477585
21,57,0.04888669773936272,0.05755789205431938,0.05322229489684105
21,58,0.05878837779164314,0.05820053443312645,0.058494456112384796
21,59,0.04908912256360054,0.06121470034122467,0.055151909589767456
21,60,0.025735991075634956,0.05665208771824837,0.041194040328264236
21,61,0.10069344192743301,0.06174054369330406,0.08121699094772339
21,62,0.02833099290728569,0.05678682401776314,0.042558908462524414
21,63,0.023902004584670067,0.05684836208820343,0.04037518426775932
21,64,0.04509922116994858,0.058964695781469345,0.05203195661306381
21,65,0.06079316884279251,0.06066243350505829,0.0607278011739254
21,66,0.03177817910909653,0.05759438872337341,0.04468628391623497
21,67,0.035188693553209305,0.056929025799036026,0.046058859676122665
21,68,0.058901891112327576,0.060020770877599716,0.059461332857608795
21,69,0.03594984859228134,0.05757938697934151,0.046764619648456573
21,70,0.038110245019197464,0.05761580169200897,0.04786302149295807
21,71,0.037416789680719376,0.057510390877723694,0.047463588416576385
21,72,0.035605039447546005,0.056552574038505554,0.04607880860567093
21,73,0.04160575941205025,0.05880390480160713,0.05020483210682869
21,74,0.04212939366698265,0.056902993470430374,0.04951619356870651
21,75,0.03866531327366829,0.05679721012711525,0.04773126170039177
21,76,0.03929677605628967,0.05774778127670288,0.04852227866649628
21,77,0.027369242161512375,0.05765635892748833,0.04251280054450035
21,78,0.031609781086444855,0.05915558710694313,0.04538268595933914
21,79,0.027345778420567513,0.05700366199016571,0.04217471927404404
21,80,0.04127644747495651,0.05871109291911125,0.04999376833438873
21,81,0.029201293364167213,0.056439053267240524,0.042820174247026443
21,82,0.020387182012200356,0.05710358917713165,0.03874538466334343
21,83,0.02546790987253189,0.05650081858038902,0.04098436236381531
21,84,0.030765166506171227,0.056901782751083374,0.043833475559949875
21,85,0.050921447575092316,0.061328474432229996,0.056124962866306305
21,86,0.032355815172195435,0.05698389187455177,0.044669851660728455
21,87,0.042459920048713684,0.05928574874997139,0.05087283253669739
21,88,0.03236491605639458,0.05781785771250725,0.04509138688445091
21,89,0.02378661185503006,0.05729324743151665,0.040539927780628204
21,90,0.04055098444223404,0.058692123740911484,0.04962155222892761
21,91,0.05240558460354805,0.05699247121810913,0.05469902604818344
21,92,0.03505833446979523,0.05750659853219986,0.04628246650099754
21,93,0.03079802170395851,0.056795623153448105,0.04379682242870331
21,94,0.05559293553233147,0.05905372276902199,0.05732332915067673
21,95,0.025748692452907562,0.05726294964551926,0.04150582104921341
21,96,0.04079049453139305,0.060652367770671844,0.0507214292883873
21,97,0.025383779779076576,0.056858889758586884,0.041121333837509155
21,98,0.02707413025200367,0.057268645614385605,0.04217138886451721
21,99,0.035078831017017365,0.056756798177957535,0.0459178164601326
21,100,0.05247114971280098,0.058338433504104614,0.05540478974580765
21,101,0.031116778030991554,0.05708647891879082,0.04410162940621376
21,102,0.03170468285679817,0.05821060389280319,0.04495764523744583
21,103,0.032964617013931274,0.05742814764380455,0.04519638419151306
21,104,0.03154673054814339,0.05738221853971481,0.04446447640657425
21,105,0.047496289014816284,0.05793045461177826,0.05271337181329727
21,106,0.04217015951871872,0.057319484651088715,0.04974482208490372
21,107,0.03889987990260124,0.05701287090778351,0.047956377267837524
21,108,0.035448674112558365,0.058909352868795395,0.04717901349067688
21,109,0.028740694746375084,0.05649532005190849,0.042618006467819214
21,110,0.05182082951068878,0.05838167667388916,0.05510125309228897
21,111,0.03850804269313812,0.056784387677907944,0.04764621704816818
21,112,0.03319051116704941,0.05576740577816963,0.04447896033525467
21,113,0.026787985116243362,0.05648308992385864,0.04163553565740585
21,114,0.027700843289494514,0.05643351748585701,0.04206718131899834
21,115,0.030999373644590378,0.05631354823708534,0.04365646094083786
21,116,0.05957736074924469,0.05818136781454086,0.058879364281892776
21,117,0.03136459365487099,0.05686776340007782,0.044116176664829254
21,118,0.0541071891784668,0.05894161015748978,0.05652439966797829
21,119,0.02373097836971283,0.056675057858228683,0.040203019976615906
21,120,0.04279445484280586,0.05712286755442619,0.04995866119861603
21,121,0.03685716167092323,0.057315852493047714,0.047086507081985474
21,122,0.03869378939270973,0.05706176161766052,0.04787777364253998
21,123,0.04477985203266144,0.057091958820819855,0.050935905426740646
21,124,0.025777667760849,0.05597184598445892,0.04087475687265396
21,125,0.03646083548665047,0.056973837316036224,0.046717338263988495
21,126,0.02944899909198284,0.057296592742204666,0.04337279498577118
21,127,0.02751929871737957,0.055777840316295624,0.04164857044816017
21,128,0.04508101940155029,0.05823499709367752,0.05165800824761391
21,129,0.03584703803062439,0.058373916894197464,0.04711047559976578
21,130,0.03781427815556526,0.05702688544988632,0.04742058366537094
21,131,0.027529818937182426,0.05544000118970871,0.04148491099476814
21,132,0.02217106893658638,0.05565665289759636,0.03891386091709137
21,133,0.02810448594391346,0.05555379390716553,0.04182913899421692
21,134,0.04470287635922432,0.059776753187179565,0.05223981291055679
21,135,0.030527517199516296,0.05617942661046982,0.04335347190499306
21,136,0.028383271768689156,0.056948136538267136,0.04266570508480072
21,137,0.027850929647684097,0.05612948164343834,0.04199020564556122
21,138,0.024877220392227173,0.056842293590307236,0.040859758853912354
21,139,0.04273074120283127,0.05646294727921486,0.04959684610366821
21,140,0.032707538455724716,0.05662102252244949,0.044664278626441956
22,0,0.03168077394366264,0.05647909641265869,0.04407993704080582
22,1,0.0274626687169075,0.056669507175683975,0.04206608980894089
22,2,0.040917620062828064,0.05598725378513336,0.04845243692398071
22,3,0.03251942619681358,0.057747192680835724,0.045133307576179504
22,4,0.0335250198841095,0.05728788673877716,0.04540645331144333
22,5,0.021782491356134415,0.057290300726890564,0.03953639417886734
22,6,0.03872347250580788,0.05706135928630829,0.04789241403341293
22,7,0.027431517839431763,0.054752547293901443,0.041092030704021454
22,8,0.03887566924095154,0.055402517318725586,0.04713909327983856
22,9,0.04012679308652878,0.05972776934504509,0.049927279353141785
22,10,0.0406770296394825,0.05740547180175781,0.049041248857975006
22,11,0.050498683005571365,0.057832375168800354,0.05416552722454071
22,12,0.021306810900568962,0.05580974370241165,0.03855827823281288
22,13,0.028395602479577065,0.05533112213015556,0.04186336323618889
22,14,0.031985748559236526,0.05584242194890976,0.04391408711671829
22,15,0.036830317229032516,0.05766415596008301,0.04724723845720291
22,16,0.04630036652088165,0.05985289812088013,0.05307663232088089
22,17,0.030105004087090492,0.0553228035569191,0.04271390289068222
22,18,0.03085656464099884,0.05561200529336929,0.04323428496718407
22,19,0.06329952925443649,0.05988774821162224,0.061593636870384216
22,20,0.0434010848402977,0.05516680330038071,0.0492839440703392
22,21,0.029115809127688408,0.05493523180484772,0.04202552139759064
22,22,0.03192976862192154,0.05624016001820564,0.04408496618270874
22,23,0.0363776832818985,0.05654319003224373,0.046460434794425964
22,24,0.03401024639606476,0.057599086314439774,0.04580466449260712
22,25,0.04193979129195213,0.05696595087647438,0.04945287108421326
22,26,0.02904747985303402,0.05552200227975845,0.04228474199771881
22,27,0.03620490804314613,0.055645328015089035,0.045925118029117584
22,28,0.040721114724874496,0.05753457918763161,0.04912784695625305
22,29,0.03611781820654869,0.05654400959610939,0.04633091390132904
22,30,0.0335431806743145,0.05835689604282379,0.045950040221214294
22,31,0.02515367791056633,0.0549057312309742,0.040029704570770264
22,32,0.03919525444507599,0.054482601583004,0.04683892801403999
22,33,0.036823563277721405,0.05655491352081299,0.0466892383992672
22,34,0.03015453740954399,0.05659240484237671,0.0433734729886055
22,35,0.03620390221476555,0.0568554624915123,0.046529680490493774
22,36,0.0641707107424736,0.059872355312108994,0.06202153116464615
22,37,0.04903290420770645,0.055184852331876755,0.052108876407146454
22,38,0.03193695843219757,0.05549636483192444,0.043716661632061005
22,39,0.05066975578665733,0.05732493847608566,0.05399734526872635
22,40,0.05001143366098404,0.057449277490377426,0.053730353713035583
22,41,0.025777539238333702,0.05546431243419647,0.04062092676758766
22,42,0.04035164415836334,0.05640622228384018,0.04837893322110176
22,43,0.04647950455546379,0.05888267979025841,0.0526810921728611
22,44,0.028332917019724846,0.05630168318748474,0.04231730103492737
22,45,0.038193874061107635,0.05683417618274689,0.04751402512192726
22,46,0.04102320596575737,0.055725425481796265,0.04837431758642197
22,47,0.04799048230051994,0.05607706680893898,0.05203377455472946
22,48,0.022077739238739014,0.05616942420601845,0.03912357985973358
22,49,0.035211894661188126,0.055482689291238785,0.045347291976213455
22,50,0.05185510963201523,0.05857822299003601,0.05521666631102562
22,51,0.04508885741233826,0.05809199810028076,0.05159042775630951
22,52,0.04718886315822601,0.05830979719758034,0.052749328315258026
22,53,0.08066286146640778,0.05773325636982918,0.06919805705547333
22,54,0.03169834613800049,0.055494651198387146,0.04359649866819382
22,55,0.019274406135082245,0.05457070469856262,0.036922555416822433
22,56,0.029827781021595,0.05775056034326553,0.04378917068243027
22,57,0.04126609489321709,0.05558763071894646,0.04842686280608177
22,58,0.02539091743528843,0.05554896593093872,0.040469940751791
22,59,0.025405922904610634,0.055317047983407974,0.04036148637533188
22,60,0.0197248887270689,0.05605509877204895,0.0378899946808815
22,61,0.03470512852072716,0.05601486563682556,0.04535999894142151
22,62,0.025042995810508728,0.05541398376226425,0.04022848978638649
22,63,0.03533371537923813,0.05618235096335411,0.04575803130865097
22,64,0.0326356403529644,0.05491897463798523,0.043777309358119965
22,65,0.03742780163884163,0.05545153096318245,0.04643966630101204
22,66,0.05923844501376152,0.05787138268351555,0.058554913848638535
22,67,0.02921026200056076,0.05542309954762459,0.042316682636737823
22,68,0.03442862257361412,0.059184152632951736,0.04680638760328293
22,69,0.01910080946981907,0.054957497864961624,0.03702915459871292
22,70,0.027662040665745735,0.055751603096723557,0.04170682281255722
22,71,0.03254996985197067,0.05541486665606499,0.04398241639137268
22,72,0.040397632867097855,0.05661576986312866,0.04850669950246811
22,73,0.06360797584056854,0.056982848793268204,0.060295410454273224
22,74,0.04221262410283089,0.05588539317250252,0.0490490086376667
22,75,0.025423375889658928,0.055295418947935104,0.04035939648747444
22,76,0.03700888901948929,0.05535654351115227,0.04618271440267563
22,77,0.03361877426505089,0.05480439215898514,0.044211581349372864
22,78,0.029948953539133072,0.055847201496362686,0.04289807751774788
22,79,0.019540568813681602,0.05473588407039642,0.03713822737336159
22,80,0.054878439754247665,0.05813562497496605,0.05650703236460686
22,81,0.034373827278614044,0.05595678091049194,0.045165304094552994
22,82,0.03143879398703575,0.056101810187101364,0.04377030208706856
22,83,0.024848060682415962,0.05521957948803902,0.040033821016550064
22,84,0.05342944338917732,0.057031091302633286,0.055230267345905304
22,85,0.030501674860715866,0.055882036685943604,0.043191857635974884
22,86,0.03213236853480339,0.0559513233602047,0.044041845947504044
22,87,0.027779852971434593,0.05505995452404022,0.04141990467905998
22,88,0.02469133399426937,0.05595516040921211,0.04032324627041817
22,89,0.024540549144148827,0.05531252548098564,0.03992653638124466
22,90,0.03237290307879448,0.05508750304579735,0.043730203062295914
22,91,0.027521662414073944,0.05646289885044098,0.04199228063225746
22,92,0.041892070323228836,0.05524895340204239,0.04857051372528076
22,93,0.03339633345603943,0.0558275505900383,0.044611942023038864
22,94,0.043555859476327896,0.05799321085214615,0.05077453702688217
22,95,0.031557850539684296,0.05610341578722,0.04383063316345215
22,96,0.031172899529337883,0.055042751133441925,0.04310782626271248
22,97,0.034219615161418915,0.05475155636668205,0.044485583901405334
22,98,0.030269376933574677,0.0556899718940258,0.04297967255115509
22,99,0.030066311359405518,0.054492659866809845,0.04227948561310768
22,100,0.03428194299340248,0.05532648786902428,0.04480421543121338
22,101,0.030845006927847862,0.054652661085128784,0.0427488349378109
22,102,0.0487833246588707,0.0561191700398922,0.0524512454867363
22,103,0.03582124412059784,0.056519534438848495,0.04617039114236832
22,104,0.02062307856976986,0.05495045334100723,0.03778676688671112
22,105,0.025119565427303314,0.055533722043037415,0.040326643735170364
22,106,0.03825874626636505,0.05622881278395653,0.04724378138780594
22,107,0.030816666781902313,0.054990362375974655,0.042903512716293335
22,108,0.037643492221832275,0.05381708964705467,0.04573029279708862
22,109,0.022300422191619873,0.054802991449832916,0.038551706820726395
22,110,0.03806864097714424,0.05588738992810249,0.04697801545262337
22,111,0.02434248849749565,0.05433383584022522,0.039338164031505585
22,112,0.047546569257974625,0.058412306010723114,0.05297943949699402
22,113,0.04164126142859459,0.056916508823633194,0.04927888512611389
22,114,0.030358081683516502,0.05564000830054283,0.04299904406070709
22,115,0.0337677039206028,0.05593549460172653,0.044851601123809814
22,116,0.03848695382475853,0.05496741086244583,0.04672718048095703
22,117,0.05907304584980011,0.05632668733596802,0.057699866592884064
22,118,0.03715309128165245,0.05505850166082382,0.04610579460859299
22,119,0.03003166802227497,0.054100167006254196,0.04206591844558716
22,120,0.041579704731702805,0.05546451359987259,0.04852210730314255
22,121,0.032585520297288895,0.055451177060604095,0.044018350541591644
22,122,0.05412585660815239,0.05648789927363396,0.05530687794089317
22,123,0.03755331039428711,0.057844582945108414,0.04769894480705261
22,124,0.022621560841798782,0.05353549122810364,0.03807852417230606
22,125,0.0289198886603117,0.055464837700128555,0.04219236224889755
22,126,0.05083584040403366,0.05734942480921745,0.05409263074398041
22,127,0.02367032878100872,0.05479178577661514,0.039231058210134506
22,128,0.0296179112046957,0.05471557006239891,0.04216673970222473
22,129,0.03514591604471207,0.05666671693325043,0.04590631648898125
22,130,0.04027436673641205,0.056874554604291916,0.04857446253299713
22,131,0.04997408017516136,0.05834092199802399,0.054157502949237823
22,132,0.026357924565672874,0.054220594465732574,0.0402892604470253
22,133,0.022827651351690292,0.05539353936910629,0.03911059349775314
22,134,0.0318804606795311,0.0548614040017128,0.04337093234062195
22,135,0.03563318029046059,0.05517306551337242,0.045403122901916504
22,136,0.04924045875668526,0.05722025781869888,0.05323036015033722
22,137,0.039869263768196106,0.055315740406513214,0.04759250208735466
22,138,0.030464282259345055,0.05468375235795975,0.042574018239974976
22,139,0.03462707996368408,0.05420433729887009,0.044415708631277084
22,140,0.031516388058662415,0.055575575679540634,0.043545983731746674
23,0,0.04199374467134476,0.05637656897306442,0.04918515682220459
23,1,0.029188118875026703,0.055044740438461304,0.042116429656744
23,2,0.030120695009827614,0.055066633969545364,0.042593665421009064
23,3,0.032856229692697525,0.053653258830308914,0.04325474426150322
23,4,0.02482316829264164,0.05548242852091789,0.04015279933810234
23,5,0.030918734148144722,0.05472434312105179,0.04282153770327568
23,6,0.023473866283893585,0.05452028661966324,0.03899707645177841
23,7,0.050785619765520096,0.05657673254609108,0.05368117615580559
23,8,0.029998091980814934,0.05505399778485298,0.04252604395151138
23,9,0.029222846031188965,0.05495413392782211,0.04208848997950554
23,10,0.03464062139391899,0.0546528622508049,0.0446467399597168
23,11,0.03003937564790249,0.05433071777224541,0.04218504577875137
23,12,0.03685051202774048,0.0551515594124794,0.04600103572010994
23,13,0.02404000237584114,0.05343043804168701,0.03873521834611893
23,14,0.024549072608351707,0.05401960387825966,0.03928433731198311
23,15,0.02580021508038044,0.05428984388709068,0.040045030415058136
23,16,0.04953707009553909,0.057852454483509064,0.05369476228952408
23,17,0.05844312906265259,0.05628056824207306,0.057361848652362823
23,18,0.02247343212366104,0.05366992950439453,0.038071680814027786
23,19,0.03489254415035248,0.054498471319675446,0.04469550773501396
23,20,0.027996018528938293,0.05441604554653168,0.041206032037734985
23,21,0.01923665963113308,0.05417749285697937,0.0367070771753788
23,22,0.043042127043008804,0.054454632103443146,0.048748381435871124
23,23,0.021232575178146362,0.0543777197599411,0.03780514746904373
23,24,0.03417060896754265,0.055033739656209946,0.0446021743118763
23,25,0.032549429684877396,0.05459153652191162,0.04357048124074936
23,26,0.03508178889751434,0.054760418832302094,0.04492110386490822
23,27,0.039053309708833694,0.054119646549224854,0.046586476266384125
23,28,0.06397722661495209,0.05655490979552269,0.06026607006788254
23,29,0.041433852165937424,0.054721664637327194,0.04807775840163231
23,30,0.0723266676068306,0.059205710887908936,0.06576618552207947
23,31,0.04900886118412018,0.056400950998067856,0.052704907953739166
23,32,0.03412708640098572,0.05827825516462326,0.04620267078280449
23,33,0.029790565371513367,0.05389935523271561,0.04184496030211449
23,34,0.03361067548394203,0.05491704121232033,0.04426385834813118
23,35,0.04051807150244713,0.055252429097890854,0.04788525030016899
23,36,0.025819838047027588,0.054633043706417084,0.040226440876722336
23,37,0.037989430129528046,0.054603222757577896,0.04629632830619812
23,38,0.0390598438680172,0.054079800844192505,0.04656982421875
23,39,0.05112658068537712,0.0565042644739151,0.05381542444229126
23,40,0.03678547963500023,0.05546532943844795,0.04612540453672409
23,41,0.037361226975917816,0.05507338047027588,0.04621730372309685
23,42,0.020400095731019974,0.053550735116004944,0.03697541356086731
23,43,0.04107081890106201,0.05621805414557457,0.04864443838596344
23,44,0.03577844798564911,0.05626692622900009,0.0460226871073246
23,45,0.04492205008864403,0.05660083889961243,0.050761446356773376
23,46,0.03989938274025917,0.05504150316119194,0.047470442950725555
23,47,0.034055985510349274,0.05398649722337723,0.04402124136686325
23,48,0.0415886752307415,0.05555504932999611,0.048571862280368805
23,49,0.04039378464221954,0.055159009993076324,0.047776397317647934
23,50,0.02751641906797886,0.053765952587127686,0.0406411848962307
23,51,0.03756275400519371,0.0540139339864254,0.045788343995809555
23,52,0.035852327942848206,0.055646490305662155,0.04574941098690033
23,53,0.029122276231646538,0.05396679416298866,0.041544534265995026
23,54,0.03966644033789635,0.05544649437069893,0.04755646735429764
23,55,0.024402746930718422,0.055686984211206436,0.040044866502285004
23,56,0.046287573873996735,0.054939690977334976,0.050613634288311005
23,57,0.025753945112228394,0.05397111177444458,0.03986252844333649
23,58,0.03618594631552696,0.05342802405357361,0.044806987047195435
23,59,0.06926192343235016,0.05926664173603058,0.06426428258419037
23,60,0.023509368300437927,0.054198868572711945,0.038854118436574936
23,61,0.0219339057803154,0.054481346160173416,0.03820762783288956
23,62,0.03613590449094772,0.05333942919969559,0.044737666845321655
23,63,0.032615240663290024,0.05459471419453621,0.043604977428913116
23,64,0.03854920342564583,0.0556020550429821,0.047075629234313965
23,65,0.026587514206767082,0.05465564876794815,0.04062158241868019
23,66,0.02926323562860489,0.05395684763789177,0.04161003977060318
23,67,0.0438002273440361,0.05386476218700409,0.048832494765520096
23,68,0.042376067489385605,0.05407135188579559,0.04822371155023575
23,69,0.025914400815963745,0.053669098764657974,0.03979174792766571
23,70,0.037914156913757324,0.055781424045562744,0.046847790479660034
23,71,0.026453841477632523,0.054865434765815735,0.04065963625907898
23,72,0.02924315445125103,0.053951695561409,0.04159742593765259
23,73,0.03949451819062233,0.05429304391145706,0.046893782913684845
23,74,0.034013114869594574,0.054032161831855774,0.044022638350725174
23,75,0.0528053380548954,0.05385801941156387,0.053331680595874786
23,76,0.041091855615377426,0.056077100336551666,0.0485844761133194
23,77,0.033246152102947235,0.053706083446741104,0.04347611963748932
23,78,0.02944817766547203,0.055105313658714294,0.04227674752473831
23,79,0.040630318224430084,0.05776236206293106,0.04919634014368057
23,80,0.0250922329723835,0.054616350680589676,0.03985429182648659
23,81,0.03415188565850258,0.05384359136223793,0.043997738510370255
23,82,0.06882675737142563,0.05530629679560661,0.06206652522087097
23,83,0.0488801971077919,0.05477454140782356,0.05182737112045288
23,84,0.036640625447034836,0.05365588515996933,0.045148253440856934
23,85,0.02983425371348858,0.054055579006671906,0.04194491729140282
23,86,0.045175522565841675,0.05602011829614639,0.050597820430994034
23,87,0.0465703047811985,0.053111519664525986,0.049840912222862244
23,88,0.049404576420784,0.055056385695934296,0.052230481058359146
23,89,0.03203422203660011,0.05609465017914772,0.04406443610787392
23,90,0.027739984914660454,0.053648948669433594,0.0406944677233696
23,91,0.033574167639017105,0.05391465499997139,0.04374441131949425
23,92,0.07067983597517014,0.06068309023976326,0.06568146497011185
23,93,0.03920706734061241,0.05379253998398781,0.04649980366230011
23,94,0.03535700961947441,0.05336783826351166,0.044362425804138184
23,95,0.026500806212425232,0.05343691259622574,0.039968859404325485
23,96,0.031231151893734932,0.054165326058864594,0.04269823804497719
23,97,0.029915666207671165,0.05353256314992905,0.04172411561012268
23,98,0.04018431901931763,0.05427086725831032,0.04722759127616882
23,99,0.06061040982604027,0.05508042126893997,0.05784541368484497
23,100,0.026500357314944267,0.05263359472155571,0.039566975086927414
23,101,0.025113584473729134,0.054564859718084335,0.03983922302722931
23,102,0.041685786098241806,0.0556788295507431,0.048682309687137604
23,103,0.041583042591810226,0.05532890930771828,0.04845597594976425
23,104,0.05662465840578079,0.0554327666759491,0.056028712540864944
23,105,0.026516230776906013,0.05300774797797203,0.0397619903087616
23,106,0.05563357472419739,0.0541989840567112,0.05491627752780914
23,107,0.03436920791864395,0.054840654134750366,0.04460493102669716
23,108,0.04045960307121277,0.053905002772808075,0.04718230292201042
23,109,0.029470467939972878,0.05278409644961357,0.0411272831261158
23,110,0.034312039613723755,0.054167430847883224,0.04423973709344864
23,111,0.045571841299533844,0.05450044572353363,0.05003614351153374
23,112,0.04007856920361519,0.05415036529302597,0.04711446911096573
23,113,0.03281046077609062,0.05687790736556053,0.04484418407082558
23,114,0.02934211865067482,0.0539209209382534,0.04163151979446411
23,115,0.030895741656422615,0.054667774587869644,0.042781759053468704
23,116,0.04324144497513771,0.05550117418169975,0.04937130957841873
23,117,0.03068830445408821,0.05381634086370468,0.042252324521541595
23,118,0.0325336679816246,0.053437959402799606,0.042985811829566956
23,119,0.0280904620885849,0.05424121767282486,0.04116583988070488
23,120,0.04071647301316261,0.052875760942697525,0.04679611697793007
23,121,0.028510691598057747,0.052354857325553894,0.040432773530483246
23,122,0.03067752718925476,0.05396517366170883,0.042321350425481796
23,123,0.026268046349287033,0.05415395274758339,0.04021099954843521
23,124,0.030837014317512512,0.05445804074406624,0.042647525668144226
23,125,0.030284494161605835,0.05277841538190842,0.041531454771757126
23,126,0.028462892398238182,0.0547298789024353,0.04159638658165932
23,127,0.019123593345284462,0.05405840650200844,0.036591000854969025
23,128,0.06259339302778244,0.05625682324171066,0.05942510813474655
23,129,0.05698994919657707,0.055841587483882904,0.05641576647758484
23,130,0.06278208643198013,0.05677077919244766,0.0597764328122139
23,131,0.024695996195077896,0.05282260477542877,0.038759298622608185
23,132,0.03592905402183533,0.053583867847919464,0.044756460934877396
23,133,0.02057722397148609,0.052158813923597336,0.03636801987886429
23,134,0.03101951628923416,0.054031211882829666,0.04252536594867706
23,135,0.02934109792113304,0.05406909063458443,0.041705094277858734
23,136,0.031844332814216614,0.05416058376431465,0.04300245642662048
23,137,0.0367971770465374,0.05360329523682594,0.04520023614168167
23,138,0.028433125466108322,0.05317283794283867,0.040802981704473495
23,139,0.019057894125580788,0.05230306088924408,0.03568047657608986
23,140,0.031944651156663895,0.05441831052303314,0.04318147897720337
24,0,0.0320272296667099,0.05284692347049713,0.042437076568603516
24,1,0.04620534926652908,0.053785376250743866,0.049995362758636475
24,2,0.03243214637041092,0.05434015393257141,0.043386150151491165
24,3,0.03708492964506149,0.054171573370695114,0.045628249645233154
24,4,0.047715943306684494,0.05521068349480629,0.05146331340074539
24,5,0.020784450694918633,0.05245300009846687,0.03661872446537018
24,6,0.030303657054901123,0.05450469255447388,0.0424041748046875
24,7,0.02993411011993885,0.05391828715801239,0.041926197707653046
24,8,0.028458910062909126,0.05300009250640869,0.040729500353336334
24,9,0.022240402176976204,0.05263441428542137,0.03743740916252136
24,10,0.03400212526321411,0.05334952846169472,0.043675824999809265
24,11,0.035255659371614456,0.054055094718933105,0.04465537518262863
24,12,0.02443680167198181,0.05291453376412392,0.038675665855407715
24,13,0.02124028094112873,0.05314015969634056,0.03719022125005722
24,14,0.026491476222872734,0.052094001322984695,0.03929273784160614
24,15,0.042220622301101685,0.05544350668787956,0.04883206635713577
24,16,0.0287664495408535,0.05458953231573105,0.041677989065647125
24,17,0.030669545754790306,0.055667415261268616,0.043168481439352036
24,18,0.02622758038341999,0.054047007113695145,0.04013729467988014
24,19,0.034349773079156876,0.05373358353972435,0.04404167830944061
24,20,0.027047956362366676,0.05255432426929474,0.03980113938450813
24,21,0.021230360493063927,0.05295345559716225,0.03709190711379051
24,22,0.028151025995612144,0.05310176685452461,0.040626395493745804
24,23,0.044382210820913315,0.056638915091753006,0.05051056295633316
24,24,0.03416777402162552,0.05413592606782913,0.044151850044727325
24,25,0.024313298985362053,0.05189049616456032,0.03810189664363861
24,26,0.04221510887145996,0.05465881898999214,0.0484369620680809
24,27,0.036196447908878326,0.05291251838207245,0.04455448314547539
24,28,0.02742673084139824,0.05223441496491432,0.03983057290315628
24,29,0.02556592971086502,0.052760206162929535,0.03916306793689728
24,30,0.028753390535712242,0.05378570407629013,0.04126954823732376
24,31,0.030161956325173378,0.05207587406039238,0.041118916124105453
24,32,0.056066203862428665,0.054952800273895264,0.055509500205516815
24,33,0.02462179772555828,0.05291292816400528,0.038767363876104355
24,34,0.03633451461791992,0.0533512681722641,0.04484289139509201
24,35,0.03710442781448364,0.053760774433612823,0.04543260112404823
24,36,0.040362969040870667,0.05263075232505798,0.046496860682964325
24,37,0.023427963256835938,0.05302851274609566,0.03822823613882065
24,38,0.04478954151272774,0.05347371846437454,0.04913163185119629
24,39,0.022701330482959747,0.05220203846693039,0.03745168447494507
24,40,0.03361496329307556,0.05390368029475212,0.04375932365655899
24,41,0.05723408982157707,0.05278127267956734,0.055007681250572205
24,42,0.03374028205871582,0.053489118814468384,0.0436147004365921
24,43,0.026171723380684853,0.053572382777929306,0.039872054010629654
24,44,0.03000473976135254,0.05305199325084686,0.0415283665060997
24,45,0.025793973356485367,0.05202426761388779,0.038909122347831726
24,46,0.02778543345630169,0.05287204682826996,0.0403287410736084
24,47,0.03538127243518829,0.05269666761159897,0.04403897002339363
24,48,0.03210360184311867,0.052736010402441025,0.042419806122779846
24,49,0.03127201646566391,0.0536181665956974,0.042445093393325806
24,50,0.03095429576933384,0.054818812757730484,0.042886555194854736
24,51,0.030843941494822502,0.05218522995710373,0.04151458665728569
24,52,0.025614945217967033,0.05305974557995796,0.03933734446763992
24,53,0.03302890434861183,0.05261551961302757,0.0428222119808197
24,54,0.04144823178648949,0.054495688527822495,0.04797196015715599
24,55,0.03122553788125515,0.054154008626937866,0.04268977418541908
24,56,0.04450758919119835,0.053319282829761505,0.04891343414783478
24,57,0.049511950463056564,0.053002312779426575,0.05125713348388672
24,58,0.03706090524792671,0.05275573953986168,0.044908322393894196
24,59,0.020620819181203842,0.052556972950696945,0.036588896065950394
24,60,0.027272021397948265,0.05277764052152634,0.040024831891059875
24,61,0.022914279252290726,0.052533406764268875,0.0377238430082798
24,62,0.03298744186758995,0.051926352083683014,0.04245689511299133
24,63,0.033426132053136826,0.0544157400727272,0.043920934200286865
24,64,0.047146234661340714,0.05463765934109688,0.050891947001218796
24,65,0.030169937759637833,0.05361068621277809,0.04189031198620796
24,66,0.04007451608777046,0.055502597242593765,0.047788556665182114
24,67,0.05056563764810562,0.05489974468946457,0.052732691168785095
24,68,0.04177292436361313,0.05237223953008652,0.04707258194684982
24,69,0.02930258773267269,0.05270897224545479,0.041005779057741165
24,70,0.04300716146826744,0.05363760143518448,0.04832237958908081
24,71,0.03006756864488125,0.052617840468883514,0.041342705488204956
24,72,0.032310083508491516,0.05301147699356079,0.042660780251026154
24,73,0.02954592928290367,0.05288459360599518,0.041215263307094574
24,74,0.01609269715845585,0.05123160034418106,0.03366214781999588
24,75,0.04527304694056511,0.05680560693144798,0.051039326936006546
24,76,0.037211477756500244,0.05248316749930382,0.04484732449054718
24,77,0.028868315741419792,0.05175983905792236,0.04031407833099365
24,78,0.027425825595855713,0.053471870720386505,0.04044884815812111
24,79,0.04470594599843025,0.053902555257081985,0.04930425062775612
24,80,0.03329404443502426,0.052491072565317154,0.04289256036281586
24,81,0.033651888370513916,0.05226358771324158,0.04295773804187775
24,82,0.028203612193465233,0.053615011274814606,0.040909312665462494
24,83,0.03844479098916054,0.05227736756205559,0.04536107927560806
24,84,0.08220325410366058,0.05679142475128174,0.06949733942747116
24,85,0.02684629149734974,0.051807671785354614,0.0393269807100296
24,86,0.030705202370882034,0.05255214124917984,0.041628673672676086
24,87,0.03536931425333023,0.05217432975769043,0.04377182200551033
24,88,0.026000913232564926,0.0520453080534935,0.039023108780384064
24,89,0.04002872109413147,0.0529286190867424,0.046478670090436935
24,90,0.02656085044145584,0.05226719379425049,0.039414022117853165
24,91,0.0665540099143982,0.05442987382411957,0.06049194186925888
24,92,0.02841801755130291,0.05351254716515541,0.040965281426906586
24,93,0.0336221419274807,0.052210111171007156,0.04291612654924393
24,94,0.044957250356674194,0.052997887134552,0.0489775687456131
24,95,0.028123456984758377,0.05301154404878616,0.04056750237941742
24,96,0.027045441791415215,0.05240748077630997,0.039726462215185165
24,97,0.03498132526874542,0.05320132523775101,0.044091325253248215
24,98,0.035104356706142426,0.05261426791548729,0.04385931044816971
24,99,0.032513149082660675,0.052418243139982224,0.0424656942486763
24,100,0.02309233695268631,0.05136840045452118,0.037230368703603745
24,101,0.040414415299892426,0.053080372512340546,0.046747393906116486
24,102,0.0382673554122448,0.05135722458362579,0.044812291860580444
24,103,0.019047057256102562,0.051497410982847214,0.03527223318815231
24,104,0.04179678484797478,0.05367175489664078,0.04773426800966263
24,105,0.022680941969156265,0.052068889141082764,0.037374913692474365
24,106,0.023883631452918053,0.05213545635342598,0.03800954297184944
24,107,0.03761136159300804,0.05290611833333969,0.04525873810052872
24,108,0.03860164433717728,0.05343411862850189,0.046017881482839584
24,109,0.030313903465867043,0.052086953073740005,0.0412004292011261
24,110,0.03998987376689911,0.0527898445725441,0.0463898591697216
24,111,0.029259324073791504,0.05292591452598572,0.04109261929988861
24,112,0.05597534403204918,0.05601198226213455,0.055993661284446716
24,113,0.03047308139503002,0.051575616002082825,0.041024349629879
24,114,0.03651474043726921,0.05299568921327591,0.04475521296262741
24,115,0.022542694583535194,0.051704999059438705,0.037123847752809525
24,116,0.05190335586667061,0.05515235662460327,0.05352785438299179
24,117,0.026964901015162468,0.052655939012765884,0.0398104190826416
24,118,0.019560210406780243,0.05119655653834343,0.03537838160991669
24,119,0.025792188942432404,0.05116507411003113,0.038478631526231766
24,120,0.026319921016693115,0.05167817696928978,0.0389990508556366
24,121,0.03752591833472252,0.053608402609825134,0.045567162334918976
24,122,0.032945822924375534,0.05564089119434357,0.0442933589220047
24,123,0.021882997825741768,0.051576774567365646,0.03672988712787628
24,124,0.060760535299777985,0.05201515182852745,0.05638784170150757
24,125,0.03693866729736328,0.051620468497276306,0.044279567897319794
24,126,0.03663968667387962,0.05290592834353447,0.044772807508707047
24,127,0.032808057963848114,0.053486552089452744,0.04314730316400528
24,128,0.03648035228252411,0.052165787667036057,0.04432307183742523
24,129,0.03742220997810364,0.05212431028485298,0.04477325826883316
24,130,0.054122522473335266,0.053876157850027084,0.053999342024326324
24,131,0.01951109804213047,0.05132446438074112,0.03541778028011322
24,132,0.08631624281406403,0.056305982172489166,0.0713111162185669
24,133,0.017140734940767288,0.05199128016829491,0.0345660075545311
24,134,0.02407865785062313,0.05072914436459541,0.0374039001762867
24,135,0.02978000044822693,0.05107397586107254,0.040426988154649734
24,136,0.03055625408887863,0.05323408916592598,0.041895173490047455
24,137,0.03582971543073654,0.053921058773994446,0.044875387102365494
24,138,0.022610219195485115,0.05165712162852287,0.03713367134332657
24,139,0.038133636116981506,0.05369485169649124,0.045914243906736374
24,140,0.03026404045522213,0.051767896860837936,0.04101596772670746
25,0,0.033444348722696304,0.054047662764787674,0.04374600574374199
25,1,0.023848647251725197,0.05264071375131607,0.03824467957019806
25,2,0.031121350824832916,0.05105208978056908,0.04108671844005585
25,3,0.037189699709415436,0.05198943242430687,0.044589564204216
25,4,0.031026121228933334,0.053223125636577606,0.04212462157011032
25,5,0.034083541482686996,0.053558025509119034,0.043820783495903015
25,6,0.0307091623544693,0.05222798138856888,0.04146857187151909
25,7,0.027448013424873352,0.0515657477080822,0.039506882429122925
25,8,0.05904499441385269,0.052382491528987885,0.05571374297142029
25,9,0.03281289339065552,0.05256880819797516,0.04269085079431534
25,10,0.035518139600753784,0.05053602531552315,0.04302708059549332
25,11,0.03764524310827255,0.053501322865486145,0.04557328298687935
25,12,0.039720822125673294,0.05133003368973732,0.04552542790770531
25,13,0.02773953042924404,0.052641578018665314,0.04019055515527725
25,14,0.029771054163575172,0.052648380398750305,0.041209716349840164
25,15,0.050399623811244965,0.05518384650349617,0.05279173702001572
25,16,0.03004777990281582,0.05158727616071701,0.04081752896308899
25,17,0.04343191906809807,0.052715376019477844,0.048073649406433105
25,18,0.04223531857132912,0.05143601447343826,0.04683566838502884
25,19,0.042746640741825104,0.05266285315155983,0.047704748809337616
25,20,0.032163798809051514,0.05431484431028366,0.04323932155966759
25,21,0.027220971882343292,0.05124582722783089,0.03923340141773224
25,22,0.03944099694490433,0.05264360457658768,0.046042300760746
25,23,0.03874409571290016,0.0522315613925457,0.04548782855272293
25,24,0.029729004949331284,0.05331587791442871,0.041522443294525146
25,25,0.01967504806816578,0.050989896059036255,0.03533247113227844
25,26,0.030801817774772644,0.05196539685130119,0.04138360917568207
25,27,0.025313984602689743,0.052519023418426514,0.03891650587320328
25,28,0.0379437580704689,0.052643004804849625,0.04529338330030441
25,29,0.027659934014081955,0.051423199474811554,0.039541564881801605
25,30,0.0348522923886776,0.050797365605831146,0.04282482713460922
25,31,0.03288150951266289,0.053728844970464706,0.0433051772415638
25,32,0.03297816216945648,0.05307392030954361,0.043026041239500046
25,33,0.028460737317800522,0.05088448151946068,0.0396726094186306
25,34,0.02969788946211338,0.051366791129112244,0.04053233936429024
25,35,0.027967609465122223,0.052025940269231796,0.03999677300453186
25,36,0.030169043689966202,0.05209319293498993,0.041131116449832916
25,37,0.027820903807878494,0.05089899152517319,0.03935994952917099
25,38,0.039862729609012604,0.05166516825556755,0.04576394706964493
25,39,0.029470138251781464,0.05295184999704361,0.04121099412441254
25,40,0.025417251512408257,0.05206193029880524,0.03873959183692932
25,41,0.024881891906261444,0.051375456154346466,0.038128674030303955
25,42,0.030860960483551025,0.050686661154031754,0.04077380895614624
25,43,0.025738123804330826,0.05189488083124161,0.038816504180431366
25,44,0.03625161200761795,0.05099409818649292,0.043622855097055435
25,45,0.0284221600741148,0.05194609612226486,0.040184129029512405
25,46,0.03737886995077133,0.05198587477207184,0.044682372361421585
25,47,0.029417892917990685,0.050329871475696564,0.0398738831281662
25,48,0.033407069742679596,0.05192168429493904,0.04266437888145447
25,49,0.040847327560186386,0.054114848375320435,0.04748108983039856
25,50,0.028932278975844383,0.0523553192615509,0.04064380005002022
25,51,0.03930268436670303,0.05143987759947777,0.04537127912044525
25,52,0.029145849868655205,0.051819656044244766,0.04048275202512741
25,53,0.027728373184800148,0.052698735147714615,0.040213555097579956
25,54,0.03514571115374565,0.05164060369133949,0.04339315742254257
25,55,0.022069284692406654,0.05035409703850746,0.03621169179677963
25,56,0.03096269816160202,0.052325937896966934,0.041644319891929626
25,57,0.05227816849946976,0.0529688224196434,0.05262349545955658
25,58,0.02524537593126297,0.051593631505966187,0.03841950371861458
25,59,0.04299258068203926,0.05089520290493965,0.046943891793489456
25,60,0.027136139571666718,0.05135469138622284,0.03924541547894478
25,61,0.038244687020778656,0.053374480456113815,0.045809581875801086
25,62,0.025988658890128136,0.05332404375076294,0.03965635225176811
25,63,0.02730257622897625,0.05106567591428757,0.03918412700295448
25,64,0.02890566736459732,0.05071469023823738,0.0398101806640625
25,65,0.027836451306939125,0.05197593942284584,0.03990619629621506
25,66,0.05277227237820625,0.05315065383911133,0.05296146124601364
25,67,0.028331514447927475,0.05130983144044876,0.03982067108154297
25,68,0.029306763783097267,0.05122244358062744,0.04026460275053978
25,69,0.0200301893055439,0.05019078403711319,0.035110488533973694
25,70,0.062037017196416855,0.05112743005156517,0.05658222362399101
25,71,0.02642371878027916,0.053273577243089676,0.03984864801168442
25,72,0.03256573528051376,0.050521112978458405,0.041543424129486084
25,73,0.026758570224046707,0.052030049264431,0.039394311606884
25,74,0.024581165984272957,0.050703443586826324,0.037642303854227066
25,75,0.028712065890431404,0.05042051523923874,0.0395662896335125
25,76,0.05047396942973137,0.05258375033736229,0.05152885988354683
25,77,0.023859985172748566,0.05289064720273018,0.03837531805038452
25,78,0.02286466397345066,0.05011916533112526,0.036491915583610535
25,79,0.02986438013613224,0.051686834543943405,0.0407756082713604
25,80,0.03274671733379364,0.051429275423288345,0.042087994515895844
25,81,0.032251130789518356,0.05106564983725548,0.04165839031338692
25,82,0.02519451268017292,0.05140869319438934,0.03830160200595856
25,83,0.03190622106194496,0.051453232765197754,0.04167972505092621
25,84,0.04247218742966652,0.05227004364132881,0.047371115535497665
25,85,0.027907434850931168,0.05033908784389496,0.039123259484767914
25,86,0.02114112861454487,0.05110177397727966,0.03612145036458969
25,87,0.030335593968629837,0.0504288524389267,0.04038222134113312
25,88,0.05678696185350418,0.050798650830984116,0.053792804479599
25,89,0.035009510815143585,0.0534113347530365,0.04421042278409004
25,90,0.021368075162172318,0.05002652108669281,0.035697296261787415
25,91,0.0556168258190155,0.05322470888495445,0.05442076921463013
25,92,0.026564380154013634,0.0515170693397522,0.03904072567820549
25,93,0.040594927966594696,0.05085855349898338,0.04572673887014389
25,94,0.027712127193808556,0.0511995293200016,0.039455827325582504
25,95,0.036542050540447235,0.05275586247444153,0.04464895650744438
25,96,0.02849051170051098,0.05095365643501282,0.03972208499908447
25,97,0.050360165536403656,0.0518035888671875,0.05108187720179558
25,98,0.04813355952501297,0.05338957905769348,0.050761569291353226
25,99,0.01970594935119152,0.051033686846494675,0.03536981716752052
25,100,0.025305109098553658,0.05146785080432892,0.03838647902011871
25,101,0.040182292461395264,0.051866669207811356,0.04602447897195816
25,102,0.04648987576365471,0.05113137513399124,0.048810623586177826
25,103,0.03870658576488495,0.05165979266166687,0.04518318921327591
25,104,0.02852960117161274,0.05186108499765396,0.040195342153310776
25,105,0.027981162071228027,0.050593066960573196,0.03928711265325546
25,106,0.01958298124372959,0.04984210059046745,0.0347125418484211
25,107,0.030506324023008347,0.05039866641163826,0.0404524952173233
25,108,0.025283239781856537,0.051300518214702606,0.03829187899827957
25,109,0.03103969618678093,0.052093978971242905,0.04156683757901192
25,110,0.038869138807058334,0.050700459629297256,0.044784799218177795
25,111,0.04052110016345978,0.053504109382629395,0.047012604773044586
25,112,0.041433922946453094,0.05441781505942345,0.04792586714029312
25,113,0.024235345423221588,0.050853848457336426,0.03754459694027901
25,114,0.019581077620387077,0.05061620473861694,0.035098642110824585
25,115,0.02502330206334591,0.051216669380664825,0.03811998665332794
25,116,0.04522990435361862,0.05165044218301773,0.048440173268318176
25,117,0.07126190513372421,0.052980680018663406,0.06212129443883896
25,118,0.035123035311698914,0.05077863857150078,0.042950838804244995
25,119,0.039922647178173065,0.05270315334200859,0.04631289839744568
25,120,0.031916968524456024,0.05226612091064453,0.04209154471755028
25,121,0.051550764590501785,0.05368930101394653,0.05262003093957901
25,122,0.03838044032454491,0.053321368992328644,0.045850902795791626
25,123,0.052499450743198395,0.052249643951654434,0.052374549210071564
25,124,0.033628132194280624,0.05298561602830887,0.0433068722486496
25,125,0.027039319276809692,0.05162113904953003,0.03933022916316986
25,126,0.03168848529458046,0.0509914793074131,0.04133998230099678
25,127,0.03168962523341179,0.05042321979999542,0.041056424379348755
25,128,0.06258023530244827,0.0533454529941082,0.05796284228563309
25,129,0.02897125668823719,0.050819866359233856,0.03989556059241295
25,130,0.03370547667145729,0.050527650862932205,0.04211656376719475
25,131,0.02384870871901512,0.05066502466797829,0.037256866693496704
25,132,0.03019454888999462,0.05162539333105087,0.04090997204184532
25,133,0.028769591823220253,0.051449961960315704,0.040109775960445404
25,134,0.035094618797302246,0.05185193940997124,0.04347328096628189
25,135,0.03458714485168457,0.05240820348262787,0.04349767416715622
25,136,0.10000375658273697,0.05394677072763443,0.0769752636551857
25,137,0.03524357080459595,0.05149441584944725,0.04336899518966675
25,138,0.034186191856861115,0.051348134875297546,0.04276716336607933
25,139,0.028677165508270264,0.05057763308286667,0.039627399295568466
25,140,0.058608006685972214,0.05482117459177971,0.05671459063887596
26,0,0.026441022753715515,0.05056677386164665,0.03850390017032623
26,1,0.03501497954130173,0.050993409007787704,0.04300419241189957
26,2,0.043807607144117355,0.05075922608375549,0.047283418476581573
26,3,0.028527313843369484,0.05135148763656616,0.03993939980864525
26,4,0.049276549369096756,0.054369788616895676,0.051823168992996216
26,5,0.024774378165602684,0.05107293650507927,0.0379236564040184
26,6,0.02523105964064598,0.05138465389609337,0.038307856768369675
26,7,0.02283339574933052,0.049548204988241196,0.03619080036878586
26,8,0.04107840359210968,0.05151902511715889,0.046298712491989136
26,9,0.04776891693472862,0.051493026316165924,0.049630969762802124
26,10,0.03569430857896805,0.05134919285774231,0.04352175071835518
26,11,0.03503904491662979,0.05319993942975998,0.044119492173194885
26,12,0.022712158039212227,0.05105799064040184,0.03688507527112961
26,13,0.04467528685927391,0.05098431929945946,0.047829803079366684
26,14,0.031084971502423286,0.05026103928685188,0.04067300632596016
26,15,0.035615019500255585,0.05071203410625458,0.04316352680325508
26,16,0.0436561293900013,0.0516001433134079,0.04762813448905945
26,17,0.0374206006526947,0.05253765359520912,0.04497912526130676
26,18,0.01913878507912159,0.049768827855587006,0.03445380553603172
26,19,0.03423554450273514,0.05228572338819504,0.04326063394546509
26,20,0.02385789155960083,0.05084900185465813,0.03735344856977463
26,21,0.028387511149048805,0.05124548822641373,0.03981649875640869
26,22,0.02338975854218006,0.05030528083443642,0.036847520619630814
26,23,0.02417503483593464,0.05138866975903511,0.03778185322880745
26,24,0.02484212815761566,0.050039857625961304,0.03744099289178848
26,25,0.033975813537836075,0.05096917599439621,0.04247249662876129
26,26,0.02929643914103508,0.049588337540626526,0.03944239020347595
26,27,0.03925824537873268,0.05211619287729263,0.045687220990657806
26,28,0.059212882071733475,0.05259067192673683,0.05590177699923515
26,29,0.025041479617357254,0.05045149847865105,0.03774648904800415
26,30,0.02821696549654007,0.049914829432964325,0.0390658974647522
26,31,0.02673652209341526,0.05100728198885918,0.03887190297245979
26,32,0.033531855791807175,0.05145608261227608,0.042493969202041626
26,33,0.02387429028749466,0.05084802582859993,0.037361159920692444
26,34,0.06392750889062881,0.05461081117391586,0.05926916003227234
26,35,0.03402471914887428,0.051533930003643036,0.04277932643890381
26,36,0.031577348709106445,0.05097173899412155,0.041274543851614
26,37,0.033373504877090454,0.05082938075065613,0.04210144281387329
26,38,0.030679523944854736,0.051378827542066574,0.041029177606105804
26,39,0.040359195321798325,0.052235376089811325,0.046297285705804825
26,40,0.034196920692920685,0.050692398101091385,0.042444661259651184
26,41,0.024151597172021866,0.049433786422014236,0.03679269179701805
26,42,0.0354527086019516,0.05064443498849869,0.04304857179522514
26,43,0.025843318551778793,0.051232170313596725,0.03853774443268776
26,44,0.03634704276919365,0.05107662454247475,0.0437118336558342
26,45,0.018467724323272705,0.04912710189819336,0.03379741311073303
26,46,0.03210753947496414,0.05005576089024544,0.04108165204524994
26,47,0.0393822155892849,0.05120638757944107,0.045294299721717834
26,48,0.0257616825401783,0.050730377435684204,0.0382460281252861
26,49,0.03424922004342079,0.05209028720855713,0.04316975176334381
26,50,0.045427702367305756,0.051982879638671875,0.048705291002988815
26,51,0.04487694054841995,0.0536918006837368,0.04928436875343323
26,52,0.055046405643224716,0.05303116887807846,0.05403878539800644
26,53,0.025188276544213295,0.04978633299469948,0.03748730570077896
26,54,0.023481519892811775,0.049261827021837234,0.03637167438864708
26,55,0.022462818771600723,0.04978262260556221,0.03612272068858147
26,56,0.04072839766740799,0.05051659047603607,0.04562249407172203
26,57,0.025727970525622368,0.050096545368433,0.03791225701570511
26,58,0.038452111184597015,0.050738148391246796,0.044595129787921906
26,59,0.03332242742180824,0.05048732832074165,0.04190487787127495
26,60,0.02666889689862728,0.05036105960607529,0.03851497918367386
26,61,0.031849268823862076,0.04979424551129341,0.040821757167577744
26,62,0.02698725275695324,0.050069764256477356,0.03852850943803787
26,63,0.028994210064411163,0.048964109271764755,0.03897915780544281
26,64,0.03090767003595829,0.04997866228222847,0.040443167090415955
26,65,0.0283771064132452,0.04982506111264229,0.03910108283162117
26,66,0.03461967408657074,0.05005764588713646,0.04233866184949875
26,67,0.025141270831227303,0.04917586222290993,0.03715856745839119
26,68,0.028118640184402466,0.04898963123559952,0.03855413571000099
26,69,0.028362102806568146,0.05050856992602348,0.039435334503650665
26,70,0.03819506987929344,0.0490141287446022,0.04360459744930267
26,71,0.029528500512242317,0.05096414312720299,0.04024632275104523
26,72,0.030255354940891266,0.05040078982710838,0.040328070521354675
26,73,0.03127739951014519,0.049480706453323364,0.040379054844379425
26,74,0.023707212880253792,0.04928437992930412,0.03649579733610153
26,75,0.03118305094540119,0.05108357220888138,0.04113331064581871
26,76,0.02728639356791973,0.05184314772486687,0.039564769715070724
26,77,0.02941391058266163,0.05076770484447479,0.040090806782245636
26,78,0.028127947822213173,0.05034156143665314,0.03923475369811058
26,79,0.023947512730956078,0.04950718954205513,0.03672735020518303
26,80,0.02866552211344242,0.04998433589935303,0.03932492807507515
26,81,0.029392190277576447,0.05117081478238106,0.0402815043926239
26,82,0.0463419184088707,0.05187949165701866,0.04911070317029953
26,83,0.04239910840988159,0.05149594321846962,0.04694752395153046
26,84,0.03260396048426628,0.05035461485385895,0.041479289531707764
26,85,0.021304352208971977,0.05009089782834053,0.03569762408733368
26,86,0.04667193070054054,0.049787431955337524,0.048229679465293884
26,87,0.02474001795053482,0.05049065500497818,0.0376153364777565
26,88,0.029196398332715034,0.05053411051630974,0.03986525535583496
26,89,0.03536204248666763,0.05085119977593422,0.043106622993946075
26,90,0.02768346667289734,0.05074359476566315,0.03921353071928024
26,91,0.0315093919634819,0.050540998578071594,0.04102519527077675
26,92,0.03303080424666405,0.05021479353308678,0.04162279888987541
26,93,0.032885875552892685,0.05207616090774536,0.04248102009296417
26,94,0.030454322695732117,0.04902716353535652,0.03974074125289917
26,95,0.031437087804079056,0.05049213767051697,0.04096461087465286
26,96,0.0497317910194397,0.05207439884543419,0.05090309679508209
26,97,0.02897997759282589,0.05043290928006172,0.03970644250512123
26,98,0.029977621510624886,0.050223980098962784,0.04010080173611641
26,99,0.033757857978343964,0.050423409789800644,0.042090632021427155
26,100,0.024616792798042297,0.04924308508634567,0.036929938942193985
26,101,0.043978139758110046,0.05413006618618965,0.0490541011095047
26,102,0.0371432900428772,0.052291132509708405,0.0447172112762928
26,103,0.03134369105100632,0.04923239350318909,0.0402880422770977
26,104,0.02401331253349781,0.049787737429142,0.03690052404999733
26,105,0.03591666743159294,0.05130225047469139,0.043609458953142166
26,106,0.03894294425845146,0.05097346380352974,0.0449582040309906
26,107,0.02362825535237789,0.049842629581689835,0.03673544153571129
26,108,0.028601840138435364,0.049407199025154114,0.03900451958179474
26,109,0.02836826629936695,0.04847707226872444,0.03842267021536827
26,110,0.032823652029037476,0.04945768043398857,0.04114066809415817
26,111,0.042150530964136124,0.05235440284013748,0.04725246876478195
26,112,0.02365948259830475,0.05003919079899788,0.036849334836006165
26,113,0.03538075461983681,0.050259776413440704,0.042820267379283905
26,114,0.04229484871029854,0.05125616118311882,0.04677550494670868
26,115,0.04567163437604904,0.053153447806835175,0.04941254109144211
26,116,0.0246062483638525,0.050102151930332184,0.03735420107841492
26,117,0.04048148915171623,0.051149699836969376,0.045815594494342804
26,118,0.05567815899848938,0.05046725273132324,0.05307270586490631
26,119,0.038463372737169266,0.0501624196767807,0.044312894344329834
26,120,0.04112062603235245,0.05063851550221443,0.04587957262992859
26,121,0.03797803074121475,0.0497785247862339,0.043878279626369476
26,122,0.051313616335392,0.049942757934331894,0.0506281852722168
26,123,0.04804475978016853,0.052210718393325806,0.05012773722410202
26,124,0.030803315341472626,0.049024682492017746,0.03991399705410004
26,125,0.03481212258338928,0.048783570528030396,0.04179784655570984
26,126,0.04846346378326416,0.04941101372241974,0.04893723875284195
26,127,0.023707587271928787,0.04944149777293205,0.03657454252243042
26,128,0.021568791940808296,0.04901560768485069,0.03529220074415207
26,129,0.046655308455228806,0.05383722111582756,0.05024626478552818
26,130,0.03502233698964119,0.04961969703435898,0.04232101887464523
26,131,0.03669275715947151,0.04997880384325981,0.04333578050136566
26,132,0.03715640679001808,0.04839067533612251,0.0427735410630703
26,133,0.03860414773225784,0.0494203083217144,0.04401222616434097
26,134,0.03685138002038002,0.04865270480513573,0.042752042412757874
26,135,0.046514011919498444,0.053451359272003174,0.04998268559575081
26,136,0.021908219903707504,0.0496397465467453,0.03577398508787155
26,137,0.03382263332605362,0.05056833103299141,0.042195484042167664
26,138,0.025631383061408997,0.04908651113510132,0.03735894709825516
26,139,0.04597090184688568,0.05121331289410591,0.04859210550785065
26,140,0.025764644145965576,0.05208878219127655,0.03892671316862106
27,0,0.02489274926483631,0.049919165670871735,0.03740595653653145
27,1,0.024836702272295952,0.04984026774764061,0.037338484078645706
27,2,0.043276019394397736,0.05200587958097458,0.04764094948768616
27,3,0.021967492997646332,0.04918632656335831,0.03557690978050232
27,4,0.028340090066194534,0.04992716759443283,0.03913363069295883
27,5,0.045140936970710754,0.050553712993860245,0.04784732311964035
27,6,0.0466882586479187,0.04940841346979141,0.04804833605885506
27,7,0.028423303738236427,0.05016251280903816,0.03929290920495987
27,8,0.019318154081702232,0.04868630692362785,0.03400222957134247
27,9,0.04584979638457298,0.05151687562465668,0.04868333786725998
27,10,0.019797952845692635,0.04861973226070404,0.03420884162187576
27,11,0.01923677884042263,0.04881993308663368,0.03402835503220558
27,12,0.03347143530845642,0.049045152962207794,0.04125829413533211
27,13,0.032170530408620834,0.04991871491074562,0.04104462265968323
27,14,0.04581545293331146,0.050107862800359726,0.04796165972948074
27,15,0.019539736211299896,0.0479728989303112,0.0337563157081604
27,16,0.04379764571785927,0.04997492954134941,0.04688628762960434
27,17,0.02670406922698021,0.05101155862212181,0.03885781392455101
27,18,0.039556920528411865,0.05018085613846779,0.04486888647079468
27,19,0.025816045701503754,0.049255408346652985,0.03753572702407837
27,20,0.035171590745449066,0.048655375838279724,0.041913483291864395
27,21,0.025816205888986588,0.048459675163030624,0.037137940526008606
27,22,0.041259363293647766,0.04872880503535271,0.044994086027145386
27,23,0.029394658282399178,0.049501240253448486,0.03944794833660126
27,24,0.028822822496294975,0.04849167540669441,0.03865724802017212
27,25,0.042521439492702484,0.05217498540878296,0.04734821245074272
27,26,0.019574062898755074,0.04915034398436546,0.03436220437288284
27,27,0.07155659049749374,0.05195987597107887,0.06175823509693146
27,28,0.03645611181855202,0.049493007361888885,0.0429745614528656
27,29,0.03673366457223892,0.05068611353635788,0.0437098890542984
27,30,0.018244672566652298,0.04979874938726425,0.034021712839603424
27,31,0.038913290947675705,0.05126328766345978,0.04508829116821289
27,32,0.028336405754089355,0.049610819667577744,0.0389736145734787
27,33,0.05395319685339928,0.05268421769142151,0.05331870913505554
27,34,0.04252324625849724,0.05070992559194565,0.046616584062576294
27,35,0.04030933231115341,0.04898232966661453,0.04464583098888397
27,36,0.029410257935523987,0.049038488417863846,0.03922437131404877
27,37,0.022619927302002907,0.04986157268285751,0.036240749061107635
27,38,0.04206855595111847,0.051173120737075806,0.04662083834409714
27,39,0.031695764511823654,0.04977653920650482,0.04073615372180939
27,40,0.020179668441414833,0.04886537417769432,0.03452252224087715
27,41,0.042765069752931595,0.050200946629047394,0.046483010053634644
27,42,0.019567107781767845,0.04854540526866913,0.03405625745654106
27,43,0.02631169557571411,0.04900907352566719,0.0376603826880455
27,44,0.03175506368279457,0.049413036555051804,0.04058405011892319
27,45,0.030857495963573456,0.04978550225496292,0.04032149910926819
27,46,0.02377278544008732,0.04887766018509865,0.03632522374391556
27,47,0.03385675325989723,0.04965302720665932,0.041754890233278275
27,48,0.040716007351875305,0.050100456923246384,0.045408234000205994
27,49,0.02822859399020672,0.04988858848810196,0.03905859217047691
27,50,0.0282451119273901,0.0487842857837677,0.038514699786901474
27,51,0.03354215994477272,0.04935620725154877,0.041449181735515594
27,52,0.03967931494116783,0.04943619295954704,0.04455775395035744
27,53,0.029318569228053093,0.04969051480293274,0.03950454294681549
27,54,0.04798628017306328,0.0505412295460701,0.04926375299692154
27,55,0.03554708883166313,0.05011351406574249,0.04283030331134796
27,56,0.02465341053903103,0.04869569465517998,0.03667455166578293
27,57,0.02432776615023613,0.049315884709358215,0.03682182729244232
27,58,0.027898795902729034,0.049556829035282135,0.038727812469005585
27,59,0.037934672087430954,0.04957318305969238,0.04375392943620682
27,60,0.0320509672164917,0.05011901631951332,0.04108498990535736
27,61,0.0410422682762146,0.0494362898170948,0.04523927718400955
27,62,0.03068171814084053,0.0496753491461277,0.040178533643484116
27,63,0.02347641810774803,0.04962177947163582,0.036549098789691925
27,64,0.045125775039196014,0.04939482733607292,0.04726029932498932
27,65,0.02422383800148964,0.04907528683543205,0.036649562418460846
27,66,0.03251466527581215,0.048878394067287445,0.040696531534194946
27,67,0.023231294006109238,0.04853210598230362,0.03588169813156128
27,68,0.04212680086493492,0.04859026521444321,0.045358531177043915
27,69,0.05212504044175148,0.05126551166176796,0.05169527605175972
27,70,0.03916385769844055,0.049908511340618134,0.04453618451952934
27,71,0.0406736396253109,0.05190182477235794,0.04628773033618927
27,72,0.040966276079416275,0.05139372870326042,0.04618000239133835
27,73,0.03778330236673355,0.05121144279837608,0.04449737071990967
27,74,0.051552847027778625,0.05235893651843071,0.05195589363574982
27,75,0.029539471492171288,0.04962578043341637,0.03958262503147125
27,76,0.061383411288261414,0.049066945910453796,0.055225178599357605
27,77,0.04488648846745491,0.04916631430387497,0.04702640324831009
27,78,0.019608046859502792,0.0481376014649868,0.0338728241622448
27,79,0.03056253492832184,0.04938032478094101,0.039971429854631424
27,80,0.024396056309342384,0.0488385446369648,0.036617301404476166
27,81,0.024830076843500137,0.04793275147676468,0.03638141602277756
27,82,0.028941554948687553,0.048587508499622345,0.038764532655477524
27,83,0.0334746316075325,0.04827570915222168,0.04087517037987709
27,84,0.02726811356842518,0.04807717725634575,0.03767264634370804
27,85,0.024016378447413445,0.04759685695171356,0.03580661863088608
27,86,0.025846824049949646,0.05006115138530731,0.03795398771762848
27,87,0.030291687697172165,0.04946700483560562,0.039879344403743744
27,88,0.03220698609948158,0.0496816411614418,0.04094431549310684
27,89,0.019400862976908684,0.04895676299929619,0.03417881205677986
27,90,0.02655879594385624,0.048332083970308304,0.037445440888404846
27,91,0.03302561864256859,0.04819517582654953,0.04061039537191391
27,92,0.02713078446686268,0.04927491396665573,0.03820284828543663
27,93,0.030009040609002113,0.048316411674022675,0.03916272521018982
27,94,0.014918550848960876,0.047811370342969894,0.031364962458610535
27,95,0.03006693907082081,0.04739953577518463,0.038733236491680145
27,96,0.035417087376117706,0.04988936707377434,0.04265322536230087
27,97,0.03253113850951195,0.04925807565450668,0.040894605219364166
27,98,0.03161122277379036,0.04987398162484169,0.040742602199316025
27,99,0.03586633503437042,0.04970961809158325,0.04278797656297684
27,100,0.04273131862282753,0.05294574424624443,0.04783853143453598
27,101,0.029089154675602913,0.04916522279381752,0.03912718966603279
27,102,0.03684765473008156,0.050002261996269226,0.04342495650053024
27,103,0.028254592791199684,0.048834916204214096,0.038544755429029465
27,104,0.02153879776597023,0.049214959144592285,0.03537687659263611
27,105,0.03414279967546463,0.05041642114520073,0.04227960854768753
27,106,0.02400386519730091,0.0483834333717823,0.03619365021586418
27,107,0.026416219770908356,0.04836229607462883,0.037389256060123444
27,108,0.0288075003772974,0.04926477372646332,0.039036136120557785
27,109,0.026809271425008774,0.04768257588148117,0.03724592179059982
27,110,0.026586968451738358,0.049251243472099304,0.03791910409927368
27,111,0.03479750081896782,0.050995126366615295,0.04289631545543671
27,112,0.05721815302968025,0.05376416817307472,0.05549116060137749
27,113,0.055377595126628876,0.05096936598420143,0.0531734824180603
27,114,0.02457147277891636,0.04955989494919777,0.03706568479537964
27,115,0.042287785559892654,0.04923688620328903,0.04576233774423599
27,116,0.02219572849571705,0.04842856526374817,0.035312145948410034
27,117,0.02750651352107525,0.04962240904569626,0.03856446221470833
27,118,0.025624673813581467,0.04833941161632538,0.03698204457759857
27,119,0.041737645864486694,0.04911051318049431,0.04542408138513565
27,120,0.03098343499004841,0.050094086676836014,0.040538761764764786
27,121,0.021257607266306877,0.04836316034197807,0.0348103828728199
27,122,0.0327455997467041,0.050221700221300125,0.041483648121356964
27,123,0.04268305003643036,0.04953787103295326,0.04611045867204666
27,124,0.030400186777114868,0.04791795089840889,0.03915906697511673
27,125,0.03203684464097023,0.04880324378609657,0.0404200442135334
27,126,0.029225967824459076,0.04900200664997101,0.03911398723721504
27,127,0.03135817125439644,0.04827459529042244,0.03981638327240944
27,128,0.040874555706977844,0.050062958151102066,0.045468755066394806
27,129,0.03497077524662018,0.04889736697077751,0.041934072971343994
27,130,0.03225082904100418,0.047978684306144714,0.04011475667357445
27,131,0.02823019027709961,0.04815699905157089,0.03819359466433525
27,132,0.06954913586378098,0.0503484308719635,0.05994878336787224
27,133,0.027184147387742996,0.04892943054437637,0.038056790828704834
27,134,0.029518287628889084,0.0491550974547863,0.03933669254183769
27,135,0.017040766775608063,0.047027017921209335,0.03203389048576355
27,136,0.037587039172649384,0.052537959069013596,0.04506249725818634
27,137,0.029545895755290985,0.04881545528769493,0.03918067365884781
27,138,0.030293941497802734,0.04922858625650406,0.0397612638771534
27,139,0.0387333445250988,0.049234405159950256,0.04398387670516968
27,140,0.05847802758216858,0.04906229302287102,0.05377016216516495
28,0,0.028693387284874916,0.048289667814970016,0.03849152848124504
28,1,0.02243916131556034,0.047977447509765625,0.03520830348134041
28,2,0.036713242530822754,0.04821957275271416,0.042466409504413605
28,3,0.02416616678237915,0.04882330447435379,0.03649473562836647
28,4,0.030892008915543556,0.04986175149679184,0.04037687927484512
28,5,0.04178464040160179,0.050339940935373306,0.04606229066848755
28,6,0.026499973610043526,0.04868840053677559,0.03759418800473213
28,7,0.029922904446721077,0.04887107014656067,0.0393969863653183
28,8,0.024382488802075386,0.04723463952541351,0.035808563232421875
28,9,0.030670011416077614,0.04730743169784546,0.03898872062563896
28,10,0.042429402470588684,0.04873880371451378,0.04558410495519638
28,11,0.056173697113990784,0.05204932391643524,0.05411151051521301
28,12,0.036241453140974045,0.04922002553939819,0.04273074120283127
28,13,0.03264394775032997,0.048431120812892914,0.04053753614425659
28,14,0.036765746772289276,0.04881878197193146,0.04279226437211037
28,15,0.019342245534062386,0.04767703637480736,0.033509641885757446
28,16,0.06056676059961319,0.050588078796863556,0.05557741969823837
28,17,0.02665736712515354,0.048042524605989456,0.037349946796894073
28,18,0.019760698080062866,0.04850098490715027,0.03413084149360657
28,19,0.026767345145344734,0.04816275089979172,0.03746504709124565
28,20,0.024458391591906548,0.04836404323577881,0.03641121834516525
28,21,0.029683604836463928,0.04908130690455437,0.0393824577331543
28,22,0.024832410737872124,0.048308730125427246,0.03657057136297226
28,23,0.02652299776673317,0.048673685640096664,0.03759834170341492
28,24,0.038388073444366455,0.05043599754571915,0.0444120354950428
28,25,0.033884573727846146,0.04864588379859924,0.041265226900577545
28,26,0.03818800672888756,0.04856961593031883,0.043378811329603195
28,27,0.024696027860045433,0.048056792467832565,0.036376409232616425
28,28,0.03434908762574196,0.047966018319129944,0.0411575511097908
28,29,0.0293621513992548,0.04853220283985138,0.038947176188230515
28,30,0.04769614711403847,0.04917875677347183,0.0484374538064003
28,31,0.04490112140774727,0.05111654847860336,0.048008836805820465
28,32,0.04998373985290527,0.0472346767783165,0.048609208315610886
28,33,0.045603275299072266,0.052670612931251526,0.049136944115161896
28,34,0.020262742415070534,0.047576166689395905,0.033919453620910645
28,35,0.02213912084698677,0.04759183153510094,0.034865476191043854
28,36,0.028413383290171623,0.04801096394658089,0.03821217268705368
28,37,0.0353083573281765,0.04836783558130264,0.04183809459209442
28,38,0.040883131325244904,0.04971739649772644,0.04530026391148567
28,39,0.028169387951493263,0.04807296022772789,0.03812117502093315
28,40,0.018511155620217323,0.0479004792869091,0.03320581838488579
28,41,0.017069054767489433,0.04685533791780472,0.03196219727396965
28,42,0.02013052999973297,0.047184668481349945,0.03365759924054146
28,43,0.027310427278280258,0.04864800348877907,0.03797921538352966
28,44,0.02893880195915699,0.04895159229636192,0.03894519805908203
28,45,0.035898882895708084,0.04759891331195831,0.04174889624118805
28,46,0.029082460328936577,0.048016905784606934,0.03854968398809433
28,47,0.028313029557466507,0.04840748384594917,0.03836025670170784
28,48,0.023964958265423775,0.048755235970020294,0.03636009618639946
28,49,0.04237992689013481,0.05017394945025444,0.046276938170194626
28,50,0.02111928164958954,0.04805951565504074,0.03458939865231514
28,51,0.0233603622764349,0.04746069386601448,0.035410527139902115
28,52,0.03402840346097946,0.04806418716907501,0.04104629531502724
28,53,0.021329283714294434,0.04788811504840851,0.03460869938135147
28,54,0.023714853450655937,0.04844703897833824,0.036080945283174515
28,55,0.025614436715841293,0.04842374473810196,0.03701908886432648
28,56,0.06347738206386566,0.04860154166817665,0.05603946000337601
28,57,0.030559610575437546,0.049752891063690186,0.040156252682209015
28,58,0.020128672942519188,0.047698598355054855,0.03391363471746445
28,59,0.03467535600066185,0.048108674585819244,0.0413920134305954
28,60,0.03300488740205765,0.04703795164823532,0.040021419525146484
28,61,0.06033768877387047,0.050084713846445084,0.055211201310157776
28,62,0.03030926175415516,0.0479731559753418,0.0391412079334259
28,63,0.03383299335837364,0.047647420316934586,0.040740206837654114
28,64,0.033961858600378036,0.04732406511902809,0.040642961859703064
28,65,0.03671564534306526,0.04893738403916359,0.042826514691114426
28,66,0.020306231454014778,0.0472242534160614,0.033765241503715515
28,67,0.03209862485527992,0.048170458525419235,0.04013454169034958
28,68,0.029576245695352554,0.049232713878154755,0.039404481649398804
28,69,0.025942465290427208,0.04801594465970993,0.036979205906391144
28,70,0.01865687221288681,0.04792726784944534,0.03329207003116608
28,71,0.03753025829792023,0.04893261939287186,0.04323143884539604
28,72,0.02129199542105198,0.04816680774092674,0.034729402512311935
28,73,0.035755258053541183,0.04886417090892792,0.0423097163438797
28,74,0.06983701139688492,0.04892587289214134,0.05938144028186798
28,75,0.03143926337361336,0.04834941774606705,0.03989434242248535
28,76,0.03274134173989296,0.04975811392068863,0.041249729692935944
28,77,0.04118777811527252,0.048109449446201324,0.04464861378073692
28,78,0.033854469656944275,0.04736673831939697,0.040610603988170624
28,79,0.030045000836253166,0.048932820558547974,0.039488911628723145
28,80,0.025388062000274658,0.048213664442300797,0.03680086135864258
28,81,0.04266585782170296,0.049918413162231445,0.04629213362932205
28,82,0.02621562033891678,0.048880815505981445,0.03754821792244911
28,83,0.023901036009192467,0.04795244336128235,0.03592674061655998
28,84,0.037834957242012024,0.04894912242889404,0.04339203983545303
28,85,0.03253552317619324,0.04804045706987381,0.040287990123033524
28,86,0.026014253497123718,0.048952944576740265,0.03748359903693199
28,87,0.03435175493359566,0.04822365567088127,0.041287705302238464
28,88,0.04035598784685135,0.04806656390428543,0.04421127587556839
28,89,0.022882312536239624,0.04661385342478752,0.03474808484315872
28,90,0.029375113546848297,0.049225278198719025,0.03930019587278366
28,91,0.04227859526872635,0.05056900531053543,0.04642380028963089
28,92,0.020518969744443893,0.04750289395451546,0.034010931849479675
28,93,0.030034149065613747,0.04861140996217728,0.03932277858257294
28,94,0.027598988264799118,0.04792053624987602,0.03775976225733757
28,95,0.04198057949542999,0.04856459051370621,0.0452725850045681
28,96,0.026402251794934273,0.04870838299393654,0.03755531832575798
28,97,0.0327705517411232,0.04853890463709831,0.04065472632646561
28,98,0.03880274295806885,0.047524578869342804,0.043163660913705826
28,99,0.03896712884306908,0.04964675009250641,0.04430694133043289
28,100,0.03318209573626518,0.04924815893173218,0.04121512919664383
28,101,0.025870565325021744,0.046668559312820435,0.03626956045627594
28,102,0.024355171248316765,0.049067139625549316,0.036711156368255615
28,103,0.03458036109805107,0.047685954719781876,0.04113315790891647
28,104,0.03074023872613907,0.04743408039212227,0.03908716142177582
28,105,0.028136735782027245,0.04859091341495514,0.038363825529813766
28,106,0.02850334346294403,0.047450918704271317,0.037977129220962524
28,107,0.029720786958932877,0.047607649117708206,0.03866421803832054
28,108,0.024211015552282333,0.04870367422699928,0.03645734488964081
28,109,0.05580010637640953,0.052229590713977814,0.05401484668254852
28,110,0.02539491467177868,0.04756266623735428,0.03647879138588905
28,111,0.029434746131300926,0.04801000654697418,0.03872237727046013
28,112,0.022093579173088074,0.046699877828359604,0.03439673036336899
28,113,0.025305647403001785,0.04747738689184189,0.036391519010066986
28,114,0.026089444756507874,0.04722867161035538,0.036659058183431625
28,115,0.031848493963479996,0.04903683066368103,0.040442660450935364
28,116,0.06022908166050911,0.04796140640974045,0.05409524589776993
28,117,0.029092634096741676,0.04750055447220802,0.038296595215797424
28,118,0.028007494285702705,0.0487404465675354,0.03837396949529648
28,119,0.04086483642458916,0.04989231377840042,0.04537857323884964
28,120,0.03805870935320854,0.05030856281518936,0.0441836342215538
28,121,0.054780106991529465,0.04985696077346802,0.05231853574514389
28,122,0.026111070066690445,0.04762290045619011,0.03686698526144028
28,123,0.047653552144765854,0.04951167851686478,0.048582613468170166
28,124,0.018398499116301537,0.04684556648135185,0.03262203186750412
28,125,0.030115827918052673,0.04750416427850723,0.03880999609827995
28,126,0.038225606083869934,0.04818062111735344,0.043203115463256836
28,127,0.041689518839120865,0.049260612577199936,0.0454750657081604
28,128,0.03355477750301361,0.04781152680516243,0.04068315029144287
28,129,0.031776804476976395,0.048937566578388214,0.040357187390327454
28,130,0.03169552981853485,0.04954548925161362,0.040620509535074234
28,131,0.02605840377509594,0.04684995487332344,0.036454178392887115
28,132,0.04498162493109703,0.04927179962396622,0.047126710414886475
28,133,0.039985574781894684,0.047136012464761734,0.04356079548597336
28,134,0.0324883796274662,0.048805121332407,0.0406467504799366
28,135,0.03151712566614151,0.0488920733332634,0.040204599499702454
28,136,0.04123937711119652,0.04741010442376137,0.04432474076747894
28,137,0.03878507390618324,0.04681873321533203,0.04280190169811249
28,138,0.030225826427340508,0.046987082809209824,0.03860645368695259
28,139,0.02670493721961975,0.04661457613110542,0.03665975481271744
28,140,0.041435107588768005,0.0493239164352417,0.04537951201200485
29,0,0.04480497166514397,0.049257710576057434,0.04703134298324585
29,1,0.028985027223825455,0.04770229384303093,0.03834366053342819
29,2,0.026934470981359482,0.046757105737924576,0.03684578835964203
29,3,0.029546422883868217,0.047264255583286285,0.038405340164899826
29,4,0.047206681221723557,0.04873533174395561,0.047971006482839584
29,5,0.01747828908264637,0.046509455889463425,0.03199387341737747
29,6,0.03415502980351448,0.04766618460416794,0.04091060906648636
29,7,0.03176995739340782,0.04803485795855522,0.03990240767598152
29,8,0.022089902311563492,0.046023111790418625,0.03405650705099106
29,9,0.01978367380797863,0.04580741003155708,0.03279554098844528
29,10,0.05249743536114693,0.04712186008691788,0.04980964958667755
29,11,0.033106546849012375,0.047201160341501236,0.040153853595256805
29,12,0.037315111607313156,0.04901646822690964,0.04316578805446625
29,13,0.04063538461923599,0.04672064259648323,0.04367801547050476
29,14,0.021784720942378044,0.046018749475479126,0.03390173614025116
29,15,0.02417205646634102,0.0476188100874424,0.03589543327689171
29,16,0.027949443086981773,0.04763146489858627,0.0377904549241066
29,17,0.02487810328602791,0.046659115701913834,0.03576860949397087
29,18,0.02629748545587063,0.04668309539556503,0.036490291357040405
29,19,0.034188173711299896,0.050394464284181595,0.042291320860385895
29,20,0.034542154520750046,0.048894837498664856,0.0417184978723526
29,21,0.032100576907396317,0.048157207667827606,0.04012889415025711
29,22,0.05774044618010521,0.04794672504067421,0.05284358561038971
29,23,0.01915406808257103,0.0458054319024086,0.032479748129844666
29,24,0.035372380167245865,0.04712618887424469,0.04124928265810013
29,25,0.02772269956767559,0.046904996037483215,0.03731384873390198
29,26,0.025221748277544975,0.04702626168727875,0.036124005913734436
29,27,0.028783567249774933,0.04791944473981857,0.03835150599479675
29,28,0.028557302430272102,0.04787018522620201,0.03821374475955963
29,29,0.04829186573624611,0.04954984039068222,0.048920854926109314
29,30,0.023252829909324646,0.04739485681056976,0.035323843359947205
29,31,0.019872454926371574,0.04615030065178871,0.03301137685775757
29,32,0.032887838780879974,0.0478493832051754,0.04036860913038254
29,33,0.03094472922384739,0.049191467463970184,0.04006809741258621
29,34,0.03147711604833603,0.047772686928510666,0.0396248996257782
29,35,0.04168865829706192,0.04760294407606125,0.044645801186561584
29,36,0.06172506883740425,0.05475616082549095,0.0582406148314476
29,37,0.03838610276579857,0.04979800805449486,0.04409205541014671
29,38,0.038948170840740204,0.04805346205830574,0.04350081831216812
29,39,0.041605833917856216,0.04824822396039963,0.04492703080177307
29,40,0.02487150765955448,0.0477103590965271,0.036290932446718216
29,41,0.035417813807725906,0.04729194566607475,0.04135487973690033
29,42,0.031580328941345215,0.04744424298405647,0.039512284100055695
29,43,0.023456884548068047,0.046123433858156204,0.03479015827178955
29,44,0.028569847345352173,0.04638291895389557,0.03747638314962387
29,45,0.024071644991636276,0.04830935224890709,0.03619049862027168
29,46,0.03600432723760605,0.04766382649540901,0.04183407872915268
29,47,0.030795590952038765,0.04871517792344093,0.039755385369062424
29,48,0.02675786241889,0.04687579721212387,0.036816827952861786
29,49,0.04134133458137512,0.04811710864305496,0.04472922161221504
29,50,0.02455190382897854,0.04742734134197235,0.03598962351679802
29,51,0.027514735236763954,0.047375574707984924,0.037445154041051865
29,52,0.0320776030421257,0.05053519830107689,0.041306398808956146
29,53,0.03155717998743057,0.04770803824067116,0.039632610976696014
29,54,0.018511857837438583,0.04759897291660309,0.033055417239665985
29,55,0.02285604365170002,0.04647612199187279,0.03466608375310898
29,56,0.026321042329072952,0.047725677490234375,0.037023358047008514
29,57,0.026837831363081932,0.04684474691748619,0.03684128820896149
29,58,0.031564850360155106,0.04620950296521187,0.03888717666268349
29,59,0.03162291646003723,0.04657651484012604,0.039099715650081635
29,60,0.024884510785341263,0.04758014902472496,0.03623232990503311
29,61,0.030851034447550774,0.04769282042980194,0.03927192836999893
29,62,0.03590559586882591,0.04792355000972748,0.041914574801921844
29,63,0.02858906053006649,0.04784483462572098,0.03821694850921631
29,64,0.03619055822491646,0.04663738235831261,0.04141397029161453
29,65,0.033073361963033676,0.04746394604444504,0.04026865214109421
29,66,0.03925608843564987,0.048357460647821426,0.0438067764043808
29,67,0.03051632270216942,0.04706441983580589,0.038790371268987656
29,68,0.0182168148458004,0.04602557048201561,0.032121192663908005
29,69,0.04125037044286728,0.046307433396577835,0.043778903782367706
29,70,0.022704724222421646,0.04712144285440445,0.0349130854010582
29,71,0.0276191383600235,0.0477423295378685,0.037680733948946
29,72,0.02576814591884613,0.047749102115631104,0.03675862401723862
29,73,0.034542255103588104,0.046353671699762344,0.040447965264320374
29,74,0.030895007774233818,0.04826802760362625,0.03958151862025261
29,75,0.029900826513767242,0.047588929533958435,0.03874487802386284
29,76,0.041922491043806076,0.04823588579893112,0.04507918655872345
29,77,0.024155450984835625,0.047603439539670944,0.03587944433093071
29,78,0.03296224772930145,0.04838980361819267,0.04067602753639221
29,79,0.036085184663534164,0.047472115606069565,0.041778650134801865
29,80,0.02761865220963955,0.04808517172932625,0.037851911038160324
29,81,0.051275454461574554,0.04993324726819992,0.05060435086488724
29,82,0.03174808621406555,0.04721906781196594,0.03948357701301575
29,83,0.03190954774618149,0.047472741454839706,0.03969114273786545
29,84,0.033152759075164795,0.04793255031108856,0.04054265469312668
29,85,0.018697503954172134,0.046195607632398605,0.03244655579328537
29,86,0.03476060554385185,0.04730920493602753,0.04103490710258484
29,87,0.03299286216497421,0.04688514769077301,0.03993900492787361
29,88,0.029782872647047043,0.047665368765592575,0.03872412070631981
29,89,0.02417183853685856,0.04681036248803139,0.03549110144376755
29,90,0.024284305050969124,0.04629138484597206,0.03528784587979317
29,91,0.031153833493590355,0.048550158739089966,0.039851997047662735
29,92,0.02136014588177204,0.04626955837011337,0.03381485119462013
29,93,0.030772987753152847,0.04751193895936012,0.039142463356256485
29,94,0.027041414752602577,0.04606790840625763,0.03655466064810753
29,95,0.04705186188220978,0.04846162721514702,0.04775674641132355
29,96,0.03362789377570152,0.047132350504398346,0.040380120277404785
29,97,0.029844295233488083,0.04896506667137146,0.03940468281507492
29,98,0.028150929138064384,0.04727930203080177,0.037715114653110504
29,99,0.04185090959072113,0.046719301491975784,0.04428510367870331
29,100,0.025313476100564003,0.04636060446500778,0.03583703935146332
29,101,0.02886379510164261,0.04832923412322998,0.038596514612436295
29,102,0.024175912141799927,0.04654442518949509,0.03536016866564751
29,103,0.037967223674058914,0.04831218719482422,0.04313970357179642
29,104,0.06684956699609756,0.047274891287088394,0.05706223100423813
29,105,0.04803479090332985,0.04934484511613846,0.0486898198723793
29,106,0.022146355360746384,0.04747888818383217,0.034812621772289276
29,107,0.06194434314966202,0.04952865466475487,0.05573649704456329
29,108,0.048649661242961884,0.04800071939826012,0.04832518845796585
29,109,0.03652346134185791,0.048634618520736694,0.0425790399312973
29,110,0.028751885518431664,0.04622370004653931,0.03748779371380806
29,111,0.027893079444766045,0.04636366292834282,0.03712837025523186
29,112,0.027983957901597023,0.04670783877372742,0.037345897406339645
29,113,0.046169430017471313,0.04690369591116905,0.04653656482696533
29,114,0.04239413142204285,0.04783257469534874,0.04511335492134094
29,115,0.03785395622253418,0.049227986484766006,0.043540969491004944
29,116,0.02865832857787609,0.047136884182691574,0.03789760544896126
29,117,0.03188607096672058,0.04759850353002548,0.03974228724837303
29,118,0.03535480424761772,0.0472053661942482,0.04128008335828781
29,119,0.0346648283302784,0.04785051569342613,0.041257672011852264
29,120,0.03186081722378731,0.04565546661615372,0.03875814378261566
29,121,0.021517913788557053,0.047167275100946426,0.03434259444475174
29,122,0.03433044254779816,0.04621469974517822,0.04027257114648819
29,123,0.02815551869571209,0.0454237200319767,0.03678961843252182
29,124,0.03657436743378639,0.046871721744537354,0.041723042726516724
29,125,0.07678911089897156,0.05098024755716324,0.0638846755027771
29,126,0.04160112887620926,0.0479009635746479,0.04475104808807373
29,127,0.030845772475004196,0.0484747588634491,0.039660267531871796
29,128,0.02896755188703537,0.04740523174405098,0.038186393678188324
29,129,0.03268655389547348,0.04807738959789276,0.04038197174668312
29,130,0.028370419517159462,0.046796731650829315,0.037583574652671814
29,131,0.04780975356698036,0.047720640897750854,0.04776519536972046
29,132,0.027031874284148216,0.04716046154499054,0.03709616884589195
29,133,0.034322164952754974,0.04664897918701172,0.04048557206988335
29,134,0.034000419080257416,0.0465298593044281,0.04026513919234276
29,135,0.021726150065660477,0.046782735735177994,0.034254442900419235
29,136,0.03496617078781128,0.048695165663957596,0.04183066636323929
29,137,0.027863333001732826,0.0462142676115036,0.03703879937529564
29,138,0.022222021594643593,0.04635614529252052,0.03428908437490463
29,139,0.022468140348792076,0.04675837233662605,0.03461325541138649
29,140,0.06098803132772446,0.047743815928697586,0.05436592549085617
30,0,0.038347624242305756,0.04787718504667282,0.04311240464448929
30,1,0.03146985173225403,0.04643222689628601,0.03895103931427002
30,2,0.027130495756864548,0.045547157526016235,0.03633882850408554
30,3,0.03992445766925812,0.04706554114818573,0.043494999408721924
30,4,0.030669711530208588,0.047750551253557205,0.039210133254528046
30,5,0.029083607718348503,0.04725313559174538,0.038168370723724365
30,6,0.027713067829608917,0.048834849148988724,0.03827396035194397
30,7,0.020475968718528748,0.04569794982671738,0.03308695927262306
30,8,0.026196658611297607,0.046564407646656036,0.03638053312897682
30,9,0.03199966251850128,0.0463264137506485,0.03916303813457489
30,10,0.03851722925901413,0.0505993515253067,0.044558290392160416
30,11,0.027266530320048332,0.04649040475487709,0.03687846660614014
30,12,0.023791730403900146,0.04753218963742256,0.035661958158016205
30,13,0.03211716189980507,0.04639970138669014,0.039258431643247604
30,14,0.03140389546751976,0.0468030720949173,0.03910348564386368
30,15,0.03526871278882027,0.04780656471848488,0.04153763875365257
30,16,0.029307914897799492,0.046956710517406464,0.03813231363892555
30,17,0.03087538480758667,0.04715452715754509,0.03901495784521103
30,18,0.03335431590676308,0.046580709517002106,0.03996751457452774
30,19,0.0341268815100193,0.04717472195625305,0.04065079987049103
30,20,0.03130470588803291,0.04657234624028206,0.038938526064157486
30,21,0.024586325511336327,0.04516734182834625,0.034876834601163864
30,22,0.023150689899921417,0.04566467925906181,0.034407682716846466
30,23,0.02181113511323929,0.04541097953915596,0.03361105918884277
30,24,0.02734057419002056,0.047024235129356384,0.03718240559101105
30,25,0.03133777156472206,0.04610884562134743,0.038723308593034744
30,26,0.02336803637444973,0.04583393409848213,0.034600984305143356
30,27,0.03634634613990784,0.045939695090055466,0.0411430224776268
30,28,0.05935264378786087,0.04957171902060509,0.05446217954158783
30,29,0.025695668533444405,0.046562425792217255,0.036129046231508255
30,30,0.024271851405501366,0.048104479908943176,0.036188166588544846
30,31,0.031546059995889664,0.04509780555963516,0.03832193464040756
30,32,0.033056046813726425,0.0453885979950428,0.03922232240438461
30,33,0.024898210540413857,0.046925101429224014,0.03591165691614151
30,34,0.03599286824464798,0.048795804381370544,0.04239433631300926
30,35,0.03572208434343338,0.04721876606345177,0.041470423340797424
30,36,0.022419754415750504,0.04496532678604126,0.03369253873825073
30,37,0.03689703717827797,0.04526389390230179,0.04108046740293503
30,38,0.031345464289188385,0.04497069492936134,0.03815808147192001
30,39,0.024681756272912025,0.04625402390956879,0.03546788915991783
30,40,0.03823196515440941,0.04696091264486313,0.04259643703699112
30,41,0.03019736520946026,0.04685131832957268,0.03852434083819389
30,42,0.02766304649412632,0.04674964025616646,0.037206344306468964
30,43,0.03369396924972534,0.04650624468922615,0.0401001051068306
30,44,0.023302435874938965,0.046343039721250534,0.0348227396607399
30,45,0.02450689859688282,0.045507948845624924,0.03500742465257645
30,46,0.024977795779705048,0.04758651182055473,0.03628215193748474
30,47,0.02931061200797558,0.0470707006752491,0.038190655410289764
30,48,0.022976791486144066,0.04677404463291168,0.03487541899085045
30,49,0.04234668239951134,0.04760099947452545,0.044973842799663544
30,50,0.022624365985393524,0.045164790004491806,0.033894576132297516
30,51,0.027330879122018814,0.04718632623553276,0.03725860267877579
30,52,0.02008381485939026,0.04499832168221474,0.03254106640815735
30,53,0.025351237505674362,0.045720603317022324,0.03553592041134834
30,54,0.053074050694704056,0.049288056790828705,0.05118105560541153
30,55,0.038494594395160675,0.04601665586233139,0.04225562512874603
30,56,0.030958296731114388,0.04672372341156006,0.03884100914001465
30,57,0.0326913520693779,0.04728125035762787,0.039986301213502884
30,58,0.03131503611803055,0.04636133089661598,0.038838185369968414
30,59,0.024234343320131302,0.046636924147605896,0.03543563187122345
30,60,0.03653527423739433,0.04980442300438881,0.04316984862089157
30,61,0.02144264243543148,0.046714749187231064,0.0340786948800087
30,62,0.022754991427063942,0.04625062271952629,0.03450280800461769
30,63,0.039192356169223785,0.04601135477423668,0.04260185360908508
30,64,0.04807906970381737,0.044626329094171524,0.046352699398994446
30,65,0.05057166889309883,0.049300841987133026,0.04993625730276108
30,66,0.03402376174926758,0.04708437621593475,0.040554068982601166
30,67,0.038681842386722565,0.04531312733888626,0.04199748486280441
30,68,0.020668717101216316,0.044930338859558105,0.032799527049064636
30,69,0.025293635204434395,0.04771929606795311,0.03650646656751633
30,70,0.03889786824584007,0.047995273023843765,0.04344657063484192
30,71,0.021438810974359512,0.045361172407865524,0.03339999169111252
30,72,0.025051405653357506,0.045911502093076706,0.03548145294189453
30,73,0.01982317678630352,0.04558192193508148,0.032702550292015076
30,74,0.024992678314447403,0.046326786279678345,0.035659730434417725
30,75,0.04474285989999771,0.0463281013071537,0.045535482466220856
30,76,0.0364559032022953,0.04568634182214737,0.041071124374866486
30,77,0.023748230189085007,0.04571182280778885,0.03473002463579178
30,78,0.02766716293990612,0.04633558169007301,0.03700137138366699
30,79,0.03495524078607559,0.04621932655572891,0.04058728367090225
30,80,0.03879466652870178,0.0474061593413353,0.04310041293501854
30,81,0.036469899117946625,0.04811511188745499,0.042292505502700806
30,82,0.04943312704563141,0.04589571803808212,0.047664422541856766
30,83,0.023378757759928703,0.045227594673633575,0.034303177148103714
30,84,0.024229764938354492,0.04541071876883507,0.03482024371623993
30,85,0.04954194277524948,0.04992404952645302,0.0497329980134964
30,86,0.03876218572258949,0.047171566635370255,0.042966876178979874
30,87,0.030444728210568428,0.046438414603471756,0.03844157233834267
30,88,0.023940039798617363,0.04632361978292465,0.03513183072209358
30,89,0.023899972438812256,0.04645208269357681,0.035176027566194534
30,90,0.02497684769332409,0.04521622881293297,0.035096537321805954
30,91,0.03546305373311043,0.046274732798337936,0.04086889326572418
30,92,0.04678669571876526,0.04539750516414642,0.04609210044145584
30,93,0.03519365191459656,0.04826962947845459,0.041731640696525574
30,94,0.038251083344221115,0.046917326748371124,0.04258420318365097
30,95,0.032585252076387405,0.04469382390379906,0.03863953799009323
30,96,0.04557220637798309,0.04837258532643318,0.04697239398956299
30,97,0.028777839615941048,0.04704054445028305,0.037909191101789474
30,98,0.026302605867385864,0.047438185662031174,0.03687039762735367
30,99,0.049467455595731735,0.04860334470868111,0.04903540015220642
30,100,0.028253093361854553,0.04666142165660858,0.03745725750923157
30,101,0.034884195774793625,0.04714198037981987,0.04101308807730675
30,102,0.05690725892782211,0.049914538860321045,0.05341089889407158
30,103,0.021972879767417908,0.046566691249608994,0.0342697873711586
30,104,0.02575588785111904,0.04554683715105057,0.03565136343240738
30,105,0.02856040559709072,0.046234410256147385,0.03739740699529648
30,106,0.04007657617330551,0.04576755687594414,0.042922064661979675
30,107,0.029229484498500824,0.04642214626073837,0.0378258153796196
30,108,0.02569522336125374,0.04674700275063515,0.03622111305594444
30,109,0.03534446656703949,0.04583395645022392,0.040589213371276855
30,110,0.05041494965553284,0.04880067706108093,0.049607813358306885
30,111,0.03780534118413925,0.046560391783714294,0.04218286648392677
30,112,0.0432351753115654,0.04658845439553261,0.04491181671619415
30,113,0.019825024530291557,0.04467405378818512,0.03224954009056091
30,114,0.020547280088067055,0.04602845013141632,0.03328786417841911
30,115,0.030638353899121284,0.046283792704343796,0.038461074233055115
30,116,0.02624574676156044,0.04619463160634041,0.036220189183950424
30,117,0.021629877388477325,0.0453505665063858,0.033490221947431564
30,118,0.02503180503845215,0.04514605551958084,0.035088930279016495
30,119,0.039725787937641144,0.04828253388404846,0.0440041609108448
30,120,0.029444852843880653,0.046574823558330536,0.03800983726978302
30,121,0.04736548289656639,0.0486101433634758,0.047987811267375946
30,122,0.03569551929831505,0.04714896157383919,0.04142224043607712
30,123,0.0360276959836483,0.04676057770848274,0.04139413684606552
30,124,0.04041534289717674,0.0465368889272213,0.04347611591219902
30,125,0.03412459045648575,0.045912668108940125,0.040018629282712936
30,126,0.024465996772050858,0.046338312327861786,0.03540215641260147
30,127,0.031653888523578644,0.04524435102939606,0.03844911977648735
30,128,0.01984533481299877,0.046631425619125366,0.033238381147384644
30,129,0.033893439918756485,0.04532971233129501,0.0396115779876709
30,130,0.0312652662396431,0.04633501544594765,0.03880014270544052
30,131,0.034082893282175064,0.04524876922369003,0.0396658331155777
30,132,0.01806599274277687,0.044788658618927,0.03142732381820679
30,133,0.04077403247356415,0.047303732484579086,0.044038884341716766
30,134,0.029154881834983826,0.047208093106746674,0.03818148747086525
30,135,0.033501796424388885,0.04710795730352402,0.04030487686395645
30,136,0.027132559567689896,0.046390652656555176,0.036761604249477386
30,137,0.02346176654100418,0.04566696658730507,0.034564368426799774
30,138,0.026937885209918022,0.04462604224681854,0.03578196465969086
30,139,0.028116296976804733,0.04557861387729645,0.03684745728969574
30,140,0.03881459683179855,0.0468955859541893,0.04285509139299393
31,0,0.035525836050510406,0.04496164247393608,0.040243737399578094
31,1,0.0299103781580925,0.04724166914820671,0.038576021790504456
31,2,0.02294307015836239,0.046824272722005844,0.03488367050886154
31,3,0.0316198356449604,0.04560272395610809,0.0386112779378891
31,4,0.046394024044275284,0.0477505624294281,0.04707229137420654
31,5,0.02747001312673092,0.04545538127422333,0.0364626981317997
31,6,0.03535104915499687,0.046223267912864685,0.04078716039657593
31,7,0.034737102687358856,0.04551652446389198,0.04012681543827057
31,8,0.03754928708076477,0.04908564314246178,0.04331746697425842
31,9,0.03002769686281681,0.04536374658346176,0.03769572079181671
31,10,0.031505003571510315,0.044519443064928055,0.038012221455574036
31,11,0.02098647691309452,0.04545829817652702,0.03322238847613335
31,12,0.02746334858238697,0.046431995928287506,0.036947671324014664
31,13,0.02995566464960575,0.0456361286342144,0.03779589757323265
31,14,0.0256198737770319,0.046279776841402054,0.03594982624053955
31,15,0.041703060269355774,0.04692154750227928,0.04431230574846268
31,16,0.02185903675854206,0.04559851437807083,0.03372877463698387
31,17,0.041026029735803604,0.04701076075434685,0.044018395245075226
31,18,0.03849438205361366,0.04716190695762634,0.042828142642974854
31,19,0.030904138460755348,0.04658336937427521,0.0387437529861927
31,20,0.025496389716863632,0.04575447365641594,0.035625431686639786
31,21,0.025128107517957687,0.045966073870658875,0.03554709255695343
31,22,0.035356733947992325,0.045880068093538284,0.040618401020765305
31,23,0.0286417193710804,0.04662372171878815,0.037632718682289124
31,24,0.02642679400742054,0.04589565843343735,0.03616122528910637
31,25,0.02760799415409565,0.04650908336043358,0.03705853968858719
31,26,0.02261931076645851,0.045381393283605576,0.03400035202503204
31,27,0.04961938410997391,0.04673786461353302,0.048178624361753464
31,28,0.05541175231337547,0.049362413585186005,0.05238708108663559
31,29,0.03574914112687111,0.04643603786826134,0.04109258949756622
31,30,0.030154338106513023,0.04564514756202698,0.037899743765592575
31,31,0.04608188197016716,0.04827481135725975,0.047178346663713455
31,32,0.026821814477443695,0.04588884115219116,0.03635532781481743
31,33,0.023966491222381592,0.0470225065946579,0.035494498908519745
31,34,0.022952720522880554,0.045657917857170105,0.03430531919002533
31,35,0.02503209002315998,0.04542246460914612,0.035227276384830475
31,36,0.025983713567256927,0.04446304589509964,0.035223379731178284
31,37,0.02934856526553631,0.0460965633392334,0.03772256523370743
31,38,0.03113887645304203,0.04514873027801514,0.03814380243420601
31,39,0.034654781222343445,0.04486115649342537,0.03975796699523926
31,40,0.03514860197901726,0.04536896198987961,0.040258780121803284
31,41,0.024043412879109383,0.04515836015343666,0.034600887447595596
31,42,0.03415168076753616,0.04586847126483917,0.04001007601618767
31,43,0.02646595798432827,0.04688873887062073,0.03667734935879707
31,44,0.02006993256509304,0.044190775603055954,0.03213035315275192
31,45,0.02763313427567482,0.047299426048994064,0.03746628016233444
31,46,0.02336145006120205,0.04661155119538307,0.034986499696969986
31,47,0.023108292371034622,0.04549194127321243,0.03430011868476868
31,48,0.027956267818808556,0.04492173716425896,0.03643900156021118
31,49,0.0177102480083704,0.04482228681445122,0.03126626834273338
31,50,0.030673835426568985,0.04490417242050171,0.0377890020608902
31,51,0.033747196197509766,0.04431242495775223,0.039029810577631
31,52,0.025765947997570038,0.04546835646033287,0.035617150366306305
31,53,0.018274063244462013,0.04485230892896652,0.03156318515539169
31,54,0.03546256944537163,0.045219551771879196,0.04034106060862541
31,55,0.02192913554608822,0.04422924295067787,0.03307918831706047
31,56,0.022850943729281425,0.04498892277479172,0.033919934183359146
31,57,0.027666449546813965,0.04632681608200073,0.03699663281440735
31,58,0.036920513957738876,0.045997753739356995,0.041459135711193085
31,59,0.018147913739085197,0.04475482925772667,0.03145137056708336
31,60,0.019583189859986305,0.044327691197395325,0.03195543959736824
31,61,0.022722741588950157,0.04543779790401459,0.03408027067780495
31,62,0.03196350112557411,0.046635355800390244,0.03929942846298218
31,63,0.02974695712327957,0.04567166417837143,0.0377093106508255
31,64,0.02064780704677105,0.04497573524713516,0.03281177207827568
31,65,0.026650015264749527,0.0457799918949604,0.036215003579854965
31,66,0.03466630354523659,0.0463561937212944,0.040511250495910645
31,67,0.0347379595041275,0.045469045639038086,0.040103502571582794
31,68,0.024760538712143898,0.04498235881328583,0.03487144783139229
31,69,0.03671811521053314,0.04633192718029022,0.04152502119541168
31,70,0.02838989347219467,0.046434130519628525,0.03741201013326645
31,71,0.03935212641954422,0.04566911235451698,0.04251062124967575
31,72,0.020407214760780334,0.044588685035705566,0.03249794989824295
31,73,0.032513316720724106,0.045243728905916214,0.03887852281332016
31,74,0.03757157176733017,0.04762738198041916,0.042599476873874664
31,75,0.02881087176501751,0.04613504186272621,0.037472955882549286
31,76,0.02883042022585869,0.04600106552243233,0.03741574287414551
31,77,0.02579648792743683,0.04540148004889488,0.035598985850811005
31,78,0.035241127014160156,0.04550724849104881,0.040374189615249634
31,79,0.01689557172358036,0.04442385211586952,0.030659712851047516
31,80,0.047703687101602554,0.048657216131687164,0.04818045347929001
31,81,0.026488302275538445,0.04517024755477905,0.03582927584648132
31,82,0.029050039127469063,0.04552091658115387,0.03728547692298889
31,83,0.027602000162005424,0.04629599303007126,0.036948997527360916
31,84,0.01912456750869751,0.04478636384010315,0.03195546567440033
31,85,0.0546732097864151,0.04834366589784622,0.05150843784213066
31,86,0.03746461495757103,0.045823078602552414,0.04164384678006172
31,87,0.029729334637522697,0.04483970254659653,0.03728451952338219
31,88,0.031309787184000015,0.04484390839934349,0.03807684779167175
31,89,0.021569065749645233,0.044918883591890335,0.03324397653341293
31,90,0.025656603276729584,0.04682838171720505,0.036242492496967316
31,91,0.024997038766741753,0.045306842774152756,0.03515193983912468
31,92,0.022561049088835716,0.04503381997346878,0.03379743546247482
31,93,0.031922511756420135,0.045368093997240067,0.03864530473947525
31,94,0.0371333472430706,0.04500514641404152,0.04106924682855606
31,95,0.03417874127626419,0.04546103626489639,0.03981988877058029
31,96,0.03476763889193535,0.044334184378385544,0.039550911635160446
31,97,0.028590073809027672,0.044716622680425644,0.03665334731340408
31,98,0.05094897001981735,0.04796541854739189,0.04945719242095947
31,99,0.024724135175347328,0.044630758464336395,0.03467744588851929
31,100,0.050954293459653854,0.0477103516459465,0.04933232069015503
31,101,0.027004390954971313,0.047336872667074203,0.03717063367366791
31,102,0.02972075343132019,0.046075060963630676,0.03789790719747543
31,103,0.02122396044433117,0.045531705021858215,0.03337783366441727
31,104,0.03675509989261627,0.04522847384214401,0.04099178686738014
31,105,0.027108337730169296,0.04519481956958771,0.03615158051252365
31,106,0.03811955079436302,0.04491433501243591,0.04151694476604462
31,107,0.021975817158818245,0.04501565173268318,0.03349573537707329
31,108,0.027421006932854652,0.04558500647544861,0.036503005772829056
31,109,0.02855347841978073,0.04434344545006752,0.036448463797569275
31,110,0.029840100556612015,0.0461505651473999,0.03799533098936081
31,111,0.045689087361097336,0.04657889902591705,0.046133995056152344
31,112,0.029364947229623795,0.046530649065971375,0.037947796285152435
31,113,0.04672498255968094,0.04694104939699173,0.046833015978336334
31,114,0.034148164093494415,0.04452529922127724,0.039336733520030975
31,115,0.033593595027923584,0.046473365277051926,0.040033482015132904
31,116,0.02967202663421631,0.04456327483057976,0.03711765259504318
31,117,0.030573999509215355,0.04540673643350601,0.03799036890268326
31,118,0.021870741620659828,0.045269642025232315,0.033570192754268646
31,119,0.030965464189648628,0.045265793800354004,0.03811562806367874
31,120,0.02575174905359745,0.04463793709874153,0.035194844007492065
31,121,0.03236177936196327,0.045469753444194794,0.03891576826572418
31,122,0.07027212530374527,0.0467352457344532,0.058503687381744385
31,123,0.039294298738241196,0.04494715854525566,0.04212072864174843
31,124,0.045083288103342056,0.046504419296979904,0.04579385370016098
31,125,0.03387291356921196,0.04694183170795441,0.04040737450122833
31,126,0.032775625586509705,0.04440779611468315,0.03859171271324158
31,127,0.022761134430766106,0.045353665947914124,0.03405740112066269
31,128,0.02390787936747074,0.04526781290769577,0.03458784520626068
31,129,0.02805871143937111,0.04458135366439819,0.0363200306892395
31,130,0.04074692726135254,0.047290969640016556,0.0440189465880394
31,131,0.02117680385708809,0.04585355147719383,0.03351517766714096
31,132,0.028248727321624756,0.04540594294667244,0.03682733327150345
31,133,0.023573527112603188,0.044369667768478394,0.033971596509218216
31,134,0.02316262759268284,0.04396231099963188,0.033562470227479935
31,135,0.029587222263216972,0.045617226511240005,0.037602223455905914
31,136,0.03216124325990677,0.045181047171354294,0.03867114335298538
31,137,0.03039487637579441,0.04588162153959274,0.038138248026371
31,138,0.025363480672240257,0.04472798854112625,0.03504573553800583
31,139,0.034995004534721375,0.044165436178445816,0.039580218493938446
31,140,0.02895689569413662,0.04432622343301773,0.03664156049489975
32,0,0.03257647156715393,0.04528817906975746,0.03893232345581055
32,1,0.03979821875691414,0.04619414731860161,0.042996183037757874
32,2,0.03495149686932564,0.045849837362766266,0.0404006689786911
32,3,0.033456481993198395,0.04525882378220558,0.03935765475034714
32,4,0.04521055519580841,0.046955592930316925,0.04608307406306267
32,5,0.025881659239530563,0.0441700778901577,0.03502586856484413
32,6,0.023051545023918152,0.044494446367025375,0.03377299755811691
32,7,0.029668595641851425,0.04623991250991821,0.03795425593852997
32,8,0.024594100192189217,0.04526694118976593,0.034930519759655
32,9,0.036071643233299255,0.04643809050321579,0.04125486686825752
32,10,0.026665396988391876,0.045668017119169235,0.036166705191135406
32,11,0.017240993678569794,0.043705426156520844,0.03047320991754532
32,12,0.03655737265944481,0.04475830867886543,0.04065784066915512
32,13,0.021313855424523354,0.04424949735403061,0.03278167545795441
32,14,0.02735847979784012,0.046152323484420776,0.03675540164113045
32,15,0.03366928547620773,0.045132678002119064,0.03940097987651825
32,16,0.02988407202064991,0.04503510147333145,0.037459585815668106
32,17,0.027710117399692535,0.04497596248984337,0.0363430380821228
32,18,0.030742336064577103,0.04481828212738037,0.03778030723333359
32,19,0.04250827059149742,0.04682748392224312,0.04466787725687027
32,20,0.02745739556849003,0.04486114904284477,0.036159273236989975
32,21,0.036190520972013474,0.04693738743662834,0.04156395420432091
32,22,0.027788450941443443,0.04490379989147186,0.03634612634778023
32,23,0.01902589201927185,0.04414314031600952,0.031584516167640686
32,24,0.028934311121702194,0.0448206290602684,0.03687746822834015
32,25,0.036939434707164764,0.04590167477726936,0.04142055660486221
32,26,0.02614394947886467,0.04567384347319603,0.03590889647603035
32,27,0.03712281212210655,0.04430919140577316,0.04071599990129471
32,28,0.028247326612472534,0.04609254002571106,0.0371699333190918
32,29,0.02771255001425743,0.04519098997116089,0.03645177185535431
32,30,0.03543291613459587,0.04478517919778824,0.040109045803546906
32,31,0.03181469067931175,0.04514782130718231,0.03848125785589218
32,32,0.025552203878760338,0.044735055416822433,0.03514362871646881
32,33,0.03708901256322861,0.046571195125579834,0.04183010384440422
32,34,0.02206842601299286,0.04402783140540123,0.033048130571842194
32,35,0.041688766330480576,0.04446038976311684,0.043074578046798706
32,36,0.027636244893074036,0.044961411505937576,0.03629882633686066
32,37,0.029073894023895264,0.044189997017383575,0.03663194552063942
32,38,0.04572723060846329,0.04729101061820984,0.04650912061333656
32,39,0.019670642912387848,0.04461080580949783,0.03214072436094284
32,40,0.01835501752793789,0.04315273463726044,0.030753877013921738
32,41,0.02967011369764805,0.044383082538843155,0.037026599049568176
32,42,0.030305679887533188,0.047056734561920166,0.038681209087371826
32,43,0.043177127838134766,0.044919807463884354,0.04404846578836441
32,44,0.02162061259150505,0.044700536876916885,0.03316057473421097
32,45,0.02503180503845215,0.04437845200300217,0.03470512852072716
32,46,0.02230871468782425,0.04395709186792374,0.03313290327787399
32,47,0.02628241293132305,0.04403703287243843,0.035159721970558167
32,48,0.03340601548552513,0.04573552682995796,0.03957077115774155
32,49,0.027447042986750603,0.04460936784744263,0.03602820634841919
32,50,0.020279234275221825,0.04638274013996124,0.03333098813891411
32,51,0.02590378373861313,0.044649288058280945,0.03527653589844704
32,52,0.021275846287608147,0.04398797079920769,0.03263190761208534
32,53,0.03353838622570038,0.044768910855054855,0.039153650403022766
32,54,0.026446983218193054,0.044791024178266525,0.03561900556087494
32,55,0.031214380636811256,0.04473685845732689,0.03797562047839165
32,56,0.02118074521422386,0.04304737225174904,0.03211405873298645
32,57,0.02148626372218132,0.04421435296535492,0.03285031020641327
32,58,0.03800669685006142,0.046036843210458755,0.042021770030260086
32,59,0.026173321530222893,0.04504089802503586,0.03560711070895195
32,60,0.028629818931221962,0.04468093439936638,0.036655377596616745
32,61,0.027652544900774956,0.043744929134845734,0.03569873794913292
32,62,0.027640555053949356,0.04490714147686958,0.03627384826540947
32,63,0.042941924184560776,0.047926001250743866,0.04543396085500717
32,64,0.03155754879117012,0.045808374881744385,0.0386829599738121
32,65,0.024262316524982452,0.044569432735443115,0.034415874630212784
32,66,0.03389889374375343,0.04592296853661537,0.0399109311401844
32,67,0.028164926916360855,0.044115014374256134,0.036139972507953644
32,68,0.02684059739112854,0.04397797957062721,0.03540928661823273
32,69,0.03306024894118309,0.04391701519489288,0.038488633930683136
32,70,0.036953508853912354,0.04722796380519867,0.04209073632955551
32,71,0.03852251172065735,0.04457399994134903,0.04154825583100319
32,72,0.027708107605576515,0.04599801450967789,0.036853060126304626
32,73,0.02275894396007061,0.04495185613632202,0.03385540097951889
32,74,0.02086188644170761,0.044900376349687576,0.03288113325834274
32,75,0.036495011299848557,0.04579553008079529,0.04114527255296707
32,76,0.03011576272547245,0.04418042302131653,0.037148091942071915
32,77,0.03397694230079651,0.04445798322558403,0.03921746462583542
32,78,0.023948481306433678,0.04524252191185951,0.03459550067782402
32,79,0.0340052992105484,0.04521831497550011,0.0396118089556694
32,80,0.02417180687189102,0.04381547123193741,0.033993639051914215
32,81,0.036104965955019,0.04667717590928078,0.04139107093214989
32,82,0.042310021817684174,0.04531745985150337,0.04381374269723892
32,83,0.02585415355861187,0.043418001383543015,0.03463607653975487
32,84,0.027948889881372452,0.04527664557099342,0.03661276772618294
32,85,0.03859734907746315,0.04379599541425705,0.04119667410850525
32,86,0.029502378776669502,0.04447705298662186,0.036989714950323105
32,87,0.030837878584861755,0.045043639838695526,0.03794075921177864
32,88,0.024388423189520836,0.0436568483710289,0.03402263671159744
32,89,0.024446384981274605,0.04536639526486397,0.03490639105439186
32,90,0.026619160547852516,0.04573237895965576,0.036175768822431564
32,91,0.018109595403075218,0.04361571744084358,0.030862655490636826
32,92,0.017960363999009132,0.04399654269218445,0.030978452414274216
32,93,0.029690861701965332,0.045263972133398056,0.03747741878032684
32,94,0.03164778649806976,0.045857023447752,0.03875240683555603
32,95,0.02574700489640236,0.04459259659051895,0.035169802606105804
32,96,0.0438915453851223,0.043393269181251526,0.04364240914583206
32,97,0.023243457078933716,0.044040437787771225,0.03364194929599762
32,98,0.041258860379457474,0.04643198847770691,0.04384542256593704
32,99,0.02306111343204975,0.04578542336821556,0.03442326933145523
32,100,0.02106231451034546,0.04289993271231651,0.031981125473976135
32,101,0.03531741723418236,0.04466043412685394,0.0399889275431633
32,102,0.026710269972682,0.044394027441740036,0.03555214777588844
32,103,0.029118074104189873,0.0446585938334465,0.03688833490014076
32,104,0.03271308168768883,0.0451371930539608,0.038925137370824814
32,105,0.04159434884786606,0.04676080867648125,0.0441775768995285
32,106,0.047581642866134644,0.046166084706783295,0.04687386378645897
32,107,0.02157701551914215,0.04471876472234726,0.033147890120744705
32,108,0.026122763752937317,0.04564999043941498,0.03588637709617615
32,109,0.03510022908449173,0.043537769466638565,0.0393190011382103
32,110,0.0236051082611084,0.04434766620397568,0.03397638723254204
32,111,0.03442889824509621,0.04521697014570236,0.039822936058044434
32,112,0.04569650813937187,0.04719698056578636,0.04644674435257912
32,113,0.02142658829689026,0.043882764875888824,0.03265467658638954
32,114,0.019075848162174225,0.04387953132390976,0.03147768974304199
32,115,0.01785358414053917,0.04318337142467499,0.03051847778260708
32,116,0.03221311420202255,0.04473372548818588,0.03847341984510422
32,117,0.0259092990309,0.04461401328444481,0.03526165708899498
32,118,0.02153830975294113,0.0436980165541172,0.032618165016174316
32,119,0.04005886986851692,0.04504271596670151,0.042550794780254364
32,120,0.034749384969472885,0.04550228640437126,0.04012583568692207
32,121,0.03214535862207413,0.04423120245337486,0.038188278675079346
32,122,0.03269625082612038,0.0450134351849556,0.038854844868183136
32,123,0.024553414434194565,0.04505183547735214,0.034802623093128204
32,124,0.028439195826649666,0.0446077398955822,0.03652346879243851
32,125,0.030879249796271324,0.044275205582380295,0.037577226758003235
32,126,0.05002034455537796,0.046591803431510925,0.04830607399344444
32,127,0.03136526048183441,0.045063529163599014,0.038214392960071564
32,128,0.04553813487291336,0.04656994715332985,0.046054042875766754
32,129,0.021781178191304207,0.045248501002788544,0.0335148386657238
32,130,0.02488204836845398,0.044074393808841705,0.03447822108864784
32,131,0.022014165297150612,0.0443594865500927,0.03318682685494423
32,132,0.03483708202838898,0.04508575052022934,0.03996141627430916
32,133,0.02323191426694393,0.044382888823747635,0.03380740061402321
32,134,0.022385194897651672,0.04412618651986122,0.0332556888461113
32,135,0.02488091215491295,0.043293144553899765,0.03408702835440636
32,136,0.03332670405507088,0.04488383233547211,0.03910526633262634
32,137,0.032785702496767044,0.04541793838143349,0.039101820439100266
32,138,0.059354644268751144,0.0471017025411129,0.05322817340493202
32,139,0.027133334428071976,0.04481925070285797,0.035976290702819824
32,140,0.02876635082066059,0.045548904687166214,0.03715762868523598
33,0,0.03042670339345932,0.044749666005373,0.03758818656206131
33,1,0.02976772002875805,0.04382376745343208,0.03679574280977249
33,2,0.02110910415649414,0.04410482197999954,0.03260696306824684
33,3,0.03376283496618271,0.04441632330417633,0.03908957913517952
33,4,0.02471846155822277,0.045277517288923264,0.03499798849225044
33,5,0.019033271819353104,0.04460625723004341,0.03181976452469826
33,6,0.048949453979730606,0.045581575483083725,0.047265514731407166
33,7,0.042660150676965714,0.04413733631372452,0.043398745357990265
33,8,0.021075092256069183,0.04377742111682892,0.03242625668644905
33,9,0.021960945799946785,0.044509876519441605,0.03323541209101677
33,10,0.028967387974262238,0.04395522177219391,0.03646130487322807
33,11,0.02872161939740181,0.04416318237781525,0.03644239902496338
33,12,0.03742102161049843,0.04551504924893379,0.04146803542971611
33,13,0.027989353984594345,0.04531377553939819,0.03665156662464142
33,14,0.0322699248790741,0.04466279596090317,0.03846636041998863
33,15,0.019746575504541397,0.0431121289730072,0.03142935037612915
33,16,0.03961590677499771,0.04487908259034157,0.04224749654531479
33,17,0.025769514963030815,0.04394226521253586,0.03485589101910591
33,18,0.028004664927721024,0.04304325953125954,0.03552396222949028
33,19,0.02456429973244667,0.044387321919202805,0.03447581082582474
33,20,0.019703686237335205,0.04337015748023987,0.03153692185878754
33,21,0.028002357110381126,0.04446544870734215,0.03623390197753906
33,22,0.044049739837646484,0.04493260011076927,0.04449117183685303
33,23,0.027336858212947845,0.044059231877326965,0.035698045045137405
33,24,0.023357877507805824,0.044375624507665634,0.033866751939058304
33,25,0.020201746374368668,0.043422896414995193,0.03181232139468193
33,26,0.0319126695394516,0.044572483748197556,0.03824257850646973
33,27,0.033630721271038055,0.04428645223379135,0.0389585867524147
33,28,0.038940295577049255,0.04428975284099579,0.04161502420902252
33,29,0.031108666211366653,0.045614391565322876,0.038361527025699615
33,30,0.03436540812253952,0.046404216438531876,0.04038481414318085
33,31,0.03638247400522232,0.04387446865439415,0.040128469467163086
33,32,0.032770924270153046,0.044672153890132904,0.038721539080142975
33,33,0.026489872485399246,0.043273478746414185,0.034881673753261566
33,34,0.020770812407135963,0.04431813210248947,0.03254447132349014
33,35,0.023756496608257294,0.044873662292957306,0.0343150794506073
33,36,0.049693889915943146,0.045394107699394226,0.047543998807668686
33,37,0.030518049374222755,0.04626816511154175,0.03839310631155968
33,38,0.0352134108543396,0.04609508812427521,0.040654249489307404
33,39,0.027078740298748016,0.043006621301174164,0.03504268079996109
33,40,0.030241800472140312,0.04314599186182022,0.03669389709830284
33,41,0.023314855992794037,0.043953776359558105,0.03363431617617607
33,42,0.0210022684186697,0.0438716821372509,0.032436974346637726
33,43,0.02515668421983719,0.04411109909415245,0.03463388979434967
33,44,0.03582826256752014,0.04440183565020561,0.040115050971508026
33,45,0.021842719987034798,0.04291053116321564,0.03237662464380264
33,46,0.029007360339164734,0.044747281819581985,0.03687731921672821
33,47,0.03719266504049301,0.046057507395744324,0.04162508621811867
33,48,0.028256254270672798,0.04414435103535652,0.036200303584337234
33,49,0.0227728970348835,0.043801356106996536,0.03328712657094002
33,50,0.031185222789645195,0.04368884861469269,0.037437036633491516
33,51,0.029532387852668762,0.04498303309082985,0.037257708609104156
33,52,0.02007821947336197,0.04391007125377655,0.03199414536356926
33,53,0.01868542656302452,0.04380777105689049,0.031246598809957504
33,54,0.029744481667876244,0.04358464479446411,0.03666456416249275
33,55,0.030442604795098305,0.044094786047935486,0.03726869449019432
33,56,0.020474165678024292,0.043650515377521515,0.0320623405277729
33,57,0.02438299171626568,0.04489848017692566,0.03464073687791824
33,58,0.026326388120651245,0.04513884708285332,0.03573261946439743
33,59,0.0518941730260849,0.04362262785434723,0.047758400440216064
33,60,0.0350482240319252,0.04561500996351242,0.04033161699771881
33,61,0.025613419711589813,0.04385591298341751,0.03473466634750366
33,62,0.03504905104637146,0.04780817776918411,0.041428614407777786
33,63,0.032164204865694046,0.045621905475854874,0.03889305517077446
33,64,0.05002782121300697,0.044696222990751266,0.04736202210187912
33,65,0.02724618650972843,0.04343545809388161,0.035340823233127594
33,66,0.029866065829992294,0.0448976494371891,0.0373818576335907
33,67,0.05197247862815857,0.046045150607824326,0.0490088164806366
33,68,0.03974498435854912,0.044535186141729355,0.042140085250139236
33,69,0.025393201038241386,0.04455125331878662,0.03497222810983658
33,70,0.026671016588807106,0.045218680053949356,0.035944849252700806
33,71,0.02595302276313305,0.04455415904521942,0.03525359183549881
33,72,0.030690032988786697,0.04386494681239128,0.03727748990058899
33,73,0.027860864996910095,0.04292549565434456,0.03539317846298218
33,74,0.03339701145887375,0.04318017512559891,0.03828859329223633
33,75,0.02219870500266552,0.04468981549143791,0.03344425931572914
33,76,0.024178355932235718,0.044423528015613556,0.03430094197392464
33,77,0.02893027849495411,0.04441197216510773,0.036671124398708344
33,78,0.02490474469959736,0.044161271303892136,0.03453300893306732
33,79,0.03871716186404228,0.046881213784217834,0.04279918968677521
33,80,0.027338894084095955,0.043661486357450485,0.035500191152095795
33,81,0.025982435792684555,0.0448334738612175,0.03540795296430588
33,82,0.03855934366583824,0.04540689289569855,0.041983120143413544
33,83,0.0299982912838459,0.04387693107128143,0.03693760931491852
33,84,0.020831536501646042,0.042750969529151917,0.03179125487804413
33,85,0.040524452924728394,0.04673352837562561,0.043628990650177
33,86,0.036843616515398026,0.04476596787571907,0.04080479219555855
33,87,0.02887837402522564,0.04421636462211609,0.03654737025499344
33,88,0.02700364962220192,0.04522882401943207,0.036116234958171844
33,89,0.03382362052798271,0.044257570058107376,0.039040595293045044
33,90,0.020836398005485535,0.04276683181524277,0.03180161491036415
33,91,0.02378823421895504,0.043358758091926575,0.03357349708676338
33,92,0.026283852756023407,0.04425991326570511,0.03527188301086426
33,93,0.03920851647853851,0.04460673779249191,0.04190762713551521
33,94,0.03483230993151665,0.043124910444021225,0.038978610187768936
33,95,0.024360258132219315,0.04357847943902016,0.033969368785619736
33,96,0.034830283373594284,0.04455447569489479,0.03969237953424454
33,97,0.029495198279619217,0.04410560056567192,0.03680039942264557
33,98,0.03048321045935154,0.044500309973955154,0.03749176114797592
33,99,0.048130206763744354,0.04610740765929222,0.04711880534887314
33,100,0.02937876619398594,0.04428543522953987,0.03683210164308548
33,101,0.023105565458536148,0.04327873885631561,0.03319215029478073
33,102,0.03334599360823631,0.04525047913193703,0.03929823637008667
33,103,0.0164143405854702,0.04255612567067146,0.02948523312807083
33,104,0.020725145936012268,0.04340843856334686,0.032066792249679565
33,105,0.03404516354203224,0.04374225065112114,0.03889370709657669
33,106,0.02822422981262207,0.04583654925227165,0.03703039139509201
33,107,0.026333047077059746,0.04293058440089226,0.03463181480765343
33,108,0.03468307480216026,0.04587974399328232,0.04028140753507614
33,109,0.02543051727116108,0.04340938478708267,0.0344199500977993
33,110,0.020392946898937225,0.04291010648012161,0.03165152668952942
33,111,0.027154849842190742,0.04431041702628136,0.035732634365558624
33,112,0.029765937477350235,0.04371712729334831,0.036741532385349274
33,113,0.03367401659488678,0.04349088296294212,0.0385824516415596
33,114,0.029026057571172714,0.043480079621076584,0.03625306859612465
33,115,0.022407514974474907,0.04364108294248581,0.03302429988980293
33,116,0.027653193101286888,0.04397565871477127,0.035814426839351654
33,117,0.03988112509250641,0.04460042342543602,0.042240776121616364
33,118,0.021346019580960274,0.043935440480709076,0.0326407290995121
33,119,0.03488951921463013,0.04418504983186722,0.03953728452324867
33,120,0.04126129671931267,0.043685827404260635,0.04247356206178665
33,121,0.02757427468895912,0.043717674911022186,0.0356459766626358
33,122,0.0278302188962698,0.04321415722370148,0.03552218899130821
33,123,0.02298588864505291,0.04276721924543381,0.03287655487656593
33,124,0.023297995328903198,0.04384394362568855,0.033570967614650726
33,125,0.02971319854259491,0.04192411154508591,0.03581865504384041
33,126,0.028007395565509796,0.04653097689151764,0.03726918622851372
33,127,0.01815958134829998,0.04282562434673309,0.03049260377883911
33,128,0.022782251238822937,0.043776292353868484,0.03327926993370056
33,129,0.03403976932168007,0.044259294867515564,0.03914953023195267
33,130,0.019379688426852226,0.0429157018661499,0.03114769607782364
33,131,0.0178922601044178,0.04341251775622368,0.03065238893032074
33,132,0.02281195856630802,0.04352026805281639,0.03316611424088478
33,133,0.03289758414030075,0.04527181759476662,0.03908470273017883
33,134,0.026416894048452377,0.044388286769390106,0.03540258854627609
33,135,0.020263880491256714,0.04414573311805725,0.03220480680465698
33,136,0.03399072587490082,0.044880211353302,0.03943546861410141
33,137,0.022297045215964317,0.04387236014008522,0.033084701746702194
33,138,0.03920936584472656,0.04444482550024986,0.04182709753513336
33,139,0.025157855823636055,0.04344705492258072,0.03430245444178581
33,140,0.04431229457259178,0.045736975967884064,0.04502463340759277
34,0,0.03555775433778763,0.0438196137547493,0.03968868404626846
34,1,0.04062079265713692,0.0440908782184124,0.04235583543777466
34,2,0.04404158517718315,0.045152124017477036,0.04459685459733009
34,3,0.03695720434188843,0.04336622729897499,0.04016171395778656
34,4,0.03000870905816555,0.0450478233397007,0.03752826526761055
34,5,0.029169298708438873,0.04536310210824013,0.03726620227098465
34,6,0.034941017627716064,0.04517132043838501,0.04005616903305054
34,7,0.02400236390531063,0.044441159814596176,0.03422176092863083
34,8,0.022294465452432632,0.04314139857888222,0.032717932015657425
34,9,0.04295425862073898,0.044683992862701416,0.0438191257417202
34,10,0.029446300119161606,0.04374554380774498,0.03659592196345329
34,11,0.02737767994403839,0.04438835009932518,0.035883016884326935
34,12,0.025079455226659775,0.04356778785586357,0.03432362154126167
34,13,0.02824237383902073,0.043592553585767746,0.03591746464371681
34,14,0.020556697621941566,0.04320589452981949,0.03188129514455795
34,15,0.0385233573615551,0.04408189654350281,0.0413026288151741
34,16,0.030352311208844185,0.04409029334783554,0.03722130134701729
34,17,0.03674229606986046,0.04337171092629433,0.04005700349807739
34,18,0.02550366334617138,0.04349050298333168,0.034497082233428955
34,19,0.03395445644855499,0.04390517622232437,0.03892981633543968
34,20,0.0327436737716198,0.04439721256494522,0.03857044130563736
34,21,0.02759523130953312,0.04479134827852249,0.03619328886270523
34,22,0.021585118025541306,0.04363108053803444,0.03260809928178787
34,23,0.02473135106265545,0.04390360414981842,0.03431747853755951
34,24,0.02215941622853279,0.04350714758038521,0.032833281904459
34,25,0.02573595941066742,0.04392720386385918,0.03483158349990845
34,26,0.02001921646296978,0.04301881045103073,0.03151901438832283
34,27,0.023423176258802414,0.043989699333906174,0.033706437796354294
34,28,0.029737716540694237,0.04371417686343193,0.03672594577074051
34,29,0.018356362357735634,0.043017029762268066,0.030686695128679276
34,30,0.026828406378626823,0.04456758871674538,0.035697996616363525
34,31,0.030242562294006348,0.043326858431100845,0.03678470849990845
34,32,0.01802530139684677,0.04229104518890381,0.03015817329287529
34,33,0.029428919777274132,0.04478147253394127,0.037105195224285126
34,34,0.04568265751004219,0.044793751090765,0.045238204300403595
34,35,0.03180110082030296,0.04528753459453583,0.038544319570064545
34,36,0.02460521087050438,0.042768362909555435,0.03368678689002991
34,37,0.03426860645413399,0.04452899470925331,0.03939880058169365
34,38,0.018711494281888008,0.04282921925187111,0.030770357698202133
34,39,0.037818729877471924,0.045546650886535645,0.041682690382003784
34,40,0.02905561774969101,0.043948736041784286,0.0365021750330925
34,41,0.02681432105600834,0.04237493500113487,0.03459462895989418
34,42,0.04198572412133217,0.044766318053007126,0.04337602108716965
34,43,0.027328845113515854,0.043937601149082184,0.03563322126865387
34,44,0.033225588500499725,0.04517495259642601,0.03920026868581772
34,45,0.028770213946700096,0.04367903247475624,0.036224622279405594
34,46,0.028139177709817886,0.042931780219078064,0.035535477101802826
34,47,0.019947117194533348,0.042865484952926636,0.031406302005052567
34,48,0.029618307948112488,0.04524857923388481,0.0374334454536438
34,49,0.025649702176451683,0.042992979288101196,0.034321341663599014
34,50,0.03646131977438927,0.04419531673192978,0.040328316390514374
34,51,0.021214861422777176,0.04379431530833244,0.03250458836555481
34,52,0.03716788813471794,0.044489555060863495,0.04082871973514557
34,53,0.020931020379066467,0.04316289350390434,0.032046958804130554
34,54,0.0377226285636425,0.044972144067287445,0.041347384452819824
34,55,0.037144266068935394,0.04329885169863701,0.04022155702114105
34,56,0.024686388671398163,0.04487185552716255,0.03477912396192551
34,57,0.02192876860499382,0.04401332512497902,0.03297104686498642
34,58,0.0260026678442955,0.04374326765537262,0.03487296774983406
34,59,0.038925714790821075,0.04457595944404602,0.04175083711743355
34,60,0.029157869517803192,0.04239438846707344,0.035776130855083466
34,61,0.03215461224317551,0.04396761208772659,0.03806111216545105
34,62,0.01682603918015957,0.042477913200855255,0.029651977121829987
34,63,0.026206091046333313,0.04366365447640419,0.0349348708987236
34,64,0.02749936282634735,0.043994251638650894,0.03574680536985397
34,65,0.028482316061854362,0.041950855404138565,0.03521658480167389
34,66,0.025915516540408134,0.04240276291966438,0.034159138798713684
34,67,0.022712653502821922,0.043250903487205505,0.03298177942633629
34,68,0.024817395955324173,0.04408303275704384,0.034450214356184006
34,69,0.03374583646655083,0.04309561476111412,0.038420725613832474
34,70,0.0269838385283947,0.043010126799345016,0.03499698266386986
34,71,0.021755078807473183,0.04316049814224243,0.03245778754353523
34,72,0.028375279158353806,0.043888021260499954,0.03613165020942688
34,73,0.02396908588707447,0.04442974179983139,0.034199412912130356
34,74,0.03828834369778633,0.04546066373586655,0.04187450557947159
34,75,0.025169439613819122,0.042201220989227295,0.03368533030152321
34,76,0.02726578712463379,0.04418337717652321,0.03572458028793335
34,77,0.032390400767326355,0.04444926977157593,0.03841983526945114
34,78,0.030537083745002747,0.04469791799783707,0.03761750087141991
34,79,0.03926015645265579,0.044388409703969955,0.041824281215667725
34,80,0.03147062286734581,0.04352715611457825,0.03749889135360718
34,81,0.034906212240457535,0.042713362723588943,0.03880978748202324
34,82,0.03229421377182007,0.04366055130958557,0.03797738254070282
34,83,0.027188535779714584,0.04348531365394592,0.0353369265794754
34,84,0.02753066085278988,0.042367059737443924,0.03494885936379433
34,85,0.02933909185230732,0.04306714981794357,0.03620311990380287
34,86,0.05574113130569458,0.0426948145031929,0.04921797290444374
34,87,0.02677416056394577,0.042072415351867676,0.03442328795790672
34,88,0.03170019015669823,0.043434396386146545,0.037567295134067535
34,89,0.021117253229022026,0.04297957941889763,0.03204841539263725
34,90,0.029996538534760475,0.04380759224295616,0.03690206632018089
34,91,0.02411310002207756,0.044165875762701035,0.0341394878923893
34,92,0.034931328147649765,0.044132910668849945,0.039532117545604706
34,93,0.030571606010198593,0.04291466996073723,0.03674313798546791
34,94,0.03128113970160484,0.045043207705020905,0.038162171840667725
34,95,0.04017012193799019,0.04420797526836395,0.04218904674053192
34,96,0.02907724119722843,0.042877089232206345,0.03597716614603996
34,97,0.03518731892108917,0.04328261688351631,0.03923496603965759
34,98,0.04329204186797142,0.0445728600025177,0.04393245279788971
34,99,0.029670311138033867,0.04342897981405258,0.0365496464073658
34,100,0.037915244698524475,0.044357363134622574,0.041136302053928375
34,101,0.02334989234805107,0.042648591101169586,0.03299923986196518
34,102,0.029266294091939926,0.04484068602323532,0.037053488194942474
34,103,0.018727809190750122,0.0426713228225708,0.03069956600666046
34,104,0.021869488060474396,0.044105444103479385,0.03298746794462204
34,105,0.03108960948884487,0.04414449632167816,0.03761705383658409
34,106,0.02980697527527809,0.042034417390823364,0.03592069447040558
34,107,0.02472265250980854,0.043502580374479294,0.03411261737346649
34,108,0.023345263674855232,0.04312717169523239,0.03323621675372124
34,109,0.03353535756468773,0.043743059039115906,0.03863921016454697
34,110,0.027365945279598236,0.04409019276499748,0.03572806715965271
34,111,0.023323241621255875,0.042860135436058044,0.03309168666601181
34,112,0.02233390510082245,0.04314063861966133,0.03273726999759674
34,113,0.039332907646894455,0.04469599574804306,0.04201444983482361
34,114,0.03843254595994949,0.044699527323246,0.04156603664159775
34,115,0.03775671124458313,0.043040722608566284,0.04039871692657471
34,116,0.038166895508766174,0.0451434850692749,0.04165519028902054
34,117,0.03265644982457161,0.04362127184867859,0.03813885897397995
34,118,0.028018515557050705,0.04319378361105919,0.03560614958405495
34,119,0.02625899203121662,0.04344641789793968,0.034852705895900726
34,120,0.02607203833758831,0.043480563908815384,0.03477630019187927
34,121,0.023138199001550674,0.04321912303566933,0.03317866101861
34,122,0.0217385683208704,0.04191385582089424,0.031826213002204895
34,123,0.03019653633236885,0.043024495244026184,0.03661051392555237
34,124,0.028183650225400925,0.04474848136305809,0.03646606579422951
34,125,0.024828562512993813,0.044416915625333786,0.034622740000486374
34,126,0.020705940201878548,0.042838502675294876,0.031772222369909286
34,127,0.02051476016640663,0.04254041239619255,0.03152758628129959
34,128,0.024594634771347046,0.042867958545684814,0.03373129665851593
34,129,0.03361969441175461,0.045745112001895905,0.039682403206825256
34,130,0.0382823646068573,0.04415547847747803,0.041218921542167664
34,131,0.023321254178881645,0.04394260048866272,0.03363192826509476
34,132,0.03360877186059952,0.043349817395210266,0.03847929462790489
34,133,0.030208198353648186,0.043835971504449844,0.03702208399772644
34,134,0.022976728156208992,0.042838532477617264,0.0329076312482357
34,135,0.025286979973316193,0.04324272274971008,0.03426485136151314
34,136,0.024333447217941284,0.04262791946530342,0.0334806814789772
34,137,0.025309324264526367,0.04386208951473236,0.034585706889629364
34,138,0.02018691785633564,0.04223232716321945,0.03120962157845497
34,139,0.02493903785943985,0.04257621243596077,0.03375762701034546
34,140,0.03107335977256298,0.041718389838933945,0.03639587387442589
35,0,0.03996912017464638,0.04453045874834061,0.04224979132413864
35,1,0.03963133320212364,0.043649863451719284,0.04164059832692146
35,2,0.015033120289444923,0.04233623668551445,0.02868467941880226
35,3,0.017510516569018364,0.042934633791446686,0.0302225761115551
35,4,0.036070533096790314,0.04516565054655075,0.04061809182167053
35,5,0.022677550092339516,0.043118737637996674,0.03289814293384552
35,6,0.026666777208447456,0.042628198862075806,0.034647487103939056
35,7,0.038259413093328476,0.043302081525325775,0.040780745446681976
35,8,0.028757842257618904,0.043099064379930496,0.035928454250097275
35,9,0.04148714244365692,0.04472453147172928,0.0431058369576931
35,10,0.025679124519228935,0.04197100177407265,0.03382506221532822
35,11,0.038835834711790085,0.04476131126284599,0.04179857298731804
35,12,0.02727567031979561,0.04521925747394562,0.036247462034225464
35,13,0.018781481310725212,0.04189174622297287,0.030336614698171616
35,14,0.021279579028487206,0.04320697486400604,0.0322432778775692
35,15,0.025190968066453934,0.04360775649547577,0.0343993604183197
35,16,0.026415258646011353,0.043960005044937134,0.03518763184547424
35,17,0.028366701677441597,0.042932141572237015,0.03564942255616188
35,18,0.03686840832233429,0.04381946846842766,0.04034394025802612
35,19,0.03045830689370632,0.04306149110198021,0.03675989806652069
35,20,0.031127791851758957,0.04435472935438156,0.03774125874042511
35,21,0.04804498329758644,0.04588404297828674,0.04696451127529144
35,22,0.04655834287405014,0.04404143989086151,0.045299891382455826
35,23,0.03478864207863808,0.043042078614234924,0.03891535848379135
35,24,0.04073068127036095,0.04461357742547989,0.04267212748527527
35,25,0.016742656007409096,0.0417763777077198,0.029259517788887024
35,26,0.0352277010679245,0.04275648295879364,0.03899209201335907
35,27,0.029219526797533035,0.04374305531382561,0.03648129105567932
35,28,0.03245558962225914,0.04362377151846886,0.038039680570364
35,29,0.027124561369419098,0.044274408370256424,0.03569948673248291
35,30,0.025275032967329025,0.042761143296957016,0.03401808813214302
35,31,0.03274783119559288,0.04311066120862961,0.037929244339466095
35,32,0.025185933336615562,0.0439622662961483,0.03457409888505936
35,33,0.01956719532608986,0.04147821292281151,0.030522704124450684
35,34,0.029346821829676628,0.04243265464901924,0.03588973730802536
35,35,0.04414581134915352,0.04300333932042122,0.04357457533478737
35,36,0.028070291504263878,0.04386723041534424,0.03596876189112663
35,37,0.03178026154637337,0.04320826381444931,0.03749426454305649
35,38,0.024339349940419197,0.04297931119799614,0.03365933150053024
35,39,0.018845411017537117,0.042568109929561615,0.03070675954222679
35,40,0.024739829823374748,0.04353666305541992,0.03413824737071991
35,41,0.0551876500248909,0.04574565216898918,0.05046664923429489
35,42,0.03755733370780945,0.044679030776023865,0.041118182241916656
35,43,0.017469679936766624,0.042503416538238525,0.02998654916882515
35,44,0.03634887933731079,0.044469427317380905,0.040409155189991
35,45,0.027209578081965446,0.04380575567483902,0.03550766780972481
35,46,0.04095140099525452,0.043860554695129395,0.042405977845191956
35,47,0.022824499756097794,0.04346092790365219,0.03314271569252014
35,48,0.02575146220624447,0.042447011917829514,0.034099236130714417
35,49,0.03725700080394745,0.04246801137924194,0.039862506091594696
35,50,0.024825816974043846,0.04296385496854782,0.03389483690261841
35,51,0.019724948331713676,0.04227961599826813,0.031002283096313477
35,52,0.025032248347997665,0.04189369082450867,0.033462971448898315
35,53,0.020535456016659737,0.04160469397902489,0.031070075929164886
35,54,0.03871120512485504,0.042976249009370804,0.04084372520446777
35,55,0.022440390661358833,0.042597610503435135,0.03251900151371956
35,56,0.030375830829143524,0.043306559324264526,0.036841195076704025
35,57,0.032399944961071014,0.04472377896308899,0.03856186196208
35,58,0.025532472878694534,0.04204821214079857,0.03379034250974655
35,59,0.043111786246299744,0.04588739946484566,0.04449959099292755
35,60,0.018856335431337357,0.041730474680662155,0.030293405055999756
35,61,0.02006356231868267,0.04313759133219719,0.031600575894117355
35,62,0.02882613055408001,0.04326276853680611,0.03604444861412048
35,63,0.03032839670777321,0.04273270070552826,0.036530546844005585
35,64,0.03260794281959534,0.04254612699151039,0.037577033042907715
35,65,0.034716345369815826,0.043244533240795135,0.03898043930530548
35,66,0.031030023470520973,0.04307442530989647,0.037052225321531296
35,67,0.026783259585499763,0.04276016354560852,0.03477171063423157
35,68,0.019860876724123955,0.04153778776526451,0.03069933131337166
35,69,0.024391189217567444,0.042265668511390686,0.033328428864479065
35,70,0.02651042677462101,0.04253460839390755,0.03452251851558685
35,71,0.0230573657900095,0.04320146143436432,0.033129412680864334
35,72,0.024552438408136368,0.04224519059062004,0.033398814499378204
35,73,0.04519754648208618,0.0435883030295372,0.04439292475581169
35,74,0.03161812573671341,0.0432266928255558,0.037422411143779755
35,75,0.02577190287411213,0.04170079901814461,0.03373635187745094
35,76,0.027943789958953857,0.04327310621738434,0.0356084480881691
35,77,0.02771828882396221,0.042971424758434296,0.03534485772252083
35,78,0.028950143605470657,0.0435325987637043,0.03624137118458748
35,79,0.03389909863471985,0.04520509019494057,0.03955209255218506
35,80,0.0218815915286541,0.04287426918745041,0.032377928495407104
35,81,0.017686450853943825,0.0431131012737751,0.030399776995182037
35,82,0.026835225522518158,0.0427289716899395,0.03478209674358368
35,83,0.02192980796098709,0.041716068983078,0.03182293847203255
35,84,0.029672686010599136,0.04352164268493652,0.03659716248512268
35,85,0.028866972774267197,0.04351050779223442,0.03618874028325081
35,86,0.028653783723711967,0.04237189143896103,0.03551283851265907
35,87,0.023928381502628326,0.04263291880488396,0.03328064829111099
35,88,0.047668106853961945,0.043458111584186554,0.04556310921907425
35,89,0.020563529804348946,0.04232761263847351,0.031445570290088654
35,90,0.021653074771165848,0.043005846440792084,0.032329462468624115
35,91,0.03782069310545921,0.04540092125535011,0.04161080718040466
35,92,0.024357369169592857,0.04359617084264755,0.03397677093744278
35,93,0.026892947033047676,0.0437236912548542,0.035308320075273514
35,94,0.03440062329173088,0.04245356470346451,0.038427092134952545
35,95,0.020483756437897682,0.04238811507821083,0.03143593668937683
35,96,0.02282792702317238,0.0427556037902832,0.03279176354408264
35,97,0.025295980274677277,0.04235520213842392,0.0338255912065506
35,98,0.026478363201022148,0.042838871479034424,0.03465861827135086
35,99,0.02307988330721855,0.043348729610443115,0.03321430832147598
35,100,0.017839467152953148,0.04254956170916557,0.030194513499736786
35,101,0.028244037181138992,0.04332271218299866,0.035783372819423676
35,102,0.030022835358977318,0.042799774557352066,0.03641130402684212
35,103,0.017897753044962883,0.04266836494207382,0.030283059924840927
35,104,0.02109653316438198,0.042649202048778534,0.03187286853790283
35,105,0.03774245083332062,0.04332564398646355,0.04053404927253723
35,106,0.026945063844323158,0.04407136142253876,0.03550821170210838
35,107,0.024586956948041916,0.0425412692129612,0.033564113080501556
35,108,0.02522076480090618,0.04230615124106407,0.03376345708966255
35,109,0.03280031308531761,0.04206793010234833,0.03743412345647812
35,110,0.026497857645154,0.04213035851716995,0.0343141071498394
35,111,0.023993074893951416,0.042802952229976654,0.033398013561964035
35,112,0.04485920071601868,0.04332713782787323,0.04409316927194595
35,113,0.028426174074411392,0.044230867177248,0.0363285206258297
35,114,0.021976519376039505,0.042758215218782425,0.032367367297410965
35,115,0.041416820138692856,0.044293224811553955,0.042855024337768555
35,116,0.02742333523929119,0.0432233028113842,0.03532331809401512
35,117,0.03065970167517662,0.04324628412723541,0.036952994763851166
35,118,0.023652873933315277,0.042817115783691406,0.03323499485850334
35,119,0.02206738479435444,0.0416267029941082,0.031847044825553894
35,120,0.024832695722579956,0.04337560385465622,0.03410414978861809
35,121,0.02815060317516327,0.04406523331999779,0.03610792011022568
35,122,0.02442087233066559,0.04240943491458893,0.03341515362262726
35,123,0.025633959099650383,0.04272307828068733,0.03417851775884628
35,124,0.03649625927209854,0.04317597299814224,0.03983611613512039
35,125,0.0368211604654789,0.0425218790769577,0.03967151790857315
35,126,0.02409587800502777,0.04310841113328934,0.033602144569158554
35,127,0.02315276861190796,0.04214012995362282,0.03264644742012024
35,128,0.03698156028985977,0.04532036930322647,0.04115096479654312
35,129,0.024978743866086006,0.042479339987039566,0.03372904285788536
35,130,0.04022951424121857,0.044820211827754974,0.04252486303448677
35,131,0.03239309787750244,0.04106430336833,0.03672870248556137
35,132,0.03411472216248512,0.041296858340501785,0.037705790251493454
35,133,0.03475813567638397,0.043221570551395416,0.038989853113889694
35,134,0.026238199323415756,0.04317265376448631,0.034705426543951035
35,135,0.03408859297633171,0.04422309249639511,0.03915584087371826
35,136,0.039389967918395996,0.04352327808737755,0.04145662486553192
35,137,0.028040368109941483,0.04299189895391464,0.03551613539457321
35,138,0.022092444822192192,0.04298006370663643,0.032536253333091736
35,139,0.01727106422185898,0.04167579486966133,0.029473429545760155
35,140,0.029306501150131226,0.04312942922115326,0.03621796518564224
36,0,0.02568536065518856,0.042143192142248154,0.03391427546739578
36,1,0.03489731624722481,0.043819013983011246,0.03935816511511803
36,2,0.039167746901512146,0.04477428272366524,0.04197101294994354
36,3,0.030561737716197968,0.04286414384841919,0.03671294078230858
36,4,0.027763210237026215,0.04279838874936104,0.035280801355838776
36,5,0.021989036351442337,0.042601872235536575,0.032295454293489456
36,6,0.021489428356289864,0.042579833418130875,0.032034631818532944
36,7,0.02730180136859417,0.04297846555709839,0.035140134394168854
36,8,0.026781072840094566,0.042753782123327255,0.034767426550388336
36,9,0.03123312257230282,0.04112965986132622,0.03618139028549194
36,10,0.01909286342561245,0.043037544935941696,0.0310652032494545
36,11,0.030285686254501343,0.04211357980966568,0.03619963303208351
36,12,0.029250385239720345,0.043612025678157806,0.0364312045276165
36,13,0.020790545269846916,0.04166891798377037,0.03122973069548607
36,14,0.026594799011945724,0.04221363738179207,0.034404218196868896
36,15,0.03873898461461067,0.04195201396942139,0.04034549742937088
36,16,0.02470484934747219,0.04253099113702774,0.03361792117357254
36,17,0.02391144074499607,0.04201526567339897,0.032963354140520096
36,18,0.016769304871559143,0.04164735972881317,0.029208332300186157
36,19,0.030314169824123383,0.043014273047447205,0.036664221435785294
36,20,0.023019004613161087,0.04294709116220474,0.032983049750328064
36,21,0.02633022889494896,0.041581228375434875,0.03395573049783707
36,22,0.01776004396378994,0.041876036673784256,0.029818039387464523
36,23,0.026132827624678612,0.04295097291469574,0.03454190120100975
36,24,0.021990597248077393,0.04167427122592926,0.031832434237003326
36,25,0.03299621492624283,0.04210533946752548,0.037550777196884155
36,26,0.026450924575328827,0.04224773123860359,0.03434932976961136
36,27,0.023493217304348946,0.04201792553067207,0.032755572348833084
36,28,0.022088492289185524,0.04197002574801445,0.03202925994992256
36,29,0.031031958758831024,0.04125161096453667,0.036141782999038696
36,30,0.04336441680788994,0.043173231184482574,0.04326882213354111
36,31,0.016919931396842003,0.04111235961318016,0.029016144573688507
36,32,0.03933892399072647,0.04523257538676262,0.042285747826099396
36,33,0.02259453572332859,0.04211510345339775,0.032354820519685745
36,34,0.030443565919995308,0.04197834059596062,0.03621095418930054
36,35,0.021821336820721626,0.04213094338774681,0.03197614103555679
36,36,0.025035599246621132,0.042166464030742645,0.033601030707359314
36,37,0.03167393431067467,0.041415512561798096,0.03654472529888153
36,38,0.02869502268731594,0.043151725083589554,0.03592337295413017
36,39,0.03763687610626221,0.04356654733419418,0.040601711720228195
36,40,0.035889025777578354,0.04472079128026962,0.04030490666627884
36,41,0.023888036608695984,0.04343152791261673,0.03365978226065636
36,42,0.03363347798585892,0.0435369610786438,0.03858521953225136
36,43,0.03209909424185753,0.04222674295306206,0.03716291859745979
36,44,0.03224988654255867,0.04428793862462044,0.038268912583589554
36,45,0.017764657735824585,0.04299573972821236,0.03038019873201847
36,46,0.019058838486671448,0.04201946035027504,0.030539149418473244
36,47,0.03477893024682999,0.044152140617370605,0.039465535432100296
36,48,0.032604094594717026,0.04386037215590477,0.0382322333753109
36,49,0.02923605591058731,0.042645327746868134,0.03594069182872772
36,50,0.02179775945842266,0.04169420897960663,0.03174598515033722
36,51,0.028189022094011307,0.04212575778365135,0.03515738993883133
36,52,0.018169239163398743,0.042141951620578766,0.030155595391988754
36,53,0.02492602728307247,0.04248743876814842,0.03370673209428787
36,54,0.02566802129149437,0.041317056864500046,0.03349253907799721
36,55,0.031048404052853584,0.04257993772625923,0.03681417182087898
36,56,0.02395589090883732,0.04136943444609642,0.032662663608789444
36,57,0.018852153792977333,0.04217696189880371,0.030514556914567947
36,58,0.03117707371711731,0.04400749132037163,0.03759228438138962
36,59,0.02163499779999256,0.041826337575912476,0.031730666756629944
36,60,0.044786032289266586,0.04376945272088051,0.04427774250507355
36,61,0.026723122224211693,0.04240924492478371,0.034566182643175125
36,62,0.03314533457159996,0.043335992842912674,0.03824066370725632
36,63,0.025802507996559143,0.04127245768904686,0.03353748470544815
36,64,0.02788580395281315,0.04328620806336403,0.03558600693941116
36,65,0.03342518210411072,0.04216447472572327,0.03779482841491699
36,66,0.017305992543697357,0.04177505895495415,0.029540525749325752
36,67,0.030090272426605225,0.04284123703837395,0.036465756595134735
36,68,0.01977073960006237,0.04192010313272476,0.03084542229771614
36,69,0.03190729394555092,0.04238112270832062,0.03714420646429062
36,70,0.040909115225076675,0.043587807565927505,0.04224846139550209
36,71,0.022740423679351807,0.04196843132376671,0.03235442936420441
36,72,0.0471666045486927,0.04396564140915871,0.045566122978925705
36,73,0.05542929843068123,0.04125861078500748,0.0483439564704895
36,74,0.02438496984541416,0.041674938052892685,0.033029954880476
36,75,0.02573930285871029,0.04250283166766167,0.0341210663318634
36,76,0.02957773022353649,0.044636908918619156,0.03710731863975525
36,77,0.027221230790019035,0.04209136962890625,0.03465630114078522
36,78,0.04247157275676727,0.04717935621738434,0.044825464487075806
36,79,0.02769179828464985,0.04202553629875183,0.034858666360378265
36,80,0.019240181893110275,0.041068464517593384,0.03015432320535183
36,81,0.028345927596092224,0.041727401316165924,0.035036664456129074
36,82,0.0263350959867239,0.04325984790921211,0.03479747101664543
36,83,0.024903925135731697,0.04235253110527992,0.033628229051828384
36,84,0.025843732059001923,0.04403974488377571,0.034941740334033966
36,85,0.026492759585380554,0.04242965206503868,0.03446120768785477
36,86,0.025155607610940933,0.04360578581690788,0.03438069671392441
36,87,0.03289595991373062,0.04216158762574196,0.03752877563238144
36,88,0.026095513254404068,0.04175540804862976,0.033925458788871765
36,89,0.026962967589497566,0.0420631505548954,0.03451306000351906
36,90,0.04032222554087639,0.04407574608922005,0.04219898581504822
36,91,0.02612883411347866,0.04226507246494293,0.03419695422053337
36,92,0.01879999041557312,0.041581980884075165,0.030190985649824142
36,93,0.03365570306777954,0.04359181225299835,0.03862375766038895
36,94,0.02206135168671608,0.04143940284848213,0.031750377267599106
36,95,0.029983673244714737,0.042347606271505356,0.036165639758110046
36,96,0.0352795273065567,0.04380938038229942,0.03954445570707321
36,97,0.030167685821652412,0.042304378002882004,0.03623603284358978
36,98,0.033674731850624084,0.04262368381023407,0.03814920783042908
36,99,0.03347371518611908,0.04361230134963989,0.038543008267879486
36,100,0.028645381331443787,0.04146059229969978,0.035052984952926636
36,101,0.030639516189694405,0.04214024171233177,0.03638987988233566
36,102,0.052268136292696,0.042678941041231155,0.04747353866696358
36,103,0.022771568968892097,0.042615633457899094,0.03269360214471817
36,104,0.021662402898073196,0.04199926182627678,0.03183083236217499
36,105,0.04161222279071808,0.04414442554116249,0.042878322303295135
36,106,0.05014651268720627,0.04556887969374657,0.04785769432783127
36,107,0.020307641476392746,0.042693376541137695,0.03150051087141037
36,108,0.02432723343372345,0.04336744546890259,0.03384733945131302
36,109,0.03283319249749184,0.04182632267475128,0.03732975572347641
36,110,0.023036465048789978,0.04211810231208801,0.032577283680438995
36,111,0.0217797439545393,0.04295680671930313,0.03236827626824379
36,112,0.027798347175121307,0.04404311627149582,0.03592073172330856
36,113,0.020020920783281326,0.04213063791394234,0.03107577934861183
36,114,0.023064767941832542,0.042824722826480865,0.03294474631547928
36,115,0.023262791335582733,0.04339645057916641,0.03332962095737457
36,116,0.019693266600370407,0.04220312461256981,0.030948195606470108
36,117,0.03612876683473587,0.04408007860183716,0.040104422718286514
36,118,0.0454166978597641,0.0443204790353775,0.0448685884475708
36,119,0.020537981763482094,0.04268432408571243,0.03161115199327469
36,120,0.03342456743121147,0.04278813302516937,0.03810635209083557
36,121,0.02472350373864174,0.04255922883749008,0.03364136815071106
36,122,0.062265023589134216,0.045829709619283676,0.054047368466854095
36,123,0.021128403022885323,0.042469654232263565,0.03179902955889702
36,124,0.034721869975328445,0.04229981079697609,0.03851084038615227
36,125,0.030681852251291275,0.042799212038517,0.036740534007549286
36,126,0.026161493733525276,0.04272666200995445,0.03444407880306244
36,127,0.023880351334810257,0.041756775230169296,0.03281856328248978
36,128,0.016927268356084824,0.041233599185943604,0.029080433771014214
36,129,0.032821349799633026,0.04218138009309769,0.037501364946365356
36,130,0.022043924778699875,0.041856080293655396,0.031950004398822784
36,131,0.02676737867295742,0.042694155126810074,0.03473076596856117
36,132,0.027362583205103874,0.04152779281139374,0.03444518893957138
36,133,0.013299932703375816,0.04116030037403107,0.027230117470026016
36,134,0.034586288034915924,0.04339469596743584,0.03899049013853073
36,135,0.03331183269619942,0.04140834882855415,0.037360090762376785
36,136,0.024913301691412926,0.04193812236189842,0.0334257110953331
36,137,0.033980593085289,0.042878322303295135,0.03842945769429207
36,138,0.026841627433896065,0.0431026890873909,0.03497215732932091
36,139,0.021373089402914047,0.0414879210293293,0.031430505216121674
36,140,0.041434209793806076,0.0437430664896965,0.04258863627910614
37,0,0.026537079364061356,0.04411344230175018,0.03532525897026062
37,1,0.02801685780286789,0.04175792261958122,0.03488738834857941
37,2,0.021267104893922806,0.0423131100833416,0.0317901074886322
37,3,0.01610342599451542,0.04067187383770943,0.028387650847434998
37,4,0.04561356082558632,0.04437726363539696,0.04499541223049164
37,5,0.03326040506362915,0.042836710810661316,0.03804855793714523
37,6,0.0213619377464056,0.04220070317387581,0.03178131952881813
37,7,0.024312734603881836,0.04198577255010605,0.03314925357699394
37,8,0.029021793976426125,0.04194117337465286,0.03548148274421692
37,9,0.04001951590180397,0.04556715860962868,0.042793337255716324
37,10,0.033100683242082596,0.04234470799565315,0.037722695618867874
37,11,0.02023114450275898,0.041415758430957794,0.030823450535535812
37,12,0.01774229109287262,0.040542419999837875,0.029142355546355247
37,13,0.02644374594092369,0.04220421239733696,0.034323979169130325
37,14,0.032266389578580856,0.042613863945007324,0.03744012862443924
37,15,0.021941276267170906,0.0419563353061676,0.03194880485534668
37,16,0.02734164148569107,0.04168513044714928,0.034513384103775024
37,17,0.034960534423589706,0.04346749931573868,0.03921401500701904
37,18,0.02292841114103794,0.04218985512852669,0.03255913406610489
37,19,0.04009681195020676,0.044641800224781036,0.042369306087493896
37,20,0.023161478340625763,0.041741225868463516,0.03245135396718979
37,21,0.02197961136698723,0.04117249324917793,0.03157605230808258
37,22,0.02401043474674225,0.04187493398785591,0.03294268250465393
37,23,0.020549235865473747,0.04353839159011841,0.03204381465911865
37,24,0.0213874951004982,0.04226844757795334,0.03182797133922577
37,25,0.02223045937716961,0.04142960160970688,0.03183003142476082
37,26,0.033356115221977234,0.042269933968782425,0.03781302273273468
37,27,0.02831478975713253,0.04197852313518524,0.03514665737748146
37,28,0.030537249520421028,0.0423005074262619,0.03641887754201889
37,29,0.030047481879591942,0.04267971217632294,0.036363597959280014
37,30,0.038718853145837784,0.04314560070633888,0.04093222692608833
37,31,0.04313384369015694,0.04068496823310852,0.04190940409898758
37,32,0.0316697433590889,0.042080387473106384,0.03687506541609764
37,33,0.022418739274144173,0.041154876351356506,0.031786806881427765
37,34,0.043171077966690063,0.04532260447740555,0.044246841222047806
37,35,0.02506386488676071,0.04339751973748207,0.03423069417476654
37,36,0.02085409313440323,0.041555240750312805,0.031204666942358017
37,37,0.03809377923607826,0.04354102909564972,0.04081740230321884
37,38,0.038328882306814194,0.04321247711777687,0.04077067971229553
37,39,0.0293708685785532,0.04178857430815697,0.03557972237467766
37,40,0.02176753245294094,0.042138561606407166,0.03195304796099663
37,41,0.02734581008553505,0.04322750121355057,0.03528665751218796
37,42,0.038951169699430466,0.041969865560531616,0.04046051949262619
37,43,0.026676509529352188,0.04251513257622719,0.03459582105278969
37,44,0.026561394333839417,0.04191646724939346,0.03423893079161644
37,45,0.020924339070916176,0.041662875562906265,0.031293608248233795
37,46,0.039623815566301346,0.0426005981862545,0.041112206876277924
37,47,0.030313704162836075,0.04407592862844467,0.03719481825828552
37,48,0.019136302173137665,0.04200514405965805,0.030570723116397858
37,49,0.03666667267680168,0.042945317924022675,0.03980599343776703
37,50,0.03323638066649437,0.04301115870475769,0.03812377154827118
37,51,0.03365614637732506,0.04305926337838173,0.038357704877853394
37,52,0.020024748519062996,0.042242418974637985,0.031133584678173065
37,53,0.02414545603096485,0.040834009647369385,0.03248973190784454
37,54,0.02685031294822693,0.042352065443992615,0.03460118919610977
37,55,0.03403768688440323,0.04377197101712227,0.0389048308134079
37,56,0.024726686999201775,0.042995914816856384,0.033861301839351654
37,57,0.023106774315238,0.04237731173634529,0.03274204209446907
37,58,0.025432325899600983,0.04390013590455055,0.03466623276472092
37,59,0.02710147015750408,0.04348338767886162,0.035292427986860275
37,60,0.026930157095193863,0.041729722172021866,0.034329939633607864
37,61,0.024039220064878464,0.0411512590944767,0.03259523957967758
37,62,0.02722420170903206,0.04170055314898491,0.034462377429008484
37,63,0.036608293652534485,0.04151187464594841,0.0390600860118866
37,64,0.029149364680051804,0.04205332696437836,0.03560134768486023
37,65,0.017062591388821602,0.041104018688201904,0.02908330410718918
37,66,0.02482566051185131,0.041238926351070404,0.03303229436278343
37,67,0.020600011572241783,0.04141699895262718,0.031008504331111908
37,68,0.0316632054746151,0.04421234875917435,0.03793777525424957
37,69,0.017679493874311447,0.04059761017560959,0.029138552024960518
37,70,0.025956690311431885,0.04366854205727577,0.03481261432170868
37,71,0.02207639068365097,0.04212091118097305,0.03209865093231201
37,72,0.03407527878880501,0.04143178090453148,0.03775352984666824
37,73,0.0225204024463892,0.0415852852165699,0.032052844762802124
37,74,0.025935638695955276,0.04220983386039734,0.03407273441553116
37,75,0.03567766025662422,0.0420440174639225,0.03886083886027336
37,76,0.03220200538635254,0.04249851778149605,0.037350259721279144
37,77,0.021641917526721954,0.04088513180613518,0.03126352280378342
37,78,0.040399808436632156,0.04488313943147659,0.042641475796699524
37,79,0.032154545187950134,0.04191399738192558,0.03703427314758301
37,80,0.01926010474562645,0.04080263525247574,0.030031369999051094
37,81,0.01871587336063385,0.0415404848754406,0.030128179118037224
37,82,0.03990204632282257,0.04410087689757347,0.04200146347284317
37,83,0.03406452387571335,0.0414673388004303,0.03776593133807182
37,84,0.03656265512108803,0.04257745295763016,0.03957005590200424
37,85,0.02952929213643074,0.04144782945513725,0.035488560795784
37,86,0.030200380831956863,0.04304932430386543,0.03662485256791115
37,87,0.02894837222993374,0.04200541228055954,0.035476893186569214
37,88,0.025229696184396744,0.04224834963679314,0.03373902291059494
37,89,0.03900643438100815,0.04252135753631592,0.04076389595866203
37,90,0.024837017059326172,0.041792694479227066,0.03331485390663147
37,91,0.024068452417850494,0.04261946305632591,0.033343955874443054
37,92,0.02673584781587124,0.04151536151766777,0.03412560373544693
37,93,0.03015771694481373,0.04213340952992439,0.036145564168691635
37,94,0.03274012356996536,0.04184091091156006,0.03729051724076271
37,95,0.021150795742869377,0.040806420147418976,0.03097860887646675
37,96,0.03488323464989662,0.04459826275706291,0.03974074870347977
37,97,0.024426685646176338,0.04109564051032066,0.032761164009571075
37,98,0.023771194741129875,0.04103151336312294,0.03240135312080383
37,99,0.053252991288900375,0.04409389942884445,0.048673443496227264
37,100,0.01884155347943306,0.04050379991531372,0.02967267669737339
37,101,0.020606575533747673,0.040959469974040985,0.030783023685216904
37,102,0.022608278319239616,0.042580269277095795,0.03259427472949028
37,103,0.01931219920516014,0.04111769050359726,0.0302149448543787
37,104,0.028377627953886986,0.04280872270464897,0.035593174397945404
37,105,0.019822847098112106,0.04137466475367546,0.030598755925893784
37,106,0.03029702603816986,0.04242831841111183,0.0363626703619957
37,107,0.021499106660485268,0.04180249944329262,0.03165080398321152
37,108,0.026540253311395645,0.042474713176488876,0.03450748324394226
37,109,0.01953756809234619,0.04046676307916641,0.030002165585756302
37,110,0.023249322548508644,0.04248713701963425,0.03286822885274887
37,111,0.024886909872293472,0.04167170822620392,0.033279307186603546
37,112,0.021944090723991394,0.042181696742773056,0.032062895596027374
37,113,0.03718271851539612,0.042016785591840744,0.03959975391626358
37,114,0.017219629138708115,0.041870731860399246,0.02954518049955368
37,115,0.04282134771347046,0.042062826454639435,0.04244208708405495
37,116,0.04062874615192413,0.041470225900411606,0.04104948788881302
37,117,0.027894800528883934,0.04127967357635498,0.03458723798394203
37,118,0.0191535372287035,0.04193659499287605,0.03054506704211235
37,119,0.036432985216379166,0.041466474533081055,0.03894972801208496
37,120,0.038159940391778946,0.04370306059718132,0.04093150049448013
37,121,0.03160897642374039,0.0433175228536129,0.037463247776031494
37,122,0.02591625042259693,0.04288164898753166,0.03439895063638687
37,123,0.033050693571567535,0.04289722815155983,0.03797396272420883
37,124,0.04524478316307068,0.04296464845538139,0.044104717671871185
37,125,0.02240726910531521,0.0409376285970211,0.03167244791984558
37,126,0.026170412078499794,0.04321686178445816,0.0346936360001564
37,127,0.020638588815927505,0.04083177074790001,0.030735179781913757
37,128,0.02465769462287426,0.04105180501937866,0.032854750752449036
37,129,0.022937316447496414,0.04156123474240303,0.03224927559494972
37,130,0.035536669194698334,0.04381917044520378,0.03967791795730591
37,131,0.02325168065726757,0.04253385215997696,0.03289276733994484
37,132,0.029680272564291954,0.04280821606516838,0.03624424338340759
37,133,0.027590371668338776,0.04221223667263985,0.03490130603313446
37,134,0.032718218863010406,0.041916050016880035,0.03731713443994522
37,135,0.027325257658958435,0.04131627827882767,0.03432076796889305
37,136,0.022744683548808098,0.04152531549334526,0.032134998589754105
37,137,0.02314489334821701,0.040753789246082306,0.03194934129714966
37,138,0.02389787882566452,0.041805531829595566,0.032851703464984894
37,139,0.024125689640641212,0.04069318249821663,0.032409437000751495
37,140,0.02969198301434517,0.04084375873208046,0.035267870873212814
38,0,0.03182697668671608,0.0420999675989151,0.03696347028017044
38,1,0.01963597722351551,0.04080045595765114,0.0302182175219059
38,2,0.029708875343203545,0.04235232621431351,0.0360306017100811
38,3,0.02300259843468666,0.04272225499153137,0.03286242485046387
38,4,0.02966882660984993,0.041520342230796814,0.03559458255767822
38,5,0.019892478361725807,0.040869105607271194,0.030380792915821075
38,6,0.02331681177020073,0.042377881705760956,0.03284734487533569
38,7,0.03845052793622017,0.04308246448636055,0.04076649621129036
38,8,0.02787930890917778,0.04284454137086868,0.03536192327737808
38,9,0.021634694188833237,0.041993413120508194,0.031814053654670715
38,10,0.02086925506591797,0.04093291983008385,0.030901087448000908
38,11,0.022420184686779976,0.04137770086526871,0.03189894184470177
38,12,0.027561452239751816,0.042984362691640854,0.035272907465696335
38,13,0.02643989957869053,0.04175534099340439,0.034097619354724884
38,14,0.04119178652763367,0.04147164151072502,0.04133171588182449
38,15,0.024684686213731766,0.041532520204782486,0.033108603209257126
38,16,0.03215733915567398,0.04307590425014496,0.03761662170290947
38,17,0.027427345514297485,0.04049549251794815,0.03396141901612282
38,18,0.04127068072557449,0.04171409457921982,0.041492387652397156
38,19,0.044220034033060074,0.04120534658432007,0.04271268844604492
38,20,0.028344981372356415,0.04168570786714554,0.03501534461975098
38,21,0.024925583973526955,0.04234747216105461,0.03363652899861336
38,22,0.024114008992910385,0.0407511442899704,0.03243257850408554
38,23,0.03042454645037651,0.04316594451665878,0.0367952436208725
38,24,0.019128380343317986,0.04064713418483734,0.029887758195400238
38,25,0.021918797865509987,0.04203028231859207,0.031974539160728455
38,26,0.028548022732138634,0.042846888303756714,0.03569745644927025
38,27,0.032238300889730453,0.04131985083222389,0.03677907586097717
38,28,0.026970086619257927,0.04077230393886566,0.03387119621038437
38,29,0.029079407453536987,0.04170607775449753,0.03539274260401726
38,30,0.028637828305363655,0.043465755879879,0.03605179116129875
38,31,0.032723359763622284,0.041149504482746124,0.036936432123184204
38,32,0.030032793059945107,0.04233953729271889,0.03618616610765457
38,33,0.027016956359148026,0.04154881834983826,0.03428288549184799
38,34,0.020826706662774086,0.042898017913103104,0.03186236321926117
38,35,0.021887827664613724,0.04153585806488991,0.031711842864751816
38,36,0.033986322581768036,0.04162093997001648,0.03780363127589226
38,37,0.03398243337869644,0.04187885299324989,0.03793064504861832
38,38,0.01991104520857334,0.040832191705703735,0.030371617525815964
38,39,0.03369338810443878,0.043782878667116165,0.038738131523132324
38,40,0.031451813876628876,0.04232056066393852,0.03688618540763855
38,41,0.05247529596090317,0.04278240352869034,0.04762884974479675
38,42,0.030339041724801064,0.042606860399246216,0.036472950130701065
38,43,0.03824721649289131,0.04242905601859093,0.04033813625574112
38,44,0.028522120788693428,0.04117408022284508,0.03484810143709183
38,45,0.03300563246011734,0.04268850386142731,0.037847068160772324
38,46,0.024509161710739136,0.04134363681077957,0.032926399260759354
38,47,0.025927379727363586,0.041740819811820984,0.033834099769592285
38,48,0.03938295692205429,0.042426034808158875,0.04090449586510658
38,49,0.02456376515328884,0.0430743508040905,0.033819057047367096
38,50,0.04213249310851097,0.043056052178144455,0.04259427264332771
38,51,0.030696885660290718,0.04263218119740486,0.036664534360170364
38,52,0.03358124569058418,0.04100564122200012,0.037293441593647
38,53,0.0225474052131176,0.04107066988945007,0.031809039413928986
38,54,0.02300649881362915,0.0428038090467453,0.032905153930187225
38,55,0.026508888229727745,0.04262088984251022,0.03456488996744156
38,56,0.033047642558813095,0.041812557727098465,0.03743010014295578
38,57,0.02742970548570156,0.042696982622146606,0.03506334498524666
38,58,0.019283495843410492,0.040882013738155365,0.03008275479078293
38,59,0.01922053098678589,0.04129892587661743,0.03025972843170166
38,60,0.015200765803456306,0.040415018796920776,0.027807891368865967
38,61,0.038277797400951385,0.041792742908000946,0.040035270154476166
38,62,0.0198061503469944,0.041417479515075684,0.030611814931035042
38,63,0.043470706790685654,0.044865597039461136,0.044168151915073395
38,64,0.02045796439051628,0.04235176742076874,0.03140486776828766
38,65,0.020276986062526703,0.04226939007639885,0.03127318620681763
38,66,0.022535119205713272,0.04176659137010574,0.03215085715055466
38,67,0.03225136920809746,0.042244456708431244,0.0372479110956192
38,68,0.025324571877717972,0.04082424193620682,0.033074408769607544
38,69,0.03223072364926338,0.040816113352775574,0.03652341663837433
38,70,0.02015681564807892,0.0416189506649971,0.03088788315653801
38,71,0.021486720070242882,0.04097271338105202,0.031229715794324875
38,72,0.02226305566728115,0.04125853255391121,0.031760793179273605
38,73,0.0291176475584507,0.04120026156306267,0.03515895456075668
38,74,0.026541249826550484,0.04088885337114334,0.03371505066752434
38,75,0.024943647906184196,0.04087856784462929,0.03291110694408417
38,76,0.023319203406572342,0.04185772314667702,0.03258846327662468
38,77,0.03815579414367676,0.04117228090763092,0.03966403752565384
38,78,0.027137624099850655,0.04329872131347656,0.035218171775341034
38,79,0.03466853126883507,0.044106241315603256,0.03938738629221916
38,80,0.025221209973096848,0.04320250451564789,0.03421185910701752
38,81,0.022129740566015244,0.04243840277194977,0.032284073531627655
38,82,0.03322799876332283,0.041067324578762054,0.03714766353368759
38,83,0.045554179698228836,0.0440044142305851,0.04477929696440697
38,84,0.0202211644500494,0.04051684960722923,0.030369006097316742
38,85,0.033092379570007324,0.04226207360625267,0.037677228450775146
38,86,0.030139204114675522,0.04138244315981865,0.035760823637247086
38,87,0.03399014472961426,0.04283015429973602,0.03841014951467514
38,88,0.020873937755823135,0.04275764897465706,0.0318157933652401
38,89,0.03524157404899597,0.04064534977078438,0.037943460047245026
38,90,0.02794976904988289,0.042738236486911774,0.03534400463104248
38,91,0.03769411891698837,0.04305399954319,0.04037405923008919
38,92,0.024262377992272377,0.04105398431420326,0.032658182084560394
38,93,0.025672953575849533,0.04093776270747185,0.03330535814166069
38,94,0.021381111815571785,0.04144830256700516,0.0314147062599659
38,95,0.03233613073825836,0.04172235354781151,0.037029244005680084
38,96,0.019612299278378487,0.041029807180166245,0.03032105416059494
38,97,0.03087165392935276,0.04326740279793739,0.03706952929496765
38,98,0.018343083560466766,0.04150562360882759,0.02992435358464718
38,99,0.02413020096719265,0.04103636369109154,0.03258328139781952
38,100,0.030119702219963074,0.04185538366436958,0.03598754107952118
38,101,0.027290107682347298,0.04110558331012726,0.0341978445649147
38,102,0.027967512607574463,0.04366287589073181,0.03581519424915314
38,103,0.028588833287358284,0.04129156842827797,0.0349402017891407
38,104,0.023444226011633873,0.04098445177078247,0.032214339822530746
38,105,0.023199962452054024,0.0411054864525795,0.032152723520994186
38,106,0.021666062995791435,0.04076473414897919,0.031215399503707886
38,107,0.02696937695145607,0.041489679366350174,0.03422952815890312
38,108,0.028100579977035522,0.04196168854832649,0.03503113240003586
38,109,0.02613934688270092,0.04142766073346138,0.033783502876758575
38,110,0.0234735868871212,0.041676539927721024,0.03257506340742111
38,111,0.03201902657747269,0.04117691516876221,0.03659797087311745
38,112,0.023291567340493202,0.04093685373663902,0.03211421146988869
38,113,0.03300647810101509,0.043596018105745316,0.0383012481033802
38,114,0.024589063599705696,0.041701603680849075,0.03314533457159996
38,115,0.030480552464723587,0.04084751382470131,0.03566403314471245
38,116,0.03242533653974533,0.04120348021388054,0.036814406514167786
38,117,0.023095495998859406,0.041771452873945236,0.03243347257375717
38,118,0.01963166333734989,0.04042879119515419,0.030030228197574615
38,119,0.02173258736729622,0.04132113978266716,0.03152686357498169
38,120,0.03143066167831421,0.04083186015486717,0.03613126277923584
38,121,0.03855635225772858,0.04198247939348221,0.04026941582560539
38,122,0.026265902444720268,0.040209051221609116,0.03323747590184212
38,123,0.024030866101384163,0.04036451131105423,0.03219768777489662
38,124,0.024982914328575134,0.04267152026295662,0.03382721543312073
38,125,0.024426370859146118,0.04024835675954819,0.03233736380934715
38,126,0.035529423505067825,0.04283525049686432,0.03918233513832092
38,127,0.036304887384176254,0.04264216497540474,0.0394735261797905
38,128,0.047646086663007736,0.04240807890892029,0.04502708464860916
38,129,0.028105981647968292,0.04135105013847351,0.0347285158932209
38,130,0.026190679520368576,0.041409220546483994,0.033799950033426285
38,131,0.0326126366853714,0.04339790344238281,0.038005270063877106
38,132,0.01976632885634899,0.040317706763744354,0.030042018741369247
38,133,0.02369171567261219,0.041339922696352005,0.03251582011580467
38,134,0.023731259629130363,0.04206376522779465,0.03289751335978508
38,135,0.02059796452522278,0.04097142443060875,0.030784694477915764
38,136,0.032812152057886124,0.04269811138510704,0.03775513172149658
38,137,0.016876691952347755,0.04059576243162155,0.02873622626066208
38,138,0.017840133979916573,0.04102255776524544,0.02943134680390358
38,139,0.03615880757570267,0.044157810509204865,0.040158309042453766
38,140,0.030979767441749573,0.04153326153755188,0.036256514489650726
39,0,0.024933764711022377,0.040813107043504715,0.03287343680858612
39,1,0.02795461006462574,0.041377052664756775,0.03466583043336868
39,2,0.023533891886472702,0.04160787910223007,0.03257088363170624
39,3,0.023233652114868164,0.0399058498442173,0.03156974911689758
39,4,0.0181210245937109,0.040017228573560715,0.029069125652313232
39,5,0.025059785693883896,0.04207849130034447,0.03356913849711418
39,6,0.02105622924864292,0.04155674949288368,0.031306490302085876
39,7,0.03279067575931549,0.04204471409320831,0.0374176949262619
39,8,0.04501844570040703,0.04197526350617409,0.04349685460329056
39,9,0.026110336184501648,0.04151802510023117,0.03381418064236641
39,10,0.022594135254621506,0.04056137055158615,0.03157775104045868
39,11,0.025803718715906143,0.04305064678192139,0.034427180886268616
39,12,0.020838633179664612,0.04222046211361885,0.03152954578399658
39,13,0.021607449278235435,0.04134667292237282,0.03147706016898155
39,14,0.03507690504193306,0.04057902470231056,0.03782796487212181
39,15,0.02542017214000225,0.04089896380901337,0.03315956890583038
39,16,0.034266386181116104,0.04171460121870041,0.037990495562553406
39,17,0.018105484545230865,0.04164905101060867,0.02987726777791977
39,18,0.032016705721616745,0.04283555969595909,0.03742613270878792
39,19,0.018616996705532074,0.040250957012176514,0.029433976858854294
39,20,0.021120039746165276,0.040828969329595566,0.030974503606557846
39,21,0.02612193301320076,0.04210105165839195,0.034111492335796356
39,22,0.027603814378380775,0.040724221616983414,0.03416401892900467
39,23,0.017922349274158478,0.04127373546361923,0.029598042368888855
39,24,0.026044577360153198,0.04207484424114227,0.034059710800647736
39,25,0.02984911948442459,0.041391368955373764,0.03562024235725403
39,26,0.02622131258249283,0.04054979234933853,0.03338555246591568
39,27,0.023996669799089432,0.04140521585941315,0.03270094096660614
39,28,0.02132165990769863,0.04157354310154915,0.031447600573301315
39,29,0.03103616088628769,0.04187850281596184,0.036457329988479614
39,30,0.03434012457728386,0.041688818484544754,0.03801447153091431
39,31,0.03402471914887428,0.04139542207121849,0.03771007061004639
39,32,0.023981314152479172,0.04116471856832504,0.03257301449775696
39,33,0.016506969928741455,0.040678247809410095,0.028592608869075775
39,34,0.019969161599874496,0.04107576236128807,0.030522461980581284
39,35,0.04074253514409065,0.042196325957775116,0.04146943241357803
39,36,0.0343647226691246,0.04222588241100311,0.03829530254006386
39,37,0.029749035835266113,0.04114009812474251,0.03544456511735916
39,38,0.04308256506919861,0.04181144759058952,0.042447008192539215
39,39,0.02805432118475437,0.04256546497344971,0.035309892147779465
39,40,0.026665974408388138,0.0415145605802536,0.03409026563167572
39,41,0.022846370935440063,0.04208941385149956,0.03246789425611496
39,42,0.02761278860270977,0.041331078857183456,0.03447193279862404
39,43,0.025134246796369553,0.04121212288737297,0.03317318484187126
39,44,0.04198140650987625,0.042134497314691544,0.04205795377492905
39,45,0.023950044065713882,0.040872398763895035,0.03241122141480446
39,46,0.032627567648887634,0.04277362674474716,0.0377005971968174
39,47,0.028620699420571327,0.041584596037864685,0.03510264679789543
39,48,0.02850203774869442,0.04142511636018753,0.03496357798576355
39,49,0.02769763395190239,0.04180392622947693,0.03475078195333481
39,50,0.03855244070291519,0.04227869212627411,0.04041556641459465
39,51,0.028553806245326996,0.04202460125088692,0.035289205610752106
39,52,0.04016745463013649,0.042351529002189636,0.041259489953517914
39,53,0.02146274782717228,0.04149949923157692,0.031481124460697174
39,54,0.025671808049082756,0.041876520961523056,0.03377416357398033
39,55,0.027091829106211662,0.04227880388498306,0.03468531742691994
39,56,0.0311126708984375,0.04208577051758766,0.03659921884536743
39,57,0.03144431486725807,0.04114310443401337,0.03629370778799057
39,58,0.02571202628314495,0.04077666252851486,0.03324434533715248
39,59,0.03129323944449425,0.04292120784521103,0.03710722178220749
39,60,0.027757208794355392,0.04099152609705925,0.03437436744570732
39,61,0.023435642942786217,0.04156835004687309,0.03250199556350708
39,62,0.021019000560045242,0.041156869381666183,0.031087934970855713
39,63,0.03476094827055931,0.04230387136340141,0.03853240981698036
39,64,0.03925463929772377,0.04166391119360924,0.040459275245666504
39,65,0.019455604255199432,0.04019274562597275,0.02982417494058609
39,66,0.023061949759721756,0.04142342507839203,0.03224268555641174
39,67,0.02482493408024311,0.04173775389790535,0.033281344920396805
39,68,0.04736306890845299,0.04246117174625397,0.04491212218999863
39,69,0.03710596263408661,0.04424794018268585,0.04067695140838623
39,70,0.02572905272245407,0.04173891246318817,0.03373398259282112
39,71,0.03594106063246727,0.042114391922950745,0.039027728140354156
39,72,0.024483883753418922,0.04157765209674835,0.03303076699376106
39,73,0.029712142422795296,0.04134619981050491,0.03552917018532753
39,74,0.022745732218027115,0.04090069979429245,0.03182321786880493
39,75,0.020222961902618408,0.04030726104974747,0.030265111476182938
39,76,0.022455865517258644,0.041534118354320526,0.03199499100446701
39,77,0.028666634112596512,0.04104179888963699,0.0348542183637619
39,78,0.0310516394674778,0.042674463242292404,0.0368630513548851
39,79,0.018024981021881104,0.04103661701083183,0.029530799016356468
39,80,0.018870266154408455,0.04016437754034996,0.029517322778701782
39,81,0.026929287239909172,0.04268743470311165,0.034808360040187836
39,82,0.033700812608003616,0.04355146363377571,0.038626138120889664
39,83,0.023135222494602203,0.04174654558300972,0.03244088590145111
39,84,0.02959190309047699,0.04175768792629242,0.035674795508384705
39,85,0.025047706440091133,0.040246397256851196,0.03264705091714859
39,86,0.03604109585285187,0.043550487607717514,0.03979579359292984
39,87,0.02490525133907795,0.04156079515814781,0.033233024179935455
39,88,0.02646060474216938,0.04059278964996338,0.033526696264743805
39,89,0.026171116158366203,0.041370417922735214,0.033770766109228134
39,90,0.03266056999564171,0.04120801389217377,0.03693429380655289
39,91,0.022777434438467026,0.041183456778526306,0.031980447471141815
39,92,0.03941946476697922,0.042272210121154785,0.040845837444067
39,93,0.026561491191387177,0.040821623057127,0.03369155526161194
39,94,0.02889806404709816,0.042193297296762466,0.03554568067193031
39,95,0.030256614089012146,0.04075349494814873,0.035505056381225586
39,96,0.04038683697581291,0.041945114731788635,0.04116597771644592
39,97,0.029211970046162605,0.04237539693713188,0.03579368442296982
39,98,0.02199224941432476,0.04072381556034088,0.031358033418655396
39,99,0.02272721566259861,0.040660567581653595,0.03169389069080353
39,100,0.029170842841267586,0.040833085775375366,0.0350019633769989
39,101,0.04125771299004555,0.042754508554935455,0.04200611263513565
39,102,0.029802022501826286,0.040675412863492966,0.03523871675133705
39,103,0.027725130319595337,0.04358204826712608,0.03565359115600586
39,104,0.030119668692350388,0.040728162974119186,0.03542391583323479
39,105,0.024626992642879486,0.04122825339436531,0.03292762488126755
39,106,0.029464343562722206,0.04235125333070755,0.0359077975153923
39,107,0.024255823343992233,0.03976470232009888,0.032010264694690704
39,108,0.027507420629262924,0.03998333960771561,0.033745378255844116
39,109,0.019143011420965195,0.04099251329898834,0.03006776235997677
39,110,0.028999751433730125,0.04117218032479286,0.03508596494793892
39,111,0.019884957000613213,0.04072796180844307,0.030306458473205566
39,112,0.035835109651088715,0.041991494596004486,0.0389133021235466
39,113,0.029992667958140373,0.04124360904097557,0.0356181375682354
39,114,0.02469754032790661,0.04071768745779991,0.032707612961530685
39,115,0.025979405269026756,0.04204822704195976,0.034013815224170685
39,116,0.020473293960094452,0.04049769043922424,0.030485492199659348
39,117,0.02723785676062107,0.041427869349718094,0.03433286398649216
39,118,0.03244853764772415,0.040989749133586884,0.03671914339065552
39,119,0.02370104007422924,0.04157447814941406,0.032637760043144226
39,120,0.03158659487962723,0.04138116165995598,0.036483876407146454
39,121,0.02001906745135784,0.03991090878844261,0.029964987188577652
39,122,0.01587790437042713,0.040260620415210724,0.028069261461496353
39,123,0.018683310598134995,0.040886666625738144,0.02978498861193657
39,124,0.028910942375659943,0.04145160689949989,0.03518127650022507
39,125,0.02814936637878418,0.04107451066374779,0.03461194038391113
39,126,0.027392907068133354,0.04123133048415184,0.03431211784482002
39,127,0.015663471072912216,0.040842968970537186,0.0282532200217247
39,128,0.03411052003502846,0.04265816509723663,0.038384340703487396
39,129,0.040539927780628204,0.0407928004860878,0.040666364133358
39,130,0.02059781365096569,0.04213108867406845,0.031364452093839645
39,131,0.02824586071074009,0.04085634648799896,0.03455110266804695
39,132,0.022132528945803642,0.04063151776790619,0.03138202428817749
39,133,0.024027768522500992,0.042422641068696976,0.033225204795598984
39,134,0.04431222379207611,0.043351911008358,0.043832067400217056
39,135,0.025578102096915245,0.04196411371231079,0.03377110883593559
39,136,0.024592021480202675,0.04101041704416275,0.03280121833086014
39,137,0.03083428181707859,0.04025929421186447,0.035546787083148956
39,138,0.018682047724723816,0.040943119674921036,0.029812583699822426
39,139,0.031540099531412125,0.040181372314691544,0.035860735923051834
39,140,0.01604253053665161,0.04076727479696274,0.028404902666807175
40,0,0.020833589136600494,0.04036403074860573,0.03059880994260311
40,1,0.023429332301020622,0.04063791036605835,0.03203362226486206
40,2,0.02606542780995369,0.04081639274954796,0.033440910279750824
40,3,0.02241157554090023,0.040230799466371536,0.03132118657231331
40,4,0.019006531685590744,0.04072818160057068,0.02986735664308071
40,5,0.026827892288565636,0.041447412222623825,0.034137651324272156
40,6,0.026417182758450508,0.04280102625489235,0.034609105437994
40,7,0.032164137810468674,0.04291858524084091,0.037541359663009644
40,8,0.0171944722533226,0.039408404380083084,0.028301438316702843
40,9,0.02200537919998169,0.03966168314218521,0.03083353117108345
40,10,0.030310289934277534,0.04065914824604988,0.03548472002148628
40,11,0.02897043712437153,0.04193297028541565,0.035451702773571014
40,12,0.021252205595374107,0.040552958846092224,0.03090258315205574
40,13,0.02039814367890358,0.04054279625415802,0.0304704699665308
40,14,0.020239146426320076,0.040633734315633774,0.0304364413022995
40,15,0.022833550348877907,0.04160895571112633,0.03222125396132469
40,16,0.025427216663956642,0.041322432458400726,0.03337482362985611
40,17,0.020924460142850876,0.04137474671006203,0.03114960342645645
40,18,0.024807395413517952,0.04031280055642128,0.03256009891629219
40,19,0.017984138801693916,0.039625659584999084,0.028804898262023926
40,20,0.023608876392245293,0.04107460379600525,0.032341741025447845
40,21,0.02730962075293064,0.040355559438467026,0.03383259102702141
40,22,0.028921855613589287,0.04174046963453293,0.03533116355538368
40,23,0.02411855012178421,0.0410958006978035,0.032607175409793854
40,24,0.03310363367199898,0.04167935624718666,0.03739149495959282
40,25,0.02829480729997158,0.042011626064777374,0.03515321761369705
40,26,0.031458575278520584,0.04442499950528145,0.037941787391901016
40,27,0.025854598730802536,0.04038950800895691,0.03312205523252487
40,28,0.02577005699276924,0.04000673443078995,0.032888397574424744
40,29,0.022035688161849976,0.0414360836148262,0.03173588588833809
40,30,0.029968196526169777,0.0409756638109684,0.03547193109989166
40,31,0.021857937797904015,0.040457386523485184,0.031157661229372025
40,32,0.023559855297207832,0.04194813594222069,0.032753996551036835
40,33,0.030413759872317314,0.04141579568386078,0.03591477870941162
40,34,0.04009869694709778,0.04398149996995926,0.04204009845852852
40,35,0.046155836433172226,0.042531151324510574,0.0443434938788414
40,36,0.019956346601247787,0.03959076106548309,0.02977355383336544
40,37,0.01649979129433632,0.039845749735832214,0.028172770515084267
40,38,0.04074207320809364,0.04061691462993622,0.04067949205636978
40,39,0.030405329540371895,0.04114023968577385,0.03577278554439545
40,40,0.031129328534007072,0.04083014652132988,0.0359797365963459
40,41,0.035929396748542786,0.04207358509302139,0.03900149092078209
40,42,0.03031552955508232,0.04080779477953911,0.035561662167310715
40,43,0.023761209100484848,0.04192691668868065,0.03284406289458275
40,44,0.029302161186933517,0.04043133556842804,0.03486675024032593
40,45,0.022156167775392532,0.0404362790286541,0.031296223402023315
40,46,0.024959063157439232,0.04241100698709488,0.03368503600358963
40,47,0.02237631194293499,0.04138997942209244,0.03188314661383629
40,48,0.03460284322500229,0.04056701436638832,0.037584930658340454
40,49,0.03148987144231796,0.04123030602931976,0.03636008873581886
40,50,0.019032325595617294,0.04161791875958443,0.03032512217760086
40,51,0.020564673468470573,0.04080863296985626,0.030686654150485992
40,52,0.042395610362291336,0.04265478625893593,0.04252519831061363
40,53,0.016831049695611,0.04055191949009895,0.02869148552417755
40,54,0.022926462814211845,0.04159386456012726,0.032260164618492126
40,55,0.022741535678505898,0.04095115512609482,0.03184634447097778
40,56,0.02492782659828663,0.04088163748383522,0.0329047329723835
40,57,0.024961622431874275,0.040040597319602966,0.032501108944416046
40,58,0.03044230490922928,0.043604955077171326,0.0370236299932003
40,59,0.03342004865407944,0.0416194386780262,0.03751974552869797
40,60,0.016948629170656204,0.040371086448431015,0.02865985780954361
40,61,0.0221790112555027,0.04028928652405739,0.031234148889780045
40,62,0.03037569858133793,0.04092114791274071,0.03564842417836189
40,63,0.01742745004594326,0.04007469862699509,0.028751075267791748
40,64,0.03988471254706383,0.04255455359816551,0.04121963307261467
40,65,0.05118599906563759,0.042968012392520905,0.047077007591724396
40,66,0.024112161248922348,0.04223797097802162,0.033175066113471985
40,67,0.040073804557323456,0.042749907821416855,0.041411854326725006
40,68,0.02829102613031864,0.04050155729055405,0.03439629077911377
40,69,0.020276864990592003,0.04027552902698517,0.03027619794011116
40,70,0.02763744443655014,0.040960997343063354,0.03429922088980675
40,71,0.025863396003842354,0.040176842361688614,0.03302012011408806
40,72,0.02059793472290039,0.040038928389549255,0.030318431556224823
40,73,0.02660738117992878,0.0414201095700264,0.034013744443655014
40,74,0.025841375812888145,0.04168668016791344,0.03376402705907822
40,75,0.028316061943769455,0.04216529428958893,0.03524067997932434
40,76,0.02992974780499935,0.041278816759586334,0.03560428321361542
40,77,0.0339241661131382,0.04146714136004448,0.03769565373659134
40,78,0.038490790873765945,0.04223548248410225,0.0403631366789341
40,79,0.01938891038298607,0.03929377347230911,0.02934134192764759
40,80,0.02165338024497032,0.04059790447354317,0.031125642359256744
40,81,0.03542960435152054,0.041860807687044144,0.03864520788192749
40,82,0.03893295302987099,0.042629044502973557,0.04078099876642227
40,83,0.03098243474960327,0.04215327650308609,0.03656785562634468
40,84,0.0355716273188591,0.042450208216905594,0.039010919630527496
40,85,0.025570126250386238,0.04208700731396675,0.03382856771349907
40,86,0.020364932715892792,0.03981861099600792,0.030091771855950356
40,87,0.02584860846400261,0.040831826627254486,0.0333402156829834
40,88,0.033647023141384125,0.04177768528461456,0.037712354212999344
40,89,0.022700991481542587,0.04039423540234566,0.03154761344194412
40,90,0.02853672206401825,0.040271177887916565,0.03440394997596741
40,91,0.024189449846744537,0.04112977534532547,0.032659612596035004
40,92,0.03437115624547005,0.04154263809323311,0.03795689716935158
40,93,0.033849526196718216,0.04107658565044403,0.037463054060935974
40,94,0.025993380695581436,0.04076056182384491,0.033376969397068024
40,95,0.026891371235251427,0.04095783829689026,0.03392460569739342
40,96,0.022303065285086632,0.03968091309070587,0.030991990119218826
40,97,0.0221431665122509,0.04108953848481178,0.03161635249853134
40,98,0.04278404638171196,0.04293932393193245,0.042861685156822205
40,99,0.020823024213314056,0.0405966155230999,0.030709819868206978
40,100,0.023939885199069977,0.04188207536935806,0.03291098028421402
40,101,0.028967419639229774,0.04153769835829735,0.035252559930086136
40,102,0.03198951482772827,0.04129872843623161,0.03664412349462509
40,103,0.022838493809103966,0.04068252444267273,0.03176051005721092
40,104,0.022771630436182022,0.04013408347964287,0.031452856957912445
40,105,0.020629102364182472,0.039755914360284805,0.030192509293556213
40,106,0.021545525640249252,0.04084199666976929,0.03119376115500927
40,107,0.03207824006676674,0.040245335549116135,0.03616178780794144
40,108,0.03104253299534321,0.04124505817890167,0.036143794655799866
40,109,0.024268150329589844,0.039924751967191696,0.03209645301103592
40,110,0.021011557430028915,0.043097879737615585,0.03205471858382225
40,111,0.019879138097167015,0.03988710790872574,0.02988312393426895
40,112,0.026140432804822922,0.04056603088974953,0.033353231847286224
40,113,0.028152557089924812,0.042288146913051605,0.035220351070165634
40,114,0.03160562366247177,0.0419718474149704,0.036788735538721085
40,115,0.02125542238354683,0.03996770828962326,0.030611565336585045
40,116,0.021229268983006477,0.04021191596984863,0.03072059154510498
40,117,0.020663052797317505,0.041103702038526535,0.03088337741792202
40,118,0.03930530324578285,0.04121879115700722,0.040262047201395035
40,119,0.019529961049556732,0.039772406220436096,0.029651183634996414
40,120,0.024007776752114296,0.040311865508556366,0.032159820199012756
40,121,0.025180742144584656,0.04182921350002289,0.03350497782230377
40,122,0.036262672394514084,0.04266240820288658,0.03946254029870033
40,123,0.031027154996991158,0.04165136069059372,0.036339256912469864
40,124,0.025042900815606117,0.04035685956478119,0.03269987925887108
40,125,0.026491733267903328,0.042143404483795166,0.03431756794452667
40,126,0.016630573198199272,0.03987032547593117,0.028250448405742645
40,127,0.02736339159309864,0.04126329347491264,0.03431334346532822
40,128,0.02618243172764778,0.04114057868719101,0.033661507070064545
40,129,0.021868571639060974,0.04163244739174843,0.03175050765275955
40,130,0.025224439799785614,0.04109538719058037,0.03315991163253784
40,131,0.024126410484313965,0.040566254407167435,0.03234633058309555
40,132,0.03129945695400238,0.041589271277189255,0.03644436597824097
40,133,0.023288153111934662,0.04201441630721092,0.03265128284692764
40,134,0.02758551388978958,0.0410405695438385,0.03431304171681404
40,135,0.03974427282810211,0.04440296068787575,0.04207361489534378
40,136,0.025743376463651657,0.04095590114593506,0.03334964066743851
40,137,0.024909071624279022,0.040285978466272354,0.03259752690792084
40,138,0.02439483068883419,0.04181760177016258,0.03310621529817581
40,139,0.02852940559387207,0.04068561643362045,0.03460751101374626
40,140,0.01772715337574482,0.03986668214201927,0.02879691869020462
41,0,0.022414464503526688,0.042381539940834045,0.03239800035953522
41,1,0.018092570826411247,0.04067491739988327,0.029383745044469833
41,2,0.027640458196401596,0.04107188060879707,0.034356169402599335
41,3,0.02276388183236122,0.04141037538647652,0.03208712860941887
41,4,0.023632649332284927,0.04042712226510048,0.0320298857986927
41,5,0.019174974411725998,0.039206359535455704,0.02919066697359085
41,6,0.02117656171321869,0.04111103713512421,0.031143799424171448
41,7,0.021410899236798286,0.04034382104873657,0.030877359211444855
41,8,0.03909846395254135,0.04156455397605896,0.040331508964300156
41,9,0.03333180025219917,0.04094862937927246,0.03714021295309067
41,10,0.029866958037018776,0.04236524552106857,0.0361161008477211
41,11,0.0245324969291687,0.03975413739681244,0.03214331716299057
41,12,0.02631220780313015,0.04100008308887482,0.03365614637732506
41,13,0.024280164390802383,0.04090908169746399,0.03259462118148804
41,14,0.023929569870233536,0.04072573781013489,0.03232765197753906
41,15,0.022555412724614143,0.040747061371803284,0.03165123611688614
41,16,0.01848149485886097,0.04125121235847473,0.029866352677345276
41,17,0.02726966328918934,0.042203325778245926,0.03473649546504021
41,18,0.02576967515051365,0.04107668995857239,0.033423181623220444
41,19,0.030370522290468216,0.04179694131016731,0.036083731800317764
41,20,0.019338157027959824,0.039981767535209656,0.02965996228158474
41,21,0.02117607742547989,0.03989168256521225,0.03053387999534607
41,22,0.02189849689602852,0.04004407301545143,0.030971284955739975
41,23,0.031631361693143845,0.04054705798625946,0.0360892117023468
41,24,0.03950514644384384,0.04252983629703522,0.04101749137043953
41,25,0.01816970482468605,0.03971529006958008,0.028942497447133064
41,26,0.02744377590715885,0.04069334268569946,0.03406855836510658
41,27,0.025712884962558746,0.04012901708483696,0.032920949161052704
41,28,0.019100071862339973,0.040009383112192154,0.02955472841858864
41,29,0.026713868603110313,0.040387094020843506,0.033550482243299484
41,30,0.027727758511900902,0.04105094447731972,0.034389350563287735
41,31,0.018437759950757027,0.0396166630089283,0.029027212411165237
41,32,0.021723739802837372,0.03964582458138466,0.030684782192111015
41,33,0.035390958189964294,0.04150880128145218,0.03844987973570824
41,34,0.0204679723829031,0.04057708755135536,0.030522529035806656
41,35,0.028881780803203583,0.04118143394589424,0.03503160923719406
41,36,0.0380295068025589,0.04202502965927124,0.04002726823091507
41,37,0.021200181916356087,0.039515845477581024,0.03035801276564598
41,38,0.020663443952798843,0.04017847403883934,0.030420958995819092
41,39,0.022397523745894432,0.041763562709093094,0.03208054229617119
41,40,0.017285846173763275,0.039816923439502716,0.028551384806632996
41,41,0.04556508734822273,0.040339261293411255,0.042952172458171844
41,42,0.028634918853640556,0.04192543029785156,0.035280175507068634
41,43,0.03294575586915016,0.04159007593989372,0.03726791590452194
41,44,0.02260766178369522,0.039841100573539734,0.031224381178617477
41,45,0.05717124417424202,0.04255194216966629,0.049861595034599304
41,46,0.03402413800358772,0.04068414121866226,0.03735414147377014
41,47,0.03149864450097084,0.04070592299103737,0.036102283746004105
41,48,0.02305423840880394,0.0401773564517498,0.03161579743027687
41,49,0.021228116005659103,0.04049092158675194,0.03085951879620552
41,50,0.03858424350619316,0.041748110204935074,0.04016617685556412
41,51,0.018642568960785866,0.04053552821278572,0.029589049518108368
41,52,0.024798281490802765,0.04075947403907776,0.03277887776494026
41,53,0.03567880019545555,0.04438918083906174,0.040033988654613495
41,54,0.019131070002913475,0.04115457460284233,0.03014282137155533
41,55,0.023584706708788872,0.040429312735795975,0.03200700879096985
41,56,0.023796100169420242,0.040502797812223434,0.03214944899082184
41,57,0.04227953031659126,0.04329932853579521,0.04278942942619324
41,58,0.021795010194182396,0.04035181552171707,0.03107341378927231
41,59,0.03192002698779106,0.04235909506678581,0.03713956102728844
41,60,0.028851216658949852,0.04154238477349281,0.03519679978489876
41,61,0.019031764939427376,0.04000883176922798,0.029520299285650253
41,62,0.026637300848960876,0.04141485318541527,0.03402607887983322
41,63,0.025944920256733894,0.04128711298108101,0.033616017550230026
41,64,0.028156040236353874,0.04061783105134964,0.03438693657517433
41,65,0.04322676733136177,0.04197872802615166,0.042602747678756714
41,66,0.016278650611639023,0.04144410043954849,0.028861375525593758
41,67,0.04241371527314186,0.04015134274959564,0.0412825271487236
41,68,0.024713389575481415,0.04123182222247124,0.03297260403633118
41,69,0.02918565645813942,0.04171299934387207,0.035449326038360596
41,70,0.0346577987074852,0.04208129644393921,0.038369547575712204
41,71,0.04555025324225426,0.043116528540849686,0.04433339089155197
41,72,0.023672915995121002,0.04068620130419731,0.03217955678701401
41,73,0.03493785485625267,0.04214659333229065,0.03854222595691681
41,74,0.024287287145853043,0.041876472532749176,0.03308188170194626
41,75,0.02324538119137287,0.04082801565527916,0.03203669935464859
41,76,0.0312834158539772,0.039764404296875,0.0355239100754261
41,77,0.022234663367271423,0.03976134955883026,0.030998006463050842
41,78,0.026611264795064926,0.04141721874475479,0.03401423990726471
41,79,0.022062024101614952,0.04052872210741043,0.031295374035835266
41,80,0.03351631388068199,0.04008615016937256,0.036801233887672424
41,81,0.030904904007911682,0.04056046903133392,0.0357326865196228
41,82,0.029712967574596405,0.04006018862128258,0.03488657623529434
41,83,0.04753410071134567,0.04321002960205078,0.04537206515669823
41,84,0.0189540833234787,0.03956929221749306,0.029261687770485878
41,85,0.02577846311032772,0.041103433817625046,0.03344094753265381
41,86,0.03616761043667793,0.041598472744226456,0.038883041590452194
41,87,0.032405439764261246,0.04090539738535881,0.03665541857481003
41,88,0.020953543484210968,0.04102049395442009,0.03098701871931553
41,89,0.040100011974573135,0.040528055280447006,0.04031403362751007
41,90,0.030860627070069313,0.043813105672597885,0.037336867302656174
41,91,0.03442266583442688,0.04229828715324402,0.03836047649383545
41,92,0.019052106887102127,0.0409897044301033,0.030020905658602715
41,93,0.018603786826133728,0.04002147540450096,0.029312631115317345
41,94,0.027668621391057968,0.0397878997027874,0.033728260546922684
41,95,0.03176838159561157,0.0402260348200798,0.03599720820784569
41,96,0.021151099354028702,0.040429145097732544,0.030790122225880623
41,97,0.035406503826379776,0.041709113866090775,0.038557808846235275
41,98,0.03270165994763374,0.04159007593989372,0.03714586794376373
41,99,0.028700746595859528,0.04025416821241379,0.03447745740413666
41,100,0.0220436193048954,0.04155203700065613,0.031797826290130615
41,101,0.028170885518193245,0.04114827141165733,0.034659579396247864
41,102,0.01995031163096428,0.03942221403121948,0.02968626283109188
41,103,0.021753277629613876,0.039880476891994476,0.030816877260804176
41,104,0.030822627246379852,0.03974691405892372,0.035284772515296936
41,105,0.031923890113830566,0.04105455055832863,0.03648921847343445
41,106,0.01735379919409752,0.039975930005311966,0.028664864599704742
41,107,0.0481611043214798,0.04063313081860542,0.04439711570739746
41,108,0.03045518510043621,0.042844876646995544,0.03665003180503845
41,109,0.019099391996860504,0.039761923253536224,0.029430657625198364
41,110,0.026808885857462883,0.04135297238826752,0.034080930054187775
41,111,0.028171472251415253,0.04132003337144852,0.034745752811431885
41,112,0.026846228167414665,0.041820913553237915,0.034333571791648865
41,113,0.020103562623262405,0.04030159115791321,0.030202576890587807
41,114,0.037749283015728,0.04084840044379234,0.03929883986711502
41,115,0.028577232733368874,0.041601281613111496,0.03508925810456276
41,116,0.023148149251937866,0.03994360938668251,0.03154587745666504
41,117,0.018330419436097145,0.03926751762628555,0.028798967599868774
41,118,0.02087556943297386,0.040815319865942,0.03084544464945793
41,119,0.025375183671712875,0.040934186428785324,0.0331546850502491
41,120,0.015432566404342651,0.04032640904188156,0.027879487723112106
41,121,0.020856782793998718,0.04081030189990997,0.030833542346954346
41,122,0.015174317173659801,0.0401967391371727,0.027685528621077538
41,123,0.025046980008482933,0.03976237028837204,0.03240467607975006
41,124,0.022497592493891716,0.041276246309280396,0.03188692033290863
41,125,0.027561938390135765,0.041755739599466324,0.03465883806347847
41,126,0.02627665363252163,0.04049179330468178,0.03338422253727913
41,127,0.020648259669542313,0.04123002663254738,0.030939143151044846
41,128,0.02379903383553028,0.03979135677218437,0.0317951962351799
41,129,0.03137291967868805,0.04279875382781029,0.03708583861589432
41,130,0.024614213034510612,0.040262285619974136,0.0324382483959198
41,131,0.019033949822187424,0.039666611701250076,0.02935028076171875
41,132,0.021650422364473343,0.04050847515463829,0.031079448759555817
41,133,0.019758254289627075,0.04128023236989975,0.030519243329763412
41,134,0.029655205085873604,0.0399981252849102,0.03482666611671448
41,135,0.022551901638507843,0.0394936241209507,0.03102276287972927
41,136,0.0379062294960022,0.042911067605018616,0.040408648550510406
41,137,0.030933396890759468,0.04026694595813751,0.035600170493125916
41,138,0.028625700622797012,0.04072754085063934,0.03467661887407303
41,139,0.029193736612796783,0.04115891456604004,0.03517632558941841
41,140,0.03363905847072601,0.041421424597501755,0.03753024339675903
42,0,0.023869168013334274,0.04065895825624466,0.03226406127214432
42,1,0.022618109360337257,0.04211660474538803,0.03236735612154007
42,2,0.020331883803009987,0.04108049347996712,0.030706189572811127
42,3,0.0336914137005806,0.04128054529428482,0.03748597949743271
42,4,0.017095142975449562,0.03973132371902466,0.028413232415914536
42,5,0.027592800557613373,0.04046331346035004,0.034028057008981705
42,6,0.02124689519405365,0.04101529344916344,0.031131094321608543
42,7,0.03522484004497528,0.040339600294828415,0.037782222032547
42,8,0.029037276282906532,0.042226310819387436,0.03563179448246956
42,9,0.02388591133058071,0.03970261290669441,0.03179426118731499
42,10,0.032765988260507584,0.040480464696884155,0.03662322461605072
42,11,0.02202867716550827,0.04040883481502533,0.0312187559902668
42,12,0.019740110263228416,0.0399458110332489,0.029842961579561234
42,13,0.030581975355744362,0.040618110448122025,0.03560004383325577
42,14,0.023839028552174568,0.040187373757362366,0.03201320022344589
42,15,0.026055466383695602,0.042166657745838165,0.034111060202121735
42,16,0.027827460318803787,0.04129108041524887,0.03455927222967148
42,17,0.02432713843882084,0.04043792188167572,0.032382529228925705
42,18,0.027195539325475693,0.040451180189847946,0.03382335975766182
42,19,0.019540181383490562,0.03996314853429794,0.029751665890216827
42,20,0.032348938286304474,0.0413217693567276,0.03683535382151604
42,21,0.017514102160930634,0.03986299782991409,0.028688549995422363
42,22,0.02841726690530777,0.040807582437992096,0.03461242467164993
42,23,0.030756080523133278,0.04068886861205101,0.03572247549891472
42,24,0.023437416180968285,0.04107179492712021,0.03225460648536682
42,25,0.033571649342775345,0.041972700506448746,0.037772174924612045
42,26,0.022186342626810074,0.03995494544506073,0.031070644035935402
42,27,0.044117946177721024,0.04244938865303993,0.04328366741538048
42,28,0.026121070608496666,0.04006760194897652,0.03309433534741402
42,29,0.03574858605861664,0.04173075035214424,0.03873966634273529
42,30,0.02828793041408062,0.040022484958171844,0.03415520861744881
42,31,0.02051638253033161,0.03968070074915886,0.03009854257106781
42,32,0.02131746895611286,0.04116358980536461,0.03124053031206131
42,33,0.033356115221977234,0.04017611965537071,0.03676611930131912
42,34,0.025155259296298027,0.0406644232571125,0.03290984034538269
42,35,0.020026301965117455,0.03951875865459442,0.029772531241178513
42,36,0.03577198460698128,0.042178887873888016,0.03897543624043465
42,37,0.016055824235081673,0.03950751945376396,0.027781672775745392
42,38,0.016086440533399582,0.0403742678463459,0.02823035418987274
42,39,0.018127264454960823,0.040507636964321136,0.029317449778318405
42,40,0.017787089571356773,0.039922431111335754,0.02885476127266884
42,41,0.0436069518327713,0.0417652502655983,0.0426861010491848
42,42,0.036726776510477066,0.04096326231956482,0.03884501755237579
42,43,0.01612788997590542,0.04087191820144653,0.02849990501999855
42,44,0.020497797057032585,0.040116868913173676,0.030307333916425705
42,45,0.027918707579374313,0.04050195589661598,0.03421033173799515
42,46,0.021272750571370125,0.039792273193597794,0.030532512813806534
42,47,0.026395492255687714,0.041894420981407166,0.03414495661854744
42,48,0.023963239043951035,0.04164733737707138,0.03280528634786606
42,49,0.028290700167417526,0.04028398543596268,0.03428734093904495
42,50,0.016981756314635277,0.04030168801546097,0.028641723096370697
42,51,0.026630140841007233,0.04079689458012581,0.03371351957321167
42,52,0.027092088013887405,0.040071599185466766,0.033581845462322235
42,53,0.026746805757284164,0.04006431996822357,0.03340556472539902
42,54,0.04960595443844795,0.04353092983365059,0.04656844213604927
42,55,0.03686680644750595,0.04175662621855736,0.039311714470386505
42,56,0.028274405747652054,0.04031582921743393,0.03429511934518814
42,57,0.01614939048886299,0.04047461599111557,0.02831200323998928
42,58,0.02026445046067238,0.04007411748170853,0.030169283971190453
42,59,0.02073153853416443,0.03995821997523308,0.030344879254698753
42,60,0.028836578130722046,0.040479082614183426,0.03465782850980759
42,61,0.015527905896306038,0.04012138023972511,0.02782464399933815
42,62,0.023961268365383148,0.04095395281910896,0.032457612454891205
42,63,0.033231087028980255,0.041342269629240036,0.037286676466464996
42,64,0.022099429741501808,0.040303707122802734,0.031201567500829697
42,65,0.02804713323712349,0.040409378707408905,0.034228257834911346
42,66,0.028617102652788162,0.04157198593020439,0.03509454429149628
42,67,0.01944839209318161,0.040571048855781555,0.030009720474481583
42,68,0.03731933981180191,0.042057737708091736,0.03968853875994682
42,69,0.021959906443953514,0.04003407061100006,0.030996989458799362
42,70,0.02637326344847679,0.04146839305758476,0.03392082825303078
42,71,0.035669680684804916,0.041420016437768936,0.038544848561286926
42,72,0.027426699176430702,0.04069977253675461,0.03406323492527008
42,73,0.02023129351437092,0.040280040353536606,0.030255667865276337
42,74,0.02032291330397129,0.03917435556650162,0.02974863350391388
42,75,0.030049368739128113,0.0414247065782547,0.035737037658691406
42,76,0.036634087562561035,0.04226387292146683,0.03944898024201393
42,77,0.045959196984767914,0.043245844542980194,0.044602520763874054
42,78,0.025476735085248947,0.039961155503988266,0.03271894529461861
42,79,0.025294268503785133,0.039837006479501724,0.032565638422966
42,80,0.02163984440267086,0.03957642614841461,0.03060813620686531
42,81,0.03325826674699783,0.04110657796263695,0.03718242049217224
42,82,0.03467199578881264,0.041372790932655334,0.03802239149808884
42,83,0.04453109949827194,0.040799010545015335,0.04266505688428879
42,84,0.02553457021713257,0.04019111767411232,0.032862842082977295
42,85,0.023606540635228157,0.040791142731904984,0.032198842614889145
42,86,0.023428648710250854,0.04022988677024841,0.031829267740249634
42,87,0.021847089752554893,0.04086122661828995,0.031354159116744995
42,88,0.02693907544016838,0.04159216955304146,0.03426562249660492
42,89,0.03716258332133293,0.04072582721710205,0.03894420713186264
42,90,0.022764313966035843,0.04207770898938179,0.032421011477708817
42,91,0.02532809227705002,0.040118392556905746,0.03272324055433273
42,92,0.03428228572010994,0.04227641224861145,0.038279347121715546
42,93,0.03302822634577751,0.04146360233426094,0.037245914340019226
42,94,0.027184436097741127,0.039979804307222366,0.03358212113380432
42,95,0.01697033829987049,0.03999689966440201,0.028483618050813675
42,96,0.03821646794676781,0.04198397696018219,0.04010022431612015
42,97,0.0284610316157341,0.039991140365600586,0.03422608599066734
42,98,0.014628017321228981,0.03977175056934357,0.0271998830139637
42,99,0.031157605350017548,0.042021073400974274,0.03658933937549591
42,100,0.029150119051337242,0.04039013385772705,0.03477012738585472
42,101,0.029957549646496773,0.04054727405309677,0.0352524109184742
42,102,0.02817697450518608,0.0416858047246933,0.03493139147758484
42,103,0.02889164350926876,0.03981909528374672,0.034355368465185165
42,104,0.02844732254743576,0.040610332041978836,0.03452882915735245
42,105,0.01908763498067856,0.04038269817829132,0.02973516657948494
42,106,0.029088925570249557,0.04110461100935936,0.03509676828980446
42,107,0.035309288650751114,0.04005541652441025,0.03768235445022583
42,108,0.015764709562063217,0.03939574584364891,0.027580227702856064
42,109,0.020064430311322212,0.0403558686375618,0.03021014854311943
42,110,0.037107355892658234,0.040015898644924164,0.0385616272687912
42,111,0.042289767414331436,0.041573625057935715,0.041931696236133575
42,112,0.03062179684638977,0.041222989559173584,0.03592239320278168
42,113,0.020995432510972023,0.03921709954738617,0.03010626509785652
42,114,0.02597714029252529,0.040075402706861496,0.03302627056837082
42,115,0.030514029785990715,0.040028464049100876,0.03527124598622322
42,116,0.02468947507441044,0.04027407988905907,0.03248177841305733
42,117,0.02231372334063053,0.04014082998037338,0.031227275729179382
42,118,0.023647762835025787,0.040782440453767776,0.03221510350704193
42,119,0.023513536900281906,0.04097593203186989,0.0322447344660759
42,120,0.02084844745695591,0.040173254907131195,0.030510850250720978
42,121,0.02192491479218006,0.04058007895946503,0.03125249594449997
42,122,0.041268281638622284,0.04074838012456894,0.04100833088159561
42,123,0.027330653741955757,0.040840327739715576,0.03408548980951309
42,124,0.026929738000035286,0.04116995632648468,0.03404984623193741
42,125,0.022127533331513405,0.0393700897693634,0.03074881061911583
42,126,0.024632565677165985,0.03959084674715996,0.03211170434951782
42,127,0.023885788396000862,0.039978861808776855,0.031932324171066284
42,128,0.0386696495115757,0.03958520665764809,0.03912742808461189
42,129,0.023300230503082275,0.04073036089539528,0.03201529383659363
42,130,0.026064693927764893,0.0395008809864521,0.03278278559446335
42,131,0.02040553279221058,0.04057181254029274,0.030488673597574234
42,132,0.023619811981916428,0.04034483805298805,0.03198232501745224
42,133,0.022467678412795067,0.04060810059309006,0.03153789043426514
42,134,0.021466823294758797,0.039897143840789795,0.03068198263645172
42,135,0.0323394350707531,0.04336685314774513,0.037853144109249115
42,136,0.025004150345921516,0.04143760725855827,0.03322087973356247
42,137,0.03279726952314377,0.041580308228731155,0.03718879073858261
42,138,0.01857573352754116,0.03966032713651657,0.02911803126335144
42,139,0.020221883431077003,0.040522828698158264,0.03037235513329506
42,140,0.02285122312605381,0.04017564654350281,0.031513433903455734
43,0,0.02270941436290741,0.03958897665143013,0.03114919550716877
43,1,0.0242002010345459,0.04098334535956383,0.03259177505970001
43,2,0.02638995088636875,0.0414184145629406,0.03390418365597725
43,3,0.027901621535420418,0.04082724452018738,0.03436443209648132
43,4,0.045849356800317764,0.041095394641160965,0.043472375720739365
43,5,0.032984089106321335,0.04228610172867775,0.03763509541749954
43,6,0.024998903274536133,0.03980838134884834,0.03240364044904709
43,7,0.02118062414228916,0.039135199040174484,0.030157912522554398
43,8,0.022006604820489883,0.04014172777533531,0.031074166297912598
43,9,0.034785863012075424,0.03994758799672127,0.037366725504398346
43,10,0.027921339496970177,0.04010314121842384,0.034012239426374435
43,11,0.03364790603518486,0.040364645421504974,0.03700627386569977
43,12,0.02038874290883541,0.0392109639942646,0.029799852520227432
43,13,0.028363211080431938,0.0419885627925396,0.03517588600516319
43,14,0.021171651780605316,0.03948718681931496,0.030329419299960136
43,15,0.018728073686361313,0.04058503359556198,0.029656553640961647
43,16,0.04228435829281807,0.04106884449720383,0.0416766032576561
43,17,0.025445973500609398,0.040238458663225174,0.03284221515059471
43,18,0.026674484834074974,0.04134303703904152,0.03400876000523567
43,19,0.0304447952657938,0.040838997811079025,0.03564189746975899
43,20,0.021507931873202324,0.03877092897891998,0.030139431357383728
43,21,0.032246183604002,0.04056167230010033,0.03640392795205116
43,22,0.03353198990225792,0.04301818087697029,0.038275085389614105
43,23,0.02477441169321537,0.04194054752588272,0.03335747867822647
43,24,0.026821523904800415,0.042443741112947464,0.03463263064622879
43,25,0.044706057757139206,0.04148254916071892,0.04309430345892906
43,26,0.040137287229299545,0.04310102388262749,0.041619155555963516
43,27,0.025661852210760117,0.04039910435676575,0.03303048014640808
43,28,0.021961038932204247,0.04025346413254738,0.031107250601053238
43,29,0.023241626098752022,0.04068360850214958,0.031962618231773376
43,30,0.021087326109409332,0.040697358548641205,0.03089234232902527
43,31,0.01914413459599018,0.04030919820070267,0.02972666546702385
43,32,0.016337409615516663,0.039926256984472275,0.02813183329999447
43,33,0.0480932854115963,0.04178585857152939,0.044939570128917694
43,34,0.02203112654387951,0.04133100435137749,0.03168106451630592
43,35,0.02784567140042782,0.040396153926849365,0.034120913594961166
43,36,0.020630938932299614,0.04019193723797798,0.030411437153816223
43,37,0.021769577637314796,0.040395788848400116,0.03108268231153488
43,38,0.017648493871092796,0.038788098841905594,0.02821829542517662
43,39,0.022822923958301544,0.04065926373004913,0.03174109384417534
43,40,0.046173885464668274,0.04181857407093048,0.04399622976779938
43,41,0.022173553705215454,0.039292316883802414,0.030732935294508934
43,42,0.02980727329850197,0.04011053219437599,0.03495890274643898
43,43,0.027984770014882088,0.041651155799627304,0.03481796383857727
43,44,0.033177927136421204,0.04136147350072861,0.037269700318574905
43,45,0.05169937387108803,0.04099953919649124,0.046349458396434784
43,46,0.04204994812607765,0.04084300249814987,0.04144647717475891
43,47,0.03614408150315285,0.040003448724746704,0.038073763251304626
43,48,0.02095060981810093,0.04075051099061966,0.03085055947303772
43,49,0.025022005662322044,0.04221843183040619,0.03362021967768669
43,50,0.023118704557418823,0.03972020372748375,0.031419456005096436
43,51,0.021883273497223854,0.04132475331425667,0.031604014337062836
43,52,0.03444748744368553,0.04142224043607712,0.037934862077236176
43,53,0.030186565592885017,0.04133501648902893,0.0357607901096344
43,54,0.05368911474943161,0.04138263314962387,0.04753587394952774
43,55,0.028236379846930504,0.0404093898832798,0.03432288393378258
43,56,0.017764048650860786,0.03929045423865318,0.02852725237607956
43,57,0.029283156618475914,0.04046648368239403,0.034874819219112396
43,58,0.026890629902482033,0.04026314243674278,0.03357688710093498
43,59,0.032240793108940125,0.042069580405950546,0.037155188620090485
43,60,0.03112759254872799,0.040297746658325195,0.03571267053484917
43,61,0.01764666847884655,0.04114491865038872,0.02939579263329506
43,62,0.022152425721287727,0.039142195135354996,0.030647311359643936
43,63,0.030025018379092216,0.04114803299307823,0.03558652475476265
43,64,0.02075820229947567,0.0397881418466568,0.03027317300438881
43,65,0.020421603694558144,0.04144512116909027,0.030933361500501633
43,66,0.03693009540438652,0.04133281856775284,0.03913145512342453
43,67,0.019988134503364563,0.040147967636585236,0.0300680510699749
43,68,0.024982977658510208,0.03980620577931404,0.032394591718912125
43,69,0.02476501651108265,0.04116753861308098,0.03296627849340439
43,70,0.023746982216835022,0.03918640688061714,0.03146669268608093
43,71,0.01951424591243267,0.03942319005727768,0.02946871891617775
43,72,0.02132849395275116,0.041595812886953354,0.031462155282497406
43,73,0.020321952179074287,0.040013473480939865,0.03016771376132965
43,74,0.028946110978722572,0.040188901126384735,0.03456750512123108
43,75,0.036397818475961685,0.04154340922832489,0.03897061198949814
43,76,0.02761048823595047,0.04051119089126587,0.03406083956360817
43,77,0.02062849886715412,0.04017634689807892,0.030402421951293945
43,78,0.03186279907822609,0.04195058345794678,0.036906689405441284
43,79,0.01699415035545826,0.04000895842909813,0.02850155532360077
43,80,0.027531340718269348,0.04087992012500763,0.03420563042163849
43,81,0.024386979639530182,0.04121102765202522,0.03279900550842285
43,82,0.03386889025568962,0.04054121673107147,0.037205055356025696
43,83,0.03169851377606392,0.04056020453572273,0.036129359155893326
43,84,0.02411140874028206,0.04108113795518875,0.032596275210380554
43,85,0.020764537155628204,0.03913939744234085,0.029951967298984528
43,86,0.024371592327952385,0.04167827218770981,0.03302493318915367
43,87,0.02977270446717739,0.04014359787106514,0.03495815023779869
43,88,0.020112749189138412,0.038867752999067307,0.02949025109410286
43,89,0.024952998384833336,0.04094627499580383,0.03294963762164116
43,90,0.017145710065960884,0.04060906916856766,0.028877388685941696
43,91,0.02991916984319687,0.04023466631770134,0.035076916217803955
43,92,0.02285727858543396,0.04030229523777962,0.03157978504896164
43,93,0.01864955946803093,0.04051198810338974,0.029580773785710335
43,94,0.016134971752762794,0.03922782838344574,0.027681399136781693
43,95,0.02142695151269436,0.04045407101511955,0.03094051033258438
43,96,0.025120167061686516,0.04060978814959526,0.032864976674318314
43,97,0.03028383105993271,0.04068394750356674,0.035483889281749725
43,98,0.01620221883058548,0.03944052755832672,0.0278213731944561
43,99,0.03214377537369728,0.041203975677490234,0.03667387366294861
43,100,0.026181727647781372,0.039881594479084015,0.033031661063432693
43,101,0.024256763979792595,0.040252212435007095,0.03225448727607727
43,102,0.023044174537062645,0.03967089205980301,0.0313575342297554
43,103,0.02600199729204178,0.04037991538643837,0.03319095820188522
43,104,0.02674076519906521,0.03959804028272629,0.03316940367221832
43,105,0.017457371577620506,0.03914590924978256,0.02830164134502411
43,106,0.014709635637700558,0.03923995792865753,0.026974797248840332
43,107,0.035080861300230026,0.0400686152279377,0.03757473826408386
43,108,0.018462596461176872,0.039742276072502136,0.02910243719816208
43,109,0.03126446530222893,0.04085921123623848,0.036061838269233704
43,110,0.03451693803071976,0.04089330509305,0.03770512342453003
43,111,0.02313903532922268,0.04098545014858246,0.03206224367022514
43,112,0.024181082844734192,0.039903681725263596,0.03204238414764404
43,113,0.02198597602546215,0.039477813988924026,0.030731894075870514
43,114,0.03305980935692787,0.041166890412569046,0.03711334988474846
43,115,0.016813647001981735,0.03945615887641907,0.0281349029392004
43,116,0.03315337002277374,0.040465861558914185,0.036809615790843964
43,117,0.02128085494041443,0.03945888206362724,0.030369868502020836
43,118,0.03170277178287506,0.040495529770851135,0.0360991507768631
43,119,0.030436960980296135,0.04213479906320572,0.0362858809530735
43,120,0.023618130013346672,0.03977435082197189,0.03169624134898186
43,121,0.01816559210419655,0.03913272172212601,0.028649156913161278
43,122,0.02278963103890419,0.039939142763614655,0.03136438876390457
43,123,0.03404086455702782,0.04116823896765709,0.03760455176234245
43,124,0.02023444138467312,0.03991157189011574,0.030073005706071854
43,125,0.016445381566882133,0.04017002135515213,0.028307702392339706
43,126,0.025188688188791275,0.04042844474315643,0.032808564603328705
43,127,0.03526953607797623,0.04141394793987274,0.038341742008924484
43,128,0.02562594600021839,0.040232762694358826,0.032929353415966034
43,129,0.031084904447197914,0.04086773470044136,0.03597632050514221
43,130,0.020030368119478226,0.0404171459376812,0.030223757028579712
43,131,0.026107555255293846,0.04046135023236275,0.03328445181250572
43,132,0.021156070753932,0.04064403101801872,0.030900049954652786
43,133,0.04286954551935196,0.04106353223323822,0.04196653887629509
43,134,0.03169693797826767,0.04043091461062431,0.03606392443180084
43,135,0.03241606056690216,0.04150455445051193,0.036960307508707047
43,136,0.020631510764360428,0.03950260952115059,0.03006706014275551
43,137,0.034031033515930176,0.041590865701436996,0.037810951471328735
43,138,0.020439060404896736,0.03936883062124252,0.029903944581747055
43,139,0.02186676859855652,0.040731705725193024,0.03129923716187477
43,140,0.025588814169168472,0.04129933938384056,0.03344407677650452
44,0,0.024219762533903122,0.040376804769039154,0.03229828178882599
44,1,0.02748560905456543,0.041935522109270096,0.034710563719272614
44,2,0.021142704412341118,0.039637040346860886,0.030389871448278427
44,3,0.029965849593281746,0.040303926914930344,0.03513488918542862
44,4,0.01999007537961006,0.03942414000630379,0.029707107692956924
44,5,0.021800782531499863,0.04060531407594681,0.031203048303723335
44,6,0.02829027734696865,0.039857640862464905,0.03407396003603935
44,7,0.020453395321965218,0.03986931964755058,0.030161358416080475
44,8,0.02522551640868187,0.03951772302389145,0.03237161785364151
44,9,0.01869344897568226,0.03990275412797928,0.029298100620508194
44,10,0.019478166475892067,0.03922775015234947,0.029352959245443344
44,11,0.0204309169203043,0.03909212723374367,0.029761523008346558
44,12,0.02865188755095005,0.040011391043663025,0.03433163836598396
44,13,0.02323666214942932,0.040256280452013016,0.03174646943807602
44,14,0.017078736796975136,0.03929957374930382,0.02818915620446205
44,15,0.040178410708904266,0.042188242077827454,0.04118332639336586
44,16,0.03262351453304291,0.0410437285900116,0.03683362156152725
44,17,0.029183192178606987,0.04126483574509621,0.03522401303052902
44,18,0.023470476269721985,0.04000690579414368,0.03173869103193283
44,19,0.029957087710499763,0.040925636887550354,0.035441361367702484
44,20,0.02808242477476597,0.040821466594934464,0.03445194661617279
44,21,0.026330869644880295,0.04026985540986061,0.03330036252737045
44,22,0.02335001714527607,0.040798529982566833,0.03207427263259888
44,23,0.03375625982880592,0.04219517856836319,0.037975721061229706
44,24,0.026714736595749855,0.04111921414732933,0.03391697630286217
44,25,0.04035100340843201,0.04152526706457138,0.040938135236501694
44,26,0.025947919115424156,0.04076889157295227,0.03335840627551079
44,27,0.03942665085196495,0.041716013103723526,0.04057133197784424
44,28,0.027917051687836647,0.040351733565330505,0.034134391695261
44,29,0.019822370260953903,0.04033290222287178,0.030077636241912842
44,30,0.01695588417351246,0.04005105048418045,0.02850346639752388
44,31,0.024058906361460686,0.0409819670021534,0.03252043575048447
44,32,0.03765532374382019,0.039657022804021835,0.03865617513656616
44,33,0.024410787969827652,0.03861330822110176,0.031512048095464706
44,34,0.02442803606390953,0.04049673676490784,0.03246238827705383
44,35,0.024750545620918274,0.04071515426039696,0.032732851803302765
44,36,0.023379970341920853,0.04050322622060776,0.031941600143909454
44,37,0.03561101481318474,0.039164766669273376,0.03738789260387421
44,38,0.024870464578270912,0.03980511426925659,0.03233778849244118
44,39,0.04021485149860382,0.04087149351835251,0.040543172508478165
44,40,0.023600809276103973,0.041098080575466156,0.032349444925785065
44,41,0.03739103302359581,0.04008305072784424,0.03873704373836517
44,42,0.03498665243387222,0.03947922959923744,0.03723294287919998
44,43,0.038923174142837524,0.04184224084019661,0.04038270562887192
44,44,0.022912610322237015,0.03960132598876953,0.031256966292858124
44,45,0.02854188159108162,0.04091876000165939,0.034730322659015656
44,46,0.021325334906578064,0.04022493585944176,0.03077513538300991
44,47,0.01962934248149395,0.039658769965171814,0.029644057154655457
44,48,0.02419283427298069,0.039157621562480927,0.031675226986408234
44,49,0.025251364335417747,0.04192933440208435,0.033590350300073624
44,50,0.027611233294010162,0.04096211493015289,0.03428667411208153
44,51,0.051791176199913025,0.04269342124462128,0.04724229872226715
44,52,0.03677632659673691,0.03944108262658119,0.0381087064743042
44,53,0.025185996666550636,0.03998720645904541,0.03258660063147545
44,54,0.018777303397655487,0.03919733688235283,0.028987320140004158
44,55,0.02041902020573616,0.04057196155190468,0.03049549087882042
44,56,0.021332047879695892,0.04046400263905525,0.030898025259375572
44,57,0.02397005632519722,0.040892113000154495,0.03243108466267586
44,58,0.02274094894528389,0.040884435176849365,0.03181269019842148
44,59,0.019135236740112305,0.039886318147182465,0.029510777443647385
44,60,0.021353978663682938,0.03929586336016655,0.030324921011924744
44,61,0.029697492718696594,0.040579307824373245,0.03513839840888977
44,62,0.037880878895521164,0.04138164222240448,0.03963126242160797
44,63,0.025637201964855194,0.03995642438530922,0.032796815037727356
44,64,0.024016911163926125,0.03972044587135315,0.03186867758631706
44,65,0.02861795388162136,0.040009066462516785,0.03431351110339165
44,66,0.025097956880927086,0.04117998108267784,0.03313896805047989
44,67,0.03777948021888733,0.04266563057899475,0.04022255539894104
44,68,0.017967522144317627,0.039739176630973816,0.02885334938764572
44,69,0.027169497683644295,0.04106264188885689,0.034116070717573166
44,70,0.03907652199268341,0.042026322335004807,0.04055142402648926
44,71,0.025941571220755577,0.04001364856958389,0.03297761082649231
44,72,0.025546547025442123,0.040633395314216614,0.03308997303247452
44,73,0.03321177884936333,0.040601696819067,0.036906737834215164
44,74,0.022533023729920387,0.041180167347192764,0.03185659646987915
44,75,0.016756722703576088,0.03954026475548744,0.02814849466085434
44,76,0.031900376081466675,0.03969871252775192,0.0357995443046093
44,77,0.02690640091896057,0.03968023508787155,0.03329331800341606
44,78,0.019782153889536858,0.040161725133657455,0.029971938580274582
44,79,0.033902306109666824,0.04129093140363693,0.03759662061929703
44,80,0.02420208230614662,0.04015938192605972,0.03218073397874832
44,81,0.023339517414569855,0.03894229605793953,0.031140906736254692
44,82,0.02590215764939785,0.03981117531657219,0.032856665551662445
44,83,0.030486132949590683,0.04139155149459839,0.035938844084739685
44,84,0.04094596952199936,0.04145494103431702,0.04120045527815819
44,85,0.024692468345165253,0.04248663783073425,0.03358955308794975
44,86,0.030183782801032066,0.04072345048189163,0.035453617572784424
44,87,0.030985869467258453,0.04377612844109535,0.03738100081682205
44,88,0.03713170439004898,0.04070596396923065,0.038918834179639816
44,89,0.02785222977399826,0.04015181213617325,0.034002020955085754
44,90,0.016308292746543884,0.0396086722612381,0.02795848250389099
44,91,0.01528786402195692,0.03959453105926514,0.027441198006272316
44,92,0.023199373856186867,0.040372367948293686,0.03178587183356285
44,93,0.027230367064476013,0.04005129635334015,0.03364083170890808
44,94,0.031137173995375633,0.04188019782304764,0.03650868684053421
44,95,0.024869581684470177,0.040234439074993134,0.03255201131105423
44,96,0.023079294711351395,0.04135657474398613,0.03221793472766876
44,97,0.020736485719680786,0.0398300439119339,0.030283264815807343
44,98,0.025486769154667854,0.03949066996574402,0.03248871862888336
44,99,0.033539269119501114,0.04086754843592644,0.037203408777713776
44,100,0.03878464922308922,0.04052024334669113,0.039652444422245026
44,101,0.028072340413928032,0.04110109061002731,0.03458671644330025
44,102,0.03228720650076866,0.04079311341047287,0.036540158092975616
44,103,0.028976699337363243,0.039838261902332306,0.03440748155117035
44,104,0.038958124816417694,0.044041216373443604,0.04149967059493065
44,105,0.03007567673921585,0.040841083973646164,0.03545837849378586
44,106,0.01884617656469345,0.040755752474069595,0.029800964519381523
44,107,0.02496159076690674,0.03880602493882179,0.031883805990219116
44,108,0.020546436309814453,0.04035903140902519,0.030452733859419823
44,109,0.026587290689349174,0.04124761372804642,0.03391745314002037
44,110,0.03495417535305023,0.04071398824453354,0.037834081798791885
44,111,0.027056530117988586,0.04038195684552193,0.03371924161911011
44,112,0.018863815814256668,0.03923145309090614,0.029047634452581406
44,113,0.02560817264020443,0.04032747074961662,0.03296782076358795
44,114,0.014102297835052013,0.039160724729299545,0.026631511747837067
44,115,0.026219680905342102,0.04056081920862198,0.03339025005698204
44,116,0.020690085366368294,0.040465570986270905,0.030577827244997025
44,117,0.02650972083210945,0.04027822986245155,0.0333939753472805
44,118,0.025436514988541603,0.04028310999274254,0.032859813421964645
44,119,0.01907416619360447,0.03929378092288971,0.029183972626924515
44,120,0.018751773983240128,0.03879553824663162,0.028773656114935875
44,121,0.030337881296873093,0.03978823497891426,0.03506305813789368
44,122,0.0250115767121315,0.03906438499689102,0.03203798085451126
44,123,0.025693058967590332,0.04025119170546532,0.032972127199172974
44,124,0.021291296929121017,0.040201108902692795,0.030746202915906906
44,125,0.018808552995324135,0.04006352648139,0.02943604066967964
44,126,0.023159464821219444,0.039405468851327896,0.031282465904951096
44,127,0.02875656634569168,0.04078759253025055,0.034772079437971115
44,128,0.03711244836449623,0.04248140752315521,0.03979692608118057
44,129,0.022264467552304268,0.03897305950522423,0.030618764460086823
44,130,0.02547222562134266,0.04045001044869423,0.03296111896634102
44,131,0.02101222239434719,0.0403415784239769,0.03067690134048462
44,132,0.017319194972515106,0.03978407755494118,0.028551636263728142
44,133,0.0314248725771904,0.04094718396663666,0.03618602827191353
44,134,0.018668092787265778,0.03927362337708473,0.028970858082175255
44,135,0.019547997042536736,0.03964048624038696,0.029594242572784424
44,136,0.01791566237807274,0.03928908333182335,0.028602372854948044
44,137,0.02005082182586193,0.04015831649303436,0.03010457009077072
44,138,0.023986568674445152,0.039692312479019165,0.03183944150805473
44,139,0.021997513249516487,0.04114576429128647,0.0315716378390789
44,140,0.0350196547806263,0.04083619639277458,0.03792792558670044
45,0,0.02287161909043789,0.040408868342638016,0.03164024278521538
45,1,0.037357836961746216,0.040185872465372086,0.038771852850914
45,2,0.02315165288746357,0.03995529189705849,0.0315534733235836
45,3,0.03139345720410347,0.04080779477953911,0.03610062599182129
45,4,0.019087309017777443,0.03972727432847023,0.02940729260444641
45,5,0.025214146822690964,0.039223939180374146,0.032219044864177704
45,6,0.03949090465903282,0.041043851524591446,0.040267378091812134
45,7,0.02163228578865528,0.04000076279044151,0.03081652522087097
45,8,0.022044016048312187,0.04068376123905182,0.03136388957500458
45,9,0.023966679349541664,0.040928881615400314,0.032447781413793564
45,10,0.04023008421063423,0.03913526237010956,0.039682671427726746
45,11,0.02173152007162571,0.03975421562790871,0.030742868781089783
45,12,0.02208126150071621,0.03941657021641731,0.030748914927244186
45,13,0.02634393237531185,0.042490001767873764,0.03441696614027023
45,14,0.026116661727428436,0.041233573108911514,0.033675119280815125
45,15,0.024044165387749672,0.040031060576438904,0.03203761205077171
45,16,0.024375800043344498,0.039565831422805786,0.03197081387042999
45,17,0.01890397071838379,0.03925028815865517,0.029077129438519478
45,18,0.02957947552204132,0.04051254689693451,0.035046011209487915
45,19,0.025110991671681404,0.03939430043101311,0.03225264698266983
45,20,0.03128097578883171,0.041294991970062256,0.03628798574209213
45,21,0.02903822809457779,0.04110714793205261,0.0350726880133152
45,22,0.04230201989412308,0.0401853509247303,0.04124368727207184
45,23,0.02865823172032833,0.039779480546712875,0.03421885520219803
45,24,0.04005343094468117,0.04128871485590935,0.04067107290029526
45,25,0.028168899938464165,0.04109904170036316,0.03463397175073624
45,26,0.028567755594849586,0.039995353668928146,0.03428155556321144
45,27,0.02004663459956646,0.03968912735581398,0.029867880046367645
45,28,0.02730739116668701,0.040964700281620026,0.03413604572415352
45,29,0.030686940997838974,0.03977168723940849,0.035229314118623734
45,30,0.026474645361304283,0.04044625535607338,0.03346044942736626
45,31,0.015882981941103935,0.03919816017150879,0.027540571987628937
45,32,0.029198171570897102,0.04104112833738327,0.03511964902281761
45,33,0.027733368799090385,0.04107185825705528,0.03440261259675026
45,34,0.03964746743440628,0.04234122112393379,0.040994346141815186
45,35,0.03508822247385979,0.041738636791706085,0.03841342777013779
45,36,0.01780807599425316,0.039507485926151276,0.028657780960202217
45,37,0.03387874364852905,0.04146551340818405,0.03767212852835655
45,38,0.02762901969254017,0.039493147283792496,0.03356108441948891
45,39,0.030589021742343903,0.04060155898332596,0.03559529036283493
45,40,0.018224697560071945,0.03878234326839447,0.028503520414233208
45,41,0.02378065139055252,0.03993675857782364,0.03185870498418808
45,42,0.027804415673017502,0.039649516344070435,0.03372696787118912
45,43,0.028563933447003365,0.04153770953416824,0.03505082055926323
45,44,0.02194424346089363,0.03964146599173546,0.030792854726314545
45,45,0.019758641719818115,0.04018788039684296,0.029973261058330536
45,46,0.02480386383831501,0.041173215955495834,0.032988540828228
45,47,0.029188841581344604,0.0419883169233799,0.0355885773897171
45,48,0.02909352071583271,0.03940010443329811,0.034246813505887985
45,49,0.024376679211854935,0.04071228578686714,0.03254448249936104
45,50,0.030307669192552567,0.0396089144051075,0.03495829179883003
45,51,0.03346953168511391,0.03970988094806671,0.03658970445394516
45,52,0.024732453748583794,0.039512135088443756,0.03212229534983635
45,53,0.04577751085162163,0.04133826494216919,0.04355788975954056
45,54,0.028751526027917862,0.03928770497441292,0.03401961550116539
45,55,0.05579771101474762,0.04367945343255997,0.04973858222365379
45,56,0.04248867556452751,0.04077548161149025,0.04163207858800888
45,57,0.024776238948106766,0.040265779942274094,0.03252100944519043
45,58,0.02005097083747387,0.041467953473329544,0.030759461224079132
45,59,0.01906554214656353,0.039926305413246155,0.029495924711227417
45,60,0.0497351698577404,0.04195140302181244,0.04584328830242157
45,61,0.03749769553542137,0.041046470403671265,0.03927208483219147
45,62,0.023127319291234016,0.04038693755865097,0.03175712749361992
45,63,0.025208257138729095,0.04015859588980675,0.03268342465162277
45,64,0.024382205680012703,0.040594734251499176,0.032488469034433365
45,65,0.020160289481282234,0.04010623320937157,0.030133262276649475
45,66,0.024059468880295753,0.040381770581007004,0.03222062066197395
45,67,0.02672325074672699,0.03997289389371872,0.033348072320222855
45,68,0.026545418426394463,0.04018222913146019,0.03336382284760475
45,69,0.01915956847369671,0.03945957124233246,0.029309570789337158
45,70,0.03315187990665436,0.04132074862718582,0.03723631426692009
45,71,0.027434105053544044,0.04249012842774391,0.03496211767196655
45,72,0.02068767324090004,0.039275262504816055,0.029981467872858047
45,73,0.024483127519488335,0.03879108652472496,0.03163710609078407
45,74,0.017684653401374817,0.039280734956264496,0.028482694178819656
45,75,0.03707018122076988,0.04062908887863159,0.038849636912345886
45,76,0.020986083894968033,0.03964659199118614,0.030316337943077087
45,77,0.03560669720172882,0.040939703583717346,0.038273200392723083
45,78,0.018054107204079628,0.04009382799267769,0.029073968529701233
45,79,0.025174062699079514,0.03968942165374756,0.032431744039058685
45,80,0.023309670388698578,0.04128759726881981,0.032298631966114044
45,81,0.021577686071395874,0.039124976843595505,0.03035133145749569
45,82,0.023713357746601105,0.04025062546133995,0.03198198974132538
45,83,0.02501280978322029,0.03908224776387215,0.03204752877354622
45,84,0.020547280088067055,0.039554301649332047,0.030050791800022125
45,85,0.027448952198028564,0.03949496150016785,0.033471956849098206
45,86,0.026967186480760574,0.04116401821374893,0.0340656042098999
45,87,0.028522448614239693,0.040226489305496216,0.03437446802854538
45,88,0.028539661318063736,0.04204351082444191,0.03529158607125282
45,89,0.02325410209596157,0.04081369936466217,0.032033901661634445
45,90,0.023622896522283554,0.039632245898246765,0.03162757307291031
45,91,0.021488362923264503,0.03953344374895096,0.030510902404785156
45,92,0.022233007475733757,0.040660127997398376,0.03144656866788864
45,93,0.021166831254959106,0.03957747668027878,0.030372153967618942
45,94,0.029238291084766388,0.04274526983499527,0.03599178045988083
45,95,0.023447740823030472,0.03983443230390549,0.03164108842611313
45,96,0.020906146615743637,0.03890244662761688,0.02990429662168026
45,97,0.025958063080906868,0.041472431272268295,0.033715248107910156
45,98,0.02311709336936474,0.039567939937114716,0.0313425175845623
45,99,0.031608372926712036,0.04055055230855942,0.03607946261763573
45,100,0.02261740155518055,0.04067526385188103,0.03164633363485336
45,101,0.026119664311408997,0.03990233317017555,0.033010996878147125
45,102,0.026573780924081802,0.04021980240941048,0.03339679166674614
45,103,0.02341586910188198,0.03983409330248833,0.03162498027086258
45,104,0.02671615034341812,0.03955459222197533,0.033135369420051575
45,105,0.026363177224993706,0.04040003567934036,0.03338160738348961
45,106,0.01982550136744976,0.0397382415831089,0.029781870543956757
45,107,0.02800781838595867,0.040833692997694016,0.03442075476050377
45,108,0.021527502685785294,0.04054117575287819,0.03103433921933174
45,109,0.02411704696714878,0.03928974270820618,0.031703393906354904
45,110,0.023990197107195854,0.04007747396826744,0.03203383460640907
45,111,0.035338710993528366,0.04010792449116707,0.03772331774234772
45,112,0.0362471379339695,0.04104821756482124,0.03864767774939537
45,113,0.03652147948741913,0.040290407836437225,0.03840594366192818
45,114,0.028339242562651634,0.03940439596772194,0.03387181833386421
45,115,0.019596777856349945,0.040499575436115265,0.030048176646232605
45,116,0.03335034102201462,0.04022735729813576,0.03678885102272034
45,117,0.03217049688100815,0.04057435691356659,0.03637242689728737
45,118,0.019846230745315552,0.039741311222314835,0.029793770983815193
45,119,0.017909206449985504,0.04089278355240822,0.02940099500119686
45,120,0.021066250279545784,0.038495343178510666,0.0297807976603508
45,121,0.019467804580926895,0.040884830057621,0.03017631731927395
45,122,0.018478652462363243,0.03914710506796837,0.02881287783384323
45,123,0.017449572682380676,0.03977838158607483,0.028613977134227753
45,124,0.031205762177705765,0.04318220913410187,0.03719398379325867
45,125,0.026875345036387444,0.040622271597385406,0.033748809248209
45,126,0.02626519836485386,0.038970645517110825,0.032617922872304916
45,127,0.02176814340054989,0.039579249918460846,0.030673697590827942
45,128,0.023899035528302193,0.04101382941007614,0.03245643153786659
45,129,0.01956677995622158,0.03964611515402794,0.029606446623802185
45,130,0.02648003026843071,0.04075848311185837,0.03361925482749939
45,131,0.02317912131547928,0.040766455233097076,0.03197278827428818
45,132,0.022413235157728195,0.04010138660669327,0.03125730901956558
45,133,0.028377823531627655,0.03945452347397804,0.033916175365448
45,134,0.020120561122894287,0.04007555544376373,0.03009805828332901
45,135,0.020812850445508957,0.03924594074487686,0.03002939559519291
45,136,0.016230041161179543,0.03912008926272392,0.027675066143274307
45,137,0.018040241673588753,0.03943636268377304,0.028738301247358322
45,138,0.02370409481227398,0.04017846658825874,0.03194127976894379
45,139,0.028719164431095123,0.04160981997847557,0.0351644903421402
45,140,0.027008257806301117,0.042097900062799454,0.034553080797195435
46,0,0.017910834401845932,0.03977285325527191,0.028841843828558922
46,1,0.02250753343105316,0.041515711694955826,0.032011620700359344
46,2,0.03559647873044014,0.04120473936200142,0.03840060904622078
46,3,0.02718985825777054,0.041070546954870224,0.03413020074367523
46,4,0.027326000854372978,0.0396060049533844,0.03346600383520126
46,5,0.02506595104932785,0.04025152325630188,0.032658737152814865
46,6,0.01849069632589817,0.03998885676264763,0.029239777475595474
46,7,0.0280485637485981,0.04148656874895096,0.03476756811141968
46,8,0.033893268555402756,0.04183681681752205,0.0378650426864624
46,9,0.03252303600311279,0.039722640067338943,0.03612283617258072
46,10,0.028115451335906982,0.03936705365777016,0.03374125063419342
46,11,0.0224064402282238,0.03993942216038704,0.03117293119430542
46,12,0.02938738651573658,0.041509341448545456,0.03544836491346359
46,13,0.02242402918636799,0.038962408900260925,0.030693218111991882
46,14,0.024123843759298325,0.040708377957344055,0.03241611272096634
46,15,0.021898740902543068,0.04160922020673752,0.03175397962331772
46,16,0.042924992740154266,0.04001952335238457,0.04147225618362427
46,17,0.03321591764688492,0.03984896093606949,0.0365324392914772
46,18,0.027249222621321678,0.039368800818920135,0.03330901265144348
46,19,0.019331635907292366,0.038867201656103134,0.029099419713020325
46,20,0.019951894879341125,0.040485721081495285,0.030218807980418205
46,21,0.02795889973640442,0.0393495075404644,0.03365420550107956
46,22,0.034086886793375015,0.04228580743074417,0.03818634897470474
46,23,0.042148407548666,0.04048120975494385,0.04131481051445007
46,24,0.03824746236205101,0.04106826335191727,0.03965786099433899
46,25,0.027383627369999886,0.042318519204854965,0.03485107421875
46,26,0.02135154791176319,0.04037027806043625,0.030860912054777145
46,27,0.022529853507876396,0.03946675360202789,0.03099830448627472
46,28,0.01798754371702671,0.03905501589179039,0.028521280735731125
46,29,0.02478516288101673,0.03957732766866684,0.03218124434351921
46,30,0.022869238629937172,0.040122028440237045,0.03149563446640968
46,31,0.020327473059296608,0.038743793964385986,0.029535632580518723
46,32,0.03125236928462982,0.041708122938871384,0.03648024797439575
46,33,0.01787644997239113,0.03942097723484039,0.02864871360361576
46,34,0.031227944418787956,0.03950057923793793,0.035364262759685516
46,35,0.023816578090190887,0.03989461064338684,0.031855594366788864
46,36,0.031823351979255676,0.0426051989197731,0.03721427544951439
46,37,0.01570734567940235,0.0393671877682209,0.0275372676551342
46,38,0.018242279067635536,0.04075845703482628,0.029500368982553482
46,39,0.01875242032110691,0.03999604657292366,0.02937423437833786
46,40,0.017937500029802322,0.03934692218899727,0.028642211109399796
46,41,0.028340710327029228,0.0409335233271122,0.03463711589574814
46,42,0.03019040822982788,0.041060205549001694,0.035625308752059937
46,43,0.04019417613744736,0.04159988835453987,0.04089703410863876
46,44,0.02098308876156807,0.040764205157756805,0.030873646959662437
46,45,0.022342968732118607,0.03904837742447853,0.03069567307829857
46,46,0.025165198370814323,0.04038850590586662,0.0327768512070179
46,47,0.022748880088329315,0.03956463932991028,0.031156759709119797
46,48,0.034281257539987564,0.040536340326070786,0.037408798933029175
46,49,0.01844513975083828,0.0397518090903759,0.029098473489284515
46,50,0.030979033559560776,0.03926008939743042,0.03511956334114075
46,51,0.02233731374144554,0.03987192362546921,0.031104618683457375
46,52,0.02727547660470009,0.04094547778367996,0.034110479056835175
46,53,0.024087892845273018,0.04047103226184845,0.03227946162223816
46,54,0.041622452437877655,0.0408659502863884,0.041244201362133026
46,55,0.02247014082968235,0.039847854524850845,0.031158998608589172
46,56,0.028505727648735046,0.03996029868721962,0.034233011305332184
46,57,0.030022405087947845,0.03914686292409897,0.03458463400602341
46,58,0.019779501482844353,0.039940886199474335,0.02986019477248192
46,59,0.027779918164014816,0.04143203794956207,0.034605979919433594
46,60,0.020511120557785034,0.03868625685572624,0.029598688706755638
46,61,0.029192587360739708,0.04015718400478363,0.034674886614084244
46,62,0.033138010650873184,0.03977968916296959,0.03645884990692139
46,63,0.027305420488119125,0.04007130116224289,0.03368835896253586
46,64,0.02923635207116604,0.03952760621905327,0.03438197821378708
46,65,0.025905441492795944,0.04063330218195915,0.03326937183737755
46,66,0.027874406427145004,0.039825864136219025,0.033850133419036865
46,67,0.023595420643687248,0.03945291414856911,0.0315241664648056
46,68,0.023893442004919052,0.03870218247175217,0.03129781037569046
46,69,0.027061622589826584,0.0405188649892807,0.03379024565219879
46,70,0.027438374236226082,0.040340863168239594,0.03388961777091026
46,71,0.03680897504091263,0.04196176677942276,0.039385370910167694
46,72,0.03003338724374771,0.04033500701189041,0.03518419712781906
46,73,0.03266378119587898,0.04080141708254814,0.03673259913921356
46,74,0.024053022265434265,0.03891647979617119,0.031484752893447876
46,75,0.017430685460567474,0.03957747295498848,0.028504079207777977
46,76,0.031620804220438004,0.03947552293539047,0.03554816544055939
46,77,0.02020881697535515,0.03953149914741516,0.029870158061385155
46,78,0.022975707426667213,0.039404530078172684,0.031190119683742523
46,79,0.02602315880358219,0.040440645068883896,0.03323190286755562
46,80,0.021542267873883247,0.04017898812890053,0.030860628932714462
46,81,0.029927533119916916,0.04077063500881195,0.03534908592700958
46,82,0.022499868646264076,0.03926129266619682,0.030880581587553024
46,83,0.041145749390125275,0.0409148707985878,0.04103031009435654
46,84,0.039830878376960754,0.042024917900562286,0.04092789813876152
46,85,0.020655248314142227,0.039602093398571014,0.03012867085635662
46,86,0.0194128155708313,0.03902990370988846,0.02922135964035988
46,87,0.021317165344953537,0.040408965200185776,0.030863065272569656
46,88,0.021948495879769325,0.03952876105904579,0.030738629400730133
46,89,0.027312204241752625,0.03914286941289902,0.03322753682732582
46,90,0.0232906062155962,0.04033908620476723,0.03181484714150429
46,91,0.017678972333669662,0.03930281475186348,0.02849089354276657
46,92,0.01816856674849987,0.04086166247725487,0.029515113681554794
46,93,0.018012693151831627,0.03903964161872864,0.028526168316602707
46,94,0.024246133863925934,0.038862649351358414,0.03155439347028732
46,95,0.042822614312171936,0.041040003299713135,0.041931308805942535
46,96,0.019317621365189552,0.04014027118682861,0.029728945344686508
46,97,0.02308988943696022,0.039795760065317154,0.03144282475113869
46,98,0.03657933697104454,0.03957734256982803,0.03807833790779114
46,99,0.02814812958240509,0.0398755818605423,0.034011855721473694
46,100,0.03269696235656738,0.04077695310115814,0.03673695772886276
46,101,0.025077493861317635,0.03999430313706398,0.03253589943051338
46,102,0.03721144422888756,0.04100405424833298,0.03910774737596512
46,103,0.02360956370830536,0.0400354340672493,0.03182249888777733
46,104,0.0301150344312191,0.04081791639328003,0.035466477274894714
46,105,0.028842603787779808,0.04060700163245201,0.034724801778793335
46,106,0.02322617545723915,0.039793461561203,0.03150981664657593
46,107,0.023001020774245262,0.039120808243751526,0.03106091544032097
46,108,0.01616794802248478,0.038958750665187836,0.027563348412513733
46,109,0.029990915209054947,0.042280931025743484,0.036135923117399216
46,110,0.019215233623981476,0.038780998438596725,0.0289981160312891
46,111,0.035149358212947845,0.04129144549369812,0.03822040185332298
46,112,0.03293519467115402,0.041784562170505524,0.03735987842082977
46,113,0.025089450180530548,0.038847751915454865,0.031968601047992706
46,114,0.03799315169453621,0.041352421045303345,0.03967278450727463
46,115,0.020769786089658737,0.03977542743086815,0.030272606760263443
46,116,0.036774832755327225,0.04027143120765686,0.03852313011884689
46,117,0.0237457025796175,0.04082563892006874,0.032285671681165695
46,118,0.01828686147928238,0.039513859897851944,0.02890036068856716
46,119,0.01970865949988365,0.03986506164073944,0.029786860570311546
46,120,0.017332660034298897,0.040609292685985565,0.028970975428819656
46,121,0.025076070800423622,0.04137184098362923,0.033223956823349
46,122,0.03795473650097847,0.043458666652441025,0.04070670157670975
46,123,0.030190838500857353,0.04054509475827217,0.03536796569824219
46,124,0.027302028611302376,0.04023803398013115,0.03377003222703934
46,125,0.03426169976592064,0.041124630719423294,0.03769316524267197
46,126,0.025815695524215698,0.0410662442445755,0.0334409698843956
46,127,0.023059967905282974,0.04064794257283211,0.03185395523905754
46,128,0.024224495515227318,0.04022478312253952,0.032224640250205994
46,129,0.023292407393455505,0.04052082076668739,0.0319066122174263
46,130,0.01899809204041958,0.03927936777472496,0.029138728976249695
46,131,0.029552025720477104,0.040498387068510056,0.035025205463171005
46,132,0.02799501083791256,0.040022797882556915,0.03400890529155731
46,133,0.021704886108636856,0.04013031721115112,0.03091760165989399
46,134,0.023285048082470894,0.0413522943854332,0.03231867030262947
46,135,0.015041803009808064,0.03944402560591698,0.027242913842201233
46,136,0.024967243894934654,0.041857969015836716,0.03341260552406311
46,137,0.03256681561470032,0.03898493945598602,0.03577587753534317
46,138,0.029682977125048637,0.0409267395734787,0.03530485928058624
46,139,0.020144151523709297,0.039561185985803604,0.029852669686079025
46,140,0.028028465807437897,0.04041257128119469,0.03422051668167114
47,0,0.022467371076345444,0.04008621722459793,0.03127679228782654
47,1,0.032026760280132294,0.04173913970589638,0.036882951855659485
47,2,0.030801650136709213,0.042464256286621094,0.0366329550743103
47,3,0.021827781572937965,0.03983984515070915,0.030833814293146133
47,4,0.03768981248140335,0.04192516580224037,0.03980749100446701
47,5,0.033935729414224625,0.04028748348355293,0.03711160644888878
47,6,0.0460306741297245,0.04367872700095177,0.044854700565338135
47,7,0.028146566823124886,0.040776267647743225,0.03446141630411148
47,8,0.02763485163450241,0.041224680840969086,0.03442976623773575
47,9,0.02412763237953186,0.04050533473491669,0.032316483557224274
47,10,0.02634393237531185,0.039899393916130066,0.03312166407704353
47,11,0.02463272400200367,0.04129660502076149,0.032964665442705154
47,12,0.030640214681625366,0.04125393554568291,0.035947076976299286
47,13,0.03731182962656021,0.041826553642749786,0.039569191634655
47,14,0.028235143050551414,0.03861900791525841,0.033427074551582336
47,15,0.039326462894678116,0.04014090076088905,0.039733681827783585
47,16,0.016934005543589592,0.039486829191446304,0.028210416436195374
47,17,0.01841474510729313,0.039433352649211884,0.02892404794692993
47,18,0.02490525133907795,0.04028896614909172,0.03259710967540741
47,19,0.02089916542172432,0.03996409475803375,0.030431630089879036
47,20,0.0240122489631176,0.03984510898590088,0.03192868083715439
47,21,0.031639374792575836,0.041088931262493134,0.036364153027534485
47,22,0.029339255765080452,0.04178507998585701,0.035562168806791306
47,23,0.026279756799340248,0.03954021632671356,0.03290998563170433
47,24,0.043807826936244965,0.041339218616485596,0.04257352277636528
47,25,0.02133891172707081,0.03961438685655594,0.0304766483604908
47,26,0.02146560698747635,0.04017722234129906,0.030821414664387703
47,27,0.032377760857343674,0.03999372944235802,0.036185745149850845
47,28,0.024551400914788246,0.04088543727993965,0.03271842002868652
47,29,0.018698062747716904,0.0391835980117321,0.028940830379724503
47,30,0.020182812586426735,0.0393545925617218,0.029768701642751694
47,31,0.03018573671579361,0.04011153429746628,0.035148635506629944
47,32,0.025600764900445938,0.03913218900561333,0.03236647695302963
47,33,0.02590811997652054,0.04000250622630119,0.03295531123876572
47,34,0.022008808329701424,0.03869481384754181,0.030351810157299042
47,35,0.024314522743225098,0.040424373000860214,0.032369449734687805
47,36,0.0245568435639143,0.04100707545876503,0.03278195858001709
47,37,0.021425949409604073,0.03882845863699913,0.030127204954624176
47,38,0.031913746148347855,0.04261999949812889,0.03726687282323837
47,39,0.02991272509098053,0.041300296783447266,0.0356065109372139
47,40,0.023167463019490242,0.039734989404678345,0.03145122528076172
47,41,0.02091491036117077,0.03864732384681702,0.029781118035316467
47,42,0.030218040570616722,0.04127171263098717,0.03574487566947937
47,43,0.02743617445230484,0.039702270179986954,0.033569224178791046
47,44,0.02633628062903881,0.040016498416662216,0.03317638859152794
47,45,0.017511442303657532,0.03942514955997467,0.0284682959318161
47,46,0.026705868542194366,0.04012583941221237,0.03341585397720337
47,47,0.026220671832561493,0.0398075170814991,0.033014096319675446
47,48,0.02738349884748459,0.03954712674021721,0.03346531093120575
47,49,0.03142905607819557,0.03989313542842865,0.03566109389066696
47,50,0.035589367151260376,0.04095415771007538,0.03827176243066788
47,51,0.0204356350004673,0.0395330972969532,0.02998436614871025
47,52,0.025478482246398926,0.04090578854084015,0.03319213539361954
47,53,0.024422788992524147,0.03928820788860321,0.031855497509241104
47,54,0.024058623239398003,0.0404246486723423,0.03224163502454758
47,55,0.025352442637085915,0.03985292837023735,0.03260268643498421
47,56,0.04229564219713211,0.04198387637734413,0.04213976114988327
47,57,0.029639311134815216,0.04030429571866989,0.034971803426742554
47,58,0.014771359972655773,0.03958927467465401,0.027180317789316177
47,59,0.034151408821344376,0.04053817316889763,0.037344790995121
47,60,0.020855573937296867,0.039664898067712784,0.03026023507118225
47,61,0.02120603434741497,0.040545813739299774,0.030875924974679947
47,62,0.020168166607618332,0.0394897423684597,0.029828954488039017
47,63,0.022770395502448082,0.04019080102443695,0.03148059919476509
47,64,0.021622929722070694,0.04091183841228485,0.03126738220453262
47,65,0.03935322165489197,0.0403071828186512,0.039830200374126434
47,66,0.03587211295962334,0.04200663045048714,0.03893937170505524
47,67,0.025396469980478287,0.03898259252309799,0.03218953311443329
47,68,0.03075258433818817,0.04048369452357292,0.035618141293525696
47,69,0.01984279975295067,0.039463795721530914,0.02965329773724079
47,70,0.02339053526520729,0.039231304079294205,0.03131091967225075
47,71,0.016654549166560173,0.03966397047042847,0.028159260749816895
47,72,0.026705291122198105,0.03986148536205292,0.03328339010477066
47,73,0.028608931228518486,0.03991709277033806,0.0342630110681057
47,74,0.02485828474164009,0.040007490664720535,0.03243288770318031
47,75,0.021555330604314804,0.04083945229649544,0.03119739145040512
47,76,0.03527342900633812,0.039387013763189316,0.03733022138476372
47,77,0.02064792811870575,0.04010656476020813,0.03037724643945694
47,78,0.02355967089533806,0.04020354896783829,0.031881608068943024
47,79,0.020139480009675026,0.040986619889736176,0.030563049018383026
47,80,0.029306961223483086,0.04009263217449188,0.03469979763031006
47,81,0.017300918698310852,0.039910513907670975,0.028605716302990913
47,82,0.014450627379119396,0.038519956171512604,0.026485292240977287
47,83,0.015088328160345554,0.03933226317167282,0.0272102952003479
47,84,0.03098493441939354,0.041918423026800156,0.03645167872309685
47,85,0.03379451856017113,0.03977251052856445,0.03678351640701294
47,86,0.023390723392367363,0.03969448804855347,0.03154260665178299
47,87,0.022361375391483307,0.03857901319861412,0.030470194295048714
47,88,0.022801272571086884,0.040330685675144196,0.03156597912311554
47,89,0.02562343329191208,0.03930896520614624,0.03246619924902916
47,90,0.030136920511722565,0.04001566395163536,0.035076290369033813
47,91,0.02714426815509796,0.041460394859313965,0.03430233150720596
47,92,0.03794817626476288,0.04163091257214546,0.03978954255580902
47,93,0.023579910397529602,0.039674416184425354,0.03162716329097748
47,94,0.025763846933841705,0.04076508805155754,0.033264465630054474
47,95,0.02358059585094452,0.03987148404121399,0.031726039946079254
47,96,0.024547656998038292,0.040309153497219086,0.03242840617895126
47,97,0.02862226776778698,0.040179554373025894,0.03440091013908386
47,98,0.02076079696416855,0.04034440591931343,0.03055260144174099
47,99,0.027693938463926315,0.0396728441119194,0.03368338942527771
47,100,0.03016039915382862,0.0394323356449604,0.03479636833071709
47,101,0.01776297576725483,0.04010538384318352,0.028934180736541748
47,102,0.01591416634619236,0.03960644453763962,0.027760304510593414
47,103,0.034052230417728424,0.04199250414967537,0.038022369146347046
47,104,0.036157283931970596,0.03934929519891739,0.03775329142808914
47,105,0.021708820015192032,0.03869853541254997,0.030203677713871002
47,106,0.031373556703329086,0.04155804589390755,0.03646580129861832
47,107,0.040363896638154984,0.04132979363203049,0.040846846997737885
47,108,0.02219950221478939,0.03957485035061836,0.030887175351381302
47,109,0.024816449731588364,0.041160210967063904,0.03298833221197128
47,110,0.024905629456043243,0.0400686152279377,0.03248712420463562
47,111,0.020842256024479866,0.040320564061403275,0.030581410974264145
47,112,0.024215875193476677,0.0392083041369915,0.031712088733911514
47,113,0.01820174977183342,0.03880583494901657,0.028503792360424995
47,114,0.031297117471694946,0.04035013169050217,0.035823624581098557
47,115,0.02046108990907669,0.039401061832904816,0.029931075870990753
47,116,0.021791499108076096,0.04089655354619026,0.03134402632713318
47,117,0.018653495237231255,0.03907352313399315,0.028863508254289627
47,118,0.02266691066324711,0.039991721510887146,0.03132931515574455
47,119,0.020744778215885162,0.03877219557762146,0.02975848689675331
47,120,0.022948144003748894,0.039247240871191025,0.031097691506147385
47,121,0.024716349318623543,0.039278000593185425,0.03199717402458191
47,122,0.017385421320796013,0.03844338655471802,0.02791440486907959
47,123,0.027526583522558212,0.0404474213719368,0.033987000584602356
47,124,0.014763214625418186,0.03868773207068443,0.026725472882390022
47,125,0.028195209801197052,0.040082577615976334,0.03413889557123184
47,126,0.01989653706550598,0.039608441293239594,0.029752489179372787
47,127,0.03528117761015892,0.04070822149515152,0.03799469769001007
47,128,0.020138222724199295,0.03964105248451233,0.029889637604355812
47,129,0.017291639000177383,0.03943359851837158,0.028362618759274483
47,130,0.019877079874277115,0.03991546481847763,0.029896272346377373
47,131,0.027451476082205772,0.04042644053697586,0.03393895924091339
47,132,0.018603404983878136,0.039592307060956955,0.02909785509109497
47,133,0.029948292300105095,0.03973645716905594,0.03484237566590309
47,134,0.03375857323408127,0.04123399779200554,0.037496283650398254
47,135,0.02993764728307724,0.04114573448896408,0.03554169088602066
47,136,0.025853898376226425,0.04090672731399536,0.03338031470775604
47,137,0.022002289071679115,0.038919948041439056,0.03046111762523651
47,138,0.020237797871232033,0.039937108755111694,0.03008745238184929
47,139,0.02519834414124489,0.04024432227015495,0.03272133320569992
47,140,0.03793344646692276,0.040188081562519073,0.03906076401472092
48,0,0.022508487105369568,0.039858415722846985,0.031183451414108276
48,1,0.04109003022313118,0.03970197215676308,0.04039600118994713
48,2,0.023767730221152306,0.03986547142267227,0.03181660175323486
48,3,0.02121479995548725,0.03954576328396797,0.030380282551050186
48,4,0.019449222832918167,0.03908906877040863,0.0292691458016634
48,5,0.026031330227851868,0.04046653211116791,0.03324893116950989
48,6,0.030061710625886917,0.039738211780786514,0.034899961203336716
48,7,0.02789902314543724,0.04031065106391907,0.0341048389673233
48,8,0.025740861892700195,0.04302484169602394,0.03438284993171692
48,9,0.021623874083161354,0.03937283158302307,0.030498351901769638
48,10,0.029429972171783447,0.04039325565099716,0.034911613911390305
48,11,0.030908402055501938,0.04047159105539322,0.03568999469280243
48,12,0.024247482419013977,0.03900623694062233,0.031626857817173004
48,13,0.022827185690402985,0.039957646280527115,0.0313924178481102
48,14,0.021757612004876137,0.04063266143202782,0.03119513764977455
48,15,0.029763758182525635,0.03952523693442345,0.03464449942111969
48,16,0.02202717587351799,0.03990396857261658,0.030965572223067284
48,17,0.02379419468343258,0.03956782817840576,0.031681012362241745
48,18,0.037989187985658646,0.04099282994866371,0.03949100896716118
48,19,0.02958204783499241,0.039779044687747955,0.03468054533004761
48,20,0.015022657811641693,0.03943026438355446,0.027226461097598076
48,21,0.03237152099609375,0.040233541280031204,0.03630252927541733
48,22,0.025583982467651367,0.040144454687833786,0.032864220440387726
48,23,0.022211989387869835,0.038659777492284775,0.03043588250875473
48,24,0.03414802625775337,0.0412876196205616,0.037717822939157486
48,25,0.0237885769456625,0.04136838763952255,0.0325784832239151
48,26,0.03550030663609505,0.04185321927070618,0.03867676109075546
48,27,0.024478789418935776,0.041059836745262146,0.03276931494474411
48,28,0.03103172406554222,0.040233585983514786,0.0356326550245285
48,29,0.016533751040697098,0.039034053683280945,0.02778390236198902
48,30,0.022850481793284416,0.040291547775268555,0.03157101571559906
48,31,0.025567583739757538,0.04033427685499191,0.032950930297374725
48,32,0.021710865199565887,0.03921496868133545,0.03046291694045067
48,33,0.023546157404780388,0.03874550387263298,0.03114582970738411
48,34,0.02652726322412491,0.03989055007696152,0.03320890665054321
48,35,0.03186763450503349,0.04087259620428085,0.036370113492012024
48,36,0.024437932297587395,0.04036012664437294,0.03239902853965759
48,37,0.021875569596886635,0.039996009320020676,0.03093579038977623
48,38,0.028837887570261955,0.040358129888772964,0.034598007798194885
48,39,0.03087351843714714,0.0408647246658802,0.03586912155151367
48,40,0.023401010781526566,0.040622081607580185,0.032011546194553375
48,41,0.023730354383587837,0.03987802192568779,0.03180418908596039
48,42,0.035686880350112915,0.04096228629350662,0.03832458332180977
48,43,0.029449526220560074,0.03920306637883186,0.03432629629969597
48,44,0.027677567675709724,0.0401972159743309,0.03393739089369774
48,45,0.041464295238256454,0.03938407823443413,0.04042418673634529
48,46,0.029922639951109886,0.04057379812002182,0.03524821996688843
48,47,0.031587664037942886,0.04052899777889252,0.03605832904577255
48,48,0.027167819440364838,0.040773410350084305,0.03397061675786972
48,49,0.021654874086380005,0.039023566991090775,0.03033922053873539
48,50,0.03213425353169441,0.0412590317428112,0.03669664263725281
48,51,0.02223319001495838,0.039730504155159,0.030981846153736115
48,52,0.01898997835814953,0.0396154522895813,0.02930271625518799
48,53,0.02310209535062313,0.03991682082414627,0.031509459018707275
48,54,0.021792994812130928,0.039254773408174515,0.030523885041475296
48,55,0.0249551460146904,0.039316605776548386,0.03213587403297424
48,56,0.02413308247923851,0.041510894894599915,0.03282199054956436
48,57,0.02497507818043232,0.03967826068401337,0.03232666850090027
48,58,0.031270645558834076,0.04038403183221817,0.03582733869552612
48,59,0.03442547470331192,0.03981149569153786,0.03711848706007004
48,60,0.02162792719900608,0.03889472410082817,0.0302613265812397
48,61,0.032448235899209976,0.03894851729273796,0.03569837659597397
48,62,0.028179382905364037,0.040765490382909775,0.03447243571281433
48,63,0.01978096179664135,0.04058415815234184,0.03018255904316902
48,64,0.026194484904408455,0.04095346853137016,0.033573977649211884
48,65,0.017491700127720833,0.039273157715797424,0.028382427990436554
48,66,0.023762769997119904,0.03944137319922447,0.03160206973552704
48,67,0.03597348555922508,0.04102059826254845,0.038497041910886765
48,68,0.022626616060733795,0.04201232269406319,0.03231947124004364
48,69,0.019657906144857407,0.04129336029291153,0.030475633218884468
48,70,0.029338696971535683,0.04076427221298218,0.035051483660936356
48,71,0.02092609368264675,0.04010692611336708,0.03051650896668434
48,72,0.018459228798747063,0.03941703587770462,0.028938133269548416
48,73,0.025450164452195168,0.03921625018119812,0.03233320638537407
48,74,0.021095655858516693,0.0390934981405735,0.030094576999545097
48,75,0.016602152958512306,0.03873105347156525,0.027666602283716202
48,76,0.04277507960796356,0.04178084060549736,0.04227796196937561
48,77,0.031940385699272156,0.03998000919818878,0.03596019744873047
48,78,0.019396917894482613,0.04065898805856705,0.030027952045202255
48,79,0.014390012249350548,0.03854415938258171,0.026467084884643555
48,80,0.02804485522210598,0.040396519005298615,0.03422068804502487
48,81,0.030200347304344177,0.04053538665175438,0.03536786884069443
48,82,0.029267312958836555,0.03965622931718826,0.034461770206689835
48,83,0.017184831202030182,0.0386650487780571,0.02792493999004364
48,84,0.023014888167381287,0.0393378771841526,0.031176382675766945
48,85,0.029662132263183594,0.03884819895029068,0.03425516560673714
48,86,0.038632187992334366,0.04331894963979721,0.04097557067871094
48,87,0.03213028237223625,0.04073641076683998,0.036433346569538116
48,88,0.020525798201560974,0.03979574516415596,0.030160771682858467
48,89,0.018335917964577675,0.03858296573162079,0.028459440916776657
48,90,0.021755078807473183,0.03977762535214424,0.030766353011131287
48,91,0.022942667827010155,0.04050440341234207,0.03172353655099869
48,92,0.021407311782240868,0.040487129241228104,0.03094721958041191
48,93,0.03551889955997467,0.04172297939658165,0.03862094134092331
48,94,0.03132707253098488,0.040388960391283035,0.03585801646113396
48,95,0.0293522160500288,0.04215450584888458,0.035753361880779266
48,96,0.02451925538480282,0.04053797945380211,0.03252861648797989
48,97,0.017135098576545715,0.0398060642182827,0.028470581397414207
48,98,0.023436235263943672,0.040313687175512314,0.03187496215105057
48,99,0.01990465633571148,0.03893616423010826,0.029420409351587296
48,100,0.017233967781066895,0.03929779306054115,0.028265880420804024
48,101,0.02862105891108513,0.04165273159742355,0.03513689339160919
48,102,0.02796468511223793,0.039572060108184814,0.03376837074756622
48,103,0.025282638147473335,0.03989559784531593,0.03258911892771721
48,104,0.028800657019019127,0.04006388783454895,0.03443227335810661
48,105,0.030313439667224884,0.03978784382343292,0.0350506417453289
48,106,0.022166714072227478,0.03962705284357071,0.030896883457899094
48,107,0.03203519806265831,0.040996018797159195,0.03651560842990875
48,108,0.035624925047159195,0.03948727622628212,0.03755610063672066
48,109,0.01931234635412693,0.040040601044893265,0.029676474630832672
48,110,0.030310289934277534,0.039733078330755234,0.03502168506383896
48,111,0.02579779364168644,0.040154214948415756,0.03297600522637367
48,112,0.02511576935648918,0.03897769749164581,0.032046735286712646
48,113,0.026347806677222252,0.04003831744194031,0.033193062990903854
48,114,0.016145480796694756,0.039300426840782166,0.027722954750061035
48,115,0.016751889139413834,0.03954765200614929,0.028149770572781563
48,116,0.015736611559987068,0.03943797945976257,0.027587294578552246
48,117,0.01849113591015339,0.03978033736348152,0.02913573756814003
48,118,0.02919580601155758,0.03980822488665581,0.03450201451778412
48,119,0.03055761754512787,0.03987390547990799,0.03521576151251793
48,120,0.0360976904630661,0.041573140770196915,0.03883541375398636
48,121,0.02417042665183544,0.03972099348902702,0.03194570913910866
48,122,0.03137579560279846,0.03940070793032646,0.03538825362920761
48,123,0.021624788641929626,0.039579689502716064,0.030602239072322845
48,124,0.032164640724658966,0.039789825677871704,0.035977233201265335
48,125,0.02611400932073593,0.04080341383814812,0.033458709716796875
48,126,0.022747399285435677,0.041539907455444336,0.03214365243911743
48,127,0.01912388764321804,0.04055583104491234,0.029839858412742615
48,128,0.040036968886852264,0.0422060564160347,0.04112151265144348
48,129,0.0320047065615654,0.04054040461778641,0.0362725555896759
48,130,0.02740328572690487,0.04076022282242775,0.034081753343343735
48,131,0.01906690001487732,0.04032403230667114,0.02969546616077423
48,132,0.019068170338869095,0.040062062442302704,0.0295651163905859
48,133,0.01754235289990902,0.03943808004260063,0.02849021553993225
48,134,0.03190450742840767,0.04082391411066055,0.03636421263217926
48,135,0.02681715041399002,0.041013602167367935,0.03391537815332413
48,136,0.018748803064227104,0.039736900478601456,0.029242850840091705
48,137,0.031087875366210938,0.039799124002456665,0.0354434996843338
48,138,0.021877557039260864,0.04014241695404053,0.031009986996650696
48,139,0.027855411171913147,0.039566770195961,0.03371109068393707
48,140,0.033020876348018646,0.04153352603316307,0.03727719932794571
49,0,0.026495613157749176,0.040080439299345016,0.03328802436590195
49,1,0.02073422260582447,0.03894251212477684,0.02983836829662323
49,2,0.02411704696714878,0.040202122181653976,0.03215958550572395
49,3,0.031600698828697205,0.04084882512688637,0.03622476011514664
49,4,0.013885948807001114,0.03993607312440872,0.026911010965704918
49,5,0.02191292867064476,0.03974514827132225,0.030829038470983505
49,6,0.018996115773916245,0.039291370660066605,0.029143743216991425
49,7,0.019923852756619453,0.03930790349841118,0.02961587905883789
49,8,0.033498600125312805,0.040298640727996826,0.036898620426654816
49,9,0.035605523735284805,0.039739325642585754,0.03767242282629013
49,10,0.0376649871468544,0.041930533945560455,0.03979776054620743
49,11,0.019724948331713676,0.03934039548039436,0.029532670974731445
49,12,0.030060486868023872,0.040580008178949356,0.03532024845480919
49,13,0.018454834818840027,0.03973599523305893,0.029095415025949478
49,14,0.023739337921142578,0.039910636842250824,0.0318249873816967
49,15,0.02280917949974537,0.039511069655418396,0.031160123646259308
49,16,0.027636989951133728,0.0395737960934639,0.03360539302229881
49,17,0.02281949482858181,0.04022793099284172,0.03152371197938919
49,18,0.02282017469406128,0.04065905511379242,0.03173961490392685
49,19,0.02891857922077179,0.03907112404704094,0.033994853496551514
49,20,0.017573857679963112,0.03901733085513115,0.028295595198869705
49,21,0.02904351055622101,0.03920368105173111,0.03412359580397606
49,22,0.02373562753200531,0.04020078107714653,0.03196820616722107
49,23,0.01797543652355671,0.04018697142601013,0.029081203043460846
49,24,0.04092562943696976,0.039900969713926315,0.04041329771280289
49,25,0.041675228625535965,0.04181557893753052,0.04174540191888809
49,26,0.029014183208346367,0.04007387161254883,0.03454402834177017
49,27,0.04581993818283081,0.0418119914829731,0.043815962970256805
49,28,0.026417823508381844,0.041337884962558746,0.03387785330414772
49,29,0.01511872373521328,0.03926250711083412,0.027190614491701126
49,30,0.025529582053422928,0.039526697248220444,0.032528139650821686
49,31,0.02677268162369728,0.03924822807312012,0.03301045298576355
49,32,0.02346615307033062,0.038917820900678635,0.031191986054182053
49,33,0.02475530467927456,0.03968173265457153,0.03221851959824562
49,34,0.024435922503471375,0.04099022224545479,0.03271307051181793
49,35,0.023787515237927437,0.03945563733577728,0.031621575355529785
49,36,0.03578466922044754,0.04009576141834259,0.037940215319395065
49,37,0.030728459358215332,0.04063885658979416,0.035683657974004745
49,38,0.01822493225336075,0.03834518417716026,0.028285058215260506
49,39,0.03226703032851219,0.039397720247507095,0.035832375288009644
49,40,0.024953125044703484,0.04003864899277687,0.0324958860874176
49,41,0.020314360037446022,0.039946794509887695,0.030130576342344284
49,42,0.025977203622460365,0.04082389548420906,0.03340055048465729
49,43,0.028769787400960922,0.04111999273300171,0.034944891929626465
49,44,0.025559766218066216,0.039580658078193665,0.032570213079452515
49,45,0.018539242446422577,0.04032585024833679,0.029432546347379684
49,46,0.032275449484586716,0.03998076915740967,0.03612811118364334
49,47,0.037431612610816956,0.04085306450724602,0.039142340421676636
49,48,0.020414063706994057,0.038727838546037674,0.02957095205783844
49,49,0.024155043065547943,0.03937895596027374,0.03176699951291084
49,50,0.025018561631441116,0.03964162617921829,0.032330095767974854
49,51,0.026916153728961945,0.040938541293144226,0.033927347511053085
49,52,0.022942451760172844,0.04027358815073967,0.03160801902413368
49,53,0.019392410293221474,0.03977156803011894,0.029581990092992783
49,54,0.0258435420691967,0.04101114347577095,0.033427342772483826
49,55,0.028251009061932564,0.041564714163541794,0.03490786254405975
49,56,0.03981238231062889,0.0388130284845829,0.039312705397605896
49,57,0.03676515445113182,0.040226422250270844,0.03849578648805618
49,58,0.024011341854929924,0.0389401949942112,0.031475767493247986
49,59,0.03777184337377548,0.04080637916922569,0.03928910940885544
49,60,0.02063298597931862,0.03865334391593933,0.029643164947628975
49,61,0.015580473467707634,0.039061110466718674,0.02732079103589058
49,62,0.024479670450091362,0.03973523527383804,0.03210745379328728
49,63,0.019855357706546783,0.040464743971824646,0.030160050839185715
49,64,0.03423934057354927,0.04118421673774719,0.03771177679300308
49,65,0.022503100335597992,0.03991802781820297,0.031210564076900482
49,66,0.01802445761859417,0.040572237223386765,0.029298346489667892
49,67,0.02588765136897564,0.04154418781399727,0.03371591866016388
49,68,0.02411579340696335,0.04019206762313843,0.03215393051505089
49,69,0.019410710781812668,0.039626460522413254,0.02951858565211296
49,70,0.023692650720477104,0.04023196920752525,0.031962309032678604
49,71,0.026399560272693634,0.03917335346341133,0.03278645873069763
49,72,0.019797474145889282,0.03996511176228523,0.029881292954087257
49,73,0.029243778437376022,0.04141921550035477,0.035331495106220245
49,74,0.030124204233288765,0.0410190150141716,0.03557160869240761
49,75,0.02480156160891056,0.039374370127916336,0.03208796679973602
49,76,0.023795505985617638,0.04114936292171478,0.032472435384988785
49,77,0.02096312865614891,0.040448080748319626,0.030705604702234268
49,78,0.027777614071965218,0.038961779326200485,0.033369697630405426
49,79,0.02409941516816616,0.039974600076675415,0.03203700855374336
49,80,0.033533353358507156,0.04138711467385292,0.03746023401618004
49,81,0.031949859112501144,0.04330268129706383,0.037626270204782486
49,82,0.03405294939875603,0.04021025449037552,0.037131600081920624
49,83,0.035245880484580994,0.03994082286953926,0.03759334981441498
49,84,0.027284681797027588,0.04016393795609474,0.033724308013916016
49,85,0.024674763903021812,0.04052744805812836,0.03260110691189766
49,86,0.022196006029844284,0.03976781666278839,0.030981911346316338
49,87,0.0162280835211277,0.03884473443031311,0.027536408975720406
49,88,0.036787569522857666,0.04150756448507309,0.03914756700396538
49,89,0.02795669063925743,0.03868262469768524,0.033319659531116486
49,90,0.02896912582218647,0.03983134403824806,0.03440023586153984
49,91,0.019482530653476715,0.03973458334803581,0.029608557000756264
49,92,0.026601282879710197,0.0395674854516983,0.033084385097026825
49,93,0.022331446409225464,0.03922532498836517,0.03077838569879532
49,94,0.017671003937721252,0.039474789053201675,0.028572896495461464
49,95,0.02993186190724373,0.04093734174966812,0.035434603691101074
49,96,0.01765023171901703,0.039176929742097855,0.02841358073055744
49,97,0.02315673604607582,0.041704364120960236,0.03243055194616318
49,98,0.028886990621685982,0.04252444580197334,0.03570571914315224
49,99,0.016166815534234047,0.040527909994125366,0.028347361832857132
49,100,0.024753887206315994,0.03977632522583008,0.03226510435342789
49,101,0.027370955795049667,0.03990548849105835,0.03363822400569916
49,102,0.021160343661904335,0.04001690074801445,0.030588623136281967
49,103,0.024268150329589844,0.041062258183956146,0.032665204256772995
49,104,0.034204304218292236,0.04035285487771034,0.03727857768535614
49,105,0.019662369042634964,0.03962302580475807,0.029642697423696518
49,106,0.025218579918146133,0.03936003893613815,0.03228931128978729
49,107,0.03206418454647064,0.040431566536426544,0.03624787554144859
49,108,0.020235490053892136,0.04058869183063507,0.030412090942263603
49,109,0.029529225081205368,0.040755584836006165,0.035142406821250916
49,110,0.023573899641633034,0.04019474983215332,0.0318843238055706
49,111,0.025410620495676994,0.04036296531558037,0.03288679197430611
49,112,0.02356773428618908,0.038810890167951584,0.031189311295747757
49,113,0.034410927444696426,0.03981975466012955,0.037115342915058136
49,114,0.01981053315103054,0.04023995250463486,0.030025243759155273
49,115,0.02734648808836937,0.04076555371284485,0.03405602276325226
49,116,0.019801946356892586,0.039402008056640625,0.02960197627544403
49,117,0.029335802420973778,0.04217167943716049,0.03575374186038971
49,118,0.02265685796737671,0.03946975991129875,0.03106330893933773
49,119,0.030867956578731537,0.04032444581389427,0.035596199333667755
49,120,0.02250947244465351,0.0395701602101326,0.03103981539607048
49,121,0.03314448520541191,0.04141285642981529,0.0372786708176136
49,122,0.02830158732831478,0.039676547050476074,0.033989068120718
49,123,0.023624703288078308,0.040026016533374786,0.03182535991072655
49,124,0.03259129449725151,0.04195764288306236,0.03727446869015694
49,125,0.02344699390232563,0.03935549408197403,0.031401243060827255
49,126,0.02560826763510704,0.039120376110076904,0.03236432373523712
49,127,0.02791360765695572,0.040898051112890244,0.03440582752227783
49,128,0.014988667331635952,0.039127785712480545,0.027058226987719536
49,129,0.023749010637402534,0.03924518823623657,0.03149709850549698
49,130,0.029945779591798782,0.04062047228217125,0.035283125936985016
49,131,0.021601872518658638,0.039861734956502914,0.03073180466890335
49,132,0.027341801673173904,0.040062010288238525,0.033701904118061066
49,133,0.026172617450356483,0.039023660123348236,0.032598137855529785
49,134,0.027603652328252792,0.04127543792128563,0.03443954512476921
49,135,0.026304941624403,0.03981533646583557,0.033060140907764435
49,136,0.02760540135204792,0.040825460106134415,0.03421543166041374
49,137,0.029333073645830154,0.03986614942550659,0.034599609673023224
49,138,0.033200718462467194,0.04012483358383179,0.03666277602314949
49,139,0.029337776824831963,0.0394270122051239,0.03438239544630051
49,140,0.028267301619052887,0.04154934361577034,0.03490832448005676
