epoch,subject_idx,subject_id,direction,epsilon,epsilon_space,delta_norm,dice_before,dice_after,delta_dice,seg_loss_before,seg_loss_after,delta_seg_loss,margin_loss_before,margin_loss_after,delta_margin_loss,geometry_before,geometry_after,delta_geometry,cos_with_g_seg,cos_with_g_margin,cos_with_useful
5,0,BraTS-GLI-01041-000,A_seg,0.25,parameter,0.2499999928404576,0.7798683047294617,0.8733452558517456,0.09347695112228394,0.19801487028598785,0.152692049741745,-0.04532282054424286,0.001356152817606926,0.0007591352914460003,-0.0005970175261609256,15.383685111999512,30.571636199951172,15.18795108795166,1.0,0.31425297260284424,
5,0,BraTS-GLI-01041-000,E_random_matched_A_seg,0.25,parameter,0.24999999877763912,0.7798683047294617,0.7778562903404236,-0.002012014389038086,0.19801487028598785,0.19731691479682922,-0.0006979554891586304,0.001356152817606926,0.0013711451319977641,1.4992314390838146e-05,15.383685111999512,15.322006225585938,-0.06167888641357422,,,
5,0,BraTS-GLI-01041-000,A_seg,0.5,parameter,0.4999999856809152,0.7798683047294617,0.7249647378921509,-0.05490356683731079,0.19801487028598785,0.23777730762958527,0.03976243734359741,0.001356152817606926,0.00020232482347637415,-0.0011538279941305518,15.383685111999512,45.92225646972656,30.53857135772705,1.0,0.31425297260284424,
5,0,BraTS-GLI-01041-000,E_random_matched_A_seg,0.5,parameter,0.49999997061968227,0.7798683047294617,0.78044193983078,0.0005736351013183594,0.19801487028598785,0.1978682577610016,-0.0001466125249862671,0.001356152817606926,0.0014409126015380025,8.475978393107653e-05,15.383685111999512,15.455439567565918,0.07175445556640625,,,
5,0,BraTS-GLI-01041-000,A_seg,1.0,parameter,0.9999999713618304,0.7798683047294617,0.12190189212560654,-0.6579664126038551,0.19801487028598785,0.5943628549575806,0.3963479846715927,0.001356152817606926,1.0839111382665578e-05,-0.0013453137062242604,15.383685111999512,74.04821014404297,58.66452503204346,1.0,0.31425297260284424,
5,0,BraTS-GLI-01041-000,E_random_matched_A_seg,1.0,parameter,0.9999999842693795,0.7798683047294617,0.7815876007080078,0.0017192959785461426,0.19801487028598785,0.1939706802368164,-0.004044190049171448,0.001356152817606926,0.0016067159594967961,0.00025056314188987017,15.383685111999512,15.022395133972168,-0.36128997802734375,,,
5,0,BraTS-GLI-01041-000,A_seg,2.0,parameter,1.9999999427236608,0.7798683047294617,0.09817507117986679,-0.6816932335495949,0.19801487028598785,0.7284331321716309,0.530418261885643,0.001356152817606926,4.524421370888376e-08,-0.001356107573393217,15.383685111999512,137.7239227294922,122.34023761749268,1.0,0.31425297260284424,
5,0,BraTS-GLI-01041-000,E_random_matched_A_seg,2.0,parameter,1.9999999476422083,0.7798683047294617,0.7961975336074829,0.01632922887802124,0.19801487028598785,0.1999186873435974,0.001903817057609558,0.001356152817606926,0.0015020229620859027,0.00014587014447897673,15.383685111999512,16.958484649658203,1.5747995376586914,,,
5,0,BraTS-GLI-01041-000,B_margin,0.25,parameter,0.2500000136460581,0.7798683047294617,0.881412923336029,0.10154461860656738,0.19801487028598785,0.15874895453453064,-0.039265915751457214,0.001356152817606926,0.0010531290899962187,-0.0003030237276107073,15.383685111999512,22.001264572143555,6.617579460144043,0.31425297260284424,1.0,
5,0,BraTS-GLI-01041-000,E_random_matched_B_margin,0.25,parameter,0.25000000742147666,0.7798683047294617,0.7795812487602234,-0.00028705596923828125,0.19801487028598785,0.19705334305763245,-0.0009615272283554077,0.001356152817606926,0.0013575672637671232,1.414446160197258e-06,15.383685111999512,15.431163787841797,0.047478675842285156,,,
5,0,BraTS-GLI-01041-000,B_margin,0.5,parameter,0.5000000272921162,0.7798683047294617,0.8805883526802063,0.10072004795074463,0.19801487028598785,0.15906281769275665,-0.0389520525932312,0.001356152817606926,0.0010590598685666919,-0.0002970929490402341,15.383685111999512,29.36299705505371,13.9793119430542,0.31425297260284424,1.0,
5,0,BraTS-GLI-01041-000,E_random_matched_B_margin,0.5,parameter,0.5000000242362143,0.7798683047294617,0.7821596264839172,0.0022913217544555664,0.19801487028598785,0.19822630286216736,0.0002114325761795044,0.001356152817606926,0.0014213627437129617,6.520992610603571e-05,15.383685111999512,15.494003295898438,0.11031818389892578,,,
5,0,BraTS-GLI-01041-000,B_margin,1.0,parameter,1.0000000545842325,0.7798683047294617,0.8213441371917725,0.04147583246231079,0.19801487028598785,0.1971893608570099,-0.0008255094289779663,0.001356152817606926,0.0004902982618659735,-0.0008658545557409525,15.383685111999512,44.21681213378906,28.83312702178955,0.31425297260284424,1.0,
5,0,BraTS-GLI-01041-000,E_random_matched_B_margin,1.0,parameter,1.0000000870350012,0.7798683047294617,0.7717803120613098,-0.008087992668151855,0.19801487028598785,0.20183219015598297,0.003817319869995117,0.001356152817606926,0.0014359207125380635,7.976789493113756e-05,15.383685111999512,15.331300735473633,-0.052384376525878906,,,
5,0,BraTS-GLI-01041-000,B_margin,2.0,parameter,2.000000109168465,0.7798683047294617,0.28710025548934937,-0.4927680492401123,0.19801487028598785,0.4518328905105591,0.25381802022457123,0.001356152817606926,4.147492745687487e-06,-0.0013520053248612385,15.383685111999512,75.58287048339844,60.199185371398926,0.31425297260284424,1.0,
5,0,BraTS-GLI-01041-000,E_random_matched_B_margin,2.0,parameter,2.0000000792206247,0.7798683047294617,0.7854970693588257,0.005628764629364014,0.19801487028598785,0.18437162041664124,-0.013643249869346619,0.001356152817606926,0.0014593934174627066,0.0001032405998557806,15.383685111999512,15.564305305480957,0.1806201934814453,,,
5,0,BraTS-GLI-01041-000,C_total,0.25,parameter,0.25000000391446514,0.7798683047294617,0.8733452558517456,0.09347695112228394,0.19801487028598785,0.1526932716369629,-0.04532159864902496,0.001356152817606926,0.0007579699158668518,-0.0005981829017400742,15.383685111999512,30.57720375061035,15.19351863861084,0.9999958276748657,0.31701400876045227,
5,0,BraTS-GLI-01041-000,E_random_matched_C_total,0.25,parameter,0.25000000225918484,0.7798683047294617,0.7778562903404236,-0.002012014389038086,0.19801487028598785,0.19897940754890442,0.0009645372629165649,0.001356152817606926,0.0013599166413769126,3.7638237699866295e-06,15.383685111999512,15.311872482299805,-0.07181262969970703,,,
5,0,BraTS-GLI-01041-000,C_total,0.5,parameter,0.5000000078289303,0.7798683047294617,0.7249647378921509,-0.05490356683731079,0.19801487028598785,0.23773899674415588,0.03972412645816803,0.001356152817606926,0.00020203698659315705,-0.001154115831013769,15.383685111999512,45.93206024169922,30.548375129699707,0.9999958276748657,0.31701400876045227,
5,0,BraTS-GLI-01041-000,E_random_matched_C_total,0.5,parameter,0.5000000397776587,0.7798683047294617,0.7769919633865356,-0.0028763413429260254,0.19801487028598785,0.19840729236602783,0.00039242208003997803,0.001356152817606926,0.0013944023521617055,3.824953455477953e-05,15.383685111999512,15.524908065795898,0.14122295379638672,,,
5,0,BraTS-GLI-01041-000,C_total,1.0,parameter,1.0000000156578606,0.7798683047294617,0.12189903110265732,-0.6579692736268044,0.19801487028598785,0.5944415330886841,0.39642666280269623,0.001356152817606926,1.0876046871999279e-05,-0.0013452767707349267,15.383685111999512,74.06847381591797,58.68478870391846,0.9999958276748657,0.31701400876045227,
5,0,BraTS-GLI-01041-000,E_random_matched_C_total,1.0,parameter,1.0000000320505928,0.7798683047294617,0.7694497108459473,-0.010418593883514404,0.19801487028598785,0.20225507020950317,0.00424019992351532,0.001356152817606926,0.0014793835580348969,0.00012323074042797089,15.383685111999512,14.799445152282715,-0.5842399597167969,,,
5,0,BraTS-GLI-01041-000,C_total,2.0,parameter,2.000000031315721,0.7798683047294617,0.09816392511129379,-0.6817043796181679,0.19801487028598785,0.728532075881958,0.5305172055959702,0.001356152817606926,4.458203761714685e-08,-0.0013561082355693088,15.383685111999512,137.7681427001953,122.3844575881958,0.9999958276748657,0.31701400876045227,
5,0,BraTS-GLI-01041-000,E_random_matched_C_total,2.0,parameter,2.0000000026484486,0.7798683047294617,0.7573652863502502,-0.022503018379211426,0.19801487028598785,0.22028329968452454,0.022268429398536682,0.001356152817606926,0.0016537511255592108,0.0002975983079522848,15.383685111999512,14.734737396240234,-0.6489477157592773,,,
5,0,BraTS-GLI-01041-000,D_useful,1.0,activation,,0.7798683047294617,0.8010168671607971,0.02114856243133545,0.19801487028598785,0.16438975930213928,-0.03362511098384857,0.001356152817606926,0.001087609096430242,-0.0002685437211766839,15.383685111999512,17.16575813293457,1.7820730209350586,,,1.0
5,0,BraTS-GLI-01041-000,E_random_matched_D_useful,1.0,activation,,0.7798683047294617,0.778719425201416,-0.0011488795280456543,0.19801487028598785,,,0.001356152817606926,,,15.383685111999512,15.521581649780273,0.13789653778076172,,,
5,0,BraTS-GLI-01041-000,D_useful,2.0,activation,,0.7798683047294617,0.8235827684402466,0.04371446371078491,0.19801487028598785,0.14202210307121277,-0.055992767214775085,0.001356152817606926,0.000924592895898968,-0.000431559921707958,15.383685111999512,18.995712280273438,3.612027168273926,,,1.0
5,0,BraTS-GLI-01041-000,E_random_matched_D_useful,2.0,activation,,0.7798683047294617,0.7757604122161865,-0.0041078925132751465,0.19801487028598785,,,0.001356152817606926,,,15.383685111999512,15.813392639160156,0.42970752716064453,,,
5,0,BraTS-GLI-01041-000,D_useful,4.0,activation,,0.7798683047294617,0.8577719330787659,0.0779036283493042,0.19801487028598785,0.11416174471378326,-0.08385312557220459,0.001356152817606926,0.0007577005890198052,-0.0005984522285871208,15.383685111999512,22.703725814819336,7.320040702819824,,,1.0
5,0,BraTS-GLI-01041-000,E_random_matched_D_useful,4.0,activation,,0.7798683047294617,0.7838724851608276,0.004004180431365967,0.19801487028598785,,,0.001356152817606926,,,15.383685111999512,16.85669708251953,1.4730119705200195,,,
5,0,BraTS-GLI-01041-000,D_useful,14.0,activation,,0.7798683047294617,0.9256266951560974,0.14575839042663574,0.19801487028598785,0.06506028026342392,-0.13295459002256393,0.001356152817606926,0.00028277779347263277,-0.0010733750241342932,15.383685111999512,41.4720458984375,26.08836078643799,,,1.0
5,0,BraTS-GLI-01041-000,E_random_matched_D_useful,14.0,activation,,0.7798683047294617,0.11559811234474182,-0.6642701923847198,0.19801487028598785,,,0.001356152817606926,,,15.383685111999512,26.159067153930664,10.775382041931152,,,
5,1,BraTS-GLI-01161-000,A_seg,0.25,parameter,0.2500000112340783,0.7459756731987,0.820990264415741,0.07501459121704102,0.20612935721874237,0.17087224125862122,-0.035257115960121155,0.002093770308420062,0.0005743809160776436,-0.0015193893923424184,15.982772827148438,34.03590774536133,18.05313491821289,1.0,-0.16019730269908905,
5,1,BraTS-GLI-01161-000,E_random_matched_A_seg,0.25,parameter,0.25000000895670366,0.7459756731987,0.7464678287506104,0.0004921555519104004,0.20612935721874237,0.20513316988945007,-0.0009961873292922974,0.002093770308420062,0.0020493550691753626,-4.441523924469948e-05,15.982772827148438,16.02646255493164,0.043689727783203125,,,
5,1,BraTS-GLI-01161-000,A_seg,0.5,parameter,0.5000000224681566,0.7459756731987,0.3596723973751068,-0.38630327582359314,0.20612935721874237,0.3986984193325043,0.1925690621137619,0.002093770308420062,4.8190900997724384e-05,-0.0020455794074223377,15.982772827148438,53.09239196777344,37.109619140625,1.0,-0.16019730269908905,
5,1,BraTS-GLI-01161-000,E_random_matched_A_seg,0.5,parameter,0.5000000141080816,0.7459756731987,0.742800772190094,-0.003174901008605957,0.20612935721874237,0.20687103271484375,0.0007416754961013794,0.002093770308420062,0.0019722026772797108,-0.0001215676311403513,15.982772827148438,16.040754318237305,0.05798149108886719,,,
5,1,BraTS-GLI-01161-000,A_seg,1.0,parameter,1.0000000449363131,0.7459756731987,0.15514935553073883,-0.5908263176679611,0.20612935721874237,0.6024880409240723,0.3963586837053299,0.002093770308420062,3.8492137832690787e-07,-0.002093385387041735,15.982772827148438,92.60847473144531,76.62570190429688,1.0,-0.16019730269908905,
5,1,BraTS-GLI-01161-000,E_random_matched_A_seg,1.0,parameter,1.0000000289001032,0.7459756731987,0.7350664734840393,-0.010909199714660645,0.20612935721874237,0.21100199222564697,0.004872635006904602,0.002093770308420062,0.002014238853007555,-7.953145541250706e-05,15.982772827148438,15.573797225952148,-0.40897560119628906,,,
5,1,BraTS-GLI-01161-000,A_seg,2.0,parameter,2.0000000898726262,0.7459756731987,0.12467160075902939,-0.6213040724396706,0.20612935721874237,0.7474909424781799,0.5413615852594376,0.002093770308420062,6.3357366228422585e-12,-0.0020937703020843254,15.982772827148438,187.7329864501953,171.75021362304688,1.0,-0.16019730269908905,
5,1,BraTS-GLI-01161-000,E_random_matched_A_seg,2.0,parameter,2.0000000646105027,0.7459756731987,0.7537922859191895,0.007816612720489502,0.20612935721874237,0.20904499292373657,0.0029156357049942017,0.002093770308420062,0.0023698715958744287,0.0002761012874543667,15.982772827148438,16.06414031982422,0.08136749267578125,,,
5,1,BraTS-GLI-01161-000,B_margin,0.25,parameter,0.24999999145893512,0.7459756731987,0.6026181578636169,-0.143357515335083,0.20612935721874237,0.27240195870399475,0.06627260148525238,0.002093770308420062,0.0016559930518269539,-0.0004377772565931082,15.982772827148438,10.49906063079834,-5.483712196350098,-0.16019730269908905,1.0,
5,1,BraTS-GLI-01161-000,E_random_matched_B_margin,0.25,parameter,0.24999999332067083,0.7459756731987,0.7490226626396179,0.0030469894409179688,0.20612935721874237,0.2049003541469574,-0.0012290030717849731,0.002093770308420062,0.0021299170330166817,3.6146724596619606e-05,15.982772827148438,16.16992950439453,0.18715667724609375,,,
5,1,BraTS-GLI-01161-000,B_margin,0.5,parameter,0.49999998291787023,0.7459756731987,0.392317533493042,-0.35365813970565796,0.20612935721874237,0.37924253940582275,0.17311318218708038,0.002093770308420062,0.0008648834773339331,-0.001228886831086129,15.982772827148438,8.340058326721191,-7.642714500427246,-0.16019730269908905,1.0,
5,1,BraTS-GLI-01161-000,E_random_matched_B_margin,0.5,parameter,0.4999999849387675,0.7459756731987,0.7401699423789978,-0.0058057308197021484,0.20612935721874237,0.20862674713134766,0.0024973899126052856,0.002093770308420062,0.0021456193644553423,5.184905603528023e-05,15.982772827148438,15.689961433410645,-0.29281139373779297,,,
5,1,BraTS-GLI-01161-000,B_margin,1.0,parameter,0.9999999658357405,0.7459756731987,0.013320647180080414,-0.7326550260186195,0.20612935721874237,0.5854675769805908,0.37933821976184845,0.002093770308420062,0.00014014658518135548,-0.0019536237232387066,15.982772827148438,8.797225952148438,-7.185546875,-0.16019730269908905,1.0,
5,1,BraTS-GLI-01161-000,E_random_matched_B_margin,1.0,parameter,0.9999999810970619,0.7459756731987,0.7481365203857422,0.0021608471870422363,0.20612935721874237,0.20155192911624908,-0.004577428102493286,0.002093770308420062,0.0020969645120203495,3.1942036002874374e-06,15.982772827148438,16.12481689453125,0.1420440673828125,,,
5,1,BraTS-GLI-01161-000,B_margin,2.0,parameter,1.999999931671481,0.7459756731987,0.0,-0.7459756731987,0.20612935721874237,0.6028777360916138,0.3967483788728714,0.002093770308420062,6.458426014432916e-06,-0.002087311882405629,15.982772827148438,15.26813793182373,-0.714634895324707,-0.16019730269908905,1.0,
5,1,BraTS-GLI-01161-000,E_random_matched_B_margin,2.0,parameter,1.9999999638530424,0.7459756731987,0.7332671284675598,-0.012708544731140137,0.20612935721874237,0.21101008355617523,0.004880726337432861,0.002093770308420062,0.0022989101707935333,0.00020513986237347126,15.982772827148438,15.298413276672363,-0.6843595504760742,,,
5,1,BraTS-GLI-01161-000,C_total,0.25,parameter,0.24999999376450424,0.7459756731987,0.8211565613746643,0.07518088817596436,0.20612935721874237,0.17087619006633759,-0.035253167152404785,0.002093770308420062,0.0005731642595492303,-0.0015206060488708317,15.982772827148438,34.014495849609375,18.031723022460938,0.9999932050704956,-0.1565268337726593,
5,1,BraTS-GLI-01161-000,E_random_matched_C_total,0.25,parameter,0.24999999886131263,0.7459756731987,0.7458226680755615,-0.00015300512313842773,0.20612935721874237,0.20692384243011475,0.0007944852113723755,0.002093770308420062,0.0020760195329785347,-1.7750775441527367e-05,15.982772827148438,15.953373908996582,-0.02939891815185547,,,
5,1,BraTS-GLI-01161-000,C_total,0.5,parameter,0.4999999875290085,0.7459756731987,0.3595065176486969,-0.38646915555000305,0.20612935721874237,0.3987858295440674,0.192656472325325,0.002093770308420062,4.8022917326306924e-05,-0.002045747391093755,15.982772827148438,53.04341125488281,37.060638427734375,0.9999932050704956,-0.1565268337726593,
5,1,BraTS-GLI-01161-000,E_random_matched_C_total,0.5,parameter,0.49999998098792237,0.7459756731987,0.7495115399360657,0.0035358667373657227,0.20612935721874237,0.20537570118904114,-0.0007536560297012329,0.002093770308420062,0.002101652091369033,7.881782948970795e-06,15.982772827148438,16.12333869934082,0.1405658721923828,,,
5,1,BraTS-GLI-01161-000,C_total,1.0,parameter,0.999999975058017,0.7459756731987,0.15516473352909088,-0.5908109396696091,0.20612935721874237,0.6023823618888855,0.3962530046701431,0.002093770308420062,3.8972214611021627e-07,-0.002093380586273952,15.982772827148438,92.47498321533203,76.4922103881836,0.9999932050704956,-0.1565268337726593,
5,1,BraTS-GLI-01161-000,E_random_matched_C_total,1.0,parameter,0.9999999915598892,0.7459756731987,0.7402878999710083,-0.00568777322769165,0.20612935721874237,0.2082459181547165,0.002116560935974121,0.002093770308420062,0.002084821229800582,-8.949078619480133e-06,15.982772827148438,16.07298469543457,0.09021186828613281,,,
5,1,BraTS-GLI-01161-000,C_total,2.0,parameter,1.999999950116034,0.7459756731987,0.12468153238296509,-0.6212941408157349,0.20612935721874237,0.7470704317092896,0.5409410744905472,0.002093770308420062,8.894140632320635e-12,-0.0020937702995259214,15.982772827148438,187.3145294189453,171.33175659179688,0.9999932050704956,-0.1565268337726593,
5,1,BraTS-GLI-01161-000,E_random_matched_C_total,2.0,parameter,1.999999988998752,0.7459756731987,0.7344431281089783,-0.01153254508972168,0.20612935721874237,0.21427500247955322,0.008145645260810852,0.002093770308420062,0.001794296083971858,-0.00029947422444820404,15.982772827148438,15.827629089355469,-0.15514373779296875,,,
5,1,BraTS-GLI-01161-000,D_useful,1.0,activation,,0.7459756731987,0.7684557437896729,0.0224800705909729,0.20612935721874237,0.17530223727226257,-0.030827119946479797,0.002093770308420062,0.0017499430105090141,-0.00034382729791104794,15.982772827148438,17.717063903808594,1.7342910766601562,,,1.0
5,1,BraTS-GLI-01161-000,E_random_matched_D_useful,1.0,activation,,0.7459756731987,0.7441494464874268,-0.0018262267112731934,0.20612935721874237,,,0.002093770308420062,,,15.982772827148438,16.134540557861328,0.15176773071289062,,,
5,1,BraTS-GLI-01161-000,D_useful,2.0,activation,,0.7459756731987,0.792682945728302,0.04670727252960205,0.20612935721874237,0.15418589115142822,-0.05194346606731415,0.002093770308420062,0.0014925391878932714,-0.0006012311205267906,15.982772827148438,19.51059913635254,3.5278263092041016,,,1.0
5,1,BraTS-GLI-01161-000,E_random_matched_D_useful,2.0,activation,,0.7459756731987,0.7450441718101501,-0.0009315013885498047,0.20612935721874237,,,0.002093770308420062,,,15.982772827148438,16.484270095825195,0.5014972686767578,,,
5,1,BraTS-GLI-01161-000,D_useful,4.0,activation,,0.7459756731987,0.8241860270500183,0.07821035385131836,0.20612935721874237,0.12716253101825714,-0.07896682620048523,0.002093770308420062,0.0010917404433712363,-0.0010020298650488257,15.982772827148438,23.150733947753906,7.167961120605469,,,1.0
5,1,BraTS-GLI-01161-000,E_random_matched_D_useful,4.0,activation,,0.7459756731987,0.7378373146057129,-0.00813835859298706,0.20612935721874237,,,0.002093770308420062,,,15.982772827148438,17.577030181884766,1.5942573547363281,,,
5,1,BraTS-GLI-01161-000,D_useful,14.0,activation,,0.7459756731987,0.8851819038391113,0.13920623064041138,0.20612935721874237,0.07921770960092545,-0.12691164761781693,0.002093770308420062,0.0003530862450134009,-0.0017406840634066612,15.982772827148438,41.60141372680664,25.618640899658203,,,1.0
5,1,BraTS-GLI-01161-000,E_random_matched_D_useful,14.0,activation,,0.7459756731987,0.1333608627319336,-0.6126148104667664,0.20612935721874237,,,0.002093770308420062,,,15.982772827148438,26.91236114501953,10.929588317871094,,,
5,2,BraTS-GLI-01189-000,A_seg,0.25,parameter,0.24999999323335934,0.7076983451843262,0.8166159987449646,0.10891765356063843,0.22122570872306824,0.16971740126609802,-0.051508307456970215,0.0029475046321749687,0.0002956886310130358,-0.002651816001161933,12.516429901123047,27.407625198364258,14.891195297241211,1.0,0.40865471959114075,
5,2,BraTS-GLI-01189-000,E_random_matched_A_seg,0.25,parameter,0.24999999387000563,0.7076983451843262,0.7053064703941345,-0.0023918747901916504,0.22122570872306824,0.22263103723526,0.0014053285121917725,0.0029475046321749687,0.002963360631838441,1.5855999663472176e-05,12.516429901123047,12.364990234375,-0.15143966674804688,,,
5,2,BraTS-GLI-01189-000,A_seg,0.5,parameter,0.49999998646671867,0.7076983451843262,0.31635937094688416,-0.391338974237442,0.22122570872306824,0.42157721519470215,0.2003515064716339,0.0029475046321749687,2.975006282213144e-05,-0.0029177545693528373,12.516429901123047,42.64196014404297,30.125530242919922,1.0,0.40865471959114075,
5,2,BraTS-GLI-01189-000,E_random_matched_A_seg,0.5,parameter,0.499999969804775,0.7076983451843262,0.7032967209815979,-0.0044016242027282715,0.22122570872306824,0.22857114672660828,0.007345438003540039,0.0029475046321749687,0.0029606849420815706,1.3180309906601906e-05,12.516429901123047,12.323880195617676,-0.1925497055053711,,,
5,2,BraTS-GLI-01189-000,A_seg,1.0,parameter,0.9999999729334373,0.7076983451843262,0.1582060605287552,-0.549492284655571,0.22122570872306824,0.6054810285568237,0.3842553198337555,0.0029475046321749687,5.41984206847701e-07,-0.002946962647968121,12.516429901123047,70.76309967041016,58.24666976928711,1.0,0.40865471959114075,
5,2,BraTS-GLI-01189-000,E_random_matched_A_seg,1.0,parameter,0.9999999431456655,0.7076983451843262,0.7000983357429504,-0.007600009441375732,0.22122570872306824,0.2284696400165558,0.007243931293487549,0.0029475046321749687,0.0028717974200844765,-7.570721209049225e-05,12.516429901123047,11.931487083435059,-0.5849428176879883,,,
5,2,BraTS-GLI-01189-000,A_seg,2.0,parameter,1.9999999458668747,0.7076983451843262,0.13687941431999207,-0.5708189308643341,0.22122570872306824,0.7125706672668457,0.49134495854377747,0.0029475046321749687,4.364872074891224e-10,-0.0029475041956877612,12.516429901123047,126.87863159179688,114.36220169067383,1.0,0.40865471959114075,
5,2,BraTS-GLI-01189-000,E_random_matched_A_seg,2.0,parameter,2.0000000401923894,0.7076983451843262,0.7109115719795227,0.003213226795196533,0.22122570872306824,0.23427796363830566,0.013052254915237427,0.0029475046321749687,0.0031549816485494375,0.0002074770163744688,12.516429901123047,11.932682991027832,-0.5837469100952148,,,
5,2,BraTS-GLI-01189-000,B_margin,0.25,parameter,0.24999999752435542,0.7076983451843262,0.8199865221977234,0.11228817701339722,0.22122570872306824,0.17113198339939117,-0.05009372532367706,0.0029475046321749687,0.0010690365452319384,-0.0018784680869430304,12.516429901123047,22.802406311035156,10.28597640991211,0.40865471959114075,1.0,
5,2,BraTS-GLI-01189-000,E_random_matched_B_margin,0.25,parameter,0.2500000014933903,0.7076983451843262,0.706181526184082,-0.0015168190002441406,0.22122570872306824,0.22274741530418396,0.0015217065811157227,0.0029475046321749687,0.002941261976957321,-6.2426552176475525e-06,12.516429901123047,12.474398612976074,-0.042031288146972656,,,
5,2,BraTS-GLI-01189-000,B_margin,0.5,parameter,0.49999999504871084,0.7076983451843262,0.8056526780128479,0.09795433282852173,0.22122570872306824,0.17836140096187592,-0.04286430776119232,0.0029475046321749687,0.0004800052847713232,-0.0024674993474036455,12.516429901123047,34.12331008911133,21.60688018798828,0.40865471959114075,1.0,
5,2,BraTS-GLI-01189-000,E_random_matched_B_margin,0.5,parameter,0.4999999854044288,0.7076983451843262,0.7091866731643677,0.001488327980041504,0.22122570872306824,0.21765907108783722,-0.003566637635231018,0.0029475046321749687,0.0029325762297958136,-1.4928402379155159e-05,12.516429901123047,12.574015617370605,0.057585716247558594,,,
5,2,BraTS-GLI-01189-000,B_margin,1.0,parameter,0.9999999900974217,0.7076983451843262,0.2539897859096527,-0.45370855927467346,0.22122570872306824,0.4594094157218933,0.23818370699882507,0.0029475046321749687,0.0002129618515027687,-0.0027345427806722,12.516429901123047,59.24515151977539,46.728721618652344,0.40865471959114075,1.0,
5,2,BraTS-GLI-01189-000,E_random_matched_B_margin,1.0,parameter,1.0000000048530637,0.7076983451843262,0.7144243717193604,0.00672602653503418,0.22122570872306824,0.21437451243400574,-0.0068511962890625,0.0029475046321749687,0.002857533050701022,-8.997158147394657e-05,12.516429901123047,12.873764038085938,0.3573341369628906,,,
5,2,BraTS-GLI-01189-000,B_margin,2.0,parameter,1.9999999801948434,0.7076983451843262,0.16172854602336884,-0.5459697991609573,0.22122570872306824,0.5712515115737915,0.35002580285072327,0.0029475046321749687,5.344788223737851e-05,-0.00289405674993759,12.516429901123047,125.90619659423828,113.38976669311523,0.40865471959114075,1.0,
5,2,BraTS-GLI-01189-000,E_random_matched_B_margin,2.0,parameter,1.9999999981955625,0.7076983451843262,0.69728022813797,-0.010418117046356201,0.22122570872306824,0.2225455939769745,0.00131988525390625,0.0029475046321749687,0.002836068859323859,-0.0001114357728511095,12.516429901123047,12.316587448120117,-0.1998424530029297,,,
5,2,BraTS-GLI-01189-000,C_total,0.25,parameter,0.25000000261934474,0.7076983451843262,0.8167341947555542,0.10903584957122803,0.22122570872306824,0.16970516741275787,-0.051520541310310364,0.0029475046321749687,0.00029409743729047477,-0.002653407194884494,12.516429901123047,27.422657012939453,14.906227111816406,0.9999929666519165,0.4121118187904358,
5,2,BraTS-GLI-01189-000,E_random_matched_C_total,0.25,parameter,0.24999999774809112,0.7076983451843262,0.7046611905097961,-0.0030371546745300293,0.22122570872306824,0.22082754969596863,-0.0003981590270996094,0.0029475046321749687,0.002961230231449008,1.3725599274039268e-05,12.516429901123047,12.432982444763184,-0.08344745635986328,,,
5,2,BraTS-GLI-01189-000,C_total,0.5,parameter,0.5000000052386895,0.7076983451843262,0.31654465198516846,-0.3911536931991577,0.22122570872306824,0.4214470088481903,0.20022130012512207,0.0029475046321749687,2.950684938696213e-05,-0.0029179977827880066,12.516429901123047,42.67213821411133,30.15570831298828,0.9999929666519165,0.4121118187904358,
5,2,BraTS-GLI-01189-000,E_random_matched_C_total,0.5,parameter,0.4999999950014171,0.7076983451843262,0.70719313621521,-0.0005052089691162109,0.22122570872306824,0.21969161927700043,-0.00153408944606781,0.0029475046321749687,0.0029918267391622066,4.432210698723793e-05,12.516429901123047,12.538658142089844,0.022228240966796875,,,
5,2,BraTS-GLI-01189-000,C_total,1.0,parameter,1.000000010477379,0.7076983451843262,0.1582060605287552,-0.549492284655571,0.22122570872306824,0.6057376861572266,0.3845119774341583,0.0029475046321749687,5.368094093682885e-07,-0.0029469678227656004,12.516429901123047,70.83090209960938,58.31447219848633,0.9999929666519165,0.4121118187904358,
5,2,BraTS-GLI-01189-000,E_random_matched_C_total,1.0,parameter,1.000000000160071,0.7076983451843262,0.6968021988868713,-0.010896146297454834,0.22122570872306824,0.23222553730010986,0.010999828577041626,0.0029475046321749687,0.0028301263228058815,-0.00011737830936908722,12.516429901123047,12.303390502929688,-0.21303939819335938,,,
5,2,BraTS-GLI-01189-000,C_total,2.0,parameter,2.000000020954758,0.7076983451843262,0.1369081288576126,-0.5707902163267136,0.22122570872306824,0.7130199670791626,0.49179425835609436,0.0029475046321749687,4.3202852406665215e-10,-0.0029475042001464447,12.516429901123047,127.06863403320312,114.55220413208008,0.9999929666519165,0.4121118187904358,
5,2,BraTS-GLI-01189-000,E_random_matched_C_total,2.0,parameter,2.000000017869752,0.7076983451843262,0.686454176902771,-0.021244168281555176,0.22122570872306824,0.2313435673713684,0.010117858648300171,0.0029475046321749687,0.0027476053219288588,-0.00019989931024610996,12.516429901123047,11.774847984313965,-0.741581916809082,,,
5,2,BraTS-GLI-01189-000,D_useful,1.0,activation,,0.7076983451843262,0.7305619716644287,0.02286362648010254,0.22122570872306824,0.1904127597808838,-0.030812948942184448,0.0029475046321749687,0.002550085075199604,-0.0003974195569753647,12.516429901123047,14.227542877197266,1.7111129760742188,,,1.0
5,2,BraTS-GLI-01189-000,E_random_matched_D_useful,1.0,activation,,0.7076983451843262,0.7065961956977844,-0.001102149486541748,0.22122570872306824,,,0.0029475046321749687,,,12.516429901123047,12.707366943359375,0.19093704223632812,,,
5,2,BraTS-GLI-01189-000,D_useful,2.0,activation,,0.7076983451843262,0.7571240067481995,0.04942566156387329,0.22122570872306824,0.16874364018440247,-0.05248206853866577,0.0029475046321749687,0.002232327125966549,-0.0007151775062084198,12.516429901123047,16.007339477539062,3.4909095764160156,,,1.0
5,2,BraTS-GLI-01189-000,E_random_matched_D_useful,2.0,activation,,0.7076983451843262,0.7076983451843262,0.0,0.22122570872306824,,,0.0029475046321749687,,,12.516429901123047,13.113229751586914,0.5967998504638672,,,
5,2,BraTS-GLI-01189-000,D_useful,4.0,activation,,0.7076983451843262,0.7943496704101562,0.08665132522583008,0.22122570872306824,0.14028508961200714,-0.0809406191110611,0.0029475046321749687,0.0017683437326923013,-0.0011791608994826674,12.516429901123047,19.617149353027344,7.100719451904297,,,1.0
5,2,BraTS-GLI-01189-000,E_random_matched_D_useful,4.0,activation,,0.7076983451843262,0.7079680562019348,0.0002697110176086426,0.22122570872306824,,,0.0029475046321749687,,,12.516429901123047,14.32461166381836,1.8081817626953125,,,
5,2,BraTS-GLI-01189-000,D_useful,14.0,activation,,0.7076983451843262,0.856993556022644,0.14929521083831787,0.22122570872306824,0.08888183534145355,-0.13234387338161469,0.0029475046321749687,0.0007388644735328853,-0.0022086401586420834,12.516429901123047,37.88673782348633,25.37030792236328,,,1.0
5,2,BraTS-GLI-01189-000,E_random_matched_D_useful,14.0,activation,,0.7076983451843262,0.12880204617977142,-0.5788962990045547,0.22122570872306824,,,0.0029475046321749687,,,12.516429901123047,24.455347061157227,11.93891716003418,,,
5,3,BraTS-GLI-01336-000,A_seg,0.25,parameter,0.24999998898783793,0.910780668258667,0.8171544671058655,-0.09362620115280151,0.16033411026000977,0.18460744619369507,0.024273335933685303,0.000751812185626477,0.00016402579785790294,-0.0005877863877685741,30.652544021606445,61.02873992919922,30.376195907592773,1.0,0.12298533320426941,
5,3,BraTS-GLI-01336-000,E_random_matched_A_seg,0.25,parameter,0.24999999429928715,0.910780668258667,0.9099032282829285,-0.0008774399757385254,0.16033411026000977,0.16203927993774414,0.001705169677734375,0.000751812185626477,0.0007462393259629607,-5.572859663516283e-06,30.652544021606445,30.54109001159668,-0.11145401000976562,,,
5,3,BraTS-GLI-01336-000,A_seg,0.5,parameter,0.49999997797567586,0.910780668258667,0.6163522005081177,-0.2944284677505493,0.16033411026000977,0.28428924083709717,0.1239551305770874,0.000751812185626477,1.626514313102234e-05,-0.0007355470424954547,30.652544021606445,91.15707397460938,60.50452995300293,1.0,0.12298533320426941,
5,3,BraTS-GLI-01336-000,E_random_matched_A_seg,0.5,parameter,0.49999999858118827,0.910780668258667,0.9140104055404663,0.0032297372817993164,0.16033411026000977,0.16150063276290894,0.00116652250289917,0.000751812185626477,0.0007375255809165537,-1.4286604709923267e-05,30.652544021606445,30.717445373535156,0.06490135192871094,,,
5,3,BraTS-GLI-01336-000,A_seg,1.0,parameter,0.9999999559513517,0.910780668258667,0.07250554859638214,-0.8382751196622849,0.16033411026000977,0.6246743202209473,0.4643402099609375,0.000751812185626477,2.642076140091376e-07,-0.0007515479780124679,30.652544021606445,147.3993682861328,116.74682426452637,1.0,0.12298533320426941,
5,3,BraTS-GLI-01336-000,E_random_matched_A_seg,1.0,parameter,0.9999999359424672,0.910780668258667,0.9186003804206848,0.007819712162017822,0.16033411026000977,0.15627524256706238,-0.004058867692947388,0.000751812185626477,0.0008049382595345378,5.312607390806079e-05,30.652544021606445,31.698942184448242,1.0463981628417969,,,
5,3,BraTS-GLI-01336-000,A_seg,2.0,parameter,1.9999999119027034,0.910780668258667,0.05414261668920517,-0.8566380515694618,0.16033411026000977,0.7880875468254089,0.6277534365653992,0.000751812185626477,2.9792814049134364e-11,-0.000751812155833663,30.652544021606445,276.94390869140625,246.2913646697998,1.0,0.12298533320426941,
5,3,BraTS-GLI-01336-000,E_random_matched_A_seg,2.0,parameter,1.9999999230785745,0.910780668258667,0.9050112366676331,-0.0057694315910339355,0.16033411026000977,0.17732544243335724,0.016991332173347473,0.000751812185626477,0.0007308374042622745,-2.09747813642025e-05,30.652544021606445,31.45928955078125,0.8067455291748047,,,
5,3,BraTS-GLI-01336-000,B_margin,0.25,parameter,0.2500000071479461,0.910780668258667,0.916967511177063,0.006186842918395996,0.16033411026000977,0.15891611576080322,-0.001417994499206543,0.000751812185626477,0.0006450237124226987,-0.00010678847320377827,30.652544021606445,32.33455276489258,1.6820087432861328,0.12298533320426941,1.0,
5,3,BraTS-GLI-01336-000,E_random_matched_B_margin,0.25,parameter,0.2500000103646014,0.910780668258667,0.9119940400123596,0.001213371753692627,0.16033411026000977,0.1601487398147583,-0.00018537044525146484,0.000751812185626477,0.0007488916162401438,-2.920569386333227e-06,30.652544021606445,30.56369972229004,-0.08884429931640625,,,
5,3,BraTS-GLI-01336-000,B_margin,0.5,parameter,0.5000000142958922,0.910780668258667,0.8936019539833069,-0.017178714275360107,0.16033411026000977,0.16828832030296326,0.007954210042953491,0.000751812185626477,0.0002642315230332315,-0.0004875806625932455,30.652544021606445,36.27273941040039,5.620195388793945,0.12298533320426941,1.0,
5,3,BraTS-GLI-01336-000,E_random_matched_B_margin,0.5,parameter,0.5000000024228939,0.910780668258667,0.9100371599197388,-0.0007435083389282227,0.16033411026000977,0.16210387647151947,0.0017697662115097046,0.000751812185626477,0.0007525182445533574,7.060589268803596e-07,30.652544021606445,30.525272369384766,-0.1272716522216797,,,
5,3,BraTS-GLI-01336-000,B_margin,1.0,parameter,1.0000000285917845,0.910780668258667,0.8088285326957703,-0.10195213556289673,0.16033411026000977,0.20791667699813843,0.04758256673812866,0.000751812185626477,9.07396970433183e-05,-0.0006610724885831587,30.652544021606445,48.492279052734375,17.83973503112793,0.12298533320426941,1.0,
5,3,BraTS-GLI-01336-000,E_random_matched_B_margin,1.0,parameter,1.0000000283762343,0.910780668258667,0.9083457589149475,-0.0024349093437194824,0.16033411026000977,0.16271166503429413,0.002377554774284363,0.000751812185626477,0.0007810131646692753,2.920097904279828e-05,30.652544021606445,30.925390243530273,0.2728462219238281,,,
5,3,BraTS-GLI-01336-000,B_margin,2.0,parameter,2.000000057183569,0.910780668258667,0.3204231858253479,-0.5903574824333191,0.16033411026000977,0.43947166204452515,0.2791375517845154,0.000751812185626477,2.0002617020509206e-05,-0.0007318095686059678,30.652544021606445,83.09898376464844,52.44643974304199,0.12298533320426941,1.0,
5,3,BraTS-GLI-01336-000,E_random_matched_B_margin,2.0,parameter,2.0000000326253935,0.910780668258667,0.9047976136207581,-0.0059830546379089355,0.16033411026000977,0.1621147096157074,0.0017805993556976318,0.000751812185626477,0.0007854768191464245,3.366463351994753e-05,30.652544021606445,30.91217613220215,0.2596321105957031,,,
5,3,BraTS-GLI-01336-000,C_total,0.25,parameter,0.2500000004074536,0.910780668258667,0.8173912763595581,-0.09338939189910889,0.16033411026000977,0.18460272252559662,0.024268612265586853,0.000751812185626477,0.00016438134480267763,-0.0005874308408237994,30.652544021606445,61.01523971557617,30.362695693969727,0.9999856948852539,0.12829789519309998,
5,3,BraTS-GLI-01336-000,E_random_matched_C_total,0.25,parameter,0.2499999861684042,0.910780668258667,0.9119940400123596,0.001213371753692627,0.16033411026000977,0.15964320302009583,-0.0006909072399139404,0.000751812185626477,0.0007408938836306334,-1.0918301995843649e-05,30.652544021606445,30.7872314453125,0.1346874237060547,,,
5,3,BraTS-GLI-01336-000,C_total,0.5,parameter,0.5000000008149073,0.910780668258667,0.6163522005081177,-0.2944284677505493,0.16033411026000977,0.28426647186279297,0.1239323616027832,0.000751812185626477,1.6782156308181584e-05,-0.0007350300293182954,30.652544021606445,91.13024139404297,60.47769737243652,0.9999856948852539,0.12829789519309998,
5,3,BraTS-GLI-01336-000,E_random_matched_C_total,0.5,parameter,0.4999999981446308,0.910780668258667,0.915742814540863,0.004962146282196045,0.16033411026000977,0.16157454252243042,0.0012404322624206543,0.000751812185626477,0.0007420475594699383,-9.764626156538725e-06,30.652544021606445,31.460174560546875,0.8076305389404297,,,
5,3,BraTS-GLI-01336-000,C_total,1.0,parameter,1.0000000016298145,0.910780668258667,0.07251480221748352,-0.8382658660411835,0.16033411026000977,0.6247233748435974,0.46438926458358765,0.000751812185626477,2.771703293547034e-07,-0.0007515350152971223,30.652544021606445,147.3417510986328,116.68920707702637,0.9999856948852539,0.12829789519309998,
5,3,BraTS-GLI-01336-000,E_random_matched_C_total,1.0,parameter,1.0000000291911415,0.910780668258667,0.904315173625946,-0.006465494632720947,0.16033411026000977,0.16699060797691345,0.0066564977169036865,0.000751812185626477,0.0007552208262495697,3.4086406230926514e-06,30.652544021606445,30.213685989379883,-0.4388580322265625,,,
5,3,BraTS-GLI-01336-000,C_total,2.0,parameter,2.000000003259629,0.910780668258667,0.05414570868015289,-0.8566349595785141,0.16033411026000977,0.788044273853302,0.6277101635932922,0.000751812185626477,4.001099451755863e-11,-0.0007518121456154825,30.652544021606445,276.8019714355469,246.14942741394043,0.9999856948852539,0.12829789519309998,
5,3,BraTS-GLI-01336-000,E_random_matched_C_total,2.0,parameter,2.000000082916811,0.910780668258667,0.8873510360717773,-0.02342963218688965,0.16033411026000977,0.16096770763397217,0.0006335973739624023,0.000751812185626477,0.000811118574347347,5.930638872087002e-05,30.652544021606445,28.668636322021484,-1.983907699584961,,,
5,3,BraTS-GLI-01336-000,D_useful,1.0,activation,,0.910780668258667,0.9238728880882263,0.013092219829559326,0.16033411026000977,0.1266860067844391,-0.03364810347557068,0.000751812185626477,0.0006470201187767088,-0.00010479206684976816,30.652544021606445,32.54103088378906,1.8884868621826172,,,1.0
5,3,BraTS-GLI-01336-000,E_random_matched_D_useful,1.0,activation,,0.910780668258667,0.9116555452346802,0.0008748769760131836,0.16033411026000977,,,0.000751812185626477,,,30.652544021606445,30.709007263183594,0.05646324157714844,,,
5,3,BraTS-GLI-01336-000,D_useful,2.0,activation,,0.910780668258667,0.9348546266555786,0.02407395839691162,0.16033411026000977,0.10682833194732666,-0.053505778312683105,0.000751812185626477,0.0006040551816113293,-0.00014775700401514769,30.652544021606445,34.451385498046875,3.7988414764404297,,,1.0
5,3,BraTS-GLI-01336-000,E_random_matched_D_useful,2.0,activation,,0.910780668258667,0.9071934223175049,-0.0035872459411621094,0.16033411026000977,,,0.000751812185626477,,,30.652544021606445,30.890029907226562,0.2374858856201172,,,
5,3,BraTS-GLI-01336-000,D_useful,4.0,activation,,0.910780668258667,0.9525547623634338,0.041774094104766846,0.16033411026000977,0.08617006987333298,-0.07416404038667679,0.000751812185626477,0.0004864981456194073,-0.0002653140400070697,30.652544021606445,38.29893112182617,7.646387100219727,,,1.0
5,3,BraTS-GLI-01336-000,E_random_matched_D_useful,4.0,activation,,0.910780668258667,0.9139268398284912,0.0031461715698242188,0.16033411026000977,,,0.000751812185626477,,,30.652544021606445,31.493118286132812,0.8405742645263672,,,
5,3,BraTS-GLI-01336-000,D_useful,14.0,activation,,0.910780668258667,0.9780969619750977,0.06731629371643066,0.16033411026000977,0.05381001904606819,-0.10652409121394157,0.000751812185626477,0.00017182095325551927,-0.0005799912323709577,30.652544021606445,57.690311431884766,27.03776741027832,,,1.0
5,3,BraTS-GLI-01336-000,E_random_matched_D_useful,14.0,activation,,0.910780668258667,0.0906207486987114,-0.8201599195599556,0.16033411026000977,,,0.000751812185626477,,,30.652544021606445,37.98350524902344,7.330961227416992,,,
5,4,BraTS-GLI-00250-000,A_seg,0.25,parameter,0.24999999308056423,0.8810408711433411,0.8375341892242432,-0.0435066819190979,0.14751264452934265,0.16091236472129822,0.013399720191955566,0.001086974167264998,0.0003634269814938307,-0.0007235471857711673,28.200618743896484,53.2697639465332,25.06914520263672,1.0,0.1391187310218811,
5,4,BraTS-GLI-00250-000,E_random_matched_A_seg,0.25,parameter,0.24999999635110723,0.8810408711433411,0.8819161057472229,0.0008752346038818359,0.14751264452934265,0.14853137731552124,0.0010187327861785889,0.001086974167264998,0.0011182770831510425,3.13029158860445e-05,28.200618743896484,28.301599502563477,0.10098075866699219,,,
5,4,BraTS-GLI-00250-000,A_seg,0.5,parameter,0.49999998616112845,0.8810408711433411,0.6439621448516846,-0.2370787262916565,0.14751264452934265,0.25773245096206665,0.110219806432724,0.001086974167264998,4.902497312286869e-05,-0.0010379491941421293,28.200618743896484,78.6582260131836,50.45760726928711,1.0,0.1391187310218811,
5,4,BraTS-GLI-00250-000,E_random_matched_A_seg,0.5,parameter,0.499999989857315,0.8810408711433411,0.8804610371589661,-0.000579833984375,0.14751264452934265,0.14762762188911438,0.00011497735977172852,0.001086974167264998,0.0010345566552132368,-5.241751205176115e-05,28.200618743896484,28.274761199951172,0.0741424560546875,,,
5,4,BraTS-GLI-00250-000,A_seg,1.0,parameter,0.9999999723222569,0.8810408711433411,0.1569327563047409,-0.7241081148386002,0.14751264452934265,0.5655393600463867,0.41802671551704407,0.001086974167264998,1.1161351949340315e-06,-0.001085858032070064,28.200618743896484,127.49311828613281,99.29249954223633,1.0,0.1391187310218811,
5,4,BraTS-GLI-00250-000,E_random_matched_A_seg,1.0,parameter,0.9999999775463946,0.8810408711433411,0.8789571523666382,-0.002083718776702881,0.14751264452934265,0.1491663157939911,0.0016536712646484375,0.001086974167264998,0.001048340112902224,-3.8634054362773895e-05,28.200618743896484,27.73729705810547,-0.4633216857910156,,,
5,4,BraTS-GLI-00250-000,A_seg,2.0,parameter,1.9999999446445138,0.8810408711433411,0.11909094452857971,-0.7619499266147614,0.14751264452934265,0.7125316858291626,0.56501904129982,0.001086974167264998,1.5009211928873611e-10,-0.0010869740171728787,28.200618743896484,239.9455108642578,211.74489212036133,1.0,0.1391187310218811,
5,4,BraTS-GLI-00250-000,E_random_matched_A_seg,2.0,parameter,1.9999999480787658,0.8810408711433411,0.881223201751709,0.00018233060836791992,0.14751264452934265,0.13903333246707916,-0.008479312062263489,0.001086974167264998,0.0011153557570651174,2.83815898001194e-05,28.200618743896484,27.63195037841797,-0.5686683654785156,,,
5,4,BraTS-GLI-00250-000,B_margin,0.25,parameter,0.2500000021846063,0.8810408711433411,0.8908533453941345,0.009812474250793457,0.14751264452934265,0.14483578503131866,-0.002676859498023987,0.001086974167264998,0.000678644108120352,-0.00040833005914464593,28.200618743896484,30.44607162475586,2.245452880859375,0.1391187310218811,1.0,
5,4,BraTS-GLI-00250-000,E_random_matched_B_margin,0.25,parameter,0.2500000077270669,0.8810408711433411,0.882331132888794,0.0012902617454528809,0.14751264452934265,0.1479320526123047,0.00041940808296203613,0.001086974167264998,0.0010921930661424994,5.218898877501488e-06,28.200618743896484,28.248493194580078,0.04787445068359375,,,
5,4,BraTS-GLI-00250-000,B_margin,0.5,parameter,0.5000000043692125,0.8810408711433411,0.8790861368179321,-0.0019547343254089355,0.14751264452934265,0.1510266661643982,0.003514021635055542,0.001086974167264998,0.0005697369342669845,-0.0005172372329980135,28.200618743896484,34.51107406616211,6.310455322265625,0.1391187310218811,1.0,
5,4,BraTS-GLI-00250-000,E_random_matched_B_margin,0.5,parameter,0.5000000005566108,0.8810408711433411,0.8799403309822083,-0.0011005401611328125,0.14751264452934265,0.14974410831928253,0.0022314637899398804,0.001086974167264998,0.0011235008714720607,3.652670420706272e-05,28.200618743896484,28.064184188842773,-0.13643455505371094,,,
5,4,BraTS-GLI-00250-000,B_margin,1.0,parameter,1.000000008738425,0.8810408711433411,0.8250560760498047,-0.05598479509353638,0.14751264452934265,0.1868714988231659,0.03935885429382324,0.001086974167264998,0.00031682534608989954,-0.0007701488211750984,28.200618743896484,46.059852600097656,17.859233856201172,0.1391187310218811,1.0,
5,4,BraTS-GLI-00250-000,E_random_matched_B_margin,1.0,parameter,1.000000025705958,0.8810408711433411,0.8776655197143555,-0.0033753514289855957,0.14751264452934265,0.15113456547260284,0.003621920943260193,0.001086974167264998,0.0011246545473113656,3.7680380046367645e-05,28.200618743896484,27.61895179748535,-0.5816669464111328,,,
5,4,BraTS-GLI-00250-000,B_margin,2.0,parameter,2.00000001747685,0.8810408711433411,0.40959975123405457,-0.4714411199092865,0.14751264452934265,0.37714165449142456,0.2296290099620819,0.001086974167264998,0.00010164707055082545,-0.0009853270967141725,28.200618743896484,77.99052429199219,49.7899055480957,0.1391187310218811,1.0,
5,4,BraTS-GLI-00250-000,E_random_matched_B_margin,2.0,parameter,2.0000000494183037,0.8810408711433411,0.8808193802833557,-0.00022149085998535156,0.14751264452934265,0.14337527751922607,-0.004137367010116577,0.001086974167264998,0.0012742539402097464,0.0001872797729447484,28.200618743896484,27.27808380126953,-0.9225349426269531,,,
5,4,BraTS-GLI-00250-000,C_total,0.25,parameter,0.250000001542503,0.8810408711433411,0.8375341892242432,-0.0435066819190979,0.14751264452934265,0.1609123945236206,0.013399749994277954,0.001086974167264998,0.0003659682406578213,-0.0007210059266071767,28.200618743896484,53.26311492919922,25.062496185302734,0.9999898076057434,0.14358723163604736,
5,4,BraTS-GLI-00250-000,E_random_matched_C_total,0.25,parameter,0.24999999825377017,0.8810408711433411,0.8799106478691101,-0.001130223274230957,0.14751264452934265,0.14940416812896729,0.0018915235996246338,0.001086974167264998,0.0010755289113149047,-1.144525595009327e-05,28.200618743896484,28.35504913330078,0.15443038940429688,,,
5,4,BraTS-GLI-00250-000,C_total,0.5,parameter,0.500000003085006,0.8810408711433411,0.6429603099822998,-0.23808056116104126,0.14751264452934265,0.2580505609512329,0.11053791642189026,0.001086974167264998,4.887438262812793e-05,-0.00103809978463687,28.200618743896484,78.64299011230469,50.4423713684082,0.9999898076057434,0.14358723163604736,
5,4,BraTS-GLI-00250-000,E_random_matched_C_total,0.5,parameter,0.5000000082873156,0.8810408711433411,0.8841949105262756,0.0031540393829345703,0.14751264452934265,0.14542517066001892,-0.0020874738693237305,0.001086974167264998,0.001106451847590506,1.9477680325508118e-05,28.200618743896484,28.89011001586914,0.6894912719726562,,,
5,4,BraTS-GLI-00250-000,C_total,1.0,parameter,1.000000006170012,0.8810408711433411,0.1568700522184372,-0.7241708189249039,0.14751264452934265,0.5655540823936462,0.4180414378643036,0.001086974167264998,1.1498406138343853e-06,-0.0010858243266511636,28.200618743896484,127.45806884765625,99.25745010375977,0.9999898076057434,0.14358723163604736,
5,4,BraTS-GLI-00250-000,E_random_matched_C_total,1.0,parameter,0.9999999948049663,0.8810408711433411,0.8835400938987732,0.002499222755432129,0.14751264452934265,0.14817509055137634,0.0006624460220336914,0.001086974167264998,0.0012098458828404546,0.00012287171557545662,28.200618743896484,28.69961929321289,0.49900054931640625,,,
5,4,BraTS-GLI-00250-000,C_total,2.0,parameter,2.000000012340024,0.8810408711433411,0.11906205862760544,-0.7619788125157356,0.14751264452934265,0.7122708559036255,0.5647582113742828,0.001086974167264998,1.7194580481660893e-10,-0.0010869739953191931,28.200618743896484,239.82568359375,211.62506484985352,0.9999898076057434,0.14358723163604736,
5,4,BraTS-GLI-00250-000,E_random_matched_C_total,2.0,parameter,1.9999999952269718,0.8810408711433411,0.8758414387702942,-0.005199432373046875,0.14751264452934265,0.1525350958108902,0.005022451281547546,0.001086974167264998,0.001036274479702115,-5.06996875628829e-05,28.200618743896484,28.55093002319336,0.350311279296875,,,
5,4,BraTS-GLI-00250-000,D_useful,1.0,activation,,0.8810408711433411,0.8930352926254272,0.011994421482086182,0.14751264452934265,0.12582166492938995,-0.021690979599952698,0.001086974167264998,0.0009026196203194559,-0.0001843545469455421,28.200618743896484,30.041210174560547,1.8405914306640625,,,1.0
5,4,BraTS-GLI-00250-000,E_random_matched_D_useful,1.0,activation,,0.8810408711433411,0.881456732749939,0.0004158616065979004,0.14751264452934265,,,0.001086974167264998,,,28.200618743896484,28.289653778076172,0.0890350341796875,,,
5,4,BraTS-GLI-00250-000,D_useful,2.0,activation,,0.8810408711433411,0.9025866985321045,0.021545827388763428,0.14751264452934265,0.11185562610626221,-0.035657018423080444,0.001086974167264998,0.0008132219081744552,-0.0002737522590905428,28.200618743896484,31.911279678344727,3.710660934448242,,,1.0
5,4,BraTS-GLI-00250-000,E_random_matched_D_useful,2.0,activation,,0.8810408711433411,0.8806998133659363,-0.00034105777740478516,0.14751264452934265,,,0.001086974167264998,,,28.200618743896484,28.503374099731445,0.30275535583496094,,,
5,4,BraTS-GLI-00250-000,D_useful,4.0,activation,,0.8810408711433411,0.9180148839950562,0.03697401285171509,0.14751264452934265,0.09489722549915314,-0.052615419030189514,0.001086974167264998,0.0006745385471731424,-0.0004124356200918555,28.200618743896484,35.68389892578125,7.483280181884766,,,1.0
5,4,BraTS-GLI-00250-000,E_random_matched_D_useful,4.0,activation,,0.8810408711433411,0.882091224193573,0.0010503530502319336,0.14751264452934265,,,0.001086974167264998,,,28.200618743896484,29.202608108520508,1.0019893646240234,,,
5,4,BraTS-GLI-00250-000,D_useful,14.0,activation,,0.8810408711433411,0.9421250820159912,0.061084210872650146,0.14751264452934265,0.06259908527135849,-0.08491355925798416,0.001086974167264998,0.00027531912201084197,-0.000811655045254156,28.200618743896484,54.72726058959961,26.526641845703125,,,1.0
5,4,BraTS-GLI-00250-000,E_random_matched_D_useful,14.0,activation,,0.8810408711433411,0.16411206126213074,-0.7169288098812103,0.14751264452934265,,,0.001086974167264998,,,28.200618743896484,36.0154914855957,7.814872741699219,,,
5,5,BraTS-GLI-00501-000,A_seg,0.25,parameter,0.2500000068102962,0.7430650591850281,0.8727020621299744,0.1296370029449463,0.19650496542453766,0.14194118976593018,-0.05456377565860748,0.0038043889217078686,0.00022563309175893664,-0.003578755829948932,15.713175773620605,35.237274169921875,19.52409839630127,1.0,-0.013476170599460602,
5,5,BraTS-GLI-00501-000,E_random_matched_A_seg,0.25,parameter,0.2500000124600771,0.7430650591850281,0.7419208288192749,-0.0011442303657531738,0.19650496542453766,0.19719742238521576,0.0006924569606781006,0.0038043889217078686,0.003834600793197751,3.021187148988247e-05,15.713175773620605,15.702033996582031,-0.011141777038574219,,,
5,5,BraTS-GLI-00501-000,A_seg,0.5,parameter,0.5000000136205924,0.7430650591850281,0.43189290165901184,-0.31117215752601624,0.19650496542453766,0.35648560523986816,0.1599806398153305,0.0038043889217078686,1.32285276777111e-05,-0.0037911603940301575,15.713175773620605,55.720584869384766,40.00740909576416,1.0,-0.013476170599460602,
5,5,BraTS-GLI-00501-000,E_random_matched_A_seg,0.5,parameter,0.5000000066247594,0.7430650591850281,0.7416931986808777,-0.0013718605041503906,0.19650496542453766,0.1985999047756195,0.002094939351081848,0.0038043889217078686,0.0037442112807184458,-6.01776409894228e-05,15.713175773620605,15.71406364440918,0.0008878707885742188,,,
5,5,BraTS-GLI-00501-000,A_seg,1.0,parameter,1.0000000272411849,0.7430650591850281,0.23840686678886414,-0.5046581923961639,0.19650496542453766,0.5617998838424683,0.3652949184179306,0.0038043889217078686,6.625730009091058e-08,-0.0038043226644077777,15.713175773620605,96.99374389648438,81.28056812286377,1.0,-0.013476170599460602,
5,5,BraTS-GLI-00501-000,E_random_matched_A_seg,1.0,parameter,1.0000000700529175,0.7430650591850281,0.7447508573532104,0.001685798168182373,0.19650496542453766,0.19667382538318634,0.00016885995864868164,0.0038043889217078686,0.0035944778937846422,-0.00020991102792322636,15.713175773620605,15.822921752929688,0.10974597930908203,,,
5,5,BraTS-GLI-00501-000,A_seg,2.0,parameter,2.0000000544823697,0.7430650591850281,0.2038993239402771,-0.539165735244751,0.19650496542453766,0.7051343321800232,0.5086293667554855,0.0038043889217078686,2.931975680037918e-13,-0.003804388921414671,15.713175773620605,194.0547637939453,178.3415880203247,1.0,-0.013476170599460602,
5,5,BraTS-GLI-00501-000,E_random_matched_A_seg,2.0,parameter,2.000000098691087,0.7430650591850281,0.7502543926239014,0.007189333438873291,0.19650496542453766,0.19502981007099152,-0.0014751553535461426,0.0038043889217078686,0.0037901417817920446,-1.4247139915823936e-05,15.713175773620605,16.074445724487305,0.3612699508666992,,,
5,5,BraTS-GLI-00501-000,B_margin,0.25,parameter,0.24999999522956523,0.7430650591850281,0.7359307408332825,-0.0071343183517456055,0.19650496542453766,0.20371001958847046,0.0072050541639328,0.0038043889217078686,0.0012673161691054702,-0.0025370727526023984,15.713175773620605,16.70201301574707,0.9888372421264648,-0.013476170599460602,1.0,
5,5,BraTS-GLI-00501-000,E_random_matched_B_margin,0.25,parameter,0.25000000842919673,0.7430650591850281,0.7435518503189087,0.00048679113388061523,0.19650496542453766,0.19521544873714447,-0.0012895166873931885,0.0038043889217078686,0.0037849980872124434,-1.9390834495425224e-05,15.713175773620605,15.769980430603027,0.056804656982421875,,,
5,5,BraTS-GLI-00501-000,B_margin,0.5,parameter,0.49999999045913046,0.7430650591850281,0.7331897020339966,-0.009875357151031494,0.19650496542453766,0.21440589427947998,0.017900928854942322,0.0038043889217078686,0.0006402329890988767,-0.003164155932608992,15.713175773620605,19.181602478027344,3.4684267044067383,-0.013476170599460602,1.0,
5,5,BraTS-GLI-00501-000,E_random_matched_B_margin,0.5,parameter,0.49999999162537273,0.7430650591850281,0.7418032884597778,-0.0012617707252502441,0.19650496542453766,0.19769321382045746,0.0011882483959197998,0.0038043889217078686,0.0037324712611734867,-7.191766053438187e-05,15.713175773620605,15.728734016418457,0.015558242797851562,,,
5,5,BraTS-GLI-00501-000,B_margin,1.0,parameter,0.9999999809182609,0.7430650591850281,0.7151813507080078,-0.027883708477020264,0.19650496542453766,0.24469280242919922,0.04818783700466156,0.0038043889217078686,0.00020747903909068555,-0.003596909882617183,15.713175773620605,26.001314163208008,10.288138389587402,-0.013476170599460602,1.0,
5,5,BraTS-GLI-00501-000,E_random_matched_B_margin,1.0,parameter,0.9999999799038048,0.7430650591850281,0.7385844588279724,-0.004480600357055664,0.19650496542453766,0.2005336880683899,0.004028722643852234,0.0038043889217078686,0.003969181794673204,0.00016479287296533585,15.713175773620605,15.429734230041504,-0.28344154357910156,,,
5,5,BraTS-GLI-00501-000,B_margin,2.0,parameter,1.9999999618365218,0.7430650591850281,0.6472236514091492,-0.0958414077758789,0.19650496542453766,0.34749048948287964,0.15098552405834198,0.0038043889217078686,2.3224834876600653e-05,-0.003781164086831268,15.713175773620605,43.092716217041016,27.37954044342041,-0.013476170599460602,1.0,
5,5,BraTS-GLI-00501-000,E_random_matched_B_margin,2.0,parameter,2.000000022482709,0.7430650591850281,0.7505648732185364,0.007499814033508301,0.19650496542453766,0.19470174610614777,-0.0018032193183898926,0.0038043889217078686,0.00375286559574306,-5.1523325964808464e-05,15.713175773620605,15.928667068481445,0.21549129486083984,,,
5,5,BraTS-GLI-00501-000,C_total,0.25,parameter,0.24999998901330375,0.7430650591850281,0.8726263642311096,0.12956130504608154,0.19650496542453766,0.14190788567066193,-0.05459707975387573,0.0038043889217078686,0.00022508666734211147,-0.003579302254365757,15.713175773620605,35.23392868041992,19.520752906799316,0.9999878406524658,-0.008545414544641972,
5,5,BraTS-GLI-00501-000,E_random_matched_C_total,0.25,parameter,0.25000000254658516,0.7430650591850281,0.7429221272468567,-0.00014293193817138672,0.19650496542453766,0.1975550353527069,0.0010500699281692505,0.0038043889217078686,0.00376682635396719,-3.756256774067879e-05,15.713175773620605,15.69437026977539,-0.018805503845214844,,,
5,5,BraTS-GLI-00501-000,C_total,0.5,parameter,0.4999999780266075,0.7430650591850281,0.43216678500175476,-0.3108982741832733,0.19650496542453766,0.35632267594337463,0.15981771051883698,0.0038043889217078686,1.3094177120365202e-05,-0.0037912947445875034,15.713175773620605,55.71503448486328,40.001858711242676,0.9999878406524658,-0.008545414544641972,
5,5,BraTS-GLI-00501-000,E_random_matched_C_total,0.5,parameter,0.4999999764040689,0.7430650591850281,0.7406310439109802,-0.0024340152740478516,0.19650496542453766,0.19648624956607819,-1.8715858459472656e-05,0.0038043889217078686,0.0038665567990392447,6.216787733137608e-05,15.713175773620605,15.545950889587402,-0.16722488403320312,,,
5,5,BraTS-GLI-00501-000,C_total,1.0,parameter,0.999999956053215,0.7430650591850281,0.23841719329357147,-0.5046478658914566,0.19650496542453766,0.5619126558303833,0.36540769040584564,0.0038043889217078686,6.385202055980699e-08,-0.0038043250696873088,15.713175773620605,96.9886245727539,81.2754487991333,0.9999878406524658,-0.008545414544641972,
5,5,BraTS-GLI-00501-000,E_random_matched_C_total,1.0,parameter,0.9999999679494062,0.7430650591850281,0.7391700744628906,-0.003894984722137451,0.19650496542453766,0.19932571053504944,0.00282074511051178,0.0038043889217078686,0.003859625430777669,5.523650906980038e-05,15.713175773620605,15.260412216186523,-0.45276355743408203,,,
5,5,BraTS-GLI-00501-000,C_total,2.0,parameter,1.99999991210643,0.7430650591850281,0.2038993239402771,-0.539165735244751,0.19650496542453766,0.7054367065429688,0.5089317411184311,0.0038043889217078686,2.311205155210161e-13,-0.003804388921476748,15.713175773620605,194.09567260742188,178.38249683380127,0.9999878406524658,-0.008545414544641972,
5,5,BraTS-GLI-00501-000,E_random_matched_C_total,2.0,parameter,1.9999999206920605,0.7430650591850281,0.7511005997657776,0.008035540580749512,0.19650496542453766,0.193398118019104,-0.003106847405433655,0.0038043889217078686,0.0036034511867910624,-0.00020093773491680622,15.713175773620605,16.45787239074707,0.7446966171264648,,,
5,5,BraTS-GLI-00501-000,D_useful,1.0,activation,,0.7430650591850281,0.7647914290428162,0.021726369857788086,0.19650496542453766,0.17321330308914185,-0.023291662335395813,0.0038043889217078686,0.0033138717990368605,-0.0004905171226710081,15.713175773620605,17.430856704711914,1.7176809310913086,,,1.0
5,5,BraTS-GLI-00501-000,E_random_matched_D_useful,1.0,activation,,0.7430650591850281,0.7435780763626099,0.0005130171775817871,0.19650496542453766,,,0.0038043889217078686,,,15.713175773620605,15.885069847106934,0.17189407348632812,,,
5,5,BraTS-GLI-00501-000,D_useful,2.0,activation,,0.7430650591850281,0.7868059277534485,0.04374086856842041,0.19650496542453766,0.15599820017814636,-0.040506765246391296,0.0038043889217078686,0.002899463986977935,-0.0009049249347299337,15.713175773620605,19.21415138244629,3.5009756088256836,,,1.0
5,5,BraTS-GLI-00501-000,E_random_matched_D_useful,2.0,activation,,0.7430650591850281,0.7440381646156311,0.0009731054306030273,0.19650496542453766,,,0.0038043889217078686,,,15.713175773620605,16.242158889770508,0.5289831161499023,,,
5,5,BraTS-GLI-00501-000,D_useful,4.0,activation,,0.7430650591850281,0.8186883926391602,0.07562333345413208,0.19650496542453766,0.13208523392677307,-0.06441973149776459,0.0038043889217078686,0.002301672473549843,-0.0015027164481580257,15.713175773620605,22.83393096923828,7.120755195617676,,,1.0
5,5,BraTS-GLI-00501-000,E_random_matched_D_useful,4.0,activation,,0.7430650591850281,0.7462043762207031,0.003139317035675049,0.19650496542453766,,,0.0038043889217078686,,,15.713175773620605,17.37339973449707,1.6602239608764648,,,
5,5,BraTS-GLI-00501-000,D_useful,14.0,activation,,0.7430650591850281,0.8768995404243469,0.13383448123931885,0.19650496542453766,0.08368215709924698,-0.11282280832529068,0.0038043889217078686,0.0008473708876408637,-0.002957018034067005,15.713175773620605,41.17396926879883,25.460793495178223,,,1.0
5,5,BraTS-GLI-00501-000,E_random_matched_D_useful,14.0,activation,,0.7430650591850281,0.21324284374713898,-0.5298222154378891,0.19650496542453766,,,0.0038043889217078686,,,15.713175773620605,26.778093338012695,11.06491756439209,,,
5,6,BraTS-GLI-01093-000,A_seg,0.25,parameter,0.25000000422005536,0.86322420835495,0.9135574102401733,0.05033320188522339,0.14637784659862518,0.12478996813297272,-0.021587878465652466,0.002239351626485586,0.0003210372815374285,-0.0019183143449481577,21.847126007080078,43.9161491394043,22.06902313232422,1.0,0.11247909069061279,
5,6,BraTS-GLI-01093-000,E_random_matched_A_seg,0.25,parameter,0.24999999988722266,0.86322420835495,0.8633673191070557,0.0001431107521057129,0.14637784659862518,0.14562097191810608,-0.000756874680519104,0.002239351626485586,0.002208195859566331,-3.115576691925526e-05,21.847126007080078,21.870031356811523,0.022905349731445312,,,
5,6,BraTS-GLI-01093-000,A_seg,0.5,parameter,0.5000000084401107,0.86322420835495,0.684054434299469,-0.17916977405548096,0.14637784659862518,0.24030673503875732,0.09392888844013214,0.002239351626485586,3.8888836570549756e-05,-0.0022004627899150364,21.847126007080078,66.39784240722656,44.550716400146484,1.0,0.11247909069061279,
5,6,BraTS-GLI-01093-000,E_random_matched_A_seg,0.5,parameter,0.5000000245563564,0.86322420835495,0.8612162470817566,-0.0020079612731933594,0.14637784659862518,0.14868849515914917,0.002310648560523987,0.002239351626485586,0.0021969268564134836,-4.242477007210255e-05,21.847126007080078,21.615880966186523,-0.2312450408935547,,,
5,6,BraTS-GLI-01093-000,A_seg,1.0,parameter,1.0000000168802214,0.86322420835495,0.1966225951910019,-0.6666016131639481,0.14637784659862518,0.5639647245407104,0.41758687794208527,0.002239351626485586,9.012085797621694e-07,-0.002238450417905824,21.847126007080078,108.9013442993164,87.05421829223633,1.0,0.11247909069061279,
5,6,BraTS-GLI-01093-000,E_random_matched_A_seg,1.0,parameter,1.000000018495484,0.86322420835495,0.863796591758728,0.0005723834037780762,0.14637784659862518,0.1483909636735916,0.0020131170749664307,0.002239351626485586,0.0022208348382264376,-1.8516788259148598e-05,21.847126007080078,21.54879379272461,-0.29833221435546875,,,
5,6,BraTS-GLI-01093-000,A_seg,2.0,parameter,2.000000033760443,0.86322420835495,0.16035301983356476,-0.7028711885213852,0.14637784659862518,0.713786244392395,0.5674083977937698,0.002239351626485586,2.3358540102158543e-10,-0.002239351392900185,21.847126007080078,205.02000427246094,183.17287826538086,1.0,0.11247909069061279,
5,6,BraTS-GLI-01093-000,E_random_matched_A_seg,2.0,parameter,2.000000048865331,0.86322420835495,0.839124858379364,-0.024099349975585938,0.14637784659862518,0.15331265330314636,0.006934806704521179,0.002239351626485586,0.0020568519830703735,-0.00018249964341521263,21.847126007080078,20.855958938598633,-0.9911670684814453,,,
5,6,BraTS-GLI-01093-000,B_margin,0.25,parameter,0.25000000057400484,0.86322420835495,0.8953770995140076,0.03215289115905762,0.14637784659862518,0.13503922522068024,-0.011338621377944946,0.002239351626485586,0.0011429805308580399,-0.0010963710956275463,21.847126007080078,24.58154296875,2.734416961669922,0.11247909069061279,1.0,
5,6,BraTS-GLI-01093-000,E_random_matched_B_margin,0.25,parameter,0.2500000030377123,0.86322420835495,0.8640825748443604,0.0008583664894104004,0.14637784659862518,0.14607296884059906,-0.00030487775802612305,0.002239351626485586,0.0022858039010316133,4.6452274546027184e-05,21.847126007080078,21.958467483520508,0.11134147644042969,,,
5,6,BraTS-GLI-01093-000,B_margin,0.5,parameter,0.5000000011480097,0.86322420835495,0.9033094048500061,0.04008519649505615,0.14637784659862518,0.1328975260257721,-0.013480320572853088,0.002239351626485586,0.0008558234549127519,-0.0013835281715728343,21.847126007080078,28.763813018798828,6.91668701171875,0.11247909069061279,1.0,
5,6,BraTS-GLI-01093-000,E_random_matched_B_margin,0.5,parameter,0.4999999943756847,0.86322420835495,0.8680712580680847,0.004847049713134766,0.14637784659862518,0.145769864320755,-0.0006079822778701782,0.002239351626485586,0.0021905810572206974,-4.8770569264888763e-05,21.847126007080078,22.43965721130371,0.5925312042236328,,,
5,6,BraTS-GLI-01093-000,B_margin,1.0,parameter,1.0000000022960194,0.86322420835495,0.8660024404525757,0.0027782320976257324,0.14637784659862518,0.1467440277338028,0.0003661811351776123,0.002239351626485586,0.0004237268294673413,-0.0018156247970182449,21.847126007080078,39.08802795410156,17.240901947021484,0.11247909069061279,1.0,
5,6,BraTS-GLI-01093-000,E_random_matched_B_margin,1.0,parameter,1.0000000034924597,0.86322420835495,0.8565999269485474,-0.006624281406402588,0.14637784659862518,0.15037888288497925,0.004001036286354065,0.002239351626485586,0.002143947873264551,-9.5403753221035e-05,21.847126007080078,21.569217681884766,-0.2779083251953125,,,
5,6,BraTS-GLI-01093-000,B_margin,2.0,parameter,2.0000000045920387,0.86322420835495,0.5231097340583801,-0.3401144742965698,0.14637784659862518,0.3349359631538391,0.18855811655521393,0.002239351626485586,0.00013779681466985494,-0.0021015548118157312,21.847126007080078,63.23066711425781,41.383541107177734,0.11247909069061279,1.0,
5,6,BraTS-GLI-01093-000,E_random_matched_B_margin,2.0,parameter,2.0000000350701153,0.86322420835495,0.8501848578453064,-0.013039350509643555,0.14637784659862518,0.1548938751220703,0.00851602852344513,0.002239351626485586,0.002430123742669821,0.00019077211618423462,21.847126007080078,19.994985580444336,-1.8521404266357422,,,
5,6,BraTS-GLI-01093-000,C_total,0.25,parameter,0.2499999936699168,0.86322420835495,0.9136512875556946,0.05042707920074463,0.14637784659862518,0.12478519976139069,-0.021592646837234497,0.002239351626485586,0.0003196781617589295,-0.0019196734647266567,21.847126007080078,43.91182327270508,22.064697265625,0.9999942183494568,0.11587744951248169,
5,6,BraTS-GLI-01093-000,E_random_matched_C_total,0.25,parameter,0.25000000880027057,0.86322420835495,0.863796591758728,0.0005723834037780762,0.14637784659862518,0.14629977941513062,-7.806718349456787e-05,0.002239351626485586,0.0022206760477274656,-1.8675578758120537e-05,21.847126007080078,21.923505783081055,0.07637977600097656,,,
5,6,BraTS-GLI-01093-000,C_total,0.5,parameter,0.4999999873398336,0.86322420835495,0.684054434299469,-0.17916977405548096,0.14637784659862518,0.24024386703968048,0.0938660204410553,0.002239351626485586,3.865599865093827e-05,-0.002200695627834648,21.847126007080078,66.38716888427734,44.540042877197266,0.9999942183494568,0.11587744951248169,
5,6,BraTS-GLI-01093-000,E_random_matched_C_total,0.5,parameter,0.49999996685801196,0.86322420835495,0.8630809783935547,-0.00014322996139526367,0.14637784659862518,0.1472223550081253,0.0008445084095001221,0.002239351626485586,0.002190032508224249,-4.931911826133728e-05,21.847126007080078,21.820613861083984,-0.02651214599609375,,,
5,6,BraTS-GLI-01093-000,C_total,1.0,parameter,0.9999999746796672,0.86322420835495,0.19663117825984955,-0.6665930300951004,0.14637784659862518,0.564043402671814,0.4176655560731888,0.002239351626485586,8.723592941350944e-07,-0.002238479267191451,21.847126007080078,108.86116027832031,87.01403427124023,0.9999942183494568,0.11587744951248169,
5,6,BraTS-GLI-01093-000,E_random_matched_C_total,1.0,parameter,1.0000000011350494,0.86322420835495,0.8730178475379944,0.009793639183044434,0.14637784659862518,0.14464928209781647,-0.0017285645008087158,0.002239351626485586,0.0022766587790101767,3.730715252459049e-05,21.847126007080078,22.780609130859375,0.9334831237792969,,,
5,6,BraTS-GLI-01093-000,C_total,2.0,parameter,1.9999999493593343,0.86322420835495,0.16037869453430176,-0.7028455138206482,0.14637784659862518,0.7138321399688721,0.5674542933702469,0.002239351626485586,2.1494393764864839e-10,-0.0022393514115416485,21.847126007080078,204.87396240234375,183.02683639526367,0.9999942183494568,0.11587744951248169,
5,6,BraTS-GLI-01093-000,E_random_matched_C_total,2.0,parameter,1.9999998836428825,0.86322420835495,0.8451497554779053,-0.018074452877044678,0.14637784659862518,0.15579375624656677,0.00941590964794159,0.002239351626485586,0.001980510074645281,-0.00025884155184030533,21.847126007080078,21.171794891357422,-0.6753311157226562,,,
5,6,BraTS-GLI-01093-000,D_useful,1.0,activation,,0.86322420835495,0.8770226240158081,0.013798415660858154,0.14637784659862518,0.12695541977882385,-0.01942242681980133,0.002239351626485586,0.0019599974621087313,-0.0002793541643768549,21.847126007080078,23.68852424621582,1.8413982391357422,,,1.0
5,6,BraTS-GLI-01093-000,E_random_matched_D_useful,1.0,activation,,0.86322420835495,0.8636192083358765,0.00039499998092651367,0.14637784659862518,,,0.002239351626485586,,,21.847126007080078,21.935274124145508,0.08814811706542969,,,
5,6,BraTS-GLI-01093-000,D_useful,2.0,activation,,0.86322420835495,0.8906384706497192,0.027414262294769287,0.14637784659862518,0.11336002498865128,-0.03301782160997391,0.002239351626485586,0.0017458294751122594,-0.0004935221513733268,21.847126007080078,25.56287956237793,3.7157535552978516,,,1.0
5,6,BraTS-GLI-01093-000,E_random_matched_D_useful,2.0,activation,,0.86322420835495,0.8629377484321594,-0.00028645992279052734,0.14637784659862518,,,0.002239351626485586,,,21.847126007080078,22.1456356048584,0.2985095977783203,,,
5,6,BraTS-GLI-01093-000,D_useful,4.0,activation,,0.86322420835495,0.916606605052948,0.05338239669799805,0.14637784659862518,0.09491648524999619,-0.051461361348629,0.002239351626485586,0.0014650138327851892,-0.000774337793700397,21.847126007080078,29.349857330322266,7.5027313232421875,,,1.0
5,6,BraTS-GLI-01093-000,E_random_matched_D_useful,4.0,activation,,0.86322420835495,0.8621124029159546,-0.0011118054389953613,0.14637784659862518,,,0.002239351626485586,,,21.847126007080078,22.957073211669922,1.1099472045898438,,,
5,6,BraTS-GLI-01093-000,D_useful,14.0,activation,,0.86322420835495,0.9619902968406677,0.09876608848571777,0.14637784659862518,0.05692293494939804,-0.08945491164922714,0.002239351626485586,0.000632958544883877,-0.0016063930816017091,21.847126007080078,48.48185729980469,26.63473129272461,,,1.0
5,6,BraTS-GLI-01093-000,E_random_matched_D_useful,14.0,activation,,0.86322420835495,0.22466036677360535,-0.6385638415813446,0.14637784659862518,,,0.002239351626485586,,,21.847126007080078,30.782215118408203,8.935089111328125,,,
5,7,BraTS-GLI-01168-000,A_seg,0.25,parameter,0.2499999910796759,0.916620671749115,0.7384553551673889,-0.17816531658172607,0.14583717286586761,0.21388083696365356,0.06804366409778595,0.000796054198872298,0.0003717862709891051,-0.0004242679278831929,29.650999069213867,55.6795654296875,26.028566360473633,1.0,0.2563416361808777,
5,7,BraTS-GLI-01168-000,E_random_matched_A_seg,0.25,parameter,0.24999998929706613,0.916620671749115,0.914899468421936,-0.001721203327178955,0.14583717286586761,0.1460796594619751,0.0002424865961074829,0.000796054198872298,0.0008147404296323657,1.86862307600677e-05,29.650999069213867,29.70958709716797,0.05858802795410156,,,
5,7,BraTS-GLI-01168-000,A_seg,0.5,parameter,0.4999999821593518,0.916620671749115,0.21414802968502045,-0.7024726420640945,0.14583717286586761,0.48220163583755493,0.3363644629716873,0.000796054198872298,8.839012298267335e-05,-0.0007076640758896247,29.650999069213867,79.02818298339844,49.37718391418457,1.0,0.2563416361808777,
5,7,BraTS-GLI-01168-000,E_random_matched_A_seg,0.5,parameter,0.4999999729625408,0.916620671749115,0.9172890782356262,0.0006684064865112305,0.14583717286586761,0.1429171860218048,-0.002919986844062805,0.000796054198872298,0.0007582533289678395,-3.780086990445852e-05,29.650999069213867,29.73329734802246,0.08229827880859375,,,
5,7,BraTS-GLI-01168-000,A_seg,1.0,parameter,0.9999999643187036,0.916620671749115,0.1493096500635147,-0.7673110216856003,0.14583717286586761,0.5794339179992676,0.43359674513339996,0.000796054198872298,1.6163710824912414e-05,-0.0007798904880473856,29.650999069213867,121.35784912109375,91.70685005187988,1.0,0.2563416361808777,
5,7,BraTS-GLI-01168-000,E_random_matched_A_seg,1.0,parameter,0.9999999762949298,0.916620671749115,0.9139547944068909,-0.002665877342224121,0.14583717286586761,0.14464087784290314,-0.0011962950229644775,0.000796054198872298,0.0008067478192970157,1.0693620424717665e-05,29.650999069213867,29.205312728881836,-0.44568634033203125,,,
5,7,BraTS-GLI-01168-000,A_seg,2.0,parameter,1.9999999286374073,0.916620671749115,0.13249918818473816,-0.7841214835643768,0.14583717286586761,0.6541175842285156,0.508280411362648,0.000796054198872298,2.6071966203744523e-05,-0.0007699822326685535,29.650999069213867,204.32754516601562,174.67654609680176,1.0,0.2563416361808777,
5,7,BraTS-GLI-01168-000,E_random_matched_A_seg,2.0,parameter,1.999999897932864,0.916620671749115,0.9195910692214966,0.002970397472381592,0.14583717286586761,0.158857524394989,0.013020351529121399,0.000796054198872298,0.0009429025813005865,0.00014684838242828846,29.650999069213867,29.681358337402344,0.030359268188476562,,,
5,7,BraTS-GLI-01168-000,B_margin,0.25,parameter,0.25000000446016196,0.916620671749115,0.8820335865020752,-0.034587085247039795,0.14583717286586761,0.16266785562038422,0.0168306827545166,0.000796054198872298,0.0015403820434585214,0.0007443278445862234,29.650999069213867,40.71943664550781,11.068437576293945,0.2563416361808777,1.0,
5,7,BraTS-GLI-01168-000,E_random_matched_B_margin,0.25,parameter,0.25000001342414147,0.916620671749115,0.9161148071289062,-0.0005058646202087402,0.14583717286586761,0.1481349766254425,0.00229780375957489,0.000796054198872298,0.0008106958703137934,1.4641671441495419e-05,29.650999069213867,29.810762405395508,0.15976333618164062,,,
5,7,BraTS-GLI-01168-000,B_margin,0.5,parameter,0.5000000089203239,0.916620671749115,0.7538684010505676,-0.16275227069854736,0.14583717286586761,0.22522582113742828,0.07938864827156067,0.000796054198872298,0.0010653167264536023,0.0002692625275813043,29.650999069213867,54.52962112426758,24.87862205505371,0.2563416361808777,1.0,
5,7,BraTS-GLI-01168-000,E_random_matched_B_margin,0.5,parameter,0.5000000420623092,0.916620671749115,0.9160684943199158,-0.0005521774291992188,0.14583717286586761,0.14691367745399475,0.0010765045881271362,0.000796054198872298,0.0007675291271880269,-2.8525071684271097e-05,29.650999069213867,29.735424041748047,0.08442497253417969,,,
5,7,BraTS-GLI-01168-000,B_margin,1.0,parameter,1.0000000178406478,0.916620671749115,0.24067752063274384,-0.6759431511163712,0.14583717286586761,0.46556562185287476,0.31972844898700714,0.000796054198872298,0.00033997968421317637,-0.00045607451465912163,29.650999069213867,88.00645446777344,58.35545539855957,0.2563416361808777,1.0,
5,7,BraTS-GLI-01168-000,E_random_matched_B_margin,1.0,parameter,1.0000000126165105,0.916620671749115,0.9179784655570984,0.0013577938079833984,0.14583717286586761,0.1499113142490387,0.0040741413831710815,0.000796054198872298,0.0008010063320398331,4.952133167535067e-06,29.650999069213867,29.866546630859375,0.2155475616455078,,,
5,7,BraTS-GLI-01168-000,B_margin,2.0,parameter,2.0000000356812957,0.916620671749115,0.15240707993507385,-0.7642135918140411,0.14583717286586761,0.5203152894973755,0.3744781166315079,0.000796054198872298,0.0001545745471958071,-0.0006414796516764909,29.650999069213867,178.04832458496094,148.39732551574707,0.2563416361808777,1.0,
5,7,BraTS-GLI-01168-000,E_random_matched_B_margin,2.0,parameter,2.000000018888386,0.916620671749115,0.9181514382362366,0.001530766487121582,0.14583717286586761,0.1347426474094391,-0.011094525456428528,0.000796054198872298,0.0006881991866976023,-0.00010785501217469573,29.650999069213867,28.300264358520508,-1.3507347106933594,,,
5,7,BraTS-GLI-01168-000,C_total,0.25,parameter,0.24999999853025665,0.916620671749115,0.7371175289154053,-0.17950314283370972,0.14583717286586761,0.21434108912944794,0.06850391626358032,0.000796054198872298,0.0003690290031954646,-0.0004270251956768334,29.650999069213867,55.73244857788086,26.081449508666992,0.9998863339424133,0.2708880305290222,
5,7,BraTS-GLI-01168-000,E_random_matched_C_total,0.25,parameter,0.2500000009422365,0.916620671749115,0.9162288904190063,-0.0003917813301086426,0.14583717286586761,0.14777736365795135,0.0019401907920837402,0.000796054198872298,0.0008022574475035071,6.203248631209135e-06,29.650999069213867,29.54425048828125,-0.10674858093261719,,,
5,7,BraTS-GLI-01168-000,C_total,0.5,parameter,0.4999999970605133,0.916620671749115,0.2133379876613617,-0.7032826840877533,0.14583717286586761,0.4829471707344055,0.3371099978685379,0.000796054198872298,8.728825196158141e-05,-0.0007087659469107166,29.650999069213867,79.14165496826172,49.49065589904785,0.9998863339424133,0.2708880305290222,
5,7,BraTS-GLI-01168-000,E_random_matched_C_total,0.5,parameter,0.4999999872525221,0.916620671749115,0.9160010814666748,-0.0006195902824401855,0.14583717286586761,0.1482018381357193,0.0023646652698516846,0.000796054198872298,0.0008068814058788121,1.0827207006514072e-05,29.650999069213867,29.89008903503418,0.2390899658203125,,,
5,7,BraTS-GLI-01168-000,C_total,1.0,parameter,0.9999999941210266,0.916620671749115,0.14914564788341522,-0.7674750238656998,0.14583717286586761,0.5798919200897217,0.43405474722385406,0.000796054198872298,1.506608441559365e-05,-0.0007809881144567044,29.650999069213867,121.60478973388672,91.95379066467285,0.9998863339424133,0.2708880305290222,
5,7,BraTS-GLI-01168-000,E_random_matched_C_total,1.0,parameter,0.9999999839637893,0.916620671749115,0.9121734499931335,-0.004447221755981445,0.14583717286586761,0.14705544710159302,0.0012182742357254028,0.000796054198872298,0.0007479070918634534,-4.8147107008844614e-05,29.650999069213867,29.35035514831543,-0.3006439208984375,,,
5,7,BraTS-GLI-01168-000,C_total,2.0,parameter,1.9999999882420532,0.916620671749115,0.13237471878528595,-0.784245952963829,0.14583717286586761,0.6542720198631287,0.508434846997261,0.000796054198872298,2.6003754101111554e-05,-0.0007700504447711864,29.650999069213867,204.7634735107422,175.11247444152832,0.9998863339424133,0.2708880305290222,
5,7,BraTS-GLI-01168-000,E_random_matched_C_total,2.0,parameter,2.000000066589563,0.916620671749115,0.9094851016998291,-0.007135570049285889,0.14583717286586761,0.1790754497051239,0.03323827683925629,0.000796054198872298,0.000921545666642487,0.00012549146777018905,29.650999069213867,30.561630249023438,0.9106311798095703,,,
5,7,BraTS-GLI-01168-000,D_useful,1.0,activation,,0.916620671749115,0.9254555702209473,0.008834898471832275,0.14583717286586761,0.11892060935497284,-0.026916563510894775,0.000796054198872298,0.0006717065116390586,-0.0001243476872332394,29.650999069213867,31.57124137878418,1.9202423095703125,,,1.0
5,7,BraTS-GLI-01168-000,E_random_matched_D_useful,1.0,activation,,0.916620671749115,0.9146173000335693,-0.0020033717155456543,0.14583717286586761,,,0.000796054198872298,,,29.650999069213867,29.70081901550293,0.0498199462890625,,,
5,7,BraTS-GLI-01168-000,D_useful,2.0,activation,,0.916620671749115,0.936275839805603,0.019655168056488037,0.14583717286586761,0.10276515781879425,-0.043072015047073364,0.000796054198872298,0.0005936369998380542,-0.00020241719903424382,29.650999069213867,33.50558853149414,3.8545894622802734,,,1.0
5,7,BraTS-GLI-01168-000,E_random_matched_D_useful,2.0,activation,,0.916620671749115,0.9130554795265198,-0.003565192222595215,0.14583717286586761,,,0.000796054198872298,,,29.650999069213867,29.851337432861328,0.20033836364746094,,,
5,7,BraTS-GLI-01168-000,D_useful,4.0,activation,,0.916620671749115,0.9525124430656433,0.03589177131652832,0.14583717286586761,0.08482997864484787,-0.061007194221019745,0.000796054198872298,0.00046899684821255505,-0.00032705735065974295,29.650999069213867,37.393226623535156,7.742227554321289,,,1.0
5,7,BraTS-GLI-01168-000,E_random_matched_D_useful,4.0,activation,,0.916620671749115,0.9114971160888672,-0.005123555660247803,0.14583717286586761,,,0.000796054198872298,,,29.650999069213867,30.4089412689209,0.7579421997070312,,,
5,7,BraTS-GLI-01168-000,D_useful,14.0,activation,,0.916620671749115,0.9803704619407654,0.06374979019165039,0.14583717286586761,0.053132347762584686,-0.09270482510328293,0.000796054198872298,0.0002237061271443963,-0.0005723480717279017,29.650999069213867,56.944679260253906,27.29368019104004,,,1.0
5,7,BraTS-GLI-01168-000,E_random_matched_D_useful,14.0,activation,,0.916620671749115,0.12040207535028458,-0.7962185963988304,0.14583717286586761,,,0.000796054198872298,,,29.650999069213867,36.6762809753418,7.02528190612793,,,
10,0,BraTS-GLI-01041-000,A_seg,0.25,parameter,0.2500000127474774,0.8882896900177002,0.9041376709938049,0.015847980976104736,0.09086591005325317,0.08946859836578369,-0.0013973116874694824,0.0014137898106127977,0.0005271121626719832,-0.0008866776479408145,29.397859573364258,27.38176727294922,-2.016092300415039,1.0,0.21606460213661194,
10,0,BraTS-GLI-01041-000,E_random_matched_A_seg,0.25,parameter,0.24999999803912942,0.8882896900177002,0.8883748054504395,8.511543273925781e-05,0.09086591005325317,0.09078347682952881,-8.243322372436523e-05,0.0014137898106127977,0.0014418347273021936,2.8044916689395905e-05,29.397859573364258,29.27450180053711,-0.12335777282714844,,,
10,0,BraTS-GLI-01041-000,A_seg,0.5,parameter,0.5000000254949548,0.8882896900177002,0.8529284000396729,-0.035361289978027344,0.09086591005325317,0.1169583797454834,0.026092469692230225,0.0014137898106127977,0.0001772369141690433,-0.0012365528964437544,29.397859573364258,25.220190048217773,-4.177669525146484,1.0,0.21606460213661194,
10,0,BraTS-GLI-01041-000,E_random_matched_A_seg,0.5,parameter,0.5000000243890094,0.8882896900177002,0.8883317112922668,4.202127456665039e-05,0.09086591005325317,0.09117785096168518,0.00031194090843200684,0.0014137898106127977,0.0013809982920065522,-3.279151860624552e-05,29.397859573364258,29.419580459594727,0.02172088623046875,,,
10,0,BraTS-GLI-01041-000,A_seg,1.0,parameter,1.0000000509899096,0.8882896900177002,0.7014744877815247,-0.18681520223617554,0.09086591005325317,0.2572559416294098,0.16639003157615662,0.0014137898106127977,6.550075340783224e-05,-0.0013482890572049655,29.397859573364258,22.171348571777344,-7.226511001586914,1.0,0.21606460213661194,
10,0,BraTS-GLI-01041-000,E_random_matched_A_seg,1.0,parameter,1.0000000610161788,0.8882896900177002,0.8885461091995239,0.00025641918182373047,0.09086591005325317,0.09008799493312836,-0.0007779151201248169,0.0014137898106127977,0.0014945717994123697,8.078198879957199e-05,29.397859573364258,28.83397674560547,-0.5638828277587891,,,
10,0,BraTS-GLI-01041-000,A_seg,2.0,parameter,2.0000001019798193,0.8882896900177002,0.09729600697755814,-0.7909936830401421,0.09086591005325317,0.5621482729911804,0.47128236293792725,0.0014137898106127977,2.236956061096862e-05,-0.0013914202500018291,29.397859573364258,20.940731048583984,-8.457128524780273,1.0,0.21606460213661194,
10,0,BraTS-GLI-01041-000,E_random_matched_A_seg,2.0,parameter,2.0000000968575455,0.8882896900177002,0.8859598636627197,-0.0023298263549804688,0.09086591005325317,0.09090510755777359,3.919750452041626e-05,0.0014137898106127977,0.0013009526301175356,-0.00011283718049526215,29.397859573364258,30.117311477661133,0.719451904296875,,,
10,0,BraTS-GLI-01041-000,B_margin,0.25,parameter,0.2499999949650373,0.8882896900177002,0.8903999924659729,0.002110302448272705,0.09086591005325317,0.09581824392080307,0.004952333867549896,0.0014137898106127977,0.000708392180968076,-0.0007053976296447217,29.397859573364258,26.9432315826416,-2.4546279907226562,0.21606460213661194,1.0,
10,0,BraTS-GLI-01041-000,E_random_matched_B_margin,0.25,parameter,0.25000000638829073,0.8882896900177002,0.8885890245437622,0.0002993345260620117,0.09086591005325317,0.0907793715596199,-8.653849363327026e-05,0.0014137898106127977,0.0014367732219398022,2.2983411327004433e-05,29.397859573364258,29.274335861206055,-0.12352371215820312,,,
10,0,BraTS-GLI-01041-000,B_margin,0.5,parameter,0.4999999899300746,0.8882896900177002,0.8797008395195007,-0.008588850498199463,0.09086591005325317,0.11459404230117798,0.023728132247924805,0.0014137898106127977,0.00020079410751350224,-0.0012129957030992955,29.397859573364258,25.24015235900879,-4.157707214355469,0.21606460213661194,1.0,
10,0,BraTS-GLI-01041-000,E_random_matched_B_margin,0.5,parameter,0.4999999848223522,0.8882896900177002,0.8891031742095947,0.0008134841918945312,0.09086591005325317,0.09009482711553574,-0.0007710829377174377,0.0014137898106127977,0.0013382898177951574,-7.54999928176403e-05,29.397859573364258,29.30059051513672,-0.09726905822753906,,,
10,0,BraTS-GLI-01041-000,B_margin,1.0,parameter,0.9999999798601492,0.8882896900177002,0.7941988706588745,-0.09409081935882568,0.09086591005325317,0.27921685576438904,0.18835094571113586,0.0014137898106127977,8.273117600765545e-06,-0.0014055166930120322,29.397859573364258,24.60991859436035,-4.787940979003906,0.21606460213661194,1.0,
10,0,BraTS-GLI-01041-000,E_random_matched_B_margin,1.0,parameter,0.9999999620704323,0.8882896900177002,0.8897849321365356,0.0014952421188354492,0.09086591005325317,0.09021986275911331,-0.0006460472941398621,0.0014137898106127977,0.00141262321267277,-1.1665979400277138e-06,29.397859573364258,29.05439567565918,-0.3434638977050781,,,
10,0,BraTS-GLI-01041-000,B_margin,2.0,parameter,1.9999999597202984,0.8882896900177002,0.01101051177829504,-0.8772791782394052,0.09086591005325317,0.6374725103378296,0.5466066002845764,0.0014137898106127977,3.7601765257022635e-08,-0.0014137522088475407,29.397859573364258,33.41368103027344,4.01582145690918,0.21606460213661194,1.0,
10,0,BraTS-GLI-01041-000,E_random_matched_B_margin,2.0,parameter,1.9999999128631296,0.8882896900177002,0.8858570456504822,-0.0024326443672180176,0.09086591005325317,0.09389322996139526,0.00302731990814209,0.0014137898106127977,0.0013766511110588908,-3.713869955390692e-05,29.397859573364258,29.92073631286621,0.5228767395019531,,,
10,0,BraTS-GLI-01041-000,C_total,0.25,parameter,0.24999999813735485,0.8882896900177002,0.903913140296936,0.01562345027923584,0.09086591005325317,0.08958056569099426,-0.0012853443622589111,0.0014137898106127977,0.000523810856975615,-0.0008899789536371827,29.397859573364258,27.352861404418945,-2.0449981689453125,0.9999440312385559,0.22638148069381714,
10,0,BraTS-GLI-01041-000,E_random_matched_C_total,0.25,parameter,0.25000000026557245,0.8882896900177002,0.8891028165817261,0.0008131265640258789,0.09086591005325317,0.09099489450454712,0.0001289844512939453,0.0014137898106127977,0.0014123640721663833,-1.4257384464144707e-06,29.397859573364258,29.446237564086914,0.04837799072265625,,,
10,0,BraTS-GLI-01041-000,C_total,0.5,parameter,0.4999999962747097,0.8882896900177002,0.8524305820465088,-0.035859107971191406,0.09086591005325317,0.1174497902393341,0.026583880186080933,0.0014137898106127977,0.00017303158529102802,-0.0012407582253217697,29.397859573364258,25.16408920288086,-4.233770370483398,0.9999440312385559,0.22638148069381714,
10,0,BraTS-GLI-01041-000,E_random_matched_C_total,0.5,parameter,0.5000000034197001,0.8882896900177002,0.8883748054504395,8.511543273925781e-05,0.09086591005325317,0.09222520142793655,0.0013592913746833801,0.0014137898106127977,0.0014502271078526974,3.6437297239899635e-05,29.397859573364258,29.103635787963867,-0.2942237854003906,,,
10,0,BraTS-GLI-01041-000,C_total,1.0,parameter,0.9999999925494194,0.8882896900177002,0.7008464336395264,-0.18744325637817383,0.09086591005325317,0.2605823278427124,0.16971641778945923,0.0014137898106127977,6.593755097128451e-05,-0.0013478522596415132,29.397859573364258,22.09305763244629,-7.304801940917969,0.9999440312385559,0.22638148069381714,
10,0,BraTS-GLI-01041-000,E_random_matched_C_total,1.0,parameter,0.9999999554711384,0.8882896900177002,0.8874400854110718,-0.000849604606628418,0.09086591005325317,0.09102332592010498,0.00015741586685180664,0.0014137898106127977,0.0013701763236895204,-4.361348692327738e-05,29.397859573364258,29.663890838623047,0.26603126525878906,,,
10,0,BraTS-GLI-01041-000,C_total,2.0,parameter,1.9999999850988388,0.8882896900177002,0.09571906924247742,-0.7925706207752228,0.09086591005325317,0.5641757249832153,0.47330981492996216,0.0014137898106127977,2.2888318198965862e-05,-0.0013909014924138319,29.397859573364258,20.884105682373047,-8.513753890991211,0.9999440312385559,0.22638148069381714,
10,0,BraTS-GLI-01041-000,E_random_matched_C_total,2.0,parameter,2.0000000624568193,0.8882896900177002,0.8887171745300293,0.00042748451232910156,0.09086591005325317,0.08974720537662506,-0.0011187046766281128,0.0014137898106127977,0.0013649944448843598,-4.87953657284379e-05,29.397859573364258,28.92160987854004,-0.47624969482421875,,,
10,0,BraTS-GLI-01041-000,D_useful,1.0,activation,,0.8882896900177002,0.9023685455322266,0.014078855514526367,0.09086591005325317,0.0810365155339241,-0.009829394519329071,0.0014137898106127977,0.0012577986344695091,-0.0001559911761432886,29.397859573364258,31.30143165588379,1.9035720825195312,,,1.0
10,0,BraTS-GLI-01041-000,E_random_matched_D_useful,1.0,activation,,0.8882896900177002,0.889274001121521,0.0009843111038208008,0.09086591005325317,,,0.0014137898106127977,,,29.397859573364258,29.462034225463867,0.06417465209960938,,,
10,0,BraTS-GLI-01041-000,D_useful,2.0,activation,,0.8882896900177002,0.9161041378974915,0.02781444787979126,0.09086591005325317,0.07346165925264359,-0.01740425080060959,0.0014137898106127977,0.0010780858574435115,-0.00033570395316928625,29.397859573364258,33.225372314453125,3.827512741088867,,,1.0
10,0,BraTS-GLI-01041-000,E_random_matched_D_useful,2.0,activation,,0.8882896900177002,0.8873943090438843,-0.000895380973815918,0.09086591005325317,,,0.0014137898106127977,,,29.397859573364258,29.619884490966797,0.22202491760253906,,,
10,0,BraTS-GLI-01041-000,D_useful,4.0,activation,,0.8882896900177002,0.9325626492500305,0.04427295923233032,0.09086591005325317,0.062421172857284546,-0.028444737195968628,0.0014137898106127977,0.0008050402975641191,-0.0006087495130486786,29.397859573364258,37.097503662109375,7.699644088745117,,,1.0
10,0,BraTS-GLI-01041-000,E_random_matched_D_useful,4.0,activation,,0.8882896900177002,0.8892733454704285,0.0009836554527282715,0.09086591005325317,,,0.0014137898106127977,,,29.397859573364258,30.191640853881836,0.7937812805175781,,,
10,0,BraTS-GLI-01041-000,D_useful,14.0,activation,,0.8882896900177002,0.9695074558258057,0.08121776580810547,0.09086591005325317,0.037131138145923615,-0.05373477190732956,0.0014137898106127977,0.00018562791228760034,-0.0012281618983251974,29.397859573364258,56.59144973754883,27.19359016418457,,,1.0
10,0,BraTS-GLI-01041-000,E_random_matched_D_useful,14.0,activation,,0.8882896900177002,0.2149079442024231,-0.6733817458152771,0.09086591005325317,,,0.0014137898106127977,,,29.397859573364258,36.54715347290039,7.149293899536133,,,
10,1,BraTS-GLI-01161-000,A_seg,0.25,parameter,0.2499999928259057,0.8455376029014587,0.7069788575172424,-0.1385587453842163,0.10760646313428879,0.16803991794586182,0.06043345481157303,0.002938714111223817,0.0006277629872784019,-0.002310951123945415,34.63909149169922,49.764286041259766,15.125194549560547,1.0,-0.20457857847213745,
10,1,BraTS-GLI-01161-000,E_random_matched_A_seg,0.25,parameter,0.24999999733699949,0.8455376029014587,0.8456885814666748,0.00015097856521606445,0.10760646313428879,0.10744713991880417,-0.00015932321548461914,0.002938714111223817,0.0029349857941269875,-3.7283170968294144e-06,34.63909149169922,34.45549392700195,-0.18359756469726562,,,
10,1,BraTS-GLI-01161-000,A_seg,0.5,parameter,0.4999999856518114,0.8455376029014587,0.5461706519126892,-0.29936695098876953,0.10760646313428879,0.2550469934940338,0.14744053035974503,0.002938714111223817,7.158884545788169e-05,-0.002867125265765935,34.63909149169922,64.91532135009766,30.276229858398438,1.0,-0.20457857847213745,
10,1,BraTS-GLI-01161-000,E_random_matched_A_seg,0.5,parameter,0.4999999880092217,0.8455376029014587,0.8462297320365906,0.0006921291351318359,0.10760646313428879,0.10723215341567993,-0.0003743097186088562,0.002938714111223817,0.00292138010263443,-1.733400858938694e-05,34.63909149169922,34.593326568603516,-0.045764923095703125,,,
10,1,BraTS-GLI-01161-000,A_seg,1.0,parameter,0.9999999713036228,0.8455376029014587,0.2354760766029358,-0.610061526298523,0.10760646313428879,0.4792824387550354,0.3716759756207466,0.002938714111223817,1.0194585229328368e-05,-0.0029285195259944885,34.63909149169922,95.79854583740234,61.159454345703125,1.0,-0.20457857847213745,
10,1,BraTS-GLI-01161-000,E_random_matched_A_seg,1.0,parameter,0.9999999674328132,0.8455376029014587,0.8476109504699707,0.002073347568511963,0.10760646313428879,0.10643179714679718,-0.0011746659874916077,0.002938714111223817,0.003005840117111802,6.712600588798523e-05,34.63909149169922,34.255733489990234,-0.3833580017089844,,,
10,1,BraTS-GLI-01161-000,A_seg,2.0,parameter,1.9999999426072457,0.8455376029014587,0.16070277988910675,-0.684834823012352,0.10760646313428879,0.6451560854911804,0.5375496223568916,0.002938714111223817,8.673068805364892e-06,-0.002930041042418452,34.63909149169922,168.39846801757812,133.7593765258789,1.0,-0.20457857847213745,
10,1,BraTS-GLI-01161-000,E_random_matched_A_seg,2.0,parameter,2.0000000036961865,0.8455376029014587,0.8454391956329346,-9.840726852416992e-05,0.10760646313428879,0.10800546407699585,0.00039900094270706177,0.002938714111223817,0.002847305964678526,-9.140814654529095e-05,34.63909149169922,34.927406311035156,0.2883148193359375,,,
10,1,BraTS-GLI-01161-000,B_margin,0.25,parameter,0.24999999782448867,0.8455376029014587,0.8494591116905212,0.0039215087890625,0.10760646313428879,0.10724236071109772,-0.00036410242319107056,0.002938714111223817,0.0008679096936248243,-0.0020708044175989926,34.63909149169922,28.51735496520996,-6.121736526489258,-0.20457857847213745,1.0,
10,1,BraTS-GLI-01161-000,E_random_matched_B_margin,0.25,parameter,0.24999998685598224,0.8455376029014587,0.8469660878181458,0.0014284849166870117,0.10760646313428879,0.10725657641887665,-0.0003498867154121399,0.002938714111223817,0.002949473913758993,1.0759802535176277e-05,34.63909149169922,34.542091369628906,-0.0970001220703125,,,
10,1,BraTS-GLI-01161-000,B_margin,0.5,parameter,0.49999999564897735,0.8455376029014587,0.80751633644104,-0.0380212664604187,0.10760646313428879,0.12599532306194305,0.018388859927654266,0.002938714111223817,0.00027414565556682646,-0.0026645684556569904,34.63909149169922,23.546859741210938,-11.092231750488281,-0.20457857847213745,1.0,
10,1,BraTS-GLI-01161-000,E_random_matched_B_margin,0.5,parameter,0.4999999809660945,0.8455376029014587,0.847022294998169,0.001484692096710205,0.10760646313428879,0.10627800971269608,-0.0013284534215927124,0.002938714111223817,0.0029517547227442265,1.3040611520409584e-05,34.63909149169922,34.315887451171875,-0.32320404052734375,,,
10,1,BraTS-GLI-01161-000,B_margin,1.0,parameter,0.9999999912979547,0.8455376029014587,0.5049180388450623,-0.3406195640563965,0.10760646313428879,0.2717304229736328,0.16412395983934402,0.002938714111223817,4.1748586227186024e-05,-0.002896965524996631,34.63909149169922,18.94231605529785,-15.696775436401367,-0.20457857847213745,1.0,
10,1,BraTS-GLI-01161-000,E_random_matched_B_margin,1.0,parameter,0.9999999694409776,0.8455376029014587,0.8465220928192139,0.000984489917755127,0.10760646313428879,0.10851248353719711,0.0009060204029083252,0.002938714111223817,0.0029469674918800592,8.25338065624237e-06,34.63909149169922,34.77726745605469,0.13817596435546875,,,
10,1,BraTS-GLI-01161-000,B_margin,2.0,parameter,1.9999999825959094,0.8455376029014587,0.07618025690317154,-0.7693573459982872,0.10760646313428879,0.5267928838729858,0.41918642073869705,0.002938714111223817,3.4467882414901396e-07,-0.002938369432399668,34.63909149169922,27.354564666748047,-7.284526824951172,-0.20457857847213745,1.0,
10,1,BraTS-GLI-01161-000,E_random_matched_B_margin,2.0,parameter,1.999999959574779,0.8455376029014587,0.850483238697052,0.004945635795593262,0.10760646313428879,0.10728602111339569,-0.0003204420208930969,0.002938714111223817,0.0031888997182250023,0.0002501856070011854,34.63909149169922,33.92914962768555,-0.7099418640136719,,,
10,1,BraTS-GLI-01161-000,C_total,0.25,parameter,0.2500000002619345,0.8455376029014587,0.7070592045783997,-0.13847839832305908,0.10760646313428879,0.16801273822784424,0.06040627509355545,0.002938714111223817,0.0006285780691541731,-0.0023101360420696437,34.63909149169922,49.7197151184082,15.080623626708984,0.9999150633811951,-0.1918058544397354,
10,1,BraTS-GLI-01161-000,E_random_matched_C_total,0.25,parameter,0.25000000854379306,0.8455376029014587,0.8469891548156738,0.0014515519142150879,0.10760646313428879,0.10669994354248047,-0.0009065195918083191,0.002938714111223817,0.00296285399235785,2.4139881134033203e-05,34.63909149169922,34.5589485168457,-0.08014297485351562,,,
10,1,BraTS-GLI-01161-000,C_total,0.5,parameter,0.500000000523869,0.8455376029014587,0.546649158000946,-0.2988884449005127,0.10760646313428879,0.2548491656780243,0.1472427025437355,0.002938714111223817,7.081063085934147e-05,-0.0028679034803644754,34.63909149169922,64.83334350585938,30.194252014160156,0.9999150633811951,-0.1918058544397354,
10,1,BraTS-GLI-01161-000,E_random_matched_C_total,0.5,parameter,0.5000000161744536,0.8455376029014587,0.8423996567726135,-0.003137946128845215,0.10760646313428879,0.10858115553855896,0.0009746924042701721,0.002938714111223817,0.003029446816071868,9.073270484805107e-05,34.63909149169922,34.94622802734375,0.30713653564453125,,,
10,1,BraTS-GLI-01161-000,C_total,1.0,parameter,1.000000001047738,0.8455376029014587,0.23595675826072693,-0.6095808446407318,0.10760646313428879,0.47882699966430664,0.37122053653001785,0.002938714111223817,1.1493070815049578e-05,-0.0029272210404087673,34.63909149169922,95.62928009033203,60.99018859863281,0.9999150633811951,-0.1918058544397354,
10,1,BraTS-GLI-01161-000,E_random_matched_C_total,1.0,parameter,0.9999999605788609,0.8455376029014587,0.840150773525238,-0.005386829376220703,0.10760646313428879,0.11016757041215897,0.0025611072778701782,0.002938714111223817,0.002883286215364933,-5.542789585888386e-05,34.63909149169922,35.4779052734375,0.8388137817382812,,,
10,1,BraTS-GLI-01161-000,C_total,2.0,parameter,2.000000002095476,0.8455376029014587,0.1607649028301239,-0.6847727000713348,0.10760646313428879,0.644818902015686,0.5372124388813972,0.002938714111223817,8.628609066363424e-06,-0.0029300855021574534,34.63909149169922,167.92369079589844,133.28459930419922,0.9999150633811951,-0.1918058544397354,
10,1,BraTS-GLI-01161-000,E_random_matched_C_total,2.0,parameter,2.0000000083527993,0.8455376029014587,0.8426793217658997,-0.002858281135559082,0.10760646313428879,0.10684780776500702,-0.0007586553692817688,0.002938714111223817,0.0027894629165530205,-0.0001492511946707964,34.63909149169922,35.164451599121094,0.525360107421875,,,
10,1,BraTS-GLI-01161-000,D_useful,1.0,activation,,0.8455376029014587,0.8601966500282288,0.01465904712677002,0.10760646313428879,0.09719227999448776,-0.010414183139801025,0.002938714111223817,0.002669359790161252,-0.00026935432106256485,34.63909149169922,36.588497161865234,1.9494056701660156,,,1.0
10,1,BraTS-GLI-01161-000,E_random_matched_D_useful,1.0,activation,,0.8455376029014587,0.8450624942779541,-0.00047510862350463867,0.10760646313428879,,,0.002938714111223817,,,34.63909149169922,34.67179489135742,0.032703399658203125,,,
10,1,BraTS-GLI-01161-000,D_useful,2.0,activation,,0.8455376029014587,0.8719275593757629,0.0263899564743042,0.10760646313428879,0.0888785570859909,-0.018727906048297882,0.002938714111223817,0.0023519049864262342,-0.0005868091247975826,34.63909149169922,38.54585266113281,3.9067611694335938,,,1.0
10,1,BraTS-GLI-01161-000,E_random_matched_D_useful,2.0,activation,,0.8455376029014587,0.8458721041679382,0.0003345012664794922,0.10760646313428879,,,0.002938714111223817,,,34.63909149169922,34.79705047607422,0.157958984375,,,
10,1,BraTS-GLI-01161-000,D_useful,4.0,activation,,0.8455376029014587,0.8917495608329773,0.046211957931518555,0.10760646313428879,0.07595299184322357,-0.031653471291065216,0.002938714111223817,0.0016450490802526474,-0.0012936650309711695,34.63909149169922,42.473426818847656,7.8343353271484375,,,1.0
10,1,BraTS-GLI-01161-000,E_random_matched_D_useful,4.0,activation,,0.8455376029014587,0.8443442583084106,-0.0011933445930480957,0.10760646313428879,,,0.002938714111223817,,,34.63909149169922,35.26639175415039,0.6273002624511719,,,
10,1,BraTS-GLI-01161-000,D_useful,14.0,activation,,0.8455376029014587,0.9575456976890564,0.11200809478759766,0.10760646313428879,0.04123992472887039,-0.0663665384054184,0.002938714111223817,0.00020041227980982512,-0.0027383018314139917,34.63909149169922,62.19884490966797,27.55975341796875,,,1.0
10,1,BraTS-GLI-01161-000,E_random_matched_D_useful,14.0,activation,,0.8455376029014587,0.25398457050323486,-0.5915530323982239,0.10760646313428879,,,0.002938714111223817,,,34.63909149169922,40.61454391479492,5.975452423095703,,,
10,2,BraTS-GLI-01189-000,A_seg,0.25,parameter,0.24999999358260533,0.8806701302528381,0.8878390789031982,0.007168948650360107,0.0935542955994606,0.08957529067993164,-0.003979004919528961,0.001083830720745027,0.0012698188656941056,0.00018598814494907856,28.798063278198242,30.260705947875977,1.4626426696777344,1.0,0.23362496495246887,
10,2,BraTS-GLI-01189-000,E_random_matched_A_seg,0.25,parameter,0.24999999370629658,0.8806701302528381,0.8799747228622437,-0.0006954073905944824,0.0935542955994606,0.09340421855449677,-0.00015007704496383667,0.001083830720745027,0.0010823761112987995,-1.4546094462275505e-06,28.798063278198242,28.870166778564453,0.07210350036621094,,,
10,2,BraTS-GLI-01189-000,A_seg,0.5,parameter,0.49999998716521066,0.8806701302528381,0.8600553274154663,-0.020614802837371826,0.0935542955994606,0.0979105606675148,0.004356265068054199,0.001083830720745027,0.0010130178416147828,-7.081287913024426e-05,28.798063278198242,30.73039436340332,1.9323310852050781,1.0,0.23362496495246887,
10,2,BraTS-GLI-01189-000,E_random_matched_A_seg,0.5,parameter,0.4999999832798491,0.8806701302528381,0.880606472492218,-6.365776062011719e-05,0.0935542955994606,0.09469987452030182,0.001145578920841217,0.001083830720745027,0.0011230302043259144,3.919948358088732e-05,28.798063278198242,28.750457763671875,-0.04760551452636719,,,
10,2,BraTS-GLI-01189-000,A_seg,1.0,parameter,0.9999999743304213,0.8806701302528381,0.7183527946472168,-0.16231733560562134,0.0935542955994606,0.15691262483596802,0.06335832923650742,0.001083830720745027,0.0008791295695118606,-0.00020470115123316646,28.798063278198242,30.240419387817383,1.4423561096191406,1.0,0.23362496495246887,
10,2,BraTS-GLI-01189-000,E_random_matched_A_seg,1.0,parameter,1.0000000019499566,0.8806701302528381,0.882185697555542,0.0015155673027038574,0.0935542955994606,0.09322630614042282,-0.00032798945903778076,0.001083830720745027,0.0011327714892104268,4.894076846539974e-05,28.798063278198242,28.410457611083984,-0.3876056671142578,,,
10,2,BraTS-GLI-01189-000,A_seg,2.0,parameter,1.9999999486608426,0.8806701302528381,0.2962174415588379,-0.5844526886940002,0.0935542955994606,0.3883783221244812,0.2948240265250206,0.001083830720745027,0.0007459854241460562,-0.0003378452965989709,28.798063278198242,29.798864364624023,1.0008010864257812,1.0,0.23362496495246887,
10,2,BraTS-GLI-01189-000,E_random_matched_A_seg,2.0,parameter,1.9999999332503637,0.8806701302528381,0.8834258317947388,0.0027557015419006348,0.0935542955994606,0.09292810410261154,-0.0006261914968490601,0.001083830720745027,0.0010279424022883177,-5.5888318456709385e-05,28.798063278198242,29.483474731445312,0.6854114532470703,,,
10,2,BraTS-GLI-01189-000,B_margin,0.25,parameter,0.25000000958971197,0.8806701302528381,0.8862614631652832,0.005591332912445068,0.0935542955994606,0.0940302386879921,0.00047594308853149414,0.001083830720745027,0.0007847524248063564,-0.00029907829593867064,28.798063278198242,21.72580909729004,-7.072254180908203,0.23362496495246887,1.0,
10,2,BraTS-GLI-01189-000,E_random_matched_B_margin,0.25,parameter,0.25000000668114797,0.8806701302528381,0.8800126314163208,-0.000657498836517334,0.0935542955994606,0.09376418590545654,0.00020989030599594116,0.001083830720745027,0.0010830315295606852,-7.991911843419075e-07,28.798063278198242,28.86048126220703,0.06241798400878906,,,
10,2,BraTS-GLI-01189-000,B_margin,0.5,parameter,0.5000000191794239,0.8806701302528381,0.8427916765213013,-0.037878453731536865,0.0935542955994606,0.11298771947622299,0.01943342387676239,0.001083830720745027,0.0005233112024143338,-0.0005605195183306932,28.798063278198242,16.20001792907715,-12.598045349121094,0.23362496495246887,1.0,
10,2,BraTS-GLI-01189-000,E_random_matched_B_margin,0.5,parameter,0.5000000336731307,0.8806701302528381,0.8834628462791443,0.0027927160263061523,0.0935542955994606,0.0935215950012207,-3.270059823989868e-05,0.001083830720745027,0.0010316258994862437,-5.220482125878334e-05,28.798063278198242,28.483591079711914,-0.3144721984863281,,,
10,2,BraTS-GLI-01189-000,B_margin,1.0,parameter,1.0000000383588479,0.8806701302528381,0.4930811822414398,-0.3875889480113983,0.0935542955994606,0.28404995799064636,0.19049566239118576,0.001083830720745027,0.0001321159361395985,-0.0009517147846054286,28.798063278198242,11.620214462280273,-17.17784881591797,0.23362496495246887,1.0,
10,2,BraTS-GLI-01189-000,E_random_matched_B_margin,1.0,parameter,1.000000025713234,0.8806701302528381,0.8810878992080688,0.0004177689552307129,0.0935542955994606,0.09390632808208466,0.00035203248262405396,0.001083830720745027,0.0010333963437005877,-5.0434377044439316e-05,28.798063278198242,28.955577850341797,0.1575145721435547,,,
10,2,BraTS-GLI-01189-000,B_margin,2.0,parameter,2.0000000767176958,0.8806701302528381,0.009729401208460331,-0.8709407290443778,0.0935542955994606,0.5654066801071167,0.4718523845076561,0.001083830720745027,1.160568899649661e-06,-0.0010826701518453774,28.798063278198242,18.905851364135742,-9.8922119140625,0.23362496495246887,1.0,
10,2,BraTS-GLI-01189-000,E_random_matched_B_margin,2.0,parameter,2.000000036685378,0.8806701302528381,0.8819246888160706,0.0012545585632324219,0.0935542955994606,0.09720228612422943,0.0036479905247688293,0.001083830720745027,0.00110982870683074,2.599798608571291e-05,28.798063278198242,28.323692321777344,-0.47437095642089844,,,
10,2,BraTS-GLI-01189-000,C_total,0.25,parameter,0.24999999481951815,0.8806701302528381,0.8878048658370972,0.007134735584259033,0.0935542955994606,0.08948855102062225,-0.004065744578838348,0.001083830720745027,0.001282288576476276,0.00019845785573124886,28.798063278198242,30.160842895507812,1.3627796173095703,0.9999224543571472,0.24571815133094788,
10,2,BraTS-GLI-01189-000,E_random_matched_C_total,0.25,parameter,0.25000000096770236,0.8806701302528381,0.8803918361663818,-0.00027829408645629883,0.0935542955994606,0.09331084787845612,-0.00024344772100448608,0.001083830720745027,0.0010844693752005696,6.386544555425644e-07,28.798063278198242,28.753446578979492,-0.04461669921875,,,
10,2,BraTS-GLI-01189-000,C_total,0.5,parameter,0.4999999896390363,0.8806701302528381,0.8606856465339661,-0.01998448371887207,0.0935542955994606,0.09775793552398682,0.004203639924526215,0.001083830720745027,0.001039098366163671,-4.473235458135605e-05,28.798063278198242,30.541479110717773,1.7434158325195312,0.9999224543571472,0.24571815133094788,
10,2,BraTS-GLI-01189-000,E_random_matched_C_total,0.5,parameter,0.49999999994179234,0.8806701302528381,0.8794952630996704,-0.0011748671531677246,0.0935542955994606,0.09363558888435364,8.129328489303589e-05,0.001083830720745027,0.0010753817623481154,-8.448958396911621e-06,28.798063278198242,29.012706756591797,0.2146434783935547,,,
10,2,BraTS-GLI-01189-000,C_total,1.0,parameter,0.9999999792780726,0.8806701302528381,0.7199897766113281,-0.16068035364151,0.0935542955994606,0.1560390591621399,0.06248476356267929,0.001083830720745027,0.0008706396911293268,-0.00021319102961570024,28.798063278198242,29.914634704589844,1.1165714263916016,0.9999224543571472,0.24571815133094788,
10,2,BraTS-GLI-01189-000,E_random_matched_C_total,1.0,parameter,0.9999999591091173,0.8806701302528381,0.8828743100166321,0.0022041797637939453,0.0935542955994606,0.09345276653766632,-0.000101529061794281,0.001083830720745027,0.0011041756952181458,2.0344974473118782e-05,28.798063278198242,28.4541072845459,-0.34395599365234375,,,
10,2,BraTS-GLI-01189-000,C_total,2.0,parameter,1.9999999585561452,0.8806701302528381,0.29718825221061707,-0.5834818780422211,0.0935542955994606,0.38768789172172546,0.29413359612226486,0.001083830720745027,0.0007274913950823247,-0.0003563393256627023,28.798063278198242,29.36790657043457,0.5698432922363281,0.9999224543571472,0.24571815133094788,
10,2,BraTS-GLI-01189-000,E_random_matched_C_total,2.0,parameter,1.9999999493593343,0.8806701302528381,0.8790690302848816,-0.001601099967956543,0.0935542955994606,0.09862994402647018,0.0050756484270095825,0.001083830720745027,0.0010915385792031884,7.707858458161354e-06,28.798063278198242,28.56989860534668,-0.2281646728515625,,,
10,2,BraTS-GLI-01189-000,D_useful,1.0,activation,,0.8806701302528381,0.892834484577179,0.01216435432434082,0.0935542955994606,0.08491736650466919,-0.008636929094791412,0.001083830720745027,0.0009690697188489139,-0.00011476100189611316,28.798063278198242,30.663841247558594,1.8657779693603516,,,1.0
10,2,BraTS-GLI-01189-000,E_random_matched_D_useful,1.0,activation,,0.8806701302528381,0.8808846473693848,0.00021451711654663086,0.0935542955994606,,,0.001083830720745027,,,28.798063278198242,28.87023162841797,0.07216835021972656,,,
10,2,BraTS-GLI-01189-000,D_useful,2.0,activation,,0.8806701302528381,0.9009838104248047,0.020313680171966553,0.0935542955994606,0.07817965745925903,-0.015374638140201569,0.001083830720745027,0.0008349742274731398,-0.0002488564932718873,28.798063278198242,32.55644989013672,3.7583866119384766,,,1.0
10,2,BraTS-GLI-01189-000,E_random_matched_D_useful,2.0,activation,,0.8806701302528381,0.8809862732887268,0.0003161430358886719,0.0935542955994606,,,0.001083830720745027,,,28.798063278198242,29.054317474365234,0.2562541961669922,,,
10,2,BraTS-GLI-01189-000,D_useful,4.0,activation,,0.8806701302528381,0.915950357913971,0.03528022766113281,0.0935542955994606,0.06806846708059311,-0.025485828518867493,0.001083830720745027,0.0006222151569090784,-0.0004616155638359487,28.798063278198242,36.37026596069336,7.572202682495117,,,1.0
10,2,BraTS-GLI-01189-000,E_random_matched_D_useful,4.0,activation,,0.8806701302528381,0.8802272081375122,-0.00044292211532592773,0.0935542955994606,,,0.001083830720745027,,,28.798063278198242,29.674701690673828,0.8766384124755859,,,
10,2,BraTS-GLI-01189-000,D_useful,14.0,activation,,0.8806701302528381,0.943740963935852,0.06307083368301392,0.0935542955994606,0.044191762804985046,-0.049362532794475555,0.001083830720745027,0.0001468805712647736,-0.0009369501494802535,28.798063278198242,55.59208297729492,26.79401969909668,,,1.0
10,2,BraTS-GLI-01189-000,E_random_matched_D_useful,14.0,activation,,0.8806701302528381,0.24878288805484772,-0.6318872421979904,0.0935542955994606,,,0.001083830720745027,,,28.798063278198242,36.09778594970703,7.299722671508789,,,
10,3,BraTS-GLI-01336-000,A_seg,0.25,parameter,0.25000000985164644,0.9409734010696411,0.8843007683753967,-0.056672632694244385,0.07574503868818283,0.09855006635189056,0.022805027663707733,0.00038622840656898916,0.00013863037747796625,-0.0002475980290910229,40.4315299987793,31.557083129882812,-8.874446868896484,1.0,0.03281021863222122,
10,3,BraTS-GLI-01336-000,E_random_matched_A_seg,0.25,parameter,0.25000001026637597,0.9409734010696411,0.9406487345695496,-0.00032466650009155273,0.07574503868818283,0.07576123625040054,1.6197562217712402e-05,0.00038622840656898916,0.00038097790093161166,-5.2505056373775005e-06,40.4315299987793,40.40003204345703,-0.031497955322265625,,,
10,3,BraTS-GLI-01336-000,A_seg,0.5,parameter,0.5000000197032929,0.9409734010696411,0.7563318610191345,-0.1846415400505066,0.07574503868818283,0.1687677502632141,0.09302271157503128,0.00038622840656898916,0.00010554449545452371,-0.00028068391111446545,40.4315299987793,24.199857711791992,-16.231672286987305,1.0,0.03281021863222122,
10,3,BraTS-GLI-01336-000,E_random_matched_A_seg,0.5,parameter,0.5000000336149231,0.9409734010696411,0.9405667185783386,-0.00040668249130249023,0.07574503868818283,0.07450689375400543,-0.0012381449341773987,0.00038622840656898916,0.0003858167619910091,-4.116445779800415e-07,40.4315299987793,39.999961853027344,-0.4315681457519531,,,
10,3,BraTS-GLI-01336-000,A_seg,1.0,parameter,1.0000000394065858,0.9409734010696411,0.3629032373428345,-0.5780701637268066,0.07574503868818283,0.4547542333602905,0.3790091946721077,0.00038622840656898916,4.730691944132559e-05,-0.00033892148712766357,40.4315299987793,16.310394287109375,-24.121135711669922,1.0,0.03281021863222122,
10,3,BraTS-GLI-01336-000,E_random_matched_A_seg,1.0,parameter,1.000000003434252,0.9409734010696411,0.9422407746315002,0.0012673735618591309,0.07574503868818283,0.07938449084758759,0.0036394521594047546,0.00038622840656898916,0.0003596736351028085,-2.6554771466180682e-05,40.4315299987793,39.314048767089844,-1.1174812316894531,,,
10,3,BraTS-GLI-01336-000,A_seg,2.0,parameter,2.0000000788131715,0.9409734010696411,0.0016832993132993579,-0.9392901017563418,0.07574503868818283,0.5726117491722107,0.49686671048402786,0.00038622840656898916,3.265241730332491e-06,-0.00038296316483865667,40.4315299987793,16.822364807128906,-23.60916519165039,1.0,0.03281021863222122,
10,3,BraTS-GLI-01336-000,E_random_matched_A_seg,2.0,parameter,2.000000100626491,0.9409734010696411,0.9393628239631653,-0.00161057710647583,0.07574503868818283,0.07753493636846542,0.0017898976802825928,0.00038622840656898916,0.0004967304412275553,0.00011050203465856612,40.4315299987793,39.88212966918945,-0.5494003295898438,,,
10,3,BraTS-GLI-01336-000,B_margin,0.25,parameter,0.24999999985084287,0.9409734010696411,0.9342916011810303,-0.00668179988861084,0.07574503868818283,0.08223338425159454,0.006488345563411713,0.00038622840656898916,0.0002621783351060003,-0.00012405007146298885,40.4315299987793,42.333560943603516,1.9020309448242188,0.03281021863222122,1.0,
10,3,BraTS-GLI-01336-000,E_random_matched_B_margin,0.25,parameter,0.2500000020772859,0.9409734010696411,0.9406487345695496,-0.00032466650009155273,0.07574503868818283,0.0750206783413887,-0.0007243603467941284,0.00038622840656898916,0.00038573608617298305,-4.923203960061073e-07,40.4315299987793,40.418190002441406,-0.013339996337890625,,,
10,3,BraTS-GLI-01336-000,B_margin,0.5,parameter,0.49999999970168574,0.9409734010696411,0.9182906150817871,-0.022682785987854004,0.07574503868818283,0.09917573630809784,0.02343069761991501,0.00038622840656898916,0.00014510343316942453,-0.00024112497339956462,40.4315299987793,45.33785629272461,4.9063262939453125,0.03281021863222122,1.0,
10,3,BraTS-GLI-01336-000,E_random_matched_B_margin,0.5,parameter,0.49999997947088515,0.9409734010696411,0.9408918023109436,-8.159875869750977e-05,0.07574503868818283,0.0758274719119072,8.243322372436523e-05,0.00038622840656898916,0.0003807696921285242,-5.4587144404649734e-06,40.4315299987793,40.12752151489258,-0.30400848388671875,,,
10,3,BraTS-GLI-01336-000,B_margin,1.0,parameter,0.9999999994033715,0.9409734010696411,0.8751733899116516,-0.0658000111579895,0.07574503868818283,0.2120954692363739,0.13635043054819107,0.00038622840656898916,6.061400563339703e-05,-0.00032561440093559213,40.4315299987793,53.856178283691406,13.42464828491211,0.03281021863222122,1.0,
10,3,BraTS-GLI-01336-000,E_random_matched_B_margin,1.0,parameter,1.000000025029294,0.9409734010696411,0.9419488310813904,0.0009754300117492676,0.07574503868818283,0.076881542801857,0.0011365041136741638,0.00038622840656898916,0.00039642484625801444,1.0196439689025283e-05,40.4315299987793,40.63691329956055,0.20538330078125,,,
10,3,BraTS-GLI-01336-000,B_margin,2.0,parameter,1.999999998806743,0.9409734010696411,0.1657983511686325,-0.7751750499010086,0.07574503868818283,0.5517870187759399,0.4760419800877571,0.00038622840656898916,7.094195552781457e-06,-0.0003791342110162077,40.4315299987793,77.56063842773438,37.12910842895508,0.03281021863222122,1.0,
10,3,BraTS-GLI-01336-000,E_random_matched_B_margin,2.0,parameter,1.999999972846126,0.9409734010696411,0.9423143267631531,0.0013409256935119629,0.07574503868818283,0.0827137678861618,0.006968729197978973,0.00038622840656898916,0.0004702612932305783,8.403288666158915e-05,40.4315299987793,39.487518310546875,-0.9440116882324219,,,
10,3,BraTS-GLI-01336-000,C_total,0.25,parameter,0.2499999937572283,0.9409734010696411,0.8843007683753967,-0.056672632694244385,0.07574503868818283,0.09856528788805008,0.02282024919986725,0.00038622840656898916,0.00013675872469320893,-0.0002494696818757802,40.4315299987793,31.564197540283203,-8.867332458496094,0.9999762773513794,0.03970644623041153,
10,3,BraTS-GLI-01336-000,E_random_matched_C_total,0.25,parameter,0.24999999121064304,0.9409734010696411,0.9406487345695496,-0.00032466650009155273,0.07574503868818283,0.07561083883047104,-0.000134199857711792,0.00038622840656898916,0.00038264624890871346,-3.5821576602756977e-06,40.4315299987793,40.640357971191406,0.20882797241210938,,,
10,3,BraTS-GLI-01336-000,C_total,0.5,parameter,0.4999999875144566,0.9409734010696411,0.7563318610191345,-0.1846415400505066,0.07574503868818283,0.16885818541049957,0.09311314672231674,0.00038622840656898916,0.00010571590246399865,-0.0002805125041049905,40.4315299987793,24.210969924926758,-16.22056007385254,0.9999762773513794,0.03970644623041153,
10,3,BraTS-GLI-01336-000,E_random_matched_C_total,0.5,parameter,0.49999999621650204,0.9409734010696411,0.9406487345695496,-0.00032466650009155273,0.07574503868818283,0.07467582076787949,-0.0010692179203033447,0.00038622840656898916,0.0003824472369160503,-3.7811696529388428e-06,40.4315299987793,40.341033935546875,-0.09049606323242188,,,
10,3,BraTS-GLI-01336-000,C_total,1.0,parameter,0.9999999750289132,0.9409734010696411,0.3629032373428345,-0.5780701637268066,0.07574503868818283,0.4555322229862213,0.3797871842980385,0.00038622840656898916,4.712840018328279e-05,-0.00033910000638570637,40.4315299987793,16.32899284362793,-24.102537155151367,0.9999762773513794,0.03970644623041153,
10,3,BraTS-GLI-01336-000,E_random_matched_C_total,1.0,parameter,0.999999958476109,0.9409734010696411,0.9436325430870056,0.002659142017364502,0.07574503868818283,0.0759487971663475,0.00020375847816467285,0.00038622840656898916,0.00042222713818773627,3.5998731618747115e-05,40.4315299987793,39.41665267944336,-1.0148773193359375,,,
10,3,BraTS-GLI-01336-000,C_total,2.0,parameter,1.9999999500578265,0.9409734010696411,0.001890135812573135,-0.939083265257068,0.07574503868818283,0.5726981163024902,0.4969530776143074,0.00038622840656898916,3.222533678126638e-06,-0.0003830058728908625,40.4315299987793,16.8449764251709,-23.5865535736084,0.9999762773513794,0.03970644623041153,
10,3,BraTS-GLI-01336-000,E_random_matched_C_total,2.0,parameter,2.0000000165600795,0.9409734010696411,0.9382041692733765,-0.0027692317962646484,0.07574503868818283,0.0796831026673317,0.003938063979148865,0.00038622840656898916,0.0003843541198875755,-1.8742866814136505e-06,40.4315299987793,41.615379333496094,1.1838493347167969,,,
10,3,BraTS-GLI-01336-000,D_useful,1.0,activation,,0.9409734010696411,0.9515570998191833,0.010583698749542236,0.07574503868818283,0.06689929962158203,-0.0088457390666008,0.00038622840656898916,0.00031375940307043493,-7.246900349855423e-05,40.4315299987793,42.37980270385742,1.948272705078125,,,1.0
10,3,BraTS-GLI-01336-000,E_random_matched_D_useful,1.0,activation,,0.9409734010696411,0.9422744512557983,0.0013010501861572266,0.07574503868818283,,,0.00038622840656898916,,,40.4315299987793,40.469608306884766,0.03807830810546875,,,
10,3,BraTS-GLI-01336-000,D_useful,2.0,activation,,0.9409734010696411,0.9611919522285461,0.02021855115890503,0.07574503868818283,0.060746610164642334,-0.014998428523540497,0.00038622840656898916,0.00026044389232993126,-0.0001257845142390579,40.4315299987793,44.33706283569336,3.9055328369140625,,,1.0
10,3,BraTS-GLI-01336-000,E_random_matched_D_useful,2.0,activation,,0.9409734010696411,0.9426002502441406,0.0016268491744995117,0.07574503868818283,,,0.00038622840656898916,,,40.4315299987793,40.58242416381836,0.1508941650390625,,,
10,3,BraTS-GLI-01336-000,D_useful,4.0,activation,,0.9409734010696411,0.9736111164093018,0.032637715339660645,0.07574503868818283,0.05238617956638336,-0.02335885912179947,0.00038622840656898916,0.00019128562416881323,-0.00019494278240017593,40.4315299987793,48.265777587890625,7.834247589111328,,,1.0
10,3,BraTS-GLI-01336-000,E_random_matched_D_useful,4.0,activation,,0.9409734010696411,0.9370242357254028,-0.003949165344238281,0.07574503868818283,,,0.00038622840656898916,,,40.4315299987793,41.036582946777344,0.6050529479980469,,,
10,3,BraTS-GLI-01336-000,D_useful,14.0,activation,,0.9409734010696411,0.9940288066864014,0.053055405616760254,0.07574503868818283,0.033802103251218796,-0.041942935436964035,0.00038622840656898916,3.546780499164015e-05,-0.000350760601577349,40.4315299987793,68.00230407714844,27.57077407836914,,,1.0
10,3,BraTS-GLI-01336-000,E_random_matched_D_useful,14.0,activation,,0.9409734010696411,0.14138749241828918,-0.7995859086513519,0.07574503868818283,,,0.00038622840656898916,,,40.4315299987793,46.21599578857422,5.784465789794922,,,
10,4,BraTS-GLI-00250-000,A_seg,0.25,parameter,0.2500000033760444,0.9136986136436462,0.8721362352371216,-0.04156237840652466,0.08237067610025406,0.0949409008026123,0.012570224702358246,0.0007779099396429956,0.0007179929525591433,-5.991698708385229e-05,39.56072235107422,49.78289031982422,10.22216796875,1.0,0.23505079746246338,
10,4,BraTS-GLI-00250-000,E_random_matched_A_seg,0.25,parameter,0.2500000192230793,0.9136986136436462,0.9137576818466187,5.906820297241211e-05,0.08237067610025406,0.08231226354837418,-5.841255187988281e-05,0.0007779099396429956,0.0007765493937768042,-1.3605458661913872e-06,39.56072235107422,39.81416320800781,0.25344085693359375,,,
10,4,BraTS-GLI-00250-000,A_seg,0.5,parameter,0.5000000067520888,0.9136986136436462,0.7950103878974915,-0.11868822574615479,0.08237067610025406,0.12424346804618835,0.041872791945934296,0.0007779099396429956,0.00033155581331811845,-0.00044635412632487714,39.56072235107422,59.4604377746582,19.899715423583984,1.0,0.23505079746246338,
10,4,BraTS-GLI-00250-000,E_random_matched_A_seg,0.5,parameter,0.500000001207809,0.9136986136436462,0.9146676063537598,0.0009689927101135254,0.08237067610025406,0.08212192356586456,-0.00024875253438949585,0.0007779099396429956,0.000794161343947053,1.625140430405736e-05,39.56072235107422,39.46151351928711,-0.09920883178710938,,,
10,4,BraTS-GLI-00250-000,A_seg,1.0,parameter,1.0000000135041776,0.9136986136436462,0.5479221343994141,-0.3657764792442322,0.08237067610025406,0.2488991767168045,0.16652850061655045,0.0007779099396429956,4.0779774280963466e-05,-0.0007371301653620321,39.56072235107422,77.4373779296875,37.87665557861328,1.0,0.23505079746246338,
10,4,BraTS-GLI-00250-000,E_random_matched_A_seg,1.0,parameter,0.9999999929277692,0.9136986136436462,0.9146780967712402,0.0009794831275939941,0.08237067610025406,0.08222298324108124,-0.00014769285917282104,0.0007779099396429956,0.000789289188105613,1.1379248462617397e-05,39.56072235107422,39.59122085571289,0.030498504638671875,,,
10,4,BraTS-GLI-00250-000,A_seg,2.0,parameter,2.000000027008355,0.9136986136436462,0.16442334651947021,-0.749275267124176,0.08237067610025406,0.5425621271133423,0.4601914510130882,0.0007779099396429956,5.015283022657968e-06,-0.0007728946566203376,39.56072235107422,111.43289947509766,71.87217712402344,1.0,0.23505079746246338,
10,4,BraTS-GLI-00250-000,E_random_matched_A_seg,2.0,parameter,2.000000075669958,0.9136986136436462,0.9131250977516174,-0.0005735158920288086,0.08237067610025406,0.07966171205043793,-0.0027089640498161316,0.0007779099396429956,0.0007835900760255754,5.6801363825798035e-06,39.56072235107422,39.43268966674805,-0.12803268432617188,,,
10,4,BraTS-GLI-00250-000,B_margin,0.25,parameter,0.24999999036663192,0.9136986136436462,0.8938183188438416,-0.019880294799804688,0.08237067610025406,0.09219572693109512,0.009825050830841064,0.0007779099396429956,0.00046986338566057384,-0.00030804655398242176,39.56072235107422,49.697261810302734,10.136539459228516,0.23505079746246338,1.0,
10,4,BraTS-GLI-00250-000,E_random_matched_B_margin,0.25,parameter,0.24999999188003116,0.9136986136436462,0.9138845801353455,0.00018596649169921875,0.08237067610025406,0.08217484503984451,-0.0001958310604095459,0.0007779099396429956,0.0007817143341526389,3.8043945096433163e-06,39.56072235107422,39.54399490356445,-0.016727447509765625,,,
10,4,BraTS-GLI-00250-000,B_margin,0.5,parameter,0.49999998073326385,0.9136986136436462,0.8602815866470337,-0.05341702699661255,0.08237067610025406,0.11498614400625229,0.03261546790599823,0.0007779099396429956,0.00029724600608460605,-0.00048066393355838954,39.56072235107422,61.916934967041016,22.356212615966797,0.23505079746246338,1.0,
10,4,BraTS-GLI-00250-000,E_random_matched_B_margin,0.5,parameter,0.4999999711726551,0.9136986136436462,0.9139140844345093,0.0002154707908630371,0.08237067610025406,0.08247575163841248,0.00010507553815841675,0.0007779099396429956,0.0007799152517691255,2.0053121261298656e-06,39.56072235107422,39.92060089111328,0.3598785400390625,,,
10,4,BraTS-GLI-00250-000,B_margin,1.0,parameter,0.9999999614665277,0.9136986136436462,0.7952733635902405,-0.11842525005340576,0.08237067610025406,0.24621805548667908,0.16384737938642502,0.0007779099396429956,0.00016090062854345888,-0.0006170093110995367,39.56072235107422,90.9071044921875,51.34638214111328,0.23505079746246338,1.0,
10,4,BraTS-GLI-00250-000,E_random_matched_B_margin,1.0,parameter,0.9999999034916935,0.9136986136436462,0.913385808467865,-0.00031280517578125,0.08237067610025406,0.08219552785158157,-0.00017514824867248535,0.0007779099396429956,0.0008178795105777681,3.996957093477249e-05,39.56072235107422,39.02280807495117,-0.5379142761230469,,,
10,4,BraTS-GLI-00250-000,B_margin,2.0,parameter,1.9999999229330554,0.9136986136436462,0.04149146005511284,-0.8722071535885334,0.08237067610025406,0.6450400948524475,0.5626694187521935,0.0007779099396429956,4.677935066865757e-05,-0.000731130588974338,39.56072235107422,164.5576629638672,124.99694061279297,0.23505079746246338,1.0,
10,4,BraTS-GLI-00250-000,E_random_matched_B_margin,2.0,parameter,1.9999999667052177,0.9136986136436462,0.913991391658783,0.00029277801513671875,0.08237067610025406,0.08157087862491608,-0.0007997974753379822,0.0007779099396429956,0.0007944336393848062,1.652369974181056e-05,39.56072235107422,38.38028335571289,-1.1804389953613281,,,
10,4,BraTS-GLI-00250-000,C_total,0.25,parameter,0.24999999174906398,0.9136986136436462,0.8715965151786804,-0.04210209846496582,0.08237067610025406,0.09528109431266785,0.012910418212413788,0.0007779099396429956,0.0007040949421934783,-7.381499744951725e-05,39.56072235107422,50.1007080078125,10.539985656738281,0.9991678595542908,0.2745000720024109,
10,4,BraTS-GLI-00250-000,E_random_matched_C_total,0.25,parameter,0.24999998646671848,0.9136986136436462,0.913385808467865,-0.00031280517578125,0.08237067610025406,0.08257562667131424,0.00020495057106018066,0.0007779099396429956,0.0007690383936278522,-8.871546015143394e-06,39.56072235107422,39.53287124633789,-0.027851104736328125,,,
10,4,BraTS-GLI-00250-000,C_total,0.5,parameter,0.49999998349812796,0.9136986136436462,0.7934090495109558,-0.12028956413269043,0.08237067610025406,0.12486302107572556,0.0424923449754715,0.0007779099396429956,0.00031904972274787724,-0.00045886021689511836,39.56072235107422,60.17091751098633,20.61019515991211,0.9991678595542908,0.2745000720024109,
10,4,BraTS-GLI-00250-000,E_random_matched_C_total,0.5,parameter,0.499999991407094,0.9136986136436462,0.9144421815872192,0.000743567943572998,0.08237067610025406,0.08270806074142456,0.0003373846411705017,0.0007779099396429956,0.0007736993138678372,-4.210625775158405e-06,39.56072235107422,39.57282638549805,0.012104034423828125,,,
10,4,BraTS-GLI-00250-000,C_total,1.0,parameter,0.9999999669962559,0.9136986136436462,0.5501362681388855,-0.36356234550476074,0.08237067610025406,0.24767684936523438,0.16530617326498032,0.0007779099396429956,3.9248145185410976e-05,-0.0007386617944575846,39.56072235107422,79.18146514892578,39.62074279785156,0.9991678595542908,0.2745000720024109,
10,4,BraTS-GLI-00250-000,E_random_matched_C_total,1.0,parameter,0.9999999664723868,0.9136986136436462,0.9140006899833679,0.0003020763397216797,0.08237067610025406,0.08151735365390778,-0.000853322446346283,0.0007779099396429956,0.0007986411219462752,2.0731182303279638e-05,39.56072235107422,39.316322326660156,-0.2444000244140625,,,
10,4,BraTS-GLI-00250-000,C_total,2.0,parameter,1.9999999339925119,0.9136986136436462,0.1643957942724228,-0.7493028193712234,0.08237067610025406,0.545840859413147,0.4634701833128929,0.0007779099396429956,3.95960159949027e-06,-0.0007739503380435053,39.56072235107422,116.25621795654297,76.69549560546875,0.9991678595542908,0.2745000720024109,
10,4,BraTS-GLI-00250-000,E_random_matched_C_total,2.0,parameter,1.9999999215942792,0.9136986136436462,0.9155539870262146,0.0018553733825683594,0.08237067610025406,0.08360719680786133,0.0012365207076072693,0.0007779099396429956,0.0007165733841247857,-6.133655551820993e-05,39.56072235107422,37.02996826171875,-2.5307540893554688,,,
10,4,BraTS-GLI-00250-000,D_useful,1.0,activation,,0.9136986136436462,0.9223117828369141,0.008613169193267822,0.08237067610025406,0.07481059432029724,-0.007560081779956818,0.0007779099396429956,0.0006653552409261465,-0.00011255469871684909,39.56072235107422,41.46586990356445,1.9051475524902344,,,1.0
10,4,BraTS-GLI-00250-000,E_random_matched_D_useful,1.0,activation,,0.9136986136436462,0.9148535132408142,0.0011548995971679688,0.08237067610025406,,,0.0007779099396429956,,,39.56072235107422,39.611671447753906,0.0509490966796875,,,
10,4,BraTS-GLI-00250-000,D_useful,2.0,activation,,0.9136986136436462,0.9310757517814636,0.017377138137817383,0.08237067610025406,0.06897886842489243,-0.013391807675361633,0.0007779099396429956,0.0005520558333955705,-0.00022585410624742508,39.56072235107422,43.38897705078125,3.8282546997070312,,,1.0
10,4,BraTS-GLI-00250-000,E_random_matched_D_useful,2.0,activation,,0.9136986136436462,0.9152252078056335,0.0015265941619873047,0.08237067610025406,,,0.0007779099396429956,,,39.56072235107422,39.73476791381836,0.17404556274414062,,,
10,4,BraTS-GLI-00250-000,D_useful,4.0,activation,,0.9136986136436462,0.942324161529541,0.028625547885894775,0.08237067610025406,0.0602756068110466,-0.02209506928920746,0.0007779099396429956,0.0004049540439154953,-0.0003729558957275003,39.56072235107422,47.25726318359375,7.696540832519531,,,1.0
10,4,BraTS-GLI-00250-000,E_random_matched_D_useful,4.0,activation,,0.9136986136436462,0.912574827671051,-0.0011237859725952148,0.08237067610025406,,,0.0007779099396429956,,,39.56072235107422,40.250144958496094,0.689422607421875,,,
10,4,BraTS-GLI-00250-000,D_useful,14.0,activation,,0.9136986136436462,0.9716153740882874,0.05791676044464111,0.08237067610025406,0.038337744772434235,-0.044032931327819824,0.0007779099396429956,7.476854807464406e-05,-0.0007031413915683515,39.56072235107422,66.72862243652344,27.16790008544922,,,1.0
10,4,BraTS-GLI-00250-000,E_random_matched_D_useful,14.0,activation,,0.9136986136436462,0.24280740320682526,-0.670891210436821,0.08237067610025406,,,0.0007779099396429956,,,39.56072235107422,45.67923355102539,6.118511199951172,,,
10,5,BraTS-GLI-00501-000,A_seg,0.25,parameter,0.250000007188646,0.9290540814399719,0.8789808750152588,-0.050073206424713135,0.07789778709411621,0.09425410628318787,0.016356319189071655,0.002713271416723728,0.00040209616417996585,-0.0023111752525437623,27.451324462890625,41.72028732299805,14.268962860107422,1.0,-0.1527254432439804,
10,5,BraTS-GLI-00501-000,E_random_matched_A_seg,0.25,parameter,0.25000000596992317,0.9290540814399719,0.9281622767448425,-0.0008918046951293945,0.07789778709411621,0.07802881300449371,0.00013102591037750244,0.002713271416723728,0.0026782394852489233,-3.503193147480488e-05,27.451324462890625,27.465070724487305,0.013746261596679688,,,
10,5,BraTS-GLI-00501-000,A_seg,0.5,parameter,0.500000014377292,0.9290540814399719,0.6212592720985413,-0.30779480934143066,0.07789778709411621,0.21560069918632507,0.13770291209220886,0.002713271416723728,3.0211131161195226e-05,-0.002683060285562533,27.451324462890625,56.93784713745117,29.486522674560547,1.0,-0.1527254432439804,
10,5,BraTS-GLI-00501-000,E_random_matched_A_seg,0.5,parameter,0.49999999790088623,0.9290540814399719,0.9303720593452454,0.0013179779052734375,0.07789778709411621,0.07826247811317444,0.00036469101905822754,0.002713271416723728,0.0026686147321015596,-4.465668462216854e-05,27.451324462890625,27.8209171295166,0.36959266662597656,,,
10,5,BraTS-GLI-00501-000,A_seg,1.0,parameter,1.000000028754584,0.9290540814399719,0.27243462204933167,-0.6566194593906403,0.07789778709411621,0.48842883110046387,0.41053104400634766,0.002713271416723728,2.1456915533235588e-07,-0.002713056847568396,27.451324462890625,88.74626922607422,61.294944763183594,1.0,-0.1527254432439804,
10,5,BraTS-GLI-00501-000,E_random_matched_A_seg,1.0,parameter,1.0000000841391703,0.9290540814399719,0.9286050200462341,-0.00044906139373779297,0.07789778709411621,0.07913943380117416,0.0012416467070579529,0.002713271416723728,0.0026631499640643597,-5.0121452659368515e-05,27.451324462890625,27.294109344482422,-0.15721511840820312,,,
10,5,BraTS-GLI-00501-000,A_seg,2.0,parameter,2.000000057509168,0.9290540814399719,0.21727624535560608,-0.7117778360843658,0.07789778709411621,0.6436282396316528,0.5657304525375366,0.002713271416723728,1.2754916046964215e-11,-0.002713271403968812,27.451324462890625,160.13938903808594,132.6880645751953,1.0,-0.1527254432439804,
10,5,BraTS-GLI-00501-000,E_random_matched_A_seg,2.0,parameter,2.0000000420259307,0.9290540814399719,0.9321732521057129,0.003119170665740967,0.07789778709411621,0.07547210156917572,-0.0024256855249404907,0.002713271416723728,0.002351830480620265,-0.0003614409361034632,27.451324462890625,28.42434310913086,0.9730186462402344,,,
10,5,BraTS-GLI-00501-000,B_margin,0.25,parameter,0.25000000052023097,0.9290540814399719,0.9192894101142883,-0.009764671325683594,0.07789778709411621,0.08514975011348724,0.007251963019371033,0.002713271416723728,0.0005843231920152903,-0.002128948224708438,27.451324462890625,26.467023849487305,-0.9843006134033203,-0.1527254432439804,1.0,
10,5,BraTS-GLI-00501-000,E_random_matched_B_margin,0.25,parameter,0.24999999899773684,0.9290540814399719,0.9287658333778381,-0.00028824806213378906,0.07789778709411621,0.0782422199845314,0.00034443289041519165,0.002713271416723728,0.002753784880042076,4.051346331834793e-05,27.451324462890625,27.348674774169922,-0.10264968872070312,,,
10,5,BraTS-GLI-00501-000,B_margin,0.5,parameter,0.5000000010404619,0.9290540814399719,0.9006727337837219,-0.02838134765625,0.07789778709411621,0.10530640184879303,0.02740861475467682,0.002713271416723728,0.00012081422755727544,-0.0025924571891664527,27.451324462890625,26.799484252929688,-0.6518402099609375,-0.1527254432439804,1.0,
10,5,BraTS-GLI-00501-000,E_random_matched_B_margin,0.5,parameter,0.49999996866244956,0.9290540814399719,0.9288129210472107,-0.00024116039276123047,0.07789778709411621,0.07760685682296753,-0.00029093027114868164,0.002713271416723728,0.002649499336257577,-6.377208046615124e-05,27.451324462890625,27.305051803588867,-0.1462726593017578,,,
10,5,BraTS-GLI-00501-000,B_margin,1.0,parameter,1.0000000020809239,0.9290540814399719,0.8393116593360901,-0.08974242210388184,0.07789778709411621,0.2847691774368286,0.2068713903427124,0.002713271416723728,1.3515324098989367e-05,-0.002699756092624739,27.451324462890625,30.480146408081055,3.0288219451904297,-0.1527254432439804,1.0,
10,5,BraTS-GLI-00501-000,E_random_matched_B_margin,1.0,parameter,1.0000000138534233,0.9290540814399719,0.928040623664856,-0.0010134577751159668,0.07789778709411621,0.07789064943790436,-7.137656211853027e-06,0.002713271416723728,0.0025137944612652063,-0.00019947695545852184,27.451324462890625,27.357784271240234,-0.09354019165039062,,,
10,5,BraTS-GLI-00501-000,B_margin,2.0,parameter,2.0000000041618478,0.9290540814399719,0.047568049281835556,-0.8814860321581364,0.07789778709411621,0.6571678519248962,0.57927006483078,0.002713271416723728,5.125308462083922e-07,-0.00271275888587752,27.451324462890625,46.979366302490234,19.52804183959961,-0.1527254432439804,1.0,
10,5,BraTS-GLI-00501-000,E_random_matched_B_margin,2.0,parameter,2.000000029045623,0.9290540814399719,0.9286115765571594,-0.0004425048828125,0.07789778709411621,0.07882051169872284,0.0009227246046066284,0.002713271416723728,0.003052330808714032,0.000339059391990304,27.451324462890625,27.17976188659668,-0.2715625762939453,,,
10,5,BraTS-GLI-00501-000,C_total,0.25,parameter,0.24999999529973133,0.9290540814399719,0.8794772624969482,-0.04957681894302368,0.07789778709411621,0.09415613114833832,0.016258344054222107,0.002713271416723728,0.00039935781387612224,-0.002313913602847606,27.451324462890625,41.741371154785156,14.290046691894531,0.9998863935470581,-0.137806236743927,
10,5,BraTS-GLI-00501-000,E_random_matched_C_total,0.25,parameter,0.24999999037390788,0.9290540814399719,0.9290540814399719,0.0,0.07789778709411621,0.077611044049263,-0.00028674304485321045,0.002713271416723728,0.002714282600209117,1.0111834853887558e-06,27.451324462890625,27.5599365234375,0.108612060546875,,,
10,5,BraTS-GLI-00501-000,C_total,0.5,parameter,0.49999999059946265,0.9290540814399719,0.6225976347923279,-0.30645644664764404,0.07789778709411621,0.21481209993362427,0.13691431283950806,0.002713271416723728,2.9955983336549252e-05,-0.002683315433387179,27.451324462890625,57.00498580932617,29.553661346435547,0.9998863935470581,-0.137806236743927,
10,5,BraTS-GLI-00501-000,E_random_matched_C_total,0.5,parameter,0.4999999762003421,0.9290540814399719,0.9295088052749634,0.0004547238349914551,0.07789778709411621,0.07791940122842789,2.1614134311676025e-05,0.002713271416723728,0.002785081509500742,7.181009277701378e-05,27.451324462890625,27.329130172729492,-0.12219429016113281,,,
10,5,BraTS-GLI-00501-000,C_total,1.0,parameter,0.9999999811989253,0.9290540814399719,0.27271148562431335,-0.6563425958156586,0.07789778709411621,0.48830661177635193,0.4104088246822357,0.002713271416723728,2.182312499598993e-07,-0.0027130531854737683,27.451324462890625,88.96060943603516,61.50928497314453,0.9998863935470581,-0.137806236743927,
10,5,BraTS-GLI-00501-000,E_random_matched_C_total,1.0,parameter,0.999999974534148,0.9290540814399719,0.927522599697113,-0.0015314817428588867,0.07789778709411621,0.0786161869764328,0.0007183998823165894,0.002713271416723728,0.002703374484553933,-9.896932169795036e-06,27.451324462890625,26.89883041381836,-0.5524940490722656,,,
10,5,BraTS-GLI-00501-000,C_total,2.0,parameter,1.9999999623978506,0.9290540814399719,0.2172934114933014,-0.7117606699466705,0.07789778709411621,0.6448109149932861,0.5669131278991699,0.002713271416723728,5.256041088474994e-11,-0.0027132713641633173,27.451324462890625,160.85675048828125,133.40542602539062,0.9998863935470581,-0.137806236743927,
10,5,BraTS-GLI-00501-000,E_random_matched_C_total,2.0,parameter,1.9999999360006757,0.9290540814399719,0.924706757068634,-0.004347324371337891,0.07789778709411621,0.08048370480537415,0.0025859177112579346,0.002713271416723728,0.0026527163572609425,-6.055505946278572e-05,27.451324462890625,26.15363121032715,-1.2976932525634766,,,
10,5,BraTS-GLI-00501-000,D_useful,1.0,activation,,0.9290540814399719,0.9407808780670166,0.011726796627044678,0.07789778709411621,0.07002461701631546,-0.00787317007780075,0.002713271416723728,0.002109914319589734,-0.0006033570971339941,27.451324462890625,29.36479377746582,1.9134693145751953,,,1.0
10,5,BraTS-GLI-00501-000,E_random_matched_D_useful,1.0,activation,,0.9290540814399719,0.9292815327644348,0.00022745132446289062,0.07789778709411621,,,0.002713271416723728,,,27.451324462890625,27.51194953918457,0.06062507629394531,,,
10,5,BraTS-GLI-00501-000,D_useful,2.0,activation,,0.9290540814399719,0.9484555125236511,0.0194014310836792,0.07789778709411621,0.0638623759150505,-0.014035411179065704,0.002713271416723728,0.001606074394658208,-0.0011071970220655203,27.451324462890625,31.295181274414062,3.8438568115234375,,,1.0
10,5,BraTS-GLI-00501-000,E_random_matched_D_useful,2.0,activation,,0.9290540814399719,0.928108274936676,-0.0009458065032958984,0.07789778709411621,,,0.002713271416723728,,,27.451324462890625,27.673952102661133,0.2226276397705078,,,
10,5,BraTS-GLI-00501-000,D_useful,4.0,activation,,0.9290540814399719,0.9623810052871704,0.033326923847198486,0.07789778709411621,0.05464866757392883,-0.023249119520187378,0.002713271416723728,0.0009593518334440887,-0.0017539195832796395,27.451324462890625,35.17992401123047,7.728599548339844,,,1.0
10,5,BraTS-GLI-00501-000,E_random_matched_D_useful,4.0,activation,,0.9290540814399719,0.9271224737167358,-0.001931607723236084,0.07789778709411621,,,0.002713271416723728,,,27.451324462890625,28.269786834716797,0.8184623718261719,,,
10,5,BraTS-GLI-00501-000,D_useful,14.0,activation,,0.9290540814399719,0.9872348308563232,0.05818074941635132,0.07789778709411621,0.03344975411891937,-0.04444803297519684,0.002713271416723728,6.165302329463884e-05,-0.0026516183934290893,27.451324462890625,54.74217987060547,27.290855407714844,,,1.0
10,5,BraTS-GLI-00501-000,E_random_matched_D_useful,14.0,activation,,0.9290540814399719,0.3675847351551056,-0.5614693462848663,0.07789778709411621,,,0.002713271416723728,,,27.451324462890625,34.893638610839844,7.442314147949219,,,
10,6,BraTS-GLI-01093-000,A_seg,0.25,parameter,0.2500000052968971,0.9440290331840515,0.8789659142494202,-0.06506311893463135,0.07291551679372787,0.093130923807621,0.020215407013893127,0.0016953657614067197,0.0007617599330842495,-0.0009336058283224702,32.59635543823242,46.182891845703125,13.586536407470703,1.0,-0.18532247841358185,
10,6,BraTS-GLI-01093-000,E_random_matched_A_seg,0.25,parameter,0.25000000069485395,0.9440290331840515,0.9434432983398438,-0.0005857348442077637,0.07291551679372787,0.07298877090215683,7.325410842895508e-05,0.0016953657614067197,0.001741358544677496,4.599278327077627e-05,32.59635543823242,32.50679397583008,-0.08956146240234375,,,
10,6,BraTS-GLI-01093-000,A_seg,0.5,parameter,0.5000000105937942,0.9440290331840515,0.7834944128990173,-0.16053462028503418,0.07291551679372787,0.13274644315242767,0.0598309263586998,0.0016953657614067197,7.958361675264314e-05,-0.0016157821446540765,32.59635543823242,60.659027099609375,28.062671661376953,1.0,-0.18532247841358185,
10,6,BraTS-GLI-01093-000,E_random_matched_A_seg,0.5,parameter,0.5000000146756063,0.9440290331840515,0.9446394443511963,0.0006104111671447754,0.07291551679372787,0.0731673464179039,0.0002518296241760254,0.0016953657614067197,0.0016887185629457235,-6.647198460996151e-06,32.59635543823242,32.88192367553711,0.2855682373046875,,,
10,6,BraTS-GLI-01093-000,A_seg,1.0,parameter,1.0000000211875884,0.9440290331840515,0.2867420017719269,-0.6572870314121246,0.07291551679372787,0.42640364170074463,0.35348812490701675,0.0016953657614067197,1.742817516969808e-06,-0.0016936229438897499,32.59635543823242,90.9164047241211,58.32004928588867,1.0,-0.18532247841358185,
10,6,BraTS-GLI-01093-000,E_random_matched_A_seg,1.0,parameter,1.0000000067520887,0.9440290331840515,0.9418960213661194,-0.002133011817932129,0.07291551679372787,0.07437249273061752,0.0014569759368896484,0.0016953657614067197,0.0017018201760947704,6.454414688050747e-06,32.59635543823242,32.52125549316406,-0.07509994506835938,,,
10,6,BraTS-GLI-01093-000,A_seg,2.0,parameter,2.0000000423751767,0.9440290331840515,0.18119671940803528,-0.7628323137760162,0.07291551679372787,0.6375150680541992,0.5645995512604713,0.0016953657614067197,1.05686293050411e-09,-0.0016953647045437892,32.59635543823242,157.75563049316406,125.15927505493164,1.0,-0.18532247841358185,
10,6,BraTS-GLI-01093-000,E_random_matched_A_seg,2.0,parameter,2.0000000658910713,0.9440290331840515,0.9430601000785828,-0.00096893310546875,0.07291551679372787,0.07295296341180801,3.744661808013916e-05,0.0016953657614067197,0.0016536694020032883,-4.1696359403431416e-05,32.59635543823242,33.414085388183594,0.8177299499511719,,,
10,6,BraTS-GLI-01093-000,B_margin,0.25,parameter,0.24999999808642315,0.9440290331840515,0.9133461117744446,-0.030682921409606934,0.07291551679372787,0.08316105604171753,0.010245539247989655,0.0016953657614067197,0.0001971367746591568,-0.0014982289867475629,32.59635543823242,24.88016700744629,-7.716188430786133,-0.18532247841358185,1.0,
10,6,BraTS-GLI-01093-000,E_random_matched_B_margin,0.25,parameter,0.25000000396357785,0.9440290331840515,0.9437641501426697,-0.00026488304138183594,0.07291551679372787,0.07260367274284363,-0.0003118440508842468,0.0016953657614067197,0.0016811724053695798,-1.4193356037139893e-05,32.59635543823242,32.560638427734375,-0.035717010498046875,,,
10,6,BraTS-GLI-01093-000,B_margin,0.5,parameter,0.4999999961728463,0.9440290331840515,0.8519037365913391,-0.0921252965927124,0.07291551679372787,0.10863862931728363,0.035723112523555756,0.0016953657614067197,4.429371256264858e-05,-0.001651072048844071,32.59635543823242,19.18996810913086,-13.406387329101562,-0.18532247841358185,1.0,
10,6,BraTS-GLI-01093-000,E_random_matched_B_margin,0.5,parameter,0.5000000012150849,0.9440290331840515,0.944400429725647,0.000371396541595459,0.07291551679372787,0.07221007347106934,-0.0007054433226585388,0.0016953657614067197,0.0016881328774616122,-7.23288394510746e-06,32.59635543823242,32.540008544921875,-0.056346893310546875,,,
10,6,BraTS-GLI-01093-000,B_margin,1.0,parameter,0.9999999923456926,0.9440290331840515,0.43543076515197754,-0.508598268032074,0.07291551679372787,0.31523454189300537,0.2423190250992775,0.0016953657614067197,4.17695537180407e-06,-0.0016911888060349156,32.59635543823242,15.403753280639648,-17.192602157592773,-0.18532247841358185,1.0,
10,6,BraTS-GLI-01093-000,E_random_matched_B_margin,1.0,parameter,1.0000000011059456,0.9440290331840515,0.9433706402778625,-0.0006583929061889648,0.07291551679372787,0.07410401105880737,0.0011884942650794983,0.0016953657614067197,0.0015977008733898401,-9.766488801687956e-05,32.59635543823242,32.9391975402832,0.34284210205078125,,,
10,6,BraTS-GLI-01093-000,B_margin,2.0,parameter,1.9999999846913852,0.9440290331840515,0.12782573699951172,-0.8162032961845398,0.07291551679372787,0.5227521061897278,0.4498365893959999,0.0016953657614067197,9.213645846273266e-09,-0.0016953565477608734,32.59635543823242,29.51384735107422,-3.082508087158203,-0.18532247841358185,1.0,
10,6,BraTS-GLI-01093-000,E_random_matched_B_margin,2.0,parameter,1.9999999307328824,0.9440290331840515,0.945466935634613,0.0014379024505615234,0.07291551679372787,0.07387841492891312,0.0009628981351852417,0.0016953657614067197,0.0017459186492487788,5.0552887842059135e-05,32.59635543823242,31.832355499267578,-0.7639999389648438,,,
10,6,BraTS-GLI-01093-000,C_total,0.25,parameter,0.2500000000873115,0.9440290331840515,0.8795688152313232,-0.06446021795272827,0.07291551679372787,0.09305600076913834,0.02014048397541046,0.0016953657614067197,0.0007637852686457336,-0.0009315804927609861,32.59635543823242,46.10471725463867,13.50836181640625,0.999929666519165,-0.17364978790283203,
10,6,BraTS-GLI-01093-000,E_random_matched_C_total,0.25,parameter,0.2500000001000444,0.9440290331840515,0.9439093470573425,-0.00011968612670898438,0.07291551679372787,0.07300454378128052,8.902698755264282e-05,0.0016953657614067197,0.001684218063019216,-1.1147698387503624e-05,32.59635543823242,32.71878433227539,0.12242889404296875,,,
10,6,BraTS-GLI-01093-000,C_total,0.5,parameter,0.500000000174623,0.9440290331840515,0.7841087579727173,-0.15992027521133423,0.07291551679372787,0.1325436681509018,0.05962815135717392,0.0016953657614067197,7.992669270606712e-05,-0.0016154390687006526,32.59635543823242,60.500160217285156,27.903804779052734,0.999929666519165,-0.17364978790283203,
10,6,BraTS-GLI-01093-000,E_random_matched_C_total,0.5,parameter,0.4999999906758602,0.9440290331840515,0.9436523914337158,-0.00037664175033569336,0.07291551679372787,0.07318078726530075,0.000265270471572876,0.0016953657614067197,0.0016580814262852073,-3.728433512151241e-05,32.59635543823242,32.879486083984375,0.2831306457519531,,,
10,6,BraTS-GLI-01093-000,C_total,1.0,parameter,1.000000000349246,0.9440290331840515,0.2889402210712433,-0.6550888121128082,0.07291551679372787,0.4244227707386017,0.3515072539448738,0.0016953657614067197,1.8439619680066244e-06,-0.001693521799438713,32.59635543823242,90.60798645019531,58.01163101196289,0.999929666519165,-0.17364978790283203,
10,6,BraTS-GLI-01093-000,E_random_matched_C_total,1.0,parameter,1.000000047512002,0.9440290331840515,0.9424533843994141,-0.0015756487846374512,0.07291551679372787,0.07481469959020615,0.0018991827964782715,0.0016953657614067197,0.001720540807582438,2.5175046175718307e-05,32.59635543823242,32.784481048583984,0.1881256103515625,,,
10,6,BraTS-GLI-01093-000,C_total,2.0,parameter,2.000000000698492,0.9440290331840515,0.18134620785713196,-0.7626828253269196,0.07291551679372787,0.636825442314148,0.5639099255204201,0.0016953657614067197,9.727770811096548e-10,-0.0016953647886296386,32.59635543823242,157.18301391601562,124.5866584777832,0.999929666519165,-0.17364978790283203,
10,6,BraTS-GLI-01093-000,E_random_matched_C_total,2.0,parameter,2.000000003608875,0.9440290331840515,0.9472014307975769,0.0031723976135253906,0.07291551679372787,0.07341864705085754,0.0005031302571296692,0.0016953657614067197,0.0016021864721551538,-9.317928925156593e-05,32.59635543823242,32.75563049316406,0.15927505493164062,,,
10,6,BraTS-GLI-01093-000,D_useful,1.0,activation,,0.9440290331840515,0.9545660018920898,0.01053696870803833,0.07291551679372787,0.06559216976165771,-0.00732334703207016,0.0016953657614067197,0.001398283988237381,-0.0002970817731693387,32.59635543823242,34.52476119995117,1.92840576171875,,,1.0
10,6,BraTS-GLI-01093-000,E_random_matched_D_useful,1.0,activation,,0.9440290331840515,0.942925214767456,-0.001103818416595459,0.07291551679372787,,,0.0016953657614067197,,,32.59635543823242,32.645320892333984,0.0489654541015625,,,
10,6,BraTS-GLI-01093-000,D_useful,2.0,activation,,0.9440290331840515,0.9627377986907959,0.018708765506744385,0.07291551679372787,0.05991023778915405,-0.013005279004573822,0.0016953657614067197,0.0011904179118573666,-0.0005049478495493531,32.59635543823242,36.46705627441406,3.8707008361816406,,,1.0
10,6,BraTS-GLI-01093-000,E_random_matched_D_useful,2.0,activation,,0.9440290331840515,0.9437337517738342,-0.00029528141021728516,0.07291551679372787,,,0.0016953657614067197,,,32.59635543823242,32.77559280395508,0.17923736572265625,,,
10,6,BraTS-GLI-01093-000,D_useful,4.0,activation,,0.9440290331840515,0.9754841327667236,0.03145509958267212,0.07291551679372787,0.05162610486149788,-0.021289411932229996,0.0016953657614067197,0.0008136873366311193,-0.0008816784247756004,32.59635543823242,40.372032165527344,7.775676727294922,,,1.0
10,6,BraTS-GLI-01093-000,E_random_matched_D_useful,4.0,activation,,0.9440290331840515,0.9418289065361023,-0.0022001266479492188,0.07291551679372787,,,0.0016953657614067197,,,32.59635543823242,33.28163146972656,0.6852760314941406,,,
10,6,BraTS-GLI-01093-000,D_useful,14.0,activation,,0.9440290331840515,0.9929929971694946,0.048963963985443115,0.07291551679372787,0.03292859345674515,-0.03998692333698273,0.0016953657614067197,0.0001477209007134661,-0.0015476448606932536,32.59635543823242,60.01833724975586,27.421981811523438,,,1.0
10,6,BraTS-GLI-01093-000,E_random_matched_D_useful,14.0,activation,,0.9440290331840515,0.3354954421520233,-0.6085335910320282,0.07291551679372787,,,0.0016953657614067197,,,32.59635543823242,39.1964225769043,6.600067138671875,,,
10,7,BraTS-GLI-01168-000,A_seg,0.25,parameter,0.2499999968276825,0.8504356145858765,0.9095381498336792,0.059102535247802734,0.1064709797501564,0.08053099364042282,-0.02593998610973358,0.0012912676902487874,0.0005449431482702494,-0.000746324541978538,36.33470153808594,33.099571228027344,-3.2351303100585938,1.0,-0.05734213814139366,
10,7,BraTS-GLI-01168-000,E_random_matched_A_seg,0.25,parameter,0.25000000193358574,0.8504356145858765,0.8516630530357361,0.0012274384498596191,0.1064709797501564,0.1054067462682724,-0.0010642334818840027,0.0012912676902487874,0.0012792041525244713,-1.206353772431612e-05,36.33470153808594,36.24556350708008,-0.08913803100585938,,,
10,7,BraTS-GLI-01168-000,A_seg,0.5,parameter,0.499999993655365,0.8504356145858765,0.8748551607131958,0.024419546127319336,0.1064709797501564,0.09082011133432388,-0.01565086841583252,0.0012912676902487874,0.00024158220912795514,-0.0010496854811208323,36.33470153808594,30.461137771606445,-5.873563766479492,1.0,-0.05734213814139366,
10,7,BraTS-GLI-01168-000,E_random_matched_A_seg,0.5,parameter,0.49999999464489514,0.8504356145858765,0.8524987697601318,0.002063155174255371,0.1064709797501564,0.1061166524887085,-0.0003543272614479065,0.0012912676902487874,0.0012708106078207493,-2.045708242803812e-05,36.33470153808594,36.50236129760742,0.16765975952148438,,,
10,7,BraTS-GLI-01168-000,A_seg,1.0,parameter,0.99999998731073,0.8504356145858765,0.6761401295661926,-0.17429548501968384,0.1064709797501564,0.18134121596813202,0.07487023621797562,0.0012912676902487874,8.443179103778675e-05,-0.0012068358992110007,36.33470153808594,25.769798278808594,-10.564903259277344,1.0,-0.05734213814139366,
10,7,BraTS-GLI-01168-000,E_random_matched_A_seg,1.0,parameter,0.9999999829306033,0.8504356145858765,0.8529626727104187,0.0025270581245422363,0.1064709797501564,0.10639116168022156,-7.981806993484497e-05,0.0012912676902487874,0.0013570638839155436,6.579619366675615e-05,36.33470153808594,35.637542724609375,-0.6971588134765625,,,
10,7,BraTS-GLI-01168-000,A_seg,2.0,parameter,1.99999997462146,0.8504356145858765,0.16794675588607788,-0.6824888586997986,0.1064709797501564,0.4901151955127716,0.3836442157626152,0.0012912676902487874,3.485202614683658e-05,-0.0012564156641019508,36.33470153808594,24.498273849487305,-11.836427688598633,1.0,-0.05734213814139366,
10,7,BraTS-GLI-01168-000,E_random_matched_A_seg,2.0,parameter,2.0000000280560926,0.8504356145858765,0.857985258102417,0.007549643516540527,0.1064709797501564,0.1082504391670227,0.0017794594168663025,0.0012912676902487874,0.0013414927525445819,5.022506229579449e-05,36.33470153808594,35.542911529541016,-0.7917900085449219,,,
10,7,BraTS-GLI-01168-000,B_margin,0.25,parameter,0.25000001197531646,0.8504356145858765,0.8025391101837158,-0.047896504402160645,0.1064709797501564,0.12647613883018494,0.020005159080028534,0.0012912676902487874,0.0007782996399328113,-0.0005129680503159761,36.33470153808594,39.107810974121094,2.7731094360351562,-0.05734213814139366,1.0,
10,7,BraTS-GLI-01168-000,E_random_matched_B_margin,0.25,parameter,0.2500000163163344,0.8504356145858765,0.8503022789955139,-0.00013333559036254883,0.1064709797501564,0.10623906552791595,-0.000231914222240448,0.0012912676902487874,0.001308344304561615,1.7076614312827587e-05,36.33470153808594,36.364593505859375,0.0298919677734375,,,
10,7,BraTS-GLI-01168-000,B_margin,0.5,parameter,0.5000000239506329,0.8504356145858765,0.7246673703193665,-0.12576824426651,0.1064709797501564,0.16367250680923462,0.05720152705907822,0.0012912676902487874,0.000561326916795224,-0.0007299407734535635,36.33470153808594,42.47023391723633,6.135532379150391,-0.05734213814139366,1.0,
10,7,BraTS-GLI-01168-000,E_random_matched_B_margin,0.5,parameter,0.500000032599927,0.8504356145858765,0.8492753505706787,-0.001160264015197754,0.1064709797501564,0.1079457700252533,0.0014747902750968933,0.0012912676902487874,0.0013512750156223774,6.000732537358999e-05,36.33470153808594,36.24993133544922,-0.08477020263671875,,,
10,7,BraTS-GLI-01168-000,B_margin,1.0,parameter,1.0000000479012658,0.8504356145858765,0.5144209265708923,-0.33601468801498413,0.1064709797501564,0.27946412563323975,0.17299314588308334,0.0012912676902487874,0.00033352631726302207,-0.0009577413729857653,36.33470153808594,51.55485534667969,15.22015380859375,-0.05734213814139366,1.0,
10,7,BraTS-GLI-01168-000,E_random_matched_B_margin,1.0,parameter,1.0000000649742993,0.8504356145858765,0.8518069386482239,0.0013713240623474121,0.1064709797501564,0.10656216740608215,9.118765592575073e-05,0.0012912676902487874,0.0013227532617747784,3.148557152599096e-05,36.33470153808594,36.244266510009766,-0.09043502807617188,,,
10,7,BraTS-GLI-01168-000,B_margin,2.0,parameter,2.0000000958025317,0.8504356145858765,0.17516271770000458,-0.6752728968858719,0.1064709797501564,0.5064854621887207,0.4000144824385643,0.0012912676902487874,6.149315595394e-05,-0.0012297745342948474,36.33470153808594,78.61922454833984,42.284523010253906,-0.05734213814139366,1.0,
10,7,BraTS-GLI-01168-000,E_random_matched_B_margin,2.0,parameter,2.0000000526488284,0.8504356145858765,0.8491296172142029,-0.001305997371673584,0.1064709797501564,0.10567278414964676,-0.0007981956005096436,0.0012912676902487874,0.0014046819414943457,0.00011341425124555826,36.33470153808594,36.5240478515625,0.1893463134765625,,,
10,7,BraTS-GLI-01168-000,C_total,0.25,parameter,0.25000001149601275,0.8504356145858765,0.9095381498336792,0.059102535247802734,0.1064709797501564,0.08055682480335236,-0.025914154946804047,0.0012912676902487874,0.0005441433168016374,-0.00074712437344715,36.33470153808594,33.11708068847656,-3.217620849609375,0.9999760985374451,-0.050429318100214005,
10,7,BraTS-GLI-01168-000,E_random_matched_C_total,0.25,parameter,0.2499999991268851,0.8504356145858765,0.8504356145858765,0.0,0.1064709797501564,0.10604973137378693,-0.0004212483763694763,0.0012912676902487874,0.0012742325197905302,-1.70351704582572e-05,36.33470153808594,36.292877197265625,-0.0418243408203125,,,
10,7,BraTS-GLI-01168-000,C_total,0.5,parameter,0.5000000229920255,0.8504356145858765,0.8751810193061829,0.024745404720306396,0.1064709797501564,0.09082800149917603,-0.015642978250980377,0.0012912676902487874,0.000242175767198205,-0.0010490919230505824,36.33470153808594,30.489948272705078,-5.844753265380859,0.9999760985374451,-0.050429318100214005,
10,7,BraTS-GLI-01168-000,E_random_matched_C_total,0.5,parameter,0.5000000079598975,0.8504356145858765,0.8509917855262756,0.0005561709403991699,0.1064709797501564,0.10588479042053223,-0.000586189329624176,0.0012912676902487874,0.001259682234376669,-3.158545587211847e-05,36.33470153808594,36.57877731323242,0.24407577514648438,,,
10,7,BraTS-GLI-01168-000,C_total,1.0,parameter,1.000000045984051,0.8504356145858765,0.6761401295661926,-0.17429548501968384,0.1064709797501564,0.18157607316970825,0.07510509341955185,0.0012912676902487874,8.450765017187223e-05,-0.0012067600400769152,36.33470153808594,25.81686019897461,-10.517841339111328,0.9999760985374451,-0.050429318100214005,
10,7,BraTS-GLI-01168-000,E_random_matched_C_total,1.0,parameter,1.000000076572175,0.8504356145858765,0.8550404906272888,0.0046048760414123535,0.1064709797501564,0.10295803844928741,-0.003512941300868988,0.0012912676902487874,0.0012330490862950683,-5.821860395371914e-05,36.33470153808594,35.61482238769531,-0.719879150390625,,,
10,7,BraTS-GLI-01168-000,C_total,2.0,parameter,2.000000091968102,0.8504356145858765,0.1678178608417511,-0.6826177537441254,0.1064709797501564,0.4904446005821228,0.3839736208319664,0.0012912676902487874,3.465502231847495e-05,-0.0012566126679303125,36.33470153808594,24.590007781982422,-11.744693756103516,0.9999760985374451,-0.050429318100214005,
10,7,BraTS-GLI-01168-000,E_random_matched_C_total,2.0,parameter,2.0000000504951454,0.8504356145858765,0.8449018597602844,-0.005533754825592041,0.1064709797501564,0.11037236452102661,0.0039013847708702087,0.0012912676902487874,0.001359947957098484,6.868026684969664e-05,36.33470153808594,37.99594497680664,1.6612434387207031,,,
10,7,BraTS-GLI-01168-000,D_useful,1.0,activation,,0.8504356145858765,0.8644688725471497,0.014033257961273193,0.1064709797501564,0.09435155987739563,-0.012119419872760773,0.0012912676902487874,0.0011635232949629426,-0.0001277443952858448,36.33470153808594,38.28585433959961,1.9511528015136719,,,1.0
10,7,BraTS-GLI-01168-000,E_random_matched_D_useful,1.0,activation,,0.8504356145858765,0.8491296172142029,-0.001305997371673584,0.1064709797501564,,,0.0012912676902487874,,,36.33470153808594,36.36998748779297,0.03528594970703125,,,
10,7,BraTS-GLI-01168-000,D_useful,2.0,activation,,0.8504356145858765,0.8792294263839722,0.028793811798095703,0.1064709797501564,0.08507687598466873,-0.02139410376548767,0.0012912676902487874,0.0009962753392755985,-0.0002949923509731889,36.33470153808594,40.24518966674805,3.9104881286621094,,,1.0
10,7,BraTS-GLI-01168-000,E_random_matched_D_useful,2.0,activation,,0.8504356145858765,0.8474903702735901,-0.002945244312286377,0.1064709797501564,,,0.0012912676902487874,,,36.33470153808594,36.47378158569336,0.13908004760742188,,,
10,7,BraTS-GLI-01168-000,D_useful,4.0,activation,,0.8504356145858765,0.9066599607467651,0.05622434616088867,0.1064709797501564,0.07102067023515701,-0.03545030951499939,0.0012912676902487874,0.0006977586890570819,-0.0005935090011917055,36.33470153808594,44.17793655395508,7.843235015869141,,,1.0
10,7,BraTS-GLI-01168-000,E_random_matched_D_useful,4.0,activation,,0.8504356145858765,0.845151960849762,-0.005283653736114502,0.1064709797501564,,,0.0012912676902487874,,,36.33470153808594,36.933563232421875,0.5988616943359375,,,
10,7,BraTS-GLI-01168-000,D_useful,14.0,activation,,0.8504356145858765,0.9743177890777588,0.12388217449188232,0.1064709797501564,0.037064407020807266,-0.06940657272934914,0.0012912676902487874,0.00017130914784502238,-0.001119958542403765,36.33470153808594,63.92742919921875,27.592727661132812,,,1.0
10,7,BraTS-GLI-01168-000,E_random_matched_D_useful,14.0,activation,,0.8504356145858765,0.17205365002155304,-0.6783819645643234,0.1064709797501564,,,0.0012912676902487874,,,36.33470153808594,42.212337493896484,5.877635955810547,,,
15,0,BraTS-GLI-01041-000,A_seg,0.25,parameter,0.25000000582076604,0.9235388040542603,0.8909129500389099,-0.03262585401535034,0.06391409039497375,0.07682973891496658,0.012915648519992828,0.0007095797336660326,0.0002771255967672914,-0.0004324541368987411,24.868297576904297,23.28883171081543,-1.5794658660888672,1.0,0.22055691480636597,
15,0,BraTS-GLI-01041-000,E_random_matched_A_seg,0.25,parameter,0.25000000643922243,0.9235388040542603,0.9235694408416748,3.063678741455078e-05,0.06391409039497375,0.0634784996509552,-0.0004355907440185547,0.0007095797336660326,0.0007118210196495056,2.2412859834730625e-06,24.868297576904297,25.020427703857422,0.152130126953125,,,
15,0,BraTS-GLI-01041-000,A_seg,0.5,parameter,0.5000000116415321,0.9235388040542603,0.83579421043396,-0.08774459362030029,0.06391409039497375,0.1186126172542572,0.05469852685928345,0.0007095797336660326,0.00010210262553300709,-0.0006074771081330255,24.868297576904297,21.45408058166504,-3.414216995239258,1.0,0.22055691480636597,
15,0,BraTS-GLI-01041-000,E_random_matched_A_seg,0.5,parameter,0.5000000157888278,0.9235388040542603,0.9221196174621582,-0.0014191865921020508,0.06391409039497375,0.06448031961917877,0.0005662292242050171,0.0007095797336660326,0.0006871711229905486,-2.2408610675483942e-05,24.868297576904297,24.432071685791016,-0.43622589111328125,,,
15,0,BraTS-GLI-01041-000,A_seg,1.0,parameter,1.0000000232830641,0.9235388040542603,0.7191510200500488,-0.20438778400421143,0.06391409039497375,0.45919671654701233,0.3952826261520386,0.0007095797336660326,1.7325419321423396e-05,-0.0006922543143446092,24.868297576904297,19.099687576293945,-5.768610000610352,1.0,0.22055691480636597,
15,0,BraTS-GLI-01041-000,E_random_matched_A_seg,1.0,parameter,1.000000059255397,0.9235388040542603,0.9212804436683655,-0.0022583603858947754,0.06391409039497375,0.064315564930439,0.0004014745354652405,0.0007095797336660326,0.0006931150564923882,-1.6464677173644304e-05,24.868297576904297,24.3557186126709,-0.5125789642333984,,,
15,0,BraTS-GLI-01041-000,A_seg,2.0,parameter,2.0000000465661283,0.9235388040542603,0.012654097750782967,-0.9108847063034773,0.06391409039497375,0.6339490413665771,0.5700349509716034,0.0007095797336660326,6.033606041455641e-07,-0.000708976373061887,24.868297576904297,20.059722900390625,-4.808574676513672,1.0,0.22055691480636597,
15,0,BraTS-GLI-01041-000,E_random_matched_A_seg,2.0,parameter,2.0000001021544422,0.9235388040542603,0.9264500737190247,0.0029112696647644043,0.06391409039497375,0.0644969716668129,0.0005828812718391418,0.0007095797336660326,0.000732191139832139,2.2611406166106462e-05,24.868297576904297,25.374338150024414,0.5060405731201172,,,
15,0,BraTS-GLI-01041-000,B_margin,0.25,parameter,0.24999999789361027,0.9235388040542603,0.9158110618591309,-0.0077277421951293945,0.06391409039497375,0.06685905903577805,0.0029449686408042908,0.0007095797336660326,0.00034692761255428195,-0.0003626521211117506,24.868297576904297,24.19285774230957,-0.6754398345947266,0.22055691480636597,1.0,
15,0,BraTS-GLI-01041-000,E_random_matched_B_margin,0.25,parameter,0.2500000057043507,0.9235388040542603,0.9226762652397156,-0.0008625388145446777,0.06391409039497375,0.06388221681118011,-3.187358379364014e-05,0.0007095797336660326,0.0007010578992776573,-8.521834388375282e-06,24.868297576904297,24.853485107421875,-0.014812469482421875,,,
15,0,BraTS-GLI-01041-000,B_margin,0.5,parameter,0.49999999578722054,0.9235388040542603,0.8940033912658691,-0.029535412788391113,0.06391409039497375,0.07550618797540665,0.011592097580432892,0.0007095797336660326,0.00021497593843378127,-0.0004946037952322513,24.868297576904297,23.361698150634766,-1.5065994262695312,0.22055691480636597,1.0,
15,0,BraTS-GLI-01041-000,E_random_matched_B_margin,0.5,parameter,0.4999999837127686,0.9235388040542603,0.921840488910675,-0.001698315143585205,0.06391409039497375,0.06395226716995239,3.8176774978637695e-05,0.0007095797336660326,0.0007065384997986257,-3.041233867406845e-06,24.868297576904297,24.559173583984375,-0.3091239929199219,,,
15,0,BraTS-GLI-01041-000,B_margin,1.0,parameter,0.9999999915744411,0.9235388040542603,0.8058810234069824,-0.11765778064727783,0.06391409039497375,0.11295370757579803,0.04903961718082428,0.0007095797336660326,5.1187256758566946e-05,-0.0006583924769074656,24.868297576904297,21.28763771057129,-3.580659866333008,0.22055691480636597,1.0,
15,0,BraTS-GLI-01041-000,E_random_matched_B_margin,1.0,parameter,1.0000000003055902,0.9235388040542603,0.9243965744972229,0.0008577704429626465,0.06391409039497375,0.06388147920370102,-3.2611191272735596e-05,0.0007095797336660326,0.0006911343662068248,-1.8445367459207773e-05,24.868297576904297,25.506349563598633,0.6380519866943359,,,
15,0,BraTS-GLI-01041-000,B_margin,2.0,parameter,1.9999999831488822,0.9235388040542603,0.48098301887512207,-0.4425557851791382,0.06391409039497375,0.2859291136264801,0.22201502323150635,0.0007095797336660326,3.023440626748197e-07,-0.0007092773896033577,24.868297576904297,20.977872848510742,-3.8904247283935547,0.22055691480636597,1.0,
15,0,BraTS-GLI-01041-000,E_random_matched_B_margin,2.0,parameter,1.9999999648425726,0.9235388040542603,0.9236610531806946,0.00012224912643432617,0.06391409039497375,0.06444282084703445,0.0005287304520606995,0.0007095797336660326,0.0008344567031599581,0.00012487696949392557,24.868297576904297,24.5936336517334,-0.27466392517089844,,,
15,0,BraTS-GLI-01041-000,C_total,0.25,parameter,0.2500000144354995,0.9235388040542603,0.8911017179489136,-0.03243708610534668,0.06391409039497375,0.076851487159729,0.012937396764755249,0.0007095797336660326,0.0002683905477169901,-0.00044118918594904244,24.868297576904297,23.281034469604492,-1.5872631072998047,0.9998899698257446,0.23499977588653564,
15,0,BraTS-GLI-01041-000,E_random_matched_C_total,0.25,parameter,0.2500000233412709,0.9235388040542603,0.9224914908409119,-0.0010473132133483887,0.06391409039497375,0.06403638422489166,0.00012229382991790771,0.0007095797336660326,0.0007176552317105234,8.075498044490814e-06,24.868297576904297,24.82637596130371,-0.04192161560058594,,,
15,0,BraTS-GLI-01041-000,C_total,0.5,parameter,0.500000028870999,0.9235388040542603,0.8355336785316467,-0.08800512552261353,0.06391409039497375,0.11871016770601273,0.05479607731103897,0.0007095797336660326,9.744118870003149e-05,-0.0006121385449660011,24.868297576904297,21.43507194519043,-3.433225631713867,0.9998899698257446,0.23499977588653564,
15,0,BraTS-GLI-01041-000,E_random_matched_C_total,0.5,parameter,0.5000000246509438,0.9235388040542603,0.9235082268714905,-3.057718276977539e-05,0.06391409039497375,0.06358486413955688,-0.0003292262554168701,0.0007095797336660326,0.0007415532018058002,3.197346813976765e-05,24.868297576904297,24.821651458740234,-0.0466461181640625,,,
15,0,BraTS-GLI-01041-000,C_total,1.0,parameter,1.000000057741998,0.9235388040542603,0.7172515988349915,-0.2062872052192688,0.06391409039497375,0.4589667320251465,0.39505264163017273,0.0007095797336660326,1.669637640588917e-05,-0.0006928833572601434,24.868297576904297,19.06745147705078,-5.800846099853516,0.9998899698257446,0.23499977588653564,
15,0,BraTS-GLI-01041-000,E_random_matched_C_total,1.0,parameter,1.0000000956351822,0.9235388040542603,0.9224604368209839,-0.0010783672332763672,0.06391409039497375,0.06460396945476532,0.0006898790597915649,0.0007095797336660326,0.0007401141338050365,3.053440013900399e-05,24.868297576904297,24.928112030029297,0.059814453125,,,
15,0,BraTS-GLI-01041-000,C_total,2.0,parameter,2.000000115483996,0.9235388040542603,0.012529090978205204,-0.911009713076055,0.06391409039497375,0.6323566436767578,0.5684425532817841,0.0007095797336660326,5.053628342466254e-07,-0.0007090743708317859,24.868297576904297,20.030567169189453,-4.837730407714844,0.9998899698257446,0.23499977588653564,
15,0,BraTS-GLI-01041-000,E_random_matched_C_total,2.0,parameter,2.000000057509168,0.9235388040542603,0.9214826822280884,-0.002056121826171875,0.06391409039497375,0.06690675020217896,0.0029926598072052,0.0007095797336660326,0.0007736554252915084,6.407569162547588e-05,24.868297576904297,25.100505828857422,0.232208251953125,,,
15,0,BraTS-GLI-01041-000,D_useful,1.0,activation,,0.9235388040542603,0.9367644190788269,0.01322561502456665,0.06391409039497375,0.056215740740299225,-0.00769834965467453,0.0007095797336660326,0.000520966190379113,-0.0001886135432869196,24.868297576904297,26.771602630615234,1.9033050537109375,,,1.0
15,0,BraTS-GLI-01041-000,E_random_matched_D_useful,1.0,activation,,0.9235388040542603,0.9231077432632446,-0.000431060791015625,0.06391409039497375,,,0.0007095797336660326,,,24.868297576904297,24.9252872467041,0.05698966979980469,,,
15,0,BraTS-GLI-01041-000,D_useful,2.0,activation,,0.9235388040542603,0.9499602913856506,0.02642148733139038,0.06391409039497375,0.050183799117803574,-0.013730291277170181,0.0007095797336660326,0.00040034743142314255,-0.00030923230224289,24.868297576904297,28.692718505859375,3.824420928955078,,,1.0
15,0,BraTS-GLI-01041-000,E_random_matched_D_useful,2.0,activation,,0.9235388040542603,0.9208258390426636,-0.0027129650115966797,0.06391409039497375,,,0.0007095797336660326,,,24.868297576904297,25.08983039855957,0.22153282165527344,,,
15,0,BraTS-GLI-01041-000,D_useful,4.0,activation,,0.9235388040542603,0.9655579328536987,0.04201912879943848,0.06391409039497375,0.04154014587402344,-0.022373944520950317,0.0007095797336660326,0.00019911093113478273,-0.0005104688025312498,24.868297576904297,32.56007385253906,7.691776275634766,,,1.0
15,0,BraTS-GLI-01041-000,E_random_matched_D_useful,4.0,activation,,0.9235388040542603,0.9224620461463928,-0.0010767579078674316,0.06391409039497375,,,0.0007095797336660326,,,24.868297576904297,25.72551155090332,0.8572139739990234,,,
15,0,BraTS-GLI-01041-000,D_useful,14.0,activation,,0.9235388040542603,0.9879189133644104,0.06438010931015015,0.06391409039497375,0.024936126545071602,-0.03897796384990215,0.0007095797336660326,1.9338038327987306e-05,-0.0006902416953380452,24.868297576904297,52.047630310058594,27.179332733154297,,,1.0
15,0,BraTS-GLI-01041-000,E_random_matched_D_useful,14.0,activation,,0.9235388040542603,0.25345128774642944,-0.6700875163078308,0.06391409039497375,,,0.0007095797336660326,,,24.868297576904297,32.63057327270508,7.762275695800781,,,
15,1,BraTS-GLI-01161-000,A_seg,0.25,parameter,0.24999998643761467,0.9123361110687256,0.9058229327201843,-0.00651317834854126,0.06741176545619965,0.07105527818202972,0.003643512725830078,0.0010572889586910605,0.0004464244411792606,-0.0006108645175117999,28.769882202148438,39.391563415527344,10.621681213378906,1.0,-0.11475789546966553,
15,1,BraTS-GLI-01161-000,E_random_matched_A_seg,0.25,parameter,0.2499999907377058,0.9123361110687256,0.9125691652297974,0.00023305416107177734,0.06741176545619965,0.06727628409862518,-0.0001354813575744629,0.0010572889586910605,0.0010553495958447456,-1.939362846314907e-06,28.769882202148438,28.739173889160156,-0.03070831298828125,,,
15,1,BraTS-GLI-01161-000,A_seg,0.5,parameter,0.49999997287522935,0.9123361110687256,0.8499383330345154,-0.062397778034210205,0.06741176545619965,0.10002690553665161,0.032615140080451965,0.0010572889586910605,0.00011210387310711667,-0.0009451850855839439,28.769882202148438,50.63920593261719,21.86932373046875,1.0,-0.11475789546966553,
15,1,BraTS-GLI-01161-000,E_random_matched_A_seg,0.5,parameter,0.4999999549472684,0.9123361110687256,0.9125968217849731,0.0002607107162475586,0.06741176545619965,0.06800974160432816,0.0005979761481285095,0.0010572889586910605,0.00106219039298594,4.9014342948794365e-06,28.769882202148438,28.900087356567383,0.1302051544189453,,,
15,1,BraTS-GLI-01161-000,A_seg,1.0,parameter,0.9999999457504587,0.9123361110687256,0.6035617589950562,-0.30877435207366943,0.06741176545619965,0.36686384677886963,0.29945208132267,0.0010572889586910605,1.9912724383175373e-05,-0.0010373762343078852,28.769882202148438,76.91748809814453,48.147605895996094,1.0,-0.11475789546966553,
15,1,BraTS-GLI-01161-000,E_random_matched_A_seg,1.0,parameter,0.9999999560095593,0.9123361110687256,0.9124584197998047,0.00012230873107910156,0.06741176545619965,0.06703497469425201,-0.00037679076194763184,0.0010572889586910605,0.0009986844379454851,-5.860452074557543e-05,28.769882202148438,28.826030731201172,0.056148529052734375,,,
15,1,BraTS-GLI-01161-000,A_seg,2.0,parameter,1.9999998915009174,0.9123361110687256,0.042340949177742004,-0.8699951618909836,0.06741176545619965,0.6980372667312622,0.6306255012750626,0.0010572889586910605,2.756936737569049e-06,-0.0010545320219534915,28.769882202148438,145.0230255126953,116.25314331054688,1.0,-0.11475789546966553,
15,1,BraTS-GLI-01161-000,E_random_matched_A_seg,2.0,parameter,1.9999999696447046,0.9123361110687256,0.911867618560791,-0.0004684925079345703,0.06741176545619965,0.06780513375997543,0.00039336830377578735,0.0010572889586910605,0.0012349014868959785,0.0001776125282049179,28.769882202148438,27.792734146118164,-0.9771480560302734,,,
15,1,BraTS-GLI-01161-000,B_margin,0.25,parameter,0.2500000056934368,0.9123361110687256,0.898100733757019,-0.014235377311706543,0.06741176545619965,0.07353975623846054,0.006127990782260895,0.0010572889586910605,0.0010240876581519842,-3.320130053907633e-05,28.769882202148438,22.812679290771484,-5.957202911376953,-0.11475789546966553,1.0,
15,1,BraTS-GLI-01161-000,E_random_matched_B_margin,0.25,parameter,0.2500000032123353,0.9123361110687256,0.9121365547180176,-0.0001995563507080078,0.06741176545619965,0.06736839562654495,-4.3369829654693604e-05,0.0010572889586910605,0.0010601984104141593,2.909451723098755e-06,28.769882202148438,28.717113494873047,-0.052768707275390625,,,
15,1,BraTS-GLI-01161-000,B_margin,0.5,parameter,0.5000000113868736,0.9123361110687256,0.8507936596870422,-0.06154245138168335,0.06741176545619965,0.0927514061331749,0.02533964067697525,0.0010572889586910605,0.0008885351708158851,-0.00016875378787517548,28.769882202148438,17.812620162963867,-10.95726203918457,-0.11475789546966553,1.0,
15,1,BraTS-GLI-01161-000,E_random_matched_B_margin,0.5,parameter,0.5000000173313307,0.9123361110687256,0.9121087789535522,-0.00022733211517333984,0.06741176545619965,0.06758111715316772,0.0001693516969680786,0.0010572889586910605,0.0011140519054606557,5.6762946769595146e-05,28.769882202148438,28.489042282104492,-0.2808399200439453,,,
15,1,BraTS-GLI-01161-000,B_margin,1.0,parameter,1.000000022773747,0.9123361110687256,0.6323655247688293,-0.27997058629989624,0.06741176545619965,0.1998870074748993,0.13247524201869965,0.0010572889586910605,0.0001522479869890958,-0.0009050409717019647,28.769882202148438,12.374829292297363,-16.395052909851074,-0.11475789546966553,1.0,
15,1,BraTS-GLI-01161-000,E_random_matched_B_margin,1.0,parameter,1.0000000632135178,0.9123361110687256,0.9131466746330261,0.0008105635643005371,0.06741176545619965,0.06739071756601334,-2.1047890186309814e-05,0.0010572889586910605,0.0009911686647683382,-6.612029392272234e-05,28.769882202148438,29.082902908325195,0.3130207061767578,,,
15,1,BraTS-GLI-01161-000,B_margin,2.0,parameter,2.000000045547494,0.9123361110687256,0.10841232538223267,-0.8039237856864929,0.06741176545619965,0.5235850811004639,0.4561733156442642,0.0010572889586910605,5.061578121967614e-06,-0.001052227380569093,28.769882202148438,19.203271865844727,-9.566610336303711,-0.11475789546966553,1.0,
15,1,BraTS-GLI-01161-000,E_random_matched_B_margin,2.0,parameter,2.000000025058398,0.9123361110687256,0.9119617342948914,-0.0003743767738342285,0.06741176545619965,0.06579940021038055,-0.0016123652458190918,0.0010572889586910605,0.0010769107611849904,1.9621802493929863e-05,28.769882202148438,28.139015197753906,-0.6308670043945312,,,
15,1,BraTS-GLI-01161-000,C_total,0.25,parameter,0.24999999554711394,0.9123361110687256,0.9060642123222351,-0.0062718987464904785,0.06741176545619965,0.07099306583404541,0.003581300377845764,0.0010572889586910605,0.00045074132503941655,-0.000606547633651644,28.769882202148438,39.27973175048828,10.509849548339844,0.9997974634170532,-0.09474232792854309,
15,1,BraTS-GLI-01161-000,E_random_matched_C_total,0.25,parameter,0.2500000031614036,0.9123361110687256,0.9125968217849731,0.0002607107162475586,0.06741176545619965,0.06760604679584503,0.00019428133964538574,0.0010572889586910605,0.001047937897965312,-9.351060725748539e-06,28.769882202148438,28.760295867919922,-0.009586334228515625,,,
15,1,BraTS-GLI-01161-000,C_total,0.5,parameter,0.4999999910942279,0.9123361110687256,0.85075443983078,-0.06158167123794556,0.06741176545619965,0.09980708360671997,0.032395318150520325,0.0010572889586910605,0.00010823312913998961,-0.0009490558295510709,28.769882202148438,50.417503356933594,21.647621154785156,0.9997974634170532,-0.09474232792854309,
15,1,BraTS-GLI-01161-000,E_random_matched_C_total,0.5,parameter,0.499999978979758,0.9123361110687256,0.9122751951217651,-6.091594696044922e-05,0.06741176545619965,0.06707673519849777,-0.0003350302577018738,0.0010572889586910605,0.0010750045767053962,1.7715618014335632e-05,28.769882202148438,28.88899803161621,0.11911582946777344,,,
15,1,BraTS-GLI-01161-000,C_total,1.0,parameter,0.9999999821884558,0.9123361110687256,0.607560396194458,-0.3047757148742676,0.06741176545619965,0.3683527708053589,0.30094100534915924,0.0010572889586910605,1.7844924514065497e-05,-0.001039444034176995,28.769882202148438,76.48844146728516,47.71855926513672,0.9997974634170532,-0.09474232792854309,
15,1,BraTS-GLI-01161-000,E_random_matched_C_total,1.0,parameter,0.9999999813153406,0.9123361110687256,0.9121087789535522,-0.00022733211517333984,0.06741176545619965,0.06748376786708832,7.200241088867188e-05,0.0010572889586910605,0.001038922113366425,-1.8366845324635506e-05,28.769882202148438,28.830047607421875,0.0601654052734375,,,
15,1,BraTS-GLI-01161-000,C_total,2.0,parameter,1.9999999643769115,0.9123361110687256,0.04241050034761429,-0.8699256107211113,0.06741176545619965,0.6989026665687561,0.6314909011125565,0.0010572889586910605,1.4972853250583285e-06,-0.0010557916733660022,28.769882202148438,144.27496337890625,115.50508117675781,0.9997974634170532,-0.09474232792854309,
15,1,BraTS-GLI-01161-000,E_random_matched_C_total,2.0,parameter,1.999999955471139,0.9123361110687256,0.9114044904708862,-0.0009316205978393555,0.06741176545619965,0.06701874732971191,-0.00039301812648773193,0.0010572889586910605,0.0010909856064245105,3.3696647733449936e-05,28.769882202148438,28.157564163208008,-0.6123180389404297,,,
15,1,BraTS-GLI-01161-000,D_useful,1.0,activation,,0.9123361110687256,0.9204239845275879,0.008087873458862305,0.06741176545619965,0.06104646623134613,-0.006365299224853516,0.0010572889586910605,0.0008995243697427213,-0.00015776458894833922,28.769882202148438,30.693262100219727,1.923379898071289,,,1.0
15,1,BraTS-GLI-01161-000,E_random_matched_D_useful,1.0,activation,,0.9123361110687256,0.9115044474601746,-0.0008316636085510254,0.06741176545619965,,,0.0010572889586910605,,,28.769882202148438,28.817089080810547,0.047206878662109375,,,
15,1,BraTS-GLI-01161-000,D_useful,2.0,activation,,0.9123361110687256,0.9304609298706055,0.018124818801879883,0.06741176545619965,0.05588015168905258,-0.011531613767147064,0.0010572889586910605,0.0007283820887096226,-0.0003289068699814379,28.769882202148438,32.62884521484375,3.8589630126953125,,,1.0
15,1,BraTS-GLI-01161-000,E_random_matched_D_useful,2.0,activation,,0.9123361110687256,0.9119924306869507,-0.00034368038177490234,0.06741176545619965,,,0.0010572889586910605,,,28.769882202148438,28.96141242980957,0.1915302276611328,,,
15,1,BraTS-GLI-01161-000,D_useful,4.0,activation,,0.9123361110687256,0.9443737864494324,0.03203767538070679,0.06741176545619965,0.047848351299762726,-0.01956341415643692,0.0010572889586910605,0.00045553609379567206,-0.0006017528648953885,28.769882202148438,36.51909255981445,7.749210357666016,,,1.0
15,1,BraTS-GLI-01161-000,E_random_matched_D_useful,4.0,activation,,0.9123361110687256,0.9125078916549683,0.00017178058624267578,0.06741176545619965,,,0.0010572889586910605,,,28.769882202148438,29.499326705932617,0.7294445037841797,,,
15,1,BraTS-GLI-01161-000,D_useful,14.0,activation,,0.9123361110687256,0.9782260656356812,0.06588995456695557,0.06741176545619965,0.02752084657549858,-0.039890918880701065,0.0010572889586910605,4.225867451168597e-05,-0.0010150302841793746,28.769882202148438,56.09272766113281,27.322845458984375,,,1.0
15,1,BraTS-GLI-01161-000,E_random_matched_D_useful,14.0,activation,,0.9123361110687256,0.2990517020225525,-0.6132844090461731,0.06741176545619965,,,0.0010572889586910605,,,28.769882202148438,35.686561584472656,6.916679382324219,,,
15,2,BraTS-GLI-01189-000,A_seg,0.25,parameter,0.2500000125728544,0.8830051422119141,0.8830200433731079,1.4901161193847656e-05,0.07810048758983612,0.0764637291431427,-0.0016367584466934204,0.000562294851988554,0.0007100226357579231,0.00014772778376936913,24.153915405273438,26.814104080200195,2.660188674926758,1.0,0.2179589867591858,
15,2,BraTS-GLI-01189-000,E_random_matched_A_seg,0.25,parameter,0.25000000737418293,0.8830051422119141,0.8824892640113831,-0.0005158782005310059,0.07810048758983612,0.07815787196159363,5.7384371757507324e-05,0.000562294851988554,0.0005687428056262434,6.447953637689352e-06,24.153915405273438,24.086299896240234,-0.06761550903320312,,,
15,2,BraTS-GLI-01189-000,A_seg,0.5,parameter,0.5000000251457088,0.8830051422119141,0.8489947319030762,-0.03401041030883789,0.07810048758983612,0.09000694751739502,0.011906459927558899,0.000562294851988554,0.0003470495285000652,-0.0002152453234884888,24.153915405273438,29.13521385192871,4.981298446655273,1.0,0.2179589867591858,
15,2,BraTS-GLI-01189-000,E_random_matched_A_seg,0.5,parameter,0.5000000485379109,0.8830051422119141,0.8834518194198608,0.00044667720794677734,0.07810048758983612,0.07824855297803879,0.00014806538820266724,0.000562294851988554,0.0005815854528918862,1.9290600903332233e-05,24.153915405273438,24.14817237854004,-0.0057430267333984375,,,
15,2,BraTS-GLI-01189-000,A_seg,1.0,parameter,1.0000000502914177,0.8830051422119141,0.39920568466186523,-0.48379945755004883,0.07810048758983612,0.32151222229003906,0.24341173470020294,0.000562294851988554,0.00023562044952996075,-0.00032667440245859325,24.153915405273438,33.380096435546875,9.226181030273438,1.0,0.2179589867591858,
15,2,BraTS-GLI-01189-000,E_random_matched_A_seg,1.0,parameter,1.0000000637519386,0.8830051422119141,0.8824306726455688,-0.0005744695663452148,0.07810048758983612,0.07908736169338226,0.0009868741035461426,0.000562294851988554,0.0005863449769094586,2.4050124920904636e-05,24.153915405273438,24.007081985473633,-0.1468334197998047,,,
15,2,BraTS-GLI-01189-000,A_seg,2.0,parameter,2.0000001005828354,0.8830051422119141,0.1629466563463211,-0.720058485865593,0.07810048758983612,0.551037609577179,0.47293712198734283,0.000562294851988554,0.00033177321893163025,-0.00023052163305692375,24.153915405273438,47.871551513671875,23.717636108398438,1.0,0.2179589867591858,
15,2,BraTS-GLI-01189-000,E_random_matched_A_seg,2.0,parameter,2.000000136380545,0.8830051422119141,0.8827404379844666,-0.00026470422744750977,0.07810048758983612,0.07730866223573685,-0.0007918253540992737,0.000562294851988554,0.0005942885181866586,3.199366619810462e-05,24.153915405273438,24.52798080444336,0.3740653991699219,,,
15,2,BraTS-GLI-01189-000,B_margin,0.25,parameter,0.2500000035324774,0.8830051422119141,0.8835570216178894,0.0005518794059753418,0.07810048758983612,0.07819513976573944,9.465217590332031e-05,0.000562294851988554,0.000601189152803272,3.889430081471801e-05,24.153915405273438,20.754371643066406,-3.3995437622070312,0.2179589867591858,1.0,
15,2,BraTS-GLI-01189-000,E_random_matched_B_margin,0.25,parameter,0.2500000067630025,0.8830051422119141,0.8820801377296448,-0.0009250044822692871,0.07810048758983612,0.07790736109018326,-0.00019312649965286255,0.000562294851988554,0.0005501532577909529,-1.214159419760108e-05,24.153915405273438,24.036296844482422,-0.11761856079101562,,,
15,2,BraTS-GLI-01189-000,B_margin,0.5,parameter,0.5000000070649548,0.8830051422119141,0.861474871635437,-0.02153027057647705,0.07810048758983612,0.0858575701713562,0.007757082581520081,0.000562294851988554,0.0006311965407803655,6.890168879181147e-05,24.153915405273438,17.85388946533203,-6.300025939941406,0.2179589867591858,1.0,
15,2,BraTS-GLI-01189-000,E_random_matched_B_margin,0.5,parameter,0.5000000118780007,0.8830051422119141,0.8829663991928101,-3.8743019104003906e-05,0.07810048758983612,0.07809311151504517,-7.37607479095459e-06,0.000562294851988554,0.0005652797990478575,2.984947059303522e-06,24.153915405273438,24.286413192749023,0.13249778747558594,,,
15,2,BraTS-GLI-01189-000,B_margin,1.0,parameter,1.0000000141299097,0.8830051422119141,0.7255921363830566,-0.15741300582885742,0.07810048758983612,0.14499251544475555,0.06689202785491943,0.000562294851988554,0.00023844119277782738,-0.0003238536592107266,24.153915405273438,14.834074974060059,-9.319840431213379,0.2179589867591858,1.0,
15,2,BraTS-GLI-01189-000,E_random_matched_B_margin,1.0,parameter,1.0000000396976239,0.8830051422119141,0.8821191787719727,-0.0008859634399414062,0.07810048758983612,0.07811059802770615,1.0110437870025635e-05,0.000562294851988554,0.0005505012813955545,-1.1793570592999458e-05,24.153915405273438,24.235017776489258,0.08110237121582031,,,
15,2,BraTS-GLI-01189-000,B_margin,2.0,parameter,2.0000000282598194,0.8830051422119141,0.23868097364902496,-0.6443241685628891,0.07810048758983612,0.4048914611339569,0.3267909735441208,0.000562294851988554,3.730550452019088e-05,-0.0005249893474683631,24.153915405273438,16.27821159362793,-7.875703811645508,0.2179589867591858,1.0,
15,2,BraTS-GLI-01189-000,E_random_matched_B_margin,2.0,parameter,1.999999986088369,0.8830051422119141,0.882879912853241,-0.0001252293586730957,0.07810048758983612,0.07916746288537979,0.0010669752955436707,0.000562294851988554,0.0005792111624032259,1.6916310414671898e-05,24.153915405273438,24.05014419555664,-0.10377120971679688,,,
15,2,BraTS-GLI-01189-000,C_total,0.25,parameter,0.25000000657746557,0.8830051422119141,0.8834317922592163,0.0004266500473022461,0.07810048758983612,0.0764029398560524,-0.001697547733783722,0.000562294851988554,0.0007087854901328683,0.0001464906381443143,24.153915405273438,26.759824752807617,2.6059093475341797,0.9999269843101501,0.22973701357841492,
15,2,BraTS-GLI-01189-000,E_random_matched_C_total,0.25,parameter,0.2500000210493445,0.8830051422119141,0.882927656173706,-7.748603820800781e-05,0.07810048758983612,0.07786101847887039,-0.00023946911096572876,0.000562294851988554,0.0005562349688261747,-6.059883162379265e-06,24.153915405273438,24.189748764038086,0.03583335876464844,,,
15,2,BraTS-GLI-01189-000,C_total,0.5,parameter,0.5000000131549311,0.8830051422119141,0.849115788936615,-0.03388935327529907,0.07810048758983612,0.08986522257328033,0.011764734983444214,0.000562294851988554,0.00035312838735990226,-0.00020916646462865174,24.153915405273438,29.028152465820312,4.874237060546875,0.9999269843101501,0.22973701357841492,
15,2,BraTS-GLI-01189-000,E_random_matched_C_total,0.5,parameter,0.49999999551073415,0.8830051422119141,0.8828590512275696,-0.00014609098434448242,0.07810048758983612,0.07778073847293854,-0.000319749116897583,0.000562294851988554,0.0005541076534427702,-8.187198545783758e-06,24.153915405273438,24.167661666870117,0.013746261596679688,,,
15,2,BraTS-GLI-01189-000,C_total,1.0,parameter,1.0000000263098623,0.8830051422119141,0.402248352766037,-0.4807567894458771,0.07810048758983612,0.31964021921157837,0.24153973162174225,0.000562294851988554,0.00025045592337846756,-0.00031183892861008644,24.153915405273438,33.18822479248047,9.034309387207031,0.9999269843101501,0.22973701357841492,
15,2,BraTS-GLI-01189-000,E_random_matched_C_total,1.0,parameter,0.9999999920401024,0.8830051422119141,0.881824254989624,-0.001180887222290039,0.07810048758983612,0.07847011089324951,0.0003696233034133911,0.000562294851988554,0.0005671142716892064,4.819419700652361e-06,24.153915405273438,23.34449005126953,-0.8094253540039062,,,
15,2,BraTS-GLI-01189-000,C_total,2.0,parameter,2.0000000526197246,0.8830051422119141,0.1628437340259552,-0.7201614081859589,0.07810048758983612,0.549868106842041,0.4717676192522049,0.000562294851988554,0.00034349062480032444,-0.00021880422718822956,24.153915405273438,47.64424514770508,23.49032974243164,0.9999269843101501,0.22973701357841492,
15,2,BraTS-GLI-01189-000,E_random_matched_C_total,2.0,parameter,2.0000000715954216,0.8830051422119141,0.8826538920402527,-0.00035125017166137695,0.07810048758983612,0.07985776662826538,0.0017572790384292603,0.000562294851988554,0.0006179908523336053,5.569600034505129e-05,24.153915405273438,24.329877853393555,0.1759624481201172,,,
15,2,BraTS-GLI-01189-000,D_useful,1.0,activation,,0.8830051422119141,0.8906534314155579,0.007648289203643799,0.07810048758983612,0.07157191634178162,-0.006528571248054504,0.000562294851988554,0.00041128447628580034,-0.00015101037570275366,24.153915405273438,25.981046676635742,1.8271312713623047,,,1.0
15,2,BraTS-GLI-01189-000,E_random_matched_D_useful,1.0,activation,,0.8830051422119141,0.8834742307662964,0.0004690885543823242,0.07810048758983612,,,0.000562294851988554,,,24.153915405273438,24.237924575805664,0.08400917053222656,,,
15,2,BraTS-GLI-01189-000,D_useful,2.0,activation,,0.8830051422119141,0.8984981179237366,0.01549297571182251,0.07810048758983612,0.06632144749164581,-0.011779040098190308,0.000562294851988554,0.0003312239714432508,-0.00023107088054530323,24.153915405273438,27.842676162719727,3.688760757446289,,,1.0
15,2,BraTS-GLI-01189-000,E_random_matched_D_useful,2.0,activation,,0.8830051422119141,0.8806761503219604,-0.0023289918899536133,0.07810048758983612,,,0.000562294851988554,,,24.153915405273438,24.432422637939453,0.2785072326660156,,,
15,2,BraTS-GLI-01189-000,D_useful,4.0,activation,,0.8830051422119141,0.9087921380996704,0.025786995887756348,0.07810048758983612,0.0583370104432106,-0.01976347714662552,0.000562294851988554,0.0002067458553938195,-0.0003555489965947345,24.153915405273438,31.60250473022461,7.448589324951172,,,1.0
15,2,BraTS-GLI-01189-000,E_random_matched_D_useful,4.0,activation,,0.8830051422119141,0.8815354108810425,-0.001469731330871582,0.07810048758983612,,,0.000562294851988554,,,24.153915405273438,25.1444034576416,0.9904880523681641,,,
15,2,BraTS-GLI-01189-000,D_useful,14.0,activation,,0.8830051422119141,0.9332898259162903,0.05028468370437622,0.07810048758983612,0.0389065220952034,-0.03919396549463272,0.000562294851988554,3.3383748814230785e-05,-0.0005289111031743232,24.153915405273438,50.592369079589844,26.438453674316406,,,1.0
15,2,BraTS-GLI-01189-000,E_random_matched_D_useful,14.0,activation,,0.8830051422119141,0.2870514690876007,-0.5959536731243134,0.07810048758983612,,,0.000562294851988554,,,24.153915405273438,32.23300552368164,8.079090118408203,,,
15,3,BraTS-GLI-01336-000,A_seg,0.25,parameter,0.24999999880674298,0.9492928385734558,0.9183520674705505,-0.030940771102905273,0.05603397637605667,0.06517196446657181,0.009137988090515137,0.00019716726092156023,0.00011811145668616518,-7.905580423539504e-05,37.674503326416016,30.790651321411133,-6.883852005004883,1.0,0.07327155768871307,
15,3,BraTS-GLI-01336-000,E_random_matched_A_seg,0.25,parameter,0.24999999284773355,0.9492928385734558,0.9492928385734558,0.0,0.05603397637605667,0.056050512939691544,1.6536563634872437e-05,0.00019716726092156023,0.0001919253554660827,-5.241905455477536e-06,37.674503326416016,37.70191955566406,0.027416229248046875,,,
15,3,BraTS-GLI-01336-000,A_seg,0.5,parameter,0.49999999761348596,0.9492928385734558,0.7836009860038757,-0.16569185256958008,0.05603397637605667,0.11538758128881454,0.059353604912757874,0.00019716726092156023,4.7980862291296944e-05,-0.00014918639863026328,37.674503326416016,25.00098419189453,-12.673519134521484,1.0,0.07327155768871307,
15,3,BraTS-GLI-01336-000,E_random_matched_A_seg,0.5,parameter,0.5000000150466801,0.9492928385734558,0.9492928385734558,0.0,0.05603397637605667,0.05653555318713188,0.0005015768110752106,0.00019716726092156023,0.0002081778657156974,1.101060479413718e-05,37.674503326416016,37.572784423828125,-0.10171890258789062,,,
15,3,BraTS-GLI-01336-000,A_seg,1.0,parameter,0.9999999952269719,0.9492928385734558,0.3641520142555237,-0.5851408243179321,0.05603397637605667,0.32948389649391174,0.27344992011785507,0.00019716726092156023,1.2005078133370262e-05,-0.00018516218278818997,37.674503326416016,21.944387435913086,-15.73011589050293,1.0,0.07327155768871307,
15,3,BraTS-GLI-01336-000,E_random_matched_A_seg,1.0,parameter,1.0000000063882908,0.9492928385734558,0.950138509273529,0.0008456707000732422,0.05603397637605667,0.05534197762608528,-0.0006919987499713898,0.00019716726092156023,0.00020750319526996464,1.0335934348404408e-05,37.674503326416016,37.65005111694336,-0.02445220947265625,,,
15,3,BraTS-GLI-01336-000,A_seg,2.0,parameter,1.9999999904539438,0.9492928385734558,0.05559321865439415,-0.8936996199190617,0.05603397637605667,0.513035237789154,0.4570012614130974,0.00019716726092156023,4.444174805939838e-07,-0.00019672284344096624,37.674503326416016,40.513816833496094,2.839313507080078,1.0,0.07327155768871307,
15,3,BraTS-GLI-01336-000,E_random_matched_A_seg,2.0,parameter,1.9999999158899282,0.9492928385734558,0.949897050857544,0.0006042122840881348,0.05603397637605667,0.059464991092681885,0.0034310147166252136,0.00019716726092156023,0.00023080623941496015,3.363897849339992e-05,37.674503326416016,39.777984619140625,2.1034812927246094,,,
15,3,BraTS-GLI-01336-000,B_margin,0.25,parameter,0.24999999591909725,0.9492928385734558,0.9482014179229736,-0.0010914206504821777,0.05603397637605667,0.05697891116142273,0.0009449347853660583,0.00019716726092156023,0.00046097382437437773,0.0002638065634528175,37.674503326416016,31.689512252807617,-5.984991073608398,0.07327155768871307,1.0,
15,3,BraTS-GLI-01336-000,E_random_matched_B_margin,0.25,parameter,0.24999999280953478,0.9492928385734558,0.949948251247406,0.0006554126739501953,0.05603397637605667,0.05592874810099602,-0.00010522827506065369,0.00019716726092156023,0.0002001618267968297,2.9945658752694726e-06,37.674503326416016,37.780357360839844,0.10585403442382812,,,
15,3,BraTS-GLI-01336-000,B_margin,0.5,parameter,0.4999999918381945,0.9492928385734558,0.9021697640419006,-0.047123074531555176,0.05603397637605667,0.07153266668319702,0.01549869030714035,0.00019716726092156023,0.0003823867882601917,0.00018521952733863145,37.674503326416016,27.857263565063477,-9.817239761352539,0.07327155768871307,1.0,
15,3,BraTS-GLI-01336-000,E_random_matched_B_margin,0.5,parameter,0.4999999663195911,0.9492928385734558,0.9502418637275696,0.0009490251541137695,0.05603397637605667,0.05620690435171127,0.00017292797565460205,0.00019716726092156023,0.00019551960576791316,-1.6476551536470652e-06,37.674503326416016,37.423954010009766,-0.25054931640625,,,
15,3,BraTS-GLI-01336-000,B_margin,1.0,parameter,0.999999983676389,0.9492928385734558,0.5415604114532471,-0.40773242712020874,0.05603397637605667,0.22591429948806763,0.16988032311201096,0.00019716726092156023,0.00011635483679128811,-8.081242413027212e-05,37.674503326416016,27.330780029296875,-10.34372329711914,0.07327155768871307,1.0,
15,3,BraTS-GLI-01336-000,E_random_matched_B_margin,1.0,parameter,0.9999999907959136,0.9492928385734558,0.9513960480690002,0.0021032094955444336,0.05603397637605667,0.055963948369026184,-7.002800703048706e-05,0.00019716726092156023,0.00019518677436280996,-1.980486558750272e-06,37.674503326416016,37.567806243896484,-0.10669708251953125,,,
15,3,BraTS-GLI-01336-000,B_margin,2.0,parameter,1.999999967352778,0.9492928385734558,0.02222222276031971,-0.9270706158131361,0.05603397637605667,0.5311519503593445,0.4751179739832878,0.00019716726092156023,4.200194780423772e-06,-0.00019296706614113646,37.674503326416016,39.70632553100586,2.0318222045898438,0.07327155768871307,1.0,
15,3,BraTS-GLI-01336-000,E_random_matched_B_margin,2.0,parameter,1.9999999936262611,0.9492928385734558,0.9500860571861267,0.0007932186126708984,0.05603397637605667,0.05473588779568672,-0.0012980885803699493,0.00019716726092156023,0.00022660360264126211,2.9436341719701886e-05,37.674503326416016,38.33244705200195,0.6579437255859375,,,
15,3,BraTS-GLI-01336-000,C_total,0.25,parameter,0.24999998706334706,0.9492928385734558,0.9183520674705505,-0.030940771102905273,0.05603397637605667,0.06521868705749512,0.009184710681438446,0.00019716726092156023,0.0001193006755784154,-7.786658534314483e-05,37.674503326416016,30.751808166503906,-6.922695159912109,0.999971330165863,0.08082276582717896,
15,3,BraTS-GLI-01336-000,E_random_matched_C_total,0.25,parameter,0.2499999840547384,0.9492928385734558,0.9492928385734558,0.0,0.05603397637605667,0.056061554700136185,2.757832407951355e-05,0.00019716726092156023,0.00020860075892414898,1.1433498002588749e-05,37.674503326416016,37.652854919433594,-0.021648406982421875,,,
15,3,BraTS-GLI-01336-000,C_total,0.5,parameter,0.4999999741266941,0.9492928385734558,0.7815410494804382,-0.16775178909301758,0.05603397637605667,0.11570723354816437,0.0596732571721077,0.00019716726092156023,4.839842222281732e-05,-0.0001487688386987429,37.674503326416016,24.9427547454834,-12.731748580932617,0.999971330165863,0.08082276582717896,
15,3,BraTS-GLI-01336-000,E_random_matched_C_total,0.5,parameter,0.49999997008853736,0.9492928385734558,0.949982762336731,0.0006899237632751465,0.05603397637605667,0.056237637996673584,0.00020366162061691284,0.00019716726092156023,0.0002034017670666799,6.234506145119667e-06,37.674503326416016,37.980491638183594,0.3059883117675781,,,
15,3,BraTS-GLI-01336-000,C_total,1.0,parameter,0.9999999482533882,0.9492928385734558,0.36270609498023987,-0.5865867435932159,0.05603397637605667,0.33062058687210083,0.27458661049604416,0.00019716726092156023,1.1723308489308693e-05,-0.00018544395243225154,37.674503326416016,21.90517234802246,-15.769330978393555,0.999971330165863,0.08082276582717896,
15,3,BraTS-GLI-01336-000,E_random_matched_C_total,1.0,parameter,0.999999975741957,0.9492928385734558,0.9494324326515198,0.00013959407806396484,0.05603397637605667,0.057493649423122406,0.0014596730470657349,0.00019716726092156023,0.00020746428344864398,1.0297022527083755e-05,37.674503326416016,38.0941047668457,0.4196014404296875,,,
15,3,BraTS-GLI-01336-000,C_total,2.0,parameter,1.9999998965067765,0.9492928385734558,0.05298912897706032,-0.8963037095963955,0.05603397637605667,0.513772189617157,0.4577382132411003,0.00019716726092156023,4.6886887616892636e-07,-0.0001966983920453913,37.674503326416016,40.48198318481445,2.8074798583984375,0.999971330165863,0.08082276582717896,
15,3,BraTS-GLI-01336-000,E_random_matched_C_total,2.0,parameter,1.9999999472347547,0.9492928385734558,0.9526462554931641,0.003353416919708252,0.05603397637605667,0.05548102408647537,-0.0005529522895812988,0.00019716726092156023,0.0002180592273361981,2.0891966414637864e-05,37.674503326416016,37.856590270996094,0.18208694458007812,,,
15,3,BraTS-GLI-01336-000,D_useful,1.0,activation,,0.9492928385734558,0.9598615765571594,0.010568737983703613,0.05603397637605667,0.0503932349383831,-0.005640741437673569,0.00019716726092156023,0.00015307027206290513,-4.4096988858655095e-05,37.674503326416016,39.625587463378906,1.9510841369628906,,,1.0
15,3,BraTS-GLI-01336-000,E_random_matched_D_useful,1.0,activation,,0.9492928385734558,0.950276255607605,0.00098341703414917,0.05603397637605667,,,0.00019716726092156023,,,37.674503326416016,37.69831085205078,0.023807525634765625,,,
15,3,BraTS-GLI-01336-000,D_useful,2.0,activation,,0.9492928385734558,0.9660429954528809,0.01675015687942505,0.05603397637605667,0.046159226447343826,-0.009874749928712845,0.00019716726092156023,0.00012524124758783728,-7.192601333372295e-05,37.674503326416016,41.583919525146484,3.9094161987304688,,,1.0
15,3,BraTS-GLI-01336-000,E_random_matched_D_useful,2.0,activation,,0.9492928385734558,0.9515905976295471,0.0022977590560913086,0.05603397637605667,,,0.00019716726092156023,,,37.674503326416016,37.83546447753906,0.16096115112304688,,,
15,3,BraTS-GLI-01336-000,D_useful,4.0,activation,,0.9492928385734558,0.9766306281089783,0.02733778953552246,0.05603397637605667,0.039958082139492035,-0.016075894236564636,0.00019716726092156023,5.7302648201584816e-05,-0.0001398646127199754,37.674503326416016,45.51278305053711,7.838279724121094,,,1.0
15,3,BraTS-GLI-01336-000,E_random_matched_D_useful,4.0,activation,,0.9492928385734558,0.9500516653060913,0.000758826732635498,0.05603397637605667,,,0.00019716726092156023,,,37.674503326416016,38.1951904296875,0.5206871032714844,,,
15,3,BraTS-GLI-01336-000,D_useful,14.0,activation,,0.9492928385734558,0.9961363077163696,0.04684346914291382,0.05603397637605667,0.025264624506235123,-0.03076935186982155,0.00019716726092156023,4.5446367948898114e-06,-0.00019262262412667042,37.674503326416016,65.24449157714844,27.569988250732422,,,1.0
15,3,BraTS-GLI-01336-000,E_random_matched_D_useful,14.0,activation,,0.9492928385734558,0.17161421477794647,-0.7776786237955093,0.05603397637605667,,,0.00019716726092156023,,,37.674503326416016,43.3889274597168,5.714424133300781,,,
15,4,BraTS-GLI-00250-000,A_seg,0.25,parameter,0.24999999339343046,0.921595573425293,0.9147670865058899,-0.006828486919403076,0.063938207924366,0.06465034186840057,0.0007121339440345764,0.000561011431273073,0.0007915178430266678,0.00023050641175359488,34.571067810058594,35.479251861572266,0.9081840515136719,1.0,0.1797170788049698,
15,4,BraTS-GLI-00250-000,E_random_matched_A_seg,0.25,parameter,0.24999999103602005,0.921595573425293,0.9213830828666687,-0.00021249055862426758,0.063938207924366,0.0641094520688057,0.00017124414443969727,0.000561011431273073,0.0005563205922953784,-4.690838977694511e-06,34.571067810058594,34.31150436401367,-0.2595634460449219,,,
15,4,BraTS-GLI-00250-000,A_seg,0.5,parameter,0.4999999867868609,0.921595573425293,0.8692259788513184,-0.05236959457397461,0.063938207924366,0.08366256952285767,0.01972436159849167,0.000561011431273073,0.0006587007082998753,9.76892770268023e-05,34.571067810058594,36.2489128112793,1.6778450012207031,1.0,0.1797170788049698,
15,4,BraTS-GLI-00250-000,E_random_matched_A_seg,0.5,parameter,0.4999999799038047,0.921595573425293,0.92143714427948,-0.00015842914581298828,0.063938207924366,0.06419552862644196,0.00025732070207595825,0.000561011431273073,0.0005689270328730345,7.91560159996152e-06,34.571067810058594,34.37942123413086,-0.19164657592773438,,,
15,4,BraTS-GLI-00250-000,A_seg,1.0,parameter,0.9999999735737218,0.921595573425293,0.39245983958244324,-0.5291357338428497,0.063938207924366,0.3293286859989166,0.26539047807455063,0.000561011431273073,0.000319106737151742,-0.00024190469412133098,34.571067810058594,39.680572509765625,5.109504699707031,1.0,0.1797170788049698,
15,4,BraTS-GLI-00250-000,E_random_matched_A_seg,1.0,parameter,0.999999960549757,0.921595573425293,0.9223100543022156,0.0007144808769226074,0.063938207924366,0.0637657418847084,-0.00017246603965759277,0.000561011431273073,0.0005454266211017966,-1.558481017127633e-05,34.571067810058594,34.50164031982422,-0.069427490234375,,,
15,4,BraTS-GLI-00250-000,A_seg,2.0,parameter,1.9999999471474437,0.921595573425293,0.08881168067455292,-0.83278389275074,0.063938207924366,0.5709840655326843,0.5070458576083183,0.000561011431273073,7.351244130404666e-05,-0.0004874989899690263,34.571067810058594,61.12128829956055,26.550220489501953,1.0,0.1797170788049698,
15,4,BraTS-GLI-00250-000,E_random_matched_A_seg,2.0,parameter,2.0000000171130523,0.921595573425293,0.9208806157112122,-0.0007149577140808105,0.063938207924366,0.06415075063705444,0.00021254271268844604,0.000561011431273073,0.0005256368312984705,-3.537459997460246e-05,34.571067810058594,34.808143615722656,0.2370758056640625,,,
15,4,BraTS-GLI-00250-000,B_margin,0.25,parameter,0.2499999781421129,0.921595573425293,0.904614269733429,-0.016981303691864014,0.063938207924366,0.07018247246742249,0.006244264543056488,0.000561011431273073,0.0005923432181589305,3.133178688585758e-05,34.571067810058594,24.939023971557617,-9.632043838500977,0.1797170788049698,1.0,
15,4,BraTS-GLI-00250-000,E_random_matched_B_margin,0.25,parameter,0.24999996807673394,0.921595573425293,0.92143714427948,-0.00015842914581298828,0.063938207924366,0.06382650882005692,-0.00011169910430908203,0.000561011431273073,0.0005553398514166474,-5.671579856425524e-06,34.571067810058594,34.70090866088867,0.12984085083007812,,,
15,4,BraTS-GLI-00250-000,B_margin,0.5,parameter,0.4999999562842258,0.921595573425293,0.7067767381668091,-0.2148188352584839,0.063938207924366,0.1495240330696106,0.0855858251452446,0.000561011431273073,0.00038550837780348957,-0.0001755030534695834,34.571067810058594,20.738365173339844,-13.83270263671875,0.1797170788049698,1.0,
15,4,BraTS-GLI-00250-000,E_random_matched_B_margin,0.5,parameter,0.49999995300094957,0.921595573425293,0.9216494560241699,5.3882598876953125e-05,0.063938207924366,0.06360988318920135,-0.00032832473516464233,0.000561011431273073,0.000598409678786993,3.739824751392007e-05,34.571067810058594,34.54487228393555,-0.026195526123046875,,,
15,4,BraTS-GLI-00250-000,B_margin,1.0,parameter,0.9999999125684516,0.921595573425293,0.18878333270549774,-0.7328122407197952,0.063938207924366,0.4354378283023834,0.3714996203780174,0.000561011431273073,8.95944467629306e-05,-0.00047141698451014236,34.571067810058594,21.398090362548828,-13.172977447509766,0.1797170788049698,1.0,
15,4,BraTS-GLI-00250-000,E_random_matched_B_margin,1.0,parameter,0.9999998820421682,0.921595573425293,0.9210164546966553,-0.0005791187286376953,0.063938207924366,0.0636429488658905,-0.0002952590584754944,0.000561011431273073,0.0005245996289886534,-3.6411802284419537e-05,34.571067810058594,35.102691650390625,0.5316238403320312,,,
15,4,BraTS-GLI-00250-000,B_margin,2.0,parameter,1.999999825136903,0.921595573425293,0.004739336669445038,-0.9168562367558479,0.063938207924366,0.5588158369064331,0.4948776289820671,0.000561011431273073,6.486242796199804e-07,-0.000560362806993453,34.571067810058594,36.06198501586914,1.4909172058105469,0.1797170788049698,1.0,
15,4,BraTS-GLI-00250-000,E_random_matched_B_margin,2.0,parameter,1.999999806488622,0.921595573425293,0.9204604029655457,-0.0011351704597473145,0.063938207924366,0.06214825436472893,-0.0017899535596370697,0.000561011431273073,0.0005251722759567201,-3.5839155316352844e-05,34.571067810058594,33.50181579589844,-1.0692520141601562,,,
15,4,BraTS-GLI-00250-000,C_total,0.25,parameter,0.2500000051804819,0.921595573425293,0.9160735011100769,-0.0055220723152160645,0.063938207924366,0.06448803097009659,0.0005498230457305908,0.000561011431273073,0.0007758917054161429,0.00021488027414306998,34.571067810058594,35.194740295410156,0.6236724853515625,0.9997416734695435,0.20202824473381042,
15,4,BraTS-GLI-00250-000,E_random_matched_C_total,0.25,parameter,0.24999999169449424,0.921595573425293,0.9211204648017883,-0.00047510862350463867,0.063938207924366,0.06408485770225525,0.0001466497778892517,0.000561011431273073,0.0005557097611017525,-5.301670171320438e-06,34.571067810058594,34.4472541809082,-0.12381362915039062,,,
15,4,BraTS-GLI-00250-000,C_total,0.5,parameter,0.5000000103609638,0.921595573425293,0.8695380091667175,-0.05205756425857544,0.063938207924366,0.08355105668306351,0.01961284875869751,0.000561011431273073,0.0006768409512005746,0.00011582951992750168,34.571067810058594,35.656166076660156,1.0850982666015625,0.9997416734695435,0.20202824473381042,
15,4,BraTS-GLI-00250-000,E_random_matched_C_total,0.5,parameter,0.500000018309947,0.921595573425293,0.9206185340881348,-0.0009770393371582031,0.063938207924366,0.06407468765974045,0.00013647973537445068,0.000561011431273073,0.0005615053814835846,4.939502105116844e-07,34.571067810058594,34.790157318115234,0.21908950805664062,,,
15,4,BraTS-GLI-00250-000,C_total,1.0,parameter,1.0000000207219275,0.921595573425293,0.388443261384964,-0.533152312040329,0.063938207924366,0.33220526576042175,0.26826705783605576,0.000561011431273073,0.00031014427077025175,-0.0002508671605028212,34.571067810058594,38.518714904785156,3.9476470947265625,0.9997416734695435,0.20202824473381042,
15,4,BraTS-GLI-00250-000,E_random_matched_C_total,1.0,parameter,1.0000000121362973,0.921595573425293,0.9218588471412659,0.0002632737159729004,0.063938207924366,0.06438907235860825,0.00045086443424224854,0.000561011431273073,0.0005553406081162393,-5.670823156833649e-06,34.571067810058594,34.31486511230469,-0.25620269775390625,,,
15,4,BraTS-GLI-00250-000,C_total,2.0,parameter,2.000000041443855,0.921595573425293,0.0840846449136734,-0.8375109285116196,0.063938207924366,0.5713745355606079,0.5074363276362419,0.000561011431273073,7.825629290891811e-05,-0.00048275513836415485,34.571067810058594,59.154563903808594,24.58349609375,0.9997416734695435,0.20202824473381042,
15,4,BraTS-GLI-00250-000,E_random_matched_C_total,2.0,parameter,2.0000000277068466,0.921595573425293,0.9185210466384888,-0.0030745267868041992,0.063938207924366,0.06444169580936432,0.0005034878849983215,0.000561011431273073,0.0005937148816883564,3.270345041528344e-05,34.571067810058594,35.09672164916992,0.5256538391113281,,,
15,4,BraTS-GLI-00250-000,D_useful,1.0,activation,,0.921595573425293,0.9300171732902527,0.008421599864959717,0.063938207924366,0.058446288108825684,-0.005491919815540314,0.000561011431273073,0.0004518456698860973,-0.00010916576138697565,34.571067810058594,36.478904724121094,1.9078369140625,,,1.0
15,4,BraTS-GLI-00250-000,E_random_matched_D_useful,1.0,activation,,0.921595573425293,0.9215686321258545,-2.6941299438476562e-05,0.063938207924366,,,0.000561011431273073,,,34.571067810058594,34.62478256225586,0.053714752197265625,,,
15,4,BraTS-GLI-00250-000,D_useful,2.0,activation,,0.921595573425293,0.9383267760276794,0.016731202602386475,0.063938207924366,0.05390983819961548,-0.010028369724750519,0.000561011431273073,0.00037559744669124484,-0.00018541398458182812,34.571067810058594,38.40279006958008,3.8317222595214844,,,1.0
15,4,BraTS-GLI-00250-000,E_random_matched_D_useful,2.0,activation,,0.921595573425293,0.9211746454238892,-0.0004209280014038086,0.063938207924366,,,0.000561011431273073,,,34.571067810058594,34.750274658203125,0.17920684814453125,,,
15,4,BraTS-GLI-00250-000,D_useful,4.0,activation,,0.921595573425293,0.9497764110565186,0.028180837631225586,0.063938207924366,0.04683712497353554,-0.01710108295083046,0.000561011431273073,0.00025516690220683813,-0.0003058445290662348,34.571067810058594,42.27106857299805,7.700000762939453,,,1.0
15,4,BraTS-GLI-00250-000,E_random_matched_D_useful,4.0,activation,,0.921595573425293,0.9222336411476135,0.0006380677223205566,0.063938207924366,,,0.000561011431273073,,,34.571067810058594,35.24691390991211,0.6758460998535156,,,
15,4,BraTS-GLI-00250-000,D_useful,14.0,activation,,0.921595573425293,0.9732435941696167,0.05164802074432373,0.063938207924366,0.029492784291505814,-0.034445423632860184,0.000561011431273073,5.160172440810129e-05,-0.0005094097068649717,34.571067810058594,61.73830795288086,27.167240142822266,,,1.0
15,4,BraTS-GLI-00250-000,E_random_matched_D_useful,14.0,activation,,0.921595573425293,0.28826501965522766,-0.6333305537700653,0.063938207924366,,,0.000561011431273073,,,34.571067810058594,40.7889404296875,6.217872619628906,,,
15,5,BraTS-GLI-00501-000,A_seg,0.25,parameter,0.2500000090512911,0.8477026224136353,0.923293948173523,0.0755913257598877,0.09229228645563126,0.06443914771080017,-0.027853138744831085,0.0019577769562602043,0.00016831487300805748,-0.0017894620832521468,20.588577270507812,34.140716552734375,13.552139282226562,1.0,-0.0023127144668251276,
15,5,BraTS-GLI-00501-000,E_random_matched_A_seg,0.25,parameter,0.2500000109321261,0.8477026224136353,0.8489223718643188,0.0012197494506835938,0.09229228645563126,0.09219078719615936,-0.00010149925947189331,0.0019577769562602043,0.0019842584151774645,2.648145891726017e-05,20.588577270507812,20.617971420288086,0.029394149780273438,,,
15,5,BraTS-GLI-00501-000,A_seg,0.5,parameter,0.5000000181025822,0.8477026224136353,0.7710435390472412,-0.07665908336639404,0.09229228645563126,0.12557750940322876,0.033285222947597504,0.0019577769562602043,4.6844143071211874e-06,-0.0019530925419530831,20.588577270507812,49.62541580200195,29.03683853149414,1.0,-0.0023127144668251276,
15,5,BraTS-GLI-00501-000,E_random_matched_A_seg,0.5,parameter,0.5000000128093233,0.8477026224136353,0.8499330282211304,0.002230405807495117,0.09229228645563126,0.09187095612287521,-0.0004213303327560425,0.0019577769562602043,0.001999665517359972,4.1888561099767685e-05,20.588577270507812,20.890962600708008,0.3023853302001953,,,
15,5,BraTS-GLI-00501-000,A_seg,1.0,parameter,1.0000000362051644,0.8477026224136353,0.3273095488548279,-0.5203930735588074,0.09229228645563126,0.42446088790893555,0.3321686014533043,0.0019577769562602043,3.6382801216205962e-09,-0.0019577733179800827,20.588577270507812,83.27722930908203,62.68865203857422,1.0,-0.0023127144668251276,
15,5,BraTS-GLI-00501-000,E_random_matched_A_seg,1.0,parameter,1.0000000493091636,0.8477026224136353,0.8474891781806946,-0.00021344423294067383,0.09229228645563126,0.09224867820739746,-4.3608248233795166e-05,0.0019577769562602043,0.0017594204982742667,-0.0001983564579859376,20.588577270507812,20.577722549438477,-0.010854721069335938,,,
15,5,BraTS-GLI-00501-000,A_seg,2.0,parameter,2.000000072410329,0.8477026224136353,0.23465926945209503,-0.6130433529615402,0.09229228645563126,0.6303317546844482,0.538039468228817,0.0019577769562602043,0.0,-0.0019577769562602043,20.588577270507812,161.92684936523438,141.33827209472656,1.0,-0.0023127144668251276,
15,5,BraTS-GLI-00501-000,E_random_matched_A_seg,2.0,parameter,2.000000073720001,0.8477026224136353,0.8571720123291016,0.009469389915466309,0.09229228645563126,0.08798930048942566,-0.004302985966205597,0.0019577769562602043,0.002282265806570649,0.00032448885031044483,20.588577270507812,21.37164878845215,0.7830715179443359,,,
15,5,BraTS-GLI-00501-000,B_margin,0.25,parameter,0.2500000056716089,0.8477026224136353,0.8316747546195984,-0.016027867794036865,0.09229228645563126,0.10082467645406723,0.008532389998435974,0.0019577769562602043,0.00038803202915005386,-0.0015697449271101505,20.588577270507812,18.58089256286621,-2.0076847076416016,-0.0023127144668251276,1.0,
15,5,BraTS-GLI-00501-000,E_random_matched_B_margin,0.25,parameter,0.24999999304418444,0.8477026224136353,0.8481783270835876,0.0004757046699523926,0.09229228645563126,0.09198365360498428,-0.00030863285064697266,0.0019577769562602043,0.0020047174766659737,4.694052040576935e-05,20.588577270507812,20.511302947998047,-0.07727432250976562,,,
15,5,BraTS-GLI-00501-000,B_margin,0.5,parameter,0.5000000113432178,0.8477026224136353,0.7655234336853027,-0.08217918872833252,0.09229228645563126,0.1321161985397339,0.03982391208410263,0.0019577769562602043,8.762485231272876e-05,-0.0018701521039474756,20.588577270507812,16.354080200195312,-4.2344970703125,-0.0023127144668251276,1.0,
15,5,BraTS-GLI-00501-000,E_random_matched_B_margin,0.5,parameter,0.5000000052823452,0.8477026224136353,0.8458195328712463,-0.001883089542388916,0.09229228645563126,0.09328341484069824,0.000991128385066986,0.0019577769562602043,0.0019383287290111184,-1.9448227249085903e-05,20.588577270507812,20.38365936279297,-0.20491790771484375,,,
15,5,BraTS-GLI-00501-000,B_margin,1.0,parameter,1.0000000226864356,0.8477026224136353,0.496928334236145,-0.35077428817749023,0.09229228645563126,0.2884245812892914,0.19613229483366013,0.0019577769562602043,1.0439269317430444e-05,-0.0019473376869427739,20.588577270507812,14.472865104675293,-6.1157121658325195,-0.0023127144668251276,1.0,
15,5,BraTS-GLI-00501-000,E_random_matched_B_margin,1.0,parameter,1.0000000053842086,0.8477026224136353,0.8482787013053894,0.0005760788917541504,0.09229228645563126,0.09254121035337448,0.0002489238977432251,0.0019577769562602043,0.0020118237007409334,5.40467444807291e-05,20.588577270507812,20.503734588623047,-0.08484268188476562,,,
15,5,BraTS-GLI-00501-000,B_margin,2.0,parameter,2.0000000453728712,0.8477026224136353,0.06330421566963196,-0.7843984067440033,0.09229228645563126,0.6143293976783752,0.522037111222744,0.0019577769562602043,6.32654888477191e-08,-0.0019577136907713566,20.588577270507812,21.114879608154297,0.5263023376464844,-0.0023127144668251276,1.0,
15,5,BraTS-GLI-00501-000,E_random_matched_B_margin,2.0,parameter,2.0000001363514412,0.8477026224136353,0.8428912162780762,-0.004811406135559082,0.09229228645563126,0.09513410925865173,0.0028418228030204773,0.0019577769562602043,0.0020277672447264194,6.999028846621513e-05,20.588577270507812,19.890323638916016,-0.6982536315917969,,,
15,5,BraTS-GLI-00501-000,C_total,0.25,parameter,0.2500000051732058,0.8477026224136353,0.9234567880630493,0.07575416564941406,0.09229228645563126,0.06440247595310211,-0.027889810502529144,0.0019577769562602043,0.00016688408504705876,-0.0017908928712131456,20.588577270507812,34.129417419433594,13.540840148925781,0.9999754428863525,0.0047095464542508125,
15,5,BraTS-GLI-00501-000,E_random_matched_C_total,0.25,parameter,0.2500000097770679,0.8477026224136353,0.847615122795105,-8.749961853027344e-05,0.09229228645563126,0.09235356748104095,6.128102540969849e-05,0.0019577769562602043,0.0019488714169710875,-8.90553928911686e-06,20.588577270507812,20.5942440032959,0.0056667327880859375,,,
15,5,BraTS-GLI-00501-000,C_total,0.5,parameter,0.5000000103464116,0.8477026224136353,0.7715879678726196,-0.07611465454101562,0.09229228645563126,0.1252511888742447,0.032958902418613434,0.0019577769562602043,4.6977479541965295e-06,-0.0019530792083060078,20.588577270507812,49.60092544555664,29.012348175048828,0.9999754428863525,0.0047095464542508125,
15,5,BraTS-GLI-00501-000,E_random_matched_C_total,0.5,parameter,0.5000000315267233,0.8477026224136353,0.8467816710472107,-0.0009209513664245605,0.09229228645563126,0.09238464385271072,9.235739707946777e-05,0.0019577769562602043,0.001956763444468379,-1.0135117918252945e-06,20.588577270507812,20.598020553588867,0.009443283081054688,,,
15,5,BraTS-GLI-00501-000,C_total,1.0,parameter,1.0000000206928232,0.8477026224136353,0.3276509642601013,-0.5200516581535339,0.09229228645563126,0.42414939403533936,0.3318571075797081,0.0019577769562602043,3.5246454643811376e-09,-0.00195777343161474,20.588577270507812,83.2204818725586,62.63190460205078,0.9999754428863525,0.0047095464542508125,
15,5,BraTS-GLI-00501-000,E_random_matched_C_total,1.0,parameter,1.0000000734435135,0.8477026224136353,0.8533333539962769,0.0056307315826416016,0.09229228645563126,0.09074844419956207,-0.0015438422560691833,0.0019577769562602043,0.0020667228382080793,0.00010894588194787502,20.588577270507812,21.043577194213867,0.4549999237060547,,,
15,5,BraTS-GLI-00501-000,C_total,2.0,parameter,2.0000000413856465,0.8477026224136353,0.2347143441438675,-0.6129882782697678,0.09229228645563126,0.6303139925003052,0.5380217060446739,0.0019577769562602043,0.0,-0.0019577769562602043,20.588577270507812,161.78927612304688,141.20069885253906,0.9999754428863525,0.0047095464542508125,
15,5,BraTS-GLI-00501-000,E_random_matched_C_total,2.0,parameter,2.000000114319843,0.8477026224136353,0.8458751440048218,-0.0018274784088134766,0.09229228645563126,0.09409631788730621,0.0018040314316749573,0.0019577769562602043,0.001779187936335802,-0.00017858901992440224,20.588577270507812,20.778108596801758,0.1895313262939453,,,
15,5,BraTS-GLI-00501-000,D_useful,1.0,activation,,0.8477026224136353,0.86576908826828,0.018066465854644775,0.09229228645563126,0.08232483267784119,-0.00996745377779007,0.0019577769562602043,0.0013202705886214972,-0.0006375063676387072,20.588577270507812,22.402742385864258,1.8141651153564453,,,1.0
15,5,BraTS-GLI-00501-000,E_random_matched_D_useful,1.0,activation,,0.8477026224136353,0.8498092889785767,0.0021066665649414062,0.09229228645563126,,,0.0019577769562602043,,,20.588577270507812,20.678422927856445,0.08984565734863281,,,
15,5,BraTS-GLI-00501-000,D_useful,2.0,activation,,0.8477026224136353,0.8810075521469116,0.03330492973327637,0.09229228645563126,0.0738740786910057,-0.01841820776462555,0.0019577769562602043,0.0009196760947816074,-0.001038100861478597,20.588577270507812,24.254425048828125,3.6658477783203125,,,1.0
15,5,BraTS-GLI-00501-000,E_random_matched_D_useful,2.0,activation,,0.8477026224136353,0.8486536741256714,0.0009510517120361328,0.09229228645563126,,,0.0019577769562602043,,,20.588577270507812,20.926979064941406,0.33840179443359375,,,
15,5,BraTS-GLI-00501-000,D_useful,4.0,activation,,0.8477026224136353,0.9042342901229858,0.056531667709350586,0.09229228645563126,0.06108895689249039,-0.03120332956314087,0.0019577769562602043,0.00041902350494638085,-0.0015387534513138235,20.588577270507812,28.003793716430664,7.415216445922852,,,1.0
15,5,BraTS-GLI-00501-000,E_random_matched_D_useful,4.0,activation,,0.8477026224136353,0.8489593863487244,0.0012567639350891113,0.09229228645563126,,,0.0019577769562602043,,,20.588577270507812,21.71221160888672,1.1236343383789062,,,
15,5,BraTS-GLI-00501-000,D_useful,14.0,activation,,0.8477026224136353,0.9520007371902466,0.10429811477661133,0.09229228645563126,0.03385622054338455,-0.058436065912246704,0.0019577769562602043,1.0428974746901076e-05,-0.0019473479815133032,20.588577270507812,46.99308395385742,26.40450668334961,,,1.0
15,5,BraTS-GLI-00501-000,E_random_matched_D_useful,14.0,activation,,0.8477026224136353,0.3679913878440857,-0.47971123456954956,0.09229228645563126,,,0.0019577769562602043,,,20.588577270507812,29.69605255126953,9.107475280761719,,,
15,6,BraTS-GLI-01093-000,A_seg,0.25,parameter,0.25000000241561793,0.9557521939277649,0.8925521373748779,-0.06320005655288696,0.05435672029852867,0.07398539781570435,0.019628677517175674,0.0010262893047183752,0.00025278417160734534,-0.0007735051331110299,29.29222297668457,43.029815673828125,13.737592697143555,1.0,-0.023628147318959236,
15,6,BraTS-GLI-01093-000,E_random_matched_A_seg,0.25,parameter,0.25000000718137005,0.9557521939277649,0.9552780985832214,-0.00047409534454345703,0.05435672029852867,0.05434096232056618,-1.5757977962493896e-05,0.0010262893047183752,0.0010042276699095964,-2.2061634808778763e-05,29.29222297668457,29.371366500854492,0.07914352416992188,,,
15,6,BraTS-GLI-01093-000,A_seg,0.5,parameter,0.5000000048312359,0.9557521939277649,0.785614550113678,-0.17013764381408691,0.05435672029852867,0.11903277039527893,0.06467605009675026,0.0010262893047183752,1.0775817827379797e-05,-0.0010155134868909954,29.29222297668457,57.93592834472656,28.643705368041992,1.0,-0.023628147318959236,
15,6,BraTS-GLI-01093-000,E_random_matched_A_seg,0.5,parameter,0.5000000034997356,0.9557521939277649,0.9557822942733765,3.0100345611572266e-05,0.05435672029852867,0.05407021567225456,-0.0002865046262741089,0.0010262893047183752,0.0010460634948685765,1.977419015020132e-05,29.29222297668457,29.458555221557617,0.16633224487304688,,,
15,6,BraTS-GLI-01093-000,A_seg,1.0,parameter,1.0000000096624717,0.9557521939277649,0.31256505846977234,-0.6431871354579926,0.05435672029852867,0.40734511613845825,0.3529883958399296,0.0010262893047183752,3.566550788036693e-08,-0.0010262536392104948,29.29222297668457,90.2842788696289,60.992055892944336,1.0,-0.023628147318959236,
15,6,BraTS-GLI-01093-000,E_random_matched_A_seg,1.0,parameter,0.9999999661376927,0.9557521939277649,0.9580838084220886,0.0023316144943237305,0.05435672029852867,0.05416802316904068,-0.00018869712948799133,0.0010262893047183752,0.0011089673498645425,8.267804514616728e-05,29.29222297668457,29.63019561767578,0.33797264099121094,,,
15,6,BraTS-GLI-01093-000,A_seg,2.0,parameter,2.0000000193249434,0.9557521939277649,0.18557338416576385,-0.770178809762001,0.05435672029852867,0.6614699363708496,0.6071132160723209,0.0010262893047183752,5.025086995276949e-14,-0.0010262893046681244,29.29222297668457,166.03811645507812,136.74589347839355,1.0,-0.023628147318959236,
15,6,BraTS-GLI-01093-000,E_random_matched_A_seg,2.0,parameter,2.0000000559375612,0.9557521939277649,0.956226646900177,0.0004744529724121094,0.05435672029852867,0.054775264114141464,0.00041854381561279297,0.0010262893047183752,0.0010330160148441792,6.7267101258039474e-06,29.29222297668457,30.104694366455078,0.8124713897705078,,,
15,6,BraTS-GLI-01093-000,B_margin,0.25,parameter,0.24999998602288503,0.9557521939277649,0.945509135723114,-0.010243058204650879,0.05435672029852867,0.05785207450389862,0.0034953542053699493,0.0010262893047183752,0.0008414823678322136,-0.00018480693688616157,29.29222297668457,26.484952926635742,-2.807270050048828,-0.023628147318959236,1.0,
15,6,BraTS-GLI-01093-000,E_random_matched_B_margin,0.25,parameter,0.2499999899591783,0.9557521939277649,0.9558907151222229,0.0001385211944580078,0.05435672029852867,0.05444787070155144,9.115040302276611e-05,0.0010262893047183752,0.0010234296787530184,-2.8596259653568268e-06,29.29222297668457,29.435056686401367,0.14283370971679688,,,
15,6,BraTS-GLI-01093-000,B_margin,0.5,parameter,0.49999997204577007,0.9557521939277649,0.9120304584503174,-0.04372173547744751,0.05435672029852867,0.06778671592473984,0.013429995626211166,0.0010262893047183752,0.00040971406269818544,-0.0006165752420201898,29.29222297668457,24.01288604736328,-5.279336929321289,-0.023628147318959236,1.0,
15,6,BraTS-GLI-01093-000,E_random_matched_B_margin,0.5,parameter,0.49999998253406347,0.9557521939277649,0.9559106826782227,0.00015848875045776367,0.05435672029852867,0.054401081055402756,4.436075687408447e-05,0.0010262893047183752,0.0010497489711269736,2.3459666408598423e-05,29.29222297668457,29.525318145751953,0.2330951690673828,,,
15,6,BraTS-GLI-01093-000,B_margin,1.0,parameter,0.9999999440915401,0.9557521939277649,0.7437926530838013,-0.21195954084396362,0.05435672029852867,0.1413014978170395,0.08694477751851082,0.0010262893047183752,6.738158117514104e-05,-0.0009589077235432342,29.29222297668457,21.605045318603516,-7.687177658081055,-0.023628147318959236,1.0,
15,6,BraTS-GLI-01093-000,E_random_matched_B_margin,1.0,parameter,0.9999999321225891,0.9557521939277649,0.9557803869247437,2.8192996978759766e-05,0.05435672029852867,0.055138833820819855,0.0007821135222911835,0.0010262893047183752,0.0009900374570861459,-3.625184763222933e-05,29.29222297668457,27.946697235107422,-1.3455257415771484,,,
15,6,BraTS-GLI-01093-000,B_margin,2.0,parameter,1.9999998881830803,0.9557521939277649,0.1651376187801361,-0.7906145751476288,0.05435672029852867,0.4707801342010498,0.41642341390252113,0.0010262893047183752,1.0050886203316622e-06,-0.0010252842160980435,29.29222297668457,31.057085037231445,1.764862060546875,-0.023628147318959236,1.0,
15,6,BraTS-GLI-01093-000,E_random_matched_B_margin,2.0,parameter,1.9999998944695079,0.9557521939277649,0.9569258689880371,0.0011736750602722168,0.05435672029852867,0.05537884682416916,0.0010221265256404877,0.0010262893047183752,0.0010416534496471286,1.5364144928753376e-05,29.29222297668457,28.97635269165039,-0.3158702850341797,,,
15,6,BraTS-GLI-01093-000,C_total,0.25,parameter,0.25000000222644303,0.9557521939277649,0.8925521373748779,-0.06320005655288696,0.05435672029852867,0.07399915158748627,0.019642431288957596,0.0010262893047183752,0.0002528593468014151,-0.0007734299579169601,29.29222297668457,43.00518035888672,13.712957382202148,0.9999566078186035,-0.014318564906716347,
15,6,BraTS-GLI-01093-000,E_random_matched_C_total,0.25,parameter,0.2500000125382936,0.9557521939277649,0.9556236267089844,-0.00012856721878051758,0.05435672029852867,0.05440486595034599,4.814565181732178e-05,0.0010262893047183752,0.001001209020614624,-2.5080284103751183e-05,29.29222297668457,29.336572647094727,0.04434967041015625,,,
15,6,BraTS-GLI-01093-000,C_total,0.5,parameter,0.5000000044528861,0.9557521939277649,0.7851347923278809,-0.17061740159988403,0.05435672029852867,0.11908725649118423,0.06473053619265556,0.0010262893047183752,1.0851182196347509e-05,-0.0010154381225220277,29.29222297668457,57.88734436035156,28.595121383666992,0.9999566078186035,-0.014318564906716347,
15,6,BraTS-GLI-01093-000,E_random_matched_C_total,0.5,parameter,0.5000000083309714,0.9557521939277649,0.9561174511909485,0.00036525726318359375,0.05435672029852867,0.05445186048746109,9.514018893241882e-05,0.0010262893047183752,0.0010071061551570892,-1.9183149561285973e-05,29.29222297668457,29.31865882873535,0.02643585205078125,,,
15,6,BraTS-GLI-01093-000,C_total,1.0,parameter,1.0000000089057721,0.9557521939277649,0.31256505846977234,-0.6431871354579926,0.05435672029852867,0.40730077028274536,0.3529440499842167,0.0010262893047183752,3.64532120045169e-08,-0.0010262528515063707,29.29222297668457,90.20162200927734,60.90939903259277,0.9999566078186035,-0.014318564906716347,
15,6,BraTS-GLI-01093-000,E_random_matched_C_total,1.0,parameter,1.0000000266736602,0.9557521939277649,0.9539968371391296,-0.001755356788635254,0.05435672029852867,0.055380478501319885,0.001023758202791214,0.0010262893047183752,0.0009755127248354256,-5.077657988294959e-05,29.29222297668457,28.858966827392578,-0.4332561492919922,,,
15,6,BraTS-GLI-01093-000,C_total,2.0,parameter,2.0000000178115442,0.9557521939277649,0.185531347990036,-0.7702208459377289,0.05435672029852867,0.6612754464149475,0.6069187261164188,0.0010262893047183752,4.987714885204553e-14,-0.001026289304668498,29.29222297668457,165.9429168701172,136.65069389343262,0.9999566078186035,-0.014318564906716347,
15,6,BraTS-GLI-01093-000,E_random_matched_C_total,2.0,parameter,1.999999926134477,0.9557521939277649,0.9586253762245178,0.0028731822967529297,0.05435672029852867,0.054984722286462784,0.0006280019879341125,0.0010262893047183752,0.001059663132764399,3.3373828046023846e-05,29.29222297668457,28.973554611206055,-0.3186683654785156,,,
15,6,BraTS-GLI-01093-000,D_useful,1.0,activation,,0.9557521939277649,0.9664899110794067,0.010737717151641846,0.05435672029852867,0.04899614304304123,-0.005360577255487442,0.0010262893047183752,0.0007851867121644318,-0.0002411025925539434,29.29222297668457,31.229156494140625,1.9369335174560547,,,1.0
15,6,BraTS-GLI-01093-000,E_random_matched_D_useful,1.0,activation,,0.9557521939277649,0.9560090899467468,0.0002568960189819336,0.05435672029852867,,,0.0010262893047183752,,,29.29222297668457,29.342391967773438,0.05016899108886719,,,
15,6,BraTS-GLI-01093-000,D_useful,2.0,activation,,0.9557521939277649,0.9732283353805542,0.017476141452789307,0.05435672029852867,0.0447307787835598,-0.009625941514968872,0.0010262893047183752,0.0005466145812533796,-0.0004796747234649956,29.29222297668457,33.17595672607422,3.8837337493896484,,,1.0
15,6,BraTS-GLI-01093-000,E_random_matched_D_useful,2.0,activation,,0.9557521939277649,0.956610381603241,0.0008581876754760742,0.05435672029852867,,,0.0010262893047183752,,,29.29222297668457,29.46489143371582,0.17266845703125,,,
15,6,BraTS-GLI-01093-000,D_useful,4.0,activation,,0.9557521939277649,0.9842299222946167,0.028477728366851807,0.05435672029852867,0.03840028867125511,-0.01595643162727356,0.0010262893047183752,0.00028584094252437353,-0.0007404483621940017,29.29222297668457,37.08608627319336,7.793863296508789,,,1.0
15,6,BraTS-GLI-01093-000,E_random_matched_D_useful,4.0,activation,,0.9557521939277649,0.956226646900177,0.0004744529724121094,0.05435672029852867,,,0.0010262893047183752,,,29.29222297668457,29.975616455078125,0.6833934783935547,,,
15,6,BraTS-GLI-01093-000,D_useful,14.0,activation,,0.9557521939277649,0.996662974357605,0.04091078042984009,0.05435672029852867,0.02431880682706833,-0.030037913471460342,0.0010262893047183752,2.1559011656790972e-05,-0.0010047302930615842,29.29222297668457,56.74784469604492,27.45562171936035,,,1.0
15,6,BraTS-GLI-01093-000,E_random_matched_D_useful,14.0,activation,,0.9557521939277649,0.3866523802280426,-0.5690998136997223,0.05435672029852867,,,0.0010262893047183752,,,29.29222297668457,36.03945541381836,6.747232437133789,,,
15,7,BraTS-GLI-01168-000,A_seg,0.25,parameter,0.25000000440923026,0.9095422029495239,0.9356972575187683,0.026155054569244385,0.06734243035316467,0.05787266418337822,-0.009469766169786453,0.0002545972529333085,0.0001985338458325714,-5.6063407100737095e-05,30.98854637145996,41.522361755371094,10.533815383911133,1.0,0.22728583216667175,
15,7,BraTS-GLI-01168-000,E_random_matched_A_seg,0.25,parameter,0.25000000695581537,0.9095422029495239,0.9106994867324829,0.0011572837829589844,0.06734243035316467,0.06713181734085083,-0.00021061301231384277,0.0002545972529333085,0.00026017482741735876,5.577574484050274e-06,30.98854637145996,30.825288772583008,-0.16325759887695312,,,
15,7,BraTS-GLI-01168-000,A_seg,0.5,parameter,0.5000000088184605,0.9095422029495239,0.875338077545166,-0.03420412540435791,0.06734243035316467,0.07634174823760986,0.00899931788444519,0.0002545972529333085,0.00012249464634805918,-0.0001321026065852493,30.98854637145996,51.00732421875,20.01877784729004,1.0,0.22728583216667175,
15,7,BraTS-GLI-01168-000,E_random_matched_A_seg,0.5,parameter,0.500000026666384,0.9095422029495239,0.9099421501159668,0.0003999471664428711,0.06734243035316467,0.06704480946063995,-0.00029762089252471924,0.0002545972529333085,0.000254760350799188,1.6309786587953568e-07,30.98854637145996,31.08746910095215,0.0989227294921875,,,
15,7,BraTS-GLI-01168-000,A_seg,1.0,parameter,1.000000017636921,0.9095422029495239,0.31683892011642456,-0.5927032828330994,0.06734243035316467,0.3604026138782501,0.29306018352508545,0.0002545972529333085,7.655549416085705e-05,-0.00017804175877245143,30.98854637145996,67.44216918945312,36.453622817993164,1.0,0.22728583216667175,
15,7,BraTS-GLI-01168-000,E_random_matched_A_seg,1.0,parameter,1.0000000312575135,0.9095422029495239,0.9098405838012695,0.00029838085174560547,0.06734243035316467,0.0678025558590889,0.00046012550592422485,0.0002545972529333085,0.0002627104695420712,8.113216608762741e-06,30.98854637145996,31.471004486083984,0.48245811462402344,,,
15,7,BraTS-GLI-01168-000,A_seg,2.0,parameter,2.000000035273842,0.9095422029495239,0.1541052609682083,-0.7554369419813156,0.06734243035316467,0.5307517647743225,0.46340933442115784,0.0002545972529333085,4.606808579410426e-05,-0.00020852916713920422,30.98854637145996,96.91873931884766,65.9301929473877,1.0,0.22728583216667175,
15,7,BraTS-GLI-01168-000,E_random_matched_A_seg,2.0,parameter,1.9999999956053216,0.9095422029495239,0.9134294986724854,0.0038872957229614258,0.06734243035316467,0.06875800341367722,0.0014155730605125427,0.0002545972529333085,0.00021608389215543866,-3.851336077786982e-05,30.98854637145996,31.1028995513916,0.11435317993164062,,,
15,7,BraTS-GLI-01168-000,B_margin,0.25,parameter,0.2499999956344254,0.9095422029495239,0.9181128144264221,0.008570611476898193,0.06734243035316467,0.06548935920000076,-0.00185307115316391,0.0002545972529333085,0.00039368035504594445,0.00013908310211263597,30.98854637145996,32.70780563354492,1.719259262084961,0.22728583216667175,1.0,
15,7,BraTS-GLI-01168-000,E_random_matched_B_margin,0.25,parameter,0.2499999947376636,0.9095422029495239,0.9095920324325562,4.982948303222656e-05,0.06734243035316467,0.06711719930171967,-0.00022523105144500732,0.0002545972529333085,0.00025388048379682004,-7.167691364884377e-07,30.98854637145996,31.093338012695312,0.10479164123535156,,,
15,7,BraTS-GLI-01168-000,B_margin,0.5,parameter,0.4999999912688508,0.9095422029495239,0.9141347408294678,0.004592537879943848,0.06734243035316467,0.06754271686077118,0.00020028650760650635,0.0002545972529333085,0.0005075415829196572,0.00025294432998634875,30.98854637145996,34.5904426574707,3.601896286010742,0.22728583216667175,1.0,
15,7,BraTS-GLI-01168-000,E_random_matched_B_margin,0.5,parameter,0.4999999840729285,0.9095422029495239,0.9122903347015381,0.00274813175201416,0.06734243035316467,0.06726598739624023,-7.644295692443848e-05,0.0002545972529333085,0.0002613939286675304,6.796675734221935e-06,30.98854637145996,31.558963775634766,0.5704174041748047,,,
15,7,BraTS-GLI-01168-000,B_margin,1.0,parameter,0.9999999825377016,0.9095422029495239,0.873323380947113,-0.03621882200241089,0.06734243035316467,0.08492252230644226,0.017580091953277588,0.0002545972529333085,0.00027364143170416355,1.904417877085507e-05,30.98854637145996,39.930259704589844,8.941713333129883,0.22728583216667175,1.0,
15,7,BraTS-GLI-01168-000,E_random_matched_B_margin,1.0,parameter,1.0000000139843905,0.9095422029495239,0.9102388024330139,0.0006965994834899902,0.06734243035316467,0.06604111194610596,-0.0013013184070587158,0.0002545972529333085,0.00025356290279887617,-1.0343501344323158e-06,30.98854637145996,31.991989135742188,1.0034427642822266,,,
15,7,BraTS-GLI-01168-000,B_margin,2.0,parameter,1.9999999650754032,0.9095422029495239,0.5756800174713135,-0.33386218547821045,0.06734243035316467,0.23625709116458893,0.16891466081142426,0.0002545972529333085,8.402651292271912e-05,-0.00017057074001058936,30.98854637145996,56.52981948852539,25.54127311706543,0.22728583216667175,1.0,
15,7,BraTS-GLI-01168-000,E_random_matched_B_margin,2.0,parameter,2.000000020751031,0.9095422029495239,0.911854088306427,0.002311885356903076,0.06734243035316467,0.06751332432031631,0.00017089396715164185,0.0002545972529333085,0.00024983854382298887,-4.758709110319614e-06,30.98854637145996,31.545095443725586,0.556549072265625,,,
15,7,BraTS-GLI-01168-000,C_total,0.25,parameter,0.24999999561259753,0.9095422029495239,0.9356972575187683,0.026155054569244385,0.06734243035316467,0.057879261672496796,-0.009463168680667877,0.0002545972529333085,0.0001986845163628459,-5.5912736570462584e-05,30.98854637145996,41.51956558227539,10.53101921081543,0.9999850988388062,0.23261681199073792,
15,7,BraTS-GLI-01168-000,E_random_matched_C_total,0.25,parameter,0.24999999032297618,0.9095422029495239,0.9097433090209961,0.00020110607147216797,0.06734243035316467,0.06707442551851273,-0.000268004834651947,0.0002545972529333085,0.0002534908417146653,-1.1064112186431885e-06,30.98854637145996,30.993200302124023,0.0046539306640625,,,
15,7,BraTS-GLI-01168-000,C_total,0.5,parameter,0.49999999122519506,0.9095422029495239,0.8749078512191772,-0.03463435173034668,0.06734243035316467,0.07638943940401077,0.0090470090508461,0.0002545972529333085,0.0001229922636412084,-0.00013160498929210007,30.98854637145996,51.0018424987793,20.013296127319336,0.9999850988388062,0.23261681199073792,
15,7,BraTS-GLI-01168-000,E_random_matched_C_total,0.5,parameter,0.49999998958810454,0.9095422029495239,0.9104477763175964,0.0009055733680725098,0.06734243035316467,0.0679900050163269,0.0006475746631622314,0.0002545972529333085,0.00024506557383574545,-9.531679097563028e-06,30.98854637145996,30.702098846435547,-0.28644752502441406,,,
15,7,BraTS-GLI-01168-000,C_total,1.0,parameter,0.9999999824503901,0.9095422029495239,0.31652048230171204,-0.5930217206478119,0.06734243035316467,0.3606235682964325,0.2932811379432678,0.0002545972529333085,7.731873483862728e-05,-0.0001772785180946812,30.98854637145996,67.42171478271484,36.43316841125488,0.9999850988388062,0.23261681199073792,
15,7,BraTS-GLI-01168-000,E_random_matched_C_total,1.0,parameter,1.0000000111322151,0.9095422029495239,0.9113014936447144,0.0017592906951904297,0.06734243035316467,0.06793741881847382,0.0005949884653091431,0.0002545972529333085,0.0002584709145594388,3.8736616261303425e-06,30.98854637145996,31.28532600402832,0.2967796325683594,,,
15,7,BraTS-GLI-01168-000,C_total,2.0,parameter,1.9999999649007802,0.9095422029495239,0.15423467755317688,-0.755307525396347,0.06734243035316467,0.5306825637817383,0.4633401334285736,0.0002545972529333085,4.548129072645679e-05,-0.0002091159622068517,30.98854637145996,96.85482788085938,65.86628150939941,0.9999850988388062,0.23261681199073792,
15,7,BraTS-GLI-01168-000,E_random_matched_C_total,2.0,parameter,2.000000027968781,0.9095422029495239,0.908839762210846,-0.0007024407386779785,0.06734243035316467,0.07050248980522156,0.0031600594520568848,0.0002545972529333085,0.0002503205614630133,-4.276691470295191e-06,30.98854637145996,30.672378540039062,-0.31616783142089844,,,
15,7,BraTS-GLI-01168-000,D_useful,1.0,activation,,0.9095422029495239,0.9193370342254639,0.009794831275939941,0.06734243035316467,0.06107903644442558,-0.00626339390873909,0.0002545972529333085,0.00019945422536693513,-5.514302756637335e-05,30.98854637145996,32.896724700927734,1.9081783294677734,,,1.0
15,7,BraTS-GLI-01168-000,E_random_matched_D_useful,1.0,activation,,0.9095422029495239,0.9103448390960693,0.0008026361465454102,0.06734243035316467,,,0.0002545972529333085,,,30.98854637145996,31.024852752685547,0.03630638122558594,,,
15,7,BraTS-GLI-01168-000,D_useful,2.0,activation,,0.9095422029495239,0.9270315170288086,0.017489314079284668,0.06734243035316467,0.056168247014284134,-0.011174183338880539,0.0002545972529333085,0.00018443742010276765,-7.015983283054084e-05,30.98854637145996,34.82045364379883,3.831907272338867,,,1.0
15,7,BraTS-GLI-01168-000,E_random_matched_D_useful,2.0,activation,,0.9095422029495239,0.9113993644714355,0.001857161521911621,0.06734243035316467,,,0.0002545972529333085,,,30.98854637145996,31.186830520629883,0.19828414916992188,,,
15,7,BraTS-GLI-01168-000,D_useful,4.0,activation,,0.9095422029495239,0.9387755393981934,0.029233336448669434,0.06734243035316467,0.04858031123876572,-0.018762119114398956,0.0002545972529333085,0.00013426736404653639,-0.0001203298888867721,30.98854637145996,38.69084930419922,7.702302932739258,,,1.0
15,7,BraTS-GLI-01168-000,E_random_matched_D_useful,4.0,activation,,0.9095422029495239,0.9074841141700745,-0.002058088779449463,0.06734243035316467,,,0.0002545972529333085,,,30.98854637145996,31.684844970703125,0.6962985992431641,,,
15,7,BraTS-GLI-01168-000,D_useful,14.0,activation,,0.9095422029495239,0.9738219976425171,0.06427979469299316,0.06734243035316467,0.028361914679408073,-0.0389805156737566,0.0002545972529333085,3.8178841350600123e-05,-0.00021641841158270836,30.98854637145996,58.17962646484375,27.19108009338379,,,1.0
15,7,BraTS-GLI-01168-000,E_random_matched_D_useful,14.0,activation,,0.9095422029495239,0.2023794949054718,-0.7071627080440521,0.06734243035316467,,,0.0002545972529333085,,,30.98854637145996,37.45701599121094,6.468469619750977,,,
20,0,BraTS-GLI-01041-000,A_seg,0.25,parameter,0.2500000134459693,0.9293426871299744,0.8701298832893372,-0.05921280384063721,0.05335652455687523,0.07744847238063812,0.024091947823762894,0.000772891566157341,0.00013079994823783636,-0.0006420916179195046,27.314651489257812,19.368741989135742,-7.94590950012207,1.0,0.1575692892074585,
20,0,BraTS-GLI-01041-000,E_random_matched_A_seg,0.25,parameter,0.25000002010710803,0.9293426871299744,0.928787887096405,-0.0005548000335693359,0.05335652455687523,0.05331691727042198,-3.960728645324707e-05,0.000772891566157341,0.0007745604962110519,1.6689300537109375e-06,27.314651489257812,27.230438232421875,-0.0842132568359375,,,
20,0,BraTS-GLI-01041-000,A_seg,0.5,parameter,0.5000000268919386,0.9293426871299744,0.6634070873260498,-0.26593559980392456,0.05335652455687523,0.20382119715213776,0.15046467259526253,0.000772891566157341,8.77662023412995e-06,-0.000764114945923211,27.314651489257812,13.751431465148926,-13.563220024108887,1.0,0.1575692892074585,
20,0,BraTS-GLI-01041-000,E_random_matched_A_seg,0.5,parameter,0.500000023075699,0.9293426871299744,0.9283959865570068,-0.0009467005729675293,0.05335652455687523,0.05370316654443741,0.00034664198756217957,0.000772891566157341,0.0007724080351181328,-4.835310392081738e-07,27.314651489257812,27.57583236694336,0.2611808776855469,,,
20,0,BraTS-GLI-01041-000,A_seg,1.0,parameter,1.0000000537838771,0.9293426871299744,0.023628048598766327,-0.905714638531208,0.05335652455687523,0.5735543966293335,0.5201978720724583,0.000772891566157341,1.1837334312758685e-07,-0.0007727731928142134,27.314651489257812,13.971478462219238,-13.343173027038574,1.0,0.1575692892074585,
20,0,BraTS-GLI-01041-000,E_random_matched_A_seg,1.0,parameter,1.0000000804284321,0.9293426871299744,0.9273722171783447,-0.0019704699516296387,0.05335652455687523,0.054016903042793274,0.000660378485918045,0.000772891566157341,0.0008160067955031991,4.31152293458581e-05,27.314651489257812,27.428678512573242,0.11402702331542969,,,
20,0,BraTS-GLI-01041-000,A_seg,2.0,parameter,2.0000001075677543,0.9293426871299744,0.0,-0.9293426871299744,0.05335652455687523,0.6938446164131165,0.6404880918562412,0.000772891566157341,2.0610490744643606e-11,-0.0007728915455468503,27.314651489257812,25.862648010253906,-1.4520034790039062,1.0,0.1575692892074585,
20,0,BraTS-GLI-01041-000,E_random_matched_A_seg,2.0,parameter,2.000000096071742,0.9293426871299744,0.9303568005561829,0.001014113426208496,0.05335652455687523,0.053287871181964874,-6.865337491035461e-05,0.000772891566157341,0.0008273550774902105,5.446351133286953e-05,27.314651489257812,26.89109230041504,-0.42355918884277344,,,
20,0,BraTS-GLI-01041-000,B_margin,0.25,parameter,0.25000001420994483,0.9293426871299744,0.9227072596549988,-0.006635427474975586,0.05335652455687523,0.05712224543094635,0.003765720874071121,0.000772891566157341,0.0013804694171994925,0.0006075778510421515,27.314651489257812,17.95832061767578,-9.356330871582031,0.1575692892074585,1.0,
20,0,BraTS-GLI-01041-000,E_random_matched_B_margin,0.25,parameter,0.25000000645741227,0.9293426871299744,0.9283418655395508,-0.001000821590423584,0.05335652455687523,0.053411152213811874,5.462765693664551e-05,0.000772891566157341,0.0007757312268950045,2.8396607376635075e-06,27.314651489257812,27.272619247436523,-0.04203224182128906,,,
20,0,BraTS-GLI-01041-000,B_margin,0.5,parameter,0.5000000284198897,0.9293426871299744,0.7296969890594482,-0.19964569807052612,0.05335652455687523,0.1307777464389801,0.07742122188210487,0.000772891566157341,0.001423827838152647,0.000650936271995306,27.314651489257812,13.419889450073242,-13.89476203918457,0.1575692892074585,1.0,
20,0,BraTS-GLI-01041-000,E_random_matched_B_margin,0.5,parameter,0.500000067047945,0.9293426871299744,0.9291548132896423,-0.00018787384033203125,0.05335652455687523,0.052743565291166306,-0.0006129592657089233,0.000772891566157341,0.0007424804498441517,-3.0411116313189268e-05,27.314651489257812,26.96648406982422,-0.34816741943359375,,,
20,0,BraTS-GLI-01041-000,B_margin,1.0,parameter,1.0000000568397793,0.9293426871299744,0.12635378539562225,-0.8029889017343521,0.05335652455687523,0.4516107439994812,0.398254219442606,0.000772891566157341,0.00015808090392965823,-0.0006148106622276828,27.314651489257812,14.258770942687988,-13.055880546569824,0.1575692892074585,1.0,
20,0,BraTS-GLI-01041-000,E_random_matched_B_margin,1.0,parameter,1.0000000848231103,0.9293426871299744,0.9291698336601257,-0.0001728534698486328,0.05335652455687523,0.05392275005578995,0.0005662254989147186,0.000772891566157341,0.0008390104048885405,6.61188387311995e-05,27.314651489257812,25.88571548461914,-1.4289360046386719,,,
20,0,BraTS-GLI-01041-000,B_margin,2.0,parameter,2.0000001136795587,0.9293426871299744,0.0,-0.9293426871299744,0.05335652455687523,0.5514414310455322,0.498084906488657,0.000772891566157341,1.4457252461852477e-07,-0.0007727469936327225,27.314651489257812,32.287166595458984,4.972515106201172,0.1575692892074585,1.0,
20,0,BraTS-GLI-01041-000,E_random_matched_B_margin,2.0,parameter,2.000000193569567,0.9293426871299744,0.930390477180481,0.0010477900505065918,0.05335652455687523,0.05456419289112091,0.0012076683342456818,0.000772891566157341,0.0008839350193738937,0.00011104345321655273,27.314651489257812,26.814115524291992,-0.5005359649658203,,,
20,0,BraTS-GLI-01041-000,C_total,0.25,parameter,0.24999999575084073,0.9293426871299744,0.8701298832893372,-0.05921280384063721,0.05335652455687523,0.0775604248046875,0.02420390024781227,0.000772891566157341,0.0001301530428463593,-0.0006427385233109817,27.314651489257812,19.29926872253418,-8.015382766723633,0.9999567270278931,0.16675129532814026,
20,0,BraTS-GLI-01041-000,E_random_matched_C_total,0.25,parameter,0.24999999581268637,0.9293426871299744,0.9288148283958435,-0.0005278587341308594,0.05335652455687523,0.05356163531541824,0.00020511075854301453,0.000772891566157341,0.0007600037497468293,-1.2887816410511732e-05,27.314651489257812,27.34514045715332,0.030488967895507812,,,
20,0,BraTS-GLI-01041-000,C_total,0.5,parameter,0.49999999150168145,0.9293426871299744,0.6596128940582275,-0.2697297930717468,0.05335652455687523,0.20531529188156128,0.15195876732468605,0.000772891566157341,8.846261152939405e-06,-0.0007640453050044016,27.314651489257812,13.659019470214844,-13.655632019042969,0.9999567270278931,0.16675129532814026,
20,0,BraTS-GLI-01041-000,E_random_matched_C_total,0.5,parameter,0.5000000072250259,0.9293426871299744,0.9289907217025757,-0.00035196542739868164,0.05335652455687523,0.053620845079422,0.0002643205225467682,0.000772891566157341,0.0008138883276842535,4.099676152691245e-05,27.314651489257812,27.187856674194336,-0.12679481506347656,,,
20,0,BraTS-GLI-01041-000,C_total,1.0,parameter,0.9999999830033629,0.9293426871299744,0.0221205186098814,-0.907222168520093,0.05335652455687523,0.5733174681663513,0.5199609436094761,0.000772891566157341,1.1318947201743867e-07,-0.0007727783766853236,27.314651489257812,14.00351333618164,-13.311138153076172,0.9999567270278931,0.16675129532814026,
20,0,BraTS-GLI-01041-000,E_random_matched_C_total,1.0,parameter,0.9999999901410774,0.9293426871299744,0.9308368563652039,0.0014941692352294922,0.05335652455687523,0.05314607918262482,-0.000210445374250412,0.000772891566157341,0.0008388028363697231,6.591127021238208e-05,27.314651489257812,26.46082305908203,-0.8538284301757812,,,
20,0,BraTS-GLI-01041-000,C_total,2.0,parameter,1.9999999660067258,0.9293426871299744,0.0,-0.9293426871299744,0.05335652455687523,0.6887862682342529,0.6354297436773777,0.000772891566157341,1.7270289365267644e-11,-0.0007728915488870516,27.314651489257812,26.008665084838867,-1.3059864044189453,0.9999567270278931,0.16675129532814026,
20,0,BraTS-GLI-01041-000,E_random_matched_C_total,2.0,parameter,2.000000029976945,0.9293426871299744,0.9258137941360474,-0.003528892993927002,0.05335652455687523,0.053419530391693115,6.300583481788635e-05,0.000772891566157341,0.0008250341634266078,5.2142597269266844e-05,27.314651489257812,26.880224227905273,-0.43442726135253906,,,
20,0,BraTS-GLI-01041-000,D_useful,1.0,activation,,0.9293426871299744,0.9421142339706421,0.012771546840667725,0.05335652455687523,0.047280509024858475,-0.006076015532016754,0.000772891566157341,0.0006427267217077315,-0.00013016484444960952,27.314651489257812,29.23448944091797,1.9198379516601562,,,1.0
20,0,BraTS-GLI-01041-000,E_random_matched_D_useful,1.0,activation,,0.9293426871299744,0.9289907217025757,-0.00035196542739868164,0.05335652455687523,,,0.000772891566157341,,,27.314651489257812,27.35938835144043,0.04473686218261719,,,
20,0,BraTS-GLI-01041-000,D_useful,2.0,activation,,0.9293426871299744,0.9509692192077637,0.021626532077789307,0.05335652455687523,0.04249008744955063,-0.0108664371073246,0.000772891566157341,0.0005000156234018505,-0.00027287594275549054,27.314651489257812,31.16632843017578,3.8516769409179688,,,1.0
20,0,BraTS-GLI-01041-000,E_random_matched_D_useful,2.0,activation,,0.9293426871299744,0.9290176033973694,-0.00032508373260498047,0.05335652455687523,,,0.000772891566157341,,,27.314651489257812,27.49525260925293,0.1806011199951172,,,
20,0,BraTS-GLI-01041-000,D_useful,4.0,activation,,0.9293426871299744,0.9653201103210449,0.03597742319107056,0.05335652455687523,0.03541076183319092,-0.01794576272368431,0.000772891566157341,0.00030601813341490924,-0.00046687343274243176,27.314651489257812,35.04938888549805,7.734737396240234,,,1.0
20,0,BraTS-GLI-01041-000,E_random_matched_D_useful,4.0,activation,,0.9293426871299744,0.9293005466461182,-4.214048385620117e-05,0.05335652455687523,,,0.000772891566157341,,,27.314651489257812,28.00531005859375,0.6906585693359375,,,
20,0,BraTS-GLI-01041-000,D_useful,14.0,activation,,0.9293426871299744,0.9916843771934509,0.06234169006347656,0.05335652455687523,0.020177233964204788,-0.03317929059267044,0.000772891566157341,4.93365187139716e-05,-0.0007235550474433694,27.314651489257812,54.59601593017578,27.28136444091797,,,1.0
20,0,BraTS-GLI-01041-000,E_random_matched_D_useful,14.0,activation,,0.9293426871299744,0.3087746202945709,-0.6205680668354034,0.05335652455687523,,,0.000772891566157341,,,27.314651489257812,34.29999542236328,6.985343933105469,,,
20,1,BraTS-GLI-01161-000,A_seg,0.25,parameter,0.24999999959254637,0.9153430461883545,0.8667135834693909,-0.04862946271896362,0.057657383382320404,0.07433754950761795,0.016680166125297546,0.0007634774665348232,0.0002464943390805274,-0.0005169831274542958,28.4998722076416,43.20969772338867,14.70982551574707,1.0,0.09953267872333527,
20,1,BraTS-GLI-01161-000,E_random_matched_A_seg,0.25,parameter,0.24999999379724605,0.9153430461883545,0.9153153300285339,-2.771615982055664e-05,0.057657383382320404,0.057643622159957886,-1.376122236251831e-05,0.0007634774665348232,0.0007617751834914088,-1.7022830434143543e-06,28.4998722076416,28.331098556518555,-0.16877365112304688,,,
20,1,BraTS-GLI-01161-000,A_seg,0.5,parameter,0.49999999918509275,0.9153430461883545,0.6189578175544739,-0.2963852286338806,0.057657383382320404,0.18859773874282837,0.13094035536050797,0.0007634774665348232,1.3028825378569309e-05,-0.0007504486411562539,28.4998722076416,57.51997375488281,29.02010154724121,1.0,0.09953267872333527,
20,1,BraTS-GLI-01161-000,E_random_matched_A_seg,0.5,parameter,0.49999998018756703,0.9153430461883545,0.915631115436554,0.0002880692481994629,0.057657383382320404,0.05785868316888809,0.000201299786567688,0.0007634774665348232,0.000781213107984513,1.7735641449689865e-05,28.4998722076416,28.35910415649414,-0.14076805114746094,,,
20,1,BraTS-GLI-01161-000,A_seg,1.0,parameter,0.9999999983701855,0.9153430461883545,0.24214310944080353,-0.673199936747551,0.057657383382320404,0.46036869287490845,0.40271130949258804,0.0007634774665348232,4.013711816241994e-07,-0.000763076095353199,28.4998722076416,82.64443969726562,54.14456748962402,1.0,0.09953267872333527,
20,1,BraTS-GLI-01161-000,E_random_matched_A_seg,1.0,parameter,1.000000000160071,0.9153430461883545,0.9152597784996033,-8.32676887512207e-05,0.057657383382320404,0.05787163972854614,0.00021425634622573853,0.0007634774665348232,0.0007832666160538793,1.9789149519056082e-05,28.4998722076416,27.59627914428711,-0.9035930633544922,,,
20,1,BraTS-GLI-01161-000,A_seg,2.0,parameter,1.999999996740371,0.9153430461883545,0.1542249321937561,-0.7611181139945984,0.057657383382320404,0.645380437374115,0.5877230539917946,0.0007634774665348232,9.213719209810733e-08,-0.0007633853293427251,28.4998722076416,118.8489761352539,90.3491039276123,1.0,0.09953267872333527,
20,1,BraTS-GLI-01161-000,E_random_matched_A_seg,2.0,parameter,1.9999999272695264,0.9153430461883545,0.9143233299255371,-0.0010197162628173828,0.057657383382320404,0.05761644244194031,-4.0940940380096436e-05,0.0007634774665348232,0.0008375670295208693,7.408956298604608e-05,28.4998722076416,27.375839233398438,-1.124032974243164,,,
20,1,BraTS-GLI-01161-000,B_margin,0.25,parameter,0.25000000416002877,0.9153430461883545,0.9152374863624573,-0.0001055598258972168,0.057657383382320404,0.058626383543014526,0.0009690001606941223,0.0007634774665348232,0.0006476695998571813,-0.00011580786667764187,28.4998722076416,26.676069259643555,-1.8238029479980469,0.09953267872333527,1.0,
20,1,BraTS-GLI-01161-000,E_random_matched_B_margin,0.25,parameter,0.25000001044463693,0.9153430461883545,0.9159031510353088,0.0005601048469543457,0.057657383382320404,0.05749422311782837,-0.0001631602644920349,0.0007634774665348232,0.0007610833854414523,-2.3940810933709145e-06,28.4998722076416,28.607284545898438,0.10741233825683594,,,
20,1,BraTS-GLI-01161-000,B_margin,0.5,parameter,0.5000000083200575,0.9153430461883545,0.8877222537994385,-0.027620792388916016,0.057657383382320404,0.06809788942337036,0.010440506041049957,0.0007634774665348232,0.0005160663276910782,-0.000247411138843745,28.4998722076416,24.355899810791016,-4.143972396850586,0.09953267872333527,1.0,
20,1,BraTS-GLI-01161-000,E_random_matched_B_margin,0.5,parameter,0.5000000069558155,0.9153430461883545,0.9152875542640686,-5.549192428588867e-05,0.057657383382320404,0.05756240338087082,-9.498000144958496e-05,0.0007634774665348232,0.0007354743429459631,-2.8003123588860035e-05,28.4998722076416,28.52505111694336,0.025178909301757812,,,
20,1,BraTS-GLI-01161-000,B_margin,1.0,parameter,1.000000016640115,0.9153430461883545,0.7796483635902405,-0.135694682598114,0.057657383382320404,0.11482159793376923,0.05716421455144882,0.0007634774665348232,9.093234257306904e-05,-0.0006725451239617541,28.4998722076416,22.53017234802246,-5.969699859619141,0.09953267872333527,1.0,
20,1,BraTS-GLI-01161-000,E_random_matched_B_margin,1.0,parameter,1.0000000335712678,0.9153430461883545,0.9167073965072632,0.0013643503189086914,0.057657383382320404,0.05711839348077774,-0.0005389899015426636,0.0007634774665348232,0.0007777392165735364,1.4261750038713217e-05,28.4998722076416,29.20675277709961,0.7068805694580078,,,
20,1,BraTS-GLI-01161-000,B_margin,2.0,parameter,2.00000003328023,0.9153430461883545,0.3453981280326843,-0.5699449181556702,0.057657383382320404,0.35231250524520874,0.29465512186288834,0.0007634774665348232,1.5334436511693639e-06,-0.0007619440228836538,28.4998722076416,31.810039520263672,3.3101673126220703,0.09953267872333527,1.0,
20,1,BraTS-GLI-01161-000,E_random_matched_B_margin,2.0,parameter,2.0000000381260175,0.9153430461883545,0.9168988466262817,0.001555800437927246,0.057657383382320404,0.05907648056745529,0.0014190971851348877,0.0007634774665348232,0.0008421121165156364,7.863464998081326e-05,28.4998722076416,28.493858337402344,-0.0060138702392578125,,,
20,1,BraTS-GLI-01161-000,C_total,0.25,parameter,0.25000000762520347,0.9153430461883545,0.8665916323661804,-0.04875141382217407,0.057657383382320404,0.07431204617023468,0.016654662787914276,0.0007634774665348232,0.0002452792541589588,-0.0005181982123758644,28.4998722076416,43.192771911621094,14.692899703979492,0.9999642372131348,0.10794511437416077,
20,1,BraTS-GLI-01161-000,E_random_matched_C_total,0.25,parameter,0.2500000181535136,0.9153430461883545,0.9156981706619263,0.00035512447357177734,0.057657383382320404,0.05766252055764198,5.1371753215789795e-06,0.0007634774665348232,0.0007560200174339116,-7.457449100911617e-06,28.4998722076416,28.562889099121094,0.06301689147949219,,,
20,1,BraTS-GLI-01161-000,C_total,0.5,parameter,0.5000000152504069,0.9153430461883545,0.6190807223320007,-0.29626232385635376,0.057657383382320404,0.18827509880065918,0.13061771541833878,0.0007634774665348232,1.2903495189675596e-05,-0.0007505739713451476,28.4998722076416,57.49205780029297,28.992185592651367,0.9999642372131348,0.10794511437416077,
20,1,BraTS-GLI-01161-000,E_random_matched_C_total,0.5,parameter,0.5000000361833359,0.9153430461883545,0.9168303608894348,0.0014873147010803223,0.057657383382320404,0.05764872580766678,-8.657574653625488e-06,0.0007634774665348232,0.0007673354703001678,3.85800376534462e-06,28.4998722076416,28.47222328186035,-0.02764892578125,,,
20,1,BraTS-GLI-01161-000,C_total,1.0,parameter,1.0000000305008139,0.9153430461883545,0.2423398345708847,-0.6730032116174698,0.057657383382320404,0.460207998752594,0.4025506153702736,0.0007634774665348232,3.861615027744847e-07,-0.0007630913050320487,28.4998722076416,82.63529205322266,54.135419845581055,0.9999642372131348,0.10794511437416077,
20,1,BraTS-GLI-01161-000,E_random_matched_C_total,1.0,parameter,1.0000000758300274,0.9153430461883545,0.9165714383125305,0.0012283921241760254,0.057657383382320404,0.057902418076992035,0.00024503469467163086,0.0007634774665348232,0.0007666710880585015,3.1936215236783028e-06,28.4998722076416,28.453184127807617,-0.046688079833984375,,,
20,1,BraTS-GLI-01161-000,C_total,2.0,parameter,2.0000000610016277,0.9153430461883545,0.1542591154575348,-0.7610839307308197,0.057657383382320404,0.6457128524780273,0.5880554690957069,0.0007634774665348232,1.0356485091733703e-07,-0.0007633739016839058,28.4998722076416,119.02486419677734,90.52499198913574,0.9999642372131348,0.10794511437416077,
20,1,BraTS-GLI-01161-000,E_random_matched_C_total,2.0,parameter,1.9999999698484314,0.9153430461883545,0.9123737215995789,-0.0029693245887756348,0.057657383382320404,0.05922113358974457,0.0015637502074241638,0.0007634774665348232,0.0008013172191567719,3.783975262194872e-05,28.4998722076416,26.104476928710938,-2.395395278930664,,,
20,1,BraTS-GLI-01161-000,D_useful,1.0,activation,,0.9153430461883545,0.9249877333641052,0.009644687175750732,0.057657383382320404,0.05191613733768463,-0.005741246044635773,0.0007634774665348232,0.0006340343970805407,-0.00012944306945428252,28.4998722076416,30.396007537841797,1.8961353302001953,,,1.0
20,1,BraTS-GLI-01161-000,E_random_matched_D_useful,1.0,activation,,0.9153430461883545,0.9164755940437317,0.0011325478553771973,0.057657383382320404,,,0.0007634774665348232,,,28.4998722076416,28.551969528198242,0.052097320556640625,,,
20,1,BraTS-GLI-01161-000,D_useful,2.0,activation,,0.9153430461883545,0.9361147284507751,0.020771682262420654,0.057657383382320404,0.047178685665130615,-0.010478697717189789,0.0007634774665348232,0.0004933882155455649,-0.0002700892509892583,28.4998722076416,32.30879211425781,3.808919906616211,,,1.0
20,1,BraTS-GLI-01161-000,E_random_matched_D_useful,2.0,activation,,0.9153430461883545,0.916980504989624,0.0016374588012695312,0.057657383382320404,,,0.0007634774665348232,,,28.4998722076416,28.710777282714844,0.2109050750732422,,,
20,1,BraTS-GLI-01161-000,D_useful,4.0,activation,,0.9153430461883545,0.948051929473877,0.03270888328552246,0.057657383382320404,0.03987838700413704,-0.017778996378183365,0.0007634774665348232,0.0003399195265956223,-0.0004235579399392009,28.4998722076416,36.16085433959961,7.660982131958008,,,1.0
20,1,BraTS-GLI-01161-000,E_random_matched_D_useful,4.0,activation,,0.9153430461883545,0.9151932001113892,-0.00014984607696533203,0.057657383382320404,,,0.0007634774665348232,,,28.4998722076416,29.217628479003906,0.7177562713623047,,,
20,1,BraTS-GLI-01161-000,D_useful,14.0,activation,,0.9153430461883545,0.9788947701454163,0.06355172395706177,0.057657383382320404,0.022713186219334602,-0.0349441971629858,0.0007634774665348232,3.7739486288046464e-05,-0.0007257379802467767,28.4998722076416,55.58911895751953,27.08924674987793,,,1.0
20,1,BraTS-GLI-01161-000,E_random_matched_D_useful,14.0,activation,,0.9153430461883545,0.3306897282600403,-0.5846533179283142,0.057657383382320404,,,0.0007634774665348232,,,28.4998722076416,35.63698196411133,7.137109756469727,,,
20,2,BraTS-GLI-01189-000,A_seg,0.25,parameter,0.24999999420833768,0.8717264533042908,0.8727824091911316,0.0010559558868408203,0.07317066192626953,0.07228069007396698,-0.0008899718523025513,0.00047211869969032705,0.0006888157222419977,0.00021669702255167067,24.381025314331055,29.308292388916016,4.927267074584961,1.0,0.22750340402126312,
20,2,BraTS-GLI-01189-000,E_random_matched_A_seg,0.25,parameter,0.2500000063773768,0.8717264533042908,0.8721628785133362,0.00043642520904541016,0.07317066192626953,0.07328692078590393,0.00011625885963439941,0.00047211869969032705,0.00046905060298740864,-3.0680967029184103e-06,24.381025314331055,24.243022918701172,-0.1380023956298828,,,
20,2,BraTS-GLI-01189-000,A_seg,0.5,parameter,0.49999998841667537,0.8717264533042908,0.8020599484443665,-0.06966650485992432,0.07317066192626953,0.10182979702949524,0.028659135103225708,0.00047211869969032705,0.0001715996622806415,-0.00030051903740968555,24.381025314331055,33.04777526855469,8.666749954223633,1.0,0.22750340402126312,
20,2,BraTS-GLI-01189-000,E_random_matched_A_seg,0.5,parameter,0.499999984509486,0.8717264533042908,0.8713928461074829,-0.00033360719680786133,0.07317066192626953,0.07355013489723206,0.0003794729709625244,0.00047211869969032705,0.000463969015982002,-8.149683708325028e-06,24.381025314331055,24.247936248779297,-0.1330890655517578,,,
20,2,BraTS-GLI-01189-000,A_seg,1.0,parameter,0.9999999768333507,0.8717264533042908,0.3125517964363098,-0.559174656867981,0.07317066192626953,0.3738872706890106,0.3007166087627411,0.00047211869969032705,0.00016092027362901717,-0.0003111984260613099,24.381025314331055,36.19450759887695,11.813482284545898,1.0,0.22750340402126312,
20,2,BraTS-GLI-01189-000,E_random_matched_A_seg,1.0,parameter,1.0000000018335413,0.8717264533042908,0.8727332949638367,0.0010068416595458984,0.07317066192626953,0.07249539345502853,-0.0006752684712409973,0.00047211869969032705,0.0004896293394267559,1.7510639736428857e-05,24.381025314331055,24.944856643676758,0.5638313293457031,,,
20,2,BraTS-GLI-01189-000,A_seg,2.0,parameter,1.9999999536667015,0.8717264533042908,0.1550537794828415,-0.7166726738214493,0.07317066192626953,0.5611003637313843,0.48792970180511475,0.00047211869969032705,0.0009389554033987224,0.00046683670370839536,24.381025314331055,33.622169494628906,9.241144180297852,1.0,0.22750340402126312,
20,2,BraTS-GLI-01189-000,E_random_matched_A_seg,2.0,parameter,1.9999999665451467,0.8717264533042908,0.872137725353241,0.0004112720489501953,0.07317066192626953,0.07333043217658997,0.00015977025032043457,0.00047211869969032705,0.0005979401175864041,0.00012582141789607704,24.381025314331055,23.231678009033203,-1.1493473052978516,,,
20,2,BraTS-GLI-01189-000,B_margin,0.25,parameter,0.2499999985993782,0.8717264533042908,0.8507803082466125,-0.020946145057678223,0.07317066192626953,0.08248227834701538,0.00931161642074585,0.00047211869969032705,0.0009685640688985586,0.0004964453692082316,24.381025314331055,15.63088321685791,-8.750142097473145,0.22750340402126312,1.0,
20,2,BraTS-GLI-01189-000,E_random_matched_B_margin,0.25,parameter,0.24999998994826436,0.8717264533042908,0.8714357018470764,-0.00029075145721435547,0.07317066192626953,0.07327304035425186,0.00010237842798233032,0.00047211869969032705,0.0004788489604834467,6.730260793119669e-06,24.381025314331055,24.379411697387695,-0.001613616943359375,,,
20,2,BraTS-GLI-01189-000,B_margin,0.5,parameter,0.4999999971987564,0.8717264533042908,0.5402504205703735,-0.33147603273391724,0.07317066192626953,0.21831819415092468,0.14514753222465515,0.00047211869969032705,0.0006465779733844101,0.0001744592736940831,24.381025314331055,10.789018630981445,-13.59200668334961,0.22750340402126312,1.0,
20,2,BraTS-GLI-01189-000,E_random_matched_B_margin,0.5,parameter,0.4999999920037225,0.8717264533042908,0.8719746470451355,0.00024819374084472656,0.07317066192626953,0.07339977473020554,0.00022911280393600464,0.00047211869969032705,0.0004718003037851304,-3.183959051966667e-07,24.381025314331055,24.295745849609375,-0.08527946472167969,,,
20,2,BraTS-GLI-01189-000,B_margin,1.0,parameter,0.9999999943975127,0.8717264533042908,0.0006127451197244227,-0.8711137081845663,0.07317066192626953,0.5533961057662964,0.48022544384002686,0.00047211869969032705,1.3827801012666896e-05,-0.00045829089867766015,24.381025314331055,12.375748634338379,-12.005276679992676,0.22750340402126312,1.0,
20,2,BraTS-GLI-01189-000,E_random_matched_B_margin,1.0,parameter,0.9999999923311407,0.8717264533042908,0.8711451888084412,-0.0005812644958496094,0.07317066192626953,0.07381093502044678,0.0006402730941772461,0.00047211869969032705,0.00047614850336685777,4.029803676530719e-06,24.381025314331055,24.145305633544922,-0.2357196807861328,,,
20,2,BraTS-GLI-01189-000,B_margin,2.0,parameter,1.9999999887950255,0.8717264533042908,0.0,-0.8717264533042908,0.07317066192626953,0.5609881281852722,0.4878174662590027,0.00047211869969032705,5.015520776474602e-10,-0.0004721181981382494,24.381025314331055,26.432374954223633,2.051349639892578,0.22750340402126312,1.0,
20,2,BraTS-GLI-01189-000,E_random_matched_B_margin,2.0,parameter,1.9999999409192233,0.8717264533042908,0.872294008731842,0.0005675554275512695,0.07317066192626953,0.07540559768676758,0.002234935760498047,0.00047211869969032705,0.000459864764707163,-1.2253934983164072e-05,24.381025314331055,23.13774299621582,-1.2432823181152344,,,
20,2,BraTS-GLI-01189-000,C_total,0.25,parameter,0.25000001626904067,0.8717264533042908,0.8728762269020081,0.0011497735977172852,0.07317066192626953,0.0722247064113617,-0.0009459555149078369,0.00047211869969032705,0.0006973641575314105,0.0002252454578410834,24.381025314331055,29.23363494873047,4.852609634399414,0.9999790191650391,0.23380887508392334,
20,2,BraTS-GLI-01189-000,E_random_matched_C_total,0.25,parameter,0.25000000778163656,0.8717264533042908,0.8717264533042908,0.0,0.07317066192626953,0.07306516170501709,-0.0001055002212524414,0.00047211869969032705,0.0004663796571549028,-5.7390425354242325e-06,24.381025314331055,24.33186149597168,-0.049163818359375,,,
20,2,BraTS-GLI-01189-000,C_total,0.5,parameter,0.5000000325380813,0.8717264533042908,0.8033350706100464,-0.06839138269424438,0.07317066192626953,0.10151330381631851,0.02834264189004898,0.00047211869969032705,0.0001743933098623529,-0.00029772538982797414,24.381025314331055,32.884334564208984,8.50330924987793,0.9999790191650391,0.23380887508392334,
20,2,BraTS-GLI-01189-000,E_random_matched_C_total,0.5,parameter,0.5000000358413659,0.8717264533042908,0.8716238737106323,-0.00010257959365844727,0.07317066192626953,0.07316038757562637,-1.0274350643157959e-05,0.00047211869969032705,0.00048004480777308345,7.9261080827564e-06,24.381025314331055,24.343467712402344,-0.03755760192871094,,,
20,2,BraTS-GLI-01189-000,C_total,1.0,parameter,1.0000000650761627,0.8717264533042908,0.3145648241043091,-0.5571616291999817,0.07317066192626953,0.3722461760044098,0.29907551407814026,0.00047211869969032705,0.0001661680289544165,-0.00030595067073591053,24.381025314331055,35.854000091552734,11.47297477722168,0.9999790191650391,0.23380887508392334,
20,2,BraTS-GLI-01189-000,E_random_matched_C_total,1.0,parameter,1.0000000769796287,0.8717264533042908,0.8722907900810242,0.0005643367767333984,0.07317066192626953,0.07277387380599976,-0.0003967881202697754,0.00047211869969032705,0.0005037561641074717,3.1637464417144656e-05,24.381025314331055,24.069843292236328,-0.31118202209472656,,,
20,2,BraTS-GLI-01189-000,C_total,2.0,parameter,2.0000001301523254,0.8717264533042908,0.15502145886421204,-0.7167049944400787,0.07317066192626953,0.5591422319412231,0.4859715700149536,0.00047211869969032705,0.0009485111222602427,0.00047639242256991565,24.381025314331055,33.26743698120117,8.886411666870117,0.9999790191650391,0.23380887508392334,
20,2,BraTS-GLI-01189-000,E_random_matched_C_total,2.0,parameter,2.000000180792987,0.8717264533042908,0.8726478219032288,0.0009213685989379883,0.07317066192626953,0.07401490211486816,0.0008442401885986328,0.00047211869969032705,0.0004893462755717337,1.7227575881406665e-05,24.381025314331055,23.974048614501953,-0.40697669982910156,,,
20,2,BraTS-GLI-01189-000,D_useful,1.0,activation,,0.8717264533042908,0.879359245300293,0.007632791996002197,0.07317066192626953,0.06766171753406525,-0.005508944392204285,0.00047211869969032705,0.0003797938406933099,-9.232485899701715e-05,24.381025314331055,26.18300437927246,1.8019790649414062,,,1.0
20,2,BraTS-GLI-01189-000,E_random_matched_D_useful,1.0,activation,,0.8717264533042908,0.8719573020935059,0.0002308487892150879,0.07317066192626953,,,0.00047211869969032705,,,24.381025314331055,24.46514892578125,0.08412361145019531,,,
20,2,BraTS-GLI-01189-000,D_useful,2.0,activation,,0.8717264533042908,0.887666642665863,0.015940189361572266,0.07317066192626953,0.06294817477464676,-0.010222487151622772,0.00047211869969032705,0.000290918251266703,-0.00018120044842362404,24.381025314331055,28.023677825927734,3.6426525115966797,,,1.0
20,2,BraTS-GLI-01189-000,E_random_matched_D_useful,2.0,activation,,0.8717264533042908,0.8717435002326965,1.704692840576172e-05,0.07317066192626953,,,0.00047211869969032705,,,24.381025314331055,24.669443130493164,0.2884178161621094,,,
20,2,BraTS-GLI-01189-000,D_useful,4.0,activation,,0.8717264533042908,0.8997011184692383,0.02797466516494751,0.07317066192626953,0.055145904421806335,-0.018024757504463196,0.00047211869969032705,0.00021388597087934613,-0.0002582327288109809,24.381025314331055,31.74949073791504,7.368465423583984,,,1.0
20,2,BraTS-GLI-01189-000,E_random_matched_D_useful,4.0,activation,,0.8717264533042908,0.8732865452766418,0.0015600919723510742,0.07317066192626953,,,0.00047211869969032705,,,24.381025314331055,25.370758056640625,0.9897327423095703,,,
20,2,BraTS-GLI-01189-000,D_useful,14.0,activation,,0.8717264533042908,0.930004894733429,0.058278441429138184,0.07317066192626953,0.03542106971144676,-0.03774959221482277,0.00047211869969032705,4.736969276564196e-05,-0.0004247490069246851,24.381025314331055,50.608951568603516,26.22792625427246,,,1.0
20,2,BraTS-GLI-01189-000,E_random_matched_D_useful,14.0,activation,,0.8717264533042908,0.3137560784816742,-0.5579703748226166,0.07317066192626953,,,0.00047211869969032705,,,24.381025314331055,32.42886734008789,8.047842025756836,,,
20,3,BraTS-GLI-01336-000,A_seg,0.25,parameter,0.2500000077707226,0.9586834907531738,0.7291387915611267,-0.22954469919204712,0.044932007789611816,0.12540575861930847,0.08047375082969666,0.0001282936573261395,0.00011484068090794608,-1.345297641819343e-05,37.03173828125,17.193511962890625,-19.838226318359375,1.0,0.28741082549095154,
20,3,BraTS-GLI-01336-000,E_random_matched_A_seg,0.25,parameter,0.25000000619911583,0.9586834907531738,0.9589905142784119,0.0003070235252380371,0.044932007789611816,0.04510798677802086,0.00017597898840904236,0.0001282936573261395,0.00012725610577035695,-1.0375515557825565e-06,37.03173828125,36.93034744262695,-0.10139083862304688,,,
20,3,BraTS-GLI-01336-000,A_seg,0.5,parameter,0.5000000155414452,0.9586834907531738,0.15094339847564697,-0.8077400922775269,0.044932007789611816,0.44282275438308716,0.39789074659347534,0.0001282936573261395,4.031884964206256e-05,-8.797480768407695e-05,37.03173828125,11.30534553527832,-25.72639274597168,1.0,0.28741082549095154,
20,3,BraTS-GLI-01336-000,E_random_matched_A_seg,0.5,parameter,0.5000000276486382,0.9586834907531738,0.9582895040512085,-0.00039398670196533203,0.044932007789611816,0.044830646365880966,-0.00010136142373085022,0.0001282936573261395,0.00012525431520771235,-3.0393421184271574e-06,37.03173828125,36.89875411987305,-0.13298416137695312,,,
20,3,BraTS-GLI-01336-000,A_seg,1.0,parameter,1.0000000310828905,0.9586834907531738,0.0,-0.9586834907531738,0.044932007789611816,0.5442811250686646,0.49934911727905273,0.0001282936573261395,9.461234071750368e-07,-0.00012734753391896447,37.03173828125,19.143884658813477,-17.887853622436523,1.0,0.28741082549095154,
20,3,BraTS-GLI-01336-000,E_random_matched_A_seg,1.0,parameter,1.000000018859282,0.9586834907531738,0.9583479166030884,-0.0003355741500854492,0.044932007789611816,0.045255325734615326,0.0003233179450035095,0.0001282936573261395,0.00012989106471650302,1.5974073903635144e-06,37.03173828125,37.06117248535156,0.0294342041015625,,,
20,3,BraTS-GLI-01336-000,A_seg,2.0,parameter,2.000000062165781,0.9586834907531738,0.0,-0.9586834907531738,0.044932007789611816,0.5421578884124756,0.49722588062286377,0.0001282936573261395,3.788529819720443e-12,-0.0001282936535376097,37.03173828125,52.13016128540039,15.09842300415039,1.0,0.28741082549095154,
20,3,BraTS-GLI-01336-000,E_random_matched_A_seg,2.0,parameter,2.0000000285799615,0.9586834907531738,0.9571929574012756,-0.0014905333518981934,0.044932007789611816,0.04451442137360573,-0.00041758641600608826,0.0001282936573261395,0.0001193641364807263,-8.929520845413208e-06,37.03173828125,36.92201232910156,-0.1097259521484375,,,
20,3,BraTS-GLI-01336-000,B_margin,0.25,parameter,0.2499999878646119,0.9586834907531738,0.9454941749572754,-0.013189315795898438,0.044932007789611816,0.049009766429662704,0.004077758640050888,0.0001282936573261395,0.0004401639453135431,0.00031187028798740357,37.03173828125,29.532854080200195,-7.498884201049805,0.28741082549095154,1.0,
20,3,BraTS-GLI-01336-000,E_random_matched_B_margin,0.25,parameter,0.2499999928550095,0.9586834907531738,0.9597197771072388,0.0010362863540649414,0.044932007789611816,0.04490871727466583,-2.3290514945983887e-05,0.0001282936573261395,0.00012903616880066693,7.425114745274186e-07,37.03173828125,37.01585388183594,-0.0158843994140625,,,
20,3,BraTS-GLI-01336-000,B_margin,0.5,parameter,0.4999999757292238,0.9586834907531738,0.848339319229126,-0.11034417152404785,0.044932007789611816,0.08293506503105164,0.03800305724143982,0.0001282936573261395,0.0002327605034224689,0.00010446684609632939,37.03173828125,27.112510681152344,-9.919227600097656,0.28741082549095154,1.0,
20,3,BraTS-GLI-01336-000,E_random_matched_B_margin,0.5,parameter,0.49999996030964966,0.9586834907531738,0.9586255550384521,-5.793571472167969e-05,0.044932007789611816,0.0445597805082798,-0.000372227281332016,0.0001282936573261395,0.00013136181223671883,3.0681549105793238e-06,37.03173828125,36.771484375,-0.26025390625,,,
20,3,BraTS-GLI-01336-000,B_margin,1.0,parameter,0.9999999514584476,0.9586834907531738,0.36994877457618713,-0.5887347161769867,0.044932007789611816,0.3126300573348999,0.2676980495452881,0.0001282936573261395,4.9521597247803584e-05,-7.877206007833593e-05,37.03173828125,34.303096771240234,-2.7286415100097656,0.28741082549095154,1.0,
20,3,BraTS-GLI-01336-000,E_random_matched_B_margin,1.0,parameter,0.9999999335559528,0.9586834907531738,0.9585510492324829,-0.00013244152069091797,0.044932007789611816,0.04551933333277702,0.0005873255431652069,0.0001282936573261395,0.00012568534293677658,-2.6083143893629313e-06,37.03173828125,37.17069625854492,0.13895797729492188,,,
20,3,BraTS-GLI-01336-000,B_margin,2.0,parameter,1.9999999029168951,0.9586834907531738,0.06394557654857635,-0.8947379142045975,0.044932007789611816,0.5029851198196411,0.4580531120300293,0.0001282936573261395,2.55396290782528e-08,-0.00012826811769706126,37.03173828125,71.76515197753906,34.73341369628906,0.28741082549095154,1.0,
20,3,BraTS-GLI-01336-000,E_random_matched_B_margin,2.0,parameter,1.9999999605788612,0.9586834907531738,0.9566736817359924,-0.0020098090171813965,0.044932007789611816,0.04423145949840546,-0.0007005482912063599,0.0001282936573261395,0.00013311448856256902,4.8208312364295125e-06,37.03173828125,38.58416748046875,1.55242919921875,,,
20,3,BraTS-GLI-01336-000,C_total,0.25,parameter,0.24999998460407322,0.9586834907531738,0.7291387915611267,-0.22954469919204712,0.044932007789611816,0.125523179769516,0.08059117197990417,0.0001282936573261395,0.00011650556552922353,-1.1788091796915978e-05,37.03173828125,17.194658279418945,-19.837080001831055,0.9999796152114868,0.2935192584991455,
20,3,BraTS-GLI-01336-000,E_random_matched_C_total,0.25,parameter,0.24999998771454526,0.9586834907531738,0.9583187103271484,-0.0003647804260253906,0.044932007789611816,0.045145101845264435,0.0002130940556526184,0.0001282936573261395,0.00012767133011948317,-6.223272066563368e-07,37.03173828125,36.89113235473633,-0.14060592651367188,,,
20,3,BraTS-GLI-01336-000,C_total,0.5,parameter,0.49999996920814643,0.9586834907531738,0.15094339847564697,-0.8077400922775269,0.044932007789611816,0.44310250878334045,0.39817050099372864,0.0001282936573261395,4.0069011447485536e-05,-8.822464587865397e-05,37.03173828125,11.335288047790527,-25.696450233459473,0.9999796152114868,0.2935192584991455,
20,3,BraTS-GLI-01336-000,E_random_matched_C_total,0.5,parameter,0.4999999820029185,0.9586834907531738,0.958654522895813,-2.8967857360839844e-05,0.044932007789611816,0.044723786413669586,-0.00020822137594223022,0.0001282936573261395,0.00012357570813037455,-4.717949195764959e-06,37.03173828125,37.409339904785156,0.37760162353515625,,,
20,3,BraTS-GLI-01336-000,C_total,1.0,parameter,0.9999999384162929,0.9586834907531738,0.0,-0.9586834907531738,0.044932007789611816,0.5442894697189331,0.4993574619293213,0.0001282936573261395,9.244814691555803e-07,-0.00012736917585698393,37.03173828125,19.20236587524414,-17.82937240600586,0.9999796152114868,0.2935192584991455,
20,3,BraTS-GLI-01336-000,E_random_matched_C_total,1.0,parameter,0.9999998920102312,0.9586834907531738,0.9598042368888855,0.00112074613571167,0.044932007789611816,0.04543495550751686,0.0005029477179050446,0.0001282936573261395,0.0001189756512758322,-9.318006050307304e-06,37.03173828125,37.118263244628906,0.08652496337890625,,,
20,3,BraTS-GLI-01336-000,C_total,2.0,parameter,1.9999998768325857,0.9586834907531738,0.0,-0.9586834907531738,0.044932007789611816,0.5421645045280457,0.49723249673843384,0.0001282936573261395,3.919414272302024e-12,-0.00012829365340672524,37.03173828125,52.27645492553711,15.24471664428711,0.9999796152114868,0.2935192584991455,
20,3,BraTS-GLI-01336-000,E_random_matched_C_total,2.0,parameter,1.999999843232211,0.9586834907531738,0.9596632719039917,0.000979781150817871,0.044932007789611816,0.04426540061831474,-0.0006666071712970734,0.0001282936573261395,0.00012782782141584903,-4.6583591029047966e-07,37.03173828125,35.84342575073242,-1.1883125305175781,,,
20,3,BraTS-GLI-01336-000,D_useful,1.0,activation,,0.9586834907531738,0.9664101004600525,0.007726609706878662,0.044932007789611816,0.04072359949350357,-0.004208408296108246,0.0001282936573261395,0.00010152231698157266,-2.6771340344566852e-05,37.03173828125,38.9688606262207,1.9371223449707031,,,1.0
20,3,BraTS-GLI-01336-000,E_random_matched_D_useful,1.0,activation,,0.9586834907531738,0.958654522895813,-2.8967857360839844e-05,0.044932007789611816,,,0.0001282936573261395,,,37.03173828125,37.07408142089844,0.0423431396484375,,,
20,3,BraTS-GLI-01336-000,D_useful,2.0,activation,,0.9586834907531738,0.9706088304519653,0.011925339698791504,0.044932007789611816,0.03748893737792969,-0.007443070411682129,0.0001282936573261395,8.512031490681693e-05,-4.317334241932258e-05,37.03173828125,40.91482162475586,3.8830833435058594,,,1.0
20,3,BraTS-GLI-01336-000,E_random_matched_D_useful,2.0,activation,,0.9586834907531738,0.9601119756698608,0.0014284849166870117,0.044932007789611816,,,0.0001282936573261395,,,37.03173828125,37.1673698425293,0.13563156127929688,,,
20,3,BraTS-GLI-01336-000,D_useful,4.0,activation,,0.9586834907531738,0.9779797196388245,0.019296228885650635,0.044932007789611816,0.03261563554406166,-0.012316372245550156,0.0001282936573261395,4.515384352998808e-05,-8.313981379615143e-05,37.03173828125,44.82191848754883,7.790180206298828,,,1.0
20,3,BraTS-GLI-01336-000,E_random_matched_D_useful,4.0,activation,,0.9586834907531738,0.9590765833854675,0.00039309263229370117,0.044932007789611816,,,0.0001282936573261395,,,37.03173828125,37.57761764526367,0.5458793640136719,,,
20,3,BraTS-GLI-01336-000,D_useful,14.0,activation,,0.9586834907531738,0.9968343377113342,0.0381508469581604,0.044932007789611816,0.020494667813181877,-0.02443733997642994,0.0001282936573261395,8.182811143342406e-06,-0.0001201108461827971,37.03173828125,64.46617126464844,27.434432983398438,,,1.0
20,3,BraTS-GLI-01336-000,E_random_matched_D_useful,14.0,activation,,0.9586834907531738,0.2025579959154129,-0.7561254948377609,0.044932007789611816,,,0.0001282936573261395,,,37.03173828125,42.7355842590332,5.703845977783203,,,
20,4,BraTS-GLI-00250-000,A_seg,0.25,parameter,0.25000000320142135,0.9222761988639832,0.9023907780647278,-0.01988542079925537,0.055437855422496796,0.06138550490140915,0.0059476494789123535,0.000444970210082829,0.0004837180022150278,3.874779213219881e-05,33.17552185058594,26.427698135375977,-6.747823715209961,1.0,0.2698538899421692,
20,4,BraTS-GLI-00250-000,E_random_matched_A_seg,0.25,parameter,0.2500000200052447,0.9222761988639832,0.9222491979598999,-2.7000904083251953e-05,0.055437855422496796,0.055520422756671906,8.256733417510986e-05,0.000444970210082829,0.00044306277413852513,-1.90743594430387e-06,33.17552185058594,33.11385726928711,-0.061664581298828125,,,
20,4,BraTS-GLI-00250-000,A_seg,0.5,parameter,0.5000000064028427,0.9222761988639832,0.7607385516166687,-0.16153764724731445,0.055437855422496796,0.12118364870548248,0.06574579328298569,0.000444970210082829,0.0005628341459669173,0.00011786393588408828,33.17552185058594,21.330297470092773,-11.845224380493164,1.0,0.2698538899421692,
20,4,BraTS-GLI-00250-000,E_random_matched_A_seg,0.5,parameter,0.4999999898718669,0.9222761988639832,0.9224900007247925,0.00021380186080932617,0.055437855422496796,0.05550452694296837,6.667152047157288e-05,0.000444970210082829,0.00046290908358059824,1.7938873497769237e-05,33.17552185058594,33.14580535888672,-0.02971649169921875,,,
20,4,BraTS-GLI-00250-000,A_seg,1.0,parameter,1.0000000128056854,0.9222761988639832,0.33363664150238037,-0.5886395573616028,0.055437855422496796,0.35545164346694946,0.30001378804445267,0.000444970210082829,0.00027013220824301243,-0.00017483800183981657,33.17552185058594,19.07653045654297,-14.098991394042969,1.0,0.2698538899421692,
20,4,BraTS-GLI-00250-000,E_random_matched_A_seg,1.0,parameter,1.000000070809617,0.9222761988639832,0.922943115234375,0.0006669163703918457,0.055437855422496796,0.05546978861093521,3.193318843841553e-05,0.000444970210082829,0.0004696049145422876,2.463470445945859e-05,33.17552185058594,32.50411605834961,-0.6714057922363281,,,
20,4,BraTS-GLI-00250-000,A_seg,2.0,parameter,2.000000025611371,0.9222761988639832,0.10672686249017715,-0.815549336373806,0.055437855422496796,0.5048418641090393,0.4494040086865425,0.000444970210082829,6.0813490563305095e-05,-0.0003841567195195239,33.17552185058594,27.343231201171875,-5.8322906494140625,1.0,0.2698538899421692,
20,4,BraTS-GLI-00250-000,E_random_matched_A_seg,2.0,parameter,2.0000000208674464,0.9222761988639832,0.9223602414131165,8.404254913330078e-05,0.055437855422496796,0.05642123147845268,0.0009833760559558868,0.000444970210082829,0.0005516103701665998,0.00010664016008377075,33.17552185058594,34.37397384643555,1.1984519958496094,,,
20,4,BraTS-GLI-00250-000,B_margin,0.25,parameter,0.25000001765692953,0.9222761988639832,0.8515459895133972,-0.07073020935058594,0.055437855422496796,0.08163560926914215,0.026197753846645355,0.000444970210082829,0.0006271887687034905,0.0001822185586206615,33.17552185058594,20.871706008911133,-12.303815841674805,0.2698538899421692,1.0,
20,4,BraTS-GLI-00250-000,E_random_matched_B_margin,0.25,parameter,0.2500000176623865,0.9222761988639832,0.9225168824195862,0.00024068355560302734,0.055437855422496796,0.055364035069942474,-7.382035255432129e-05,0.000444970210082829,0.0004480586794670671,3.088469384238124e-06,33.17552185058594,33.28895950317383,0.11343765258789062,,,
20,4,BraTS-GLI-00250-000,B_margin,0.5,parameter,0.5000000353138591,0.9222761988639832,0.469829797744751,-0.4524464011192322,0.055437855422496796,0.26306161284446716,0.20762375742197037,0.000444970210082829,0.00024792281328700483,-0.00019704739679582417,33.17552185058594,16.546527862548828,-16.62899398803711,0.2698538899421692,1.0,
20,4,BraTS-GLI-00250-000,E_random_matched_B_margin,0.5,parameter,0.5000000417785468,0.9222761988639832,0.9223570227622986,8.082389831542969e-05,0.055437855422496796,0.05544881522655487,1.0959804058074951e-05,0.000444970210082829,0.00046395635581575334,1.8986145732924342e-05,33.17552185058594,33.27947235107422,0.10395050048828125,,,
20,4,BraTS-GLI-00250-000,B_margin,1.0,parameter,1.0000000706277181,0.9222761988639832,0.10546500235795975,-0.8168111965060234,0.055437855422496796,0.48517295718193054,0.42973510175943375,0.000444970210082829,1.874663030321244e-05,-0.00042622357977961656,33.17552185058594,19.157258987426758,-14.01826286315918,0.2698538899421692,1.0,
20,4,BraTS-GLI-00250-000,E_random_matched_B_margin,1.0,parameter,1.0000000766740385,0.9222761988639832,0.9226500391960144,0.00037384033203125,0.055437855422496796,0.05579756945371628,0.0003597140312194824,0.000444970210082829,0.0004612761549651623,1.630594488233328e-05,33.17552185058594,32.67850112915039,-0.4970207214355469,,,
20,4,BraTS-GLI-00250-000,B_margin,2.0,parameter,2.0000001412554362,0.9222761988639832,0.012104908935725689,-0.9101712899282575,0.055437855422496796,0.5502912402153015,0.4948533847928047,0.000444970210082829,1.0601433331203225e-07,-0.00044486419574951697,33.17552185058594,40.275455474853516,7.099933624267578,0.2698538899421692,1.0,
20,4,BraTS-GLI-00250-000,E_random_matched_B_margin,2.0,parameter,2.0000001242151444,0.9222761988639832,0.9201255440711975,-0.0021506547927856445,0.055437855422496796,0.056229643523693085,0.0007917881011962891,0.000444970210082829,0.0004355807031970471,-9.389506885781884e-06,33.17552185058594,33.01308059692383,-0.16244125366210938,,,
20,4,BraTS-GLI-00250-000,C_total,0.25,parameter,0.24999998870771353,0.9222761988639832,0.901890218257904,-0.0203859806060791,0.055437855422496796,0.06172601878643036,0.006288163363933563,0.000444970210082829,0.00048553611850365996,4.0565908420830965e-05,33.17552185058594,26.22698402404785,-6.948537826538086,0.9998786449432373,0.2848251461982727,
20,4,BraTS-GLI-00250-000,E_random_matched_C_total,0.25,parameter,0.24999999131614445,0.9222761988639832,0.9224362373352051,0.00016003847122192383,0.055437855422496796,0.055197037756443024,-0.00024081766605377197,0.000444970210082829,0.0004386328801047057,-6.337329978123307e-06,33.17552185058594,33.18731689453125,0.0117950439453125,,,
20,4,BraTS-GLI-00250-000,C_total,0.5,parameter,0.49999997741542707,0.9222761988639832,0.7564928531646729,-0.1657833456993103,0.055437855422496796,0.12371759861707687,0.06827974319458008,0.000444970210082829,0.0005714698345400393,0.0001264996244572103,33.17552185058594,21.053205490112305,-12.122316360473633,0.9998786449432373,0.2848251461982727,
20,4,BraTS-GLI-00250-000,E_random_matched_C_total,0.5,parameter,0.4999999710853436,0.9222761988639832,0.9224362373352051,0.00016003847122192383,0.055437855422496796,0.055479295551776886,4.144012928009033e-05,0.000444970210082829,0.00044353309203870595,-1.4371180441230536e-06,33.17552185058594,33.136314392089844,-0.03920745849609375,,,
20,4,BraTS-GLI-00250-000,C_total,1.0,parameter,0.9999999548308541,0.9222761988639832,0.3278385400772095,-0.5944376587867737,0.055437855422496796,0.3580574691295624,0.3026196137070656,0.000444970210082829,0.00025440187891945243,-0.00019056833116337657,33.17552185058594,18.83828353881836,-14.337238311767578,0.9998786449432373,0.2848251461982727,
20,4,BraTS-GLI-00250-000,E_random_matched_C_total,1.0,parameter,0.9999999965220923,0.9222761988639832,0.9223554134368896,7.921457290649414e-05,0.055437855422496796,0.055156998336315155,-0.0002808570861816406,0.000444970210082829,0.0004904456436634064,4.5475433580577374e-05,33.17552185058594,33.049659729003906,-0.12586212158203125,,,
20,4,BraTS-GLI-00250-000,C_total,2.0,parameter,1.9999999096617083,0.9222761988639832,0.10592425614595413,-0.816351942718029,0.055437855422496796,0.5043423175811768,0.44890446215867996,0.000444970210082829,5.838239303557202e-05,-0.000386587817047257,33.17552185058594,27.301347732543945,-5.874174118041992,0.9998786449432373,0.2848251461982727,
20,4,BraTS-GLI-00250-000,E_random_matched_C_total,2.0,parameter,1.9999999175488465,0.9222761988639832,0.9233165979385376,0.0010403990745544434,0.055437855422496796,0.055852875113487244,0.000415019690990448,0.000444970210082829,0.0004801627073902637,3.519249730743468e-05,33.17552185058594,33.135047912597656,-0.04047393798828125,,,
20,4,BraTS-GLI-00250-000,D_useful,1.0,activation,,0.9222761988639832,0.9293628931045532,0.007086694240570068,0.055437855422496796,0.05088748782873154,-0.004550367593765259,0.000444970210082829,0.0004067501286044717,-3.8220081478357315e-05,33.17552185058594,35.060150146484375,1.8846282958984375,,,1.0
20,4,BraTS-GLI-00250-000,E_random_matched_D_useful,1.0,activation,,0.9222761988639832,0.9213171601295471,-0.0009590387344360352,0.055437855422496796,,,0.000444970210082829,,,33.17552185058594,33.22601318359375,0.0504913330078125,,,
20,4,BraTS-GLI-00250-000,D_useful,2.0,activation,,0.9222761988639832,0.9355509281158447,0.013274729251861572,0.055437855422496796,0.047070764005184174,-0.008367091417312622,0.000444970210082829,0.0003392812213860452,-0.00010568898869678378,33.17552185058594,36.963905334472656,3.7883834838867188,,,1.0
20,4,BraTS-GLI-00250-000,E_random_matched_D_useful,2.0,activation,,0.9222761988639832,0.9232634902000427,0.0009872913360595703,0.055437855422496796,,,0.000444970210082829,,,33.17552185058594,33.371700286865234,0.19617843627929688,,,
20,4,BraTS-GLI-00250-000,D_useful,4.0,activation,,0.9222761988639832,0.9465120434761047,0.024235844612121582,0.055437855422496796,0.04088488221168518,-0.014552973210811615,0.000444970210082829,0.00024248129921033978,-0.00020248891087248921,33.17552185058594,40.797142028808594,7.621620178222656,,,1.0
20,4,BraTS-GLI-00250-000,E_random_matched_D_useful,4.0,activation,,0.9222761988639832,0.9214261174201965,-0.0008500814437866211,0.055437855422496796,,,0.000444970210082829,,,33.17552185058594,33.85472106933594,0.67919921875,,,
20,4,BraTS-GLI-00250-000,D_useful,14.0,activation,,0.9222761988639832,0.9707561731338501,0.04847997426986694,0.055437855422496796,0.02530929073691368,-0.030128564685583115,0.000444970210082829,8.777437324170023e-05,-0.00035719583684112877,33.17552185058594,60.12138748168945,26.945865631103516,,,1.0
20,4,BraTS-GLI-00250-000,E_random_matched_D_useful,14.0,activation,,0.9222761988639832,0.32893112301826477,-0.5933450758457184,0.055437855422496796,,,0.000444970210082829,,,33.17552185058594,39.5307502746582,6.355228424072266,,,
20,5,BraTS-GLI-00501-000,A_seg,0.25,parameter,0.25000000379077386,0.8764341473579407,0.9342947006225586,0.05786055326461792,0.0733979195356369,0.051957957446575165,-0.021439962089061737,0.0009858104167506099,0.00027944412431679666,-0.0007063662924338132,23.207542419433594,36.1357536315918,12.928211212158203,1.0,0.01248798705637455,
20,5,BraTS-GLI-00501-000,E_random_matched_A_seg,0.25,parameter,0.24999999976898835,0.8764341473579407,0.8758382201194763,-0.0005959272384643555,0.0733979195356369,0.07342242449522018,2.450495958328247e-05,0.0009858104167506099,0.0009987803641706705,1.2969947420060635e-05,23.207542419433594,23.164953231811523,-0.04258918762207031,,,
20,5,BraTS-GLI-00501-000,A_seg,0.5,parameter,0.5000000075815477,0.8764341473579407,0.8218165636062622,-0.05461758375167847,0.0733979195356369,0.09343063831329346,0.020032718777656555,0.0009858104167506099,1.1256187463004608e-05,-0.0009745542292876053,23.207542419433594,49.29567337036133,26.088130950927734,1.0,0.01248798705637455,
20,5,BraTS-GLI-00501-000,E_random_matched_A_seg,0.5,parameter,0.5000000106374499,0.8764341473579407,0.8779399991035461,0.0015058517456054688,0.0733979195356369,0.0731465071439743,-0.00025141239166259766,0.0009858104167506099,0.0009954143315553665,9.603914804756641e-06,23.207542419433594,23.44436264038086,0.23682022094726562,,,
20,5,BraTS-GLI-00501-000,A_seg,1.0,parameter,1.0000000151630954,0.8764341473579407,0.37366971373558044,-0.5027644336223602,0.0733979195356369,0.37016209959983826,0.29676418006420135,0.0009858104167506099,9.437076187168714e-08,-0.0009857160459887382,23.207542419433594,72.71222686767578,49.50468444824219,1.0,0.01248798705637455,
20,5,BraTS-GLI-00501-000,E_random_matched_A_seg,1.0,parameter,1.0000000161235219,0.8764341473579407,0.8748983144760132,-0.0015358328819274902,0.0733979195356369,0.07498522102832794,0.00158730149269104,0.0009858104167506099,0.000988606596365571,2.7961796149611473e-06,23.207542419433594,22.840900421142578,-0.3666419982910156,,,
20,5,BraTS-GLI-00501-000,A_seg,2.0,parameter,2.000000030326191,0.8764341473579407,0.23926754295825958,-0.6371666043996811,0.0733979195356369,0.58236163854599,0.5089637190103531,0.0009858104167506099,7.069326374287144e-11,-0.0009858103460573461,23.207542419433594,106.38287353515625,83.17533111572266,1.0,0.01248798705637455,
20,5,BraTS-GLI-00501-000,E_random_matched_A_seg,2.0,parameter,1.9999999478459352,0.8764341473579407,0.8850216269493103,0.008587479591369629,0.0733979195356369,0.07175001502037048,-0.0016479045152664185,0.0009858104167506099,0.0013532896991819143,0.00036747928243130445,23.207542419433594,22.92048454284668,-0.28705787658691406,,,
20,5,BraTS-GLI-00501-000,B_margin,0.25,parameter,0.24999998943167134,0.8764341473579407,0.854350745677948,-0.022083401679992676,0.0733979195356369,0.08283552527427673,0.009437605738639832,0.0009858104167506099,0.00046933849807828665,-0.0005164719186723232,23.207542419433594,19.10055923461914,-4.106983184814453,0.01248798705637455,1.0,
20,5,BraTS-GLI-00501-000,E_random_matched_B_margin,0.25,parameter,0.2499999923402355,0.8764341473579407,0.8767762780189514,0.0003421306610107422,0.0733979195356369,0.0733129233121872,-8.499622344970703e-05,0.0009858104167506099,0.0010192313930019736,3.3420976251363754e-05,23.207542419433594,23.246217727661133,0.03867530822753906,,,
20,5,BraTS-GLI-00501-000,B_margin,0.5,parameter,0.4999999788633427,0.8764341473579407,0.7576475739479065,-0.11878657341003418,0.0733979195356369,0.1237102597951889,0.050312340259552,0.0009858104167506099,0.0001758359430823475,-0.0008099744736682624,23.207542419433594,14.741997718811035,-8.465544700622559,0.01248798705637455,1.0,
20,5,BraTS-GLI-00501-000,E_random_matched_B_margin,0.5,parameter,0.4999999966676114,0.8764341473579407,0.8750762939453125,-0.0013578534126281738,0.0733979195356369,0.07423634827136993,0.0008384287357330322,0.0009858104167506099,0.0009723700350150466,-1.3440381735563278e-05,23.207542419433594,22.966508865356445,-0.24103355407714844,,,
20,5,BraTS-GLI-00501-000,B_margin,1.0,parameter,0.9999999577266854,0.8764341473579407,0.21540957689285278,-0.6610245704650879,0.0733979195356369,0.42413580417633057,0.35073788464069366,0.0009858104167506099,3.0298140245577088e-06,-0.0009827806027260522,23.207542419433594,12.838605880737305,-10.368936538696289,0.01248798705637455,1.0,
20,5,BraTS-GLI-00501-000,E_random_matched_B_margin,1.0,parameter,0.9999999805295372,0.8764341473579407,0.8770433664321899,0.0006092190742492676,0.0733979195356369,0.07477028667926788,0.0013723671436309814,0.0009858104167506099,0.0009945533238351345,8.742907084524632e-06,23.207542419433594,23.328519821166992,0.12097740173339844,,,
20,5,BraTS-GLI-00501-000,B_margin,2.0,parameter,1.9999999154533707,0.8764341473579407,0.0,-0.8764341473579407,0.0733979195356369,0.586054801940918,0.5126568824052811,0.0009858104167506099,0.0,-0.0009858104167506099,23.207542419433594,31.424861907958984,8.21731948852539,0.01248798705637455,1.0,
20,5,BraTS-GLI-00501-000,E_random_matched_B_margin,2.0,parameter,1.9999998712446498,0.8764341473579407,0.8842126727104187,0.007778525352478027,0.0733979195356369,0.06990697234869003,-0.003490947186946869,0.0009858104167506099,0.0014402397209778428,0.00045442930422723293,23.207542419433594,23.96990966796875,0.7623672485351562,,,
20,5,BraTS-GLI-00501-000,C_total,0.25,parameter,0.2500000091386026,0.8764341473579407,0.9343789219856262,0.05794477462768555,0.0733979195356369,0.051942117512226105,-0.021455802023410797,0.0009858104167506099,0.000281550019280985,-0.0007042603974696249,23.207542419433594,36.11458206176758,12.907039642333984,0.9999786019325256,0.019032178446650505,
20,5,BraTS-GLI-00501-000,E_random_matched_C_total,0.25,parameter,0.25000001607258987,0.8764341473579407,0.8768903017044067,0.00045615434646606445,0.0733979195356369,0.07323029637336731,-0.00016762316226959229,0.0009858104167506099,0.0009835836244747043,-2.226792275905609e-06,23.207542419433594,23.312538146972656,0.1049957275390625,,,
20,5,BraTS-GLI-00501-000,C_total,0.5,parameter,0.5000000182772052,0.8764341473579407,0.8223127722740173,-0.05412137508392334,0.0733979195356369,0.09320399910211563,0.01980607956647873,0.0009858104167506099,1.1416748748160899e-05,-0.000974393668002449,23.207542419433594,49.247962951660156,26.040420532226562,0.9999786019325256,0.019032178446650505,
20,5,BraTS-GLI-00501-000,E_random_matched_C_total,0.5,parameter,0.5000000387517487,0.8764341473579407,0.8766511082649231,0.00021696090698242188,0.0733979195356369,0.07339577376842499,-2.1457672119140625e-06,0.0009858104167506099,0.0009616848547011614,-2.412556204944849e-05,23.207542419433594,23.037927627563477,-0.1696147918701172,,,
20,5,BraTS-GLI-00501-000,C_total,1.0,parameter,1.0000000365544104,0.8764341473579407,0.37400034070014954,-0.5024338066577911,0.0733979195356369,0.36983105540275574,0.29643313586711884,0.0009858104167506099,9.971703462952064e-08,-0.0009857106997159804,23.207542419433594,72.614990234375,49.407447814941406,0.9999786019325256,0.019032178446650505,
20,5,BraTS-GLI-00501-000,E_random_matched_C_total,1.0,parameter,1.0000000587169762,0.8764341473579407,0.8739820718765259,-0.002452075481414795,0.0733979195356369,0.07450199127197266,0.0011040717363357544,0.0009858104167506099,0.0010804415214806795,9.463110473006964e-05,23.207542419433594,22.74831771850586,-0.4592247009277344,,,
20,5,BraTS-GLI-00501-000,C_total,2.0,parameter,2.0000000731088208,0.8764341473579407,0.23939770460128784,-0.6370364427566528,0.0733979195356369,0.5821715593338013,0.5087736397981644,0.0009858104167506099,8.571205550866878e-11,-0.0009858103310385544,23.207542419433594,106.16099548339844,82.95345306396484,0.9999786019325256,0.019032178446650505,
20,5,BraTS-GLI-00501-000,E_random_matched_C_total,2.0,parameter,2.0000000367581374,0.8764341473579407,0.8741856813430786,-0.0022484660148620605,0.0733979195356369,0.07608258724212646,0.002684667706489563,0.0009858104167506099,0.0009793199133127928,-6.490503437817097e-06,23.207542419433594,22.324132919311523,-0.8834095001220703,,,
20,5,BraTS-GLI-00501-000,D_useful,1.0,activation,,0.8764341473579407,0.8868057727813721,0.010371625423431396,0.0733979195356369,0.06686578691005707,-0.006532132625579834,0.0009858104167506099,0.0007054954767227173,-0.0002803149400278926,23.207542419433594,25.01768684387207,1.8101444244384766,,,1.0
20,5,BraTS-GLI-00501-000,E_random_matched_D_useful,1.0,activation,,0.8764341473579407,0.8764341473579407,0.0,0.0733979195356369,,,0.0009858104167506099,,,23.207542419433594,23.290306091308594,0.082763671875,,,
20,5,BraTS-GLI-00501-000,D_useful,2.0,activation,,0.8764341473579407,0.8971234560012817,0.020689308643341064,0.0733979195356369,0.061098746955394745,-0.012299172580242157,0.0009858104167506099,0.00047011050628498197,-0.0005156999104656279,23.207542419433594,26.866806030273438,3.6592636108398438,,,1.0
20,5,BraTS-GLI-00501-000,E_random_matched_D_useful,2.0,activation,,0.8764341473579407,0.8762310743331909,-0.00020307302474975586,0.0733979195356369,,,0.0009858104167506099,,,23.207542419433594,23.503339767456055,0.29579734802246094,,,
20,5,BraTS-GLI-00501-000,D_useful,4.0,activation,,0.8764341473579407,0.9137116074562073,0.0372774600982666,0.0733979195356369,0.05173089727759361,-0.02166702225804329,0.0009858104167506099,0.00018578690651338547,-0.0008000235102372244,23.207542419433594,30.612571716308594,7.405029296875,,,1.0
20,5,BraTS-GLI-00501-000,E_random_matched_D_useful,4.0,activation,,0.8764341473579407,0.8767123222351074,0.00027817487716674805,0.0733979195356369,,,0.0009858104167506099,,,23.207542419433594,24.22751808166504,1.0199756622314453,,,
20,5,BraTS-GLI-00501-000,D_useful,14.0,activation,,0.8764341473579407,0.9535945057868958,0.07716035842895508,0.0733979195356369,0.02924943156540394,-0.044148487970232964,0.0009858104167506099,1.1702903066179715e-05,-0.0009741075136844302,23.207542419433594,49.5870246887207,26.37948226928711,,,1.0
20,5,BraTS-GLI-00501-000,E_random_matched_D_useful,14.0,activation,,0.8764341473579407,0.4301096498966217,-0.44632449746131897,0.0733979195356369,,,0.0009858104167506099,,,23.207542419433594,31.67722511291504,8.469682693481445,,,
20,6,BraTS-GLI-01093-000,A_seg,0.25,parameter,0.24999999745341484,0.9621754884719849,0.8914682269096375,-0.07070726156234741,0.044656720012426376,0.06622152030467987,0.021564800292253494,0.0009255608892999589,0.0002101048594340682,-0.0007154560298658907,29.753564834594727,45.19775390625,15.444189071655273,1.0,-0.18162000179290771,
20,6,BraTS-GLI-01093-000,E_random_matched_A_seg,0.25,parameter,0.24999999758802005,0.9621754884719849,0.9615858197212219,-0.0005896687507629395,0.044656720012426376,0.04476611688733101,0.00010939687490463257,0.0009255608892999589,0.0009321470861323178,6.586196832358837e-06,29.753564834594727,29.538667678833008,-0.21489715576171875,,,
20,6,BraTS-GLI-01093-000,A_seg,0.5,parameter,0.49999999490682967,0.9621754884719849,0.799573540687561,-0.16260194778442383,0.044656720012426376,0.10469651967287064,0.06003979966044426,0.0009255608892999589,8.928728675527964e-06,-0.000916632160624431,29.753564834594727,61.08904266357422,31.335477828979492,1.0,-0.18162000179290771,
20,6,BraTS-GLI-01093-000,E_random_matched_A_seg,0.5,parameter,0.4999999830906742,0.9621754884719849,0.9618183970451355,-0.00035709142684936523,0.044656720012426376,0.04458511993288994,-7.160007953643799e-05,0.0009255608892999589,0.0009145678486675024,-1.0993040632456541e-05,29.753564834594727,29.958860397338867,0.20529556274414062,,,
20,6,BraTS-GLI-01093-000,A_seg,1.0,parameter,0.9999999898136593,0.9621754884719849,0.4318465292453766,-0.5303289592266083,0.044656720012426376,0.31296494603157043,0.26830822601914406,0.0009255608892999589,2.8340956248484872e-08,-0.0009255325483437105,29.753564834594727,92.60417938232422,62.85061454772949,1.0,-0.18162000179290771,
20,6,BraTS-GLI-01093-000,E_random_matched_A_seg,1.0,parameter,0.9999999529682089,0.9621754884719849,0.9624060392379761,0.00023055076599121094,0.044656720012426376,0.04481258988380432,0.00015586987137794495,0.0009255608892999589,0.0009631357970647514,3.757490776479244e-05,29.753564834594727,29.002952575683594,-0.7506122589111328,,,
20,6,BraTS-GLI-01093-000,A_seg,2.0,parameter,1.9999999796273187,0.9621754884719849,0.18889912962913513,-0.7732763588428497,0.044656720012426376,0.6383223533630371,0.5936656333506107,0.0009255608892999589,3.02855505325142e-17,-0.0009255608892999287,29.753564834594727,153.0087432861328,123.25517845153809,1.0,-0.18162000179290771,
20,6,BraTS-GLI-01093-000,E_random_matched_A_seg,2.0,parameter,1.9999999016290506,0.9621754884719849,0.9621161222457886,-5.936622619628906e-05,0.044656720012426376,0.04433349147439003,-0.00032322853803634644,0.0009255608892999589,0.0010172920301556587,9.173114085569978e-05,29.753564834594727,29.266353607177734,-0.4872112274169922,,,
20,6,BraTS-GLI-01093-000,B_margin,0.25,parameter,0.24999999349165583,0.9621754884719849,0.9402446150779724,-0.02193087339401245,0.044656720012426376,0.050796277821063995,0.006139557808637619,0.0009255608892999589,0.0004728104395326227,-0.00045275044976733625,29.753564834594727,25.818836212158203,-3.9347286224365234,-0.18162000179290771,1.0,
20,6,BraTS-GLI-01093-000,E_random_matched_B_margin,0.25,parameter,0.24999999848296284,0.9621754884719849,0.9617021083831787,-0.00047338008880615234,0.044656720012426376,0.04478025808930397,0.000123538076877594,0.0009255608892999589,0.000915055104997009,-1.0505784302949905e-05,29.753564834594727,29.720312118530273,-0.033252716064453125,,,
20,6,BraTS-GLI-01093-000,B_margin,0.5,parameter,0.49999998698331166,0.9621754884719849,0.9018895626068115,-0.06028592586517334,0.044656720012426376,0.06374098360538483,0.01908426359295845,0.0009255608892999589,0.00019236312073189765,-0.0007331977685680613,29.753564834594727,22.578889846801758,-7.174674987792969,-0.18162000179290771,1.0,
20,6,BraTS-GLI-01093-000,E_random_matched_B_margin,0.5,parameter,0.49999999378633214,0.9621754884719849,0.9612663984298706,-0.0009090900421142578,0.044656720012426376,0.04487121105194092,0.00021449103951454163,0.0009255608892999589,0.0009347948944196105,9.234005119651556e-06,29.753564834594727,29.223979949951172,-0.5295848846435547,,,
20,6,BraTS-GLI-01093-000,B_margin,1.0,parameter,0.9999999739666233,0.9621754884719849,0.7550598978996277,-0.20711559057235718,0.044656720012426376,0.12288632988929749,0.07822960987687111,0.0009255608892999589,2.077998942695558e-05,-0.0009047808998730034,29.753564834594727,18.638526916503906,-11.11503791809082,-0.18162000179290771,1.0,
20,6,BraTS-GLI-01093-000,E_random_matched_B_margin,1.0,parameter,1.0000000427244222,0.9621754884719849,0.9615772366523743,-0.0005982518196105957,0.044656720012426376,0.04435927793383598,-0.00029744207859039307,0.0009255608892999589,0.0009508298244327307,2.526893513277173e-05,29.753564834594727,29.786043167114258,0.03247833251953125,,,
20,6,BraTS-GLI-01093-000,B_margin,2.0,parameter,1.9999999479332466,0.9621754884719849,0.1599673479795456,-0.8022081404924393,0.044656720012426376,0.45865657925605774,0.41399985924363136,0.0009255608892999589,3.14506714005347e-08,-0.0009255294386285584,29.753564834594727,21.221073150634766,-8.532491683959961,-0.18162000179290771,1.0,
20,6,BraTS-GLI-01093-000,E_random_matched_B_margin,2.0,parameter,2.000000027997885,0.9621754884719849,0.9617584347724915,-0.0004170536994934082,0.044656720012426376,0.04578062891960144,0.001123908907175064,0.0009255608892999589,0.0008122936123982072,-0.00011326727690175176,29.753564834594727,28.725570678710938,-1.027994155883789,,,
20,6,BraTS-GLI-01093-000,C_total,0.25,parameter,0.24999998806742924,0.9621754884719849,0.8914682269096375,-0.07070726156234741,0.044656720012426376,0.0661633163690567,0.021506596356630325,0.0009255608892999589,0.0002105582389049232,-0.0007150026503950357,29.753564834594727,45.18074417114258,15.427179336547852,0.9999191761016846,-0.169094055891037,
20,6,BraTS-GLI-01093-000,E_random_matched_C_total,0.25,parameter,0.24999998497514708,0.9621754884719849,0.9617021083831787,-0.00047338008880615234,0.044656720012426376,0.044726379215717316,6.965920329093933e-05,0.0009255608892999589,0.0009296011412516236,4.040251951664686e-06,29.753564834594727,29.714157104492188,-0.03940773010253906,,,
20,6,BraTS-GLI-01093-000,C_total,0.5,parameter,0.49999997613485847,0.9621754884719849,0.7997867465019226,-0.16238874197006226,0.044656720012426376,0.10455100238323212,0.05989428237080574,0.0009255608892999589,9.066440725291613e-06,-0.0009164944485746673,29.753564834594727,61.04313278198242,31.289567947387695,0.9999191761016846,-0.169094055891037,
20,6,BraTS-GLI-01093-000,E_random_matched_C_total,0.5,parameter,0.4999999931387719,0.9621754884719849,0.9619656801223755,-0.000209808349609375,0.044656720012426376,0.044763170182704926,0.0001064501702785492,0.0009255608892999589,0.000898724771104753,-2.6836118195205927e-05,29.753564834594727,29.24534797668457,-0.5082168579101562,,,
20,6,BraTS-GLI-01093-000,C_total,1.0,parameter,0.9999999522697169,0.9621754884719849,0.43263500928878784,-0.529540479183197,0.044656720012426376,0.31217727065086365,0.26752055063843727,0.0009255608892999589,2.762932460598222e-08,-0.000925533259975353,29.753564834594727,92.48241424560547,62.72884941101074,0.9999191761016846,-0.169094055891037,
20,6,BraTS-GLI-01093-000,E_random_matched_C_total,1.0,parameter,0.9999999580177237,0.9621754884719849,0.96148681640625,-0.0006886720657348633,0.044656720012426376,0.045260995626449585,0.0006042756140232086,0.0009255608892999589,0.0009283398394472897,2.778950147330761e-06,29.753564834594727,29.545827865600586,-0.20773696899414062,,,
20,6,BraTS-GLI-01093-000,C_total,2.0,parameter,1.9999999045394339,0.9621754884719849,0.18897439539432526,-0.7732010930776596,0.044656720012426376,0.6376339793205261,0.5929772593080997,0.0009255608892999589,5.745785740777923e-15,-0.0009255608892942131,29.753564834594727,152.58670043945312,122.8331356048584,0.9999191761016846,-0.169094055891037,
20,6,BraTS-GLI-01093-000,E_random_matched_C_total,2.0,parameter,1.999999874184137,0.9621754884719849,0.9600540399551392,-0.002121448516845703,0.044656720012426376,0.04458651691675186,-7.020309567451477e-05,0.0009255608892999589,0.0010508360574021935,0.0001252751681022346,29.753564834594727,28.52723503112793,-1.2263298034667969,,,
20,6,BraTS-GLI-01093-000,D_useful,1.0,activation,,0.9621754884719849,0.9685127139091492,0.006337225437164307,0.044656720012426376,0.040424708276987076,-0.0042320117354393005,0.0009255608892999589,0.0007297117845155299,-0.00019584910478442907,29.753564834594727,31.685007095336914,1.9314422607421875,,,1.0
20,6,BraTS-GLI-01093-000,E_random_matched_D_useful,1.0,activation,,0.9621754884719849,0.9612715244293213,-0.0009039640426635742,0.044656720012426376,,,0.0009255608892999589,,,29.753564834594727,29.793750762939453,0.04018592834472656,,,
20,6,BraTS-GLI-01093-000,D_useful,2.0,activation,,0.9621754884719849,0.9746962189674377,0.01252073049545288,0.044656720012426376,0.03700646758079529,-0.007650252431631088,0.0009255608892999589,0.0006225527031347156,-0.0003030081861652434,29.753564834594727,33.62590789794922,3.872343063354492,,,1.0
20,6,BraTS-GLI-01093-000,E_random_matched_D_useful,2.0,activation,,0.9621754884719849,0.9611900448799133,-0.0009854435920715332,0.044656720012426376,,,0.0009255608892999589,,,29.753564834594727,29.922739028930664,0.1691741943359375,,,
20,6,BraTS-GLI-01093-000,D_useful,4.0,activation,,0.9621754884719849,0.9832166433334351,0.021041154861450195,0.044656720012426376,0.03184958174824715,-0.01280713826417923,0.0009255608892999589,0.00040929843089543283,-0.0005162624584045261,29.753564834594727,37.523887634277344,7.770322799682617,,,1.0
20,6,BraTS-GLI-01093-000,E_random_matched_D_useful,4.0,activation,,0.9621754884719849,0.9598478674888611,-0.0023276209831237793,0.044656720012426376,,,0.0009255608892999589,,,29.753564834594727,30.39609718322754,0.6425323486328125,,,
20,6,BraTS-GLI-01093-000,D_useful,14.0,activation,,0.9621754884719849,0.9972237348556519,0.03504824638366699,0.044656720012426376,0.0198742114007473,-0.024782508611679077,0.0009255608892999589,5.287115345709026e-05,-0.0008726897358428687,29.753564834594727,57.13005065917969,27.37648582458496,,,1.0
20,6,BraTS-GLI-01093-000,E_random_matched_D_useful,14.0,activation,,0.9621754884719849,0.43947723507881165,-0.5226982533931732,0.044656720012426376,,,0.0009255608892999589,,,29.753564834594727,36.27159881591797,6.518033981323242,,,
20,7,BraTS-GLI-01168-000,A_seg,0.25,parameter,0.24999999650754032,0.9157088398933411,0.9323050379753113,0.016596198081970215,0.0564027763903141,0.05211717262864113,-0.004285603761672974,0.00025831599486991763,7.92074206401594e-05,-0.00017910857422975823,31.68733787536621,33.739742279052734,2.0524044036865234,1.0,-0.02946752868592739,
20,7,BraTS-GLI-01168-000,E_random_matched_A_seg,0.25,parameter,0.24999999211649981,0.9157088398933411,0.9162561297416687,0.0005472898483276367,0.0564027763903141,0.05646483600139618,6.205961108207703e-05,0.00025831599486991763,0.00025392419775016606,-4.391797119751573e-06,31.68733787536621,31.886903762817383,0.19956588745117188,,,
20,7,BraTS-GLI-01168-000,A_seg,0.5,parameter,0.49999999301508063,0.9157088398933411,0.9032257795333862,-0.012483060359954834,0.0564027763903141,0.06201403960585594,0.00561126321554184,0.00025831599486991763,0.00011272694973740727,-0.00014558904513251036,31.68733787536621,33.95439529418945,2.267057418823242,1.0,-0.02946752868592739,
20,7,BraTS-GLI-01168-000,E_random_matched_A_seg,0.5,parameter,0.4999999806386764,0.9157088398933411,0.9158211946487427,0.00011235475540161133,0.0564027763903141,0.056534454226493835,0.00013167783617973328,0.00025831599486991763,0.00025890537654049695,5.893816705793142e-07,31.68733787536621,31.33771514892578,-0.3496227264404297,,,
20,7,BraTS-GLI-01168-000,A_seg,1.0,parameter,0.9999999860301613,0.9157088398933411,0.8418591022491455,-0.07384973764419556,0.0564027763903141,0.09429269284009933,0.03788991644978523,0.00025831599486991763,0.00014638877473771572,-0.00011192722013220191,31.68733787536621,32.09144973754883,0.4041118621826172,1.0,-0.02946752868592739,
20,7,BraTS-GLI-01168-000,E_random_matched_A_seg,1.0,parameter,1.000000049229128,0.9157088398933411,0.9159340858459473,0.00022524595260620117,0.0564027763903141,0.056469157338142395,6.638094782829285e-05,0.00025831599486991763,0.00024470622884109616,-1.3609766028821468e-05,31.68733787536621,30.912477493286133,-0.7748603820800781,,,
20,7,BraTS-GLI-01168-000,A_seg,2.0,parameter,1.9999999720603225,0.9157088398933411,0.17279241979122162,-0.7429164201021194,0.0564027763903141,0.46265503764152527,0.40625226125121117,0.00025831599486991763,0.00046823147567920387,0.00020991548080928624,31.68733787536621,31.35498046875,-0.33235740661621094,1.0,-0.02946752868592739,
20,7,BraTS-GLI-01168-000,E_random_matched_A_seg,2.0,parameter,2.000000027823262,0.9157088398933411,0.9213605523109436,0.005651712417602539,0.0564027763903141,0.05574366822838783,-0.0006591081619262695,0.00025831599486991763,0.0002667724620550871,8.456467185169458e-06,31.68733787536621,31.907033920288086,0.219696044921875,,,
20,7,BraTS-GLI-01168-000,B_margin,0.25,parameter,0.24999999376996124,0.9157088398933411,0.8860533833503723,-0.02965545654296875,0.0564027763903141,0.06850739568471909,0.012104619294404984,0.00025831599486991763,0.0016449455870315433,0.0013866295921616256,31.68733787536621,15.63122272491455,-16.05611515045166,-0.02946752868592739,1.0,
20,7,BraTS-GLI-01168-000,E_random_matched_B_margin,0.25,parameter,0.2499999899409884,0.9157088398933411,0.9168034791946411,0.0010946393013000488,0.0564027763903141,0.05618385970592499,-0.00021891668438911438,0.00025831599486991763,0.0002591762749943882,8.602801244705915e-07,31.68733787536621,31.796707153320312,0.10936927795410156,,,
20,7,BraTS-GLI-01168-000,B_margin,0.5,parameter,0.4999999875399225,0.9157088398933411,0.3291139304637909,-0.5865949094295502,0.0564027763903141,0.3154931962490082,0.2590904198586941,0.00025831599486991763,0.0007006589439697564,0.00044234294909983873,31.68733787536621,8.961455345153809,-22.725882530212402,-0.02946752868592739,1.0,
20,7,BraTS-GLI-01168-000,E_random_matched_B_margin,0.5,parameter,0.4999999844585543,0.9157088398933411,0.9156361818313599,-7.265806198120117e-05,0.0564027763903141,0.05652138590812683,0.00011860951781272888,0.00025831599486991763,0.00025089483824558556,-7.42115662433207e-06,31.68733787536621,31.301427841186523,-0.3859100341796875,,,
20,7,BraTS-GLI-01168-000,B_margin,1.0,parameter,0.999999975079845,0.9157088398933411,0.017232093960046768,-0.8984767459332943,0.0564027763903141,0.5331254005432129,0.4767226241528988,0.00025831599486991763,9.150237019639462e-05,-0.000166813624673523,31.68733787536621,11.622045516967773,-20.065292358398438,-0.02946752868592739,1.0,
20,7,BraTS-GLI-01168-000,E_random_matched_B_margin,1.0,parameter,1.000000011859811,0.9157088398933411,0.9170090556144714,0.001300215721130371,0.0564027763903141,0.057165179401636124,0.0007624030113220215,0.00025831599486991763,0.00022141206136438996,-3.6903933505527675e-05,31.68733787536621,31.29572105407715,-0.3916168212890625,,,
20,7,BraTS-GLI-01168-000,B_margin,2.0,parameter,1.99999995015969,0.9157088398933411,0.0020222447346895933,-0.9136865951586515,0.0564027763903141,0.5526456832885742,0.4962429068982601,0.00025831599486991763,1.3772693819191772e-05,-0.00024454330105072586,31.68733787536621,25.5670166015625,-6.120321273803711,-0.02946752868592739,1.0,
20,7,BraTS-GLI-01168-000,E_random_matched_B_margin,2.0,parameter,1.99999984724854,0.9157088398933411,0.9193020462989807,0.0035932064056396484,0.0564027763903141,0.0564509853720665,4.820898175239563e-05,0.00025831599486991763,0.0002263747010147199,-3.194129385519773e-05,31.68733787536621,32.01921463012695,0.3318767547607422,,,
20,7,BraTS-GLI-01168-000,C_total,0.25,parameter,0.2500000091531545,0.9157088398933411,0.9323050379753113,0.016596198081970215,0.0564027763903141,0.052145808935165405,-0.004256967455148697,0.00025831599486991763,7.902087236288935e-05,-0.00017929512250702828,31.68733787536621,33.689552307128906,2.0022144317626953,0.9999933242797852,-0.02577756904065609,
20,7,BraTS-GLI-01168-000,E_random_matched_C_total,0.25,parameter,0.25000000542422635,0.9157088398933411,0.9159594774246216,0.0002506375312805176,0.0564027763903141,0.05677839741110802,0.0003756210207939148,0.00025831599486991763,0.0002592045348137617,8.8853994384408e-07,31.68733787536621,31.531740188598633,-0.15559768676757812,,,
20,7,BraTS-GLI-01168-000,C_total,0.5,parameter,0.500000018306309,0.9157088398933411,0.9034883975982666,-0.012220442295074463,0.0564027763903141,0.062063418328762054,0.005660641938447952,0.00025831599486991763,0.00011256324069108814,-0.0001457527541788295,31.68733787536621,33.87852478027344,2.1911869049072266,0.9999933242797852,-0.02577756904065609,
20,7,BraTS-GLI-01168-000,E_random_matched_C_total,0.5,parameter,0.5000000083673511,0.9157088398933411,0.9170090556144714,0.001300215721130371,0.0564027763903141,0.056317225098609924,-8.555129170417786e-05,0.00025831599486991763,0.0002543141890782863,-4.001805791631341e-06,31.68733787536621,31.31711769104004,-0.3702201843261719,,,
20,7,BraTS-GLI-01168-000,C_total,1.0,parameter,1.000000036612618,0.9157088398933411,0.8411816358566284,-0.07452720403671265,0.0564027763903141,0.09443221986293793,0.038029443472623825,0.00025831599486991763,0.00014904783165547997,-0.00010926816321443766,31.68733787536621,31.971145629882812,0.28380775451660156,0.9999933242797852,-0.02577756904065609,
20,7,BraTS-GLI-01168-000,E_random_matched_C_total,1.0,parameter,0.9999999881256371,0.9157088398933411,0.9155701994895935,-0.0001386404037475586,0.0564027763903141,0.05666548013687134,0.0002627037465572357,0.00025831599486991763,0.00025352390366606414,-4.792091203853488e-06,31.68733787536621,31.607709884643555,-0.07962799072265625,,,
20,7,BraTS-GLI-01168-000,C_total,2.0,parameter,2.000000073225236,0.9157088398933411,0.17219671607017517,-0.7435121238231659,0.0564027763903141,0.46323832869529724,0.40683555230498314,0.00025831599486991763,0.000470673170639202,0.00021235717576928437,31.68733787536621,31.17230224609375,-0.5150356292724609,0.9999933242797852,-0.02577756904065609,
20,7,BraTS-GLI-01168-000,E_random_matched_C_total,2.0,parameter,2.000000165397062,0.9157088398933411,0.9157225489616394,1.3709068298339844e-05,0.0564027763903141,0.05915985256433487,0.002757076174020767,0.00025831599486991763,0.0002672824775800109,8.96648271009326e-06,31.68733787536621,28.577016830444336,-3.110321044921875,,,
20,7,BraTS-GLI-01168-000,D_useful,1.0,activation,,0.9157088398933411,0.92433762550354,0.008628785610198975,0.0564027763903141,0.05132795870304108,-0.0050748176872730255,0.00025831599486991763,0.00021638584439642727,-4.193015047349036e-05,31.68733787536621,33.601261138916016,1.9139232635498047,,,1.0
20,7,BraTS-GLI-01168-000,E_random_matched_D_useful,1.0,activation,,0.9157088398933411,0.9161643981933594,0.00045555830001831055,0.0564027763903141,,,0.00025831599486991763,,,31.68733787536621,31.740678787231445,0.053340911865234375,,,
20,7,BraTS-GLI-01168-000,D_useful,2.0,activation,,0.9157088398933411,0.9322404265403748,0.01653158664703369,0.0564027763903141,0.04709770157933235,-0.00930507481098175,0.00025831599486991763,0.0002049994218396023,-5.331657303031534e-05,31.68733787536621,35.52812576293945,3.840787887573242,,,1.0
20,7,BraTS-GLI-01168-000,E_random_matched_D_useful,2.0,activation,,0.9157088398933411,0.9170544743537903,0.0013456344604492188,0.0564027763903141,,,0.00025831599486991763,,,31.68733787536621,31.861907958984375,0.17457008361816406,,,
20,7,BraTS-GLI-01168-000,D_useful,4.0,activation,,0.9157088398933411,0.9442012906074524,0.028492450714111328,0.0564027763903141,0.04013676941394806,-0.016266006976366043,0.00025831599486991763,0.00014249667583499104,-0.0001158193190349266,31.68733787536621,39.40324401855469,7.715906143188477,,,1.0
20,7,BraTS-GLI-01168-000,E_random_matched_D_useful,4.0,activation,,0.9157088398933411,0.9133642911911011,-0.0023445487022399902,0.0564027763903141,,,0.00025831599486991763,,,31.68733787536621,32.32474899291992,0.6374111175537109,,,
20,7,BraTS-GLI-01168-000,D_useful,14.0,activation,,0.9157088398933411,0.9819276928901672,0.06621885299682617,0.0564027763903141,0.02204706147313118,-0.03435571491718292,0.00025831599486991763,3.199513230356388e-05,-0.00022632086256635375,31.68733787536621,58.91643142700195,27.229093551635742,,,1.0
20,7,BraTS-GLI-01168-000,E_random_matched_D_useful,14.0,activation,,0.9157088398933411,0.2351532280445099,-0.6805556118488312,0.0564027763903141,,,0.00025831599486991763,,,31.68733787536621,37.99346923828125,6.306131362915039,,,
25,0,BraTS-GLI-01041-000,A_seg,0.25,parameter,0.2500000012223609,0.9267274141311646,0.8586364388465881,-0.06809097528457642,0.04836340993642807,0.07453581690788269,0.02617240697145462,0.0007202429114840925,0.00017344338994007558,-0.0005467995215440169,26.522890090942383,17.520601272583008,-9.002288818359375,1.0,0.12868857383728027,
25,0,BraTS-GLI-01041-000,E_random_matched_A_seg,0.25,parameter,0.25000001272201156,0.9267274141311646,0.9271347522735596,0.00040733814239501953,0.04836340993642807,0.04839358106255531,3.0171126127243042e-05,0.0007202429114840925,0.0007202480337582529,5.122274160385132e-09,26.522890090942383,26.635135650634766,0.11224555969238281,,,
25,0,BraTS-GLI-01041-000,A_seg,0.5,parameter,0.5000000024447218,0.9267274141311646,0.5023068189620972,-0.4244205951690674,0.04836340993642807,0.2794605791568756,0.23109716922044754,0.0007202429114840925,6.965570264583221e-06,-0.0007132773412195093,26.522890090942383,11.272610664367676,-15.250279426574707,1.0,0.12868857383728027,
25,0,BraTS-GLI-01041-000,E_random_matched_A_seg,0.5,parameter,0.4999999832507453,0.9267274141311646,0.9259048700332642,-0.0008225440979003906,0.04836340993642807,0.04842289909720421,5.9489160776138306e-05,0.0007202429114840925,0.0007242154097184539,3.97249823436141e-06,26.522890090942383,26.803964614868164,0.28107452392578125,,,
25,0,BraTS-GLI-01041-000,A_seg,1.0,parameter,1.0000000048894435,0.9267274141311646,5.613956454908475e-05,-0.9266712745666155,0.04836340993642807,0.5708099007606506,0.5224464908242226,0.0007202429114840925,1.1363788843254952e-07,-0.0007201292735956599,26.522890090942383,13.068625450134277,-13.454264640808105,1.0,0.12868857383728027,
25,0,BraTS-GLI-01041-000,E_random_matched_A_seg,1.0,parameter,1.0000000083018676,0.9267274141311646,0.9274147748947144,0.0006873607635498047,0.04836340993642807,0.04782705008983612,-0.0005363598465919495,0.0007202429114840925,0.0007440393674187362,2.3796455934643745e-05,26.522890090942383,25.832895278930664,-0.6899948120117188,,,
25,0,BraTS-GLI-01041-000,A_seg,2.0,parameter,2.000000009778887,0.9267274141311646,0.0,-0.9267274141311646,0.04836340993642807,0.6909486651420593,0.6425852552056313,0.0007202429114840925,1.8098804399624413e-10,-0.0007202427304960485,26.522890090942383,21.546157836914062,-4.97673225402832,1.0,0.12868857383728027,
25,0,BraTS-GLI-01041-000,E_random_matched_A_seg,2.0,parameter,2.0000000035215635,0.9267274141311646,0.9263396859169006,-0.000387728214263916,0.04836340993642807,0.0474604070186615,-0.000903002917766571,0.0007202429114840925,0.0008375803590752184,0.00011733744759112597,26.522890090942383,25.994945526123047,-0.5279445648193359,,,
25,0,BraTS-GLI-01041-000,B_margin,0.25,parameter,0.2500000055551936,0.9267274141311646,0.9242424368858337,-0.0024849772453308105,0.04836340993642807,0.04944554716348648,0.0010821372270584106,0.0007202429114840925,0.0004825396463274956,-0.0002377032651565969,26.522890090942383,30.444454193115234,3.9215641021728516,0.12868857383728027,1.0,
25,0,BraTS-GLI-01041-000,E_random_matched_B_margin,0.25,parameter,0.2500000013533281,0.9267274141311646,0.9270516633987427,0.000324249267578125,0.04836340993642807,0.04829878360033035,-6.462633609771729e-05,0.0007202429114840925,0.0007144598057493567,-5.783105734735727e-06,26.522890090942383,26.666723251342773,0.14383316040039062,,,
25,0,BraTS-GLI-01041-000,B_margin,0.5,parameter,0.5000000111103872,0.9267274141311646,0.9105014204978943,-0.016225993633270264,0.04836340993642807,0.05539621785283089,0.007032807916402817,0.0007202429114840925,0.00031844089971855283,-0.00040180201176553965,26.522890090942383,34.009456634521484,7.486566543579102,0.12868857383728027,1.0,
25,0,BraTS-GLI-01041-000,E_random_matched_B_margin,0.5,parameter,0.4999999921419657,0.9267274141311646,0.9274867177009583,0.0007593035697937012,0.04836340993642807,0.048446305096149445,8.289515972137451e-05,0.0007202429114840925,0.0007159145316109061,-4.32837987318635e-06,26.522890090942383,26.5218448638916,-0.00104522705078125,,,
25,0,BraTS-GLI-01041-000,B_margin,1.0,parameter,1.0000000222207743,0.9267274141311646,0.8724781274795532,-0.05424928665161133,0.04836340993642807,0.07981733232736588,0.031453922390937805,0.0007202429114840925,0.00010471630230313167,-0.0006155266091809608,26.522890090942383,40.38105773925781,13.85816764831543,0.12868857383728027,1.0,
25,0,BraTS-GLI-01041-000,E_random_matched_B_margin,1.0,parameter,1.0000000032014214,0.9267274141311646,0.9273173213005066,0.000589907169342041,0.04836340993642807,0.048351872712373734,-1.1537224054336548e-05,0.0007202429114840925,0.0007142437971197069,-5.999114364385605e-06,26.522890090942383,27.096206665039062,0.5733165740966797,,,
25,0,BraTS-GLI-01041-000,B_margin,2.0,parameter,2.0000000444415487,0.9267274141311646,0.7660638689994812,-0.16066354513168335,0.04836340993642807,0.4049566686153412,0.3565932586789131,0.0007202429114840925,3.192334406776354e-05,-0.0006883195674163289,26.522890090942383,53.491764068603516,26.968873977661133,0.12868857383728027,1.0,
25,0,BraTS-GLI-01041-000,E_random_matched_B_margin,2.0,parameter,2.0000000823347346,0.9267274141311646,0.923478901386261,-0.0032485127449035645,0.04836340993642807,0.04982861503958702,0.0014652051031589508,0.0007202429114840925,0.000759309041313827,3.9066129829734564e-05,26.522890090942383,27.31585121154785,0.7929611206054688,,,
25,0,BraTS-GLI-01041-000,C_total,0.25,parameter,0.25000000999716554,0.9267274141311646,0.8591334819793701,-0.06759393215179443,0.04836340993642807,0.07436902076005936,0.026005610823631287,0.0007202429114840925,0.00017667865904513747,-0.000543564252438955,26.522890090942383,17.551876068115234,-8.971014022827148,0.9999707937240601,0.1362576186656952,
25,0,BraTS-GLI-01041-000,E_random_matched_C_total,0.25,parameter,0.2500000131112753,0.9267274141311646,0.9267274141311646,0.0,0.04836340993642807,0.04840247333049774,3.906339406967163e-05,0.0007202429114840925,0.0007251410861499608,4.898174665868282e-06,26.522890090942383,26.474794387817383,-0.048095703125,,,
25,0,BraTS-GLI-01041-000,C_total,0.5,parameter,0.5000000199943311,0.9267274141311646,0.5078999996185303,-0.4188274145126343,0.04836340993642807,0.2773762047290802,0.22901279479265213,0.0007202429114840925,6.965367902012076e-06,-0.0007132775435820804,26.522890090942383,11.30324649810791,-15.219643592834473,0.9999707937240601,0.1362576186656952,
25,0,BraTS-GLI-01041-000,E_random_matched_C_total,0.5,parameter,0.5000000140935297,0.9267274141311646,0.9274040460586548,0.0006766319274902344,0.04836340993642807,0.04885489493608475,0.0004914849996566772,0.0007202429114840925,0.0007628281600773335,4.2585248593240976e-05,26.522890090942383,26.2027645111084,-0.3201255798339844,,,
25,0,BraTS-GLI-01041-000,C_total,1.0,parameter,1.0000000399886622,0.9267274141311646,5.581447112490423e-05,-0.9266715996600396,0.04836340993642807,0.5708097219467163,0.5224463120102882,0.0007202429114840925,1.1654174159048125e-07,-0.000720126369742502,26.522890090942383,13.044130325317383,-13.478759765625,0.9999707937240601,0.1362576186656952,
25,0,BraTS-GLI-01041-000,E_random_matched_C_total,1.0,parameter,1.000000004452886,0.9267274141311646,0.9264594316482544,-0.00026798248291015625,0.04836340993642807,0.048914484679698944,0.000551074743270874,0.0007202429114840925,0.0007286220206879079,8.37910920381546e-06,26.522890090942383,26.560535430908203,0.03764533996582031,,,
25,0,BraTS-GLI-01041-000,C_total,2.0,parameter,2.0000000799773243,0.9267274141311646,0.0,-0.9267274141311646,0.04836340993642807,0.6909204721450806,0.6425570622086525,0.0007202429114840925,1.834328661187712e-10,-0.0007202427280512264,26.522890090942383,21.473176956176758,-5.049713134765625,0.9999707937240601,0.1362576186656952,
25,0,BraTS-GLI-01041-000,E_random_matched_C_total,2.0,parameter,1.9999999784049576,0.9267274141311646,0.9289975166320801,0.0022701025009155273,0.04836340993642807,0.04881948605179787,0.00045607611536979675,0.0007202429114840925,0.00078171631321311,6.14734017290175e-05,26.522890090942383,24.85019302368164,-1.6726970672607422,,,
25,0,BraTS-GLI-01041-000,D_useful,1.0,activation,,0.9267274141311646,0.9362754225730896,0.009548008441925049,0.04836340993642807,0.0430532842874527,-0.005310125648975372,0.0007202429114840925,0.0005750476266257465,-0.00014519528485834599,26.522890090942383,28.446714401245117,1.9238243103027344,,,1.0
25,0,BraTS-GLI-01041-000,E_random_matched_D_useful,1.0,activation,,0.9267274141311646,0.9272176027297974,0.0004901885986328125,0.04836340993642807,,,0.0007202429114840925,,,26.522890090942383,26.569740295410156,0.04685020446777344,,,
25,0,BraTS-GLI-01041-000,D_useful,2.0,activation,,0.9267274141311646,0.9468672871589661,0.020139873027801514,0.04836340993642807,0.03867929428815842,-0.009684115648269653,0.0007202429114840925,0.0004435504088178277,-0.00027669250266626477,26.522890090942383,30.38117218017578,3.8582820892333984,,,1.0
25,0,BraTS-GLI-01041-000,E_random_matched_D_useful,2.0,activation,,0.9267274141311646,0.9270239472389221,0.00029653310775756836,0.04836340993642807,,,0.0007202429114840925,,,26.522890090942383,26.703899383544922,0.18100929260253906,,,
25,0,BraTS-GLI-01041-000,D_useful,4.0,activation,,0.9267274141311646,0.9626381993293762,0.03591078519821167,0.04836340993642807,0.03199049457907677,-0.016372915357351303,0.0007202429114840925,0.0002890423929784447,-0.0004312005185056478,26.522890090942383,34.267799377441406,7.744909286499023,,,1.0
25,0,BraTS-GLI-01041-000,E_random_matched_D_useful,4.0,activation,,0.9267274141311646,0.9232227206230164,-0.0035046935081481934,0.04836340993642807,,,0.0007202429114840925,,,26.522890090942383,27.21664810180664,0.6937580108642578,,,
25,0,BraTS-GLI-01041-000,D_useful,14.0,activation,,0.9267274141311646,0.9878589510917664,0.06113153696060181,0.04836340993642807,0.01774642802774906,-0.03061698190867901,0.0007202429114840925,4.651217386708595e-05,-0.0006737307376170065,26.522890090942383,53.82554244995117,27.30265235900879,,,1.0
25,0,BraTS-GLI-01041-000,E_random_matched_D_useful,14.0,activation,,0.9267274141311646,0.33574408292770386,-0.5909833312034607,0.04836340993642807,,,0.0007202429114840925,,,26.522890090942383,33.574310302734375,7.051420211791992,,,
25,1,BraTS-GLI-01161-000,A_seg,0.25,parameter,0.2499999981664587,0.917171061038971,0.9095259308815002,-0.007645130157470703,0.051321111619472504,0.05440279096364975,0.003081679344177246,0.0007169721648097038,0.0002910301845986396,-0.0004259419802110642,30.086307525634766,44.3974494934082,14.311141967773438,1.0,0.22556671500205994,
25,1,BraTS-GLI-01161-000,E_random_matched_A_seg,0.25,parameter,0.24999998807106721,0.917171061038971,0.9173052310943604,0.0001341700553894043,0.051321111619472504,0.051321543753147125,4.3213367462158203e-07,0.0007169721648097038,0.0007106816046871245,-6.290560122579336e-06,30.086307525634766,30.018333435058594,-0.06797409057617188,,,
25,1,BraTS-GLI-01161-000,A_seg,0.5,parameter,0.4999999963329174,0.917171061038971,0.8530140519142151,-0.06415700912475586,0.051321111619472504,0.07738131284713745,0.026060201227664948,0.0007169721648097038,8.259496826212853e-05,-0.0006343771965475753,30.086307525634766,59.0592155456543,28.97290802001953,1.0,0.22556671500205994,
25,1,BraTS-GLI-01161-000,E_random_matched_A_seg,0.5,parameter,0.5000000018990249,0.917171061038971,0.9173553586006165,0.0001842975616455078,0.051321111619472504,0.05135106295347214,2.995133399963379e-05,0.0007169721648097038,0.000703112396877259,-1.3859767932444811e-05,30.086307525634766,30.6121826171875,0.5258750915527344,,,
25,1,BraTS-GLI-01161-000,A_seg,1.0,parameter,0.9999999926658348,0.917171061038971,0.4361196458339691,-0.48105141520500183,0.051321111619472504,0.2987614870071411,0.2474403753876686,0.0007169721648097038,7.203822406154359e-06,-0.0007097683424035495,30.086307525634766,89.06908416748047,58.9827766418457,1.0,0.22556671500205994,
25,1,BraTS-GLI-01161-000,E_random_matched_A_seg,1.0,parameter,0.9999999686406222,0.917171061038971,0.9171305894851685,-4.0471553802490234e-05,0.051321111619472504,0.05127469822764397,-4.641339182853699e-05,0.0007169721648097038,0.0007080776267684996,-8.894538041204214e-06,30.086307525634766,29.921875,-0.16443252563476562,,,
25,1,BraTS-GLI-01161-000,A_seg,2.0,parameter,1.9999999853316697,0.917171061038971,0.198503777384758,-0.718667283654213,0.051321111619472504,0.5882797837257385,0.536958672106266,0.0007169721648097038,7.97455356860155e-07,-0.0007161747094528437,30.086307525634766,157.4555206298828,127.36921310424805,1.0,0.22556671500205994,
25,1,BraTS-GLI-01161-000,E_random_matched_A_seg,2.0,parameter,1.9999999308929535,0.917171061038971,0.9187816977500916,0.0016106367111206055,0.051321111619472504,0.05368945002555847,0.002368338406085968,0.0007169721648097038,0.0008811364532448351,0.0001641642884351313,30.086307525634766,30.208209991455078,0.1219024658203125,,,
25,1,BraTS-GLI-01161-000,B_margin,0.25,parameter,0.25000000316867954,0.917171061038971,0.9224696159362793,0.00529855489730835,0.051321111619472504,0.053067974746227264,0.0017468631267547607,0.0007169721648097038,0.00045501990825869143,-0.0002619522565510124,30.086307525634766,35.184898376464844,5.098590850830078,0.22556671500205994,1.0,
25,1,BraTS-GLI-01161-000,E_random_matched_B_margin,0.25,parameter,0.2500000130094119,0.917171061038971,0.917264461517334,9.340047836303711e-05,0.051321111619472504,0.05131571739912033,-5.3942203521728516e-06,0.0007169721648097038,0.000729691528249532,1.2719363439828157e-05,30.086307525634766,29.98666000366211,-0.09964752197265625,,,
25,1,BraTS-GLI-01161-000,B_margin,0.5,parameter,0.5000000063373591,0.917171061038971,0.9222620129585266,0.005090951919555664,0.051321111619472504,0.06938604265451431,0.01806493103504181,0.0007169721648097038,0.0003566799859981984,-0.00036029217881150544,30.086307525634766,40.774314880371094,10.688007354736328,0.22556671500205994,1.0,
25,1,BraTS-GLI-01161-000,E_random_matched_B_margin,0.5,parameter,0.5000000325380813,0.917171061038971,0.9180849194526672,0.0009138584136962891,0.051321111619472504,0.05149691551923752,0.00017580389976501465,0.0007169721648097038,0.0007355862762778997,1.8614111468195915e-05,30.086307525634766,30.1838321685791,0.09752464294433594,,,
25,1,BraTS-GLI-01161-000,B_margin,1.0,parameter,1.0000000126747182,0.917171061038971,0.8890876770019531,-0.028083384037017822,0.051321111619472504,0.4470883011817932,0.3957671895623207,0.0007169721648097038,0.00019198977679479867,-0.0005249823880149052,30.086307525634766,53.02402877807617,22.937721252441406,0.22556671500205994,1.0,
25,1,BraTS-GLI-01161-000,E_random_matched_B_margin,1.0,parameter,0.9999999439023652,0.917171061038971,0.91697096824646,-0.00020009279251098633,0.051321111619472504,0.051551468670368195,0.00023035705089569092,0.0007169721648097038,0.000777691719122231,6.071955431252718e-05,30.086307525634766,29.986223220825195,-0.10008430480957031,,,
25,1,BraTS-GLI-01161-000,B_margin,2.0,parameter,2.0000000253494363,0.917171061038971,0.049778807908296585,-0.8673922531306744,0.051321111619472504,0.8646306991577148,0.8133095875382423,0.0007169721648097038,5.812610834254883e-05,-0.000658846056467155,30.086307525634766,80.65763854980469,50.57133102416992,0.22556671500205994,1.0,
25,1,BraTS-GLI-01161-000,E_random_matched_B_margin,2.0,parameter,1.9999999136198294,0.917171061038971,0.9166534543037415,-0.0005176067352294922,0.051321111619472504,0.052524633705616,0.0012035220861434937,0.0007169721648097038,0.0008251281105913222,0.00010815594578161836,30.086307525634766,29.604610443115234,-0.48169708251953125,,,
25,1,BraTS-GLI-01161-000,C_total,0.25,parameter,0.24999999307328827,0.917171061038971,0.9095259308815002,-0.007645130157470703,0.051321111619472504,0.054430343210697174,0.0031092315912246704,0.0007169721648097038,0.0002882580738514662,-0.00042871409095823765,30.086307525634766,44.462493896484375,14.37618637084961,0.9997844099998474,0.24574518203735352,
25,1,BraTS-GLI-01161-000,E_random_matched_C_total,0.25,parameter,0.24999998388557235,0.917171061038971,0.917211651802063,4.0590763092041016e-05,0.051321111619472504,0.051279351115226746,-4.176050424575806e-05,0.0007169721648097038,0.0007243852014653385,7.413036655634642e-06,30.086307525634766,29.992698669433594,-0.09360885620117188,,,
25,1,BraTS-GLI-01161-000,C_total,0.5,parameter,0.49999998614657654,0.917171061038971,0.8533663749694824,-0.06380468606948853,0.051321111619472504,0.07726939767599106,0.025948286056518555,0.0007169721648097038,8.26478935778141e-05,-0.0006343242712318897,30.086307525634766,59.22669982910156,29.140392303466797,0.9997844099998474,0.24574518203735352,
25,1,BraTS-GLI-01161-000,E_random_matched_C_total,0.5,parameter,0.4999999799183566,0.917171061038971,0.917158842086792,-1.2218952178955078e-05,0.051321111619472504,0.05138131603598595,6.020441651344299e-05,0.0007169721648097038,0.0007245607557706535,7.588590960949659e-06,30.086307525634766,29.974735260009766,-0.111572265625,,,
25,1,BraTS-GLI-01161-000,C_total,1.0,parameter,0.9999999722931531,0.917171061038971,0.43897292017936707,-0.4781981408596039,0.051321111619472504,0.29743239283561707,0.24611128121614456,0.0007169721648097038,5.317961949913297e-06,-0.0007116542028597905,30.086307525634766,89.53802490234375,59.451717376708984,0.9997844099998474,0.24574518203735352,
25,1,BraTS-GLI-01161-000,E_random_matched_C_total,1.0,parameter,1.0000000153813742,0.917171061038971,0.9179446697235107,0.0007736086845397949,0.051321111619472504,0.05128555744886398,-3.555417060852051e-05,0.0007169721648097038,0.0007045990787446499,-1.237308606505394e-05,30.086307525634766,31.23957061767578,1.1532630920410156,,,
25,1,BraTS-GLI-01161-000,C_total,2.0,parameter,1.9999999445863061,0.917171061038971,0.1993759572505951,-0.7177951037883759,0.051321111619472504,0.5931828618049622,0.5418617501854897,0.0007169721648097038,1.1294007435935782e-06,-0.0007158427640661102,30.086307525634766,158.849609375,128.76330184936523,0.9997844099998474,0.24574518203735352,
25,1,BraTS-GLI-01161-000,E_random_matched_C_total,2.0,parameter,1.9999998753773942,0.917171061038971,0.9168524742126465,-0.0003185868263244629,0.051321111619472504,0.05187779664993286,0.0005566850304603577,0.0007169721648097038,0.0008164251339621842,9.945296915248036e-05,30.086307525634766,28.53337860107422,-1.5529289245605469,,,
25,1,BraTS-GLI-01161-000,D_useful,1.0,activation,,0.917171061038971,0.9270932674407959,0.009922206401824951,0.051321111619472504,0.04673122614622116,-0.004589885473251343,0.0007169721648097038,0.0006302283727563918,-8.674379205331206e-05,30.086307525634766,32.00059127807617,1.9142837524414062,,,1.0
25,1,BraTS-GLI-01161-000,E_random_matched_D_useful,1.0,activation,,0.917171061038971,0.9175307154655457,0.00035965442657470703,0.051321111619472504,,,0.0007169721648097038,,,30.086307525634766,30.126314163208008,0.04000663757324219,,,
25,1,BraTS-GLI-01161-000,D_useful,2.0,activation,,0.917171061038971,0.9329083561897278,0.015737295150756836,0.051321111619472504,0.04289767146110535,-0.008423440158367157,0.0007169721648097038,0.0005027136066928506,-0.00021425855811685324,30.086307525634766,33.92692184448242,3.8406143188476562,,,1.0
25,1,BraTS-GLI-01161-000,E_random_matched_D_useful,2.0,activation,,0.917171061038971,0.9179021120071411,0.000731050968170166,0.051321111619472504,,,0.0007169721648097038,,,30.086307525634766,30.27736473083496,0.1910572052001953,,,
25,1,BraTS-GLI-01161-000,D_useful,4.0,activation,,0.917171061038971,0.9438954591751099,0.026724398136138916,0.051321111619472504,0.03664802759885788,-0.014673084020614624,0.0007169721648097038,0.00035323668271303177,-0.00036373548209667206,30.086307525634766,37.80032730102539,7.714019775390625,,,1.0
25,1,BraTS-GLI-01161-000,E_random_matched_D_useful,4.0,activation,,0.917171061038971,0.9172501564025879,7.909536361694336e-05,0.051321111619472504,,,0.0007169721648097038,,,30.086307525634766,30.767993927001953,0.6816864013671875,,,
25,1,BraTS-GLI-01161-000,D_useful,14.0,activation,,0.917171061038971,0.9794225692749023,0.062251508235931396,0.051321111619472504,0.020015377551317215,-0.03130573406815529,0.0007169721648097038,6.549937097588554e-05,-0.0006514727938338183,30.086307525634766,57.30911636352539,27.222808837890625,,,1.0
25,1,BraTS-GLI-01161-000,E_random_matched_D_useful,14.0,activation,,0.917171061038971,0.37955135107040405,-0.5376197099685669,0.051321111619472504,,,0.0007169721648097038,,,30.086307525634766,36.71797561645508,6.6316680908203125,,,
25,2,BraTS-GLI-01189-000,A_seg,0.25,parameter,0.24999999166175244,0.8627991080284119,0.875095546245575,0.012296438217163086,0.07117805629968643,0.06525462120771408,-0.005923435091972351,0.0004187109007034451,0.00045888544991612434,4.017454921267927e-05,23.402536392211914,36.01971435546875,12.617177963256836,1.0,0.021484792232513428,
25,2,BraTS-GLI-01189-000,E_random_matched_A_seg,0.25,parameter,0.2500000012405508,0.8627991080284119,0.8626978397369385,-0.00010126829147338867,0.07117805629968643,0.07095032930374146,-0.0002277269959449768,0.0004187109007034451,0.000417920557083562,-7.903436198830605e-07,23.402536392211914,23.465700149536133,0.06316375732421875,,,
25,2,BraTS-GLI-01189-000,A_seg,0.5,parameter,0.49999998332350487,0.8627991080284119,0.8088900446891785,-0.0539090633392334,0.07117805629968643,0.09467144310474396,0.023493386805057526,0.0004187109007034451,2.2377382265403867e-05,-0.0003963335184380412,23.402536392211914,48.47471618652344,25.072179794311523,1.0,0.021484792232513428,
25,2,BraTS-GLI-01189-000,E_random_matched_A_seg,0.5,parameter,0.49999997935083185,0.8627991080284119,0.8633316159248352,0.0005325078964233398,0.07117805629968643,0.07088939845561981,-0.0002886578440666199,0.0004187109007034451,0.00043298638775013387,1.4275487046688795e-05,23.402536392211914,23.31855010986328,-0.08398628234863281,,,
25,2,BraTS-GLI-01189-000,A_seg,1.0,parameter,0.9999999666470097,0.8627991080284119,0.2397652119398117,-0.6230338960886002,0.07117805629968643,0.4481421113014221,0.3769640550017357,0.0004187109007034451,1.7434004462302255e-07,-0.00041853656065882205,23.402536392211914,69.4679183959961,46.06538200378418,1.0,0.021484792232513428,
25,2,BraTS-GLI-01189-000,E_random_matched_A_seg,1.0,parameter,0.9999999720021147,0.8627991080284119,0.8625625371932983,-0.0002365708351135254,0.07117805629968643,0.07148382067680359,0.000305764377117157,0.0004187109007034451,0.00039288419065997005,-2.5826710043475032e-05,23.402536392211914,22.862485885620117,-0.5400505065917969,,,
25,2,BraTS-GLI-01189-000,A_seg,2.0,parameter,1.9999999332940195,0.8627991080284119,0.1636655479669571,-0.6991335600614548,0.07117805629968643,0.6361302137374878,0.5649521574378014,0.0004187109007034451,1.7378858352401494e-09,-0.00041870916281760984,23.402536392211914,95.82829284667969,72.42575645446777,1.0,0.021484792232513428,
25,2,BraTS-GLI-01189-000,E_random_matched_A_seg,2.0,parameter,1.999999872641634,0.8627991080284119,0.8634330630302429,0.0006339550018310547,0.07117805629968643,0.07244275510311127,0.0012646988034248352,0.0004187109007034451,0.0005099241971038282,9.121329640038311e-05,23.402536392211914,23.674909591674805,0.2723731994628906,,,
25,2,BraTS-GLI-01189-000,B_margin,0.25,parameter,0.25000000404543243,0.8627991080284119,0.8642697334289551,0.0014706254005432129,0.07117805629968643,0.07131573557853699,0.00013767927885055542,0.0004187109007034451,0.0002551181532908231,-0.00016359274741262197,23.402536392211914,23.62411880493164,0.22158241271972656,0.021484792232513428,1.0,
25,2,BraTS-GLI-01189-000,E_random_matched_B_margin,0.25,parameter,0.2500000022828317,0.8627991080284119,0.8630419969558716,0.0002428889274597168,0.07117805629968643,0.07097485661506653,-0.00020319968461990356,0.0004187109007034451,0.00041886226972565055,1.51369022205472e-07,23.402536392211914,23.459999084472656,0.05746269226074219,,,
25,2,BraTS-GLI-01189-000,B_margin,0.5,parameter,0.5000000080908649,0.8627991080284119,0.8640959858894348,0.0012968778610229492,0.07117805629968643,0.07472565770149231,0.0035476014018058777,0.0004187109007034451,0.00025888162781484425,-0.00015982927288860083,23.402536392211914,23.76955223083496,0.3670158386230469,0.021484792232513428,1.0,
25,2,BraTS-GLI-01189-000,E_random_matched_B_margin,0.5,parameter,0.500000015923433,0.8627991080284119,0.864159345626831,0.0013602375984191895,0.07117805629968643,0.07017311453819275,-0.0010049417614936829,0.0004187109007034451,0.00043079396709799767,1.2083066394552588e-05,23.402536392211914,24.055662155151367,0.6531257629394531,,,
25,2,BraTS-GLI-01189-000,B_margin,1.0,parameter,1.0000000161817297,0.8627991080284119,0.8372740149497986,-0.02552509307861328,0.07117805629968643,0.11095860600471497,0.039780549705028534,0.0004187109007034451,0.0002231615799246356,-0.0001955493207788095,23.402536392211914,25.013046264648438,1.6105098724365234,0.021484792232513428,1.0,
25,2,BraTS-GLI-01189-000,E_random_matched_B_margin,1.0,parameter,0.9999999949213816,0.8627991080284119,0.8610919117927551,-0.0017071962356567383,0.07117805629968643,0.07203534245491028,0.0008572861552238464,0.0004187109007034451,0.0004062916268594563,-1.2419273843988776e-05,23.402536392211914,23.36073112487793,-0.041805267333984375,,,
25,2,BraTS-GLI-01189-000,B_margin,2.0,parameter,2.0000000323634595,0.8627991080284119,0.7036170363426208,-0.15918207168579102,0.07117805629968643,0.5229954719543457,0.45181741565465927,0.0004187109007034451,6.771889457013458e-05,-0.0003509920061333105,23.402536392211914,33.36642074584961,9.963884353637695,0.021484792232513428,1.0,
25,2,BraTS-GLI-01189-000,E_random_matched_B_margin,2.0,parameter,2.0000000932777744,0.8627991080284119,0.8653648495674133,0.002565741539001465,0.07117805629968643,0.07193155586719513,0.0007534995675086975,0.0004187109007034451,0.0004528899153228849,3.417901461943984e-05,23.402536392211914,24.199237823486328,0.7967014312744141,,,
25,2,BraTS-GLI-01189-000,C_total,0.25,parameter,0.25000001501757607,0.8627991080284119,0.875095546245575,0.012296438217163086,0.07117805629968643,0.06524528563022614,-0.005932770669460297,0.0004187109007034451,0.00045776160550303757,3.9050704799592495e-05,23.402536392211914,36.02172088623047,12.619184494018555,0.9999923706054688,0.025377141311764717,
25,2,BraTS-GLI-01189-000,E_random_matched_C_total,0.25,parameter,0.25000001323678556,0.8627991080284119,0.8632375597953796,0.00043845176696777344,0.07117805629968643,0.0710962563753128,-8.179992437362671e-05,0.0004187109007034451,0.0004188573220744729,1.4642137102782726e-07,23.402536392211914,23.460412979125977,0.0578765869140625,,,
25,2,BraTS-GLI-01189-000,C_total,0.5,parameter,0.5000000300351521,0.8627991080284119,0.8088900446891785,-0.0539090633392334,0.07117805629968643,0.09460341930389404,0.02342536300420761,0.0004187109007034451,2.23841198021546e-05,-0.0003963267809012905,23.402536392211914,48.48087692260742,25.078340530395508,0.9999923706054688,0.025377141311764717,
25,2,BraTS-GLI-01189-000,E_random_matched_C_total,0.5,parameter,0.5000000391300985,0.8627991080284119,0.8621640205383301,-0.0006350874900817871,0.07117805629968643,0.07138112187385559,0.00020306557416915894,0.0004187109007034451,0.0004339086008258164,1.5197700122371316e-05,23.402536392211914,23.43283462524414,0.030298233032226562,,,
25,2,BraTS-GLI-01189-000,C_total,1.0,parameter,1.0000000600703043,0.8627991080284119,0.2398899793624878,-0.6229091286659241,0.07117805629968643,0.4480838477611542,0.37690579146146774,0.0004187109007034451,1.726403411339561e-07,-0.0004185382603623111,23.402536392211914,69.48368835449219,46.08115196228027,0.9999923706054688,0.025377141311764717,
25,2,BraTS-GLI-01189-000,E_random_matched_C_total,1.0,parameter,1.0000000560103202,0.8627991080284119,0.8608380556106567,-0.001961052417755127,0.07117805629968643,0.07150690257549286,0.000328846275806427,0.0004187109007034451,0.00037226625136099756,-4.644464934244752e-05,23.402536392211914,22.864112854003906,-0.5384235382080078,,,
25,2,BraTS-GLI-01189-000,C_total,2.0,parameter,2.0000001201406086,0.8627991080284119,0.1636819690465927,-0.6991171389818192,0.07117805629968643,0.6363058686256409,0.5651278123259544,0.0004187109007034451,1.5175360967845108e-09,-0.0004187093831673483,23.402536392211914,95.91520690917969,72.51267051696777,0.9999923706054688,0.025377141311764717,
25,2,BraTS-GLI-01189-000,E_random_matched_C_total,2.0,parameter,2.0000001339358233,0.8627991080284119,0.8690313696861267,0.006232261657714844,0.07117805629968643,0.07045978307723999,-0.0007182732224464417,0.0004187109007034451,0.0005596493720076978,0.00014093847130425274,23.402536392211914,23.764253616333008,0.36171722412109375,,,
25,2,BraTS-GLI-01189-000,D_useful,1.0,activation,,0.8627991080284119,0.8707132935523987,0.007914185523986816,0.07117805629968643,0.06576289236545563,-0.0054151639342308044,0.0004187109007034451,0.0003148464602418244,-0.00010386444046162069,23.402536392211914,25.19439697265625,1.791860580444336,,,1.0
25,2,BraTS-GLI-01189-000,E_random_matched_D_useful,1.0,activation,,0.8627991080284119,0.862751841545105,-4.7266483306884766e-05,0.07117805629968643,,,0.0004187109007034451,,,23.402536392211914,23.478015899658203,0.07547950744628906,,,
25,2,BraTS-GLI-01189-000,D_useful,2.0,activation,,0.8627991080284119,0.8772827982902527,0.01448369026184082,0.07117805629968643,0.061030663549900055,-0.010147392749786377,0.0004187109007034451,0.000261985813267529,-0.00015672508743591607,23.402536392211914,27.024173736572266,3.6216373443603516,,,1.0
25,2,BraTS-GLI-01189-000,E_random_matched_D_useful,2.0,activation,,0.8627991080284119,0.862751841545105,-4.7266483306884766e-05,0.07117805629968643,,,0.0004187109007034451,,,23.402536392211914,23.693788528442383,0.29125213623046875,,,
25,2,BraTS-GLI-01189-000,D_useful,4.0,activation,,0.8627991080284119,0.8918143510818481,0.02901524305343628,0.07117805629968643,0.05310038477182388,-0.01807767152786255,0.0004187109007034451,0.000146892576594837,-0.00027181832410860807,23.402536392211914,30.730918884277344,7.32838249206543,,,1.0
25,2,BraTS-GLI-01189-000,E_random_matched_D_useful,4.0,activation,,0.8627991080284119,0.861474871635437,-0.0013242363929748535,0.07117805629968643,,,0.0004187109007034451,,,23.402536392211914,24.413572311401367,1.0110359191894531,,,
25,2,BraTS-GLI-01189-000,D_useful,14.0,activation,,0.8627991080284119,0.9311078190803528,0.06830871105194092,0.07117805629968643,0.03213649243116379,-0.039041563868522644,0.0004187109007034451,2.7326183044351637e-05,-0.00039138471765909344,23.402536392211914,49.52378463745117,26.121248245239258,,,1.0
25,2,BraTS-GLI-01189-000,E_random_matched_D_useful,14.0,activation,,0.8627991080284119,0.3431631624698639,-0.519635945558548,0.07117805629968643,,,0.0004187109007034451,,,23.402536392211914,31.693696975708008,8.291160583496094,,,
25,3,BraTS-GLI-01336-000,A_seg,0.25,parameter,0.25000001021544427,0.9600282907485962,0.8133056163787842,-0.146722674369812,0.03881266340613365,0.08618719130754471,0.047374527901411057,9.175147715723142e-05,5.6315602705581114e-05,-3.5435874451650307e-05,35.11649703979492,19.889684677124023,-15.226812362670898,1.0,0.03752206638455391,
25,3,BraTS-GLI-01336-000,E_random_matched_A_seg,0.25,parameter,0.2500000031541276,0.9600282907485962,0.9588943719863892,-0.0011339187622070312,0.03881266340613365,0.03873681277036667,-7.585063576698303e-05,9.175147715723142e-05,8.859081572154537e-05,-3.160661435686052e-06,35.11649703979492,34.89186477661133,-0.22463226318359375,,,
25,3,BraTS-GLI-01336-000,A_seg,0.5,parameter,0.5000000204308885,0.9600282907485962,0.28777843713760376,-0.6722498536109924,0.03881266340613365,0.35392728447914124,0.3151146210730076,9.175147715723142e-05,1.8622436982695945e-05,-7.312904017453548e-05,35.11649703979492,11.651460647583008,-23.465036392211914,1.0,0.03752206638455391,
25,3,BraTS-GLI-01336-000,E_random_matched_A_seg,0.5,parameter,0.499999985717295,0.9600282907485962,0.9622041583061218,0.0021758675575256348,0.03881266340613365,0.0386601947247982,-0.00015246868133544922,9.175147715723142e-05,8.981701103039086e-05,-1.9344661268405616e-06,35.11649703979492,34.996891021728516,-0.11960601806640625,,,
25,3,BraTS-GLI-01336-000,A_seg,1.0,parameter,1.000000040861777,0.9600282907485962,0.0,-0.9600282907485962,0.03881266340613365,0.5386332273483276,0.499820563942194,9.175147715723142e-05,2.0047636439812777e-07,-9.155100079283329e-05,35.11649703979492,19.596141815185547,-15.520355224609375,1.0,0.03752206638455391,
25,3,BraTS-GLI-01336-000,E_random_matched_A_seg,1.0,parameter,1.000000012354576,0.9600282907485962,0.9599999785423279,-2.8312206268310547e-05,0.03881266340613365,0.03914014250040054,0.0003274790942668915,9.175147715723142e-05,9.034978575073183e-05,-1.4016914064995944e-06,35.11649703979492,34.954917907714844,-0.16157913208007812,,,
25,3,BraTS-GLI-01336-000,A_seg,2.0,parameter,2.000000081723554,0.9600282907485962,0.0,-0.9600282907485962,0.03881266340613365,0.536552906036377,0.4977402426302433,9.175147715723142e-05,0.0,-9.175147715723142e-05,35.11649703979492,56.94330596923828,21.82680892944336,1.0,0.03752206638455391,
25,3,BraTS-GLI-01336-000,E_random_matched_A_seg,2.0,parameter,2.000000036117853,0.9600282907485962,0.9602252840995789,0.00019699335098266602,0.03881266340613365,0.040038976818323135,0.0012263134121894836,9.175147715723142e-05,8.923850691644475e-05,-2.5129702407866716e-06,35.11649703979492,35.78347396850586,0.6669769287109375,,,
25,3,BraTS-GLI-01336-000,B_margin,0.25,parameter,0.2500000007944436,0.9600282907485962,0.9121748805046082,-0.04785341024398804,0.03881266340613365,0.05213020741939545,0.013317544013261795,9.175147715723142e-05,0.0006642649532295763,0.0005725134760723449,35.11649703979492,22.771533966064453,-12.344963073730469,0.03752206638455391,1.0,
25,3,BraTS-GLI-01336-000,E_random_matched_B_margin,0.25,parameter,0.24999999205101617,0.9600282907485962,0.9596888422966003,-0.0003394484519958496,0.03881266340613365,0.038959357887506485,0.00014669448137283325,9.175147715723142e-05,9.00652667041868e-05,-1.6862104530446231e-06,35.11649703979492,34.938053131103516,-0.17844390869140625,,,
25,3,BraTS-GLI-01336-000,B_margin,0.5,parameter,0.5000000015888872,0.9600282907485962,0.6053789854049683,-0.35464930534362793,0.03881266340613365,0.1798008233308792,0.14098815992474556,9.175147715723142e-05,0.0006293607875704765,0.0005376093104132451,35.11649703979492,16.092632293701172,-19.02386474609375,0.03752206638455391,1.0,
25,3,BraTS-GLI-01336-000,E_random_matched_B_margin,0.5,parameter,0.4999999950014171,0.9600282907485962,0.9592920541763306,-0.000736236572265625,0.03881266340613365,0.03899304196238518,0.00018037855625152588,9.175147715723142e-05,9.280698577640578e-05,1.0555086191743612e-06,35.11649703979492,34.952693939208984,-0.1638031005859375,,,
25,3,BraTS-GLI-01336-000,B_margin,1.0,parameter,1.0000000031777745,0.9600282907485962,0.011196641251444817,-0.9488316494971514,0.03881266340613365,0.5305644273757935,0.4917517639696598,9.175147715723142e-05,5.764316938439151e-06,-8.598716021879227e-05,35.11649703979492,18.04988670349121,-17.06661033630371,0.03752206638455391,1.0,
25,3,BraTS-GLI-01336-000,E_random_matched_B_margin,1.0,parameter,1.0000000530853854,0.9600282907485962,0.9615520238876343,0.001523733139038086,0.03881266340613365,0.03859348222613335,-0.00021918118000030518,9.175147715723142e-05,8.652822725707665e-05,-5.223249900154769e-06,35.11649703979492,35.18674087524414,0.07024383544921875,,,
25,3,BraTS-GLI-01336-000,B_margin,2.0,parameter,2.000000006355549,0.9600282907485962,0.0,-0.9600282907485962,0.03881266340613365,0.5392833352088928,0.5004706718027592,9.175147715723142e-05,4.945489764235367e-12,-9.175147221174166e-05,35.11649703979492,40.10444641113281,4.987949371337891,0.03752206638455391,1.0,
25,3,BraTS-GLI-01336-000,E_random_matched_B_margin,2.0,parameter,2.0000000499712765,0.9600282907485962,0.956768274307251,-0.003260016441345215,0.03881266340613365,0.03928922489285469,0.0004765614867210388,9.175147715723142e-05,0.00010193138587055728,1.0179908713325858e-05,35.11649703979492,35.21360397338867,0.09710693359375,,,
25,3,BraTS-GLI-01336-000,C_total,0.25,parameter,0.24999999564897732,0.9600282907485962,0.809841513633728,-0.15018677711486816,0.03881266340613365,0.08717572689056396,0.04836306348443031,9.175147715723142e-05,5.453214907902293e-05,-3.721932807820849e-05,35.11649703979492,19.772144317626953,-15.344352722167969,0.9999370574951172,0.04873007908463478,
25,3,BraTS-GLI-01336-000,E_random_matched_C_total,0.25,parameter,0.24999998226849066,0.9600282907485962,0.96042400598526,0.00039571523666381836,0.03881266340613365,0.03893204778432846,0.00011938437819480896,9.175147715723142e-05,9.274681360693648e-05,9.953364497050643e-07,35.11649703979492,35.19878005981445,0.08228302001953125,,,
25,3,BraTS-GLI-01336-000,C_total,0.5,parameter,0.49999999129795464,0.9600282907485962,0.27861902117729187,-0.6814092695713043,0.03881266340613365,0.3581942021846771,0.3193815387785435,9.175147715723142e-05,1.918667294376064e-05,-7.256480421347078e-05,35.11649703979492,11.602494239807129,-23.514002799987793,0.9999370574951172,0.04873007908463478,
25,3,BraTS-GLI-01336-000,E_random_matched_C_total,0.5,parameter,0.49999999284045765,0.9600282907485962,0.9610481858253479,0.001019895076751709,0.03881266340613365,0.038603611290454865,-0.00020905211567878723,9.175147715723142e-05,9.442703594686463e-05,2.6755587896332145e-06,35.11649703979492,34.71809387207031,-0.3984031677246094,,,
25,3,BraTS-GLI-01336-000,C_total,1.0,parameter,0.9999999825959093,0.9600282907485962,0.0,-0.9600282907485962,0.03881266340613365,0.5386571288108826,0.4998444654047489,9.175147715723142e-05,1.9455917765753838e-07,-9.155691797957388e-05,35.11649703979492,19.752582550048828,-15.363914489746094,0.9999370574951172,0.04873007908463478,
25,3,BraTS-GLI-01336-000,E_random_matched_C_total,1.0,parameter,0.9999999677675072,0.9600282907485962,0.958554744720459,-0.001473546028137207,0.03881266340613365,0.03881821036338806,5.54695725440979e-06,9.175147715723142e-05,8.778290793998167e-05,-3.968569217249751e-06,35.11649703979492,34.74941635131836,-0.3670806884765625,,,
25,3,BraTS-GLI-01336-000,C_total,2.0,parameter,1.9999999651918186,0.9600282907485962,0.0,-0.9600282907485962,0.03881266340613365,0.5365280508995056,0.49771538749337196,9.175147715723142e-05,0.0,-9.175147715723142e-05,35.11649703979492,57.31938171386719,22.202884674072266,0.9999370574951172,0.04873007908463478,
25,3,BraTS-GLI-01336-000,E_random_matched_C_total,2.0,parameter,2.0000000243162503,0.9600282907485962,0.9596888422966003,-0.0003394484519958496,0.03881266340613365,0.037482935935258865,-0.0013297274708747864,9.175147715723142e-05,9.271832095691934e-05,9.66843799687922e-07,35.11649703979492,34.82054901123047,-0.2959480285644531,,,
25,3,BraTS-GLI-01336-000,D_useful,1.0,activation,,0.9600282907485962,0.9668547511100769,0.006826460361480713,0.03881266340613365,0.03514198958873749,-0.003670673817396164,9.175147715723142e-05,6.57323471386917e-05,-2.6019130018539727e-05,35.11649703979492,37.05162048339844,1.9351234436035156,,,1.0
25,3,BraTS-GLI-01336-000,E_random_matched_D_useful,1.0,activation,,0.9600282907485962,0.9597457647323608,-0.00028252601623535156,0.03881266340613365,,,9.175147715723142e-05,,,35.11649703979492,35.14939880371094,0.032901763916015625,,,
25,3,BraTS-GLI-01336-000,D_useful,2.0,activation,,0.9600282907485962,0.9707024097442627,0.010674118995666504,0.03881266340613365,0.032196447253227234,-0.006616216152906418,9.175147715723142e-05,5.5874596000649035e-05,-3.5876881156582385e-05,35.11649703979492,38.99538803100586,3.8788909912109375,,,1.0
25,3,BraTS-GLI-01336-000,E_random_matched_D_useful,2.0,activation,,0.9600282907485962,0.9600847959518433,5.650520324707031e-05,0.03881266340613365,,,9.175147715723142e-05,,,35.11649703979492,35.26054763793945,0.14405059814453125,,,
25,3,BraTS-GLI-01336-000,D_useful,4.0,activation,,0.9600282907485962,0.9817159175872803,0.021687626838684082,0.03881266340613365,0.027689021080732346,-0.011123642325401306,9.175147715723142e-05,3.905600533471443e-05,-5.269547182251699e-05,35.11649703979492,42.89854431152344,7.782047271728516,,,1.0
25,3,BraTS-GLI-01336-000,E_random_matched_D_useful,4.0,activation,,0.9600282907485962,0.9583627581596375,-0.0016655325889587402,0.03881266340613365,,,9.175147715723142e-05,,,35.11649703979492,35.67510223388672,0.5586051940917969,,,
25,3,BraTS-GLI-01336-000,D_useful,14.0,activation,,0.9600282907485962,0.9971850514411926,0.037156760692596436,0.03881266340613365,0.01723722368478775,-0.0215754397213459,9.175147715723142e-05,4.600461579684634e-06,-8.715101557754679e-05,35.11649703979492,62.529170989990234,27.412673950195312,,,1.0
25,3,BraTS-GLI-01336-000,E_random_matched_D_useful,14.0,activation,,0.9600282907485962,0.22605621814727783,-0.7339720726013184,0.03881266340613365,,,9.175147715723142e-05,,,35.11649703979492,40.98219680786133,5.865699768066406,,,
25,4,BraTS-GLI-00250-000,A_seg,0.25,parameter,0.2500000004656613,0.9311797618865967,0.9078883528709412,-0.023291409015655518,0.047613225877285004,0.05411737412214279,0.006504148244857788,0.00042779065552167594,0.0004183020500931889,-9.488605428487062e-06,31.096769332885742,44.25990676879883,13.163137435913086,1.0,-0.07357916235923767,
25,4,BraTS-GLI-00250-000,E_random_matched_A_seg,0.25,parameter,0.24999998771818324,0.9311797618865967,0.931554913520813,0.0003751516342163086,0.047613225877285004,0.04758540913462639,-2.7816742658615112e-05,0.00042779065552167594,0.0004332099051680416,5.4192496463656425e-06,31.096769332885742,31.20668601989746,0.10991668701171875,,,
25,4,BraTS-GLI-00250-000,A_seg,0.5,parameter,0.5000000009313226,0.9311797618865967,0.8293873071670532,-0.10179245471954346,0.047613225877285004,0.08337920159101486,0.03576597571372986,0.00042779065552167594,0.00010646577720763162,-0.0003213248783140443,31.096769332885742,58.17168045043945,27.07491111755371,1.0,-0.07357916235923767,
25,4,BraTS-GLI-00250-000,E_random_matched_A_seg,0.5,parameter,0.4999999827996359,0.9311797618865967,0.931506872177124,0.00032711029052734375,0.047613225877285004,0.047489602118730545,-0.00012362375855445862,0.00042779065552167594,0.0004347663780208677,6.975722499191761e-06,31.096769332885742,30.824417114257812,-0.2723522186279297,,,
25,4,BraTS-GLI-00250-000,A_seg,1.0,parameter,1.0000000018626451,0.9311797618865967,0.4746282994747162,-0.4565514624118805,0.047613225877285004,0.26712119579315186,0.21950796991586685,0.00042779065552167594,1.5080805496836547e-05,-0.0004127098500248394,31.096769332885742,87.39861297607422,56.30184364318848,1.0,-0.07357916235923767,
25,4,BraTS-GLI-00250-000,E_random_matched_A_seg,1.0,parameter,1.00000004069443,0.9311797618865967,0.9295278191566467,-0.0016519427299499512,0.047613225877285004,0.04867514222860336,0.0010619163513183594,0.00042779065552167594,0.0004291292862035334,1.3386306818574667e-06,31.096769332885742,30.130878448486328,-0.9658908843994141,,,
25,4,BraTS-GLI-00250-000,A_seg,2.0,parameter,2.0000000037252903,0.9311797618865967,0.15480884909629822,-0.7763709127902985,0.047613225877285004,0.6003395318984985,0.5527263060212135,0.00042779065552167594,2.3514999156759586e-06,-0.000425439155606,31.096769332885742,150.0962677001953,118.99949836730957,1.0,-0.07357916235923767,
25,4,BraTS-GLI-00250-000,E_random_matched_A_seg,2.0,parameter,1.99999997044506,0.9311797618865967,0.9304454922676086,-0.0007342696189880371,0.047613225877285004,0.048294663429260254,0.0006814375519752502,0.00042779065552167594,0.0005309500847943127,0.00010315942927263677,31.096769332885742,30.194154739379883,-0.9026145935058594,,,
25,4,BraTS-GLI-00250-000,B_margin,0.25,parameter,0.250000002404704,0.9311797618865967,0.9200500845909119,-0.011129677295684814,0.047613225877285004,0.050426602363586426,0.002813376486301422,0.00042779065552167594,0.0003084333729930222,-0.00011935728252865374,31.096769332885742,30.458324432373047,-0.6384449005126953,-0.07357916235923767,1.0,
25,4,BraTS-GLI-00250-000,E_random_matched_B_margin,0.25,parameter,0.25000000036743586,0.9311797618865967,0.9309436082839966,-0.00023615360260009766,0.047613225877285004,0.047596536576747894,-1.6689300537109375e-05,0.00042779065552167594,0.0004425646911840886,1.4774035662412643e-05,31.096769332885742,30.960309982299805,-0.1364593505859375,,,
25,4,BraTS-GLI-00250-000,B_margin,0.5,parameter,0.500000004809408,0.9311797618865967,0.8989216089248657,-0.03225815296173096,0.047613225877285004,0.05731119215488434,0.009697966277599335,0.00042779065552167594,0.000280935550108552,-0.00014685510541312397,31.096769332885742,29.81917953491211,-1.2775897979736328,-0.07357916235923767,1.0,
25,4,BraTS-GLI-00250-000,E_random_matched_B_margin,0.5,parameter,0.4999999844076226,0.9311797618865967,0.9310405254364014,-0.0001392364501953125,0.047613225877285004,0.047782719135284424,0.00016949325799942017,0.00042779065552167594,0.0004385405336506665,1.0749878128990531e-05,31.096769332885742,31.145936965942383,0.049167633056640625,,,
25,4,BraTS-GLI-00250-000,B_margin,1.0,parameter,1.000000009618816,0.9311797618865967,0.7834471464157104,-0.14773261547088623,0.047613225877285004,0.10338685661554337,0.05577363073825836,0.00042779065552167594,4.6600478526670486e-05,-0.00038119017699500546,31.096769332885742,29.850296020507812,-1.2464733123779297,-0.07357916235923767,1.0,
25,4,BraTS-GLI-00250-000,E_random_matched_B_margin,1.0,parameter,1.0000000214931786,0.9311797618865967,0.930567741394043,-0.0006120204925537109,0.047613225877285004,0.04774609953165054,0.00013287365436553955,0.00042779065552167594,0.00039725846727378666,-3.053218824788928e-05,31.096769332885742,30.796871185302734,-0.2998981475830078,,,
25,4,BraTS-GLI-00250-000,B_margin,2.0,parameter,2.000000019237632,0.9311797618865967,0.39873751997947693,-0.5324422419071198,0.047613225877285004,0.30355900526046753,0.2559457793831825,0.00042779065552167594,3.7419619047796004e-07,-0.000427416459331198,31.096769332885742,40.27214813232422,9.175378799438477,-0.07357916235923767,1.0,
25,4,BraTS-GLI-00250-000,E_random_matched_B_margin,2.0,parameter,1.999999966676114,0.9311797618865967,0.932259738445282,0.0010799765586853027,0.047613225877285004,0.04791837930679321,0.00030515342950820923,0.00042779065552167594,0.00045741270878352225,2.9622053261846304e-05,31.096769332885742,30.89969253540039,-0.19707679748535156,,,
25,4,BraTS-GLI-00250-000,C_total,0.25,parameter,0.25000002078013406,0.9311797618865967,0.9080348610877991,-0.023144900798797607,0.047613225877285004,0.05408817529678345,0.006474949419498444,0.00042779065552167594,0.0004190464096609503,-8.744245860725641e-06,31.096769332885742,44.267765045166016,13.170995712280273,0.9998647570610046,-0.05716242641210556,
25,4,BraTS-GLI-00250-000,E_random_matched_C_total,0.25,parameter,0.2500000139953041,0.9311797618865967,0.930428683757782,-0.0007510781288146973,0.047613225877285004,0.04762545973062515,1.2233853340148926e-05,0.00042779065552167594,0.00043799582635983825,1.0205170838162303e-05,31.096769332885742,30.926963806152344,-0.16980552673339844,,,
25,4,BraTS-GLI-00250-000,C_total,0.5,parameter,0.5000000415602681,0.9311797618865967,0.8292682766914368,-0.10191148519515991,0.047613225877285004,0.08336503803730011,0.035751812160015106,0.00042779065552167594,0.00010622562695061788,-0.00032156502857105806,31.096769332885742,58.20236587524414,27.1055965423584,0.9998647570610046,-0.05716242641210556,
25,4,BraTS-GLI-00250-000,E_random_matched_C_total,0.5,parameter,0.5000000193758748,0.9311797618865967,0.9308463931083679,-0.00033336877822875977,0.047613225877285004,0.04748942703008652,-0.00012379884719848633,0.00042779065552167594,0.00044426400563679636,1.647335011512041e-05,31.096769332885742,30.43194007873535,-0.6648292541503906,,,
25,4,BraTS-GLI-00250-000,C_total,1.0,parameter,1.0000000831205362,0.9311797618865967,0.4724143445491791,-0.4587654173374176,0.047613225877285004,0.2682912051677704,0.22067797929048538,0.00042779065552167594,1.4495424693450332e-05,-0.0004132952308282256,31.096769332885742,87.51644134521484,56.4196720123291,0.9998647570610046,-0.05716242641210556,
25,4,BraTS-GLI-00250-000,E_random_matched_C_total,1.0,parameter,1.0000000835570937,0.9311797618865967,0.9301509261131287,-0.0010288357734680176,0.047613225877285004,0.04767567664384842,6.245076656341553e-05,0.00042779065552167594,0.00039473167271353304,-3.30589828081429e-05,31.096769332885742,31.5224666595459,0.42569732666015625,,,
25,4,BraTS-GLI-00250-000,C_total,2.0,parameter,2.0000001662410725,0.9311797618865967,0.15454474091529846,-0.7766350209712982,0.047613225877285004,0.6011839509010315,0.5535707250237465,0.00042779065552167594,5.082432380731916e-06,-0.00042270822314094403,31.096769332885742,150.58087158203125,119.48410224914551,0.9998647570610046,-0.05716242641210556,
25,4,BraTS-GLI-00250-000,E_random_matched_C_total,2.0,parameter,2.0000002417072973,0.9311797618865967,0.9320083856582642,0.0008286237716674805,0.047613225877285004,0.047414205968379974,-0.0001990199089050293,0.00042779065552167594,0.0004112469032406807,-1.654375228099525e-05,31.096769332885742,32.43650436401367,1.3397350311279297,,,
25,4,BraTS-GLI-00250-000,D_useful,1.0,activation,,0.9311797618865967,0.9363716244697571,0.0051918625831604,0.047613225877285004,0.04358542338013649,-0.004027802497148514,0.00042779065552167594,0.0003522363549564034,-7.555430056527257e-05,31.096769332885742,32.98325729370117,1.8864879608154297,,,1.0
25,4,BraTS-GLI-00250-000,E_random_matched_D_useful,1.0,activation,,0.9311797618865967,0.9313432574272156,0.00016349554061889648,0.047613225877285004,,,0.00042779065552167594,,,31.096769332885742,31.152965545654297,0.05619621276855469,,,
25,4,BraTS-GLI-00250-000,D_useful,2.0,activation,,0.9311797618865967,0.9418359994888306,0.010656237602233887,0.047613225877285004,0.0402328222990036,-0.007380403578281403,0.00042779065552167594,0.0002736279566306621,-0.00015416269889101386,31.096769332885742,34.888092041015625,3.791322708129883,,,1.0
25,4,BraTS-GLI-00250-000,E_random_matched_D_useful,2.0,activation,,0.9311797618865967,0.929938554763794,-0.0012412071228027344,0.047613225877285004,,,0.00042779065552167594,,,31.096769332885742,31.26909637451172,0.17232704162597656,,,
25,4,BraTS-GLI-00250-000,D_useful,4.0,activation,,0.9311797618865967,0.952663779258728,0.021484017372131348,0.047613225877285004,0.03472357988357544,-0.012889645993709564,0.00042779065552167594,0.00019213499035686255,-0.0002356556651648134,31.096769332885742,38.72399139404297,7.627222061157227,,,1.0
25,4,BraTS-GLI-00250-000,E_random_matched_D_useful,4.0,activation,,0.9311797618865967,0.9306409358978271,-0.0005388259887695312,0.047613225877285004,,,0.00042779065552167594,,,31.096769332885742,31.76856231689453,0.6717929840087891,,,
25,4,BraTS-GLI-00250-000,D_useful,14.0,activation,,0.9311797618865967,0.9770174622535706,0.04583770036697388,0.047613225877285004,0.02077830396592617,-0.026834921911358833,0.00042779065552167594,3.450793883530423e-05,-0.0003932827166863717,31.096769332885742,58.069515228271484,26.972745895385742,,,1.0
25,4,BraTS-GLI-00250-000,E_random_matched_D_useful,14.0,activation,,0.9311797618865967,0.3623957633972168,-0.5687839984893799,0.047613225877285004,,,0.00042779065552167594,,,31.096769332885742,37.67996597290039,6.583196640014648,,,
25,5,BraTS-GLI-00501-000,A_seg,0.25,parameter,0.25000000141881173,0.8692817091941833,0.9323524236679077,0.06307071447372437,0.07052230834960938,0.047702040523290634,-0.02282026782631874,0.001222985447384417,0.00026693387189880013,-0.0009560515754856169,23.842647552490234,38.162715911865234,14.320068359375,1.0,0.05474763736128807,
25,5,BraTS-GLI-00501-000,E_random_matched_A_seg,0.25,parameter,0.2500000132968122,0.8692817091941833,0.8689711689949036,-0.00031054019927978516,0.07052230834960938,0.0707039088010788,0.0001816004514694214,0.001222985447384417,0.0011864994885399938,-3.6485958844423294e-05,23.842647552490234,23.75468635559082,-0.08796119689941406,,,
25,5,BraTS-GLI-00501-000,A_seg,0.5,parameter,0.5000000028376235,0.8692817091941833,0.7902417778968811,-0.07903993129730225,0.07052230834960938,0.10294117778539658,0.0324188694357872,0.001222985447384417,7.095174169080565e-06,-0.0012158902732153365,23.842647552490234,53.70927429199219,29.866626739501953,1.0,0.05474763736128807,
25,5,BraTS-GLI-00501-000,E_random_matched_A_seg,0.5,parameter,0.49999997095437637,0.8692817091941833,0.8689444065093994,-0.00033730268478393555,0.07052230834960938,0.0707923173904419,0.00027000904083251953,0.001222985447384417,0.0012062301393598318,-1.6755308024585247e-05,23.842647552490234,23.703012466430664,-0.1396350860595703,,,
25,5,BraTS-GLI-00501-000,A_seg,1.0,parameter,1.000000005675247,0.8692817091941833,0.3509747385978699,-0.5183069705963135,0.07052230834960938,0.3911437690258026,0.32062146067619324,0.001222985447384417,7.633462750789022e-09,-0.0012229778139216663,23.842647552490234,84.291748046875,60.449100494384766,1.0,0.05474763736128807,
25,5,BraTS-GLI-00501-000,E_random_matched_A_seg,1.0,parameter,1.0000000515792622,0.8692817091941833,0.8688825368881226,-0.000399172306060791,0.07052230834960938,0.07071402668952942,0.00019171833992004395,0.001222985447384417,0.0012814250076189637,5.843956023454666e-05,23.842647552490234,23.569311141967773,-0.27333641052246094,,,
25,5,BraTS-GLI-00501-000,A_seg,2.0,parameter,2.000000011350494,0.8692817091941833,0.23785535991191864,-0.6314263492822647,0.07052230834960938,0.6054142713546753,0.5348919630050659,0.001222985447384417,0.0,-0.001222985447384417,23.842647552490234,140.32835388183594,116.4857063293457,1.0,0.05474763736128807,
25,5,BraTS-GLI-00501-000,E_random_matched_A_seg,2.0,parameter,1.9999999674037097,0.8692817091941833,0.8704853057861328,0.0012035965919494629,0.07052230834960938,0.06925039738416672,-0.0012719109654426575,0.001222985447384417,0.0014501498080790043,0.00022716436069458723,23.842647552490234,24.2944393157959,0.45179176330566406,,,
25,5,BraTS-GLI-00501-000,B_margin,0.25,parameter,0.24999999634746928,0.8692817091941833,0.8519668579101562,-0.0173148512840271,0.07052230834960938,0.07963387668132782,0.009111568331718445,0.001222985447384417,0.00126988987904042,4.6904431656003e-05,23.842647552490234,19.8540096282959,-3.988637924194336,0.05474763736128807,1.0,
25,5,BraTS-GLI-00501-000,E_random_matched_B_margin,0.25,parameter,0.24999999631836542,0.8692817091941833,0.8700346350669861,0.0007529258728027344,0.07052230834960938,0.0703020766377449,-0.00022023171186447144,0.001222985447384417,0.0012632326688617468,4.024722147732973e-05,23.842647552490234,23.8714656829834,0.028818130493164062,,,
25,5,BraTS-GLI-00501-000,B_margin,0.5,parameter,0.49999999269493856,0.8692817091941833,0.7775077223777771,-0.09177398681640625,0.07052230834960938,0.11727207154035568,0.04674976319074631,0.001222985447384417,0.0008632430108264089,-0.0003597424365580082,23.842647552490234,15.862238883972168,-7.980408668518066,0.05474763736128807,1.0,
25,5,BraTS-GLI-00501-000,E_random_matched_B_margin,0.5,parameter,0.49999998879502516,0.8692817091941833,0.8655341863632202,-0.0037475228309631348,0.07052230834960938,0.07231497764587402,0.0017926692962646484,0.001222985447384417,0.00119122420437634,-3.1761243008077145e-05,23.842647552490234,23.234718322753906,-0.6079292297363281,,,
25,5,BraTS-GLI-00501-000,B_margin,1.0,parameter,0.9999999853898771,0.8692817091941833,0.25649145245552063,-0.6127902567386627,0.07052230834960938,0.42108154296875,0.3505592346191406,0.001222985447384417,3.06283836835064e-05,-0.0011923570637009107,23.842647552490234,17.63361167907715,-6.209035873413086,0.05474763736128807,1.0,
25,5,BraTS-GLI-00501-000,E_random_matched_B_margin,1.0,parameter,0.9999999637220747,0.8692817091941833,0.8700346350669861,0.0007529258728027344,0.07052230834960938,0.07017172873020172,-0.0003505796194076538,0.001222985447384417,0.0011896665673702955,-3.331888001412153e-05,23.842647552490234,23.868711471557617,0.026063919067382812,,,
25,5,BraTS-GLI-00501-000,B_margin,2.0,parameter,1.9999999707797542,0.8692817091941833,0.00018915212422143668,-0.8690925570699619,0.07052230834960938,0.6267104148864746,0.5561881065368652,0.001222985447384417,1.498950075173866e-09,-0.0012229839484343419,23.842647552490234,44.42952346801758,20.586875915527344,0.05474763736128807,1.0,
25,5,BraTS-GLI-00501-000,E_random_matched_B_margin,2.0,parameter,2.0000000156869646,0.8692817091941833,0.869343638420105,6.192922592163086e-05,0.07052230834960938,0.07085245847702026,0.00033015012741088867,0.001222985447384417,0.0014142279978841543,0.00019124255049973726,23.842647552490234,23.085966110229492,-0.7566814422607422,,,
25,5,BraTS-GLI-00501-000,C_total,0.25,parameter,0.24999998989369468,0.8692817091941833,0.9325197339057922,0.06323802471160889,0.07052230834960938,0.04769225791096687,-0.022830050438642502,0.001222985447384417,0.00026641282602213323,-0.0009565726213622838,23.842647552490234,38.13603973388672,14.293392181396484,0.9999622106552124,0.06342631578445435,
25,5,BraTS-GLI-00501-000,E_random_matched_C_total,0.25,parameter,0.24999999670399117,0.8692817091941833,0.8699725270271301,0.0006908178329467773,0.07052230834960938,0.0703187882900238,-0.0002035200595855713,0.001222985447384417,0.0012323930859565735,9.40763857215643e-06,23.842647552490234,24.11747169494629,0.2748241424560547,,,
25,5,BraTS-GLI-00501-000,C_total,0.5,parameter,0.49999997978738936,0.8692817091941833,0.7906436324119568,-0.07863807678222656,0.07052230834960938,0.10271833837032318,0.032196030020713806,0.001222985447384417,7.058840765239438e-06,-0.0012159266066191776,23.842647552490234,53.654197692871094,29.81155014038086,0.9999622106552124,0.06342631578445435,
25,5,BraTS-GLI-00501-000,E_random_matched_C_total,0.5,parameter,0.49999995977122874,0.8692817091941833,0.8693969249725342,0.00011521577835083008,0.07052230834960938,0.07049183547496796,-3.0472874641418457e-05,0.001222985447384417,0.0012191031128168106,-3.882334567606449e-06,23.842647552490234,23.677968978881836,-0.16467857360839844,,,
25,5,BraTS-GLI-00501-000,C_total,1.0,parameter,0.9999999595747787,0.8692817091941833,0.35114309191703796,-0.5181386172771454,0.07052230834960938,0.3909987211227417,0.3204764127731323,0.001222985447384417,7.83421860717226e-09,-0.0012229776131658099,23.842647552490234,84.1636962890625,60.321048736572266,0.9999622106552124,0.06342631578445435,
25,5,BraTS-GLI-00501-000,E_random_matched_C_total,1.0,parameter,0.9999999788924467,0.8692817091941833,0.8697688579559326,0.0004871487617492676,0.07052230834960938,0.0698959082365036,-0.0006264001131057739,0.001222985447384417,0.001284732366912067,6.174691952764988e-05,23.842647552490234,23.774526596069336,-0.06812095642089844,,,
25,5,BraTS-GLI-00501-000,C_total,2.0,parameter,1.9999999191495574,0.8692817091941833,0.23780909180641174,-0.6314726173877716,0.07052230834960938,0.605520486831665,0.5349981784820557,0.001222985447384417,0.0,-0.001222985447384417,23.842647552490234,140.03179931640625,116.18915176391602,0.9999622106552124,0.06342631578445435,
25,5,BraTS-GLI-00501-000,E_random_matched_C_total,2.0,parameter,1.9999999407446003,0.8692817091941833,0.8704062104225159,0.0011245012283325195,0.07052230834960938,0.06970726698637009,-0.0008150413632392883,0.001222985447384417,0.0012782409321516752,5.525548476725817e-05,23.842647552490234,24.331850051879883,0.48920249938964844,,,
25,5,BraTS-GLI-00501-000,D_useful,1.0,activation,,0.8692817091941833,0.8796277642250061,0.010346055030822754,0.07052230834960938,0.064208984375,-0.006313323974609375,0.001222985447384417,0.0008414810872636735,-0.0003815043601207435,23.842647552490234,25.65322494506836,1.810577392578125,,,1.0
25,5,BraTS-GLI-00501-000,E_random_matched_D_useful,1.0,activation,,0.8692817091941833,0.8699195384979248,0.0006378293037414551,0.07052230834960938,,,0.001222985447384417,,,23.842647552490234,23.913501739501953,0.07085418701171875,,,
25,5,BraTS-GLI-00501-000,D_useful,2.0,activation,,0.8692817091941833,0.889602541923523,0.0203208327293396,0.07052230834960938,0.05846256762742996,-0.012059740722179413,0.001222985447384417,0.0006480768206529319,-0.0005749086267314851,23.842647552490234,27.498973846435547,3.6563262939453125,,,1.0
25,5,BraTS-GLI-00501-000,E_random_matched_D_useful,2.0,activation,,0.8692817091941833,0.8701140284538269,0.0008323192596435547,0.07052230834960938,,,0.001222985447384417,,,23.842647552490234,24.1101131439209,0.26746559143066406,,,
25,5,BraTS-GLI-00501-000,D_useful,4.0,activation,,0.8692817091941833,0.9095755219459534,0.04029381275177002,0.07052230834960938,0.0485837459564209,-0.021938562393188477,0.001222985447384417,0.00033287936821579933,-0.0008901060791686177,23.842647552490234,31.239042282104492,7.396394729614258,,,1.0
25,5,BraTS-GLI-00501-000,E_random_matched_D_useful,4.0,activation,,0.8692817091941833,0.8720658421516418,0.002784132957458496,0.07052230834960938,,,0.001222985447384417,,,23.842647552490234,24.80739974975586,0.964752197265625,,,
25,5,BraTS-GLI-00501-000,D_useful,14.0,activation,,0.8692817091941833,0.958865225315094,0.08958351612091064,0.07052230834960938,0.024951454252004623,-0.04557085409760475,0.001222985447384417,1.6458676327602006e-05,-0.001206526771056815,23.842647552490234,50.20748519897461,26.364837646484375,,,1.0
25,5,BraTS-GLI-00501-000,E_random_matched_D_useful,14.0,activation,,0.8692817091941833,0.4610695242881775,-0.40821218490600586,0.07052230834960938,,,0.001222985447384417,,,23.842647552490234,32.04853820800781,8.205890655517578,,,
25,6,BraTS-GLI-01093-000,A_seg,0.25,parameter,0.2500000045256456,0.9574228525161743,0.9053183197975159,-0.05210453271865845,0.040232643485069275,0.05592803657054901,0.015695393085479736,0.0010149398585781455,0.00015859145787544549,-0.0008563484007027,28.288183212280273,47.92285919189453,19.634675979614258,1.0,-0.17541545629501343,
25,6,BraTS-GLI-01093-000,E_random_matched_A_seg,0.25,parameter,0.2500000159598125,0.9574228525161743,0.9571782946586609,-0.00024455785751342773,0.040232643485069275,0.04023897647857666,6.332993507385254e-06,0.0010149398585781455,0.0010191522305831313,4.212372004985809e-06,28.288183212280273,28.130077362060547,-0.15810585021972656,,,
25,6,BraTS-GLI-01093-000,A_seg,0.5,parameter,0.5000000090512912,0.9574228525161743,0.8251581788063049,-0.13226467370986938,0.040232643485069275,0.08788707852363586,0.04765443503856659,0.0010149398585781455,5.634994522552006e-06,-0.0010093048640555935,28.288183212280273,67.7092056274414,39.42102241516113,1.0,-0.17541545629501343,
25,6,BraTS-GLI-01093-000,E_random_matched_A_seg,0.5,parameter,0.5000000195905155,0.9574228525161743,0.9572476148605347,-0.00017523765563964844,0.040232643485069275,0.040208086371421814,-2.4557113647460938e-05,0.0010149398585781455,0.001002117176540196,-1.2822682037949562e-05,28.288183212280273,27.9064884185791,-0.3816947937011719,,,
25,6,BraTS-GLI-01093-000,A_seg,1.0,parameter,1.0000000181025823,0.9574228525161743,0.4771030843257904,-0.4803197681903839,0.040232643485069275,0.2761284112930298,0.2358957678079605,0.0010149398585781455,1.0308099263056647e-08,-0.0010149295504788824,28.288183212280273,104.64432525634766,76.35614204406738,1.0,-0.17541545629501343,
25,6,BraTS-GLI-01093-000,E_random_matched_A_seg,1.0,parameter,0.9999999845604178,0.9574228525161743,0.9575784802436829,0.00015562772750854492,0.040232643485069275,0.040688496083021164,0.00045585259795188904,0.0010149398585781455,0.0011850097216665745,0.00017006986308842897,28.288183212280273,27.847402572631836,-0.4407806396484375,,,
25,6,BraTS-GLI-01093-000,A_seg,2.0,parameter,2.0000000362051646,0.9574228525161743,0.19178956747055054,-0.7656332850456238,0.040232643485069275,0.6444538235664368,0.6042211800813675,0.0010149398585781455,0.0,-0.0010149398585781455,28.288183212280273,175.3902587890625,147.10207557678223,1.0,-0.17541545629501343,
25,6,BraTS-GLI-01093-000,E_random_matched_A_seg,2.0,parameter,1.999999974214006,0.9574228525161743,0.9568076133728027,-0.000615239143371582,0.040232643485069275,0.04081494361162186,0.0005823001265525818,0.0010149398585781455,0.0009010983631014824,-0.00011384149547666311,28.288183212280273,28.05583953857422,-0.2323436737060547,,,
25,6,BraTS-GLI-01093-000,B_margin,0.25,parameter,0.24999999093233766,0.9574228525161743,0.9481040239334106,-0.009318828582763672,0.040232643485069275,0.04418565705418587,0.003953013569116592,0.0010149398585781455,0.0003963183844462037,-0.0006186214741319418,28.288183212280273,30.83270263671875,2.5445194244384766,-0.17541545629501343,1.0,
25,6,BraTS-GLI-01093-000,E_random_matched_B_margin,0.25,parameter,0.24999998179737237,0.9574228525161743,0.9575498104095459,0.00012695789337158203,0.040232643485069275,0.04033925384283066,0.00010661035776138306,0.0010149398585781455,0.001009682659059763,-5.257199518382549e-06,28.288183212280273,28.375537872314453,0.08735466003417969,,,
25,6,BraTS-GLI-01093-000,B_margin,0.5,parameter,0.4999999818646753,0.9574228525161743,0.9317073225975037,-0.025715529918670654,0.040232643485069275,0.05108990892767906,0.010857265442609787,0.0010149398585781455,0.00027106708148494363,-0.0007438727770932019,28.288183212280273,32.86738586425781,4.579202651977539,-0.17541545629501343,1.0,
25,6,BraTS-GLI-01093-000,E_random_matched_B_margin,0.5,parameter,0.49999998600105733,0.9574228525161743,0.956805408000946,-0.0006174445152282715,0.040232643485069275,0.04008589684963226,-0.00014674663543701172,0.0010149398585781455,0.0010580477537587285,4.3107895180583e-05,28.288183212280273,28.535476684570312,0.24729347229003906,,,
25,6,BraTS-GLI-01093-000,B_margin,1.0,parameter,0.9999999637293506,0.9574228525161743,0.8861218690872192,-0.07130098342895508,0.040232643485069275,0.07891744375228882,0.03868480026721954,0.0010149398585781455,7.268148328876123e-05,-0.0009422583752893843,28.288183212280273,36.34640121459961,8.058218002319336,-0.17541545629501343,1.0,
25,6,BraTS-GLI-01093-000,E_random_matched_B_margin,1.0,parameter,0.9999999700230542,0.9574228525161743,0.958113431930542,0.0006905794143676758,0.040232643485069275,0.0402369424700737,4.298985004425049e-06,0.0010149398585781455,0.0009539794409647584,-6.096041761338711e-05,28.288183212280273,29.13839340209961,0.8502101898193359,,,
25,6,BraTS-GLI-01093-000,B_margin,2.0,parameter,1.9999999274587013,0.9574228525161743,0.445644736289978,-0.5117781162261963,0.040232643485069275,0.42533010244369507,0.3850974589586258,0.0010149398585781455,1.358952977170702e-05,-0.0010013503288064385,28.288183212280273,44.991092681884766,16.702909469604492,-0.17541545629501343,1.0,
25,6,BraTS-GLI-01093-000,E_random_matched_B_margin,2.0,parameter,1.9999999146093597,0.9574228525161743,0.9555227160453796,-0.0019001364707946777,0.040232643485069275,0.04293045401573181,0.0026978105306625366,0.0010149398585781455,0.00108742481097579,7.248495239764452e-05,28.288183212280273,26.509918212890625,-1.7782649993896484,,,
25,6,BraTS-GLI-01093-000,C_total,0.25,parameter,0.24999999971623765,0.9574228525161743,0.9055007100105286,-0.05192214250564575,0.040232643485069275,0.05591535568237305,0.015682712197303772,0.0010149398585781455,0.00015724844706710428,-0.0008576914115110412,28.288183212280273,47.9985466003418,19.710363388061523,0.9999456405639648,-0.16514278948307037,
25,6,BraTS-GLI-01093-000,E_random_matched_C_total,0.25,parameter,0.2500000089275998,0.9574228525161743,0.9574828147888184,5.996227264404297e-05,0.040232643485069275,0.040208689868450165,-2.3953616619110107e-05,0.0010149398585781455,0.001003839890472591,-1.109996810555458e-05,28.288183212280273,28.24542236328125,-0.04276084899902344,,,
25,6,BraTS-GLI-01093-000,C_total,0.5,parameter,0.4999999994324753,0.9574228525161743,0.8252338171005249,-0.13218903541564941,0.040232643485069275,0.0878470242023468,0.04761438071727753,0.0010149398585781455,5.5476002671639435e-06,-0.0010093922583109816,28.288183212280273,67.86463928222656,39.57645606994629,0.9999456405639648,-0.16514278948307037,
25,6,BraTS-GLI-01093-000,E_random_matched_C_total,0.5,parameter,0.49999997299892057,0.9574228525161743,0.956679105758667,-0.0007437467575073242,0.040232643485069275,0.040482889860868454,0.0002502463757991791,0.0010149398585781455,0.0010098387720063329,-5.10108657181263e-06,28.288183212280273,27.53765869140625,-0.7505245208740234,,,
25,6,BraTS-GLI-01093-000,C_total,1.0,parameter,0.9999999988649506,0.9574228525161743,0.4771030843257904,-0.4803197681903839,0.040232643485069275,0.2762143909931183,0.235981747508049,0.0010149398585781455,1.0219893376017808e-08,-0.0010149296386847695,28.288183212280273,104.95105743408203,76.66287422180176,0.9999456405639648,-0.16514278948307037,
25,6,BraTS-GLI-01093-000,E_random_matched_C_total,1.0,parameter,0.9999999775754984,0.9574228525161743,0.9575332999229431,0.00011044740676879883,0.040232643485069275,0.040052566677331924,-0.00018007680773735046,0.0010149398585781455,0.0009604970691725612,-5.4442789405584335e-05,28.288183212280273,28.275550842285156,-0.012632369995117188,,,
25,6,BraTS-GLI-01093-000,C_total,2.0,parameter,1.9999999977299012,0.9574228525161743,0.19176508486270905,-0.7656577676534653,0.040232643485069275,0.6451609134674072,0.604928269982338,0.0010149398585781455,0.0,-0.0010149398585781455,28.288183212280273,176.10211181640625,147.81392860412598,0.9999456405639648,-0.16514278948307037,
25,6,BraTS-GLI-01093-000,E_random_matched_C_total,2.0,parameter,1.9999999463616398,0.9574228525161743,0.9586516618728638,0.0012288093566894531,0.040232643485069275,0.04052815958857536,0.00029551610350608826,0.0010149398585781455,0.0011086335871368647,9.369372855871916e-05,28.288183212280273,28.92314910888672,0.6349658966064453,,,
25,6,BraTS-GLI-01093-000,D_useful,1.0,activation,,0.9574228525161743,0.9660292267799377,0.008606374263763428,0.040232643485069275,0.03617590293288231,-0.004056740552186966,0.0010149398585781455,0.0007937672780826688,-0.00022117258049547672,28.288183212280273,30.215709686279297,1.9275264739990234,,,1.0
25,6,BraTS-GLI-01093-000,E_random_matched_D_useful,1.0,activation,,0.9574228525161743,0.9562668800354004,-0.0011559724807739258,0.040232643485069275,,,0.0010149398585781455,,,28.288183212280273,28.33053207397461,0.04234886169433594,,,
25,6,BraTS-GLI-01093-000,D_useful,2.0,activation,,0.9574228525161743,0.971281111240387,0.013858258724212646,0.040232643485069275,0.032864853739738464,-0.0073677897453308105,0.0010149398585781455,0.0005952369538135827,-0.00041970290476456285,28.288183212280273,32.15309524536133,3.8649120330810547,,,1.0
25,6,BraTS-GLI-01093-000,E_random_matched_D_useful,2.0,activation,,0.9574228525161743,0.9573748111724854,-4.8041343688964844e-05,0.040232643485069275,,,0.0010149398585781455,,,28.288183212280273,28.443557739257812,0.15537452697753906,,,
25,6,BraTS-GLI-01093-000,D_useful,4.0,activation,,0.9574228525161743,0.9818141460418701,0.0243912935256958,0.040232643485069275,0.027831193059682846,-0.012401450425386429,0.0010149398585781455,0.00034339269041083753,-0.000671547168167308,28.288183212280273,36.04522705078125,7.757043838500977,,,1.0
25,6,BraTS-GLI-01093-000,E_random_matched_D_useful,4.0,activation,,0.9574228525161743,0.9568742513656616,-0.0005486011505126953,0.040232643485069275,,,0.0010149398585781455,,,28.288183212280273,28.948949813842773,0.6607666015625,,,
25,6,BraTS-GLI-01093-000,D_useful,14.0,activation,,0.9574228525161743,0.9968875050544739,0.03946465253829956,0.040232643485069275,0.016805751249194145,-0.02342689223587513,0.0010149398585781455,3.228725108783692e-05,-0.0009826526074903086,28.288183212280273,55.63056564331055,27.342382431030273,,,1.0
25,6,BraTS-GLI-01093-000,E_random_matched_D_useful,14.0,activation,,0.9574228525161743,0.4742059111595154,-0.48321694135665894,0.040232643485069275,,,0.0010149398585781455,,,28.288183212280273,35.02867126464844,6.740488052368164,,,
25,7,BraTS-GLI-01168-000,A_seg,0.25,parameter,0.24999999877763912,0.9146475791931152,0.9414328336715698,0.02678525447845459,0.05138814076781273,0.04369712993502617,-0.00769101083278656,0.00021657912293449044,0.00012728625733871013,-8.929286559578031e-05,30.89370346069336,42.80744552612305,11.913742065429688,1.0,-0.4295462667942047,
25,7,BraTS-GLI-01168-000,E_random_matched_A_seg,0.25,parameter,0.24999999292049313,0.9146475791931152,0.9146945476531982,4.696846008300781e-05,0.05138814076781273,0.0514109805226326,2.2839754819869995e-05,0.00021657912293449044,0.00021089197252877057,-5.687150405719876e-06,30.89370346069336,31.069732666015625,0.17602920532226562,,,
25,7,BraTS-GLI-01168-000,A_seg,0.5,parameter,0.49999999755527824,0.9146475791931152,0.9040590524673462,-0.010588526725769043,0.05138814076781273,0.05712755024433136,0.005739409476518631,0.00021657912293449044,0.000102350561064668,-0.00011422856186982244,30.89370346069336,49.67909622192383,18.78539276123047,1.0,-0.4295462667942047,
25,7,BraTS-GLI-01168-000,E_random_matched_A_seg,0.5,parameter,0.4999999961073627,0.9146475791931152,0.9145369529724121,-0.000110626220703125,0.05138814076781273,0.05134064704179764,-4.749372601509094e-05,0.00021657912293449044,0.00022098893532529473,4.409812390804291e-06,30.89370346069336,31.006786346435547,0.1130828857421875,,,
25,7,BraTS-GLI-01168-000,A_seg,1.0,parameter,0.9999999951105565,0.9146475791931152,0.7243102192878723,-0.19033735990524292,0.05138814076781273,0.17056357860565186,0.11917543783783913,0.00021657912293449044,8.82917593116872e-05,-0.00012828736362280324,30.89370346069336,62.41709518432617,31.523391723632812,1.0,-0.4295462667942047,
25,7,BraTS-GLI-01168-000,E_random_matched_A_seg,1.0,parameter,0.9999999730353007,0.9146475791931152,0.9151614904403687,0.000513911247253418,0.05138814076781273,0.05104491114616394,-0.00034322962164878845,0.00021657912293449044,0.00022094514861237258,4.366025677882135e-06,30.89370346069336,31.822771072387695,0.9290676116943359,,,
25,7,BraTS-GLI-01168-000,A_seg,2.0,parameter,1.999999990221113,0.9146475791931152,0.12590667605400085,-0.7887409031391144,0.05138814076781273,0.5318119525909424,0.48042381182312965,0.00021657912293449044,4.1430081182625145e-05,-0.0001751490417518653,30.89370346069336,93.4505844116211,62.556880950927734,1.0,-0.4295462667942047,
25,7,BraTS-GLI-01168-000,E_random_matched_A_seg,2.0,parameter,1.9999999692663548,0.9146475791931152,0.9142700433731079,-0.0003775358200073242,0.05138814076781273,0.053559210151433945,0.002171069383621216,0.00021657912293449044,0.00024132305406965315,2.474393113516271e-05,30.89370346069336,31.86610984802246,0.9724063873291016,,,
25,7,BraTS-GLI-01168-000,B_margin,0.25,parameter,0.2500000051935842,0.9146475791931152,0.25638601183891296,-0.6582615673542023,0.05138814076781273,0.37261927127838135,0.3212311305105686,0.00021657912293449044,0.0004359071026556194,0.00021932797972112894,30.89370346069336,10.898143768310547,-19.995559692382812,-0.4295462667942047,1.0,
25,7,BraTS-GLI-01168-000,E_random_matched_B_margin,0.25,parameter,0.24999998946441315,0.9146475791931152,0.9152915477752686,0.0006439685821533203,0.05138814076781273,0.05122663080692291,-0.00016150996088981628,0.00021657912293449044,0.00021671282593160868,1.3370299711823463e-07,30.89370346069336,31.00916290283203,0.11545944213867188,,,
25,7,BraTS-GLI-01168-000,B_margin,0.5,parameter,0.5000000103871683,0.9146475791931152,0.0,-0.9146475791931152,0.05138814076781273,0.5442385077476501,0.4928503669798374,0.00021657912293449044,1.2980440544652083e-07,-0.00021644931852904392,30.89370346069336,18.185321807861328,-12.708381652832031,-0.4295462667942047,1.0,
25,7,BraTS-GLI-01168-000,E_random_matched_B_margin,0.5,parameter,0.5000000114414432,0.9146475791931152,0.9148056507110596,0.00015807151794433594,0.05138814076781273,0.05119449645280838,-0.00019364431500434875,0.00021657912293449044,0.00020913966000080109,-7.439462933689356e-06,30.89370346069336,30.989898681640625,0.09619522094726562,,,
25,7,BraTS-GLI-01168-000,B_margin,1.0,parameter,1.0000000207743367,0.9146475791931152,0.0,-0.9146475791931152,0.05138814076781273,0.5466465353965759,0.4952583946287632,0.00021657912293449044,0.0,-0.00021657912293449044,30.89370346069336,45.957557678222656,15.063854217529297,-0.4295462667942047,1.0,
25,7,BraTS-GLI-01168-000,E_random_matched_B_margin,1.0,parameter,1.0000000766012789,0.9146475791931152,0.9135255217552185,-0.0011220574378967285,0.05138814076781273,0.05173506587743759,0.00034692510962486267,0.00021657912293449044,0.0002273235731991008,1.074445026461035e-05,30.89370346069336,29.997882843017578,-0.8958206176757812,,,
25,7,BraTS-GLI-01168-000,B_margin,2.0,parameter,2.0000000415486734,0.9146475791931152,0.0,-0.9146475791931152,0.05138814076781273,0.5477679967880249,0.4963798560202122,0.00021657912293449044,0.0,-0.00021657912293449044,30.89370346069336,135.83258056640625,104.93887710571289,-0.4295462667942047,1.0,
25,7,BraTS-GLI-01168-000,E_random_matched_B_margin,2.0,parameter,2.0000000929285284,0.9146475791931152,0.9136888384819031,-0.0009587407112121582,0.05138814076781273,0.05387880653142929,0.002490665763616562,0.00021657912293449044,0.00022560812067240477,9.028997737914324e-06,30.89370346069336,30.98417091369629,0.09046745300292969,,,
25,7,BraTS-GLI-01168-000,C_total,0.25,parameter,0.2500000003929017,0.9146475791931152,0.9414328336715698,0.02678525447845459,0.05138814076781273,0.04369998350739479,-0.007688157260417938,0.00021657912293449044,0.00012841074203606695,-8.816838089842349e-05,30.89370346069336,42.671871185302734,11.778167724609375,0.999946653842926,-0.4201886057853699,
25,7,BraTS-GLI-01168-000,E_random_matched_C_total,0.25,parameter,0.2500000052750692,0.9146475791931152,0.9149463176727295,0.0002987384796142578,0.05138814076781273,0.051535964012145996,0.0001478232443332672,0.00021657912293449044,0.00021875886886846274,2.179745933972299e-06,30.89370346069336,30.8645076751709,-0.029195785522460938,,,
25,7,BraTS-GLI-01168-000,C_total,0.5,parameter,0.5000000007858034,0.9146475791931152,0.903820812702179,-0.01082676649093628,0.05138814076781273,0.057134516537189484,0.005746375769376755,0.00021657912293449044,0.00010322829621145502,-0.00011335082672303542,30.89370346069336,49.540340423583984,18.646636962890625,0.999946653842926,-0.4201886057853699,
25,7,BraTS-GLI-01168-000,E_random_matched_C_total,0.5,parameter,0.5000000009022187,0.9146475791931152,0.9145534634590149,-9.41157341003418e-05,0.05138814076781273,0.051132284104824066,-0.0002558566629886627,0.00021657912293449044,0.00021969190856907517,3.112785634584725e-06,30.89370346069336,30.847612380981445,-0.04609107971191406,,,
25,7,BraTS-GLI-01168-000,C_total,1.0,parameter,1.0000000015716068,0.9146475791931152,0.7229334115982056,-0.19171416759490967,0.05138814076781273,0.170311838388443,0.11892369762063026,0.00021657912293449044,8.731906564207748e-05,-0.00012926005729241297,30.89370346069336,62.128562927246094,31.234859466552734,0.999946653842926,-0.4201886057853699,
25,7,BraTS-GLI-01168-000,E_random_matched_C_total,1.0,parameter,0.999999991239747,0.9146475791931152,0.912039577960968,-0.002608001232147217,0.05138814076781273,0.051773764193058014,0.00038562342524528503,0.00021657912293449044,0.00022289955813903362,6.320435204543173e-06,30.89370346069336,30.829181671142578,-0.06452178955078125,,,
25,7,BraTS-GLI-01168-000,C_total,2.0,parameter,2.0000000031432137,0.9146475791931152,0.12590235471725464,-0.7887452244758606,0.05138814076781273,0.5309617519378662,0.4795736111700535,0.00021657912293449044,3.895469126291573e-05,-0.0001776244316715747,30.89370346069336,92.7896728515625,61.89596939086914,0.999946653842926,-0.4201886057853699,
25,7,BraTS-GLI-01168-000,E_random_matched_C_total,2.0,parameter,2.0000000935688127,0.9146475791931152,0.9133169054985046,-0.0013306736946105957,0.05138814076781273,0.054230108857154846,0.0028419680893421173,0.00021657912293449044,0.00021729542640969157,7.163034752011299e-07,30.89370346069336,33.172218322753906,2.278514862060547,,,
25,7,BraTS-GLI-01168-000,D_useful,1.0,activation,,0.9146475791931152,0.9224422574043274,0.007794678211212158,0.05138814076781273,0.046675905585289,-0.004712235182523727,0.00021657912293449044,0.0001893689186545089,-2.7210204279981554e-05,30.89370346069336,32.805702209472656,1.9119987487792969,,,1.0
25,7,BraTS-GLI-01168-000,E_random_matched_D_useful,1.0,activation,,0.9146475791931152,0.9140495657920837,-0.0005980134010314941,0.05138814076781273,,,0.00021657912293449044,,,30.89370346069336,30.932815551757812,0.039112091064453125,,,
25,7,BraTS-GLI-01168-000,D_useful,2.0,activation,,0.9146475791931152,0.9300795197486877,0.01543194055557251,0.05138814076781273,0.042702674865722656,-0.008685465902090073,0.00021657912293449044,0.0001587670558365062,-5.7812067097984254e-05,30.89370346069336,34.729774475097656,3.836071014404297,,,1.0
25,7,BraTS-GLI-01168-000,E_random_matched_D_useful,2.0,activation,,0.9146475791931152,0.917698860168457,0.003051280975341797,0.05138814076781273,,,0.00021657912293449044,,,30.89370346069336,31.05599594116211,0.16229248046875,,,
25,7,BraTS-GLI-01168-000,D_useful,4.0,activation,,0.9146475791931152,0.9432410001754761,0.02859342098236084,0.05138814076781273,0.03621751815080643,-0.015170622617006302,0.00021657912293449044,0.00013800988381262869,-7.856923912186176e-05,30.89370346069336,38.59916305541992,7.7054595947265625,,,1.0
25,7,BraTS-GLI-01168-000,E_random_matched_D_useful,4.0,activation,,0.9146475791931152,0.913294792175293,-0.0013527870178222656,0.05138814076781273,,,0.00021657912293449044,,,30.89370346069336,31.537460327148438,0.6437568664550781,,,
25,7,BraTS-GLI-01168-000,D_useful,14.0,activation,,0.9146475791931152,0.9843792915344238,0.0697317123413086,0.05138814076781273,0.01897553540766239,-0.03241260536015034,0.00021657912293449044,2.781009243335575e-05,-0.0001887690305011347,30.89370346069336,58.09059524536133,27.19689178466797,,,1.0
25,7,BraTS-GLI-01168-000,E_random_matched_D_useful,14.0,activation,,0.9146475791931152,0.26777705550193787,-0.6468705236911774,0.05138814076781273,,,0.00021657912293449044,,,30.89370346069336,37.21824645996094,6.324542999267578,,,
30,0,BraTS-GLI-01041-000,A_seg,0.25,parameter,0.25000001068110556,0.9282137155532837,0.8686650991439819,-0.05954861640930176,0.04524301737546921,0.07331450283527374,0.028071485459804535,0.0006059121224097908,0.00021158752497285604,-0.0003943245974369347,28.92848014831543,17.638141632080078,-11.290338516235352,1.0,0.07891058921813965,
30,0,BraTS-GLI-01041-000,E_random_matched_A_seg,0.25,parameter,0.2500000114923748,0.9282137155532837,0.9282669425010681,5.322694778442383e-05,0.04524301737546921,0.045233115553855896,-9.901821613311768e-06,0.0006059121224097908,0.0006119566387496889,6.0445163398981094e-06,28.92848014831543,29.0180721282959,0.08959197998046875,,,
30,0,BraTS-GLI-01041-000,A_seg,0.5,parameter,0.5000000213622111,0.9282137155532837,0.38795778155326843,-0.5402559340000153,0.04524301737546921,0.4427926242351532,0.397549606859684,0.0006059121224097908,5.5591153795830905e-06,-0.0006003530070302077,28.92848014831543,11.514127731323242,-17.414352416992188,1.0,0.07891058921813965,
30,0,BraTS-GLI-01041-000,E_random_matched_A_seg,0.5,parameter,0.5000000420332054,0.9282137155532837,0.9271277785301208,-0.0010859370231628418,0.04524301737546921,0.04582016170024872,0.0005771443247795105,0.0006059121224097908,0.0005996865220367908,-6.2256003729999065e-06,28.92848014831543,28.974384307861328,0.04590415954589844,,,
30,0,BraTS-GLI-01041-000,A_seg,1.0,parameter,1.0000000427244222,0.9282137155532837,6.983301136642694e-05,-0.9281438825419173,0.04524301737546921,0.6152544021606445,0.5700113847851753,0.0006059121224097908,3.955970484526006e-08,-0.0006058725627049455,28.92848014831543,16.687362670898438,-12.241117477416992,1.0,0.07891058921813965,
30,0,BraTS-GLI-01041-000,E_random_matched_A_seg,1.0,parameter,1.0000000290165185,0.9282137155532837,0.9274448156356812,-0.0007688999176025391,0.04524301737546921,0.04570184275507927,0.00045882537961006165,0.0006059121224097908,0.0005902028642594814,-1.5709258150309324e-05,28.92848014831543,28.82326889038086,-0.10521125793457031,,,
30,0,BraTS-GLI-01041-000,A_seg,2.0,parameter,2.0000000854488444,0.9282137155532837,0.0,-0.9282137155532837,0.04524301737546921,1.0006375312805176,0.9553945139050484,0.0006059121224097908,0.0,-0.0006059121224097908,28.92848014831543,30.253246307373047,1.3247661590576172,1.0,0.07891058921813965,
30,0,BraTS-GLI-01041-000,E_random_matched_A_seg,2.0,parameter,2.0000000524742054,0.9282137155532837,0.9282669425010681,5.322694778442383e-05,0.04524301737546921,0.04478037357330322,-0.0004626438021659851,0.0006059121224097908,0.0006185421952977777,1.2630072887986898e-05,28.92848014831543,28.43037223815918,-0.49810791015625,,,
30,0,BraTS-GLI-01041-000,B_margin,0.25,parameter,0.2499999903411661,0.9282137155532837,0.9188141822814941,-0.00939953327178955,0.04524301737546921,0.049531951546669006,0.004288934171199799,0.0006059121224097908,0.0010130354203283787,0.0004071232979185879,28.92848014831543,19.55720329284668,-9.37127685546875,0.07891058921813965,1.0,
30,0,BraTS-GLI-01041-000,E_random_matched_B_margin,0.25,parameter,0.2499999822430248,0.9282137155532837,0.928068220615387,-0.00014549493789672852,0.04524301737546921,0.04525443911552429,1.1421740055084229e-05,0.0006059121224097908,0.0006026352057233453,-3.2769166864454746e-06,28.92848014831543,29.03510093688965,0.10662078857421875,,,
30,0,BraTS-GLI-01041-000,B_margin,0.5,parameter,0.4999999806823322,0.9282137155532837,0.7015956044197083,-0.22661811113357544,0.04524301737546921,0.13692669570446014,0.09168367832899094,0.0006059121224097908,0.0006409558118321002,3.50436894223094e-05,28.92848014831543,13.645255088806152,-15.283225059509277,0.07891058921813965,1.0,
30,0,BraTS-GLI-01041-000,E_random_matched_B_margin,0.5,parameter,0.4999999907813616,0.9282137155532837,0.9276817440986633,-0.0005319714546203613,0.04524301737546921,0.04478634148836136,-0.0004566758871078491,0.0006059121224097908,0.0006428440101444721,3.693188773468137e-05,28.92848014831543,28.7524356842041,-0.17604446411132812,,,
30,0,BraTS-GLI-01041-000,B_margin,1.0,parameter,0.9999999613646644,0.9282137155532837,0.198369562625885,-0.7298441529273987,0.04524301737546921,0.4188000559806824,0.37355703860521317,0.0006059121224097908,9.352944471174851e-05,-0.0005123826776980422,28.92848014831543,13.164706230163574,-15.763773918151855,0.07891058921813965,1.0,
30,0,BraTS-GLI-01041-000,E_random_matched_B_margin,1.0,parameter,0.9999999270221425,0.9282137155532837,0.9264325499534607,-0.001781165599822998,0.04524301737546921,0.04607909172773361,0.0008360743522644043,0.0006059121224097908,0.0006404313025996089,3.4519180189818144e-05,28.92848014831543,27.803672790527344,-1.124807357788086,,,
30,0,BraTS-GLI-01041-000,B_margin,2.0,parameter,1.9999999227293288,0.9282137155532837,0.03745318204164505,-0.8907605335116386,0.04524301737546921,0.5435976982116699,0.4983546808362007,0.0006059121224097908,3.397486580070108e-06,-0.0006025146358297206,28.92848014831543,23.817584991455078,-5.110895156860352,0.07891058921813965,1.0,
30,0,BraTS-GLI-01041-000,E_random_matched_B_margin,2.0,parameter,1.9999999301799096,0.9282137155532837,0.9270465970039368,-0.0011671185493469238,0.04524301737546921,0.046444401144981384,0.0012013837695121765,0.0006059121224097908,0.0005931793712079525,-1.2732751201838255e-05,28.92848014831543,29.798906326293945,0.8704261779785156,,,
30,0,BraTS-GLI-01041-000,C_total,0.25,parameter,0.24999999374267637,0.9282137155532837,0.8684210777282715,-0.05979263782501221,0.04524301737546921,0.07350407540798187,0.028261058032512665,0.0006059121224097908,0.0002105870225932449,-0.00039532509981654584,28.92848014831543,17.5914363861084,-11.337043762207031,0.9999805688858032,0.08513695001602173,
30,0,BraTS-GLI-01041-000,E_random_matched_C_total,0.25,parameter,0.24999998493149134,0.9282137155532837,0.9278426766395569,-0.00037103891372680664,0.04524301737546921,0.04532688111066818,8.386373519897461e-05,0.0006059121224097908,0.000613790878560394,7.878756150603294e-06,28.92848014831543,28.715839385986328,-0.21264076232910156,,,
30,0,BraTS-GLI-01041-000,C_total,0.5,parameter,0.49999998748535274,0.9282137155532837,0.37788882851600647,-0.5503248870372772,0.04524301737546921,0.44527649879455566,0.40003348141908646,0.0006059121224097908,5.454569418361643e-06,-0.0006004575529914291,28.92848014831543,11.476983070373535,-17.451497077941895,0.9999805688858032,0.08513695001602173,
30,0,BraTS-GLI-01041-000,E_random_matched_C_total,0.5,parameter,0.5000000142390488,0.9282137155532837,0.9269558787345886,-0.0012578368186950684,0.04524301737546921,0.04551798105239868,0.0002749636769294739,0.0006059121224097908,0.0006112965638749301,5.384441465139389e-06,28.92848014831543,29.084115982055664,0.15563583374023438,,,
30,0,BraTS-GLI-01041-000,C_total,1.0,parameter,0.9999999749707055,0.9282137155532837,6.970766116864979e-05,-0.928144007892115,0.04524301737546921,0.6153408288955688,0.5700978115200996,0.0006059121224097908,3.843083362653488e-08,-0.0006058736915761642,28.92848014831543,16.711742401123047,-12.216737747192383,0.9999805688858032,0.08513695001602173,
30,0,BraTS-GLI-01041-000,E_random_matched_C_total,1.0,parameter,0.9999999680294417,0.9282137155532837,0.9259807467460632,-0.002232968807220459,0.04524301737546921,0.0456770695745945,0.0004340521991252899,0.0006059121224097908,0.0006147410022094846,8.828879799693823e-06,28.92848014831543,28.78671646118164,-0.14176368713378906,,,
30,0,BraTS-GLI-01041-000,C_total,2.0,parameter,1.999999949941411,0.9282137155532837,0.0,-0.9282137155532837,0.04524301737546921,1.0020232200622559,0.9567802026867867,0.0006059121224097908,0.0,-0.0006059121224097908,28.92848014831543,30.267868041992188,1.3393878936767578,0.9999805688858032,0.08513695001602173,
30,0,BraTS-GLI-01041-000,E_random_matched_C_total,2.0,parameter,1.9999999464780551,0.9282137155532837,0.9295722246170044,0.0013585090637207031,0.04524301737546921,0.044910479336977005,-0.00033253803849220276,0.0006059121224097908,0.0007752990932203829,0.00016938697081059217,28.92848014831543,27.89153480529785,-1.0369453430175781,,,
30,0,BraTS-GLI-01041-000,D_useful,1.0,activation,,0.9282137155532837,0.9351421594619751,0.006928443908691406,0.04524301737546921,0.040799885988235474,-0.004443131387233734,0.0006059121224097908,0.0005047588492743671,-0.00010115327313542366,28.92848014831543,30.866920471191406,1.9384403228759766,,,1.0
30,0,BraTS-GLI-01041-000,E_random_matched_D_useful,1.0,activation,,0.9282137155532837,0.9280948638916016,-0.0001188516616821289,0.04524301737546921,,,0.0006059121224097908,,,28.92848014831543,28.967018127441406,0.03853797912597656,,,
30,0,BraTS-GLI-01041-000,D_useful,2.0,activation,,0.9282137155532837,0.9415717720985413,0.013358056545257568,0.04524301737546921,0.0371079258620739,-0.00813509151339531,0.0006059121224097908,0.00040999127668328583,-0.00019592084572650492,28.92848014831543,32.81264877319336,3.8841686248779297,,,1.0
30,0,BraTS-GLI-01041-000,E_random_matched_D_useful,2.0,activation,,0.9282137155532837,0.9256719350814819,-0.002541780471801758,0.04524301737546921,,,0.0006059121224097908,,,28.92848014831543,29.09489631652832,0.16641616821289062,,,
30,0,BraTS-GLI-01041-000,D_useful,4.0,activation,,0.9282137155532837,0.9551957845687866,0.02698206901550293,0.04524301737546921,0.031230293214321136,-0.014012724161148071,0.0006059121224097908,0.00022320989228319377,-0.000382702230126597,28.92848014831543,36.71659851074219,7.788118362426758,,,1.0
30,0,BraTS-GLI-01041-000,E_random_matched_D_useful,4.0,activation,,0.9282137155532837,0.9246435761451721,-0.0035701394081115723,0.04524301737546921,,,0.0006059121224097908,,,28.92848014831543,29.567981719970703,0.6395015716552734,,,
30,0,BraTS-GLI-01041-000,D_useful,14.0,activation,,0.9282137155532837,0.9854070544242859,0.0571933388710022,0.04524301737546921,0.016957607120275497,-0.02828541025519371,0.0006059121224097908,3.1317071261582896e-05,-0.0005745950511482079,28.92848014831543,56.33456039428711,27.40608024597168,,,1.0
30,0,BraTS-GLI-01041-000,E_random_matched_D_useful,14.0,activation,,0.9282137155532837,0.364926815032959,-0.5632869005203247,0.04524301737546921,,,0.0006059121224097908,,,28.92848014831543,35.32143020629883,6.392950057983398,,,
30,1,BraTS-GLI-01161-000,A_seg,0.25,parameter,0.2499999825959088,0.9236884117126465,0.9053753614425659,-0.018313050270080566,0.04618682712316513,0.05176423117518425,0.005577404052019119,0.0006246469565667212,0.0002982265141326934,-0.0003264204424340278,31.413972854614258,45.831695556640625,14.417722702026367,1.0,0.1891576647758484,
30,1,BraTS-GLI-01161-000,E_random_matched_A_seg,0.25,parameter,0.24999997558188505,0.9236884117126465,0.9231258034706116,-0.0005626082420349121,0.04618682712316513,0.046182937920093536,-3.889203071594238e-06,0.0006246469565667212,0.000626919383648783,2.2724270820617676e-06,31.413972854614258,31.519241333007812,0.10526847839355469,,,
30,1,BraTS-GLI-01161-000,A_seg,0.5,parameter,0.4999999651918176,0.9236884117126465,0.8277518153190613,-0.0959365963935852,0.04618682712316513,0.08216407150030136,0.03597724437713623,0.0006246469565667212,7.666862074984238e-05,-0.0005479783358168788,31.413972854614258,58.817466735839844,27.403493881225586,1.0,0.1891576647758484,
30,1,BraTS-GLI-01161-000,E_random_matched_A_seg,0.5,parameter,0.49999998472412677,0.9236884117126465,0.9234920740127563,-0.00019633769989013672,0.04618682712316513,0.04660320281982422,0.00041637569665908813,0.0006246469565667212,0.0006012461963109672,-2.3400760255753994e-05,31.413972854614258,32.022857666015625,0.6088848114013672,,,
30,1,BraTS-GLI-01161-000,A_seg,1.0,parameter,0.9999999303836352,0.9236884117126465,0.3965746760368347,-0.5271137356758118,0.04618682712316513,0.3153984844684601,0.26921165734529495,0.0006246469565667212,1.3549692084779963e-05,-0.0006110972644819412,31.413972854614258,79.18233489990234,47.768362045288086,1.0,0.1891576647758484,
30,1,BraTS-GLI-01161-000,E_random_matched_A_seg,1.0,parameter,0.9999999392166482,0.9236884117126465,0.9241532683372498,0.0004648566246032715,0.04618682712316513,0.046690717339515686,0.0005038902163505554,0.0006246469565667212,0.0006170773995108902,-7.5695570558309555e-06,31.413972854614258,31.059860229492188,-0.3541126251220703,,,
30,1,BraTS-GLI-01161-000,A_seg,2.0,parameter,1.9999998607672704,0.9236884117126465,0.1881384402513504,-0.7355499714612961,0.04618682712316513,0.5418359041213989,0.4956490769982338,0.0006246469565667212,1.1926648767257575e-05,-0.0006127203077994636,31.413972854614258,104.42193603515625,73.00796318054199,1.0,0.1891576647758484,
30,1,BraTS-GLI-01161-000,E_random_matched_A_seg,2.0,parameter,1.9999998967687107,0.9236884117126465,0.9230040907859802,-0.0006843209266662598,0.04618682712316513,0.04675668478012085,0.000569857656955719,0.0006246469565667212,0.0006142919883131981,-1.0354968253523111e-05,31.413972854614258,33.74520492553711,2.3312320709228516,,,
30,1,BraTS-GLI-01161-000,B_margin,0.25,parameter,0.2500000013887984,0.9236884117126465,0.9200129508972168,-0.0036754608154296875,0.04618682712316513,0.04772975295782089,0.0015429258346557617,0.0006246469565667212,0.0006577870808541775,3.3140124287456274e-05,31.413972854614258,29.028226852416992,-2.3857460021972656,0.1891576647758484,1.0,
30,1,BraTS-GLI-01161-000,E_random_matched_B_margin,0.25,parameter,0.2500000021645974,0.9236884117126465,0.9225642681121826,-0.0011241436004638672,0.04618682712316513,0.04627629369497299,8.946657180786133e-05,0.0006246469565667212,0.0006153234280645847,-9.323528502136469e-06,31.413972854614258,31.506488800048828,0.09251594543457031,,,
30,1,BraTS-GLI-01161-000,B_margin,0.5,parameter,0.5000000027775968,0.9236884117126465,0.9012591242790222,-0.022429287433624268,0.04618682712316513,0.055037323385477066,0.008850496262311935,0.0006246469565667212,0.0004351349198259413,-0.00018951203674077988,31.413972854614258,27.15985679626465,-4.254116058349609,0.1891576647758484,1.0,
30,1,BraTS-GLI-01161-000,E_random_matched_B_margin,0.5,parameter,0.5000000058207661,0.9236884117126465,0.9230769276618958,-0.0006114840507507324,0.04618682712316513,0.046175263822078705,-1.1563301086425781e-05,0.0006246469565667212,0.000595234043430537,-2.9412913136184216e-05,31.413972854614258,31.25252342224121,-0.16144943237304688,,,
30,1,BraTS-GLI-01161-000,B_margin,1.0,parameter,1.0000000055551936,0.9236884117126465,0.8242744207382202,-0.09941399097442627,0.04618682712316513,0.09009218215942383,0.0439053550362587,0.0006246469565667212,0.00016915565356612206,-0.00045549130300059915,31.413972854614258,26.908159255981445,-4.5058135986328125,0.1891576647758484,1.0,
30,1,BraTS-GLI-01161-000,E_random_matched_B_margin,1.0,parameter,1.000000019033905,0.9236884117126465,0.9230769276618958,-0.0006114840507507324,0.04618682712316513,0.04683983325958252,0.0006530061364173889,0.0006246469565667212,0.0006167201208882034,-7.926835678517818e-06,31.413972854614258,31.067956924438477,-0.34601593017578125,,,
30,1,BraTS-GLI-01161-000,B_margin,2.0,parameter,2.0000000111103873,0.9236884117126465,0.5951336026191711,-0.32855480909347534,0.04618682712316513,0.24502484500408173,0.1988380178809166,0.0006246469565667212,1.9983850506832823e-05,-0.0006046631060598884,31.413972854614258,43.13798904418945,11.724016189575195,0.1891576647758484,1.0,
30,1,BraTS-GLI-01161-000,E_random_matched_B_margin,2.0,parameter,1.9999999550636853,0.9236884117126465,0.9220945239067078,-0.0015938878059387207,0.04618682712316513,0.04683246836066246,0.0006456412374973297,0.0006246469565667212,0.0007358375587500632,0.00011119060218334198,31.413972854614258,29.541505813598633,-1.872467041015625,,,
30,1,BraTS-GLI-01161-000,C_total,0.25,parameter,0.25000000957516005,0.9236884117126465,0.9056156277656555,-0.018072783946990967,0.04618682712316513,0.05165467411279678,0.005467846989631653,0.0006246469565667212,0.0002973867522086948,-0.0003272602043580264,31.413972854614258,45.69584655761719,14.28187370300293,0.9997206330299377,0.2123166024684906,
30,1,BraTS-GLI-01161-000,E_random_matched_C_total,0.25,parameter,0.250000014013494,0.9236884117126465,0.9239338040351868,0.0002453923225402832,0.04618682712316513,0.046150997281074524,-3.582984209060669e-05,0.0006246469565667212,0.0006325428257696331,7.895869202911854e-06,31.413972854614258,31.287385940551758,-0.1265869140625,,,
30,1,BraTS-GLI-01161-000,C_total,0.5,parameter,0.5000000191503201,0.9236884117126465,0.829477071762085,-0.09421133995056152,0.04618682712316513,0.0813283771276474,0.03514155000448227,0.0006246469565667212,8.338736370205879e-05,-0.0005412595928646624,31.413972854614258,58.521690368652344,27.107717514038086,0.9997206330299377,0.2123166024684906,
30,1,BraTS-GLI-01161-000,E_random_matched_C_total,0.5,parameter,0.5000000322033874,0.9236884117126465,0.923467755317688,-0.0002206563949584961,0.04618682712316513,0.046043239533901215,-0.00014358758926391602,0.0006246469565667212,0.0006181872449815273,-6.4597115851938725e-06,31.413972854614258,31.507923126220703,0.09395027160644531,,,
30,1,BraTS-GLI-01161-000,C_total,1.0,parameter,1.0000000383006402,0.9236884117126465,0.39989766478538513,-0.5237907469272614,0.04618682712316513,0.31273412704467773,0.2665472999215126,0.0006246469565667212,1.3877656783733983e-05,-0.0006107692997829872,31.413972854614258,78.55974578857422,47.14577293395996,0.9997206330299377,0.2123166024684906,
30,1,BraTS-GLI-01161-000,E_random_matched_C_total,1.0,parameter,1.0000000504587647,0.9236884117126465,0.9231013059616089,-0.0005871057510375977,0.04618682712316513,0.046110957860946655,-7.586926221847534e-05,0.0006246469565667212,0.0006461315206252038,2.1484564058482647e-05,31.413972854614258,31.634807586669922,0.22083473205566406,,,
30,1,BraTS-GLI-01161-000,C_total,2.0,parameter,2.0000000766012804,0.9236884117126465,0.18879073858261108,-0.7348976731300354,0.04618682712316513,0.5386446118354797,0.4924577847123146,0.0006246469565667212,1.9437367882346734e-05,-0.0006052095886843745,31.413972854614258,103.05223846435547,71.63826560974121,0.9997206330299377,0.2123166024684906,
30,1,BraTS-GLI-01161-000,E_random_matched_C_total,2.0,parameter,2.000000094034474,0.9236884117126465,0.9240986704826355,0.00041025876998901367,0.04618682712316513,0.0460239015519619,-0.0001629255712032318,0.0006246469565667212,0.0006157870520837605,-8.859904482960701e-06,31.413972854614258,32.41511535644531,1.0011425018310547,,,
30,1,BraTS-GLI-01161-000,D_useful,1.0,activation,,0.9236884117126465,0.9295505285263062,0.005862116813659668,0.04618682712316513,0.04241911321878433,-0.0037677139043807983,0.0006246469565667212,0.0005437391228042543,-8.090783376246691e-05,31.413972854614258,33.336204528808594,1.922231674194336,,,1.0
30,1,BraTS-GLI-01161-000,E_random_matched_D_useful,1.0,activation,,0.9236884117126465,0.9236884117126465,0.0,0.04618682712316513,,,0.0006246469565667212,,,31.413972854614258,31.454696655273438,0.04072380065917969,,,
30,1,BraTS-GLI-01161-000,D_useful,2.0,activation,,0.9236884117126465,0.9356949329376221,0.012006521224975586,0.04618682712316513,0.03917462378740311,-0.007012203335762024,0.0006246469565667212,0.0004760205338243395,-0.0001486264227423817,31.413972854614258,35.26816940307617,3.854196548461914,,,1.0
30,1,BraTS-GLI-01161-000,E_random_matched_D_useful,2.0,activation,,0.9236884117126465,0.923518180847168,-0.00017023086547851562,0.04618682712316513,,,0.0006246469565667212,,,31.413972854614258,31.564456939697266,0.1504840850830078,,,
30,1,BraTS-GLI-01161-000,D_useful,4.0,activation,,0.9236884117126465,0.9445775151252747,0.020889103412628174,0.04618682712316513,0.03378013148903847,-0.012406695634126663,0.0006246469565667212,0.00031168200075626373,-0.00031296495581045747,31.413972854614258,39.14985656738281,7.735883712768555,,,1.0
30,1,BraTS-GLI-01161-000,E_random_matched_D_useful,4.0,activation,,0.9236884117126465,0.9216809868812561,-0.002007424831390381,0.04618682712316513,,,0.0006246469565667212,,,31.413972854614258,32.026397705078125,0.6124248504638672,,,
30,1,BraTS-GLI-01161-000,D_useful,14.0,activation,,0.9236884117126465,0.9785599708557129,0.054871559143066406,0.04618682712316513,0.018450573086738586,-0.027736254036426544,0.0006246469565667212,5.267066808301024e-05,-0.000571976288483711,31.413972854614258,58.68881607055664,27.274843215942383,,,1.0
30,1,BraTS-GLI-01161-000,E_random_matched_D_useful,14.0,activation,,0.9236884117126465,0.4047904312610626,-0.5188979804515839,0.04618682712316513,,,0.0006246469565667212,,,31.413972854614258,37.77789306640625,6.363920211791992,,,
30,2,BraTS-GLI-01189-000,A_seg,0.25,parameter,0.25000000824365987,0.8853439688682556,0.8857571482658386,0.0004131793975830078,0.05968083441257477,0.058680906891822815,-0.0009999275207519531,0.00042478449176996946,0.0004431312554515898,1.834676368162036e-05,26.90758514404297,36.58169937133789,9.674114227294922,1.0,0.13717976212501526,
30,2,BraTS-GLI-01189-000,E_random_matched_A_seg,0.25,parameter,0.25000000413274387,0.8853439688682556,0.8849351406097412,-0.0004088282585144043,0.05968083441257477,0.059583354741334915,-9.74796712398529e-05,0.00042478449176996946,0.00041384270298294723,-1.0941788787022233e-05,26.90758514404297,26.9751033782959,0.06751823425292969,,,
30,2,BraTS-GLI-01189-000,A_seg,0.5,parameter,0.5000000164873197,0.8853439688682556,0.8274661898612976,-0.05787777900695801,0.05968083441257477,0.08103013038635254,0.02134929597377777,0.00042478449176996946,5.696915468433872e-05,-0.00036781533708563074,26.90758514404297,45.28594970703125,18.37836456298828,1.0,0.13717976212501526,
30,2,BraTS-GLI-01189-000,E_random_matched_A_seg,0.5,parameter,0.5000000407781028,0.8853439688682556,0.8840073347091675,-0.0013366341590881348,0.05968083441257477,0.05970171093940735,2.0876526832580566e-05,0.00042478449176996946,0.00040604296373203397,-1.8741528037935495e-05,26.90758514404297,26.687997817993164,-0.2195873260498047,,,
30,2,BraTS-GLI-01189-000,A_seg,1.0,parameter,1.0000000329746395,0.8853439688682556,0.3412652313709259,-0.5440787374973297,0.05968083441257477,0.3457307517528534,0.2860499173402786,0.00042478449176996946,3.944838226743741e-06,-0.0004208396535432257,26.90758514404297,57.22983169555664,30.322246551513672,1.0,0.13717976212501526,
30,2,BraTS-GLI-01189-000,E_random_matched_A_seg,1.0,parameter,1.0000000468717178,0.8853439688682556,0.8824508786201477,-0.00289309024810791,0.05968083441257477,0.06099049001932144,0.0013096556067466736,0.00042478449176996946,0.0004255476233083755,7.631315384060144e-07,26.90758514404297,26.395235061645508,-0.5123500823974609,,,
30,2,BraTS-GLI-01189-000,A_seg,2.0,parameter,2.000000065949279,0.8853439688682556,0.17059653997421265,-0.714747428894043,0.05968083441257477,0.5819094181060791,0.5222285836935043,0.00042478449176996946,3.404077870072797e-05,-0.0003907437130692415,26.90758514404297,60.4671630859375,33.55957794189453,1.0,0.13717976212501526,
30,2,BraTS-GLI-01189-000,E_random_matched_A_seg,2.0,parameter,2.0000001050648253,0.8853439688682556,0.8823333382606506,-0.0030106306076049805,0.05968083441257477,0.06162579730153084,0.00194496288895607,0.00042478449176996946,0.00040489283856004477,-1.9891653209924698e-05,26.90758514404297,27.535560607910156,0.6279754638671875,,,
30,2,BraTS-GLI-01189-000,B_margin,0.25,parameter,0.2500000058380465,0.8853439688682556,0.8805316686630249,-0.004812300205230713,0.05968083441257477,0.06226672977209091,0.002585895359516144,0.00042478449176996946,0.0005055944202467799,8.080992847681046e-05,26.90758514404297,26.076900482177734,-0.8306846618652344,0.13717976212501526,1.0,
30,2,BraTS-GLI-01189-000,E_random_matched_B_margin,0.25,parameter,0.2500000007203198,0.8853439688682556,0.8851587176322937,-0.00018525123596191406,0.05968083441257477,0.05965056270360947,-3.0271708965301514e-05,0.00042478449176996946,0.0004251061473041773,3.216555342078209e-07,26.90758514404297,26.902925491333008,-0.0046596527099609375,,,
30,2,BraTS-GLI-01189-000,B_margin,0.5,parameter,0.500000011676093,0.8853439688682556,0.8583502769470215,-0.02699369192123413,0.05968083441257477,0.07161415368318558,0.01193331927061081,0.00042478449176996946,0.00036563488538376987,-5.9149606386199594e-05,26.90758514404297,25.526107788085938,-1.3814773559570312,0.13717976212501526,1.0,
30,2,BraTS-GLI-01189-000,E_random_matched_B_margin,0.5,parameter,0.4999999926731106,0.8853439688682556,0.8851587176322937,-0.00018525123596191406,0.05968083441257477,0.05983699858188629,0.00015616416931152344,0.00042478449176996946,0.00041756880818866193,-7.21568358130753e-06,26.90758514404297,26.894412994384766,-0.013172149658203125,,,
30,2,BraTS-GLI-01189-000,B_margin,1.0,parameter,1.000000023352186,0.8853439688682556,0.7881468534469604,-0.09719711542129517,0.05968083441257477,0.10692214965820312,0.04724131524562836,0.00042478449176996946,0.0001311337255174294,-0.00029365076625254005,26.90758514404297,25.926359176635742,-0.9812259674072266,0.13717976212501526,1.0,
30,2,BraTS-GLI-01189-000,E_random_matched_B_margin,1.0,parameter,1.0000000146246748,0.8853439688682556,0.8838215470314026,-0.0015224218368530273,0.05968083441257477,0.06027078628540039,0.0005899518728256226,0.00042478449176996946,0.0004087488923687488,-1.603559940122068e-05,26.90758514404297,26.77088737487793,-0.13669776916503906,,,
30,2,BraTS-GLI-01189-000,B_margin,2.0,parameter,2.000000046704372,0.8853439688682556,0.32295718789100647,-0.5623867809772491,0.05968083441257477,0.4022635817527771,0.34258274734020233,0.00042478449176996946,3.384186857147142e-05,-0.00039094262319849804,26.90758514404297,33.22928237915039,6.321697235107422,0.13717976212501526,1.0,
30,2,BraTS-GLI-01189-000,E_random_matched_B_margin,2.0,parameter,1.9999999930150807,0.8853439688682556,0.8881546258926392,0.002810657024383545,0.05968083441257477,0.060311008244752884,0.0006301738321781158,0.00042478449176996946,0.0004074751923326403,-1.7309299437329173e-05,26.90758514404297,28.13862419128418,1.231039047241211,,,
30,2,BraTS-GLI-01189-000,C_total,0.25,parameter,0.24999999623105393,0.8853439688682556,0.8857571482658386,0.0004131793975830078,0.05968083441257477,0.05870204418897629,-0.0009787902235984802,0.00042478449176996946,0.00044097061618231237,1.6186124412342906e-05,26.90758514404297,36.5719108581543,9.664325714111328,0.9999898672103882,0.14163532853126526,
30,2,BraTS-GLI-01189-000,E_random_matched_C_total,0.25,parameter,0.24999999310966806,0.8853439688682556,0.8855671882629395,0.0002232193946838379,0.05968083441257477,0.059864167124032974,0.00018333271145820618,0.00042478449176996946,0.0004095441254321486,-1.5240366337820888e-05,26.90758514404297,26.976713180541992,0.06912803649902344,,,
30,2,BraTS-GLI-01189-000,C_total,0.5,parameter,0.49999999246210786,0.8853439688682556,0.827244758605957,-0.058099210262298584,0.05968083441257477,0.08106980472803116,0.02138897031545639,0.00042478449176996946,5.7037170336116105e-05,-0.00036774732143385336,26.90758514404297,45.25882339477539,18.351238250732422,0.9999898672103882,0.14163532853126526,
30,2,BraTS-GLI-01189-000,E_random_matched_C_total,0.5,parameter,0.49999997307168015,0.8853439688682556,0.8854581713676453,0.00011420249938964844,0.05968083441257477,0.05953117087483406,-0.0001496635377407074,0.00042478449176996946,0.00042773227323777974,2.947781467810273e-06,26.90758514404297,26.953704833984375,0.04611968994140625,,,
30,2,BraTS-GLI-01189-000,C_total,1.0,parameter,0.9999999849242157,0.8853439688682556,0.34077978134155273,-0.5445641875267029,0.05968083441257477,0.3460186719894409,0.28633783757686615,0.00042478449176996946,4.070403974765213e-06,-0.00042071408779520425,26.90758514404297,57.16154861450195,30.253963470458984,0.9999898672103882,0.14163532853126526,
30,2,BraTS-GLI-01189-000,E_random_matched_C_total,1.0,parameter,0.9999999893043422,0.8853439688682556,0.8840844631195068,-0.0012595057487487793,0.05968083441257477,0.059813156723976135,0.0001323223114013672,0.00042478449176996946,0.0004204625147394836,-4.3219770304858685e-06,26.90758514404297,27.073387145996094,0.165802001953125,,,
30,2,BraTS-GLI-01189-000,C_total,2.0,parameter,1.9999999698484314,0.8853439688682556,0.17060546576976776,-0.7147385030984879,0.05968083441257477,0.5820025205612183,0.5223216861486435,0.00042478449176996946,3.397592809051275e-05,-0.0003908085636794567,26.90758514404297,60.31520080566406,33.407615661621094,0.9999898672103882,0.14163532853126526,
30,2,BraTS-GLI-01189-000,E_random_matched_C_total,2.0,parameter,1.9999999695573931,0.8853439688682556,0.885397732257843,5.3763389587402344e-05,0.05968083441257477,0.06027894467115402,0.0005981102585792542,0.00042478449176996946,0.0005187484202906489,9.396392852067947e-05,26.90758514404297,27.287567138671875,0.37998199462890625,,,
30,2,BraTS-GLI-01189-000,D_useful,1.0,activation,,0.8853439688682556,0.8901427388191223,0.004798769950866699,0.05968083441257477,0.05560889095067978,-0.004071943461894989,0.00042478449176996946,0.00037047817022539675,-5.430632154457271e-05,26.90758514404297,28.738901138305664,1.8313159942626953,,,1.0
30,2,BraTS-GLI-01189-000,E_random_matched_D_useful,1.0,activation,,0.8853439688682556,0.885011613368988,-0.0003323554992675781,0.05968083441257477,,,0.00042478449176996946,,,26.90758514404297,26.975378036499023,0.06779289245605469,,,
30,2,BraTS-GLI-01189-000,D_useful,2.0,activation,,0.8853439688682556,0.8966887593269348,0.0113447904586792,0.05968083441257477,0.05207028239965439,-0.00761055201292038,0.00042478449176996946,0.0003025454352609813,-0.00012223905650898814,26.90758514404297,30.597450256347656,3.6898651123046875,,,1.0
30,2,BraTS-GLI-01189-000,E_random_matched_D_useful,2.0,activation,,0.8853439688682556,0.8852295279502869,-0.00011444091796875,0.05968083441257477,,,0.00042478449176996946,,,26.90758514404297,27.13264274597168,0.22505760192871094,,,
30,2,BraTS-GLI-01189-000,D_useful,4.0,activation,,0.8853439688682556,0.9064511060714722,0.021107137203216553,0.05968083441257477,0.046195901930332184,-0.013484932482242584,0.00042478449176996946,0.0001797963195713237,-0.00024498817219864577,26.90758514404297,34.352264404296875,7.444679260253906,,,1.0
30,2,BraTS-GLI-01189-000,E_random_matched_D_useful,4.0,activation,,0.8853439688682556,0.8860465288162231,0.0007025599479675293,0.05968083441257477,,,0.00042478449176996946,,,26.90758514404297,27.743423461914062,0.8358383178710938,,,
30,2,BraTS-GLI-01189-000,D_useful,14.0,activation,,0.8853439688682556,0.938735842704773,0.053391873836517334,0.05968083441257477,0.028621654957532883,-0.031059179455041885,0.00042478449176996946,4.574855120154098e-05,-0.0003790359405684285,26.90758514404297,53.351585388183594,26.444000244140625,,,1.0
30,2,BraTS-GLI-01189-000,E_random_matched_D_useful,14.0,activation,,0.8853439688682556,0.3788233697414398,-0.5065205991268158,0.05968083441257477,,,0.00042478449176996946,,,26.90758514404297,34.30946350097656,7.401878356933594,,,
30,3,BraTS-GLI-01336-000,A_seg,0.25,parameter,0.25000000119325705,0.9596632719039917,0.950050950050354,-0.009612321853637695,0.035481493920087814,0.0370539166033268,0.0015724226832389832,0.00010177512740483508,0.00010319598368369043,1.4208562788553536e-06,36.354095458984375,37.55266189575195,1.1985664367675781,1.0,0.010749843902885914,
30,3,BraTS-GLI-01336-000,E_random_matched_A_seg,0.25,parameter,0.24999999302417553,0.9596632719039917,0.9592982530593872,-0.0003650188446044922,0.035481493920087814,0.03533024340867996,-0.00015125051140785217,0.00010177512740483508,0.00010423280764371157,2.4576802388764918e-06,36.354095458984375,36.37934875488281,0.0252532958984375,,,
30,3,BraTS-GLI-01336-000,A_seg,0.5,parameter,0.5000000023865141,0.9596632719039917,0.9212962985038757,-0.03836697340011597,0.035481493920087814,0.045488350093364716,0.010006856173276901,0.00010177512740483508,0.00039610257954336703,0.00029432745213853195,36.354095458984375,37.47426986694336,1.1201744079589844,1.0,0.010749843902885914,
30,3,BraTS-GLI-01336-000,E_random_matched_A_seg,0.5,parameter,0.5000000216023177,0.9596632719039917,0.9584799408912659,-0.00118333101272583,0.035481493920087814,0.03531580790877342,-0.0001656860113143921,0.00010177512740483508,0.00010557271161815152,3.7975842133164406e-06,36.354095458984375,35.72034454345703,-0.6337509155273438,,,
30,3,BraTS-GLI-01336-000,A_seg,1.0,parameter,1.0000000047730282,0.9596632719039917,0.8234586715698242,-0.13620460033416748,0.035481493920087814,0.08346167951822281,0.047980185598134995,0.00010177512740483508,0.0016601535025984049,0.0015583783751935698,36.354095458984375,36.247379302978516,-0.10671615600585938,1.0,0.010749843902885914,
30,3,BraTS-GLI-01336-000,E_random_matched_A_seg,1.0,parameter,1.0000000187574185,0.9596632719039917,0.959269642829895,-0.0003936290740966797,0.035481493920087814,0.035675402730703354,0.00019390881061553955,0.00010177512740483508,9.9867997050751e-05,-1.9071303540840745e-06,36.354095458984375,36.832942962646484,0.4788475036621094,,,
30,3,BraTS-GLI-01336-000,A_seg,2.0,parameter,2.0000000095460564,0.9596632719039917,0.16824139654636383,-0.7914218753576279,0.035481493920087814,0.4410803020000458,0.40559880807995796,0.00010177512740483508,0.0014276332221925259,0.0013258580947876908,36.354095458984375,33.94694900512695,-2.407146453857422,1.0,0.010749843902885914,
30,3,BraTS-GLI-01336-000,E_random_matched_A_seg,2.0,parameter,2.000000001862645,0.9596632719039917,0.9575504660606384,-0.0021128058433532715,0.035481493920087814,0.03772398829460144,0.002242494374513626,0.00010177512740483508,0.0001227180182468146,2.0942890841979533e-05,36.354095458984375,37.14213943481445,0.7880439758300781,,,
30,3,BraTS-GLI-01336-000,B_margin,0.25,parameter,0.24999999909550752,0.9596632719039917,0.9384227395057678,-0.021240532398223877,0.035481493920087814,0.041229940950870514,0.0057484470307827,0.00010177512740483508,0.0006000580033287406,0.0004982828759239055,36.354095458984375,27.515201568603516,-8.83889389038086,0.010749843902885914,1.0,
30,3,BraTS-GLI-01336-000,E_random_matched_B_margin,0.25,parameter,0.2500000031577656,0.9596632719039917,0.9589040875434875,-0.0007591843605041504,0.035481493920087814,0.03541572391986847,-6.577000021934509e-05,0.00010177512740483508,0.00010050271521322429,-1.2724121916107833e-06,36.354095458984375,36.20939636230469,-0.1446990966796875,,,
30,3,BraTS-GLI-01336-000,B_margin,0.5,parameter,0.49999999819101504,0.9596632719039917,0.8521536588668823,-0.10750961303710938,0.035481493920087814,0.07079610973596573,0.035314615815877914,0.00010177512740483508,0.00048158582649193704,0.00037981069908710197,36.354095458984375,22.216167449951172,-14.137928009033203,0.010749843902885914,1.0,
30,3,BraTS-GLI-01336-000,E_random_matched_B_margin,0.5,parameter,0.4999999992578523,0.9596632719039917,0.9585091471672058,-0.0011541247367858887,0.035481493920087814,0.03558816760778427,0.00010667368769645691,0.00010177512740483508,0.00011721037299139425,1.5435245586559176e-05,36.354095458984375,36.13792419433594,-0.2161712646484375,,,
30,3,BraTS-GLI-01336-000,B_margin,1.0,parameter,0.9999999963820301,0.9596632719039917,0.5887284874916077,-0.37093478441238403,0.035481493920087814,0.20260880887508392,0.1671273149549961,0.00010177512740483508,0.00021322180691640824,0.00011144667951157317,36.354095458984375,21.424306869506836,-14.929788589477539,0.010749843902885914,1.0,
30,3,BraTS-GLI-01336-000,E_random_matched_B_margin,1.0,parameter,0.999999980565917,0.9596632719039917,0.958538293838501,-0.0011249780654907227,0.035481493920087814,0.03570093214511871,0.00021943822503089905,0.00010177512740483508,0.0001094406470656395,7.66551966080442e-06,36.354095458984375,36.5593376159668,0.20524215698242188,,,
30,3,BraTS-GLI-01336-000,B_margin,2.0,parameter,1.9999999927640602,0.9596632719039917,0.3824451267719269,-0.5772181451320648,0.035481493920087814,0.4487984776496887,0.4133169837296009,0.00010177512740483508,5.140105713508092e-05,-5.0374070269754156e-05,36.354095458984375,35.15047073364258,-1.2036247253417969,0.010749843902885914,1.0,
30,3,BraTS-GLI-01336-000,E_random_matched_B_margin,2.0,parameter,1.9999999886495061,0.9596632719039917,0.9579537510871887,-0.0017095208168029785,0.035481493920087814,0.03588694706559181,0.0004054531455039978,0.00010177512740483508,0.0001160567335318774,1.4281606127042323e-05,36.354095458984375,36.77064514160156,0.4165496826171875,,,
30,3,BraTS-GLI-01336-000,C_total,0.25,parameter,0.24999999662395567,0.9596632719039917,0.950050950050354,-0.009612321853637695,0.035481493920087814,0.0370359942317009,0.0015545003116130829,0.00010177512740483508,0.00010443164501339197,2.6565176085568964e-06,36.354095458984375,37.48807144165039,1.1339759826660156,0.9999774098396301,0.017482051625847816,
30,3,BraTS-GLI-01336-000,E_random_matched_C_total,0.25,parameter,0.24999999096689846,0.9596632719039917,0.9589329361915588,-0.0007303357124328613,0.035481493920087814,0.035519156605005264,3.766268491744995e-05,0.00010177512740483508,0.00010257265967084095,7.975322660058737e-07,36.354095458984375,36.41836166381836,0.06426620483398438,,,
30,3,BraTS-GLI-01336-000,C_total,0.5,parameter,0.49999999324791133,0.9596632719039917,0.9212962985038757,-0.03836697340011597,0.035481493920087814,0.04544743150472641,0.009965937584638596,0.00010177512740483508,0.0004045461828354746,0.00030277105543063954,36.354095458984375,37.348636627197266,0.9945411682128906,0.9999774098396301,0.017482051625847816,
30,3,BraTS-GLI-01336-000,E_random_matched_C_total,0.5,parameter,0.4999999577412364,0.9596632719039917,0.9596632719039917,0.0,0.035481493920087814,0.0352933332324028,-0.00018816068768501282,0.00010177512740483508,0.00010398997983429581,2.214852429460734e-06,36.354095458984375,36.19148254394531,-0.1626129150390625,,,
30,3,BraTS-GLI-01336-000,C_total,1.0,parameter,0.9999999864958227,0.9596632719039917,0.8237063884735107,-0.13595688343048096,0.035481493920087814,0.08333289623260498,0.047851402312517166,0.00010177512740483508,0.0016269637271761894,0.0015251885997713543,36.354095458984375,36.089630126953125,-0.26446533203125,0.9999774098396301,0.017482051625847816,
30,3,BraTS-GLI-01336-000,E_random_matched_C_total,1.0,parameter,0.999999996914994,0.9596632719039917,0.9587123990058899,-0.0009508728981018066,0.035481493920087814,0.03609258681535721,0.0006110928952693939,0.00010177512740483508,0.00010469213157193735,2.9170041671022773e-06,36.354095458984375,36.74427032470703,0.39017486572265625,,,
30,3,BraTS-GLI-01336-000,C_total,2.0,parameter,1.9999999729916453,0.9596632719039917,0.17035618424415588,-0.7893070876598358,0.035481493920087814,0.44015204906463623,0.4046705551445484,0.00010177512740483508,0.0013236940139904618,0.0012219188865856268,36.354095458984375,33.900753021240234,-2.4533424377441406,0.9999774098396301,0.017482051625847816,
30,3,BraTS-GLI-01336-000,E_random_matched_C_total,2.0,parameter,1.9999998779094275,0.9596632719039917,0.9572229981422424,-0.0024402737617492676,0.035481493920087814,0.03899086266756058,0.003509368747472763,0.00010177512740483508,0.00013833105913363397,3.6555931728798896e-05,36.354095458984375,35.01277160644531,-1.3413238525390625,,,
30,3,BraTS-GLI-01336-000,D_useful,1.0,activation,,0.9596632719039917,0.9666783809661865,0.007015109062194824,0.035481493920087814,0.03222540766000748,-0.0032560862600803375,0.00010177512740483508,9.444508759770542e-05,-7.330039807129651e-06,36.354095458984375,38.29531478881836,1.9412193298339844,,,1.0
30,3,BraTS-GLI-01336-000,E_random_matched_D_useful,1.0,activation,,0.9596632719039917,0.9572529792785645,-0.002410292625427246,0.035481493920087814,,,0.00010177512740483508,,,36.354095458984375,36.379329681396484,0.025234222412109375,,,
30,3,BraTS-GLI-01336-000,D_useful,2.0,activation,,0.9596632719039917,0.9708260297775269,0.011162757873535156,0.035481493920087814,0.029567865654826164,-0.00591362826526165,0.00010177512740483508,6.904116889927536e-05,-3.273395850555971e-05,36.354095458984375,40.24332046508789,3.8892250061035156,,,1.0
30,3,BraTS-GLI-01336-000,E_random_matched_D_useful,2.0,activation,,0.9596632719039917,0.9599156379699707,0.0002523660659790039,0.035481493920087814,,,0.00010177512740483508,,,36.354095458984375,36.46659851074219,0.1125030517578125,,,
30,3,BraTS-GLI-01336-000,D_useful,4.0,activation,,0.9596632719039917,0.9792472720146179,0.01958400011062622,0.035481493920087814,0.025494670495390892,-0.009986823424696922,0.00010177512740483508,3.566119266906753e-05,-6.611393473576754e-05,36.354095458984375,44.15229034423828,7.798194885253906,,,1.0
30,3,BraTS-GLI-01336-000,E_random_matched_D_useful,4.0,activation,,0.9596632719039917,0.9567662477493286,-0.002897024154663086,0.035481493920087814,,,0.00010177512740483508,,,36.354095458984375,36.870784759521484,0.5166893005371094,,,
30,3,BraTS-GLI-01336-000,D_useful,14.0,activation,,0.9596632719039917,0.9957746267318726,0.03611135482788086,0.035481493920087814,0.015684790909290314,-0.0197967030107975,0.00010177512740483508,2.671040647328482e-06,-9.910408675750659e-05,36.354095458984375,63.80033493041992,27.446239471435547,,,1.0
30,3,BraTS-GLI-01336-000,E_random_matched_D_useful,14.0,activation,,0.9596632719039917,0.24789145588874817,-0.7117718160152435,0.035481493920087814,,,0.00010177512740483508,,,36.354095458984375,41.7707633972168,5.416667938232422,,,
30,4,BraTS-GLI-00250-000,A_seg,0.25,parameter,0.25,0.9286713004112244,0.8735074400901794,-0.05516386032104492,0.04479935020208359,0.06281835585832596,0.01801900565624237,0.00035992288030683994,0.0009606968960724771,0.0006007740157656372,32.62260437011719,21.88947296142578,-10.733131408691406,1.0,0.17475666105747223,
30,4,BraTS-GLI-00250-000,E_random_matched_A_seg,0.25,parameter,0.25000000237923814,0.9286713004112244,0.9285339713096619,-0.0001373291015625,0.04479935020208359,0.04480483755469322,5.487352609634399e-06,0.00035992288030683994,0.0003634832100942731,3.5603297874331474e-06,32.62260437011719,32.813053131103516,0.19044876098632812,,,
30,4,BraTS-GLI-00250-000,A_seg,0.5,parameter,0.5,0.9286713004112244,0.6124529242515564,-0.31621837615966797,0.04479935020208359,0.17952632904052734,0.13472697883844376,0.00035992288030683994,0.001354451640509069,0.000994528760202229,32.62260437011719,15.852953910827637,-16.76965045928955,1.0,0.17475666105747223,
30,4,BraTS-GLI-00250-000,E_random_matched_A_seg,0.5,parameter,0.4999999934516381,0.9286713004112244,0.9280474781990051,-0.0006238222122192383,0.04479935020208359,0.04442763701081276,-0.00037171319127082825,0.00035992288030683994,0.0003407085023354739,-1.9214377971366048e-05,32.62260437011719,32.725425720214844,0.10282135009765625,,,
30,4,BraTS-GLI-00250-000,A_seg,1.0,parameter,1.0,0.9286713004112244,0.1976485550403595,-0.7310227453708649,0.04479935020208359,0.4277602434158325,0.38296089321374893,0.00035992288030683994,0.0006829953053966165,0.0003230724250897765,32.62260437011719,15.621624946594238,-17.00097942352295,1.0,0.17475666105747223,
30,4,BraTS-GLI-00250-000,E_random_matched_A_seg,1.0,parameter,1.000000009444193,0.9286713004112244,0.928371787071228,-0.0002995133399963379,0.04479935020208359,0.04518789052963257,0.0003885403275489807,0.00035992288030683994,0.00037245024577714503,1.2527365470305085e-05,32.62260437011719,31.754213333129883,-0.8683910369873047,,,
30,4,BraTS-GLI-00250-000,A_seg,2.0,parameter,2.0,0.9286713004112244,0.03599021956324577,-0.8926810808479786,0.04479935020208359,0.5457445383071899,0.5009451881051064,0.00035992288030683994,0.0001495612523285672,-0.00021036162797827274,32.62260437011719,26.357311248779297,-6.265293121337891,1.0,0.17475666105747223,
30,4,BraTS-GLI-00250-000,E_random_matched_A_seg,2.0,parameter,1.9999999497958918,0.9286713004112244,0.9279720187187195,-0.0006992816925048828,0.04479935020208359,0.04576050117611885,0.0009611509740352631,0.00035992288030683994,0.0003977259329985827,3.780305269174278e-05,32.62260437011719,32.06279373168945,-0.5598106384277344,,,
30,4,BraTS-GLI-00250-000,B_margin,0.25,parameter,0.2500000109866958,0.9286713004112244,0.87148517370224,-0.057186126708984375,0.04479935020208359,0.06461985409259796,0.019820503890514374,0.00035992288030683994,0.0005027457955293357,0.0001428229152224958,32.62260437011719,23.05608558654785,-9.566518783569336,0.17475666105747223,1.0,
30,4,BraTS-GLI-00250-000,E_random_matched_B_margin,0.25,parameter,0.25000000220825314,0.9286713004112244,0.928508996963501,-0.00016230344772338867,0.04479935020208359,0.04494559019804001,0.0001462399959564209,0.00035992288030683994,0.0003682681417558342,8.345261448994279e-06,32.62260437011719,32.74917984008789,0.12657546997070312,,,
30,4,BraTS-GLI-00250-000,B_margin,0.5,parameter,0.5000000219733916,0.9286713004112244,0.6611310839653015,-0.26754021644592285,0.04479935020208359,0.1552763283252716,0.11047697812318802,0.00035992288030683994,0.00024300027871504426,-0.00011692260159179568,32.62260437011719,18.753808975219727,-13.868795394897461,0.17475666105747223,1.0,
30,4,BraTS-GLI-00250-000,E_random_matched_B_margin,0.5,parameter,0.5000000345316936,0.9286713004112244,0.9285339713096619,-0.0001373291015625,0.04479935020208359,0.04496390372514725,0.00016455352306365967,0.00035992288030683994,0.00036457969690673053,4.65681659989059e-06,32.62260437011719,32.339786529541016,-0.2828178405761719,,,
30,4,BraTS-GLI-00250-000,B_margin,1.0,parameter,1.000000043946783,0.9286713004112244,0.36594101786613464,-0.5627302825450897,0.04479935020208359,0.31710582971572876,0.27230647951364517,0.00035992288030683994,5.9479680203367025e-05,-0.0003004432001034729,32.62260437011719,20.314241409301758,-12.30836296081543,0.17475666105747223,1.0,
30,4,BraTS-GLI-00250-000,E_random_matched_B_margin,1.0,parameter,0.9999999869469319,0.9286713004112244,0.9282096028327942,-0.0004616975784301758,0.04479935020208359,0.044919610023498535,0.00012025982141494751,0.00035992288030683994,0.00034810230135917664,-1.1820578947663307e-05,32.62260437011719,32.671504974365234,0.048900604248046875,,,
30,4,BraTS-GLI-00250-000,B_margin,2.0,parameter,2.000000087893566,0.9286713004112244,0.14657062292099,-0.7821006774902344,0.04479935020208359,0.45483654737472534,0.41003719717264175,0.00035992288030683994,3.0946430342737585e-06,-0.0003568282372725662,32.62260437011719,36.449859619140625,3.8272552490234375,0.17475666105747223,1.0,
30,4,BraTS-GLI-00250-000,E_random_matched_B_margin,2.0,parameter,2.0000001037842567,0.9286713004112244,0.929665744304657,0.0009944438934326172,0.04479935020208359,0.04519940912723541,0.00040005892515182495,0.00035992288030683994,0.00047242510481737554,0.0001125022245105356,32.62260437011719,33.11425018310547,0.49164581298828125,,,
30,4,BraTS-GLI-00250-000,C_total,0.25,parameter,0.2500000040745362,0.9286713004112244,0.8709315657615662,-0.0577397346496582,0.04479935020208359,0.06402245163917542,0.019223101437091827,0.00035992288030683994,0.0009432618971914053,0.0005833390168845654,32.62260437011719,21.69028663635254,-10.932317733764648,0.9996178150177002,0.20190726220607758,
30,4,BraTS-GLI-00250-000,E_random_matched_C_total,0.25,parameter,0.25000000817635726,0.9286713004112244,0.9286463856697083,-2.491474151611328e-05,0.04479935020208359,0.044909000396728516,0.00010965019464492798,0.00035992288030683994,0.00035732457763515413,-2.598302671685815e-06,32.62260437011719,32.59964370727539,-0.022960662841796875,,,
30,4,BraTS-GLI-00250-000,C_total,0.5,parameter,0.5000000081490724,0.9286713004112244,0.6067766547203064,-0.32189464569091797,0.04479935020208359,0.18303169310092926,0.13823234289884567,0.00035992288030683994,0.001337545458227396,0.000977622577920556,32.62260437011719,15.699488639831543,-16.923115730285645,0.9996178150177002,0.20190726220607758,
30,4,BraTS-GLI-00250-000,E_random_matched_C_total,0.5,parameter,0.5000000185027599,0.9286713004112244,0.9284840226173401,-0.00018727779388427734,0.04479935020208359,0.04496775195002556,0.00016840174794197083,0.00035992288030683994,0.0003680929366964847,8.170056389644742e-06,32.62260437011719,32.37010955810547,-0.25249481201171875,,,
30,4,BraTS-GLI-00250-000,C_total,1.0,parameter,1.0000000162981448,0.9286713004112244,0.20273610949516296,-0.7259351909160614,0.04479935020208359,0.4252001643180847,0.38040081411600113,0.00035992288030683994,0.0006851398502476513,0.0003252169699408114,32.62260437011719,15.653578758239746,-16.96902561187744,0.9996178150177002,0.20190726220607758,
30,4,BraTS-GLI-00250-000,E_random_matched_C_total,1.0,parameter,1.0000000021973392,0.9286713004112244,0.9283336400985718,-0.0003376603126525879,0.04479935020208359,0.0446486622095108,-0.00015068799257278442,0.00035992288030683994,0.00035113474586978555,-8.788134437054396e-06,32.62260437011719,31.94615364074707,-0.6764507293701172,,,
30,4,BraTS-GLI-00250-000,C_total,2.0,parameter,2.0000000325962897,0.9286713004112244,0.038632046431303024,-0.8900392539799213,0.04479935020208359,0.541888415813446,0.49708906561136246,0.00035992288030683994,0.00017437132191844285,-0.0001855515583883971,32.62260437011719,26.900375366210938,-5.72222900390625,0.9996178150177002,0.20190726220607758,
30,4,BraTS-GLI-00250-000,E_random_matched_C_total,2.0,parameter,2.0000000427535265,0.9286713004112244,0.9283478260040283,-0.0003234744071960449,0.04479935020208359,0.044924717396497726,0.0001253671944141388,0.00035992288030683994,0.0003593000292312354,-6.22851075604558e-07,32.62260437011719,34.11246109008789,1.4898567199707031,,,
30,4,BraTS-GLI-00250-000,D_useful,1.0,activation,,0.9286713004112244,0.9340101480484009,0.005338847637176514,0.04479935020208359,0.041241202503442764,-0.0035581476986408234,0.00035992288030683994,0.0002962550788652152,-6.366780144162476e-05,32.62260437011719,34.51466369628906,1.892059326171875,,,1.0
30,4,BraTS-GLI-00250-000,E_random_matched_D_useful,1.0,activation,,0.9286713004112244,0.9282966256141663,-0.00037467479705810547,0.04479935020208359,,,0.00035992288030683994,,,32.62260437011719,32.66550064086914,0.042896270751953125,,,
30,4,BraTS-GLI-00250-000,D_useful,2.0,activation,,0.9286713004112244,0.9399194121360779,0.011248111724853516,0.04479935020208359,0.03821052983403206,-0.006588820368051529,0.00035992288030683994,0.00023684468760620803,-0.00012307819270063192,32.62260437011719,36.42258071899414,3.799976348876953,,,1.0
30,4,BraTS-GLI-00250-000,E_random_matched_D_useful,2.0,activation,,0.9286713004112244,0.9282715320587158,-0.0003997683525085449,0.04479935020208359,,,0.00035992288030683994,,,32.62260437011719,32.8072624206543,0.18465805053710938,,,
30,4,BraTS-GLI-00250-000,D_useful,4.0,activation,,0.9286713004112244,0.9487851858139038,0.020113885402679443,0.04479935020208359,0.033377327024936676,-0.011422023177146912,0.00035992288030683994,0.00016776750271674246,-0.0001921553775900975,32.62260437011719,40.26165008544922,7.639045715332031,,,1.0
30,4,BraTS-GLI-00250-000,E_random_matched_D_useful,4.0,activation,,0.9286713004112244,0.9276476502418518,-0.0010236501693725586,0.04479935020208359,,,0.00035992288030683994,,,32.62260437011719,33.2739143371582,0.6513099670410156,,,
30,4,BraTS-GLI-00250-000,D_useful,14.0,activation,,0.9286713004112244,0.9697601795196533,0.041088879108428955,0.04479935020208359,0.020760461688041687,-0.0240388885140419,0.00035992288030683994,2.8370459403959103e-05,-0.00033155242090288084,32.62260437011719,59.611854553222656,26.98925018310547,,,1.0
30,4,BraTS-GLI-00250-000,E_random_matched_D_useful,14.0,activation,,0.9286713004112244,0.38715341687202454,-0.5415178835391998,0.04479935020208359,,,0.00035992288030683994,,,32.62260437011719,38.8651123046875,6.2425079345703125,,,
30,5,BraTS-GLI-00501-000,A_seg,0.25,parameter,0.24999999381907392,0.8628218173980713,0.9333701133728027,0.07054829597473145,0.07064555585384369,0.043703969568014145,-0.026941586285829544,0.0011077231029048562,0.0002512907376512885,-0.0008564323652535677,23.837995529174805,37.258827209472656,13.420831680297852,1.0,0.15106308460235596,
30,5,BraTS-GLI-00501-000,E_random_matched_A_seg,0.25,parameter,0.250000004456524,0.8628218173980713,0.8616495132446289,-0.0011723041534423828,0.07064555585384369,0.07075826823711395,0.00011271238327026367,0.0011077231029048562,0.0011189508950337768,1.1227792128920555e-05,23.837995529174805,23.733266830444336,-0.10472869873046875,,,
30,5,BraTS-GLI-00501-000,A_seg,0.5,parameter,0.49999998763814785,0.8628218173980713,0.8551822304725647,-0.007639586925506592,0.07064555585384369,0.07111913710832596,0.0004735812544822693,0.0011077231029048562,9.995237633120269e-06,-0.001097727865271736,23.837995529174805,50.56629180908203,26.728296279907227,1.0,0.15106308460235596,
30,5,BraTS-GLI-00501-000,E_random_matched_A_seg,0.5,parameter,0.49999999254941935,0.8628218173980713,0.8638749122619629,0.0010530948638916016,0.07064555585384369,0.07013207674026489,-0.0005134791135787964,0.0011077231029048562,0.0011370137799531221,2.9290677048265934e-05,23.837995529174805,24.03993034362793,0.201934814453125,,,
30,5,BraTS-GLI-00501-000,A_seg,1.0,parameter,0.9999999752762957,0.8628218173980713,0.40740329027175903,-0.45541852712631226,0.07064555585384369,0.3316913843154907,0.26104582846164703,0.0011077231029048562,1.1179411529838035e-07,-0.0011076113087895578,23.837995529174805,72.12592315673828,48.28792762756348,1.0,0.15106308460235596,
30,5,BraTS-GLI-00501-000,E_random_matched_A_seg,1.0,parameter,0.9999999618303256,0.8628218173980713,0.8631123900413513,0.0002905726432800293,0.07064555585384369,0.07045560330152512,-0.000189952552318573,0.0011077231029048562,0.001145467278547585,3.7744175642728806e-05,23.837995529174805,23.98090934753418,0.142913818359375,,,
30,5,BraTS-GLI-00501-000,A_seg,2.0,parameter,1.9999999505525914,0.8628218173980713,0.24875643849372864,-0.6140653789043427,0.07064555585384369,0.5586808919906616,0.48803533613681793,0.0011077231029048562,1.0935000682721352e-09,-0.001107722009404788,23.837995529174805,91.04887390136719,67.21087837219238,1.0,0.15106308460235596,
30,5,BraTS-GLI-00501-000,E_random_matched_A_seg,2.0,parameter,1.9999999297142481,0.8628218173980713,0.8623210787773132,-0.0005007386207580566,0.07064555585384369,0.07052196562290192,-0.00012359023094177246,0.0011077231029048562,0.0011947858147323132,8.706271182745695e-05,23.837995529174805,22.8004150390625,-1.0375804901123047,,,
30,5,BraTS-GLI-00501-000,B_margin,0.25,parameter,0.2500000005966285,0.8628218173980713,0.8665364980697632,0.0037146806716918945,0.07064555585384369,0.06990261375904083,-0.0007429420948028564,0.0011077231029048562,0.0006896634004078805,-0.00041805970249697566,23.837995529174805,22.601022720336914,-1.2369728088378906,0.15106308460235596,1.0,
30,5,BraTS-GLI-00501-000,E_random_matched_B_margin,0.25,parameter,0.24999999910141923,0.8628218173980713,0.862587571144104,-0.00023424625396728516,0.07064555585384369,0.07068438827991486,3.883242607116699e-05,0.0011077231029048562,0.0011178759159520268,1.0152813047170639e-05,23.837995529174805,23.780574798583984,-0.05742073059082031,,,
30,5,BraTS-GLI-00501-000,B_margin,0.5,parameter,0.500000001193257,0.8628218173980713,0.8457274436950684,-0.01709437370300293,0.07064555585384369,0.08033856004476547,0.009693004190921783,0.0011077231029048562,0.0004464458324946463,-0.0006612772704102099,23.837995529174805,20.89821434020996,-2.9397811889648438,0.15106308460235596,1.0,
30,5,BraTS-GLI-00501-000,E_random_matched_B_margin,0.5,parameter,0.49999998862767814,0.8628218173980713,0.8617668151855469,-0.001055002212524414,0.07064555585384369,0.07107280194759369,0.00042724609375,0.0011077231029048562,0.0010482569923624396,-5.946611054241657e-05,23.837995529174805,23.660247802734375,-0.1777477264404297,,,
30,5,BraTS-GLI-00501-000,B_margin,1.0,parameter,1.000000002386514,0.8628218173980713,0.7813153862953186,-0.08150643110275269,0.07064555585384369,0.12958084046840668,0.05893528461456299,0.0011077231029048562,0.00028731359634548426,-0.000820409506559372,23.837995529174805,20.660079956054688,-3.177915573120117,0.15106308460235596,1.0,
30,5,BraTS-GLI-00501-000,E_random_matched_B_margin,1.0,parameter,1.0000000382278806,0.8628218173980713,0.866174042224884,0.003352224826812744,0.07064555585384369,0.06953892111778259,-0.0011066347360610962,0.0011077231029048562,0.001202786690555513,9.50635876506567e-05,23.837995529174805,23.597623825073242,-0.2403717041015625,,,
30,5,BraTS-GLI-00501-000,B_margin,2.0,parameter,2.000000004773028,0.8628218173980713,0.523380696773529,-0.33944112062454224,0.07064555585384369,0.49953916668891907,0.4288936108350754,0.0011077231029048562,3.269702210673131e-05,-0.001075026080798125,23.837995529174805,39.46479797363281,15.626802444458008,0.15106308460235596,1.0,
30,5,BraTS-GLI-00501-000,E_random_matched_B_margin,2.0,parameter,2.000000045780325,0.8628218173980713,0.8573498725891113,-0.005471944808959961,0.07064555585384369,0.0724497064948082,0.001804150640964508,0.0011077231029048562,0.0009683267562650144,-0.0001393963466398418,23.837995529174805,23.354225158691406,-0.48377037048339844,,,
30,5,BraTS-GLI-00501-000,C_total,0.25,parameter,0.24999999897408998,0.8628218173980713,0.933284342288971,0.07046252489089966,0.07064555585384369,0.04369620978832245,-0.02694934606552124,0.0011077231029048562,0.0002495535009074956,-0.0008581696019973606,23.837995529174805,37.249305725097656,13.411310195922852,0.999977707862854,0.15766428411006927,
30,5,BraTS-GLI-00501-000,E_random_matched_C_total,0.25,parameter,0.2499999981810106,0.8628218173980713,0.8623532056808472,-0.0004686117172241211,0.07064555585384369,0.07072220742702484,7.665157318115234e-05,0.0011077231029048562,0.001127917435951531,2.019433304667473e-05,23.837995529174805,23.779537200927734,-0.05845832824707031,,,
30,5,BraTS-GLI-00501-000,C_total,0.5,parameter,0.49999999794817995,0.8628218173980713,0.8555871248245239,-0.007234692573547363,0.07064555585384369,0.07102576643228531,0.0003802105784416199,0.0011077231029048562,1.0015495718107559e-05,-0.0010977076071867486,23.837995529174805,50.55723190307617,26.719236373901367,0.999977707862854,0.15766428411006927,
30,5,BraTS-GLI-00501-000,E_random_matched_C_total,0.5,parameter,0.4999999995707185,0.8628218173980713,0.8628500699996948,2.8252601623535156e-05,0.07064555585384369,0.07055021822452545,-9.53376293182373e-05,0.0011077231029048562,0.0010603684931993484,-4.7354609705507755e-05,23.837995529174805,23.796815872192383,-0.041179656982421875,,,
30,5,BraTS-GLI-00501-000,C_total,1.0,parameter,0.9999999958963599,0.8628218173980713,0.4076300859451294,-0.4551917314529419,0.07064555585384369,0.3314942419528961,0.26084868609905243,0.0011077231029048562,1.0975155362302758e-07,-0.0011076133513512332,23.837995529174805,72.143798828125,48.305803298950195,0.999977707862854,0.15766428411006927,
30,5,BraTS-GLI-00501-000,E_random_matched_C_total,1.0,parameter,1.000000007028575,0.8628218173980713,0.8619126081466675,-0.0009092092514038086,0.07064555585384369,0.07070101797580719,5.5462121963500977e-05,0.0011077231029048562,0.0010479181073606014,-5.980499554425478e-05,23.837995529174805,23.228384017944336,-0.6096115112304688,,,
30,5,BraTS-GLI-00501-000,C_total,2.0,parameter,1.9999999917927198,0.8628218173980713,0.2489309161901474,-0.6138909012079239,0.07064555585384369,0.5584919452667236,0.48784638941287994,0.0011077231029048562,1.287804307636975e-09,-0.0011077218151005486,23.837995529174805,91.21141052246094,67.37341499328613,0.999977707862854,0.15766428411006927,
30,5,BraTS-GLI-00501-000,E_random_matched_C_total,2.0,parameter,1.999999998282874,0.8628218173980713,0.8728606104850769,0.010038793087005615,0.07064555585384369,0.06688541173934937,-0.0037601441144943237,0.0011077231029048562,0.0014703162014484406,0.00036259309854358435,23.837995529174805,25.024168014526367,1.1861724853515625,,,
30,5,BraTS-GLI-00501-000,D_useful,1.0,activation,,0.8628218173980713,0.8706772923469543,0.007855474948883057,0.07064555585384369,0.06500853598117828,-0.005637019872665405,0.0011077231029048562,0.0008150499197654426,-0.0002926731831394136,23.837995529174805,25.64748764038086,1.8094921112060547,,,1.0
30,5,BraTS-GLI-00501-000,E_random_matched_D_useful,1.0,activation,,0.8628218173980713,0.8624987006187439,-0.0003231167793273926,0.07064555585384369,,,0.0011077231029048562,,,23.837995529174805,23.907011032104492,0.0690155029296875,,,
30,5,BraTS-GLI-00501-000,D_useful,2.0,activation,,0.8628218173980713,0.8804789185523987,0.017657101154327393,0.07064555585384369,0.059960827231407166,-0.010684728622436523,0.0011077231029048562,0.0005132319056428969,-0.0005944911972619593,23.837995529174805,27.489805221557617,3.6518096923828125,,,1.0
30,5,BraTS-GLI-00501-000,E_random_matched_D_useful,2.0,activation,,0.8628218173980713,0.8645148277282715,0.0016930103302001953,0.07064555585384369,,,0.0011077231029048562,,,23.837995529174805,24.092668533325195,0.2546730041503906,,,
30,5,BraTS-GLI-00501-000,D_useful,4.0,activation,,0.8628218173980713,0.8943040370941162,0.03148221969604492,0.07064555585384369,0.05150928348302841,-0.019136272370815277,0.0011077231029048562,0.00021987805666867644,-0.0008878450462361798,23.837995529174805,31.221467971801758,7.383472442626953,,,1.0
30,5,BraTS-GLI-00501-000,E_random_matched_D_useful,4.0,activation,,0.8628218173980713,0.8623494505882263,-0.0004723668098449707,0.07064555585384369,,,0.0011077231029048562,,,23.837995529174805,24.77997398376465,0.9419784545898438,,,
30,5,BraTS-GLI-00501-000,D_useful,14.0,activation,,0.8628218173980713,0.9438526034355164,0.08103078603744507,0.07064555585384369,0.02781837433576584,-0.04282718151807785,0.0011077231029048562,5.7747138271224685e-06,-0.0011019483890777337,23.837995529174805,50.15085983276367,26.312864303588867,,,1.0
30,5,BraTS-GLI-00501-000,E_random_matched_D_useful,14.0,activation,,0.8628218173980713,0.4829721450805664,-0.3798496723175049,0.07064555585384369,,,0.0011077231029048562,,,23.837995529174805,32.07624816894531,8.238252639770508,,,
30,6,BraTS-GLI-01093-000,A_seg,0.25,parameter,0.25000000282307155,0.9609025716781616,0.9027135968208313,-0.05818897485733032,0.0361885242164135,0.053524721413850784,0.017336197197437286,0.0008530713967047632,0.0001355177810182795,-0.0007175536156864837,30.442060470581055,48.680335998535156,18.2382755279541,1.0,-0.12133607268333435,
30,6,BraTS-GLI-01093-000,E_random_matched_A_seg,0.25,parameter,0.24999999971987563,0.9609025716781616,0.9607952833175659,-0.00010728836059570312,0.0361885242164135,0.036295123398303986,0.00010659918189048767,0.0008530713967047632,0.0008560799760743976,3.00857936963439e-06,30.442060470581055,30.250396728515625,-0.1916637420654297,,,
30,6,BraTS-GLI-01093-000,A_seg,0.5,parameter,0.5000000056461431,0.9609025716781616,0.8231958150863647,-0.13770675659179688,0.0361885242164135,0.0853893905878067,0.049200866371393204,0.0008530713967047632,7.982785064086784e-06,-0.0008450886116406764,30.442060470581055,66.2954330444336,35.85337257385254,1.0,-0.12133607268333435,
30,6,BraTS-GLI-01093-000,E_random_matched_A_seg,0.5,parameter,0.4999999932479113,0.9609025716781616,0.9601340293884277,-0.0007685422897338867,0.0361885242164135,0.036476682871580124,0.000288158655166626,0.0008530713967047632,0.0008717515738680959,1.86801771633327e-05,30.442060470581055,30.710498809814453,0.26843833923339844,,,
30,6,BraTS-GLI-01093-000,A_seg,1.0,parameter,1.0000000112922862,0.9609025716781616,0.6125918030738831,-0.34831076860427856,0.0361885242164135,0.1944860965013504,0.1582975722849369,0.0008530713967047632,6.612180669662848e-08,-0.0008530052748980665,30.442060470581055,96.64371490478516,66.2016544342041,1.0,-0.12133607268333435,
30,6,BraTS-GLI-01093-000,E_random_matched_A_seg,1.0,parameter,1.0000000144646037,0.9609025716781616,0.9606685042381287,-0.00023406744003295898,0.0361885242164135,0.03673911839723587,0.0005505941808223724,0.0008530713967047632,0.0009936688002198935,0.00014059740351513028,30.442060470581055,30.175405502319336,-0.26665496826171875,,,
30,6,BraTS-GLI-01093-000,A_seg,2.0,parameter,2.0000000225845724,0.9609025716781616,0.19904585182666779,-0.7618567198514938,0.0361885242164135,0.604228138923645,0.5680396147072315,0.0008530713967047632,0.0,-0.0008530713967047632,30.442060470581055,146.26547241210938,115.82341194152832,1.0,-0.12133607268333435,
30,6,BraTS-GLI-01093-000,E_random_matched_A_seg,2.0,parameter,2.000000092288244,0.9609025716781616,0.9601158499717712,-0.0007867217063903809,0.0361885242164135,0.0375874824821949,0.0013989582657814026,0.0008530713967047632,0.0011746021918952465,0.00032153079519048333,30.442060470581055,28.994810104370117,-1.4472503662109375,,,
30,6,BraTS-GLI-01093-000,B_margin,0.25,parameter,0.2499999904612194,0.9609025716781616,0.9513713121414185,-0.009531259536743164,0.0361885242164135,0.03857589513063431,0.00238737091422081,0.0008530713967047632,0.00033957464620471,-0.0005134967505000532,30.442060470581055,29.21562385559082,-1.2264366149902344,-0.12133607268333435,1.0,
30,6,BraTS-GLI-01093-000,E_random_matched_B_margin,0.25,parameter,0.2499999938554537,0.9609025716781616,0.9603484869003296,-0.0005540847778320312,0.0361885242164135,0.03622075542807579,3.223121166229248e-05,0.0008530713967047632,0.000869744922965765,1.6673526261001825e-05,30.442060470581055,30.238990783691406,-0.20306968688964844,,,
30,6,BraTS-GLI-01093-000,B_margin,0.5,parameter,0.4999999809224388,0.9609025716781616,0.9231866598129272,-0.037715911865234375,0.0361885242164135,0.04697746783494949,0.010788943618535995,0.0008530713967047632,0.0001411662233294919,-0.0007119051733752713,30.442060470581055,27.906728744506836,-2.5353317260742188,-0.12133607268333435,1.0,
30,6,BraTS-GLI-01093-000,E_random_matched_B_margin,0.5,parameter,0.5000000018771971,0.9609025716781616,0.9605894684791565,-0.00031310319900512695,0.0361885242164135,0.03613746911287308,-5.105510354042053e-05,0.0008530713967047632,0.0009194680023938417,6.639660568907857e-05,30.442060470581055,30.25827407836914,-0.18378639221191406,,,
30,6,BraTS-GLI-01093-000,B_margin,1.0,parameter,0.9999999618448776,0.9609025716781616,0.8215312361717224,-0.1393713355064392,0.0361885242164135,0.08636922389268875,0.05018069967627525,0.0008530713967047632,1.983207584999036e-05,-0.0008332393208547728,30.442060470581055,25.6845703125,-4.757490158081055,-0.12133607268333435,1.0,
30,6,BraTS-GLI-01093-000,E_random_matched_B_margin,1.0,parameter,1.000000000174623,0.9609025716781616,0.9593387246131897,-0.0015638470649719238,0.0361885242164135,0.03662694990634918,0.0004384256899356842,0.0008530713967047632,0.0008705672225914896,1.749582588672638e-05,30.442060470581055,31.106678009033203,0.6646175384521484,,,
30,6,BraTS-GLI-01093-000,B_margin,2.0,parameter,1.9999999236897552,0.9609025716781616,0.2291216403245926,-0.731780931353569,0.0361885242164135,0.4103394150733948,0.3741508908569813,0.0008530713967047632,6.03656724607049e-09,-0.0008530653601375171,30.442060470581055,30.973608016967773,0.5315475463867188,-0.12133607268333435,1.0,
30,6,BraTS-GLI-01093-000,E_random_matched_B_margin,2.0,parameter,1.9999999601568557,0.9609025716781616,0.9589594006538391,-0.0019431710243225098,0.0361885242164135,0.03746071457862854,0.0012721903622150421,0.0008530713967047632,0.0010085023241117597,0.0001554309274069965,30.442060470581055,27.891292572021484,-2.5507678985595703,,,
30,6,BraTS-GLI-01093-000,C_total,0.25,parameter,0.24999999198189457,0.9609025716781616,0.9028950333595276,-0.05800753831863403,0.0361885242164135,0.05347070097923279,0.01728217676281929,0.0008530713967047632,0.0001362071925541386,-0.0007168642041506246,30.442060470581055,48.689117431640625,18.24705696105957,0.9999582767486572,-0.11226066946983337,
30,6,BraTS-GLI-01093-000,E_random_matched_C_total,0.25,parameter,0.24999999427018332,0.9609025716781616,0.9609113335609436,8.761882781982422e-06,0.0361885242164135,0.036201607435941696,1.3083219528198242e-05,0.0008530713967047632,0.0008540935814380646,1.0221847333014011e-06,30.442060470581055,30.644405364990234,0.2023448944091797,,,
30,6,BraTS-GLI-01093-000,C_total,0.5,parameter,0.49999998396378914,0.9609025716781616,0.8234217762947083,-0.13748079538345337,0.0361885242164135,0.08528706431388855,0.04909854009747505,0.0008530713967047632,7.950583494675811e-06,-0.0008451208132100874,30.442060470581055,66.29594421386719,35.85388374328613,0.9999582767486572,-0.11226066946983337,
30,6,BraTS-GLI-01093-000,E_random_matched_C_total,0.5,parameter,0.49999998426210346,0.9609025716781616,0.9609750509262085,7.2479248046875e-05,0.0361885242164135,0.03626576066017151,7.723644375801086e-05,0.0008530713967047632,0.000849320727866143,-3.750668838620186e-06,30.442060470581055,30.368669509887695,-0.07339096069335938,,,
30,6,BraTS-GLI-01093-000,C_total,1.0,parameter,0.9999999679275783,0.9609025716781616,0.6130502820014954,-0.34785228967666626,0.0361885242164135,0.19417865574359894,0.15799013152718544,0.0008530713967047632,6.998283907933e-08,-0.0008530014138656838,30.442060470581055,96.57716369628906,66.13510322570801,0.9999582767486572,-0.11226066946983337,
30,6,BraTS-GLI-01093-000,E_random_matched_C_total,1.0,parameter,0.9999999801802912,0.9609025716781616,0.9595608711242676,-0.001341700553894043,0.0361885242164135,0.03664088249206543,0.00045235827565193176,0.0008530713967047632,0.0008573484374210238,4.277040716260672e-06,30.442060470581055,30.67240333557129,0.23034286499023438,,,
30,6,BraTS-GLI-01093-000,C_total,2.0,parameter,1.9999999358551566,0.9609025716781616,0.19905464351177216,-0.7618479281663895,0.0361885242164135,0.6040589213371277,0.5678703971207142,0.0008530713967047632,0.0,-0.0008530713967047632,30.442060470581055,146.0298614501953,115.58780097961426,0.9999582767486572,-0.11226066946983337,
30,6,BraTS-GLI-01093-000,E_random_matched_C_total,2.0,parameter,1.9999999233114052,0.9609025716781616,0.9602329730987549,-0.0006695985794067383,0.0361885242164135,0.036024875938892365,-0.00016364827752113342,0.0008530713967047632,0.0009093206026591361,5.624920595437288e-05,30.442060470581055,30.182209014892578,-0.25985145568847656,,,
30,6,BraTS-GLI-01093-000,D_useful,1.0,activation,,0.9609025716781616,0.96701580286026,0.006113231182098389,0.0361885242164135,0.032766278833150864,-0.0034222453832626343,0.0008530713967047632,0.0006962595507502556,-0.0001568118459545076,30.442060470581055,32.38008499145508,1.9380245208740234,,,1.0
30,6,BraTS-GLI-01093-000,E_random_matched_D_useful,1.0,activation,,0.9609025716781616,0.9601072669029236,-0.0007953047752380371,0.0361885242164135,,,0.0008530713967047632,,,30.442060470581055,30.4846248626709,0.04256439208984375,,,
30,6,BraTS-GLI-01093-000,D_useful,2.0,activation,,0.9609025716781616,0.97240149974823,0.01149892807006836,0.0361885242164135,0.02995416522026062,-0.006234358996152878,0.0008530713967047632,0.0005496179801411927,-0.0003034534165635705,30.442060470581055,34.325469970703125,3.8834095001220703,,,1.0
30,6,BraTS-GLI-01093-000,E_random_matched_D_useful,2.0,activation,,0.9609025716781616,0.9599999785423279,-0.0009025931358337402,0.0361885242164135,,,0.0008530713967047632,,,30.442060470581055,30.60358428955078,0.16152381896972656,,,
30,6,BraTS-GLI-01093-000,D_useful,4.0,activation,,0.9609025716781616,0.980326771736145,0.0194242000579834,0.0361885242164135,0.02567172236740589,-0.010516801849007607,0.0008530713967047632,0.0003403277660254389,-0.0005127436306793243,30.442060470581055,38.2299690246582,7.787908554077148,,,1.0
30,6,BraTS-GLI-01093-000,E_random_matched_D_useful,4.0,activation,,0.9609025716781616,0.9586961269378662,-0.00220644474029541,0.0361885242164135,,,0.0008530713967047632,,,30.442060470581055,31.036813735961914,0.5947532653808594,,,
30,6,BraTS-GLI-01093-000,D_useful,14.0,activation,,0.9609025716781616,0.9946619272232056,0.033759355545043945,0.0361885242164135,0.015558796934783459,-0.02062972728163004,0.0008530713967047632,3.3420135878259316e-05,-0.0008196512608265039,30.442060470581055,57.859092712402344,27.41703224182129,,,1.0
30,6,BraTS-GLI-01093-000,E_random_matched_D_useful,14.0,activation,,0.9609025716781616,0.510375440120697,-0.4505271315574646,0.0361885242164135,,,0.0008530713967047632,,,30.442060470581055,36.675514221191406,6.233453750610352,,,
30,7,BraTS-GLI-01168-000,A_seg,0.25,parameter,0.24999999335705061,0.9044056534767151,0.9409835934638977,0.03657793998718262,0.0511997789144516,0.03960569202899933,-0.01159408688545227,0.00017926924920175225,0.00013058313925284892,-4.868610994890332e-05,31.367971420288086,44.045955657958984,12.677984237670898,1.0,0.27345067262649536,
30,7,BraTS-GLI-01168-000,E_random_matched_A_seg,0.25,parameter,0.24999998451494274,0.9044056534767151,0.9042995572090149,-0.00010609626770019531,0.0511997789144516,0.05140204727649689,0.00020226836204528809,0.00017926924920175225,0.00017724878853186965,-2.0204606698825955e-06,31.367971420288086,31.33973503112793,-0.02823638916015625,,,
30,7,BraTS-GLI-01168-000,A_seg,0.5,parameter,0.49999998671410123,0.9044056534767151,0.9105691313743591,0.006163477897644043,0.0511997789144516,0.04930541291832924,-0.0018943659961223602,0.00017926924920175225,0.00012633780715987086,-5.293144204188138e-05,31.367971420288086,50.9668083190918,19.59883689880371,1.0,0.27345067262649536,
30,7,BraTS-GLI-01168-000,E_random_matched_A_seg,0.5,parameter,0.5000000008731149,0.9044056534767151,0.9050650596618652,0.0006594061851501465,0.0511997789144516,0.051280535757541656,8.075684309005737e-05,0.00017926924920175225,0.00018092122627422214,1.6519770724698901e-06,31.367971420288086,31.496339797973633,0.12836837768554688,,,
30,7,BraTS-GLI-01168-000,A_seg,1.0,parameter,0.9999999734282025,0.9044056534767151,0.4806842505931854,-0.42372140288352966,0.0511997789144516,0.2526918053627014,0.20149202644824982,0.00017926924920175225,8.237086149165407e-05,-9.689838771009818e-05,31.367971420288086,63.13740539550781,31.769433975219727,1.0,0.27345067262649536,
30,7,BraTS-GLI-01168-000,E_random_matched_A_seg,1.0,parameter,0.9999999459541854,0.9044056534767151,0.9059639573097229,0.0015583038330078125,0.0511997789144516,0.051019877195358276,-0.00017990171909332275,0.00017926924920175225,0.00017062830738723278,-8.640941814519465e-06,31.367971420288086,32.03166580200195,0.6636943817138672,,,
30,7,BraTS-GLI-01168-000,A_seg,2.0,parameter,1.999999946856405,0.9044056534767151,0.1600235551595688,-0.7443820983171463,0.0511997789144516,0.5125765800476074,0.4613768011331558,0.00017926924920175225,4.1474839235888794e-05,-0.00013779440996586345,31.367971420288086,85.59632110595703,54.228349685668945,1.0,0.27345067262649536,
30,7,BraTS-GLI-01168-000,E_random_matched_A_seg,2.0,parameter,1.9999999548017509,0.9044056534767151,0.9064311385154724,0.0020254850387573242,0.0511997789144516,0.05401521921157837,0.00281544029712677,0.00017926924920175225,0.0001716882106848061,-7.581038516946137e-06,31.367971420288086,32.26844024658203,0.9004688262939453,,,
30,7,BraTS-GLI-01168-000,B_margin,0.25,parameter,0.24999999736974132,0.9044056534767151,0.914762020111084,0.010356366634368896,0.0511997789144516,0.048768579959869385,-0.0024311989545822144,0.00017926924920175225,0.00015251967124640942,-2.674957795534283e-05,31.367971420288086,47.276702880859375,15.908731460571289,0.27345067262649536,1.0,
30,7,BraTS-GLI-01168-000,E_random_matched_B_margin,0.25,parameter,0.24999999579631546,0.9044056534767151,0.9044056534767151,0.0,0.0511997789144516,0.05110025405883789,-9.95248556137085e-05,0.00017926924920175225,0.0001765824854373932,-2.686763764359057e-06,31.367971420288086,31.635969161987305,0.26799774169921875,,,
30,7,BraTS-GLI-01168-000,B_margin,0.5,parameter,0.49999999473948264,0.9044056534767151,0.9124087691307068,0.0080031156539917,0.0511997789144516,0.05192561447620392,0.0007258355617523193,0.00017926924920175225,0.00013356280396692455,-4.57064452348277e-05,31.367971420288086,56.62512969970703,25.257158279418945,0.27345067262649536,1.0,
30,7,BraTS-GLI-01168-000,E_random_matched_B_margin,0.5,parameter,0.49999999638384907,0.9044056534767151,0.9032973051071167,-0.0011083483695983887,0.0511997789144516,0.05157968029379845,0.00037990137934684753,0.00017926924920175225,0.0001788570953067392,-4.1215389501303434e-07,31.367971420288086,31.371776580810547,0.0038051605224609375,,,
30,7,BraTS-GLI-01168-000,B_margin,1.0,parameter,0.9999999894789653,0.9044056534767151,0.8897095322608948,-0.014696121215820312,0.0511997789144516,0.14040492475032806,0.08920514583587646,0.00017926924920175225,7.893956353655085e-05,-0.0001003296856652014,31.367971420288086,79.40695190429688,48.03898048400879,0.27345067262649536,1.0,
30,7,BraTS-GLI-01168-000,E_random_matched_B_margin,1.0,parameter,1.000000025524059,0.9044056534767151,0.9037981629371643,-0.0006074905395507812,0.0511997789144516,0.05097499489784241,-0.0002247840166091919,0.00017926924920175225,0.00018530632951296866,6.037080311216414e-06,31.367971420288086,31.192350387573242,-0.17562103271484375,,,
30,7,BraTS-GLI-01168-000,B_margin,2.0,parameter,1.9999999789579306,0.9044056534767151,0.02626708894968033,-0.8781385645270348,0.0511997789144516,0.534525454044342,0.48332567512989044,0.00017926924920175225,9.998394489230122e-06,-0.00016927085471252212,31.367971420288086,139.79635620117188,108.42838478088379,0.27345067262649536,1.0,
30,7,BraTS-GLI-01168-000,E_random_matched_B_margin,2.0,parameter,1.999999982508598,0.9044056534767151,0.901056170463562,-0.003349483013153076,0.0511997789144516,0.05241110920906067,0.0012113302946090698,0.00017926924920175225,0.00018575153080746531,6.4822816057130694e-06,31.367971420288086,29.986173629760742,-1.3817977905273438,,,
30,7,BraTS-GLI-01168-000,C_total,0.25,parameter,0.24999999729334374,0.9044056534767151,0.9418509602546692,0.0374453067779541,0.0511997789144516,0.039594925940036774,-0.011604852974414825,0.00017926924920175225,0.00013188306184019893,-4.738618736155331e-05,31.367971420288086,44.37858581542969,13.010614395141602,0.9996591210365295,0.2984731197357178,
30,7,BraTS-GLI-01168-000,E_random_matched_C_total,0.25,parameter,0.2500000024738256,0.9044056534767151,0.9037981629371643,-0.0006074905395507812,0.0511997789144516,0.0514480359852314,0.0002482570707798004,0.00017926924920175225,0.00017643329920247197,-2.835949999280274e-06,31.367971420288086,31.234987258911133,-0.13298416137695312,,,
30,7,BraTS-GLI-01168-000,C_total,0.5,parameter,0.4999999945866875,0.9044056534767151,0.9103773832321167,0.005971729755401611,0.0511997789144516,0.04914652183651924,-0.002053257077932358,0.00017926924920175225,0.00012383425200823694,-5.54349971935153e-05,31.367971420288086,51.346988677978516,19.97901725769043,0.9996591210365295,0.2984731197357178,
30,7,BraTS-GLI-01168-000,E_random_matched_C_total,0.5,parameter,0.500000012674718,0.9044056534767151,0.9032973051071167,-0.0011083483695983887,0.0511997789144516,0.0514381118118763,0.00023833289742469788,0.00017926924920175225,0.00017756834859028459,-1.7009006114676595e-06,31.367971420288086,31.514543533325195,0.14657211303710938,,,
30,7,BraTS-GLI-01168-000,C_total,1.0,parameter,0.999999989173375,0.9044056534767151,0.49248722195625305,-0.41191843152046204,0.0511997789144516,0.24765881896018982,0.19645904004573822,0.00017926924920175225,7.574495975859463e-05,-0.00010352428944315761,31.367971420288086,63.91979217529297,32.55182075500488,0.9996591210365295,0.2984731197357178,
30,7,BraTS-GLI-01168-000,E_random_matched_C_total,1.0,parameter,0.9999999933206709,0.9044056534767151,0.9029045701026917,-0.0015010833740234375,0.0511997789144516,0.052017003297805786,0.000817224383354187,0.00017926924920175225,0.00017156194371636957,-7.707305485382676e-06,31.367971420288086,31.30675506591797,-0.06121635437011719,,,
30,7,BraTS-GLI-01168-000,C_total,2.0,parameter,1.99999997834675,0.9044056534767151,0.1607116460800171,-0.743694007396698,0.0511997789144516,0.5121926665306091,0.46099288761615753,0.00017926924920175225,4.4890672143083066e-05,-0.00013437857705866918,31.367971420288086,87.3540267944336,55.98605537414551,0.9996591210365295,0.2984731197357178,
30,7,BraTS-GLI-01168-000,E_random_matched_C_total,2.0,parameter,1.999999944440787,0.9044056534767151,0.9022259712219238,-0.0021796822547912598,0.0511997789144516,0.05379119887948036,0.002591419965028763,0.00017926924920175225,0.0002333413140149787,5.407206481322646e-05,31.367971420288086,27.508256912231445,-3.8597145080566406,,,
30,7,BraTS-GLI-01168-000,D_useful,1.0,activation,,0.9044056534767151,0.9109075665473938,0.006501913070678711,0.0511997789144516,0.04736124351620674,-0.003838535398244858,0.00017926924920175225,0.00016847475490067154,-1.0794494301080704e-05,31.367971420288086,33.27005386352539,1.9020824432373047,,,1.0
30,7,BraTS-GLI-01168-000,E_random_matched_D_useful,1.0,activation,,0.9044056534767151,0.9052631855010986,0.0008575320243835449,0.0511997789144516,,,0.00017926924920175225,,,31.367971420288086,31.41352081298828,0.04554939270019531,,,
30,7,BraTS-GLI-01168-000,D_useful,2.0,activation,,0.9044056534767151,0.9155555367469788,0.011149883270263672,0.0511997789144516,0.04400448501110077,-0.00719529390335083,0.00017926924920175225,0.00013749637582805008,-4.177287337370217e-05,31.367971420288086,35.1850700378418,3.817098617553711,,,1.0
30,7,BraTS-GLI-01168-000,E_random_matched_D_useful,2.0,activation,,0.9044056534767151,0.9049597978591919,0.0005541443824768066,0.0511997789144516,,,0.00017926924920175225,,,31.367971420288086,31.538972854614258,0.17100143432617188,,,
30,7,BraTS-GLI-01168-000,D_useful,4.0,activation,,0.9044056534767151,0.9290072321891785,0.02460157871246338,0.0511997789144516,0.038191117346286774,-0.013008661568164825,0.00017926924920175225,0.00010331340308766812,-7.595584611408412e-05,31.367971420288086,39.037967681884766,7.66999626159668,,,1.0
30,7,BraTS-GLI-01168-000,E_random_matched_D_useful,4.0,activation,,0.9044056534767151,0.9028317332267761,-0.0015739202499389648,0.0511997789144516,,,0.00017926924920175225,,,31.367971420288086,32.03501892089844,0.6670475006103516,,,
30,7,BraTS-GLI-01168-000,D_useful,14.0,activation,,0.9044056534767151,0.9687586426734924,0.06435298919677734,0.0511997789144516,0.020504945889115334,-0.030694833025336266,0.00017926924920175225,2.8075655791326426e-05,-0.00015119359341042582,31.367971420288086,58.45957946777344,27.09160804748535,,,1.0
30,7,BraTS-GLI-01168-000,E_random_matched_D_useful,14.0,activation,,0.9044056534767151,0.28238341212272644,-0.6220222413539886,0.0511997789144516,,,0.00017926924920175225,,,31.367971420288086,37.865760803222656,6.49778938293457,,,
