epoch,batch,focal_trunk,focal_seg_head,focal_evid_head,evidential_trunk,evidential_seg_head,evidential_evid_head
0,0,0.5375816822052002,0.08680372685194016,0.0,0.6531878709793091,0.0,0.4820877015590668
0,1,0.25178489089012146,0.052262723445892334,0.0,0.5485591888427734,0.0,0.488955020904541
0,2,0.2996361553668976,0.06958271563053131,0.0,0.5655471682548523,0.0,0.46516406536102295
0,3,0.2255236655473709,0.05661624297499657,0.0,0.8120370507240295,0.0,0.4693900942802429
0,4,0.19648554921150208,0.04867435619235039,0.0,0.5649247169494629,0.0,0.4471164047718048
0,5,0.21250908076763153,0.05994317680597305,0.0,0.5263300538063049,0.0,0.45199114084243774
0,6,0.1833421289920807,0.047773659229278564,0.0,0.4765339493751526,0.0,0.43912240862846375
0,7,0.10061255097389221,0.028406236320734024,0.0,0.3810453414916992,0.0,0.4439362585544586
0,8,0.18581892549991608,0.05899277701973915,0.0,0.5259920954704285,0.0,0.43705666065216064
0,9,0.17040413618087769,0.051104675978422165,0.0,0.4892946481704712,0.0,0.43948736786842346
0,10,0.16260944306850433,0.04648765176534653,0.0,0.478861927986145,0.0,0.4295429289340973
0,11,0.09050874412059784,0.030426692217588425,0.0,0.44211840629577637,0.0,0.4348057210445404
0,12,0.1286289095878601,0.0406707264482975,0.0,0.47652074694633484,0.0,0.4240460991859436
0,13,0.07293618470430374,0.032919302582740784,0.0,0.4107295870780945,0.0,0.4265442192554474
0,14,0.0799880251288414,0.03752506151795387,0.0,0.4502392113208771,0.0,0.4295566976070404
0,15,0.09680850803852081,0.03567459061741829,0.0,0.3813898265361786,0.0,0.4183073937892914
0,16,0.15663158893585205,0.042802296578884125,0.0,0.3661569058895111,0.0,0.400810569524765
0,17,0.09726744145154953,0.026528943330049515,0.0,0.2878442704677582,0.0,0.40901613235473633
0,18,0.09993824362754822,0.04144546017050743,0.0,0.31829798221588135,0.0,0.402500718832016
0,19,0.0668792724609375,0.032709311693906784,0.0,0.27572008967399597,0.0,0.4067811369895935
0,20,0.10767211019992828,0.03917720541357994,0.0,0.33351612091064453,0.0,0.4041016399860382
0,21,0.1986459344625473,0.033276237547397614,0.0,0.4548855423927307,0.0,0.39797499775886536
0,22,0.04145645722746849,0.021878911182284355,0.0,0.32902050018310547,0.0,0.3984965980052948
0,23,0.10502207279205322,0.04315181076526642,0.0,0.24384404718875885,0.0,0.3945382833480835
0,24,0.10977155715227127,0.04791880398988724,0.0,0.27753597497940063,0.0,0.39729148149490356
0,25,0.06722603738307953,0.025846410542726517,0.0,0.2781182825565338,0.0,0.3958696722984314
0,26,0.1290557086467743,0.03818543627858162,0.0,0.20780673623085022,0.0,0.39411890506744385
0,27,0.12391521781682968,0.042359866201877594,0.0,0.26031923294067383,0.0,0.39804333448410034
0,28,0.09299683570861816,0.03759336471557617,0.0,0.1936175674200058,0.0,0.4001223146915436
0,29,0.13491325080394745,0.04464985430240631,0.0,0.22979944944381714,0.0,0.40265369415283203
0,30,0.14219066500663757,0.05099935084581375,0.0,0.14349661767482758,0.0,0.3983624577522278
0,31,0.19443567097187042,0.052660927176475525,0.0,0.2107764631509781,0.0,0.39648231863975525
0,32,0.0586332306265831,0.04764204099774361,0.0,0.2178020179271698,0.0,0.40500450134277344
0,33,0.06634080410003662,0.031952790915966034,0.0,0.20639260113239288,0.0,0.4057045578956604
0,34,0.16506847739219666,0.05165114253759384,0.0,0.27426406741142273,0.0,0.40575316548347473
0,35,0.11112923175096512,0.04715222492814064,0.0,0.17008055746555328,0.0,0.4056568443775177
0,36,0.09884436428546906,0.04299432784318924,0.0,0.15440990030765533,0.0,0.4080442190170288
0,37,0.07607900351285934,0.03570767492055893,0.0,0.1925586760044098,0.0,0.410637229681015
0,38,0.160686656832695,0.03716958314180374,0.0,0.17802883684635162,0.0,0.4152780771255493
0,39,0.08729806542396545,0.03201637417078018,0.0,0.1619628220796585,0.0,0.4215121865272522
0,40,0.13806527853012085,0.053037650883197784,0.0,0.1385737657546997,0.0,0.42292460799217224
0,41,0.13465693593025208,0.046978484839200974,0.0,0.16207429766654968,0.0,0.42718952894210815
0,42,0.11363779008388519,0.05495405197143555,0.0,0.15620747208595276,0.0,0.4266263246536255
0,43,0.06713375449180603,0.03794637322425842,0.0,0.19674454629421234,0.0,0.4312255382537842
0,44,0.11969571560621262,0.038916394114494324,0.0,0.1293153166770935,0.0,0.43202582001686096
0,45,0.17439870536327362,0.041219230741262436,0.0,0.15263789892196655,0.0,0.4310084879398346
0,46,0.13858500123023987,0.051990244537591934,0.0,0.13352172076702118,0.0,0.4317173957824707
0,47,0.18190555274486542,0.05263037979602814,0.0,0.10810337960720062,0.0,0.43165192008018494
0,48,0.0498228594660759,0.03172685205936432,0.0,0.2478058785200119,0.0,0.435104638338089
0,49,0.09801235795021057,0.027545206248760223,0.0,0.10828705877065659,0.0,0.43361395597457886
0,50,0.2640889286994934,0.04762241989374161,0.0,0.279293417930603,0.0,0.43397799134254456
0,51,0.12929652631282806,0.05431671813130379,0.0,0.0894099697470665,0.0,0.4328276216983795
0,52,0.08490630239248276,0.04363752901554108,0.0,0.12804147601127625,0.0,0.4353431165218353
0,53,0.06200113520026207,0.043438203632831573,0.0,0.15873491764068604,0.0,0.43365293741226196
0,54,0.0902567133307457,0.06297542154788971,0.0,0.21628066897392273,0.0,0.4329434335231781
0,55,0.0316455103456974,0.03306877613067627,0.0,0.24558162689208984,0.0,0.43858882784843445
0,56,0.11539517343044281,0.04076531529426575,0.0,0.23880630731582642,0.0,0.43650442361831665
0,57,0.12718930840492249,0.05208747088909149,0.0,0.1347610354423523,0.0,0.4318549335002899
0,58,0.12231992930173874,0.04560370743274689,0.0,0.09634236246347427,0.0,0.4303518235683441
0,59,0.0951819196343422,0.04156484082341194,0.0,0.09721113741397858,0.0,0.43345603346824646
0,60,0.04372488334774971,0.025954091921448708,0.0,0.1151425763964653,0.0,0.4362862706184387
0,61,0.12153845280408859,0.058031465858221054,0.0,0.09701485186815262,0.0,0.4283296465873718
0,62,0.07824072986841202,0.04884723201394081,0.0,0.08213154971599579,0.0,0.4321223497390747
0,63,0.07727022469043732,0.048439256846904755,0.0,0.09209246933460236,0.0,0.4297882914543152
0,64,0.08478889614343643,0.05170503631234169,0.0,0.08020342141389847,0.0,0.42991840839385986
0,65,0.07405011355876923,0.056867167353630066,0.0,0.0733879879117012,0.0,0.42890188097953796
0,66,0.04079127684235573,0.03844420611858368,0.0,0.18005135655403137,0.0,0.43312808871269226
0,67,0.1424388885498047,0.06047379970550537,0.0,0.10602214187383652,0.0,0.42738473415374756
0,68,0.09272702038288116,0.05045413225889206,0.0,0.07919233292341232,0.0,0.43062037229537964
0,69,0.06757628172636032,0.05411314219236374,0.0,0.0740085020661354,0.0,0.43036723136901855
0,70,0.06712422519922256,0.04516847804188728,0.0,0.07515247166156769,0.0,0.4313964247703552
0,71,0.04919631779193878,0.03856312483549118,0.0,0.1351371705532074,0.0,0.43293261528015137
0,72,0.09794981777667999,0.06179385259747505,0.0,0.16432149708271027,0.0,0.42228591442108154
0,73,0.08971339464187622,0.051606595516204834,0.0,0.07465843111276627,0.0,0.430584192276001
0,74,0.07165268063545227,0.05930089205503464,0.0,0.07705091685056686,0.0,0.43004098534584045
0,75,0.10320741683244705,0.06230640783905983,0.0,0.07780077308416367,0.0,0.4278033375740051
0,76,0.0843241959810257,0.0526495985686779,0.0,0.08077774941921234,0.0,0.4303039312362671
0,77,0.0616803802549839,0.043942101299762726,0.0,0.0785532146692276,0.0,0.4311753213405609
0,78,0.0528210885822773,0.05136074125766754,0.0,0.07889201492071152,0.0,0.43195730447769165
0,79,0.06929413229227066,0.042301200330257416,0.0,0.08417079597711563,0.0,0.4308038353919983
0,80,0.11335907876491547,0.05293060466647148,0.0,0.08501783758401871,0.0,0.4280201196670532
0,81,0.025901945307850838,0.03278295323252678,0.0,0.08794565498828888,0.0,0.43172937631607056
0,82,0.07750624418258667,0.057878527790308,0.0,0.07233349233865738,0.0,0.42795103788375854
0,83,0.11515424400568008,0.06346257776021957,0.0,0.0826391652226448,0.0,0.4252888858318329
0,84,0.08597766607999802,0.043618831783533096,0.0,0.0796939954161644,0.0,0.42783012986183167
0,85,0.1520746797323227,0.07379177957773209,0.0,0.0757141262292862,0.0,0.4231082797050476
0,86,0.10214294493198395,0.06464476138353348,0.0,0.08134673535823822,0.0,0.42220523953437805
0,87,0.05928150191903114,0.04112962633371353,0.0,0.28899243474006653,0.0,0.42590075731277466
0,88,0.08756263554096222,0.05685597285628319,0.0,0.09588980674743652,0.0,0.42385488748550415
0,89,0.13685007393360138,0.05854630470275879,0.0,0.085062675178051,0.0,0.4227122664451599
0,90,0.12343470752239227,0.047354891896247864,0.0,0.1366744190454483,0.0,0.42262861132621765
0,91,0.19859205186367035,0.06542319804430008,0.0,0.1130361557006836,0.0,0.4196872115135193
0,92,0.14851783215999603,0.07303237169981003,0.0,0.09311947971582413,0.0,0.4188082218170166
0,93,0.0622645802795887,0.0462861992418766,0.0,0.09096212685108185,0.0,0.4216117262840271
0,94,0.0876612588763237,0.053800713270902634,0.0,0.16248242557048798,0.0,0.41902869939804077
0,95,0.1123712807893753,0.07216382771730423,0.0,0.08805035054683685,0.0,0.4184075891971588
0,96,0.08513545244932175,0.05951054021716118,0.0,0.09888964146375656,0.0,0.4176073968410492
0,97,0.07975845038890839,0.07161517441272736,0.0,0.0793682262301445,0.0,0.4164491295814514
0,98,0.07562539726495743,0.05991451442241669,0.0,0.09215568006038666,0.0,0.41739895939826965
0,99,0.08055806905031204,0.05967957526445389,0.0,0.07971768826246262,0.0,0.41725900769233704
0,100,0.06890321522951126,0.05973612144589424,0.0,0.0815674215555191,0.0,0.4169992208480835
0,101,0.043557800352573395,0.03838130086660385,0.0,0.09889932721853256,0.0,0.4177391529083252
0,102,0.09194435179233551,0.05177285522222519,0.0,0.08494267612695694,0.0,0.4136165976524353
0,103,0.11383141577243805,0.07801685482263565,0.0,0.08297012001276016,0.0,0.41036635637283325
0,104,0.08132096379995346,0.051477137953042984,0.0,0.07616991549730301,0.0,0.41375407576560974
0,105,0.07683783769607544,0.05182613432407379,0.0,0.08513142168521881,0.0,0.41029903292655945
0,106,0.0680166482925415,0.04569750651717186,0.0,0.1298324465751648,0.0,0.4108467400074005
0,107,0.06715328991413116,0.055451881140470505,0.0,0.07566426694393158,0.0,0.4115150570869446
0,108,0.05300532281398773,0.04916258901357651,0.0,0.08132261782884598,0.0,0.4127592444419861
0,109,0.08313670754432678,0.07148438692092896,0.0,0.08263101428747177,0.0,0.4094918966293335
0,110,0.0915755107998848,0.06039762124419212,0.0,0.08109445869922638,0.0,0.4100942015647888
0,111,0.05264287441968918,0.048776641488075256,0.0,0.07914403080940247,0.0,0.41053980588912964
0,112,0.047789547592401505,0.04084835201501846,0.0,0.07723700255155563,0.0,0.4105411171913147
0,113,0.2373887151479721,0.08113940805196762,0.0,0.10202787816524506,0.0,0.4033863842487335
0,114,0.1064201295375824,0.06712683290243149,0.0,0.0832880511879921,0.0,0.406128853559494
0,115,0.1048235073685646,0.08212832361459732,0.0,0.08085483312606812,0.0,0.4040389358997345
0,116,0.03062107414007187,0.04646436497569084,0.0,0.2259058952331543,0.0,0.4069146513938904
0,117,0.050307951867580414,0.05896706134080887,0.0,0.1013660579919815,0.0,0.40499481558799744
0,118,0.2119012176990509,0.07682406157255173,0.0,0.11584608256816864,0.0,0.4023354947566986
0,119,0.07794879376888275,0.06218710169196129,0.0,0.08832637220621109,0.0,0.40354758501052856
0,120,0.070503830909729,0.05750589445233345,0.0,0.08148249238729477,0.0,0.4027780592441559
0,121,0.17193692922592163,0.057569440454244614,0.0,0.08723809570074081,0.0,0.4011985659599304
0,122,0.11981130391359329,0.06837150454521179,0.0,0.09006437659263611,0.0,0.399080365896225
0,123,0.06734897196292877,0.04901967942714691,0.0,0.15960490703582764,0.0,0.40040773153305054
0,124,0.1444811224937439,0.07916631549596786,0.0,0.0802399143576622,0.0,0.3964221775531769
0,125,0.09467221796512604,0.059158630669116974,0.0,0.08193495124578476,0.0,0.39823728799819946
0,126,0.06258966028690338,0.0561540462076664,0.0,0.08108577877283096,0.0,0.3978342115879059
0,127,0.13822035491466522,0.07246200740337372,0.0,0.0789911225438118,0.0,0.3943667411804199
0,128,0.13496993482112885,0.07392515987157822,0.0,0.09290605038404465,0.0,0.39567074179649353
0,129,0.12057458609342575,0.08330889046192169,0.0,0.08630941808223724,0.0,0.39474067091941833
0,130,0.06469589471817017,0.09368135035037994,0.0,0.08082003891468048,0.0,0.39385247230529785
0,131,0.12986573576927185,0.10668819397687912,0.0,0.07640710473060608,0.0,0.390630304813385
0,132,0.018605560064315796,0.044836316257715225,0.0,0.176371231675148,0.0,0.3957621455192566
0,133,0.05767343193292618,0.07219718396663666,0.0,0.08007195591926575,0.0,0.3925773799419403
0,134,0.10851165652275085,0.08145526796579361,0.0,0.08697538077831268,0.0,0.3897477686405182
0,135,0.14475001394748688,0.0888497605919838,0.0,0.0874691754579544,0.0,0.3878619074821472
0,136,0.10232160985469818,0.08326100558042526,0.0,0.07700954377651215,0.0,0.3882640600204468
0,137,0.08832861483097076,0.08336400985717773,0.0,0.09391076862812042,0.0,0.39093631505966187
0,138,0.0983763337135315,0.08001486212015152,0.0,0.08165279030799866,0.0,0.38949280977249146
0,139,0.08845655620098114,0.1030365377664566,0.0,0.1614871770143509,0.0,0.3867962956428528
0,140,0.09307496249675751,0.10967621952295303,0.0,0.11785998195409775,0.0,0.3865772485733032
1,0,0.06375967711210251,0.0654129907488823,0.0,0.14497606456279755,0.0,0.38773974776268005
1,1,0.09629889577627182,0.07613540440797806,0.0,0.10636986792087555,0.0,0.3844431936740875
1,2,0.153378427028656,0.08982965350151062,0.0,0.09123411774635315,0.0,0.38508522510528564
1,3,0.23285731673240662,0.09725013375282288,0.0,0.10509446263313293,0.0,0.38221272826194763
1,4,0.1762121617794037,0.08033570647239685,0.0,0.09159901738166809,0.0,0.38408130407333374
1,5,0.10470915585756302,0.09766152501106262,0.0,0.07870958000421524,0.0,0.3823559880256653
1,6,0.12707240879535675,0.11037406325340271,0.0,0.08137690275907516,0.0,0.37855544686317444
1,7,0.09076781570911407,0.08863091468811035,0.0,0.13161583244800568,0.0,0.38037288188934326
1,8,0.1955510526895523,0.12077124416828156,0.0,0.09300502389669418,0.0,0.37878361344337463
1,9,0.06458932161331177,0.11431559920310974,0.0,0.09163568913936615,0.0,0.38119232654571533
1,10,0.03301093354821205,0.0725177600979805,0.0,0.15670554339885712,0.0,0.3820953965187073
1,11,0.060300324112176895,0.0761648640036583,0.0,0.09656112641096115,0.0,0.3819773495197296
1,12,0.10083131492137909,0.09299886226654053,0.0,0.08342871069908142,0.0,0.3800564706325531
1,13,0.09059923887252808,0.07083100825548172,0.0,0.07844477146863937,0.0,0.38019177317619324
1,14,0.07993754744529724,0.08095262944698334,0.0,0.0865025669336319,0.0,0.37866902351379395
1,15,0.09945783019065857,0.08675689995288849,0.0,0.10460078716278076,0.0,0.377826064825058
1,16,0.16622890532016754,0.08800385892391205,0.0,0.08798398077487946,0.0,0.3757685422897339
1,17,0.11529073864221573,0.10392152518033981,0.0,0.08062079548835754,0.0,0.37662914395332336
1,18,0.09481841325759888,0.11850154399871826,0.0,0.08459886908531189,0.0,0.376687616109848
1,19,0.09514769166707993,0.10166633129119873,0.0,0.13007991015911102,0.0,0.37637683749198914
1,20,0.04923873767256737,0.08781232684850693,0.0,0.12866871058940887,0.0,0.37650594115257263
1,21,0.08410938829183578,0.10908456891775131,0.0,0.09246791154146194,0.0,0.376030296087265
1,22,0.0747702494263649,0.09424029290676117,0.0,0.11372704058885574,0.0,0.37736383080482483
1,23,0.2114860564470291,0.12495008856058121,0.0,0.10747423768043518,0.0,0.3751702606678009
1,24,0.13406464457511902,0.12443840503692627,0.0,0.08267619460821152,0.0,0.37464991211891174
1,25,0.22388823330402374,0.11461511999368668,0.0,0.08402562141418457,0.0,0.37427818775177
1,26,0.13402268290519714,0.1268838793039322,0.0,0.08501596748828888,0.0,0.3731621205806732
1,27,0.10304910689592361,0.0804356262087822,0.0,0.2103721648454666,0.0,0.3746364414691925
1,28,0.07333189249038696,0.12305939942598343,0.0,0.08305999636650085,0.0,0.37369588017463684
1,29,0.15016679465770721,0.10596814006567001,0.0,0.0941053032875061,0.0,0.3724587559700012
1,30,0.15499404072761536,0.13164666295051575,0.0,0.08839048445224762,0.0,0.3711656928062439
1,31,0.19675906002521515,0.1053101196885109,0.0,0.09148438274860382,0.0,0.3709554374217987
1,32,0.1610424667596817,0.13770517706871033,0.0,0.08734221011400223,0.0,0.3688579499721527
1,33,0.15928208827972412,0.1405358463525772,0.0,0.0945838987827301,0.0,0.3672371804714203
1,34,0.10889001935720444,0.13282310962677002,0.0,0.11700266599655151,0.0,0.3671923279762268
1,35,0.05157165229320526,0.08610402792692184,0.0,0.1131662130355835,0.0,0.36841365694999695
1,36,0.19352087378501892,0.1370825618505478,0.0,0.09066508710384369,0.0,0.3636578619480133
1,37,0.06876623630523682,0.10318328440189362,0.0,0.1765558421611786,0.0,0.3670709729194641
1,38,0.13559286296367645,0.12934057414531708,0.0,0.10030209273099899,0.0,0.3652574121952057
1,39,0.08710910379886627,0.10812275111675262,0.0,0.0774267390370369,0.0,0.36467844247817993
1,40,0.1310833841562271,0.10751519352197647,0.0,0.26516106724739075,0.0,0.3614422678947449
1,41,0.0937398374080658,0.12691731750965118,0.0,0.08280269056558609,0.0,0.3627842962741852
1,42,0.2372673749923706,0.11154197156429291,0.0,0.09390219300985336,0.0,0.3608957529067993
1,43,0.2060747593641281,0.13738380372524261,0.0,0.09266670793294907,0.0,0.35820817947387695
1,44,0.15705597400665283,0.10680107027292252,0.0,0.09168488532304764,0.0,0.36015769839286804
1,45,0.15460476279258728,0.1512625515460968,0.0,0.10634776204824448,0.0,0.3580986559391022
1,46,0.08238442242145538,0.13474927842617035,0.0,0.10478150099515915,0.0,0.3588658273220062
1,47,0.11470557004213333,0.17096175253391266,0.0,0.08842715620994568,0.0,0.3557979464530945
1,48,0.17465920746326447,0.1606949120759964,0.0,0.1197236180305481,0.0,0.35590416193008423
1,49,0.08815799653530121,0.13181555271148682,0.0,0.103111632168293,0.0,0.35686102509498596
1,50,0.09293019771575928,0.13418199121952057,0.0,0.08610254526138306,0.0,0.356058269739151
1,51,0.12969225645065308,0.13309913873672485,0.0,0.09303991496562958,0.0,0.3551879823207855
1,52,0.20031683146953583,0.1370716392993927,0.0,0.0855495035648346,0.0,0.35300037264823914
1,53,0.1516217589378357,0.16959317028522491,0.0,0.1008877158164978,0.0,0.35204195976257324
1,54,0.0739334225654602,0.1416776031255722,0.0,0.08848008513450623,0.0,0.35277289152145386
1,55,0.05713234469294548,0.1123751699924469,0.0,0.08730033040046692,0.0,0.3526017367839813
1,56,0.3424363434314728,0.18417374789714813,0.0,0.10423564165830612,0.0,0.3465120494365692
1,57,0.1756213903427124,0.1570296734571457,0.0,0.08748113363981247,0.0,0.34831979870796204
1,58,0.16863787174224854,0.18618275225162506,0.0,0.09300395101308823,0.0,0.3472524583339691
1,59,0.06568442285060883,0.12874041497707367,0.0,0.14262555539608002,0.0,0.347589373588562
1,60,0.06588859111070633,0.15229444205760956,0.0,0.10569851845502853,0.0,0.3467935025691986
1,61,0.16370758414268494,0.1781001091003418,0.0,0.0945308580994606,0.0,0.3454086184501648
1,62,0.09794627875089645,0.1604173332452774,0.0,0.08274514973163605,0.0,0.34622880816459656
1,63,0.17703479528427124,0.1700272113084793,0.0,0.080683134496212,0.0,0.3423697054386139
1,64,0.19610628485679626,0.1688576191663742,0.0,0.09988424181938171,0.0,0.34371837973594666
1,65,0.08281552791595459,0.14767923951148987,0.0,0.09187453985214233,0.0,0.3439929783344269
1,66,0.3697482645511627,0.1668350249528885,0.0,0.12163477391004562,0.0,0.3418392837047577
1,67,0.11634740233421326,0.17194825410842896,0.0,0.10785836726427078,0.0,0.3402908146381378
1,68,0.066368468105793,0.1428266167640686,0.0,0.10838640481233597,0.0,0.3412010669708252
1,69,0.1480671912431717,0.2021641880273819,0.0,0.08601513504981995,0.0,0.33748167753219604
1,70,0.15960395336151123,0.15900377929210663,0.0,0.0908031016588211,0.0,0.3384699523448944
1,71,0.1185721904039383,0.17361219227313995,0.0,0.08390381187200546,0.0,0.3387868106365204
1,72,0.08498480916023254,0.17412790656089783,0.0,0.08416776359081268,0.0,0.33807674050331116
1,73,0.13539846241474152,0.20405304431915283,0.0,0.09259176254272461,0.0,0.33578503131866455
1,74,0.33485689759254456,0.20258937776088715,0.0,0.08783455193042755,0.0,0.3347105085849762
1,75,0.06031528860330582,0.16062895953655243,0.0,0.1054721400141716,0.0,0.3359414339065552
1,76,0.1832130402326584,0.2157309353351593,0.0,0.10904297232627869,0.0,0.33350130915641785
1,77,0.2203795462846756,0.19979463517665863,0.0,0.08068230748176575,0.0,0.33224695920944214
1,78,0.1271599382162094,0.15816058218479156,0.0,0.11950232833623886,0.0,0.3328961730003357
1,79,0.15797731280326843,0.21025864779949188,0.0,0.0938551276922226,0.0,0.3308507800102234
1,80,0.1593000292778015,0.22876951098442078,0.0,0.08581627905368805,0.0,0.3302713632583618
1,81,0.11568395793437958,0.16279873251914978,0.0,0.10639230161905289,0.0,0.3313690423965454
1,82,0.3022274076938629,0.1606423407793045,0.0,0.13331253826618195,0.0,0.33071354031562805
1,83,0.3248164653778076,0.1871718019247055,0.0,0.11911234259605408,0.0,0.3253222703933716
1,84,0.2250559777021408,0.19735181331634521,0.0,0.10911701619625092,0.0,0.3283640444278717
1,85,0.1448851078748703,0.23122276365756989,0.0,0.10752271860837936,0.0,0.3258363604545593
1,86,0.12350855767726898,0.1917690932750702,0.0,0.11175478994846344,0.0,0.3262544572353363
1,87,0.11309433728456497,0.142308309674263,0.0,0.10839881002902985,0.0,0.3274465799331665
1,88,0.2622883915901184,0.2090475857257843,0.0,0.09508689492940903,0.0,0.32468175888061523
1,89,0.1448570042848587,0.16937875747680664,0.0,0.07647551596164703,0.0,0.32543471455574036
1,90,0.2943962812423706,0.26762574911117554,0.0,0.08752600848674774,0.0,0.32170674204826355
1,91,0.17070236802101135,0.17658358812332153,0.0,0.08138231188058853,0.0,0.32305970788002014
1,92,0.16448760032653809,0.24804584681987762,0.0,0.08739858120679855,0.0,0.32062965631484985
1,93,0.15292401611804962,0.20746946334838867,0.0,0.09697086364030838,0.0,0.3185698091983795
1,94,0.11163033545017242,0.15893545746803284,0.0,0.1803281456232071,0.0,0.3209512531757355
1,95,0.09939593821763992,0.17601729929447174,0.0,0.09383827447891235,0.0,0.3213725686073303
1,96,0.11675739288330078,0.18907225131988525,0.0,0.08640532940626144,0.0,0.32014331221580505
1,97,0.25800377130508423,0.23420850932598114,0.0,0.08917521685361862,0.0,0.3176121413707733
1,98,0.1731850653886795,0.23113854229450226,0.0,0.08598455786705017,0.0,0.31763556599617004
1,99,0.4966049790382385,0.1731690764427185,0.0,0.11402090638875961,0.0,0.316145658493042
1,100,0.17754797637462616,0.14392787218093872,0.0,0.11674366146326065,0.0,0.31723496317863464
1,101,0.09708584100008011,0.19442540407180786,0.0,0.10216804593801498,0.0,0.3160305619239807
1,102,0.17775088548660278,0.24535062909126282,0.0,0.10273287445306778,0.0,0.31407392024993896
1,103,0.22793136537075043,0.245265930891037,0.0,0.08453149348497391,0.0,0.3131847381591797
1,104,0.07337480038404465,0.1971038430929184,0.0,0.09087144583463669,0.0,0.314073383808136
1,105,0.19437046349048615,0.25874683260917664,0.0,0.0760231465101242,0.0,0.3110162615776062
1,106,0.3610309064388275,0.20975767076015472,0.0,0.08416764438152313,0.0,0.3104335367679596
1,107,0.26686182618141174,0.2796158194541931,0.0,0.08377052843570709,0.0,0.30942970514297485
1,108,0.13790272176265717,0.23668919503688812,0.0,0.11636431515216827,0.0,0.3099081218242645
1,109,0.14069119095802307,0.25715529918670654,0.0,0.13322368264198303,0.0,0.30835893750190735
1,110,0.10204148292541504,0.2226303368806839,0.0,0.09453209489583969,0.0,0.3088782727718353
1,111,0.0868692398071289,0.24825195968151093,0.0,0.07312861829996109,0.0,0.3081216514110565
1,112,0.5075212717056274,0.20096606016159058,0.0,0.10014288872480392,0.0,0.3062557578086853
1,113,0.16992539167404175,0.2465391904115677,0.0,0.0867374911904335,0.0,0.30648982524871826
1,114,0.17013627290725708,0.2105199545621872,0.0,0.0902191624045372,0.0,0.3057650625705719
1,115,0.19167348742485046,0.3029913902282715,0.0,0.07656431198120117,0.0,0.30365708470344543
1,116,0.1512322872877121,0.28975555300712585,0.0,0.07640364021062851,0.0,0.30296576023101807
1,117,0.1399916112422943,0.25669029355049133,0.0,0.08654958009719849,0.0,0.3030239939689636
1,118,0.14524951577186584,0.24907077848911285,0.0,0.08260717988014221,0.0,0.302272766828537
1,119,0.10326484590768814,0.20047609508037567,0.0,0.10498291999101639,0.0,0.3036680221557617
1,120,0.0836074948310852,0.2401619404554367,0.0,0.08701387792825699,0.0,0.3030564486980438
1,121,0.08573021739721298,0.20779317617416382,0.0,0.0812145322561264,0.0,0.30305445194244385
1,122,0.32933297753334045,0.2954806089401245,0.0,0.09690355509519577,0.0,0.29948315024375916
1,123,0.24042432010173798,0.29183802008628845,0.0,0.08564528822898865,0.0,0.299486368894577
1,124,0.18334223330020905,0.2327130138874054,0.0,0.09626699984073639,0.0,0.2998046576976776
1,125,0.12347177416086197,0.2847961485385895,0.0,0.08550254255533218,0.0,0.2966236472129822
1,126,0.13262832164764404,0.27262189984321594,0.0,0.0845133438706398,0.0,0.29761171340942383
1,127,0.11899712681770325,0.26448455452919006,0.0,0.09262014925479889,0.0,0.29672959446907043
1,128,0.1401190161705017,0.2851299047470093,0.0,0.08028345555067062,0.0,0.295782208442688
1,129,0.08128160983324051,0.23236487805843353,0.0,0.08074616640806198,0.0,0.29665154218673706
1,130,0.20014451444149017,0.32062605023384094,0.0,0.08220285922288895,0.0,0.29418084025382996
1,131,0.2350805401802063,0.3385273218154907,0.0,0.07638145983219147,0.0,0.29306161403656006
1,132,0.26485687494277954,0.3068898320198059,0.0,0.0848037600517273,0.0,0.29295364022254944
1,133,0.14687579870224,0.30188053846359253,0.0,0.0774780660867691,0.0,0.2926424443721771
1,134,0.21489833295345306,0.3920400142669678,0.0,0.09488911181688309,0.0,0.289765328168869
1,135,0.1980985850095749,0.2635756731033325,0.0,0.11111670732498169,0.0,0.29133936762809753
1,136,0.11602573841810226,0.2648307681083679,0.0,0.08864740282297134,0.0,0.29065078496932983
1,137,0.22670131921768188,0.26118236780166626,0.0,0.10445147007703781,0.0,0.29120954871177673
1,138,0.3056067228317261,0.3142346441745758,0.0,0.0883408784866333,0.0,0.2892906963825226
1,139,0.1626776158809662,0.23172329366207123,0.0,0.08511856943368912,0.0,0.28990650177001953
1,140,0.27964940667152405,0.2906707525253296,0.0,0.08921528607606888,0.0,0.2885821461677551
2,0,0.6661698222160339,0.311005562543869,0.0,0.09360354393720627,0.0,0.2827625274658203
2,1,0.1741350293159485,0.3073807656764984,0.0,0.08848080784082413,0.0,0.2863372564315796
2,2,0.1699925810098648,0.34084245562553406,0.0,0.08537216484546661,0.0,0.28405413031578064
2,3,0.3525370955467224,0.2588333189487457,0.0,0.17796383798122406,0.0,0.28264498710632324
2,4,0.20850719511508942,0.34673410654067993,0.0,0.09599366039037704,0.0,0.2830332815647125
2,5,0.1679781973361969,0.3475757837295532,0.0,0.08231112360954285,0.0,0.2833770513534546
2,6,0.3994552493095398,0.4192536473274231,0.0,0.10200943052768707,0.0,0.2810782492160797
2,7,0.15579670667648315,0.31773999333381653,0.0,0.08571954816579819,0.0,0.28307676315307617
2,8,0.2667291462421417,0.42670750617980957,0.0,0.08587653934955597,0.0,0.2797658443450928
2,9,0.20725995302200317,0.3564896583557129,0.0,0.09844838827848434,0.0,0.2813328206539154
2,10,0.14617450535297394,0.3552949130535126,0.0,0.07853664457798004,0.0,0.28000888228416443
2,11,0.39653345942497253,0.3664993345737457,0.0,0.09427621960639954,0.0,0.27800077199935913
2,12,0.21205030381679535,0.4119929373264313,0.0,0.08137975633144379,0.0,0.27756503224372864
2,13,0.18709376454353333,0.3990372121334076,0.0,0.07647223025560379,0.0,0.27695488929748535
2,14,0.12184539437294006,0.30579787492752075,0.0,0.08099057525396347,0.0,0.27840685844421387
2,15,0.12270436435937881,0.3932341933250427,0.0,0.07349758595228195,0.0,0.2766681909561157
2,16,0.26662498712539673,0.3347011208534241,0.0,0.09192941337823868,0.0,0.2768090069293976
2,17,0.7518612146377563,0.3901360332965851,0.0,0.11673275381326675,0.0,0.2746727466583252
2,18,0.1829564869403839,0.30650606751441956,0.0,0.07801543176174164,0.0,0.27622026205062866
2,19,0.2441612333059311,0.32071352005004883,0.0,0.09843019396066666,0.0,0.2740689516067505
2,20,0.27504897117614746,0.4148256778717041,0.0,0.07584089785814285,0.0,0.27184560894966125
2,21,0.32399675250053406,0.31105342507362366,0.0,0.1143086850643158,0.0,0.2727664113044739
2,22,0.25109022855758667,0.3534885048866272,0.0,0.07084893435239792,0.0,0.2720639705657959
2,23,0.6900489926338196,0.40092894434928894,0.0,0.0861181914806366,0.0,0.270380437374115
2,24,0.13419771194458008,0.34661033749580383,0.0,0.07659360766410828,0.0,0.27160561084747314
2,25,0.17947295308113098,0.3180207312107086,0.0,0.0867118164896965,0.0,0.27100905776023865
2,26,1.0610194206237793,0.40909454226493835,0.0,0.11101928353309631,0.0,0.26777470111846924
2,27,0.27878931164741516,0.3207470774650574,0.0,0.20179606974124908,0.0,0.2685927748680115
2,28,0.2522834837436676,0.39935433864593506,0.0,0.12416819483041763,0.0,0.2671443521976471
2,29,0.3049542009830475,0.5117048025131226,0.0,0.07986212521791458,0.0,0.2657574713230133
2,30,0.38163328170776367,0.3076706528663635,0.0,0.1988517940044403,0.0,0.2679252624511719
2,31,0.37857720255851746,0.4228067100048065,0.0,0.0892472118139267,0.0,0.2664230763912201
2,32,0.3098205327987671,0.41162917017936707,0.0,0.07405942678451538,0.0,0.26549240946769714
2,33,0.34505996108055115,0.4164060950279236,0.0,0.0783969908952713,0.0,0.2657371163368225
2,34,0.355639785528183,0.32648763060569763,0.0,0.0956793799996376,0.0,0.2648511528968811
2,35,1.3359280824661255,0.3963191509246826,0.0,0.11719981580972672,0.0,0.26049384474754333
2,36,0.30825480818748474,0.3385607898235321,0.0,0.10978158563375473,0.0,0.26410335302352905
2,37,0.3225463628768921,0.390145868062973,0.0,0.10078777372837067,0.0,0.2605830430984497
2,38,0.3686993718147278,0.43782177567481995,0.0,0.0764094740152359,0.0,0.26164212822914124
2,39,0.3030639588832855,0.36741578578948975,0.0,0.10918290168046951,0.0,0.26036348938941956
2,40,0.5215115547180176,0.38135096430778503,0.0,0.1064167246222496,0.0,0.2584775686264038
2,41,0.507457435131073,0.4898729622364044,0.0,0.08025950938463211,0.0,0.2591945230960846
2,42,0.25628140568733215,0.4452325701713562,0.0,0.07645466178655624,0.0,0.2600243389606476
2,43,0.3048039674758911,0.44256842136383057,0.0,0.07707924395799637,0.0,0.25944027304649353
2,44,0.27203169465065,0.47136005759239197,0.0,0.07705827802419662,0.0,0.2573964297771454
2,45,0.2489837110042572,0.42463967204093933,0.0,0.08741515874862671,0.0,0.2582733929157257
2,46,0.27436405420303345,0.4614446759223938,0.0,0.07888679951429367,0.0,0.25742971897125244
2,47,0.3795202374458313,0.478730708360672,0.0,0.07868368923664093,0.0,0.25653430819511414
2,48,0.47299623489379883,0.4386662244796753,0.0,0.08092702180147171,0.0,0.25684186816215515
2,49,0.33910638093948364,0.48767077922821045,0.0,0.07481910288333893,0.0,0.2541813850402832
2,50,0.5363041162490845,0.4807824194431305,0.0,0.07768355309963226,0.0,0.2521587610244751
2,51,0.3945976197719574,0.4263186752796173,0.0,0.1019110381603241,0.0,0.2540819048881531
2,52,0.5085917115211487,0.4421224892139435,0.0,0.12918886542320251,0.0,0.25333407521247864
2,53,0.33492738008499146,0.4872294068336487,0.0,0.08024382591247559,0.0,0.25321292877197266
2,54,0.4754599630832672,0.4709686040878296,0.0,0.08129672706127167,0.0,0.252027302980423
2,55,0.6490783095359802,0.5108267068862915,0.0,0.08381836861371994,0.0,0.2514672875404358
2,56,0.2542248070240021,0.4520037770271301,0.0,0.08005375415086746,0.0,0.2518335282802582
2,57,0.4760434627532959,0.40243685245513916,0.0,0.09052588045597076,0.0,0.24964578449726105
2,58,0.8084313273429871,0.3759484887123108,0.0,0.08146409690380096,0.0,0.24933800101280212
2,59,0.5669354796409607,0.5388603806495667,0.0,0.08832364529371262,0.0,0.24834774434566498
2,60,0.32275089621543884,0.44299253821372986,0.0,0.0894317477941513,0.0,0.24999387562274933
2,61,0.42500925064086914,0.46962982416152954,0.0,0.09901493787765503,0.0,0.24823127686977386
2,62,0.18058475852012634,0.441112220287323,0.0,0.06908834725618362,0.0,0.2491869330406189
2,63,1.5727567672729492,0.434516042470932,0.0,0.13331878185272217,0.0,0.24670688807964325
2,64,0.3827897608280182,0.4672885239124298,0.0,0.08414056897163391,0.0,0.2465669810771942
2,65,0.47184720635414124,0.3734711706638336,0.0,0.12435332685709,0.0,0.2473118007183075
2,66,0.36011576652526855,0.553337812423706,0.0,0.07269512116909027,0.0,0.24385523796081543
2,67,0.27456238865852356,0.5613318085670471,0.0,0.07044829428195953,0.0,0.24444927275180817
2,68,0.4146135747432709,0.4944484829902649,0.0,0.07545874267816544,0.0,0.24529306590557098
2,69,0.47654348611831665,0.47434574365615845,0.0,0.0775807648897171,0.0,0.2447586953639984
2,70,0.4841742515563965,0.5742092728614807,0.0,0.07788652181625366,0.0,0.24224933981895447
2,71,0.31768831610679626,0.4041452407836914,0.0,0.09026046097278595,0.0,0.24419409036636353
2,72,0.2623658776283264,0.45168742537498474,0.0,0.08360888063907623,0.0,0.2430785745382309
2,73,0.3167775571346283,0.5335580706596375,0.0,0.07086262851953506,0.0,0.2416464388370514
2,74,0.1947139948606491,0.49573805928230286,0.0,0.06461897492408752,0.0,0.2420148402452469
2,75,0.6739254593849182,0.5279354453086853,0.0,0.07453753799200058,0.0,0.2382991462945938
2,76,0.3158624470233917,0.539445161819458,0.0,0.07154393196105957,0.0,0.240012988448143
2,77,0.23124514520168304,0.5171382427215576,0.0,0.06702139228582382,0.0,0.23953330516815186
2,78,0.30463823676109314,0.5736437439918518,0.0,0.06561090797185898,0.0,0.23855549097061157
2,79,0.25990739464759827,0.45768800377845764,0.0,0.0707245022058487,0.0,0.23960216343402863
2,80,0.41282132267951965,0.5250334739685059,0.0,0.06855487078428268,0.0,0.2385970950126648
2,81,0.3650583326816559,0.5854346752166748,0.0,0.07290327548980713,0.0,0.23698961734771729
2,82,0.4256839156150818,0.6131599545478821,0.0,0.07115285098552704,0.0,0.23594462871551514
2,83,0.55351322889328,0.5237076282501221,0.0,0.08567160367965698,0.0,0.23674985766410828
2,84,0.267673134803772,0.598881185054779,0.0,0.06555482000112534,0.0,0.2345462292432785
2,85,1.040021538734436,0.6014493703842163,0.0,0.08058270066976547,0.0,0.23448072373867035
2,86,0.7133631706237793,0.5245041847229004,0.0,0.0793055072426796,0.0,0.23476865887641907
2,87,0.5320746302604675,0.585159420967102,0.0,0.06707550585269928,0.0,0.23389121890068054
2,88,0.3871169984340668,0.42621517181396484,0.0,0.07949203997850418,0.0,0.23510225117206573
2,89,0.31067320704460144,0.5072435140609741,0.0,0.07489461451768875,0.0,0.23422609269618988
2,90,0.6561232209205627,0.618565022945404,0.0,0.08219736069440842,0.0,0.23109063506126404
2,91,0.385994017124176,0.6138312816619873,0.0,0.06927745789289474,0.0,0.23193247616291046
2,92,0.41002529859542847,0.4823121726512909,0.0,0.09569374471902847,0.0,0.23221702873706818
2,93,0.3167729079723358,0.5784988403320312,0.0,0.07324881851673126,0.0,0.231216698884964
2,94,0.5978798866271973,0.6190666556358337,0.0,0.07395332306623459,0.0,0.22789648175239563
2,95,0.4049391448497772,0.5915036201477051,0.0,0.07627542316913605,0.0,0.2303382158279419
2,96,0.6591073274612427,0.6034528017044067,0.0,0.09726805984973907,0.0,0.22732245922088623
2,97,0.7069298028945923,0.5036513209342957,0.0,0.09312348067760468,0.0,0.22746846079826355
2,98,0.33175143599510193,0.5984706282615662,0.0,0.06683338433504105,0.0,0.22790886461734772
2,99,0.3573002517223358,0.6381844282150269,0.0,0.06529819965362549,0.0,0.22675274312496185
2,100,0.320841521024704,0.6239684224128723,0.0,0.07434605062007904,0.0,0.22704540193080902
2,101,0.4699879586696625,0.5659918189048767,0.0,0.09782899171113968,0.0,0.2262052446603775
2,102,0.40979722142219543,0.5364042520523071,0.0,0.08284055441617966,0.0,0.22678300738334656
2,103,0.309944212436676,0.5701320171356201,0.0,0.07202703505754471,0.0,0.22698280215263367
2,104,0.5823052525520325,0.6607546210289001,0.0,0.0761667788028717,0.0,0.22496381402015686
2,105,0.3785819411277771,0.6133495569229126,0.0,0.06350443512201309,0.0,0.2248157560825348
2,106,0.5282326340675354,0.633000910282135,0.0,0.06862938404083252,0.0,0.22398485243320465
2,107,0.4898166358470917,0.5947506427764893,0.0,0.07206488400697708,0.0,0.22338330745697021
2,108,0.4962897002696991,0.5692856311798096,0.0,0.0718751773238182,0.0,0.22395817935466766
2,109,0.26785898208618164,0.6343148946762085,0.0,0.06413230299949646,0.0,0.2232966274023056
2,110,1.1943938732147217,0.662065327167511,0.0,0.09963374584913254,0.0,0.2203105390071869
2,111,0.9279330968856812,0.6511611938476562,0.0,0.07956594228744507,0.0,0.2205004245042801
2,112,0.8875696659088135,0.4658936560153961,0.0,0.11748947948217392,0.0,0.22285526990890503
2,113,0.7134362459182739,0.656637966632843,0.0,0.08550911396741867,0.0,0.21871329843997955
2,114,0.6303900480270386,0.6360527873039246,0.0,0.07464523613452911,0.0,0.21903927624225616
2,115,0.5619878768920898,0.47739097476005554,0.0,0.07492049783468246,0.0,0.22119756042957306
2,116,0.9687879085540771,0.6182292699813843,0.0,0.08094567805528641,0.0,0.21897585690021515
2,117,0.44124636054039,0.6636015176773071,0.0,0.0708419531583786,0.0,0.21868768334388733
2,118,0.48274093866348267,0.6608104109764099,0.0,0.07420935481786728,0.0,0.21825867891311646
2,119,0.6397619247436523,0.68522709608078,0.0,0.08316061645746231,0.0,0.2163369208574295
2,120,0.5272475481033325,0.5982317924499512,0.0,0.08231405168771744,0.0,0.21700793504714966
2,121,0.5183394551277161,0.6738821268081665,0.0,0.07051242887973785,0.0,0.2158602923154831
2,122,0.4757075905799866,0.6673278212547302,0.0,0.0740448459982872,0.0,0.21577687561511993
2,123,0.7196513414382935,0.6792264580726624,0.0,0.08254830539226532,0.0,0.2151501178741455
2,124,1.290754795074463,0.6505498886108398,0.0,0.0918019488453865,0.0,0.21384365856647491
2,125,0.439868301153183,0.6810531616210938,0.0,0.07841510325670242,0.0,0.21450480818748474
2,126,1.1692365407943726,0.6166438460350037,0.0,0.13289909064769745,0.0,0.21413187682628632
2,127,0.6284707188606262,0.5752508044242859,0.0,0.10694669932126999,0.0,0.2151108831167221
2,128,1.110284686088562,0.6921727657318115,0.0,0.101791150867939,0.0,0.2112654149532318
2,129,0.6077108979225159,0.6963496208190918,0.0,0.07920528203248978,0.0,0.21304531395435333
2,130,0.9236840605735779,0.6569427847862244,0.0,0.07611607015132904,0.0,0.21145658195018768
2,131,0.4630205035209656,0.6715195178985596,0.0,0.07018688321113586,0.0,0.21251584589481354
2,132,0.40661194920539856,0.629142701625824,0.0,0.07349865883588791,0.0,0.211648628115654
2,133,0.7020272612571716,0.5832306742668152,0.0,0.08014743030071259,0.0,0.21203747391700745
2,134,0.611402153968811,0.6923125982284546,0.0,0.07344909012317657,0.0,0.2098654806613922
2,135,0.5406360626220703,0.6544855237007141,0.0,0.07562028616666794,0.0,0.20951764285564423
2,136,0.6665410399436951,0.6847790479660034,0.0,0.07344183325767517,0.0,0.20839941501617432
2,137,0.5115639567375183,0.6695066690444946,0.0,0.06380616873502731,0.0,0.20904846489429474
2,138,0.9830227494239807,0.6234673857688904,0.0,0.08859913796186447,0.0,0.20857100188732147
2,139,0.7954400777816772,0.6735988855361938,0.0,0.0819869339466095,0.0,0.20598487555980682
2,140,0.5807780623435974,0.6204067468643188,0.0,0.07217150926589966,0.0,0.20802775025367737
3,0,1.0554678440093994,0.6640193462371826,0.0,0.08227934688329697,0.0,0.20686744153499603
3,1,0.42526066303253174,0.696103036403656,0.0,0.06589367240667343,0.0,0.20570018887519836
3,2,0.6609277129173279,0.6876522302627563,0.0,0.06807774305343628,0.0,0.20642411708831787
3,3,0.5497764348983765,0.6620336771011353,0.0,0.07406219840049744,0.0,0.20549815893173218
3,4,0.5989780426025391,0.6714845895767212,0.0,0.0714675709605217,0.0,0.2053295373916626
3,5,0.5948768258094788,0.6981449723243713,0.0,0.06410285830497742,0.0,0.2046392410993576
3,6,0.46933257579803467,0.6751374006271362,0.0,0.06489616632461548,0.0,0.2041691690683365
3,7,0.32491931319236755,0.6854377388954163,0.0,0.0669020563364029,0.0,0.20321407914161682
3,8,0.6936190128326416,0.709173858165741,0.0,0.0624421089887619,0.0,0.2028888761997223
3,9,0.6875811815261841,0.7108849287033081,0.0,0.06591826677322388,0.0,0.20389868319034576
3,10,0.6362161040306091,0.6733751893043518,0.0,0.06385386735200882,0.0,0.20110087096691132
3,11,0.4438362419605255,0.696686327457428,0.0,0.06518829613924026,0.0,0.20094852149486542
3,12,1.1814672946929932,0.618648111820221,0.0,0.08634839206933975,0.0,0.20156905055046082
3,13,1.004394769668579,0.6957756876945496,0.0,0.0656302347779274,0.0,0.2012980729341507
3,14,0.5267197489738464,0.513029932975769,0.0,0.08237648010253906,0.0,0.20360372960567474
3,15,1.4326648712158203,0.6033806800842285,0.0,0.08581781387329102,0.0,0.20327404141426086
3,16,1.1317434310913086,0.6769189238548279,0.0,0.07856138050556183,0.0,0.19841451942920685
3,17,1.2905936241149902,0.6957408785820007,0.0,0.08678869158029556,0.0,0.19817699491977692
3,18,0.4291943907737732,0.6542130708694458,0.0,0.0773361399769783,0.0,0.19863872230052948
3,19,1.3051064014434814,0.6303643584251404,0.0,0.11075197160243988,0.0,0.1985749900341034
3,20,0.709810197353363,0.6640551686286926,0.0,0.0710982233285904,0.0,0.19725653529167175
3,21,0.49274998903274536,0.6805384755134583,0.0,0.06839817762374878,0.0,0.19651436805725098
3,22,0.85415118932724,0.6637153029441833,0.0,0.07724902033805847,0.0,0.19557616114616394
3,23,0.639590322971344,0.6350848078727722,0.0,0.0708843469619751,0.0,0.1946568489074707
3,24,0.5311785936355591,0.675468921661377,0.0,0.08704033493995667,0.0,0.19703827798366547
3,25,1.8275920152664185,0.6322279572486877,0.0,0.10133925080299377,0.0,0.1965213567018509
3,26,0.8859754204750061,0.6700422167778015,0.0,0.07804901152849197,0.0,0.19675812125205994
3,27,1.5441927909851074,0.5831272602081299,0.0,0.12582439184188843,0.0,0.19295309484004974
3,28,1.8932886123657227,0.6176682114601135,0.0,0.13961173593997955,0.0,0.19500528275966644
3,29,1.506255030632019,0.6415205597877502,0.0,0.10285117477178574,0.0,0.19134868681430817
3,30,0.7276479601860046,0.6832048296928406,0.0,0.08061570674180984,0.0,0.1954689919948578
3,31,0.5359683632850647,0.6909599304199219,0.0,0.09017369896173477,0.0,0.1951238363981247
3,32,0.8557332754135132,0.6914264559745789,0.0,0.08389052748680115,0.0,0.19240093231201172
3,33,0.6336308121681213,0.6849842071533203,0.0,0.06762269139289856,0.0,0.19277380406856537
3,34,0.5523600578308105,0.6387544870376587,0.0,0.06648634374141693,0.0,0.1905590146780014
3,35,0.5447577834129333,0.6865047216415405,0.0,0.061564575880765915,0.0,0.1923782080411911
3,36,0.7900909781455994,0.6760842204093933,0.0,0.06807824969291687,0.0,0.19235393404960632
3,37,0.9640219211578369,0.6362514495849609,0.0,0.08026743680238724,0.0,0.1897197961807251
3,38,0.551827609539032,0.7031480073928833,0.0,0.05915330350399017,0.0,0.1915871649980545
3,39,0.6670798659324646,0.6667505502700806,0.0,0.06674781441688538,0.0,0.19077150523662567
3,40,1.6769779920578003,0.6213862895965576,0.0,0.09349463135004044,0.0,0.19204607605934143
3,41,1.3476206064224243,0.6415106058120728,0.0,0.07553283870220184,0.0,0.19019359350204468
3,42,0.8666374087333679,0.6464541554450989,0.0,0.06833773106336594,0.0,0.18805831670761108
3,43,0.7140104174613953,0.7174768447875977,0.0,0.07100334018468857,0.0,0.189875528216362
3,44,0.5739738345146179,0.6790373921394348,0.0,0.0662580132484436,0.0,0.18821124732494354
3,45,1.2710819244384766,0.6488651633262634,0.0,0.0796719342470169,0.0,0.18670640885829926
3,46,0.7286051511764526,0.5721228122711182,0.0,0.07909461855888367,0.0,0.18519441783428192
3,47,0.9501106142997742,0.6811114549636841,0.0,0.07586544752120972,0.0,0.18727944791316986
3,48,0.5640763640403748,0.6540588736534119,0.0,0.06257056444883347,0.0,0.18576866388320923
3,49,1.2427232265472412,0.64593106508255,0.0,0.06898854672908783,0.0,0.18661895394325256
3,50,1.2313861846923828,0.6545574069023132,0.0,0.08487622439861298,0.0,0.18529030680656433
3,51,0.9199785590171814,0.6108044385910034,0.0,0.08505833148956299,0.0,0.18381738662719727
3,52,1.1860840320587158,0.6261888742446899,0.0,0.07324054837226868,0.0,0.18527919054031372
3,53,1.1990631818771362,0.6190332174301147,0.0,0.08291038125753403,0.0,0.18518555164337158
3,54,0.8626768589019775,0.6047652363777161,0.0,0.06993512064218521,0.0,0.18355382978916168
3,55,0.9538998007774353,0.6016286611557007,0.0,0.07437241822481155,0.0,0.18239761888980865
3,56,1.2168115377426147,0.6423331499099731,0.0,0.08991030603647232,0.0,0.18473072350025177
3,57,1.650416374206543,0.5855298638343811,0.0,0.08958590030670166,0.0,0.18110182881355286
3,58,0.8794751167297363,0.7135362029075623,0.0,0.06699790060520172,0.0,0.18402814865112305
3,59,0.8591450452804565,0.7031828761100769,0.0,0.06695929169654846,0.0,0.18399639427661896
3,60,0.7230764031410217,0.6741607189178467,0.0,0.06918410956859589,0.0,0.18293283879756927
3,61,1.1390260457992554,0.5894193053245544,0.0,0.0971326231956482,0.0,0.18090711534023285
3,62,1.4822882413864136,0.6584063172340393,0.0,0.07324077188968658,0.0,0.18221154808998108
3,63,0.4116238057613373,0.6398290395736694,0.0,0.057651735842227936,0.0,0.18118341267108917
3,64,0.6816138625144958,0.6176338791847229,0.0,0.06243394315242767,0.0,0.18009287118911743
3,65,1.2487496137619019,0.649101197719574,0.0,0.07740562409162521,0.0,0.18231214582920074
3,66,0.9915104508399963,0.5842714905738831,0.0,0.0741722509264946,0.0,0.17998619377613068
3,67,1.371655821800232,0.5650476813316345,0.0,0.0843907967209816,0.0,0.1786826252937317
3,68,0.8664308786392212,0.6141749620437622,0.0,0.07047910243272781,0.0,0.18035383522510529
3,69,1.9863286018371582,0.6175585985183716,0.0,0.09363459050655365,0.0,0.18137387931346893
3,70,0.765746533870697,0.5949721932411194,0.0,0.0708819255232811,0.0,0.17918655276298523
3,71,1.4736748933792114,0.5743896961212158,0.0,0.08413980901241302,0.0,0.177880197763443
3,72,0.49284645915031433,0.6790087819099426,0.0,0.05681836977601051,0.0,0.17972131073474884
3,73,1.4549286365509033,0.6307529807090759,0.0,0.08880290389060974,0.0,0.1799893081188202
3,74,0.5224353671073914,0.6030300259590149,0.0,0.07365560531616211,0.0,0.17904579639434814
3,75,0.6604159474372864,0.5470973253250122,0.0,0.0638594925403595,0.0,0.17730091512203217
3,76,0.7738054394721985,0.5447883009910583,0.0,0.06167343258857727,0.0,0.1762213408946991
3,77,0.9633191823959351,0.656527578830719,0.0,0.0667424127459526,0.0,0.17947635054588318
3,78,0.6907627582550049,0.5502393841743469,0.0,0.06636112928390503,0.0,0.17691276967525482
3,79,0.8426437973976135,0.5899824500083923,0.0,0.06895159929990768,0.0,0.1762155443429947
3,80,0.7623611688613892,0.5573431849479675,0.0,0.07045253366231918,0.0,0.1757131814956665
3,81,1.1405283212661743,0.656300961971283,0.0,0.05998044088482857,0.0,0.1782640665769577
3,82,1.1999423503875732,0.5114749670028687,0.0,0.07286525517702103,0.0,0.17518837749958038
3,83,0.2921517491340637,0.5191925168037415,0.0,0.05327170714735985,0.0,0.17554795742034912
3,84,0.7161931991577148,0.5827728509902954,0.0,0.06246618181467056,0.0,0.17652273178100586
3,85,0.5390503406524658,0.5450742840766907,0.0,0.059560421854257584,0.0,0.17533786594867706
3,86,0.5544243454933167,0.629497766494751,0.0,0.05647379159927368,0.0,0.17619846761226654
3,87,0.6611981391906738,0.5652879476547241,0.0,0.0597442090511322,0.0,0.17573541402816772
3,88,0.7847986817359924,0.6470732688903809,0.0,0.0564957857131958,0.0,0.17514169216156006
3,89,0.5461319088935852,0.6431354880332947,0.0,0.05321187525987625,0.0,0.1749587208032608
3,90,1.220392107963562,0.5831196904182434,0.0,0.060747940093278885,0.0,0.1737487018108368
3,91,1.4273470640182495,0.48573750257492065,0.0,0.08691397309303284,0.0,0.17161642014980316
3,92,0.9206595420837402,0.5050238370895386,0.0,0.06456834077835083,0.0,0.1715879738330841
3,93,1.132426381111145,0.487484335899353,0.0,0.07056853175163269,0.0,0.17061690986156464
3,94,4.1351213455200195,0.3624177575111389,0.0,0.36105063557624817,0.0,0.17516767978668213
3,95,0.5660927891731262,0.4363003373146057,0.0,0.06401035189628601,0.0,0.17023877799510956
3,96,1.2502795457839966,0.5466772317886353,0.0,0.07118259370326996,0.0,0.17159144580364227
3,97,1.4475058317184448,0.6014744639396667,0.0,0.07184813171625137,0.0,0.17158955335617065
3,98,1.1149077415466309,0.6077845692634583,0.0,0.06186142563819885,0.0,0.17093923687934875
3,99,0.6137000918388367,0.6307093501091003,0.0,0.055461276322603226,0.0,0.1713755875825882
3,100,0.637757420539856,0.608658492565155,0.0,0.059674084186553955,0.0,0.17098668217658997
3,101,0.616844654083252,0.4650130867958069,0.0,0.06168168783187866,0.0,0.16902706027030945
3,102,0.9072032570838928,0.4810296893119812,0.0,0.06585174798965454,0.0,0.16866110265254974
3,103,0.974338173866272,0.44945403933525085,0.0,0.06496315449476242,0.0,0.16851386427879333
3,104,1.22853422164917,0.5708727240562439,0.0,0.07110249996185303,0.0,0.17088299989700317
3,105,1.662900447845459,0.5813874006271362,0.0,0.09175582975149155,0.0,0.16892023384571075
3,106,2.219057083129883,0.6252097487449646,0.0,0.07751170545816422,0.0,0.16908732056617737
3,107,1.5295509099960327,0.520647406578064,0.0,0.07350806891918182,0.0,0.16641704738140106
3,108,2.172525405883789,0.5316697359085083,0.0,0.10365886986255646,0.0,0.16772514581680298
3,109,0.7146053314208984,0.47228336334228516,0.0,0.06316235661506653,0.0,0.16506104171276093
3,110,1.2526230812072754,0.5063783526420593,0.0,0.08695866167545319,0.0,0.16697633266448975
3,111,0.8256052732467651,0.4655812978744507,0.0,0.07153081148862839,0.0,0.1656869649887085
3,112,0.7855379581451416,0.5017343759536743,0.0,0.06221335381269455,0.0,0.16559608280658722
3,113,0.9902448058128357,0.4804086983203888,0.0,0.06331000477075577,0.0,0.16373629868030548
3,114,1.400375485420227,0.5930332541465759,0.0,0.0623934231698513,0.0,0.1658848077058792
3,115,0.4225274324417114,0.40441471338272095,0.0,0.06575247645378113,0.0,0.16235263645648956
3,116,0.4228498935699463,0.4020402133464813,0.0,0.06007340922951698,0.0,0.1632317453622818
3,117,1.225439190864563,0.44079267978668213,0.0,0.06770037114620209,0.0,0.16327163577079773
3,118,0.6222026348114014,0.43725407123565674,0.0,0.055132266134023666,0.0,0.16320914030075073
3,119,1.1116478443145752,0.48756691813468933,0.0,0.057453349232673645,0.0,0.1633361279964447
3,120,0.8764787316322327,0.52584308385849,0.0,0.06072401627898216,0.0,0.16230924427509308
3,121,1.5572258234024048,0.39285171031951904,0.0,0.13005921244621277,0.0,0.16023525595664978
3,122,1.603472352027893,0.4049138128757477,0.0,0.09407685697078705,0.0,0.16029295325279236
3,123,0.42694205045700073,0.5324406027793884,0.0,0.05881392955780029,0.0,0.1626291424036026
3,124,0.6137736439704895,0.5192421078681946,0.0,0.06361505389213562,0.0,0.1618809700012207
3,125,1.1451969146728516,0.5024399757385254,0.0,0.07866637408733368,0.0,0.16212940216064453
3,126,0.6976906657218933,0.4379518926143646,0.0,0.05615020543336868,0.0,0.1606959104537964
3,127,0.4295799136161804,0.5552324652671814,0.0,0.05003451183438301,0.0,0.16159288585186005
3,128,1.584837555885315,0.47824540734291077,0.0,0.0945422425866127,0.0,0.15974393486976624
3,129,1.057863473892212,0.422924667596817,0.0,0.07727476954460144,0.0,0.15836995840072632
3,130,0.5698493123054504,0.5400211215019226,0.0,0.05485605448484421,0.0,0.15987442433834076
3,131,0.3754320442676544,0.415999174118042,0.0,0.05263509601354599,0.0,0.15842905640602112
3,132,1.6166094541549683,0.44968172907829285,0.0,0.08925510942935944,0.0,0.15902361273765564
3,133,0.8486908674240112,0.4259560704231262,0.0,0.05767563357949257,0.0,0.158109650015831
3,134,1.7724242210388184,0.46424800157546997,0.0,0.07674365490674973,0.0,0.15750031173229218
3,135,0.4358847439289093,0.5406668186187744,0.0,0.04894862696528435,0.0,0.15848180651664734
3,136,1.038421392440796,0.36197468638420105,0.0,0.0653628259897232,0.0,0.15507225692272186
3,137,0.9978964924812317,0.45898255705833435,0.0,0.057520460337400436,0.0,0.1568629890680313
3,138,1.31410813331604,0.4152042269706726,0.0,0.07802200317382812,0.0,0.15681661665439606
3,139,0.7947530150413513,0.40100404620170593,0.0,0.055631816387176514,0.0,0.15582160651683807
3,140,0.6882710456848145,0.5107234716415405,0.0,0.04936174303293228,0.0,0.15691792964935303
4,0,0.544425904750824,0.4727967083454132,0.0,0.04905913397669792,0.0,0.15630915760993958
4,1,1.1286451816558838,0.38177791237831116,0.0,0.0819866806268692,0.0,0.15416736900806427
4,2,0.9637066721916199,0.43333208560943604,0.0,0.06423196941614151,0.0,0.15440700948238373
4,3,0.32555994391441345,0.37915170192718506,0.0,0.04908284544944763,0.0,0.15373365581035614
4,4,0.64544677734375,0.41535523533821106,0.0,0.05030033364892006,0.0,0.15423822402954102
4,5,1.4769904613494873,0.4567800462245941,0.0,0.0636087954044342,0.0,0.15417705476284027
4,6,1.530853033065796,0.3820004463195801,0.0,0.0846429094672203,0.0,0.1518334150314331
4,7,1.100891351699829,0.4106254577636719,0.0,0.061653342097997665,0.0,0.1536528766155243
4,8,0.5461268424987793,0.4371744990348816,0.0,0.04819844663143158,0.0,0.1533559262752533
4,9,0.9534830451011658,0.472275972366333,0.0,0.05237292870879173,0.0,0.1533202826976776
4,10,0.7204359173774719,0.497439444065094,0.0,0.05499695613980293,0.0,0.1531415432691574
4,11,1.6636273860931396,0.33974507451057434,0.0,0.09772846102714539,0.0,0.14980299770832062
4,12,0.6649437546730042,0.3482275605201721,0.0,0.059463705867528915,0.0,0.15097974240779877
4,13,0.8444244265556335,0.4165431261062622,0.0,0.05793343111872673,0.0,0.15132400393486023
4,14,4.196223258972168,0.4405919313430786,0.0,0.13756932318210602,0.0,0.1515757143497467
4,15,3.2439510822296143,0.42575603723526,0.0,0.15799498558044434,0.0,0.15256673097610474
4,16,0.9823945760726929,0.41940364241600037,0.0,0.06830648332834244,0.0,0.1515171080827713
4,17,0.7128394246101379,0.45433080196380615,0.0,0.05302998051047325,0.0,0.1515979915857315
4,18,0.7486702799797058,0.3959885537624359,0.0,0.058587055653333664,0.0,0.14914865791797638
4,19,0.8762155175209045,0.41954970359802246,0.0,0.07445960491895676,0.0,0.1495700627565384
4,20,1.5681772232055664,0.34941673278808594,0.0,0.09373096376657486,0.0,0.146783247590065
4,21,0.9615998268127441,0.3361218273639679,0.0,0.07545749098062515,0.0,0.14673076570034027
4,22,0.4239792227745056,0.3187684416770935,0.0,0.057365067303180695,0.0,0.14761298894882202
4,23,0.9626606106758118,0.3696514070034027,0.0,0.06392013281583786,0.0,0.1486564427614212
4,24,1.2000982761383057,0.39582404494285583,0.0,0.06310632079839706,0.0,0.14869703352451324
4,25,1.3666179180145264,0.393625408411026,0.0,0.05729660764336586,0.0,0.14856648445129395
4,26,0.8558458685874939,0.349983274936676,0.0,0.05957821011543274,0.0,0.14657242596149445
4,27,1.1526092290878296,0.29302433133125305,0.0,0.0739022046327591,0.0,0.14468355476856232
4,28,0.5545249581336975,0.37870481610298157,0.0,0.05430135130882263,0.0,0.14682196080684662
4,29,0.4169025421142578,0.35937535762786865,0.0,0.05031638219952583,0.0,0.14668622612953186
4,30,1.0718114376068115,0.4061204195022583,0.0,0.05528818443417549,0.0,0.14717009663581848
4,31,0.8117231726646423,0.36416879296302795,0.0,0.05316289886832237,0.0,0.14638526737689972
4,32,0.2971864938735962,0.3676750957965851,0.0,0.04682021588087082,0.0,0.1460222750902176
4,33,0.5040352940559387,0.3550892472267151,0.0,0.05142504349350929,0.0,0.1453133225440979
4,34,0.4241050183773041,0.44581323862075806,0.0,0.049061842262744904,0.0,0.14623841643333435
4,35,0.9022631049156189,0.4939494729042053,0.0,0.05389564111828804,0.0,0.1460447907447815
4,36,3.269688844680786,0.3561936318874359,0.0,0.09970159828662872,0.0,0.1432350128889084
4,37,0.5671371221542358,0.3746608793735504,0.0,0.0458531454205513,0.0,0.1451091766357422
4,38,1.0226880311965942,0.2979995906352997,0.0,0.06856659054756165,0.0,0.14309823513031006
4,39,0.602730393409729,0.2884557545185089,0.0,0.05084711313247681,0.0,0.14304354786872864
4,40,0.5934986472129822,0.28248366713523865,0.0,0.050561320036649704,0.0,0.14284758269786835
4,41,2.3137948513031006,0.34596627950668335,0.0,0.10153727233409882,0.0,0.1446007341146469
4,42,0.836769700050354,0.351992666721344,0.0,0.051866430789232254,0.0,0.14335806667804718
4,43,1.0965508222579956,0.3200356662273407,0.0,0.06921566277742386,0.0,0.1408645510673523
4,44,0.920475423336029,0.3099362850189209,0.0,0.05572397634387016,0.0,0.14136157929897308
4,45,0.7780731320381165,0.4261036217212677,0.0,0.05573124811053276,0.0,0.14356449246406555
4,46,0.7771320343017578,0.39418649673461914,0.0,0.053421489894390106,0.0,0.14267706871032715
4,47,0.45868590474128723,0.3018350601196289,0.0,0.0497547909617424,0.0,0.14062419533729553
4,48,1.3835062980651855,0.35636013746261597,0.0,0.06155078858137131,0.0,0.14039604365825653
4,49,0.6535235643386841,0.3198338449001312,0.0,0.05045823007822037,0.0,0.1406749188899994
4,50,1.1084562540054321,0.29698309302330017,0.0,0.06495683640241623,0.0,0.13898153603076935
4,51,0.79571533203125,0.28010913729667664,0.0,0.060246773064136505,0.0,0.13914746046066284
4,52,0.9849956035614014,0.35030055046081543,0.0,0.04984872788190842,0.0,0.14119952917099
4,53,1.0342315435409546,0.2997105121612549,0.0,0.05372081696987152,0.0,0.14034172892570496
4,54,1.2488759756088257,0.3197121322154999,0.0,0.07009852677583694,0.0,0.14001625776290894
4,55,0.6988158822059631,0.33946382999420166,0.0,0.05798262357711792,0.0,0.1399465799331665
4,56,1.1090452671051025,0.3031325936317444,0.0,0.06949109584093094,0.0,0.13876359164714813
4,57,1.3676502704620361,0.43241891264915466,0.0,0.05754639953374863,0.0,0.14012280106544495
4,58,0.4329945743083954,0.353327214717865,0.0,0.04516986757516861,0.0,0.1391504853963852
4,59,0.6177830100059509,0.3530330955982208,0.0,0.04856324940919876,0.0,0.13836705684661865
4,60,0.7024025321006775,0.33838996291160583,0.0,0.05256545543670654,0.0,0.13878759741783142
4,61,1.2310211658477783,0.21183542907238007,0.0,0.0891156792640686,0.0,0.13549678027629852
4,62,0.6219679713249207,0.2526664733886719,0.0,0.055922627449035645,0.0,0.1366668939590454
4,63,1.0116136074066162,0.43572700023651123,0.0,0.06073758006095886,0.0,0.139495849609375
4,64,0.6613927483558655,0.38057345151901245,0.0,0.05504327639937401,0.0,0.13870137929916382
4,65,0.5797968506813049,0.38258442282676697,0.0,0.048431433737277985,0.0,0.13818995654582977
4,66,0.9376065731048584,0.21652457118034363,0.0,0.07263773679733276,0.0,0.13427385687828064
4,67,0.4873265027999878,0.401928186416626,0.0,0.049134183675050735,0.0,0.13791340589523315
4,68,0.43679532408714294,0.34602412581443787,0.0,0.04957585781812668,0.0,0.1369922161102295
4,69,0.730492889881134,0.29233601689338684,0.0,0.06505504250526428,0.0,0.13572709262371063
4,70,0.38870522379875183,0.33758848905563354,0.0,0.05005088821053505,0.0,0.1359846293926239
4,71,0.5004063248634338,0.26136326789855957,0.0,0.05580216273665428,0.0,0.1341191977262497
4,72,0.5210808515548706,0.2792666554450989,0.0,0.05221209302544594,0.0,0.13408643007278442
4,73,0.373193621635437,0.24957291781902313,0.0,0.0542171485722065,0.0,0.13379676640033722
4,74,0.5147273540496826,0.29466354846954346,0.0,0.042125046253204346,0.0,0.13525426387786865
4,75,0.4434371590614319,0.22402241826057434,0.0,0.04601181671023369,0.0,0.1342300921678543
4,76,1.1002779006958008,0.2488383799791336,0.0,0.05680695176124573,0.0,0.1343214064836502
4,77,0.4599067270755768,0.234298437833786,0.0,0.04469113051891327,0.0,0.1331886649131775
4,78,0.5753365755081177,0.2066747397184372,0.0,0.04862896353006363,0.0,0.13300512731075287
4,79,0.7702587842941284,0.25955650210380554,0.0,0.058930203318595886,0.0,0.13377530872821808
4,80,0.5568480491638184,0.24639733135700226,0.0,0.057038504630327225,0.0,0.13331088423728943
4,81,3.949726104736328,0.36811670660972595,0.0,0.13804218173027039,0.0,0.13472424447536469
4,82,0.5704752206802368,0.35658133029937744,0.0,0.04831279441714287,0.0,0.1342490017414093
4,83,1.4331663846969604,0.36599138379096985,0.0,0.07717940211296082,0.0,0.13326697051525116
4,84,1.21858811378479,0.32763615250587463,0.0,0.0784401223063469,0.0,0.1321532279253006
4,85,0.8940538167953491,0.3913009762763977,0.0,0.05410489812493324,0.0,0.1327812373638153
4,86,0.6473204493522644,0.23103217780590057,0.0,0.052189141511917114,0.0,0.12978507578372955
4,87,1.0317596197128296,0.20389918982982635,0.0,0.07277683168649673,0.0,0.1292160004377365
4,88,1.5746673345565796,0.3580862879753113,0.0,0.06015845388174057,0.0,0.13242144882678986
4,89,0.8234267234802246,0.2693227529525757,0.0,0.04576827958226204,0.0,0.13195934891700745
4,90,0.6987639665603638,0.24343007802963257,0.0,0.05744050443172455,0.0,0.1301865130662918
4,91,0.6789957284927368,0.21858760714530945,0.0,0.06589656323194504,0.0,0.1297157257795334
4,92,1.2068555355072021,0.3164558410644531,0.0,0.055835217237472534,0.0,0.13120703399181366
4,93,0.6788522005081177,0.1867695450782776,0.0,0.06845245510339737,0.0,0.1280020773410797
4,94,0.47674646973609924,0.31791383028030396,0.0,0.06094658747315407,0.0,0.1302170604467392
4,95,0.7841429114341736,0.2472795993089676,0.0,0.05266285315155983,0.0,0.1295238584280014
4,96,1.308745265007019,0.2679125964641571,0.0,0.07145185768604279,0.0,0.13011221587657928
4,97,1.011763334274292,0.2106095552444458,0.0,0.0706336572766304,0.0,0.1272919625043869
4,98,0.46604323387145996,0.2552375793457031,0.0,0.044551342725753784,0.0,0.12970080971717834
4,99,0.44620856642723083,0.1783977895975113,0.0,0.05152983218431473,0.0,0.1272847205400467
4,100,1.1869515180587769,0.2732464671134949,0.0,0.06083707511425018,0.0,0.12952496111392975
4,101,0.6426848769187927,0.22944149374961853,0.0,0.04925605282187462,0.0,0.1276910901069641
4,102,1.1155824661254883,0.23504847288131714,0.0,0.06223287433385849,0.0,0.12736192345619202
4,103,0.6699939966201782,0.19456875324249268,0.0,0.05419014394283295,0.0,0.12682338058948517
4,104,0.49170899391174316,0.17451514303684235,0.0,0.048568520694971085,0.0,0.1262153685092926
4,105,0.3802391588687897,0.20220887660980225,0.0,0.04449671506881714,0.0,0.12736855447292328
4,106,0.9298068881034851,0.2439786046743393,0.0,0.0642804503440857,0.0,0.1281100958585739
4,107,0.7509990930557251,0.2587461769580841,0.0,0.053878627717494965,0.0,0.1276845484972
4,108,0.529293954372406,0.28275394439697266,0.0,0.04448268190026283,0.0,0.12780290842056274
4,109,1.2095071077346802,0.24429257214069366,0.0,0.06943537294864655,0.0,0.12704943120479584
4,110,0.5845373868942261,0.24733908474445343,0.0,0.05420379340648651,0.0,0.12600207328796387
4,111,0.36384016275405884,0.24161235988140106,0.0,0.04610675200819969,0.0,0.12629914283752441
4,112,0.8573099374771118,0.2959505021572113,0.0,0.05220987647771835,0.0,0.1260368824005127
4,113,0.44597160816192627,0.25556454062461853,0.0,0.04280852898955345,0.0,0.12575410306453705
4,114,1.3911731243133545,0.3540491461753845,0.0,0.05505068227648735,0.0,0.12741555273532867
4,115,0.6531387567520142,0.23005293309688568,0.0,0.05412830412387848,0.0,0.12514986097812653
4,116,0.7402313351631165,0.1642063707113266,0.0,0.06702837347984314,0.0,0.12294872850179672
4,117,0.4033525288105011,0.23873920738697052,0.0,0.04541199281811714,0.0,0.12539374828338623
4,118,0.5073390007019043,0.24079768359661102,0.0,0.0397011861205101,0.0,0.12506945431232452
4,119,1.3812741041183472,0.32720324397087097,0.0,0.05497872084379196,0.0,0.12635675072669983
4,120,0.647263765335083,0.24643847346305847,0.0,0.042979881167411804,0.0,0.12513332068920135
4,121,0.3035346567630768,0.19101008772850037,0.0,0.04119684174656868,0.0,0.12249849736690521
4,122,0.8675754070281982,0.17864307761192322,0.0,0.061124060302972794,0.0,0.12202456593513489
4,123,0.9108918309211731,0.14983448386192322,0.0,0.07800839096307755,0.0,0.12086702138185501
4,124,0.46217575669288635,0.24771453440189362,0.0,0.054464276880025864,0.0,0.12379160523414612
4,125,0.43528103828430176,0.24699459969997406,0.0,0.03901948407292366,0.0,0.12378504872322083
4,126,0.3509509563446045,0.25777608156204224,0.0,0.037583328783512115,0.0,0.12371984869241714
4,127,1.251039743423462,0.285747766494751,0.0,0.06270546466112137,0.0,0.12435726076364517
4,128,0.2643546760082245,0.1813753992319107,0.0,0.0397491380572319,0.0,0.12211789935827255
4,129,0.4808887243270874,0.16039812564849854,0.0,0.051759328693151474,0.0,0.1215878278017044
4,130,1.3044085502624512,0.22957462072372437,0.0,0.07353714108467102,0.0,0.12154164910316467
4,131,0.35762229561805725,0.19595088064670563,0.0,0.04042334482073784,0.0,0.12177332490682602
4,132,1.226625680923462,0.24760355055332184,0.0,0.04912971332669258,0.0,0.12219894677400589
4,133,1.3140232563018799,0.30046191811561584,0.0,0.05555204302072525,0.0,0.123122937977314
4,134,0.7139683961868286,0.3625704050064087,0.0,0.041134778410196304,0.0,0.12304186820983887
4,135,0.5635587573051453,0.25464558601379395,0.0,0.04168687388300896,0.0,0.12095138430595398
4,136,0.7697609663009644,0.19651107490062714,0.0,0.05129144340753555,0.0,0.11983487010002136
4,137,0.9883464574813843,0.19736403226852417,0.0,0.05070611461997032,0.0,0.11811339855194092
4,138,0.5744251012802124,0.15483929216861725,0.0,0.05318431183695793,0.0,0.1190754771232605
4,139,0.6036308407783508,0.22809121012687683,0.0,0.05068238824605942,0.0,0.12115287035703659
4,140,0.7561026215553284,0.26319631934165955,0.0,0.05145018920302391,0.0,0.12135332077741623
5,0,0.7151256799697876,0.183219775557518,0.0,0.05241980776190758,0.0,0.12003850936889648
5,1,0.5596637725830078,0.1904914379119873,0.0,0.044593457132577896,0.0,0.11984510719776154
5,2,0.5356395840644836,0.1828913539648056,0.0,0.043521471321582794,0.0,0.12007390707731247
5,3,0.263901948928833,0.18049286305904388,0.0,0.04053910821676254,0.0,0.119346484541893
5,4,0.5502774715423584,0.17870454490184784,0.0,0.05276617407798767,0.0,0.11850019544363022
5,5,1.7945656776428223,0.24382086098194122,0.0,0.07023737579584122,0.0,0.11988208442926407
5,6,0.9550566077232361,0.29474449157714844,0.0,0.046428121626377106,0.0,0.12053484469652176
5,7,1.8023464679718018,0.25058773159980774,0.0,0.07830439507961273,0.0,0.1190720871090889
5,8,0.7286044955253601,0.18125317990779877,0.0,0.052384208887815475,0.0,0.11760367453098297
5,9,0.5056122541427612,0.13816151022911072,0.0,0.05542809143662453,0.0,0.1164514571428299
5,10,0.49905359745025635,0.24074570834636688,0.0,0.04999355971813202,0.0,0.11899039894342422
5,11,0.8287196159362793,0.20759449899196625,0.0,0.05257345736026764,0.0,0.11793311685323715
5,12,0.7475338578224182,0.17615413665771484,0.0,0.050373077392578125,0.0,0.11640308052301407
5,13,0.471308171749115,0.14861682057380676,0.0,0.04825336113572121,0.0,0.11656270176172256
5,14,0.2479606717824936,0.13264112174510956,0.0,0.03961329162120819,0.0,0.11669141799211502
5,15,1.313848853111267,0.24234923720359802,0.0,0.057812537997961044,0.0,0.11784270405769348
5,16,0.5821532011032104,0.15604326128959656,0.0,0.05180973559617996,0.0,0.11594068259000778
5,17,0.7098876237869263,0.17253157496452332,0.0,0.05337660759687424,0.0,0.1169133111834526
5,18,0.7751712799072266,0.2870539128780365,0.0,0.06221437454223633,0.0,0.11813203990459442
5,19,0.8184303641319275,0.13398617506027222,0.0,0.06769607961177826,0.0,0.11496393382549286
5,20,0.33486616611480713,0.15812920033931732,0.0,0.04079936072230339,0.0,0.11621537059545517
5,21,0.7629830241203308,0.22865064442157745,0.0,0.04381817579269409,0.0,0.11684597283601761
5,22,0.25450530648231506,0.21105928719043732,0.0,0.04197455942630768,0.0,0.11616013199090958
5,23,0.944167971611023,0.16074499487876892,0.0,0.06324169784784317,0.0,0.11498365551233292
5,24,1.261940598487854,0.17054815590381622,0.0,0.07326958328485489,0.0,0.11464780569076538
5,25,0.42896023392677307,0.1471824049949646,0.0,0.040203437209129333,0.0,0.11502711474895477
5,26,0.5662673711776733,0.1595817357301712,0.0,0.043540775775909424,0.0,0.11475778371095657
5,27,1.6429263353347778,0.2522211968898773,0.0,0.07944934070110321,0.0,0.1164405345916748
5,28,0.649452805519104,0.12875744700431824,0.0,0.06083260104060173,0.0,0.11358867585659027
5,29,0.6297736763954163,0.19340258836746216,0.0,0.04672408476471901,0.0,0.11528238654136658
5,30,0.6533099412918091,0.14623190462589264,0.0,0.052513912320137024,0.0,0.11386050283908844
5,31,0.8003808259963989,0.2127566635608673,0.0,0.05592674762010574,0.0,0.11499635130167007
5,32,0.5588898062705994,0.18990644812583923,0.0,0.04337161034345627,0.0,0.11467231065034866
5,33,0.8991836309432983,0.23714232444763184,0.0,0.0487823411822319,0.0,0.11449484527111053
5,34,1.021080732345581,0.15608979761600494,0.0,0.06637690216302872,0.0,0.11246368288993835
5,35,0.6918046474456787,0.19860681891441345,0.0,0.04556098207831383,0.0,0.11385858058929443
5,36,1.5353261232376099,0.11994251608848572,0.0,0.10841210186481476,0.0,0.11117367446422577
5,37,0.5608890652656555,0.13421951234340668,0.0,0.05089929699897766,0.0,0.1123868077993393
5,38,0.773136556148529,0.14331407845020294,0.0,0.05749598518013954,0.0,0.11304493993520737
5,39,1.0006630420684814,0.17933279275894165,0.0,0.06029050052165985,0.0,0.11376900970935822
5,40,1.0356327295303345,0.20154941082000732,0.0,0.05953448638319969,0.0,0.1139480471611023
5,41,1.1645163297653198,0.1393134593963623,0.0,0.07825422286987305,0.0,0.11142627894878387
5,42,0.19625966250896454,0.18345248699188232,0.0,0.049569204449653625,0.0,0.11279764026403427
5,43,0.7469082474708557,0.2365410327911377,0.0,0.07947652786970139,0.0,0.1131809875369072
5,44,2.3694114685058594,0.19188611209392548,0.0,0.13316181302070618,0.0,0.11202194541692734
5,45,0.8158650398254395,0.21983996033668518,0.0,0.047978129237890244,0.0,0.1118493527173996
5,46,1.2995012998580933,0.18432141840457916,0.0,0.0775994136929512,0.0,0.10973555594682693
5,47,1.4962502717971802,0.12537766993045807,0.0,0.10047505050897598,0.0,0.10863852500915527
5,48,0.701755702495575,0.1855805218219757,0.0,0.05034657567739487,0.0,0.11151373386383057
5,49,0.5310559868812561,0.17807064950466156,0.0,0.04116281121969223,0.0,0.11118250340223312
5,50,0.712293803691864,0.25706490874290466,0.0,0.04231971129775047,0.0,0.11253207176923752
5,51,0.7049195766448975,0.15881241858005524,0.0,0.048205457627773285,0.0,0.11125355213880539
5,52,0.5419135093688965,0.15740928053855896,0.0,0.04250022768974304,0.0,0.11104019731283188
5,53,0.6850825548171997,0.13707511126995087,0.0,0.05518905818462372,0.0,0.11018919944763184
5,54,0.5645874738693237,0.1664818674325943,0.0,0.0416351854801178,0.0,0.1108003556728363
5,55,0.7766111493110657,0.19202420115470886,0.0,0.060081981122493744,0.0,0.11034239083528519
5,56,0.9383546113967896,0.13639314472675323,0.0,0.060593195259571075,0.0,0.10872847586870193
5,57,0.7542319893836975,0.17425072193145752,0.0,0.06037690490484238,0.0,0.11037084460258484
5,58,0.5749644637107849,0.16275905072689056,0.0,0.04762231558561325,0.0,0.10909919440746307
5,59,0.3385342061519623,0.1723521202802658,0.0,0.040117282420396805,0.0,0.10980039089918137
5,60,0.3351488411426544,0.1365455985069275,0.0,0.04285842180252075,0.0,0.1091233640909195
5,61,0.8248769044876099,0.25824490189552307,0.0,0.037371039390563965,0.0,0.11058265715837479
5,62,0.544380247592926,0.13890637457370758,0.0,0.05297689884901047,0.0,0.10865700244903564
5,63,0.8424928188323975,0.1294969767332077,0.0,0.0676683858036995,0.0,0.10839980095624924
5,64,0.5344308614730835,0.11686104536056519,0.0,0.05316905677318573,0.0,0.10730933398008347
5,65,0.338164746761322,0.20021824538707733,0.0,0.0355527400970459,0.0,0.10933750122785568
5,66,0.3224959373474121,0.14358378946781158,0.0,0.037356358021497726,0.0,0.1079302728176117
5,67,0.791162371635437,0.24136291444301605,0.0,0.040857501327991486,0.0,0.10956157743930817
5,68,0.22572122514247894,0.14716362953186035,0.0,0.03357499837875366,0.0,0.10850022733211517
5,69,0.24661152064800262,0.14648915827274323,0.0,0.035993870347738266,0.0,0.10821579396724701
5,70,0.35085898637771606,0.17051227390766144,0.0,0.03795110061764717,0.0,0.10808564722537994
5,71,0.6067517995834351,0.13041305541992188,0.0,0.04869353398680687,0.0,0.10698419064283371
5,72,0.7243470549583435,0.13945406675338745,0.0,0.04981169477105141,0.0,0.105084128677845
5,73,0.5117701292037964,0.1872493028640747,0.0,0.03757060319185257,0.0,0.1082322970032692
5,74,0.3019730746746063,0.134954035282135,0.0,0.03698021546006203,0.0,0.10665407031774521
5,75,0.5811657309532166,0.15809303522109985,0.0,0.04163279011845589,0.0,0.10784041881561279
5,76,0.5311388969421387,0.1621309518814087,0.0,0.03828329220414162,0.0,0.10745996236801147
5,77,1.0237702131271362,0.1958540678024292,0.0,0.04980553314089775,0.0,0.10797468572854996
5,78,0.33613264560699463,0.12559868395328522,0.0,0.04053755849599838,0.0,0.1063792034983635
5,79,0.9054018259048462,0.08888453990221024,0.0,0.08768144249916077,0.0,0.10414240509271622
5,80,0.4113987982273102,0.13923218846321106,0.0,0.04577746242284775,0.0,0.10564402490854263
5,81,0.3748433291912079,0.10970859229564667,0.0,0.04682911932468414,0.0,0.10550634562969208
5,82,0.6718189120292664,0.1692746877670288,0.0,0.04235943406820297,0.0,0.10669124871492386
5,83,0.2926258444786072,0.1536002904176712,0.0,0.03758888691663742,0.0,0.10604532808065414
5,84,0.49589434266090393,0.1570034623146057,0.0,0.04093886539340019,0.0,0.105987049639225
5,85,0.3630999028682709,0.11075996607542038,0.0,0.04127875715494156,0.0,0.10519104450941086
5,86,0.23161530494689941,0.175576314330101,0.0,0.033385198563337326,0.0,0.10583381354808807
5,87,0.576009213924408,0.18831969797611237,0.0,0.039791952818632126,0.0,0.1062503382563591
5,88,0.43318480253219604,0.17486897110939026,0.0,0.03646914288401604,0.0,0.10530274361371994
5,89,0.7192561626434326,0.20638161897659302,0.0,0.0397922582924366,0.0,0.10622597485780716
5,90,0.4081086218357086,0.16182249784469604,0.0,0.03550855070352554,0.0,0.10519582778215408
5,91,0.5774902701377869,0.17304137349128723,0.0,0.03928641602396965,0.0,0.1047474667429924
5,92,0.46572861075401306,0.1425124555826187,0.0,0.03878773748874664,0.0,0.10425381362438202
5,93,0.4984303414821625,0.14375633001327515,0.0,0.03849649429321289,0.0,0.10443967580795288
5,94,0.5037195682525635,0.12991370260715485,0.0,0.040187712758779526,0.0,0.10254041850566864
5,95,0.22683760523796082,0.11526026576757431,0.0,0.03441813588142395,0.0,0.103554867208004
5,96,0.33587363362312317,0.12560568749904633,0.0,0.036559659987688065,0.0,0.10421130806207657
5,97,0.5817701816558838,0.12775832414627075,0.0,0.04505835473537445,0.0,0.10364363342523575
5,98,0.8574666976928711,0.17630420625209808,0.0,0.05057525262236595,0.0,0.10462699085474014
5,99,0.49770912528038025,0.1409062296152115,0.0,0.03858093544840813,0.0,0.10366394370794296
5,100,0.3646698594093323,0.1351180523633957,0.0,0.037560466676950455,0.0,0.1024000495672226
5,101,0.20457948744297028,0.14115874469280243,0.0,0.0327955037355423,0.0,0.10361908376216888
5,102,0.39757493138313293,0.12133675813674927,0.0,0.045195359736680984,0.0,0.10191459208726883
5,103,0.7036269307136536,0.12203159928321838,0.0,0.05361716076731682,0.0,0.10179555416107178
5,104,0.3805747926235199,0.19028101861476898,0.0,0.03361605107784271,0.0,0.10368151217699051
5,105,0.501634955406189,0.11385369300842285,0.0,0.04852915555238724,0.0,0.10167229920625687
5,106,0.4284231960773468,0.09146790951490402,0.0,0.04849715158343315,0.0,0.10140709578990936
5,107,0.6605854630470276,0.14373478293418884,0.0,0.044081833213567734,0.0,0.1028154045343399
5,108,0.4272366464138031,0.1097949668765068,0.0,0.04440012201666832,0.0,0.10141568630933762
5,109,0.6793012022972107,0.12232641130685806,0.0,0.04976797103881836,0.0,0.10148914903402328
5,110,1.7346593141555786,0.2013711929321289,0.0,0.06924734264612198,0.0,0.103575199842453
5,111,0.4039565920829773,0.12241458892822266,0.0,0.03970290347933769,0.0,0.10174579173326492
5,112,0.4380657970905304,0.1192290410399437,0.0,0.04760221764445305,0.0,0.10141114145517349
5,113,0.5824052691459656,0.19730019569396973,0.0,0.05755814537405968,0.0,0.10230130702257156
5,114,0.5967434048652649,0.1180170550942421,0.0,0.051927320659160614,0.0,0.10087183117866516
5,115,0.8705546855926514,0.1273222416639328,0.0,0.06439884752035141,0.0,0.10033896565437317
5,116,1.235946774482727,0.17432309687137604,0.0,0.056629929691553116,0.0,0.10048794001340866
5,117,0.4744727611541748,0.2067403793334961,0.0,0.047514814883470535,0.0,0.10198168456554413
5,118,0.4165942966938019,0.10882020741701126,0.0,0.04219406098127365,0.0,0.10001678019762039
5,119,0.4213324785232544,0.168087899684906,0.0,0.04443877935409546,0.0,0.1012427881360054
5,120,1.0817991495132446,0.1686759889125824,0.0,0.056470926851034164,0.0,0.10096146911382675
5,121,0.4315694272518158,0.11483491212129593,0.0,0.039595142006874084,0.0,0.10042396187782288
5,122,1.043942928314209,0.1660202592611313,0.0,0.05754031985998154,0.0,0.10089440643787384
5,123,1.006779670715332,0.1864515095949173,0.0,0.06299357861280441,0.0,0.10105230659246445
5,124,0.6545114517211914,0.20728878676891327,0.0,0.04675639420747757,0.0,0.10131856799125671
5,125,0.8583617806434631,0.09935645759105682,0.0,0.0648583173751831,0.0,0.09805488586425781
5,126,1.3420979976654053,0.1285436898469925,0.0,0.0748557597398758,0.0,0.09856525808572769
5,127,0.6773106455802917,0.08006995171308517,0.0,0.07583583891391754,0.0,0.09711536765098572
5,128,0.3187769949436188,0.15638557076454163,0.0,0.05465627834200859,0.0,0.10020468384027481
5,129,4.769520282745361,0.27136436104774475,0.0,0.18952739238739014,0.0,0.10224210470914841
5,130,0.3376402258872986,0.10726995766162872,0.0,0.0399446040391922,0.0,0.09872819483280182
5,131,1.0539621114730835,0.12945474684238434,0.0,0.08562307059764862,0.0,0.09778009355068207
5,132,1.3191426992416382,0.12379000335931778,0.0,0.09154275059700012,0.0,0.09791634976863861
5,133,1.394128441810608,0.24267303943634033,0.0,0.07021107524633408,0.0,0.10000747442245483
5,134,0.7035082578659058,0.11339861899614334,0.0,0.053559258580207825,0.0,0.09696870297193527
5,135,1.0231587886810303,0.10868172347545624,0.0,0.0853731632232666,0.0,0.09699806571006775
5,136,0.40515634417533875,0.12250308692455292,0.0,0.061466507613658905,0.0,0.09921851009130478
5,137,0.43232595920562744,0.13109265267848969,0.0,0.05347707122564316,0.0,0.09817125648260117
5,138,1.6977291107177734,0.2019774615764618,0.0,0.06965580582618713,0.0,0.09888498485088348
5,139,1.2925527095794678,0.1203313022851944,0.0,0.06948573887348175,0.0,0.09764362126588821
5,140,1.7021522521972656,0.11538463085889816,0.0,0.09599324315786362,0.0,0.0969511866569519
6,0,0.8489522337913513,0.10777406394481659,0.0,0.06684301793575287,0.0,0.09651453047990799
6,1,1.1016706228256226,0.17230159044265747,0.0,0.0794723853468895,0.0,0.09882094711065292
6,2,0.4215486943721771,0.11983504146337509,0.0,0.05244941636919975,0.0,0.09778407216072083
6,3,0.7457897067070007,0.09402076154947281,0.0,0.06542379409074783,0.0,0.09658183157444
6,4,0.47248706221580505,0.12106893956661224,0.0,0.04570135846734047,0.0,0.09749409556388855
6,5,0.8591769933700562,0.10376113653182983,0.0,0.06268814206123352,0.0,0.09679587185382843
6,6,1.380339503288269,0.10751989483833313,0.0,0.0833415761590004,0.0,0.09723810851573944
6,7,0.4883861243724823,0.0861625224351883,0.0,0.04865945130586624,0.0,0.09646081179380417
6,8,2.2170495986938477,0.14255312085151672,0.0,0.11375170201063156,0.0,0.09744267165660858
6,9,2.0068695545196533,0.13395476341247559,0.0,0.08760654181241989,0.0,0.09623942524194717
6,10,0.7009573578834534,0.09139832854270935,0.0,0.054460059851408005,0.0,0.09534354507923126
6,11,0.8864681124687195,0.13701073825359344,0.0,0.05090495944023132,0.0,0.09623858332633972
6,12,0.5150732398033142,0.10699330270290375,0.0,0.04006629437208176,0.0,0.09618674963712692
6,13,0.5375599265098572,0.08856529742479324,0.0,0.04594805836677551,0.0,0.09507083892822266
6,14,0.29402831196784973,0.09386036545038223,0.0,0.03742239251732826,0.0,0.09540940821170807
6,15,0.7205105423927307,0.18506772816181183,0.0,0.05054266005754471,0.0,0.0968223586678505
6,16,0.26433026790618896,0.11153150349855423,0.0,0.03363055735826492,0.0,0.09568976610898972
6,17,1.3290191888809204,0.09370306879281998,0.0,0.08605975657701492,0.0,0.09449001401662827
6,18,0.3159297704696655,0.1085953488945961,0.0,0.03322655335068703,0.0,0.09573708474636078
6,19,0.2098432034254074,0.09588319808244705,0.0,0.03168724104762077,0.0,0.09534833580255508
6,20,0.8213719129562378,0.11381606757640839,0.0,0.0539291612803936,0.0,0.0949065312743187
6,21,2.3810036182403564,0.1544782966375351,0.0,0.09880902618169785,0.0,0.09619736671447754
6,22,0.438642293214798,0.07946084439754486,0.0,0.04230199754238129,0.0,0.0941077321767807
6,23,0.37257280945777893,0.08444976061582565,0.0,0.04093323275446892,0.0,0.0937228873372078
6,24,0.4316915273666382,0.13484156131744385,0.0,0.04485061764717102,0.0,0.09467769414186478
6,25,1.0294060707092285,0.10607697069644928,0.0,0.06061335280537605,0.0,0.09417243301868439
6,26,0.4047560393810272,0.1164734810590744,0.0,0.03714846819639206,0.0,0.09453918784856796
6,27,0.415446937084198,0.10143055766820908,0.0,0.03914067521691322,0.0,0.09414886683225632
6,28,0.6048203110694885,0.08658494055271149,0.0,0.04770928621292114,0.0,0.09384512901306152
6,29,0.6835124492645264,0.18393704295158386,0.0,0.036537669599056244,0.0,0.09521964192390442
6,30,0.4414472281932831,0.11151967197656631,0.0,0.03660334646701813,0.0,0.09394858032464981
6,31,0.49420613050460815,0.15064561367034912,0.0,0.03541741520166397,0.0,0.09472169727087021
6,32,0.48619532585144043,0.1092454269528389,0.0,0.038355521857738495,0.0,0.09409421682357788
6,33,0.5457010865211487,0.08891797810792923,0.0,0.04643005132675171,0.0,0.09297683089971542
6,34,0.42970579862594604,0.06761647015810013,0.0,0.04523269087076187,0.0,0.09263894706964493
6,35,0.39516252279281616,0.10975395888090134,0.0,0.03478233143687248,0.0,0.0930798277258873
6,36,0.3099631369113922,0.08466484397649765,0.0,0.035360272973775864,0.0,0.09239005297422409
6,37,0.988826334476471,0.14006072282791138,0.0,0.04122661054134369,0.0,0.09239219129085541
6,38,0.3834471106529236,0.11413805186748505,0.0,0.03309660032391548,0.0,0.09344951808452606
6,39,0.5794392824172974,0.10376377403736115,0.0,0.042959604412317276,0.0,0.09232223778963089
6,40,0.26223301887512207,0.09088937193155289,0.0,0.03309475630521774,0.0,0.09242750704288483
6,41,0.30966368317604065,0.09701316803693771,0.0,0.03281064331531525,0.0,0.09270206838846207
6,42,0.8828128576278687,0.18488582968711853,0.0,0.03635801002383232,0.0,0.09381180256605148
6,43,0.32879385352134705,0.08926209807395935,0.0,0.03423300012946129,0.0,0.0922258049249649
6,44,0.4343421161174774,0.08380389213562012,0.0,0.04249551147222519,0.0,0.09157700091600418
6,45,0.49322229623794556,0.1286279410123825,0.0,0.04425670579075813,0.0,0.09281342476606369
6,46,0.5274319648742676,0.1014740988612175,0.0,0.04119890183210373,0.0,0.09101276844739914
6,47,0.42047932744026184,0.14593273401260376,0.0,0.03287002071738243,0.0,0.09252801537513733
6,48,0.26009970903396606,0.08787333965301514,0.0,0.03355162590742111,0.0,0.0916084498167038
6,49,0.20583797991275787,0.08739391714334488,0.0,0.03231431171298027,0.0,0.09163335710763931
6,50,1.4673514366149902,0.08774072676897049,0.0,0.08981055021286011,0.0,0.09074362367391586
6,51,0.596552312374115,0.10066729784011841,0.0,0.04346063360571861,0.0,0.09072136133909225
6,52,0.36181721091270447,0.10831157863140106,0.0,0.03341832384467125,0.0,0.0915834978222847
6,53,0.34943804144859314,0.07739335298538208,0.0,0.034588154405355453,0.0,0.09086450189352036
6,54,0.30009719729423523,0.07381191104650497,0.0,0.03653794899582863,0.0,0.09052523225545883
6,55,0.640159010887146,0.10897555947303772,0.0,0.042115580290555954,0.0,0.09137357771396637
6,56,1.2307419776916504,0.08335649222135544,0.0,0.08454149961471558,0.0,0.09017768502235413
6,57,0.3197766840457916,0.08250938355922699,0.0,0.035199131816625595,0.0,0.09030957520008087
6,58,0.3397490680217743,0.10355319082736969,0.0,0.031775105744600296,0.0,0.09083974361419678
6,59,0.7426892518997192,0.13762491941452026,0.0,0.03955185040831566,0.0,0.09129198640584946
6,60,1.5989632606506348,0.07840780913829803,0.0,0.10610313713550568,0.0,0.08817553520202637
6,61,0.5806196331977844,0.10234645009040833,0.0,0.056607410311698914,0.0,0.09021443873643875
6,62,0.46753424406051636,0.1270829439163208,0.0,0.03405093774199486,0.0,0.09050849080085754
6,63,0.9300222992897034,0.1227886825799942,0.0,0.04709784314036369,0.0,0.09075650572776794
6,64,0.4461796283721924,0.11509766429662704,0.0,0.046366140246391296,0.0,0.08983100205659866
6,65,0.36869028210639954,0.08327332884073257,0.0,0.03996126353740692,0.0,0.0895850658416748
6,66,0.6887385845184326,0.11187578737735748,0.0,0.04097472503781319,0.0,0.08974555879831314
6,67,0.5976579189300537,0.07397342473268509,0.0,0.04648102819919586,0.0,0.08800296485424042
6,68,0.3759929835796356,0.08486534655094147,0.0,0.03755607083439827,0.0,0.08949072659015656
6,69,0.35570257902145386,0.09074331074953079,0.0,0.034522149711847305,0.0,0.08935797959566116
6,70,0.5611006021499634,0.11398390680551529,0.0,0.03711410611867905,0.0,0.08991232514381409
6,71,0.5092861652374268,0.10149294137954712,0.0,0.03548688068985939,0.0,0.08964162319898605
6,72,0.34762802720069885,0.10593599826097488,0.0,0.0313306525349617,0.0,0.08945135027170181
6,73,0.5925725102424622,0.12690170109272003,0.0,0.03933030366897583,0.0,0.08943377435207367
6,74,0.6958897709846497,0.1077074483036995,0.0,0.04254969581961632,0.0,0.08870556950569153
6,75,0.4095563292503357,0.07639265805482864,0.0,0.041235409677028656,0.0,0.08815007656812668
6,76,0.5244640111923218,0.1081470474600792,0.0,0.04263327643275261,0.0,0.08823811262845993
6,77,0.5730736255645752,0.10437314212322235,0.0,0.03908287733793259,0.0,0.08818261325359344
6,78,0.32253482937812805,0.07240463048219681,0.0,0.039943795651197433,0.0,0.08775178343057632
6,79,0.9121754765510559,0.0755843073129654,0.0,0.06904704868793488,0.0,0.08782203495502472
6,80,0.48679596185684204,0.08354368060827255,0.0,0.040925025939941406,0.0,0.08765859156847
6,81,0.34433263540267944,0.11018288880586624,0.0,0.03220026195049286,0.0,0.08843716233968735
6,82,0.8980404734611511,0.1524284929037094,0.0,0.041133441030979156,0.0,0.08909986913204193
6,83,0.7395966053009033,0.0900939404964447,0.0,0.05275313928723335,0.0,0.08770433813333511
6,84,0.518079936504364,0.08523817360401154,0.0,0.04184213653206825,0.0,0.08787532150745392
6,85,0.3223841190338135,0.11471337080001831,0.0,0.04009072855114937,0.0,0.0880790576338768
6,86,0.7785829901695251,0.07325825840234756,0.0,0.05692015215754509,0.0,0.08689171075820923
6,87,0.5700953602790833,0.07199346274137497,0.0,0.044913649559020996,0.0,0.08656931668519974
6,88,0.16366471350193024,0.09746814519166946,0.0,0.032468508929014206,0.0,0.08782675117254257
6,89,0.38185280561447144,0.11404204368591309,0.0,0.03361136093735695,0.0,0.08778704702854156
6,90,0.24683994054794312,0.08375922590494156,0.0,0.03162306547164917,0.0,0.08731735497713089
6,91,0.5984148383140564,0.1154441311955452,0.0,0.0363411083817482,0.0,0.08770306408405304
6,92,0.3189321458339691,0.0794287621974945,0.0,0.0337904654443264,0.0,0.08664245903491974
6,93,0.47495269775390625,0.07181176543235779,0.0,0.04210513085126877,0.0,0.0857391506433487
6,94,0.45318132638931274,0.09563656896352768,0.0,0.04201960563659668,0.0,0.0864199846982956
6,95,0.42200762033462524,0.0692497044801712,0.0,0.037822481244802475,0.0,0.08626837283372879
6,96,0.5104753971099854,0.06823118776082993,0.0,0.044396787881851196,0.0,0.08488815277814865
6,97,0.4512673616409302,0.09825491160154343,0.0,0.03364110365509987,0.0,0.08683346956968307
6,98,0.7857507467269897,0.09568943083286285,0.0,0.05141909047961235,0.0,0.08606147021055222
6,99,0.38401055335998535,0.09892427176237106,0.0,0.033473044633865356,0.0,0.08628367632627487
6,100,0.37962213158607483,0.06684964150190353,0.0,0.04067428037524223,0.0,0.08536288142204285
6,101,0.24242670834064484,0.08074387907981873,0.0,0.03501293435692787,0.0,0.08599870651960373
6,102,0.4149620532989502,0.09160902351140976,0.0,0.045645445585250854,0.0,0.08518790453672409
6,103,0.32012566924095154,0.07098737359046936,0.0,0.03569536283612251,0.0,0.08559321612119675
6,104,4.490837097167969,0.12290100753307343,0.0,0.15845486521720886,0.0,0.085960254073143
6,105,1.2321898937225342,0.10382135957479477,0.0,0.06385523080825806,0.0,0.08567699790000916
6,106,0.9523712992668152,0.07157386094331741,0.0,0.07246037572622299,0.0,0.08263140171766281
6,107,0.5541900396347046,0.07213462144136429,0.0,0.04558630660176277,0.0,0.08452236652374268
6,108,0.6178963780403137,0.08498893678188324,0.0,0.043918583542108536,0.0,0.08497395366430283
6,109,1.2847083806991577,0.0886644721031189,0.0,0.073334239423275,0.0,0.08364591747522354
6,110,0.5062536597251892,0.11557608842849731,0.0,0.042705632746219635,0.0,0.08544854819774628
6,111,0.41998323798179626,0.10399162769317627,0.0,0.035056620836257935,0.0,0.08484520018100739
6,112,0.7993402481079102,0.13188926875591278,0.0,0.039153024554252625,0.0,0.08576220273971558
6,113,1.2748242616653442,0.05888185277581215,0.0,0.10125042498111725,0.0,0.08214041590690613
6,114,0.2555444836616516,0.08032547682523727,0.0,0.04250308871269226,0.0,0.08453495800495148
6,115,0.74858558177948,0.11026808619499207,0.0,0.06593826413154602,0.0,0.08447383344173431
6,116,0.47313031554222107,0.07212831825017929,0.0,0.04180498793721199,0.0,0.0838903933763504
6,117,0.8201522827148438,0.13579168915748596,0.0,0.05278370529413223,0.0,0.08518383651971817
6,118,0.5834887623786926,0.06947208940982819,0.0,0.06641458719968796,0.0,0.08335524052381516
6,119,0.42708542943000793,0.09545442461967468,0.0,0.032571639865636826,0.0,0.08447442948818207
6,120,0.6010872721672058,0.10658104717731476,0.0,0.05059138685464859,0.0,0.08440130949020386
6,121,0.4131029546260834,0.10818447172641754,0.0,0.0568404495716095,0.0,0.08415476232767105
6,122,0.8594186305999756,0.06374331563711166,0.0,0.07440675050020218,0.0,0.08232194930315018
6,123,1.8003309965133667,0.07849515974521637,0.0,0.11221268028020859,0.0,0.08213432133197784
6,124,0.522382915019989,0.0601789653301239,0.0,0.053103554993867874,0.0,0.08113506436347961
6,125,0.684238612651825,0.07680628448724747,0.0,0.04900875315070152,0.0,0.08267873525619507
6,126,0.27447670698165894,0.06182984262704849,0.0,0.037149377167224884,0.0,0.08175139874219894
6,127,0.5114508867263794,0.06859597563743591,0.0,0.047712597995996475,0.0,0.08308815211057663
6,128,0.582076907157898,0.08997288346290588,0.0,0.045640841126441956,0.0,0.08359235525131226
6,129,0.6149418950080872,0.11994780600070953,0.0,0.04422929137945175,0.0,0.08404029160737991
6,130,0.8678762912750244,0.12218709290027618,0.0,0.055849261581897736,0.0,0.08428778499364853
6,131,0.6458205580711365,0.07841963320970535,0.0,0.045172251760959625,0.0,0.08211719989776611
6,132,0.745665431022644,0.087014339864254,0.0,0.05652448534965515,0.0,0.08225054293870926
6,133,0.4805722236633301,0.05441926419734955,0.0,0.05329133942723274,0.0,0.08128348737955093
6,134,0.3480696678161621,0.08280350267887115,0.0,0.0355495922267437,0.0,0.08225980401039124
6,135,0.6530622243881226,0.08685316890478134,0.0,0.04674161970615387,0.0,0.08149582892656326
6,136,0.8347688913345337,0.08437138050794601,0.0,0.054102685302495956,0.0,0.08094946295022964
6,137,0.2848389446735382,0.07918649911880493,0.0,0.03411806747317314,0.0,0.0821659117937088
6,138,1.0444321632385254,0.08245440572500229,0.0,0.05506686866283417,0.0,0.08167168498039246
6,139,0.5205132365226746,0.09924619644880295,0.0,0.036418210715055466,0.0,0.08214090764522552
6,140,0.6485053300857544,0.09309931099414825,0.0,0.040901701897382736,0.0,0.08240927755832672
7,0,0.4172848165035248,0.060210105031728745,0.0,0.04198053851723671,0.0,0.08071193844079971
7,1,0.6473544836044312,0.09700966626405716,0.0,0.04185932129621506,0.0,0.08219680190086365
7,2,0.20554514229297638,0.05831022933125496,0.0,0.0410747155547142,0.0,0.08085240423679352
7,3,0.5962284803390503,0.09751240909099579,0.0,0.04334535077214241,0.0,0.08195358514785767
7,4,0.5110683441162109,0.07857197523117065,0.0,0.044546715915203094,0.0,0.08143744617700577
7,5,0.3951937258243561,0.06081368401646614,0.0,0.047071423381567,0.0,0.08021701872348785
7,6,0.26601144671440125,0.07305002957582474,0.0,0.03732084482908249,0.0,0.0808844268321991
7,7,0.34689271450042725,0.08445607870817184,0.0,0.038918089121580124,0.0,0.08092350512742996
7,8,0.3854137659072876,0.05447467043995857,0.0,0.05408686771988869,0.0,0.07994969189167023
7,9,0.3664773106575012,0.061811331659555435,0.0,0.04540041834115982,0.0,0.07986681163311005
7,10,0.24565696716308594,0.07811116427183151,0.0,0.032346758991479874,0.0,0.08077830821275711
7,11,0.3154792785644531,0.06901673227548599,0.0,0.03296421840786934,0.0,0.08045210689306259
7,12,0.2055751234292984,0.06465274095535278,0.0,0.029529642313718796,0.0,0.08048620074987411
7,13,0.4692116975784302,0.08638975024223328,0.0,0.034843120723962784,0.0,0.08051642775535583
7,14,0.15620362758636475,0.05527539923787117,0.0,0.02839486487209797,0.0,0.079926036298275
7,15,0.42773377895355225,0.07552507519721985,0.0,0.04253610968589783,0.0,0.08040684461593628
7,16,0.42826607823371887,0.05258626863360405,0.0,0.04897654056549072,0.0,0.07771645486354828
7,17,0.6875138878822327,0.09370678663253784,0.0,0.048777271062135696,0.0,0.08034273236989975
7,18,0.2852456867694855,0.07747463136911392,0.0,0.029049113392829895,0.0,0.08023982495069504
7,19,0.6833096146583557,0.10120068490505219,0.0,0.037914250046014786,0.0,0.0802617147564888
7,20,0.3968609571456909,0.0968000516295433,0.0,0.03001832775771618,0.0,0.08043063431978226
7,21,0.7279677987098694,0.06079553812742233,0.0,0.053449682891368866,0.0,0.0783064141869545
7,22,0.4746967852115631,0.07984588295221329,0.0,0.036770425736904144,0.0,0.0790163055062294
7,23,0.3304992914199829,0.07867956906557083,0.0,0.030369853600859642,0.0,0.07935768365859985
7,24,0.6127801537513733,0.06161237880587578,0.0,0.04776621237397194,0.0,0.07756460458040237
7,25,0.8984947800636292,0.0946824699640274,0.0,0.042727336287498474,0.0,0.07950664311647415
7,26,0.23093734681606293,0.05717067793011665,0.0,0.032909076660871506,0.0,0.07872612029314041
7,27,0.3194608688354492,0.05356915667653084,0.0,0.03541158139705658,0.0,0.07816149294376373
7,28,0.4095277488231659,0.06070113554596901,0.0,0.03609561547636986,0.0,0.07853763550519943
7,29,1.2948553562164307,0.0997038409113884,0.0,0.07200341671705246,0.0,0.07976188510656357
7,30,0.1883782595396042,0.058683931827545166,0.0,0.028143107891082764,0.0,0.0785699188709259
7,31,0.43588346242904663,0.06703363358974457,0.0,0.036679722368717194,0.0,0.0784706175327301
7,32,0.7972193956375122,0.10894174128770828,0.0,0.04232943430542946,0.0,0.07932259142398834
7,33,0.33085769414901733,0.04621836915612221,0.0,0.04269822686910629,0.0,0.07749686390161514
7,34,0.7883577346801758,0.08828004449605942,0.0,0.06281709671020508,0.0,0.07787923514842987
7,35,0.866488516330719,0.08657083660364151,0.0,0.0451025553047657,0.0,0.07765553146600723
7,36,0.8126797676086426,0.06418487429618835,0.0,0.05827242136001587,0.0,0.07711652666330338
7,37,0.5519463419914246,0.11997468769550323,0.0,0.0391463078558445,0.0,0.0790545716881752
7,38,0.6074575185775757,0.05095498263835907,0.0,0.06261363625526428,0.0,0.07724593579769135
7,39,0.5502235293388367,0.05385860428214073,0.0,0.05386984348297119,0.0,0.07736464589834213
7,40,0.45399099588394165,0.08837077021598816,0.0,0.03659380227327347,0.0,0.078181192278862
7,41,0.4872114956378937,0.07468310743570328,0.0,0.03462188318371773,0.0,0.07783988863229752
7,42,0.6797683238983154,0.06733516603708267,0.0,0.05029389634728432,0.0,0.07680540531873703
7,43,0.36938485503196716,0.0920499637722969,0.0,0.03444519639015198,0.0,0.07801662385463715
7,44,0.350714772939682,0.0842776671051979,0.0,0.032360970973968506,0.0,0.07737313210964203
7,45,1.065484642982483,0.09338147938251495,0.0,0.051853910088539124,0.0,0.0767471194267273
7,46,0.44033077359199524,0.08913981169462204,0.0,0.034039124846458435,0.0,0.07789263874292374
7,47,0.6273218989372253,0.075697161257267,0.0,0.048873722553253174,0.0,0.07708149403333664
7,48,0.43451449275016785,0.060152675956487656,0.0,0.03788859769701958,0.0,0.07672074437141418
7,49,0.8991165161132812,0.05657382681965828,0.0,0.05977901816368103,0.0,0.07551507651805878
7,50,0.47385403513908386,0.09041756391525269,0.0,0.03503851965069771,0.0,0.07726353406906128
7,51,0.41830775141716003,0.05232533812522888,0.0,0.04507596045732498,0.0,0.07557512819766998
7,52,0.6813836693763733,0.07540741562843323,0.0,0.048147715628147125,0.0,0.07671137899160385
7,53,0.2697937786579132,0.05699531361460686,0.0,0.02976144105195999,0.0,0.07624103128910065
7,54,0.19615991413593292,0.06228707358241081,0.0,0.027870820835232735,0.0,0.07607883960008621
7,55,0.4637366831302643,0.09186575561761856,0.0,0.03127600625157356,0.0,0.07680922746658325
7,56,0.5250270962715149,0.1026642695069313,0.0,0.03258610516786575,0.0,0.07716678828001022
7,57,0.20897050201892853,0.07357161492109299,0.0,0.028979063034057617,0.0,0.076392762362957
7,58,0.40233269333839417,0.0876404345035553,0.0,0.03435906767845154,0.0,0.07670659571886063
7,59,0.2853565812110901,0.06865803152322769,0.0,0.030689941719174385,0.0,0.07604203373193741
7,60,0.6552080512046814,0.0680461972951889,0.0,0.0444147065281868,0.0,0.07521682977676392
7,61,0.40343761444091797,0.05761004611849785,0.0,0.03495612367987633,0.0,0.07509981840848923
7,62,0.5276907086372375,0.06181774288415909,0.0,0.04117601364850998,0.0,0.07465032488107681
7,63,0.4718150496482849,0.07283706218004227,0.0,0.042206060141325,0.0,0.07551945745944977
7,64,0.3343682885169983,0.05310643091797829,0.0,0.03672478348016739,0.0,0.07466182112693787
7,65,0.6865947842597961,0.10332805663347244,0.0,0.03861604630947113,0.0,0.07634004950523376
7,66,0.5361208319664001,0.08952544629573822,0.0,0.03480362147092819,0.0,0.07604410499334335
7,67,0.2629889249801636,0.06750733405351639,0.0,0.028894420713186264,0.0,0.0756491869688034
7,68,0.3958234488964081,0.0704091265797615,0.0,0.031371984630823135,0.0,0.07554910331964493
7,69,0.32389286160469055,0.0716341957449913,0.0,0.028878720477223396,0.0,0.07512237131595612
7,70,0.34679460525512695,0.061367690563201904,0.0,0.03348210081458092,0.0,0.07486408203840256
7,71,1.399719476699829,0.07219064235687256,0.0,0.08281595259904861,0.0,0.0748860239982605
7,72,0.2832928001880646,0.11087186634540558,0.0,0.045657671988010406,0.0,0.07590548694133759
7,73,0.7568486928939819,0.06685801595449448,0.0,0.048477645963430405,0.0,0.07448678463697433
7,74,0.6156739592552185,0.05463221296668053,0.0,0.05582712963223457,0.0,0.0732368603348732
7,75,0.37251725792884827,0.04473540931940079,0.0,0.050482653081417084,0.0,0.07346625626087189
7,76,0.4470318555831909,0.07010526210069656,0.0,0.04333681985735893,0.0,0.0747290775179863
7,77,0.676871657371521,0.08630131185054779,0.0,0.043335579335689545,0.0,0.07460973411798477
7,78,0.7639858722686768,0.05844847485423088,0.0,0.05296659097075462,0.0,0.0742344781756401
7,79,1.0469011068344116,0.12345801293849945,0.0,0.05273960530757904,0.0,0.07565326988697052
7,80,0.5115205645561218,0.09453581273555756,0.0,0.03850691393017769,0.0,0.07505807280540466
7,81,0.48848918080329895,0.0771205723285675,0.0,0.06142614036798477,0.0,0.07435276359319687
7,82,0.9227564334869385,0.0632028728723526,0.0,0.07531312108039856,0.0,0.07234843075275421
7,83,0.42263925075531006,0.05326599255204201,0.0,0.039569251239299774,0.0,0.07311950623989105
7,84,0.3688308000564575,0.05884333327412605,0.0,0.04728164151310921,0.0,0.07295029610395432
7,85,0.37538981437683105,0.05515402555465698,0.0,0.056605204939842224,0.0,0.07345648109912872
7,86,0.4002554416656494,0.08439075946807861,0.0,0.04551367461681366,0.0,0.07415813207626343
7,87,0.7096983790397644,0.04064663127064705,0.0,0.07361872494220734,0.0,0.0723932757973671
7,88,0.3234977722167969,0.07265979796648026,0.0,0.028471630066633224,0.0,0.07370712608098984
7,89,0.5385156869888306,0.08710535615682602,0.0,0.036908384412527084,0.0,0.07389526814222336
7,90,0.23766349256038666,0.04501267895102501,0.0,0.030615394935011864,0.0,0.07265575230121613
7,91,0.5221103429794312,0.06259025633335114,0.0,0.04840610921382904,0.0,0.07328381389379501
7,92,0.2873108983039856,0.0381108820438385,0.0,0.032339587807655334,0.0,0.0723453089594841
7,93,0.2187359780073166,0.05506785213947296,0.0,0.03892359882593155,0.0,0.072685107588768
7,94,0.15546025335788727,0.04832932725548744,0.0,0.026357941329479218,0.0,0.07260835915803909
7,95,0.2643713653087616,0.05123080313205719,0.0,0.029862578958272934,0.0,0.07265605032444
7,96,1.0478107929229736,0.09825727343559265,0.0,0.05216202884912491,0.0,0.07364798337221146
7,97,0.47302448749542236,0.05279926583170891,0.0,0.03812061622738838,0.0,0.07201411575078964
7,98,1.0175658464431763,0.05739661306142807,0.0,0.060407523065805435,0.0,0.0717819333076477
7,99,0.49489825963974,0.05038813129067421,0.0,0.04380363970994949,0.0,0.07091373950242996
7,100,0.2825882136821747,0.05093374103307724,0.0,0.031310755759477615,0.0,0.07195720076560974
7,101,0.6661520004272461,0.06774598360061646,0.0,0.0483621247112751,0.0,0.07249973714351654
7,102,1.068642020225525,0.08092841506004333,0.0,0.05481964722275734,0.0,0.07295408099889755
7,103,1.2267721891403198,0.09971700608730316,0.0,0.0494622103869915,0.0,0.07286505401134491
7,104,0.8166621923446655,0.04976865276694298,0.0,0.06549461930990219,0.0,0.06974169611930847
7,105,0.6176047325134277,0.11351101845502853,0.0,0.032516129314899445,0.0,0.07305577397346497
7,106,0.5073948502540588,0.048680469393730164,0.0,0.04289938509464264,0.0,0.07049279659986496
7,107,0.5197715759277344,0.0585138313472271,0.0,0.03673240542411804,0.0,0.0705661028623581
7,108,0.850369930267334,0.05282308906316757,0.0,0.06224343553185463,0.0,0.07040182501077652
7,109,0.4619031548500061,0.06221969053149223,0.0,0.03489439934492111,0.0,0.07185259461402893
7,110,0.5930700898170471,0.06444674730300903,0.0,0.0384625680744648,0.0,0.07143666595220566
7,111,0.346212774515152,0.06090313196182251,0.0,0.03044769912958145,0.0,0.07173075526952744
7,112,0.37196996808052063,0.05451749265193939,0.0,0.03603106364607811,0.0,0.07109125703573227
7,113,0.1678013950586319,0.04392631724476814,0.0,0.026799580082297325,0.0,0.07075225561857224
7,114,1.0095278024673462,0.09336721152067184,0.0,0.05001640319824219,0.0,0.07176844775676727
7,115,0.6315492987632751,0.0763261690735817,0.0,0.037096478044986725,0.0,0.07161402702331543
7,116,0.5222940444946289,0.048479195684194565,0.0,0.04491076245903969,0.0,0.07060401886701584
7,117,0.460418164730072,0.049363963305950165,0.0,0.04409836232662201,0.0,0.07041807472705841
7,118,0.4960181713104248,0.09687266498804092,0.0,0.03684109076857567,0.0,0.071766197681427
7,119,0.5117215514183044,0.07146006077528,0.0,0.03207853436470032,0.0,0.07004222273826599
7,120,0.2512178122997284,0.041108082979917526,0.0,0.036610543727874756,0.0,0.06962704658508301
7,121,0.39345696568489075,0.05142004415392876,0.0,0.03967230021953583,0.0,0.0703660100698471
7,122,0.3097488284111023,0.047751229256391525,0.0,0.03885127231478691,0.0,0.07011781632900238
7,123,0.401259183883667,0.07463545352220535,0.0,0.027999959886074066,0.0,0.07065761834383011
7,124,0.4700542688369751,0.06837240606546402,0.0,0.03013683296740055,0.0,0.07060527056455612
7,125,0.21822278201580048,0.05073210224509239,0.0,0.026442211121320724,0.0,0.06996256858110428
7,126,0.5177769064903259,0.05239056423306465,0.0,0.04075685143470764,0.0,0.06904513388872147
7,127,0.2300567477941513,0.04878333583474159,0.0,0.028135772794485092,0.0,0.06965134292840958
7,128,0.3146951198577881,0.057187359780073166,0.0,0.02879689447581768,0.0,0.07016565650701523
7,129,0.3896274268627167,0.05440499633550644,0.0,0.033275630325078964,0.0,0.06972092390060425
7,130,0.2622782289981842,0.06333301961421967,0.0,0.027496224269270897,0.0,0.06989429891109467
7,131,0.3597588837146759,0.06353437155485153,0.0,0.03177351877093315,0.0,0.06987857073545456
7,132,0.46222177147865295,0.056750379502773285,0.0,0.0358232818543911,0.0,0.06972382217645645
7,133,0.4383651316165924,0.05464313179254532,0.0,0.03755833953619003,0.0,0.06854367256164551
7,134,1.519681453704834,0.054232049733400345,0.0,0.09627549350261688,0.0,0.0681321993470192
7,135,0.2905523478984833,0.05349047854542732,0.0,0.03506962209939957,0.0,0.06961967051029205
7,136,0.3969322144985199,0.04273485764861107,0.0,0.041590478271245956,0.0,0.068837009370327
7,137,0.39741313457489014,0.0653558000922203,0.0,0.031904615461826324,0.0,0.06935970485210419
7,138,0.3823249936103821,0.06857912987470627,0.0,0.030397139489650726,0.0,0.06925661861896515
7,139,1.7144283056259155,0.08795116096735,0.0,0.08020127564668655,0.0,0.07008197903633118
7,140,0.3383047580718994,0.047363799065351486,0.0,0.03210650011897087,0.0,0.06849600374698639
8,0,0.5097818970680237,0.049329325556755066,0.0,0.04528288543224335,0.0,0.06812259554862976
8,1,0.3338371217250824,0.054445769637823105,0.0,0.03591397404670715,0.0,0.06863611936569214
8,2,0.5065079927444458,0.05416209250688553,0.0,0.0408453643321991,0.0,0.0679820328950882
8,3,0.45611676573753357,0.04894477128982544,0.0,0.03632614389061928,0.0,0.06824145466089249
8,4,0.43828561902046204,0.04647233337163925,0.0,0.0358608104288578,0.0,0.06839402765035629
8,5,0.3591308295726776,0.04130760580301285,0.0,0.0356273278594017,0.0,0.06787308305501938
8,6,0.9608925580978394,0.10035321116447449,0.0,0.05124371498823166,0.0,0.06955556571483612
8,7,0.4980059266090393,0.08025787770748138,0.0,0.03460141643881798,0.0,0.06911233812570572
8,8,0.392804890871048,0.0546548031270504,0.0,0.03327257186174393,0.0,0.06862828135490417
8,9,0.23114877939224243,0.03592434152960777,0.0,0.030391156673431396,0.0,0.0676560252904892
8,10,0.29899224638938904,0.054354168474674225,0.0,0.04084683954715729,0.0,0.06778372824192047
8,11,0.20652087032794952,0.06477652490139008,0.0,0.03309173882007599,0.0,0.06844250857830048
8,12,0.5186930298805237,0.048535071313381195,0.0,0.03717101737856865,0.0,0.06747342646121979
8,13,0.28577062487602234,0.053303610533475876,0.0,0.036268558353185654,0.0,0.06751491874456406
8,14,0.7867116928100586,0.047921955585479736,0.0,0.08019246906042099,0.0,0.06495000422000885
8,15,0.28355273604393005,0.05296890065073967,0.0,0.02663159742951393,0.0,0.06755013018846512
8,16,0.19260500371456146,0.041555266827344894,0.0,0.02749338001012802,0.0,0.0673203319311142
8,17,0.37797048687934875,0.0544583760201931,0.0,0.033324770629405975,0.0,0.06718281656503677
8,18,0.5570006966590881,0.07537978887557983,0.0,0.03410360962152481,0.0,0.06767532229423523
8,19,0.8511689901351929,0.055144332349300385,0.0,0.04147261753678322,0.0,0.06762655079364777
8,20,0.9623605012893677,0.09765816479921341,0.0,0.04783926159143448,0.0,0.06851111352443695
8,21,0.9984199404716492,0.042002495378255844,0.0,0.07372391223907471,0.0,0.06584084033966064
8,22,0.24265757203102112,0.0603821836411953,0.0,0.02715081162750721,0.0,0.06742041558027267
8,23,0.471400648355484,0.05526816099882126,0.0,0.03523370996117592,0.0,0.06718327850103378
8,24,0.316499263048172,0.05213643237948418,0.0,0.03560589998960495,0.0,0.06681191176176071
8,25,0.4245215654373169,0.08072496205568314,0.0,0.04017477110028267,0.0,0.06740085035562515
8,26,0.7881402969360352,0.06389113515615463,0.0,0.04496413841843605,0.0,0.06624248623847961
8,27,0.9118094444274902,0.04894464835524559,0.0,0.07329767197370529,0.0,0.06457040458917618
8,28,0.552193284034729,0.05951438844203949,0.0,0.051865074783563614,0.0,0.06660401076078415
8,29,0.4908474087715149,0.09621908515691757,0.0,0.03277432918548584,0.0,0.06774292141199112
8,30,0.1918133795261383,0.04661117121577263,0.0,0.02490292303264141,0.0,0.06654607504606247
8,31,0.36036521196365356,0.05052062124013901,0.0,0.031123781576752663,0.0,0.06657902151346207
8,32,0.29222071170806885,0.04548930749297142,0.0,0.030616430565714836,0.0,0.0663190484046936
8,33,0.5701688528060913,0.0628584772348404,0.0,0.04402700439095497,0.0,0.0667683407664299
8,34,0.19250378012657166,0.04880726709961891,0.0,0.027666257694363594,0.0,0.06636300683021545
8,35,0.844046413898468,0.06152917444705963,0.0,0.0615776926279068,0.0,0.06617182493209839
8,36,0.5696931481361389,0.08355847001075745,0.0,0.04678129404783249,0.0,0.06703376024961472
8,37,0.2227053940296173,0.06804119050502777,0.0,0.035043470561504364,0.0,0.06638256460428238
8,38,0.7182485461235046,0.05879969149827957,0.0,0.06096190959215164,0.0,0.06503935158252716
8,39,0.7171540260314941,0.06280624866485596,0.0,0.054318636655807495,0.0,0.06516452133655548
8,40,0.3894346058368683,0.06296893209218979,0.0,0.044974569231271744,0.0,0.06571570038795471
8,41,0.48906880617141724,0.04686551168560982,0.0,0.04112619161605835,0.0,0.0649673193693161
8,42,0.2949102818965912,0.051607318222522736,0.0,0.029489343985915184,0.0,0.06540864706039429
8,43,0.27584409713745117,0.04728056862950325,0.0,0.030116679146885872,0.0,0.06535132229328156
8,44,0.3590911626815796,0.053960174322128296,0.0,0.030497334897518158,0.0,0.06567659974098206
8,45,0.27921614050865173,0.03737299144268036,0.0,0.03253181651234627,0.0,0.06483932584524155
8,46,0.5331079363822937,0.04551169276237488,0.0,0.04579147696495056,0.0,0.06525323539972305
8,47,1.0557115077972412,0.11124911159276962,0.0,0.055179208517074585,0.0,0.06680126488208771
8,48,0.11162903159856796,0.03209490701556206,0.0,0.023588398471474648,0.0,0.06496864557266235
8,49,0.5641236901283264,0.03275104612112045,0.0,0.052066620439291,0.0,0.06388673931360245
8,50,0.20236463844776154,0.04146844148635864,0.0,0.03129374608397484,0.0,0.0649891048669815
8,51,0.44921818375587463,0.04902583733201027,0.0,0.032985489815473557,0.0,0.06515727192163467
8,52,0.5805931091308594,0.055024318397045135,0.0,0.03977813944220543,0.0,0.06499135494232178
8,53,0.7121404409408569,0.06101499870419502,0.0,0.03869932144880295,0.0,0.06535328924655914
8,54,0.42762503027915955,0.03760303556919098,0.0,0.04845573380589485,0.0,0.0634656772017479
8,55,0.35816121101379395,0.04260760545730591,0.0,0.036635369062423706,0.0,0.06420880556106567
8,56,0.35463568568229675,0.0553288534283638,0.0,0.03766755014657974,0.0,0.06471777707338333
8,57,0.1952279806137085,0.030547287315130234,0.0,0.03868532180786133,0.0,0.06396199762821198
8,58,0.4032701253890991,0.04582567885518074,0.0,0.03502599895000458,0.0,0.06431006640195847
8,59,0.43091410398483276,0.07246873527765274,0.0,0.03128402307629585,0.0,0.06503868848085403
8,60,0.3678697347640991,0.0483207032084465,0.0,0.030888356268405914,0.0,0.06429289281368256
8,61,0.7771394848823547,0.0857754573225975,0.0,0.02892664633691311,0.0,0.0649670958518982
8,62,0.4665181040763855,0.0589580275118351,0.0,0.03288380056619644,0.0,0.06448180228471756
8,63,0.47418662905693054,0.04961949959397316,0.0,0.03639936447143555,0.0,0.06338118016719818
8,64,0.27910980582237244,0.04749048873782158,0.0,0.027370823547244072,0.0,0.06426076591014862
8,65,0.4941987097263336,0.040318407118320465,0.0,0.0419284850358963,0.0,0.06324204802513123
8,66,0.2966805696487427,0.03786950185894966,0.0,0.031893398612737656,0.0,0.06347764283418655
8,67,0.29391971230506897,0.04533467814326286,0.0,0.026262668892741203,0.0,0.06359988451004028
8,68,0.39469456672668457,0.058294810354709625,0.0,0.03086855635046959,0.0,0.06310226023197174
8,69,0.3984186053276062,0.039562616497278214,0.0,0.03382785618305206,0.0,0.06333514302968979
8,70,0.5463293194770813,0.07961896806955338,0.0,0.03352434188127518,0.0,0.06456294655799866
8,71,0.2690489590167999,0.03785661235451698,0.0,0.030289527028799057,0.0,0.06299570202827454
8,72,0.3057646155357361,0.03546002507209778,0.0,0.03440253064036369,0.0,0.06238421052694321
8,73,0.49464258551597595,0.05184595286846161,0.0,0.034414295107126236,0.0,0.06325171142816544
8,74,0.4255416691303253,0.0496840663254261,0.0,0.03138764575123787,0.0,0.06337524205446243
8,75,0.3524291217327118,0.04401390999555588,0.0,0.0298942681401968,0.0,0.06344367563724518
8,76,0.31557199358940125,0.05186831206083298,0.0,0.026072155684232712,0.0,0.06329254806041718
8,77,0.6103494763374329,0.04472531005740166,0.0,0.0405719019472599,0.0,0.06308725476264954
8,78,0.3567122519016266,0.04418211057782173,0.0,0.032235804945230484,0.0,0.06241755187511444
8,79,0.5141246914863586,0.03060159645974636,0.0,0.055434711277484894,0.0,0.0611259825527668
8,80,0.2596738040447235,0.0477546826004982,0.0,0.0270286463201046,0.0,0.06295318156480789
8,81,0.40733426809310913,0.04737946018576622,0.0,0.030699528753757477,0.0,0.0623747780919075
8,82,0.3710261583328247,0.05694708600640297,0.0,0.027635760605335236,0.0,0.06280267983675003
8,83,0.5025395154953003,0.05457746610045433,0.0,0.032896820455789566,0.0,0.06247313320636749
8,84,0.3431990444660187,0.031604599207639694,0.0,0.03876957297325134,0.0,0.06164444237947464
8,85,0.2935759127140045,0.040087077766656876,0.0,0.02689960040152073,0.0,0.06262562423944473
8,86,0.42693132162094116,0.03478053957223892,0.0,0.03939324989914894,0.0,0.06224323809146881
8,87,0.3768523931503296,0.05403020605444908,0.0,0.0292873065918684,0.0,0.06268713623285294
8,88,0.3360615670681,0.04405751824378967,0.0,0.027939198538661003,0.0,0.06242278590798378
8,89,0.35386818647384644,0.03240936994552612,0.0,0.0350872203707695,0.0,0.061403676867485046
8,90,1.276025414466858,0.033802445977926254,0.0,0.10305959731340408,0.0,0.061273906379938126
8,91,0.415445476770401,0.049027834087610245,0.0,0.029066091403365135,0.0,0.06253392994403839
8,92,0.3329748213291168,0.04236854240298271,0.0,0.02910919487476349,0.0,0.062226492911577225
8,93,0.44119563698768616,0.03449550271034241,0.0,0.03928891941905022,0.0,0.060629528015851974
8,94,0.20746871829032898,0.03694931045174599,0.0,0.02430780977010727,0.0,0.061974916607141495
8,95,2.954697847366333,0.05913728475570679,0.0,0.17503543198108673,0.0,0.0625244528055191
8,96,0.23225319385528564,0.03746700659394264,0.0,0.02345595695078373,0.0,0.06190501153469086
8,97,0.7063520550727844,0.04142594337463379,0.0,0.04583629593253136,0.0,0.061534371227025986
8,98,0.5999670028686523,0.05717944726347923,0.0,0.053450170904397964,0.0,0.06149224936962128
8,99,0.5098544359207153,0.04268098250031471,0.0,0.035054128617048264,0.0,0.06152382865548134
8,100,0.8695992827415466,0.06352411210536957,0.0,0.043665528297424316,0.0,0.061586763709783554
8,101,0.8157567977905273,0.04615623503923416,0.0,0.050837766379117966,0.0,0.060595110058784485
8,102,1.1723498106002808,0.04254481568932533,0.0,0.06727409362792969,0.0,0.0596572682261467
8,103,0.37207165360450745,0.057378679513931274,0.0,0.031168334186077118,0.0,0.06196562573313713
8,104,0.4688020348548889,0.04994316026568413,0.0,0.03935084491968155,0.0,0.06122627109289169
8,105,0.5266504883766174,0.027479570358991623,0.0,0.06025799363851547,0.0,0.060256022959947586
8,106,0.24067005515098572,0.03592761605978012,0.0,0.029204919934272766,0.0,0.06089901924133301
8,107,0.46671849489212036,0.05481051281094551,0.0,0.031422678381204605,0.0,0.06125003099441528
8,108,0.2587110698223114,0.030182458460330963,0.0,0.027649570256471634,0.0,0.06060664355754852
8,109,1.0152462720870972,0.08929257839918137,0.0,0.04661547392606735,0.0,0.06207091361284256
8,110,0.7702431082725525,0.07832379639148712,0.0,0.03879654034972191,0.0,0.06164850294589996
8,111,0.3361565172672272,0.0593743771314621,0.0,0.053655367344617844,0.0,0.060788895934820175
8,112,0.6556668877601624,0.06047512963414192,0.0,0.07124033570289612,0.0,0.05985245481133461
8,113,0.984319269657135,0.06788569688796997,0.0,0.07061893492937088,0.0,0.058600470423698425
8,114,0.4935697615146637,0.04391386732459068,0.0,0.05312349647283554,0.0,0.06038855016231537
8,115,0.555694580078125,0.04656768962740898,0.0,0.0688038021326065,0.0,0.05954030528664589
8,116,0.2685214877128601,0.04182414337992668,0.0,0.04213626682758331,0.0,0.06022700294852257
8,117,0.41464903950691223,0.0384625680744648,0.0,0.03771984949707985,0.0,0.06018061190843582
8,118,0.5204302668571472,0.05570399388670921,0.0,0.034479524940252304,0.0,0.060598187148571014
8,119,0.5254135131835938,0.059264715760946274,0.0,0.03563232347369194,0.0,0.060746051371097565
8,120,0.667299747467041,0.0527014434337616,0.0,0.04997994750738144,0.0,0.060397278517484665
8,121,0.3281204104423523,0.027930796146392822,0.0,0.04284167289733887,0.0,0.05950810760259628
8,122,0.6819122433662415,0.05868974328041077,0.0,0.06705949455499649,0.0,0.06074712797999382
8,123,0.32645469903945923,0.04896580055356026,0.0,0.04506285488605499,0.0,0.05977474898099899
8,124,0.3431747555732727,0.039290901273489,0.0,0.04397885128855705,0.0,0.059886813163757324
8,125,0.33257824182510376,0.04007112234830856,0.0,0.041227106004953384,0.0,0.05999394506216049
8,126,0.8290108442306519,0.04751862958073616,0.0,0.09414305537939072,0.0,0.05785517767071724
8,127,0.7875410318374634,0.05119163915514946,0.0,0.06897848844528198,0.0,0.05968077480792999
8,128,0.43808409571647644,0.03839927166700363,0.0,0.05169057101011276,0.0,0.058319494128227234
8,129,0.1960401087999344,0.03825237229466438,0.0,0.03552395850419998,0.0,0.05973726511001587
8,130,0.40601253509521484,0.04644773155450821,0.0,0.04174039140343666,0.0,0.059746768325567245
8,131,0.3918938636779785,0.05269108712673187,0.0,0.034702129662036896,0.0,0.059877265244722366
8,132,0.4095173478126526,0.04617837443947792,0.0,0.03879565745592117,0.0,0.059587981551885605
8,133,0.4533229470252991,0.05466633290052414,0.0,0.041610799729824066,0.0,0.05986838787794113
8,134,0.3181018531322479,0.05121617764234543,0.0,0.04269230365753174,0.0,0.05995405465364456
8,135,0.29700276255607605,0.037226028740406036,0.0,0.0415220782160759,0.0,0.059174805879592896
8,136,0.4907950758934021,0.053819697350263596,0.0,0.05219120532274246,0.0,0.05969127640128136
8,137,0.4662495255470276,0.048008255660533905,0.0,0.04856187477707863,0.0,0.05908595398068428
8,138,1.026012897491455,0.06089581921696663,0.0,0.09388599544763565,0.0,0.05599314719438553
8,139,0.21456709504127502,0.037536125630140305,0.0,0.037847887724637985,0.0,0.05905238166451454
8,140,0.4667096734046936,0.058648061007261276,0.0,0.04784085229039192,0.0,0.05904751643538475
9,0,0.34710395336151123,0.03321045637130737,0.0,0.04536748304963112,0.0,0.05886199697852135
9,1,0.5104494094848633,0.06575948745012283,0.0,0.048354316502809525,0.0,0.059771470725536346
9,2,0.4761330485343933,0.05275850370526314,0.0,0.04013547673821449,0.0,0.05887223035097122
9,3,0.25049325823783875,0.03412361070513725,0.0,0.025355985388159752,0.0,0.0584881491959095
9,4,0.5342926383018494,0.04276205971837044,0.0,0.03387027606368065,0.0,0.05888094753026962
9,5,0.2987670600414276,0.031473442912101746,0.0,0.03506911173462868,0.0,0.05785360187292099
9,6,0.29644355177879333,0.03414798527956009,0.0,0.03982902690768242,0.0,0.05824125558137894
9,7,0.2042335718870163,0.022317344322800636,0.0,0.033370018005371094,0.0,0.05773863196372986
9,8,0.2699536085128784,0.03479510173201561,0.0,0.03161248937249184,0.0,0.05841672793030739
9,9,0.42043885588645935,0.03763793408870697,0.0,0.035436272621154785,0.0,0.05835739150643349
9,10,0.35373178124427795,0.0255961362272501,0.0,0.03815155476331711,0.0,0.05747265741229057
9,11,0.20845922827720642,0.03317389264702797,0.0,0.027982328087091446,0.0,0.05791746452450752
9,12,0.8196202516555786,0.06438494473695755,0.0,0.04826094210147858,0.0,0.05899027734994888
9,13,0.38275381922721863,0.02489999681711197,0.0,0.03981148824095726,0.0,0.05654674768447876
9,14,0.6053643822669983,0.05241955444216728,0.0,0.03697090968489647,0.0,0.05812495946884155
9,15,0.3248538374900818,0.030189571902155876,0.0,0.031038770452141762,0.0,0.05731052905321121
9,16,0.26070931553840637,0.03715109825134277,0.0,0.024031350389122963,0.0,0.05814770236611366
9,17,0.39163753390312195,0.04347984492778778,0.0,0.026657771319150925,0.0,0.05820200592279434
9,18,0.20437271893024445,0.041870567947626114,0.0,0.021660922095179558,0.0,0.057720884680747986
9,19,0.17214785516262054,0.031548622995615005,0.0,0.022921424359083176,0.0,0.057591963559389114
9,20,0.20232652127742767,0.04274565726518631,0.0,0.02195560932159424,0.0,0.05764484778046608
9,21,0.28010666370391846,0.036187488585710526,0.0,0.025312373414635658,0.0,0.057585977017879486
9,22,0.7978019714355469,0.03734835237264633,0.0,0.050127722322940826,0.0,0.05695260688662529
9,23,0.3960703909397125,0.03749991953372955,0.0,0.03544623777270317,0.0,0.05646944418549538
9,24,0.36750075221061707,0.03609897568821907,0.0,0.031111886724829674,0.0,0.05718611553311348
9,25,0.2941800653934479,0.028537370264530182,0.0,0.0313393697142601,0.0,0.05670154094696045
9,26,0.18251881003379822,0.028407493606209755,0.0,0.023143066093325615,0.0,0.05738985538482666
9,27,0.6051641702651978,0.050255756825208664,0.0,0.042682696133852005,0.0,0.05782196298241615
9,28,0.7888495922088623,0.06148551404476166,0.0,0.043582212179899216,0.0,0.057864394038915634
9,29,0.25579965114593506,0.021066533401608467,0.0,0.03712112084031105,0.0,0.05598185956478119
9,30,0.3094806969165802,0.029295362532138824,0.0,0.03021845407783985,0.0,0.056246232241392136
9,31,0.3176300525665283,0.03683227673172951,0.0,0.02723989635705948,0.0,0.057102020829916
9,32,0.20442074537277222,0.025069663301110268,0.0,0.026444360613822937,0.0,0.05671475827693939
9,33,1.3202816247940063,0.11972228437662125,0.0,0.047140270471572876,0.0,0.05844946205615997
9,34,0.23587457835674286,0.023569073528051376,0.0,0.032101668417453766,0.0,0.05595811828970909
9,35,0.5698887705802917,0.0411791130900383,0.0,0.03902297839522362,0.0,0.05657593533396721
9,36,0.15205614268779755,0.03347770497202873,0.0,0.021368348971009254,0.0,0.056964799761772156
9,37,0.2866341471672058,0.03237937018275261,0.0,0.02721893973648548,0.0,0.056553617119789124
9,38,1.1880215406417847,0.05658707022666931,0.0,0.057599373161792755,0.0,0.05541962385177612
9,39,0.32314935326576233,0.03360636904835701,0.0,0.027554206550121307,0.0,0.05650155246257782
9,40,0.6062549948692322,0.02704649232327938,0.0,0.05255500599741936,0.0,0.05438023433089256
9,41,0.4472384452819824,0.0292747113853693,0.0,0.037126582115888596,0.0,0.05617300793528557
9,42,1.127883791923523,0.07173901051282883,0.0,0.06056753918528557,0.0,0.05739211291074753
9,43,0.26763617992401123,0.03200632333755493,0.0,0.027909284457564354,0.0,0.05585601180791855
9,44,0.45601344108581543,0.026381315663456917,0.0,0.04679596796631813,0.0,0.055231984704732895
9,45,0.7341550588607788,0.05850561708211899,0.0,0.040786564350128174,0.0,0.05629100650548935
9,46,0.3078647255897522,0.02327631413936615,0.0,0.034797072410583496,0.0,0.05444743111729622
9,47,1.1439353227615356,0.03283724561333656,0.0,0.06830694526433945,0.0,0.05563350021839142
9,48,0.3530680239200592,0.035877663642168045,0.0,0.030130982398986816,0.0,0.0559939444065094
9,49,0.48733627796173096,0.040735434740781784,0.0,0.03685738891363144,0.0,0.056308165192604065
9,50,0.41909778118133545,0.046705469489097595,0.0,0.0269472673535347,0.0,0.05657505616545677
9,51,0.16518698632717133,0.03368300572037697,0.0,0.022221336141228676,0.0,0.05566323548555374
9,52,0.5087975263595581,0.04128386452794075,0.0,0.03558989241719246,0.0,0.056149858981370926
9,53,0.28294649720191956,0.028280135244131088,0.0,0.028444413095712662,0.0,0.05552229657769203
9,54,0.32764700055122375,0.0404106043279171,0.0,0.02856876514852047,0.0,0.056090131402015686
9,55,1.316415548324585,0.038758911192417145,0.0,0.07408231496810913,0.0,0.055269915610551834
9,56,0.5297291278839111,0.034118786454200745,0.0,0.04454173520207405,0.0,0.05452224612236023
9,57,0.3912310302257538,0.029508808627724648,0.0,0.03815435245633125,0.0,0.05458848923444748
9,58,0.12208499014377594,0.023090867325663567,0.0,0.02316114865243435,0.0,0.05539426580071449
9,59,0.6706390976905823,0.06677988171577454,0.0,0.03871486708521843,0.0,0.05615325644612312
9,60,0.28978392481803894,0.04361503943800926,0.0,0.022892028093338013,0.0,0.05597038194537163
9,61,0.19892126321792603,0.031144998967647552,0.0,0.022325217723846436,0.0,0.055448923259973526
9,62,0.38861897587776184,0.028151484206318855,0.0,0.03499017655849457,0.0,0.05498828366398811
9,63,0.7106624245643616,0.03712721914052963,0.0,0.04096660390496254,0.0,0.0552348829805851
9,64,0.8957163095474243,0.06443488597869873,0.0,0.04941406846046448,0.0,0.055929187685251236
9,65,0.4949767291545868,0.050686340779066086,0.0,0.03328743949532509,0.0,0.05565892904996872
9,66,0.2626200020313263,0.02926006354391575,0.0,0.03346509486436844,0.0,0.054906658828258514
9,67,0.35019177198410034,0.03938594460487366,0.0,0.043910373002290726,0.0,0.054866280406713486
9,68,0.8518439531326294,0.058843228965997696,0.0,0.059253253042697906,0.0,0.05329367145895958
9,69,0.7334315776824951,0.08384110033512115,0.0,0.03300247713923454,0.0,0.05587901547551155
9,70,0.6021375060081482,0.04454048350453377,0.0,0.056589525192976,0.0,0.05365259572863579
9,71,0.5657367706298828,0.03540795296430588,0.0,0.07677780836820602,0.0,0.05301448330283165
9,72,0.47089219093322754,0.03206300362944603,0.0,0.04122204706072807,0.0,0.05430259928107262
9,73,0.3690756559371948,0.04097270965576172,0.0,0.03214843198657036,0.0,0.05514553561806679
9,74,0.6938983798027039,0.05368722975254059,0.0,0.043615877628326416,0.0,0.055145263671875
9,75,1.1872553825378418,0.05323784798383713,0.0,0.06326811015605927,0.0,0.055101875215768814
9,76,0.44934821128845215,0.023527374491095543,0.0,0.04391090199351311,0.0,0.05406778305768967
9,77,0.4490247964859009,0.04217458516359329,0.0,0.03007020801305771,0.0,0.054509248584508896
9,78,1.1447300910949707,0.07808637619018555,0.0,0.05943796783685684,0.0,0.05574806407094002
9,79,0.5864648818969727,0.038056883960962296,0.0,0.04867083951830864,0.0,0.0540817454457283
9,80,0.4582597613334656,0.03616943210363388,0.0,0.04936913773417473,0.0,0.05392250418663025
9,81,0.4684293568134308,0.039733562618494034,0.0,0.04408365860581398,0.0,0.05410895124077797
9,82,0.8273687958717346,0.04469619318842888,0.0,0.07862553000450134,0.0,0.05265558138489723
9,83,0.31746038794517517,0.036967940628528595,0.0,0.026536734774708748,0.0,0.054488714784383774
9,84,0.38182777166366577,0.02596048079431057,0.0,0.04363948851823807,0.0,0.05382787436246872
9,85,0.379607617855072,0.03279828652739525,0.0,0.041094325482845306,0.0,0.05385176092386246
9,86,0.6728382110595703,0.047357309609651566,0.0,0.041046611964702606,0.0,0.054399751126766205
9,87,0.4802778363227844,0.050262451171875,0.0,0.028003644198179245,0.0,0.054418228566646576
9,88,0.33669236302375793,0.0379059799015522,0.0,0.025524014607071877,0.0,0.054178010672330856
9,89,0.4070088863372803,0.041984256356954575,0.0,0.042676351964473724,0.0,0.05364685505628586
9,90,0.25767022371292114,0.030772248283028603,0.0,0.026635585352778435,0.0,0.05385882779955864
9,91,0.4558057487010956,0.03213294595479965,0.0,0.031024806201457977,0.0,0.05356413498520851
9,92,0.3553183376789093,0.03481309860944748,0.0,0.029138801619410515,0.0,0.05383523181080818
9,93,0.3472108244895935,0.0398351214826107,0.0,0.026345444843173027,0.0,0.05378946661949158
9,94,1.6316107511520386,0.07627065479755402,0.0,0.06584084033966064,0.0,0.05436473712325096
9,95,0.3408554792404175,0.036009080708026886,0.0,0.02586347609758377,0.0,0.05395384132862091
9,96,0.6167415976524353,0.041240330785512924,0.0,0.04687371850013733,0.0,0.052284955978393555
9,97,0.3842929005622864,0.03263265639543533,0.0,0.031011659651994705,0.0,0.053091246634721756
9,98,0.5342235565185547,0.03372715041041374,0.0,0.03595627844333649,0.0,0.05356287583708763
9,99,0.38226816058158875,0.03115028329193592,0.0,0.03426507115364075,0.0,0.052657030522823334
9,100,0.5360026359558105,0.04562612250447273,0.0,0.031400635838508606,0.0,0.053791344165802
9,101,0.7621374130249023,0.02991095930337906,0.0,0.05719481036067009,0.0,0.05287057161331177
9,102,0.6300175189971924,0.02723992057144642,0.0,0.04757528752088547,0.0,0.05293895676732063
9,103,0.5035601258277893,0.05336784943938255,0.0,0.03125729411840439,0.0,0.05383128300309181
9,104,0.37928062677383423,0.038243070244789124,0.0,0.028950829058885574,0.0,0.053763434290885925
9,105,0.30142083764076233,0.03623364865779877,0.0,0.025702161714434624,0.0,0.05330103263258934
9,106,0.682445228099823,0.04530050605535507,0.0,0.040169283747673035,0.0,0.0535062737762928
9,107,0.46319693326950073,0.030234456062316895,0.0,0.04202783852815628,0.0,0.052818041294813156
9,108,0.45138800144195557,0.0297517292201519,0.0,0.03208453208208084,0.0,0.05207662284374237
9,109,0.42645785212516785,0.03202509507536888,0.0,0.036772046238183975,0.0,0.051808688789606094
9,110,0.6540669798851013,0.030506720766425133,0.0,0.04516758769750595,0.0,0.052131831645965576
9,111,0.43084681034088135,0.02956954389810562,0.0,0.03455875813961029,0.0,0.05246247723698616
9,112,0.37779876589775085,0.020481562241911888,0.0,0.04060421139001846,0.0,0.0520499087870121
9,113,0.6778123378753662,0.06834413856267929,0.0,0.037878669798374176,0.0,0.053793665021657944
9,114,0.29877370595932007,0.03653617575764656,0.0,0.02523091249167919,0.0,0.05256680026650429
9,115,0.35069364309310913,0.02963695302605629,0.0,0.02993333712220192,0.0,0.05242038890719414
9,116,0.3826483488082886,0.02568766102194786,0.0,0.029726527631282806,0.0,0.05245397612452507
9,117,0.6549334526062012,0.05617818608880043,0.0,0.03836560621857643,0.0,0.05320143699645996
9,118,0.18445686995983124,0.019863000139594078,0.0,0.02785058319568634,0.0,0.051944270730018616
9,119,0.4193415939807892,0.030502349138259888,0.0,0.038511812686920166,0.0,0.052015434950590134
9,120,0.9807651042938232,0.05028509348630905,0.0,0.04184381663799286,0.0,0.05252137407660484
9,121,0.3087511360645294,0.03157774731516838,0.0,0.0271755401045084,0.0,0.05172748491168022
9,122,0.27233269810676575,0.026608983054757118,0.0,0.03114476054906845,0.0,0.05161285400390625
9,123,0.32801342010498047,0.026047009974718094,0.0,0.030958810821175575,0.0,0.05199771001935005
9,124,0.14574885368347168,0.03160161152482033,0.0,0.025648850947618484,0.0,0.052307646721601486
9,125,0.4357036352157593,0.023075858131051064,0.0,0.04224831983447075,0.0,0.051298316568136215
9,126,0.2961176335811615,0.02159496769309044,0.0,0.03307116776704788,0.0,0.05151582509279251
9,127,0.5198309421539307,0.024479374289512634,0.0,0.04839213564991951,0.0,0.05138141289353371
9,128,0.2196534276008606,0.018375320360064507,0.0,0.03029770962893963,0.0,0.051218725740909576
9,129,0.49480828642845154,0.022292722016572952,0.0,0.04811929538846016,0.0,0.051109351217746735
9,130,0.788451611995697,0.05428933724761009,0.0,0.04996001347899437,0.0,0.05247657001018524
9,131,0.3885729908943176,0.03053242340683937,0.0,0.030858851969242096,0.0,0.051906999200582504
9,132,0.6245145797729492,0.03606954216957092,0.0,0.04025745391845703,0.0,0.05153262987732887
9,133,0.2751815617084503,0.02230972610414028,0.0,0.031013676896691322,0.0,0.05090367794036865
9,134,0.2804548144340515,0.024301057681441307,0.0,0.031377822160720825,0.0,0.05120634660124779
9,135,0.31042277812957764,0.023184118792414665,0.0,0.031234219670295715,0.0,0.05112406983971596
9,136,0.38369473814964294,0.05484059080481529,0.0,0.040996477007865906,0.0,0.05247337743639946
9,137,0.34971681237220764,0.03505367413163185,0.0,0.025036917999386787,0.0,0.05170329660177231
9,138,0.39146262407302856,0.031701989471912384,0.0,0.030097519978880882,0.0,0.051749780774116516
9,139,0.6798163056373596,0.0420786552131176,0.0,0.05268003046512604,0.0,0.05036614090204239
9,140,0.5230949521064758,0.05053824558854103,0.0,0.036249078810214996,0.0,0.052107103168964386
