U,a_gate,alpha,comp_id,condition,cos_to_prototype,crossing,dz,fold,reactivity,split,subject_id,z0,z1
0.0,1.0,0.25,34,prototype,-0.25795602798461914,0,-0.06159210205078125,0,0.06159210205078125,train,BraTS-GLI-01041-000,-22.234792709350586,-22.296384811401367
0.0,1.0,0.5,34,prototype,-0.25795602798461914,0,-0.12715911865234375,0,0.12715911865234375,train,BraTS-GLI-01041-000,-22.234792709350586,-22.36195182800293
0.0,1.0,1.0,34,prototype,-0.25795602798461914,0,-0.2707958221435547,0,0.2707958221435547,train,BraTS-GLI-01041-000,-22.234792709350586,-22.50558853149414
0.0,1.0,0.25,34,random,-0.25795602798461914,0,0.0057811737060546875,0,0.0057811737060546875,train,BraTS-GLI-01041-000,-22.234792709350586,-22.22901153564453
0.0,1.0,0.5,34,random,-0.25795602798461914,0,0.012083053588867188,0,0.012083053588867188,train,BraTS-GLI-01041-000,-22.234792709350586,-22.22270965576172
0.0,1.0,1.0,34,random,-0.25795602798461914,0,0.026203155517578125,0,0.026203155517578125,train,BraTS-GLI-01041-000,-22.234792709350586,-22.208589553833008
0.0,1.0,0.25,34,proposal,-0.25795602798461914,0,0.12689590454101562,0,0.12689590454101562,train,BraTS-GLI-01041-000,-22.234792709350586,-22.10789680480957
0.0,1.0,0.5,34,proposal,-0.25795602798461914,0,0.2412872314453125,0,0.2412872314453125,train,BraTS-GLI-01041-000,-22.234792709350586,-21.993505477905273
0.0,1.0,1.0,34,proposal,-0.25795602798461914,0,0.45859527587890625,0,0.45859527587890625,train,BraTS-GLI-01041-000,-22.234792709350586,-21.77619743347168
0.0,1.0,0.25,34,anti_proposal,-0.25795602798461914,0,-0.1667156219482422,0,0.1667156219482422,train,BraTS-GLI-01041-000,-22.234792709350586,-22.401508331298828
0.0,1.0,0.5,34,anti_proposal,-0.25795602798461914,0,-0.36643028259277344,0,0.36643028259277344,train,BraTS-GLI-01041-000,-22.234792709350586,-22.60122299194336
0.0,1.0,1.0,34,anti_proposal,-0.25795602798461914,0,-0.9012241363525391,0,0.9012241363525391,train,BraTS-GLI-01041-000,-22.234792709350586,-23.136016845703125
0.0006271600723266602,1.0,0.25,67,prototype,0.24558231234550476,0,0.1734485626220703,0,0.1734485626220703,train,BraTS-GLI-01041-000,-9.853143692016602,-9.679695129394531
0.0014775991439819336,1.0,0.5,67,prototype,0.24558231234550476,0,0.3546581268310547,0,0.3546581268310547,train,BraTS-GLI-01041-000,-9.853143692016602,-9.498485565185547
0.0041405558586120605,1.0,1.0,67,prototype,0.24558231234550476,0,0.7210350036621094,0,0.7210350036621094,train,BraTS-GLI-01041-000,-9.853143692016602,-9.132108688354492
6.884336471557617e-05,1.0,0.25,67,random,0.24558231234550476,0,0.03966331481933594,0,0.03966331481933594,train,BraTS-GLI-01041-000,-9.853143692016602,-9.813480377197266
0.00013762712478637695,1.0,0.5,67,random,0.24558231234550476,0,0.08152389526367188,0,0.08152389526367188,train,BraTS-GLI-01041-000,-9.853143692016602,-9.77161979675293
0.0003146529197692871,1.0,1.0,67,random,0.24558231234550476,0,0.1724863052368164,0,0.1724863052368164,train,BraTS-GLI-01041-000,-9.853143692016602,-9.680657386779785
0.0059165358543396,0.998584508895874,0.25,67,proposal,0.24558231234550476,0,0.8389043807983398,0,0.8389043807983398,train,BraTS-GLI-01041-000,-9.853143692016602,-9.014239311218262
0.03021901845932007,0.998584508895874,0.5,67,proposal,0.24558231234550476,0,1.7055082321166992,0,1.7055082321166992,train,BraTS-GLI-01041-000,-9.853143692016602,-8.147635459899902
0.23779267072677612,0.998584508895874,1.0,67,proposal,0.24558231234550476,0,3.5145487785339355,0,3.5145487785339355,train,BraTS-GLI-01041-000,-9.853143692016602,-6.338594913482666
-0.0014134049415588379,0.998584508895874,0.25,67,anti_proposal,0.24558231234550476,0,-0.7398624420166016,0,0.7398624420166016,train,BraTS-GLI-01041-000,-9.853143692016602,-10.593006134033203
-0.0017543435096740723,0.998584508895874,0.5,67,anti_proposal,0.24558231234550476,0,-1.3221454620361328,0,1.3221454620361328,train,BraTS-GLI-01041-000,-9.853143692016602,-11.175289154052734
-0.0018777251243591309,0.998584508895874,1.0,67,anti_proposal,0.24558231234550476,0,-1.9896888732910156,0,1.9896888732910156,train,BraTS-GLI-01041-000,-9.853143692016602,-11.842832565307617
0.001498579978942871,1.0,0.25,1,prototype,0.32214951515197754,0,0.5012121200561523,0,0.5012121200561523,train,BraTS-GLI-01041-000,-11.137078285217285,-10.635866165161133
0.004342257976531982,1.0,0.5,1,prototype,0.32214951515197754,0,1.0370655059814453,0,1.0370655059814453,train,BraTS-GLI-01041-000,-11.137078285217285,-10.10001277923584
0.01870107650756836,1.0,1.0,1,prototype,0.32214951515197754,0,2.1243667602539062,0,2.1243667602539062,train,BraTS-GLI-01041-000,-11.137078285217285,-9.012711524963379
0.000622093677520752,1.0,0.25,1,random,0.32214951515197754,0,0.2295694351196289,0,0.2295694351196289,train,BraTS-GLI-01041-000,-11.137078285217285,-10.907508850097656
0.0014348030090332031,1.0,0.5,1,random,0.32214951515197754,0,0.46224308013916016,0,0.46224308013916016,train,BraTS-GLI-01041-000,-11.137078285217285,-10.674835205078125
0.003956258296966553,1.0,1.0,1,random,0.32214951515197754,0,0.9397506713867188,0,0.9397506713867188,train,BraTS-GLI-01041-000,-11.137078285217285,-10.197327613830566
0.01519232988357544,0.9993877410888672,0.25,1,proposal,0.32214951515197754,0,1.8661994934082031,0,1.8661994934082031,train,BraTS-GLI-01041-000,-11.137078285217285,-9.270878791809082
0.11452090740203857,0.9993877410888672,0.5,1,proposal,0.32214951515197754,0,3.7690768241882324,0,3.7690768241882324,train,BraTS-GLI-01041-000,-11.137078285217285,-7.368001461029053
0.5345415771007538,0.9993877410888672,1.0,1,proposal,0.32214951515197754,0,7.209517240524292,0,7.209517240524292,train,BraTS-GLI-01041-000,-11.137078285217285,-3.927561044692993
-0.0017233490943908691,0.9993877410888672,0.25,1,anti_proposal,0.32214951515197754,0,-1.7297935485839844,0,1.7297935485839844,train,BraTS-GLI-01041-000,-11.137078285217285,-12.86687183380127
-0.0018799901008605957,0.9993877410888672,0.5,1,anti_proposal,0.32214951515197754,0,-3.3543806076049805,0,3.3543806076049805,train,BraTS-GLI-01041-000,-11.137078285217285,-14.491458892822266
-0.001900792121887207,0.9993877410888672,1.0,1,anti_proposal,0.32214951515197754,0,-5.759049415588379,0,5.759049415588379,train,BraTS-GLI-01041-000,-11.137078285217285,-16.896127700805664
0.0,1.0,0.25,2,prototype,-0.01019080076366663,0,0.08413124084472656,0,0.08413124084472656,train,BraTS-GLI-00250-000,-29.0205078125,-28.936376571655273
0.0,1.0,0.5,2,prototype,-0.01019080076366663,0,0.1742076873779297,0,0.1742076873779297,train,BraTS-GLI-00250-000,-29.0205078125,-28.84630012512207
0.0,1.0,1.0,2,prototype,-0.01019080076366663,0,0.3708953857421875,0,0.3708953857421875,train,BraTS-GLI-00250-000,-29.0205078125,-28.649612426757812
0.0,1.0,0.25,2,random,-0.01019080076366663,0,-0.05624961853027344,0,0.05624961853027344,train,BraTS-GLI-00250-000,-29.0205078125,-29.076757431030273
0.0,1.0,0.5,2,random,-0.01019080076366663,0,-0.1102447509765625,0,0.1102447509765625,train,BraTS-GLI-00250-000,-29.0205078125,-29.130752563476562
0.0,1.0,1.0,2,random,-0.01019080076366663,0,-0.20221328735351562,0,0.20221328735351562,train,BraTS-GLI-00250-000,-29.0205078125,-29.222721099853516
0.0,0.9999896287918091,0.25,2,proposal,-0.01019080076366663,0,1.2003669738769531,0,1.2003669738769531,train,BraTS-GLI-00250-000,-29.0205078125,-27.820140838623047
0.0,0.9999896287918091,0.5,2,proposal,-0.01019080076366663,0,2.758882522583008,0,2.758882522583008,train,BraTS-GLI-00250-000,-29.0205078125,-26.261625289916992
0.0,0.9999896287918091,1.0,2,proposal,-0.01019080076366663,0,6.266458511352539,0,6.266458511352539,train,BraTS-GLI-00250-000,-29.0205078125,-22.75404930114746
0.0,0.9999896287918091,0.25,2,anti_proposal,-0.01019080076366663,0,-0.8269767761230469,0,0.8269767761230469,train,BraTS-GLI-00250-000,-29.0205078125,-29.847484588623047
0.0,0.9999896287918091,0.5,2,anti_proposal,-0.01019080076366663,0,-1.3361663818359375,0,1.3361663818359375,train,BraTS-GLI-00250-000,-29.0205078125,-30.356674194335938
0.0,0.9999896287918091,1.0,2,anti_proposal,-0.01019080076366663,0,-1.8218231201171875,0,1.8218231201171875,train,BraTS-GLI-00250-000,-29.0205078125,-30.842330932617188
0.0,1.0,0.25,10,prototype,0.3484238386154175,0,0.3643379211425781,0,0.3643379211425781,train,BraTS-GLI-01444-000,-25.29576873779297,-24.93143081665039
0.0,1.0,0.5,10,prototype,0.3484238386154175,0,0.7461833953857422,0,0.7461833953857422,train,BraTS-GLI-01444-000,-25.29576873779297,-24.549585342407227
5.960464477539063e-08,1.0,1.0,10,prototype,0.3484238386154175,0,1.5541191101074219,0,1.5541191101074219,train,BraTS-GLI-01444-000,-25.29576873779297,-23.741649627685547
5.960464477539063e-08,1.0,0.25,10,random,0.3484238386154175,0,-0.08179283142089844,0,0.08179283142089844,train,BraTS-GLI-01444-000,-25.29576873779297,-25.377561569213867
5.960464477539063e-08,1.0,0.5,10,random,0.3484238386154175,0,-0.15936851501464844,0,0.15936851501464844,train,BraTS-GLI-01444-000,-25.29576873779297,-25.455137252807617
5.960464477539063e-08,1.0,1.0,10,random,0.3484238386154175,0,-0.31536865234375,0,0.31536865234375,train,BraTS-GLI-01444-000,-25.29576873779297,-25.61113739013672
0.0,0.9999935626983643,0.25,10,proposal,0.3484238386154175,0,1.0378265380859375,0,1.0378265380859375,train,BraTS-GLI-01444-000,-25.29576873779297,-24.25794219970703
5.960464477539063e-08,0.9999935626983643,0.5,10,proposal,0.3484238386154175,0,2.2260055541992188,0,2.2260055541992188,train,BraTS-GLI-01444-000,-25.29576873779297,-23.06976318359375
1.1920928955078125e-06,0.9999935626983643,1.0,10,proposal,0.3484238386154175,0,5.01530647277832,0,5.01530647277832,train,BraTS-GLI-01444-000,-25.29576873779297,-20.28046226501465
5.960464477539063e-08,0.9999935626983643,0.25,10,anti_proposal,0.3484238386154175,0,-0.9655990600585938,0,0.9655990600585938,train,BraTS-GLI-01444-000,-25.29576873779297,-26.261367797851562
5.960464477539063e-08,0.9999935626983643,0.5,10,anti_proposal,0.3484238386154175,0,-1.8172187805175781,0,1.8172187805175781,train,BraTS-GLI-01444-000,-25.29576873779297,-27.112987518310547
5.960464477539063e-08,0.9999935626983643,1.0,10,anti_proposal,0.3484238386154175,0,-3.217683792114258,0,3.217683792114258,train,BraTS-GLI-01444-000,-25.29576873779297,-28.513452529907227
0.0,1.0,0.25,12,prototype,-0.20608730614185333,0,-0.1667156219482422,0,0.1667156219482422,train,BraTS-GLI-00764-000,-20.895824432373047,-21.06254005432129
0.0,1.0,0.5,12,prototype,-0.20608730614185333,0,-0.3389892578125,0,0.3389892578125,train,BraTS-GLI-00764-000,-20.895824432373047,-21.234813690185547
0.0,1.0,1.0,12,prototype,-0.20608730614185333,0,-0.6933879852294922,0,0.6933879852294922,train,BraTS-GLI-00764-000,-20.895824432373047,-21.58921241760254
0.0,1.0,0.25,12,random,-0.20608730614185333,0,0.04122161865234375,0,0.04122161865234375,train,BraTS-GLI-00764-000,-20.895824432373047,-20.854602813720703
0.0,1.0,0.5,12,random,-0.20608730614185333,0,0.08079338073730469,0,0.08079338073730469,train,BraTS-GLI-00764-000,-20.895824432373047,-20.815031051635742
0.0,1.0,1.0,12,random,-0.20608730614185333,0,0.1543140411376953,0,0.1543140411376953,train,BraTS-GLI-00764-000,-20.895824432373047,-20.74151039123535
0.0,0.9948858618736267,0.25,12,proposal,-0.20608730614185333,0,0.8771839141845703,0,0.8771839141845703,train,BraTS-GLI-00764-000,-20.895824432373047,-20.018640518188477
0.0,0.9948858618736267,0.5,12,proposal,-0.20608730614185333,0,1.4047908782958984,0,1.4047908782958984,train,BraTS-GLI-00764-000,-20.895824432373047,-19.49103355407715
0.0,0.9948858618736267,1.0,12,proposal,-0.20608730614185333,0,1.338766098022461,0,1.338766098022461,train,BraTS-GLI-00764-000,-20.895824432373047,-19.557058334350586
0.0,0.9948858618736267,0.25,12,anti_proposal,-0.20608730614185333,0,-1.1899547576904297,0,1.1899547576904297,train,BraTS-GLI-00764-000,-20.895824432373047,-22.085779190063477
0.0,0.9948858618736267,0.5,12,anti_proposal,-0.20608730614185333,0,-2.4400691986083984,0,2.4400691986083984,train,BraTS-GLI-00764-000,-20.895824432373047,-23.335893630981445
0.0,0.9948858618736267,1.0,12,anti_proposal,-0.20608730614185333,0,-4.994697570800781,0,4.994697570800781,train,BraTS-GLI-00764-000,-20.895824432373047,-25.890522003173828
5.960464477539063e-08,1.0,0.25,13,prototype,0.13323751091957092,0,0.12279701232910156,0,0.12279701232910156,train,BraTS-GLI-00764-000,-24.252208709716797,-24.129411697387695
5.960464477539063e-08,1.0,0.5,13,prototype,0.13323751091957092,0,0.23717689514160156,0,0.23717689514160156,train,BraTS-GLI-00764-000,-24.252208709716797,-24.015031814575195
5.960464477539063e-08,1.0,1.0,13,prototype,0.13323751091957092,0,0.4793567657470703,0,0.4793567657470703,train,BraTS-GLI-00764-000,-24.252208709716797,-23.772851943969727
0.0,1.0,0.25,13,random,0.13323751091957092,0,-0.015951156616210938,0,0.015951156616210938,train,BraTS-GLI-00764-000,-24.252208709716797,-24.268159866333008
0.0,1.0,0.5,13,random,0.13323751091957092,0,-0.03303718566894531,0,0.03303718566894531,train,BraTS-GLI-00764-000,-24.252208709716797,-24.285245895385742
0.0,1.0,1.0,13,random,0.13323751091957092,0,-0.06724739074707031,0,0.06724739074707031,train,BraTS-GLI-00764-000,-24.252208709716797,-24.319456100463867
5.960464477539063e-08,0.999817430973053,0.25,13,proposal,0.13323751091957092,0,0.7210445404052734,0,0.7210445404052734,train,BraTS-GLI-00764-000,-24.252208709716797,-23.531164169311523
1.2516975402832031e-06,0.999817430973053,0.5,13,proposal,0.13323751091957092,0,1.5706214904785156,0,1.5706214904785156,train,BraTS-GLI-00764-000,-24.252208709716797,-22.68158721923828
0.0002837181091308594,0.999817430973053,1.0,13,proposal,0.13323751091957092,0,2.9791202545166016,0,2.9791202545166016,train,BraTS-GLI-00764-000,-24.252208709716797,-21.273088455200195
0.0,0.999817430973053,0.25,13,anti_proposal,0.13323751091957092,0,-0.599578857421875,0,0.599578857421875,train,BraTS-GLI-00764-000,-24.252208709716797,-24.851787567138672
0.0,0.999817430973053,0.5,13,anti_proposal,0.13323751091957092,0,-0.9925804138183594,0,0.9925804138183594,train,BraTS-GLI-00764-000,-24.252208709716797,-25.244789123535156
0.0,0.999817430973053,1.0,13,anti_proposal,0.13323751091957092,0,-0.9465274810791016,0,0.9465274810791016,train,BraTS-GLI-00764-000,-24.252208709716797,-25.1987361907959
0.05750077962875366,1.0,0.25,5,prototype,0.21405412256717682,0,0.9014463424682617,0,0.9014463424682617,train,BraTS-GLI-00764-000,-9.673478126525879,-8.772031784057617
0.1578848958015442,1.0,0.5,5,prototype,0.21405412256717682,0,1.8418254852294922,0,1.8418254852294922,train,BraTS-GLI-00764-000,-9.673478126525879,-7.831652641296387
0.3819809556007385,1.0,1.0,5,prototype,0.21405412256717682,0,3.711503028869629,0,3.711503028869629,train,BraTS-GLI-00764-000,-9.673478126525879,-5.96197509765625
0.0003815889358520508,1.0,0.25,5,random,0.21405412256717682,0,-0.008142471313476562,0,0.008142471313476562,train,BraTS-GLI-00764-000,-9.673478126525879,-9.681620597839355
0.0005828142166137695,1.0,0.5,5,random,0.21405412256717682,0,-0.01961994171142578,0,0.01961994171142578,train,BraTS-GLI-00764-000,-9.673478126525879,-9.693098068237305
0.0008493661880493164,1.0,1.0,5,random,0.21405412256717682,0,-0.039913177490234375,0,0.039913177490234375,train,BraTS-GLI-00764-000,-9.673478126525879,-9.713391304016113
0.4462869167327881,0.999747097492218,0.25,5,proposal,0.21405412256717682,0,4.338242053985596,0,4.338242053985596,train,BraTS-GLI-00764-000,-9.673478126525879,-5.335236072540283
0.6899168789386749,0.999747097492218,0.5,5,proposal,0.21405412256717682,0,7.950786471366882,0,7.950786471366882,train,BraTS-GLI-00764-000,-9.673478126525879,-1.7226916551589966
0.8624031767249107,0.999747097492218,1.0,5,proposal,0.21405412256717682,1,12.762921810150146,0,12.762921810150146,train,BraTS-GLI-00764-000,-9.673478126525879,3.0894436836242676
-0.034606993198394775,0.999747097492218,0.25,5,anti_proposal,0.21405412256717682,0,-4.490851402282715,0,4.490851402282715,train,BraTS-GLI-00764-000,-9.673478126525879,-14.164329528808594
-0.0348169207572937,0.999747097492218,0.5,5,anti_proposal,0.21405412256717682,0,-7.724532127380371,0,7.724532127380371,train,BraTS-GLI-00764-000,-9.673478126525879,-17.39801025390625
-0.034820616245269775,0.999747097492218,1.0,5,anti_proposal,0.21405412256717682,0,-8.894314765930176,0,8.894314765930176,train,BraTS-GLI-00764-000,-9.673478126525879,-18.567792892456055
0.0,1.0,0.25,1,prototype,-0.1021098643541336,0,-0.07213211059570312,0,0.07213211059570312,train,BraTS-GLI-00731-001,-17.27223777770996,-17.344369888305664
0.0,1.0,0.5,1,prototype,-0.1021098643541336,0,-0.14127159118652344,0,0.14127159118652344,train,BraTS-GLI-00731-001,-17.27223777770996,-17.413509368896484
0.0,1.0,1.0,1,prototype,-0.1021098643541336,0,-0.27042579650878906,0,0.27042579650878906,train,BraTS-GLI-00731-001,-17.27223777770996,-17.54266357421875
0.0,1.0,0.25,1,random,-0.1021098643541336,0,0.04022026062011719,0,0.04022026062011719,train,BraTS-GLI-00731-001,-17.27223777770996,-17.232017517089844
0.0,1.0,0.5,1,random,-0.1021098643541336,0,0.08089065551757812,0,0.08089065551757812,train,BraTS-GLI-00731-001,-17.27223777770996,-17.191347122192383
0.0,1.0,1.0,1,random,-0.1021098643541336,0,0.16279220581054688,0,0.16279220581054688,train,BraTS-GLI-00731-001,-17.27223777770996,-17.109445571899414
-1.1920928955078125e-07,0.9995527863502502,0.25,1,proposal,-0.1021098643541336,0,0.7346935272216797,0,0.7346935272216797,train,BraTS-GLI-00731-001,-17.27223777770996,-16.53754425048828
0.0,0.9995527863502502,0.5,1,proposal,-0.1021098643541336,0,1.341409683227539,0,1.341409683227539,train,BraTS-GLI-00731-001,-17.27223777770996,-15.930828094482422
-1.7881393432617188e-07,0.9995527863502502,1.0,1,proposal,-0.1021098643541336,0,0.5029392242431641,0,0.5029392242431641,train,BraTS-GLI-00731-001,-17.27223777770996,-16.769298553466797
5.960464477539063e-08,0.9995527863502502,0.25,1,anti_proposal,-0.1021098643541336,0,-0.5294971466064453,0,0.5294971466064453,train,BraTS-GLI-00731-001,-17.27223777770996,-17.801734924316406
2.384185791015625e-07,0.9995527863502502,0.5,1,anti_proposal,-0.1021098643541336,0,-0.86181640625,0,0.86181640625,train,BraTS-GLI-00731-001,-17.27223777770996,-18.13405418395996
4.76837158203125e-07,0.9995527863502502,1.0,1,anti_proposal,-0.1021098643541336,0,-1.2861824035644531,0,1.2861824035644531,train,BraTS-GLI-00731-001,-17.27223777770996,-18.558420181274414
0.0,1.0,0.25,7,prototype,-0.0006186272948980331,0,0.051639556884765625,0,0.051639556884765625,train,BraTS-GLI-00811-000,-21.902690887451172,-21.851051330566406
0.0,1.0,0.5,7,prototype,-0.0006186272948980331,0,0.10059356689453125,0,0.10059356689453125,train,BraTS-GLI-00811-000,-21.902690887451172,-21.80209732055664
0.0,1.0,1.0,7,prototype,-0.0006186272948980331,0,0.20035743713378906,0,0.20035743713378906,train,BraTS-GLI-00811-000,-21.902690887451172,-21.702333450317383
0.0,1.0,0.25,7,random,-0.0006186272948980331,0,-0.00031280517578125,0,0.00031280517578125,train,BraTS-GLI-00811-000,-21.902690887451172,-21.903003692626953
0.0,1.0,0.5,7,random,-0.0006186272948980331,0,-0.0006313323974609375,0,0.0006313323974609375,train,BraTS-GLI-00811-000,-21.902690887451172,-21.903322219848633
0.0,1.0,1.0,7,random,-0.0006186272948980331,0,-0.0013904571533203125,0,0.0013904571533203125,train,BraTS-GLI-00811-000,-21.902690887451172,-21.904081344604492
0.0,0.9999910593032837,0.25,7,proposal,-0.0006186272948980331,0,0.6984024047851562,0,0.6984024047851562,train,BraTS-GLI-00811-000,-21.902690887451172,-21.204288482666016
0.0,0.9999910593032837,0.5,7,proposal,-0.0006186272948980331,0,1.5839519500732422,0,1.5839519500732422,train,BraTS-GLI-00811-000,-21.902690887451172,-20.31873893737793
5.960464477539063e-08,0.9999910593032837,1.0,7,proposal,-0.0006186272948980331,0,3.6480445861816406,0,3.6480445861816406,train,BraTS-GLI-00811-000,-21.902690887451172,-18.25464630126953
0.0,0.9999910593032837,0.25,7,anti_proposal,-0.0006186272948980331,0,-0.5875759124755859,0,0.5875759124755859,train,BraTS-GLI-00811-000,-21.902690887451172,-22.490266799926758
0.0,0.9999910593032837,0.5,7,anti_proposal,-0.0006186272948980331,0,-1.0774574279785156,0,1.0774574279785156,train,BraTS-GLI-00811-000,-21.902690887451172,-22.980148315429688
0.0,0.9999910593032837,1.0,7,anti_proposal,-0.0006186272948980331,0,-1.7247486114501953,0,1.7247486114501953,train,BraTS-GLI-00811-000,-21.902690887451172,-23.627439498901367
0.0,1.0,0.25,10,prototype,-0.1054580956697464,0,-0.06376266479492188,0,0.06376266479492188,train,BraTS-GLI-01103-000,-19.24443244934082,-19.308195114135742
0.0,1.0,0.5,10,prototype,-0.1054580956697464,0,-0.13038063049316406,0,0.13038063049316406,train,BraTS-GLI-01103-000,-19.24443244934082,-19.374813079833984
0.0,1.0,1.0,10,prototype,-0.1054580956697464,0,-0.27352333068847656,0,0.27352333068847656,train,BraTS-GLI-01103-000,-19.24443244934082,-19.517955780029297
0.0,1.0,0.25,10,random,-0.1054580956697464,0,0.004486083984375,0,0.004486083984375,train,BraTS-GLI-01103-000,-19.24443244934082,-19.239946365356445
0.0,1.0,0.5,10,random,-0.1054580956697464,0,0.007534027099609375,0,0.007534027099609375,train,BraTS-GLI-01103-000,-19.24443244934082,-19.23689842224121
0.0,1.0,1.0,10,random,-0.1054580956697464,0,0.0140228271484375,0,0.0140228271484375,train,BraTS-GLI-01103-000,-19.24443244934082,-19.230409622192383
0.0,0.9845227003097534,0.25,10,proposal,-0.1054580956697464,0,0.37015724182128906,0,0.37015724182128906,train,BraTS-GLI-01103-000,-19.24443244934082,-18.87427520751953
1.1920928955078125e-07,0.9845227003097534,0.5,10,proposal,-0.1054580956697464,0,0.9231338500976562,0,0.9231338500976562,train,BraTS-GLI-01103-000,-19.24443244934082,-18.321298599243164
1.7881393432617188e-07,0.9845227003097534,1.0,10,proposal,-0.1054580956697464,0,2.574493408203125,0,2.574493408203125,train,BraTS-GLI-01103-000,-19.24443244934082,-16.669939041137695
0.0,0.9845227003097534,0.25,10,anti_proposal,-0.1054580956697464,0,-0.2650604248046875,0,0.2650604248046875,train,BraTS-GLI-01103-000,-19.24443244934082,-19.509492874145508
0.0,0.9845227003097534,0.5,10,anti_proposal,-0.1054580956697464,0,-0.47673988342285156,0,0.47673988342285156,train,BraTS-GLI-01103-000,-19.24443244934082,-19.721172332763672
0.0,0.9845227003097534,1.0,10,anti_proposal,-0.1054580956697464,0,-0.8281192779541016,0,0.8281192779541016,train,BraTS-GLI-01103-000,-19.24443244934082,-20.072551727294922
3.5762786865234375e-06,1.0,0.25,4,prototype,0.26149240136146545,0,0.18780994415283203,0,0.18780994415283203,train,BraTS-GLI-00514-001,-13.312588691711426,-13.124778747558594
9.179115295410156e-06,1.0,0.5,4,prototype,0.26149240136146545,0,0.38707542419433594,0,0.38707542419433594,train,BraTS-GLI-00514-001,-13.312588691711426,-12.92551326751709
3.266334533691406e-05,1.0,1.0,4,prototype,0.26149240136146545,0,0.8471450805664062,0,0.8471450805664062,train,BraTS-GLI-00514-001,-13.312588691711426,-12.46544361114502
-1.7881393432617188e-06,1.0,0.25,4,random,0.26149240136146545,0,-0.1288919448852539,0,0.1288919448852539,train,BraTS-GLI-00514-001,-13.312588691711426,-13.44148063659668
-3.159046173095703e-06,1.0,0.5,4,random,0.26149240136146545,0,-0.2558097839355469,0,0.2558097839355469,train,BraTS-GLI-00514-001,-13.312588691711426,-13.568398475646973
-5.245208740234375e-06,1.0,1.0,4,random,0.26149240136146545,0,-0.4956483840942383,0,0.4956483840942383,train,BraTS-GLI-00514-001,-13.312588691711426,-13.808237075805664
3.731250762939453e-05,0.9999940395355225,0.25,4,proposal,0.26149240136146545,0,1.0672636032104492,0,1.0672636032104492,train,BraTS-GLI-00514-001,-13.312588691711426,-12.245325088500977
0.00021326541900634766,0.9999940395355225,0.5,4,proposal,0.26149240136146545,0,2.1594619750976562,0,2.1594619750976562,train,BraTS-GLI-00514-001,-13.312588691711426,-11.15312671661377
0.010141432285308838,0.9999940395355225,1.0,4,proposal,0.26149240136146545,0,4.648070335388184,0,4.648070335388184,train,BraTS-GLI-00514-001,-13.312588691711426,-8.664518356323242
-7.927417755126953e-06,0.9999940395355225,0.25,4,anti_proposal,0.26149240136146545,0,-1.0017433166503906,0,1.0017433166503906,train,BraTS-GLI-00514-001,-13.312588691711426,-14.314332008361816
-9.834766387939453e-06,0.9999940395355225,0.5,4,anti_proposal,0.26149240136146545,0,-1.8219833374023438,0,1.8219833374023438,train,BraTS-GLI-00514-001,-13.312588691711426,-15.13457202911377
-1.055002212524414e-05,0.9999940395355225,1.0,4,anti_proposal,0.26149240136146545,0,-2.8112382888793945,0,2.8112382888793945,train,BraTS-GLI-00514-001,-13.312588691711426,-16.12382698059082
1.9073486328125e-06,1.0,0.25,2,prototype,-0.01609296165406704,0,-0.01032257080078125,0,0.01032257080078125,train,BraTS-GLI-00286-000,-18.31195068359375,-18.32227325439453
4.351139068603516e-06,1.0,0.5,2,prototype,-0.01609296165406704,0,-0.019147872924804688,0,0.019147872924804688,train,BraTS-GLI-00286-000,-18.31195068359375,-18.331098556518555
1.1980533599853516e-05,1.0,1.0,2,prototype,-0.01609296165406704,0,-0.032131195068359375,0,0.032131195068359375,train,BraTS-GLI-00286-000,-18.31195068359375,-18.34408187866211
7.748603820800781e-07,1.0,0.25,2,random,-0.01609296165406704,0,-0.015790939331054688,0,0.015790939331054688,train,BraTS-GLI-00286-000,-18.31195068359375,-18.327741622924805
1.6093254089355469e-06,1.0,0.5,2,random,-0.01609296165406704,0,-0.03159904479980469,0,0.03159904479980469,train,BraTS-GLI-00286-000,-18.31195068359375,-18.343549728393555
3.5762786865234375e-06,1.0,1.0,2,random,-0.01609296165406704,0,-0.06171226501464844,0,0.06171226501464844,train,BraTS-GLI-00286-000,-18.31195068359375,-18.3736629486084
-6.198883056640625e-06,0.9972534775733948,0.25,2,proposal,-0.01609296165406704,0,0.32074737548828125,0,0.32074737548828125,train,BraTS-GLI-00286-000,-18.31195068359375,-17.99120330810547
-6.854534149169922e-06,0.9972534775733948,0.5,2,proposal,-0.01609296165406704,0,0.9147071838378906,0,0.9147071838378906,train,BraTS-GLI-00286-000,-18.31195068359375,-17.39724349975586
-6.735324859619141e-06,0.9972534775733948,1.0,2,proposal,-0.01609296165406704,0,2.4687795639038086,0,2.4687795639038086,train,BraTS-GLI-00286-000,-18.31195068359375,-15.843171119689941
3.49879264831543e-05,0.9972534775733948,0.25,2,anti_proposal,-0.01609296165406704,0,-0.17818069458007812,0,0.17818069458007812,train,BraTS-GLI-00286-000,-18.31195068359375,-18.490131378173828
0.00022721290588378906,0.9972534775733948,0.5,2,anti_proposal,-0.01609296165406704,0,-0.313201904296875,0,0.313201904296875,train,BraTS-GLI-00286-000,-18.31195068359375,-18.625152587890625
0.00405961275100708,0.9972534775733948,1.0,2,anti_proposal,-0.01609296165406704,0,-0.5412406921386719,0,0.5412406921386719,train,BraTS-GLI-00286-000,-18.31195068359375,-18.853191375732422
3.3974647521972656e-06,1.0,0.25,5,prototype,0.2881920337677002,0,0.22556114196777344,0,0.22556114196777344,train,BraTS-GLI-00286-000,-15.399022102355957,-15.173460960388184
1.049041748046875e-05,1.0,0.5,5,prototype,0.2881920337677002,0,0.5095653533935547,0,0.5095653533935547,train,BraTS-GLI-00286-000,-15.399022102355957,-14.889456748962402
8.815526962280273e-05,1.0,1.0,5,prototype,0.2881920337677002,0,1.285780906677246,0,1.285780906677246,train,BraTS-GLI-00286-000,-15.399022102355957,-14.113241195678711
-2.980232238769531e-07,1.0,0.25,5,random,0.2881920337677002,0,-0.030017852783203125,0,0.030017852783203125,train,BraTS-GLI-00286-000,-15.399022102355957,-15.42903995513916
-6.556510925292969e-07,1.0,0.5,5,random,0.2881920337677002,0,-0.058807373046875,0,0.058807373046875,train,BraTS-GLI-00286-000,-15.399022102355957,-15.457829475402832
-1.1920928955078125e-06,1.0,1.0,5,random,0.2881920337677002,0,-0.11709308624267578,0,0.11709308624267578,train,BraTS-GLI-00286-000,-15.399022102355957,-15.516115188598633
7.265806198120117e-05,0.9998180270195007,0.25,5,proposal,0.2881920337677002,0,0.9640178680419922,0,0.9640178680419922,train,BraTS-GLI-00286-000,-15.399022102355957,-14.435004234313965
0.003823220729827881,0.9998180270195007,0.5,5,proposal,0.2881920337677002,0,2.44525146484375,0,2.44525146484375,train,BraTS-GLI-00286-000,-15.399022102355957,-12.953770637512207
0.26574593782424927,0.9998180270195007,1.0,5,proposal,0.2881920337677002,0,7.371563911437988,0,7.371563911437988,train,BraTS-GLI-00286-000,-15.399022102355957,-8.027458190917969
-4.827976226806641e-06,0.9998180270195007,0.25,5,anti_proposal,0.2881920337677002,0,-0.5350446701049805,0,0.5350446701049805,train,BraTS-GLI-00286-000,-15.399022102355957,-15.934066772460938
-5.7220458984375e-06,0.9998180270195007,0.5,5,anti_proposal,0.2881920337677002,0,-0.8064813613891602,0,0.8064813613891602,train,BraTS-GLI-00286-000,-15.399022102355957,-16.205503463745117
-6.020069122314453e-06,0.9998180270195007,1.0,5,anti_proposal,0.2881920337677002,0,-1.169621467590332,0,1.169621467590332,train,BraTS-GLI-00286-000,-15.399022102355957,-16.56864356994629
0.0,1.0,0.25,1,prototype,-0.08273283392190933,0,-0.030292510986328125,0,0.030292510986328125,train,BraTS-GLI-00286-000,-21.03036117553711,-21.060653686523438
0.0,1.0,0.5,1,prototype,-0.08273283392190933,0,-0.05792999267578125,0,0.05792999267578125,train,BraTS-GLI-00286-000,-21.03036117553711,-21.08829116821289
0.0,1.0,1.0,1,prototype,-0.08273283392190933,0,-0.11078834533691406,0,0.11078834533691406,train,BraTS-GLI-00286-000,-21.03036117553711,-21.141149520874023
0.0,1.0,0.25,1,random,-0.08273283392190933,0,0.0004100799560546875,0,0.0004100799560546875,train,BraTS-GLI-00286-000,-21.03036117553711,-21.029951095581055
0.0,1.0,0.5,1,random,-0.08273283392190933,0,-0.0003185272216796875,0,0.0003185272216796875,train,BraTS-GLI-00286-000,-21.03036117553711,-21.03067970275879
0.0,1.0,1.0,1,random,-0.08273283392190933,0,0.0001068115234375,0,0.0001068115234375,train,BraTS-GLI-00286-000,-21.03036117553711,-21.030254364013672
0.0,0.9968963861465454,0.25,1,proposal,-0.08273283392190933,0,0.7207756042480469,0,0.7207756042480469,train,BraTS-GLI-00286-000,-21.03036117553711,-20.309585571289062
0.0,0.9968963861465454,0.5,1,proposal,-0.08273283392190933,0,2.003671646118164,0,2.003671646118164,train,BraTS-GLI-00286-000,-21.03036117553711,-19.026689529418945
2.384185791015625e-07,0.9968963861465454,1.0,1,proposal,-0.08273283392190933,0,4.890743255615234,0,4.890743255615234,train,BraTS-GLI-00286-000,-21.03036117553711,-16.139617919921875
0.0,0.9968963861465454,0.25,1,anti_proposal,-0.08273283392190933,0,-0.44006919860839844,0,0.44006919860839844,train,BraTS-GLI-00286-000,-21.03036117553711,-21.470430374145508
0.0,0.9968963861465454,0.5,1,anti_proposal,-0.08273283392190933,0,-0.7795276641845703,0,0.7795276641845703,train,BraTS-GLI-00286-000,-21.03036117553711,-21.80988883972168
0.0,0.9968963861465454,1.0,1,anti_proposal,-0.08273283392190933,0,-1.3350582122802734,0,1.3350582122802734,train,BraTS-GLI-00286-000,-21.03036117553711,-22.365419387817383
0.0,1.0,0.25,3,prototype,0.004297396168112755,0,0.052326202392578125,0,0.052326202392578125,train,BraTS-GLI-00500-001,-17.93265724182129,-17.88033103942871
0.0,1.0,0.5,3,prototype,0.004297396168112755,0,0.09403419494628906,0,0.09403419494628906,train,BraTS-GLI-00500-001,-17.93265724182129,-17.838623046875
0.0,1.0,1.0,3,prototype,0.004297396168112755,0,0.1622753143310547,0,0.1622753143310547,train,BraTS-GLI-00500-001,-17.93265724182129,-17.770381927490234
0.0,1.0,0.25,3,random,0.004297396168112755,0,0.17940139770507812,0,0.17940139770507812,train,BraTS-GLI-00500-001,-17.93265724182129,-17.75325584411621
0.0,1.0,0.5,3,random,0.004297396168112755,0,0.3714256286621094,0,0.3714256286621094,train,BraTS-GLI-00500-001,-17.93265724182129,-17.56123161315918
5.960464477539063e-08,1.0,1.0,3,random,0.004297396168112755,0,0.7647914886474609,0,0.7647914886474609,train,BraTS-GLI-00500-001,-17.93265724182129,-17.167865753173828
1.1920928955078125e-07,0.9999192953109741,0.25,3,proposal,0.004297396168112755,0,1.2816047668457031,0,1.2816047668457031,train,BraTS-GLI-00500-001,-17.93265724182129,-16.651052474975586
1.4901161193847656e-06,0.9999192953109741,0.5,3,proposal,0.004297396168112755,0,2.8956422805786133,0,2.8956422805786133,train,BraTS-GLI-00500-001,-17.93265724182129,-15.037014961242676
9.119510650634766e-05,0.9999192953109741,1.0,3,proposal,0.004297396168112755,0,7.180290222167969,0,7.180290222167969,train,BraTS-GLI-00500-001,-17.93265724182129,-10.75236701965332
-1.1920928955078125e-07,0.9999192953109741,0.25,3,anti_proposal,0.004297396168112755,0,-1.0891799926757812,0,1.0891799926757812,train,BraTS-GLI-00500-001,-17.93265724182129,-19.02183723449707
-1.1920928955078125e-07,0.9999192953109741,0.5,3,anti_proposal,0.004297396168112755,0,-1.9874839782714844,0,1.9874839782714844,train,BraTS-GLI-00500-001,-17.93265724182129,-19.920141220092773
-1.1920928955078125e-07,0.9999192953109741,1.0,3,anti_proposal,0.004297396168112755,0,-3.3713340759277344,0,3.3713340759277344,train,BraTS-GLI-00500-001,-17.93265724182129,-21.303991317749023
0.014679133892059326,1.0,0.25,1,prototype,0.35262101888656616,0,0.7460556030273438,0,0.7460556030273438,train,BraTS-GLI-01450-000,-20.7989501953125,-20.052894592285156
0.03284800052642822,1.0,0.5,1,prototype,0.35262101888656616,0,1.5149650573730469,0,1.5149650573730469,train,BraTS-GLI-01450-000,-20.7989501953125,-19.283985137939453
0.10041165351867676,1.0,1.0,1,prototype,0.35262101888656616,0,3.205141067504883,0,3.205141067504883,train,BraTS-GLI-01450-000,-20.7989501953125,-17.593809127807617
0.0009625554084777832,1.0,0.25,1,random,0.35262101888656616,0,-0.015962600708007812,0,0.015962600708007812,train,BraTS-GLI-01450-000,-20.7989501953125,-20.814912796020508
0.0019980669021606445,1.0,0.5,1,random,0.35262101888656616,0,-0.03009033203125,0,0.03009033203125,train,BraTS-GLI-01450-000,-20.7989501953125,-20.82904052734375
0.004079759120941162,1.0,1.0,1,random,0.35262101888656616,0,-0.05969810485839844,0,0.05969810485839844,train,BraTS-GLI-01450-000,-20.7989501953125,-20.8586483001709
0.0979195237159729,0.9999942779541016,0.25,1,proposal,0.35262101888656616,0,2.4032840728759766,0,2.4032840728759766,train,BraTS-GLI-01450-000,-20.7989501953125,-18.395666122436523
0.2602726221084595,0.9999942779541016,0.5,1,proposal,0.35262101888656616,0,4.971858024597168,0,4.971858024597168,train,BraTS-GLI-01450-000,-20.7989501953125,-15.827092170715332
0.5903748571872711,0.9999942779541016,1.0,1,proposal,0.35262101888656616,0,11.09610366821289,0,11.09610366821289,train,BraTS-GLI-01450-000,-20.7989501953125,-9.70284652709961
-0.009294748306274414,0.9999942779541016,0.25,1,anti_proposal,0.35262101888656616,0,-1.9970970153808594,0,1.9970970153808594,train,BraTS-GLI-01450-000,-20.7989501953125,-22.79604721069336
-0.00930798053741455,0.9999942779541016,0.5,1,anti_proposal,0.35262101888656616,0,-3.297718048095703,0,3.297718048095703,train,BraTS-GLI-01450-000,-20.7989501953125,-24.096668243408203
-0.009308040142059326,0.9999942779541016,1.0,1,anti_proposal,0.35262101888656616,0,-4.187383651733398,0,4.187383651733398,train,BraTS-GLI-01450-000,-20.7989501953125,-24.9863338470459
0.0,1.0,0.25,3,prototype,0.33295100927352905,0,0.03859138488769531,0,0.03859138488769531,train,BraTS-GLI-00222-000,-24.05036735534668,-24.011775970458984
0.0,1.0,0.5,3,prototype,0.33295100927352905,0,0.07879638671875,0,0.07879638671875,train,BraTS-GLI-00222-000,-24.05036735534668,-23.97157096862793
0.0,1.0,1.0,3,prototype,0.33295100927352905,0,0.17285919189453125,0,0.17285919189453125,train,BraTS-GLI-00222-000,-24.05036735534668,-23.87750816345215
0.0,1.0,0.25,3,random,0.33295100927352905,0,-0.040088653564453125,0,0.040088653564453125,train,BraTS-GLI-00222-000,-24.05036735534668,-24.090456008911133
0.0,1.0,0.5,3,random,0.33295100927352905,0,-0.07935333251953125,0,0.07935333251953125,train,BraTS-GLI-00222-000,-24.05036735534668,-24.12972068786621
0.0,1.0,1.0,3,random,0.33295100927352905,0,-0.14389419555664062,0,0.14389419555664062,train,BraTS-GLI-00222-000,-24.05036735534668,-24.19426155090332
0.0,0.999955415725708,0.25,3,proposal,0.33295100927352905,0,0.1740856170654297,0,0.1740856170654297,train,BraTS-GLI-00222-000,-24.05036735534668,-23.87628173828125
0.0,0.999955415725708,0.5,3,proposal,0.33295100927352905,0,0.3701515197753906,0,0.3701515197753906,train,BraTS-GLI-00222-000,-24.05036735534668,-23.68021583557129
0.0,0.999955415725708,1.0,3,proposal,0.33295100927352905,0,0.8863601684570312,0,0.8863601684570312,train,BraTS-GLI-00222-000,-24.05036735534668,-23.16400718688965
0.0,0.999955415725708,0.25,3,anti_proposal,0.33295100927352905,0,-0.12171554565429688,0,0.12171554565429688,train,BraTS-GLI-00222-000,-24.05036735534668,-24.172082901000977
0.0,0.999955415725708,0.5,3,anti_proposal,0.33295100927352905,0,-0.2350940704345703,0,0.2350940704345703,train,BraTS-GLI-00222-000,-24.05036735534668,-24.28546142578125
0.0,0.999955415725708,1.0,3,anti_proposal,0.33295100927352905,0,-0.44585418701171875,0,0.44585418701171875,train,BraTS-GLI-00222-000,-24.05036735534668,-24.4962215423584
1.0371208190917969e-05,1.0,0.25,14,prototype,0.07230205833911896,0,0.03193187713623047,0,0.03193187713623047,train,BraTS-GLI-00222-000,-9.299534797668457,-9.267602920532227
2.4378299713134766e-05,1.0,0.5,14,prototype,0.07230205833911896,0,0.07499027252197266,0,0.07499027252197266,train,BraTS-GLI-00222-000,-9.299534797668457,-9.224544525146484
6.23464584350586e-05,1.0,1.0,14,prototype,0.07230205833911896,0,0.18097877502441406,0,0.18097877502441406,train,BraTS-GLI-00222-000,-9.299534797668457,-9.118556022644043
-1.4126300811767578e-05,1.0,0.25,14,random,0.07230205833911896,0,-0.05071830749511719,0,0.05071830749511719,train,BraTS-GLI-00222-000,-9.299534797668457,-9.350253105163574
-2.6881694793701172e-05,1.0,0.5,14,random,0.07230205833911896,0,-0.09919548034667969,0,0.09919548034667969,train,BraTS-GLI-00222-000,-9.299534797668457,-9.398730278015137
-4.935264587402344e-05,1.0,1.0,14,random,0.07230205833911896,0,-0.19231319427490234,0,0.19231319427490234,train,BraTS-GLI-00222-000,-9.299534797668457,-9.49184799194336
0.0008181929588317871,0.9997528195381165,0.25,14,proposal,0.07230205833911896,0,1.3170762062072754,0,1.3170762062072754,train,BraTS-GLI-00222-000,-9.299534797668457,-7.982458591461182
0.003433406352996826,0.9997528195381165,0.5,14,proposal,0.07230205833911896,0,2.4940152168273926,0,2.4940152168273926,train,BraTS-GLI-00222-000,-9.299534797668457,-6.8055195808410645
0.03645002841949463,0.9997528195381165,1.0,14,proposal,0.07230205833911896,0,4.669552803039551,0,4.669552803039551,train,BraTS-GLI-00222-000,-9.299534797668457,-4.629981994628906
-0.0002173781394958496,0.9997528195381165,0.25,14,anti_proposal,0.07230205833911896,0,-1.5394744873046875,0,1.5394744873046875,train,BraTS-GLI-00222-000,-9.299534797668457,-10.839009284973145
-0.0002639889717102051,0.9997528195381165,0.5,14,anti_proposal,0.07230205833911896,0,-3.2031936645507812,0,3.2031936645507812,train,BraTS-GLI-00222-000,-9.299534797668457,-12.502728462219238
-0.0002740025520324707,0.9997528195381165,1.0,14,anti_proposal,0.07230205833911896,0,-5.050535202026367,0,5.050535202026367,train,BraTS-GLI-00222-000,-9.299534797668457,-14.350069999694824
0.001801609992980957,1.0,0.25,8,prototype,0.3299205005168915,0,0.1965799331665039,0,0.1965799331665039,train,BraTS-GLI-00266-000,-10.017775535583496,-9.821195602416992
0.004381418228149414,1.0,0.5,8,prototype,0.3299205005168915,0,0.40122318267822266,0,0.40122318267822266,train,BraTS-GLI-00266-000,-10.017775535583496,-9.616552352905273
0.01338803768157959,1.0,1.0,8,prototype,0.3299205005168915,0,0.8475980758666992,0,0.8475980758666992,train,BraTS-GLI-00266-000,-10.017775535583496,-9.170177459716797
-0.0004698634147644043,1.0,0.25,8,random,0.3299205005168915,0,-0.06740093231201172,0,0.06740093231201172,train,BraTS-GLI-00266-000,-10.017775535583496,-10.085176467895508
-0.0009129047393798828,1.0,0.5,8,random,0.3299205005168915,0,-0.1384439468383789,0,0.1384439468383789,train,BraTS-GLI-00266-000,-10.017775535583496,-10.156219482421875
-0.0017060041427612305,1.0,1.0,8,random,0.3299205005168915,0,-0.2883768081665039,0,0.2883768081665039,train,BraTS-GLI-00266-000,-10.017775535583496,-10.30615234375
0.008752107620239258,0.9999885559082031,0.25,8,proposal,0.3299205005168915,0,0.7073478698730469,0,0.7073478698730469,train,BraTS-GLI-00266-000,-10.017775535583496,-9.31042766571045
0.029509425163269043,0.9999885559082031,0.5,8,proposal,0.3299205005168915,0,1.3830013275146484,0,1.3830013275146484,train,BraTS-GLI-00266-000,-10.017775535583496,-8.634774208068848
0.15251249074935913,0.9999885559082031,1.0,8,proposal,0.3299205005168915,0,2.700988292694092,0,2.700988292694092,train,BraTS-GLI-00266-000,-10.017775535583496,-7.316787242889404
-0.003426194190979004,0.9999885559082031,0.25,8,anti_proposal,0.3299205005168915,0,-0.7592182159423828,0,0.7592182159423828,train,BraTS-GLI-00266-000,-10.017775535583496,-10.776993751525879
-0.004622697830200195,0.9999885559082031,0.5,8,anti_proposal,0.3299205005168915,0,-1.5478944778442383,0,1.5478944778442383,train,BraTS-GLI-00266-000,-10.017775535583496,-11.565670013427734
-0.0051024556159973145,0.9999885559082031,1.0,8,anti_proposal,0.3299205005168915,0,-2.9901113510131836,0,2.9901113510131836,train,BraTS-GLI-00266-000,-10.017775535583496,-13.00788688659668
0.0,1.0,0.25,2,prototype,0.10258223116397858,0,0.025440216064453125,0,0.025440216064453125,train,BraTS-GLI-01090-000,-17.466026306152344,-17.44058609008789
0.0,1.0,0.5,2,prototype,0.10258223116397858,0,0.04347991943359375,0,0.04347991943359375,train,BraTS-GLI-01090-000,-17.466026306152344,-17.42254638671875
5.960464477539063e-08,1.0,1.0,2,prototype,0.10258223116397858,0,0.07141876220703125,0,0.07141876220703125,train,BraTS-GLI-01090-000,-17.466026306152344,-17.394607543945312
0.0,1.0,0.25,2,random,0.10258223116397858,0,0.008758544921875,0,0.008758544921875,train,BraTS-GLI-01090-000,-17.466026306152344,-17.45726776123047
0.0,1.0,0.5,2,random,0.10258223116397858,0,0.017152786254882812,0,0.017152786254882812,train,BraTS-GLI-01090-000,-17.466026306152344,-17.44887351989746
0.0,1.0,1.0,2,random,0.10258223116397858,0,0.032245635986328125,0,0.032245635986328125,train,BraTS-GLI-01090-000,-17.466026306152344,-17.433780670166016
5.960464477539063e-08,0.9994459748268127,0.25,2,proposal,0.10258223116397858,0,0.15607070922851562,0,0.15607070922851562,train,BraTS-GLI-01090-000,-17.466026306152344,-17.309955596923828
5.960464477539063e-08,0.9994459748268127,0.5,2,proposal,0.10258223116397858,0,0.3702735900878906,0,0.3702735900878906,train,BraTS-GLI-01090-000,-17.466026306152344,-17.095752716064453
1.1920928955078125e-07,0.9994459748268127,1.0,2,proposal,0.10258223116397858,0,0.18785858154296875,0,0.18785858154296875,train,BraTS-GLI-01090-000,-17.466026306152344,-17.278167724609375
0.0,0.9994459748268127,0.25,2,anti_proposal,0.10258223116397858,0,-0.1341114044189453,0,0.1341114044189453,train,BraTS-GLI-01090-000,-17.466026306152344,-17.60013771057129
-1.1920928955078125e-07,0.9994459748268127,0.5,2,anti_proposal,0.10258223116397858,0,-0.2192363739013672,0,0.2192363739013672,train,BraTS-GLI-01090-000,-17.466026306152344,-17.68526268005371
-1.1920928955078125e-07,0.9994459748268127,1.0,2,anti_proposal,0.10258223116397858,0,-0.7010173797607422,0,0.7010173797607422,train,BraTS-GLI-01090-000,-17.466026306152344,-18.167043685913086
0.0,1.0,0.25,3,prototype,0.20304745435714722,0,-0.0001049041748046875,0,0.0001049041748046875,train,BraTS-GLI-01090-000,-16.074960708618164,-16.07506561279297
0.0,1.0,0.5,3,prototype,0.20304745435714722,0,0.0024471282958984375,0,0.0024471282958984375,train,BraTS-GLI-01090-000,-16.074960708618164,-16.072513580322266
5.960464477539063e-08,1.0,1.0,3,prototype,0.20304745435714722,0,0.018917083740234375,0,0.018917083740234375,train,BraTS-GLI-01090-000,-16.074960708618164,-16.05604362487793
0.0,1.0,0.25,3,random,0.20304745435714722,0,0.0003204345703125,0,0.0003204345703125,train,BraTS-GLI-01090-000,-16.074960708618164,-16.07464027404785
0.0,1.0,0.5,3,random,0.20304745435714722,0,-0.0002593994140625,0,0.0002593994140625,train,BraTS-GLI-01090-000,-16.074960708618164,-16.075220108032227
0.0,1.0,1.0,3,random,0.20304745435714722,0,-0.000881195068359375,0,0.000881195068359375,train,BraTS-GLI-01090-000,-16.074960708618164,-16.075841903686523
5.960464477539063e-08,0.9997190833091736,0.25,3,proposal,0.20304745435714722,0,0.11914443969726562,0,0.11914443969726562,train,BraTS-GLI-01090-000,-16.074960708618164,-15.955816268920898
4.172325134277344e-07,0.9997190833091736,0.5,3,proposal,0.20304745435714722,0,0.4734649658203125,0,0.4734649658203125,train,BraTS-GLI-01090-000,-16.074960708618164,-15.601495742797852
4.947185516357422e-06,0.9997190833091736,1.0,3,proposal,0.20304745435714722,0,1.9486150741577148,0,1.9486150741577148,train,BraTS-GLI-01090-000,-16.074960708618164,-14.12634563446045
0.0,0.9997190833091736,0.25,3,anti_proposal,0.20304745435714722,0,-0.0858306884765625,0,0.0858306884765625,train,BraTS-GLI-01090-000,-16.074960708618164,-16.160791397094727
-5.960464477539063e-08,0.9997190833091736,0.5,3,anti_proposal,0.20304745435714722,0,-0.19188499450683594,0,0.19188499450683594,train,BraTS-GLI-01090-000,-16.074960708618164,-16.266845703125
-1.7881393432617188e-07,0.9997190833091736,1.0,3,anti_proposal,0.20304745435714722,0,-0.7149734497070312,0,0.7149734497070312,train,BraTS-GLI-01090-000,-16.074960708618164,-16.789934158325195
5.960464477539063e-08,1.0,0.25,5,prototype,0.18185898661613464,0,0.07209205627441406,0,0.07209205627441406,train,BraTS-GLI-01090-000,-16.278776168823242,-16.206684112548828
5.960464477539063e-08,1.0,0.5,5,prototype,0.18185898661613464,0,0.14262008666992188,0,0.14262008666992188,train,BraTS-GLI-01090-000,-16.278776168823242,-16.13615608215332
1.1920928955078125e-07,1.0,1.0,5,prototype,0.18185898661613464,0,0.2687664031982422,0,0.2687664031982422,train,BraTS-GLI-01090-000,-16.278776168823242,-16.010009765625
0.0,1.0,0.25,5,random,0.18185898661613464,0,0.0066967010498046875,0,0.0066967010498046875,train,BraTS-GLI-01090-000,-16.278776168823242,-16.272079467773438
0.0,1.0,0.5,5,random,0.18185898661613464,0,0.01202392578125,0,0.01202392578125,train,BraTS-GLI-01090-000,-16.278776168823242,-16.266752243041992
0.0,1.0,1.0,5,random,0.18185898661613464,0,0.019113540649414062,0,0.019113540649414062,train,BraTS-GLI-01090-000,-16.278776168823242,-16.259662628173828
2.980232238769531e-07,0.9955190420150757,0.25,5,proposal,0.18185898661613464,0,0.6294755935668945,0,0.6294755935668945,train,BraTS-GLI-01090-000,-16.278776168823242,-15.649300575256348
5.364418029785156e-07,0.9955190420150757,0.5,5,proposal,0.18185898661613464,0,0.9400501251220703,0,0.9400501251220703,train,BraTS-GLI-01090-000,-16.278776168823242,-15.338726043701172
7.152557373046875e-07,0.9955190420150757,1.0,5,proposal,0.18185898661613464,0,0.8603801727294922,0,0.8603801727294922,train,BraTS-GLI-01090-000,-16.278776168823242,-15.41839599609375
-1.7881393432617188e-07,0.9955190420150757,0.25,5,anti_proposal,0.18185898661613464,0,-0.5722141265869141,0,0.5722141265869141,train,BraTS-GLI-01090-000,-16.278776168823242,-16.850990295410156
-1.7881393432617188e-07,0.9955190420150757,0.5,5,anti_proposal,0.18185898661613464,0,-1.0196781158447266,0,1.0196781158447266,train,BraTS-GLI-01090-000,-16.278776168823242,-17.29845428466797
-2.384185791015625e-07,0.9955190420150757,1.0,5,anti_proposal,0.18185898661613464,0,-1.291168212890625,0,1.291168212890625,train,BraTS-GLI-01090-000,-16.278776168823242,-17.569944381713867
0.0,1.0,0.25,5,prototype,0.15365901589393616,0,0.010835647583007812,0,0.010835647583007812,train,BraTS-GLI-01176-000,-15.645949363708496,-15.635113716125488
0.0,1.0,0.5,5,prototype,0.15365901589393616,0,0.023366928100585938,0,0.023366928100585938,train,BraTS-GLI-01176-000,-15.645949363708496,-15.62258243560791
5.960464477539063e-08,1.0,1.0,5,prototype,0.15365901589393616,0,0.04592704772949219,0,0.04592704772949219,train,BraTS-GLI-01176-000,-15.645949363708496,-15.600022315979004
0.0,1.0,0.25,5,random,0.15365901589393616,0,-0.019012451171875,0,0.019012451171875,train,BraTS-GLI-01176-000,-15.645949363708496,-15.664961814880371
0.0,1.0,0.5,5,random,0.15365901589393616,0,-0.039463043212890625,0,0.039463043212890625,train,BraTS-GLI-01176-000,-15.645949363708496,-15.685412406921387
-5.960464477539063e-08,1.0,1.0,5,random,0.15365901589393616,0,-0.08297061920166016,0,0.08297061920166016,train,BraTS-GLI-01176-000,-15.645949363708496,-15.728919982910156
2.384185791015625e-07,0.9964451193809509,0.25,5,proposal,0.15365901589393616,0,0.2439250946044922,0,0.2439250946044922,train,BraTS-GLI-01176-000,-15.645949363708496,-15.402024269104004
6.556510925292969e-07,0.9964451193809509,0.5,5,proposal,0.15365901589393616,0,0.5440654754638672,0,0.5440654754638672,train,BraTS-GLI-01176-000,-15.645949363708496,-15.101883888244629
3.0994415283203125e-06,0.9964451193809509,1.0,5,proposal,0.15365901589393616,0,1.3360834121704102,0,1.3360834121704102,train,BraTS-GLI-01176-000,-15.645949363708496,-14.309865951538086
-1.7881393432617188e-07,0.9964451193809509,0.25,5,anti_proposal,0.15365901589393616,0,-0.2732381820678711,0,0.2732381820678711,train,BraTS-GLI-01176-000,-15.645949363708496,-15.919187545776367
-2.980232238769531e-07,0.9964451193809509,0.5,5,anti_proposal,0.15365901589393616,0,-0.5642404556274414,0,0.5642404556274414,train,BraTS-GLI-01176-000,-15.645949363708496,-16.210189819335938
-4.172325134277344e-07,0.9964451193809509,1.0,5,anti_proposal,0.15365901589393616,0,-0.9984560012817383,0,0.9984560012817383,train,BraTS-GLI-01176-000,-15.645949363708496,-16.644405364990234
6.091594696044922e-05,1.0,0.25,1,prototype,-0.03662627935409546,0,0.029436111450195312,0,0.029436111450195312,train,BraTS-GLI-01314-000,-18.280933380126953,-18.251497268676758
0.001331925392150879,1.0,0.5,1,prototype,-0.03662627935409546,0,0.09438323974609375,0,0.09438323974609375,train,BraTS-GLI-01314-000,-18.280933380126953,-18.18655014038086
0.02570897340774536,1.0,1.0,1,prototype,-0.03662627935409546,0,0.3719615936279297,0,0.3719615936279297,train,BraTS-GLI-01314-000,-18.280933380126953,-17.908971786499023
6.079673767089844e-06,1.0,0.25,1,random,-0.03662627935409546,0,0.003269195556640625,0,0.003269195556640625,train,BraTS-GLI-01314-000,-18.280933380126953,-18.277664184570312
1.615285873413086e-05,1.0,0.5,1,random,-0.03662627935409546,0,0.008085250854492188,0,0.008085250854492188,train,BraTS-GLI-01314-000,-18.280933380126953,-18.27284812927246
6.67572021484375e-05,1.0,1.0,1,random,-0.03662627935409546,0,0.021368026733398438,0,0.021368026733398438,train,BraTS-GLI-01314-000,-18.280933380126953,-18.259565353393555
-1.728534698486328e-05,0.9986746311187744,0.25,1,proposal,-0.03662627935409546,0,0.7425003051757812,0,0.7425003051757812,train,BraTS-GLI-01314-000,-18.280933380126953,-17.538433074951172
-1.7940998077392578e-05,0.9986746311187744,0.5,1,proposal,-0.03662627935409546,0,1.5992755889892578,0,1.5992755889892578,train,BraTS-GLI-01314-000,-18.280933380126953,-16.681657791137695
-1.7762184143066406e-05,0.9986746311187744,1.0,1,proposal,-0.03662627935409546,0,2.707857131958008,0,2.707857131958008,train,BraTS-GLI-01314-000,-18.280933380126953,-15.573076248168945
0.0019496679306030273,0.9986746311187744,0.25,1,anti_proposal,-0.03662627935409546,0,-0.5657806396484375,0,0.5657806396484375,train,BraTS-GLI-01314-000,-18.280933380126953,-18.84671401977539
0.016732454299926758,0.9986746311187744,0.5,1,anti_proposal,-0.03662627935409546,0,-0.9727249145507812,0,0.9727249145507812,train,BraTS-GLI-01314-000,-18.280933380126953,-19.253658294677734
0.0461997389793396,0.9986746311187744,1.0,1,anti_proposal,-0.03662627935409546,0,-1.562835693359375,0,1.562835693359375,train,BraTS-GLI-01314-000,-18.280933380126953,-19.843769073486328
2.384185791015625e-07,1.0,0.25,1,prototype,0.38798895478248596,0,0.1499481201171875,0,0.1499481201171875,train,BraTS-GLI-01293-000,-21.94042205810547,-21.79047393798828
7.748603820800781e-07,1.0,0.5,1,prototype,0.38798895478248596,0,0.3534221649169922,0,0.3534221649169922,train,BraTS-GLI-01293-000,-21.94042205810547,-21.586999893188477
5.9604644775390625e-06,1.0,1.0,1,prototype,0.38798895478248596,0,1.01708984375,0,1.01708984375,train,BraTS-GLI-01293-000,-21.94042205810547,-20.92333221435547
5.960464477539063e-08,1.0,0.25,1,random,0.38798895478248596,0,-0.006763458251953125,0,0.006763458251953125,train,BraTS-GLI-01293-000,-21.94042205810547,-21.947185516357422
5.960464477539063e-08,1.0,0.5,1,random,0.38798895478248596,0,-0.014423370361328125,0,0.014423370361328125,train,BraTS-GLI-01293-000,-21.94042205810547,-21.954845428466797
5.960464477539063e-08,1.0,1.0,1,random,0.38798895478248596,0,-0.03272056579589844,0,0.03272056579589844,train,BraTS-GLI-01293-000,-21.94042205810547,-21.973142623901367
1.0728836059570312e-06,0.9999947547912598,0.25,1,proposal,0.38798895478248596,0,0.4973945617675781,0,0.4973945617675781,train,BraTS-GLI-01293-000,-21.94042205810547,-21.44302749633789
1.3828277587890625e-05,0.9999947547912598,0.5,1,proposal,0.38798895478248596,0,1.3592758178710938,0,1.3592758178710938,train,BraTS-GLI-01293-000,-21.94042205810547,-20.581146240234375
0.0026496052742004395,0.9999947547912598,1.0,1,proposal,0.38798895478248596,0,4.223274230957031,0,4.223274230957031,train,BraTS-GLI-01293-000,-21.94042205810547,-17.717147827148438
-1.1920928955078125e-07,0.9999947547912598,0.25,1,anti_proposal,0.38798895478248596,0,-0.2682819366455078,0,0.2682819366455078,train,BraTS-GLI-01293-000,-21.94042205810547,-22.208703994750977
-1.1920928955078125e-07,0.9999947547912598,0.5,1,anti_proposal,0.38798895478248596,0,-0.3668346405029297,0,0.3668346405029297,train,BraTS-GLI-01293-000,-21.94042205810547,-22.3072566986084
-1.1920928955078125e-07,0.9999947547912598,1.0,1,anti_proposal,0.38798895478248596,0,-0.22567367553710938,0,0.22567367553710938,train,BraTS-GLI-01293-000,-21.94042205810547,-22.166095733642578
0.0,1.0,0.25,2,prototype,0.3847842812538147,0,-0.0033588409423828125,0,0.0033588409423828125,train,BraTS-GLI-01293-000,-18.3091983795166,-18.312557220458984
0.0,1.0,0.5,2,prototype,0.3847842812538147,0,0.023284912109375,0,0.023284912109375,train,BraTS-GLI-01293-000,-18.3091983795166,-18.285913467407227
4.172325134277344e-07,1.0,1.0,2,prototype,0.3847842812538147,0,0.37216758728027344,0,0.37216758728027344,train,BraTS-GLI-01293-000,-18.3091983795166,-17.937030792236328
0.0,1.0,0.25,2,random,0.3847842812538147,0,0.07275009155273438,0,0.07275009155273438,train,BraTS-GLI-01293-000,-18.3091983795166,-18.236448287963867
0.0,1.0,0.5,2,random,0.3847842812538147,0,0.14261627197265625,0,0.14261627197265625,train,BraTS-GLI-01293-000,-18.3091983795166,-18.166582107543945
0.0,1.0,1.0,2,random,0.3847842812538147,0,0.27027130126953125,0,0.27027130126953125,train,BraTS-GLI-01293-000,-18.3091983795166,-18.03892707824707
0.0,0.999998927116394,0.25,2,proposal,0.3847842812538147,0,0.25632476806640625,0,0.25632476806640625,train,BraTS-GLI-01293-000,-18.3091983795166,-18.052873611450195
4.76837158203125e-07,0.999998927116394,0.5,2,proposal,0.3847842812538147,0,0.7372417449951172,0,0.7372417449951172,train,BraTS-GLI-01293-000,-18.3091983795166,-17.571956634521484
5.424022674560547e-06,0.999998927116394,1.0,2,proposal,0.3847842812538147,0,2.189004898071289,0,2.189004898071289,train,BraTS-GLI-01293-000,-18.3091983795166,-16.120193481445312
0.0,0.999998927116394,0.25,2,anti_proposal,0.3847842812538147,0,-0.26872825622558594,0,0.26872825622558594,train,BraTS-GLI-01293-000,-18.3091983795166,-18.577926635742188
0.0,0.999998927116394,0.5,2,anti_proposal,0.3847842812538147,0,-0.6117610931396484,0,0.6117610931396484,train,BraTS-GLI-01293-000,-18.3091983795166,-18.92095947265625
0.0,0.999998927116394,1.0,2,anti_proposal,0.3847842812538147,0,-1.4225482940673828,0,1.4225482940673828,train,BraTS-GLI-01293-000,-18.3091983795166,-19.731746673583984
0.0,1.0,0.25,25,prototype,0.3916614055633545,0,0.10501670837402344,0,0.10501670837402344,train,BraTS-GLI-01293-000,-18.383277893066406,-18.278261184692383
0.0,1.0,0.5,25,prototype,0.3916614055633545,0,0.26751708984375,0,0.26751708984375,train,BraTS-GLI-01293-000,-18.383277893066406,-18.115760803222656
7.748603820800781e-07,1.0,1.0,25,prototype,0.3916614055633545,0,1.4341316223144531,0,1.4341316223144531,train,BraTS-GLI-01293-000,-18.383277893066406,-16.949146270751953
0.0,1.0,0.25,25,random,0.3916614055633545,0,0.052753448486328125,0,0.052753448486328125,train,BraTS-GLI-01293-000,-18.383277893066406,-18.330524444580078
0.0,1.0,0.5,25,random,0.3916614055633545,0,0.10930824279785156,0,0.10930824279785156,train,BraTS-GLI-01293-000,-18.383277893066406,-18.273969650268555
0.0,1.0,1.0,25,random,0.3916614055633545,0,0.2311992645263672,0,0.2311992645263672,train,BraTS-GLI-01293-000,-18.383277893066406,-18.15207862854004
0.0,0.9999867677688599,0.25,25,proposal,0.3916614055633545,0,0.5973777770996094,0,0.5973777770996094,train,BraTS-GLI-01293-000,-18.383277893066406,-17.785900115966797
1.6689300537109375e-06,0.9999867677688599,0.5,25,proposal,0.3916614055633545,0,2.3428421020507812,0,2.3428421020507812,train,BraTS-GLI-01293-000,-18.383277893066406,-16.040435791015625
2.4318695068359375e-05,0.9999867677688599,1.0,25,proposal,0.3916614055633545,0,5.311140060424805,0,5.311140060424805,train,BraTS-GLI-01293-000,-18.383277893066406,-13.072137832641602
0.0,0.9999867677688599,0.25,25,anti_proposal,0.3916614055633545,0,-0.3367900848388672,0,0.3367900848388672,train,BraTS-GLI-01293-000,-18.383277893066406,-18.720067977905273
0.0,0.9999867677688599,0.5,25,anti_proposal,0.3916614055633545,0,-0.6139125823974609,0,0.6139125823974609,train,BraTS-GLI-01293-000,-18.383277893066406,-18.997190475463867
0.0,0.9999867677688599,1.0,25,anti_proposal,0.3916614055633545,0,-1.2681427001953125,0,1.2681427001953125,train,BraTS-GLI-01293-000,-18.383277893066406,-19.65142059326172
0.0,1.0,0.25,30,prototype,0.1562006175518036,0,0.017049789428710938,0,0.017049789428710938,train,BraTS-GLI-01427-000,-25.714744567871094,-25.697694778442383
0.0,1.0,0.5,30,prototype,0.1562006175518036,0,0.03349494934082031,0,0.03349494934082031,train,BraTS-GLI-01427-000,-25.714744567871094,-25.681249618530273
0.0,1.0,1.0,30,prototype,0.1562006175518036,0,0.06526947021484375,0,0.06526947021484375,train,BraTS-GLI-01427-000,-25.714744567871094,-25.64947509765625
0.0,1.0,0.25,30,random,0.1562006175518036,0,-0.0017070770263671875,0,0.0017070770263671875,train,BraTS-GLI-01427-000,-25.714744567871094,-25.71645164489746
0.0,1.0,0.5,30,random,0.1562006175518036,0,-0.0006427764892578125,0,0.0006427764892578125,train,BraTS-GLI-01427-000,-25.714744567871094,-25.71538734436035
0.0,1.0,1.0,30,random,0.1562006175518036,0,-0.00553131103515625,0,0.00553131103515625,train,BraTS-GLI-01427-000,-25.714744567871094,-25.72027587890625
0.0,0.9999779462814331,0.25,30,proposal,0.1562006175518036,0,0.0975799560546875,0,0.0975799560546875,train,BraTS-GLI-01427-000,-25.714744567871094,-25.617164611816406
0.0,0.9999779462814331,0.5,30,proposal,0.1562006175518036,0,0.189910888671875,0,0.189910888671875,train,BraTS-GLI-01427-000,-25.714744567871094,-25.52483367919922
0.0,0.9999779462814331,1.0,30,proposal,0.1562006175518036,0,0.6478729248046875,0,0.6478729248046875,train,BraTS-GLI-01427-000,-25.714744567871094,-25.066871643066406
0.0,0.9999779462814331,0.25,30,anti_proposal,0.1562006175518036,0,-0.09385871887207031,0,0.09385871887207031,train,BraTS-GLI-01427-000,-25.714744567871094,-25.808603286743164
0.0,0.9999779462814331,0.5,30,anti_proposal,0.1562006175518036,0,-0.16766929626464844,0,0.16766929626464844,train,BraTS-GLI-01427-000,-25.714744567871094,-25.882413864135742
0.0,0.9999779462814331,1.0,30,anti_proposal,0.1562006175518036,0,-0.26662445068359375,0,0.26662445068359375,train,BraTS-GLI-01427-000,-25.714744567871094,-25.981369018554688
0.0,1.0,0.25,5,prototype,0.2062452882528305,0,0.09963607788085938,0,0.09963607788085938,train,BraTS-GLI-01074-000,-19.2067813873291,-19.107145309448242
5.960464477539063e-08,1.0,0.5,5,prototype,0.2062452882528305,0,0.203582763671875,0,0.203582763671875,train,BraTS-GLI-01074-000,-19.2067813873291,-19.003198623657227
1.1920928955078125e-07,1.0,1.0,5,prototype,0.2062452882528305,0,0.4429340362548828,0,0.4429340362548828,train,BraTS-GLI-01074-000,-19.2067813873291,-18.76384735107422
0.0,1.0,0.25,5,random,0.2062452882528305,0,0.04261589050292969,0,0.04261589050292969,train,BraTS-GLI-01074-000,-19.2067813873291,-19.164165496826172
0.0,1.0,0.5,5,random,0.2062452882528305,0,0.08336257934570312,0,0.08336257934570312,train,BraTS-GLI-01074-000,-19.2067813873291,-19.1234188079834
0.0,1.0,1.0,5,random,0.2062452882528305,0,0.1641845703125,0,0.1641845703125,train,BraTS-GLI-01074-000,-19.2067813873291,-19.0425968170166
3.5762786865234375e-07,0.9999994039535522,0.25,5,proposal,0.2062452882528305,0,0.2738971710205078,0,0.2738971710205078,train,BraTS-GLI-01074-000,-19.2067813873291,-18.932884216308594
2.4437904357910156e-06,0.9999994039535522,0.5,5,proposal,0.2062452882528305,0,1.1620445251464844,0,1.1620445251464844,train,BraTS-GLI-01074-000,-19.2067813873291,-18.044736862182617
0.01458829641342163,0.9999994039535522,1.0,5,proposal,0.2062452882528305,0,4.690323829650879,0,4.690323829650879,train,BraTS-GLI-01074-000,-19.2067813873291,-14.516457557678223
-1.7881393432617188e-07,0.9999994039535522,0.25,5,anti_proposal,0.2062452882528305,0,0.1847553253173828,0,0.1847553253173828,train,BraTS-GLI-01074-000,-19.2067813873291,-19.02202606201172
-2.384185791015625e-07,0.9999994039535522,0.5,5,anti_proposal,0.2062452882528305,0,0.5094718933105469,0,0.5094718933105469,train,BraTS-GLI-01074-000,-19.2067813873291,-18.697309494018555
-3.5762786865234375e-07,0.9999994039535522,1.0,5,anti_proposal,0.2062452882528305,0,0.6184501647949219,0,0.6184501647949219,train,BraTS-GLI-01074-000,-19.2067813873291,-18.58833122253418
0.0,1.0,0.25,1,prototype,-0.05629749596118927,0,-0.03286170959472656,0,0.03286170959472656,train,BraTS-GLI-01530-000,-18.22849464416504,-18.261356353759766
0.0,1.0,0.5,1,prototype,-0.05629749596118927,0,-0.06515121459960938,0,0.06515121459960938,train,BraTS-GLI-01530-000,-18.22849464416504,-18.29364585876465
0.0,1.0,1.0,1,prototype,-0.05629749596118927,0,-0.12696075439453125,0,0.12696075439453125,train,BraTS-GLI-01530-000,-18.22849464416504,-18.35545539855957
0.0,1.0,0.25,1,random,-0.05629749596118927,0,-0.0078887939453125,0,0.0078887939453125,train,BraTS-GLI-01530-000,-18.22849464416504,-18.23638343811035
0.0,1.0,0.5,1,random,-0.05629749596118927,0,-0.017496109008789062,0,0.017496109008789062,train,BraTS-GLI-01530-000,-18.22849464416504,-18.245990753173828
0.0,1.0,1.0,1,random,-0.05629749596118927,0,-0.03886604309082031,0,0.03886604309082031,train,BraTS-GLI-01530-000,-18.22849464416504,-18.26736068725586
0.0,0.998839795589447,0.25,1,proposal,-0.05629749596118927,0,0.5932540893554688,0,0.5932540893554688,train,BraTS-GLI-01530-000,-18.22849464416504,-17.63524055480957
5.960464477539063e-08,0.998839795589447,0.5,1,proposal,-0.05629749596118927,0,1.492095947265625,0,1.492095947265625,train,BraTS-GLI-01530-000,-18.22849464416504,-16.736398696899414
5.364418029785156e-07,0.998839795589447,1.0,1,proposal,-0.05629749596118927,0,2.963430404663086,0,2.963430404663086,train,BraTS-GLI-01530-000,-18.22849464416504,-15.265064239501953
0.0,0.998839795589447,0.25,1,anti_proposal,-0.05629749596118927,0,-0.3997669219970703,0,0.3997669219970703,train,BraTS-GLI-01530-000,-18.22849464416504,-18.62826156616211
-1.1920928955078125e-07,0.998839795589447,0.5,1,anti_proposal,-0.05629749596118927,0,-0.7067737579345703,0,0.7067737579345703,train,BraTS-GLI-01530-000,-18.22849464416504,-18.93526840209961
-1.1920928955078125e-07,0.998839795589447,1.0,1,anti_proposal,-0.05629749596118927,0,-1.2547550201416016,0,1.2547550201416016,train,BraTS-GLI-01530-000,-18.22849464416504,-19.48324966430664
4.088878631591797e-05,1.0,0.25,36,prototype,0.08464126288890839,0,0.03585052490234375,0,0.03585052490234375,train,BraTS-GLI-00299-000,-12.43305492401123,-12.397204399108887
9.47117805480957e-05,1.0,0.5,36,prototype,0.08464126288890839,0,0.07843971252441406,0,0.07843971252441406,train,BraTS-GLI-00299-000,-12.43305492401123,-12.354615211486816
0.00027126073837280273,1.0,1.0,36,prototype,0.08464126288890839,0,0.20044994354248047,0,0.20044994354248047,train,BraTS-GLI-00299-000,-12.43305492401123,-12.23260498046875
-7.098913192749023e-05,1.0,0.25,36,random,0.08464126288890839,0,-0.06834030151367188,0,0.06834030151367188,train,BraTS-GLI-00299-000,-12.43305492401123,-12.501395225524902
-0.00013512372970581055,1.0,0.5,36,random,0.08464126288890839,0,-0.13721179962158203,0,0.13721179962158203,train,BraTS-GLI-00299-000,-12.43305492401123,-12.570266723632812
-0.0002465248107910156,1.0,1.0,36,random,0.08464126288890839,0,-0.2777252197265625,0,0.2777252197265625,train,BraTS-GLI-00299-000,-12.43305492401123,-12.710780143737793
0.00605398416519165,0.999937891960144,0.25,36,proposal,0.08464126288890839,0,1.3196582794189453,0,1.3196582794189453,train,BraTS-GLI-00299-000,-12.43305492401123,-11.113396644592285
0.07027316093444824,0.999937891960144,0.5,36,proposal,0.08464126288890839,0,2.669801712036133,0,2.669801712036133,train,BraTS-GLI-00299-000,-12.43305492401123,-9.763253211975098
0.40298694372177124,0.999937891960144,1.0,36,proposal,0.08464126288890839,0,4.959873199462891,0,4.959873199462891,train,BraTS-GLI-00299-000,-12.43305492401123,-7.47318172454834
-0.0006213784217834473,0.999937891960144,0.25,36,anti_proposal,0.08464126288890839,0,-1.3450374603271484,0,1.3450374603271484,train,BraTS-GLI-00299-000,-12.43305492401123,-13.778092384338379
-0.0006927251815795898,0.999937891960144,0.5,36,anti_proposal,0.08464126288890839,0,-2.4881248474121094,0,2.4881248474121094,train,BraTS-GLI-00299-000,-12.43305492401123,-14.92117977142334
-0.000702202320098877,0.999937891960144,1.0,36,anti_proposal,0.08464126288890839,0,-3.4884214401245117,0,3.4884214401245117,train,BraTS-GLI-00299-000,-12.43305492401123,-15.921476364135742
0.001771092414855957,1.0,0.25,28,prototype,0.25920212268829346,0,0.6863946914672852,0,0.6863946914672852,train,BraTS-GLI-00299-000,-10.271528244018555,-9.58513355255127
0.0055005550384521484,1.0,0.5,28,prototype,0.25920212268829346,0,1.4309148788452148,0,1.4309148788452148,train,BraTS-GLI-00299-000,-10.271528244018555,-8.84061336517334
0.021960675716400146,1.0,1.0,28,prototype,0.25920212268829346,0,3.0799694061279297,0,3.0799694061279297,train,BraTS-GLI-00299-000,-10.271528244018555,-7.191558837890625
1.913309097290039e-05,1.0,0.25,28,random,0.25920212268829346,0,0.017086029052734375,0,0.017086029052734375,train,BraTS-GLI-00299-000,-10.271528244018555,-10.25444221496582
4.094839096069336e-05,1.0,0.5,28,random,0.25920212268829346,0,0.03434467315673828,0,0.03434467315673828,train,BraTS-GLI-00299-000,-10.271528244018555,-10.237183570861816
9.572505950927734e-05,1.0,1.0,28,random,0.25920212268829346,0,0.07001876831054688,0,0.07001876831054688,train,BraTS-GLI-00299-000,-10.271528244018555,-10.201509475708008
0.017332911491394043,0.9992109537124634,0.25,28,proposal,0.25920212268829346,0,2.519829750061035,0,2.519829750061035,train,BraTS-GLI-00299-000,-10.271528244018555,-7.7516984939575195
0.05084502696990967,0.9992109537124634,0.5,28,proposal,0.25920212268829346,0,5.362009048461914,0,5.362009048461914,train,BraTS-GLI-00299-000,-10.271528244018555,-4.909519195556641
0.05653858184814453,0.9992109537124634,1.0,28,proposal,0.25920212268829346,0,10.138075426220894,0,10.138075426220894,train,BraTS-GLI-00299-000,-10.271528244018555,-0.13345281779766083
-0.0012873411178588867,0.9992109537124634,0.25,28,anti_proposal,0.25920212268829346,0,-2.312164306640625,0,2.312164306640625,train,BraTS-GLI-00299-000,-10.271528244018555,-12.58369255065918
-0.0013353228569030762,0.9992109537124634,0.5,28,anti_proposal,0.25920212268829346,0,-4.206896781921387,0,4.206896781921387,train,BraTS-GLI-00299-000,-10.271528244018555,-14.478425025939941
-0.0013384222984313965,0.9992109537124634,1.0,28,anti_proposal,0.25920212268829346,0,-6.256170272827148,0,6.256170272827148,train,BraTS-GLI-00299-000,-10.271528244018555,-16.527698516845703
0.030398011207580566,1.0,0.25,40,prototype,0.28545305132865906,0,0.674281120300293,0,0.674281120300293,train,BraTS-GLI-00404-000,-10.156376838684082,-9.482095718383789
0.06963151693344116,1.0,0.5,40,prototype,0.28545305132865906,0,1.3207597732543945,0,1.3207597732543945,train,BraTS-GLI-00404-000,-10.156376838684082,-8.835617065429688
0.15209323167800903,1.0,1.0,40,prototype,0.28545305132865906,0,2.3415679931640625,0,2.3415679931640625,train,BraTS-GLI-00404-000,-10.156376838684082,-7.8148088455200195
0.0015267729759216309,1.0,0.25,40,random,0.28545305132865906,0,0.06363773345947266,0,0.06363773345947266,train,BraTS-GLI-00404-000,-10.156376838684082,-10.09273910522461
0.0028952956199645996,1.0,0.5,40,random,0.28545305132865906,0,0.12243366241455078,0,0.12243366241455078,train,BraTS-GLI-00404-000,-10.156376838684082,-10.033943176269531
0.00572359561920166,1.0,1.0,40,random,0.28545305132865906,0,0.23992156982421875,0,0.23992156982421875,train,BraTS-GLI-00404-000,-10.156376838684082,-9.916455268859863
0.11643552780151367,0.998635470867157,0.25,40,proposal,0.28545305132865906,0,1.775350570678711,0,1.775350570678711,train,BraTS-GLI-00404-000,-10.156376838684082,-8.381026268005371
0.23882722854614258,0.998635470867157,0.5,40,proposal,0.28545305132865906,0,3.269598960876465,0,3.269598960876465,train,BraTS-GLI-00404-000,-10.156376838684082,-6.886777877807617
0.4994804561138153,0.998635470867157,1.0,40,proposal,0.28545305132865906,0,5.353348255157471,0,5.353348255157471,train,BraTS-GLI-00404-000,-10.156376838684082,-4.803028583526611
-0.02026689052581787,0.998635470867157,0.25,40,anti_proposal,0.28545305132865906,0,-1.670079231262207,0,1.670079231262207,train,BraTS-GLI-00404-000,-10.156376838684082,-11.826456069946289
-0.020680010318756104,0.998635470867157,0.5,40,anti_proposal,0.28545305132865906,0,-3.1926374435424805,0,3.1926374435424805,train,BraTS-GLI-00404-000,-10.156376838684082,-13.349014282226562
-0.020695626735687256,0.998635470867157,1.0,40,anti_proposal,0.28545305132865906,0,-5.30277156829834,0,5.30277156829834,train,BraTS-GLI-00404-000,-10.156376838684082,-15.459148406982422
3.5762786865234375e-06,1.0,0.25,15,prototype,0.3011317253112793,0,0.003955841064453125,0,0.003955841064453125,train,BraTS-GLI-00404-000,-12.552299499511719,-12.548343658447266
6.258487701416016e-06,1.0,0.5,15,prototype,0.3011317253112793,0,0.004940032958984375,0,0.004940032958984375,train,BraTS-GLI-00404-000,-12.552299499511719,-12.547359466552734
1.0073184967041016e-05,1.0,1.0,15,prototype,0.3011317253112793,0,0.008009910583496094,0,0.008009910583496094,train,BraTS-GLI-00404-000,-12.552299499511719,-12.544289588928223
-1.9669532775878906e-06,1.0,0.25,15,random,0.3011317253112793,0,-0.009522438049316406,0,0.009522438049316406,train,BraTS-GLI-00404-000,-12.552299499511719,-12.561821937561035
-3.7550926208496094e-06,1.0,0.5,15,random,0.3011317253112793,0,-0.01822376251220703,0,0.01822376251220703,train,BraTS-GLI-00404-000,-12.552299499511719,-12.570523262023926
-7.331371307373047e-06,1.0,1.0,15,random,0.3011317253112793,0,-0.035157203674316406,0,0.035157203674316406,train,BraTS-GLI-00404-000,-12.552299499511719,-12.587456703186035
2.1636486053466797e-05,0.9994801878929138,0.25,15,proposal,0.3011317253112793,0,0.07356929779052734,0,0.07356929779052734,train,BraTS-GLI-00404-000,-12.552299499511719,-12.478730201721191
4.678964614868164e-05,0.9994801878929138,0.5,15,proposal,0.3011317253112793,0,0.14701557159423828,0,0.14701557159423828,train,BraTS-GLI-00404-000,-12.552299499511719,-12.40528392791748
0.0001201629638671875,0.9994801878929138,1.0,15,proposal,0.3011317253112793,0,0.3082408905029297,0,0.3082408905029297,train,BraTS-GLI-00404-000,-12.552299499511719,-12.244058609008789
-1.430511474609375e-05,0.9994801878929138,0.25,15,anti_proposal,0.3011317253112793,0,-0.041779518127441406,0,0.041779518127441406,train,BraTS-GLI-00404-000,-12.552299499511719,-12.59407901763916
-2.1278858184814453e-05,0.9994801878929138,0.5,15,anti_proposal,0.3011317253112793,0,-0.03259086608886719,0,0.03259086608886719,train,BraTS-GLI-00404-000,-12.552299499511719,-12.584890365600586
-3.0517578125e-05,0.9994801878929138,1.0,15,anti_proposal,0.3011317253112793,0,0.1930246353149414,0,0.1930246353149414,train,BraTS-GLI-00404-000,-12.552299499511719,-12.359274864196777
7.748603820800781e-07,1.0,0.25,1,prototype,0.39455074071884155,0,0.07283401489257812,0,0.07283401489257812,train,BraTS-GLI-00193-000,-19.117002487182617,-19.04416847229004
2.086162567138672e-06,1.0,0.5,1,prototype,0.39455074071884155,0,0.15572357177734375,0,0.15572357177734375,train,BraTS-GLI-00193-000,-19.117002487182617,-18.961278915405273
6.4373016357421875e-06,1.0,1.0,1,prototype,0.39455074071884155,0,0.36858558654785156,0,0.36858558654785156,train,BraTS-GLI-00193-000,-19.117002487182617,-18.748416900634766
0.0,1.0,0.25,1,random,0.39455074071884155,0,-0.0069789886474609375,0,0.0069789886474609375,train,BraTS-GLI-00193-000,-19.117002487182617,-19.123981475830078
0.0,1.0,0.5,1,random,0.39455074071884155,0,-0.01418304443359375,0,0.01418304443359375,train,BraTS-GLI-00193-000,-19.117002487182617,-19.13118553161621
-5.960464477539063e-08,1.0,1.0,1,random,0.39455074071884155,0,-0.02845001220703125,0,0.02845001220703125,train,BraTS-GLI-00193-000,-19.117002487182617,-19.14545249938965
2.4437904357910156e-06,0.9999995231628418,0.25,1,proposal,0.39455074071884155,0,0.22331809997558594,0,0.22331809997558594,train,BraTS-GLI-00193-000,-19.117002487182617,-18.89368438720703
9.357929229736328e-06,0.9999995231628418,0.5,1,proposal,0.39455074071884155,0,0.5431575775146484,0,0.5431575775146484,train,BraTS-GLI-00193-000,-19.117002487182617,-18.57384490966797
8.994340896606445e-05,0.9999995231628418,1.0,1,proposal,0.39455074071884155,0,1.5088844299316406,0,1.5088844299316406,train,BraTS-GLI-00193-000,-19.117002487182617,-17.608118057250977
-9.5367431640625e-07,0.9999995231628418,0.25,1,anti_proposal,0.39455074071884155,0,-0.16433334350585938,0,0.16433334350585938,train,BraTS-GLI-00193-000,-19.117002487182617,-19.281335830688477
-1.4901161193847656e-06,0.9999995231628418,0.5,1,anti_proposal,0.39455074071884155,0,-0.2778911590576172,0,0.2778911590576172,train,BraTS-GLI-00193-000,-19.117002487182617,-19.394893646240234
-1.9073486328125e-06,0.9999995231628418,1.0,1,anti_proposal,0.39455074071884155,0,-0.3807086944580078,0,0.3807086944580078,train,BraTS-GLI-00193-000,-19.117002487182617,-19.497711181640625
6.020069122314453e-06,1.0,0.25,3,prototype,0.38942795991897583,0,0.07409095764160156,0,0.07409095764160156,train,BraTS-GLI-00193-000,-19.848155975341797,-19.774065017700195
1.5437602996826172e-05,1.0,0.5,3,prototype,0.38942795991897583,0,0.15999412536621094,0,0.15999412536621094,train,BraTS-GLI-00193-000,-19.848155975341797,-19.688161849975586
5.513429641723633e-05,1.0,1.0,3,prototype,0.38942795991897583,0,0.38314247131347656,0,0.38314247131347656,train,BraTS-GLI-00193-000,-19.848155975341797,-19.46501350402832
-1.2516975402832031e-06,1.0,0.25,3,random,0.38942795991897583,0,-0.020368576049804688,0,0.020368576049804688,train,BraTS-GLI-00193-000,-19.848155975341797,-19.8685245513916
-2.384185791015625e-06,1.0,0.5,3,random,0.38942795991897583,0,-0.03833961486816406,0,0.03833961486816406,train,BraTS-GLI-00193-000,-19.848155975341797,-19.88649559020996
-4.827976226806641e-06,1.0,1.0,3,random,0.38942795991897583,0,-0.07862472534179688,0,0.07862472534179688,train,BraTS-GLI-00193-000,-19.848155975341797,-19.926780700683594
1.8835067749023438e-05,0.9999995231628418,0.25,3,proposal,0.38942795991897583,0,0.2103137969970703,0,0.2103137969970703,train,BraTS-GLI-00193-000,-19.848155975341797,-19.637842178344727
7.891654968261719e-05,0.9999995231628418,0.5,3,proposal,0.38942795991897583,0,0.5105094909667969,0,0.5105094909667969,train,BraTS-GLI-00193-000,-19.848155975341797,-19.337646484375
0.0009061098098754883,0.9999995231628418,1.0,3,proposal,0.38942795991897583,0,1.3088798522949219,0,1.3088798522949219,train,BraTS-GLI-00193-000,-19.848155975341797,-18.539276123046875
-8.106231689453125e-06,0.9999995231628418,0.25,3,anti_proposal,0.38942795991897583,0,-0.15657424926757812,0,0.15657424926757812,train,BraTS-GLI-00193-000,-19.848155975341797,-20.004730224609375
-1.0311603546142578e-05,0.9999995231628418,0.5,3,anti_proposal,0.38942795991897583,0,-0.25330352783203125,0,0.25330352783203125,train,BraTS-GLI-00193-000,-19.848155975341797,-20.101459503173828
-1.1265277862548828e-05,0.9999995231628418,1.0,3,anti_proposal,0.38942795991897583,0,-0.31128883361816406,0,0.31128883361816406,train,BraTS-GLI-00193-000,-19.848155975341797,-20.15944480895996
0.0,1.0,0.25,5,prototype,0.20569293200969696,0,-0.017946243286132812,0,0.017946243286132812,train,BraTS-GLI-00193-000,-21.290510177612305,-21.308456420898438
0.0,1.0,0.5,5,prototype,0.20569293200969696,0,-0.0345611572265625,0,0.0345611572265625,train,BraTS-GLI-00193-000,-21.290510177612305,-21.325071334838867
0.0,1.0,1.0,5,prototype,0.20569293200969696,0,-0.0623016357421875,0,0.0623016357421875,train,BraTS-GLI-00193-000,-21.290510177612305,-21.352811813354492
0.0,1.0,0.25,5,random,0.20569293200969696,0,-0.020509719848632812,0,0.020509719848632812,train,BraTS-GLI-00193-000,-21.290510177612305,-21.311019897460938
0.0,1.0,0.5,5,random,0.20569293200969696,0,-0.04061698913574219,0,0.04061698913574219,train,BraTS-GLI-00193-000,-21.290510177612305,-21.331127166748047
0.0,1.0,1.0,5,random,0.20569293200969696,0,-0.07795143127441406,0,0.07795143127441406,train,BraTS-GLI-00193-000,-21.290510177612305,-21.36846160888672
0.0,0.9999996423721313,0.25,5,proposal,0.20569293200969696,0,0.19051170349121094,0,0.19051170349121094,train,BraTS-GLI-00193-000,-21.290510177612305,-21.099998474121094
0.0,0.9999996423721313,0.5,5,proposal,0.20569293200969696,0,0.46796607971191406,0,0.46796607971191406,train,BraTS-GLI-00193-000,-21.290510177612305,-20.82254409790039
1.1920928955078125e-07,0.9999996423721313,1.0,5,proposal,0.20569293200969696,0,1.5097637176513672,0,1.5097637176513672,train,BraTS-GLI-00193-000,-21.290510177612305,-19.780746459960938
0.0,0.9999996423721313,0.25,5,anti_proposal,0.20569293200969696,0,-0.13176345825195312,0,0.13176345825195312,train,BraTS-GLI-00193-000,-21.290510177612305,-21.422273635864258
0.0,0.9999996423721313,0.5,5,anti_proposal,0.20569293200969696,0,-0.2245197296142578,0,0.2245197296142578,train,BraTS-GLI-00193-000,-21.290510177612305,-21.515029907226562
0.0,0.9999996423721313,1.0,5,anti_proposal,0.20569293200969696,0,-0.3242206573486328,0,0.3242206573486328,train,BraTS-GLI-00193-000,-21.290510177612305,-21.614730834960938
1.1920928955078125e-07,1.0,0.25,4,prototype,0.03837212547659874,0,0.00763702392578125,0,0.00763702392578125,train,BraTS-GLI-00840-000,-15.164146423339844,-15.156509399414062
1.1920928955078125e-07,1.0,0.5,4,prototype,0.03837212547659874,0,0.016361236572265625,0,0.016361236572265625,train,BraTS-GLI-00840-000,-15.164146423339844,-15.147785186767578
1.1920928955078125e-07,1.0,1.0,4,prototype,0.03837212547659874,0,-0.00354766845703125,0,0.00354766845703125,train,BraTS-GLI-00840-000,-15.164146423339844,-15.167694091796875
0.0,1.0,0.25,4,random,0.03837212547659874,0,0.0017061233520507812,0,0.0017061233520507812,train,BraTS-GLI-00840-000,-15.164146423339844,-15.162440299987793
0.0,1.0,0.5,4,random,0.03837212547659874,0,-0.0016031265258789062,0,0.0016031265258789062,train,BraTS-GLI-00840-000,-15.164146423339844,-15.165749549865723
0.0,1.0,1.0,4,random,0.03837212547659874,0,-0.010578155517578125,0,0.010578155517578125,train,BraTS-GLI-00840-000,-15.164146423339844,-15.174724578857422
1.7881393432617188e-07,0.9988559484481812,0.25,4,proposal,0.03837212547659874,0,0.12411022186279297,0,0.12411022186279297,train,BraTS-GLI-00840-000,-15.164146423339844,-15.04003620147705
2.384185791015625e-07,0.9988559484481812,0.5,4,proposal,0.03837212547659874,0,0.19924163818359375,0,0.19924163818359375,train,BraTS-GLI-00840-000,-15.164146423339844,-14.96490478515625
1.6689300537109375e-06,0.9988559484481812,1.0,4,proposal,0.03837212547659874,0,0.9597702026367188,0,0.9597702026367188,train,BraTS-GLI-00840-000,-15.164146423339844,-14.204376220703125
0.0,0.9988559484481812,0.25,4,anti_proposal,0.03837212547659874,0,-0.08133983612060547,0,0.08133983612060547,train,BraTS-GLI-00840-000,-15.164146423339844,-15.24548625946045
-1.1920928955078125e-07,0.9988559484481812,0.5,4,anti_proposal,0.03837212547659874,0,-0.27393531799316406,0,0.27393531799316406,train,BraTS-GLI-00840-000,-15.164146423339844,-15.438081741333008
-2.980232238769531e-07,0.9988559484481812,1.0,4,anti_proposal,0.03837212547659874,0,-0.7355833053588867,0,0.7355833053588867,train,BraTS-GLI-00840-000,-15.164146423339844,-15.89972972869873
0.00010377168655395508,1.0,0.25,3,prototype,0.13052691519260406,0,0.10189342498779297,0,0.10189342498779297,train,BraTS-GLI-01046-000,-9.013712882995605,-8.911819458007812
0.00021886825561523438,1.0,0.5,3,prototype,0.13052691519260406,0,0.20380020141601562,0,0.20380020141601562,train,BraTS-GLI-01046-000,-9.013712882995605,-8.80991268157959
0.00048595666885375977,1.0,1.0,3,prototype,0.13052691519260406,0,0.39500904083251953,0,0.39500904083251953,train,BraTS-GLI-01046-000,-9.013712882995605,-8.618703842163086
-1.0967254638671875e-05,1.0,0.25,3,random,0.13052691519260406,0,-0.00893402099609375,0,0.00893402099609375,train,BraTS-GLI-01046-000,-9.013712882995605,-9.0226469039917
-2.1278858184814453e-05,1.0,0.5,3,random,0.13052691519260406,0,-0.017057418823242188,0,0.017057418823242188,train,BraTS-GLI-01046-000,-9.013712882995605,-9.030770301818848
-4.13060188293457e-05,1.0,1.0,3,random,0.13052691519260406,0,-0.033847808837890625,0,0.033847808837890625,train,BraTS-GLI-01046-000,-9.013712882995605,-9.047560691833496
0.0009195804595947266,0.9999979734420776,0.25,3,proposal,0.13052691519260406,0,0.7166528701782227,0,0.7166528701782227,train,BraTS-GLI-01046-000,-9.013712882995605,-8.297060012817383
0.0028154850006103516,0.9999979734420776,0.5,3,proposal,0.13052691519260406,0,1.4057364463806152,0,1.4057364463806152,train,BraTS-GLI-01046-000,-9.013712882995605,-7.60797643661499
0.013161838054656982,0.9999979734420776,1.0,3,proposal,0.13052691519260406,0,2.7348289489746094,0,2.7348289489746094,train,BraTS-GLI-01046-000,-9.013712882995605,-6.278883934020996
-0.000410616397857666,0.9999979734420776,0.25,3,anti_proposal,0.13052691519260406,0,-0.7205190658569336,0,0.7205190658569336,train,BraTS-GLI-01046-000,-9.013712882995605,-9.734231948852539
-0.0006080269813537598,0.9999979734420776,0.5,3,anti_proposal,0.13052691519260406,0,-1.4747905731201172,0,1.4747905731201172,train,BraTS-GLI-01046-000,-9.013712882995605,-10.488503456115723
-0.0007484555244445801,0.9999979734420776,1.0,3,anti_proposal,0.13052691519260406,0,-3.124569892883301,0,3.124569892883301,train,BraTS-GLI-01046-000,-9.013712882995605,-12.138282775878906
1.5497207641601562e-06,1.0,0.25,1,prototype,-0.05899162217974663,0,-0.04027557373046875,0,0.04027557373046875,train,BraTS-GLI-00021-000,-20.324460983276367,-20.364736557006836
1.4424324035644531e-05,1.0,0.5,1,prototype,-0.05899162217974663,0,-0.07309150695800781,0,0.07309150695800781,train,BraTS-GLI-00021-000,-20.324460983276367,-20.397552490234375
0.0012093186378479004,1.0,1.0,1,prototype,-0.05899162217974663,0,-0.11685752868652344,0,0.11685752868652344,train,BraTS-GLI-00021-000,-20.324460983276367,-20.44131851196289
-5.960464477539063e-08,1.0,0.25,1,random,-0.05899162217974663,0,-0.00383758544921875,0,0.00383758544921875,train,BraTS-GLI-00021-000,-20.324460983276367,-20.328298568725586
-5.960464477539063e-08,1.0,0.5,1,random,-0.05899162217974663,0,-0.0077571868896484375,0,0.0077571868896484375,train,BraTS-GLI-00021-000,-20.324460983276367,-20.332218170166016
-5.960464477539063e-08,1.0,1.0,1,random,-0.05899162217974663,0,-0.015651702880859375,0,0.015651702880859375,train,BraTS-GLI-00021-000,-20.324460983276367,-20.340112686157227
-2.384185791015625e-07,0.99994957447052,0.25,1,proposal,-0.05899162217974663,0,0.8616294860839844,0,0.8616294860839844,train,BraTS-GLI-00021-000,-20.324460983276367,-19.462831497192383
-2.384185791015625e-07,0.99994957447052,0.5,1,proposal,-0.05899162217974663,0,1.7390422821044922,0,1.7390422821044922,train,BraTS-GLI-00021-000,-20.324460983276367,-18.585418701171875
-1.1920928955078125e-07,0.99994957447052,1.0,1,proposal,-0.05899162217974663,0,2.6611251831054688,0,2.6611251831054688,train,BraTS-GLI-00021-000,-20.324460983276367,-17.6633358001709
3.4570693969726562e-06,0.99994957447052,0.25,1,anti_proposal,-0.05899162217974663,0,-0.7040920257568359,0,0.7040920257568359,train,BraTS-GLI-00021-000,-20.324460983276367,-21.028553009033203
2.765655517578125e-05,0.99994957447052,0.5,1,anti_proposal,-0.05899162217974663,0,-1.247446060180664,0,1.247446060180664,train,BraTS-GLI-00021-000,-20.324460983276367,-21.57190704345703
0.00034111738204956055,0.99994957447052,1.0,1,anti_proposal,-0.05899162217974663,0,-2.0807533264160156,0,2.0807533264160156,train,BraTS-GLI-00021-000,-20.324460983276367,-22.405214309692383
0.0005095005035400391,1.0,0.25,3,prototype,0.3643978536128998,0,0.6906976699829102,0,0.6906976699829102,train,BraTS-GLI-01513-000,-10.452065467834473,-9.761367797851562
0.0012387633323669434,1.0,0.5,3,prototype,0.3643978536128998,0,1.3096561431884766,0,1.3096561431884766,train,BraTS-GLI-01513-000,-10.452065467834473,-9.142409324645996
0.0037388205528259277,1.0,1.0,3,prototype,0.3643978536128998,0,2.3601303100585938,0,2.3601303100585938,train,BraTS-GLI-01513-000,-10.452065467834473,-8.091935157775879
9.548664093017578e-05,1.0,0.25,3,random,0.3643978536128998,0,0.016631126403808594,0,0.016631126403808594,train,BraTS-GLI-01513-000,-10.452065467834473,-10.435434341430664
0.0002002120018005371,1.0,0.5,3,random,0.3643978536128998,0,0.030569076538085938,0,0.030569076538085938,train,BraTS-GLI-01513-000,-10.452065467834473,-10.421496391296387
0.00044471025466918945,1.0,1.0,3,random,0.3643978536128998,0,0.059680938720703125,0,0.059680938720703125,train,BraTS-GLI-01513-000,-10.452065467834473,-10.39238452911377
0.003924250602722168,0.9997913241386414,0.25,3,proposal,0.3643978536128998,0,1.8833446502685547,0,1.8833446502685547,train,BraTS-GLI-01513-000,-10.452065467834473,-8.568720817565918
0.018574893474578857,0.9997913241386414,0.5,3,proposal,0.3643978536128998,0,3.4610700607299805,0,3.4610700607299805,train,BraTS-GLI-01513-000,-10.452065467834473,-6.990995407104492
0.15882527828216553,0.9997913241386414,1.0,3,proposal,0.3643978536128998,0,6.074211120605469,0,6.074211120605469,train,BraTS-GLI-01513-000,-10.452065467834473,-4.377854347229004
-0.0008060932159423828,0.9997913241386414,0.25,3,anti_proposal,0.3643978536128998,0,-2.1264944076538086,0,2.1264944076538086,train,BraTS-GLI-01513-000,-10.452065467834473,-12.578559875488281
-0.0009503364562988281,0.9997913241386414,0.5,3,anti_proposal,0.3643978536128998,0,-4.167876243591309,0,4.167876243591309,train,BraTS-GLI-01513-000,-10.452065467834473,-14.619941711425781
-0.000983119010925293,0.9997913241386414,1.0,3,anti_proposal,0.3643978536128998,0,-6.950034141540527,0,6.950034141540527,train,BraTS-GLI-01513-000,-10.452065467834473,-17.402099609375
0.00025397539138793945,1.0,0.25,5,prototype,0.2647591829299927,0,0.13182544708251953,0,0.13182544708251953,train,BraTS-GLI-01068-000,-8.56430435180664,-8.432478904724121
0.0005782246589660645,1.0,0.5,5,prototype,0.2647591829299927,0,0.2763795852661133,0,0.2763795852661133,train,BraTS-GLI-01068-000,-8.56430435180664,-8.287924766540527
0.0014594197273254395,1.0,1.0,5,prototype,0.2647591829299927,0,0.5767769813537598,0,0.5767769813537598,train,BraTS-GLI-01068-000,-8.56430435180664,-7.987527370452881
-2.5570392608642578e-05,1.0,0.25,5,random,0.2647591829299927,0,-0.018456459045410156,0,0.018456459045410156,train,BraTS-GLI-01068-000,-8.56430435180664,-8.58276081085205
-6.252527236938477e-05,1.0,0.5,5,random,0.2647591829299927,0,-0.038247108459472656,0,0.038247108459472656,train,BraTS-GLI-01068-000,-8.56430435180664,-8.602551460266113
-0.0001188516616821289,1.0,1.0,5,random,0.2647591829299927,0,-0.07611560821533203,0,0.07611560821533203,train,BraTS-GLI-01068-000,-8.56430435180664,-8.640419960021973
0.0019159913063049316,0.9999762773513794,0.25,5,proposal,0.2647591829299927,0,0.712491512298584,0,0.712491512298584,train,BraTS-GLI-01068-000,-8.56430435180664,-7.851812839508057
0.00647127628326416,0.9999762773513794,0.5,5,proposal,0.2647591829299927,0,1.4611420631408691,0,1.4611420631408691,train,BraTS-GLI-01068-000,-8.56430435180664,-7.1031622886657715
0.03712141513824463,0.9999762773513794,1.0,5,proposal,0.2647591829299927,0,2.9854965209960938,0,2.9854965209960938,train,BraTS-GLI-01068-000,-8.56430435180664,-5.578807830810547
-0.0008303523063659668,0.9999762773513794,0.25,5,anti_proposal,0.2647591829299927,0,-0.7202014923095703,0,0.7202014923095703,train,BraTS-GLI-01068-000,-8.56430435180664,-9.284505844116211
-0.0011872053146362305,0.9999762773513794,0.5,5,anti_proposal,0.2647591829299927,0,-1.4855737686157227,0,1.4855737686157227,train,BraTS-GLI-01068-000,-8.56430435180664,-10.049878120422363
-0.0013771653175354004,0.9999762773513794,1.0,5,anti_proposal,0.2647591829299927,0,-2.796828269958496,0,2.796828269958496,train,BraTS-GLI-01068-000,-8.56430435180664,-11.361132621765137
0.0,1.0,0.25,2,prototype,0.2730347216129303,0,0.10881233215332031,0,0.10881233215332031,train,BraTS-GLI-01068-000,-18.839778900146484,-18.730966567993164
0.0,1.0,0.5,2,prototype,0.2730347216129303,0,0.21509552001953125,0,0.21509552001953125,train,BraTS-GLI-01068-000,-18.839778900146484,-18.624683380126953
0.0,1.0,1.0,2,prototype,0.2730347216129303,0,0.42722129821777344,0,0.42722129821777344,train,BraTS-GLI-01068-000,-18.839778900146484,-18.41255760192871
0.0,1.0,0.25,2,random,0.2730347216129303,0,0.07016181945800781,0,0.07016181945800781,train,BraTS-GLI-01068-000,-18.839778900146484,-18.769617080688477
0.0,1.0,0.5,2,random,0.2730347216129303,0,0.13930130004882812,0,0.13930130004882812,train,BraTS-GLI-01068-000,-18.839778900146484,-18.700477600097656
0.0,1.0,1.0,2,random,0.2730347216129303,0,0.2891731262207031,0,0.2891731262207031,train,BraTS-GLI-01068-000,-18.839778900146484,-18.55060577392578
1.1920928955078125e-07,0.999998927116394,0.25,2,proposal,0.2730347216129303,0,0.5082359313964844,0,0.5082359313964844,train,BraTS-GLI-01068-000,-18.839778900146484,-18.33154296875
1.1920928955078125e-07,0.999998927116394,0.5,2,proposal,0.2730347216129303,0,1.0508384704589844,0,1.0508384704589844,train,BraTS-GLI-01068-000,-18.839778900146484,-17.7889404296875
5.960464477539062e-07,0.999998927116394,1.0,2,proposal,0.2730347216129303,0,2.1767101287841797,0,2.1767101287841797,train,BraTS-GLI-01068-000,-18.839778900146484,-16.663068771362305
0.0,0.999998927116394,0.25,2,anti_proposal,0.2730347216129303,0,-0.4615364074707031,0,0.4615364074707031,train,BraTS-GLI-01068-000,-18.839778900146484,-19.301315307617188
0.0,0.999998927116394,0.5,2,anti_proposal,0.2730347216129303,0,-0.893035888671875,0,0.893035888671875,train,BraTS-GLI-01068-000,-18.839778900146484,-19.73281478881836
0.0,0.999998927116394,1.0,2,anti_proposal,0.2730347216129303,0,-1.601470947265625,0,1.601470947265625,train,BraTS-GLI-01068-000,-18.839778900146484,-20.44124984741211
2.980232238769531e-07,1.0,0.25,2,prototype,0.30182337760925293,0,0.0026493072509765625,0,0.0026493072509765625,train,BraTS-GLI-01536-000,-17.939363479614258,-17.93671417236328
7.152557373046875e-07,1.0,0.5,2,prototype,0.30182337760925293,0,0.0041522979736328125,0,0.0041522979736328125,train,BraTS-GLI-01536-000,-17.939363479614258,-17.935211181640625
1.4901161193847656e-06,1.0,1.0,2,prototype,0.30182337760925293,0,0.0052890777587890625,0,0.0052890777587890625,train,BraTS-GLI-01536-000,-17.939363479614258,-17.93407440185547
-1.7881393432617188e-07,1.0,0.25,2,random,0.30182337760925293,0,0.000308990478515625,0,0.000308990478515625,train,BraTS-GLI-01536-000,-17.939363479614258,-17.939054489135742
-2.384185791015625e-07,1.0,0.5,2,random,0.30182337760925293,0,-0.0009632110595703125,0,0.0009632110595703125,train,BraTS-GLI-01536-000,-17.939363479614258,-17.940326690673828
-4.76837158203125e-07,1.0,1.0,2,random,0.30182337760925293,0,-0.0003490447998046875,0,0.0003490447998046875,train,BraTS-GLI-01536-000,-17.939363479614258,-17.939712524414062
2.4437904357910156e-06,0.9999052286148071,0.25,2,proposal,0.30182337760925293,0,-0.16408538818359375,0,0.16408538818359375,train,BraTS-GLI-01536-000,-17.939363479614258,-18.10344886779785
5.304813385009766e-06,0.9999052286148071,0.5,2,proposal,0.30182337760925293,0,-0.2989997863769531,0,0.2989997863769531,train,BraTS-GLI-01536-000,-17.939363479614258,-18.23836326599121
1.1801719665527344e-05,0.9999052286148071,1.0,2,proposal,0.30182337760925293,0,-0.5507392883300781,0,0.5507392883300781,train,BraTS-GLI-01536-000,-17.939363479614258,-18.490102767944336
-2.86102294921875e-06,0.9999052286148071,0.25,2,anti_proposal,0.30182337760925293,0,0.20431900024414062,0,0.20431900024414062,train,BraTS-GLI-01536-000,-17.939363479614258,-17.735044479370117
-5.4836273193359375e-06,0.9999052286148071,0.5,2,anti_proposal,0.30182337760925293,0,0.4211101531982422,0,0.4211101531982422,train,BraTS-GLI-01536-000,-17.939363479614258,-17.518253326416016
-9.715557098388672e-06,0.9999052286148071,1.0,2,anti_proposal,0.30182337760925293,0,0.9503841400146484,0,0.9503841400146484,train,BraTS-GLI-01536-000,-17.939363479614258,-16.98897933959961
0.0,1.0,0.25,25,prototype,0.10619334876537323,0,0.014873504638671875,0,0.014873504638671875,train,BraTS-GLI-00130-000,-17.115083694458008,-17.100210189819336
0.0,1.0,0.5,25,prototype,0.10619334876537323,0,0.031042098999023438,0,0.031042098999023438,train,BraTS-GLI-00130-000,-17.115083694458008,-17.084041595458984
0.0,1.0,1.0,25,prototype,0.10619334876537323,0,0.059421539306640625,0,0.059421539306640625,train,BraTS-GLI-00130-000,-17.115083694458008,-17.055662155151367
0.0,1.0,0.25,25,random,0.10619334876537323,0,0.0068683624267578125,0,0.0068683624267578125,train,BraTS-GLI-00130-000,-17.115083694458008,-17.10821533203125
0.0,1.0,0.5,25,random,0.10619334876537323,0,0.015537261962890625,0,0.015537261962890625,train,BraTS-GLI-00130-000,-17.115083694458008,-17.099546432495117
0.0,1.0,1.0,25,random,0.10619334876537323,0,0.03433799743652344,0,0.03433799743652344,train,BraTS-GLI-00130-000,-17.115083694458008,-17.080745697021484
5.960464477539063e-08,0.9999865293502808,0.25,25,proposal,0.10619334876537323,0,0.1504840850830078,0,0.1504840850830078,train,BraTS-GLI-00130-000,-17.115083694458008,-16.964599609375
1.0132789611816406e-06,0.9999865293502808,0.5,25,proposal,0.10619334876537323,0,0.8674392700195312,0,0.8674392700195312,train,BraTS-GLI-00130-000,-17.115083694458008,-16.247644424438477
0.0002231001853942871,0.9999865293502808,1.0,25,proposal,0.10619334876537323,0,3.094283103942871,0,3.094283103942871,train,BraTS-GLI-00130-000,-17.115083694458008,-14.020800590515137
5.960464477539063e-08,0.9999865293502808,0.25,25,anti_proposal,0.10619334876537323,0,0.16286659240722656,0,0.16286659240722656,train,BraTS-GLI-00130-000,-17.115083694458008,-16.95221710205078
0.0,0.9999865293502808,0.5,25,anti_proposal,0.10619334876537323,0,0.3015937805175781,0,0.3015937805175781,train,BraTS-GLI-00130-000,-17.115083694458008,-16.81348991394043
-1.7881393432617188e-07,0.9999865293502808,1.0,25,anti_proposal,0.10619334876537323,0,0.23889923095703125,0,0.23889923095703125,train,BraTS-GLI-00130-000,-17.115083694458008,-16.876184463500977
-3.403425216674805e-05,1.0,0.25,3,prototype,0.30359378457069397,0,-0.08455944061279297,0,0.08455944061279297,test,BraTS-GLI-01326-000,-9.930095672607422,-10.014655113220215
-6.860494613647461e-05,1.0,0.5,3,prototype,0.30359378457069397,0,-0.17364788055419922,0,0.17364788055419922,test,BraTS-GLI-01326-000,-9.930095672607422,-10.103743553161621
-0.00013571977615356445,1.0,1.0,3,prototype,0.30359378457069397,0,-0.3729524612426758,0,0.3729524612426758,test,BraTS-GLI-01326-000,-9.930095672607422,-10.303048133850098
1.6570091247558594e-05,1.0,0.25,3,random,0.30359378457069397,0,0.025739669799804688,0,0.025739669799804688,test,BraTS-GLI-01326-000,-9.930095672607422,-9.904356002807617
3.361701965332031e-05,1.0,0.5,3,random,0.30359378457069397,0,0.04979896545410156,0,0.04979896545410156,test,BraTS-GLI-01326-000,-9.930095672607422,-9.88029670715332
7.891654968261719e-05,1.0,1.0,3,random,0.30359378457069397,0,0.110382080078125,0,0.110382080078125,test,BraTS-GLI-01326-000,-9.930095672607422,-9.819713592529297
0.0036632418632507324,0.9999903440475464,0.25,3,proposal,0.30359378457069397,0,1.7930793762207031,0,1.7930793762207031,test,BraTS-GLI-01326-000,-9.930095672607422,-8.137016296386719
0.032827138900756836,0.9999903440475464,0.5,3,proposal,0.30359378457069397,0,3.5824642181396484,0,3.5824642181396484,test,BraTS-GLI-01326-000,-9.930095672607422,-6.347631454467773
0.4240642786026001,0.9999903440475464,1.0,3,proposal,0.30359378457069397,0,7.079454183578491,0,7.079454183578491,test,BraTS-GLI-01326-000,-9.930095672607422,-2.8506414890289307
-0.00042057037353515625,0.9999903440475464,0.25,3,anti_proposal,0.30359378457069397,0,-1.7023019790649414,0,1.7023019790649414,test,BraTS-GLI-01326-000,-9.930095672607422,-11.632397651672363
-0.0004763603210449219,0.9999903440475464,0.5,3,anti_proposal,0.30359378457069397,0,-3.1420202255249023,0,3.1420202255249023,test,BraTS-GLI-01326-000,-9.930095672607422,-13.072115898132324
-0.0004909038543701172,0.9999903440475464,1.0,3,anti_proposal,0.30359378457069397,0,-5.379724502563477,0,5.379724502563477,test,BraTS-GLI-01326-000,-9.930095672607422,-15.309820175170898
0.0,1.0,0.25,40,prototype,0.03917438164353371,0,-0.1413726806640625,0,0.1413726806640625,test,BraTS-GLI-00146-000,-32.33709716796875,-32.47846984863281
0.0,1.0,0.5,40,prototype,0.03917438164353371,0,-0.2655372619628906,0,0.2655372619628906,test,BraTS-GLI-00146-000,-32.33709716796875,-32.60263442993164
0.0,1.0,1.0,40,prototype,0.03917438164353371,0,-0.4552574157714844,0,0.4552574157714844,test,BraTS-GLI-00146-000,-32.33709716796875,-32.792354583740234
0.0,1.0,0.25,40,random,0.03917438164353371,0,-0.12845611572265625,0,0.12845611572265625,test,BraTS-GLI-00146-000,-32.33709716796875,-32.465553283691406
0.0,1.0,0.5,40,random,0.03917438164353371,0,-0.2567100524902344,0,0.2567100524902344,test,BraTS-GLI-00146-000,-32.33709716796875,-32.593807220458984
0.0,1.0,1.0,40,random,0.03917438164353371,0,-0.5046119689941406,0,0.5046119689941406,test,BraTS-GLI-00146-000,-32.33709716796875,-32.84170913696289
0.0,0.9938989877700806,0.25,40,proposal,0.03917438164353371,0,1.0947532653808594,0,1.0947532653808594,test,BraTS-GLI-00146-000,-32.33709716796875,-31.24234390258789
0.0,0.9938989877700806,0.5,40,proposal,0.03917438164353371,0,2.1819610595703125,0,2.1819610595703125,test,BraTS-GLI-00146-000,-32.33709716796875,-30.155136108398438
0.0,0.9938989877700806,1.0,40,proposal,0.03917438164353371,0,4.912847518920898,0,4.912847518920898,test,BraTS-GLI-00146-000,-32.33709716796875,-27.42424964904785
0.0,0.9938989877700806,0.25,40,anti_proposal,0.03917438164353371,0,-1.0687789916992188,0,1.0687789916992188,test,BraTS-GLI-00146-000,-32.33709716796875,-33.40587615966797
0.0,0.9938989877700806,0.5,40,anti_proposal,0.03917438164353371,0,-2.0036239624023438,0,2.0036239624023438,test,BraTS-GLI-00146-000,-32.33709716796875,-34.340721130371094
0.0,0.9938989877700806,1.0,40,anti_proposal,0.03917438164353371,0,-3.277019500732422,0,3.277019500732422,test,BraTS-GLI-00146-000,-32.33709716796875,-35.61411666870117
0.011246442794799805,1.0,0.25,117,prototype,0.3008549213409424,0,0.09232759475708008,0,0.09232759475708008,test,BraTS-GLI-00146-000,-4.26696252822876,-4.17463493347168
0.023613572120666504,1.0,0.5,117,prototype,0.3008549213409424,0,0.1895298957824707,0,0.1895298957824707,test,BraTS-GLI-00146-000,-4.26696252822876,-4.077432632446289
0.05242711305618286,1.0,1.0,117,prototype,0.3008549213409424,0,0.39449214935302734,0,0.39449214935302734,test,BraTS-GLI-00146-000,-4.26696252822876,-3.8724703788757324
0.01991581916809082,1.0,0.25,117,random,0.3008549213409424,0,0.18588590621948242,0,0.18588590621948242,test,BraTS-GLI-00146-000,-4.26696252822876,-4.081076622009277
0.04191190004348755,1.0,0.5,117,random,0.3008549213409424,0,0.3663175106048584,0,0.3663175106048584,test,BraTS-GLI-00146-000,-4.26696252822876,-3.9006450176239014
0.09063774347305298,1.0,1.0,117,random,0.3008549213409424,0,0.7100484371185303,0,0.7100484371185303,test,BraTS-GLI-00146-000,-4.26696252822876,-3.5569140911102295
0.08028817176818848,0.9999020099639893,0.25,117,proposal,0.3008549213409424,0,0.6314034461975098,0,0.6314034461975098,test,BraTS-GLI-00146-000,-4.26696252822876,-3.63555908203125
0.19004088640213013,0.9999020099639893,0.5,117,proposal,0.3008549213409424,0,1.2647209167480469,0,1.2647209167480469,test,BraTS-GLI-00146-000,-4.26696252822876,-3.002241611480713
0.4205670654773712,0.9999020099639893,1.0,117,proposal,0.3008549213409424,0,2.440634846687317,0,2.440634846687317,test,BraTS-GLI-00146-000,-4.26696252822876,-1.8263276815414429
-0.050818026065826416,0.9999020099639893,0.25,117,anti_proposal,0.3008549213409424,0,-0.6356263160705566,0,0.6356263160705566,test,BraTS-GLI-00146-000,-4.26696252822876,-4.902588844299316
-0.07820534706115723,0.9999020099639893,0.5,117,anti_proposal,0.3008549213409424,0,-1.2407374382019043,0,1.2407374382019043,test,BraTS-GLI-00146-000,-4.26696252822876,-5.507699966430664
-0.09791845083236694,0.9999020099639893,1.0,117,anti_proposal,0.3008549213409424,0,-2.297499179840088,0,2.297499179840088,test,BraTS-GLI-00146-000,-4.26696252822876,-6.564461708068848
0.0,1.0,0.25,4,prototype,0.18477773666381836,0,0.1379566192626953,0,0.1379566192626953,test,BraTS-GLI-00628-000,-21.98451805114746,-21.846561431884766
0.0,1.0,0.5,4,prototype,0.18477773666381836,0,0.272216796875,0,0.272216796875,test,BraTS-GLI-00628-000,-21.98451805114746,-21.71230125427246
1.1920928955078125e-07,1.0,1.0,4,prototype,0.18477773666381836,0,0.5300140380859375,0,0.5300140380859375,test,BraTS-GLI-00628-000,-21.98451805114746,-21.454504013061523
0.0,1.0,0.25,4,random,0.18477773666381836,0,-0.06656646728515625,0,0.06656646728515625,test,BraTS-GLI-00628-000,-21.98451805114746,-22.051084518432617
0.0,1.0,0.5,4,random,0.18477773666381836,0,-0.13520050048828125,0,0.13520050048828125,test,BraTS-GLI-00628-000,-21.98451805114746,-22.119718551635742
0.0,1.0,1.0,4,random,0.18477773666381836,0,-0.26860618591308594,0,0.26860618591308594,test,BraTS-GLI-00628-000,-21.98451805114746,-22.253124237060547
1.7881393432617188e-07,0.9997087121009827,0.25,4,proposal,0.18477773666381836,0,-0.14418792724609375,0,0.14418792724609375,test,BraTS-GLI-00628-000,-21.98451805114746,-22.128705978393555
1.6689300537109375e-06,0.9997087121009827,0.5,4,proposal,0.18477773666381836,0,-0.2037353515625,0,0.2037353515625,test,BraTS-GLI-00628-000,-21.98451805114746,-22.18825340270996
7.128715515136719e-05,0.9997087121009827,1.0,4,proposal,0.18477773666381836,0,-0.07905960083007812,0,0.07905960083007812,test,BraTS-GLI-00628-000,-21.98451805114746,-22.06357765197754
-5.960464477539063e-08,0.9997087121009827,0.25,4,anti_proposal,0.18477773666381836,0,0.2626686096191406,0,0.2626686096191406,test,BraTS-GLI-00628-000,-21.98451805114746,-21.72184944152832
-5.960464477539063e-08,0.9997087121009827,0.5,4,anti_proposal,0.18477773666381836,0,0.6557178497314453,0,0.6557178497314453,test,BraTS-GLI-00628-000,-21.98451805114746,-21.328800201416016
0.0,0.9997087121009827,1.0,4,anti_proposal,0.18477773666381836,0,1.5386581420898438,0,1.5386581420898438,test,BraTS-GLI-00628-000,-21.98451805114746,-20.445859909057617
0.0,1.0,0.25,6,prototype,0.11370745301246643,0,-0.08496475219726562,0,0.08496475219726562,test,BraTS-GLI-00628-000,-25.753055572509766,-25.83802032470703
0.0,1.0,0.5,6,prototype,0.11370745301246643,0,-0.17338943481445312,0,0.17338943481445312,test,BraTS-GLI-00628-000,-25.753055572509766,-25.92644500732422
0.0,1.0,1.0,6,prototype,0.11370745301246643,0,-0.3580322265625,0,0.3580322265625,test,BraTS-GLI-00628-000,-25.753055572509766,-26.111087799072266
0.0,1.0,0.25,6,random,0.11370745301246643,0,-0.024461746215820312,0,0.024461746215820312,test,BraTS-GLI-00628-000,-25.753055572509766,-25.777517318725586
0.0,1.0,0.5,6,random,0.11370745301246643,0,-0.04899787902832031,0,0.04899787902832031,test,BraTS-GLI-00628-000,-25.753055572509766,-25.802053451538086
0.0,1.0,1.0,6,random,0.11370745301246643,0,-0.09929656982421875,0,0.09929656982421875,test,BraTS-GLI-00628-000,-25.753055572509766,-25.852352142333984
0.0,0.9997275471687317,0.25,6,proposal,0.11370745301246643,0,-1.062845230102539,0,1.062845230102539,test,BraTS-GLI-00628-000,-25.753055572509766,-26.815900802612305
0.0,0.9997275471687317,0.5,6,proposal,0.11370745301246643,0,-2.2549514770507812,0,2.2549514770507812,test,BraTS-GLI-00628-000,-25.753055572509766,-28.008007049560547
0.0,0.9997275471687317,1.0,6,proposal,0.11370745301246643,0,-4.094940185546875,0,4.094940185546875,test,BraTS-GLI-00628-000,-25.753055572509766,-29.84799575805664
0.0,0.9997275471687317,0.25,6,anti_proposal,0.11370745301246643,0,0.9236602783203125,0,0.9236602783203125,test,BraTS-GLI-00628-000,-25.753055572509766,-24.829395294189453
0.0,0.9997275471687317,0.5,6,anti_proposal,0.11370745301246643,0,1.869710922241211,0,1.869710922241211,test,BraTS-GLI-00628-000,-25.753055572509766,-23.883344650268555
0.0,0.9997275471687317,1.0,6,anti_proposal,0.11370745301246643,0,5.103607177734375,0,5.103607177734375,test,BraTS-GLI-00628-000,-25.753055572509766,-20.64944839477539
0.0,1.0,0.25,5,prototype,0.09451572597026825,0,-0.04634666442871094,0,0.04634666442871094,test,BraTS-GLI-00628-000,-25.489192962646484,-25.535539627075195
0.0,1.0,0.5,5,prototype,0.09451572597026825,0,-0.08709526062011719,0,0.08709526062011719,test,BraTS-GLI-00628-000,-25.489192962646484,-25.5762882232666
0.0,1.0,1.0,5,prototype,0.09451572597026825,0,-0.12280654907226562,0,0.12280654907226562,test,BraTS-GLI-00628-000,-25.489192962646484,-25.61199951171875
0.0,1.0,0.25,5,random,0.09451572597026825,0,0.031494140625,0,0.031494140625,test,BraTS-GLI-00628-000,-25.489192962646484,-25.457698822021484
0.0,1.0,0.5,5,random,0.09451572597026825,0,0.06176185607910156,0,0.06176185607910156,test,BraTS-GLI-00628-000,-25.489192962646484,-25.427431106567383
0.0,1.0,1.0,5,random,0.09451572597026825,0,0.1270008087158203,0,0.1270008087158203,test,BraTS-GLI-00628-000,-25.489192962646484,-25.362192153930664
0.0,0.9996912479400635,0.25,5,proposal,0.09451572597026825,0,-1.1396903991699219,0,1.1396903991699219,test,BraTS-GLI-00628-000,-25.489192962646484,-26.628883361816406
0.0,0.9996912479400635,0.5,5,proposal,0.09451572597026825,0,-2.0564537048339844,0,2.0564537048339844,test,BraTS-GLI-00628-000,-25.489192962646484,-27.54564666748047
0.0,0.9996912479400635,1.0,5,proposal,0.09451572597026825,0,-3.2294483184814453,0,3.2294483184814453,test,BraTS-GLI-00628-000,-25.489192962646484,-28.71864128112793
0.0,0.9996912479400635,0.25,5,anti_proposal,0.09451572597026825,0,1.4178199768066406,0,1.4178199768066406,test,BraTS-GLI-00628-000,-25.489192962646484,-24.071372985839844
0.0,0.9996912479400635,0.5,5,anti_proposal,0.09451572597026825,0,2.920408248901367,0,2.920408248901367,test,BraTS-GLI-00628-000,-25.489192962646484,-22.568784713745117
0.0,0.9996912479400635,1.0,5,anti_proposal,0.09451572597026825,0,6.0517425537109375,0,6.0517425537109375,test,BraTS-GLI-00628-000,-25.489192962646484,-19.437450408935547
1.1920928955078125e-07,1.0,0.25,2,prototype,0.15727315843105316,0,0.07906532287597656,0,0.07906532287597656,test,BraTS-GLI-01062-000,-17.115354537963867,-17.03628921508789
1.1920928955078125e-07,1.0,0.5,2,prototype,0.15727315843105316,0,0.16561317443847656,0,0.16561317443847656,test,BraTS-GLI-01062-000,-17.115354537963867,-16.94974136352539
1.7881393432617188e-07,1.0,1.0,2,prototype,0.15727315843105316,0,0.37417030334472656,0,0.37417030334472656,test,BraTS-GLI-01062-000,-17.115354537963867,-16.74118423461914
0.0,1.0,0.25,2,random,0.15727315843105316,0,-0.04572486877441406,0,0.04572486877441406,test,BraTS-GLI-01062-000,-17.115354537963867,-17.16107940673828
0.0,1.0,0.5,2,random,0.15727315843105316,0,-0.08945465087890625,0,0.08945465087890625,test,BraTS-GLI-01062-000,-17.115354537963867,-17.204809188842773
0.0,1.0,1.0,2,random,0.15727315843105316,0,-0.15863800048828125,0,0.15863800048828125,test,BraTS-GLI-01062-000,-17.115354537963867,-17.27399253845215
5.960464477539062e-07,0.9990813732147217,0.25,2,proposal,0.15727315843105316,0,0.8671054840087891,0,0.8671054840087891,test,BraTS-GLI-01062-000,-17.115354537963867,-16.248249053955078
3.0994415283203125e-06,0.9990813732147217,0.5,2,proposal,0.15727315843105316,0,1.9206457138061523,0,1.9206457138061523,test,BraTS-GLI-01062-000,-17.115354537963867,-15.194708824157715
4.017353057861328e-05,0.9990813732147217,1.0,2,proposal,0.15727315843105316,0,3.8290281295776367,0,3.8290281295776367,test,BraTS-GLI-01062-000,-17.115354537963867,-13.28632640838623
-5.960464477539063e-08,0.9990813732147217,0.25,2,anti_proposal,0.15727315843105316,0,-0.5977993011474609,0,0.5977993011474609,test,BraTS-GLI-01062-000,-17.115354537963867,-17.713153839111328
-5.960464477539063e-08,0.9990813732147217,0.5,2,anti_proposal,0.15727315843105316,0,-0.8774795532226562,0,0.8774795532226562,test,BraTS-GLI-01062-000,-17.115354537963867,-17.992834091186523
-1.1920928955078125e-07,0.9990813732147217,1.0,2,anti_proposal,0.15727315843105316,0,-1.4754505157470703,0,1.4754505157470703,test,BraTS-GLI-01062-000,-17.115354537963867,-18.590805053710938
3.516674041748047e-06,1.0,0.25,14,prototype,0.11735954135656357,0,0.9919929504394531,0,0.9919929504394531,test,BraTS-GLI-00186-000,-19.13134765625,-18.139354705810547
2.4318695068359375e-05,1.0,0.5,14,prototype,0.11735954135656357,0,2.1867237091064453,0,2.1867237091064453,test,BraTS-GLI-00186-000,-19.13134765625,-16.944623947143555
0.0007010698318481445,1.0,1.0,14,prototype,0.11735954135656357,0,4.916661262512207,0,4.916661262512207,test,BraTS-GLI-00186-000,-19.13134765625,-14.214686393737793
-5.960464477539063e-08,1.0,0.25,14,random,0.11735954135656357,0,-0.07141304016113281,0,0.07141304016113281,test,BraTS-GLI-00186-000,-19.13134765625,-19.202760696411133
-5.960464477539063e-08,1.0,0.5,14,random,0.11735954135656357,0,-0.14386367797851562,0,0.14386367797851562,test,BraTS-GLI-00186-000,-19.13134765625,-19.275211334228516
-1.7881393432617188e-07,1.0,1.0,14,random,0.11735954135656357,0,-0.2957267761230469,0,0.2957267761230469,test,BraTS-GLI-00186-000,-19.13134765625,-19.427074432373047
3.30805778503418e-05,0.9999572038650513,0.25,14,proposal,0.11735954135656357,0,2.6450366973876953,0,2.6450366973876953,test,BraTS-GLI-00186-000,-19.13134765625,-16.486310958862305
0.0006191134452819824,0.9999572038650513,0.5,14,proposal,0.11735954135656357,0,5.595754623413086,0,5.595754623413086,test,BraTS-GLI-00186-000,-19.13134765625,-13.535593032836914
0.05472075939178467,0.9999572038650513,1.0,14,proposal,0.11735954135656357,0,11.825170040130615,0,11.825170040130615,test,BraTS-GLI-00186-000,-19.13134765625,-7.306177616119385
-7.152557373046875e-07,0.9999572038650513,0.25,14,anti_proposal,0.11735954135656357,0,-1.6593971252441406,0,1.6593971252441406,test,BraTS-GLI-00186-000,-19.13134765625,-20.79074478149414
-7.152557373046875e-07,0.9999572038650513,0.5,14,anti_proposal,0.11735954135656357,0,-1.8197002410888672,0,1.8197002410888672,test,BraTS-GLI-00186-000,-19.13134765625,-20.951047897338867
-5.364418029785156e-07,0.9999572038650513,1.0,14,anti_proposal,0.11735954135656357,0,-0.8204174041748047,0,0.8204174041748047,test,BraTS-GLI-00186-000,-19.13134765625,-19.951765060424805
0.0,1.0,0.25,2,prototype,0.3389050364494324,0,0.018222808837890625,0,0.018222808837890625,test,BraTS-GLI-00565-000,-24.925670623779297,-24.907447814941406
0.0,1.0,0.5,2,prototype,0.3389050364494324,0,0.03462409973144531,0,0.03462409973144531,test,BraTS-GLI-00565-000,-24.925670623779297,-24.89104652404785
0.0,1.0,1.0,2,prototype,0.3389050364494324,0,0.0780029296875,0,0.0780029296875,test,BraTS-GLI-00565-000,-24.925670623779297,-24.847667694091797
0.0,1.0,0.25,2,random,0.3389050364494324,0,0.00791168212890625,0,0.00791168212890625,test,BraTS-GLI-00565-000,-24.925670623779297,-24.91775894165039
0.0,1.0,0.5,2,random,0.3389050364494324,0,0.017637252807617188,0,0.017637252807617188,test,BraTS-GLI-00565-000,-24.925670623779297,-24.90803337097168
0.0,1.0,1.0,2,random,0.3389050364494324,0,0.03487205505371094,0,0.03487205505371094,test,BraTS-GLI-00565-000,-24.925670623779297,-24.890798568725586
0.0,0.9999676942825317,0.25,2,proposal,0.3389050364494324,0,-0.09742546081542969,0,0.09742546081542969,test,BraTS-GLI-00565-000,-24.925670623779297,-25.023096084594727
0.0,0.9999676942825317,0.5,2,proposal,0.3389050364494324,0,-0.1570262908935547,0,0.1570262908935547,test,BraTS-GLI-00565-000,-24.925670623779297,-25.08269691467285
0.0,0.9999676942825317,1.0,2,proposal,0.3389050364494324,0,-0.23033523559570312,0,0.23033523559570312,test,BraTS-GLI-00565-000,-24.925670623779297,-25.156005859375
0.0,0.9999676942825317,0.25,2,anti_proposal,0.3389050364494324,0,0.11842536926269531,0,0.11842536926269531,test,BraTS-GLI-00565-000,-24.925670623779297,-24.8072452545166
0.0,0.9999676942825317,0.5,2,anti_proposal,0.3389050364494324,0,0.2615776062011719,0,0.2615776062011719,test,BraTS-GLI-00565-000,-24.925670623779297,-24.664093017578125
0.0,0.9999676942825317,1.0,2,anti_proposal,0.3389050364494324,0,0.6472339630126953,0,0.6472339630126953,test,BraTS-GLI-00565-000,-24.925670623779297,-24.2784366607666
0.0,1.0,0.25,7,prototype,0.3443065285682678,0,0.0021228790283203125,0,0.0021228790283203125,test,BraTS-GLI-01428-000,-19.694759368896484,-19.692636489868164
0.0,1.0,0.5,7,prototype,0.3443065285682678,0,0.012742996215820312,0,0.012742996215820312,test,BraTS-GLI-01428-000,-19.694759368896484,-19.682016372680664
0.0,1.0,1.0,7,prototype,0.3443065285682678,0,0.07555961608886719,0,0.07555961608886719,test,BraTS-GLI-01428-000,-19.694759368896484,-19.619199752807617
0.0,1.0,0.25,7,random,0.3443065285682678,0,0.10929298400878906,0,0.10929298400878906,test,BraTS-GLI-01428-000,-19.694759368896484,-19.585466384887695
0.0,1.0,0.5,7,random,0.3443065285682678,0,0.22535133361816406,0,0.22535133361816406,test,BraTS-GLI-01428-000,-19.694759368896484,-19.46940803527832
0.0,1.0,1.0,7,random,0.3443065285682678,0,0.4749774932861328,0,0.4749774932861328,test,BraTS-GLI-01428-000,-19.694759368896484,-19.21978187561035
0.0,0.9998970031738281,0.25,7,proposal,0.3443065285682678,0,-0.3248119354248047,0,0.3248119354248047,test,BraTS-GLI-01428-000,-19.694759368896484,-20.01957130432129
0.0,0.9998970031738281,0.5,7,proposal,0.3443065285682678,0,-0.5691699981689453,0,0.5691699981689453,test,BraTS-GLI-01428-000,-19.694759368896484,-20.26392936706543
0.0,0.9998970031738281,1.0,7,proposal,0.3443065285682678,0,-0.6954669952392578,0,0.6954669952392578,test,BraTS-GLI-01428-000,-19.694759368896484,-20.390226364135742
0.0,0.9998970031738281,0.25,7,anti_proposal,0.3443065285682678,0,0.3725872039794922,0,0.3725872039794922,test,BraTS-GLI-01428-000,-19.694759368896484,-19.322172164916992
0.0,0.9998970031738281,0.5,7,anti_proposal,0.3443065285682678,0,0.7527523040771484,0,0.7527523040771484,test,BraTS-GLI-01428-000,-19.694759368896484,-18.942007064819336
0.0,0.9998970031738281,1.0,7,anti_proposal,0.3443065285682678,0,1.3807239532470703,0,1.3807239532470703,test,BraTS-GLI-01428-000,-19.694759368896484,-18.314035415649414
0.0,1.0,0.25,76,prototype,0.30329379439353943,0,-0.01458740234375,0,0.01458740234375,test,BraTS-GLI-01428-000,-15.970819473266602,-15.985406875610352
0.0,1.0,0.5,76,prototype,0.30329379439353943,0,-0.03189849853515625,0,0.03189849853515625,test,BraTS-GLI-01428-000,-15.970819473266602,-16.002717971801758
0.0,1.0,1.0,76,prototype,0.30329379439353943,0,-0.06535148620605469,0,0.06535148620605469,test,BraTS-GLI-01428-000,-15.970819473266602,-16.036170959472656
0.0,1.0,0.25,76,random,0.30329379439353943,0,0.005455970764160156,0,0.005455970764160156,test,BraTS-GLI-01428-000,-15.970819473266602,-15.965363502502441
0.0,1.0,0.5,76,random,0.30329379439353943,0,0.010831832885742188,0,0.010831832885742188,test,BraTS-GLI-01428-000,-15.970819473266602,-15.95998764038086
0.0,1.0,1.0,76,random,0.30329379439353943,0,0.02042388916015625,0,0.02042388916015625,test,BraTS-GLI-01428-000,-15.970819473266602,-15.950395584106445
0.0,0.9943122863769531,0.25,76,proposal,0.30329379439353943,0,-0.11231231689453125,0,0.11231231689453125,test,BraTS-GLI-01428-000,-15.970819473266602,-16.083131790161133
0.0,0.9943122863769531,0.5,76,proposal,0.30329379439353943,0,-0.21698379516601562,0,0.21698379516601562,test,BraTS-GLI-01428-000,-15.970819473266602,-16.187803268432617
0.0,0.9943122863769531,1.0,76,proposal,0.30329379439353943,0,-0.3957099914550781,0,0.3957099914550781,test,BraTS-GLI-01428-000,-15.970819473266602,-16.36652946472168
0.0,0.9943122863769531,0.25,76,anti_proposal,0.30329379439353943,0,0.11367034912109375,0,0.11367034912109375,test,BraTS-GLI-01428-000,-15.970819473266602,-15.857149124145508
5.960464477539063e-08,0.9943122863769531,0.5,76,anti_proposal,0.30329379439353943,0,0.2249288558959961,0,0.2249288558959961,test,BraTS-GLI-01428-000,-15.970819473266602,-15.745890617370605
5.960464477539063e-08,0.9943122863769531,1.0,76,anti_proposal,0.30329379439353943,0,0.3949851989746094,0,0.3949851989746094,test,BraTS-GLI-01428-000,-15.970819473266602,-15.575834274291992
0.0,1.0,0.25,65,prototype,0.39494073390960693,0,0.012664794921875,0,0.012664794921875,test,BraTS-GLI-01428-000,-19.527925491333008,-19.515260696411133
0.0,1.0,0.5,65,prototype,0.39494073390960693,0,0.022083282470703125,0,0.022083282470703125,test,BraTS-GLI-01428-000,-19.527925491333008,-19.505842208862305
0.0,1.0,1.0,65,prototype,0.39494073390960693,0,0.03145790100097656,0,0.03145790100097656,test,BraTS-GLI-01428-000,-19.527925491333008,-19.49646759033203
0.0,1.0,0.25,65,random,0.39494073390960693,0,0.11688423156738281,0,0.11688423156738281,test,BraTS-GLI-01428-000,-19.527925491333008,-19.411041259765625
0.0,1.0,0.5,65,random,0.39494073390960693,0,0.2352123260498047,0,0.2352123260498047,test,BraTS-GLI-01428-000,-19.527925491333008,-19.292713165283203
0.0,1.0,1.0,65,random,0.39494073390960693,0,0.4786949157714844,0,0.4786949157714844,test,BraTS-GLI-01428-000,-19.527925491333008,-19.049230575561523
0.0,0.999992847442627,0.25,65,proposal,0.39494073390960693,0,-0.1132049560546875,0,0.1132049560546875,test,BraTS-GLI-01428-000,-19.527925491333008,-19.641130447387695
0.0,0.999992847442627,0.5,65,proposal,0.39494073390960693,0,-0.2581310272216797,0,0.2581310272216797,test,BraTS-GLI-01428-000,-19.527925491333008,-19.786056518554688
0.0,0.999992847442627,1.0,65,proposal,0.39494073390960693,0,-0.3059673309326172,0,0.3059673309326172,test,BraTS-GLI-01428-000,-19.527925491333008,-19.833892822265625
0.0,0.999992847442627,0.25,65,anti_proposal,0.39494073390960693,0,0.04901695251464844,0,0.04901695251464844,test,BraTS-GLI-01428-000,-19.527925491333008,-19.47890853881836
0.0,0.999992847442627,0.5,65,anti_proposal,0.39494073390960693,0,0.06571006774902344,0,0.06571006774902344,test,BraTS-GLI-01428-000,-19.527925491333008,-19.462215423583984
0.0,0.999992847442627,1.0,65,anti_proposal,0.39494073390960693,0,0.04874229431152344,0,0.04874229431152344,test,BraTS-GLI-01428-000,-19.527925491333008,-19.479183197021484
0.0,1.0,0.25,34,prototype,-0.1441027969121933,0,-0.06159210205078125,1,0.06159210205078125,train,BraTS-GLI-01041-000,-22.234792709350586,-22.296384811401367
0.0,1.0,0.5,34,prototype,-0.1441027969121933,0,-0.12715911865234375,1,0.12715911865234375,train,BraTS-GLI-01041-000,-22.234792709350586,-22.36195182800293
0.0,1.0,1.0,34,prototype,-0.1441027969121933,0,-0.2707958221435547,1,0.2707958221435547,train,BraTS-GLI-01041-000,-22.234792709350586,-22.50558853149414
0.0,1.0,0.25,34,random,-0.1441027969121933,0,0.0057811737060546875,1,0.0057811737060546875,train,BraTS-GLI-01041-000,-22.234792709350586,-22.22901153564453
0.0,1.0,0.5,34,random,-0.1441027969121933,0,0.012083053588867188,1,0.012083053588867188,train,BraTS-GLI-01041-000,-22.234792709350586,-22.22270965576172
0.0,1.0,1.0,34,random,-0.1441027969121933,0,0.026203155517578125,1,0.026203155517578125,train,BraTS-GLI-01041-000,-22.234792709350586,-22.208589553833008
0.0,1.0,0.25,34,proposal,-0.1441027969121933,0,0.111785888671875,1,0.111785888671875,train,BraTS-GLI-01041-000,-22.234792709350586,-22.12300682067871
0.0,1.0,0.5,34,proposal,-0.1441027969121933,0,0.21228408813476562,1,0.21228408813476562,train,BraTS-GLI-01041-000,-22.234792709350586,-22.02250862121582
0.0,1.0,1.0,34,proposal,-0.1441027969121933,0,0.4091968536376953,1,0.4091968536376953,train,BraTS-GLI-01041-000,-22.234792709350586,-21.82559585571289
0.0,1.0,0.25,34,anti_proposal,-0.1441027969121933,0,-0.1351451873779297,1,0.1351451873779297,train,BraTS-GLI-01041-000,-22.234792709350586,-22.369937896728516
0.0,1.0,0.5,34,anti_proposal,-0.1441027969121933,0,-0.2913360595703125,1,0.2913360595703125,train,BraTS-GLI-01041-000,-22.234792709350586,-22.5261287689209
0.0,1.0,1.0,34,anti_proposal,-0.1441027969121933,0,-0.6399898529052734,1,0.6399898529052734,train,BraTS-GLI-01041-000,-22.234792709350586,-22.87478256225586
0.0006271600723266602,1.0,0.25,67,prototype,0.20640142261981964,0,0.1734485626220703,1,0.1734485626220703,train,BraTS-GLI-01041-000,-9.853143692016602,-9.679695129394531
0.0014775991439819336,1.0,0.5,67,prototype,0.20640142261981964,0,0.3546581268310547,1,0.3546581268310547,train,BraTS-GLI-01041-000,-9.853143692016602,-9.498485565185547
0.0041405558586120605,1.0,1.0,67,prototype,0.20640142261981964,0,0.7210350036621094,1,0.7210350036621094,train,BraTS-GLI-01041-000,-9.853143692016602,-9.132108688354492
6.884336471557617e-05,1.0,0.25,67,random,0.20640142261981964,0,0.03966331481933594,1,0.03966331481933594,train,BraTS-GLI-01041-000,-9.853143692016602,-9.813480377197266
0.00013762712478637695,1.0,0.5,67,random,0.20640142261981964,0,0.08152389526367188,1,0.08152389526367188,train,BraTS-GLI-01041-000,-9.853143692016602,-9.77161979675293
0.0003146529197692871,1.0,1.0,67,random,0.20640142261981964,0,0.1724863052368164,1,0.1724863052368164,train,BraTS-GLI-01041-000,-9.853143692016602,-9.680657386779785
0.006101429462432861,0.9998250603675842,0.25,67,proposal,0.20640142261981964,0,0.8578624725341797,1,0.8578624725341797,train,BraTS-GLI-01041-000,-9.853143692016602,-8.995281219482422
0.03278869390487671,0.9998250603675842,0.5,67,proposal,0.20640142261981964,0,1.7695789337158203,1,1.7695789337158203,train,BraTS-GLI-01041-000,-9.853143692016602,-8.083564758300781
0.2779662013053894,0.9998250603675842,1.0,67,proposal,0.20640142261981964,0,3.8162732124328613,1,3.8162732124328613,train,BraTS-GLI-01041-000,-9.853143692016602,-6.03687047958374
-0.0014095902442932129,0.9998250603675842,0.25,67,anti_proposal,0.20640142261981964,0,-0.7429962158203125,1,0.7429962158203125,train,BraTS-GLI-01041-000,-9.853143692016602,-10.596139907836914
-0.0017524361610412598,0.9998250603675842,0.5,67,anti_proposal,0.20640142261981964,0,-1.330881118774414,1,1.330881118774414,train,BraTS-GLI-01041-000,-9.853143692016602,-11.184024810791016
-0.0018784403800964355,0.9998250603675842,1.0,67,anti_proposal,0.20640142261981964,0,-2.015955924987793,1,2.015955924987793,train,BraTS-GLI-01041-000,-9.853143692016602,-11.869099617004395
0.001498579978942871,1.0,0.25,1,prototype,0.3041965961456299,0,0.5012121200561523,1,0.5012121200561523,train,BraTS-GLI-01041-000,-11.137078285217285,-10.635866165161133
0.004342257976531982,1.0,0.5,1,prototype,0.3041965961456299,0,1.0370655059814453,1,1.0370655059814453,train,BraTS-GLI-01041-000,-11.137078285217285,-10.10001277923584
0.01870107650756836,1.0,1.0,1,prototype,0.3041965961456299,0,2.1243667602539062,1,2.1243667602539062,train,BraTS-GLI-01041-000,-11.137078285217285,-9.012711524963379
0.000622093677520752,1.0,0.25,1,random,0.3041965961456299,0,0.2295694351196289,1,0.2295694351196289,train,BraTS-GLI-01041-000,-11.137078285217285,-10.907508850097656
0.0014348030090332031,1.0,0.5,1,random,0.3041965961456299,0,0.46224308013916016,1,0.46224308013916016,train,BraTS-GLI-01041-000,-11.137078285217285,-10.674835205078125
0.003956258296966553,1.0,1.0,1,random,0.3041965961456299,0,0.9397506713867188,1,0.9397506713867188,train,BraTS-GLI-01041-000,-11.137078285217285,-10.197327613830566
0.01636582612991333,0.9986573457717896,0.25,1,proposal,0.3041965961456299,0,1.901559829711914,1,1.901559829711914,train,BraTS-GLI-01041-000,-11.137078285217285,-9.235518455505371
0.12253785133361816,0.9986573457717896,0.5,1,proposal,0.3041965961456299,0,3.796151638031006,1,3.796151638031006,train,BraTS-GLI-01041-000,-11.137078285217285,-7.340926647186279
0.5377912819385529,0.9986573457717896,1.0,1,proposal,0.3041965961456299,0,7.169781684875488,1,7.169781684875488,train,BraTS-GLI-01041-000,-11.137078285217285,-3.967296600341797
-0.0017401576042175293,0.9986573457717896,0.25,1,anti_proposal,0.3041965961456299,0,-1.8094730377197266,1,1.8094730377197266,train,BraTS-GLI-01041-000,-11.137078285217285,-12.946551322937012
-0.0018827319145202637,0.9986573457717896,0.5,1,anti_proposal,0.3041965961456299,0,-3.5249404907226562,1,3.5249404907226562,train,BraTS-GLI-01041-000,-11.137078285217285,-14.662018775939941
-0.0019009709358215332,0.9986573457717896,1.0,1,anti_proposal,0.3041965961456299,0,-6.044560432434082,1,6.044560432434082,train,BraTS-GLI-01041-000,-11.137078285217285,-17.181638717651367
0.0,1.0,0.25,2,prototype,0.016036545857787132,0,0.08413124084472656,1,0.08413124084472656,train,BraTS-GLI-00250-000,-29.0205078125,-28.936376571655273
0.0,1.0,0.5,2,prototype,0.016036545857787132,0,0.1742076873779297,1,0.1742076873779297,train,BraTS-GLI-00250-000,-29.0205078125,-28.84630012512207
0.0,1.0,1.0,2,prototype,0.016036545857787132,0,0.3708953857421875,1,0.3708953857421875,train,BraTS-GLI-00250-000,-29.0205078125,-28.649612426757812
0.0,1.0,0.25,2,random,0.016036545857787132,0,-0.05624961853027344,1,0.05624961853027344,train,BraTS-GLI-00250-000,-29.0205078125,-29.076757431030273
0.0,1.0,0.5,2,random,0.016036545857787132,0,-0.1102447509765625,1,0.1102447509765625,train,BraTS-GLI-00250-000,-29.0205078125,-29.130752563476562
0.0,1.0,1.0,2,random,0.016036545857787132,0,-0.20221328735351562,1,0.20221328735351562,train,BraTS-GLI-00250-000,-29.0205078125,-29.222721099853516
0.0,0.999994158744812,0.25,2,proposal,0.016036545857787132,0,1.2055530548095703,1,1.2055530548095703,train,BraTS-GLI-00250-000,-29.0205078125,-27.81495475769043
0.0,0.999994158744812,0.5,2,proposal,0.016036545857787132,0,2.762392044067383,1,2.762392044067383,train,BraTS-GLI-00250-000,-29.0205078125,-26.258115768432617
0.0,0.999994158744812,1.0,2,proposal,0.016036545857787132,0,6.2877197265625,1,6.2877197265625,train,BraTS-GLI-00250-000,-29.0205078125,-22.7327880859375
0.0,0.999994158744812,0.25,2,anti_proposal,0.016036545857787132,0,-0.8536605834960938,1,0.8536605834960938,train,BraTS-GLI-00250-000,-29.0205078125,-29.874168395996094
0.0,0.999994158744812,0.5,2,anti_proposal,0.016036545857787132,0,-1.4131641387939453,1,1.4131641387939453,train,BraTS-GLI-00250-000,-29.0205078125,-30.433671951293945
0.0,0.999994158744812,1.0,2,anti_proposal,0.016036545857787132,0,-2.061840057373047,1,2.061840057373047,train,BraTS-GLI-00250-000,-29.0205078125,-31.082347869873047
0.0,1.0,0.25,10,prototype,0.3432944416999817,0,0.3643379211425781,1,0.3643379211425781,train,BraTS-GLI-01444-000,-25.29576873779297,-24.93143081665039
0.0,1.0,0.5,10,prototype,0.3432944416999817,0,0.7461833953857422,1,0.7461833953857422,train,BraTS-GLI-01444-000,-25.29576873779297,-24.549585342407227
5.960464477539063e-08,1.0,1.0,10,prototype,0.3432944416999817,0,1.5541191101074219,1,1.5541191101074219,train,BraTS-GLI-01444-000,-25.29576873779297,-23.741649627685547
5.960464477539063e-08,1.0,0.25,10,random,0.3432944416999817,0,-0.08179283142089844,1,0.08179283142089844,train,BraTS-GLI-01444-000,-25.29576873779297,-25.377561569213867
5.960464477539063e-08,1.0,0.5,10,random,0.3432944416999817,0,-0.15936851501464844,1,0.15936851501464844,train,BraTS-GLI-01444-000,-25.29576873779297,-25.455137252807617
5.960464477539063e-08,1.0,1.0,10,random,0.3432944416999817,0,-0.31536865234375,1,0.31536865234375,train,BraTS-GLI-01444-000,-25.29576873779297,-25.61113739013672
0.0,0.9999620914459229,0.25,10,proposal,0.3432944416999817,0,1.0663795471191406,1,1.0663795471191406,train,BraTS-GLI-01444-000,-25.29576873779297,-24.229389190673828
5.960464477539063e-08,0.9999620914459229,0.5,10,proposal,0.3432944416999817,0,2.2538013458251953,1,2.2538013458251953,train,BraTS-GLI-01444-000,-25.29576873779297,-23.041967391967773
1.1920928955078125e-06,0.9999620914459229,1.0,10,proposal,0.3432944416999817,0,4.941425323486328,1,4.941425323486328,train,BraTS-GLI-01444-000,-25.29576873779297,-20.35434341430664
5.960464477539063e-08,0.9999620914459229,0.25,10,anti_proposal,0.3432944416999817,0,-1.0064716339111328,1,1.0064716339111328,train,BraTS-GLI-01444-000,-25.29576873779297,-26.3022403717041
5.960464477539063e-08,0.9999620914459229,0.5,10,anti_proposal,0.3432944416999817,0,-1.9059581756591797,1,1.9059581756591797,train,BraTS-GLI-01444-000,-25.29576873779297,-27.20172691345215
5.960464477539063e-08,0.9999620914459229,1.0,10,anti_proposal,0.3432944416999817,0,-3.4301071166992188,1,3.4301071166992188,train,BraTS-GLI-01444-000,-25.29576873779297,-28.725875854492188
-3.403425216674805e-05,1.0,0.25,3,prototype,0.007334975525736809,0,-0.08455944061279297,1,0.08455944061279297,train,BraTS-GLI-01326-000,-9.930095672607422,-10.014655113220215
-6.860494613647461e-05,1.0,0.5,3,prototype,0.007334975525736809,0,-0.17364788055419922,1,0.17364788055419922,train,BraTS-GLI-01326-000,-9.930095672607422,-10.103743553161621
-0.00013571977615356445,1.0,1.0,3,prototype,0.007334975525736809,0,-0.3729524612426758,1,0.3729524612426758,train,BraTS-GLI-01326-000,-9.930095672607422,-10.303048133850098
1.6570091247558594e-05,1.0,0.25,3,random,0.007334975525736809,0,0.025739669799804688,1,0.025739669799804688,train,BraTS-GLI-01326-000,-9.930095672607422,-9.904356002807617
3.361701965332031e-05,1.0,0.5,3,random,0.007334975525736809,0,0.04979896545410156,1,0.04979896545410156,train,BraTS-GLI-01326-000,-9.930095672607422,-9.88029670715332
7.891654968261719e-05,1.0,1.0,3,random,0.007334975525736809,0,0.110382080078125,1,0.110382080078125,train,BraTS-GLI-01326-000,-9.930095672607422,-9.819713592529297
0.02196711301803589,0.9998528957366943,0.25,3,proposal,0.007334975525736809,0,3.122684955596924,1,3.122684955596924,train,BraTS-GLI-01326-000,-9.930095672607422,-6.807410717010498
0.2770141363143921,0.9998528957366943,0.5,3,proposal,0.007334975525736809,0,5.954390525817871,1,5.954390525817871,train,BraTS-GLI-01326-000,-9.930095672607422,-3.975705146789551
0.8478978723287582,0.9998528957366943,1.0,3,proposal,0.007334975525736809,1,10.606423437595367,1,10.606423437595367,train,BraTS-GLI-01326-000,-9.930095672607422,0.6763277649879456
-0.00047576427459716797,0.9998528957366943,0.25,3,anti_proposal,0.007334975525736809,0,-3.059687614440918,1,3.059687614440918,train,BraTS-GLI-01326-000,-9.930095672607422,-12.98978328704834
-0.0004913806915283203,0.9998528957366943,0.5,3,anti_proposal,0.007334975525736809,0,-5.43729305267334,1,5.43729305267334,train,BraTS-GLI-01326-000,-9.930095672607422,-15.367388725280762
-0.0004926919937133789,0.9998528957366943,1.0,3,anti_proposal,0.007334975525736809,0,-7.428205490112305,1,7.428205490112305,train,BraTS-GLI-01326-000,-9.930095672607422,-17.358301162719727
0.0,1.0,0.25,12,prototype,-0.22438903152942657,0,-0.1667156219482422,1,0.1667156219482422,train,BraTS-GLI-00764-000,-20.895824432373047,-21.06254005432129
0.0,1.0,0.5,12,prototype,-0.22438903152942657,0,-0.3389892578125,1,0.3389892578125,train,BraTS-GLI-00764-000,-20.895824432373047,-21.234813690185547
0.0,1.0,1.0,12,prototype,-0.22438903152942657,0,-0.6933879852294922,1,0.6933879852294922,train,BraTS-GLI-00764-000,-20.895824432373047,-21.58921241760254
0.0,1.0,0.25,12,random,-0.22438903152942657,0,0.04122161865234375,1,0.04122161865234375,train,BraTS-GLI-00764-000,-20.895824432373047,-20.854602813720703
0.0,1.0,0.5,12,random,-0.22438903152942657,0,0.08079338073730469,1,0.08079338073730469,train,BraTS-GLI-00764-000,-20.895824432373047,-20.815031051635742
0.0,1.0,1.0,12,random,-0.22438903152942657,0,0.1543140411376953,1,0.1543140411376953,train,BraTS-GLI-00764-000,-20.895824432373047,-20.74151039123535
0.0,0.9992185831069946,0.25,12,proposal,-0.22438903152942657,0,0.8791904449462891,1,0.8791904449462891,train,BraTS-GLI-00764-000,-20.895824432373047,-20.016633987426758
0.0,0.9992185831069946,0.5,12,proposal,-0.22438903152942657,0,1.4233646392822266,1,1.4233646392822266,train,BraTS-GLI-00764-000,-20.895824432373047,-19.47245979309082
0.0,0.9992185831069946,1.0,12,proposal,-0.22438903152942657,0,1.427633285522461,1,1.427633285522461,train,BraTS-GLI-00764-000,-20.895824432373047,-19.468191146850586
0.0,0.9992185831069946,0.25,12,anti_proposal,-0.22438903152942657,0,-1.1900825500488281,1,1.1900825500488281,train,BraTS-GLI-00764-000,-20.895824432373047,-22.085906982421875
0.0,0.9992185831069946,0.5,12,anti_proposal,-0.22438903152942657,0,-2.427581787109375,1,2.427581787109375,train,BraTS-GLI-00764-000,-20.895824432373047,-23.323406219482422
0.0,0.9992185831069946,1.0,12,anti_proposal,-0.22438903152942657,0,-4.92552375793457,1,4.92552375793457,train,BraTS-GLI-00764-000,-20.895824432373047,-25.821348190307617
5.960464477539063e-08,1.0,0.25,13,prototype,-0.006358755752444267,0,0.12279701232910156,1,0.12279701232910156,train,BraTS-GLI-00764-000,-24.252208709716797,-24.129411697387695
5.960464477539063e-08,1.0,0.5,13,prototype,-0.006358755752444267,0,0.23717689514160156,1,0.23717689514160156,train,BraTS-GLI-00764-000,-24.252208709716797,-24.015031814575195
5.960464477539063e-08,1.0,1.0,13,prototype,-0.006358755752444267,0,0.4793567657470703,1,0.4793567657470703,train,BraTS-GLI-00764-000,-24.252208709716797,-23.772851943969727
0.0,1.0,0.25,13,random,-0.006358755752444267,0,-0.015951156616210938,1,0.015951156616210938,train,BraTS-GLI-00764-000,-24.252208709716797,-24.268159866333008
0.0,1.0,0.5,13,random,-0.006358755752444267,0,-0.03303718566894531,1,0.03303718566894531,train,BraTS-GLI-00764-000,-24.252208709716797,-24.285245895385742
0.0,1.0,1.0,13,random,-0.006358755752444267,0,-0.06724739074707031,1,0.06724739074707031,train,BraTS-GLI-00764-000,-24.252208709716797,-24.319456100463867
0.0,0.9999423027038574,0.25,13,proposal,-0.006358755752444267,0,0.3623332977294922,1,0.3623332977294922,train,BraTS-GLI-00764-000,-24.252208709716797,-23.889875411987305
0.0,0.9999423027038574,0.5,13,proposal,-0.006358755752444267,0,0.9719161987304688,1,0.9719161987304688,train,BraTS-GLI-00764-000,-24.252208709716797,-23.280292510986328
0.0,0.9999423027038574,1.0,13,proposal,-0.006358755752444267,0,3.17034912109375,1,3.17034912109375,train,BraTS-GLI-00764-000,-24.252208709716797,-21.081859588623047
5.960464477539063e-08,0.9999423027038574,0.25,13,anti_proposal,-0.006358755752444267,0,-0.4480705261230469,1,0.4480705261230469,train,BraTS-GLI-00764-000,-24.252208709716797,-24.700279235839844
5.960464477539063e-08,0.9999423027038574,0.5,13,anti_proposal,-0.006358755752444267,0,-1.1008548736572266,1,1.1008548736572266,train,BraTS-GLI-00764-000,-24.252208709716797,-25.353063583374023
5.960464477539063e-08,0.9999423027038574,1.0,13,anti_proposal,-0.006358755752444267,0,-2.2020835876464844,1,2.2020835876464844,train,BraTS-GLI-00764-000,-24.252208709716797,-26.45429229736328
0.05750077962875366,1.0,0.25,5,prototype,0.2423681616783142,0,0.9014463424682617,1,0.9014463424682617,train,BraTS-GLI-00764-000,-9.673478126525879,-8.772031784057617
0.1578848958015442,1.0,0.5,5,prototype,0.2423681616783142,0,1.8418254852294922,1,1.8418254852294922,train,BraTS-GLI-00764-000,-9.673478126525879,-7.831652641296387
0.3819809556007385,1.0,1.0,5,prototype,0.2423681616783142,0,3.711503028869629,1,3.711503028869629,train,BraTS-GLI-00764-000,-9.673478126525879,-5.96197509765625
0.0003815889358520508,1.0,0.25,5,random,0.2423681616783142,0,-0.008142471313476562,1,0.008142471313476562,train,BraTS-GLI-00764-000,-9.673478126525879,-9.681620597839355
0.0005828142166137695,1.0,0.5,5,random,0.2423681616783142,0,-0.01961994171142578,1,0.01961994171142578,train,BraTS-GLI-00764-000,-9.673478126525879,-9.693098068237305
0.0008493661880493164,1.0,1.0,5,random,0.2423681616783142,0,-0.039913177490234375,1,0.039913177490234375,train,BraTS-GLI-00764-000,-9.673478126525879,-9.713391304016113
0.4441263675689697,0.999886155128479,0.25,5,proposal,0.2423681616783142,0,4.31962251663208,1,4.31962251663208,train,BraTS-GLI-00764-000,-9.673478126525879,-5.353855609893799
0.6897463202476501,0.999886155128479,0.5,5,proposal,0.2423681616783142,0,7.953871846199036,1,7.953871846199036,train,BraTS-GLI-00764-000,-9.673478126525879,-1.7196062803268433
0.8646056279540062,0.999886155128479,1.0,5,proposal,0.2423681616783142,1,12.802323818206787,1,12.802323818206787,train,BraTS-GLI-00764-000,-9.673478126525879,3.128845691680908
-0.03459668159484863,0.999886155128479,0.25,5,anti_proposal,0.2423681616783142,0,-4.457228660583496,1,4.457228660583496,train,BraTS-GLI-00764-000,-9.673478126525879,-14.130706787109375
-0.03481656312942505,0.999886155128479,0.5,5,anti_proposal,0.2423681616783142,0,-7.733267784118652,1,7.733267784118652,train,BraTS-GLI-00764-000,-9.673478126525879,-17.40674591064453
-0.034820616245269775,0.999886155128479,1.0,5,anti_proposal,0.2423681616783142,0,-8.966721534729004,1,8.966721534729004,train,BraTS-GLI-00764-000,-9.673478126525879,-18.640199661254883
0.0,1.0,0.25,1,prototype,-0.09200260043144226,0,-0.07213211059570312,1,0.07213211059570312,train,BraTS-GLI-00731-001,-17.27223777770996,-17.344369888305664
0.0,1.0,0.5,1,prototype,-0.09200260043144226,0,-0.14127159118652344,1,0.14127159118652344,train,BraTS-GLI-00731-001,-17.27223777770996,-17.413509368896484
0.0,1.0,1.0,1,prototype,-0.09200260043144226,0,-0.27042579650878906,1,0.27042579650878906,train,BraTS-GLI-00731-001,-17.27223777770996,-17.54266357421875
0.0,1.0,0.25,1,random,-0.09200260043144226,0,0.04022026062011719,1,0.04022026062011719,train,BraTS-GLI-00731-001,-17.27223777770996,-17.232017517089844
0.0,1.0,0.5,1,random,-0.09200260043144226,0,0.08089065551757812,1,0.08089065551757812,train,BraTS-GLI-00731-001,-17.27223777770996,-17.191347122192383
0.0,1.0,1.0,1,random,-0.09200260043144226,0,0.16279220581054688,1,0.16279220581054688,train,BraTS-GLI-00731-001,-17.27223777770996,-17.109445571899414
-1.1920928955078125e-07,0.9990398287773132,0.25,1,proposal,-0.09200260043144226,0,0.7321662902832031,1,0.7321662902832031,train,BraTS-GLI-00731-001,-17.27223777770996,-16.540071487426758
0.0,0.9990398287773132,0.5,1,proposal,-0.09200260043144226,0,1.3388338088989258,1,1.3388338088989258,train,BraTS-GLI-00731-001,-17.27223777770996,-15.933403968811035
-1.7881393432617188e-07,0.9990398287773132,1.0,1,proposal,-0.09200260043144226,0,0.49147605895996094,1,0.49147605895996094,train,BraTS-GLI-00731-001,-17.27223777770996,-16.78076171875
5.960464477539063e-08,0.9990398287773132,0.25,1,anti_proposal,-0.09200260043144226,0,-0.5224990844726562,1,0.5224990844726562,train,BraTS-GLI-00731-001,-17.27223777770996,-17.794736862182617
1.1920928955078125e-07,0.9990398287773132,0.5,1,anti_proposal,-0.09200260043144226,0,-0.8474407196044922,1,0.8474407196044922,train,BraTS-GLI-00731-001,-17.27223777770996,-18.119678497314453
4.76837158203125e-07,0.9990398287773132,1.0,1,anti_proposal,-0.09200260043144226,0,-1.2596607208251953,1,1.2596607208251953,train,BraTS-GLI-00731-001,-17.27223777770996,-18.531898498535156
0.0,1.0,0.25,7,prototype,0.005448002368211746,0,0.051639556884765625,1,0.051639556884765625,train,BraTS-GLI-00811-000,-21.902690887451172,-21.851051330566406
0.0,1.0,0.5,7,prototype,0.005448002368211746,0,0.10059356689453125,1,0.10059356689453125,train,BraTS-GLI-00811-000,-21.902690887451172,-21.80209732055664
0.0,1.0,1.0,7,prototype,0.005448002368211746,0,0.20035743713378906,1,0.20035743713378906,train,BraTS-GLI-00811-000,-21.902690887451172,-21.702333450317383
0.0,1.0,0.25,7,random,0.005448002368211746,0,-0.00031280517578125,1,0.00031280517578125,train,BraTS-GLI-00811-000,-21.902690887451172,-21.903003692626953
0.0,1.0,0.5,7,random,0.005448002368211746,0,-0.0006313323974609375,1,0.0006313323974609375,train,BraTS-GLI-00811-000,-21.902690887451172,-21.903322219848633
0.0,1.0,1.0,7,random,0.005448002368211746,0,-0.0013904571533203125,1,0.0013904571533203125,train,BraTS-GLI-00811-000,-21.902690887451172,-21.904081344604492
0.0,0.9999998807907104,0.25,7,proposal,0.005448002368211746,0,0.6932296752929688,1,0.6932296752929688,train,BraTS-GLI-00811-000,-21.902690887451172,-21.209461212158203
0.0,0.9999998807907104,0.5,7,proposal,0.005448002368211746,0,1.5730018615722656,1,1.5730018615722656,train,BraTS-GLI-00811-000,-21.902690887451172,-20.329689025878906
5.960464477539063e-08,0.9999998807907104,1.0,7,proposal,0.005448002368211746,0,3.63336181640625,1,3.63336181640625,train,BraTS-GLI-00811-000,-21.902690887451172,-18.269329071044922
0.0,0.9999998807907104,0.25,7,anti_proposal,0.005448002368211746,0,-0.5831165313720703,1,0.5831165313720703,train,BraTS-GLI-00811-000,-21.902690887451172,-22.485807418823242
0.0,0.9999998807907104,0.5,7,anti_proposal,0.005448002368211746,0,-1.0693817138671875,1,1.0693817138671875,train,BraTS-GLI-00811-000,-21.902690887451172,-22.97207260131836
0.0,0.9999998807907104,1.0,7,anti_proposal,0.005448002368211746,0,-1.7162818908691406,1,1.7162818908691406,train,BraTS-GLI-00811-000,-21.902690887451172,-23.618972778320312
0.0,1.0,0.25,10,prototype,-0.11159279942512512,0,-0.06376266479492188,1,0.06376266479492188,train,BraTS-GLI-01103-000,-19.24443244934082,-19.308195114135742
0.0,1.0,0.5,10,prototype,-0.11159279942512512,0,-0.13038063049316406,1,0.13038063049316406,train,BraTS-GLI-01103-000,-19.24443244934082,-19.374813079833984
0.0,1.0,1.0,10,prototype,-0.11159279942512512,0,-0.27352333068847656,1,0.27352333068847656,train,BraTS-GLI-01103-000,-19.24443244934082,-19.517955780029297
0.0,1.0,0.25,10,random,-0.11159279942512512,0,0.004486083984375,1,0.004486083984375,train,BraTS-GLI-01103-000,-19.24443244934082,-19.239946365356445
0.0,1.0,0.5,10,random,-0.11159279942512512,0,0.007534027099609375,1,0.007534027099609375,train,BraTS-GLI-01103-000,-19.24443244934082,-19.23689842224121
0.0,1.0,1.0,10,random,-0.11159279942512512,0,0.0140228271484375,1,0.0140228271484375,train,BraTS-GLI-01103-000,-19.24443244934082,-19.230409622192383
0.0,0.991976797580719,0.25,10,proposal,-0.11159279942512512,0,0.3756542205810547,1,0.3756542205810547,train,BraTS-GLI-01103-000,-19.24443244934082,-18.868778228759766
1.1920928955078125e-07,0.991976797580719,0.5,10,proposal,-0.11159279942512512,0,0.9313335418701172,1,0.9313335418701172,train,BraTS-GLI-01103-000,-19.24443244934082,-18.313098907470703
1.7881393432617188e-07,0.991976797580719,1.0,10,proposal,-0.11159279942512512,0,2.5799503326416016,1,2.5799503326416016,train,BraTS-GLI-01103-000,-19.24443244934082,-16.66448211669922
0.0,0.991976797580719,0.25,10,anti_proposal,-0.11159279942512512,0,-0.27121734619140625,1,0.27121734619140625,train,BraTS-GLI-01103-000,-19.24443244934082,-19.515649795532227
0.0,0.991976797580719,0.5,10,anti_proposal,-0.11159279942512512,0,-0.4890270233154297,1,0.4890270233154297,train,BraTS-GLI-01103-000,-19.24443244934082,-19.73345947265625
0.0,0.991976797580719,1.0,10,anti_proposal,-0.11159279942512512,0,-0.8517837524414062,1,0.8517837524414062,train,BraTS-GLI-01103-000,-19.24443244934082,-20.096216201782227
0.0,1.0,0.25,40,prototype,-0.08372972160577774,0,-0.1413726806640625,1,0.1413726806640625,train,BraTS-GLI-00146-000,-32.33709716796875,-32.47846984863281
0.0,1.0,0.5,40,prototype,-0.08372972160577774,0,-0.2655372619628906,1,0.2655372619628906,train,BraTS-GLI-00146-000,-32.33709716796875,-32.60263442993164
0.0,1.0,1.0,40,prototype,-0.08372972160577774,0,-0.4552574157714844,1,0.4552574157714844,train,BraTS-GLI-00146-000,-32.33709716796875,-32.792354583740234
0.0,1.0,0.25,40,random,-0.08372972160577774,0,-0.12845611572265625,1,0.12845611572265625,train,BraTS-GLI-00146-000,-32.33709716796875,-32.465553283691406
0.0,1.0,0.5,40,random,-0.08372972160577774,0,-0.2567100524902344,1,0.2567100524902344,train,BraTS-GLI-00146-000,-32.33709716796875,-32.593807220458984
0.0,1.0,1.0,40,random,-0.08372972160577774,0,-0.5046119689941406,1,0.5046119689941406,train,BraTS-GLI-00146-000,-32.33709716796875,-32.84170913696289
0.0,0.9994714856147766,0.25,40,proposal,-0.08372972160577774,0,1.8220157623291016,1,1.8220157623291016,train,BraTS-GLI-00146-000,-32.33709716796875,-30.51508140563965
0.0,0.9994714856147766,0.5,40,proposal,-0.08372972160577774,0,4.346315383911133,1,4.346315383911133,train,BraTS-GLI-00146-000,-32.33709716796875,-27.990781784057617
0.0,0.9994714856147766,1.0,40,proposal,-0.08372972160577774,0,8.11421012878418,1,8.11421012878418,train,BraTS-GLI-00146-000,-32.33709716796875,-24.22288703918457
0.0,0.9994714856147766,0.25,40,anti_proposal,-0.08372972160577774,0,-1.917236328125,1,1.917236328125,train,BraTS-GLI-00146-000,-32.33709716796875,-34.25433349609375
0.0,0.9994714856147766,0.5,40,anti_proposal,-0.08372972160577774,0,-3.471080780029297,1,3.471080780029297,train,BraTS-GLI-00146-000,-32.33709716796875,-35.80817794799805
-1.1920928955078125e-07,0.9994714856147766,1.0,40,anti_proposal,-0.08372972160577774,0,-5.185947418212891,1,5.185947418212891,train,BraTS-GLI-00146-000,-32.33709716796875,-37.52304458618164
0.011246442794799805,1.0,0.25,117,prototype,0.10071432590484619,0,0.09232759475708008,1,0.09232759475708008,train,BraTS-GLI-00146-000,-4.26696252822876,-4.17463493347168
0.023613572120666504,1.0,0.5,117,prototype,0.10071432590484619,0,0.1895298957824707,1,0.1895298957824707,train,BraTS-GLI-00146-000,-4.26696252822876,-4.077432632446289
0.05242711305618286,1.0,1.0,117,prototype,0.10071432590484619,0,0.39449214935302734,1,0.39449214935302734,train,BraTS-GLI-00146-000,-4.26696252822876,-3.8724703788757324
0.01991581916809082,1.0,0.25,117,random,0.10071432590484619,0,0.18588590621948242,1,0.18588590621948242,train,BraTS-GLI-00146-000,-4.26696252822876,-4.081076622009277
0.04191190004348755,1.0,0.5,117,random,0.10071432590484619,0,0.3663175106048584,1,0.3663175106048584,train,BraTS-GLI-00146-000,-4.26696252822876,-3.9006450176239014
0.09063774347305298,1.0,1.0,117,random,0.10071432590484619,0,0.7100484371185303,1,0.7100484371185303,train,BraTS-GLI-00146-000,-4.26696252822876,-3.5569140911102295
0.19475024938583374,0.9996317625045776,0.25,117,proposal,0.10071432590484619,0,1.2914602756500244,1,1.2914602756500244,train,BraTS-GLI-00146-000,-4.26696252822876,-2.9755022525787354
0.42517879605293274,0.9996317625045776,0.5,117,proposal,0.10071432590484619,0,2.4857271909713745,1,2.4857271909713745,train,BraTS-GLI-00146-000,-4.26696252822876,-1.7812353372573853
0.7171272933483124,0.9996317625045776,1.0,117,proposal,0.10071432590484619,1,4.6234563291072845,1,4.6234563291072845,train,BraTS-GLI-00146-000,-4.26696252822876,0.3564938008785248
-0.08307862281799316,0.9996317625045776,0.25,117,anti_proposal,0.10071432590484619,0,-1.4238195419311523,1,1.4238195419311523,train,BraTS-GLI-00146-000,-4.26696252822876,-5.690782070159912
-0.10160356760025024,0.9996317625045776,0.5,117,anti_proposal,0.10071432590484619,0,-2.752452850341797,1,2.752452850341797,train,BraTS-GLI-00146-000,-4.26696252822876,-7.019415378570557
-0.10619240999221802,0.9996317625045776,1.0,117,anti_proposal,0.10071432590484619,0,-5.067140102386475,1,5.067140102386475,train,BraTS-GLI-00146-000,-4.26696252822876,-9.334102630615234
0.0,1.0,0.25,3,prototype,0.026423804461956024,0,0.052326202392578125,1,0.052326202392578125,train,BraTS-GLI-00500-001,-17.93265724182129,-17.88033103942871
0.0,1.0,0.5,3,prototype,0.026423804461956024,0,0.09403419494628906,1,0.09403419494628906,train,BraTS-GLI-00500-001,-17.93265724182129,-17.838623046875
0.0,1.0,1.0,3,prototype,0.026423804461956024,0,0.1622753143310547,1,0.1622753143310547,train,BraTS-GLI-00500-001,-17.93265724182129,-17.770381927490234
0.0,1.0,0.25,3,random,0.026423804461956024,0,0.17940139770507812,1,0.17940139770507812,train,BraTS-GLI-00500-001,-17.93265724182129,-17.75325584411621
0.0,1.0,0.5,3,random,0.026423804461956024,0,0.3714256286621094,1,0.3714256286621094,train,BraTS-GLI-00500-001,-17.93265724182129,-17.56123161315918
5.960464477539063e-08,1.0,1.0,3,random,0.026423804461956024,0,0.7647914886474609,1,0.7647914886474609,train,BraTS-GLI-00500-001,-17.93265724182129,-17.167865753173828
1.1920928955078125e-07,0.999890923500061,0.25,3,proposal,0.026423804461956024,0,1.284912109375,1,1.284912109375,train,BraTS-GLI-00500-001,-17.93265724182129,-16.64774513244629
1.430511474609375e-06,0.999890923500061,0.5,3,proposal,0.026423804461956024,0,2.8836870193481445,1,2.8836870193481445,train,BraTS-GLI-00500-001,-17.93265724182129,-15.048970222473145
8.678436279296875e-05,0.999890923500061,1.0,3,proposal,0.026423804461956024,0,7.132657051086426,1,7.132657051086426,train,BraTS-GLI-00500-001,-17.93265724182129,-10.800000190734863
-1.1920928955078125e-07,0.999890923500061,0.25,3,anti_proposal,0.026423804461956024,0,-1.0938243865966797,1,1.0938243865966797,train,BraTS-GLI-00500-001,-17.93265724182129,-19.02648162841797
-1.1920928955078125e-07,0.999890923500061,0.5,3,anti_proposal,0.026423804461956024,0,-1.9980697631835938,1,1.9980697631835938,train,BraTS-GLI-00500-001,-17.93265724182129,-19.930727005004883
-1.1920928955078125e-07,0.999890923500061,1.0,3,anti_proposal,0.026423804461956024,0,-3.4016971588134766,1,3.4016971588134766,train,BraTS-GLI-00500-001,-17.93265724182129,-21.334354400634766
0.014679133892059326,1.0,0.25,1,prototype,0.3429069519042969,0,0.7460556030273438,1,0.7460556030273438,train,BraTS-GLI-01450-000,-20.7989501953125,-20.052894592285156
0.03284800052642822,1.0,0.5,1,prototype,0.3429069519042969,0,1.5149650573730469,1,1.5149650573730469,train,BraTS-GLI-01450-000,-20.7989501953125,-19.283985137939453
0.10041165351867676,1.0,1.0,1,prototype,0.3429069519042969,0,3.205141067504883,1,3.205141067504883,train,BraTS-GLI-01450-000,-20.7989501953125,-17.593809127807617
0.0009625554084777832,1.0,0.25,1,random,0.3429069519042969,0,-0.015962600708007812,1,0.015962600708007812,train,BraTS-GLI-01450-000,-20.7989501953125,-20.814912796020508
0.0019980669021606445,1.0,0.5,1,random,0.3429069519042969,0,-0.03009033203125,1,0.03009033203125,train,BraTS-GLI-01450-000,-20.7989501953125,-20.82904052734375
0.004079759120941162,1.0,1.0,1,random,0.3429069519042969,0,-0.05969810485839844,1,0.05969810485839844,train,BraTS-GLI-01450-000,-20.7989501953125,-20.8586483001709
0.09753447771072388,0.9998927116394043,0.25,1,proposal,0.3429069519042969,0,2.393260955810547,1,2.393260955810547,train,BraTS-GLI-01450-000,-20.7989501953125,-18.405689239501953
0.25989824533462524,0.9998927116394043,0.5,1,proposal,0.3429069519042969,0,4.942392349243164,1,4.942392349243164,train,BraTS-GLI-01450-000,-20.7989501953125,-15.856557846069336
0.5831630229949951,0.9998927116394043,1.0,1,proposal,0.3429069519042969,0,10.914508819580078,1,10.914508819580078,train,BraTS-GLI-01450-000,-20.7989501953125,-9.884441375732422
-0.009295463562011719,0.9998927116394043,0.25,1,anti_proposal,0.3429069519042969,0,-1.9695167541503906,1,1.9695167541503906,train,BraTS-GLI-01450-000,-20.7989501953125,-22.76846694946289
-0.00930798053741455,0.9998927116394043,0.5,1,anti_proposal,0.3429069519042969,0,-3.201904296875,1,3.201904296875,train,BraTS-GLI-01450-000,-20.7989501953125,-24.0008544921875
-0.009308040142059326,0.9998927116394043,1.0,1,anti_proposal,0.3429069519042969,0,-3.758922576904297,1,3.758922576904297,train,BraTS-GLI-01450-000,-20.7989501953125,-24.557872772216797
0.0,1.0,0.25,4,prototype,0.08537495136260986,0,0.1379566192626953,1,0.1379566192626953,train,BraTS-GLI-00628-000,-21.98451805114746,-21.846561431884766
0.0,1.0,0.5,4,prototype,0.08537495136260986,0,0.272216796875,1,0.272216796875,train,BraTS-GLI-00628-000,-21.98451805114746,-21.71230125427246
1.1920928955078125e-07,1.0,1.0,4,prototype,0.08537495136260986,0,0.5300140380859375,1,0.5300140380859375,train,BraTS-GLI-00628-000,-21.98451805114746,-21.454504013061523
0.0,1.0,0.25,4,random,0.08537495136260986,0,-0.06656646728515625,1,0.06656646728515625,train,BraTS-GLI-00628-000,-21.98451805114746,-22.051084518432617
0.0,1.0,0.5,4,random,0.08537495136260986,0,-0.13520050048828125,1,0.13520050048828125,train,BraTS-GLI-00628-000,-21.98451805114746,-22.119718551635742
0.0,1.0,1.0,4,random,0.08537495136260986,0,-0.26860618591308594,1,0.26860618591308594,train,BraTS-GLI-00628-000,-21.98451805114746,-22.253124237060547
0.0,0.9999740123748779,0.25,4,proposal,0.08537495136260986,0,0.7769870758056641,1,0.7769870758056641,train,BraTS-GLI-00628-000,-21.98451805114746,-21.207530975341797
0.0,0.9999740123748779,0.5,4,proposal,0.08537495136260986,0,1.631978988647461,1,1.631978988647461,train,BraTS-GLI-00628-000,-21.98451805114746,-20.3525390625
0.0,0.9999740123748779,1.0,4,proposal,0.08537495136260986,0,3.1665191650390625,1,3.1665191650390625,train,BraTS-GLI-00628-000,-21.98451805114746,-18.8179988861084
0.0,0.9999740123748779,0.25,4,anti_proposal,0.08537495136260986,0,-0.7118186950683594,1,0.7118186950683594,train,BraTS-GLI-00628-000,-21.98451805114746,-22.69633674621582
1.1920928955078125e-07,0.9999740123748779,0.5,4,anti_proposal,0.08537495136260986,0,-1.3467788696289062,1,1.3467788696289062,train,BraTS-GLI-00628-000,-21.98451805114746,-23.331296920776367
1.1920928955078125e-07,0.9999740123748779,1.0,4,anti_proposal,0.08537495136260986,0,-2.394956588745117,1,2.394956588745117,train,BraTS-GLI-00628-000,-21.98451805114746,-24.379474639892578
0.0,1.0,0.25,6,prototype,-0.048566654324531555,0,-0.08496475219726562,1,0.08496475219726562,train,BraTS-GLI-00628-000,-25.753055572509766,-25.83802032470703
0.0,1.0,0.5,6,prototype,-0.048566654324531555,0,-0.17338943481445312,1,0.17338943481445312,train,BraTS-GLI-00628-000,-25.753055572509766,-25.92644500732422
0.0,1.0,1.0,6,prototype,-0.048566654324531555,0,-0.3580322265625,1,0.3580322265625,train,BraTS-GLI-00628-000,-25.753055572509766,-26.111087799072266
0.0,1.0,0.25,6,random,-0.048566654324531555,0,-0.024461746215820312,1,0.024461746215820312,train,BraTS-GLI-00628-000,-25.753055572509766,-25.777517318725586
0.0,1.0,0.5,6,random,-0.048566654324531555,0,-0.04899787902832031,1,0.04899787902832031,train,BraTS-GLI-00628-000,-25.753055572509766,-25.802053451538086
0.0,1.0,1.0,6,random,-0.048566654324531555,0,-0.09929656982421875,1,0.09929656982421875,train,BraTS-GLI-00628-000,-25.753055572509766,-25.852352142333984
0.0,0.9999212026596069,0.25,6,proposal,-0.048566654324531555,0,1.1703758239746094,1,1.1703758239746094,train,BraTS-GLI-00628-000,-25.753055572509766,-24.582679748535156
0.0,0.9999212026596069,0.5,6,proposal,-0.048566654324531555,0,2.8767242431640625,1,2.8767242431640625,train,BraTS-GLI-00628-000,-25.753055572509766,-22.876331329345703
0.0,0.9999212026596069,1.0,6,proposal,-0.048566654324531555,0,5.952289581298828,1,5.952289581298828,train,BraTS-GLI-00628-000,-25.753055572509766,-19.800765991210938
0.0,0.9999212026596069,0.25,6,anti_proposal,-0.048566654324531555,0,-1.3013496398925781,1,1.3013496398925781,train,BraTS-GLI-00628-000,-25.753055572509766,-27.054405212402344
0.0,0.9999212026596069,0.5,6,anti_proposal,-0.048566654324531555,0,-2.6397018432617188,1,2.6397018432617188,train,BraTS-GLI-00628-000,-25.753055572509766,-28.392757415771484
0.0,0.9999212026596069,1.0,6,anti_proposal,-0.048566654324531555,0,-4.458335876464844,1,4.458335876464844,train,BraTS-GLI-00628-000,-25.753055572509766,-30.21139144897461
0.0,1.0,0.25,5,prototype,-0.036931704729795456,0,-0.04634666442871094,1,0.04634666442871094,train,BraTS-GLI-00628-000,-25.489192962646484,-25.535539627075195
0.0,1.0,0.5,5,prototype,-0.036931704729795456,0,-0.08709526062011719,1,0.08709526062011719,train,BraTS-GLI-00628-000,-25.489192962646484,-25.5762882232666
0.0,1.0,1.0,5,prototype,-0.036931704729795456,0,-0.12280654907226562,1,0.12280654907226562,train,BraTS-GLI-00628-000,-25.489192962646484,-25.61199951171875
0.0,1.0,0.25,5,random,-0.036931704729795456,0,0.031494140625,1,0.031494140625,train,BraTS-GLI-00628-000,-25.489192962646484,-25.457698822021484
0.0,1.0,0.5,5,random,-0.036931704729795456,0,0.06176185607910156,1,0.06176185607910156,train,BraTS-GLI-00628-000,-25.489192962646484,-25.427431106567383
0.0,1.0,1.0,5,random,-0.036931704729795456,0,0.1270008087158203,1,0.1270008087158203,train,BraTS-GLI-00628-000,-25.489192962646484,-25.362192153930664
0.0,0.9999468326568604,0.25,5,proposal,-0.036931704729795456,0,1.7729969024658203,1,1.7729969024658203,train,BraTS-GLI-00628-000,-25.489192962646484,-23.716196060180664
0.0,0.9999468326568604,0.5,5,proposal,-0.036931704729795456,0,3.642314910888672,1,3.642314910888672,train,BraTS-GLI-00628-000,-25.489192962646484,-21.846878051757812
1.1920928955078125e-07,0.9999468326568604,1.0,5,proposal,-0.036931704729795456,0,7.08296012878418,1,7.08296012878418,train,BraTS-GLI-00628-000,-25.489192962646484,-18.406232833862305
0.0,0.9999468326568604,0.25,5,anti_proposal,-0.036931704729795456,0,-1.4102153778076172,1,1.4102153778076172,train,BraTS-GLI-00628-000,-25.489192962646484,-26.8994083404541
0.0,0.9999468326568604,0.5,5,anti_proposal,-0.036931704729795456,0,-2.5418128967285156,1,2.5418128967285156,train,BraTS-GLI-00628-000,-25.489192962646484,-28.031005859375
0.0,0.9999468326568604,1.0,5,anti_proposal,-0.036931704729795456,0,-3.910991668701172,1,3.910991668701172,train,BraTS-GLI-00628-000,-25.489192962646484,-29.400184631347656
0.0,1.0,0.25,3,prototype,0.0969695970416069,0,0.03859138488769531,1,0.03859138488769531,train,BraTS-GLI-00222-000,-24.05036735534668,-24.011775970458984
0.0,1.0,0.5,3,prototype,0.0969695970416069,0,0.07879638671875,1,0.07879638671875,train,BraTS-GLI-00222-000,-24.05036735534668,-23.97157096862793
0.0,1.0,1.0,3,prototype,0.0969695970416069,0,0.17285919189453125,1,0.17285919189453125,train,BraTS-GLI-00222-000,-24.05036735534668,-23.87750816345215
0.0,1.0,0.25,3,random,0.0969695970416069,0,-0.040088653564453125,1,0.040088653564453125,train,BraTS-GLI-00222-000,-24.05036735534668,-24.090456008911133
0.0,1.0,0.5,3,random,0.0969695970416069,0,-0.07935333251953125,1,0.07935333251953125,train,BraTS-GLI-00222-000,-24.05036735534668,-24.12972068786621
0.0,1.0,1.0,3,random,0.0969695970416069,0,-0.14389419555664062,1,0.14389419555664062,train,BraTS-GLI-00222-000,-24.05036735534668,-24.19426155090332
0.0,0.9999728202819824,0.25,3,proposal,0.0969695970416069,0,0.243011474609375,1,0.243011474609375,train,BraTS-GLI-00222-000,-24.05036735534668,-23.807355880737305
0.0,0.9999728202819824,0.5,3,proposal,0.0969695970416069,0,0.6030921936035156,1,0.6030921936035156,train,BraTS-GLI-00222-000,-24.05036735534668,-23.447275161743164
0.0,0.9999728202819824,1.0,3,proposal,0.0969695970416069,0,1.9491004943847656,1,1.9491004943847656,train,BraTS-GLI-00222-000,-24.05036735534668,-22.101266860961914
0.0,0.9999728202819824,0.25,3,anti_proposal,0.0969695970416069,0,-0.16308975219726562,1,0.16308975219726562,train,BraTS-GLI-00222-000,-24.05036735534668,-24.213457107543945
0.0,0.9999728202819824,0.5,3,anti_proposal,0.0969695970416069,0,-0.2937641143798828,1,0.2937641143798828,train,BraTS-GLI-00222-000,-24.05036735534668,-24.344131469726562
0.0,0.9999728202819824,1.0,3,anti_proposal,0.0969695970416069,0,-0.5238800048828125,1,0.5238800048828125,train,BraTS-GLI-00222-000,-24.05036735534668,-24.574247360229492
1.0371208190917969e-05,1.0,0.25,14,prototype,0.013472631573677063,0,0.03193187713623047,1,0.03193187713623047,train,BraTS-GLI-00222-000,-9.299534797668457,-9.267602920532227
2.4378299713134766e-05,1.0,0.5,14,prototype,0.013472631573677063,0,0.07499027252197266,1,0.07499027252197266,train,BraTS-GLI-00222-000,-9.299534797668457,-9.224544525146484
6.23464584350586e-05,1.0,1.0,14,prototype,0.013472631573677063,0,0.18097877502441406,1,0.18097877502441406,train,BraTS-GLI-00222-000,-9.299534797668457,-9.118556022644043
-1.4126300811767578e-05,1.0,0.25,14,random,0.013472631573677063,0,-0.05071830749511719,1,0.05071830749511719,train,BraTS-GLI-00222-000,-9.299534797668457,-9.350253105163574
-2.6881694793701172e-05,1.0,0.5,14,random,0.013472631573677063,0,-0.09919548034667969,1,0.09919548034667969,train,BraTS-GLI-00222-000,-9.299534797668457,-9.398730278015137
-4.935264587402344e-05,1.0,1.0,14,random,0.013472631573677063,0,-0.19231319427490234,1,0.19231319427490234,train,BraTS-GLI-00222-000,-9.299534797668457,-9.49184799194336
0.0008359551429748535,0.9999014139175415,0.25,14,proposal,0.013472631573677063,0,1.3324265480041504,1,1.3324265480041504,train,BraTS-GLI-00222-000,-9.299534797668457,-7.967108249664307
0.003558218479156494,0.9999014139175415,0.5,14,proposal,0.013472631573677063,0,2.5253286361694336,1,2.5253286361694336,train,BraTS-GLI-00222-000,-9.299534797668457,-6.774206161499023
0.03874623775482178,0.9999014139175415,1.0,14,proposal,0.013472631573677063,0,4.726243495941162,1,4.726243495941162,train,BraTS-GLI-00222-000,-9.299534797668457,-4.573291301727295
-0.00021833181381225586,0.9999014139175415,0.25,14,anti_proposal,0.013472631573677063,0,-1.5575780868530273,1,1.5575780868530273,train,BraTS-GLI-00222-000,-9.299534797668457,-10.857112884521484
-0.0002644062042236328,0.9999014139175415,0.5,14,anti_proposal,0.013472631573677063,0,-3.237508773803711,1,3.237508773803711,train,BraTS-GLI-00222-000,-9.299534797668457,-12.537043571472168
-0.0002741217613220215,0.9999014139175415,1.0,14,anti_proposal,0.013472631573677063,0,-5.111534118652344,1,5.111534118652344,train,BraTS-GLI-00222-000,-9.299534797668457,-14.4110689163208
1.1920928955078125e-07,1.0,0.25,2,prototype,0.16111773252487183,0,0.07906532287597656,1,0.07906532287597656,train,BraTS-GLI-01062-000,-17.115354537963867,-17.03628921508789
1.1920928955078125e-07,1.0,0.5,2,prototype,0.16111773252487183,0,0.16561317443847656,1,0.16561317443847656,train,BraTS-GLI-01062-000,-17.115354537963867,-16.94974136352539
1.7881393432617188e-07,1.0,1.0,2,prototype,0.16111773252487183,0,0.37417030334472656,1,0.37417030334472656,train,BraTS-GLI-01062-000,-17.115354537963867,-16.74118423461914
0.0,1.0,0.25,2,random,0.16111773252487183,0,-0.04572486877441406,1,0.04572486877441406,train,BraTS-GLI-01062-000,-17.115354537963867,-17.16107940673828
0.0,1.0,0.5,2,random,0.16111773252487183,0,-0.08945465087890625,1,0.08945465087890625,train,BraTS-GLI-01062-000,-17.115354537963867,-17.204809188842773
0.0,1.0,1.0,2,random,0.16111773252487183,0,-0.15863800048828125,1,0.15863800048828125,train,BraTS-GLI-01062-000,-17.115354537963867,-17.27399253845215
5.960464477539062e-07,0.9998434782028198,0.25,2,proposal,0.16111773252487183,0,0.9152507781982422,1,0.9152507781982422,train,BraTS-GLI-01062-000,-17.115354537963867,-16.200103759765625
3.5762786865234375e-06,0.9998434782028198,0.5,2,proposal,0.16111773252487183,0,2.0789451599121094,1,2.0789451599121094,train,BraTS-GLI-01062-000,-17.115354537963867,-15.036409378051758
5.429983139038086e-05,0.9998434782028198,1.0,2,proposal,0.16111773252487183,0,4.145977973937988,1,4.145977973937988,train,BraTS-GLI-01062-000,-17.115354537963867,-12.969376564025879
-5.960464477539063e-08,0.9998434782028198,0.25,2,anti_proposal,0.16111773252487183,0,-0.6015224456787109,1,0.6015224456787109,train,BraTS-GLI-01062-000,-17.115354537963867,-17.716876983642578
-5.960464477539063e-08,0.9998434782028198,0.5,2,anti_proposal,0.16111773252487183,0,-0.9001884460449219,1,0.9001884460449219,train,BraTS-GLI-01062-000,-17.115354537963867,-18.01554298400879
-1.1920928955078125e-07,0.9998434782028198,1.0,2,anti_proposal,0.16111773252487183,0,-1.5201606750488281,1,1.5201606750488281,train,BraTS-GLI-01062-000,-17.115354537963867,-18.635515213012695
0.001801609992980957,1.0,0.25,8,prototype,0.28431573510169983,0,0.1965799331665039,1,0.1965799331665039,train,BraTS-GLI-00266-000,-10.017775535583496,-9.821195602416992
0.004381418228149414,1.0,0.5,8,prototype,0.28431573510169983,0,0.40122318267822266,1,0.40122318267822266,train,BraTS-GLI-00266-000,-10.017775535583496,-9.616552352905273
0.01338803768157959,1.0,1.0,8,prototype,0.28431573510169983,0,0.8475980758666992,1,0.8475980758666992,train,BraTS-GLI-00266-000,-10.017775535583496,-9.170177459716797
-0.0004698634147644043,1.0,0.25,8,random,0.28431573510169983,0,-0.06740093231201172,1,0.06740093231201172,train,BraTS-GLI-00266-000,-10.017775535583496,-10.085176467895508
-0.0009129047393798828,1.0,0.5,8,random,0.28431573510169983,0,-0.1384439468383789,1,0.1384439468383789,train,BraTS-GLI-00266-000,-10.017775535583496,-10.156219482421875
-0.0017060041427612305,1.0,1.0,8,random,0.28431573510169983,0,-0.2883768081665039,1,0.2883768081665039,train,BraTS-GLI-00266-000,-10.017775535583496,-10.30615234375
0.008611738681793213,0.9998138546943665,0.25,8,proposal,0.28431573510169983,0,0.7015485763549805,1,0.7015485763549805,train,BraTS-GLI-00266-000,-10.017775535583496,-9.316226959228516
0.029091477394104004,0.9998138546943665,0.5,8,proposal,0.28431573510169983,0,1.3769588470458984,1,1.3769588470458984,train,BraTS-GLI-00266-000,-10.017775535583496,-8.640816688537598
0.1508619785308838,0.9998138546943665,1.0,8,proposal,0.28431573510169983,0,2.693521022796631,1,2.693521022796631,train,BraTS-GLI-00266-000,-10.017775535583496,-7.324254512786865
-0.00338822603225708,0.9998138546943665,0.25,8,anti_proposal,0.28431573510169983,0,-0.7475452423095703,1,0.7475452423095703,train,BraTS-GLI-00266-000,-10.017775535583496,-10.765320777893066
-0.004597902297973633,0.9998138546943665,0.5,8,anti_proposal,0.28431573510169983,0,-1.5207271575927734,1,1.5207271575927734,train,BraTS-GLI-00266-000,-10.017775535583496,-11.53850269317627
-0.0050961971282958984,0.9998138546943665,1.0,8,anti_proposal,0.28431573510169983,0,-2.9268856048583984,1,2.9268856048583984,train,BraTS-GLI-00266-000,-10.017775535583496,-12.944661140441895
0.0,1.0,0.25,2,prototype,0.15208874642848969,0,0.025440216064453125,1,0.025440216064453125,train,BraTS-GLI-01090-000,-17.466026306152344,-17.44058609008789
0.0,1.0,0.5,2,prototype,0.15208874642848969,0,0.04347991943359375,1,0.04347991943359375,train,BraTS-GLI-01090-000,-17.466026306152344,-17.42254638671875
5.960464477539063e-08,1.0,1.0,2,prototype,0.15208874642848969,0,0.07141876220703125,1,0.07141876220703125,train,BraTS-GLI-01090-000,-17.466026306152344,-17.394607543945312
0.0,1.0,0.25,2,random,0.15208874642848969,0,0.008758544921875,1,0.008758544921875,train,BraTS-GLI-01090-000,-17.466026306152344,-17.45726776123047
0.0,1.0,0.5,2,random,0.15208874642848969,0,0.017152786254882812,1,0.017152786254882812,train,BraTS-GLI-01090-000,-17.466026306152344,-17.44887351989746
0.0,1.0,1.0,2,random,0.15208874642848969,0,0.032245635986328125,1,0.032245635986328125,train,BraTS-GLI-01090-000,-17.466026306152344,-17.433780670166016
5.960464477539063e-08,0.9998266100883484,0.25,2,proposal,0.15208874642848969,0,0.15442466735839844,1,0.15442466735839844,train,BraTS-GLI-01090-000,-17.466026306152344,-17.311601638793945
5.960464477539063e-08,0.9998266100883484,0.5,2,proposal,0.15208874642848969,0,0.38519287109375,1,0.38519287109375,train,BraTS-GLI-01090-000,-17.466026306152344,-17.080833435058594
1.1920928955078125e-07,0.9998266100883484,1.0,2,proposal,0.15208874642848969,0,0.33693504333496094,1,0.33693504333496094,train,BraTS-GLI-01090-000,-17.466026306152344,-17.129091262817383
0.0,0.9998266100883484,0.25,2,anti_proposal,0.15208874642848969,0,-0.14565086364746094,1,0.14565086364746094,train,BraTS-GLI-01090-000,-17.466026306152344,-17.611677169799805
-1.1920928955078125e-07,0.9998266100883484,0.5,2,anti_proposal,0.15208874642848969,0,-0.25388145446777344,1,0.25388145446777344,train,BraTS-GLI-01090-000,-17.466026306152344,-17.719907760620117
-1.1920928955078125e-07,0.9998266100883484,1.0,2,anti_proposal,0.15208874642848969,0,-0.5726966857910156,1,0.5726966857910156,train,BraTS-GLI-01090-000,-17.466026306152344,-18.03872299194336
0.0,1.0,0.25,3,prototype,0.18328574299812317,0,-0.0001049041748046875,1,0.0001049041748046875,train,BraTS-GLI-01090-000,-16.074960708618164,-16.07506561279297
0.0,1.0,0.5,3,prototype,0.18328574299812317,0,0.0024471282958984375,1,0.0024471282958984375,train,BraTS-GLI-01090-000,-16.074960708618164,-16.072513580322266
5.960464477539063e-08,1.0,1.0,3,prototype,0.18328574299812317,0,0.018917083740234375,1,0.018917083740234375,train,BraTS-GLI-01090-000,-16.074960708618164,-16.05604362487793
0.0,1.0,0.25,3,random,0.18328574299812317,0,0.0003204345703125,1,0.0003204345703125,train,BraTS-GLI-01090-000,-16.074960708618164,-16.07464027404785
0.0,1.0,0.5,3,random,0.18328574299812317,0,-0.0002593994140625,1,0.0002593994140625,train,BraTS-GLI-01090-000,-16.074960708618164,-16.075220108032227
0.0,1.0,1.0,3,random,0.18328574299812317,0,-0.000881195068359375,1,0.000881195068359375,train,BraTS-GLI-01090-000,-16.074960708618164,-16.075841903686523
5.960464477539063e-08,0.9990781545639038,0.25,3,proposal,0.18328574299812317,0,0.12477970123291016,1,0.12477970123291016,train,BraTS-GLI-01090-000,-16.074960708618164,-15.950181007385254
4.172325134277344e-07,0.9990781545639038,0.5,3,proposal,0.18328574299812317,0,0.48857975006103516,1,0.48857975006103516,train,BraTS-GLI-01090-000,-16.074960708618164,-15.586380958557129
5.185604095458984e-06,0.9990781545639038,1.0,3,proposal,0.18328574299812317,0,1.9611854553222656,1,1.9611854553222656,train,BraTS-GLI-01090-000,-16.074960708618164,-14.113775253295898
0.0,0.9990781545639038,0.25,3,anti_proposal,0.18328574299812317,0,-0.09615135192871094,1,0.09615135192871094,train,BraTS-GLI-01090-000,-16.074960708618164,-16.171112060546875
-5.960464477539063e-08,0.9990781545639038,0.5,3,anti_proposal,0.18328574299812317,0,-0.2065143585205078,1,0.2065143585205078,train,BraTS-GLI-01090-000,-16.074960708618164,-16.281475067138672
-1.7881393432617188e-07,0.9990781545639038,1.0,3,anti_proposal,0.18328574299812317,0,-0.7518806457519531,1,0.7518806457519531,train,BraTS-GLI-01090-000,-16.074960708618164,-16.826841354370117
5.960464477539063e-08,1.0,0.25,5,prototype,0.10549882799386978,0,0.07209205627441406,1,0.07209205627441406,train,BraTS-GLI-01090-000,-16.278776168823242,-16.206684112548828
5.960464477539063e-08,1.0,0.5,5,prototype,0.10549882799386978,0,0.14262008666992188,1,0.14262008666992188,train,BraTS-GLI-01090-000,-16.278776168823242,-16.13615608215332
1.1920928955078125e-07,1.0,1.0,5,prototype,0.10549882799386978,0,0.2687664031982422,1,0.2687664031982422,train,BraTS-GLI-01090-000,-16.278776168823242,-16.010009765625
0.0,1.0,0.25,5,random,0.10549882799386978,0,0.0066967010498046875,1,0.0066967010498046875,train,BraTS-GLI-01090-000,-16.278776168823242,-16.272079467773438
0.0,1.0,0.5,5,random,0.10549882799386978,0,0.01202392578125,1,0.01202392578125,train,BraTS-GLI-01090-000,-16.278776168823242,-16.266752243041992
0.0,1.0,1.0,5,random,0.10549882799386978,0,0.019113540649414062,1,0.019113540649414062,train,BraTS-GLI-01090-000,-16.278776168823242,-16.259662628173828
2.980232238769531e-07,0.9931104183197021,0.25,5,proposal,0.10549882799386978,0,0.6435184478759766,1,0.6435184478759766,train,BraTS-GLI-01090-000,-16.278776168823242,-15.635257720947266
5.364418029785156e-07,0.9931104183197021,0.5,5,proposal,0.10549882799386978,0,0.9515619277954102,1,0.9515619277954102,train,BraTS-GLI-01090-000,-16.278776168823242,-15.327214241027832
5.960464477539062e-07,0.9931104183197021,1.0,5,proposal,0.10549882799386978,0,0.8341617584228516,1,0.8341617584228516,train,BraTS-GLI-01090-000,-16.278776168823242,-15.44461441040039
-1.7881393432617188e-07,0.9931104183197021,0.25,5,anti_proposal,0.10549882799386978,0,-0.5773677825927734,1,0.5773677825927734,train,BraTS-GLI-01090-000,-16.278776168823242,-16.856143951416016
-1.7881393432617188e-07,0.9931104183197021,0.5,5,anti_proposal,0.10549882799386978,0,-1.0234241485595703,1,1.0234241485595703,train,BraTS-GLI-01090-000,-16.278776168823242,-17.302200317382812
-2.384185791015625e-07,0.9931104183197021,1.0,5,anti_proposal,0.10549882799386978,0,-1.2550525665283203,1,1.2550525665283203,train,BraTS-GLI-01090-000,-16.278776168823242,-17.533828735351562
0.0,1.0,0.25,5,prototype,0.14435294270515442,0,0.010835647583007812,1,0.010835647583007812,train,BraTS-GLI-01176-000,-15.645949363708496,-15.635113716125488
0.0,1.0,0.5,5,prototype,0.14435294270515442,0,0.023366928100585938,1,0.023366928100585938,train,BraTS-GLI-01176-000,-15.645949363708496,-15.62258243560791
5.960464477539063e-08,1.0,1.0,5,prototype,0.14435294270515442,0,0.04592704772949219,1,0.04592704772949219,train,BraTS-GLI-01176-000,-15.645949363708496,-15.600022315979004
0.0,1.0,0.25,5,random,0.14435294270515442,0,-0.019012451171875,1,0.019012451171875,train,BraTS-GLI-01176-000,-15.645949363708496,-15.664961814880371
0.0,1.0,0.5,5,random,0.14435294270515442,0,-0.039463043212890625,1,0.039463043212890625,train,BraTS-GLI-01176-000,-15.645949363708496,-15.685412406921387
-5.960464477539063e-08,1.0,1.0,5,random,0.14435294270515442,0,-0.08297061920166016,1,0.08297061920166016,train,BraTS-GLI-01176-000,-15.645949363708496,-15.728919982910156
2.384185791015625e-07,0.9953174591064453,0.25,5,proposal,0.14435294270515442,0,0.24190425872802734,1,0.24190425872802734,train,BraTS-GLI-01176-000,-15.645949363708496,-15.404045104980469
6.556510925292969e-07,0.9953174591064453,0.5,5,proposal,0.14435294270515442,0,0.5432624816894531,1,0.5432624816894531,train,BraTS-GLI-01176-000,-15.645949363708496,-15.102686882019043
3.159046173095703e-06,0.9953174591064453,1.0,5,proposal,0.14435294270515442,0,1.3547630310058594,1,1.3547630310058594,train,BraTS-GLI-01176-000,-15.645949363708496,-14.291186332702637
-1.7881393432617188e-07,0.9953174591064453,0.25,5,anti_proposal,0.14435294270515442,0,-0.26790714263916016,1,0.26790714263916016,train,BraTS-GLI-01176-000,-15.645949363708496,-15.913856506347656
-2.980232238769531e-07,0.9953174591064453,0.5,5,anti_proposal,0.14435294270515442,0,-0.5512361526489258,1,0.5512361526489258,train,BraTS-GLI-01176-000,-15.645949363708496,-16.197185516357422
-4.172325134277344e-07,0.9953174591064453,1.0,5,anti_proposal,0.14435294270515442,0,-0.9769506454467773,1,0.9769506454467773,train,BraTS-GLI-01176-000,-15.645949363708496,-16.622900009155273
3.516674041748047e-06,1.0,0.25,14,prototype,0.3178977966308594,0,0.9919929504394531,1,0.9919929504394531,train,BraTS-GLI-00186-000,-19.13134765625,-18.139354705810547
2.4318695068359375e-05,1.0,0.5,14,prototype,0.3178977966308594,0,2.1867237091064453,1,2.1867237091064453,train,BraTS-GLI-00186-000,-19.13134765625,-16.944623947143555
0.0007010698318481445,1.0,1.0,14,prototype,0.3178977966308594,0,4.916661262512207,1,4.916661262512207,train,BraTS-GLI-00186-000,-19.13134765625,-14.214686393737793
-5.960464477539063e-08,1.0,0.25,14,random,0.3178977966308594,0,-0.07141304016113281,1,0.07141304016113281,train,BraTS-GLI-00186-000,-19.13134765625,-19.202760696411133
-5.960464477539063e-08,1.0,0.5,14,random,0.3178977966308594,0,-0.14386367797851562,1,0.14386367797851562,train,BraTS-GLI-00186-000,-19.13134765625,-19.275211334228516
-1.7881393432617188e-07,1.0,1.0,14,random,0.3178977966308594,0,-0.2957267761230469,1,0.2957267761230469,train,BraTS-GLI-00186-000,-19.13134765625,-19.427074432373047
0.00017327070236206055,0.999984860420227,0.25,14,proposal,0.3178977966308594,0,3.8852853775024414,1,3.8852853775024414,train,BraTS-GLI-00186-000,-19.13134765625,-15.246062278747559
0.017799556255340576,0.999984860420227,0.5,14,proposal,0.3178977966308594,0,8.744237899780273,1,8.744237899780273,train,BraTS-GLI-00186-000,-19.13134765625,-10.387109756469727
0.21167737245559692,0.999984860420227,1.0,14,proposal,0.3178977966308594,1,20.287677764892578,1,20.287677764892578,train,BraTS-GLI-00186-000,-19.13134765625,1.1563301086425781
-7.748603820800781e-07,0.999984860420227,0.25,14,anti_proposal,0.3178977966308594,0,-2.6956119537353516,1,2.6956119537353516,train,BraTS-GLI-00186-000,-19.13134765625,-21.82695960998535
-7.152557373046875e-07,0.999984860420227,0.5,14,anti_proposal,0.3178977966308594,0,-4.067800521850586,1,4.067800521850586,train,BraTS-GLI-00186-000,-19.13134765625,-23.199148178100586
-6.556510925292969e-07,0.999984860420227,1.0,14,anti_proposal,0.3178977966308594,0,-5.100809097290039,1,5.100809097290039,train,BraTS-GLI-00186-000,-19.13134765625,-24.23215675354004
0.0,1.0,0.25,30,prototype,0.32407712936401367,0,0.017049789428710938,1,0.017049789428710938,train,BraTS-GLI-01427-000,-25.714744567871094,-25.697694778442383
0.0,1.0,0.5,30,prototype,0.32407712936401367,0,0.03349494934082031,1,0.03349494934082031,train,BraTS-GLI-01427-000,-25.714744567871094,-25.681249618530273
0.0,1.0,1.0,30,prototype,0.32407712936401367,0,0.06526947021484375,1,0.06526947021484375,train,BraTS-GLI-01427-000,-25.714744567871094,-25.64947509765625
0.0,1.0,0.25,30,random,0.32407712936401367,0,-0.0017070770263671875,1,0.0017070770263671875,train,BraTS-GLI-01427-000,-25.714744567871094,-25.71645164489746
0.0,1.0,0.5,30,random,0.32407712936401367,0,-0.0006427764892578125,1,0.0006427764892578125,train,BraTS-GLI-01427-000,-25.714744567871094,-25.71538734436035
0.0,1.0,1.0,30,random,0.32407712936401367,0,-0.00553131103515625,1,0.00553131103515625,train,BraTS-GLI-01427-000,-25.714744567871094,-25.72027587890625
0.0,0.9999808073043823,0.25,30,proposal,0.32407712936401367,0,0.04872894287109375,1,0.04872894287109375,train,BraTS-GLI-01427-000,-25.714744567871094,-25.666015625
0.0,0.9999808073043823,0.5,30,proposal,0.32407712936401367,0,0.09369087219238281,1,0.09369087219238281,train,BraTS-GLI-01427-000,-25.714744567871094,-25.62105369567871
0.0,0.9999808073043823,1.0,30,proposal,0.32407712936401367,0,0.19616127014160156,1,0.19616127014160156,train,BraTS-GLI-01427-000,-25.714744567871094,-25.518583297729492
0.0,0.9999808073043823,0.25,30,anti_proposal,0.32407712936401367,0,-0.05092620849609375,1,0.05092620849609375,train,BraTS-GLI-01427-000,-25.714744567871094,-25.765670776367188
0.0,0.9999808073043823,0.5,30,anti_proposal,0.32407712936401367,0,-0.09189033508300781,1,0.09189033508300781,train,BraTS-GLI-01427-000,-25.714744567871094,-25.8066349029541
0.0,0.9999808073043823,1.0,30,anti_proposal,0.32407712936401367,0,-0.13744354248046875,1,0.13744354248046875,train,BraTS-GLI-01427-000,-25.714744567871094,-25.852188110351562
0.0,1.0,0.25,5,prototype,0.12618166208267212,0,0.09963607788085938,1,0.09963607788085938,train,BraTS-GLI-01074-000,-19.2067813873291,-19.107145309448242
5.960464477539063e-08,1.0,0.5,5,prototype,0.12618166208267212,0,0.203582763671875,1,0.203582763671875,train,BraTS-GLI-01074-000,-19.2067813873291,-19.003198623657227
1.1920928955078125e-07,1.0,1.0,5,prototype,0.12618166208267212,0,0.4429340362548828,1,0.4429340362548828,train,BraTS-GLI-01074-000,-19.2067813873291,-18.76384735107422
0.0,1.0,0.25,5,random,0.12618166208267212,0,0.04261589050292969,1,0.04261589050292969,train,BraTS-GLI-01074-000,-19.2067813873291,-19.164165496826172
0.0,1.0,0.5,5,random,0.12618166208267212,0,0.08336257934570312,1,0.08336257934570312,train,BraTS-GLI-01074-000,-19.2067813873291,-19.1234188079834
0.0,1.0,1.0,5,random,0.12618166208267212,0,0.1641845703125,1,0.1641845703125,train,BraTS-GLI-01074-000,-19.2067813873291,-19.0425968170166
-1.1920928955078125e-07,1.0,0.25,5,proposal,0.12618166208267212,0,0.4654083251953125,1,0.4654083251953125,train,BraTS-GLI-01074-000,-19.2067813873291,-18.74137306213379
-1.7881393432617188e-07,1.0,0.5,5,proposal,0.12618166208267212,0,0.9748096466064453,1,0.9748096466064453,train,BraTS-GLI-01074-000,-19.2067813873291,-18.231971740722656
-3.5762786865234375e-07,1.0,1.0,5,proposal,0.12618166208267212,0,1.1261062622070312,1,1.1261062622070312,train,BraTS-GLI-01074-000,-19.2067813873291,-18.08067512512207
2.384185791015625e-07,1.0,0.25,5,anti_proposal,0.12618166208267212,0,-0.16099166870117188,1,0.16099166870117188,train,BraTS-GLI-01074-000,-19.2067813873291,-19.367773056030273
5.960464477539062e-07,1.0,0.5,5,anti_proposal,0.12618166208267212,0,0.01149749755859375,1,0.01149749755859375,train,BraTS-GLI-01074-000,-19.2067813873291,-19.195283889770508
4.291534423828125e-06,1.0,1.0,5,anti_proposal,0.12618166208267212,0,0.7653064727783203,1,0.7653064727783203,train,BraTS-GLI-01074-000,-19.2067813873291,-18.44147491455078
0.0,1.0,0.25,1,prototype,-0.05976962298154831,0,-0.03286170959472656,1,0.03286170959472656,train,BraTS-GLI-01530-000,-18.22849464416504,-18.261356353759766
0.0,1.0,0.5,1,prototype,-0.05976962298154831,0,-0.06515121459960938,1,0.06515121459960938,train,BraTS-GLI-01530-000,-18.22849464416504,-18.29364585876465
0.0,1.0,1.0,1,prototype,-0.05976962298154831,0,-0.12696075439453125,1,0.12696075439453125,train,BraTS-GLI-01530-000,-18.22849464416504,-18.35545539855957
0.0,1.0,0.25,1,random,-0.05976962298154831,0,-0.0078887939453125,1,0.0078887939453125,train,BraTS-GLI-01530-000,-18.22849464416504,-18.23638343811035
0.0,1.0,0.5,1,random,-0.05976962298154831,0,-0.017496109008789062,1,0.017496109008789062,train,BraTS-GLI-01530-000,-18.22849464416504,-18.245990753173828
0.0,1.0,1.0,1,random,-0.05976962298154831,0,-0.03886604309082031,1,0.03886604309082031,train,BraTS-GLI-01530-000,-18.22849464416504,-18.26736068725586
0.0,0.9995121955871582,0.25,1,proposal,-0.05976962298154831,0,0.5918712615966797,1,0.5918712615966797,train,BraTS-GLI-01530-000,-18.22849464416504,-17.63662338256836
5.960464477539063e-08,0.9995121955871582,0.5,1,proposal,-0.05976962298154831,0,1.493722915649414,1,1.493722915649414,train,BraTS-GLI-01530-000,-18.22849464416504,-16.734771728515625
5.364418029785156e-07,0.9995121955871582,1.0,1,proposal,-0.05976962298154831,0,2.967219352722168,1,2.967219352722168,train,BraTS-GLI-01530-000,-18.22849464416504,-15.261275291442871
0.0,0.9995121955871582,0.25,1,anti_proposal,-0.05976962298154831,0,-0.3955364227294922,1,0.3955364227294922,train,BraTS-GLI-01530-000,-18.22849464416504,-18.62403106689453
-1.1920928955078125e-07,0.9995121955871582,0.5,1,anti_proposal,-0.05976962298154831,0,-0.6983642578125,1,0.6983642578125,train,BraTS-GLI-01530-000,-18.22849464416504,-18.92685890197754
-1.1920928955078125e-07,0.9995121955871582,1.0,1,anti_proposal,-0.05976962298154831,0,-1.2435798645019531,1,1.2435798645019531,train,BraTS-GLI-01530-000,-18.22849464416504,-19.472074508666992
4.088878631591797e-05,1.0,0.25,36,prototype,0.0759817510843277,0,0.03585052490234375,1,0.03585052490234375,train,BraTS-GLI-00299-000,-12.43305492401123,-12.397204399108887
9.47117805480957e-05,1.0,0.5,36,prototype,0.0759817510843277,0,0.07843971252441406,1,0.07843971252441406,train,BraTS-GLI-00299-000,-12.43305492401123,-12.354615211486816
0.00027126073837280273,1.0,1.0,36,prototype,0.0759817510843277,0,0.20044994354248047,1,0.20044994354248047,train,BraTS-GLI-00299-000,-12.43305492401123,-12.23260498046875
-7.098913192749023e-05,1.0,0.25,36,random,0.0759817510843277,0,-0.06834030151367188,1,0.06834030151367188,train,BraTS-GLI-00299-000,-12.43305492401123,-12.501395225524902
-0.00013512372970581055,1.0,0.5,36,random,0.0759817510843277,0,-0.13721179962158203,1,0.13721179962158203,train,BraTS-GLI-00299-000,-12.43305492401123,-12.570266723632812
-0.0002465248107910156,1.0,1.0,36,random,0.0759817510843277,0,-0.2777252197265625,1,0.2777252197265625,train,BraTS-GLI-00299-000,-12.43305492401123,-12.710780143737793
0.0060416460037231445,0.9999306201934814,0.25,36,proposal,0.0759817510843277,0,1.3174781799316406,1,1.3174781799316406,train,BraTS-GLI-00299-000,-12.43305492401123,-11.11557674407959
0.07002520561218262,0.9999306201934814,0.5,36,proposal,0.0759817510843277,0,2.6664915084838867,1,2.6664915084838867,train,BraTS-GLI-00299-000,-12.43305492401123,-9.766563415527344
0.4038429856300354,0.9999306201934814,1.0,36,proposal,0.0759817510843277,0,4.965345859527588,1,4.965345859527588,train,BraTS-GLI-00299-000,-12.43305492401123,-7.467709064483643
-0.0006210207939147949,0.9999306201934814,0.25,36,anti_proposal,0.0759817510843277,0,-1.3416728973388672,1,1.3416728973388672,train,BraTS-GLI-00299-000,-12.43305492401123,-13.774727821350098
-0.0006926655769348145,0.9999306201934814,0.5,36,anti_proposal,0.0759817510843277,0,-2.481165885925293,1,2.481165885925293,train,BraTS-GLI-00299-000,-12.43305492401123,-14.914220809936523
-0.000702202320098877,0.9999306201934814,1.0,36,anti_proposal,0.0759817510843277,0,-3.4872283935546875,1,3.4872283935546875,train,BraTS-GLI-00299-000,-12.43305492401123,-15.920283317565918
0.001771092414855957,1.0,0.25,28,prototype,0.31326770782470703,0,0.6863946914672852,1,0.6863946914672852,train,BraTS-GLI-00299-000,-10.271528244018555,-9.58513355255127
0.0055005550384521484,1.0,0.5,28,prototype,0.31326770782470703,0,1.4309148788452148,1,1.4309148788452148,train,BraTS-GLI-00299-000,-10.271528244018555,-8.84061336517334
0.021960675716400146,1.0,1.0,28,prototype,0.31326770782470703,0,3.0799694061279297,1,3.0799694061279297,train,BraTS-GLI-00299-000,-10.271528244018555,-7.191558837890625
1.913309097290039e-05,1.0,0.25,28,random,0.31326770782470703,0,0.017086029052734375,1,0.017086029052734375,train,BraTS-GLI-00299-000,-10.271528244018555,-10.25444221496582
4.094839096069336e-05,1.0,0.5,28,random,0.31326770782470703,0,0.03434467315673828,1,0.03434467315673828,train,BraTS-GLI-00299-000,-10.271528244018555,-10.237183570861816
9.572505950927734e-05,1.0,1.0,28,random,0.31326770782470703,0,0.07001876831054688,1,0.07001876831054688,train,BraTS-GLI-00299-000,-10.271528244018555,-10.201509475708008
0.018562495708465576,0.9986529350280762,0.25,28,proposal,0.31326770782470703,0,2.7110304832458496,1,2.7110304832458496,train,BraTS-GLI-00299-000,-10.271528244018555,-7.560497760772705
0.05321633815765381,0.9986529350280762,0.5,28,proposal,0.31326770782470703,0,5.7356977462768555,1,5.7356977462768555,train,BraTS-GLI-00299-000,-10.271528244018555,-4.535830497741699
0.05871933698654175,0.9986529350280762,1.0,28,proposal,0.31326770782470703,1,10.61615726351738,1,10.61615726351738,train,BraTS-GLI-00299-000,-10.271528244018555,0.3446290194988251
-0.0012860894203186035,0.9986529350280762,0.25,28,anti_proposal,0.31326770782470703,0,-2.39617919921875,1,2.39617919921875,train,BraTS-GLI-00299-000,-10.271528244018555,-12.667707443237305
-0.0013350844383239746,0.9986529350280762,0.5,28,anti_proposal,0.31326770782470703,0,-4.277095794677734,1,4.277095794677734,train,BraTS-GLI-00299-000,-10.271528244018555,-14.548624038696289
-0.0013383030891418457,0.9986529350280762,1.0,28,anti_proposal,0.31326770782470703,0,-6.398351669311523,1,6.398351669311523,train,BraTS-GLI-00299-000,-10.271528244018555,-16.669879913330078
0.030398011207580566,1.0,0.25,40,prototype,0.32111918926239014,0,0.674281120300293,1,0.674281120300293,train,BraTS-GLI-00404-000,-10.156376838684082,-9.482095718383789
0.06963151693344116,1.0,0.5,40,prototype,0.32111918926239014,0,1.3207597732543945,1,1.3207597732543945,train,BraTS-GLI-00404-000,-10.156376838684082,-8.835617065429688
0.15209323167800903,1.0,1.0,40,prototype,0.32111918926239014,0,2.3415679931640625,1,2.3415679931640625,train,BraTS-GLI-00404-000,-10.156376838684082,-7.8148088455200195
0.0015267729759216309,1.0,0.25,40,random,0.32111918926239014,0,0.06363773345947266,1,0.06363773345947266,train,BraTS-GLI-00404-000,-10.156376838684082,-10.09273910522461
0.0028952956199645996,1.0,0.5,40,random,0.32111918926239014,0,0.12243366241455078,1,0.12243366241455078,train,BraTS-GLI-00404-000,-10.156376838684082,-10.033943176269531
0.00572359561920166,1.0,1.0,40,random,0.32111918926239014,0,0.23992156982421875,1,0.23992156982421875,train,BraTS-GLI-00404-000,-10.156376838684082,-9.916455268859863
0.11770063638687134,0.9989153146743774,0.25,40,proposal,0.32111918926239014,0,1.8371610641479492,1,1.8371610641479492,train,BraTS-GLI-00404-000,-10.156376838684082,-8.319215774536133
0.23736262321472168,0.9989153146743774,0.5,40,proposal,0.32111918926239014,0,3.3090009689331055,1,3.3090009689331055,train,BraTS-GLI-00404-000,-10.156376838684082,-6.847375869750977
0.5054792761802673,0.9989153146743774,1.0,40,proposal,0.32111918926239014,0,5.34354829788208,1,5.34354829788208,train,BraTS-GLI-00404-000,-10.156376838684082,-4.812828540802002
-0.02032184600830078,0.9989153146743774,0.25,40,anti_proposal,0.32111918926239014,0,-1.7871837615966797,1,1.7871837615966797,train,BraTS-GLI-00404-000,-10.156376838684082,-11.943560600280762
-0.02068251371383667,0.9989153146743774,0.5,40,anti_proposal,0.32111918926239014,0,-3.406269073486328,1,3.406269073486328,train,BraTS-GLI-00404-000,-10.156376838684082,-13.56264591217041
-0.020696043968200684,0.9989153146743774,1.0,40,anti_proposal,0.32111918926239014,0,-5.546269416809082,1,5.546269416809082,train,BraTS-GLI-00404-000,-10.156376838684082,-15.702646255493164
3.5762786865234375e-06,1.0,0.25,15,prototype,0.135421484708786,0,0.003955841064453125,1,0.003955841064453125,train,BraTS-GLI-00404-000,-12.552299499511719,-12.548343658447266
6.258487701416016e-06,1.0,0.5,15,prototype,0.135421484708786,0,0.004940032958984375,1,0.004940032958984375,train,BraTS-GLI-00404-000,-12.552299499511719,-12.547359466552734
1.0073184967041016e-05,1.0,1.0,15,prototype,0.135421484708786,0,0.008009910583496094,1,0.008009910583496094,train,BraTS-GLI-00404-000,-12.552299499511719,-12.544289588928223
-1.9669532775878906e-06,1.0,0.25,15,random,0.135421484708786,0,-0.009522438049316406,1,0.009522438049316406,train,BraTS-GLI-00404-000,-12.552299499511719,-12.561821937561035
-3.7550926208496094e-06,1.0,0.5,15,random,0.135421484708786,0,-0.01822376251220703,1,0.01822376251220703,train,BraTS-GLI-00404-000,-12.552299499511719,-12.570523262023926
-7.331371307373047e-06,1.0,1.0,15,random,0.135421484708786,0,-0.035157203674316406,1,0.035157203674316406,train,BraTS-GLI-00404-000,-12.552299499511719,-12.587456703186035
2.6285648345947266e-05,0.9998231530189514,0.25,15,proposal,0.135421484708786,0,0.11541271209716797,1,0.11541271209716797,train,BraTS-GLI-00404-000,-12.552299499511719,-12.43688678741455
6.085634231567383e-05,0.9998231530189514,0.5,15,proposal,0.135421484708786,0,0.2314281463623047,1,0.2314281463623047,train,BraTS-GLI-00404-000,-12.552299499511719,-12.320871353149414
0.00017565488815307617,0.9998231530189514,1.0,15,proposal,0.135421484708786,0,0.49339771270751953,1,0.49339771270751953,train,BraTS-GLI-00404-000,-12.552299499511719,-12.0589017868042
-1.7642974853515625e-05,0.9998231530189514,0.25,15,anti_proposal,0.135421484708786,0,-0.09191703796386719,1,0.09191703796386719,train,BraTS-GLI-00404-000,-12.552299499511719,-12.644216537475586
-2.9385089874267578e-05,0.9998231530189514,0.5,15,anti_proposal,0.135421484708786,0,-0.15800189971923828,1,0.15800189971923828,train,BraTS-GLI-00404-000,-12.552299499511719,-12.710301399230957
-3.808736801147461e-05,0.9998231530189514,1.0,15,anti_proposal,0.135421484708786,0,-0.16493988037109375,1,0.16493988037109375,train,BraTS-GLI-00404-000,-12.552299499511719,-12.717239379882812
7.748603820800781e-07,1.0,0.25,1,prototype,0.3732891082763672,0,0.07283401489257812,1,0.07283401489257812,train,BraTS-GLI-00193-000,-19.117002487182617,-19.04416847229004
2.086162567138672e-06,1.0,0.5,1,prototype,0.3732891082763672,0,0.15572357177734375,1,0.15572357177734375,train,BraTS-GLI-00193-000,-19.117002487182617,-18.961278915405273
6.4373016357421875e-06,1.0,1.0,1,prototype,0.3732891082763672,0,0.36858558654785156,1,0.36858558654785156,train,BraTS-GLI-00193-000,-19.117002487182617,-18.748416900634766
0.0,1.0,0.25,1,random,0.3732891082763672,0,-0.0069789886474609375,1,0.0069789886474609375,train,BraTS-GLI-00193-000,-19.117002487182617,-19.123981475830078
0.0,1.0,0.5,1,random,0.3732891082763672,0,-0.01418304443359375,1,0.01418304443359375,train,BraTS-GLI-00193-000,-19.117002487182617,-19.13118553161621
-5.960464477539063e-08,1.0,1.0,1,random,0.3732891082763672,0,-0.02845001220703125,1,0.02845001220703125,train,BraTS-GLI-00193-000,-19.117002487182617,-19.14545249938965
4.112720489501953e-06,0.9999988079071045,0.25,1,proposal,0.3732891082763672,0,0.2693290710449219,1,0.2693290710449219,train,BraTS-GLI-00193-000,-19.117002487182617,-18.847673416137695
1.7642974853515625e-05,0.9999988079071045,0.5,1,proposal,0.3732891082763672,0,0.6391582489013672,1,0.6391582489013672,train,BraTS-GLI-00193-000,-19.117002487182617,-18.47784423828125
0.0002364516258239746,0.9999988079071045,1.0,1,proposal,0.3732891082763672,0,1.7014217376708984,1,1.7014217376708984,train,BraTS-GLI-00193-000,-19.117002487182617,-17.41558074951172
-1.4901161193847656e-06,0.9999988079071045,0.25,1,anti_proposal,0.3732891082763672,0,-0.2032032012939453,1,0.2032032012939453,train,BraTS-GLI-00193-000,-19.117002487182617,-19.320205688476562
-2.1457672119140625e-06,0.9999988079071045,0.5,1,anti_proposal,0.3732891082763672,0,-0.3401641845703125,1,0.3401641845703125,train,BraTS-GLI-00193-000,-19.117002487182617,-19.45716667175293
-2.6226043701171875e-06,0.9999988079071045,1.0,1,anti_proposal,0.3732891082763672,0,-0.46382713317871094,1,0.46382713317871094,train,BraTS-GLI-00193-000,-19.117002487182617,-19.580829620361328
6.020069122314453e-06,1.0,0.25,3,prototype,0.3711322546005249,0,0.07409095764160156,1,0.07409095764160156,train,BraTS-GLI-00193-000,-19.848155975341797,-19.774065017700195
1.5437602996826172e-05,1.0,0.5,3,prototype,0.3711322546005249,0,0.15999412536621094,1,0.15999412536621094,train,BraTS-GLI-00193-000,-19.848155975341797,-19.688161849975586
5.513429641723633e-05,1.0,1.0,3,prototype,0.3711322546005249,0,0.38314247131347656,1,0.38314247131347656,train,BraTS-GLI-00193-000,-19.848155975341797,-19.46501350402832
-1.2516975402832031e-06,1.0,0.25,3,random,0.3711322546005249,0,-0.020368576049804688,1,0.020368576049804688,train,BraTS-GLI-00193-000,-19.848155975341797,-19.8685245513916
-2.384185791015625e-06,1.0,0.5,3,random,0.3711322546005249,0,-0.03833961486816406,1,0.03833961486816406,train,BraTS-GLI-00193-000,-19.848155975341797,-19.88649559020996
-4.827976226806641e-06,1.0,1.0,3,random,0.3711322546005249,0,-0.07862472534179688,1,0.07862472534179688,train,BraTS-GLI-00193-000,-19.848155975341797,-19.926780700683594
3.17692756652832e-05,0.999998927116394,0.25,3,proposal,0.3711322546005249,0,0.2524852752685547,1,0.2524852752685547,train,BraTS-GLI-00193-000,-19.848155975341797,-19.595670700073242
0.00016325712203979492,0.999998927116394,0.5,3,proposal,0.3711322546005249,0,0.5957374572753906,1,0.5957374572753906,train,BraTS-GLI-00193-000,-19.848155975341797,-19.252418518066406
0.0030192136764526367,0.999998927116394,1.0,3,proposal,0.3711322546005249,0,1.4719982147216797,1,1.4719982147216797,train,BraTS-GLI-00193-000,-19.848155975341797,-18.376157760620117
-9.119510650634766e-06,0.999998927116394,0.25,3,anti_proposal,0.3711322546005249,0,-0.19782257080078125,1,0.19782257080078125,train,BraTS-GLI-00193-000,-19.848155975341797,-20.045978546142578
-1.1026859283447266e-05,0.999998927116394,0.5,3,anti_proposal,0.3711322546005249,0,-0.3225574493408203,1,0.3225574493408203,train,BraTS-GLI-00193-000,-19.848155975341797,-20.170713424682617
-1.1742115020751953e-05,0.999998927116394,1.0,3,anti_proposal,0.3711322546005249,0,-0.3758411407470703,1,0.3758411407470703,train,BraTS-GLI-00193-000,-19.848155975341797,-20.223997116088867
0.0,1.0,0.25,5,prototype,0.36934536695480347,0,-0.017946243286132812,1,0.017946243286132812,train,BraTS-GLI-00193-000,-21.290510177612305,-21.308456420898438
0.0,1.0,0.5,5,prototype,0.36934536695480347,0,-0.0345611572265625,1,0.0345611572265625,train,BraTS-GLI-00193-000,-21.290510177612305,-21.325071334838867
0.0,1.0,1.0,5,prototype,0.36934536695480347,0,-0.0623016357421875,1,0.0623016357421875,train,BraTS-GLI-00193-000,-21.290510177612305,-21.352811813354492
0.0,1.0,0.25,5,random,0.36934536695480347,0,-0.020509719848632812,1,0.020509719848632812,train,BraTS-GLI-00193-000,-21.290510177612305,-21.311019897460938
0.0,1.0,0.5,5,random,0.36934536695480347,0,-0.04061698913574219,1,0.04061698913574219,train,BraTS-GLI-00193-000,-21.290510177612305,-21.331127166748047
0.0,1.0,1.0,5,random,0.36934536695480347,0,-0.07795143127441406,1,0.07795143127441406,train,BraTS-GLI-00193-000,-21.290510177612305,-21.36846160888672
0.0,0.9999979734420776,0.25,5,proposal,0.36934536695480347,0,-0.05560111999511719,1,0.05560111999511719,train,BraTS-GLI-00193-000,-21.290510177612305,-21.346111297607422
0.0,0.9999979734420776,0.5,5,proposal,0.36934536695480347,0,-0.09717941284179688,1,0.09717941284179688,train,BraTS-GLI-00193-000,-21.290510177612305,-21.3876895904541
0.0,0.9999979734420776,1.0,5,proposal,0.36934536695480347,0,-0.1434345245361328,1,0.1434345245361328,train,BraTS-GLI-00193-000,-21.290510177612305,-21.433944702148438
0.0,0.9999979734420776,0.25,5,anti_proposal,0.36934536695480347,0,0.08172798156738281,1,0.08172798156738281,train,BraTS-GLI-00193-000,-21.290510177612305,-21.208782196044922
0.0,0.9999979734420776,0.5,5,anti_proposal,0.36934536695480347,0,0.1825275421142578,1,0.1825275421142578,train,BraTS-GLI-00193-000,-21.290510177612305,-21.107982635498047
1.1920928955078125e-07,0.9999979734420776,1.0,5,anti_proposal,0.36934536695480347,0,0.40174102783203125,1,0.40174102783203125,train,BraTS-GLI-00193-000,-21.290510177612305,-20.888769149780273
1.1920928955078125e-07,1.0,0.25,4,prototype,0.11209607124328613,0,0.00763702392578125,1,0.00763702392578125,train,BraTS-GLI-00840-000,-15.164146423339844,-15.156509399414062
1.1920928955078125e-07,1.0,0.5,4,prototype,0.11209607124328613,0,0.016361236572265625,1,0.016361236572265625,train,BraTS-GLI-00840-000,-15.164146423339844,-15.147785186767578
1.1920928955078125e-07,1.0,1.0,4,prototype,0.11209607124328613,0,-0.00354766845703125,1,0.00354766845703125,train,BraTS-GLI-00840-000,-15.164146423339844,-15.167694091796875
0.0,1.0,0.25,4,random,0.11209607124328613,0,0.0017061233520507812,1,0.0017061233520507812,train,BraTS-GLI-00840-000,-15.164146423339844,-15.162440299987793
0.0,1.0,0.5,4,random,0.11209607124328613,0,-0.0016031265258789062,1,0.0016031265258789062,train,BraTS-GLI-00840-000,-15.164146423339844,-15.165749549865723
0.0,1.0,1.0,4,random,0.11209607124328613,0,-0.010578155517578125,1,0.010578155517578125,train,BraTS-GLI-00840-000,-15.164146423339844,-15.174724578857422
1.7881393432617188e-07,0.9996521472930908,0.25,4,proposal,0.11209607124328613,0,0.11612510681152344,1,0.11612510681152344,train,BraTS-GLI-00840-000,-15.164146423339844,-15.04802131652832
3.5762786865234375e-07,0.9996521472930908,0.5,4,proposal,0.11209607124328613,0,0.22087860107421875,1,0.22087860107421875,train,BraTS-GLI-00840-000,-15.164146423339844,-14.943267822265625
3.0994415283203125e-06,0.9996521472930908,1.0,4,proposal,0.11209607124328613,0,1.376739501953125,1,1.376739501953125,train,BraTS-GLI-00840-000,-15.164146423339844,-13.787406921386719
0.0,0.9996521472930908,0.25,4,anti_proposal,0.11209607124328613,0,-0.07742118835449219,1,0.07742118835449219,train,BraTS-GLI-00840-000,-15.164146423339844,-15.241567611694336
-1.1920928955078125e-07,0.9996521472930908,0.5,4,anti_proposal,0.11209607124328613,0,-0.3000316619873047,1,0.3000316619873047,train,BraTS-GLI-00840-000,-15.164146423339844,-15.464178085327148
-2.980232238769531e-07,0.9996521472930908,1.0,4,anti_proposal,0.11209607124328613,0,-0.6822891235351562,1,0.6822891235351562,train,BraTS-GLI-00840-000,-15.164146423339844,-15.846435546875
1.5497207641601562e-06,1.0,0.25,1,prototype,-0.06856846064329147,0,-0.04027557373046875,1,0.04027557373046875,train,BraTS-GLI-00021-000,-20.324460983276367,-20.364736557006836
1.4424324035644531e-05,1.0,0.5,1,prototype,-0.06856846064329147,0,-0.07309150695800781,1,0.07309150695800781,train,BraTS-GLI-00021-000,-20.324460983276367,-20.397552490234375
0.0012093186378479004,1.0,1.0,1,prototype,-0.06856846064329147,0,-0.11685752868652344,1,0.11685752868652344,train,BraTS-GLI-00021-000,-20.324460983276367,-20.44131851196289
-5.960464477539063e-08,1.0,0.25,1,random,-0.06856846064329147,0,-0.00383758544921875,1,0.00383758544921875,train,BraTS-GLI-00021-000,-20.324460983276367,-20.328298568725586
-5.960464477539063e-08,1.0,0.5,1,random,-0.06856846064329147,0,-0.0077571868896484375,1,0.0077571868896484375,train,BraTS-GLI-00021-000,-20.324460983276367,-20.332218170166016
-5.960464477539063e-08,1.0,1.0,1,random,-0.06856846064329147,0,-0.015651702880859375,1,0.015651702880859375,train,BraTS-GLI-00021-000,-20.324460983276367,-20.340112686157227
-2.384185791015625e-07,0.999954104423523,0.25,1,proposal,-0.06856846064329147,0,0.8596572875976562,1,0.8596572875976562,train,BraTS-GLI-00021-000,-20.324460983276367,-19.46480369567871
-2.384185791015625e-07,0.999954104423523,0.5,1,proposal,-0.06856846064329147,0,1.7384700775146484,1,1.7384700775146484,train,BraTS-GLI-00021-000,-20.324460983276367,-18.58599090576172
-1.1920928955078125e-07,0.999954104423523,1.0,1,proposal,-0.06856846064329147,0,2.651979446411133,1,2.651979446411133,train,BraTS-GLI-00021-000,-20.324460983276367,-17.672481536865234
3.2186508178710938e-06,0.999954104423523,0.25,1,anti_proposal,-0.06856846064329147,0,-0.6947765350341797,1,0.6947765350341797,train,BraTS-GLI-00021-000,-20.324460983276367,-21.019237518310547
2.3126602172851562e-05,0.999954104423523,0.5,1,anti_proposal,-0.06856846064329147,0,-1.2252273559570312,1,1.2252273559570312,train,BraTS-GLI-00021-000,-20.324460983276367,-21.5496883392334
0.00027316808700561523,0.999954104423523,1.0,1,anti_proposal,-0.06856846064329147,0,-2.0411739349365234,1,2.0411739349365234,train,BraTS-GLI-00021-000,-20.324460983276367,-22.36563491821289
0.0,1.0,0.25,2,prototype,0.3312608599662781,0,0.018222808837890625,1,0.018222808837890625,train,BraTS-GLI-00565-000,-24.925670623779297,-24.907447814941406
0.0,1.0,0.5,2,prototype,0.3312608599662781,0,0.03462409973144531,1,0.03462409973144531,train,BraTS-GLI-00565-000,-24.925670623779297,-24.89104652404785
0.0,1.0,1.0,2,prototype,0.3312608599662781,0,0.0780029296875,1,0.0780029296875,train,BraTS-GLI-00565-000,-24.925670623779297,-24.847667694091797
0.0,1.0,0.25,2,random,0.3312608599662781,0,0.00791168212890625,1,0.00791168212890625,train,BraTS-GLI-00565-000,-24.925670623779297,-24.91775894165039
0.0,1.0,0.5,2,random,0.3312608599662781,0,0.017637252807617188,1,0.017637252807617188,train,BraTS-GLI-00565-000,-24.925670623779297,-24.90803337097168
0.0,1.0,1.0,2,random,0.3312608599662781,0,0.03487205505371094,1,0.03487205505371094,train,BraTS-GLI-00565-000,-24.925670623779297,-24.890798568725586
0.0,0.999889612197876,0.25,2,proposal,0.3312608599662781,0,-0.05542945861816406,1,0.05542945861816406,train,BraTS-GLI-00565-000,-24.925670623779297,-24.98110008239746
0.0,0.999889612197876,0.5,2,proposal,0.3312608599662781,0,-0.08011436462402344,1,0.08011436462402344,train,BraTS-GLI-00565-000,-24.925670623779297,-25.00578498840332
0.0,0.999889612197876,1.0,2,proposal,0.3312608599662781,0,-0.07793617248535156,1,0.07793617248535156,train,BraTS-GLI-00565-000,-24.925670623779297,-25.00360679626465
0.0,0.999889612197876,0.25,2,anti_proposal,0.3312608599662781,0,0.08013725280761719,1,0.08013725280761719,train,BraTS-GLI-00565-000,-24.925670623779297,-24.84553337097168
0.0,0.999889612197876,0.5,2,anti_proposal,0.3312608599662781,0,0.18135452270507812,1,0.18135452270507812,train,BraTS-GLI-00565-000,-24.925670623779297,-24.74431610107422
0.0,0.999889612197876,1.0,2,anti_proposal,0.3312608599662781,0,0.45340919494628906,1,0.45340919494628906,train,BraTS-GLI-00565-000,-24.925670623779297,-24.472261428833008
0.00025397539138793945,1.0,0.25,5,prototype,0.2576242983341217,0,0.13182544708251953,1,0.13182544708251953,train,BraTS-GLI-01068-000,-8.56430435180664,-8.432478904724121
0.0005782246589660645,1.0,0.5,5,prototype,0.2576242983341217,0,0.2763795852661133,1,0.2763795852661133,train,BraTS-GLI-01068-000,-8.56430435180664,-8.287924766540527
0.0014594197273254395,1.0,1.0,5,prototype,0.2576242983341217,0,0.5767769813537598,1,0.5767769813537598,train,BraTS-GLI-01068-000,-8.56430435180664,-7.987527370452881
-2.5570392608642578e-05,1.0,0.25,5,random,0.2576242983341217,0,-0.018456459045410156,1,0.018456459045410156,train,BraTS-GLI-01068-000,-8.56430435180664,-8.58276081085205
-6.252527236938477e-05,1.0,0.5,5,random,0.2576242983341217,0,-0.038247108459472656,1,0.038247108459472656,train,BraTS-GLI-01068-000,-8.56430435180664,-8.602551460266113
-0.0001188516616821289,1.0,1.0,5,random,0.2576242983341217,0,-0.07611560821533203,1,0.07611560821533203,train,BraTS-GLI-01068-000,-8.56430435180664,-8.640419960021973
0.001965761184692383,0.9999721050262451,0.25,5,proposal,0.2576242983341217,0,0.7264876365661621,1,0.7264876365661621,train,BraTS-GLI-01068-000,-8.56430435180664,-7.8378167152404785
0.006552994251251221,0.9999721050262451,0.5,5,proposal,0.2576242983341217,0,1.4755797386169434,1,1.4755797386169434,train,BraTS-GLI-01068-000,-8.56430435180664,-7.088724613189697
0.03654390573501587,0.9999721050262451,1.0,5,proposal,0.2576242983341217,0,2.9871573448181152,1,2.9871573448181152,train,BraTS-GLI-01068-000,-8.56430435180664,-5.577147006988525
-0.0008491873741149902,0.9999721050262451,0.25,5,anti_proposal,0.2576242983341217,0,-0.7502536773681641,1,0.7502536773681641,train,BraTS-GLI-01068-000,-8.56430435180664,-9.314558029174805
-0.0012067556381225586,0.9999721050262451,0.5,5,anti_proposal,0.2576242983341217,0,-1.5586538314819336,1,1.5586538314819336,train,BraTS-GLI-01068-000,-8.56430435180664,-10.122958183288574
-0.0013881325721740723,0.9999721050262451,1.0,5,anti_proposal,0.2576242983341217,0,-3.0090675354003906,1,3.0090675354003906,train,BraTS-GLI-01068-000,-8.56430435180664,-11.573371887207031
0.0,1.0,0.25,2,prototype,0.27692681550979614,0,0.10881233215332031,1,0.10881233215332031,train,BraTS-GLI-01068-000,-18.839778900146484,-18.730966567993164
0.0,1.0,0.5,2,prototype,0.27692681550979614,0,0.21509552001953125,1,0.21509552001953125,train,BraTS-GLI-01068-000,-18.839778900146484,-18.624683380126953
0.0,1.0,1.0,2,prototype,0.27692681550979614,0,0.42722129821777344,1,0.42722129821777344,train,BraTS-GLI-01068-000,-18.839778900146484,-18.41255760192871
0.0,1.0,0.25,2,random,0.27692681550979614,0,0.07016181945800781,1,0.07016181945800781,train,BraTS-GLI-01068-000,-18.839778900146484,-18.769617080688477
0.0,1.0,0.5,2,random,0.27692681550979614,0,0.13930130004882812,1,0.13930130004882812,train,BraTS-GLI-01068-000,-18.839778900146484,-18.700477600097656
0.0,1.0,1.0,2,random,0.27692681550979614,0,0.2891731262207031,1,0.2891731262207031,train,BraTS-GLI-01068-000,-18.839778900146484,-18.55060577392578
1.1920928955078125e-07,0.9999990463256836,0.25,2,proposal,0.27692681550979614,0,0.5099029541015625,1,0.5099029541015625,train,BraTS-GLI-01068-000,-18.839778900146484,-18.329875946044922
1.1920928955078125e-07,0.9999990463256836,0.5,2,proposal,0.27692681550979614,0,1.0429229736328125,1,1.0429229736328125,train,BraTS-GLI-01068-000,-18.839778900146484,-17.796855926513672
4.76837158203125e-07,0.9999990463256836,1.0,2,proposal,0.27692681550979614,0,2.133636474609375,1,2.133636474609375,train,BraTS-GLI-01068-000,-18.839778900146484,-16.70614242553711
0.0,0.9999990463256836,0.25,2,anti_proposal,0.27692681550979614,0,-0.46240997314453125,1,0.46240997314453125,train,BraTS-GLI-01068-000,-18.839778900146484,-19.302188873291016
0.0,0.9999990463256836,0.5,2,anti_proposal,0.27692681550979614,0,-0.9003791809082031,1,0.9003791809082031,train,BraTS-GLI-01068-000,-18.839778900146484,-19.740158081054688
0.0,0.9999990463256836,1.0,2,anti_proposal,0.27692681550979614,0,-1.637603759765625,1,1.637603759765625,train,BraTS-GLI-01068-000,-18.839778900146484,-20.47738265991211
0.0,1.0,0.25,7,prototype,-0.004517287015914917,0,0.0021228790283203125,1,0.0021228790283203125,train,BraTS-GLI-01428-000,-19.694759368896484,-19.692636489868164
0.0,1.0,0.5,7,prototype,-0.004517287015914917,0,0.012742996215820312,1,0.012742996215820312,train,BraTS-GLI-01428-000,-19.694759368896484,-19.682016372680664
0.0,1.0,1.0,7,prototype,-0.004517287015914917,0,0.07555961608886719,1,0.07555961608886719,train,BraTS-GLI-01428-000,-19.694759368896484,-19.619199752807617
0.0,1.0,0.25,7,random,-0.004517287015914917,0,0.10929298400878906,1,0.10929298400878906,train,BraTS-GLI-01428-000,-19.694759368896484,-19.585466384887695
0.0,1.0,0.5,7,random,-0.004517287015914917,0,0.22535133361816406,1,0.22535133361816406,train,BraTS-GLI-01428-000,-19.694759368896484,-19.46940803527832
0.0,1.0,1.0,7,random,-0.004517287015914917,0,0.4749774932861328,1,0.4749774932861328,train,BraTS-GLI-01428-000,-19.694759368896484,-19.21978187561035
0.0,0.9999591112136841,0.25,7,proposal,-0.004517287015914917,0,1.0909252166748047,1,1.0909252166748047,train,BraTS-GLI-01428-000,-19.694759368896484,-18.60383415222168
1.1920928955078125e-07,0.9999591112136841,0.5,7,proposal,-0.004517287015914917,0,2.257658004760742,1,2.257658004760742,train,BraTS-GLI-01428-000,-19.694759368896484,-17.437101364135742
3.5762786865234375e-07,0.9999591112136841,1.0,7,proposal,-0.004517287015914917,0,3.262554168701172,1,3.262554168701172,train,BraTS-GLI-01428-000,-19.694759368896484,-16.432205200195312
0.0,0.9999591112136841,0.25,7,anti_proposal,-0.004517287015914917,0,-0.8045196533203125,1,0.8045196533203125,train,BraTS-GLI-01428-000,-19.694759368896484,-20.499279022216797
0.0,0.9999591112136841,0.5,7,anti_proposal,-0.004517287015914917,0,-1.3942146301269531,1,1.3942146301269531,train,BraTS-GLI-01428-000,-19.694759368896484,-21.088973999023438
0.0,0.9999591112136841,1.0,7,anti_proposal,-0.004517287015914917,0,-2.2159061431884766,1,2.2159061431884766,train,BraTS-GLI-01428-000,-19.694759368896484,-21.91066551208496
0.0,1.0,0.25,76,prototype,-0.07123549282550812,0,-0.01458740234375,1,0.01458740234375,train,BraTS-GLI-01428-000,-15.970819473266602,-15.985406875610352
0.0,1.0,0.5,76,prototype,-0.07123549282550812,0,-0.03189849853515625,1,0.03189849853515625,train,BraTS-GLI-01428-000,-15.970819473266602,-16.002717971801758
0.0,1.0,1.0,76,prototype,-0.07123549282550812,0,-0.06535148620605469,1,0.06535148620605469,train,BraTS-GLI-01428-000,-15.970819473266602,-16.036170959472656
0.0,1.0,0.25,76,random,-0.07123549282550812,0,0.005455970764160156,1,0.005455970764160156,train,BraTS-GLI-01428-000,-15.970819473266602,-15.965363502502441
0.0,1.0,0.5,76,random,-0.07123549282550812,0,0.010831832885742188,1,0.010831832885742188,train,BraTS-GLI-01428-000,-15.970819473266602,-15.95998764038086
0.0,1.0,1.0,76,random,-0.07123549282550812,0,0.02042388916015625,1,0.02042388916015625,train,BraTS-GLI-01428-000,-15.970819473266602,-15.950395584106445
0.0,0.9970716238021851,0.25,76,proposal,-0.07123549282550812,0,0.20837020874023438,1,0.20837020874023438,train,BraTS-GLI-01428-000,-15.970819473266602,-15.762449264526367
5.960464477539063e-08,0.9970716238021851,0.5,76,proposal,-0.07123549282550812,0,0.38208866119384766,1,0.38208866119384766,train,BraTS-GLI-01428-000,-15.970819473266602,-15.588730812072754
-1.7881393432617188e-07,0.9970716238021851,1.0,76,proposal,-0.07123549282550812,0,0.08777523040771484,1,0.08777523040771484,train,BraTS-GLI-01428-000,-15.970819473266602,-15.883044242858887
5.960464477539063e-08,0.9970716238021851,0.25,76,anti_proposal,-0.07123549282550812,0,-0.15446090698242188,1,0.15446090698242188,train,BraTS-GLI-01428-000,-15.970819473266602,-16.125280380249023
5.960464477539063e-08,0.9970716238021851,0.5,76,anti_proposal,-0.07123549282550812,0,-0.26720619201660156,1,0.26720619201660156,train,BraTS-GLI-01428-000,-15.970819473266602,-16.238025665283203
1.7881393432617188e-07,0.9970716238021851,1.0,76,anti_proposal,-0.07123549282550812,0,-0.43048095703125,1,0.43048095703125,train,BraTS-GLI-01428-000,-15.970819473266602,-16.40130043029785
0.0,1.0,0.25,65,prototype,0.030281079933047295,0,0.012664794921875,1,0.012664794921875,train,BraTS-GLI-01428-000,-19.527925491333008,-19.515260696411133
0.0,1.0,0.5,65,prototype,0.030281079933047295,0,0.022083282470703125,1,0.022083282470703125,train,BraTS-GLI-01428-000,-19.527925491333008,-19.505842208862305
0.0,1.0,1.0,65,prototype,0.030281079933047295,0,0.03145790100097656,1,0.03145790100097656,train,BraTS-GLI-01428-000,-19.527925491333008,-19.49646759033203
0.0,1.0,0.25,65,random,0.030281079933047295,0,0.11688423156738281,1,0.11688423156738281,train,BraTS-GLI-01428-000,-19.527925491333008,-19.411041259765625
0.0,1.0,0.5,65,random,0.030281079933047295,0,0.2352123260498047,1,0.2352123260498047,train,BraTS-GLI-01428-000,-19.527925491333008,-19.292713165283203
0.0,1.0,1.0,65,random,0.030281079933047295,0,0.4786949157714844,1,0.4786949157714844,train,BraTS-GLI-01428-000,-19.527925491333008,-19.049230575561523
1.1920928955078125e-07,0.999998927116394,0.25,65,proposal,0.030281079933047295,0,1.5198097229003906,1,1.5198097229003906,train,BraTS-GLI-01428-000,-19.527925491333008,-18.008115768432617
1.7881393432617188e-07,0.999998927116394,0.5,65,proposal,0.030281079933047295,0,2.607240676879883,1,2.607240676879883,train,BraTS-GLI-01428-000,-19.527925491333008,-16.920684814453125
2.384185791015625e-07,0.999998927116394,1.0,65,proposal,0.030281079933047295,0,2.283754348754883,1,2.283754348754883,train,BraTS-GLI-01428-000,-19.527925491333008,-17.244171142578125
0.0,0.999998927116394,0.25,65,anti_proposal,0.030281079933047295,0,-1.6077442169189453,1,1.6077442169189453,train,BraTS-GLI-01428-000,-19.527925491333008,-21.135669708251953
0.0,0.999998927116394,0.5,65,anti_proposal,0.030281079933047295,0,-2.957376480102539,1,2.957376480102539,train,BraTS-GLI-01428-000,-19.527925491333008,-22.485301971435547
0.0,0.999998927116394,1.0,65,anti_proposal,0.030281079933047295,0,-4.95758056640625,1,4.95758056640625,train,BraTS-GLI-01428-000,-19.527925491333008,-24.485506057739258
3.5762786865234375e-06,1.0,0.25,4,prototype,0.22688406705856323,0,0.18780994415283203,1,0.18780994415283203,test,BraTS-GLI-00514-001,-13.312588691711426,-13.124778747558594
9.179115295410156e-06,1.0,0.5,4,prototype,0.22688406705856323,0,0.38707542419433594,1,0.38707542419433594,test,BraTS-GLI-00514-001,-13.312588691711426,-12.92551326751709
3.266334533691406e-05,1.0,1.0,4,prototype,0.22688406705856323,0,0.8471450805664062,1,0.8471450805664062,test,BraTS-GLI-00514-001,-13.312588691711426,-12.46544361114502
-1.7881393432617188e-06,1.0,0.25,4,random,0.22688406705856323,0,-0.1288919448852539,1,0.1288919448852539,test,BraTS-GLI-00514-001,-13.312588691711426,-13.44148063659668
-3.159046173095703e-06,1.0,0.5,4,random,0.22688406705856323,0,-0.2558097839355469,1,0.2558097839355469,test,BraTS-GLI-00514-001,-13.312588691711426,-13.568398475646973
-5.245208740234375e-06,1.0,1.0,4,random,0.22688406705856323,0,-0.4956483840942383,1,0.4956483840942383,test,BraTS-GLI-00514-001,-13.312588691711426,-13.808237075805664
1.4066696166992188e-05,0.9999649524688721,0.25,4,proposal,0.22688406705856323,0,0.5775051116943359,1,0.5775051116943359,test,BraTS-GLI-00514-001,-13.312588691711426,-12.73508358001709
5.3763389587402344e-05,0.9999649524688721,0.5,4,proposal,0.22688406705856323,0,1.1978025436401367,1,1.1978025436401367,test,BraTS-GLI-00514-001,-13.312588691711426,-12.114786148071289
0.000597536563873291,0.9999649524688721,1.0,4,proposal,0.22688406705856323,0,2.603363037109375,1,2.603363037109375,test,BraTS-GLI-00514-001,-13.312588691711426,-10.70922565460205
-5.364418029785156e-06,0.9999649524688721,0.25,4,anti_proposal,0.22688406705856323,0,-0.5337581634521484,1,0.5337581634521484,test,BraTS-GLI-00514-001,-13.312588691711426,-13.846346855163574
-7.867813110351562e-06,0.9999649524688721,0.5,4,anti_proposal,0.22688406705856323,0,-1.0086231231689453,1,1.0086231231689453,test,BraTS-GLI-00514-001,-13.312588691711426,-14.321211814880371
-9.775161743164062e-06,0.9999649524688721,1.0,4,anti_proposal,0.22688406705856323,0,-1.8515167236328125,1,1.8515167236328125,test,BraTS-GLI-00514-001,-13.312588691711426,-15.164105415344238
1.9073486328125e-06,1.0,0.25,2,prototype,0.35011497139930725,0,-0.01032257080078125,1,0.01032257080078125,test,BraTS-GLI-00286-000,-18.31195068359375,-18.32227325439453
4.351139068603516e-06,1.0,0.5,2,prototype,0.35011497139930725,0,-0.019147872924804688,1,0.019147872924804688,test,BraTS-GLI-00286-000,-18.31195068359375,-18.331098556518555
1.1980533599853516e-05,1.0,1.0,2,prototype,0.35011497139930725,0,-0.032131195068359375,1,0.032131195068359375,test,BraTS-GLI-00286-000,-18.31195068359375,-18.34408187866211
7.748603820800781e-07,1.0,0.25,2,random,0.35011497139930725,0,-0.015790939331054688,1,0.015790939331054688,test,BraTS-GLI-00286-000,-18.31195068359375,-18.327741622924805
1.6093254089355469e-06,1.0,0.5,2,random,0.35011497139930725,0,-0.03159904479980469,1,0.03159904479980469,test,BraTS-GLI-00286-000,-18.31195068359375,-18.343549728393555
3.5762786865234375e-06,1.0,1.0,2,random,0.35011497139930725,0,-0.06171226501464844,1,0.06171226501464844,test,BraTS-GLI-00286-000,-18.31195068359375,-18.3736629486084
1.4841556549072266e-05,0.9949573874473572,0.25,2,proposal,0.35011497139930725,0,-0.12097549438476562,1,0.12097549438476562,test,BraTS-GLI-00286-000,-18.31195068359375,-18.432926177978516
7.277727127075195e-05,0.9949573874473572,0.5,2,proposal,0.35011497139930725,0,-0.2125682830810547,1,0.2125682830810547,test,BraTS-GLI-00286-000,-18.31195068359375,-18.524518966674805
0.002133488655090332,0.9949573874473572,1.0,2,proposal,0.35011497139930725,0,-0.3298072814941406,1,0.3298072814941406,test,BraTS-GLI-00286-000,-18.31195068359375,-18.64175796508789
-4.947185516357422e-06,0.9949573874473572,0.25,2,anti_proposal,0.35011497139930725,0,0.14757156372070312,1,0.14757156372070312,test,BraTS-GLI-00286-000,-18.31195068359375,-18.164379119873047
-6.377696990966797e-06,0.9949573874473572,0.5,2,anti_proposal,0.35011497139930725,0,0.3192596435546875,1,0.3192596435546875,test,BraTS-GLI-00286-000,-18.31195068359375,-17.992691040039062
-6.9141387939453125e-06,0.9949573874473572,1.0,2,anti_proposal,0.35011497139930725,0,0.7864341735839844,1,0.7864341735839844,test,BraTS-GLI-00286-000,-18.31195068359375,-17.525516510009766
3.3974647521972656e-06,1.0,0.25,5,prototype,0.20762403309345245,0,0.22556114196777344,1,0.22556114196777344,test,BraTS-GLI-00286-000,-15.399022102355957,-15.173460960388184
1.049041748046875e-05,1.0,0.5,5,prototype,0.20762403309345245,0,0.5095653533935547,1,0.5095653533935547,test,BraTS-GLI-00286-000,-15.399022102355957,-14.889456748962402
8.815526962280273e-05,1.0,1.0,5,prototype,0.20762403309345245,0,1.285780906677246,1,1.285780906677246,test,BraTS-GLI-00286-000,-15.399022102355957,-14.113241195678711
-2.980232238769531e-07,1.0,0.25,5,random,0.20762403309345245,0,-0.030017852783203125,1,0.030017852783203125,test,BraTS-GLI-00286-000,-15.399022102355957,-15.42903995513916
-6.556510925292969e-07,1.0,0.5,5,random,0.20762403309345245,0,-0.058807373046875,1,0.058807373046875,test,BraTS-GLI-00286-000,-15.399022102355957,-15.457829475402832
-1.1920928955078125e-06,1.0,1.0,5,random,0.20762403309345245,0,-0.11709308624267578,1,0.11709308624267578,test,BraTS-GLI-00286-000,-15.399022102355957,-15.516115188598633
4.583597183227539e-05,0.9989879727363586,0.25,5,proposal,0.20762403309345245,0,0.8470916748046875,1,0.8470916748046875,test,BraTS-GLI-00286-000,-15.399022102355957,-14.55193042755127
0.0013287067413330078,0.9989879727363586,0.5,5,proposal,0.20762403309345245,0,2.0576210021972656,1,2.0576210021972656,test,BraTS-GLI-00286-000,-15.399022102355957,-13.341401100158691
0.18378734588623047,0.9989879727363586,1.0,5,proposal,0.20762403309345245,0,6.046945571899414,1,6.046945571899414,test,BraTS-GLI-00286-000,-15.399022102355957,-9.352076530456543
-4.5299530029296875e-06,0.9989879727363586,0.25,5,anti_proposal,0.20762403309345245,0,-0.5330772399902344,1,0.5330772399902344,test,BraTS-GLI-00286-000,-15.399022102355957,-15.932099342346191
-5.4836273193359375e-06,0.9989879727363586,0.5,5,anti_proposal,0.20762403309345245,0,-0.8801259994506836,1,0.8801259994506836,test,BraTS-GLI-00286-000,-15.399022102355957,-16.27914810180664
-5.9604644775390625e-06,0.9989879727363586,1.0,5,anti_proposal,0.20762403309345245,0,-1.3983850479125977,1,1.3983850479125977,test,BraTS-GLI-00286-000,-15.399022102355957,-16.797407150268555
0.0,1.0,0.25,1,prototype,0.3271813988685608,0,-0.030292510986328125,1,0.030292510986328125,test,BraTS-GLI-00286-000,-21.03036117553711,-21.060653686523438
0.0,1.0,0.5,1,prototype,0.3271813988685608,0,-0.05792999267578125,1,0.05792999267578125,test,BraTS-GLI-00286-000,-21.03036117553711,-21.08829116821289
0.0,1.0,1.0,1,prototype,0.3271813988685608,0,-0.11078834533691406,1,0.11078834533691406,test,BraTS-GLI-00286-000,-21.03036117553711,-21.141149520874023
0.0,1.0,0.25,1,random,0.3271813988685608,0,0.0004100799560546875,1,0.0004100799560546875,test,BraTS-GLI-00286-000,-21.03036117553711,-21.029951095581055
0.0,1.0,0.5,1,random,0.3271813988685608,0,-0.0003185272216796875,1,0.0003185272216796875,test,BraTS-GLI-00286-000,-21.03036117553711,-21.03067970275879
0.0,1.0,1.0,1,random,0.3271813988685608,0,0.0001068115234375,1,0.0001068115234375,test,BraTS-GLI-00286-000,-21.03036117553711,-21.030254364013672
0.0,0.9906089305877686,0.25,1,proposal,0.3271813988685608,0,-0.35520362854003906,1,0.35520362854003906,test,BraTS-GLI-00286-000,-21.03036117553711,-21.38556480407715
0.0,0.9906089305877686,0.5,1,proposal,0.3271813988685608,0,-0.6570930480957031,1,0.6570930480957031,test,BraTS-GLI-00286-000,-21.03036117553711,-21.687454223632812
0.0,0.9906089305877686,1.0,1,proposal,0.3271813988685608,0,-1.1626319885253906,1,1.1626319885253906,test,BraTS-GLI-00286-000,-21.03036117553711,-22.1929931640625
0.0,0.9906089305877686,0.25,1,anti_proposal,0.3271813988685608,0,0.45331382751464844,1,0.45331382751464844,test,BraTS-GLI-00286-000,-21.03036117553711,-20.57704734802246
0.0,0.9906089305877686,0.5,1,anti_proposal,0.3271813988685608,0,1.1179656982421875,1,1.1179656982421875,test,BraTS-GLI-00286-000,-21.03036117553711,-19.912395477294922
0.0,0.9906089305877686,1.0,1,anti_proposal,0.3271813988685608,0,2.946451187133789,1,2.946451187133789,test,BraTS-GLI-00286-000,-21.03036117553711,-18.08390998840332
6.091594696044922e-05,1.0,0.25,1,prototype,-0.08118488639593124,0,0.029436111450195312,1,0.029436111450195312,test,BraTS-GLI-01314-000,-18.280933380126953,-18.251497268676758
0.001331925392150879,1.0,0.5,1,prototype,-0.08118488639593124,0,0.09438323974609375,1,0.09438323974609375,test,BraTS-GLI-01314-000,-18.280933380126953,-18.18655014038086
0.02570897340774536,1.0,1.0,1,prototype,-0.08118488639593124,0,0.3719615936279297,1,0.3719615936279297,test,BraTS-GLI-01314-000,-18.280933380126953,-17.908971786499023
6.079673767089844e-06,1.0,0.25,1,random,-0.08118488639593124,0,0.003269195556640625,1,0.003269195556640625,test,BraTS-GLI-01314-000,-18.280933380126953,-18.277664184570312
1.615285873413086e-05,1.0,0.5,1,random,-0.08118488639593124,0,0.008085250854492188,1,0.008085250854492188,test,BraTS-GLI-01314-000,-18.280933380126953,-18.27284812927246
6.67572021484375e-05,1.0,1.0,1,random,-0.08118488639593124,0,0.021368026733398438,1,0.021368026733398438,test,BraTS-GLI-01314-000,-18.280933380126953,-18.259565353393555
-1.627206802368164e-05,0.9972387552261353,0.25,1,proposal,-0.08118488639593124,0,0.5745410919189453,1,0.5745410919189453,test,BraTS-GLI-01314-000,-18.280933380126953,-17.706392288208008
-1.7762184143066406e-05,0.9972387552261353,0.5,1,proposal,-0.08118488639593124,0,1.258859634399414,1,1.258859634399414,test,BraTS-GLI-01314-000,-18.280933380126953,-17.02207374572754
-1.7881393432617188e-05,0.9972387552261353,1.0,1,proposal,-0.08118488639593124,0,2.4496841430664062,1,2.4496841430664062,test,BraTS-GLI-01314-000,-18.280933380126953,-15.831249237060547
0.0007552504539489746,0.9972387552261353,0.25,1,anti_proposal,-0.08118488639593124,0,-0.4523773193359375,1,0.4523773193359375,test,BraTS-GLI-01314-000,-18.280933380126953,-18.73331069946289
0.010111331939697266,0.9972387552261353,0.5,1,anti_proposal,-0.08118488639593124,0,-0.7952213287353516,1,0.7952213287353516,test,BraTS-GLI-01314-000,-18.280933380126953,-19.076154708862305
0.028650641441345215,0.9972387552261353,1.0,1,anti_proposal,-0.08118488639593124,0,-1.3028545379638672,1,1.3028545379638672,test,BraTS-GLI-01314-000,-18.280933380126953,-19.58378791809082
2.384185791015625e-07,1.0,0.25,1,prototype,0.3710695207118988,0,0.1499481201171875,1,0.1499481201171875,test,BraTS-GLI-01293-000,-21.94042205810547,-21.79047393798828
7.748603820800781e-07,1.0,0.5,1,prototype,0.3710695207118988,0,0.3534221649169922,1,0.3534221649169922,test,BraTS-GLI-01293-000,-21.94042205810547,-21.586999893188477
5.9604644775390625e-06,1.0,1.0,1,prototype,0.3710695207118988,0,1.01708984375,1,1.01708984375,test,BraTS-GLI-01293-000,-21.94042205810547,-20.92333221435547
5.960464477539063e-08,1.0,0.25,1,random,0.3710695207118988,0,-0.006763458251953125,1,0.006763458251953125,test,BraTS-GLI-01293-000,-21.94042205810547,-21.947185516357422
5.960464477539063e-08,1.0,0.5,1,random,0.3710695207118988,0,-0.014423370361328125,1,0.014423370361328125,test,BraTS-GLI-01293-000,-21.94042205810547,-21.954845428466797
5.960464477539063e-08,1.0,1.0,1,random,0.3710695207118988,0,-0.03272056579589844,1,0.03272056579589844,test,BraTS-GLI-01293-000,-21.94042205810547,-21.973142623901367
3.5762786865234375e-07,0.9999940395355225,0.25,1,proposal,0.3710695207118988,0,0.30906105041503906,1,0.30906105041503906,test,BraTS-GLI-01293-000,-21.94042205810547,-21.63136100769043
1.9669532775878906e-06,0.9999940395355225,0.5,1,proposal,0.3710695207118988,0,0.7632408142089844,1,0.7632408142089844,test,BraTS-GLI-01293-000,-21.94042205810547,-21.177181243896484
5.4836273193359375e-05,0.9999940395355225,1.0,1,proposal,0.3710695207118988,0,2.4199771881103516,1,2.4199771881103516,test,BraTS-GLI-01293-000,-21.94042205810547,-19.520444869995117
0.0,0.9999940395355225,0.25,1,anti_proposal,0.3710695207118988,0,-0.26433753967285156,1,0.26433753967285156,test,BraTS-GLI-01293-000,-21.94042205810547,-22.20475959777832
-1.1920928955078125e-07,0.9999940395355225,0.5,1,anti_proposal,0.3710695207118988,0,-0.4682273864746094,1,0.4682273864746094,test,BraTS-GLI-01293-000,-21.94042205810547,-22.408649444580078
0.0,0.9999940395355225,1.0,1,anti_proposal,0.3710695207118988,0,-0.6862220764160156,1,0.6862220764160156,test,BraTS-GLI-01293-000,-21.94042205810547,-22.626644134521484
0.0,1.0,0.25,2,prototype,0.11928126215934753,0,-0.0033588409423828125,1,0.0033588409423828125,test,BraTS-GLI-01293-000,-18.3091983795166,-18.312557220458984
0.0,1.0,0.5,2,prototype,0.11928126215934753,0,0.023284912109375,1,0.023284912109375,test,BraTS-GLI-01293-000,-18.3091983795166,-18.285913467407227
4.172325134277344e-07,1.0,1.0,2,prototype,0.11928126215934753,0,0.37216758728027344,1,0.37216758728027344,test,BraTS-GLI-01293-000,-18.3091983795166,-17.937030792236328
0.0,1.0,0.25,2,random,0.11928126215934753,0,0.07275009155273438,1,0.07275009155273438,test,BraTS-GLI-01293-000,-18.3091983795166,-18.236448287963867
0.0,1.0,0.5,2,random,0.11928126215934753,0,0.14261627197265625,1,0.14261627197265625,test,BraTS-GLI-01293-000,-18.3091983795166,-18.166582107543945
0.0,1.0,1.0,2,random,0.11928126215934753,0,0.27027130126953125,1,0.27027130126953125,test,BraTS-GLI-01293-000,-18.3091983795166,-18.03892707824707
-5.960464477539063e-08,0.9998282194137573,0.25,2,proposal,0.11928126215934753,0,0.2581520080566406,1,0.2581520080566406,test,BraTS-GLI-01293-000,-18.3091983795166,-18.05104637145996
-5.960464477539063e-08,0.9998282194137573,0.5,2,proposal,0.11928126215934753,0,0.05829811096191406,1,0.05829811096191406,test,BraTS-GLI-01293-000,-18.3091983795166,-18.250900268554688
-1.7881393432617188e-07,0.9998282194137573,1.0,2,proposal,0.11928126215934753,0,-1.6667041778564453,1,1.6667041778564453,test,BraTS-GLI-01293-000,-18.3091983795166,-19.975902557373047
0.0,0.9998282194137573,0.25,2,anti_proposal,0.11928126215934753,0,-0.7388153076171875,1,0.7388153076171875,test,BraTS-GLI-01293-000,-18.3091983795166,-19.04801368713379
0.0,0.9998282194137573,0.5,2,anti_proposal,0.11928126215934753,0,-1.912832260131836,1,1.912832260131836,test,BraTS-GLI-01293-000,-18.3091983795166,-20.222030639648438
-5.960464477539063e-08,0.9998282194137573,1.0,2,anti_proposal,0.11928126215934753,0,-4.836677551269531,1,4.836677551269531,test,BraTS-GLI-01293-000,-18.3091983795166,-23.145875930786133
0.0,1.0,0.25,25,prototype,0.23438817262649536,0,0.10501670837402344,1,0.10501670837402344,test,BraTS-GLI-01293-000,-18.383277893066406,-18.278261184692383
0.0,1.0,0.5,25,prototype,0.23438817262649536,0,0.26751708984375,1,0.26751708984375,test,BraTS-GLI-01293-000,-18.383277893066406,-18.115760803222656
7.748603820800781e-07,1.0,1.0,25,prototype,0.23438817262649536,0,1.4341316223144531,1,1.4341316223144531,test,BraTS-GLI-01293-000,-18.383277893066406,-16.949146270751953
0.0,1.0,0.25,25,random,0.23438817262649536,0,0.052753448486328125,1,0.052753448486328125,test,BraTS-GLI-01293-000,-18.383277893066406,-18.330524444580078
0.0,1.0,0.5,25,random,0.23438817262649536,0,0.10930824279785156,1,0.10930824279785156,test,BraTS-GLI-01293-000,-18.383277893066406,-18.273969650268555
0.0,1.0,1.0,25,random,0.23438817262649536,0,0.2311992645263672,1,0.2311992645263672,test,BraTS-GLI-01293-000,-18.383277893066406,-18.15207862854004
0.0,0.9975497126579285,0.25,25,proposal,0.23438817262649536,0,-0.11692619323730469,1,0.11692619323730469,test,BraTS-GLI-01293-000,-18.383277893066406,-18.50020408630371
0.0,0.9975497126579285,0.5,25,proposal,0.23438817262649536,0,-0.08668136596679688,1,0.08668136596679688,test,BraTS-GLI-01293-000,-18.383277893066406,-18.469959259033203
0.00015282630920410156,0.9975497126579285,1.0,25,proposal,0.23438817262649536,0,2.952305793762207,1,2.952305793762207,test,BraTS-GLI-01293-000,-18.383277893066406,-15.4309720993042
0.0,0.9975497126579285,0.25,25,anti_proposal,0.23438817262649536,0,0.21701812744140625,1,0.21701812744140625,test,BraTS-GLI-01293-000,-18.383277893066406,-18.166259765625
0.0,0.9975497126579285,0.5,25,anti_proposal,0.23438817262649536,0,0.42844200134277344,1,0.42844200134277344,test,BraTS-GLI-01293-000,-18.383277893066406,-17.954835891723633
-1.1920928955078125e-07,0.9975497126579285,1.0,25,anti_proposal,0.23438817262649536,0,0.3748741149902344,1,0.3748741149902344,test,BraTS-GLI-01293-000,-18.383277893066406,-18.008403778076172
0.00010377168655395508,1.0,0.25,3,prototype,-0.09109406918287277,0,0.10189342498779297,1,0.10189342498779297,test,BraTS-GLI-01046-000,-9.013712882995605,-8.911819458007812
0.00021886825561523438,1.0,0.5,3,prototype,-0.09109406918287277,0,0.20380020141601562,1,0.20380020141601562,test,BraTS-GLI-01046-000,-9.013712882995605,-8.80991268157959
0.00048595666885375977,1.0,1.0,3,prototype,-0.09109406918287277,0,0.39500904083251953,1,0.39500904083251953,test,BraTS-GLI-01046-000,-9.013712882995605,-8.618703842163086
-1.0967254638671875e-05,1.0,0.25,3,random,-0.09109406918287277,0,-0.00893402099609375,1,0.00893402099609375,test,BraTS-GLI-01046-000,-9.013712882995605,-9.0226469039917
-2.1278858184814453e-05,1.0,0.5,3,random,-0.09109406918287277,0,-0.017057418823242188,1,0.017057418823242188,test,BraTS-GLI-01046-000,-9.013712882995605,-9.030770301818848
-4.13060188293457e-05,1.0,1.0,3,random,-0.09109406918287277,0,-0.033847808837890625,1,0.033847808837890625,test,BraTS-GLI-01046-000,-9.013712882995605,-9.047560691833496
0.0005401968955993652,0.9999986886978149,0.25,3,proposal,-0.09109406918287277,0,0.49770355224609375,1,0.49770355224609375,test,BraTS-GLI-01046-000,-9.013712882995605,-8.516009330749512
0.001387476921081543,0.9999986886978149,0.5,3,proposal,-0.09109406918287277,0,0.961155891418457,1,0.961155891418457,test,BraTS-GLI-01046-000,-9.013712882995605,-8.052556991577148
0.004078388214111328,0.9999986886978149,1.0,3,proposal,-0.09109406918287277,0,1.7320284843444824,1,1.7320284843444824,test,BraTS-GLI-01046-000,-9.013712882995605,-7.281684398651123
-0.00031489133834838867,0.9999986886978149,0.25,3,anti_proposal,-0.09109406918287277,0,-0.5230426788330078,1,0.5230426788330078,test,BraTS-GLI-01046-000,-9.013712882995605,-9.536755561828613
-0.0005239248275756836,0.9999986886978149,0.5,3,anti_proposal,-0.09109406918287277,0,-1.1603364944458008,1,1.1603364944458008,test,BraTS-GLI-01046-000,-9.013712882995605,-10.174049377441406
-0.0007231831550598145,0.9999986886978149,1.0,3,anti_proposal,-0.09109406918287277,0,-2.772214889526367,1,2.772214889526367,test,BraTS-GLI-01046-000,-9.013712882995605,-11.785927772521973
0.0005095005035400391,1.0,0.25,3,prototype,-0.09402534365653992,0,0.6906976699829102,1,0.6906976699829102,test,BraTS-GLI-01513-000,-10.452065467834473,-9.761367797851562
0.0012387633323669434,1.0,0.5,3,prototype,-0.09402534365653992,0,1.3096561431884766,1,1.3096561431884766,test,BraTS-GLI-01513-000,-10.452065467834473,-9.142409324645996
0.0037388205528259277,1.0,1.0,3,prototype,-0.09402534365653992,0,2.3601303100585938,1,2.3601303100585938,test,BraTS-GLI-01513-000,-10.452065467834473,-8.091935157775879
9.548664093017578e-05,1.0,0.25,3,random,-0.09402534365653992,0,0.016631126403808594,1,0.016631126403808594,test,BraTS-GLI-01513-000,-10.452065467834473,-10.435434341430664
0.0002002120018005371,1.0,0.5,3,random,-0.09402534365653992,0,0.030569076538085938,1,0.030569076538085938,test,BraTS-GLI-01513-000,-10.452065467834473,-10.421496391296387
0.00044471025466918945,1.0,1.0,3,random,-0.09402534365653992,0,0.059680938720703125,1,0.059680938720703125,test,BraTS-GLI-01513-000,-10.452065467834473,-10.39238452911377
-0.0008207559585571289,0.9999988079071045,0.25,3,proposal,-0.09402534365653992,0,-1.0939607620239258,1,1.0939607620239258,test,BraTS-GLI-01513-000,-10.452065467834473,-11.546026229858398
-0.000946044921875,0.9999988079071045,0.5,3,proposal,-0.09402534365653992,0,-2.1880102157592773,1,2.1880102157592773,test,BraTS-GLI-01513-000,-10.452065467834473,-12.64007568359375
-0.0009829998016357422,0.9999988079071045,1.0,3,proposal,-0.09402534365653992,0,-6.216046333312988,1,6.216046333312988,test,BraTS-GLI-01513-000,-10.452065467834473,-16.66811180114746
0.004548251628875732,0.9999988079071045,0.25,3,anti_proposal,-0.09402534365653992,0,0.9259490966796875,1,0.9259490966796875,test,BraTS-GLI-01513-000,-10.452065467834473,-9.526116371154785
0.01495504379272461,0.9999988079071045,0.5,3,anti_proposal,-0.09402534365653992,0,1.5741071701049805,1,1.5741071701049805,test,BraTS-GLI-01513-000,-10.452065467834473,-8.877958297729492
0.05050969123840332,0.9999988079071045,1.0,3,anti_proposal,-0.09402534365653992,0,2.3443784713745117,1,2.3443784713745117,test,BraTS-GLI-01513-000,-10.452065467834473,-8.107686996459961
2.980232238769531e-07,1.0,0.25,2,prototype,0.2921295166015625,0,0.0026493072509765625,1,0.0026493072509765625,test,BraTS-GLI-01536-000,-17.939363479614258,-17.93671417236328
7.152557373046875e-07,1.0,0.5,2,prototype,0.2921295166015625,0,0.0041522979736328125,1,0.0041522979736328125,test,BraTS-GLI-01536-000,-17.939363479614258,-17.935211181640625
1.4901161193847656e-06,1.0,1.0,2,prototype,0.2921295166015625,0,0.0052890777587890625,1,0.0052890777587890625,test,BraTS-GLI-01536-000,-17.939363479614258,-17.93407440185547
-1.7881393432617188e-07,1.0,0.25,2,random,0.2921295166015625,0,0.000308990478515625,1,0.000308990478515625,test,BraTS-GLI-01536-000,-17.939363479614258,-17.939054489135742
-2.384185791015625e-07,1.0,0.5,2,random,0.2921295166015625,0,-0.0009632110595703125,1,0.0009632110595703125,test,BraTS-GLI-01536-000,-17.939363479614258,-17.940326690673828
-4.76837158203125e-07,1.0,1.0,2,random,0.2921295166015625,0,-0.0003490447998046875,1,0.0003490447998046875,test,BraTS-GLI-01536-000,-17.939363479614258,-17.939712524414062
2.682209014892578e-06,0.9999209642410278,0.25,2,proposal,0.2921295166015625,0,-0.1362018585205078,1,0.1362018585205078,test,BraTS-GLI-01536-000,-17.939363479614258,-18.075565338134766
5.543231964111328e-06,0.9999209642410278,0.5,2,proposal,0.2921295166015625,0,-0.2564239501953125,1,0.2564239501953125,test,BraTS-GLI-01536-000,-17.939363479614258,-18.19578742980957
1.2874603271484375e-05,0.9999209642410278,1.0,2,proposal,0.2921295166015625,0,-0.4714317321777344,1,0.4714317321777344,test,BraTS-GLI-01536-000,-17.939363479614258,-18.410795211791992
-2.6226043701171875e-06,0.9999209642410278,0.25,2,anti_proposal,0.2921295166015625,0,0.15192031860351562,1,0.15192031860351562,test,BraTS-GLI-01536-000,-17.939363479614258,-17.787443161010742
-5.0067901611328125e-06,0.9999209642410278,0.5,2,anti_proposal,0.2921295166015625,0,0.31044769287109375,1,0.31044769287109375,test,BraTS-GLI-01536-000,-17.939363479614258,-17.628915786743164
-8.761882781982422e-06,0.9999209642410278,1.0,2,anti_proposal,0.2921295166015625,0,0.6467208862304688,1,0.6467208862304688,test,BraTS-GLI-01536-000,-17.939363479614258,-17.29264259338379
0.0,1.0,0.25,25,prototype,0.22143322229385376,0,0.014873504638671875,1,0.014873504638671875,test,BraTS-GLI-00130-000,-17.115083694458008,-17.100210189819336
0.0,1.0,0.5,25,prototype,0.22143322229385376,0,0.031042098999023438,1,0.031042098999023438,test,BraTS-GLI-00130-000,-17.115083694458008,-17.084041595458984
0.0,1.0,1.0,25,prototype,0.22143322229385376,0,0.059421539306640625,1,0.059421539306640625,test,BraTS-GLI-00130-000,-17.115083694458008,-17.055662155151367
0.0,1.0,0.25,25,random,0.22143322229385376,0,0.0068683624267578125,1,0.0068683624267578125,test,BraTS-GLI-00130-000,-17.115083694458008,-17.10821533203125
0.0,1.0,0.5,25,random,0.22143322229385376,0,0.015537261962890625,1,0.015537261962890625,test,BraTS-GLI-00130-000,-17.115083694458008,-17.099546432495117
0.0,1.0,1.0,25,random,0.22143322229385376,0,0.03433799743652344,1,0.03433799743652344,test,BraTS-GLI-00130-000,-17.115083694458008,-17.080745697021484
5.960464477539063e-08,0.999983549118042,0.25,25,proposal,0.22143322229385376,0,0.09120941162109375,1,0.09120941162109375,test,BraTS-GLI-00130-000,-17.115083694458008,-17.023874282836914
4.172325134277344e-07,0.999983549118042,0.5,25,proposal,0.22143322229385376,0,0.5764045715332031,1,0.5764045715332031,test,BraTS-GLI-00130-000,-17.115083694458008,-16.538679122924805
1.71661376953125e-05,0.999983549118042,1.0,25,proposal,0.22143322229385376,0,2.2194089889526367,1,2.2194089889526367,test,BraTS-GLI-00130-000,-17.115083694458008,-14.895674705505371
0.0,0.999983549118042,0.25,25,anti_proposal,0.22143322229385376,0,0.06898307800292969,1,0.06898307800292969,test,BraTS-GLI-00130-000,-17.115083694458008,-17.046100616455078
0.0,0.999983549118042,0.5,25,anti_proposal,0.22143322229385376,0,0.1462078094482422,1,0.1462078094482422,test,BraTS-GLI-00130-000,-17.115083694458008,-16.968875885009766
-5.960464477539063e-08,0.999983549118042,1.0,25,anti_proposal,0.22143322229385376,0,0.15051841735839844,1,0.15051841735839844,test,BraTS-GLI-00130-000,-17.115083694458008,-16.96456527709961
0.0,1.0,0.25,34,prototype,-0.28763312101364136,0,-0.06159210205078125,2,0.06159210205078125,train,BraTS-GLI-01041-000,-22.234792709350586,-22.296384811401367
0.0,1.0,0.5,34,prototype,-0.28763312101364136,0,-0.12715911865234375,2,0.12715911865234375,train,BraTS-GLI-01041-000,-22.234792709350586,-22.36195182800293
0.0,1.0,1.0,34,prototype,-0.28763312101364136,0,-0.2707958221435547,2,0.2707958221435547,train,BraTS-GLI-01041-000,-22.234792709350586,-22.50558853149414
0.0,1.0,0.25,34,random,-0.28763312101364136,0,0.0057811737060546875,2,0.0057811737060546875,train,BraTS-GLI-01041-000,-22.234792709350586,-22.22901153564453
0.0,1.0,0.5,34,random,-0.28763312101364136,0,0.012083053588867188,2,0.012083053588867188,train,BraTS-GLI-01041-000,-22.234792709350586,-22.22270965576172
0.0,1.0,1.0,34,random,-0.28763312101364136,0,0.026203155517578125,2,0.026203155517578125,train,BraTS-GLI-01041-000,-22.234792709350586,-22.208589553833008
0.0,1.0,0.25,34,proposal,-0.28763312101364136,0,0.12868118286132812,2,0.12868118286132812,train,BraTS-GLI-01041-000,-22.234792709350586,-22.106111526489258
0.0,1.0,0.5,34,proposal,-0.28763312101364136,0,0.23162460327148438,2,0.23162460327148438,train,BraTS-GLI-01041-000,-22.234792709350586,-22.0031681060791
0.0,1.0,1.0,34,proposal,-0.28763312101364136,0,0.41798973083496094,2,0.41798973083496094,train,BraTS-GLI-01041-000,-22.234792709350586,-21.816802978515625
0.0,1.0,0.25,34,anti_proposal,-0.28763312101364136,0,-0.16951751708984375,2,0.16951751708984375,train,BraTS-GLI-01041-000,-22.234792709350586,-22.40431022644043
0.0,1.0,0.5,34,anti_proposal,-0.28763312101364136,0,-0.3809490203857422,2,0.3809490203857422,train,BraTS-GLI-01041-000,-22.234792709350586,-22.615741729736328
0.0,1.0,1.0,34,anti_proposal,-0.28763312101364136,0,-0.9798583984375,2,0.9798583984375,train,BraTS-GLI-01041-000,-22.234792709350586,-23.214651107788086
0.0006271600723266602,1.0,0.25,67,prototype,0.24679353833198547,0,0.1734485626220703,2,0.1734485626220703,train,BraTS-GLI-01041-000,-9.853143692016602,-9.679695129394531
0.0014775991439819336,1.0,0.5,67,prototype,0.24679353833198547,0,0.3546581268310547,2,0.3546581268310547,train,BraTS-GLI-01041-000,-9.853143692016602,-9.498485565185547
0.0041405558586120605,1.0,1.0,67,prototype,0.24679353833198547,0,0.7210350036621094,2,0.7210350036621094,train,BraTS-GLI-01041-000,-9.853143692016602,-9.132108688354492
6.884336471557617e-05,1.0,0.25,67,random,0.24679353833198547,0,0.03966331481933594,2,0.03966331481933594,train,BraTS-GLI-01041-000,-9.853143692016602,-9.813480377197266
0.00013762712478637695,1.0,0.5,67,random,0.24679353833198547,0,0.08152389526367188,2,0.08152389526367188,train,BraTS-GLI-01041-000,-9.853143692016602,-9.77161979675293
0.0003146529197692871,1.0,1.0,67,random,0.24679353833198547,0,0.1724863052368164,2,0.1724863052368164,train,BraTS-GLI-01041-000,-9.853143692016602,-9.680657386779785
0.006087541580200195,0.9991000890731812,0.25,67,proposal,0.24679353833198547,0,0.852757453918457,2,0.852757453918457,train,BraTS-GLI-01041-000,-9.853143692016602,-9.000386238098145
0.032071709632873535,0.9991000890731812,0.5,67,proposal,0.24679353833198547,0,1.7455320358276367,2,1.7455320358276367,train,BraTS-GLI-01041-000,-9.853143692016602,-8.107611656188965
0.2564760446548462,0.9991000890731812,1.0,67,proposal,0.24679353833198547,0,3.6483588218688965,2,3.6483588218688965,train,BraTS-GLI-01041-000,-9.853143692016602,-6.204784870147705
-0.0014191269874572754,0.9991000890731812,0.25,67,anti_proposal,0.24679353833198547,0,-0.7483978271484375,2,0.7483978271484375,train,BraTS-GLI-01041-000,-9.853143692016602,-10.601541519165039
-0.0017577409744262695,0.9991000890731812,0.5,67,anti_proposal,0.24679353833198547,0,-1.3374710083007812,2,1.3374710083007812,train,BraTS-GLI-01041-000,-9.853143692016602,-11.190614700317383
-0.0018797516822814941,0.9991000890731812,1.0,67,anti_proposal,0.24679353833198547,0,-2.015986442565918,2,2.015986442565918,train,BraTS-GLI-01041-000,-9.853143692016602,-11.86913013458252
0.001498579978942871,1.0,0.25,1,prototype,0.30050498247146606,0,0.5012121200561523,2,0.5012121200561523,train,BraTS-GLI-01041-000,-11.137078285217285,-10.635866165161133
0.004342257976531982,1.0,0.5,1,prototype,0.30050498247146606,0,1.0370655059814453,2,1.0370655059814453,train,BraTS-GLI-01041-000,-11.137078285217285,-10.10001277923584
0.01870107650756836,1.0,1.0,1,prototype,0.30050498247146606,0,2.1243667602539062,2,2.1243667602539062,train,BraTS-GLI-01041-000,-11.137078285217285,-9.012711524963379
0.000622093677520752,1.0,0.25,1,random,0.30050498247146606,0,0.2295694351196289,2,0.2295694351196289,train,BraTS-GLI-01041-000,-11.137078285217285,-10.907508850097656
0.0014348030090332031,1.0,0.5,1,random,0.30050498247146606,0,0.46224308013916016,2,0.46224308013916016,train,BraTS-GLI-01041-000,-11.137078285217285,-10.674835205078125
0.003956258296966553,1.0,1.0,1,random,0.30050498247146606,0,0.9397506713867188,2,0.9397506713867188,train,BraTS-GLI-01041-000,-11.137078285217285,-10.197327613830566
0.015983939170837402,0.9992874264717102,0.25,1,proposal,0.30050498247146606,0,1.8915901184082031,2,1.8915901184082031,train,BraTS-GLI-01041-000,-11.137078285217285,-9.245488166809082
0.12194442749023438,0.9992874264717102,0.5,1,proposal,0.30050498247146606,0,3.8115010261535645,2,3.8115010261535645,train,BraTS-GLI-01041-000,-11.137078285217285,-7.325577259063721
0.5446026027202606,0.9992874264717102,1.0,1,proposal,0.30050498247146606,0,7.249698877334595,2,7.249698877334595,train,BraTS-GLI-01041-000,-11.137078285217285,-3.8873794078826904
-0.0017328858375549316,0.9992874264717102,0.25,1,anti_proposal,0.30050498247146606,0,-1.773946762084961,2,1.773946762084961,train,BraTS-GLI-01041-000,-11.137078285217285,-12.911025047302246
-0.001881420612335205,0.9992874264717102,0.5,1,anti_proposal,0.30050498247146606,0,-3.4423599243164062,2,3.4423599243164062,train,BraTS-GLI-01041-000,-11.137078285217285,-14.579438209533691
-0.0019008517265319824,0.9992874264717102,1.0,1,anti_proposal,0.30050498247146606,0,-5.892027854919434,2,5.892027854919434,train,BraTS-GLI-01041-000,-11.137078285217285,-17.02910614013672
0.0,1.0,0.25,2,prototype,-0.0005570622161030769,0,0.08413124084472656,2,0.08413124084472656,train,BraTS-GLI-00250-000,-29.0205078125,-28.936376571655273
0.0,1.0,0.5,2,prototype,-0.0005570622161030769,0,0.1742076873779297,2,0.1742076873779297,train,BraTS-GLI-00250-000,-29.0205078125,-28.84630012512207
0.0,1.0,1.0,2,prototype,-0.0005570622161030769,0,0.3708953857421875,2,0.3708953857421875,train,BraTS-GLI-00250-000,-29.0205078125,-28.649612426757812
0.0,1.0,0.25,2,random,-0.0005570622161030769,0,-0.05624961853027344,2,0.05624961853027344,train,BraTS-GLI-00250-000,-29.0205078125,-29.076757431030273
0.0,1.0,0.5,2,random,-0.0005570622161030769,0,-0.1102447509765625,2,0.1102447509765625,train,BraTS-GLI-00250-000,-29.0205078125,-29.130752563476562
0.0,1.0,1.0,2,random,-0.0005570622161030769,0,-0.20221328735351562,2,0.20221328735351562,train,BraTS-GLI-00250-000,-29.0205078125,-29.222721099853516
0.0,0.999995231628418,0.25,2,proposal,-0.0005570622161030769,0,1.201456069946289,2,1.201456069946289,train,BraTS-GLI-00250-000,-29.0205078125,-27.81905174255371
0.0,0.999995231628418,0.5,2,proposal,-0.0005570622161030769,0,2.759122848510742,2,2.759122848510742,train,BraTS-GLI-00250-000,-29.0205078125,-26.261384963989258
0.0,0.999995231628418,1.0,2,proposal,-0.0005570622161030769,0,6.276941299438477,2,6.276941299438477,train,BraTS-GLI-00250-000,-29.0205078125,-22.743566513061523
0.0,0.999995231628418,0.25,2,anti_proposal,-0.0005570622161030769,0,-0.8364124298095703,2,0.8364124298095703,train,BraTS-GLI-00250-000,-29.0205078125,-29.85692024230957
0.0,0.999995231628418,0.5,2,anti_proposal,-0.0005570622161030769,0,-1.3647022247314453,2,1.3647022247314453,train,BraTS-GLI-00250-000,-29.0205078125,-30.385210037231445
0.0,0.999995231628418,1.0,2,anti_proposal,-0.0005570622161030769,0,-1.9072837829589844,2,1.9072837829589844,train,BraTS-GLI-00250-000,-29.0205078125,-30.927791595458984
0.0,1.0,0.25,10,prototype,0.33811479806900024,0,0.3643379211425781,2,0.3643379211425781,train,BraTS-GLI-01444-000,-25.29576873779297,-24.93143081665039
0.0,1.0,0.5,10,prototype,0.33811479806900024,0,0.7461833953857422,2,0.7461833953857422,train,BraTS-GLI-01444-000,-25.29576873779297,-24.549585342407227
5.960464477539063e-08,1.0,1.0,10,prototype,0.33811479806900024,0,1.5541191101074219,2,1.5541191101074219,train,BraTS-GLI-01444-000,-25.29576873779297,-23.741649627685547
5.960464477539063e-08,1.0,0.25,10,random,0.33811479806900024,0,-0.08179283142089844,2,0.08179283142089844,train,BraTS-GLI-01444-000,-25.29576873779297,-25.377561569213867
5.960464477539063e-08,1.0,0.5,10,random,0.33811479806900024,0,-0.15936851501464844,2,0.15936851501464844,train,BraTS-GLI-01444-000,-25.29576873779297,-25.455137252807617
5.960464477539063e-08,1.0,1.0,10,random,0.33811479806900024,0,-0.31536865234375,2,0.31536865234375,train,BraTS-GLI-01444-000,-25.29576873779297,-25.61113739013672
0.0,0.9999096393585205,0.25,10,proposal,0.33811479806900024,0,1.0545501708984375,2,1.0545501708984375,train,BraTS-GLI-01444-000,-25.29576873779297,-24.24121856689453
5.960464477539063e-08,0.9999096393585205,0.5,10,proposal,0.33811479806900024,0,2.2552566528320312,2,2.2552566528320312,train,BraTS-GLI-01444-000,-25.29576873779297,-23.040512084960938
1.2516975402832031e-06,0.9999096393585205,1.0,10,proposal,0.33811479806900024,0,5.011207580566406,2,5.011207580566406,train,BraTS-GLI-01444-000,-25.29576873779297,-20.284561157226562
5.960464477539063e-08,0.9999096393585205,0.25,10,anti_proposal,0.33811479806900024,0,-0.9870357513427734,2,0.9870357513427734,train,BraTS-GLI-01444-000,-25.29576873779297,-26.282804489135742
5.960464477539063e-08,0.9999096393585205,0.5,10,anti_proposal,0.33811479806900024,0,-1.8605308532714844,2,1.8605308532714844,train,BraTS-GLI-01444-000,-25.29576873779297,-27.156299591064453
5.960464477539063e-08,0.9999096393585205,1.0,10,anti_proposal,0.33811479806900024,0,-3.323884963989258,2,3.323884963989258,train,BraTS-GLI-01444-000,-25.29576873779297,-28.619653701782227
-3.403425216674805e-05,1.0,0.25,3,prototype,0.01680127903819084,0,-0.08455944061279297,2,0.08455944061279297,train,BraTS-GLI-01326-000,-9.930095672607422,-10.014655113220215
-6.860494613647461e-05,1.0,0.5,3,prototype,0.01680127903819084,0,-0.17364788055419922,2,0.17364788055419922,train,BraTS-GLI-01326-000,-9.930095672607422,-10.103743553161621
-0.00013571977615356445,1.0,1.0,3,prototype,0.01680127903819084,0,-0.3729524612426758,2,0.3729524612426758,train,BraTS-GLI-01326-000,-9.930095672607422,-10.303048133850098
1.6570091247558594e-05,1.0,0.25,3,random,0.01680127903819084,0,0.025739669799804688,2,0.025739669799804688,train,BraTS-GLI-01326-000,-9.930095672607422,-9.904356002807617
3.361701965332031e-05,1.0,0.5,3,random,0.01680127903819084,0,0.04979896545410156,2,0.04979896545410156,train,BraTS-GLI-01326-000,-9.930095672607422,-9.88029670715332
7.891654968261719e-05,1.0,1.0,3,random,0.01680127903819084,0,0.110382080078125,2,0.110382080078125,train,BraTS-GLI-01326-000,-9.930095672607422,-9.819713592529297
0.021549701690673828,0.9991729855537415,0.25,3,proposal,0.01680127903819084,0,3.10563325881958,2,3.10563325881958,train,BraTS-GLI-01326-000,-9.930095672607422,-6.824462413787842
0.27378857135772705,0.9991729855537415,0.5,3,proposal,0.01680127903819084,0,5.931726694107056,2,5.931726694107056,train,BraTS-GLI-01326-000,-9.930095672607422,-3.998368978500366
0.8466137647628784,0.9991729855537415,1.0,3,proposal,0.01680127903819084,1,10.590076625347137,2,10.590076625347137,train,BraTS-GLI-01326-000,-9.930095672607422,0.6599809527397156
-0.000475466251373291,0.9991729855537415,0.25,3,anti_proposal,0.01680127903819084,0,-3.04483699798584,2,3.04483699798584,train,BraTS-GLI-01326-000,-9.930095672607422,-12.974932670593262
-0.0004912614822387695,0.9991729855537415,0.5,3,anti_proposal,0.01680127903819084,0,-5.412884712219238,2,5.412884712219238,train,BraTS-GLI-01326-000,-9.930095672607422,-15.34298038482666
-0.0004926919937133789,0.9991729855537415,1.0,3,anti_proposal,0.01680127903819084,0,-7.432184219360352,2,7.432184219360352,train,BraTS-GLI-01326-000,-9.930095672607422,-17.362279891967773
0.0,1.0,0.25,12,prototype,-0.17795681953430176,0,-0.1667156219482422,2,0.1667156219482422,train,BraTS-GLI-00764-000,-20.895824432373047,-21.06254005432129
0.0,1.0,0.5,12,prototype,-0.17795681953430176,0,-0.3389892578125,2,0.3389892578125,train,BraTS-GLI-00764-000,-20.895824432373047,-21.234813690185547
0.0,1.0,1.0,12,prototype,-0.17795681953430176,0,-0.6933879852294922,2,0.6933879852294922,train,BraTS-GLI-00764-000,-20.895824432373047,-21.58921241760254
0.0,1.0,0.25,12,random,-0.17795681953430176,0,0.04122161865234375,2,0.04122161865234375,train,BraTS-GLI-00764-000,-20.895824432373047,-20.854602813720703
0.0,1.0,0.5,12,random,-0.17795681953430176,0,0.08079338073730469,2,0.08079338073730469,train,BraTS-GLI-00764-000,-20.895824432373047,-20.815031051635742
0.0,1.0,1.0,12,random,-0.17795681953430176,0,0.1543140411376953,2,0.1543140411376953,train,BraTS-GLI-00764-000,-20.895824432373047,-20.74151039123535
0.0,0.9997958540916443,0.25,12,proposal,-0.17795681953430176,0,0.8816299438476562,2,0.8816299438476562,train,BraTS-GLI-00764-000,-20.895824432373047,-20.01419448852539
0.0,0.9997958540916443,0.5,12,proposal,-0.17795681953430176,0,1.3857135772705078,2,1.3857135772705078,train,BraTS-GLI-00764-000,-20.895824432373047,-19.51011085510254
0.0,0.9997958540916443,1.0,12,proposal,-0.17795681953430176,0,1.1915607452392578,2,1.1915607452392578,train,BraTS-GLI-00764-000,-20.895824432373047,-19.70426368713379
0.0,0.9997958540916443,0.25,12,anti_proposal,-0.17795681953430176,0,-1.2207717895507812,2,1.2207717895507812,train,BraTS-GLI-00764-000,-20.895824432373047,-22.116596221923828
0.0,0.9997958540916443,0.5,12,anti_proposal,-0.17795681953430176,0,-2.50079345703125,2,2.50079345703125,train,BraTS-GLI-00764-000,-20.895824432373047,-23.396617889404297
0.0,0.9997958540916443,1.0,12,anti_proposal,-0.17795681953430176,0,-5.093101501464844,2,5.093101501464844,train,BraTS-GLI-00764-000,-20.895824432373047,-25.98892593383789
5.960464477539063e-08,1.0,0.25,13,prototype,0.2035195231437683,0,0.12279701232910156,2,0.12279701232910156,train,BraTS-GLI-00764-000,-24.252208709716797,-24.129411697387695
5.960464477539063e-08,1.0,0.5,13,prototype,0.2035195231437683,0,0.23717689514160156,2,0.23717689514160156,train,BraTS-GLI-00764-000,-24.252208709716797,-24.015031814575195
5.960464477539063e-08,1.0,1.0,13,prototype,0.2035195231437683,0,0.4793567657470703,2,0.4793567657470703,train,BraTS-GLI-00764-000,-24.252208709716797,-23.772851943969727
0.0,1.0,0.25,13,random,0.2035195231437683,0,-0.015951156616210938,2,0.015951156616210938,train,BraTS-GLI-00764-000,-24.252208709716797,-24.268159866333008
0.0,1.0,0.5,13,random,0.2035195231437683,0,-0.03303718566894531,2,0.03303718566894531,train,BraTS-GLI-00764-000,-24.252208709716797,-24.285245895385742
0.0,1.0,1.0,13,random,0.2035195231437683,0,-0.06724739074707031,2,0.06724739074707031,train,BraTS-GLI-00764-000,-24.252208709716797,-24.319456100463867
5.960464477539063e-08,0.9998548030853271,0.25,13,proposal,0.2035195231437683,0,0.7082862854003906,2,0.7082862854003906,train,BraTS-GLI-00764-000,-24.252208709716797,-23.543922424316406
1.3709068298339844e-06,0.9998548030853271,0.5,13,proposal,0.2035195231437683,0,1.5183753967285156,2,1.5183753967285156,train,BraTS-GLI-00764-000,-24.252208709716797,-22.73383331298828
0.0002460479736328125,0.9998548030853271,1.0,13,proposal,0.2035195231437683,0,2.859567642211914,2,2.859567642211914,train,BraTS-GLI-00764-000,-24.252208709716797,-21.392641067504883
0.0,0.9998548030853271,0.25,13,anti_proposal,0.2035195231437683,0,-0.6000194549560547,2,0.6000194549560547,train,BraTS-GLI-00764-000,-24.252208709716797,-24.85222816467285
0.0,0.9998548030853271,0.5,13,anti_proposal,0.2035195231437683,0,-0.9918842315673828,2,0.9918842315673828,train,BraTS-GLI-00764-000,-24.252208709716797,-25.24409294128418
0.0,0.9998548030853271,1.0,13,anti_proposal,0.2035195231437683,0,-0.9072399139404297,2,0.9072399139404297,train,BraTS-GLI-00764-000,-24.252208709716797,-25.159448623657227
0.05750077962875366,1.0,0.25,5,prototype,0.22478829324245453,0,0.9014463424682617,2,0.9014463424682617,train,BraTS-GLI-00764-000,-9.673478126525879,-8.772031784057617
0.1578848958015442,1.0,0.5,5,prototype,0.22478829324245453,0,1.8418254852294922,2,1.8418254852294922,train,BraTS-GLI-00764-000,-9.673478126525879,-7.831652641296387
0.3819809556007385,1.0,1.0,5,prototype,0.22478829324245453,0,3.711503028869629,2,3.711503028869629,train,BraTS-GLI-00764-000,-9.673478126525879,-5.96197509765625
0.0003815889358520508,1.0,0.25,5,random,0.22478829324245453,0,-0.008142471313476562,2,0.008142471313476562,train,BraTS-GLI-00764-000,-9.673478126525879,-9.681620597839355
0.0005828142166137695,1.0,0.5,5,random,0.22478829324245453,0,-0.01961994171142578,2,0.01961994171142578,train,BraTS-GLI-00764-000,-9.673478126525879,-9.693098068237305
0.0008493661880493164,1.0,1.0,5,random,0.22478829324245453,0,-0.039913177490234375,2,0.039913177490234375,train,BraTS-GLI-00764-000,-9.673478126525879,-9.713391304016113
0.4450678825378418,0.9999656677246094,0.25,5,proposal,0.22478829324245453,0,4.329117298126221,2,4.329117298126221,train,BraTS-GLI-00764-000,-9.673478126525879,-5.344360828399658
0.6897843480110168,0.9999656677246094,0.5,5,proposal,0.22478829324245453,0,7.95437228679657,2,7.95437228679657,train,BraTS-GLI-00764-000,-9.673478126525879,-1.719105839729309
0.863652840256691,0.9999656677246094,1.0,5,proposal,0.22478829324245453,1,12.775867700576782,2,12.775867700576782,train,BraTS-GLI-00764-000,-9.673478126525879,3.1023895740509033
-0.03459954261779785,0.9999656677246094,0.25,5,anti_proposal,0.22478829324245453,0,-4.469367027282715,2,4.469367027282715,train,BraTS-GLI-00764-000,-9.673478126525879,-14.142845153808594
-0.0348166823387146,0.9999656677246094,0.5,5,anti_proposal,0.22478829324245453,0,-7.7355146408081055,2,7.7355146408081055,train,BraTS-GLI-00764-000,-9.673478126525879,-17.408992767333984
-0.034820616245269775,0.9999656677246094,1.0,5,anti_proposal,0.22478829324245453,0,-8.949149131774902,2,8.949149131774902,train,BraTS-GLI-00764-000,-9.673478126525879,-18.62262725830078
0.0,1.0,0.25,1,prototype,-0.08192213624715805,0,-0.07213211059570312,2,0.07213211059570312,train,BraTS-GLI-00731-001,-17.27223777770996,-17.344369888305664
0.0,1.0,0.5,1,prototype,-0.08192213624715805,0,-0.14127159118652344,2,0.14127159118652344,train,BraTS-GLI-00731-001,-17.27223777770996,-17.413509368896484
0.0,1.0,1.0,1,prototype,-0.08192213624715805,0,-0.27042579650878906,2,0.27042579650878906,train,BraTS-GLI-00731-001,-17.27223777770996,-17.54266357421875
0.0,1.0,0.25,1,random,-0.08192213624715805,0,0.04022026062011719,2,0.04022026062011719,train,BraTS-GLI-00731-001,-17.27223777770996,-17.232017517089844
0.0,1.0,0.5,1,random,-0.08192213624715805,0,0.08089065551757812,2,0.08089065551757812,train,BraTS-GLI-00731-001,-17.27223777770996,-17.191347122192383
0.0,1.0,1.0,1,random,-0.08192213624715805,0,0.16279220581054688,2,0.16279220581054688,train,BraTS-GLI-00731-001,-17.27223777770996,-17.109445571899414
-1.1920928955078125e-07,0.9998156428337097,0.25,1,proposal,-0.08192213624715805,0,0.7281208038330078,2,0.7281208038330078,train,BraTS-GLI-00731-001,-17.27223777770996,-16.544116973876953
0.0,0.9998156428337097,0.5,1,proposal,-0.08192213624715805,0,1.3325061798095703,2,1.3325061798095703,train,BraTS-GLI-00731-001,-17.27223777770996,-15.93973159790039
-1.7881393432617188e-07,0.9998156428337097,1.0,1,proposal,-0.08192213624715805,0,0.5158023834228516,2,0.5158023834228516,train,BraTS-GLI-00731-001,-17.27223777770996,-16.75643539428711
5.960464477539063e-08,0.9998156428337097,0.25,1,anti_proposal,-0.08192213624715805,0,-0.5157279968261719,2,0.5157279968261719,train,BraTS-GLI-00731-001,-17.27223777770996,-17.787965774536133
1.1920928955078125e-07,0.9998156428337097,0.5,1,anti_proposal,-0.08192213624715805,0,-0.8352031707763672,2,0.8352031707763672,train,BraTS-GLI-00731-001,-17.27223777770996,-18.107440948486328
3.5762786865234375e-07,0.9998156428337097,1.0,1,anti_proposal,-0.08192213624715805,0,-1.2381420135498047,2,1.2381420135498047,train,BraTS-GLI-00731-001,-17.27223777770996,-18.510379791259766
0.0,1.0,0.25,7,prototype,0.015866050496697426,0,0.051639556884765625,2,0.051639556884765625,train,BraTS-GLI-00811-000,-21.902690887451172,-21.851051330566406
0.0,1.0,0.5,7,prototype,0.015866050496697426,0,0.10059356689453125,2,0.10059356689453125,train,BraTS-GLI-00811-000,-21.902690887451172,-21.80209732055664
0.0,1.0,1.0,7,prototype,0.015866050496697426,0,0.20035743713378906,2,0.20035743713378906,train,BraTS-GLI-00811-000,-21.902690887451172,-21.702333450317383
0.0,1.0,0.25,7,random,0.015866050496697426,0,-0.00031280517578125,2,0.00031280517578125,train,BraTS-GLI-00811-000,-21.902690887451172,-21.903003692626953
0.0,1.0,0.5,7,random,0.015866050496697426,0,-0.0006313323974609375,2,0.0006313323974609375,train,BraTS-GLI-00811-000,-21.902690887451172,-21.903322219848633
0.0,1.0,1.0,7,random,0.015866050496697426,0,-0.0013904571533203125,2,0.0013904571533203125,train,BraTS-GLI-00811-000,-21.902690887451172,-21.904081344604492
0.0,0.9999995231628418,0.25,7,proposal,0.015866050496697426,0,0.6897602081298828,2,0.6897602081298828,train,BraTS-GLI-00811-000,-21.902690887451172,-21.21293067932129
0.0,0.9999995231628418,0.5,7,proposal,0.015866050496697426,0,1.5639610290527344,2,1.5639610290527344,train,BraTS-GLI-00811-000,-21.902690887451172,-20.338729858398438
5.960464477539063e-08,0.9999995231628418,1.0,7,proposal,0.015866050496697426,0,3.613525390625,2,3.613525390625,train,BraTS-GLI-00811-000,-21.902690887451172,-18.289165496826172
0.0,0.9999995231628418,0.25,7,anti_proposal,0.015866050496697426,0,-0.5806331634521484,2,0.5806331634521484,train,BraTS-GLI-00811-000,-21.902690887451172,-22.48332405090332
0.0,0.9999995231628418,0.5,7,anti_proposal,0.015866050496697426,0,-1.0668067932128906,2,1.0668067932128906,train,BraTS-GLI-00811-000,-21.902690887451172,-22.969497680664062
0.0,0.9999995231628418,1.0,7,anti_proposal,0.015866050496697426,0,-1.7189788818359375,2,1.7189788818359375,train,BraTS-GLI-00811-000,-21.902690887451172,-23.62166976928711
0.0,1.0,0.25,10,prototype,-0.13442344963550568,0,-0.06376266479492188,2,0.06376266479492188,train,BraTS-GLI-01103-000,-19.24443244934082,-19.308195114135742
0.0,1.0,0.5,10,prototype,-0.13442344963550568,0,-0.13038063049316406,2,0.13038063049316406,train,BraTS-GLI-01103-000,-19.24443244934082,-19.374813079833984
0.0,1.0,1.0,10,prototype,-0.13442344963550568,0,-0.27352333068847656,2,0.27352333068847656,train,BraTS-GLI-01103-000,-19.24443244934082,-19.517955780029297
0.0,1.0,0.25,10,random,-0.13442344963550568,0,0.004486083984375,2,0.004486083984375,train,BraTS-GLI-01103-000,-19.24443244934082,-19.239946365356445
0.0,1.0,0.5,10,random,-0.13442344963550568,0,0.007534027099609375,2,0.007534027099609375,train,BraTS-GLI-01103-000,-19.24443244934082,-19.23689842224121
0.0,1.0,1.0,10,random,-0.13442344963550568,0,0.0140228271484375,2,0.0140228271484375,train,BraTS-GLI-01103-000,-19.24443244934082,-19.230409622192383
0.0,0.9839006662368774,0.25,10,proposal,-0.13442344963550568,0,0.3570537567138672,2,0.3570537567138672,train,BraTS-GLI-01103-000,-19.24443244934082,-18.887378692626953
1.1920928955078125e-07,0.9839006662368774,0.5,10,proposal,-0.13442344963550568,0,0.8999252319335938,2,0.8999252319335938,train,BraTS-GLI-01103-000,-19.24443244934082,-18.344507217407227
1.7881393432617188e-07,0.9839006662368774,1.0,10,proposal,-0.13442344963550568,0,2.5617198944091797,2,2.5617198944091797,train,BraTS-GLI-01103-000,-19.24443244934082,-16.68271255493164
0.0,0.9839006662368774,0.25,10,anti_proposal,-0.13442344963550568,0,-0.25301361083984375,2,0.25301361083984375,train,BraTS-GLI-01103-000,-19.24443244934082,-19.497446060180664
0.0,0.9839006662368774,0.5,10,anti_proposal,-0.13442344963550568,0,-0.4544792175292969,2,0.4544792175292969,train,BraTS-GLI-01103-000,-19.24443244934082,-19.698911666870117
0.0,0.9839006662368774,1.0,10,anti_proposal,-0.13442344963550568,0,-0.7901725769042969,2,0.7901725769042969,train,BraTS-GLI-01103-000,-19.24443244934082,-20.034605026245117
3.5762786865234375e-06,1.0,0.25,4,prototype,0.2637791633605957,0,0.18780994415283203,2,0.18780994415283203,train,BraTS-GLI-00514-001,-13.312588691711426,-13.124778747558594
9.179115295410156e-06,1.0,0.5,4,prototype,0.2637791633605957,0,0.38707542419433594,2,0.38707542419433594,train,BraTS-GLI-00514-001,-13.312588691711426,-12.92551326751709
3.266334533691406e-05,1.0,1.0,4,prototype,0.2637791633605957,0,0.8471450805664062,2,0.8471450805664062,train,BraTS-GLI-00514-001,-13.312588691711426,-12.46544361114502
-1.7881393432617188e-06,1.0,0.25,4,random,0.2637791633605957,0,-0.1288919448852539,2,0.1288919448852539,train,BraTS-GLI-00514-001,-13.312588691711426,-13.44148063659668
-3.159046173095703e-06,1.0,0.5,4,random,0.2637791633605957,0,-0.2558097839355469,2,0.2558097839355469,train,BraTS-GLI-00514-001,-13.312588691711426,-13.568398475646973
-5.245208740234375e-06,1.0,1.0,4,random,0.2637791633605957,0,-0.4956483840942383,2,0.4956483840942383,train,BraTS-GLI-00514-001,-13.312588691711426,-13.808237075805664
3.6656856536865234e-05,0.9999352693557739,0.25,4,proposal,0.2637791633605957,0,1.0514240264892578,2,1.0514240264892578,train,BraTS-GLI-00514-001,-13.312588691711426,-12.261164665222168
0.0002161264419555664,0.9999352693557739,0.5,4,proposal,0.2637791633605957,0,2.163060188293457,2,2.163060188293457,train,BraTS-GLI-00514-001,-13.312588691711426,-11.149528503417969
0.010913252830505371,0.9999352693557739,1.0,4,proposal,0.2637791633605957,0,4.686789512634277,2,4.686789512634277,train,BraTS-GLI-00514-001,-13.312588691711426,-8.625799179077148
-7.748603820800781e-06,0.9999352693557739,0.25,4,anti_proposal,0.2637791633605957,0,-0.9636621475219727,2,0.9636621475219727,train,BraTS-GLI-00514-001,-13.312588691711426,-14.276250839233398
-9.775161743164062e-06,0.9999352693557739,0.5,4,anti_proposal,0.2637791633605957,0,-1.7519655227661133,2,1.7519655227661133,train,BraTS-GLI-00514-001,-13.312588691711426,-15.064554214477539
-1.049041748046875e-05,0.9999352693557739,1.0,4,anti_proposal,0.2637791633605957,0,-2.7363901138305664,2,2.7363901138305664,train,BraTS-GLI-00514-001,-13.312588691711426,-16.048978805541992
0.0,1.0,0.25,40,prototype,-0.09222392737865448,0,-0.1413726806640625,2,0.1413726806640625,train,BraTS-GLI-00146-000,-32.33709716796875,-32.47846984863281
0.0,1.0,0.5,40,prototype,-0.09222392737865448,0,-0.2655372619628906,2,0.2655372619628906,train,BraTS-GLI-00146-000,-32.33709716796875,-32.60263442993164
0.0,1.0,1.0,40,prototype,-0.09222392737865448,0,-0.4552574157714844,2,0.4552574157714844,train,BraTS-GLI-00146-000,-32.33709716796875,-32.792354583740234
0.0,1.0,0.25,40,random,-0.09222392737865448,0,-0.12845611572265625,2,0.12845611572265625,train,BraTS-GLI-00146-000,-32.33709716796875,-32.465553283691406
0.0,1.0,0.5,40,random,-0.09222392737865448,0,-0.2567100524902344,2,0.2567100524902344,train,BraTS-GLI-00146-000,-32.33709716796875,-32.593807220458984
0.0,1.0,1.0,40,random,-0.09222392737865448,0,-0.5046119689941406,2,0.5046119689941406,train,BraTS-GLI-00146-000,-32.33709716796875,-32.84170913696289
0.0,0.9985870122909546,0.25,40,proposal,-0.09222392737865448,0,1.827972412109375,2,1.827972412109375,train,BraTS-GLI-00146-000,-32.33709716796875,-30.509124755859375
0.0,0.9985870122909546,0.5,40,proposal,-0.09222392737865448,0,4.339677810668945,2,4.339677810668945,train,BraTS-GLI-00146-000,-32.33709716796875,-27.997419357299805
0.0,0.9985870122909546,1.0,40,proposal,-0.09222392737865448,0,8.138811111450195,2,8.138811111450195,train,BraTS-GLI-00146-000,-32.33709716796875,-24.198286056518555
0.0,0.9985870122909546,0.25,40,anti_proposal,-0.09222392737865448,0,-1.9216232299804688,2,1.9216232299804688,train,BraTS-GLI-00146-000,-32.33709716796875,-34.25872039794922
0.0,0.9985870122909546,0.5,40,anti_proposal,-0.09222392737865448,0,-3.485126495361328,2,3.485126495361328,train,BraTS-GLI-00146-000,-32.33709716796875,-35.82222366333008
-1.1920928955078125e-07,0.9985870122909546,1.0,40,anti_proposal,-0.09222392737865448,0,-5.223285675048828,2,5.223285675048828,train,BraTS-GLI-00146-000,-32.33709716796875,-37.56038284301758
0.011246442794799805,1.0,0.25,117,prototype,0.15192756056785583,0,0.09232759475708008,2,0.09232759475708008,train,BraTS-GLI-00146-000,-4.26696252822876,-4.17463493347168
0.023613572120666504,1.0,0.5,117,prototype,0.15192756056785583,0,0.1895298957824707,2,0.1895298957824707,train,BraTS-GLI-00146-000,-4.26696252822876,-4.077432632446289
0.05242711305618286,1.0,1.0,117,prototype,0.15192756056785583,0,0.39449214935302734,2,0.39449214935302734,train,BraTS-GLI-00146-000,-4.26696252822876,-3.8724703788757324
0.01991581916809082,1.0,0.25,117,random,0.15192756056785583,0,0.18588590621948242,2,0.18588590621948242,train,BraTS-GLI-00146-000,-4.26696252822876,-4.081076622009277
0.04191190004348755,1.0,0.5,117,random,0.15192756056785583,0,0.3663175106048584,2,0.3663175106048584,train,BraTS-GLI-00146-000,-4.26696252822876,-3.9006450176239014
0.09063774347305298,1.0,1.0,117,random,0.15192756056785583,0,0.7100484371185303,2,0.7100484371185303,train,BraTS-GLI-00146-000,-4.26696252822876,-3.5569140911102295
0.1926729679107666,0.9994863271713257,0.25,117,proposal,0.15192756056785583,0,1.2717888355255127,2,1.2717888355255127,train,BraTS-GLI-00146-000,-4.26696252822876,-2.995173692703247
0.4125933051109314,0.9994863271713257,0.5,117,proposal,0.15192756056785583,0,2.407695770263672,2,2.407695770263672,train,BraTS-GLI-00146-000,-4.26696252822876,-1.859266757965088
0.6985553354024887,0.9994863271713257,1.0,117,proposal,0.15192756056785583,1,4.448352038860321,2,4.448352038860321,train,BraTS-GLI-00146-000,-4.26696252822876,0.18138951063156128
-0.0842522382736206,0.9994863271713257,0.25,117,anti_proposal,0.15192756056785583,0,-1.4583539962768555,2,1.4583539962768555,train,BraTS-GLI-00146-000,-4.26696252822876,-5.725316524505615
-0.10235905647277832,0.9994863271713257,0.5,117,anti_proposal,0.15192756056785583,0,-2.8789258003234863,2,2.8789258003234863,train,BraTS-GLI-00146-000,-4.26696252822876,-7.145888328552246
-0.10629427433013916,0.9994863271713257,1.0,117,anti_proposal,0.15192756056785583,0,-5.387451648712158,2,5.387451648712158,train,BraTS-GLI-00146-000,-4.26696252822876,-9.654414176940918
1.9073486328125e-06,1.0,0.25,2,prototype,-0.04193893447518349,0,-0.01032257080078125,2,0.01032257080078125,train,BraTS-GLI-00286-000,-18.31195068359375,-18.32227325439453
4.351139068603516e-06,1.0,0.5,2,prototype,-0.04193893447518349,0,-0.019147872924804688,2,0.019147872924804688,train,BraTS-GLI-00286-000,-18.31195068359375,-18.331098556518555
1.1980533599853516e-05,1.0,1.0,2,prototype,-0.04193893447518349,0,-0.032131195068359375,2,0.032131195068359375,train,BraTS-GLI-00286-000,-18.31195068359375,-18.34408187866211
7.748603820800781e-07,1.0,0.25,2,random,-0.04193893447518349,0,-0.015790939331054688,2,0.015790939331054688,train,BraTS-GLI-00286-000,-18.31195068359375,-18.327741622924805
1.6093254089355469e-06,1.0,0.5,2,random,-0.04193893447518349,0,-0.03159904479980469,2,0.03159904479980469,train,BraTS-GLI-00286-000,-18.31195068359375,-18.343549728393555
3.5762786865234375e-06,1.0,1.0,2,random,-0.04193893447518349,0,-0.06171226501464844,2,0.06171226501464844,train,BraTS-GLI-00286-000,-18.31195068359375,-18.3736629486084
-6.258487701416016e-06,0.9968938827514648,0.25,2,proposal,-0.04193893447518349,0,0.3266124725341797,2,0.3266124725341797,train,BraTS-GLI-00286-000,-18.31195068359375,-17.98533821105957
-6.854534149169922e-06,0.9968938827514648,0.5,2,proposal,-0.04193893447518349,0,0.9296951293945312,2,0.9296951293945312,train,BraTS-GLI-00286-000,-18.31195068359375,-17.38225555419922
-6.735324859619141e-06,0.9968938827514648,1.0,2,proposal,-0.04193893447518349,0,2.478883743286133,2,2.478883743286133,train,BraTS-GLI-00286-000,-18.31195068359375,-15.833066940307617
3.737211227416992e-05,0.9968938827514648,0.25,2,anti_proposal,-0.04193893447518349,0,-0.17978477478027344,2,0.17978477478027344,train,BraTS-GLI-00286-000,-18.31195068359375,-18.491735458374023
0.0002644658088684082,0.9968938827514648,0.5,2,anti_proposal,-0.04193893447518349,0,-0.31348419189453125,2,0.31348419189453125,train,BraTS-GLI-00286-000,-18.31195068359375,-18.62543487548828
0.005436301231384277,0.9968938827514648,1.0,2,anti_proposal,-0.04193893447518349,0,-0.530609130859375,2,0.530609130859375,train,BraTS-GLI-00286-000,-18.31195068359375,-18.842559814453125
3.3974647521972656e-06,1.0,0.25,5,prototype,0.3038114309310913,0,0.22556114196777344,2,0.22556114196777344,train,BraTS-GLI-00286-000,-15.399022102355957,-15.173460960388184
1.049041748046875e-05,1.0,0.5,5,prototype,0.3038114309310913,0,0.5095653533935547,2,0.5095653533935547,train,BraTS-GLI-00286-000,-15.399022102355957,-14.889456748962402
8.815526962280273e-05,1.0,1.0,5,prototype,0.3038114309310913,0,1.285780906677246,2,1.285780906677246,train,BraTS-GLI-00286-000,-15.399022102355957,-14.113241195678711
-2.980232238769531e-07,1.0,0.25,5,random,0.3038114309310913,0,-0.030017852783203125,2,0.030017852783203125,train,BraTS-GLI-00286-000,-15.399022102355957,-15.42903995513916
-6.556510925292969e-07,1.0,0.5,5,random,0.3038114309310913,0,-0.058807373046875,2,0.058807373046875,train,BraTS-GLI-00286-000,-15.399022102355957,-15.457829475402832
-1.1920928955078125e-06,1.0,1.0,5,random,0.3038114309310913,0,-0.11709308624267578,2,0.11709308624267578,train,BraTS-GLI-00286-000,-15.399022102355957,-15.516115188598633
6.699562072753906e-05,0.9992904663085938,0.25,5,proposal,0.3038114309310913,0,0.9651861190795898,2,0.9651861190795898,train,BraTS-GLI-00286-000,-15.399022102355957,-14.433835983276367
0.0035293102264404297,0.9992904663085938,0.5,5,proposal,0.3038114309310913,0,2.4643468856811523,2,2.4643468856811523,train,BraTS-GLI-00286-000,-15.399022102355957,-12.934675216674805
0.28168052434921265,0.9992904663085938,1.0,5,proposal,0.3038114309310913,0,7.6845293045043945,2,7.6845293045043945,train,BraTS-GLI-00286-000,-15.399022102355957,-7.7144927978515625
-4.76837158203125e-06,0.9992904663085938,0.25,5,anti_proposal,0.3038114309310913,0,-0.5462846755981445,2,0.5462846755981445,train,BraTS-GLI-00286-000,-15.399022102355957,-15.945306777954102
-5.662441253662109e-06,0.9992904663085938,0.5,5,anti_proposal,0.3038114309310913,0,-0.8451604843139648,2,0.8451604843139648,train,BraTS-GLI-00286-000,-15.399022102355957,-16.244182586669922
-5.9604644775390625e-06,0.9992904663085938,1.0,5,anti_proposal,0.3038114309310913,0,-1.2291936874389648,2,1.2291936874389648,train,BraTS-GLI-00286-000,-15.399022102355957,-16.628215789794922
0.0,1.0,0.25,1,prototype,-0.07175245881080627,0,-0.030292510986328125,2,0.030292510986328125,train,BraTS-GLI-00286-000,-21.03036117553711,-21.060653686523438
0.0,1.0,0.5,1,prototype,-0.07175245881080627,0,-0.05792999267578125,2,0.05792999267578125,train,BraTS-GLI-00286-000,-21.03036117553711,-21.08829116821289
0.0,1.0,1.0,1,prototype,-0.07175245881080627,0,-0.11078834533691406,2,0.11078834533691406,train,BraTS-GLI-00286-000,-21.03036117553711,-21.141149520874023
0.0,1.0,0.25,1,random,-0.07175245881080627,0,0.0004100799560546875,2,0.0004100799560546875,train,BraTS-GLI-00286-000,-21.03036117553711,-21.029951095581055
0.0,1.0,0.5,1,random,-0.07175245881080627,0,-0.0003185272216796875,2,0.0003185272216796875,train,BraTS-GLI-00286-000,-21.03036117553711,-21.03067970275879
0.0,1.0,1.0,1,random,-0.07175245881080627,0,0.0001068115234375,2,0.0001068115234375,train,BraTS-GLI-00286-000,-21.03036117553711,-21.030254364013672
0.0,0.9949362277984619,0.25,1,proposal,-0.07175245881080627,0,0.7232265472412109,2,0.7232265472412109,train,BraTS-GLI-00286-000,-21.03036117553711,-20.3071346282959
0.0,0.9949362277984619,0.5,1,proposal,-0.07175245881080627,0,2.0012054443359375,2,2.0012054443359375,train,BraTS-GLI-00286-000,-21.03036117553711,-19.029155731201172
2.384185791015625e-07,0.9949362277984619,1.0,1,proposal,-0.07175245881080627,0,4.875288009643555,2,4.875288009643555,train,BraTS-GLI-00286-000,-21.03036117553711,-16.155073165893555
0.0,0.9949362277984619,0.25,1,anti_proposal,-0.07175245881080627,0,-0.44531822204589844,2,0.44531822204589844,train,BraTS-GLI-00286-000,-21.03036117553711,-21.475679397583008
0.0,0.9949362277984619,0.5,1,anti_proposal,-0.07175245881080627,0,-0.7901573181152344,2,0.7901573181152344,train,BraTS-GLI-00286-000,-21.03036117553711,-21.820518493652344
0.0,0.9949362277984619,1.0,1,anti_proposal,-0.07175245881080627,0,-1.3537673950195312,2,1.3537673950195312,train,BraTS-GLI-00286-000,-21.03036117553711,-22.38412857055664
0.0,1.0,0.25,4,prototype,0.08020547032356262,0,0.1379566192626953,2,0.1379566192626953,train,BraTS-GLI-00628-000,-21.98451805114746,-21.846561431884766
0.0,1.0,0.5,4,prototype,0.08020547032356262,0,0.272216796875,2,0.272216796875,train,BraTS-GLI-00628-000,-21.98451805114746,-21.71230125427246
1.1920928955078125e-07,1.0,1.0,4,prototype,0.08020547032356262,0,0.5300140380859375,2,0.5300140380859375,train,BraTS-GLI-00628-000,-21.98451805114746,-21.454504013061523
0.0,1.0,0.25,4,random,0.08020547032356262,0,-0.06656646728515625,2,0.06656646728515625,train,BraTS-GLI-00628-000,-21.98451805114746,-22.051084518432617
0.0,1.0,0.5,4,random,0.08020547032356262,0,-0.13520050048828125,2,0.13520050048828125,train,BraTS-GLI-00628-000,-21.98451805114746,-22.119718551635742
0.0,1.0,1.0,4,random,0.08020547032356262,0,-0.26860618591308594,2,0.26860618591308594,train,BraTS-GLI-00628-000,-21.98451805114746,-22.253124237060547
0.0,0.9999984502792358,0.25,4,proposal,0.08020547032356262,0,0.7617950439453125,2,0.7617950439453125,train,BraTS-GLI-00628-000,-21.98451805114746,-21.22272300720215
0.0,0.9999984502792358,0.5,4,proposal,0.08020547032356262,0,1.6193218231201172,2,1.6193218231201172,train,BraTS-GLI-00628-000,-21.98451805114746,-20.365196228027344
0.0,0.9999984502792358,1.0,4,proposal,0.08020547032356262,0,3.197965621948242,2,3.197965621948242,train,BraTS-GLI-00628-000,-21.98451805114746,-18.78655242919922
0.0,0.9999984502792358,0.25,4,anti_proposal,0.08020547032356262,0,-0.6820220947265625,2,0.6820220947265625,train,BraTS-GLI-00628-000,-21.98451805114746,-22.666540145874023
1.1920928955078125e-07,0.9999984502792358,0.5,4,anti_proposal,0.08020547032356262,0,-1.2757110595703125,2,1.2757110595703125,train,BraTS-GLI-00628-000,-21.98451805114746,-23.260229110717773
1.7881393432617188e-07,0.9999984502792358,1.0,4,anti_proposal,0.08020547032356262,0,-2.229616165161133,2,2.229616165161133,train,BraTS-GLI-00628-000,-21.98451805114746,-24.214134216308594
0.0,1.0,0.25,6,prototype,-0.0704350620508194,0,-0.08496475219726562,2,0.08496475219726562,train,BraTS-GLI-00628-000,-25.753055572509766,-25.83802032470703
0.0,1.0,0.5,6,prototype,-0.0704350620508194,0,-0.17338943481445312,2,0.17338943481445312,train,BraTS-GLI-00628-000,-25.753055572509766,-25.92644500732422
0.0,1.0,1.0,6,prototype,-0.0704350620508194,0,-0.3580322265625,2,0.3580322265625,train,BraTS-GLI-00628-000,-25.753055572509766,-26.111087799072266
0.0,1.0,0.25,6,random,-0.0704350620508194,0,-0.024461746215820312,2,0.024461746215820312,train,BraTS-GLI-00628-000,-25.753055572509766,-25.777517318725586
0.0,1.0,0.5,6,random,-0.0704350620508194,0,-0.04899787902832031,2,0.04899787902832031,train,BraTS-GLI-00628-000,-25.753055572509766,-25.802053451538086
0.0,1.0,1.0,6,random,-0.0704350620508194,0,-0.09929656982421875,2,0.09929656982421875,train,BraTS-GLI-00628-000,-25.753055572509766,-25.852352142333984
0.0,0.9999885559082031,0.25,6,proposal,-0.0704350620508194,0,1.183309555053711,2,1.183309555053711,train,BraTS-GLI-00628-000,-25.753055572509766,-24.569746017456055
0.0,0.9999885559082031,0.5,6,proposal,-0.0704350620508194,0,2.8870506286621094,2,2.8870506286621094,train,BraTS-GLI-00628-000,-25.753055572509766,-22.866004943847656
0.0,0.9999885559082031,1.0,6,proposal,-0.0704350620508194,0,5.951744079589844,2,5.951744079589844,train,BraTS-GLI-00628-000,-25.753055572509766,-19.801311492919922
0.0,0.9999885559082031,0.25,6,anti_proposal,-0.0704350620508194,0,-1.3150653839111328,2,1.3150653839111328,train,BraTS-GLI-00628-000,-25.753055572509766,-27.0681209564209
0.0,0.9999885559082031,0.5,6,anti_proposal,-0.0704350620508194,0,-2.6654186248779297,2,2.6654186248779297,train,BraTS-GLI-00628-000,-25.753055572509766,-28.418474197387695
0.0,0.9999885559082031,1.0,6,anti_proposal,-0.0704350620508194,0,-4.50596809387207,2,4.50596809387207,train,BraTS-GLI-00628-000,-25.753055572509766,-30.259023666381836
0.0,1.0,0.25,5,prototype,-0.04713962972164154,0,-0.04634666442871094,2,0.04634666442871094,train,BraTS-GLI-00628-000,-25.489192962646484,-25.535539627075195
0.0,1.0,0.5,5,prototype,-0.04713962972164154,0,-0.08709526062011719,2,0.08709526062011719,train,BraTS-GLI-00628-000,-25.489192962646484,-25.5762882232666
0.0,1.0,1.0,5,prototype,-0.04713962972164154,0,-0.12280654907226562,2,0.12280654907226562,train,BraTS-GLI-00628-000,-25.489192962646484,-25.61199951171875
0.0,1.0,0.25,5,random,-0.04713962972164154,0,0.031494140625,2,0.031494140625,train,BraTS-GLI-00628-000,-25.489192962646484,-25.457698822021484
0.0,1.0,0.5,5,random,-0.04713962972164154,0,0.06176185607910156,2,0.06176185607910156,train,BraTS-GLI-00628-000,-25.489192962646484,-25.427431106567383
0.0,1.0,1.0,5,random,-0.04713962972164154,0,0.1270008087158203,2,0.1270008087158203,train,BraTS-GLI-00628-000,-25.489192962646484,-25.362192153930664
0.0,0.9999644756317139,0.25,5,proposal,-0.04713962972164154,0,1.7749004364013672,2,1.7749004364013672,train,BraTS-GLI-00628-000,-25.489192962646484,-23.714292526245117
0.0,0.9999644756317139,0.5,5,proposal,-0.04713962972164154,0,3.638683319091797,2,3.638683319091797,train,BraTS-GLI-00628-000,-25.489192962646484,-21.850509643554688
1.1920928955078125e-07,0.9999644756317139,1.0,5,proposal,-0.04713962972164154,0,7.075916290283203,2,7.075916290283203,train,BraTS-GLI-00628-000,-25.489192962646484,-18.41327667236328
0.0,0.9999644756317139,0.25,5,anti_proposal,-0.04713962972164154,0,-1.3976860046386719,2,1.3976860046386719,train,BraTS-GLI-00628-000,-25.489192962646484,-26.886878967285156
0.0,0.9999644756317139,0.5,5,anti_proposal,-0.04713962972164154,0,-2.5019664764404297,2,2.5019664764404297,train,BraTS-GLI-00628-000,-25.489192962646484,-27.991159439086914
0.0,0.9999644756317139,1.0,5,anti_proposal,-0.04713962972164154,0,-3.8092384338378906,2,3.8092384338378906,train,BraTS-GLI-00628-000,-25.489192962646484,-29.298431396484375
0.0,1.0,0.25,3,prototype,0.1098179891705513,0,0.03859138488769531,2,0.03859138488769531,train,BraTS-GLI-00222-000,-24.05036735534668,-24.011775970458984
0.0,1.0,0.5,3,prototype,0.1098179891705513,0,0.07879638671875,2,0.07879638671875,train,BraTS-GLI-00222-000,-24.05036735534668,-23.97157096862793
0.0,1.0,1.0,3,prototype,0.1098179891705513,0,0.17285919189453125,2,0.17285919189453125,train,BraTS-GLI-00222-000,-24.05036735534668,-23.87750816345215
0.0,1.0,0.25,3,random,0.1098179891705513,0,-0.040088653564453125,2,0.040088653564453125,train,BraTS-GLI-00222-000,-24.05036735534668,-24.090456008911133
0.0,1.0,0.5,3,random,0.1098179891705513,0,-0.07935333251953125,2,0.07935333251953125,train,BraTS-GLI-00222-000,-24.05036735534668,-24.12972068786621
0.0,1.0,1.0,3,random,0.1098179891705513,0,-0.14389419555664062,2,0.14389419555664062,train,BraTS-GLI-00222-000,-24.05036735534668,-24.19426155090332
0.0,0.9996110796928406,0.25,3,proposal,0.1098179891705513,0,0.24301910400390625,2,0.24301910400390625,train,BraTS-GLI-00222-000,-24.05036735534668,-23.807348251342773
0.0,0.9996110796928406,0.5,3,proposal,0.1098179891705513,0,0.5970897674560547,2,0.5970897674560547,train,BraTS-GLI-00222-000,-24.05036735534668,-23.453277587890625
0.0,0.9996110796928406,1.0,3,proposal,0.1098179891705513,0,1.926919937133789,2,1.926919937133789,train,BraTS-GLI-00222-000,-24.05036735534668,-22.12344741821289
0.0,0.9996110796928406,0.25,3,anti_proposal,0.1098179891705513,0,-0.1680469512939453,2,0.1680469512939453,train,BraTS-GLI-00222-000,-24.05036735534668,-24.218414306640625
0.0,0.9996110796928406,0.5,3,anti_proposal,0.1098179891705513,0,-0.3002281188964844,2,0.3002281188964844,train,BraTS-GLI-00222-000,-24.05036735534668,-24.350595474243164
0.0,0.9996110796928406,1.0,3,anti_proposal,0.1098179891705513,0,-0.5347976684570312,2,0.5347976684570312,train,BraTS-GLI-00222-000,-24.05036735534668,-24.58516502380371
1.0371208190917969e-05,1.0,0.25,14,prototype,0.015788201242685318,0,0.03193187713623047,2,0.03193187713623047,train,BraTS-GLI-00222-000,-9.299534797668457,-9.267602920532227
2.4378299713134766e-05,1.0,0.5,14,prototype,0.015788201242685318,0,0.07499027252197266,2,0.07499027252197266,train,BraTS-GLI-00222-000,-9.299534797668457,-9.224544525146484
6.23464584350586e-05,1.0,1.0,14,prototype,0.015788201242685318,0,0.18097877502441406,2,0.18097877502441406,train,BraTS-GLI-00222-000,-9.299534797668457,-9.118556022644043
-1.4126300811767578e-05,1.0,0.25,14,random,0.015788201242685318,0,-0.05071830749511719,2,0.05071830749511719,train,BraTS-GLI-00222-000,-9.299534797668457,-9.350253105163574
-2.6881694793701172e-05,1.0,0.5,14,random,0.015788201242685318,0,-0.09919548034667969,2,0.09919548034667969,train,BraTS-GLI-00222-000,-9.299534797668457,-9.398730278015137
-4.935264587402344e-05,1.0,1.0,14,random,0.015788201242685318,0,-0.19231319427490234,2,0.19231319427490234,train,BraTS-GLI-00222-000,-9.299534797668457,-9.49184799194336
0.0008205771446228027,0.999240517616272,0.25,14,proposal,0.015788201242685318,0,1.3192543983459473,2,1.3192543983459473,train,BraTS-GLI-00222-000,-9.299534797668457,-7.98028039932251
0.0035132765769958496,0.999240517616272,0.5,14,proposal,0.015788201242685318,0,2.513228416442871,2,2.513228416442871,train,BraTS-GLI-00222-000,-9.299534797668457,-6.786306381225586
0.03788149356842041,0.999240517616272,1.0,14,proposal,0.015788201242685318,0,4.71298360824585,2,4.71298360824585,train,BraTS-GLI-00222-000,-9.299534797668457,-4.586551189422607
-0.0002167820930480957,0.999240517616272,0.25,14,anti_proposal,0.015788201242685318,0,-1.529536247253418,2,1.529536247253418,train,BraTS-GLI-00222-000,-9.299534797668457,-10.829071044921875
-0.00026351213455200195,0.999240517616272,0.5,14,anti_proposal,0.015788201242685318,0,-3.1673450469970703,2,3.1673450469970703,train,BraTS-GLI-00222-000,-9.299534797668457,-12.466879844665527
-0.0002738833427429199,0.999240517616272,1.0,14,anti_proposal,0.015788201242685318,0,-4.9753522872924805,2,4.9753522872924805,train,BraTS-GLI-00222-000,-9.299534797668457,-14.274887084960938
1.1920928955078125e-07,1.0,0.25,2,prototype,0.14697082340717316,0,0.07906532287597656,2,0.07906532287597656,train,BraTS-GLI-01062-000,-17.115354537963867,-17.03628921508789
1.1920928955078125e-07,1.0,0.5,2,prototype,0.14697082340717316,0,0.16561317443847656,2,0.16561317443847656,train,BraTS-GLI-01062-000,-17.115354537963867,-16.94974136352539
1.7881393432617188e-07,1.0,1.0,2,prototype,0.14697082340717316,0,0.37417030334472656,2,0.37417030334472656,train,BraTS-GLI-01062-000,-17.115354537963867,-16.74118423461914
0.0,1.0,0.25,2,random,0.14697082340717316,0,-0.04572486877441406,2,0.04572486877441406,train,BraTS-GLI-01062-000,-17.115354537963867,-17.16107940673828
0.0,1.0,0.5,2,random,0.14697082340717316,0,-0.08945465087890625,2,0.08945465087890625,train,BraTS-GLI-01062-000,-17.115354537963867,-17.204809188842773
0.0,1.0,1.0,2,random,0.14697082340717316,0,-0.15863800048828125,2,0.15863800048828125,train,BraTS-GLI-01062-000,-17.115354537963867,-17.27399253845215
6.556510925292969e-07,0.9993036985397339,0.25,2,proposal,0.14697082340717316,0,0.9259185791015625,2,0.9259185791015625,train,BraTS-GLI-01062-000,-17.115354537963867,-16.189435958862305
3.6954879760742188e-06,0.9993036985397339,0.5,2,proposal,0.14697082340717316,0,2.082944869995117,2,2.082944869995117,train,BraTS-GLI-01062-000,-17.115354537963867,-15.03240966796875
5.453824996948242e-05,0.9993036985397339,1.0,2,proposal,0.14697082340717316,0,4.141549110412598,2,4.141549110412598,train,BraTS-GLI-01062-000,-17.115354537963867,-12.97380542755127
-5.960464477539063e-08,0.9993036985397339,0.25,2,anti_proposal,0.14697082340717316,0,-0.6136665344238281,2,0.6136665344238281,train,BraTS-GLI-01062-000,-17.115354537963867,-17.729021072387695
-5.960464477539063e-08,0.9993036985397339,0.5,2,anti_proposal,0.14697082340717316,0,-0.9155006408691406,2,0.9155006408691406,train,BraTS-GLI-01062-000,-17.115354537963867,-18.030855178833008
-1.1920928955078125e-07,0.9993036985397339,1.0,2,anti_proposal,0.14697082340717316,0,-1.5591659545898438,2,1.5591659545898438,train,BraTS-GLI-01062-000,-17.115354537963867,-18.67452049255371
0.001801609992980957,1.0,0.25,8,prototype,0.271979957818985,0,0.1965799331665039,2,0.1965799331665039,train,BraTS-GLI-00266-000,-10.017775535583496,-9.821195602416992
0.004381418228149414,1.0,0.5,8,prototype,0.271979957818985,0,0.40122318267822266,2,0.40122318267822266,train,BraTS-GLI-00266-000,-10.017775535583496,-9.616552352905273
0.01338803768157959,1.0,1.0,8,prototype,0.271979957818985,0,0.8475980758666992,2,0.8475980758666992,train,BraTS-GLI-00266-000,-10.017775535583496,-9.170177459716797
-0.0004698634147644043,1.0,0.25,8,random,0.271979957818985,0,-0.06740093231201172,2,0.06740093231201172,train,BraTS-GLI-00266-000,-10.017775535583496,-10.085176467895508
-0.0009129047393798828,1.0,0.5,8,random,0.271979957818985,0,-0.1384439468383789,2,0.1384439468383789,train,BraTS-GLI-00266-000,-10.017775535583496,-10.156219482421875
-0.0017060041427612305,1.0,1.0,8,random,0.271979957818985,0,-0.2883768081665039,2,0.2883768081665039,train,BraTS-GLI-00266-000,-10.017775535583496,-10.30615234375
0.008577883243560791,0.9993669390678406,0.25,8,proposal,0.271979957818985,0,0.7010679244995117,2,0.7010679244995117,train,BraTS-GLI-00266-000,-10.017775535583496,-9.316707611083984
0.028933942317962646,0.9993669390678406,0.5,8,proposal,0.271979957818985,0,1.3741254806518555,2,1.3741254806518555,train,BraTS-GLI-00266-000,-10.017775535583496,-8.64365005493164
0.14804565906524658,0.9993669390678406,1.0,8,proposal,0.271979957818985,0,2.6791515350341797,2,2.6791515350341797,train,BraTS-GLI-00266-000,-10.017775535583496,-7.338624000549316
-0.0033853650093078613,0.9993669390678406,0.25,8,anti_proposal,0.271979957818985,0,-0.7483005523681641,2,0.7483005523681641,train,BraTS-GLI-00266-000,-10.017775535583496,-10.76607608795166
-0.004598736763000488,0.9993669390678406,0.5,8,anti_proposal,0.271979957818985,0,-1.5255537033081055,2,1.5255537033081055,train,BraTS-GLI-00266-000,-10.017775535583496,-11.543329238891602
-0.005096256732940674,0.9993669390678406,1.0,8,anti_proposal,0.271979957818985,0,-2.936819076538086,2,2.936819076538086,train,BraTS-GLI-00266-000,-10.017775535583496,-12.954594612121582
6.091594696044922e-05,1.0,0.25,1,prototype,-0.03168124705553055,0,0.029436111450195312,2,0.029436111450195312,train,BraTS-GLI-01314-000,-18.280933380126953,-18.251497268676758
0.001331925392150879,1.0,0.5,1,prototype,-0.03168124705553055,0,0.09438323974609375,2,0.09438323974609375,train,BraTS-GLI-01314-000,-18.280933380126953,-18.18655014038086
0.02570897340774536,1.0,1.0,1,prototype,-0.03168124705553055,0,0.3719615936279297,2,0.3719615936279297,train,BraTS-GLI-01314-000,-18.280933380126953,-17.908971786499023
6.079673767089844e-06,1.0,0.25,1,random,-0.03168124705553055,0,0.003269195556640625,2,0.003269195556640625,train,BraTS-GLI-01314-000,-18.280933380126953,-18.277664184570312
1.615285873413086e-05,1.0,0.5,1,random,-0.03168124705553055,0,0.008085250854492188,2,0.008085250854492188,train,BraTS-GLI-01314-000,-18.280933380126953,-18.27284812927246
6.67572021484375e-05,1.0,1.0,1,random,-0.03168124705553055,0,0.021368026733398438,2,0.021368026733398438,train,BraTS-GLI-01314-000,-18.280933380126953,-18.259565353393555
-1.728534698486328e-05,0.9985923171043396,0.25,1,proposal,-0.03168124705553055,0,0.7406005859375,2,0.7406005859375,train,BraTS-GLI-01314-000,-18.280933380126953,-17.540332794189453
-1.7940998077392578e-05,0.9985923171043396,0.5,1,proposal,-0.03168124705553055,0,1.5974197387695312,2,1.5974197387695312,train,BraTS-GLI-01314-000,-18.280933380126953,-16.683513641357422
-1.7762184143066406e-05,0.9985923171043396,1.0,1,proposal,-0.03168124705553055,0,2.7071733474731445,2,2.7071733474731445,train,BraTS-GLI-01314-000,-18.280933380126953,-15.573760032653809
0.0020244717597961426,0.9985923171043396,0.25,1,anti_proposal,-0.03168124705553055,0,-0.5627689361572266,2,0.5627689361572266,train,BraTS-GLI-01314-000,-18.280933380126953,-18.84370231628418
0.017080843448638916,0.9985923171043396,0.5,1,anti_proposal,-0.03168124705553055,0,-0.9671669006347656,2,0.9671669006347656,train,BraTS-GLI-01314-000,-18.280933380126953,-19.24810028076172
0.04686784744262695,0.9985923171043396,1.0,1,anti_proposal,-0.03168124705553055,0,-1.553436279296875,2,1.553436279296875,train,BraTS-GLI-01314-000,-18.280933380126953,-19.834369659423828
2.384185791015625e-07,1.0,0.25,1,prototype,0.3675912618637085,0,0.1499481201171875,2,0.1499481201171875,train,BraTS-GLI-01293-000,-21.94042205810547,-21.79047393798828
7.748603820800781e-07,1.0,0.5,1,prototype,0.3675912618637085,0,0.3534221649169922,2,0.3534221649169922,train,BraTS-GLI-01293-000,-21.94042205810547,-21.586999893188477
5.9604644775390625e-06,1.0,1.0,1,prototype,0.3675912618637085,0,1.01708984375,2,1.01708984375,train,BraTS-GLI-01293-000,-21.94042205810547,-20.92333221435547
5.960464477539063e-08,1.0,0.25,1,random,0.3675912618637085,0,-0.006763458251953125,2,0.006763458251953125,train,BraTS-GLI-01293-000,-21.94042205810547,-21.947185516357422
5.960464477539063e-08,1.0,0.5,1,random,0.3675912618637085,0,-0.014423370361328125,2,0.014423370361328125,train,BraTS-GLI-01293-000,-21.94042205810547,-21.954845428466797
5.960464477539063e-08,1.0,1.0,1,random,0.3675912618637085,0,-0.03272056579589844,2,0.03272056579589844,train,BraTS-GLI-01293-000,-21.94042205810547,-21.973142623901367
1.0728836059570312e-06,0.999996542930603,0.25,1,proposal,0.3675912618637085,0,0.5027027130126953,2,0.5027027130126953,train,BraTS-GLI-01293-000,-21.94042205810547,-21.437719345092773
1.5079975128173828e-05,0.999996542930603,0.5,1,proposal,0.3675912618637085,0,1.3740463256835938,2,1.3740463256835938,train,BraTS-GLI-01293-000,-21.94042205810547,-20.566375732421875
0.003594338893890381,0.999996542930603,1.0,1,proposal,0.3675912618637085,0,4.245050430297852,2,4.245050430297852,train,BraTS-GLI-01293-000,-21.94042205810547,-17.695371627807617
-1.1920928955078125e-07,0.999996542930603,0.25,1,anti_proposal,0.3675912618637085,0,-0.2621879577636719,2,0.2621879577636719,train,BraTS-GLI-01293-000,-21.94042205810547,-22.20261001586914
-1.1920928955078125e-07,0.999996542930603,0.5,1,anti_proposal,0.3675912618637085,0,-0.3588294982910156,2,0.3588294982910156,train,BraTS-GLI-01293-000,-21.94042205810547,-22.299251556396484
-1.1920928955078125e-07,0.999996542930603,1.0,1,anti_proposal,0.3675912618637085,0,-0.21668434143066406,2,0.21668434143066406,train,BraTS-GLI-01293-000,-21.94042205810547,-22.157106399536133
0.0,1.0,0.25,2,prototype,0.3985707759857178,0,-0.0033588409423828125,2,0.0033588409423828125,train,BraTS-GLI-01293-000,-18.3091983795166,-18.312557220458984
0.0,1.0,0.5,2,prototype,0.3985707759857178,0,0.023284912109375,2,0.023284912109375,train,BraTS-GLI-01293-000,-18.3091983795166,-18.285913467407227
4.172325134277344e-07,1.0,1.0,2,prototype,0.3985707759857178,0,0.37216758728027344,2,0.37216758728027344,train,BraTS-GLI-01293-000,-18.3091983795166,-17.937030792236328
0.0,1.0,0.25,2,random,0.3985707759857178,0,0.07275009155273438,2,0.07275009155273438,train,BraTS-GLI-01293-000,-18.3091983795166,-18.236448287963867
0.0,1.0,0.5,2,random,0.3985707759857178,0,0.14261627197265625,2,0.14261627197265625,train,BraTS-GLI-01293-000,-18.3091983795166,-18.166582107543945
0.0,1.0,1.0,2,random,0.3985707759857178,0,0.27027130126953125,2,0.27027130126953125,train,BraTS-GLI-01293-000,-18.3091983795166,-18.03892707824707
0.0,0.9999983310699463,0.25,2,proposal,0.3985707759857178,0,0.1652050018310547,2,0.1652050018310547,train,BraTS-GLI-01293-000,-18.3091983795166,-18.143993377685547
7.152557373046875e-07,0.9999983310699463,0.5,2,proposal,0.3985707759857178,0,0.7380657196044922,2,0.7380657196044922,train,BraTS-GLI-01293-000,-18.3091983795166,-17.57113265991211
1.615285873413086e-05,0.9999983310699463,1.0,2,proposal,0.3985707759857178,0,2.8853816986083984,2,2.8853816986083984,train,BraTS-GLI-01293-000,-18.3091983795166,-15.423816680908203
0.0,0.9999983310699463,0.25,2,anti_proposal,0.3985707759857178,0,-0.12639427185058594,2,0.12639427185058594,train,BraTS-GLI-01293-000,-18.3091983795166,-18.435592651367188
0.0,0.9999983310699463,0.5,2,anti_proposal,0.3985707759857178,0,-0.30706024169921875,2,0.30706024169921875,train,BraTS-GLI-01293-000,-18.3091983795166,-18.61625862121582
-5.960464477539063e-08,0.9999983310699463,1.0,2,anti_proposal,0.3985707759857178,0,-0.7141933441162109,2,0.7141933441162109,train,BraTS-GLI-01293-000,-18.3091983795166,-19.023391723632812
0.0,1.0,0.25,25,prototype,0.4083942174911499,0,0.10501670837402344,2,0.10501670837402344,train,BraTS-GLI-01293-000,-18.383277893066406,-18.278261184692383
0.0,1.0,0.5,25,prototype,0.4083942174911499,0,0.26751708984375,2,0.26751708984375,train,BraTS-GLI-01293-000,-18.383277893066406,-18.115760803222656
7.748603820800781e-07,1.0,1.0,25,prototype,0.4083942174911499,0,1.4341316223144531,2,1.4341316223144531,train,BraTS-GLI-01293-000,-18.383277893066406,-16.949146270751953
0.0,1.0,0.25,25,random,0.4083942174911499,0,0.052753448486328125,2,0.052753448486328125,train,BraTS-GLI-01293-000,-18.383277893066406,-18.330524444580078
0.0,1.0,0.5,25,random,0.4083942174911499,0,0.10930824279785156,2,0.10930824279785156,train,BraTS-GLI-01293-000,-18.383277893066406,-18.273969650268555
0.0,1.0,1.0,25,random,0.4083942174911499,0,0.2311992645263672,2,0.2311992645263672,train,BraTS-GLI-01293-000,-18.383277893066406,-18.15207862854004
0.0,0.999984622001648,0.25,25,proposal,0.4083942174911499,0,0.5537223815917969,2,0.5537223815917969,train,BraTS-GLI-01293-000,-18.383277893066406,-17.82955551147461
2.1457672119140625e-06,0.999984622001648,0.5,25,proposal,0.4083942174911499,0,2.376401901245117,2,2.376401901245117,train,BraTS-GLI-01293-000,-18.383277893066406,-16.00687599182129
5.322694778442383e-05,0.999984622001648,1.0,25,proposal,0.4083942174911499,0,5.685860633850098,2,5.685860633850098,train,BraTS-GLI-01293-000,-18.383277893066406,-12.697417259216309
0.0,0.999984622001648,0.25,25,anti_proposal,0.4083942174911499,0,-0.2504405975341797,2,0.2504405975341797,train,BraTS-GLI-01293-000,-18.383277893066406,-18.633718490600586
0.0,0.999984622001648,0.5,25,anti_proposal,0.4083942174911499,0,-0.41721534729003906,2,0.41721534729003906,train,BraTS-GLI-01293-000,-18.383277893066406,-18.800493240356445
0.0,0.999984622001648,1.0,25,anti_proposal,0.4083942174911499,0,-0.8308200836181641,2,0.8308200836181641,train,BraTS-GLI-01293-000,-18.383277893066406,-19.21409797668457
3.516674041748047e-06,1.0,0.25,14,prototype,0.3176802396774292,0,0.9919929504394531,2,0.9919929504394531,train,BraTS-GLI-00186-000,-19.13134765625,-18.139354705810547
2.4318695068359375e-05,1.0,0.5,14,prototype,0.3176802396774292,0,2.1867237091064453,2,2.1867237091064453,train,BraTS-GLI-00186-000,-19.13134765625,-16.944623947143555
0.0007010698318481445,1.0,1.0,14,prototype,0.3176802396774292,0,4.916661262512207,2,4.916661262512207,train,BraTS-GLI-00186-000,-19.13134765625,-14.214686393737793
-5.960464477539063e-08,1.0,0.25,14,random,0.3176802396774292,0,-0.07141304016113281,2,0.07141304016113281,train,BraTS-GLI-00186-000,-19.13134765625,-19.202760696411133
-5.960464477539063e-08,1.0,0.5,14,random,0.3176802396774292,0,-0.14386367797851562,2,0.14386367797851562,train,BraTS-GLI-00186-000,-19.13134765625,-19.275211334228516
-1.7881393432617188e-07,1.0,1.0,14,random,0.3176802396774292,0,-0.2957267761230469,2,0.2957267761230469,train,BraTS-GLI-00186-000,-19.13134765625,-19.427074432373047
0.00016862154006958008,0.9999997615814209,0.25,14,proposal,0.3176802396774292,0,3.8824100494384766,2,3.8824100494384766,train,BraTS-GLI-00186-000,-19.13134765625,-15.248937606811523
0.016870558261871338,0.9999997615814209,0.5,14,proposal,0.3176802396774292,0,8.723105430603027,2,8.723105430603027,train,BraTS-GLI-00186-000,-19.13134765625,-10.408242225646973
0.20852607488632202,0.9999997615814209,1.0,14,proposal,0.3176802396774292,1,20.185096383094788,2,20.185096383094788,train,BraTS-GLI-00186-000,-19.13134765625,1.0537487268447876
-7.748603820800781e-07,0.9999997615814209,0.25,14,anti_proposal,0.3176802396774292,0,-2.6506690979003906,2,2.6506690979003906,train,BraTS-GLI-00186-000,-19.13134765625,-21.78201675415039
-7.152557373046875e-07,0.9999997615814209,0.5,14,anti_proposal,0.3176802396774292,0,-3.893596649169922,2,3.893596649169922,train,BraTS-GLI-00186-000,-19.13134765625,-23.024944305419922
-6.556510925292969e-07,0.9999997615814209,1.0,14,anti_proposal,0.3176802396774292,0,-4.725582122802734,2,4.725582122802734,train,BraTS-GLI-00186-000,-19.13134765625,-23.856929779052734
0.0,1.0,0.25,30,prototype,0.2932487428188324,0,0.017049789428710938,2,0.017049789428710938,train,BraTS-GLI-01427-000,-25.714744567871094,-25.697694778442383
0.0,1.0,0.5,30,prototype,0.2932487428188324,0,0.03349494934082031,2,0.03349494934082031,train,BraTS-GLI-01427-000,-25.714744567871094,-25.681249618530273
0.0,1.0,1.0,30,prototype,0.2932487428188324,0,0.06526947021484375,2,0.06526947021484375,train,BraTS-GLI-01427-000,-25.714744567871094,-25.64947509765625
0.0,1.0,0.25,30,random,0.2932487428188324,0,-0.0017070770263671875,2,0.0017070770263671875,train,BraTS-GLI-01427-000,-25.714744567871094,-25.71645164489746
0.0,1.0,0.5,30,random,0.2932487428188324,0,-0.0006427764892578125,2,0.0006427764892578125,train,BraTS-GLI-01427-000,-25.714744567871094,-25.71538734436035
0.0,1.0,1.0,30,random,0.2932487428188324,0,-0.00553131103515625,2,0.00553131103515625,train,BraTS-GLI-01427-000,-25.714744567871094,-25.72027587890625
0.0,0.9999899864196777,0.25,30,proposal,0.2932487428188324,0,-0.07113838195800781,2,0.07113838195800781,train,BraTS-GLI-01427-000,-25.714744567871094,-25.7858829498291
0.0,0.9999899864196777,0.5,30,proposal,0.2932487428188324,0,-0.12744712829589844,2,0.12744712829589844,train,BraTS-GLI-01427-000,-25.714744567871094,-25.842191696166992
0.0,0.9999899864196777,1.0,30,proposal,0.2932487428188324,0,-0.20963287353515625,2,0.20963287353515625,train,BraTS-GLI-01427-000,-25.714744567871094,-25.92437744140625
0.0,0.9999899864196777,0.25,30,anti_proposal,0.2932487428188324,0,0.08382225036621094,2,0.08382225036621094,train,BraTS-GLI-01427-000,-25.714744567871094,-25.630922317504883
0.0,0.9999899864196777,0.5,30,anti_proposal,0.2932487428188324,0,0.17081642150878906,2,0.17081642150878906,train,BraTS-GLI-01427-000,-25.714744567871094,-25.543928146362305
0.0,0.9999899864196777,1.0,30,anti_proposal,0.2932487428188324,0,0.40230560302734375,2,0.40230560302734375,train,BraTS-GLI-01427-000,-25.714744567871094,-25.31243896484375
0.0,1.0,0.25,5,prototype,0.2113942801952362,0,0.09963607788085938,2,0.09963607788085938,train,BraTS-GLI-01074-000,-19.2067813873291,-19.107145309448242
5.960464477539063e-08,1.0,0.5,5,prototype,0.2113942801952362,0,0.203582763671875,2,0.203582763671875,train,BraTS-GLI-01074-000,-19.2067813873291,-19.003198623657227
1.1920928955078125e-07,1.0,1.0,5,prototype,0.2113942801952362,0,0.4429340362548828,2,0.4429340362548828,train,BraTS-GLI-01074-000,-19.2067813873291,-18.76384735107422
0.0,1.0,0.25,5,random,0.2113942801952362,0,0.04261589050292969,2,0.04261589050292969,train,BraTS-GLI-01074-000,-19.2067813873291,-19.164165496826172
0.0,1.0,0.5,5,random,0.2113942801952362,0,0.08336257934570312,2,0.08336257934570312,train,BraTS-GLI-01074-000,-19.2067813873291,-19.1234188079834
0.0,1.0,1.0,5,random,0.2113942801952362,0,0.1641845703125,2,0.1641845703125,train,BraTS-GLI-01074-000,-19.2067813873291,-19.0425968170166
3.5762786865234375e-07,0.9999997615814209,0.25,5,proposal,0.2113942801952362,0,0.2684059143066406,2,0.2684059143066406,train,BraTS-GLI-01074-000,-19.2067813873291,-18.93837547302246
2.2649765014648438e-06,0.9999997615814209,0.5,5,proposal,0.2113942801952362,0,1.1278266906738281,2,1.1278266906738281,train,BraTS-GLI-01074-000,-19.2067813873291,-18.078954696655273
0.014454543590545654,0.9999997615814209,1.0,5,proposal,0.2113942801952362,0,4.667880058288574,2,4.667880058288574,train,BraTS-GLI-01074-000,-19.2067813873291,-14.538901329040527
-1.7881393432617188e-07,0.9999997615814209,0.25,5,anti_proposal,0.2113942801952362,0,0.16631507873535156,2,0.16631507873535156,train,BraTS-GLI-01074-000,-19.2067813873291,-19.04046630859375
-2.384185791015625e-07,0.9999997615814209,0.5,5,anti_proposal,0.2113942801952362,0,0.4715080261230469,2,0.4715080261230469,train,BraTS-GLI-01074-000,-19.2067813873291,-18.735273361206055
-3.5762786865234375e-07,0.9999997615814209,1.0,5,anti_proposal,0.2113942801952362,0,0.6094150543212891,2,0.6094150543212891,train,BraTS-GLI-01074-000,-19.2067813873291,-18.597366333007812
4.088878631591797e-05,1.0,0.25,36,prototype,0.033966463059186935,0,0.03585052490234375,2,0.03585052490234375,train,BraTS-GLI-00299-000,-12.43305492401123,-12.397204399108887
9.47117805480957e-05,1.0,0.5,36,prototype,0.033966463059186935,0,0.07843971252441406,2,0.07843971252441406,train,BraTS-GLI-00299-000,-12.43305492401123,-12.354615211486816
0.00027126073837280273,1.0,1.0,36,prototype,0.033966463059186935,0,0.20044994354248047,2,0.20044994354248047,train,BraTS-GLI-00299-000,-12.43305492401123,-12.23260498046875
-7.098913192749023e-05,1.0,0.25,36,random,0.033966463059186935,0,-0.06834030151367188,2,0.06834030151367188,train,BraTS-GLI-00299-000,-12.43305492401123,-12.501395225524902
-0.00013512372970581055,1.0,0.5,36,random,0.033966463059186935,0,-0.13721179962158203,2,0.13721179962158203,train,BraTS-GLI-00299-000,-12.43305492401123,-12.570266723632812
-0.0002465248107910156,1.0,1.0,36,random,0.033966463059186935,0,-0.2777252197265625,2,0.2777252197265625,train,BraTS-GLI-00299-000,-12.43305492401123,-12.710780143737793
0.00610429048538208,0.9993017911911011,0.25,36,proposal,0.033966463059186935,0,1.323455810546875,2,1.323455810546875,train,BraTS-GLI-00299-000,-12.43305492401123,-11.109599113464355
0.07022696733474731,0.9993017911911011,0.5,36,proposal,0.033966463059186935,0,2.666391372680664,2,2.666391372680664,train,BraTS-GLI-00299-000,-12.43305492401123,-9.766663551330566
0.39729470014572144,0.9993017911911011,1.0,36,proposal,0.033966463059186935,0,4.919999599456787,2,4.919999599456787,train,BraTS-GLI-00299-000,-12.43305492401123,-7.513055324554443
-0.0006236433982849121,0.9993017911911011,0.25,36,anti_proposal,0.033966463059186935,0,-1.3624238967895508,2,1.3624238967895508,train,BraTS-GLI-00299-000,-12.43305492401123,-13.795478820800781
-0.0006934404373168945,0.9993017911911011,0.5,36,anti_proposal,0.033966463059186935,0,-2.522933006286621,2,2.522933006286621,train,BraTS-GLI-00299-000,-12.43305492401123,-14.955987930297852
-0.0007022619247436523,0.9993017911911011,1.0,36,anti_proposal,0.033966463059186935,0,-3.560800552368164,2,3.560800552368164,train,BraTS-GLI-00299-000,-12.43305492401123,-15.993855476379395
0.001771092414855957,1.0,0.25,28,prototype,0.33207136392593384,0,0.6863946914672852,2,0.6863946914672852,train,BraTS-GLI-00299-000,-10.271528244018555,-9.58513355255127
0.0055005550384521484,1.0,0.5,28,prototype,0.33207136392593384,0,1.4309148788452148,2,1.4309148788452148,train,BraTS-GLI-00299-000,-10.271528244018555,-8.84061336517334
0.021960675716400146,1.0,1.0,28,prototype,0.33207136392593384,0,3.0799694061279297,2,3.0799694061279297,train,BraTS-GLI-00299-000,-10.271528244018555,-7.191558837890625
1.913309097290039e-05,1.0,0.25,28,random,0.33207136392593384,0,0.017086029052734375,2,0.017086029052734375,train,BraTS-GLI-00299-000,-10.271528244018555,-10.25444221496582
4.094839096069336e-05,1.0,0.5,28,random,0.33207136392593384,0,0.03434467315673828,2,0.03434467315673828,train,BraTS-GLI-00299-000,-10.271528244018555,-10.237183570861816
9.572505950927734e-05,1.0,1.0,28,random,0.33207136392593384,0,0.07001876831054688,2,0.07001876831054688,train,BraTS-GLI-00299-000,-10.271528244018555,-10.201509475708008
0.018207967281341553,0.9994582533836365,0.25,28,proposal,0.33207136392593384,0,2.684988021850586,2,2.684988021850586,train,BraTS-GLI-00299-000,-10.271528244018555,-7.586540222167969
0.05297368764877319,0.9994582533836365,0.5,28,proposal,0.33207136392593384,0,5.696714401245117,2,5.696714401245117,train,BraTS-GLI-00299-000,-10.271528244018555,-4.5748138427734375
0.05848294496536255,0.9994582533836365,1.0,28,proposal,0.33207136392593384,1,10.57217326760292,2,10.57217326760292,train,BraTS-GLI-00299-000,-10.271528244018555,0.30064502358436584
-0.0012842416763305664,0.9994582533836365,0.25,28,anti_proposal,0.33207136392593384,0,-2.3701629638671875,2,2.3701629638671875,train,BraTS-GLI-00299-000,-10.271528244018555,-12.641691207885742
-0.001334846019744873,0.9994582533836365,0.5,28,anti_proposal,0.33207136392593384,0,-4.232220649719238,2,4.232220649719238,train,BraTS-GLI-00299-000,-10.271528244018555,-14.503748893737793
-0.0013383030891418457,0.9994582533836365,1.0,28,anti_proposal,0.33207136392593384,0,-6.356718063354492,2,6.356718063354492,train,BraTS-GLI-00299-000,-10.271528244018555,-16.628246307373047
0.030398011207580566,1.0,0.25,40,prototype,0.30563193559646606,0,0.674281120300293,2,0.674281120300293,train,BraTS-GLI-00404-000,-10.156376838684082,-9.482095718383789
0.06963151693344116,1.0,0.5,40,prototype,0.30563193559646606,0,1.3207597732543945,2,1.3207597732543945,train,BraTS-GLI-00404-000,-10.156376838684082,-8.835617065429688
0.15209323167800903,1.0,1.0,40,prototype,0.30563193559646606,0,2.3415679931640625,2,2.3415679931640625,train,BraTS-GLI-00404-000,-10.156376838684082,-7.8148088455200195
0.0015267729759216309,1.0,0.25,40,random,0.30563193559646606,0,0.06363773345947266,2,0.06363773345947266,train,BraTS-GLI-00404-000,-10.156376838684082,-10.09273910522461
0.0028952956199645996,1.0,0.5,40,random,0.30563193559646606,0,0.12243366241455078,2,0.12243366241455078,train,BraTS-GLI-00404-000,-10.156376838684082,-10.033943176269531
0.00572359561920166,1.0,1.0,40,random,0.30563193559646606,0,0.23992156982421875,2,0.23992156982421875,train,BraTS-GLI-00404-000,-10.156376838684082,-9.916455268859863
0.1175878643989563,0.9982072114944458,0.25,40,proposal,0.30563193559646606,0,1.8115777969360352,2,1.8115777969360352,train,BraTS-GLI-00404-000,-10.156376838684082,-8.344799041748047
0.23913878202438354,0.9982072114944458,0.5,40,proposal,0.30563193559646606,0,3.301609992980957,2,3.301609992980957,train,BraTS-GLI-00404-000,-10.156376838684082,-6.854766845703125
0.5079815983772278,0.9982072114944458,1.0,40,proposal,0.30563193559646606,0,5.384976863861084,2,5.384976863861084,train,BraTS-GLI-00404-000,-10.156376838684082,-4.771399974822998
-0.02029353380203247,0.9982072114944458,0.25,40,anti_proposal,0.30563193559646606,0,-1.7258663177490234,2,1.7258663177490234,train,BraTS-GLI-00404-000,-10.156376838684082,-11.882243156433105
-0.02068150043487549,0.9982072114944458,0.5,40,anti_proposal,0.30563193559646606,0,-3.2964115142822266,2,3.2964115142822266,train,BraTS-GLI-00404-000,-10.156376838684082,-13.452788352966309
-0.020695865154266357,0.9982072114944458,1.0,40,anti_proposal,0.30563193559646606,0,-5.417880058288574,2,5.417880058288574,train,BraTS-GLI-00404-000,-10.156376838684082,-15.574256896972656
3.5762786865234375e-06,1.0,0.25,15,prototype,0.298998087644577,0,0.003955841064453125,2,0.003955841064453125,train,BraTS-GLI-00404-000,-12.552299499511719,-12.548343658447266
6.258487701416016e-06,1.0,0.5,15,prototype,0.298998087644577,0,0.004940032958984375,2,0.004940032958984375,train,BraTS-GLI-00404-000,-12.552299499511719,-12.547359466552734
1.0073184967041016e-05,1.0,1.0,15,prototype,0.298998087644577,0,0.008009910583496094,2,0.008009910583496094,train,BraTS-GLI-00404-000,-12.552299499511719,-12.544289588928223
-1.9669532775878906e-06,1.0,0.25,15,random,0.298998087644577,0,-0.009522438049316406,2,0.009522438049316406,train,BraTS-GLI-00404-000,-12.552299499511719,-12.561821937561035
-3.7550926208496094e-06,1.0,0.5,15,random,0.298998087644577,0,-0.01822376251220703,2,0.01822376251220703,train,BraTS-GLI-00404-000,-12.552299499511719,-12.570523262023926
-7.331371307373047e-06,1.0,1.0,15,random,0.298998087644577,0,-0.035157203674316406,2,0.035157203674316406,train,BraTS-GLI-00404-000,-12.552299499511719,-12.587456703186035
2.1278858184814453e-05,0.9986841082572937,0.25,15,proposal,0.298998087644577,0,0.0791482925415039,2,0.0791482925415039,train,BraTS-GLI-00404-000,-12.552299499511719,-12.473151206970215
4.70280647277832e-05,0.9986841082572937,0.5,15,proposal,0.298998087644577,0,0.16037368774414062,2,0.16037368774414062,train,BraTS-GLI-00404-000,-12.552299499511719,-12.391925811767578
0.000125885009765625,0.9986841082572937,1.0,15,proposal,0.298998087644577,0,0.34441661834716797,2,0.34441661834716797,train,BraTS-GLI-00404-000,-12.552299499511719,-12.20788288116455
-1.3530254364013672e-05,0.9986841082572937,0.25,15,anti_proposal,0.298998087644577,0,-0.04294872283935547,2,0.04294872283935547,train,BraTS-GLI-00404-000,-12.552299499511719,-12.595248222351074
-1.8417835235595703e-05,0.9986841082572937,0.5,15,anti_proposal,0.298998087644577,0,-0.021116256713867188,2,0.021116256713867188,train,BraTS-GLI-00404-000,-12.552299499511719,-12.573415756225586
-2.3543834686279297e-05,0.9986841082572937,1.0,15,anti_proposal,0.298998087644577,0,0.2916069030761719,2,0.2916069030761719,train,BraTS-GLI-00404-000,-12.552299499511719,-12.260692596435547
0.00010377168655395508,1.0,0.25,3,prototype,0.11352870613336563,0,0.10189342498779297,2,0.10189342498779297,train,BraTS-GLI-01046-000,-9.013712882995605,-8.911819458007812
0.00021886825561523438,1.0,0.5,3,prototype,0.11352870613336563,0,0.20380020141601562,2,0.20380020141601562,train,BraTS-GLI-01046-000,-9.013712882995605,-8.80991268157959
0.00048595666885375977,1.0,1.0,3,prototype,0.11352870613336563,0,0.39500904083251953,2,0.39500904083251953,train,BraTS-GLI-01046-000,-9.013712882995605,-8.618703842163086
-1.0967254638671875e-05,1.0,0.25,3,random,0.11352870613336563,0,-0.00893402099609375,2,0.00893402099609375,train,BraTS-GLI-01046-000,-9.013712882995605,-9.0226469039917
-2.1278858184814453e-05,1.0,0.5,3,random,0.11352870613336563,0,-0.017057418823242188,2,0.017057418823242188,train,BraTS-GLI-01046-000,-9.013712882995605,-9.030770301818848
-4.13060188293457e-05,1.0,1.0,3,random,0.11352870613336563,0,-0.033847808837890625,2,0.033847808837890625,train,BraTS-GLI-01046-000,-9.013712882995605,-9.047560691833496
0.0009080171585083008,0.999955415725708,0.25,3,proposal,0.11352870613336563,0,0.7100734710693359,2,0.7100734710693359,train,BraTS-GLI-01046-000,-9.013712882995605,-8.30363941192627
0.0028014183044433594,0.999955415725708,0.5,3,proposal,0.11352870613336563,0,1.3979864120483398,2,1.3979864120483398,train,BraTS-GLI-01046-000,-9.013712882995605,-7.615726470947266
0.012817740440368652,0.999955415725708,1.0,3,proposal,0.11352870613336563,0,2.707554340362549,2,2.707554340362549,train,BraTS-GLI-01046-000,-9.013712882995605,-6.306158542633057
-0.00040978193283081055,0.999955415725708,0.25,3,anti_proposal,0.11352870613336563,0,-0.7188253402709961,2,0.7188253402709961,train,BraTS-GLI-01046-000,-9.013712882995605,-9.732538223266602
-0.0006079673767089844,0.999955415725708,0.5,3,anti_proposal,0.11352870613336563,0,-1.4833030700683594,2,1.4833030700683594,train,BraTS-GLI-01046-000,-9.013712882995605,-10.497015953063965
-0.0007501840591430664,0.999955415725708,1.0,3,anti_proposal,0.11352870613336563,0,-3.196878433227539,2,3.196878433227539,train,BraTS-GLI-01046-000,-9.013712882995605,-12.210591316223145
0.0,1.0,0.25,2,prototype,0.2771031856536865,0,0.018222808837890625,2,0.018222808837890625,train,BraTS-GLI-00565-000,-24.925670623779297,-24.907447814941406
0.0,1.0,0.5,2,prototype,0.2771031856536865,0,0.03462409973144531,2,0.03462409973144531,train,BraTS-GLI-00565-000,-24.925670623779297,-24.89104652404785
0.0,1.0,1.0,2,prototype,0.2771031856536865,0,0.0780029296875,2,0.0780029296875,train,BraTS-GLI-00565-000,-24.925670623779297,-24.847667694091797
0.0,1.0,0.25,2,random,0.2771031856536865,0,0.00791168212890625,2,0.00791168212890625,train,BraTS-GLI-00565-000,-24.925670623779297,-24.91775894165039
0.0,1.0,0.5,2,random,0.2771031856536865,0,0.017637252807617188,2,0.017637252807617188,train,BraTS-GLI-00565-000,-24.925670623779297,-24.90803337097168
0.0,1.0,1.0,2,random,0.2771031856536865,0,0.03487205505371094,2,0.03487205505371094,train,BraTS-GLI-00565-000,-24.925670623779297,-24.890798568725586
0.0,0.9995750784873962,0.25,2,proposal,0.2771031856536865,0,0.21060752868652344,2,0.21060752868652344,train,BraTS-GLI-00565-000,-24.925670623779297,-24.715063095092773
0.0,0.9995750784873962,0.5,2,proposal,0.2771031856536865,0,0.4743671417236328,2,0.4743671417236328,train,BraTS-GLI-00565-000,-24.925670623779297,-24.451303482055664
0.0,0.9995750784873962,1.0,2,proposal,0.2771031856536865,0,1.2136173248291016,2,1.2136173248291016,train,BraTS-GLI-00565-000,-24.925670623779297,-23.712053298950195
0.0,0.9995750784873962,0.25,2,anti_proposal,0.2771031856536865,0,-0.1766071319580078,2,0.1766071319580078,train,BraTS-GLI-00565-000,-24.925670623779297,-25.102277755737305
0.0,0.9995750784873962,0.5,2,anti_proposal,0.2771031856536865,0,-0.3334846496582031,2,0.3334846496582031,train,BraTS-GLI-00565-000,-24.925670623779297,-25.2591552734375
0.0,0.9995750784873962,1.0,2,anti_proposal,0.2771031856536865,0,-0.5851058959960938,2,0.5851058959960938,train,BraTS-GLI-00565-000,-24.925670623779297,-25.51077651977539
0.0005095005035400391,1.0,0.25,3,prototype,0.3514430820941925,0,0.6906976699829102,2,0.6906976699829102,train,BraTS-GLI-01513-000,-10.452065467834473,-9.761367797851562
0.0012387633323669434,1.0,0.5,3,prototype,0.3514430820941925,0,1.3096561431884766,2,1.3096561431884766,train,BraTS-GLI-01513-000,-10.452065467834473,-9.142409324645996
0.0037388205528259277,1.0,1.0,3,prototype,0.3514430820941925,0,2.3601303100585938,2,2.3601303100585938,train,BraTS-GLI-01513-000,-10.452065467834473,-8.091935157775879
9.548664093017578e-05,1.0,0.25,3,random,0.3514430820941925,0,0.016631126403808594,2,0.016631126403808594,train,BraTS-GLI-01513-000,-10.452065467834473,-10.435434341430664
0.0002002120018005371,1.0,0.5,3,random,0.3514430820941925,0,0.030569076538085938,2,0.030569076538085938,train,BraTS-GLI-01513-000,-10.452065467834473,-10.421496391296387
0.00044471025466918945,1.0,1.0,3,random,0.3514430820941925,0,0.059680938720703125,2,0.059680938720703125,train,BraTS-GLI-01513-000,-10.452065467834473,-10.39238452911377
0.003995180130004883,0.9998884201049805,0.25,3,proposal,0.3514430820941925,0,1.8718833923339844,2,1.8718833923339844,train,BraTS-GLI-01513-000,-10.452065467834473,-8.580182075500488
0.019078493118286133,0.9998884201049805,0.5,3,proposal,0.3514430820941925,0,3.447124481201172,2,3.447124481201172,train,BraTS-GLI-01513-000,-10.452065467834473,-7.004940986633301
0.161210834980011,0.9998884201049805,1.0,3,proposal,0.3514430820941925,0,6.092103958129883,2,6.092103958129883,train,BraTS-GLI-01513-000,-10.452065467834473,-4.35996150970459
-0.0008072853088378906,0.9998884201049805,0.25,3,anti_proposal,0.3514430820941925,0,-2.096287727355957,2,2.096287727355957,train,BraTS-GLI-01513-000,-10.452065467834473,-12.54835319519043
-0.0009503364562988281,0.9998884201049805,0.5,3,anti_proposal,0.3514430820941925,0,-4.111079216003418,2,4.111079216003418,train,BraTS-GLI-01513-000,-10.452065467834473,-14.56314468383789
-0.0009830594062805176,0.9998884201049805,1.0,3,anti_proposal,0.3514430820941925,0,-6.868302345275879,2,6.868302345275879,train,BraTS-GLI-01513-000,-10.452065467834473,-17.32036781311035
0.00025397539138793945,1.0,0.25,5,prototype,0.1380191445350647,0,0.13182544708251953,2,0.13182544708251953,train,BraTS-GLI-01068-000,-8.56430435180664,-8.432478904724121
0.0005782246589660645,1.0,0.5,5,prototype,0.1380191445350647,0,0.2763795852661133,2,0.2763795852661133,train,BraTS-GLI-01068-000,-8.56430435180664,-8.287924766540527
0.0014594197273254395,1.0,1.0,5,prototype,0.1380191445350647,0,0.5767769813537598,2,0.5767769813537598,train,BraTS-GLI-01068-000,-8.56430435180664,-7.987527370452881
-2.5570392608642578e-05,1.0,0.25,5,random,0.1380191445350647,0,-0.018456459045410156,2,0.018456459045410156,train,BraTS-GLI-01068-000,-8.56430435180664,-8.58276081085205
-6.252527236938477e-05,1.0,0.5,5,random,0.1380191445350647,0,-0.038247108459472656,2,0.038247108459472656,train,BraTS-GLI-01068-000,-8.56430435180664,-8.602551460266113
-0.0001188516616821289,1.0,1.0,5,random,0.1380191445350647,0,-0.07611560821533203,2,0.07611560821533203,train,BraTS-GLI-01068-000,-8.56430435180664,-8.640419960021973
0.0019412040710449219,0.9996734857559204,0.25,5,proposal,0.1380191445350647,0,0.7245116233825684,2,0.7245116233825684,train,BraTS-GLI-01068-000,-8.56430435180664,-7.839792728424072
0.006169795989990234,0.9996734857559204,0.5,5,proposal,0.1380191445350647,0,1.4457435607910156,2,1.4457435607910156,train,BraTS-GLI-01068-000,-8.56430435180664,-7.118560791015625
0.03127545118331909,0.9996734857559204,1.0,5,proposal,0.1380191445350647,0,2.8767123222351074,2,2.8767123222351074,train,BraTS-GLI-01068-000,-8.56430435180664,-5.687592029571533
-0.0008746981620788574,0.9996734857559204,0.25,5,anti_proposal,0.1380191445350647,0,-0.7861518859863281,2,0.7861518859863281,train,BraTS-GLI-01068-000,-8.56430435180664,-9.350456237792969
-0.0012305378913879395,0.9996734857559204,0.5,5,anti_proposal,0.1380191445350647,0,-1.6585044860839844,2,1.6585044860839844,train,BraTS-GLI-01068-000,-8.56430435180664,-10.222808837890625
-0.0014012455940246582,0.9996734857559204,1.0,5,anti_proposal,0.1380191445350647,0,-3.3543806076049805,2,3.3543806076049805,train,BraTS-GLI-01068-000,-8.56430435180664,-11.918684959411621
0.0,1.0,0.25,2,prototype,0.2979488968849182,0,0.10881233215332031,2,0.10881233215332031,train,BraTS-GLI-01068-000,-18.839778900146484,-18.730966567993164
0.0,1.0,0.5,2,prototype,0.2979488968849182,0,0.21509552001953125,2,0.21509552001953125,train,BraTS-GLI-01068-000,-18.839778900146484,-18.624683380126953
0.0,1.0,1.0,2,prototype,0.2979488968849182,0,0.42722129821777344,2,0.42722129821777344,train,BraTS-GLI-01068-000,-18.839778900146484,-18.41255760192871
0.0,1.0,0.25,2,random,0.2979488968849182,0,0.07016181945800781,2,0.07016181945800781,train,BraTS-GLI-01068-000,-18.839778900146484,-18.769617080688477
0.0,1.0,0.5,2,random,0.2979488968849182,0,0.13930130004882812,2,0.13930130004882812,train,BraTS-GLI-01068-000,-18.839778900146484,-18.700477600097656
0.0,1.0,1.0,2,random,0.2979488968849182,0,0.2891731262207031,2,0.2891731262207031,train,BraTS-GLI-01068-000,-18.839778900146484,-18.55060577392578
1.1920928955078125e-07,0.9999827146530151,0.25,2,proposal,0.2979488968849182,0,0.5014266967773438,2,0.5014266967773438,train,BraTS-GLI-01068-000,-18.839778900146484,-18.33835220336914
1.1920928955078125e-07,0.9999827146530151,0.5,2,proposal,0.2979488968849182,0,1.0049247741699219,2,1.0049247741699219,train,BraTS-GLI-01068-000,-18.839778900146484,-17.834854125976562
4.172325134277344e-07,0.9999827146530151,1.0,2,proposal,0.2979488968849182,0,2.0134754180908203,2,2.0134754180908203,train,BraTS-GLI-01068-000,-18.839778900146484,-16.826303482055664
0.0,0.9999827146530151,0.25,2,anti_proposal,0.2979488968849182,0,-0.460723876953125,2,0.460723876953125,train,BraTS-GLI-01068-000,-18.839778900146484,-19.30050277709961
0.0,0.9999827146530151,0.5,2,anti_proposal,0.2979488968849182,0,-0.9016265869140625,2,0.9016265869140625,train,BraTS-GLI-01068-000,-18.839778900146484,-19.741405487060547
0.0,0.9999827146530151,1.0,2,anti_proposal,0.2979488968849182,0,-1.6736679077148438,2,1.6736679077148438,train,BraTS-GLI-01068-000,-18.839778900146484,-20.513446807861328
2.980232238769531e-07,1.0,0.25,2,prototype,0.22974646091461182,0,0.0026493072509765625,2,0.0026493072509765625,train,BraTS-GLI-01536-000,-17.939363479614258,-17.93671417236328
7.152557373046875e-07,1.0,0.5,2,prototype,0.22974646091461182,0,0.0041522979736328125,2,0.0041522979736328125,train,BraTS-GLI-01536-000,-17.939363479614258,-17.935211181640625
1.4901161193847656e-06,1.0,1.0,2,prototype,0.22974646091461182,0,0.0052890777587890625,2,0.0052890777587890625,train,BraTS-GLI-01536-000,-17.939363479614258,-17.93407440185547
-1.7881393432617188e-07,1.0,0.25,2,random,0.22974646091461182,0,0.000308990478515625,2,0.000308990478515625,train,BraTS-GLI-01536-000,-17.939363479614258,-17.939054489135742
-2.384185791015625e-07,1.0,0.5,2,random,0.22974646091461182,0,-0.0009632110595703125,2,0.0009632110595703125,train,BraTS-GLI-01536-000,-17.939363479614258,-17.940326690673828
-4.76837158203125e-07,1.0,1.0,2,random,0.22974646091461182,0,-0.0003490447998046875,2,0.0003490447998046875,train,BraTS-GLI-01536-000,-17.939363479614258,-17.939712524414062
2.6226043701171875e-06,0.999858021736145,0.25,2,proposal,0.22974646091461182,0,-0.19931411743164062,2,0.19931411743164062,train,BraTS-GLI-01536-000,-17.939363479614258,-18.1386775970459
5.364418029785156e-06,0.999858021736145,0.5,2,proposal,0.22974646091461182,0,-0.3635234832763672,2,0.3635234832763672,train,BraTS-GLI-01536-000,-17.939363479614258,-18.302886962890625
1.1444091796875e-05,0.999858021736145,1.0,2,proposal,0.22974646091461182,0,-0.6562519073486328,2,0.6562519073486328,train,BraTS-GLI-01536-000,-17.939363479614258,-18.59561538696289
-3.039836883544922e-06,0.999858021736145,0.25,2,anti_proposal,0.22974646091461182,0,0.2596778869628906,2,0.2596778869628906,train,BraTS-GLI-01536-000,-17.939363479614258,-17.679685592651367
-5.900859832763672e-06,0.999858021736145,0.5,2,anti_proposal,0.22974646091461182,0,0.5478668212890625,2,0.5478668212890625,train,BraTS-GLI-01536-000,-17.939363479614258,-17.391496658325195
-1.0251998901367188e-05,0.999858021736145,1.0,2,anti_proposal,0.22974646091461182,0,1.296060562133789,2,1.296060562133789,train,BraTS-GLI-01536-000,-17.939363479614258,-16.64330291748047
0.0,1.0,0.25,25,prototype,0.09871701896190643,0,0.014873504638671875,2,0.014873504638671875,train,BraTS-GLI-00130-000,-17.115083694458008,-17.100210189819336
0.0,1.0,0.5,25,prototype,0.09871701896190643,0,0.031042098999023438,2,0.031042098999023438,train,BraTS-GLI-00130-000,-17.115083694458008,-17.084041595458984
0.0,1.0,1.0,25,prototype,0.09871701896190643,0,0.059421539306640625,2,0.059421539306640625,train,BraTS-GLI-00130-000,-17.115083694458008,-17.055662155151367
0.0,1.0,0.25,25,random,0.09871701896190643,0,0.0068683624267578125,2,0.0068683624267578125,train,BraTS-GLI-00130-000,-17.115083694458008,-17.10821533203125
0.0,1.0,0.5,25,random,0.09871701896190643,0,0.015537261962890625,2,0.015537261962890625,train,BraTS-GLI-00130-000,-17.115083694458008,-17.099546432495117
0.0,1.0,1.0,25,random,0.09871701896190643,0,0.03433799743652344,2,0.03433799743652344,train,BraTS-GLI-00130-000,-17.115083694458008,-17.080745697021484
5.960464477539063e-08,0.9997783303260803,0.25,25,proposal,0.09871701896190643,0,0.14310836791992188,2,0.14310836791992188,train,BraTS-GLI-00130-000,-17.115083694458008,-16.971975326538086
9.5367431640625e-07,0.9997783303260803,0.5,25,proposal,0.09871701896190643,0,0.8444766998291016,2,0.8444766998291016,train,BraTS-GLI-00130-000,-17.115083694458008,-16.270606994628906
0.0001925826072692871,0.9997783303260803,1.0,25,proposal,0.09871701896190643,0,3.074647903442383,2,3.074647903442383,train,BraTS-GLI-00130-000,-17.115083694458008,-14.040435791015625
0.0,0.9997783303260803,0.25,25,anti_proposal,0.09871701896190643,0,0.15138816833496094,2,0.15138816833496094,train,BraTS-GLI-00130-000,-17.115083694458008,-16.963695526123047
0.0,0.9997783303260803,0.5,25,anti_proposal,0.09871701896190643,0,0.2891082763671875,2,0.2891082763671875,train,BraTS-GLI-00130-000,-17.115083694458008,-16.82597541809082
-1.7881393432617188e-07,0.9997783303260803,1.0,25,anti_proposal,0.09871701896190643,0,0.26522254943847656,2,0.26522254943847656,train,BraTS-GLI-00130-000,-17.115083694458008,-16.84986114501953
0.0,1.0,0.25,7,prototype,-0.00478731282055378,0,0.0021228790283203125,2,0.0021228790283203125,train,BraTS-GLI-01428-000,-19.694759368896484,-19.692636489868164
0.0,1.0,0.5,7,prototype,-0.00478731282055378,0,0.012742996215820312,2,0.012742996215820312,train,BraTS-GLI-01428-000,-19.694759368896484,-19.682016372680664
0.0,1.0,1.0,7,prototype,-0.00478731282055378,0,0.07555961608886719,2,0.07555961608886719,train,BraTS-GLI-01428-000,-19.694759368896484,-19.619199752807617
0.0,1.0,0.25,7,random,-0.00478731282055378,0,0.10929298400878906,2,0.10929298400878906,train,BraTS-GLI-01428-000,-19.694759368896484,-19.585466384887695
0.0,1.0,0.5,7,random,-0.00478731282055378,0,0.22535133361816406,2,0.22535133361816406,train,BraTS-GLI-01428-000,-19.694759368896484,-19.46940803527832
0.0,1.0,1.0,7,random,-0.00478731282055378,0,0.4749774932861328,2,0.4749774932861328,train,BraTS-GLI-01428-000,-19.694759368896484,-19.21978187561035
0.0,0.9997754693031311,0.25,7,proposal,-0.00478731282055378,0,1.0880775451660156,2,1.0880775451660156,train,BraTS-GLI-01428-000,-19.694759368896484,-18.60668182373047
1.1920928955078125e-07,0.9997754693031311,0.5,7,proposal,-0.00478731282055378,0,2.2497520446777344,2,2.2497520446777344,train,BraTS-GLI-01428-000,-19.694759368896484,-17.44500732421875
3.5762786865234375e-07,0.9997754693031311,1.0,7,proposal,-0.00478731282055378,0,3.2524185180664062,2,3.2524185180664062,train,BraTS-GLI-01428-000,-19.694759368896484,-16.442340850830078
0.0,0.9997754693031311,0.25,7,anti_proposal,-0.00478731282055378,0,-0.8079109191894531,2,0.8079109191894531,train,BraTS-GLI-01428-000,-19.694759368896484,-20.502670288085938
0.0,0.9997754693031311,0.5,7,anti_proposal,-0.00478731282055378,0,-1.4035358428955078,2,1.4035358428955078,train,BraTS-GLI-01428-000,-19.694759368896484,-21.098295211791992
-5.960464477539063e-08,0.9997754693031311,1.0,7,anti_proposal,-0.00478731282055378,0,-2.2347354888916016,2,2.2347354888916016,train,BraTS-GLI-01428-000,-19.694759368896484,-21.929494857788086
0.0,1.0,0.25,76,prototype,-0.11622168123722076,0,-0.01458740234375,2,0.01458740234375,train,BraTS-GLI-01428-000,-15.970819473266602,-15.985406875610352
0.0,1.0,0.5,76,prototype,-0.11622168123722076,0,-0.03189849853515625,2,0.03189849853515625,train,BraTS-GLI-01428-000,-15.970819473266602,-16.002717971801758
0.0,1.0,1.0,76,prototype,-0.11622168123722076,0,-0.06535148620605469,2,0.06535148620605469,train,BraTS-GLI-01428-000,-15.970819473266602,-16.036170959472656
0.0,1.0,0.25,76,random,-0.11622168123722076,0,0.005455970764160156,2,0.005455970764160156,train,BraTS-GLI-01428-000,-15.970819473266602,-15.965363502502441
0.0,1.0,0.5,76,random,-0.11622168123722076,0,0.010831832885742188,2,0.010831832885742188,train,BraTS-GLI-01428-000,-15.970819473266602,-15.95998764038086
0.0,1.0,1.0,76,random,-0.11622168123722076,0,0.02042388916015625,2,0.02042388916015625,train,BraTS-GLI-01428-000,-15.970819473266602,-15.950395584106445
0.0,0.9929499626159668,0.25,76,proposal,-0.11622168123722076,0,0.20894527435302734,2,0.20894527435302734,train,BraTS-GLI-01428-000,-15.970819473266602,-15.761874198913574
5.960464477539063e-08,0.9929499626159668,0.5,76,proposal,-0.11622168123722076,0,0.3856782913208008,2,0.3856782913208008,train,BraTS-GLI-01428-000,-15.970819473266602,-15.5851411819458
-1.7881393432617188e-07,0.9929499626159668,1.0,76,proposal,-0.11622168123722076,0,0.09954357147216797,2,0.09954357147216797,train,BraTS-GLI-01428-000,-15.970819473266602,-15.871275901794434
5.960464477539063e-08,0.9929499626159668,0.25,76,anti_proposal,-0.11622168123722076,0,-0.15635299682617188,2,0.15635299682617188,train,BraTS-GLI-01428-000,-15.970819473266602,-16.127172470092773
5.960464477539063e-08,0.9929499626159668,0.5,76,anti_proposal,-0.11622168123722076,0,-0.2679309844970703,2,0.2679309844970703,train,BraTS-GLI-01428-000,-15.970819473266602,-16.238750457763672
1.7881393432617188e-07,0.9929499626159668,1.0,76,anti_proposal,-0.11622168123722076,0,-0.4324531555175781,2,0.4324531555175781,train,BraTS-GLI-01428-000,-15.970819473266602,-16.40327262878418
0.0,1.0,0.25,65,prototype,0.06256788969039917,0,0.012664794921875,2,0.012664794921875,train,BraTS-GLI-01428-000,-19.527925491333008,-19.515260696411133
0.0,1.0,0.5,65,prototype,0.06256788969039917,0,0.022083282470703125,2,0.022083282470703125,train,BraTS-GLI-01428-000,-19.527925491333008,-19.505842208862305
0.0,1.0,1.0,65,prototype,0.06256788969039917,0,0.03145790100097656,2,0.03145790100097656,train,BraTS-GLI-01428-000,-19.527925491333008,-19.49646759033203
0.0,1.0,0.25,65,random,0.06256788969039917,0,0.11688423156738281,2,0.11688423156738281,train,BraTS-GLI-01428-000,-19.527925491333008,-19.411041259765625
0.0,1.0,0.5,65,random,0.06256788969039917,0,0.2352123260498047,2,0.2352123260498047,train,BraTS-GLI-01428-000,-19.527925491333008,-19.292713165283203
0.0,1.0,1.0,65,random,0.06256788969039917,0,0.4786949157714844,2,0.4786949157714844,train,BraTS-GLI-01428-000,-19.527925491333008,-19.049230575561523
1.1920928955078125e-07,0.9999934434890747,0.25,65,proposal,0.06256788969039917,0,1.5110206604003906,2,1.5110206604003906,train,BraTS-GLI-01428-000,-19.527925491333008,-18.016904830932617
1.7881393432617188e-07,0.9999934434890747,0.5,65,proposal,0.06256788969039917,0,2.594228744506836,2,2.594228744506836,train,BraTS-GLI-01428-000,-19.527925491333008,-16.933696746826172
2.384185791015625e-07,0.9999934434890747,1.0,65,proposal,0.06256788969039917,0,2.3556575775146484,2,2.3556575775146484,train,BraTS-GLI-01428-000,-19.527925491333008,-17.17226791381836
0.0,0.9999934434890747,0.25,65,anti_proposal,0.06256788969039917,0,-1.611968994140625,2,1.611968994140625,train,BraTS-GLI-01428-000,-19.527925491333008,-21.139894485473633
0.0,0.9999934434890747,0.5,65,anti_proposal,0.06256788969039917,0,-2.990711212158203,2,2.990711212158203,train,BraTS-GLI-01428-000,-19.527925491333008,-22.51863670349121
0.0,0.9999934434890747,1.0,65,anti_proposal,0.06256788969039917,0,-5.081146240234375,2,5.081146240234375,train,BraTS-GLI-01428-000,-19.527925491333008,-24.609071731567383
0.0,1.0,0.25,3,prototype,0.23000581562519073,0,0.052326202392578125,2,0.052326202392578125,test,BraTS-GLI-00500-001,-17.93265724182129,-17.88033103942871
0.0,1.0,0.5,3,prototype,0.23000581562519073,0,0.09403419494628906,2,0.09403419494628906,test,BraTS-GLI-00500-001,-17.93265724182129,-17.838623046875
0.0,1.0,1.0,3,prototype,0.23000581562519073,0,0.1622753143310547,2,0.1622753143310547,test,BraTS-GLI-00500-001,-17.93265724182129,-17.770381927490234
0.0,1.0,0.25,3,random,0.23000581562519073,0,0.17940139770507812,2,0.17940139770507812,test,BraTS-GLI-00500-001,-17.93265724182129,-17.75325584411621
0.0,1.0,0.5,3,random,0.23000581562519073,0,0.3714256286621094,2,0.3714256286621094,test,BraTS-GLI-00500-001,-17.93265724182129,-17.56123161315918
5.960464477539063e-08,1.0,1.0,3,random,0.23000581562519073,0,0.7647914886474609,2,0.7647914886474609,test,BraTS-GLI-00500-001,-17.93265724182129,-17.167865753173828
-1.1920928955078125e-07,0.9998601675033569,0.25,3,proposal,0.23000581562519073,0,-0.2491626739501953,2,0.2491626739501953,test,BraTS-GLI-00500-001,-17.93265724182129,-18.181819915771484
-1.1920928955078125e-07,0.9998601675033569,0.5,3,proposal,0.23000581562519073,0,-0.5181999206542969,2,0.5181999206542969,test,BraTS-GLI-00500-001,-17.93265724182129,-18.450857162475586
-1.1920928955078125e-07,0.9998601675033569,1.0,3,proposal,0.23000581562519073,0,-1.0622234344482422,2,1.0622234344482422,test,BraTS-GLI-00500-001,-17.93265724182129,-18.99488067626953
0.0,0.9998601675033569,0.25,3,anti_proposal,0.23000581562519073,0,0.14500999450683594,2,0.14500999450683594,test,BraTS-GLI-00500-001,-17.93265724182129,-17.787647247314453
0.0,0.9998601675033569,0.5,3,anti_proposal,0.23000581562519073,0,0.22525596618652344,2,0.22525596618652344,test,BraTS-GLI-00500-001,-17.93265724182129,-17.707401275634766
0.0,0.9998601675033569,1.0,3,anti_proposal,0.23000581562519073,0,0.3124408721923828,2,0.3124408721923828,test,BraTS-GLI-00500-001,-17.93265724182129,-17.620216369628906
0.014679133892059326,1.0,0.25,1,prototype,0.1755734533071518,0,0.7460556030273438,2,0.7460556030273438,test,BraTS-GLI-01450-000,-20.7989501953125,-20.052894592285156
0.03284800052642822,1.0,0.5,1,prototype,0.1755734533071518,0,1.5149650573730469,2,1.5149650573730469,test,BraTS-GLI-01450-000,-20.7989501953125,-19.283985137939453
0.10041165351867676,1.0,1.0,1,prototype,0.1755734533071518,0,3.205141067504883,2,3.205141067504883,test,BraTS-GLI-01450-000,-20.7989501953125,-17.593809127807617
0.0009625554084777832,1.0,0.25,1,random,0.1755734533071518,0,-0.015962600708007812,2,0.015962600708007812,test,BraTS-GLI-01450-000,-20.7989501953125,-20.814912796020508
0.0019980669021606445,1.0,0.5,1,random,0.1755734533071518,0,-0.03009033203125,2,0.03009033203125,test,BraTS-GLI-01450-000,-20.7989501953125,-20.82904052734375
0.004079759120941162,1.0,1.0,1,random,0.1755734533071518,0,-0.05969810485839844,2,0.05969810485839844,test,BraTS-GLI-01450-000,-20.7989501953125,-20.8586483001709
0.053630828857421875,0.9989172220230103,0.25,1,proposal,0.1755734533071518,0,1.5648994445800781,2,1.5648994445800781,test,BraTS-GLI-01450-000,-20.7989501953125,-19.234050750732422
0.1520395278930664,0.9989172220230103,0.5,1,proposal,0.1755734533071518,0,3.1374568939208984,2,3.1374568939208984,test,BraTS-GLI-01450-000,-20.7989501953125,-17.6614933013916
0.3481209874153137,0.9989172220230103,1.0,1,proposal,0.1755734533071518,0,5.863038063049316,2,5.863038063049316,test,BraTS-GLI-01450-000,-20.7989501953125,-14.935912132263184
-0.009242057800292969,0.9989172220230103,0.25,1,anti_proposal,0.1755734533071518,0,-1.4115314483642578,2,1.4115314483642578,test,BraTS-GLI-01450-000,-20.7989501953125,-22.210481643676758
-0.009307563304901123,0.9989172220230103,0.5,1,anti_proposal,0.1755734533071518,0,-2.4258975982666016,2,2.4258975982666016,test,BraTS-GLI-01450-000,-20.7989501953125,-23.2248477935791
-0.009308040142059326,0.9989172220230103,1.0,1,anti_proposal,0.1755734533071518,0,-2.704174041748047,2,2.704174041748047,test,BraTS-GLI-01450-000,-20.7989501953125,-23.503124237060547
0.0,1.0,0.25,2,prototype,-0.08779976516962051,0,0.025440216064453125,2,0.025440216064453125,test,BraTS-GLI-01090-000,-17.466026306152344,-17.44058609008789
0.0,1.0,0.5,2,prototype,-0.08779976516962051,0,0.04347991943359375,2,0.04347991943359375,test,BraTS-GLI-01090-000,-17.466026306152344,-17.42254638671875
5.960464477539063e-08,1.0,1.0,2,prototype,-0.08779976516962051,0,0.07141876220703125,2,0.07141876220703125,test,BraTS-GLI-01090-000,-17.466026306152344,-17.394607543945312
0.0,1.0,0.25,2,random,-0.08779976516962051,0,0.008758544921875,2,0.008758544921875,test,BraTS-GLI-01090-000,-17.466026306152344,-17.45726776123047
0.0,1.0,0.5,2,random,-0.08779976516962051,0,0.017152786254882812,2,0.017152786254882812,test,BraTS-GLI-01090-000,-17.466026306152344,-17.44887351989746
0.0,1.0,1.0,2,random,-0.08779976516962051,0,0.032245635986328125,2,0.032245635986328125,test,BraTS-GLI-01090-000,-17.466026306152344,-17.433780670166016
0.0,0.9983276724815369,0.25,2,proposal,-0.08779976516962051,0,-0.062297821044921875,2,0.062297821044921875,test,BraTS-GLI-01090-000,-17.466026306152344,-17.528324127197266
-1.1920928955078125e-07,0.9983276724815369,0.5,2,proposal,-0.08779976516962051,0,-0.11271858215332031,2,0.11271858215332031,test,BraTS-GLI-01090-000,-17.466026306152344,-17.578744888305664
-1.7881393432617188e-07,0.9983276724815369,1.0,2,proposal,-0.08779976516962051,0,-1.7147903442382812,2,1.7147903442382812,test,BraTS-GLI-01090-000,-17.466026306152344,-19.180816650390625
5.960464477539063e-08,0.9983276724815369,0.25,2,anti_proposal,-0.08779976516962051,0,0.09741973876953125,2,0.09741973876953125,test,BraTS-GLI-01090-000,-17.466026306152344,-17.368606567382812
5.960464477539063e-08,0.9983276724815369,0.5,2,anti_proposal,-0.08779976516962051,0,0.11095046997070312,2,0.11095046997070312,test,BraTS-GLI-01090-000,-17.466026306152344,-17.35507583618164
5.960464477539063e-08,0.9983276724815369,1.0,2,anti_proposal,-0.08779976516962051,0,-0.9236354827880859,2,0.9236354827880859,test,BraTS-GLI-01090-000,-17.466026306152344,-18.38966178894043
0.0,1.0,0.25,3,prototype,0.3241944909095764,0,-0.0001049041748046875,2,0.0001049041748046875,test,BraTS-GLI-01090-000,-16.074960708618164,-16.07506561279297
0.0,1.0,0.5,3,prototype,0.3241944909095764,0,0.0024471282958984375,2,0.0024471282958984375,test,BraTS-GLI-01090-000,-16.074960708618164,-16.072513580322266
5.960464477539063e-08,1.0,1.0,3,prototype,0.3241944909095764,0,0.018917083740234375,2,0.018917083740234375,test,BraTS-GLI-01090-000,-16.074960708618164,-16.05604362487793
0.0,1.0,0.25,3,random,0.3241944909095764,0,0.0003204345703125,2,0.0003204345703125,test,BraTS-GLI-01090-000,-16.074960708618164,-16.07464027404785
0.0,1.0,0.5,3,random,0.3241944909095764,0,-0.0002593994140625,2,0.0002593994140625,test,BraTS-GLI-01090-000,-16.074960708618164,-16.075220108032227
0.0,1.0,1.0,3,random,0.3241944909095764,0,-0.000881195068359375,2,0.000881195068359375,test,BraTS-GLI-01090-000,-16.074960708618164,-16.075841903686523
5.960464477539063e-08,0.9996509552001953,0.25,3,proposal,0.3241944909095764,0,0.060604095458984375,2,0.060604095458984375,test,BraTS-GLI-01090-000,-16.074960708618164,-16.01435661315918
1.7881393432617188e-07,0.9996509552001953,0.5,3,proposal,0.3241944909095764,0,0.22905445098876953,2,0.22905445098876953,test,BraTS-GLI-01090-000,-16.074960708618164,-15.845906257629395
1.4901161193847656e-06,0.9996509552001953,1.0,3,proposal,0.3241944909095764,0,1.221796989440918,2,1.221796989440918,test,BraTS-GLI-01090-000,-16.074960708618164,-14.853163719177246
0.0,0.9996509552001953,0.25,3,anti_proposal,0.3241944909095764,0,-0.03865623474121094,2,0.03865623474121094,test,BraTS-GLI-01090-000,-16.074960708618164,-16.113616943359375
0.0,0.9996509552001953,0.5,3,anti_proposal,0.3241944909095764,0,-0.09635734558105469,2,0.09635734558105469,test,BraTS-GLI-01090-000,-16.074960708618164,-16.17131805419922
-5.960464477539063e-08,0.9996509552001953,1.0,3,anti_proposal,0.3241944909095764,0,-0.1760578155517578,2,0.1760578155517578,test,BraTS-GLI-01090-000,-16.074960708618164,-16.251018524169922
5.960464477539063e-08,1.0,0.25,5,prototype,-0.053137026727199554,0,0.07209205627441406,2,0.07209205627441406,test,BraTS-GLI-01090-000,-16.278776168823242,-16.206684112548828
5.960464477539063e-08,1.0,0.5,5,prototype,-0.053137026727199554,0,0.14262008666992188,2,0.14262008666992188,test,BraTS-GLI-01090-000,-16.278776168823242,-16.13615608215332
1.1920928955078125e-07,1.0,1.0,5,prototype,-0.053137026727199554,0,0.2687664031982422,2,0.2687664031982422,test,BraTS-GLI-01090-000,-16.278776168823242,-16.010009765625
0.0,1.0,0.25,5,random,-0.053137026727199554,0,0.0066967010498046875,2,0.0066967010498046875,test,BraTS-GLI-01090-000,-16.278776168823242,-16.272079467773438
0.0,1.0,0.5,5,random,-0.053137026727199554,0,0.01202392578125,2,0.01202392578125,test,BraTS-GLI-01090-000,-16.278776168823242,-16.266752243041992
0.0,1.0,1.0,5,random,-0.053137026727199554,0,0.019113540649414062,2,0.019113540649414062,test,BraTS-GLI-01090-000,-16.278776168823242,-16.259662628173828
-1.7881393432617188e-07,0.9974021911621094,0.25,5,proposal,-0.053137026727199554,0,-0.6347599029541016,2,0.6347599029541016,test,BraTS-GLI-01090-000,-16.278776168823242,-16.913536071777344
-2.384185791015625e-07,0.9974021911621094,0.5,5,proposal,-0.053137026727199554,0,-1.0493888854980469,2,1.0493888854980469,test,BraTS-GLI-01090-000,-16.278776168823242,-17.32816505432129
-2.384185791015625e-07,0.9974021911621094,1.0,5,proposal,-0.053137026727199554,0,-1.1727161407470703,2,1.1727161407470703,test,BraTS-GLI-01090-000,-16.278776168823242,-17.451492309570312
3.5762786865234375e-07,0.9974021911621094,0.25,5,anti_proposal,-0.053137026727199554,0,0.68865966796875,2,0.68865966796875,test,BraTS-GLI-01090-000,-16.278776168823242,-15.590116500854492
5.364418029785156e-07,0.9974021911621094,0.5,5,anti_proposal,-0.053137026727199554,0,0.9038820266723633,2,0.9038820266723633,test,BraTS-GLI-01090-000,-16.278776168823242,-15.374894142150879
2.980232238769531e-07,0.9974021911621094,1.0,5,anti_proposal,-0.053137026727199554,0,0.38622188568115234,2,0.38622188568115234,test,BraTS-GLI-01090-000,-16.278776168823242,-15.89255428314209
0.0,1.0,0.25,5,prototype,0.1696113646030426,0,0.010835647583007812,2,0.010835647583007812,test,BraTS-GLI-01176-000,-15.645949363708496,-15.635113716125488
0.0,1.0,0.5,5,prototype,0.1696113646030426,0,0.023366928100585938,2,0.023366928100585938,test,BraTS-GLI-01176-000,-15.645949363708496,-15.62258243560791
5.960464477539063e-08,1.0,1.0,5,prototype,0.1696113646030426,0,0.04592704772949219,2,0.04592704772949219,test,BraTS-GLI-01176-000,-15.645949363708496,-15.600022315979004
0.0,1.0,0.25,5,random,0.1696113646030426,0,-0.019012451171875,2,0.019012451171875,test,BraTS-GLI-01176-000,-15.645949363708496,-15.664961814880371
0.0,1.0,0.5,5,random,0.1696113646030426,0,-0.039463043212890625,2,0.039463043212890625,test,BraTS-GLI-01176-000,-15.645949363708496,-15.685412406921387
-5.960464477539063e-08,1.0,1.0,5,random,0.1696113646030426,0,-0.08297061920166016,2,0.08297061920166016,test,BraTS-GLI-01176-000,-15.645949363708496,-15.728919982910156
0.0,0.990678608417511,0.25,5,proposal,0.1696113646030426,0,-0.05689430236816406,2,0.05689430236816406,test,BraTS-GLI-01176-000,-15.645949363708496,-15.70284366607666
-5.960464477539063e-08,0.990678608417511,0.5,5,proposal,0.1696113646030426,0,-0.16063785552978516,2,0.16063785552978516,test,BraTS-GLI-01176-000,-15.645949363708496,-15.806587219238281
-2.384185791015625e-07,0.990678608417511,1.0,5,proposal,0.1696113646030426,0,-0.44526195526123047,2,0.44526195526123047,test,BraTS-GLI-01176-000,-15.645949363708496,-16.091211318969727
5.960464477539063e-08,0.990678608417511,0.25,5,anti_proposal,0.1696113646030426,0,0.02988910675048828,2,0.02988910675048828,test,BraTS-GLI-01176-000,-15.645949363708496,-15.616060256958008
5.960464477539063e-08,0.990678608417511,0.5,5,anti_proposal,0.1696113646030426,0,0.026943206787109375,2,0.026943206787109375,test,BraTS-GLI-01176-000,-15.645949363708496,-15.619006156921387
0.0,0.990678608417511,1.0,5,anti_proposal,0.1696113646030426,0,-0.052262306213378906,2,0.052262306213378906,test,BraTS-GLI-01176-000,-15.645949363708496,-15.698211669921875
0.0,1.0,0.25,1,prototype,0.3133191466331482,0,-0.03286170959472656,2,0.03286170959472656,test,BraTS-GLI-01530-000,-18.22849464416504,-18.261356353759766
0.0,1.0,0.5,1,prototype,0.3133191466331482,0,-0.06515121459960938,2,0.06515121459960938,test,BraTS-GLI-01530-000,-18.22849464416504,-18.29364585876465
0.0,1.0,1.0,1,prototype,0.3133191466331482,0,-0.12696075439453125,2,0.12696075439453125,test,BraTS-GLI-01530-000,-18.22849464416504,-18.35545539855957
0.0,1.0,0.25,1,random,0.3133191466331482,0,-0.0078887939453125,2,0.0078887939453125,test,BraTS-GLI-01530-000,-18.22849464416504,-18.23638343811035
0.0,1.0,0.5,1,random,0.3133191466331482,0,-0.017496109008789062,2,0.017496109008789062,test,BraTS-GLI-01530-000,-18.22849464416504,-18.245990753173828
0.0,1.0,1.0,1,random,0.3133191466331482,0,-0.03886604309082031,2,0.03886604309082031,test,BraTS-GLI-01530-000,-18.22849464416504,-18.26736068725586
0.0,0.9859499335289001,0.25,1,proposal,0.3133191466331482,0,-0.2010364532470703,2,0.2010364532470703,test,BraTS-GLI-01530-000,-18.22849464416504,-18.42953109741211
0.0,0.9859499335289001,0.5,1,proposal,0.3133191466331482,0,-0.4020824432373047,2,0.4020824432373047,test,BraTS-GLI-01530-000,-18.22849464416504,-18.630577087402344
-1.1920928955078125e-07,0.9859499335289001,1.0,1,proposal,0.3133191466331482,0,-0.7964038848876953,2,0.7964038848876953,test,BraTS-GLI-01530-000,-18.22849464416504,-19.024898529052734
0.0,0.9859499335289001,0.25,1,anti_proposal,0.3133191466331482,0,0.19707107543945312,2,0.19707107543945312,test,BraTS-GLI-01530-000,-18.22849464416504,-18.031423568725586
0.0,0.9859499335289001,0.5,1,anti_proposal,0.3133191466331482,0,0.3850994110107422,2,0.3850994110107422,test,BraTS-GLI-01530-000,-18.22849464416504,-17.843395233154297
0.0,0.9859499335289001,1.0,1,anti_proposal,0.3133191466331482,0,0.7516002655029297,2,0.7516002655029297,test,BraTS-GLI-01530-000,-18.22849464416504,-17.47689437866211
7.748603820800781e-07,1.0,0.25,1,prototype,0.046845726668834686,0,0.07283401489257812,2,0.07283401489257812,test,BraTS-GLI-00193-000,-19.117002487182617,-19.04416847229004
2.086162567138672e-06,1.0,0.5,1,prototype,0.046845726668834686,0,0.15572357177734375,2,0.15572357177734375,test,BraTS-GLI-00193-000,-19.117002487182617,-18.961278915405273
6.4373016357421875e-06,1.0,1.0,1,prototype,0.046845726668834686,0,0.36858558654785156,2,0.36858558654785156,test,BraTS-GLI-00193-000,-19.117002487182617,-18.748416900634766
0.0,1.0,0.25,1,random,0.046845726668834686,0,-0.0069789886474609375,2,0.0069789886474609375,test,BraTS-GLI-00193-000,-19.117002487182617,-19.123981475830078
0.0,1.0,0.5,1,random,0.046845726668834686,0,-0.01418304443359375,2,0.01418304443359375,test,BraTS-GLI-00193-000,-19.117002487182617,-19.13118553161621
-5.960464477539063e-08,1.0,1.0,1,random,0.046845726668834686,0,-0.02845001220703125,2,0.02845001220703125,test,BraTS-GLI-00193-000,-19.117002487182617,-19.14545249938965
-2.1457672119140625e-06,0.9999762773513794,0.25,1,proposal,0.046845726668834686,0,-0.17441749572753906,2,0.17441749572753906,test,BraTS-GLI-00193-000,-19.117002487182617,-19.291419982910156
-2.86102294921875e-06,0.9999762773513794,0.5,1,proposal,0.046845726668834686,0,-0.36325836181640625,2,0.36325836181640625,test,BraTS-GLI-00193-000,-19.117002487182617,-19.480260848999023
-3.039836883544922e-06,0.9999762773513794,1.0,1,proposal,0.046845726668834686,0,-0.13113021850585938,2,0.13113021850585938,test,BraTS-GLI-00193-000,-19.117002487182617,-19.248132705688477
4.470348358154297e-06,0.9999762773513794,0.25,1,anti_proposal,0.046845726668834686,0,0.12830352783203125,2,0.12830352783203125,test,BraTS-GLI-00193-000,-19.117002487182617,-18.988698959350586
1.1026859283447266e-05,0.9999762773513794,0.5,1,anti_proposal,0.046845726668834686,0,0.2096691131591797,2,0.2096691131591797,test,BraTS-GLI-00193-000,-19.117002487182617,-18.907333374023438
2.8073787689208984e-05,0.9999762773513794,1.0,1,anti_proposal,0.046845726668834686,0,0.310699462890625,2,0.310699462890625,test,BraTS-GLI-00193-000,-19.117002487182617,-18.806303024291992
6.020069122314453e-06,1.0,0.25,3,prototype,0.08516155183315277,0,0.07409095764160156,2,0.07409095764160156,test,BraTS-GLI-00193-000,-19.848155975341797,-19.774065017700195
1.5437602996826172e-05,1.0,0.5,3,prototype,0.08516155183315277,0,0.15999412536621094,2,0.15999412536621094,test,BraTS-GLI-00193-000,-19.848155975341797,-19.688161849975586
5.513429641723633e-05,1.0,1.0,3,prototype,0.08516155183315277,0,0.38314247131347656,2,0.38314247131347656,test,BraTS-GLI-00193-000,-19.848155975341797,-19.46501350402832
-1.2516975402832031e-06,1.0,0.25,3,random,0.08516155183315277,0,-0.020368576049804688,2,0.020368576049804688,test,BraTS-GLI-00193-000,-19.848155975341797,-19.8685245513916
-2.384185791015625e-06,1.0,0.5,3,random,0.08516155183315277,0,-0.03833961486816406,2,0.03833961486816406,test,BraTS-GLI-00193-000,-19.848155975341797,-19.88649559020996
-4.827976226806641e-06,1.0,1.0,3,random,0.08516155183315277,0,-0.07862472534179688,2,0.07862472534179688,test,BraTS-GLI-00193-000,-19.848155975341797,-19.926780700683594
-6.020069122314453e-06,0.9999783039093018,0.25,3,proposal,0.08516155183315277,0,-0.09017562866210938,2,0.09017562866210938,test,BraTS-GLI-00193-000,-19.848155975341797,-19.938331604003906
-9.834766387939453e-06,0.9999783039093018,0.5,3,proposal,0.08516155183315277,0,-0.23251724243164062,2,0.23251724243164062,test,BraTS-GLI-00193-000,-19.848155975341797,-20.080673217773438
-1.1980533599853516e-05,0.9999783039093018,1.0,3,proposal,0.08516155183315277,0,-0.3468608856201172,2,0.3468608856201172,test,BraTS-GLI-00193-000,-19.848155975341797,-20.195016860961914
4.112720489501953e-06,0.9999783039093018,0.25,3,anti_proposal,0.08516155183315277,0,0.04688453674316406,2,0.04688453674316406,test,BraTS-GLI-00193-000,-19.848155975341797,-19.801271438598633
3.993511199951172e-06,0.9999783039093018,0.5,3,anti_proposal,0.08516155183315277,0,0.07612419128417969,2,0.07612419128417969,test,BraTS-GLI-00193-000,-19.848155975341797,-19.772031784057617
-2.384185791015625e-07,0.9999783039093018,1.0,3,anti_proposal,0.08516155183315277,0,0.11457061767578125,2,0.11457061767578125,test,BraTS-GLI-00193-000,-19.848155975341797,-19.733585357666016
0.0,1.0,0.25,5,prototype,0.030641958117485046,0,-0.017946243286132812,2,0.017946243286132812,test,BraTS-GLI-00193-000,-21.290510177612305,-21.308456420898438
0.0,1.0,0.5,5,prototype,0.030641958117485046,0,-0.0345611572265625,2,0.0345611572265625,test,BraTS-GLI-00193-000,-21.290510177612305,-21.325071334838867
0.0,1.0,1.0,5,prototype,0.030641958117485046,0,-0.0623016357421875,2,0.0623016357421875,test,BraTS-GLI-00193-000,-21.290510177612305,-21.352811813354492
0.0,1.0,0.25,5,random,0.030641958117485046,0,-0.020509719848632812,2,0.020509719848632812,test,BraTS-GLI-00193-000,-21.290510177612305,-21.311019897460938
0.0,1.0,0.5,5,random,0.030641958117485046,0,-0.04061698913574219,2,0.04061698913574219,test,BraTS-GLI-00193-000,-21.290510177612305,-21.331127166748047
0.0,1.0,1.0,5,random,0.030641958117485046,0,-0.07795143127441406,2,0.07795143127441406,test,BraTS-GLI-00193-000,-21.290510177612305,-21.36846160888672
0.0,0.9999701976776123,0.25,5,proposal,0.030641958117485046,0,0.2551898956298828,2,0.2551898956298828,test,BraTS-GLI-00193-000,-21.290510177612305,-21.035320281982422
0.0,0.9999701976776123,0.5,5,proposal,0.030641958117485046,0,0.6513996124267578,2,0.6513996124267578,test,BraTS-GLI-00193-000,-21.290510177612305,-20.639110565185547
1.1920928955078125e-07,0.9999701976776123,1.0,5,proposal,0.030641958117485046,0,2.309598922729492,2,2.309598922729492,test,BraTS-GLI-00193-000,-21.290510177612305,-18.980911254882812
0.0,0.9999701976776123,0.25,5,anti_proposal,0.030641958117485046,0,-0.17257308959960938,2,0.17257308959960938,test,BraTS-GLI-00193-000,-21.290510177612305,-21.463083267211914
0.0,0.9999701976776123,0.5,5,anti_proposal,0.030641958117485046,0,-0.2878284454345703,2,0.2878284454345703,test,BraTS-GLI-00193-000,-21.290510177612305,-21.578338623046875
0.0,0.9999701976776123,1.0,5,anti_proposal,0.030641958117485046,0,-0.3951072692871094,2,0.3951072692871094,test,BraTS-GLI-00193-000,-21.290510177612305,-21.685617446899414
1.1920928955078125e-07,1.0,0.25,4,prototype,0.11068929731845856,0,0.00763702392578125,2,0.00763702392578125,test,BraTS-GLI-00840-000,-15.164146423339844,-15.156509399414062
1.1920928955078125e-07,1.0,0.5,4,prototype,0.11068929731845856,0,0.016361236572265625,2,0.016361236572265625,test,BraTS-GLI-00840-000,-15.164146423339844,-15.147785186767578
1.1920928955078125e-07,1.0,1.0,4,prototype,0.11068929731845856,0,-0.00354766845703125,2,0.00354766845703125,test,BraTS-GLI-00840-000,-15.164146423339844,-15.167694091796875
0.0,1.0,0.25,4,random,0.11068929731845856,0,0.0017061233520507812,2,0.0017061233520507812,test,BraTS-GLI-00840-000,-15.164146423339844,-15.162440299987793
0.0,1.0,0.5,4,random,0.11068929731845856,0,-0.0016031265258789062,2,0.0016031265258789062,test,BraTS-GLI-00840-000,-15.164146423339844,-15.165749549865723
0.0,1.0,1.0,4,random,0.11068929731845856,0,-0.010578155517578125,2,0.010578155517578125,test,BraTS-GLI-00840-000,-15.164146423339844,-15.174724578857422
0.0,0.9980212450027466,0.25,4,proposal,0.11068929731845856,0,-0.07115745544433594,2,0.07115745544433594,test,BraTS-GLI-00840-000,-15.164146423339844,-15.23530387878418
-1.1920928955078125e-07,0.9980212450027466,0.5,4,proposal,0.11068929731845856,0,-0.26906490325927734,2,0.26906490325927734,test,BraTS-GLI-00840-000,-15.164146423339844,-15.433211326599121
-2.980232238769531e-07,0.9980212450027466,1.0,4,proposal,0.11068929731845856,0,-0.7330331802368164,2,0.7330331802368164,test,BraTS-GLI-00840-000,-15.164146423339844,-15.89717960357666
0.0,0.9980212450027466,0.25,4,anti_proposal,0.11068929731845856,0,-0.12030601501464844,2,0.12030601501464844,test,BraTS-GLI-00840-000,-15.164146423339844,-15.284452438354492
-5.960464477539063e-08,0.9980212450027466,0.5,4,anti_proposal,0.11068929731845856,0,-0.23803138732910156,2,0.23803138732910156,test,BraTS-GLI-00840-000,-15.164146423339844,-15.402177810668945
9.5367431640625e-07,0.9980212450027466,1.0,4,anti_proposal,0.11068929731845856,0,0.5908403396606445,2,0.5908403396606445,test,BraTS-GLI-00840-000,-15.164146423339844,-14.5733060836792
1.5497207641601562e-06,1.0,0.25,1,prototype,0.44577693939208984,0,-0.04027557373046875,2,0.04027557373046875,test,BraTS-GLI-00021-000,-20.324460983276367,-20.364736557006836
1.4424324035644531e-05,1.0,0.5,1,prototype,0.44577693939208984,0,-0.07309150695800781,2,0.07309150695800781,test,BraTS-GLI-00021-000,-20.324460983276367,-20.397552490234375
0.0012093186378479004,1.0,1.0,1,prototype,0.44577693939208984,0,-0.11685752868652344,2,0.11685752868652344,test,BraTS-GLI-00021-000,-20.324460983276367,-20.44131851196289
-5.960464477539063e-08,1.0,0.25,1,random,0.44577693939208984,0,-0.00383758544921875,2,0.00383758544921875,test,BraTS-GLI-00021-000,-20.324460983276367,-20.328298568725586
-5.960464477539063e-08,1.0,0.5,1,random,0.44577693939208984,0,-0.0077571868896484375,2,0.0077571868896484375,test,BraTS-GLI-00021-000,-20.324460983276367,-20.332218170166016
-5.960464477539063e-08,1.0,1.0,1,random,0.44577693939208984,0,-0.015651702880859375,2,0.015651702880859375,test,BraTS-GLI-00021-000,-20.324460983276367,-20.340112686157227
1.6629695892333984e-05,0.9999853372573853,0.25,1,proposal,0.44577693939208984,0,0.0070400238037109375,2,0.0070400238037109375,test,BraTS-GLI-00021-000,-20.324460983276367,-20.317420959472656
0.002119779586791992,0.9999853372573853,0.5,1,proposal,0.44577693939208984,0,0.030376434326171875,2,0.030376434326171875,test,BraTS-GLI-00021-000,-20.324460983276367,-20.294084548950195
0.025929570198059082,0.9999853372573853,1.0,1,proposal,0.44577693939208984,0,0.26081085205078125,2,0.26081085205078125,test,BraTS-GLI-00021-000,-20.324460983276367,-20.063650131225586
-2.384185791015625e-07,0.9999853372573853,0.25,1,anti_proposal,0.44577693939208984,0,-0.006175994873046875,2,0.006175994873046875,test,BraTS-GLI-00021-000,-20.324460983276367,-20.330636978149414
-2.384185791015625e-07,0.9999853372573853,0.5,1,anti_proposal,0.44577693939208984,0,-0.017663955688476562,2,0.017663955688476562,test,BraTS-GLI-00021-000,-20.324460983276367,-20.342124938964844
-2.384185791015625e-07,0.9999853372573853,1.0,1,anti_proposal,0.44577693939208984,0,-0.08543586730957031,2,0.08543586730957031,test,BraTS-GLI-00021-000,-20.324460983276367,-20.409896850585938
0.0,1.0,0.25,2,prototype,0.01582076959311962,0,0.08413124084472656,3,0.08413124084472656,train,BraTS-GLI-00250-000,-29.0205078125,-28.936376571655273
0.0,1.0,0.5,2,prototype,0.01582076959311962,0,0.1742076873779297,3,0.1742076873779297,train,BraTS-GLI-00250-000,-29.0205078125,-28.84630012512207
0.0,1.0,1.0,2,prototype,0.01582076959311962,0,0.3708953857421875,3,0.3708953857421875,train,BraTS-GLI-00250-000,-29.0205078125,-28.649612426757812
0.0,1.0,0.25,2,random,0.01582076959311962,0,-0.05624961853027344,3,0.05624961853027344,train,BraTS-GLI-00250-000,-29.0205078125,-29.076757431030273
0.0,1.0,0.5,2,random,0.01582076959311962,0,-0.1102447509765625,3,0.1102447509765625,train,BraTS-GLI-00250-000,-29.0205078125,-29.130752563476562
0.0,1.0,1.0,2,random,0.01582076959311962,0,-0.20221328735351562,3,0.20221328735351562,train,BraTS-GLI-00250-000,-29.0205078125,-29.222721099853516
0.0,0.9999808073043823,0.25,2,proposal,0.01582076959311962,0,1.2019691467285156,3,1.2019691467285156,train,BraTS-GLI-00250-000,-29.0205078125,-27.818538665771484
0.0,0.9999808073043823,0.5,2,proposal,0.01582076959311962,0,2.7559070587158203,3,2.7559070587158203,train,BraTS-GLI-00250-000,-29.0205078125,-26.26460075378418
0.0,0.9999808073043823,1.0,2,proposal,0.01582076959311962,0,6.272058486938477,3,6.272058486938477,train,BraTS-GLI-00250-000,-29.0205078125,-22.748449325561523
0.0,0.9999808073043823,0.25,2,anti_proposal,0.01582076959311962,0,-0.8439540863037109,3,0.8439540863037109,train,BraTS-GLI-00250-000,-29.0205078125,-29.86446189880371
0.0,0.9999808073043823,0.5,2,anti_proposal,0.01582076959311962,0,-1.3819541931152344,3,1.3819541931152344,train,BraTS-GLI-00250-000,-29.0205078125,-30.402462005615234
0.0,0.9999808073043823,1.0,2,anti_proposal,0.01582076959311962,0,-1.9648857116699219,3,1.9648857116699219,train,BraTS-GLI-00250-000,-29.0205078125,-30.985393524169922
-3.403425216674805e-05,1.0,0.25,3,prototype,0.022493472322821617,0,-0.08455944061279297,3,0.08455944061279297,train,BraTS-GLI-01326-000,-9.930095672607422,-10.014655113220215
-6.860494613647461e-05,1.0,0.5,3,prototype,0.022493472322821617,0,-0.17364788055419922,3,0.17364788055419922,train,BraTS-GLI-01326-000,-9.930095672607422,-10.103743553161621
-0.00013571977615356445,1.0,1.0,3,prototype,0.022493472322821617,0,-0.3729524612426758,3,0.3729524612426758,train,BraTS-GLI-01326-000,-9.930095672607422,-10.303048133850098
1.6570091247558594e-05,1.0,0.25,3,random,0.022493472322821617,0,0.025739669799804688,3,0.025739669799804688,train,BraTS-GLI-01326-000,-9.930095672607422,-9.904356002807617
3.361701965332031e-05,1.0,0.5,3,random,0.022493472322821617,0,0.04979896545410156,3,0.04979896545410156,train,BraTS-GLI-01326-000,-9.930095672607422,-9.88029670715332
7.891654968261719e-05,1.0,1.0,3,random,0.022493472322821617,0,0.110382080078125,3,0.110382080078125,train,BraTS-GLI-01326-000,-9.930095672607422,-9.819713592529297
0.02261108160018921,0.9999151229858398,0.25,3,proposal,0.022493472322821617,0,3.1450657844543457,3,3.1450657844543457,train,BraTS-GLI-01326-000,-9.930095672607422,-6.785029888153076
0.28080689907073975,0.9999151229858398,0.5,3,proposal,0.022493472322821617,0,5.972745656967163,3,5.972745656967163,train,BraTS-GLI-01326-000,-9.930095672607422,-3.957350015640259
0.8460829257965088,0.9999151229858398,1.0,3,proposal,0.022493472322821617,1,10.57260513305664,3,10.57260513305664,train,BraTS-GLI-01326-000,-9.930095672607422,0.6425094604492188
-0.000476837158203125,0.9999151229858398,0.25,3,anti_proposal,0.022493472322821617,0,-3.1076860427856445,3,3.1076860427856445,train,BraTS-GLI-01326-000,-9.930095672607422,-13.037781715393066
-0.0004914999008178711,0.9999151229858398,0.5,3,anti_proposal,0.022493472322821617,0,-5.5255842208862305,3,5.5255842208862305,train,BraTS-GLI-01326-000,-9.930095672607422,-15.455679893493652
-0.0004926919937133789,0.9999151229858398,1.0,3,anti_proposal,0.022493472322821617,0,-7.399377822875977,3,7.399377822875977,train,BraTS-GLI-01326-000,-9.930095672607422,-17.3294734954834
0.0,1.0,0.25,12,prototype,-0.2042349874973297,0,-0.1667156219482422,3,0.1667156219482422,train,BraTS-GLI-00764-000,-20.895824432373047,-21.06254005432129
0.0,1.0,0.5,12,prototype,-0.2042349874973297,0,-0.3389892578125,3,0.3389892578125,train,BraTS-GLI-00764-000,-20.895824432373047,-21.234813690185547
0.0,1.0,1.0,12,prototype,-0.2042349874973297,0,-0.6933879852294922,3,0.6933879852294922,train,BraTS-GLI-00764-000,-20.895824432373047,-21.58921241760254
0.0,1.0,0.25,12,random,-0.2042349874973297,0,0.04122161865234375,3,0.04122161865234375,train,BraTS-GLI-00764-000,-20.895824432373047,-20.854602813720703
0.0,1.0,0.5,12,random,-0.2042349874973297,0,0.08079338073730469,3,0.08079338073730469,train,BraTS-GLI-00764-000,-20.895824432373047,-20.815031051635742
0.0,1.0,1.0,12,random,-0.2042349874973297,0,0.1543140411376953,3,0.1543140411376953,train,BraTS-GLI-00764-000,-20.895824432373047,-20.74151039123535
0.0,0.9987101554870605,0.25,12,proposal,-0.2042349874973297,0,0.8838520050048828,3,0.8838520050048828,train,BraTS-GLI-00764-000,-20.895824432373047,-20.011972427368164
0.0,0.9987101554870605,0.5,12,proposal,-0.2042349874973297,0,1.4119834899902344,3,1.4119834899902344,train,BraTS-GLI-00764-000,-20.895824432373047,-19.483840942382812
0.0,0.9987101554870605,1.0,12,proposal,-0.2042349874973297,0,1.335479736328125,3,1.335479736328125,train,BraTS-GLI-00764-000,-20.895824432373047,-19.560344696044922
0.0,0.9987101554870605,0.25,12,anti_proposal,-0.2042349874973297,0,-1.2008781433105469,3,1.2008781433105469,train,BraTS-GLI-00764-000,-20.895824432373047,-22.096702575683594
0.0,0.9987101554870605,0.5,12,anti_proposal,-0.2042349874973297,0,-2.4576988220214844,3,2.4576988220214844,train,BraTS-GLI-00764-000,-20.895824432373047,-23.35352325439453
0.0,0.9987101554870605,1.0,12,anti_proposal,-0.2042349874973297,0,-4.999855041503906,3,4.999855041503906,train,BraTS-GLI-00764-000,-20.895824432373047,-25.895679473876953
5.960464477539063e-08,1.0,0.25,13,prototype,0.1856801062822342,0,0.12279701232910156,3,0.12279701232910156,train,BraTS-GLI-00764-000,-24.252208709716797,-24.129411697387695
5.960464477539063e-08,1.0,0.5,13,prototype,0.1856801062822342,0,0.23717689514160156,3,0.23717689514160156,train,BraTS-GLI-00764-000,-24.252208709716797,-24.015031814575195
5.960464477539063e-08,1.0,1.0,13,prototype,0.1856801062822342,0,0.4793567657470703,3,0.4793567657470703,train,BraTS-GLI-00764-000,-24.252208709716797,-23.772851943969727
0.0,1.0,0.25,13,random,0.1856801062822342,0,-0.015951156616210938,3,0.015951156616210938,train,BraTS-GLI-00764-000,-24.252208709716797,-24.268159866333008
0.0,1.0,0.5,13,random,0.1856801062822342,0,-0.03303718566894531,3,0.03303718566894531,train,BraTS-GLI-00764-000,-24.252208709716797,-24.285245895385742
0.0,1.0,1.0,13,random,0.1856801062822342,0,-0.06724739074707031,3,0.06724739074707031,train,BraTS-GLI-00764-000,-24.252208709716797,-24.319456100463867
5.960464477539063e-08,0.9996790885925293,0.25,13,proposal,0.1856801062822342,0,0.6595516204833984,3,0.6595516204833984,train,BraTS-GLI-00764-000,-24.252208709716797,-23.5926570892334
1.6689300537109375e-06,0.9996790885925293,0.5,13,proposal,0.1856801062822342,0,1.4540252685546875,3,1.4540252685546875,train,BraTS-GLI-00764-000,-24.252208709716797,-22.79818344116211
0.0004417896270751953,0.9996790885925293,1.0,13,proposal,0.1856801062822342,0,2.8161144256591797,3,2.8161144256591797,train,BraTS-GLI-00764-000,-24.252208709716797,-21.436094284057617
0.0,0.9996790885925293,0.25,13,anti_proposal,0.1856801062822342,0,-0.5342578887939453,3,0.5342578887939453,train,BraTS-GLI-00764-000,-24.252208709716797,-24.786466598510742
0.0,0.9996790885925293,0.5,13,anti_proposal,0.1856801062822342,0,-0.8227710723876953,3,0.8227710723876953,train,BraTS-GLI-00764-000,-24.252208709716797,-25.074979782104492
0.0,0.9996790885925293,1.0,13,anti_proposal,0.1856801062822342,0,-0.5018882751464844,3,0.5018882751464844,train,BraTS-GLI-00764-000,-24.252208709716797,-24.75409698486328
0.05750077962875366,1.0,0.25,5,prototype,0.22285422682762146,0,0.9014463424682617,3,0.9014463424682617,train,BraTS-GLI-00764-000,-9.673478126525879,-8.772031784057617
0.1578848958015442,1.0,0.5,5,prototype,0.22285422682762146,0,1.8418254852294922,3,1.8418254852294922,train,BraTS-GLI-00764-000,-9.673478126525879,-7.831652641296387
0.3819809556007385,1.0,1.0,5,prototype,0.22285422682762146,0,3.711503028869629,3,3.711503028869629,train,BraTS-GLI-00764-000,-9.673478126525879,-5.96197509765625
0.0003815889358520508,1.0,0.25,5,random,0.22285422682762146,0,-0.008142471313476562,3,0.008142471313476562,train,BraTS-GLI-00764-000,-9.673478126525879,-9.681620597839355
0.0005828142166137695,1.0,0.5,5,random,0.22285422682762146,0,-0.01961994171142578,3,0.01961994171142578,train,BraTS-GLI-00764-000,-9.673478126525879,-9.693098068237305
0.0008493661880493164,1.0,1.0,5,random,0.22285422682762146,0,-0.039913177490234375,3,0.039913177490234375,train,BraTS-GLI-00764-000,-9.673478126525879,-9.713391304016113
0.44242042303085327,0.9996219873428345,0.25,5,proposal,0.22285422682762146,0,4.304486274719238,3,4.304486274719238,train,BraTS-GLI-00764-000,-9.673478126525879,-5.368991851806641
0.6894379556179047,0.9996219873428345,0.5,5,proposal,0.22285422682762146,0,7.943012118339539,3,7.943012118339539,train,BraTS-GLI-00764-000,-9.673478126525879,-1.7304660081863403
0.8648546636104584,0.9996219873428345,1.0,5,proposal,0.22285422682762146,1,12.808104038238525,3,12.808104038238525,train,BraTS-GLI-00764-000,-9.673478126525879,3.1346259117126465
-0.03459125757217407,0.9996219873428345,0.25,5,anti_proposal,0.22285422682762146,0,-4.436302185058594,3,4.436302185058594,train,BraTS-GLI-00764-000,-9.673478126525879,-14.109780311584473
-0.0348164439201355,0.9996219873428345,0.5,5,anti_proposal,0.22285422682762146,0,-7.709664344787598,3,7.709664344787598,train,BraTS-GLI-00764-000,-9.673478126525879,-17.383142471313477
-0.034820616245269775,0.9996219873428345,1.0,5,anti_proposal,0.22285422682762146,0,-8.969426155090332,3,8.969426155090332,train,BraTS-GLI-00764-000,-9.673478126525879,-18.64290428161621
0.0,1.0,0.25,1,prototype,-0.08690091967582703,0,-0.07213211059570312,3,0.07213211059570312,train,BraTS-GLI-00731-001,-17.27223777770996,-17.344369888305664
0.0,1.0,0.5,1,prototype,-0.08690091967582703,0,-0.14127159118652344,3,0.14127159118652344,train,BraTS-GLI-00731-001,-17.27223777770996,-17.413509368896484
0.0,1.0,1.0,1,prototype,-0.08690091967582703,0,-0.27042579650878906,3,0.27042579650878906,train,BraTS-GLI-00731-001,-17.27223777770996,-17.54266357421875
0.0,1.0,0.25,1,random,-0.08690091967582703,0,0.04022026062011719,3,0.04022026062011719,train,BraTS-GLI-00731-001,-17.27223777770996,-17.232017517089844
0.0,1.0,0.5,1,random,-0.08690091967582703,0,0.08089065551757812,3,0.08089065551757812,train,BraTS-GLI-00731-001,-17.27223777770996,-17.191347122192383
0.0,1.0,1.0,1,random,-0.08690091967582703,0,0.16279220581054688,3,0.16279220581054688,train,BraTS-GLI-00731-001,-17.27223777770996,-17.109445571899414
-1.1920928955078125e-07,0.9995438456535339,0.25,1,proposal,-0.08690091967582703,0,0.7337398529052734,3,0.7337398529052734,train,BraTS-GLI-00731-001,-17.27223777770996,-16.538497924804688
0.0,0.9995438456535339,0.5,1,proposal,-0.08690091967582703,0,1.340078353881836,3,1.340078353881836,train,BraTS-GLI-00731-001,-17.27223777770996,-15.932159423828125
-1.7881393432617188e-07,0.9995438456535339,1.0,1,proposal,-0.08690091967582703,0,0.5005226135253906,3,0.5005226135253906,train,BraTS-GLI-00731-001,-17.27223777770996,-16.77171516418457
5.960464477539063e-08,0.9995438456535339,0.25,1,anti_proposal,-0.08690091967582703,0,-0.5268402099609375,3,0.5268402099609375,train,BraTS-GLI-00731-001,-17.27223777770996,-17.7990779876709
1.1920928955078125e-07,0.9995438456535339,0.5,1,anti_proposal,-0.08690091967582703,0,-0.8558712005615234,3,0.8558712005615234,train,BraTS-GLI-00731-001,-17.27223777770996,-18.128108978271484
4.76837158203125e-07,0.9995438456535339,1.0,1,anti_proposal,-0.08690091967582703,0,-1.2744579315185547,3,1.2744579315185547,train,BraTS-GLI-00731-001,-17.27223777770996,-18.546695709228516
3.5762786865234375e-06,1.0,0.25,4,prototype,0.210615873336792,0,0.18780994415283203,3,0.18780994415283203,train,BraTS-GLI-00514-001,-13.312588691711426,-13.124778747558594
9.179115295410156e-06,1.0,0.5,4,prototype,0.210615873336792,0,0.38707542419433594,3,0.38707542419433594,train,BraTS-GLI-00514-001,-13.312588691711426,-12.92551326751709
3.266334533691406e-05,1.0,1.0,4,prototype,0.210615873336792,0,0.8471450805664062,3,0.8471450805664062,train,BraTS-GLI-00514-001,-13.312588691711426,-12.46544361114502
-1.7881393432617188e-06,1.0,0.25,4,random,0.210615873336792,0,-0.1288919448852539,3,0.1288919448852539,train,BraTS-GLI-00514-001,-13.312588691711426,-13.44148063659668
-3.159046173095703e-06,1.0,0.5,4,random,0.210615873336792,0,-0.2558097839355469,3,0.2558097839355469,train,BraTS-GLI-00514-001,-13.312588691711426,-13.568398475646973
-5.245208740234375e-06,1.0,1.0,4,random,0.210615873336792,0,-0.4956483840942383,3,0.4956483840942383,train,BraTS-GLI-00514-001,-13.312588691711426,-13.808237075805664
3.6597251892089844e-05,0.9999470710754395,0.25,4,proposal,0.210615873336792,0,1.069289207458496,3,1.069289207458496,train,BraTS-GLI-00514-001,-13.312588691711426,-12.24329948425293
0.00019472837448120117,0.9999470710754395,0.5,4,proposal,0.210615873336792,0,2.1225805282592773,3,2.1225805282592773,train,BraTS-GLI-00514-001,-13.312588691711426,-11.190008163452148
0.006714046001434326,0.9999470710754395,1.0,4,proposal,0.210615873336792,0,4.427435874938965,3,4.427435874938965,train,BraTS-GLI-00514-001,-13.312588691711426,-8.885152816772461
-7.987022399902344e-06,0.9999470710754395,0.25,4,anti_proposal,0.210615873336792,0,-1.033803939819336,3,1.033803939819336,train,BraTS-GLI-00514-001,-13.312588691711426,-14.346392631530762
-9.894371032714844e-06,0.9999470710754395,0.5,4,anti_proposal,0.210615873336792,0,-1.8805274963378906,3,1.8805274963378906,train,BraTS-GLI-00514-001,-13.312588691711426,-15.193116188049316
-1.055002212524414e-05,0.9999470710754395,1.0,4,anti_proposal,0.210615873336792,0,-2.8783483505249023,3,2.8783483505249023,train,BraTS-GLI-00514-001,-13.312588691711426,-16.190937042236328
0.0,1.0,0.25,40,prototype,-0.09000883996486664,0,-0.1413726806640625,3,0.1413726806640625,train,BraTS-GLI-00146-000,-32.33709716796875,-32.47846984863281
0.0,1.0,0.5,40,prototype,-0.09000883996486664,0,-0.2655372619628906,3,0.2655372619628906,train,BraTS-GLI-00146-000,-32.33709716796875,-32.60263442993164
0.0,1.0,1.0,40,prototype,-0.09000883996486664,0,-0.4552574157714844,3,0.4552574157714844,train,BraTS-GLI-00146-000,-32.33709716796875,-32.792354583740234
0.0,1.0,0.25,40,random,-0.09000883996486664,0,-0.12845611572265625,3,0.12845611572265625,train,BraTS-GLI-00146-000,-32.33709716796875,-32.465553283691406
0.0,1.0,0.5,40,random,-0.09000883996486664,0,-0.2567100524902344,3,0.2567100524902344,train,BraTS-GLI-00146-000,-32.33709716796875,-32.593807220458984
0.0,1.0,1.0,40,random,-0.09000883996486664,0,-0.5046119689941406,3,0.5046119689941406,train,BraTS-GLI-00146-000,-32.33709716796875,-32.84170913696289
0.0,0.9983816146850586,0.25,40,proposal,-0.09000883996486664,0,1.822174072265625,3,1.822174072265625,train,BraTS-GLI-00146-000,-32.33709716796875,-30.514923095703125
0.0,0.9983816146850586,0.5,40,proposal,-0.09000883996486664,0,4.337673187255859,3,4.337673187255859,train,BraTS-GLI-00146-000,-32.33709716796875,-27.99942398071289
0.0,0.9983816146850586,1.0,40,proposal,-0.09000883996486664,0,8.115781784057617,3,8.115781784057617,train,BraTS-GLI-00146-000,-32.33709716796875,-24.221315383911133
0.0,0.9983816146850586,0.25,40,anti_proposal,-0.09000883996486664,0,-1.9150886535644531,3,1.9150886535644531,train,BraTS-GLI-00146-000,-32.33709716796875,-34.2521858215332
0.0,0.9983816146850586,0.5,40,anti_proposal,-0.09000883996486664,0,-3.4638023376464844,3,3.4638023376464844,train,BraTS-GLI-00146-000,-32.33709716796875,-35.800899505615234
-1.1920928955078125e-07,0.9983816146850586,1.0,40,anti_proposal,-0.09000883996486664,0,-5.171909332275391,3,5.171909332275391,train,BraTS-GLI-00146-000,-32.33709716796875,-37.50900650024414
0.011246442794799805,1.0,0.25,117,prototype,0.17127306759357452,0,0.09232759475708008,3,0.09232759475708008,train,BraTS-GLI-00146-000,-4.26696252822876,-4.17463493347168
0.023613572120666504,1.0,0.5,117,prototype,0.17127306759357452,0,0.1895298957824707,3,0.1895298957824707,train,BraTS-GLI-00146-000,-4.26696252822876,-4.077432632446289
0.05242711305618286,1.0,1.0,117,prototype,0.17127306759357452,0,0.39449214935302734,3,0.39449214935302734,train,BraTS-GLI-00146-000,-4.26696252822876,-3.8724703788757324
0.01991581916809082,1.0,0.25,117,random,0.17127306759357452,0,0.18588590621948242,3,0.18588590621948242,train,BraTS-GLI-00146-000,-4.26696252822876,-4.081076622009277
0.04191190004348755,1.0,0.5,117,random,0.17127306759357452,0,0.3663175106048584,3,0.3663175106048584,train,BraTS-GLI-00146-000,-4.26696252822876,-3.9006450176239014
0.09063774347305298,1.0,1.0,117,random,0.17127306759357452,0,0.7100484371185303,3,0.7100484371185303,train,BraTS-GLI-00146-000,-4.26696252822876,-3.5569140911102295
0.1817198395729065,0.9991003274917603,0.25,117,proposal,0.17127306759357452,0,1.208958387374878,3,1.208958387374878,train,BraTS-GLI-00146-000,-4.26696252822876,-3.058004140853882
0.39251387119293213,0.9991003274917603,0.5,117,proposal,0.17127306759357452,0,2.29119873046875,3,2.29119873046875,train,BraTS-GLI-00146-000,-4.26696252822876,-1.9757637977600098
0.6776653230190277,0.9991003274917603,1.0,117,proposal,0.17127306759357452,0,4.256449725478888,3,4.256449725478888,train,BraTS-GLI-00146-000,-4.26696252822876,-0.010512802749872208
-0.08289927244186401,0.9991003274917603,0.25,117,anti_proposal,0.17127306759357452,0,-1.4011926651000977,3,1.4011926651000977,train,BraTS-GLI-00146-000,-4.26696252822876,-5.668155193328857
-0.10195308923721313,0.9991003274917603,0.5,117,anti_proposal,0.17127306759357452,0,-2.793638229370117,3,2.793638229370117,train,BraTS-GLI-00146-000,-4.26696252822876,-7.060600757598877
-0.10627108812332153,0.9991003274917603,1.0,117,anti_proposal,0.17127306759357452,0,-5.295145511627197,3,5.295145511627197,train,BraTS-GLI-00146-000,-4.26696252822876,-9.562108039855957
1.9073486328125e-06,1.0,0.25,2,prototype,-0.04562448710203171,0,-0.01032257080078125,3,0.01032257080078125,train,BraTS-GLI-00286-000,-18.31195068359375,-18.32227325439453
4.351139068603516e-06,1.0,0.5,2,prototype,-0.04562448710203171,0,-0.019147872924804688,3,0.019147872924804688,train,BraTS-GLI-00286-000,-18.31195068359375,-18.331098556518555
1.1980533599853516e-05,1.0,1.0,2,prototype,-0.04562448710203171,0,-0.032131195068359375,3,0.032131195068359375,train,BraTS-GLI-00286-000,-18.31195068359375,-18.34408187866211
7.748603820800781e-07,1.0,0.25,2,random,-0.04562448710203171,0,-0.015790939331054688,3,0.015790939331054688,train,BraTS-GLI-00286-000,-18.31195068359375,-18.327741622924805
1.6093254089355469e-06,1.0,0.5,2,random,-0.04562448710203171,0,-0.03159904479980469,3,0.03159904479980469,train,BraTS-GLI-00286-000,-18.31195068359375,-18.343549728393555
3.5762786865234375e-06,1.0,1.0,2,random,-0.04562448710203171,0,-0.06171226501464844,3,0.06171226501464844,train,BraTS-GLI-00286-000,-18.31195068359375,-18.3736629486084
-6.258487701416016e-06,0.9988706707954407,0.25,2,proposal,-0.04562448710203171,0,0.3272838592529297,3,0.3272838592529297,train,BraTS-GLI-00286-000,-18.31195068359375,-17.98466682434082
-6.854534149169922e-06,0.9988706707954407,0.5,2,proposal,-0.04562448710203171,0,0.9308967590332031,3,0.9308967590332031,train,BraTS-GLI-00286-000,-18.31195068359375,-17.381053924560547
-6.735324859619141e-06,0.9988706707954407,1.0,2,proposal,-0.04562448710203171,0,2.4809770584106445,3,2.4809770584106445,train,BraTS-GLI-00286-000,-18.31195068359375,-15.830973625183105
3.74913215637207e-05,0.9988706707954407,0.25,2,anti_proposal,-0.04562448710203171,0,-0.18064498901367188,3,0.18064498901367188,train,BraTS-GLI-00286-000,-18.31195068359375,-18.492595672607422
0.0002696514129638672,0.9988706707954407,0.5,2,anti_proposal,-0.04562448710203171,0,-0.3143348693847656,3,0.3143348693847656,train,BraTS-GLI-00286-000,-18.31195068359375,-18.626285552978516
0.005712151527404785,0.9988706707954407,1.0,2,anti_proposal,-0.04562448710203171,0,-0.5296077728271484,3,0.5296077728271484,train,BraTS-GLI-00286-000,-18.31195068359375,-18.8415584564209
3.3974647521972656e-06,1.0,0.25,5,prototype,0.30743274092674255,0,0.22556114196777344,3,0.22556114196777344,train,BraTS-GLI-00286-000,-15.399022102355957,-15.173460960388184
1.049041748046875e-05,1.0,0.5,5,prototype,0.30743274092674255,0,0.5095653533935547,3,0.5095653533935547,train,BraTS-GLI-00286-000,-15.399022102355957,-14.889456748962402
8.815526962280273e-05,1.0,1.0,5,prototype,0.30743274092674255,0,1.285780906677246,3,1.285780906677246,train,BraTS-GLI-00286-000,-15.399022102355957,-14.113241195678711
-2.980232238769531e-07,1.0,0.25,5,random,0.30743274092674255,0,-0.030017852783203125,3,0.030017852783203125,train,BraTS-GLI-00286-000,-15.399022102355957,-15.42903995513916
-6.556510925292969e-07,1.0,0.5,5,random,0.30743274092674255,0,-0.058807373046875,3,0.058807373046875,train,BraTS-GLI-00286-000,-15.399022102355957,-15.457829475402832
-1.1920928955078125e-06,1.0,1.0,5,random,0.30743274092674255,0,-0.11709308624267578,3,0.11709308624267578,train,BraTS-GLI-00286-000,-15.399022102355957,-15.516115188598633
6.204843521118164e-05,0.9996498823165894,0.25,5,proposal,0.30743274092674255,0,0.9611167907714844,3,0.9611167907714844,train,BraTS-GLI-00286-000,-15.399022102355957,-14.437905311584473
0.003175675868988037,0.9996498823165894,0.5,5,proposal,0.30743274092674255,0,2.4539575576782227,3,2.4539575576782227,train,BraTS-GLI-00286-000,-15.399022102355957,-12.945064544677734
0.28554707765579224,0.9996498823165894,1.0,5,proposal,0.30743274092674255,0,7.810850143432617,3,7.810850143432617,train,BraTS-GLI-00286-000,-15.399022102355957,-7.58817195892334
-4.708766937255859e-06,0.9996498823165894,0.25,5,anti_proposal,0.30743274092674255,0,-0.5583257675170898,3,0.5583257675170898,train,BraTS-GLI-00286-000,-15.399022102355957,-15.957347869873047
-5.662441253662109e-06,0.9996498823165894,0.5,5,anti_proposal,0.30743274092674255,0,-0.8869619369506836,3,0.8869619369506836,train,BraTS-GLI-00286-000,-15.399022102355957,-16.28598403930664
-5.9604644775390625e-06,0.9996498823165894,1.0,5,anti_proposal,0.30743274092674255,0,-1.3354864120483398,3,1.3354864120483398,train,BraTS-GLI-00286-000,-15.399022102355957,-16.734508514404297
0.0,1.0,0.25,1,prototype,-0.05390366166830063,0,-0.030292510986328125,3,0.030292510986328125,train,BraTS-GLI-00286-000,-21.03036117553711,-21.060653686523438
0.0,1.0,0.5,1,prototype,-0.05390366166830063,0,-0.05792999267578125,3,0.05792999267578125,train,BraTS-GLI-00286-000,-21.03036117553711,-21.08829116821289
0.0,1.0,1.0,1,prototype,-0.05390366166830063,0,-0.11078834533691406,3,0.11078834533691406,train,BraTS-GLI-00286-000,-21.03036117553711,-21.141149520874023
0.0,1.0,0.25,1,random,-0.05390366166830063,0,0.0004100799560546875,3,0.0004100799560546875,train,BraTS-GLI-00286-000,-21.03036117553711,-21.029951095581055
0.0,1.0,0.5,1,random,-0.05390366166830063,0,-0.0003185272216796875,3,0.0003185272216796875,train,BraTS-GLI-00286-000,-21.03036117553711,-21.03067970275879
0.0,1.0,1.0,1,random,-0.05390366166830063,0,0.0001068115234375,3,0.0001068115234375,train,BraTS-GLI-00286-000,-21.03036117553711,-21.030254364013672
0.0,0.9957152009010315,0.25,1,proposal,-0.05390366166830063,0,0.7201919555664062,3,0.7201919555664062,train,BraTS-GLI-00286-000,-21.03036117553711,-20.310169219970703
0.0,0.9957152009010315,0.5,1,proposal,-0.05390366166830063,0,1.9923419952392578,3,1.9923419952392578,train,BraTS-GLI-00286-000,-21.03036117553711,-19.03801918029785
2.384185791015625e-07,0.9957152009010315,1.0,1,proposal,-0.05390366166830063,0,4.86815071105957,3,4.86815071105957,train,BraTS-GLI-00286-000,-21.03036117553711,-16.16221046447754
0.0,0.9957152009010315,0.25,1,anti_proposal,-0.05390366166830063,0,-0.44429779052734375,3,0.44429779052734375,train,BraTS-GLI-00286-000,-21.03036117553711,-21.474658966064453
0.0,0.9957152009010315,0.5,1,anti_proposal,-0.05390366166830063,0,-0.7891197204589844,3,0.7891197204589844,train,BraTS-GLI-00286-000,-21.03036117553711,-21.819480895996094
0.0,0.9957152009010315,1.0,1,anti_proposal,-0.05390366166830063,0,-1.3538284301757812,3,1.3538284301757812,train,BraTS-GLI-00286-000,-21.03036117553711,-22.38418960571289
0.0,1.0,0.25,3,prototype,0.028890173882246017,0,0.052326202392578125,3,0.052326202392578125,train,BraTS-GLI-00500-001,-17.93265724182129,-17.88033103942871
0.0,1.0,0.5,3,prototype,0.028890173882246017,0,0.09403419494628906,3,0.09403419494628906,train,BraTS-GLI-00500-001,-17.93265724182129,-17.838623046875
0.0,1.0,1.0,3,prototype,0.028890173882246017,0,0.1622753143310547,3,0.1622753143310547,train,BraTS-GLI-00500-001,-17.93265724182129,-17.770381927490234
0.0,1.0,0.25,3,random,0.028890173882246017,0,0.17940139770507812,3,0.17940139770507812,train,BraTS-GLI-00500-001,-17.93265724182129,-17.75325584411621
0.0,1.0,0.5,3,random,0.028890173882246017,0,0.3714256286621094,3,0.3714256286621094,train,BraTS-GLI-00500-001,-17.93265724182129,-17.56123161315918
5.960464477539063e-08,1.0,1.0,3,random,0.028890173882246017,0,0.7647914886474609,3,0.7647914886474609,train,BraTS-GLI-00500-001,-17.93265724182129,-17.167865753173828
1.1920928955078125e-07,0.9999730587005615,0.25,3,proposal,0.028890173882246017,0,1.2836380004882812,3,1.2836380004882812,train,BraTS-GLI-00500-001,-17.93265724182129,-16.649019241333008
1.4901161193847656e-06,0.9999730587005615,0.5,3,proposal,0.028890173882246017,0,2.8949623107910156,3,2.8949623107910156,train,BraTS-GLI-00500-001,-17.93265724182129,-15.037694931030273
8.803606033325195e-05,0.9999730587005615,1.0,3,proposal,0.028890173882246017,0,7.147711753845215,3,7.147711753845215,train,BraTS-GLI-00500-001,-17.93265724182129,-10.784945487976074
-1.1920928955078125e-07,0.9999730587005615,0.25,3,anti_proposal,0.028890173882246017,0,-1.1008110046386719,3,1.1008110046386719,train,BraTS-GLI-00500-001,-17.93265724182129,-19.03346824645996
-1.1920928955078125e-07,0.9999730587005615,0.5,3,anti_proposal,0.028890173882246017,0,-2.0067100524902344,3,2.0067100524902344,train,BraTS-GLI-00500-001,-17.93265724182129,-19.939367294311523
-1.1920928955078125e-07,0.9999730587005615,1.0,3,anti_proposal,0.028890173882246017,0,-3.407316207885742,3,3.407316207885742,train,BraTS-GLI-00500-001,-17.93265724182129,-21.33997344970703
0.014679133892059326,1.0,0.25,1,prototype,0.3600687086582184,0,0.7460556030273438,3,0.7460556030273438,train,BraTS-GLI-01450-000,-20.7989501953125,-20.052894592285156
0.03284800052642822,1.0,0.5,1,prototype,0.3600687086582184,0,1.5149650573730469,3,1.5149650573730469,train,BraTS-GLI-01450-000,-20.7989501953125,-19.283985137939453
0.10041165351867676,1.0,1.0,1,prototype,0.3600687086582184,0,3.205141067504883,3,3.205141067504883,train,BraTS-GLI-01450-000,-20.7989501953125,-17.593809127807617
0.0009625554084777832,1.0,0.25,1,random,0.3600687086582184,0,-0.015962600708007812,3,0.015962600708007812,train,BraTS-GLI-01450-000,-20.7989501953125,-20.814912796020508
0.0019980669021606445,1.0,0.5,1,random,0.3600687086582184,0,-0.03009033203125,3,0.03009033203125,train,BraTS-GLI-01450-000,-20.7989501953125,-20.82904052734375
0.004079759120941162,1.0,1.0,1,random,0.3600687086582184,0,-0.05969810485839844,3,0.05969810485839844,train,BraTS-GLI-01450-000,-20.7989501953125,-20.8586483001709
0.09616595506668091,0.9999549388885498,0.25,1,proposal,0.3600687086582184,0,2.396036148071289,3,2.396036148071289,train,BraTS-GLI-01450-000,-20.7989501953125,-18.40291404724121
0.25811368227005005,0.9999549388885498,0.5,1,proposal,0.3600687086582184,0,4.972216606140137,3,4.972216606140137,train,BraTS-GLI-01450-000,-20.7989501953125,-15.826733589172363
0.5952101349830627,0.9999549388885498,1.0,1,proposal,0.3600687086582184,0,11.247113227844238,3,11.247113227844238,train,BraTS-GLI-01450-000,-20.7989501953125,-9.551836967468262
-0.009293198585510254,0.9999549388885498,0.25,1,anti_proposal,0.3600687086582184,0,-1.995412826538086,3,1.995412826538086,train,BraTS-GLI-01450-000,-20.7989501953125,-22.794363021850586
-0.00930798053741455,0.9999549388885498,0.5,1,anti_proposal,0.3600687086582184,0,-3.3213138580322266,3,3.3213138580322266,train,BraTS-GLI-01450-000,-20.7989501953125,-24.120264053344727
-0.009308040142059326,0.9999549388885498,1.0,1,anti_proposal,0.3600687086582184,0,-4.327909469604492,3,4.327909469604492,train,BraTS-GLI-01450-000,-20.7989501953125,-25.126859664916992
0.0,1.0,0.25,4,prototype,0.08203215897083282,0,0.1379566192626953,3,0.1379566192626953,train,BraTS-GLI-00628-000,-21.98451805114746,-21.846561431884766
0.0,1.0,0.5,4,prototype,0.08203215897083282,0,0.272216796875,3,0.272216796875,train,BraTS-GLI-00628-000,-21.98451805114746,-21.71230125427246
1.1920928955078125e-07,1.0,1.0,4,prototype,0.08203215897083282,0,0.5300140380859375,3,0.5300140380859375,train,BraTS-GLI-00628-000,-21.98451805114746,-21.454504013061523
0.0,1.0,0.25,4,random,0.08203215897083282,0,-0.06656646728515625,3,0.06656646728515625,train,BraTS-GLI-00628-000,-21.98451805114746,-22.051084518432617
0.0,1.0,0.5,4,random,0.08203215897083282,0,-0.13520050048828125,3,0.13520050048828125,train,BraTS-GLI-00628-000,-21.98451805114746,-22.119718551635742
0.0,1.0,1.0,4,random,0.08203215897083282,0,-0.26860618591308594,3,0.26860618591308594,train,BraTS-GLI-00628-000,-21.98451805114746,-22.253124237060547
0.0,0.9999567270278931,0.25,4,proposal,0.08203215897083282,0,0.7677593231201172,3,0.7677593231201172,train,BraTS-GLI-00628-000,-21.98451805114746,-21.216758728027344
0.0,0.9999567270278931,0.5,4,proposal,0.08203215897083282,0,1.6245384216308594,3,1.6245384216308594,train,BraTS-GLI-00628-000,-21.98451805114746,-20.3599796295166
0.0,0.9999567270278931,1.0,4,proposal,0.08203215897083282,0,3.181121826171875,3,3.181121826171875,train,BraTS-GLI-00628-000,-21.98451805114746,-18.803396224975586
0.0,0.9999567270278931,0.25,4,anti_proposal,0.08203215897083282,0,-0.6944255828857422,3,0.6944255828857422,train,BraTS-GLI-00628-000,-21.98451805114746,-22.678943634033203
1.1920928955078125e-07,0.9999567270278931,0.5,4,anti_proposal,0.08203215897083282,0,-1.3053836822509766,3,1.3053836822509766,train,BraTS-GLI-00628-000,-21.98451805114746,-23.289901733398438
1.1920928955078125e-07,0.9999567270278931,1.0,4,anti_proposal,0.08203215897083282,0,-2.299041748046875,3,2.299041748046875,train,BraTS-GLI-00628-000,-21.98451805114746,-24.283559799194336
0.0,1.0,0.25,6,prototype,-0.06621699780225754,0,-0.08496475219726562,3,0.08496475219726562,train,BraTS-GLI-00628-000,-25.753055572509766,-25.83802032470703
0.0,1.0,0.5,6,prototype,-0.06621699780225754,0,-0.17338943481445312,3,0.17338943481445312,train,BraTS-GLI-00628-000,-25.753055572509766,-25.92644500732422
0.0,1.0,1.0,6,prototype,-0.06621699780225754,0,-0.3580322265625,3,0.3580322265625,train,BraTS-GLI-00628-000,-25.753055572509766,-26.111087799072266
0.0,1.0,0.25,6,random,-0.06621699780225754,0,-0.024461746215820312,3,0.024461746215820312,train,BraTS-GLI-00628-000,-25.753055572509766,-25.777517318725586
0.0,1.0,0.5,6,random,-0.06621699780225754,0,-0.04899787902832031,3,0.04899787902832031,train,BraTS-GLI-00628-000,-25.753055572509766,-25.802053451538086
0.0,1.0,1.0,6,random,-0.06621699780225754,0,-0.09929656982421875,3,0.09929656982421875,train,BraTS-GLI-00628-000,-25.753055572509766,-25.852352142333984
0.0,0.99992835521698,0.25,6,proposal,-0.06621699780225754,0,1.1897468566894531,3,1.1897468566894531,train,BraTS-GLI-00628-000,-25.753055572509766,-24.563308715820312
0.0,0.99992835521698,0.5,6,proposal,-0.06621699780225754,0,2.8829727172851562,3,2.8829727172851562,train,BraTS-GLI-00628-000,-25.753055572509766,-22.87008285522461
0.0,0.99992835521698,1.0,6,proposal,-0.06621699780225754,0,5.95380973815918,3,5.95380973815918,train,BraTS-GLI-00628-000,-25.753055572509766,-19.799245834350586
0.0,0.99992835521698,0.25,6,anti_proposal,-0.06621699780225754,0,-1.3219623565673828,3,1.3219623565673828,train,BraTS-GLI-00628-000,-25.753055572509766,-27.07501792907715
0.0,0.99992835521698,0.5,6,anti_proposal,-0.06621699780225754,0,-2.6843128204345703,3,2.6843128204345703,train,BraTS-GLI-00628-000,-25.753055572509766,-28.437368392944336
0.0,0.99992835521698,1.0,6,anti_proposal,-0.06621699780225754,0,-4.550851821899414,3,4.550851821899414,train,BraTS-GLI-00628-000,-25.753055572509766,-30.30390739440918
0.0,1.0,0.25,5,prototype,-0.062024496495723724,0,-0.04634666442871094,3,0.04634666442871094,train,BraTS-GLI-00628-000,-25.489192962646484,-25.535539627075195
0.0,1.0,0.5,5,prototype,-0.062024496495723724,0,-0.08709526062011719,3,0.08709526062011719,train,BraTS-GLI-00628-000,-25.489192962646484,-25.5762882232666
0.0,1.0,1.0,5,prototype,-0.062024496495723724,0,-0.12280654907226562,3,0.12280654907226562,train,BraTS-GLI-00628-000,-25.489192962646484,-25.61199951171875
0.0,1.0,0.25,5,random,-0.062024496495723724,0,0.031494140625,3,0.031494140625,train,BraTS-GLI-00628-000,-25.489192962646484,-25.457698822021484
0.0,1.0,0.5,5,random,-0.062024496495723724,0,0.06176185607910156,3,0.06176185607910156,train,BraTS-GLI-00628-000,-25.489192962646484,-25.427431106567383
0.0,1.0,1.0,5,random,-0.062024496495723724,0,0.1270008087158203,3,0.1270008087158203,train,BraTS-GLI-00628-000,-25.489192962646484,-25.362192153930664
0.0,0.999813973903656,0.25,5,proposal,-0.062024496495723724,0,1.7762126922607422,3,1.7762126922607422,train,BraTS-GLI-00628-000,-25.489192962646484,-23.712980270385742
0.0,0.999813973903656,0.5,5,proposal,-0.062024496495723724,0,3.639453887939453,3,3.639453887939453,train,BraTS-GLI-00628-000,-25.489192962646484,-21.84973907470703
1.1920928955078125e-07,0.999813973903656,1.0,5,proposal,-0.062024496495723724,0,7.070859909057617,3,7.070859909057617,train,BraTS-GLI-00628-000,-25.489192962646484,-18.418333053588867
0.0,0.999813973903656,0.25,5,anti_proposal,-0.062024496495723724,0,-1.4013690948486328,3,1.4013690948486328,train,BraTS-GLI-00628-000,-25.489192962646484,-26.890562057495117
0.0,0.999813973903656,0.5,5,anti_proposal,-0.062024496495723724,0,-2.5080642700195312,3,2.5080642700195312,train,BraTS-GLI-00628-000,-25.489192962646484,-27.997257232666016
0.0,0.999813973903656,1.0,5,anti_proposal,-0.062024496495723724,0,-3.8217735290527344,3,3.8217735290527344,train,BraTS-GLI-00628-000,-25.489192962646484,-29.31096649169922
0.0,1.0,0.25,3,prototype,0.2140774130821228,0,0.03859138488769531,3,0.03859138488769531,train,BraTS-GLI-00222-000,-24.05036735534668,-24.011775970458984
0.0,1.0,0.5,3,prototype,0.2140774130821228,0,0.07879638671875,3,0.07879638671875,train,BraTS-GLI-00222-000,-24.05036735534668,-23.97157096862793
0.0,1.0,1.0,3,prototype,0.2140774130821228,0,0.17285919189453125,3,0.17285919189453125,train,BraTS-GLI-00222-000,-24.05036735534668,-23.87750816345215
0.0,1.0,0.25,3,random,0.2140774130821228,0,-0.040088653564453125,3,0.040088653564453125,train,BraTS-GLI-00222-000,-24.05036735534668,-24.090456008911133
0.0,1.0,0.5,3,random,0.2140774130821228,0,-0.07935333251953125,3,0.07935333251953125,train,BraTS-GLI-00222-000,-24.05036735534668,-24.12972068786621
0.0,1.0,1.0,3,random,0.2140774130821228,0,-0.14389419555664062,3,0.14389419555664062,train,BraTS-GLI-00222-000,-24.05036735534668,-24.19426155090332
0.0,0.9999918937683105,0.25,3,proposal,0.2140774130821228,0,0.2320117950439453,3,0.2320117950439453,train,BraTS-GLI-00222-000,-24.05036735534668,-23.818355560302734
0.0,0.9999918937683105,0.5,3,proposal,0.2140774130821228,0,0.5509319305419922,3,0.5509319305419922,train,BraTS-GLI-00222-000,-24.05036735534668,-23.499435424804688
0.0,0.9999918937683105,1.0,3,proposal,0.2140774130821228,0,1.6203289031982422,3,1.6203289031982422,train,BraTS-GLI-00222-000,-24.05036735534668,-22.430038452148438
0.0,0.9999918937683105,0.25,3,anti_proposal,0.2140774130821228,0,-0.16634178161621094,3,0.16634178161621094,train,BraTS-GLI-00222-000,-24.05036735534668,-24.21670913696289
0.0,0.9999918937683105,0.5,3,anti_proposal,0.2140774130821228,0,-0.31348419189453125,3,0.31348419189453125,train,BraTS-GLI-00222-000,-24.05036735534668,-24.36385154724121
0.0,0.9999918937683105,1.0,3,anti_proposal,0.2140774130821228,0,-0.5686378479003906,3,0.5686378479003906,train,BraTS-GLI-00222-000,-24.05036735534668,-24.61900520324707
1.0371208190917969e-05,1.0,0.25,14,prototype,0.07083936035633087,0,0.03193187713623047,3,0.03193187713623047,train,BraTS-GLI-00222-000,-9.299534797668457,-9.267602920532227
2.4378299713134766e-05,1.0,0.5,14,prototype,0.07083936035633087,0,0.07499027252197266,3,0.07499027252197266,train,BraTS-GLI-00222-000,-9.299534797668457,-9.224544525146484
6.23464584350586e-05,1.0,1.0,14,prototype,0.07083936035633087,0,0.18097877502441406,3,0.18097877502441406,train,BraTS-GLI-00222-000,-9.299534797668457,-9.118556022644043
-1.4126300811767578e-05,1.0,0.25,14,random,0.07083936035633087,0,-0.05071830749511719,3,0.05071830749511719,train,BraTS-GLI-00222-000,-9.299534797668457,-9.350253105163574
-2.6881694793701172e-05,1.0,0.5,14,random,0.07083936035633087,0,-0.09919548034667969,3,0.09919548034667969,train,BraTS-GLI-00222-000,-9.299534797668457,-9.398730278015137
-4.935264587402344e-05,1.0,1.0,14,random,0.07083936035633087,0,-0.19231319427490234,3,0.19231319427490234,train,BraTS-GLI-00222-000,-9.299534797668457,-9.49184799194336
0.0008058547973632812,0.9998830556869507,0.25,14,proposal,0.07083936035633087,0,1.308365821838379,3,1.308365821838379,train,BraTS-GLI-00222-000,-9.299534797668457,-7.991168975830078
0.0033351778984069824,0.9998830556869507,0.5,14,proposal,0.07083936035633087,0,2.467986583709717,3,2.467986583709717,train,BraTS-GLI-00222-000,-9.299534797668457,-6.83154821395874
0.03336614370346069,0.9998830556869507,1.0,14,proposal,0.07083936035633087,0,4.5757951736450195,3,4.5757951736450195,train,BraTS-GLI-00222-000,-9.299534797668457,-4.7237396240234375
-0.0002180933952331543,0.9998830556869507,0.25,14,anti_proposal,0.07083936035633087,0,-1.5569515228271484,3,1.5569515228271484,train,BraTS-GLI-00222-000,-9.299534797668457,-10.856486320495605
-0.0002650618553161621,0.9998830556869507,0.5,14,anti_proposal,0.07083936035633087,0,-3.2919111251831055,3,3.2919111251831055,train,BraTS-GLI-00222-000,-9.299534797668457,-12.591445922851562
-0.00027436017990112305,0.9998830556869507,1.0,14,anti_proposal,0.07083936035633087,0,-5.2586469650268555,3,5.2586469650268555,train,BraTS-GLI-00222-000,-9.299534797668457,-14.558181762695312
1.1920928955078125e-07,1.0,0.25,2,prototype,0.13812752068042755,0,0.07906532287597656,3,0.07906532287597656,train,BraTS-GLI-01062-000,-17.115354537963867,-17.03628921508789
1.1920928955078125e-07,1.0,0.5,2,prototype,0.13812752068042755,0,0.16561317443847656,3,0.16561317443847656,train,BraTS-GLI-01062-000,-17.115354537963867,-16.94974136352539
1.7881393432617188e-07,1.0,1.0,2,prototype,0.13812752068042755,0,0.37417030334472656,3,0.37417030334472656,train,BraTS-GLI-01062-000,-17.115354537963867,-16.74118423461914
0.0,1.0,0.25,2,random,0.13812752068042755,0,-0.04572486877441406,3,0.04572486877441406,train,BraTS-GLI-01062-000,-17.115354537963867,-17.16107940673828
0.0,1.0,0.5,2,random,0.13812752068042755,0,-0.08945465087890625,3,0.08945465087890625,train,BraTS-GLI-01062-000,-17.115354537963867,-17.204809188842773
0.0,1.0,1.0,2,random,0.13812752068042755,0,-0.15863800048828125,3,0.15863800048828125,train,BraTS-GLI-01062-000,-17.115354537963867,-17.27399253845215
6.556510925292969e-07,0.9990924596786499,0.25,2,proposal,0.13812752068042755,0,0.9330482482910156,3,0.9330482482910156,train,BraTS-GLI-01062-000,-17.115354537963867,-16.18230628967285
3.814697265625e-06,0.9990924596786499,0.5,2,proposal,0.13812752068042755,0,2.118504524230957,3,2.118504524230957,train,BraTS-GLI-01062-000,-17.115354537963867,-14.99685001373291
5.91278076171875e-05,0.9990924596786499,1.0,2,proposal,0.13812752068042755,0,4.221003532409668,3,4.221003532409668,train,BraTS-GLI-01062-000,-17.115354537963867,-12.8943510055542
-5.960464477539063e-08,0.9990924596786499,0.25,2,anti_proposal,0.13812752068042755,0,-0.6034832000732422,3,0.6034832000732422,train,BraTS-GLI-01062-000,-17.115354537963867,-17.71883773803711
-5.960464477539063e-08,0.9990924596786499,0.5,2,anti_proposal,0.13812752068042755,0,-0.9012603759765625,3,0.9012603759765625,train,BraTS-GLI-01062-000,-17.115354537963867,-18.01661491394043
-1.1920928955078125e-07,0.9990924596786499,1.0,2,anti_proposal,0.13812752068042755,0,-1.5062446594238281,3,1.5062446594238281,train,BraTS-GLI-01062-000,-17.115354537963867,-18.621599197387695
0.0,1.0,0.25,2,prototype,0.23260952532291412,0,0.025440216064453125,3,0.025440216064453125,train,BraTS-GLI-01090-000,-17.466026306152344,-17.44058609008789
0.0,1.0,0.5,2,prototype,0.23260952532291412,0,0.04347991943359375,3,0.04347991943359375,train,BraTS-GLI-01090-000,-17.466026306152344,-17.42254638671875
5.960464477539063e-08,1.0,1.0,2,prototype,0.23260952532291412,0,0.07141876220703125,3,0.07141876220703125,train,BraTS-GLI-01090-000,-17.466026306152344,-17.394607543945312
0.0,1.0,0.25,2,random,0.23260952532291412,0,0.008758544921875,3,0.008758544921875,train,BraTS-GLI-01090-000,-17.466026306152344,-17.45726776123047
0.0,1.0,0.5,2,random,0.23260952532291412,0,0.017152786254882812,3,0.017152786254882812,train,BraTS-GLI-01090-000,-17.466026306152344,-17.44887351989746
0.0,1.0,1.0,2,random,0.23260952532291412,0,0.032245635986328125,3,0.032245635986328125,train,BraTS-GLI-01090-000,-17.466026306152344,-17.433780670166016
5.960464477539063e-08,0.9995844960212708,0.25,2,proposal,0.23260952532291412,0,0.15616226196289062,3,0.15616226196289062,train,BraTS-GLI-01090-000,-17.466026306152344,-17.309864044189453
5.960464477539063e-08,0.9995844960212708,0.5,2,proposal,0.23260952532291412,0,0.3772163391113281,3,0.3772163391113281,train,BraTS-GLI-01090-000,-17.466026306152344,-17.088809967041016
1.1920928955078125e-07,0.9995844960212708,1.0,2,proposal,0.23260952532291412,0,0.2486095428466797,3,0.2486095428466797,train,BraTS-GLI-01090-000,-17.466026306152344,-17.217416763305664
0.0,0.9995844960212708,0.25,2,anti_proposal,0.23260952532291412,0,-0.1421642303466797,3,0.1421642303466797,train,BraTS-GLI-01090-000,-17.466026306152344,-17.608190536499023
-1.1920928955078125e-07,0.9995844960212708,0.5,2,anti_proposal,0.23260952532291412,0,-0.24299240112304688,3,0.24299240112304688,train,BraTS-GLI-01090-000,-17.466026306152344,-17.70901870727539
-1.1920928955078125e-07,0.9995844960212708,1.0,2,anti_proposal,0.23260952532291412,0,-0.6571445465087891,3,0.6571445465087891,train,BraTS-GLI-01090-000,-17.466026306152344,-18.123170852661133
0.0,1.0,0.25,3,prototype,0.15303228795528412,0,-0.0001049041748046875,3,0.0001049041748046875,train,BraTS-GLI-01090-000,-16.074960708618164,-16.07506561279297
0.0,1.0,0.5,3,prototype,0.15303228795528412,0,0.0024471282958984375,3,0.0024471282958984375,train,BraTS-GLI-01090-000,-16.074960708618164,-16.072513580322266
5.960464477539063e-08,1.0,1.0,3,prototype,0.15303228795528412,0,0.018917083740234375,3,0.018917083740234375,train,BraTS-GLI-01090-000,-16.074960708618164,-16.05604362487793
0.0,1.0,0.25,3,random,0.15303228795528412,0,0.0003204345703125,3,0.0003204345703125,train,BraTS-GLI-01090-000,-16.074960708618164,-16.07464027404785
0.0,1.0,0.5,3,random,0.15303228795528412,0,-0.0002593994140625,3,0.0002593994140625,train,BraTS-GLI-01090-000,-16.074960708618164,-16.075220108032227
0.0,1.0,1.0,3,random,0.15303228795528412,0,-0.000881195068359375,3,0.000881195068359375,train,BraTS-GLI-01090-000,-16.074960708618164,-16.075841903686523
5.960464477539063e-08,0.9995842576026917,0.25,3,proposal,0.15303228795528412,0,0.12322521209716797,3,0.12322521209716797,train,BraTS-GLI-01090-000,-16.074960708618164,-15.951735496520996
4.172325134277344e-07,0.9995842576026917,0.5,3,proposal,0.15303228795528412,0,0.48677730560302734,3,0.48677730560302734,train,BraTS-GLI-01090-000,-16.074960708618164,-15.588183403015137
5.424022674560547e-06,0.9995842576026917,1.0,3,proposal,0.15303228795528412,0,1.9867420196533203,3,1.9867420196533203,train,BraTS-GLI-01090-000,-16.074960708618164,-14.088218688964844
0.0,0.9995842576026917,0.25,3,anti_proposal,0.15303228795528412,0,-0.09355354309082031,3,0.09355354309082031,train,BraTS-GLI-01090-000,-16.074960708618164,-16.168514251708984
-5.960464477539063e-08,0.9995842576026917,0.5,3,anti_proposal,0.15303228795528412,0,-0.20462608337402344,3,0.20462608337402344,train,BraTS-GLI-01090-000,-16.074960708618164,-16.279586791992188
-1.7881393432617188e-07,0.9995842576026917,1.0,3,anti_proposal,0.15303228795528412,0,-0.74322509765625,3,0.74322509765625,train,BraTS-GLI-01090-000,-16.074960708618164,-16.818185806274414
5.960464477539063e-08,1.0,0.25,5,prototype,0.16323110461235046,0,0.07209205627441406,3,0.07209205627441406,train,BraTS-GLI-01090-000,-16.278776168823242,-16.206684112548828
5.960464477539063e-08,1.0,0.5,5,prototype,0.16323110461235046,0,0.14262008666992188,3,0.14262008666992188,train,BraTS-GLI-01090-000,-16.278776168823242,-16.13615608215332
1.1920928955078125e-07,1.0,1.0,5,prototype,0.16323110461235046,0,0.2687664031982422,3,0.2687664031982422,train,BraTS-GLI-01090-000,-16.278776168823242,-16.010009765625
0.0,1.0,0.25,5,random,0.16323110461235046,0,0.0066967010498046875,3,0.0066967010498046875,train,BraTS-GLI-01090-000,-16.278776168823242,-16.272079467773438
0.0,1.0,0.5,5,random,0.16323110461235046,0,0.01202392578125,3,0.01202392578125,train,BraTS-GLI-01090-000,-16.278776168823242,-16.266752243041992
0.0,1.0,1.0,5,random,0.16323110461235046,0,0.019113540649414062,3,0.019113540649414062,train,BraTS-GLI-01090-000,-16.278776168823242,-16.259662628173828
2.980232238769531e-07,0.9951158761978149,0.25,5,proposal,0.16323110461235046,0,0.6326484680175781,3,0.6326484680175781,train,BraTS-GLI-01090-000,-16.278776168823242,-15.646127700805664
5.364418029785156e-07,0.9951158761978149,0.5,5,proposal,0.16323110461235046,0,0.9418859481811523,3,0.9418859481811523,train,BraTS-GLI-01090-000,-16.278776168823242,-15.33689022064209
5.960464477539062e-07,0.9951158761978149,1.0,5,proposal,0.16323110461235046,0,0.8400325775146484,3,0.8400325775146484,train,BraTS-GLI-01090-000,-16.278776168823242,-15.438743591308594
-1.7881393432617188e-07,0.9951158761978149,0.25,5,anti_proposal,0.16323110461235046,0,-0.5748882293701172,3,0.5748882293701172,train,BraTS-GLI-01090-000,-16.278776168823242,-16.85366439819336
-1.7881393432617188e-07,0.9951158761978149,0.5,5,anti_proposal,0.16323110461235046,0,-1.0228958129882812,3,1.0228958129882812,train,BraTS-GLI-01090-000,-16.278776168823242,-17.301671981811523
-2.384185791015625e-07,0.9951158761978149,1.0,5,anti_proposal,0.16323110461235046,0,-1.2863178253173828,3,1.2863178253173828,train,BraTS-GLI-01090-000,-16.278776168823242,-17.565093994140625
0.0,1.0,0.25,5,prototype,0.16145892441272736,0,0.010835647583007812,3,0.010835647583007812,train,BraTS-GLI-01176-000,-15.645949363708496,-15.635113716125488
0.0,1.0,0.5,5,prototype,0.16145892441272736,0,0.023366928100585938,3,0.023366928100585938,train,BraTS-GLI-01176-000,-15.645949363708496,-15.62258243560791
5.960464477539063e-08,1.0,1.0,5,prototype,0.16145892441272736,0,0.04592704772949219,3,0.04592704772949219,train,BraTS-GLI-01176-000,-15.645949363708496,-15.600022315979004
0.0,1.0,0.25,5,random,0.16145892441272736,0,-0.019012451171875,3,0.019012451171875,train,BraTS-GLI-01176-000,-15.645949363708496,-15.664961814880371
0.0,1.0,0.5,5,random,0.16145892441272736,0,-0.039463043212890625,3,0.039463043212890625,train,BraTS-GLI-01176-000,-15.645949363708496,-15.685412406921387
-5.960464477539063e-08,1.0,1.0,5,random,0.16145892441272736,0,-0.08297061920166016,3,0.08297061920166016,train,BraTS-GLI-01176-000,-15.645949363708496,-15.728919982910156
2.384185791015625e-07,0.994437575340271,0.25,5,proposal,0.16145892441272736,0,0.23812484741210938,3,0.23812484741210938,train,BraTS-GLI-01176-000,-15.645949363708496,-15.407824516296387
6.556510925292969e-07,0.994437575340271,0.5,5,proposal,0.16145892441272736,0,0.5275382995605469,3,0.5275382995605469,train,BraTS-GLI-01176-000,-15.645949363708496,-15.11841106414795
2.86102294921875e-06,0.994437575340271,1.0,5,proposal,0.16145892441272736,0,1.288163185119629,3,1.288163185119629,train,BraTS-GLI-01176-000,-15.645949363708496,-14.357786178588867
-1.7881393432617188e-07,0.994437575340271,0.25,5,anti_proposal,0.16145892441272736,0,-0.2659769058227539,3,0.2659769058227539,train,BraTS-GLI-01176-000,-15.645949363708496,-15.91192626953125
-2.980232238769531e-07,0.994437575340271,0.5,5,anti_proposal,0.16145892441272736,0,-0.5496339797973633,3,0.5496339797973633,train,BraTS-GLI-01176-000,-15.645949363708496,-16.19558334350586
-4.172325134277344e-07,0.994437575340271,1.0,5,anti_proposal,0.16145892441272736,0,-0.9814672470092773,3,0.9814672470092773,train,BraTS-GLI-01176-000,-15.645949363708496,-16.627416610717773
6.091594696044922e-05,1.0,0.25,1,prototype,-0.061815522611141205,0,0.029436111450195312,3,0.029436111450195312,train,BraTS-GLI-01314-000,-18.280933380126953,-18.251497268676758
0.001331925392150879,1.0,0.5,1,prototype,-0.061815522611141205,0,0.09438323974609375,3,0.09438323974609375,train,BraTS-GLI-01314-000,-18.280933380126953,-18.18655014038086
0.02570897340774536,1.0,1.0,1,prototype,-0.061815522611141205,0,0.3719615936279297,3,0.3719615936279297,train,BraTS-GLI-01314-000,-18.280933380126953,-17.908971786499023
6.079673767089844e-06,1.0,0.25,1,random,-0.061815522611141205,0,0.003269195556640625,3,0.003269195556640625,train,BraTS-GLI-01314-000,-18.280933380126953,-18.277664184570312
1.615285873413086e-05,1.0,0.5,1,random,-0.061815522611141205,0,0.008085250854492188,3,0.008085250854492188,train,BraTS-GLI-01314-000,-18.280933380126953,-18.27284812927246
6.67572021484375e-05,1.0,1.0,1,random,-0.061815522611141205,0,0.021368026733398438,3,0.021368026733398438,train,BraTS-GLI-01314-000,-18.280933380126953,-18.259565353393555
-1.7404556274414062e-05,0.9995169639587402,0.25,1,proposal,-0.061815522611141205,0,0.7391014099121094,3,0.7391014099121094,train,BraTS-GLI-01314-000,-18.280933380126953,-17.541831970214844
-1.7940998077392578e-05,0.9995169639587402,0.5,1,proposal,-0.061815522611141205,0,1.5969734191894531,3,1.5969734191894531,train,BraTS-GLI-01314-000,-18.280933380126953,-16.6839599609375
-1.7762184143066406e-05,0.9995169639587402,1.0,1,proposal,-0.061815522611141205,0,2.712841033935547,3,2.712841033935547,train,BraTS-GLI-01314-000,-18.280933380126953,-15.568092346191406
0.002540409564971924,0.9995169639587402,0.25,1,anti_proposal,-0.061815522611141205,0,-0.5543880462646484,3,0.5543880462646484,train,BraTS-GLI-01314-000,-18.280933380126953,-18.8353214263916
0.019181013107299805,0.9995169639587402,0.5,1,anti_proposal,-0.061815522611141205,0,-0.9479541778564453,3,0.9479541778564453,train,BraTS-GLI-01314-000,-18.280933380126953,-19.2288875579834
0.05132836103439331,0.9995169639587402,1.0,1,anti_proposal,-0.061815522611141205,0,-1.5059356689453125,3,1.5059356689453125,train,BraTS-GLI-01314-000,-18.280933380126953,-19.786869049072266
2.384185791015625e-07,1.0,0.25,1,prototype,0.39746105670928955,0,0.1499481201171875,3,0.1499481201171875,train,BraTS-GLI-01293-000,-21.94042205810547,-21.79047393798828
7.748603820800781e-07,1.0,0.5,1,prototype,0.39746105670928955,0,0.3534221649169922,3,0.3534221649169922,train,BraTS-GLI-01293-000,-21.94042205810547,-21.586999893188477
5.9604644775390625e-06,1.0,1.0,1,prototype,0.39746105670928955,0,1.01708984375,3,1.01708984375,train,BraTS-GLI-01293-000,-21.94042205810547,-20.92333221435547
5.960464477539063e-08,1.0,0.25,1,random,0.39746105670928955,0,-0.006763458251953125,3,0.006763458251953125,train,BraTS-GLI-01293-000,-21.94042205810547,-21.947185516357422
5.960464477539063e-08,1.0,0.5,1,random,0.39746105670928955,0,-0.014423370361328125,3,0.014423370361328125,train,BraTS-GLI-01293-000,-21.94042205810547,-21.954845428466797
5.960464477539063e-08,1.0,1.0,1,random,0.39746105670928955,0,-0.03272056579589844,3,0.03272056579589844,train,BraTS-GLI-01293-000,-21.94042205810547,-21.973142623901367
1.2516975402832031e-06,0.9999980926513672,0.25,1,proposal,0.39746105670928955,0,0.48209571838378906,3,0.48209571838378906,train,BraTS-GLI-01293-000,-21.94042205810547,-21.45832633972168
1.71661376953125e-05,0.9999980926513672,0.5,1,proposal,0.39746105670928955,0,1.3300018310546875,3,1.3300018310546875,train,BraTS-GLI-01293-000,-21.94042205810547,-20.61042022705078
0.0034214258193969727,0.9999980926513672,1.0,1,proposal,0.39746105670928955,0,4.202520370483398,3,4.202520370483398,train,BraTS-GLI-01293-000,-21.94042205810547,-17.73790168762207
-1.1920928955078125e-07,0.9999980926513672,0.25,1,anti_proposal,0.39746105670928955,0,-0.2518501281738281,3,0.2518501281738281,train,BraTS-GLI-01293-000,-21.94042205810547,-22.192272186279297
-1.1920928955078125e-07,0.9999980926513672,0.5,1,anti_proposal,0.39746105670928955,0,-0.34016990661621094,3,0.34016990661621094,train,BraTS-GLI-01293-000,-21.94042205810547,-22.28059196472168
-1.1920928955078125e-07,0.9999980926513672,1.0,1,anti_proposal,0.39746105670928955,0,-0.1881256103515625,3,0.1881256103515625,train,BraTS-GLI-01293-000,-21.94042205810547,-22.12854766845703
0.0,1.0,0.25,2,prototype,0.3897637724876404,0,-0.0033588409423828125,3,0.0033588409423828125,train,BraTS-GLI-01293-000,-18.3091983795166,-18.312557220458984
0.0,1.0,0.5,2,prototype,0.3897637724876404,0,0.023284912109375,3,0.023284912109375,train,BraTS-GLI-01293-000,-18.3091983795166,-18.285913467407227
4.172325134277344e-07,1.0,1.0,2,prototype,0.3897637724876404,0,0.37216758728027344,3,0.37216758728027344,train,BraTS-GLI-01293-000,-18.3091983795166,-17.937030792236328
0.0,1.0,0.25,2,random,0.3897637724876404,0,0.07275009155273438,3,0.07275009155273438,train,BraTS-GLI-01293-000,-18.3091983795166,-18.236448287963867
0.0,1.0,0.5,2,random,0.3897637724876404,0,0.14261627197265625,3,0.14261627197265625,train,BraTS-GLI-01293-000,-18.3091983795166,-18.166582107543945
0.0,1.0,1.0,2,random,0.3897637724876404,0,0.27027130126953125,3,0.27027130126953125,train,BraTS-GLI-01293-000,-18.3091983795166,-18.03892707824707
0.0,0.9999810457229614,0.25,2,proposal,0.3897637724876404,0,0.2280445098876953,3,0.2280445098876953,train,BraTS-GLI-01293-000,-18.3091983795166,-18.081153869628906
5.364418029785156e-07,0.9999810457229614,0.5,2,proposal,0.3897637724876404,0,0.7581653594970703,3,0.7581653594970703,train,BraTS-GLI-01293-000,-18.3091983795166,-17.55103302001953
8.106231689453125e-06,0.9999810457229614,1.0,2,proposal,0.3897637724876404,0,2.483884811401367,3,2.483884811401367,train,BraTS-GLI-01293-000,-18.3091983795166,-15.825313568115234
0.0,0.9999810457229614,0.25,2,anti_proposal,0.3897637724876404,0,-0.21459579467773438,3,0.21459579467773438,train,BraTS-GLI-01293-000,-18.3091983795166,-18.523794174194336
0.0,0.9999810457229614,0.5,2,anti_proposal,0.3897637724876404,0,-0.48890113830566406,3,0.48890113830566406,train,BraTS-GLI-01293-000,-18.3091983795166,-18.798099517822266
0.0,0.9999810457229614,1.0,2,anti_proposal,0.3897637724876404,0,-1.119171142578125,3,1.119171142578125,train,BraTS-GLI-01293-000,-18.3091983795166,-19.428369522094727
0.0,1.0,0.25,25,prototype,0.4032273292541504,0,0.10501670837402344,3,0.10501670837402344,train,BraTS-GLI-01293-000,-18.383277893066406,-18.278261184692383
0.0,1.0,0.5,25,prototype,0.4032273292541504,0,0.26751708984375,3,0.26751708984375,train,BraTS-GLI-01293-000,-18.383277893066406,-18.115760803222656
7.748603820800781e-07,1.0,1.0,25,prototype,0.4032273292541504,0,1.4341316223144531,3,1.4341316223144531,train,BraTS-GLI-01293-000,-18.383277893066406,-16.949146270751953
0.0,1.0,0.25,25,random,0.4032273292541504,0,0.052753448486328125,3,0.052753448486328125,train,BraTS-GLI-01293-000,-18.383277893066406,-18.330524444580078
0.0,1.0,0.5,25,random,0.4032273292541504,0,0.10930824279785156,3,0.10930824279785156,train,BraTS-GLI-01293-000,-18.383277893066406,-18.273969650268555
0.0,1.0,1.0,25,random,0.4032273292541504,0,0.2311992645263672,3,0.2311992645263672,train,BraTS-GLI-01293-000,-18.383277893066406,-18.15207862854004
0.0,0.9999220371246338,0.25,25,proposal,0.4032273292541504,0,0.5584239959716797,3,0.5584239959716797,train,BraTS-GLI-01293-000,-18.383277893066406,-17.824853897094727
2.0265579223632812e-06,0.9999220371246338,0.5,25,proposal,0.4032273292541504,0,2.371736526489258,3,2.371736526489258,train,BraTS-GLI-01293-000,-18.383277893066406,-16.01154136657715
4.5359134674072266e-05,0.9999220371246338,1.0,25,proposal,0.4032273292541504,0,5.628450393676758,3,5.628450393676758,train,BraTS-GLI-01293-000,-18.383277893066406,-12.754827499389648
0.0,0.9999220371246338,0.25,25,anti_proposal,0.4032273292541504,0,-0.265106201171875,3,0.265106201171875,train,BraTS-GLI-01293-000,-18.383277893066406,-18.64838409423828
0.0,0.9999220371246338,0.5,25,anti_proposal,0.4032273292541504,0,-0.44582366943359375,3,0.44582366943359375,train,BraTS-GLI-01293-000,-18.383277893066406,-18.8291015625
0.0,0.9999220371246338,1.0,25,anti_proposal,0.4032273292541504,0,-0.8965835571289062,3,0.8965835571289062,train,BraTS-GLI-01293-000,-18.383277893066406,-19.279861450195312
3.516674041748047e-06,1.0,0.25,14,prototype,0.32908275723457336,0,0.9919929504394531,3,0.9919929504394531,train,BraTS-GLI-00186-000,-19.13134765625,-18.139354705810547
2.4318695068359375e-05,1.0,0.5,14,prototype,0.32908275723457336,0,2.1867237091064453,3,2.1867237091064453,train,BraTS-GLI-00186-000,-19.13134765625,-16.944623947143555
0.0007010698318481445,1.0,1.0,14,prototype,0.32908275723457336,0,4.916661262512207,3,4.916661262512207,train,BraTS-GLI-00186-000,-19.13134765625,-14.214686393737793
-5.960464477539063e-08,1.0,0.25,14,random,0.32908275723457336,0,-0.07141304016113281,3,0.07141304016113281,train,BraTS-GLI-00186-000,-19.13134765625,-19.202760696411133
-5.960464477539063e-08,1.0,0.5,14,random,0.32908275723457336,0,-0.14386367797851562,3,0.14386367797851562,train,BraTS-GLI-00186-000,-19.13134765625,-19.275211334228516
-1.7881393432617188e-07,1.0,1.0,14,random,0.32908275723457336,0,-0.2957267761230469,3,0.2957267761230469,train,BraTS-GLI-00186-000,-19.13134765625,-19.427074432373047
0.00016897916793823242,0.9999804496765137,0.25,14,proposal,0.32908275723457336,0,3.8400344848632812,3,3.8400344848632812,train,BraTS-GLI-00186-000,-19.13134765625,-15.291313171386719
0.01851332187652588,0.9999804496765137,0.5,14,proposal,0.32908275723457336,0,8.72862720489502,3,8.72862720489502,train,BraTS-GLI-00186-000,-19.13134765625,-10.40272045135498
0.21443164348602295,0.9999804496765137,1.0,14,proposal,0.32908275723457336,1,20.40462589263916,3,20.40462589263916,train,BraTS-GLI-00186-000,-19.13134765625,1.2732782363891602
-7.748603820800781e-07,0.9999804496765137,0.25,14,anti_proposal,0.32908275723457336,0,-2.678924560546875,3,2.678924560546875,train,BraTS-GLI-00186-000,-19.13134765625,-21.810272216796875
-7.152557373046875e-07,0.9999804496765137,0.5,14,anti_proposal,0.32908275723457336,0,-4.097263336181641,3,4.097263336181641,train,BraTS-GLI-00186-000,-19.13134765625,-23.22861099243164
-6.556510925292969e-07,0.9999804496765137,1.0,14,anti_proposal,0.32908275723457336,0,-5.1773529052734375,3,5.1773529052734375,train,BraTS-GLI-00186-000,-19.13134765625,-24.308700561523438
0.0,1.0,0.25,30,prototype,0.053500447422266006,0,0.017049789428710938,3,0.017049789428710938,train,BraTS-GLI-01427-000,-25.714744567871094,-25.697694778442383
0.0,1.0,0.5,30,prototype,0.053500447422266006,0,0.03349494934082031,3,0.03349494934082031,train,BraTS-GLI-01427-000,-25.714744567871094,-25.681249618530273
0.0,1.0,1.0,30,prototype,0.053500447422266006,0,0.06526947021484375,3,0.06526947021484375,train,BraTS-GLI-01427-000,-25.714744567871094,-25.64947509765625
0.0,1.0,0.25,30,random,0.053500447422266006,0,-0.0017070770263671875,3,0.0017070770263671875,train,BraTS-GLI-01427-000,-25.714744567871094,-25.71645164489746
0.0,1.0,0.5,30,random,0.053500447422266006,0,-0.0006427764892578125,3,0.0006427764892578125,train,BraTS-GLI-01427-000,-25.714744567871094,-25.71538734436035
0.0,1.0,1.0,30,random,0.053500447422266006,0,-0.00553131103515625,3,0.00553131103515625,train,BraTS-GLI-01427-000,-25.714744567871094,-25.72027587890625
0.0,0.9998077750205994,0.25,30,proposal,0.053500447422266006,0,0.1336231231689453,3,0.1336231231689453,train,BraTS-GLI-01427-000,-25.714744567871094,-25.58112144470215
0.0,0.9998077750205994,0.5,30,proposal,0.053500447422266006,0,0.2847919464111328,3,0.2847919464111328,train,BraTS-GLI-01427-000,-25.714744567871094,-25.42995262145996
0.0,0.9998077750205994,1.0,30,proposal,0.053500447422266006,0,1.1207828521728516,3,1.1207828521728516,train,BraTS-GLI-01427-000,-25.714744567871094,-24.593961715698242
0.0,0.9998077750205994,0.25,30,anti_proposal,0.053500447422266006,0,-0.11548042297363281,3,0.11548042297363281,train,BraTS-GLI-01427-000,-25.714744567871094,-25.830224990844727
0.0,0.9998077750205994,0.5,30,anti_proposal,0.053500447422266006,0,-0.203155517578125,3,0.203155517578125,train,BraTS-GLI-01427-000,-25.714744567871094,-25.91790008544922
0.0,0.9998077750205994,1.0,30,anti_proposal,0.053500447422266006,0,-0.30382537841796875,3,0.30382537841796875,train,BraTS-GLI-01427-000,-25.714744567871094,-26.018569946289062
0.0,1.0,0.25,5,prototype,0.2144586741924286,0,0.09963607788085938,3,0.09963607788085938,train,BraTS-GLI-01074-000,-19.2067813873291,-19.107145309448242
5.960464477539063e-08,1.0,0.5,5,prototype,0.2144586741924286,0,0.203582763671875,3,0.203582763671875,train,BraTS-GLI-01074-000,-19.2067813873291,-19.003198623657227
1.1920928955078125e-07,1.0,1.0,5,prototype,0.2144586741924286,0,0.4429340362548828,3,0.4429340362548828,train,BraTS-GLI-01074-000,-19.2067813873291,-18.76384735107422
0.0,1.0,0.25,5,random,0.2144586741924286,0,0.04261589050292969,3,0.04261589050292969,train,BraTS-GLI-01074-000,-19.2067813873291,-19.164165496826172
0.0,1.0,0.5,5,random,0.2144586741924286,0,0.08336257934570312,3,0.08336257934570312,train,BraTS-GLI-01074-000,-19.2067813873291,-19.1234188079834
0.0,1.0,1.0,5,random,0.2144586741924286,0,0.1641845703125,3,0.1641845703125,train,BraTS-GLI-01074-000,-19.2067813873291,-19.0425968170166
3.5762786865234375e-07,0.9999843835830688,0.25,5,proposal,0.2144586741924286,0,0.2904396057128906,3,0.2904396057128906,train,BraTS-GLI-01074-000,-19.2067813873291,-18.91634178161621
2.2649765014648438e-06,0.9999843835830688,0.5,5,proposal,0.2144586741924286,0,1.1498279571533203,3,1.1498279571533203,train,BraTS-GLI-01074-000,-19.2067813873291,-18.05695343017578
0.014985918998718262,0.9999843835830688,1.0,5,proposal,0.2144586741924286,0,4.673524856567383,3,4.673524856567383,train,BraTS-GLI-01074-000,-19.2067813873291,-14.533256530761719
-1.7881393432617188e-07,0.9999843835830688,0.25,5,anti_proposal,0.2144586741924286,0,0.1334075927734375,3,0.1334075927734375,train,BraTS-GLI-01074-000,-19.2067813873291,-19.073373794555664
-2.384185791015625e-07,0.9999843835830688,0.5,5,anti_proposal,0.2144586741924286,0,0.4083080291748047,3,0.4083080291748047,train,BraTS-GLI-01074-000,-19.2067813873291,-18.798473358154297
-2.384185791015625e-07,0.9999843835830688,1.0,5,anti_proposal,0.2144586741924286,0,0.5558395385742188,3,0.5558395385742188,train,BraTS-GLI-01074-000,-19.2067813873291,-18.650941848754883
0.0,1.0,0.25,1,prototype,-0.0707210823893547,0,-0.03286170959472656,3,0.03286170959472656,train,BraTS-GLI-01530-000,-18.22849464416504,-18.261356353759766
0.0,1.0,0.5,1,prototype,-0.0707210823893547,0,-0.06515121459960938,3,0.06515121459960938,train,BraTS-GLI-01530-000,-18.22849464416504,-18.29364585876465
0.0,1.0,1.0,1,prototype,-0.0707210823893547,0,-0.12696075439453125,3,0.12696075439453125,train,BraTS-GLI-01530-000,-18.22849464416504,-18.35545539855957
0.0,1.0,0.25,1,random,-0.0707210823893547,0,-0.0078887939453125,3,0.0078887939453125,train,BraTS-GLI-01530-000,-18.22849464416504,-18.23638343811035
0.0,1.0,0.5,1,random,-0.0707210823893547,0,-0.017496109008789062,3,0.017496109008789062,train,BraTS-GLI-01530-000,-18.22849464416504,-18.245990753173828
0.0,1.0,1.0,1,random,-0.0707210823893547,0,-0.03886604309082031,3,0.03886604309082031,train,BraTS-GLI-01530-000,-18.22849464416504,-18.26736068725586
0.0,0.9988085031509399,0.25,1,proposal,-0.0707210823893547,0,0.5930385589599609,3,0.5930385589599609,train,BraTS-GLI-01530-000,-18.22849464416504,-17.635456085205078
5.960464477539063e-08,0.9988085031509399,0.5,1,proposal,-0.0707210823893547,0,1.4908771514892578,3,1.4908771514892578,train,BraTS-GLI-01530-000,-18.22849464416504,-16.73761749267578
5.364418029785156e-07,0.9988085031509399,1.0,1,proposal,-0.0707210823893547,0,2.962512969970703,3,2.962512969970703,train,BraTS-GLI-01530-000,-18.22849464416504,-15.265981674194336
0.0,0.9988085031509399,0.25,1,anti_proposal,-0.0707210823893547,0,-0.3975791931152344,3,0.3975791931152344,train,BraTS-GLI-01530-000,-18.22849464416504,-18.626073837280273
-1.1920928955078125e-07,0.9988085031509399,0.5,1,anti_proposal,-0.0707210823893547,0,-0.7012462615966797,3,0.7012462615966797,train,BraTS-GLI-01530-000,-18.22849464416504,-18.92974090576172
-1.1920928955078125e-07,0.9988085031509399,1.0,1,anti_proposal,-0.0707210823893547,0,-1.2424049377441406,3,1.2424049377441406,train,BraTS-GLI-01530-000,-18.22849464416504,-19.47089958190918
0.030398011207580566,1.0,0.25,40,prototype,0.3483763635158539,0,0.674281120300293,3,0.674281120300293,train,BraTS-GLI-00404-000,-10.156376838684082,-9.482095718383789
0.06963151693344116,1.0,0.5,40,prototype,0.3483763635158539,0,1.3207597732543945,3,1.3207597732543945,train,BraTS-GLI-00404-000,-10.156376838684082,-8.835617065429688
0.15209323167800903,1.0,1.0,40,prototype,0.3483763635158539,0,2.3415679931640625,3,2.3415679931640625,train,BraTS-GLI-00404-000,-10.156376838684082,-7.8148088455200195
0.0015267729759216309,1.0,0.25,40,random,0.3483763635158539,0,0.06363773345947266,3,0.06363773345947266,train,BraTS-GLI-00404-000,-10.156376838684082,-10.09273910522461
0.0028952956199645996,1.0,0.5,40,random,0.3483763635158539,0,0.12243366241455078,3,0.12243366241455078,train,BraTS-GLI-00404-000,-10.156376838684082,-10.033943176269531
0.00572359561920166,1.0,1.0,40,random,0.3483763635158539,0,0.23992156982421875,3,0.23992156982421875,train,BraTS-GLI-00404-000,-10.156376838684082,-9.916455268859863
0.11819380521774292,0.9996127486228943,0.25,40,proposal,0.3483763635158539,0,1.8273801803588867,3,1.8273801803588867,train,BraTS-GLI-00404-000,-10.156376838684082,-8.328996658325195
0.23709028959274292,0.9996127486228943,0.5,40,proposal,0.3483763635158539,0,3.273928642272949,3,3.273928642272949,train,BraTS-GLI-00404-000,-10.156376838684082,-6.882448196411133
0.491316556930542,0.9996127486228943,1.0,40,proposal,0.3483763635158539,0,5.166208744049072,3,5.166208744049072,train,BraTS-GLI-00404-000,-10.156376838684082,-4.99016809463501
-0.020346999168395996,0.9996127486228943,0.25,40,anti_proposal,0.3483763635158539,0,-1.7973527908325195,3,1.7973527908325195,train,BraTS-GLI-00404-000,-10.156376838684082,-11.953729629516602
-0.0206831693649292,0.9996127486228943,0.5,40,anti_proposal,0.3483763635158539,0,-3.418959617614746,3,3.418959617614746,train,BraTS-GLI-00404-000,-10.156376838684082,-13.575336456298828
-0.020696043968200684,0.9996127486228943,1.0,40,anti_proposal,0.3483763635158539,0,-5.559229850769043,3,5.559229850769043,train,BraTS-GLI-00404-000,-10.156376838684082,-15.715606689453125
3.5762786865234375e-06,1.0,0.25,15,prototype,0.2939540147781372,0,0.003955841064453125,3,0.003955841064453125,train,BraTS-GLI-00404-000,-12.552299499511719,-12.548343658447266
6.258487701416016e-06,1.0,0.5,15,prototype,0.2939540147781372,0,0.004940032958984375,3,0.004940032958984375,train,BraTS-GLI-00404-000,-12.552299499511719,-12.547359466552734
1.0073184967041016e-05,1.0,1.0,15,prototype,0.2939540147781372,0,0.008009910583496094,3,0.008009910583496094,train,BraTS-GLI-00404-000,-12.552299499511719,-12.544289588928223
-1.9669532775878906e-06,1.0,0.25,15,random,0.2939540147781372,0,-0.009522438049316406,3,0.009522438049316406,train,BraTS-GLI-00404-000,-12.552299499511719,-12.561821937561035
-3.7550926208496094e-06,1.0,0.5,15,random,0.2939540147781372,0,-0.01822376251220703,3,0.01822376251220703,train,BraTS-GLI-00404-000,-12.552299499511719,-12.570523262023926
-7.331371307373047e-06,1.0,1.0,15,random,0.2939540147781372,0,-0.035157203674316406,3,0.035157203674316406,train,BraTS-GLI-00404-000,-12.552299499511719,-12.587456703186035
2.0503997802734375e-05,0.9999240636825562,0.25,15,proposal,0.2939540147781372,0,0.06006431579589844,3,0.06006431579589844,train,BraTS-GLI-00404-000,-12.552299499511719,-12.49223518371582
4.309415817260742e-05,0.9999240636825562,0.5,15,proposal,0.2939540147781372,0,0.11643218994140625,3,0.11643218994140625,train,BraTS-GLI-00404-000,-12.552299499511719,-12.435867309570312
0.00010514259338378906,0.9999240636825562,1.0,15,proposal,0.2939540147781372,0,0.24355030059814453,3,0.24355030059814453,train,BraTS-GLI-00404-000,-12.552299499511719,-12.308749198913574
-1.519918441772461e-05,0.9999240636825562,0.25,15,anti_proposal,0.2939540147781372,0,-0.03839874267578125,3,0.03839874267578125,train,BraTS-GLI-00404-000,-12.552299499511719,-12.5906982421875
-2.5033950805664062e-05,0.9999240636825562,0.5,15,anti_proposal,0.2939540147781372,0,-0.052039146423339844,3,0.052039146423339844,train,BraTS-GLI-00404-000,-12.552299499511719,-12.604338645935059
-3.719329833984375e-05,0.9999240636825562,1.0,15,anti_proposal,0.2939540147781372,0,0.03261852264404297,3,0.03261852264404297,train,BraTS-GLI-00404-000,-12.552299499511719,-12.519680976867676
7.748603820800781e-07,1.0,0.25,1,prototype,0.3946193754673004,0,0.07283401489257812,3,0.07283401489257812,train,BraTS-GLI-00193-000,-19.117002487182617,-19.04416847229004
2.086162567138672e-06,1.0,0.5,1,prototype,0.3946193754673004,0,0.15572357177734375,3,0.15572357177734375,train,BraTS-GLI-00193-000,-19.117002487182617,-18.961278915405273
6.4373016357421875e-06,1.0,1.0,1,prototype,0.3946193754673004,0,0.36858558654785156,3,0.36858558654785156,train,BraTS-GLI-00193-000,-19.117002487182617,-18.748416900634766
0.0,1.0,0.25,1,random,0.3946193754673004,0,-0.0069789886474609375,3,0.0069789886474609375,train,BraTS-GLI-00193-000,-19.117002487182617,-19.123981475830078
0.0,1.0,0.5,1,random,0.3946193754673004,0,-0.01418304443359375,3,0.01418304443359375,train,BraTS-GLI-00193-000,-19.117002487182617,-19.13118553161621
-5.960464477539063e-08,1.0,1.0,1,random,0.3946193754673004,0,-0.02845001220703125,3,0.02845001220703125,train,BraTS-GLI-00193-000,-19.117002487182617,-19.14545249938965
3.2782554626464844e-06,0.999993085861206,0.25,1,proposal,0.3946193754673004,0,0.24581527709960938,3,0.24581527709960938,train,BraTS-GLI-00193-000,-19.117002487182617,-18.871187210083008
1.3113021850585938e-05,0.999993085861206,0.5,1,proposal,0.3946193754673004,0,0.5941066741943359,3,0.5941066741943359,train,BraTS-GLI-00193-000,-19.117002487182617,-18.52289581298828
0.00015610456466674805,0.999993085861206,1.0,1,proposal,0.3946193754673004,0,1.621978759765625,3,1.621978759765625,train,BraTS-GLI-00193-000,-19.117002487182617,-17.495023727416992
-1.2516975402832031e-06,0.999993085861206,0.25,1,anti_proposal,0.3946193754673004,0,-0.1827545166015625,3,0.1827545166015625,train,BraTS-GLI-00193-000,-19.117002487182617,-19.29975700378418
-1.8477439880371094e-06,0.999993085861206,0.5,1,anti_proposal,0.3946193754673004,0,-0.30579566955566406,3,0.30579566955566406,train,BraTS-GLI-00193-000,-19.117002487182617,-19.42279815673828
-2.3245811462402344e-06,0.999993085861206,1.0,1,anti_proposal,0.3946193754673004,0,-0.4164752960205078,3,0.4164752960205078,train,BraTS-GLI-00193-000,-19.117002487182617,-19.533477783203125
6.020069122314453e-06,1.0,0.25,3,prototype,0.3989933431148529,0,0.07409095764160156,3,0.07409095764160156,train,BraTS-GLI-00193-000,-19.848155975341797,-19.774065017700195
1.5437602996826172e-05,1.0,0.5,3,prototype,0.3989933431148529,0,0.15999412536621094,3,0.15999412536621094,train,BraTS-GLI-00193-000,-19.848155975341797,-19.688161849975586
5.513429641723633e-05,1.0,1.0,3,prototype,0.3989933431148529,0,0.38314247131347656,3,0.38314247131347656,train,BraTS-GLI-00193-000,-19.848155975341797,-19.46501350402832
-1.2516975402832031e-06,1.0,0.25,3,random,0.3989933431148529,0,-0.020368576049804688,3,0.020368576049804688,train,BraTS-GLI-00193-000,-19.848155975341797,-19.8685245513916
-2.384185791015625e-06,1.0,0.5,3,random,0.3989933431148529,0,-0.03833961486816406,3,0.03833961486816406,train,BraTS-GLI-00193-000,-19.848155975341797,-19.88649559020996
-4.827976226806641e-06,1.0,1.0,3,random,0.3989933431148529,0,-0.07862472534179688,3,0.07862472534179688,train,BraTS-GLI-00193-000,-19.848155975341797,-19.926780700683594
2.8133392333984375e-05,0.9999935626983643,0.25,3,proposal,0.3989933431148529,0,0.24509048461914062,3,0.24509048461914062,train,BraTS-GLI-00193-000,-19.848155975341797,-19.603065490722656
0.00014394521713256836,0.9999935626983643,0.5,3,proposal,0.3989933431148529,0,0.5864887237548828,3,0.5864887237548828,train,BraTS-GLI-00193-000,-19.848155975341797,-19.261667251586914
0.0025574564933776855,0.9999935626983643,1.0,3,proposal,0.3989933431148529,0,1.4687480926513672,3,1.4687480926513672,train,BraTS-GLI-00193-000,-19.848155975341797,-18.37940788269043
-8.881092071533203e-06,0.9999935626983643,0.25,3,anti_proposal,0.3989933431148529,0,-0.1854839324951172,3,0.1854839324951172,train,BraTS-GLI-00193-000,-19.848155975341797,-20.033639907836914
-1.0907649993896484e-05,0.9999935626983643,0.5,3,anti_proposal,0.3989933431148529,0,-0.30248451232910156,3,0.30248451232910156,train,BraTS-GLI-00193-000,-19.848155975341797,-20.1506404876709
-1.1682510375976562e-05,0.9999935626983643,1.0,3,anti_proposal,0.3989933431148529,0,-0.34433555603027344,3,0.34433555603027344,train,BraTS-GLI-00193-000,-19.848155975341797,-20.19249153137207
0.0,1.0,0.25,5,prototype,0.354514479637146,0,-0.017946243286132812,3,0.017946243286132812,train,BraTS-GLI-00193-000,-21.290510177612305,-21.308456420898438
0.0,1.0,0.5,5,prototype,0.354514479637146,0,-0.0345611572265625,3,0.0345611572265625,train,BraTS-GLI-00193-000,-21.290510177612305,-21.325071334838867
0.0,1.0,1.0,5,prototype,0.354514479637146,0,-0.0623016357421875,3,0.0623016357421875,train,BraTS-GLI-00193-000,-21.290510177612305,-21.352811813354492
0.0,1.0,0.25,5,random,0.354514479637146,0,-0.020509719848632812,3,0.020509719848632812,train,BraTS-GLI-00193-000,-21.290510177612305,-21.311019897460938
0.0,1.0,0.5,5,random,0.354514479637146,0,-0.04061698913574219,3,0.04061698913574219,train,BraTS-GLI-00193-000,-21.290510177612305,-21.331127166748047
0.0,1.0,1.0,5,random,0.354514479637146,0,-0.07795143127441406,3,0.07795143127441406,train,BraTS-GLI-00193-000,-21.290510177612305,-21.36846160888672
0.0,0.9999935626983643,0.25,5,proposal,0.354514479637146,0,0.06501007080078125,3,0.06501007080078125,train,BraTS-GLI-00193-000,-21.290510177612305,-21.225500106811523
0.0,0.9999935626983643,0.5,5,proposal,0.354514479637146,0,0.1502399444580078,3,0.1502399444580078,train,BraTS-GLI-00193-000,-21.290510177612305,-21.140270233154297
0.0,0.9999935626983643,1.0,5,proposal,0.354514479637146,0,0.39881134033203125,3,0.39881134033203125,train,BraTS-GLI-00193-000,-21.290510177612305,-20.891698837280273
0.0,0.9999935626983643,0.25,5,anti_proposal,0.354514479637146,0,-0.03795051574707031,3,0.03795051574707031,train,BraTS-GLI-00193-000,-21.290510177612305,-21.328460693359375
0.0,0.9999935626983643,0.5,5,anti_proposal,0.354514479637146,0,-0.05812835693359375,3,0.05812835693359375,train,BraTS-GLI-00193-000,-21.290510177612305,-21.3486385345459
0.0,0.9999935626983643,1.0,5,anti_proposal,0.354514479637146,0,-0.08799171447753906,3,0.08799171447753906,train,BraTS-GLI-00193-000,-21.290510177612305,-21.378501892089844
1.1920928955078125e-07,1.0,0.25,4,prototype,0.14183953404426575,0,0.00763702392578125,3,0.00763702392578125,train,BraTS-GLI-00840-000,-15.164146423339844,-15.156509399414062
1.1920928955078125e-07,1.0,0.5,4,prototype,0.14183953404426575,0,0.016361236572265625,3,0.016361236572265625,train,BraTS-GLI-00840-000,-15.164146423339844,-15.147785186767578
1.1920928955078125e-07,1.0,1.0,4,prototype,0.14183953404426575,0,-0.00354766845703125,3,0.00354766845703125,train,BraTS-GLI-00840-000,-15.164146423339844,-15.167694091796875
0.0,1.0,0.25,4,random,0.14183953404426575,0,0.0017061233520507812,3,0.0017061233520507812,train,BraTS-GLI-00840-000,-15.164146423339844,-15.162440299987793
0.0,1.0,0.5,4,random,0.14183953404426575,0,-0.0016031265258789062,3,0.0016031265258789062,train,BraTS-GLI-00840-000,-15.164146423339844,-15.165749549865723
0.0,1.0,1.0,4,random,0.14183953404426575,0,-0.010578155517578125,3,0.010578155517578125,train,BraTS-GLI-00840-000,-15.164146423339844,-15.174724578857422
1.7881393432617188e-07,0.9942420125007629,0.25,4,proposal,0.14183953404426575,0,0.11291694641113281,3,0.11291694641113281,train,BraTS-GLI-00840-000,-15.164146423339844,-15.051229476928711
2.384185791015625e-07,0.9942420125007629,0.5,4,proposal,0.14183953404426575,0,0.19597625732421875,3,0.19597625732421875,train,BraTS-GLI-00840-000,-15.164146423339844,-14.968170166015625
2.5033950805664062e-06,0.9942420125007629,1.0,4,proposal,0.14183953404426575,0,1.197026252746582,3,1.197026252746582,train,BraTS-GLI-00840-000,-15.164146423339844,-13.967120170593262
0.0,0.9942420125007629,0.25,4,anti_proposal,0.14183953404426575,0,-0.07195281982421875,3,0.07195281982421875,train,BraTS-GLI-00840-000,-15.164146423339844,-15.236099243164062
-1.1920928955078125e-07,0.9942420125007629,0.5,4,anti_proposal,0.14183953404426575,0,-0.2890338897705078,3,0.2890338897705078,train,BraTS-GLI-00840-000,-15.164146423339844,-15.453180313110352
-2.980232238769531e-07,0.9942420125007629,1.0,4,anti_proposal,0.14183953404426575,0,-0.6711826324462891,3,0.6711826324462891,train,BraTS-GLI-00840-000,-15.164146423339844,-15.835329055786133
0.00010377168655395508,1.0,0.25,3,prototype,0.061291858553886414,0,0.10189342498779297,3,0.10189342498779297,train,BraTS-GLI-01046-000,-9.013712882995605,-8.911819458007812
0.00021886825561523438,1.0,0.5,3,prototype,0.061291858553886414,0,0.20380020141601562,3,0.20380020141601562,train,BraTS-GLI-01046-000,-9.013712882995605,-8.80991268157959
0.00048595666885375977,1.0,1.0,3,prototype,0.061291858553886414,0,0.39500904083251953,3,0.39500904083251953,train,BraTS-GLI-01046-000,-9.013712882995605,-8.618703842163086
-1.0967254638671875e-05,1.0,0.25,3,random,0.061291858553886414,0,-0.00893402099609375,3,0.00893402099609375,train,BraTS-GLI-01046-000,-9.013712882995605,-9.0226469039917
-2.1278858184814453e-05,1.0,0.5,3,random,0.061291858553886414,0,-0.017057418823242188,3,0.017057418823242188,train,BraTS-GLI-01046-000,-9.013712882995605,-9.030770301818848
-4.13060188293457e-05,1.0,1.0,3,random,0.061291858553886414,0,-0.033847808837890625,3,0.033847808837890625,train,BraTS-GLI-01046-000,-9.013712882995605,-9.047560691833496
0.0007886290550231934,0.9999985694885254,0.25,3,proposal,0.061291858553886414,0,0.643646240234375,3,0.643646240234375,train,BraTS-GLI-01046-000,-9.013712882995605,-8.37006664276123
0.0023038387298583984,0.9999985694885254,0.5,3,proposal,0.061291858553886414,0,1.2611083984375,3,1.2611083984375,train,BraTS-GLI-01046-000,-9.013712882995605,-7.7526044845581055
0.009020686149597168,0.9999985694885254,1.0,3,proposal,0.061291858553886414,0,2.3749823570251465,3,2.3749823570251465,train,BraTS-GLI-01046-000,-9.013712882995605,-6.638730525970459
-0.00038355588912963867,0.9999985694885254,0.25,3,anti_proposal,0.061291858553886414,0,-0.665308952331543,3,0.665308952331543,train,BraTS-GLI-01046-000,-9.013712882995605,-9.679021835327148
-0.0005971193313598633,0.9999985694885254,0.5,3,anti_proposal,0.061291858553886414,0,-1.467508316040039,3,1.467508316040039,train,BraTS-GLI-01046-000,-9.013712882995605,-10.481221199035645
-0.0007527470588684082,0.9999985694885254,1.0,3,anti_proposal,0.061291858553886414,0,-3.3682146072387695,3,3.3682146072387695,train,BraTS-GLI-01046-000,-9.013712882995605,-12.381927490234375
1.5497207641601562e-06,1.0,0.25,1,prototype,-0.029428109526634216,0,-0.04027557373046875,3,0.04027557373046875,train,BraTS-GLI-00021-000,-20.324460983276367,-20.364736557006836
1.4424324035644531e-05,1.0,0.5,1,prototype,-0.029428109526634216,0,-0.07309150695800781,3,0.07309150695800781,train,BraTS-GLI-00021-000,-20.324460983276367,-20.397552490234375
0.0012093186378479004,1.0,1.0,1,prototype,-0.029428109526634216,0,-0.11685752868652344,3,0.11685752868652344,train,BraTS-GLI-00021-000,-20.324460983276367,-20.44131851196289
-5.960464477539063e-08,1.0,0.25,1,random,-0.029428109526634216,0,-0.00383758544921875,3,0.00383758544921875,train,BraTS-GLI-00021-000,-20.324460983276367,-20.328298568725586
-5.960464477539063e-08,1.0,0.5,1,random,-0.029428109526634216,0,-0.0077571868896484375,3,0.0077571868896484375,train,BraTS-GLI-00021-000,-20.324460983276367,-20.332218170166016
-5.960464477539063e-08,1.0,1.0,1,random,-0.029428109526634216,0,-0.015651702880859375,3,0.015651702880859375,train,BraTS-GLI-00021-000,-20.324460983276367,-20.340112686157227
-2.384185791015625e-07,0.9999887943267822,0.25,1,proposal,-0.029428109526634216,0,0.8603134155273438,3,0.8603134155273438,train,BraTS-GLI-00021-000,-20.324460983276367,-19.464147567749023
-2.384185791015625e-07,0.9999887943267822,0.5,1,proposal,-0.029428109526634216,0,1.7354984283447266,3,1.7354984283447266,train,BraTS-GLI-00021-000,-20.324460983276367,-18.58896255493164
-1.1920928955078125e-07,0.9999887943267822,1.0,1,proposal,-0.029428109526634216,0,2.6610660552978516,3,2.6610660552978516,train,BraTS-GLI-00021-000,-20.324460983276367,-17.663394927978516
2.86102294921875e-06,0.9999887943267822,0.25,1,anti_proposal,-0.029428109526634216,0,-0.7054615020751953,3,0.7054615020751953,train,BraTS-GLI-00021-000,-20.324460983276367,-21.029922485351562
2.0205974578857422e-05,0.9999887943267822,0.5,1,anti_proposal,-0.029428109526634216,0,-1.2520408630371094,3,1.2520408630371094,train,BraTS-GLI-00021-000,-20.324460983276367,-21.576501846313477
0.00025391578674316406,0.9999887943267822,1.0,1,anti_proposal,-0.029428109526634216,0,-2.0963668823242188,3,2.0963668823242188,train,BraTS-GLI-00021-000,-20.324460983276367,-22.420827865600586
0.0,1.0,0.25,2,prototype,0.1357424259185791,0,0.018222808837890625,3,0.018222808837890625,train,BraTS-GLI-00565-000,-24.925670623779297,-24.907447814941406
0.0,1.0,0.5,2,prototype,0.1357424259185791,0,0.03462409973144531,3,0.03462409973144531,train,BraTS-GLI-00565-000,-24.925670623779297,-24.89104652404785
0.0,1.0,1.0,2,prototype,0.1357424259185791,0,0.0780029296875,3,0.0780029296875,train,BraTS-GLI-00565-000,-24.925670623779297,-24.847667694091797
0.0,1.0,0.25,2,random,0.1357424259185791,0,0.00791168212890625,3,0.00791168212890625,train,BraTS-GLI-00565-000,-24.925670623779297,-24.91775894165039
0.0,1.0,0.5,2,random,0.1357424259185791,0,0.017637252807617188,3,0.017637252807617188,train,BraTS-GLI-00565-000,-24.925670623779297,-24.90803337097168
0.0,1.0,1.0,2,random,0.1357424259185791,0,0.03487205505371094,3,0.03487205505371094,train,BraTS-GLI-00565-000,-24.925670623779297,-24.890798568725586
0.0,0.9999101161956787,0.25,2,proposal,0.1357424259185791,0,0.3084545135498047,3,0.3084545135498047,train,BraTS-GLI-00565-000,-24.925670623779297,-24.617216110229492
0.0,0.9999101161956787,0.5,2,proposal,0.1357424259185791,0,0.7597503662109375,3,0.7597503662109375,train,BraTS-GLI-00565-000,-24.925670623779297,-24.16592025756836
0.0,0.9999101161956787,1.0,2,proposal,0.1357424259185791,0,2.736093521118164,3,2.736093521118164,train,BraTS-GLI-00565-000,-24.925670623779297,-22.189577102661133
0.0,0.9999101161956787,0.25,2,anti_proposal,0.1357424259185791,0,-0.2643165588378906,3,0.2643165588378906,train,BraTS-GLI-00565-000,-24.925670623779297,-25.189987182617188
0.0,0.9999101161956787,0.5,2,anti_proposal,0.1357424259185791,0,-0.48532676696777344,3,0.48532676696777344,train,BraTS-GLI-00565-000,-24.925670623779297,-25.41099739074707
0.0,0.9999101161956787,1.0,2,anti_proposal,0.1357424259185791,0,-0.8314189910888672,3,0.8314189910888672,train,BraTS-GLI-00565-000,-24.925670623779297,-25.757089614868164
0.0005095005035400391,1.0,0.25,3,prototype,0.33792024850845337,0,0.6906976699829102,3,0.6906976699829102,train,BraTS-GLI-01513-000,-10.452065467834473,-9.761367797851562
0.0012387633323669434,1.0,0.5,3,prototype,0.33792024850845337,0,1.3096561431884766,3,1.3096561431884766,train,BraTS-GLI-01513-000,-10.452065467834473,-9.142409324645996
0.0037388205528259277,1.0,1.0,3,prototype,0.33792024850845337,0,2.3601303100585938,3,2.3601303100585938,train,BraTS-GLI-01513-000,-10.452065467834473,-8.091935157775879
9.548664093017578e-05,1.0,0.25,3,random,0.33792024850845337,0,0.016631126403808594,3,0.016631126403808594,train,BraTS-GLI-01513-000,-10.452065467834473,-10.435434341430664
0.0002002120018005371,1.0,0.5,3,random,0.33792024850845337,0,0.030569076538085938,3,0.030569076538085938,train,BraTS-GLI-01513-000,-10.452065467834473,-10.421496391296387
0.00044471025466918945,1.0,1.0,3,random,0.33792024850845337,0,0.059680938720703125,3,0.059680938720703125,train,BraTS-GLI-01513-000,-10.452065467834473,-10.39238452911377
0.00441211462020874,0.9999276399612427,0.25,3,proposal,0.33792024850845337,0,1.8890771865844727,3,1.8890771865844727,train,BraTS-GLI-01513-000,-10.452065467834473,-8.56298828125
0.021140098571777344,0.9999276399612427,0.5,3,proposal,0.33792024850845337,0,3.4694180488586426,3,3.4694180488586426,train,BraTS-GLI-01513-000,-10.452065467834473,-6.98264741897583
0.16340398788452148,0.9999276399612427,1.0,3,proposal,0.33792024850845337,0,6.085392951965332,3,6.085392951965332,train,BraTS-GLI-01513-000,-10.452065467834473,-4.366672515869141
-0.0008199214935302734,0.9999276399612427,0.25,3,anti_proposal,0.33792024850845337,0,-2.08599853515625,3,2.08599853515625,train,BraTS-GLI-01513-000,-10.452065467834473,-12.538064002990723
-0.0009535551071166992,0.9999276399612427,0.5,3,anti_proposal,0.33792024850845337,0,-4.076711654663086,3,4.076711654663086,train,BraTS-GLI-01513-000,-10.452065467834473,-14.528777122497559
-0.0009832382202148438,0.9999276399612427,1.0,3,anti_proposal,0.33792024850845337,0,-6.763758659362793,3,6.763758659362793,train,BraTS-GLI-01513-000,-10.452065467834473,-17.215824127197266
2.980232238769531e-07,1.0,0.25,2,prototype,0.1997900903224945,0,0.0026493072509765625,3,0.0026493072509765625,train,BraTS-GLI-01536-000,-17.939363479614258,-17.93671417236328
7.152557373046875e-07,1.0,0.5,2,prototype,0.1997900903224945,0,0.0041522979736328125,3,0.0041522979736328125,train,BraTS-GLI-01536-000,-17.939363479614258,-17.935211181640625
1.4901161193847656e-06,1.0,1.0,2,prototype,0.1997900903224945,0,0.0052890777587890625,3,0.0052890777587890625,train,BraTS-GLI-01536-000,-17.939363479614258,-17.93407440185547
-1.7881393432617188e-07,1.0,0.25,2,random,0.1997900903224945,0,0.000308990478515625,3,0.000308990478515625,train,BraTS-GLI-01536-000,-17.939363479614258,-17.939054489135742
-2.384185791015625e-07,1.0,0.5,2,random,0.1997900903224945,0,-0.0009632110595703125,3,0.0009632110595703125,train,BraTS-GLI-01536-000,-17.939363479614258,-17.940326690673828
-4.76837158203125e-07,1.0,1.0,2,random,0.1997900903224945,0,-0.0003490447998046875,3,0.0003490447998046875,train,BraTS-GLI-01536-000,-17.939363479614258,-17.939712524414062
-1.5497207641601562e-06,0.9999191761016846,0.25,2,proposal,0.1997900903224945,0,0.1862812042236328,3,0.1862812042236328,train,BraTS-GLI-01536-000,-17.939363479614258,-17.753082275390625
-3.0994415283203125e-06,0.9999191761016846,0.5,2,proposal,0.1997900903224945,0,0.3907794952392578,3,0.3907794952392578,train,BraTS-GLI-01536-000,-17.939363479614258,-17.548583984375
-6.377696990966797e-06,0.9999191761016846,1.0,2,proposal,0.1997900903224945,0,0.8950862884521484,3,0.8950862884521484,train,BraTS-GLI-01536-000,-17.939363479614258,-17.04427719116211
7.748603820800781e-07,0.9999191761016846,0.25,2,anti_proposal,0.1997900903224945,0,-0.1440582275390625,3,0.1440582275390625,train,BraTS-GLI-01536-000,-17.939363479614258,-18.08342170715332
1.6689300537109375e-06,0.9999191761016846,0.5,2,anti_proposal,0.1997900903224945,0,-0.25994110107421875,3,0.25994110107421875,train,BraTS-GLI-01536-000,-17.939363479614258,-18.199304580688477
3.337860107421875e-06,0.9999191761016846,1.0,2,anti_proposal,0.1997900903224945,0,-0.47034263610839844,3,0.47034263610839844,train,BraTS-GLI-01536-000,-17.939363479614258,-18.409706115722656
0.0,1.0,0.25,25,prototype,0.09315721690654755,0,0.014873504638671875,3,0.014873504638671875,train,BraTS-GLI-00130-000,-17.115083694458008,-17.100210189819336
0.0,1.0,0.5,25,prototype,0.09315721690654755,0,0.031042098999023438,3,0.031042098999023438,train,BraTS-GLI-00130-000,-17.115083694458008,-17.084041595458984
0.0,1.0,1.0,25,prototype,0.09315721690654755,0,0.059421539306640625,3,0.059421539306640625,train,BraTS-GLI-00130-000,-17.115083694458008,-17.055662155151367
0.0,1.0,0.25,25,random,0.09315721690654755,0,0.0068683624267578125,3,0.0068683624267578125,train,BraTS-GLI-00130-000,-17.115083694458008,-17.10821533203125
0.0,1.0,0.5,25,random,0.09315721690654755,0,0.015537261962890625,3,0.015537261962890625,train,BraTS-GLI-00130-000,-17.115083694458008,-17.099546432495117
0.0,1.0,1.0,25,random,0.09315721690654755,0,0.03433799743652344,3,0.03433799743652344,train,BraTS-GLI-00130-000,-17.115083694458008,-17.080745697021484
5.960464477539063e-08,0.9999470710754395,0.25,25,proposal,0.09315721690654755,0,0.13918685913085938,3,0.13918685913085938,train,BraTS-GLI-00130-000,-17.115083694458008,-16.97589683532715
9.5367431640625e-07,0.9999470710754395,0.5,25,proposal,0.09315721690654755,0,0.8311405181884766,3,0.8311405181884766,train,BraTS-GLI-00130-000,-17.115083694458008,-16.28394317626953
0.00017315149307250977,0.9999470710754395,1.0,25,proposal,0.09315721690654755,0,2.962740898132324,3,2.962740898132324,train,BraTS-GLI-00130-000,-17.115083694458008,-14.152342796325684
5.960464477539063e-08,0.9999470710754395,0.25,25,anti_proposal,0.09315721690654755,0,0.16646385192871094,3,0.16646385192871094,train,BraTS-GLI-00130-000,-17.115083694458008,-16.948619842529297
0.0,0.9999470710754395,0.5,25,anti_proposal,0.09315721690654755,0,0.3063526153564453,3,0.3063526153564453,train,BraTS-GLI-00130-000,-17.115083694458008,-16.808731079101562
-1.7881393432617188e-07,0.9999470710754395,1.0,25,anti_proposal,0.09315721690654755,0,0.24943161010742188,3,0.24943161010742188,train,BraTS-GLI-00130-000,-17.115083694458008,-16.865652084350586
0.0,1.0,0.25,7,prototype,0.03369126468896866,0,0.0021228790283203125,3,0.0021228790283203125,train,BraTS-GLI-01428-000,-19.694759368896484,-19.692636489868164
0.0,1.0,0.5,7,prototype,0.03369126468896866,0,0.012742996215820312,3,0.012742996215820312,train,BraTS-GLI-01428-000,-19.694759368896484,-19.682016372680664
0.0,1.0,1.0,7,prototype,0.03369126468896866,0,0.07555961608886719,3,0.07555961608886719,train,BraTS-GLI-01428-000,-19.694759368896484,-19.619199752807617
0.0,1.0,0.25,7,random,0.03369126468896866,0,0.10929298400878906,3,0.10929298400878906,train,BraTS-GLI-01428-000,-19.694759368896484,-19.585466384887695
0.0,1.0,0.5,7,random,0.03369126468896866,0,0.22535133361816406,3,0.22535133361816406,train,BraTS-GLI-01428-000,-19.694759368896484,-19.46940803527832
0.0,1.0,1.0,7,random,0.03369126468896866,0,0.4749774932861328,3,0.4749774932861328,train,BraTS-GLI-01428-000,-19.694759368896484,-19.21978187561035
0.0,0.9999550580978394,0.25,7,proposal,0.03369126468896866,0,1.089395523071289,3,1.089395523071289,train,BraTS-GLI-01428-000,-19.694759368896484,-18.605363845825195
1.1920928955078125e-07,0.9999550580978394,0.5,7,proposal,0.03369126468896866,0,2.2539825439453125,3,2.2539825439453125,train,BraTS-GLI-01428-000,-19.694759368896484,-17.440776824951172
3.5762786865234375e-07,0.9999550580978394,1.0,7,proposal,0.03369126468896866,0,3.289255142211914,3,3.289255142211914,train,BraTS-GLI-01428-000,-19.694759368896484,-16.40550422668457
0.0,0.9999550580978394,0.25,7,anti_proposal,0.03369126468896866,0,-0.8149547576904297,3,0.8149547576904297,train,BraTS-GLI-01428-000,-19.694759368896484,-20.509714126586914
0.0,0.9999550580978394,0.5,7,anti_proposal,0.03369126468896866,0,-1.4201774597167969,3,1.4201774597167969,train,BraTS-GLI-01428-000,-19.694759368896484,-21.11493682861328
-5.960464477539063e-08,0.9999550580978394,1.0,7,anti_proposal,0.03369126468896866,0,-2.273662567138672,3,2.273662567138672,train,BraTS-GLI-01428-000,-19.694759368896484,-21.968421936035156
0.0,1.0,0.25,76,prototype,-0.09187523275613785,0,-0.01458740234375,3,0.01458740234375,train,BraTS-GLI-01428-000,-15.970819473266602,-15.985406875610352
0.0,1.0,0.5,76,prototype,-0.09187523275613785,0,-0.03189849853515625,3,0.03189849853515625,train,BraTS-GLI-01428-000,-15.970819473266602,-16.002717971801758
0.0,1.0,1.0,76,prototype,-0.09187523275613785,0,-0.06535148620605469,3,0.06535148620605469,train,BraTS-GLI-01428-000,-15.970819473266602,-16.036170959472656
0.0,1.0,0.25,76,random,-0.09187523275613785,0,0.005455970764160156,3,0.005455970764160156,train,BraTS-GLI-01428-000,-15.970819473266602,-15.965363502502441
0.0,1.0,0.5,76,random,-0.09187523275613785,0,0.010831832885742188,3,0.010831832885742188,train,BraTS-GLI-01428-000,-15.970819473266602,-15.95998764038086
0.0,1.0,1.0,76,random,-0.09187523275613785,0,0.02042388916015625,3,0.02042388916015625,train,BraTS-GLI-01428-000,-15.970819473266602,-15.950395584106445
0.0,0.996862530708313,0.25,76,proposal,-0.09187523275613785,0,0.2097339630126953,3,0.2097339630126953,train,BraTS-GLI-01428-000,-15.970819473266602,-15.761085510253906
5.960464477539063e-08,0.996862530708313,0.5,76,proposal,-0.09187523275613785,0,0.3858814239501953,3,0.3858814239501953,train,BraTS-GLI-01428-000,-15.970819473266602,-15.584938049316406
-1.7881393432617188e-07,0.996862530708313,1.0,76,proposal,-0.09187523275613785,0,0.081024169921875,3,0.081024169921875,train,BraTS-GLI-01428-000,-15.970819473266602,-15.889795303344727
5.960464477539063e-08,0.996862530708313,0.25,76,anti_proposal,-0.09187523275613785,0,-0.15663909912109375,3,0.15663909912109375,train,BraTS-GLI-01428-000,-15.970819473266602,-16.127458572387695
5.960464477539063e-08,0.996862530708313,0.5,76,anti_proposal,-0.09187523275613785,0,-0.26811790466308594,3,0.26811790466308594,train,BraTS-GLI-01428-000,-15.970819473266602,-16.238937377929688
1.7881393432617188e-07,0.996862530708313,1.0,76,anti_proposal,-0.09187523275613785,0,-0.4316749572753906,3,0.4316749572753906,train,BraTS-GLI-01428-000,-15.970819473266602,-16.402494430541992
0.0,1.0,0.25,65,prototype,0.06654941290616989,0,0.012664794921875,3,0.012664794921875,train,BraTS-GLI-01428-000,-19.527925491333008,-19.515260696411133
0.0,1.0,0.5,65,prototype,0.06654941290616989,0,0.022083282470703125,3,0.022083282470703125,train,BraTS-GLI-01428-000,-19.527925491333008,-19.505842208862305
0.0,1.0,1.0,65,prototype,0.06654941290616989,0,0.03145790100097656,3,0.03145790100097656,train,BraTS-GLI-01428-000,-19.527925491333008,-19.49646759033203
0.0,1.0,0.25,65,random,0.06654941290616989,0,0.11688423156738281,3,0.11688423156738281,train,BraTS-GLI-01428-000,-19.527925491333008,-19.411041259765625
0.0,1.0,0.5,65,random,0.06654941290616989,0,0.2352123260498047,3,0.2352123260498047,train,BraTS-GLI-01428-000,-19.527925491333008,-19.292713165283203
0.0,1.0,1.0,65,random,0.06654941290616989,0,0.4786949157714844,3,0.4786949157714844,train,BraTS-GLI-01428-000,-19.527925491333008,-19.049230575561523
1.1920928955078125e-07,0.9999988079071045,0.25,65,proposal,0.06654941290616989,0,1.5018234252929688,3,1.5018234252929688,train,BraTS-GLI-01428-000,-19.527925491333008,-18.02610206604004
1.7881393432617188e-07,0.9999988079071045,0.5,65,proposal,0.06654941290616989,0,2.580202102661133,3,2.580202102661133,train,BraTS-GLI-01428-000,-19.527925491333008,-16.947723388671875
2.384185791015625e-07,0.9999988079071045,1.0,65,proposal,0.06654941290616989,0,2.3406429290771484,3,2.3406429290771484,train,BraTS-GLI-01428-000,-19.527925491333008,-17.18728256225586
0.0,0.9999988079071045,0.25,65,anti_proposal,0.06654941290616989,0,-1.6014900207519531,3,1.6014900207519531,train,BraTS-GLI-01428-000,-19.527925491333008,-21.12941551208496
0.0,0.9999988079071045,0.5,65,anti_proposal,0.06654941290616989,0,-2.972461700439453,3,2.972461700439453,train,BraTS-GLI-01428-000,-19.527925491333008,-22.50038719177246
0.0,0.9999988079071045,1.0,65,anti_proposal,0.06654941290616989,0,-5.021430969238281,3,5.021430969238281,train,BraTS-GLI-01428-000,-19.527925491333008,-24.54935646057129
0.0,1.0,0.25,34,prototype,-0.23539143800735474,0,-0.06159210205078125,3,0.06159210205078125,test,BraTS-GLI-01041-000,-22.234792709350586,-22.296384811401367
0.0,1.0,0.5,34,prototype,-0.23539143800735474,0,-0.12715911865234375,3,0.12715911865234375,test,BraTS-GLI-01041-000,-22.234792709350586,-22.36195182800293
0.0,1.0,1.0,34,prototype,-0.23539143800735474,0,-0.2707958221435547,3,0.2707958221435547,test,BraTS-GLI-01041-000,-22.234792709350586,-22.50558853149414
0.0,1.0,0.25,34,random,-0.23539143800735474,0,0.0057811737060546875,3,0.0057811737060546875,test,BraTS-GLI-01041-000,-22.234792709350586,-22.22901153564453
0.0,1.0,0.5,34,random,-0.23539143800735474,0,0.012083053588867188,3,0.012083053588867188,test,BraTS-GLI-01041-000,-22.234792709350586,-22.22270965576172
0.0,1.0,1.0,34,random,-0.23539143800735474,0,0.026203155517578125,3,0.026203155517578125,test,BraTS-GLI-01041-000,-22.234792709350586,-22.208589553833008
0.0,1.0,0.25,34,proposal,-0.23539143800735474,0,0.014497756958007812,3,0.014497756958007812,test,BraTS-GLI-01041-000,-22.234792709350586,-22.220294952392578
0.0,1.0,0.5,34,proposal,-0.23539143800735474,0,0.030630111694335938,3,0.030630111694335938,test,BraTS-GLI-01041-000,-22.234792709350586,-22.20416259765625
0.0,1.0,1.0,34,proposal,-0.23539143800735474,0,0.06712532043457031,3,0.06712532043457031,test,BraTS-GLI-01041-000,-22.234792709350586,-22.167667388916016
0.0,1.0,0.25,34,anti_proposal,-0.23539143800735474,0,-0.012054443359375,3,0.012054443359375,test,BraTS-GLI-01041-000,-22.234792709350586,-22.24684715270996
0.0,1.0,0.5,34,anti_proposal,-0.23539143800735474,0,-0.022632598876953125,3,0.022632598876953125,test,BraTS-GLI-01041-000,-22.234792709350586,-22.25742530822754
0.0,1.0,1.0,34,anti_proposal,-0.23539143800735474,0,-0.029567718505859375,3,0.029567718505859375,test,BraTS-GLI-01041-000,-22.234792709350586,-22.264360427856445
0.0006271600723266602,1.0,0.25,67,prototype,0.27250155806541443,0,0.1734485626220703,3,0.1734485626220703,test,BraTS-GLI-01041-000,-9.853143692016602,-9.679695129394531
0.0014775991439819336,1.0,0.5,67,prototype,0.27250155806541443,0,0.3546581268310547,3,0.3546581268310547,test,BraTS-GLI-01041-000,-9.853143692016602,-9.498485565185547
0.0041405558586120605,1.0,1.0,67,prototype,0.27250155806541443,0,0.7210350036621094,3,0.7210350036621094,test,BraTS-GLI-01041-000,-9.853143692016602,-9.132108688354492
6.884336471557617e-05,1.0,0.25,67,random,0.27250155806541443,0,0.03966331481933594,3,0.03966331481933594,test,BraTS-GLI-01041-000,-9.853143692016602,-9.813480377197266
0.00013762712478637695,1.0,0.5,67,random,0.27250155806541443,0,0.08152389526367188,3,0.08152389526367188,test,BraTS-GLI-01041-000,-9.853143692016602,-9.77161979675293
0.0003146529197692871,1.0,1.0,67,random,0.27250155806541443,0,0.1724863052368164,3,0.1724863052368164,test,BraTS-GLI-01041-000,-9.853143692016602,-9.680657386779785
0.004660546779632568,0.9999659061431885,0.25,67,proposal,0.27250155806541443,0,0.7037668228149414,3,0.7037668228149414,test,BraTS-GLI-01041-000,-9.853143692016602,-9.14937686920166
0.01947188377380371,0.9999659061431885,0.5,67,proposal,0.27250155806541443,0,1.395517349243164,3,1.395517349243164,test,BraTS-GLI-01041-000,-9.853143692016602,-8.457626342773438
0.13899046182632446,0.9999659061431885,1.0,67,proposal,0.27250155806541443,0,2.762972831726074,3,2.762972831726074,test,BraTS-GLI-01041-000,-9.853143692016602,-7.090170860290527
-0.0013613700866699219,0.9999659061431885,0.25,67,anti_proposal,0.27250155806541443,0,-0.6559371948242188,3,0.6559371948242188,test,BraTS-GLI-01041-000,-9.853143692016602,-10.50908088684082
-0.0017302632331848145,0.9999659061431885,0.5,67,anti_proposal,0.27250155806541443,0,-1.1981315612792969,3,1.1981315612792969,test,BraTS-GLI-01041-000,-9.853143692016602,-11.051275253295898
-0.001871943473815918,0.9999659061431885,1.0,67,anti_proposal,0.27250155806541443,0,-1.8429594039916992,3,1.8429594039916992,test,BraTS-GLI-01041-000,-9.853143692016602,-11.6961030960083
0.001498579978942871,1.0,0.25,1,prototype,0.004920555278658867,0,0.5012121200561523,3,0.5012121200561523,test,BraTS-GLI-01041-000,-11.137078285217285,-10.635866165161133
0.004342257976531982,1.0,0.5,1,prototype,0.004920555278658867,0,1.0370655059814453,3,1.0370655059814453,test,BraTS-GLI-01041-000,-11.137078285217285,-10.10001277923584
0.01870107650756836,1.0,1.0,1,prototype,0.004920555278658867,0,2.1243667602539062,3,2.1243667602539062,test,BraTS-GLI-01041-000,-11.137078285217285,-9.012711524963379
0.000622093677520752,1.0,0.25,1,random,0.004920555278658867,0,0.2295694351196289,3,0.2295694351196289,test,BraTS-GLI-01041-000,-11.137078285217285,-10.907508850097656
0.0014348030090332031,1.0,0.5,1,random,0.004920555278658867,0,0.46224308013916016,3,0.46224308013916016,test,BraTS-GLI-01041-000,-11.137078285217285,-10.674835205078125
0.003956258296966553,1.0,1.0,1,random,0.004920555278658867,0,0.9397506713867188,3,0.9397506713867188,test,BraTS-GLI-01041-000,-11.137078285217285,-10.197327613830566
-0.001648247241973877,0.9996474981307983,0.25,1,proposal,0.004920555278658867,0,-1.5858783721923828,3,1.5858783721923828,test,BraTS-GLI-01041-000,-11.137078285217285,-12.722956657409668
-0.001873791217803955,0.9996474981307983,0.5,1,proposal,0.004920555278658867,0,-3.4190139770507812,3,3.4190139770507812,test,BraTS-GLI-01041-000,-11.137078285217285,-14.556092262268066
-0.001901090145111084,0.9996474981307983,1.0,1,proposal,0.004920555278658867,0,-6.714520454406738,3,6.714520454406738,test,BraTS-GLI-01041-000,-11.137078285217285,-17.851598739624023
0.007381737232208252,0.9996474981307983,0.25,1,anti_proposal,0.004920555278658867,0,1.1558246612548828,3,1.1558246612548828,test,BraTS-GLI-01041-000,-11.137078285217285,-9.981253623962402
0.027751386165618896,0.9996474981307983,0.5,1,anti_proposal,0.004920555278658867,0,1.9225883483886719,3,1.9225883483886719,test,BraTS-GLI-01041-000,-11.137078285217285,-9.214489936828613
0.09976804256439209,0.9996474981307983,1.0,1,anti_proposal,0.004920555278658867,0,2.635133743286133,3,2.635133743286133,test,BraTS-GLI-01041-000,-11.137078285217285,-8.501944541931152
0.0,1.0,0.25,10,prototype,0.15234901010990143,0,0.3643379211425781,3,0.3643379211425781,test,BraTS-GLI-01444-000,-25.29576873779297,-24.93143081665039
0.0,1.0,0.5,10,prototype,0.15234901010990143,0,0.7461833953857422,3,0.7461833953857422,test,BraTS-GLI-01444-000,-25.29576873779297,-24.549585342407227
5.960464477539063e-08,1.0,1.0,10,prototype,0.15234901010990143,0,1.5541191101074219,3,1.5541191101074219,test,BraTS-GLI-01444-000,-25.29576873779297,-23.741649627685547
5.960464477539063e-08,1.0,0.25,10,random,0.15234901010990143,0,-0.08179283142089844,3,0.08179283142089844,test,BraTS-GLI-01444-000,-25.29576873779297,-25.377561569213867
5.960464477539063e-08,1.0,0.5,10,random,0.15234901010990143,0,-0.15936851501464844,3,0.15936851501464844,test,BraTS-GLI-01444-000,-25.29576873779297,-25.455137252807617
5.960464477539063e-08,1.0,1.0,10,random,0.15234901010990143,0,-0.31536865234375,3,0.31536865234375,test,BraTS-GLI-01444-000,-25.29576873779297,-25.61113739013672
0.0,0.9999904632568359,0.25,10,proposal,0.15234901010990143,0,0.3095226287841797,3,0.3095226287841797,test,BraTS-GLI-01444-000,-25.29576873779297,-24.98624610900879
0.0,0.9999904632568359,0.5,10,proposal,0.15234901010990143,0,0.79095458984375,3,0.79095458984375,test,BraTS-GLI-01444-000,-25.29576873779297,-24.50481414794922
5.960464477539063e-08,0.9999904632568359,1.0,10,proposal,0.15234901010990143,0,2.2252674102783203,3,2.2252674102783203,test,BraTS-GLI-01444-000,-25.29576873779297,-23.07050132751465
5.960464477539063e-08,0.9999904632568359,0.25,10,anti_proposal,0.15234901010990143,0,-0.1903972625732422,3,0.1903972625732422,test,BraTS-GLI-01444-000,-25.29576873779297,-25.48616600036621
5.960464477539063e-08,0.9999904632568359,0.5,10,anti_proposal,0.15234901010990143,0,-0.3464088439941406,3,0.3464088439941406,test,BraTS-GLI-01444-000,-25.29576873779297,-25.64217758178711
5.960464477539063e-08,0.9999904632568359,1.0,10,anti_proposal,0.15234901010990143,0,-0.5212192535400391,3,0.5212192535400391,test,BraTS-GLI-01444-000,-25.29576873779297,-25.816987991333008
0.0,1.0,0.25,7,prototype,0.0019678883254528046,0,0.051639556884765625,3,0.051639556884765625,test,BraTS-GLI-00811-000,-21.902690887451172,-21.851051330566406
0.0,1.0,0.5,7,prototype,0.0019678883254528046,0,0.10059356689453125,3,0.10059356689453125,test,BraTS-GLI-00811-000,-21.902690887451172,-21.80209732055664
0.0,1.0,1.0,7,prototype,0.0019678883254528046,0,0.20035743713378906,3,0.20035743713378906,test,BraTS-GLI-00811-000,-21.902690887451172,-21.702333450317383
0.0,1.0,0.25,7,random,0.0019678883254528046,0,-0.00031280517578125,3,0.00031280517578125,test,BraTS-GLI-00811-000,-21.902690887451172,-21.903003692626953
0.0,1.0,0.5,7,random,0.0019678883254528046,0,-0.0006313323974609375,3,0.0006313323974609375,test,BraTS-GLI-00811-000,-21.902690887451172,-21.903322219848633
0.0,1.0,1.0,7,random,0.0019678883254528046,0,-0.0013904571533203125,3,0.0013904571533203125,test,BraTS-GLI-00811-000,-21.902690887451172,-21.904081344604492
0.0,0.9999979734420776,0.25,7,proposal,0.0019678883254528046,0,0.3538379669189453,3,0.3538379669189453,test,BraTS-GLI-00811-000,-21.902690887451172,-21.548852920532227
0.0,0.9999979734420776,0.5,7,proposal,0.0019678883254528046,0,0.7518081665039062,3,0.7518081665039062,test,BraTS-GLI-00811-000,-21.902690887451172,-21.150882720947266
0.0,0.9999979734420776,1.0,7,proposal,0.0019678883254528046,0,1.7291545867919922,3,1.7291545867919922,test,BraTS-GLI-00811-000,-21.902690887451172,-20.17353630065918
0.0,0.9999979734420776,0.25,7,anti_proposal,0.0019678883254528046,0,-0.3348426818847656,3,0.3348426818847656,test,BraTS-GLI-00811-000,-21.902690887451172,-22.237533569335938
0.0,0.9999979734420776,0.5,7,anti_proposal,0.0019678883254528046,0,-0.6624011993408203,3,0.6624011993408203,test,BraTS-GLI-00811-000,-21.902690887451172,-22.565092086791992
0.0,0.9999979734420776,1.0,7,anti_proposal,0.0019678883254528046,0,-1.2994098663330078,3,1.2994098663330078,test,BraTS-GLI-00811-000,-21.902690887451172,-23.20210075378418
0.0,1.0,0.25,10,prototype,0.3051025867462158,0,-0.06376266479492188,3,0.06376266479492188,test,BraTS-GLI-01103-000,-19.24443244934082,-19.308195114135742
0.0,1.0,0.5,10,prototype,0.3051025867462158,0,-0.13038063049316406,3,0.13038063049316406,test,BraTS-GLI-01103-000,-19.24443244934082,-19.374813079833984
0.0,1.0,1.0,10,prototype,0.3051025867462158,0,-0.27352333068847656,3,0.27352333068847656,test,BraTS-GLI-01103-000,-19.24443244934082,-19.517955780029297
0.0,1.0,0.25,10,random,0.3051025867462158,0,0.004486083984375,3,0.004486083984375,test,BraTS-GLI-01103-000,-19.24443244934082,-19.239946365356445
0.0,1.0,0.5,10,random,0.3051025867462158,0,0.007534027099609375,3,0.007534027099609375,test,BraTS-GLI-01103-000,-19.24443244934082,-19.23689842224121
0.0,1.0,1.0,10,random,0.3051025867462158,0,0.0140228271484375,3,0.0140228271484375,test,BraTS-GLI-01103-000,-19.24443244934082,-19.230409622192383
0.0,0.9731753468513489,0.25,10,proposal,0.3051025867462158,0,-0.12088203430175781,3,0.12088203430175781,test,BraTS-GLI-01103-000,-19.24443244934082,-19.365314483642578
0.0,0.9731753468513489,0.5,10,proposal,0.3051025867462158,0,-0.26607513427734375,3,0.26607513427734375,test,BraTS-GLI-01103-000,-19.24443244934082,-19.510507583618164
0.0,0.9731753468513489,1.0,10,proposal,0.3051025867462158,0,-0.5972824096679688,3,0.5972824096679688,test,BraTS-GLI-01103-000,-19.24443244934082,-19.84171485900879
0.0,0.9731753468513489,0.25,10,anti_proposal,0.3051025867462158,0,0.10338973999023438,3,0.10338973999023438,test,BraTS-GLI-01103-000,-19.24443244934082,-19.141042709350586
0.0,0.9731753468513489,0.5,10,anti_proposal,0.3051025867462158,0,0.19591140747070312,3,0.19591140747070312,test,BraTS-GLI-01103-000,-19.24443244934082,-19.048521041870117
0.0,0.9731753468513489,1.0,10,anti_proposal,0.3051025867462158,0,0.3458595275878906,3,0.3458595275878906,test,BraTS-GLI-01103-000,-19.24443244934082,-18.89857292175293
0.001801609992980957,1.0,0.25,8,prototype,0.1287519335746765,0,0.1965799331665039,3,0.1965799331665039,test,BraTS-GLI-00266-000,-10.017775535583496,-9.821195602416992
0.004381418228149414,1.0,0.5,8,prototype,0.1287519335746765,0,0.40122318267822266,3,0.40122318267822266,test,BraTS-GLI-00266-000,-10.017775535583496,-9.616552352905273
0.01338803768157959,1.0,1.0,8,prototype,0.1287519335746765,0,0.8475980758666992,3,0.8475980758666992,test,BraTS-GLI-00266-000,-10.017775535583496,-9.170177459716797
-0.0004698634147644043,1.0,0.25,8,random,0.1287519335746765,0,-0.06740093231201172,3,0.06740093231201172,test,BraTS-GLI-00266-000,-10.017775535583496,-10.085176467895508
-0.0009129047393798828,1.0,0.5,8,random,0.1287519335746765,0,-0.1384439468383789,3,0.1384439468383789,test,BraTS-GLI-00266-000,-10.017775535583496,-10.156219482421875
-0.0017060041427612305,1.0,1.0,8,random,0.1287519335746765,0,-0.2883768081665039,3,0.2883768081665039,test,BraTS-GLI-00266-000,-10.017775535583496,-10.30615234375
0.007614612579345703,0.9998359680175781,0.25,8,proposal,0.1287519335746765,0,0.6649646759033203,3,0.6649646759033203,test,BraTS-GLI-00266-000,-10.017775535583496,-9.352810859680176
0.02242368459701538,0.9998359680175781,0.5,8,proposal,0.1287519335746765,0,1.232590675354004,3,1.232590675354004,test,BraTS-GLI-00266-000,-10.017775535583496,-8.785184860229492
0.08539968729019165,0.9998359680175781,1.0,8,proposal,0.1287519335746765,0,2.202772617340088,3,2.202772617340088,test,BraTS-GLI-00266-000,-10.017775535583496,-7.815002918243408
-0.003464341163635254,0.9998359680175781,0.25,8,anti_proposal,0.1287519335746765,0,-0.7931795120239258,3,0.7931795120239258,test,BraTS-GLI-00266-000,-10.017775535583496,-10.810955047607422
-0.004686295986175537,0.9998359680175781,0.5,8,anti_proposal,0.1287519335746765,0,-1.6868696212768555,3,1.6868696212768555,test,BraTS-GLI-00266-000,-10.017775535583496,-11.704645156860352
-0.005123496055603027,0.9998359680175781,1.0,8,anti_proposal,0.1287519335746765,0,-3.410888671875,3,3.410888671875,test,BraTS-GLI-00266-000,-10.017775535583496,-13.428664207458496
4.088878631591797e-05,1.0,0.25,36,prototype,0.05790262669324875,0,0.03585052490234375,3,0.03585052490234375,test,BraTS-GLI-00299-000,-12.43305492401123,-12.397204399108887
9.47117805480957e-05,1.0,0.5,36,prototype,0.05790262669324875,0,0.07843971252441406,3,0.07843971252441406,test,BraTS-GLI-00299-000,-12.43305492401123,-12.354615211486816
0.00027126073837280273,1.0,1.0,36,prototype,0.05790262669324875,0,0.20044994354248047,3,0.20044994354248047,test,BraTS-GLI-00299-000,-12.43305492401123,-12.23260498046875
-7.098913192749023e-05,1.0,0.25,36,random,0.05790262669324875,0,-0.06834030151367188,3,0.06834030151367188,test,BraTS-GLI-00299-000,-12.43305492401123,-12.501395225524902
-0.00013512372970581055,1.0,0.5,36,random,0.05790262669324875,0,-0.13721179962158203,3,0.13721179962158203,test,BraTS-GLI-00299-000,-12.43305492401123,-12.570266723632812
-0.0002465248107910156,1.0,1.0,36,random,0.05790262669324875,0,-0.2777252197265625,3,0.2777252197265625,test,BraTS-GLI-00299-000,-12.43305492401123,-12.710780143737793
0.0053307414054870605,0.9999217987060547,0.25,36,proposal,0.05790262669324875,0,1.2551765441894531,3,1.2551765441894531,test,BraTS-GLI-00299-000,-12.43305492401123,-11.177878379821777
0.05161255598068237,0.9999217987060547,0.5,36,proposal,0.05790262669324875,0,2.4548492431640625,3,2.4548492431640625,test,BraTS-GLI-00299-000,-12.43305492401123,-9.978205680847168
0.3158254027366638,0.9999217987060547,1.0,36,proposal,0.05790262669324875,0,4.3914337158203125,3,4.3914337158203125,test,BraTS-GLI-00299-000,-12.43305492401123,-8.041621208190918
-0.0006226301193237305,0.9999217987060547,0.25,36,anti_proposal,0.05790262669324875,0,-1.3560590744018555,3,1.3560590744018555,test,BraTS-GLI-00299-000,-12.43305492401123,-13.789113998413086
-0.0006942152976989746,0.9999217987060547,0.5,36,anti_proposal,0.05790262669324875,0,-2.5685319900512695,3,2.5685319900512695,test,BraTS-GLI-00299-000,-12.43305492401123,-15.0015869140625
-0.0007025003433227539,0.9999217987060547,1.0,36,anti_proposal,0.05790262669324875,0,-3.7318525314331055,3,3.7318525314331055,test,BraTS-GLI-00299-000,-12.43305492401123,-16.164907455444336
0.001771092414855957,1.0,0.25,28,prototype,0.3379124402999878,0,0.6863946914672852,3,0.6863946914672852,test,BraTS-GLI-00299-000,-10.271528244018555,-9.58513355255127
0.0055005550384521484,1.0,0.5,28,prototype,0.3379124402999878,0,1.4309148788452148,3,1.4309148788452148,test,BraTS-GLI-00299-000,-10.271528244018555,-8.84061336517334
0.021960675716400146,1.0,1.0,28,prototype,0.3379124402999878,0,3.0799694061279297,3,3.0799694061279297,test,BraTS-GLI-00299-000,-10.271528244018555,-7.191558837890625
1.913309097290039e-05,1.0,0.25,28,random,0.3379124402999878,0,0.017086029052734375,3,0.017086029052734375,test,BraTS-GLI-00299-000,-10.271528244018555,-10.25444221496582
4.094839096069336e-05,1.0,0.5,28,random,0.3379124402999878,0,0.03434467315673828,3,0.03434467315673828,test,BraTS-GLI-00299-000,-10.271528244018555,-10.237183570861816
9.572505950927734e-05,1.0,1.0,28,random,0.3379124402999878,0,0.07001876831054688,3,0.07001876831054688,test,BraTS-GLI-00299-000,-10.271528244018555,-10.201509475708008
0.01121056079864502,0.9933786392211914,0.25,28,proposal,0.3379124402999878,0,2.188455581665039,3,2.188455581665039,test,BraTS-GLI-00299-000,-10.271528244018555,-8.083072662353516
0.043611347675323486,0.9933786392211914,0.5,28,proposal,0.3379124402999878,0,4.690847396850586,3,4.690847396850586,test,BraTS-GLI-00299-000,-10.271528244018555,-5.580680847167969
0.056246399879455566,0.9933786392211914,1.0,28,proposal,0.3379124402999878,0,8.952999711036682,3,8.952999711036682,test,BraTS-GLI-00299-000,-10.271528244018555,-1.3185285329818726
-0.0012276768684387207,0.9933786392211914,0.25,28,anti_proposal,0.3379124402999878,0,-1.9422569274902344,3,1.9422569274902344,test,BraTS-GLI-00299-000,-10.271528244018555,-12.213785171508789
-0.0013257265090942383,0.9933786392211914,0.5,28,anti_proposal,0.3379124402999878,0,-3.530003547668457,3,3.530003547668457,test,BraTS-GLI-00299-000,-10.271528244018555,-13.801531791687012
-0.0013379454612731934,0.9933786392211914,1.0,28,anti_proposal,0.3379124402999878,0,-5.659998893737793,3,5.659998893737793,test,BraTS-GLI-00299-000,-10.271528244018555,-15.931527137756348
0.00025397539138793945,1.0,0.25,5,prototype,0.22497163712978363,0,0.13182544708251953,3,0.13182544708251953,test,BraTS-GLI-01068-000,-8.56430435180664,-8.432478904724121
0.0005782246589660645,1.0,0.5,5,prototype,0.22497163712978363,0,0.2763795852661133,3,0.2763795852661133,test,BraTS-GLI-01068-000,-8.56430435180664,-8.287924766540527
0.0014594197273254395,1.0,1.0,5,prototype,0.22497163712978363,0,0.5767769813537598,3,0.5767769813537598,test,BraTS-GLI-01068-000,-8.56430435180664,-7.987527370452881
-2.5570392608642578e-05,1.0,0.25,5,random,0.22497163712978363,0,-0.018456459045410156,3,0.018456459045410156,test,BraTS-GLI-01068-000,-8.56430435180664,-8.58276081085205
-6.252527236938477e-05,1.0,0.5,5,random,0.22497163712978363,0,-0.038247108459472656,3,0.038247108459472656,test,BraTS-GLI-01068-000,-8.56430435180664,-8.602551460266113
-0.0001188516616821289,1.0,1.0,5,random,0.22497163712978363,0,-0.07611560821533203,3,0.07611560821533203,test,BraTS-GLI-01068-000,-8.56430435180664,-8.640419960021973
-0.00048607587814331055,0.9999823570251465,0.25,5,proposal,0.22497163712978363,0,-0.3308229446411133,3,0.3308229446411133,test,BraTS-GLI-01068-000,-8.56430435180664,-8.895127296447754
-0.0009520053863525391,0.9999823570251465,0.5,5,proposal,0.22497163712978363,0,-0.9064874649047852,3,0.9064874649047852,test,BraTS-GLI-01068-000,-8.56430435180664,-9.470791816711426
-0.001387476921081543,0.9999823570251465,1.0,5,proposal,0.22497163712978363,0,-3.2211761474609375,3,3.2211761474609375,test,BraTS-GLI-01068-000,-8.56430435180664,-11.785480499267578
0.00025975704193115234,0.9999823570251465,0.25,5,anti_proposal,0.22497163712978363,0,0.13152122497558594,3,0.13152122497558594,test,BraTS-GLI-01068-000,-8.56430435180664,-8.432783126831055
0.0003515481948852539,0.9999823570251465,0.5,5,anti_proposal,0.22497163712978363,0,0.18088626861572266,3,0.18088626861572266,test,BraTS-GLI-01068-000,-8.56430435180664,-8.383418083190918
4.982948303222656e-05,0.9999823570251465,1.0,5,anti_proposal,0.22497163712978363,0,0.1122274398803711,3,0.1122274398803711,test,BraTS-GLI-01068-000,-8.56430435180664,-8.45207691192627
0.0,1.0,0.25,2,prototype,0.3283422887325287,0,0.10881233215332031,3,0.10881233215332031,test,BraTS-GLI-01068-000,-18.839778900146484,-18.730966567993164
0.0,1.0,0.5,2,prototype,0.3283422887325287,0,0.21509552001953125,3,0.21509552001953125,test,BraTS-GLI-01068-000,-18.839778900146484,-18.624683380126953
0.0,1.0,1.0,2,prototype,0.3283422887325287,0,0.42722129821777344,3,0.42722129821777344,test,BraTS-GLI-01068-000,-18.839778900146484,-18.41255760192871
0.0,1.0,0.25,2,random,0.3283422887325287,0,0.07016181945800781,3,0.07016181945800781,test,BraTS-GLI-01068-000,-18.839778900146484,-18.769617080688477
0.0,1.0,0.5,2,random,0.3283422887325287,0,0.13930130004882812,3,0.13930130004882812,test,BraTS-GLI-01068-000,-18.839778900146484,-18.700477600097656
0.0,1.0,1.0,2,random,0.3283422887325287,0,0.2891731262207031,3,0.2891731262207031,test,BraTS-GLI-01068-000,-18.839778900146484,-18.55060577392578
0.0,0.9999984502792358,0.25,2,proposal,0.3283422887325287,0,0.25673484802246094,3,0.25673484802246094,test,BraTS-GLI-01068-000,-18.839778900146484,-18.583044052124023
0.0,0.9999984502792358,0.5,2,proposal,0.3283422887325287,0,0.5001487731933594,3,0.5001487731933594,test,BraTS-GLI-01068-000,-18.839778900146484,-18.339630126953125
0.0,0.9999984502792358,1.0,2,proposal,0.3283422887325287,0,0.7288455963134766,3,0.7288455963134766,test,BraTS-GLI-01068-000,-18.839778900146484,-18.110933303833008
0.0,0.9999984502792358,0.25,2,anti_proposal,0.3283422887325287,0,-0.2751121520996094,3,0.2751121520996094,test,BraTS-GLI-01068-000,-18.839778900146484,-19.114891052246094
0.0,0.9999984502792358,0.5,2,anti_proposal,0.3283422887325287,0,-0.5480728149414062,3,0.5480728149414062,test,BraTS-GLI-01068-000,-18.839778900146484,-19.38785171508789
0.0,0.9999984502792358,1.0,2,anti_proposal,0.3283422887325287,0,-1.121002197265625,3,1.121002197265625,test,BraTS-GLI-01068-000,-18.839778900146484,-19.96078109741211
0.0,1.0,0.25,34,prototype,-0.1800323873758316,0,-0.06159210205078125,4,0.06159210205078125,train,BraTS-GLI-01041-000,-22.234792709350586,-22.296384811401367
0.0,1.0,0.5,34,prototype,-0.1800323873758316,0,-0.12715911865234375,4,0.12715911865234375,train,BraTS-GLI-01041-000,-22.234792709350586,-22.36195182800293
0.0,1.0,1.0,34,prototype,-0.1800323873758316,0,-0.2707958221435547,4,0.2707958221435547,train,BraTS-GLI-01041-000,-22.234792709350586,-22.50558853149414
0.0,1.0,0.25,34,random,-0.1800323873758316,0,0.0057811737060546875,4,0.0057811737060546875,train,BraTS-GLI-01041-000,-22.234792709350586,-22.22901153564453
0.0,1.0,0.5,34,random,-0.1800323873758316,0,0.012083053588867188,4,0.012083053588867188,train,BraTS-GLI-01041-000,-22.234792709350586,-22.22270965576172
0.0,1.0,1.0,34,random,-0.1800323873758316,0,0.026203155517578125,4,0.026203155517578125,train,BraTS-GLI-01041-000,-22.234792709350586,-22.208589553833008
0.0,1.0,0.25,34,proposal,-0.1800323873758316,0,0.12406158447265625,4,0.12406158447265625,train,BraTS-GLI-01041-000,-22.234792709350586,-22.11073112487793
0.0,1.0,0.5,34,proposal,-0.1800323873758316,0,0.22884178161621094,4,0.22884178161621094,train,BraTS-GLI-01041-000,-22.234792709350586,-22.005950927734375
0.0,1.0,1.0,34,proposal,-0.1800323873758316,0,0.4261150360107422,4,0.4261150360107422,train,BraTS-GLI-01041-000,-22.234792709350586,-21.808677673339844
0.0,1.0,0.25,34,anti_proposal,-0.1800323873758316,0,-0.16147804260253906,4,0.16147804260253906,train,BraTS-GLI-01041-000,-22.234792709350586,-22.396270751953125
0.0,1.0,0.5,34,anti_proposal,-0.1800323873758316,0,-0.35605621337890625,4,0.35605621337890625,train,BraTS-GLI-01041-000,-22.234792709350586,-22.590848922729492
0.0,1.0,1.0,34,anti_proposal,-0.1800323873758316,0,-0.8739643096923828,4,0.8739643096923828,train,BraTS-GLI-01041-000,-22.234792709350586,-23.10875701904297
0.0006271600723266602,1.0,0.25,67,prototype,0.19806262850761414,0,0.1734485626220703,4,0.1734485626220703,train,BraTS-GLI-01041-000,-9.853143692016602,-9.679695129394531
0.0014775991439819336,1.0,0.5,67,prototype,0.19806262850761414,0,0.3546581268310547,4,0.3546581268310547,train,BraTS-GLI-01041-000,-9.853143692016602,-9.498485565185547
0.0041405558586120605,1.0,1.0,67,prototype,0.19806262850761414,0,0.7210350036621094,4,0.7210350036621094,train,BraTS-GLI-01041-000,-9.853143692016602,-9.132108688354492
6.884336471557617e-05,1.0,0.25,67,random,0.19806262850761414,0,0.03966331481933594,4,0.03966331481933594,train,BraTS-GLI-01041-000,-9.853143692016602,-9.813480377197266
0.00013762712478637695,1.0,0.5,67,random,0.19806262850761414,0,0.08152389526367188,4,0.08152389526367188,train,BraTS-GLI-01041-000,-9.853143692016602,-9.77161979675293
0.0003146529197692871,1.0,1.0,67,random,0.19806262850761414,0,0.1724863052368164,4,0.1724863052368164,train,BraTS-GLI-01041-000,-9.853143692016602,-9.680657386779785
0.006358325481414795,0.9995903372764587,0.25,67,proposal,0.19806262850761414,0,0.8655805587768555,4,0.8655805587768555,train,BraTS-GLI-01041-000,-9.853143692016602,-8.987563133239746
0.033398568630218506,0.9995903372764587,0.5,67,proposal,0.19806262850761414,0,1.7594003677368164,4,1.7594003677368164,train,BraTS-GLI-01041-000,-9.853143692016602,-8.093743324279785
0.2629263997077942,0.9995903372764587,1.0,67,proposal,0.19806262850761414,0,3.6738743782043457,4,3.6738743782043457,train,BraTS-GLI-01041-000,-9.853143692016602,-6.179269313812256
-0.0014420747756958008,0.9995903372764587,0.25,67,anti_proposal,0.19806262850761414,0,-0.7679805755615234,4,0.7679805755615234,train,BraTS-GLI-01041-000,-9.853143692016602,-10.621124267578125
-0.0017711520195007324,0.9995903372764587,0.5,67,anti_proposal,0.19806262850761414,0,-1.374629020690918,4,1.374629020690918,train,BraTS-GLI-01041-000,-9.853143692016602,-11.22777271270752
-0.0018839240074157715,0.9995903372764587,1.0,67,anti_proposal,0.19806262850761414,0,-2.058396339416504,4,2.058396339416504,train,BraTS-GLI-01041-000,-9.853143692016602,-11.911540031433105
0.001498579978942871,1.0,0.25,1,prototype,0.27527299523353577,0,0.5012121200561523,4,0.5012121200561523,train,BraTS-GLI-01041-000,-11.137078285217285,-10.635866165161133
0.004342257976531982,1.0,0.5,1,prototype,0.27527299523353577,0,1.0370655059814453,4,1.0370655059814453,train,BraTS-GLI-01041-000,-11.137078285217285,-10.10001277923584
0.01870107650756836,1.0,1.0,1,prototype,0.27527299523353577,0,2.1243667602539062,4,2.1243667602539062,train,BraTS-GLI-01041-000,-11.137078285217285,-9.012711524963379
0.000622093677520752,1.0,0.25,1,random,0.27527299523353577,0,0.2295694351196289,4,0.2295694351196289,train,BraTS-GLI-01041-000,-11.137078285217285,-10.907508850097656
0.0014348030090332031,1.0,0.5,1,random,0.27527299523353577,0,0.46224308013916016,4,0.46224308013916016,train,BraTS-GLI-01041-000,-11.137078285217285,-10.674835205078125
0.003956258296966553,1.0,1.0,1,random,0.27527299523353577,0,0.9397506713867188,4,0.9397506713867188,train,BraTS-GLI-01041-000,-11.137078285217285,-10.197327613830566
0.01668071746826172,0.9986677169799805,0.25,1,proposal,0.27527299523353577,0,1.9134321212768555,4,1.9134321212768555,train,BraTS-GLI-01041-000,-11.137078285217285,-9.22364616394043
0.12330305576324463,0.9986677169799805,0.5,1,proposal,0.27527299523353577,0,3.7874484062194824,4,3.7874484062194824,train,BraTS-GLI-01041-000,-11.137078285217285,-7.349629878997803
0.5284090340137482,0.9986677169799805,1.0,1,proposal,0.27527299523353577,0,7.085321426391602,4,7.085321426391602,train,BraTS-GLI-01041-000,-11.137078285217285,-4.051756858825684
-0.00174027681350708,0.9986677169799805,0.25,1,anti_proposal,0.27527299523353577,0,-1.8082695007324219,4,1.8082695007324219,train,BraTS-GLI-01041-000,-11.137078285217285,-12.945347785949707
-0.0018824934959411621,0.9986677169799805,0.5,1,anti_proposal,0.27527299523353577,0,-3.517129898071289,4,3.517129898071289,train,BraTS-GLI-01041-000,-11.137078285217285,-14.654208183288574
-0.0019009709358215332,0.9986677169799805,1.0,1,anti_proposal,0.27527299523353577,0,-5.986632347106934,4,5.986632347106934,train,BraTS-GLI-01041-000,-11.137078285217285,-17.12371063232422
0.0,1.0,0.25,10,prototype,0.35276395082473755,0,0.3643379211425781,4,0.3643379211425781,train,BraTS-GLI-01444-000,-25.29576873779297,-24.93143081665039
0.0,1.0,0.5,10,prototype,0.35276395082473755,0,0.7461833953857422,4,0.7461833953857422,train,BraTS-GLI-01444-000,-25.29576873779297,-24.549585342407227
5.960464477539063e-08,1.0,1.0,10,prototype,0.35276395082473755,0,1.5541191101074219,4,1.5541191101074219,train,BraTS-GLI-01444-000,-25.29576873779297,-23.741649627685547
5.960464477539063e-08,1.0,0.25,10,random,0.35276395082473755,0,-0.08179283142089844,4,0.08179283142089844,train,BraTS-GLI-01444-000,-25.29576873779297,-25.377561569213867
5.960464477539063e-08,1.0,0.5,10,random,0.35276395082473755,0,-0.15936851501464844,4,0.15936851501464844,train,BraTS-GLI-01444-000,-25.29576873779297,-25.455137252807617
5.960464477539063e-08,1.0,1.0,10,random,0.35276395082473755,0,-0.31536865234375,4,0.31536865234375,train,BraTS-GLI-01444-000,-25.29576873779297,-25.61113739013672
0.0,0.9995219707489014,0.25,10,proposal,0.35276395082473755,0,1.064596176147461,4,1.064596176147461,train,BraTS-GLI-01444-000,-25.29576873779297,-24.231172561645508
5.960464477539063e-08,0.9995219707489014,0.5,10,proposal,0.35276395082473755,0,2.215696334838867,4,2.215696334838867,train,BraTS-GLI-01444-000,-25.29576873779297,-23.0800724029541
9.5367431640625e-07,0.9995219707489014,1.0,10,proposal,0.35276395082473755,0,4.699970245361328,4,4.699970245361328,train,BraTS-GLI-01444-000,-25.29576873779297,-20.59579849243164
5.960464477539063e-08,0.9995219707489014,0.25,10,anti_proposal,0.35276395082473755,0,-1.0236015319824219,4,1.0236015319824219,train,BraTS-GLI-01444-000,-25.29576873779297,-26.31937026977539
5.960464477539063e-08,0.9995219707489014,0.5,10,anti_proposal,0.35276395082473755,0,-1.9562110900878906,4,1.9562110900878906,train,BraTS-GLI-01444-000,-25.29576873779297,-27.25197982788086
5.960464477539063e-08,0.9995219707489014,1.0,10,anti_proposal,0.35276395082473755,0,-3.5746192932128906,4,3.5746192932128906,train,BraTS-GLI-01444-000,-25.29576873779297,-28.87038803100586
-3.403425216674805e-05,1.0,0.25,3,prototype,-0.012307632714509964,0,-0.08455944061279297,4,0.08455944061279297,train,BraTS-GLI-01326-000,-9.930095672607422,-10.014655113220215
-6.860494613647461e-05,1.0,0.5,3,prototype,-0.012307632714509964,0,-0.17364788055419922,4,0.17364788055419922,train,BraTS-GLI-01326-000,-9.930095672607422,-10.103743553161621
-0.00013571977615356445,1.0,1.0,3,prototype,-0.012307632714509964,0,-0.3729524612426758,4,0.3729524612426758,train,BraTS-GLI-01326-000,-9.930095672607422,-10.303048133850098
1.6570091247558594e-05,1.0,0.25,3,random,-0.012307632714509964,0,0.025739669799804688,4,0.025739669799804688,train,BraTS-GLI-01326-000,-9.930095672607422,-9.904356002807617
3.361701965332031e-05,1.0,0.5,3,random,-0.012307632714509964,0,0.04979896545410156,4,0.04979896545410156,train,BraTS-GLI-01326-000,-9.930095672607422,-9.88029670715332
7.891654968261719e-05,1.0,1.0,3,random,-0.012307632714509964,0,0.110382080078125,4,0.110382080078125,train,BraTS-GLI-01326-000,-9.930095672607422,-9.819713592529297
0.022251009941101074,0.998940646648407,0.25,3,proposal,-0.012307632714509964,0,3.135934829711914,4,3.135934829711914,train,BraTS-GLI-01326-000,-9.930095672607422,-6.794160842895508
0.28161007165908813,0.998940646648407,0.5,3,proposal,-0.012307632714509964,0,5.982002019882202,4,5.982002019882202,train,BraTS-GLI-01326-000,-9.930095672607422,-3.9480936527252197
0.8479663580656052,0.998940646648407,1.0,3,proposal,-0.012307632714509964,1,10.60571175813675,4,10.60571175813675,train,BraTS-GLI-01326-000,-9.930095672607422,0.6756160855293274
-0.00047588348388671875,0.998940646648407,0.25,3,anti_proposal,-0.012307632714509964,0,-3.054656982421875,4,3.054656982421875,train,BraTS-GLI-01326-000,-9.930095672607422,-12.984752655029297
-0.0004913806915283203,0.998940646648407,0.5,3,anti_proposal,-0.012307632714509964,0,-5.418931007385254,4,5.418931007385254,train,BraTS-GLI-01326-000,-9.930095672607422,-15.349026679992676
-0.0004926919937133789,0.998940646648407,1.0,3,anti_proposal,-0.012307632714509964,0,-7.4243621826171875,4,7.4243621826171875,train,BraTS-GLI-01326-000,-9.930095672607422,-17.35445785522461
0.0,1.0,0.25,7,prototype,0.019333548843860626,0,0.051639556884765625,4,0.051639556884765625,train,BraTS-GLI-00811-000,-21.902690887451172,-21.851051330566406
0.0,1.0,0.5,7,prototype,0.019333548843860626,0,0.10059356689453125,4,0.10059356689453125,train,BraTS-GLI-00811-000,-21.902690887451172,-21.80209732055664
0.0,1.0,1.0,7,prototype,0.019333548843860626,0,0.20035743713378906,4,0.20035743713378906,train,BraTS-GLI-00811-000,-21.902690887451172,-21.702333450317383
0.0,1.0,0.25,7,random,0.019333548843860626,0,-0.00031280517578125,4,0.00031280517578125,train,BraTS-GLI-00811-000,-21.902690887451172,-21.903003692626953
0.0,1.0,0.5,7,random,0.019333548843860626,0,-0.0006313323974609375,4,0.0006313323974609375,train,BraTS-GLI-00811-000,-21.902690887451172,-21.903322219848633
0.0,1.0,1.0,7,random,0.019333548843860626,0,-0.0013904571533203125,4,0.0013904571533203125,train,BraTS-GLI-00811-000,-21.902690887451172,-21.904081344604492
0.0,0.9999994039535522,0.25,7,proposal,0.019333548843860626,0,0.6992950439453125,4,0.6992950439453125,train,BraTS-GLI-00811-000,-21.902690887451172,-21.20339584350586
0.0,0.9999994039535522,0.5,7,proposal,0.019333548843860626,0,1.5845394134521484,4,1.5845394134521484,train,BraTS-GLI-00811-000,-21.902690887451172,-20.318151473999023
5.960464477539063e-08,0.9999994039535522,1.0,7,proposal,0.019333548843860626,0,3.6514358520507812,4,3.6514358520507812,train,BraTS-GLI-00811-000,-21.902690887451172,-18.25125503540039
0.0,0.9999994039535522,0.25,7,anti_proposal,0.019333548843860626,0,-0.5883216857910156,4,0.5883216857910156,train,BraTS-GLI-00811-000,-21.902690887451172,-22.491012573242188
0.0,0.9999994039535522,0.5,7,anti_proposal,0.019333548843860626,0,-1.0793628692626953,4,1.0793628692626953,train,BraTS-GLI-00811-000,-21.902690887451172,-22.982053756713867
0.0,0.9999994039535522,1.0,7,anti_proposal,0.019333548843860626,0,-1.7335491180419922,4,1.7335491180419922,train,BraTS-GLI-00811-000,-21.902690887451172,-23.636240005493164
0.0,1.0,0.25,10,prototype,-0.12666195631027222,0,-0.06376266479492188,4,0.06376266479492188,train,BraTS-GLI-01103-000,-19.24443244934082,-19.308195114135742
0.0,1.0,0.5,10,prototype,-0.12666195631027222,0,-0.13038063049316406,4,0.13038063049316406,train,BraTS-GLI-01103-000,-19.24443244934082,-19.374813079833984
0.0,1.0,1.0,10,prototype,-0.12666195631027222,0,-0.27352333068847656,4,0.27352333068847656,train,BraTS-GLI-01103-000,-19.24443244934082,-19.517955780029297
0.0,1.0,0.25,10,random,-0.12666195631027222,0,0.004486083984375,4,0.004486083984375,train,BraTS-GLI-01103-000,-19.24443244934082,-19.239946365356445
0.0,1.0,0.5,10,random,-0.12666195631027222,0,0.007534027099609375,4,0.007534027099609375,train,BraTS-GLI-01103-000,-19.24443244934082,-19.23689842224121
0.0,1.0,1.0,10,random,-0.12666195631027222,0,0.0140228271484375,4,0.0140228271484375,train,BraTS-GLI-01103-000,-19.24443244934082,-19.230409622192383
0.0,0.9868671894073486,0.25,10,proposal,-0.12666195631027222,0,0.3701057434082031,4,0.3701057434082031,train,BraTS-GLI-01103-000,-19.24443244934082,-18.874326705932617
1.1920928955078125e-07,0.9868671894073486,0.5,10,proposal,-0.12666195631027222,0,0.9253711700439453,4,0.9253711700439453,train,BraTS-GLI-01103-000,-19.24443244934082,-18.319061279296875
1.7881393432617188e-07,0.9868671894073486,1.0,10,proposal,-0.12666195631027222,0,2.584218978881836,4,2.584218978881836,train,BraTS-GLI-01103-000,-19.24443244934082,-16.660213470458984
0.0,0.9868671894073486,0.25,10,anti_proposal,-0.12666195631027222,0,-0.2639122009277344,4,0.2639122009277344,train,BraTS-GLI-01103-000,-19.24443244934082,-19.508344650268555
0.0,0.9868671894073486,0.5,10,anti_proposal,-0.12666195631027222,0,-0.475738525390625,4,0.475738525390625,train,BraTS-GLI-01103-000,-19.24443244934082,-19.720170974731445
0.0,0.9868671894073486,1.0,10,anti_proposal,-0.12666195631027222,0,-0.8270950317382812,4,0.8270950317382812,train,BraTS-GLI-01103-000,-19.24443244934082,-20.0715274810791
3.5762786865234375e-06,1.0,0.25,4,prototype,0.27920234203338623,0,0.18780994415283203,4,0.18780994415283203,train,BraTS-GLI-00514-001,-13.312588691711426,-13.124778747558594
9.179115295410156e-06,1.0,0.5,4,prototype,0.27920234203338623,0,0.38707542419433594,4,0.38707542419433594,train,BraTS-GLI-00514-001,-13.312588691711426,-12.92551326751709
3.266334533691406e-05,1.0,1.0,4,prototype,0.27920234203338623,0,0.8471450805664062,4,0.8471450805664062,train,BraTS-GLI-00514-001,-13.312588691711426,-12.46544361114502
-1.7881393432617188e-06,1.0,0.25,4,random,0.27920234203338623,0,-0.1288919448852539,4,0.1288919448852539,train,BraTS-GLI-00514-001,-13.312588691711426,-13.44148063659668
-3.159046173095703e-06,1.0,0.5,4,random,0.27920234203338623,0,-0.2558097839355469,4,0.2558097839355469,train,BraTS-GLI-00514-001,-13.312588691711426,-13.568398475646973
-5.245208740234375e-06,1.0,1.0,4,random,0.27920234203338623,0,-0.4956483840942383,4,0.4956483840942383,train,BraTS-GLI-00514-001,-13.312588691711426,-13.808237075805664
3.737211227416992e-05,0.9998892545700073,0.25,4,proposal,0.27920234203338623,0,1.0573577880859375,4,1.0573577880859375,train,BraTS-GLI-00514-001,-13.312588691711426,-12.255230903625488
0.0002257823944091797,0.9998892545700073,0.5,4,proposal,0.27920234203338623,0,2.1831016540527344,4,2.1831016540527344,train,BraTS-GLI-00514-001,-13.312588691711426,-11.129487037658691
0.012995302677154541,0.9998892545700073,1.0,4,proposal,0.27920234203338623,0,4.779258728027344,4,4.779258728027344,train,BraTS-GLI-00514-001,-13.312588691711426,-8.533329963684082
-7.748603820800781e-06,0.9998892545700073,0.25,4,anti_proposal,0.27920234203338623,0,-0.9658832550048828,4,0.9658832550048828,train,BraTS-GLI-00514-001,-13.312588691711426,-14.278471946716309
-9.775161743164062e-06,0.9998892545700073,0.5,4,anti_proposal,0.27920234203338623,0,-1.750483512878418,4,1.750483512878418,train,BraTS-GLI-00514-001,-13.312588691711426,-15.063072204589844
-1.049041748046875e-05,0.9998892545700073,1.0,4,anti_proposal,0.27920234203338623,0,-2.7294740676879883,4,2.7294740676879883,train,BraTS-GLI-00514-001,-13.312588691711426,-16.042062759399414
0.0,1.0,0.25,40,prototype,-0.0953240618109703,0,-0.1413726806640625,4,0.1413726806640625,train,BraTS-GLI-00146-000,-32.33709716796875,-32.47846984863281
0.0,1.0,0.5,40,prototype,-0.0953240618109703,0,-0.2655372619628906,4,0.2655372619628906,train,BraTS-GLI-00146-000,-32.33709716796875,-32.60263442993164
0.0,1.0,1.0,40,prototype,-0.0953240618109703,0,-0.4552574157714844,4,0.4552574157714844,train,BraTS-GLI-00146-000,-32.33709716796875,-32.792354583740234
0.0,1.0,0.25,40,random,-0.0953240618109703,0,-0.12845611572265625,4,0.12845611572265625,train,BraTS-GLI-00146-000,-32.33709716796875,-32.465553283691406
0.0,1.0,0.5,40,random,-0.0953240618109703,0,-0.2567100524902344,4,0.2567100524902344,train,BraTS-GLI-00146-000,-32.33709716796875,-32.593807220458984
0.0,1.0,1.0,40,random,-0.0953240618109703,0,-0.5046119689941406,4,0.5046119689941406,train,BraTS-GLI-00146-000,-32.33709716796875,-32.84170913696289
0.0,0.9995043277740479,0.25,40,proposal,-0.0953240618109703,0,1.8258171081542969,4,1.8258171081542969,train,BraTS-GLI-00146-000,-32.33709716796875,-30.511280059814453
0.0,0.9995043277740479,0.5,40,proposal,-0.0953240618109703,0,4.350200653076172,4,4.350200653076172,train,BraTS-GLI-00146-000,-32.33709716796875,-27.986896514892578
0.0,0.9995043277740479,1.0,40,proposal,-0.0953240618109703,0,8.1441650390625,4,8.1441650390625,train,BraTS-GLI-00146-000,-32.33709716796875,-24.19293212890625
0.0,0.9995043277740479,0.25,40,anti_proposal,-0.0953240618109703,0,-1.9221229553222656,4,1.9221229553222656,train,BraTS-GLI-00146-000,-32.33709716796875,-34.259220123291016
0.0,0.9995043277740479,0.5,40,anti_proposal,-0.0953240618109703,0,-3.4826507568359375,4,3.4826507568359375,train,BraTS-GLI-00146-000,-32.33709716796875,-35.81974792480469
-1.1920928955078125e-07,0.9995043277740479,1.0,40,anti_proposal,-0.0953240618109703,0,-5.205680847167969,4,5.205680847167969,train,BraTS-GLI-00146-000,-32.33709716796875,-37.54277801513672
0.011246442794799805,1.0,0.25,117,prototype,0.05486553534865379,0,0.09232759475708008,4,0.09232759475708008,train,BraTS-GLI-00146-000,-4.26696252822876,-4.17463493347168
0.023613572120666504,1.0,0.5,117,prototype,0.05486553534865379,0,0.1895298957824707,4,0.1895298957824707,train,BraTS-GLI-00146-000,-4.26696252822876,-4.077432632446289
0.05242711305618286,1.0,1.0,117,prototype,0.05486553534865379,0,0.39449214935302734,4,0.39449214935302734,train,BraTS-GLI-00146-000,-4.26696252822876,-3.8724703788757324
0.01991581916809082,1.0,0.25,117,random,0.05486553534865379,0,0.18588590621948242,4,0.18588590621948242,train,BraTS-GLI-00146-000,-4.26696252822876,-4.081076622009277
0.04191190004348755,1.0,0.5,117,random,0.05486553534865379,0,0.3663175106048584,4,0.3663175106048584,train,BraTS-GLI-00146-000,-4.26696252822876,-3.9006450176239014
0.09063774347305298,1.0,1.0,117,random,0.05486553534865379,0,0.7100484371185303,4,0.7100484371185303,train,BraTS-GLI-00146-000,-4.26696252822876,-3.5569140911102295
0.1950170397758484,0.999811589717865,0.25,117,proposal,0.05486553534865379,0,1.2978358268737793,4,1.2978358268737793,train,BraTS-GLI-00146-000,-4.26696252822876,-2.9691267013549805
0.4254220128059387,0.999811589717865,0.5,117,proposal,0.05486553534865379,0,2.4941115379333496,4,2.4941115379333496,train,BraTS-GLI-00146-000,-4.26696252822876,-1.7728509902954102
0.7157170921564102,0.999811589717865,1.0,117,proposal,0.05486553534865379,1,4.606407672166824,4,4.606407672166824,train,BraTS-GLI-00146-000,-4.26696252822876,0.3394451439380646
-0.08293753862380981,0.999811589717865,0.25,117,anti_proposal,0.05486553534865379,0,-1.4253640174865723,4,1.4253640174865723,train,BraTS-GLI-00146-000,-4.26696252822876,-5.692326545715332
-0.10152363777160645,0.999811589717865,0.5,117,anti_proposal,0.05486553534865379,0,-2.750406265258789,4,2.750406265258789,train,BraTS-GLI-00146-000,-4.26696252822876,-7.017368793487549
-0.10616976022720337,0.999811589717865,1.0,117,anti_proposal,0.05486553534865379,0,-5.0163750648498535,4,5.0163750648498535,train,BraTS-GLI-00146-000,-4.26696252822876,-9.283337593078613
1.9073486328125e-06,1.0,0.25,2,prototype,-0.06637461483478546,0,-0.01032257080078125,4,0.01032257080078125,train,BraTS-GLI-00286-000,-18.31195068359375,-18.32227325439453
4.351139068603516e-06,1.0,0.5,2,prototype,-0.06637461483478546,0,-0.019147872924804688,4,0.019147872924804688,train,BraTS-GLI-00286-000,-18.31195068359375,-18.331098556518555
1.1980533599853516e-05,1.0,1.0,2,prototype,-0.06637461483478546,0,-0.032131195068359375,4,0.032131195068359375,train,BraTS-GLI-00286-000,-18.31195068359375,-18.34408187866211
7.748603820800781e-07,1.0,0.25,2,random,-0.06637461483478546,0,-0.015790939331054688,4,0.015790939331054688,train,BraTS-GLI-00286-000,-18.31195068359375,-18.327741622924805
1.6093254089355469e-06,1.0,0.5,2,random,-0.06637461483478546,0,-0.03159904479980469,4,0.03159904479980469,train,BraTS-GLI-00286-000,-18.31195068359375,-18.343549728393555
3.5762786865234375e-06,1.0,1.0,2,random,-0.06637461483478546,0,-0.06171226501464844,4,0.06171226501464844,train,BraTS-GLI-00286-000,-18.31195068359375,-18.3736629486084
-6.258487701416016e-06,0.9971115589141846,0.25,2,proposal,-0.06637461483478546,0,0.3299579620361328,4,0.3299579620361328,train,BraTS-GLI-00286-000,-18.31195068359375,-17.981992721557617
-6.854534149169922e-06,0.9971115589141846,0.5,2,proposal,-0.06637461483478546,0,0.9319553375244141,4,0.9319553375244141,train,BraTS-GLI-00286-000,-18.31195068359375,-17.379995346069336
-6.735324859619141e-06,0.9971115589141846,1.0,2,proposal,-0.06637461483478546,0,2.468907356262207,4,2.468907356262207,train,BraTS-GLI-00286-000,-18.31195068359375,-15.843043327331543
3.88026237487793e-05,0.9971115589141846,0.25,2,anti_proposal,-0.06637461483478546,0,-0.18338394165039062,4,0.18338394165039062,train,BraTS-GLI-00286-000,-18.31195068359375,-18.49533462524414
0.0002943277359008789,0.9971115589141846,0.5,2,anti_proposal,-0.06637461483478546,0,-0.3175067901611328,4,0.3175067901611328,train,BraTS-GLI-00286-000,-18.31195068359375,-18.629457473754883
0.006752669811248779,0.9971115589141846,1.0,2,anti_proposal,-0.06637461483478546,0,-0.5292873382568359,4,0.5292873382568359,train,BraTS-GLI-00286-000,-18.31195068359375,-18.841238021850586
3.3974647521972656e-06,1.0,0.25,5,prototype,0.30610334873199463,0,0.22556114196777344,4,0.22556114196777344,train,BraTS-GLI-00286-000,-15.399022102355957,-15.173460960388184
1.049041748046875e-05,1.0,0.5,5,prototype,0.30610334873199463,0,0.5095653533935547,4,0.5095653533935547,train,BraTS-GLI-00286-000,-15.399022102355957,-14.889456748962402
8.815526962280273e-05,1.0,1.0,5,prototype,0.30610334873199463,0,1.285780906677246,4,1.285780906677246,train,BraTS-GLI-00286-000,-15.399022102355957,-14.113241195678711
-2.980232238769531e-07,1.0,0.25,5,random,0.30610334873199463,0,-0.030017852783203125,4,0.030017852783203125,train,BraTS-GLI-00286-000,-15.399022102355957,-15.42903995513916
-6.556510925292969e-07,1.0,0.5,5,random,0.30610334873199463,0,-0.058807373046875,4,0.058807373046875,train,BraTS-GLI-00286-000,-15.399022102355957,-15.457829475402832
-1.1920928955078125e-06,1.0,1.0,5,random,0.30610334873199463,0,-0.11709308624267578,4,0.11709308624267578,train,BraTS-GLI-00286-000,-15.399022102355957,-15.516115188598633
6.747245788574219e-05,0.9996415376663208,0.25,5,proposal,0.30610334873199463,0,0.965214729309082,4,0.965214729309082,train,BraTS-GLI-00286-000,-15.399022102355957,-14.433807373046875
0.003512740135192871,0.9996415376663208,0.5,5,proposal,0.30610334873199463,0,2.455791473388672,4,2.455791473388672,train,BraTS-GLI-00286-000,-15.399022102355957,-12.943230628967285
0.2787820100784302,0.9996415376663208,1.0,5,proposal,0.30610334873199463,0,7.637122631072998,4,7.637122631072998,train,BraTS-GLI-00286-000,-15.399022102355957,-7.761899471282959
-4.76837158203125e-06,0.9996415376663208,0.25,5,anti_proposal,0.30610334873199463,0,-0.5456142425537109,4,0.5456142425537109,train,BraTS-GLI-00286-000,-15.399022102355957,-15.944636344909668
-5.662441253662109e-06,0.9996415376663208,0.5,5,anti_proposal,0.30610334873199463,0,-0.8422269821166992,4,0.8422269821166992,train,BraTS-GLI-00286-000,-15.399022102355957,-16.241249084472656
-5.9604644775390625e-06,0.9996415376663208,1.0,5,anti_proposal,0.30610334873199463,0,-1.2290334701538086,4,1.2290334701538086,train,BraTS-GLI-00286-000,-15.399022102355957,-16.628055572509766
0.0,1.0,0.25,1,prototype,-0.0810302346944809,0,-0.030292510986328125,4,0.030292510986328125,train,BraTS-GLI-00286-000,-21.03036117553711,-21.060653686523438
0.0,1.0,0.5,1,prototype,-0.0810302346944809,0,-0.05792999267578125,4,0.05792999267578125,train,BraTS-GLI-00286-000,-21.03036117553711,-21.08829116821289
0.0,1.0,1.0,1,prototype,-0.0810302346944809,0,-0.11078834533691406,4,0.11078834533691406,train,BraTS-GLI-00286-000,-21.03036117553711,-21.141149520874023
0.0,1.0,0.25,1,random,-0.0810302346944809,0,0.0004100799560546875,4,0.0004100799560546875,train,BraTS-GLI-00286-000,-21.03036117553711,-21.029951095581055
0.0,1.0,0.5,1,random,-0.0810302346944809,0,-0.0003185272216796875,4,0.0003185272216796875,train,BraTS-GLI-00286-000,-21.03036117553711,-21.03067970275879
0.0,1.0,1.0,1,random,-0.0810302346944809,0,0.0001068115234375,4,0.0001068115234375,train,BraTS-GLI-00286-000,-21.03036117553711,-21.030254364013672
0.0,0.9976498484611511,0.25,1,proposal,-0.0810302346944809,0,0.7234592437744141,4,0.7234592437744141,train,BraTS-GLI-00286-000,-21.03036117553711,-20.306901931762695
0.0,0.9976498484611511,0.5,1,proposal,-0.0810302346944809,0,2.014627456665039,4,2.014627456665039,train,BraTS-GLI-00286-000,-21.03036117553711,-19.01573371887207
2.384185791015625e-07,0.9976498484611511,1.0,1,proposal,-0.0810302346944809,0,4.90625,4,4.90625,train,BraTS-GLI-00286-000,-21.03036117553711,-16.12411117553711
0.0,0.9976498484611511,0.25,1,anti_proposal,-0.0810302346944809,0,-0.44108009338378906,4,0.44108009338378906,train,BraTS-GLI-00286-000,-21.03036117553711,-21.4714412689209
0.0,0.9976498484611511,0.5,1,anti_proposal,-0.0810302346944809,0,-0.7820091247558594,4,0.7820091247558594,train,BraTS-GLI-00286-000,-21.03036117553711,-21.81237030029297
0.0,0.9976498484611511,1.0,1,anti_proposal,-0.0810302346944809,0,-1.3379631042480469,4,1.3379631042480469,train,BraTS-GLI-00286-000,-21.03036117553711,-22.368324279785156
0.0,1.0,0.25,3,prototype,0.005182191729545593,0,0.052326202392578125,4,0.052326202392578125,train,BraTS-GLI-00500-001,-17.93265724182129,-17.88033103942871
0.0,1.0,0.5,3,prototype,0.005182191729545593,0,0.09403419494628906,4,0.09403419494628906,train,BraTS-GLI-00500-001,-17.93265724182129,-17.838623046875
0.0,1.0,1.0,3,prototype,0.005182191729545593,0,0.1622753143310547,4,0.1622753143310547,train,BraTS-GLI-00500-001,-17.93265724182129,-17.770381927490234
0.0,1.0,0.25,3,random,0.005182191729545593,0,0.17940139770507812,4,0.17940139770507812,train,BraTS-GLI-00500-001,-17.93265724182129,-17.75325584411621
0.0,1.0,0.5,3,random,0.005182191729545593,0,0.3714256286621094,4,0.3714256286621094,train,BraTS-GLI-00500-001,-17.93265724182129,-17.56123161315918
5.960464477539063e-08,1.0,1.0,3,random,0.005182191729545593,0,0.7647914886474609,4,0.7647914886474609,train,BraTS-GLI-00500-001,-17.93265724182129,-17.167865753173828
1.1920928955078125e-07,0.9999617338180542,0.25,3,proposal,0.005182191729545593,0,1.2835865020751953,4,1.2835865020751953,train,BraTS-GLI-00500-001,-17.93265724182129,-16.649070739746094
1.4901161193847656e-06,0.9999617338180542,0.5,3,proposal,0.005182191729545593,0,2.899515151977539,4,2.899515151977539,train,BraTS-GLI-00500-001,-17.93265724182129,-15.03314208984375
9.1552734375e-05,0.9999617338180542,1.0,3,proposal,0.005182191729545593,0,7.1869707107543945,4,7.1869707107543945,train,BraTS-GLI-00500-001,-17.93265724182129,-10.745686531066895
-1.1920928955078125e-07,0.9999617338180542,0.25,3,anti_proposal,0.005182191729545593,0,-1.0891590118408203,4,1.0891590118408203,train,BraTS-GLI-00500-001,-17.93265724182129,-19.02181625366211
-1.1920928955078125e-07,0.9999617338180542,0.5,3,anti_proposal,0.005182191729545593,0,-1.9884872436523438,4,1.9884872436523438,train,BraTS-GLI-00500-001,-17.93265724182129,-19.921144485473633
-1.1920928955078125e-07,0.9999617338180542,1.0,3,anti_proposal,0.005182191729545593,0,-3.3760929107666016,4,3.3760929107666016,train,BraTS-GLI-00500-001,-17.93265724182129,-21.30875015258789
0.014679133892059326,1.0,0.25,1,prototype,0.3743017315864563,0,0.7460556030273438,4,0.7460556030273438,train,BraTS-GLI-01450-000,-20.7989501953125,-20.052894592285156
0.03284800052642822,1.0,0.5,1,prototype,0.3743017315864563,0,1.5149650573730469,4,1.5149650573730469,train,BraTS-GLI-01450-000,-20.7989501953125,-19.283985137939453
0.10041165351867676,1.0,1.0,1,prototype,0.3743017315864563,0,3.205141067504883,4,3.205141067504883,train,BraTS-GLI-01450-000,-20.7989501953125,-17.593809127807617
0.0009625554084777832,1.0,0.25,1,random,0.3743017315864563,0,-0.015962600708007812,4,0.015962600708007812,train,BraTS-GLI-01450-000,-20.7989501953125,-20.814912796020508
0.0019980669021606445,1.0,0.5,1,random,0.3743017315864563,0,-0.03009033203125,4,0.03009033203125,train,BraTS-GLI-01450-000,-20.7989501953125,-20.82904052734375
0.004079759120941162,1.0,1.0,1,random,0.3743017315864563,0,-0.05969810485839844,4,0.05969810485839844,train,BraTS-GLI-01450-000,-20.7989501953125,-20.8586483001709
0.09668439626693726,0.9998899698257446,0.25,1,proposal,0.3743017315864563,0,2.3883724212646484,4,2.3883724212646484,train,BraTS-GLI-01450-000,-20.7989501953125,-18.41057777404785
0.2579706311225891,0.9998899698257446,0.5,1,proposal,0.3743017315864563,0,4.94659423828125,4,4.94659423828125,train,BraTS-GLI-01450-000,-20.7989501953125,-15.85235595703125
0.5900805592536926,0.9998899698257446,1.0,1,proposal,0.3743017315864563,0,11.10997200012207,4,11.10997200012207,train,BraTS-GLI-01450-000,-20.7989501953125,-9.68897819519043
-0.009293794631958008,0.9998899698257446,0.25,1,anti_proposal,0.3743017315864563,0,-2.001222610473633,4,2.001222610473633,train,BraTS-GLI-01450-000,-20.7989501953125,-22.800172805786133
-0.00930798053741455,0.9998899698257446,0.5,1,anti_proposal,0.3743017315864563,0,-3.332500457763672,4,3.332500457763672,train,BraTS-GLI-01450-000,-20.7989501953125,-24.131450653076172
-0.009308040142059326,0.9998899698257446,1.0,1,anti_proposal,0.3743017315864563,0,-4.364276885986328,4,4.364276885986328,train,BraTS-GLI-01450-000,-20.7989501953125,-25.163227081298828
0.0,1.0,0.25,4,prototype,0.0757499486207962,0,0.1379566192626953,4,0.1379566192626953,train,BraTS-GLI-00628-000,-21.98451805114746,-21.846561431884766
0.0,1.0,0.5,4,prototype,0.0757499486207962,0,0.272216796875,4,0.272216796875,train,BraTS-GLI-00628-000,-21.98451805114746,-21.71230125427246
1.1920928955078125e-07,1.0,1.0,4,prototype,0.0757499486207962,0,0.5300140380859375,4,0.5300140380859375,train,BraTS-GLI-00628-000,-21.98451805114746,-21.454504013061523
0.0,1.0,0.25,4,random,0.0757499486207962,0,-0.06656646728515625,4,0.06656646728515625,train,BraTS-GLI-00628-000,-21.98451805114746,-22.051084518432617
0.0,1.0,0.5,4,random,0.0757499486207962,0,-0.13520050048828125,4,0.13520050048828125,train,BraTS-GLI-00628-000,-21.98451805114746,-22.119718551635742
0.0,1.0,1.0,4,random,0.0757499486207962,0,-0.26860618591308594,4,0.26860618591308594,train,BraTS-GLI-00628-000,-21.98451805114746,-22.253124237060547
0.0,0.9999527931213379,0.25,4,proposal,0.0757499486207962,0,0.7851295471191406,4,0.7851295471191406,train,BraTS-GLI-00628-000,-21.98451805114746,-21.19938850402832
0.0,0.9999527931213379,0.5,4,proposal,0.0757499486207962,0,1.6389236450195312,4,1.6389236450195312,train,BraTS-GLI-00628-000,-21.98451805114746,-20.34559440612793
0.0,0.9999527931213379,1.0,4,proposal,0.0757499486207962,0,3.1619815826416016,4,3.1619815826416016,train,BraTS-GLI-00628-000,-21.98451805114746,-18.82253646850586
0.0,0.9999527931213379,0.25,4,anti_proposal,0.0757499486207962,0,-0.7298622131347656,4,0.7298622131347656,train,BraTS-GLI-00628-000,-21.98451805114746,-22.714380264282227
0.0,0.9999527931213379,0.5,4,anti_proposal,0.0757499486207962,0,-1.3842926025390625,4,1.3842926025390625,train,BraTS-GLI-00628-000,-21.98451805114746,-23.368810653686523
0.0,0.9999527931213379,1.0,4,anti_proposal,0.0757499486207962,0,-2.4735260009765625,4,2.4735260009765625,train,BraTS-GLI-00628-000,-21.98451805114746,-24.458044052124023
0.0,1.0,0.25,6,prototype,-0.06752539426088333,0,-0.08496475219726562,4,0.08496475219726562,train,BraTS-GLI-00628-000,-25.753055572509766,-25.83802032470703
0.0,1.0,0.5,6,prototype,-0.06752539426088333,0,-0.17338943481445312,4,0.17338943481445312,train,BraTS-GLI-00628-000,-25.753055572509766,-25.92644500732422
0.0,1.0,1.0,6,prototype,-0.06752539426088333,0,-0.3580322265625,4,0.3580322265625,train,BraTS-GLI-00628-000,-25.753055572509766,-26.111087799072266
0.0,1.0,0.25,6,random,-0.06752539426088333,0,-0.024461746215820312,4,0.024461746215820312,train,BraTS-GLI-00628-000,-25.753055572509766,-25.777517318725586
0.0,1.0,0.5,6,random,-0.06752539426088333,0,-0.04899787902832031,4,0.04899787902832031,train,BraTS-GLI-00628-000,-25.753055572509766,-25.802053451538086
0.0,1.0,1.0,6,random,-0.06752539426088333,0,-0.09929656982421875,4,0.09929656982421875,train,BraTS-GLI-00628-000,-25.753055572509766,-25.852352142333984
0.0,0.9998700618743896,0.25,6,proposal,-0.06752539426088333,0,1.1919307708740234,4,1.1919307708740234,train,BraTS-GLI-00628-000,-25.753055572509766,-24.561124801635742
0.0,0.9998700618743896,0.5,6,proposal,-0.06752539426088333,0,2.8759899139404297,4,2.8759899139404297,train,BraTS-GLI-00628-000,-25.753055572509766,-22.877065658569336
0.0,0.9998700618743896,1.0,6,proposal,-0.06752539426088333,0,5.9492340087890625,4,5.9492340087890625,train,BraTS-GLI-00628-000,-25.753055572509766,-19.803821563720703
0.0,0.9998700618743896,0.25,6,anti_proposal,-0.06752539426088333,0,-1.3228797912597656,4,1.3228797912597656,train,BraTS-GLI-00628-000,-25.753055572509766,-27.07593536376953
0.0,0.9998700618743896,0.5,6,anti_proposal,-0.06752539426088333,0,-2.6861019134521484,4,2.6861019134521484,train,BraTS-GLI-00628-000,-25.753055572509766,-28.439157485961914
0.0,0.9998700618743896,1.0,6,anti_proposal,-0.06752539426088333,0,-4.559125900268555,4,4.559125900268555,train,BraTS-GLI-00628-000,-25.753055572509766,-30.31218147277832
0.0,1.0,0.25,5,prototype,-0.04733005911111832,0,-0.04634666442871094,4,0.04634666442871094,train,BraTS-GLI-00628-000,-25.489192962646484,-25.535539627075195
0.0,1.0,0.5,5,prototype,-0.04733005911111832,0,-0.08709526062011719,4,0.08709526062011719,train,BraTS-GLI-00628-000,-25.489192962646484,-25.5762882232666
0.0,1.0,1.0,5,prototype,-0.04733005911111832,0,-0.12280654907226562,4,0.12280654907226562,train,BraTS-GLI-00628-000,-25.489192962646484,-25.61199951171875
0.0,1.0,0.25,5,random,-0.04733005911111832,0,0.031494140625,4,0.031494140625,train,BraTS-GLI-00628-000,-25.489192962646484,-25.457698822021484
0.0,1.0,0.5,5,random,-0.04733005911111832,0,0.06176185607910156,4,0.06176185607910156,train,BraTS-GLI-00628-000,-25.489192962646484,-25.427431106567383
0.0,1.0,1.0,5,random,-0.04733005911111832,0,0.1270008087158203,4,0.1270008087158203,train,BraTS-GLI-00628-000,-25.489192962646484,-25.362192153930664
0.0,0.9998867511749268,0.25,5,proposal,-0.04733005911111832,0,1.7813739776611328,4,1.7813739776611328,train,BraTS-GLI-00628-000,-25.489192962646484,-23.70781898498535
0.0,0.9998867511749268,0.5,5,proposal,-0.04733005911111832,0,3.6510677337646484,4,3.6510677337646484,train,BraTS-GLI-00628-000,-25.489192962646484,-21.838125228881836
1.1920928955078125e-07,0.9998867511749268,1.0,5,proposal,-0.04733005911111832,0,7.0855865478515625,4,7.0855865478515625,train,BraTS-GLI-00628-000,-25.489192962646484,-18.403606414794922
0.0,0.9998867511749268,0.25,5,anti_proposal,-0.04733005911111832,0,-1.4140033721923828,4,1.4140033721923828,train,BraTS-GLI-00628-000,-25.489192962646484,-26.903196334838867
0.0,0.9998867511749268,0.5,5,anti_proposal,-0.04733005911111832,0,-2.5469093322753906,4,2.5469093322753906,train,BraTS-GLI-00628-000,-25.489192962646484,-28.036102294921875
0.0,0.9998867511749268,1.0,5,anti_proposal,-0.04733005911111832,0,-3.913015365600586,4,3.913015365600586,train,BraTS-GLI-00628-000,-25.489192962646484,-29.40220832824707
1.1920928955078125e-07,1.0,0.25,2,prototype,0.11079119145870209,0,0.07906532287597656,4,0.07906532287597656,train,BraTS-GLI-01062-000,-17.115354537963867,-17.03628921508789
1.1920928955078125e-07,1.0,0.5,2,prototype,0.11079119145870209,0,0.16561317443847656,4,0.16561317443847656,train,BraTS-GLI-01062-000,-17.115354537963867,-16.94974136352539
1.7881393432617188e-07,1.0,1.0,2,prototype,0.11079119145870209,0,0.37417030334472656,4,0.37417030334472656,train,BraTS-GLI-01062-000,-17.115354537963867,-16.74118423461914
0.0,1.0,0.25,2,random,0.11079119145870209,0,-0.04572486877441406,4,0.04572486877441406,train,BraTS-GLI-01062-000,-17.115354537963867,-17.16107940673828
0.0,1.0,0.5,2,random,0.11079119145870209,0,-0.08945465087890625,4,0.08945465087890625,train,BraTS-GLI-01062-000,-17.115354537963867,-17.204809188842773
0.0,1.0,1.0,2,random,0.11079119145870209,0,-0.15863800048828125,4,0.15863800048828125,train,BraTS-GLI-01062-000,-17.115354537963867,-17.27399253845215
6.556510925292969e-07,0.9992164373397827,0.25,2,proposal,0.11079119145870209,0,0.9325428009033203,4,0.9325428009033203,train,BraTS-GLI-01062-000,-17.115354537963867,-16.182811737060547
3.7550926208496094e-06,0.9992164373397827,0.5,2,proposal,0.11079119145870209,0,2.089602470397949,4,2.089602470397949,train,BraTS-GLI-01062-000,-17.115354537963867,-15.025752067565918
5.501508712768555e-05,0.9992164373397827,1.0,2,proposal,0.11079119145870209,0,4.145073890686035,4,4.145073890686035,train,BraTS-GLI-01062-000,-17.115354537963867,-12.970280647277832
-5.960464477539063e-08,0.9992164373397827,0.25,2,anti_proposal,0.11079119145870209,0,-0.6141338348388672,4,0.6141338348388672,train,BraTS-GLI-01062-000,-17.115354537963867,-17.729488372802734
-5.960464477539063e-08,0.9992164373397827,0.5,2,anti_proposal,0.11079119145870209,0,-0.9070549011230469,4,0.9070549011230469,train,BraTS-GLI-01062-000,-17.115354537963867,-18.022409439086914
-1.1920928955078125e-07,0.9992164373397827,1.0,2,anti_proposal,0.11079119145870209,0,-1.550313949584961,4,1.550313949584961,train,BraTS-GLI-01062-000,-17.115354537963867,-18.665668487548828
0.001801609992980957,1.0,0.25,8,prototype,0.3114964962005615,0,0.1965799331665039,4,0.1965799331665039,train,BraTS-GLI-00266-000,-10.017775535583496,-9.821195602416992
0.004381418228149414,1.0,0.5,8,prototype,0.3114964962005615,0,0.40122318267822266,4,0.40122318267822266,train,BraTS-GLI-00266-000,-10.017775535583496,-9.616552352905273
0.01338803768157959,1.0,1.0,8,prototype,0.3114964962005615,0,0.8475980758666992,4,0.8475980758666992,train,BraTS-GLI-00266-000,-10.017775535583496,-9.170177459716797
-0.0004698634147644043,1.0,0.25,8,random,0.3114964962005615,0,-0.06740093231201172,4,0.06740093231201172,train,BraTS-GLI-00266-000,-10.017775535583496,-10.085176467895508
-0.0009129047393798828,1.0,0.5,8,random,0.3114964962005615,0,-0.1384439468383789,4,0.1384439468383789,train,BraTS-GLI-00266-000,-10.017775535583496,-10.156219482421875
-0.0017060041427612305,1.0,1.0,8,random,0.3114964962005615,0,-0.2883768081665039,4,0.2883768081665039,train,BraTS-GLI-00266-000,-10.017775535583496,-10.30615234375
0.008476793766021729,0.9991783499717712,0.25,8,proposal,0.3114964962005615,0,0.6910943984985352,4,0.6910943984985352,train,BraTS-GLI-00266-000,-10.017775535583496,-9.326681137084961
0.029156744480133057,0.9991783499717712,0.5,8,proposal,0.3114964962005615,0,1.3708105087280273,4,1.3708105087280273,train,BraTS-GLI-00266-000,-10.017775535583496,-8.646965026855469
0.15335971117019653,0.9991783499717712,1.0,8,proposal,0.3114964962005615,0,2.704184055328369,4,2.704184055328369,train,BraTS-GLI-00266-000,-10.017775535583496,-7.313591480255127
-0.0033574700355529785,0.9991783499717712,0.25,8,anti_proposal,0.3114964962005615,0,-0.7321538925170898,4,0.7321538925170898,train,BraTS-GLI-00266-000,-10.017775535583496,-10.749929428100586
-0.004573345184326172,0.9991783499717712,0.5,8,anti_proposal,0.3114964962005615,0,-1.4832773208618164,4,1.4832773208618164,train,BraTS-GLI-00266-000,-10.017775535583496,-11.501052856445312
-0.005090773105621338,0.9991783499717712,1.0,8,anti_proposal,0.3114964962005615,0,-2.850353240966797,4,2.850353240966797,train,BraTS-GLI-00266-000,-10.017775535583496,-12.868128776550293
0.0,1.0,0.25,2,prototype,0.16763000190258026,0,0.025440216064453125,4,0.025440216064453125,train,BraTS-GLI-01090-000,-17.466026306152344,-17.44058609008789
0.0,1.0,0.5,2,prototype,0.16763000190258026,0,0.04347991943359375,4,0.04347991943359375,train,BraTS-GLI-01090-000,-17.466026306152344,-17.42254638671875
5.960464477539063e-08,1.0,1.0,2,prototype,0.16763000190258026,0,0.07141876220703125,4,0.07141876220703125,train,BraTS-GLI-01090-000,-17.466026306152344,-17.394607543945312
0.0,1.0,0.25,2,random,0.16763000190258026,0,0.008758544921875,4,0.008758544921875,train,BraTS-GLI-01090-000,-17.466026306152344,-17.45726776123047
0.0,1.0,0.5,2,random,0.16763000190258026,0,0.017152786254882812,4,0.017152786254882812,train,BraTS-GLI-01090-000,-17.466026306152344,-17.44887351989746
0.0,1.0,1.0,2,random,0.16763000190258026,0,0.032245635986328125,4,0.032245635986328125,train,BraTS-GLI-01090-000,-17.466026306152344,-17.433780670166016
5.960464477539063e-08,0.9989656209945679,0.25,2,proposal,0.16763000190258026,0,0.15500831604003906,4,0.15500831604003906,train,BraTS-GLI-01090-000,-17.466026306152344,-17.311017990112305
5.960464477539063e-08,0.9989656209945679,0.5,2,proposal,0.16763000190258026,0,0.3701934814453125,4,0.3701934814453125,train,BraTS-GLI-01090-000,-17.466026306152344,-17.09583282470703
1.1920928955078125e-07,0.9989656209945679,1.0,2,proposal,0.16763000190258026,0,0.20052146911621094,4,0.20052146911621094,train,BraTS-GLI-01090-000,-17.466026306152344,-17.265504837036133
0.0,0.9989656209945679,0.25,2,anti_proposal,0.16763000190258026,0,-0.13719558715820312,4,0.13719558715820312,train,BraTS-GLI-01090-000,-17.466026306152344,-17.603221893310547
-1.1920928955078125e-07,0.9989656209945679,0.5,2,anti_proposal,0.16763000190258026,0,-0.23104286193847656,4,0.23104286193847656,train,BraTS-GLI-01090-000,-17.466026306152344,-17.69706916809082
-1.1920928955078125e-07,0.9989656209945679,1.0,2,anti_proposal,0.16763000190258026,0,-0.7144680023193359,4,0.7144680023193359,train,BraTS-GLI-01090-000,-17.466026306152344,-18.18049430847168
0.0,1.0,0.25,3,prototype,0.15992610156536102,0,-0.0001049041748046875,4,0.0001049041748046875,train,BraTS-GLI-01090-000,-16.074960708618164,-16.07506561279297
0.0,1.0,0.5,3,prototype,0.15992610156536102,0,0.0024471282958984375,4,0.0024471282958984375,train,BraTS-GLI-01090-000,-16.074960708618164,-16.072513580322266
5.960464477539063e-08,1.0,1.0,3,prototype,0.15992610156536102,0,0.018917083740234375,4,0.018917083740234375,train,BraTS-GLI-01090-000,-16.074960708618164,-16.05604362487793
0.0,1.0,0.25,3,random,0.15992610156536102,0,0.0003204345703125,4,0.0003204345703125,train,BraTS-GLI-01090-000,-16.074960708618164,-16.07464027404785
0.0,1.0,0.5,3,random,0.15992610156536102,0,-0.0002593994140625,4,0.0002593994140625,train,BraTS-GLI-01090-000,-16.074960708618164,-16.075220108032227
0.0,1.0,1.0,3,random,0.15992610156536102,0,-0.000881195068359375,4,0.000881195068359375,train,BraTS-GLI-01090-000,-16.074960708618164,-16.075841903686523
5.960464477539063e-08,0.9993471503257751,0.25,3,proposal,0.15992610156536102,0,0.12015914916992188,4,0.12015914916992188,train,BraTS-GLI-01090-000,-16.074960708618164,-15.954801559448242
4.172325134277344e-07,0.9993471503257751,0.5,3,proposal,0.15992610156536102,0,0.4747028350830078,4,0.4747028350830078,train,BraTS-GLI-01090-000,-16.074960708618164,-15.600257873535156
5.245208740234375e-06,0.9993471503257751,1.0,3,proposal,0.15992610156536102,0,1.9679365158081055,4,1.9679365158081055,train,BraTS-GLI-01090-000,-16.074960708618164,-14.107024192810059
0.0,0.9993471503257751,0.25,3,anti_proposal,0.15992610156536102,0,-0.09015083312988281,4,0.09015083312988281,train,BraTS-GLI-01090-000,-16.074960708618164,-16.165111541748047
-5.960464477539063e-08,0.9993471503257751,0.5,3,anti_proposal,0.15992610156536102,0,-0.19927978515625,4,0.19927978515625,train,BraTS-GLI-01090-000,-16.074960708618164,-16.274240493774414
-1.7881393432617188e-07,0.9993471503257751,1.0,3,anti_proposal,0.15992610156536102,0,-0.7273616790771484,4,0.7273616790771484,train,BraTS-GLI-01090-000,-16.074960708618164,-16.802322387695312
5.960464477539063e-08,1.0,0.25,5,prototype,0.1855068802833557,0,0.07209205627441406,4,0.07209205627441406,train,BraTS-GLI-01090-000,-16.278776168823242,-16.206684112548828
5.960464477539063e-08,1.0,0.5,5,prototype,0.1855068802833557,0,0.14262008666992188,4,0.14262008666992188,train,BraTS-GLI-01090-000,-16.278776168823242,-16.13615608215332
1.1920928955078125e-07,1.0,1.0,5,prototype,0.1855068802833557,0,0.2687664031982422,4,0.2687664031982422,train,BraTS-GLI-01090-000,-16.278776168823242,-16.010009765625
0.0,1.0,0.25,5,random,0.1855068802833557,0,0.0066967010498046875,4,0.0066967010498046875,train,BraTS-GLI-01090-000,-16.278776168823242,-16.272079467773438
0.0,1.0,0.5,5,random,0.1855068802833557,0,0.01202392578125,4,0.01202392578125,train,BraTS-GLI-01090-000,-16.278776168823242,-16.266752243041992
0.0,1.0,1.0,5,random,0.1855068802833557,0,0.019113540649414062,4,0.019113540649414062,train,BraTS-GLI-01090-000,-16.278776168823242,-16.259662628173828
2.980232238769531e-07,0.9940711855888367,0.25,5,proposal,0.1855068802833557,0,0.6053466796875,4,0.6053466796875,train,BraTS-GLI-01090-000,-16.278776168823242,-15.673429489135742
4.76837158203125e-07,0.9940711855888367,0.5,5,proposal,0.1855068802833557,0,0.9165925979614258,4,0.9165925979614258,train,BraTS-GLI-01090-000,-16.278776168823242,-15.362183570861816
7.152557373046875e-07,0.9940711855888367,1.0,5,proposal,0.1855068802833557,0,0.8707828521728516,4,0.8707828521728516,train,BraTS-GLI-01090-000,-16.278776168823242,-15.40799331665039
-1.7881393432617188e-07,0.9940711855888367,0.25,5,anti_proposal,0.1855068802833557,0,-0.5539989471435547,4,0.5539989471435547,train,BraTS-GLI-01090-000,-16.278776168823242,-16.832775115966797
-1.7881393432617188e-07,0.9940711855888367,0.5,5,anti_proposal,0.1855068802833557,0,-1.0065746307373047,4,1.0065746307373047,train,BraTS-GLI-01090-000,-16.278776168823242,-17.285350799560547
-2.384185791015625e-07,0.9940711855888367,1.0,5,anti_proposal,0.1855068802833557,0,-1.3098125457763672,4,1.3098125457763672,train,BraTS-GLI-01090-000,-16.278776168823242,-17.58858871459961
0.0,1.0,0.25,5,prototype,0.14476554095745087,0,0.010835647583007812,4,0.010835647583007812,train,BraTS-GLI-01176-000,-15.645949363708496,-15.635113716125488
0.0,1.0,0.5,5,prototype,0.14476554095745087,0,0.023366928100585938,4,0.023366928100585938,train,BraTS-GLI-01176-000,-15.645949363708496,-15.62258243560791
5.960464477539063e-08,1.0,1.0,5,prototype,0.14476554095745087,0,0.04592704772949219,4,0.04592704772949219,train,BraTS-GLI-01176-000,-15.645949363708496,-15.600022315979004
0.0,1.0,0.25,5,random,0.14476554095745087,0,-0.019012451171875,4,0.019012451171875,train,BraTS-GLI-01176-000,-15.645949363708496,-15.664961814880371
0.0,1.0,0.5,5,random,0.14476554095745087,0,-0.039463043212890625,4,0.039463043212890625,train,BraTS-GLI-01176-000,-15.645949363708496,-15.685412406921387
-5.960464477539063e-08,1.0,1.0,5,random,0.14476554095745087,0,-0.08297061920166016,4,0.08297061920166016,train,BraTS-GLI-01176-000,-15.645949363708496,-15.728919982910156
2.384185791015625e-07,0.9907183051109314,0.25,5,proposal,0.14476554095745087,0,0.24167346954345703,4,0.24167346954345703,train,BraTS-GLI-01176-000,-15.645949363708496,-15.404275894165039
6.556510925292969e-07,0.9907183051109314,0.5,5,proposal,0.14476554095745087,0,0.5444965362548828,4,0.5444965362548828,train,BraTS-GLI-01176-000,-15.645949363708496,-15.101452827453613
3.159046173095703e-06,0.9907183051109314,1.0,5,proposal,0.14476554095745087,0,1.3517951965332031,4,1.3517951965332031,train,BraTS-GLI-01176-000,-15.645949363708496,-14.294154167175293
-1.7881393432617188e-07,0.9907183051109314,0.25,5,anti_proposal,0.14476554095745087,0,-0.26546478271484375,4,0.26546478271484375,train,BraTS-GLI-01176-000,-15.645949363708496,-15.91141414642334
-2.980232238769531e-07,0.9907183051109314,0.5,5,anti_proposal,0.14476554095745087,0,-0.5468034744262695,4,0.5468034744262695,train,BraTS-GLI-01176-000,-15.645949363708496,-16.192752838134766
-4.172325134277344e-07,0.9907183051109314,1.0,5,anti_proposal,0.14476554095745087,0,-0.9703874588012695,4,0.9703874588012695,train,BraTS-GLI-01176-000,-15.645949363708496,-16.616336822509766
6.091594696044922e-05,1.0,0.25,1,prototype,-0.05559918284416199,0,0.029436111450195312,4,0.029436111450195312,train,BraTS-GLI-01314-000,-18.280933380126953,-18.251497268676758
0.001331925392150879,1.0,0.5,1,prototype,-0.05559918284416199,0,0.09438323974609375,4,0.09438323974609375,train,BraTS-GLI-01314-000,-18.280933380126953,-18.18655014038086
0.02570897340774536,1.0,1.0,1,prototype,-0.05559918284416199,0,0.3719615936279297,4,0.3719615936279297,train,BraTS-GLI-01314-000,-18.280933380126953,-17.908971786499023
6.079673767089844e-06,1.0,0.25,1,random,-0.05559918284416199,0,0.003269195556640625,4,0.003269195556640625,train,BraTS-GLI-01314-000,-18.280933380126953,-18.277664184570312
1.615285873413086e-05,1.0,0.5,1,random,-0.05559918284416199,0,0.008085250854492188,4,0.008085250854492188,train,BraTS-GLI-01314-000,-18.280933380126953,-18.27284812927246
6.67572021484375e-05,1.0,1.0,1,random,-0.05559918284416199,0,0.021368026733398438,4,0.021368026733398438,train,BraTS-GLI-01314-000,-18.280933380126953,-18.259565353393555
-1.728534698486328e-05,0.9989843964576721,0.25,1,proposal,-0.05559918284416199,0,0.7395381927490234,4,0.7395381927490234,train,BraTS-GLI-01314-000,-18.280933380126953,-17.54139518737793
-1.7940998077392578e-05,0.9989843964576721,0.5,1,proposal,-0.05559918284416199,0,1.5987606048583984,4,1.5987606048583984,train,BraTS-GLI-01314-000,-18.280933380126953,-16.682172775268555
-1.7762184143066406e-05,0.9989843964576721,1.0,1,proposal,-0.05559918284416199,0,2.7097387313842773,4,2.7097387313842773,train,BraTS-GLI-01314-000,-18.280933380126953,-15.571194648742676
0.0025060176849365234,0.9989843964576721,0.25,1,anti_proposal,-0.05559918284416199,0,-0.5541839599609375,4,0.5541839599609375,train,BraTS-GLI-01314-000,-18.280933380126953,-18.83511734008789
0.018931686878204346,0.9989843964576721,0.5,1,anti_proposal,-0.05559918284416199,0,-0.9479694366455078,4,0.9479694366455078,train,BraTS-GLI-01314-000,-18.280933380126953,-19.22890281677246
0.05057471990585327,0.9989843964576721,1.0,1,anti_proposal,-0.05559918284416199,0,-1.5086040496826172,4,1.5086040496826172,train,BraTS-GLI-01314-000,-18.280933380126953,-19.78953742980957
2.384185791015625e-07,1.0,0.25,1,prototype,0.38678455352783203,0,0.1499481201171875,4,0.1499481201171875,train,BraTS-GLI-01293-000,-21.94042205810547,-21.79047393798828
7.748603820800781e-07,1.0,0.5,1,prototype,0.38678455352783203,0,0.3534221649169922,4,0.3534221649169922,train,BraTS-GLI-01293-000,-21.94042205810547,-21.586999893188477
5.9604644775390625e-06,1.0,1.0,1,prototype,0.38678455352783203,0,1.01708984375,4,1.01708984375,train,BraTS-GLI-01293-000,-21.94042205810547,-20.92333221435547
5.960464477539063e-08,1.0,0.25,1,random,0.38678455352783203,0,-0.006763458251953125,4,0.006763458251953125,train,BraTS-GLI-01293-000,-21.94042205810547,-21.947185516357422
5.960464477539063e-08,1.0,0.5,1,random,0.38678455352783203,0,-0.014423370361328125,4,0.014423370361328125,train,BraTS-GLI-01293-000,-21.94042205810547,-21.954845428466797
5.960464477539063e-08,1.0,1.0,1,random,0.38678455352783203,0,-0.03272056579589844,4,0.03272056579589844,train,BraTS-GLI-01293-000,-21.94042205810547,-21.973142623901367
1.2516975402832031e-06,0.9999738931655884,0.25,1,proposal,0.38678455352783203,0,0.4972648620605469,4,0.4972648620605469,train,BraTS-GLI-01293-000,-21.94042205810547,-21.443157196044922
1.9550323486328125e-05,0.9999738931655884,0.5,1,proposal,0.38678455352783203,0,1.366729736328125,4,1.366729736328125,train,BraTS-GLI-01293-000,-21.94042205810547,-20.573692321777344
0.004976511001586914,0.9999738931655884,1.0,1,proposal,0.38678455352783203,0,4.293352127075195,4,4.293352127075195,train,BraTS-GLI-01293-000,-21.94042205810547,-17.647069931030273
-1.1920928955078125e-07,0.9999738931655884,0.25,1,anti_proposal,0.38678455352783203,0,-0.2564735412597656,4,0.2564735412597656,train,BraTS-GLI-01293-000,-21.94042205810547,-22.196895599365234
-1.1920928955078125e-07,0.9999738931655884,0.5,1,anti_proposal,0.38678455352783203,0,-0.3523139953613281,4,0.3523139953613281,train,BraTS-GLI-01293-000,-21.94042205810547,-22.292736053466797
-1.1920928955078125e-07,0.9999738931655884,1.0,1,anti_proposal,0.38678455352783203,0,-0.22751808166503906,4,0.22751808166503906,train,BraTS-GLI-01293-000,-21.94042205810547,-22.167940139770508
0.0,1.0,0.25,2,prototype,0.3977833092212677,0,-0.0033588409423828125,4,0.0033588409423828125,train,BraTS-GLI-01293-000,-18.3091983795166,-18.312557220458984
0.0,1.0,0.5,2,prototype,0.3977833092212677,0,0.023284912109375,4,0.023284912109375,train,BraTS-GLI-01293-000,-18.3091983795166,-18.285913467407227
4.172325134277344e-07,1.0,1.0,2,prototype,0.3977833092212677,0,0.37216758728027344,4,0.37216758728027344,train,BraTS-GLI-01293-000,-18.3091983795166,-17.937030792236328
0.0,1.0,0.25,2,random,0.3977833092212677,0,0.07275009155273438,4,0.07275009155273438,train,BraTS-GLI-01293-000,-18.3091983795166,-18.236448287963867
0.0,1.0,0.5,2,random,0.3977833092212677,0,0.14261627197265625,4,0.14261627197265625,train,BraTS-GLI-01293-000,-18.3091983795166,-18.166582107543945
0.0,1.0,1.0,2,random,0.3977833092212677,0,0.27027130126953125,4,0.27027130126953125,train,BraTS-GLI-01293-000,-18.3091983795166,-18.03892707824707
0.0,0.9999890327453613,0.25,2,proposal,0.3977833092212677,0,0.17102813720703125,4,0.17102813720703125,train,BraTS-GLI-01293-000,-18.3091983795166,-18.13817024230957
7.748603820800781e-07,0.9999890327453613,0.5,2,proposal,0.3977833092212677,0,0.7591266632080078,4,0.7591266632080078,train,BraTS-GLI-01293-000,-18.3091983795166,-17.550071716308594
1.710653305053711e-05,0.9999890327453613,1.0,2,proposal,0.3977833092212677,0,2.960691452026367,4,2.960691452026367,train,BraTS-GLI-01293-000,-18.3091983795166,-15.348506927490234
0.0,0.9999890327453613,0.25,2,anti_proposal,0.3977833092212677,0,-0.1286296844482422,4,0.1286296844482422,train,BraTS-GLI-01293-000,-18.3091983795166,-18.437828063964844
0.0,0.9999890327453613,0.5,2,anti_proposal,0.3977833092212677,0,-0.30551910400390625,4,0.30551910400390625,train,BraTS-GLI-01293-000,-18.3091983795166,-18.614717483520508
-5.960464477539063e-08,0.9999890327453613,1.0,2,anti_proposal,0.3977833092212677,0,-0.6912422180175781,4,0.6912422180175781,train,BraTS-GLI-01293-000,-18.3091983795166,-19.00044059753418
0.0,1.0,0.25,25,prototype,0.41109028458595276,0,0.10501670837402344,4,0.10501670837402344,train,BraTS-GLI-01293-000,-18.383277893066406,-18.278261184692383
0.0,1.0,0.5,25,prototype,0.41109028458595276,0,0.26751708984375,4,0.26751708984375,train,BraTS-GLI-01293-000,-18.383277893066406,-18.115760803222656
7.748603820800781e-07,1.0,1.0,25,prototype,0.41109028458595276,0,1.4341316223144531,4,1.4341316223144531,train,BraTS-GLI-01293-000,-18.383277893066406,-16.949146270751953
0.0,1.0,0.25,25,random,0.41109028458595276,0,0.052753448486328125,4,0.052753448486328125,train,BraTS-GLI-01293-000,-18.383277893066406,-18.330524444580078
0.0,1.0,0.5,25,random,0.41109028458595276,0,0.10930824279785156,4,0.10930824279785156,train,BraTS-GLI-01293-000,-18.383277893066406,-18.273969650268555
0.0,1.0,1.0,25,random,0.41109028458595276,0,0.2311992645263672,4,0.2311992645263672,train,BraTS-GLI-01293-000,-18.383277893066406,-18.15207862854004
0.0,0.9999446868896484,0.25,25,proposal,0.41109028458595276,0,0.5189075469970703,4,0.5189075469970703,train,BraTS-GLI-01293-000,-18.383277893066406,-17.864370346069336
2.4437904357910156e-06,0.9999446868896484,0.5,25,proposal,0.41109028458595276,0,2.3714218139648438,4,2.3714218139648438,train,BraTS-GLI-01293-000,-18.383277893066406,-16.011856079101562
7.605552673339844e-05,0.9999446868896484,1.0,25,proposal,0.41109028458595276,0,5.87583065032959,4,5.87583065032959,train,BraTS-GLI-01293-000,-18.383277893066406,-12.507447242736816
0.0,0.9999446868896484,0.25,25,anti_proposal,0.41109028458595276,0,-0.2098217010498047,4,0.2098217010498047,train,BraTS-GLI-01293-000,-18.383277893066406,-18.59309959411621
0.0,0.9999446868896484,0.5,25,anti_proposal,0.41109028458595276,0,-0.3196830749511719,4,0.3196830749511719,train,BraTS-GLI-01293-000,-18.383277893066406,-18.702960968017578
0.0,0.9999446868896484,1.0,25,anti_proposal,0.41109028458595276,0,-0.6315727233886719,4,0.6315727233886719,train,BraTS-GLI-01293-000,-18.383277893066406,-19.014850616455078
3.516674041748047e-06,1.0,0.25,14,prototype,0.3180185556411743,0,0.9919929504394531,4,0.9919929504394531,train,BraTS-GLI-00186-000,-19.13134765625,-18.139354705810547
2.4318695068359375e-05,1.0,0.5,14,prototype,0.3180185556411743,0,2.1867237091064453,4,2.1867237091064453,train,BraTS-GLI-00186-000,-19.13134765625,-16.944623947143555
0.0007010698318481445,1.0,1.0,14,prototype,0.3180185556411743,0,4.916661262512207,4,4.916661262512207,train,BraTS-GLI-00186-000,-19.13134765625,-14.214686393737793
-5.960464477539063e-08,1.0,0.25,14,random,0.3180185556411743,0,-0.07141304016113281,4,0.07141304016113281,train,BraTS-GLI-00186-000,-19.13134765625,-19.202760696411133
-5.960464477539063e-08,1.0,0.5,14,random,0.3180185556411743,0,-0.14386367797851562,4,0.14386367797851562,train,BraTS-GLI-00186-000,-19.13134765625,-19.275211334228516
-1.7881393432617188e-07,1.0,1.0,14,random,0.3180185556411743,0,-0.2957267761230469,4,0.2957267761230469,train,BraTS-GLI-00186-000,-19.13134765625,-19.427074432373047
0.0001690983772277832,0.9999970197677612,0.25,14,proposal,0.3180185556411743,0,3.8578929901123047,4,3.8578929901123047,train,BraTS-GLI-00186-000,-19.13134765625,-15.273454666137695
0.018043100833892822,0.9999970197677612,0.5,14,proposal,0.3180185556411743,0,8.745071411132812,4,8.745071411132812,train,BraTS-GLI-00186-000,-19.13134765625,-10.386276245117188
0.21244144439697266,0.9999970197677612,1.0,14,proposal,0.3180185556411743,1,20.358560800552368,4,20.358560800552368,train,BraTS-GLI-00186-000,-19.13134765625,1.2272131443023682
-7.748603820800781e-07,0.9999970197677612,0.25,14,anti_proposal,0.3180185556411743,0,-2.6479530334472656,4,2.6479530334472656,train,BraTS-GLI-00186-000,-19.13134765625,-21.779300689697266
-7.152557373046875e-07,0.9999970197677612,0.5,14,anti_proposal,0.3180185556411743,0,-3.958831787109375,4,3.958831787109375,train,BraTS-GLI-00186-000,-19.13134765625,-23.090179443359375
-6.556510925292969e-07,0.9999970197677612,1.0,14,anti_proposal,0.3180185556411743,0,-4.862218856811523,4,4.862218856811523,train,BraTS-GLI-00186-000,-19.13134765625,-23.993566513061523
0.0,1.0,0.25,1,prototype,-0.0567830391228199,0,-0.03286170959472656,4,0.03286170959472656,train,BraTS-GLI-01530-000,-18.22849464416504,-18.261356353759766
0.0,1.0,0.5,1,prototype,-0.0567830391228199,0,-0.06515121459960938,4,0.06515121459960938,train,BraTS-GLI-01530-000,-18.22849464416504,-18.29364585876465
0.0,1.0,1.0,1,prototype,-0.0567830391228199,0,-0.12696075439453125,4,0.12696075439453125,train,BraTS-GLI-01530-000,-18.22849464416504,-18.35545539855957
0.0,1.0,0.25,1,random,-0.0567830391228199,0,-0.0078887939453125,4,0.0078887939453125,train,BraTS-GLI-01530-000,-18.22849464416504,-18.23638343811035
0.0,1.0,0.5,1,random,-0.0567830391228199,0,-0.017496109008789062,4,0.017496109008789062,train,BraTS-GLI-01530-000,-18.22849464416504,-18.245990753173828
0.0,1.0,1.0,1,random,-0.0567830391228199,0,-0.03886604309082031,4,0.03886604309082031,train,BraTS-GLI-01530-000,-18.22849464416504,-18.26736068725586
0.0,0.9990346431732178,0.25,1,proposal,-0.0567830391228199,0,0.5949497222900391,4,0.5949497222900391,train,BraTS-GLI-01530-000,-18.22849464416504,-17.633544921875
5.960464477539063e-08,0.9990346431732178,0.5,1,proposal,-0.0567830391228199,0,1.492950439453125,4,1.492950439453125,train,BraTS-GLI-01530-000,-18.22849464416504,-16.735544204711914
5.364418029785156e-07,0.9990346431732178,1.0,1,proposal,-0.0567830391228199,0,2.962904930114746,4,2.962904930114746,train,BraTS-GLI-01530-000,-18.22849464416504,-15.265589714050293
0.0,0.9990346431732178,0.25,1,anti_proposal,-0.0567830391228199,0,-0.40285301208496094,4,0.40285301208496094,train,BraTS-GLI-01530-000,-18.22849464416504,-18.63134765625
-1.1920928955078125e-07,0.9990346431732178,0.5,1,anti_proposal,-0.0567830391228199,0,-0.7132148742675781,4,0.7132148742675781,train,BraTS-GLI-01530-000,-18.22849464416504,-18.941709518432617
-1.1920928955078125e-07,0.9990346431732178,1.0,1,anti_proposal,-0.0567830391228199,0,-1.2691898345947266,4,1.2691898345947266,train,BraTS-GLI-01530-000,-18.22849464416504,-19.497684478759766
4.088878631591797e-05,1.0,0.25,36,prototype,0.01685689389705658,0,0.03585052490234375,4,0.03585052490234375,train,BraTS-GLI-00299-000,-12.43305492401123,-12.397204399108887
9.47117805480957e-05,1.0,0.5,36,prototype,0.01685689389705658,0,0.07843971252441406,4,0.07843971252441406,train,BraTS-GLI-00299-000,-12.43305492401123,-12.354615211486816
0.00027126073837280273,1.0,1.0,36,prototype,0.01685689389705658,0,0.20044994354248047,4,0.20044994354248047,train,BraTS-GLI-00299-000,-12.43305492401123,-12.23260498046875
-7.098913192749023e-05,1.0,0.25,36,random,0.01685689389705658,0,-0.06834030151367188,4,0.06834030151367188,train,BraTS-GLI-00299-000,-12.43305492401123,-12.501395225524902
-0.00013512372970581055,1.0,0.5,36,random,0.01685689389705658,0,-0.13721179962158203,4,0.13721179962158203,train,BraTS-GLI-00299-000,-12.43305492401123,-12.570266723632812
-0.0002465248107910156,1.0,1.0,36,random,0.01685689389705658,0,-0.2777252197265625,4,0.2777252197265625,train,BraTS-GLI-00299-000,-12.43305492401123,-12.710780143737793
0.0061144232749938965,0.9992719292640686,0.25,36,proposal,0.01685689389705658,0,1.3236980438232422,4,1.3236980438232422,train,BraTS-GLI-00299-000,-12.43305492401123,-11.109356880187988
0.07031834125518799,0.9992719292640686,0.5,36,proposal,0.01685689389705658,0,2.6647138595581055,4,2.6647138595581055,train,BraTS-GLI-00299-000,-12.43305492401123,-9.768341064453125
0.3985685110092163,0.9992719292640686,1.0,36,proposal,0.01685689389705658,0,4.928691387176514,4,4.928691387176514,train,BraTS-GLI-00299-000,-12.43305492401123,-7.504363536834717
-0.0006231069564819336,0.9992719292640686,0.25,36,anti_proposal,0.01685689389705658,0,-1.3570728302001953,4,1.3570728302001953,train,BraTS-GLI-00299-000,-12.43305492401123,-13.790127754211426
-0.0006932616233825684,0.9992719292640686,0.5,36,anti_proposal,0.01685689389705658,0,-2.5151472091674805,4,2.5151472091674805,train,BraTS-GLI-00299-000,-12.43305492401123,-14.948202133178711
-0.0007022619247436523,0.9992719292640686,1.0,36,anti_proposal,0.01685689389705658,0,-3.5502071380615234,4,3.5502071380615234,train,BraTS-GLI-00299-000,-12.43305492401123,-15.983262062072754
0.001771092414855957,1.0,0.25,28,prototype,0.2754339575767517,0,0.6863946914672852,4,0.6863946914672852,train,BraTS-GLI-00299-000,-10.271528244018555,-9.58513355255127
0.0055005550384521484,1.0,0.5,28,prototype,0.2754339575767517,0,1.4309148788452148,4,1.4309148788452148,train,BraTS-GLI-00299-000,-10.271528244018555,-8.84061336517334
0.021960675716400146,1.0,1.0,28,prototype,0.2754339575767517,0,3.0799694061279297,4,3.0799694061279297,train,BraTS-GLI-00299-000,-10.271528244018555,-7.191558837890625
1.913309097290039e-05,1.0,0.25,28,random,0.2754339575767517,0,0.017086029052734375,4,0.017086029052734375,train,BraTS-GLI-00299-000,-10.271528244018555,-10.25444221496582
4.094839096069336e-05,1.0,0.5,28,random,0.2754339575767517,0,0.03434467315673828,4,0.03434467315673828,train,BraTS-GLI-00299-000,-10.271528244018555,-10.237183570861816
9.572505950927734e-05,1.0,1.0,28,random,0.2754339575767517,0,0.07001876831054688,4,0.07001876831054688,train,BraTS-GLI-00299-000,-10.271528244018555,-10.201509475708008
0.019048750400543213,0.99952232837677,0.25,28,proposal,0.2754339575767517,0,2.7422499656677246,4,2.7422499656677246,train,BraTS-GLI-00299-000,-10.271528244018555,-7.52927827835083
0.05338168144226074,0.99952232837677,0.5,28,proposal,0.2754339575767517,0,5.762106895446777,4,5.762106895446777,train,BraTS-GLI-00299-000,-10.271528244018555,-4.509421348571777
0.05854344367980957,0.99952232837677,1.0,28,proposal,0.2754339575767517,1,10.608421176671982,4,10.608421176671982,train,BraTS-GLI-00299-000,-10.271528244018555,0.3368929326534271
-0.0012888312339782715,0.99952232837677,0.25,28,anti_proposal,0.2754339575767517,0,-2.4316205978393555,4,2.4316205978393555,train,BraTS-GLI-00299-000,-10.271528244018555,-12.70314884185791
-0.001335442066192627,0.99952232837677,0.5,28,anti_proposal,0.2754339575767517,0,-4.337898254394531,4,4.337898254394531,train,BraTS-GLI-00299-000,-10.271528244018555,-14.609426498413086
-0.001338362693786621,0.99952232837677,1.0,28,anti_proposal,0.2754339575767517,0,-6.438495635986328,4,6.438495635986328,train,BraTS-GLI-00299-000,-10.271528244018555,-16.710023880004883
7.748603820800781e-07,1.0,0.25,1,prototype,0.3532174825668335,0,0.07283401489257812,4,0.07283401489257812,train,BraTS-GLI-00193-000,-19.117002487182617,-19.04416847229004
2.086162567138672e-06,1.0,0.5,1,prototype,0.3532174825668335,0,0.15572357177734375,4,0.15572357177734375,train,BraTS-GLI-00193-000,-19.117002487182617,-18.961278915405273
6.4373016357421875e-06,1.0,1.0,1,prototype,0.3532174825668335,0,0.36858558654785156,4,0.36858558654785156,train,BraTS-GLI-00193-000,-19.117002487182617,-18.748416900634766
0.0,1.0,0.25,1,random,0.3532174825668335,0,-0.0069789886474609375,4,0.0069789886474609375,train,BraTS-GLI-00193-000,-19.117002487182617,-19.123981475830078
0.0,1.0,0.5,1,random,0.3532174825668335,0,-0.01418304443359375,4,0.01418304443359375,train,BraTS-GLI-00193-000,-19.117002487182617,-19.13118553161621
-5.960464477539063e-08,1.0,1.0,1,random,0.3532174825668335,0,-0.02845001220703125,4,0.02845001220703125,train,BraTS-GLI-00193-000,-19.117002487182617,-19.14545249938965
5.424022674560547e-06,0.9999991655349731,0.25,1,proposal,0.3532174825668335,0,0.2908058166503906,4,0.2908058166503906,train,BraTS-GLI-00193-000,-19.117002487182617,-18.826196670532227
2.3663043975830078e-05,0.9999991655349731,0.5,1,proposal,0.3532174825668335,0,0.6634464263916016,4,0.6634464263916016,train,BraTS-GLI-00193-000,-19.117002487182617,-18.453556060791016
0.0003325939178466797,0.9999991655349731,1.0,1,proposal,0.3532174825668335,0,1.6647357940673828,4,1.6647357940673828,train,BraTS-GLI-00193-000,-19.117002487182617,-17.452266693115234
-1.8477439880371094e-06,0.9999991655349731,0.25,1,anti_proposal,0.3532174825668335,0,-0.23264503479003906,4,0.23264503479003906,train,BraTS-GLI-00193-000,-19.117002487182617,-19.349647521972656
-2.4437904357910156e-06,0.9999991655349731,0.5,1,anti_proposal,0.3532174825668335,0,-0.3920307159423828,4,0.3920307159423828,train,BraTS-GLI-00193-000,-19.117002487182617,-19.509033203125
-2.86102294921875e-06,0.9999991655349731,1.0,1,anti_proposal,0.3532174825668335,0,-0.5513095855712891,4,0.5513095855712891,train,BraTS-GLI-00193-000,-19.117002487182617,-19.668312072753906
6.020069122314453e-06,1.0,0.25,3,prototype,0.36018848419189453,0,0.07409095764160156,4,0.07409095764160156,train,BraTS-GLI-00193-000,-19.848155975341797,-19.774065017700195
1.5437602996826172e-05,1.0,0.5,3,prototype,0.36018848419189453,0,0.15999412536621094,4,0.15999412536621094,train,BraTS-GLI-00193-000,-19.848155975341797,-19.688161849975586
5.513429641723633e-05,1.0,1.0,3,prototype,0.36018848419189453,0,0.38314247131347656,4,0.38314247131347656,train,BraTS-GLI-00193-000,-19.848155975341797,-19.46501350402832
-1.2516975402832031e-06,1.0,0.25,3,random,0.36018848419189453,0,-0.020368576049804688,4,0.020368576049804688,train,BraTS-GLI-00193-000,-19.848155975341797,-19.8685245513916
-2.384185791015625e-06,1.0,0.5,3,random,0.36018848419189453,0,-0.03833961486816406,4,0.03833961486816406,train,BraTS-GLI-00193-000,-19.848155975341797,-19.88649559020996
-4.827976226806641e-06,1.0,1.0,3,random,0.36018848419189453,0,-0.07862472534179688,4,0.07862472534179688,train,BraTS-GLI-00193-000,-19.848155975341797,-19.926780700683594
3.319978713989258e-05,0.9999991655349731,0.25,3,proposal,0.36018848419189453,0,0.2495288848876953,4,0.2495288848876953,train,BraTS-GLI-00193-000,-19.848155975341797,-19.5986270904541
0.00017315149307250977,0.9999991655349731,0.5,3,proposal,0.36018848419189453,0,0.5873794555664062,4,0.5873794555664062,train,BraTS-GLI-00193-000,-19.848155975341797,-19.26077651977539
0.00316697359085083,0.9999991655349731,1.0,3,proposal,0.36018848419189453,0,1.4256668090820312,4,1.4256668090820312,train,BraTS-GLI-00193-000,-19.848155975341797,-18.422489166259766
-9.298324584960938e-06,0.9999991655349731,0.25,3,anti_proposal,0.36018848419189453,0,-0.2032489776611328,4,0.2032489776611328,train,BraTS-GLI-00193-000,-19.848155975341797,-20.05140495300293
-1.1146068572998047e-05,0.9999991655349731,0.5,3,anti_proposal,0.36018848419189453,0,-0.3386688232421875,4,0.3386688232421875,train,BraTS-GLI-00193-000,-19.848155975341797,-20.186824798583984
-1.1861324310302734e-05,0.9999991655349731,1.0,3,anti_proposal,0.36018848419189453,0,-0.41083526611328125,4,0.41083526611328125,train,BraTS-GLI-00193-000,-19.848155975341797,-20.258991241455078
0.0,1.0,0.25,5,prototype,0.36005955934524536,0,-0.017946243286132812,4,0.017946243286132812,train,BraTS-GLI-00193-000,-21.290510177612305,-21.308456420898438
0.0,1.0,0.5,5,prototype,0.36005955934524536,0,-0.0345611572265625,4,0.0345611572265625,train,BraTS-GLI-00193-000,-21.290510177612305,-21.325071334838867
0.0,1.0,1.0,5,prototype,0.36005955934524536,0,-0.0623016357421875,4,0.0623016357421875,train,BraTS-GLI-00193-000,-21.290510177612305,-21.352811813354492
0.0,1.0,0.25,5,random,0.36005955934524536,0,-0.020509719848632812,4,0.020509719848632812,train,BraTS-GLI-00193-000,-21.290510177612305,-21.311019897460938
0.0,1.0,0.5,5,random,0.36005955934524536,0,-0.04061698913574219,4,0.04061698913574219,train,BraTS-GLI-00193-000,-21.290510177612305,-21.331127166748047
0.0,1.0,1.0,5,random,0.36005955934524536,0,-0.07795143127441406,4,0.07795143127441406,train,BraTS-GLI-00193-000,-21.290510177612305,-21.36846160888672
0.0,0.9999990463256836,0.25,5,proposal,0.36005955934524536,0,-0.000339508056640625,4,0.000339508056640625,train,BraTS-GLI-00193-000,-21.290510177612305,-21.290849685668945
0.0,0.9999990463256836,0.5,5,proposal,0.36005955934524536,0,0.00894927978515625,4,0.00894927978515625,train,BraTS-GLI-00193-000,-21.290510177612305,-21.28156089782715
0.0,0.9999990463256836,1.0,5,proposal,0.36005955934524536,0,0.07047653198242188,4,0.07047653198242188,train,BraTS-GLI-00193-000,-21.290510177612305,-21.220033645629883
0.0,0.9999990463256836,0.25,5,anti_proposal,0.36005955934524536,0,0.025669097900390625,4,0.025669097900390625,train,BraTS-GLI-00193-000,-21.290510177612305,-21.264841079711914
0.0,0.9999990463256836,0.5,5,anti_proposal,0.36005955934524536,0,0.061656951904296875,4,0.061656951904296875,train,BraTS-GLI-00193-000,-21.290510177612305,-21.228853225708008
1.1920928955078125e-07,0.9999990463256836,1.0,5,anti_proposal,0.36005955934524536,0,0.1317615509033203,4,0.1317615509033203,train,BraTS-GLI-00193-000,-21.290510177612305,-21.158748626708984
1.1920928955078125e-07,1.0,0.25,4,prototype,0.07220359146595001,0,0.00763702392578125,4,0.00763702392578125,train,BraTS-GLI-00840-000,-15.164146423339844,-15.156509399414062
1.1920928955078125e-07,1.0,0.5,4,prototype,0.07220359146595001,0,0.016361236572265625,4,0.016361236572265625,train,BraTS-GLI-00840-000,-15.164146423339844,-15.147785186767578
1.1920928955078125e-07,1.0,1.0,4,prototype,0.07220359146595001,0,-0.00354766845703125,4,0.00354766845703125,train,BraTS-GLI-00840-000,-15.164146423339844,-15.167694091796875
0.0,1.0,0.25,4,random,0.07220359146595001,0,0.0017061233520507812,4,0.0017061233520507812,train,BraTS-GLI-00840-000,-15.164146423339844,-15.162440299987793
0.0,1.0,0.5,4,random,0.07220359146595001,0,-0.0016031265258789062,4,0.0016031265258789062,train,BraTS-GLI-00840-000,-15.164146423339844,-15.165749549865723
0.0,1.0,1.0,4,random,0.07220359146595001,0,-0.010578155517578125,4,0.010578155517578125,train,BraTS-GLI-00840-000,-15.164146423339844,-15.174724578857422
1.7881393432617188e-07,0.9989718198776245,0.25,4,proposal,0.07220359146595001,0,0.08374214172363281,4,0.08374214172363281,train,BraTS-GLI-00840-000,-15.164146423339844,-15.080404281616211
2.384185791015625e-07,0.9989718198776245,0.5,4,proposal,0.07220359146595001,0,0.15659713745117188,4,0.15659713745117188,train,BraTS-GLI-00840-000,-15.164146423339844,-15.007549285888672
4.410743713378906e-06,0.9989718198776245,1.0,4,proposal,0.07220359146595001,0,1.6220245361328125,4,1.6220245361328125,train,BraTS-GLI-00840-000,-15.164146423339844,-13.542121887207031
0.0,0.9989718198776245,0.25,4,anti_proposal,0.07220359146595001,0,-0.07594585418701172,4,0.07594585418701172,train,BraTS-GLI-00840-000,-15.164146423339844,-15.240092277526855
-1.1920928955078125e-07,0.9989718198776245,0.5,4,anti_proposal,0.07220359146595001,0,-0.3339824676513672,4,0.3339824676513672,train,BraTS-GLI-00840-000,-15.164146423339844,-15.498128890991211
-3.5762786865234375e-07,0.9989718198776245,1.0,4,anti_proposal,0.07220359146595001,0,-0.8147001266479492,4,0.8147001266479492,train,BraTS-GLI-00840-000,-15.164146423339844,-15.978846549987793
0.00010377168655395508,1.0,0.25,3,prototype,0.19459465146064758,0,0.10189342498779297,4,0.10189342498779297,train,BraTS-GLI-01046-000,-9.013712882995605,-8.911819458007812
0.00021886825561523438,1.0,0.5,3,prototype,0.19459465146064758,0,0.20380020141601562,4,0.20380020141601562,train,BraTS-GLI-01046-000,-9.013712882995605,-8.80991268157959
0.00048595666885375977,1.0,1.0,3,prototype,0.19459465146064758,0,0.39500904083251953,4,0.39500904083251953,train,BraTS-GLI-01046-000,-9.013712882995605,-8.618703842163086
-1.0967254638671875e-05,1.0,0.25,3,random,0.19459465146064758,0,-0.00893402099609375,4,0.00893402099609375,train,BraTS-GLI-01046-000,-9.013712882995605,-9.0226469039917
-2.1278858184814453e-05,1.0,0.5,3,random,0.19459465146064758,0,-0.017057418823242188,4,0.017057418823242188,train,BraTS-GLI-01046-000,-9.013712882995605,-9.030770301818848
-4.13060188293457e-05,1.0,1.0,3,random,0.19459465146064758,0,-0.033847808837890625,4,0.033847808837890625,train,BraTS-GLI-01046-000,-9.013712882995605,-9.047560691833496
0.0008349418640136719,0.9999562501907349,0.25,3,proposal,0.19459465146064758,0,0.6653623580932617,4,0.6653623580932617,train,BraTS-GLI-01046-000,-9.013712882995605,-8.348350524902344
0.0025076866149902344,0.9999562501907349,0.5,3,proposal,0.19459465146064758,0,1.317589282989502,4,1.317589282989502,train,BraTS-GLI-01046-000,-9.013712882995605,-7.6961236000061035
0.011533617973327637,0.9999562501907349,1.0,3,proposal,0.19459465146064758,0,2.600705623626709,4,2.600705623626709,train,BraTS-GLI-01046-000,-9.013712882995605,-6.4130072593688965
-0.0003967881202697754,0.9999562501907349,0.25,3,anti_proposal,0.19459465146064758,0,-0.6735506057739258,4,0.6735506057739258,train,BraTS-GLI-01046-000,-9.013712882995605,-9.687263488769531
-0.000593721866607666,0.9999562501907349,0.5,3,anti_proposal,0.19459465146064758,0,-1.3637504577636719,4,1.3637504577636719,train,BraTS-GLI-01046-000,-9.013712882995605,-10.377463340759277
-0.0007401108741760254,0.9999562501907349,1.0,3,anti_proposal,0.19459465146064758,0,-2.8479442596435547,4,2.8479442596435547,train,BraTS-GLI-01046-000,-9.013712882995605,-11.86165714263916
1.5497207641601562e-06,1.0,0.25,1,prototype,-0.058595165610313416,0,-0.04027557373046875,4,0.04027557373046875,train,BraTS-GLI-00021-000,-20.324460983276367,-20.364736557006836
1.4424324035644531e-05,1.0,0.5,1,prototype,-0.058595165610313416,0,-0.07309150695800781,4,0.07309150695800781,train,BraTS-GLI-00021-000,-20.324460983276367,-20.397552490234375
0.0012093186378479004,1.0,1.0,1,prototype,-0.058595165610313416,0,-0.11685752868652344,4,0.11685752868652344,train,BraTS-GLI-00021-000,-20.324460983276367,-20.44131851196289
-5.960464477539063e-08,1.0,0.25,1,random,-0.058595165610313416,0,-0.00383758544921875,4,0.00383758544921875,train,BraTS-GLI-00021-000,-20.324460983276367,-20.328298568725586
-5.960464477539063e-08,1.0,0.5,1,random,-0.058595165610313416,0,-0.0077571868896484375,4,0.0077571868896484375,train,BraTS-GLI-00021-000,-20.324460983276367,-20.332218170166016
-5.960464477539063e-08,1.0,1.0,1,random,-0.058595165610313416,0,-0.015651702880859375,4,0.015651702880859375,train,BraTS-GLI-00021-000,-20.324460983276367,-20.340112686157227
-2.384185791015625e-07,0.9999552965164185,0.25,1,proposal,-0.058595165610313416,0,0.8630428314208984,4,0.8630428314208984,train,BraTS-GLI-00021-000,-20.324460983276367,-19.46141815185547
-2.384185791015625e-07,0.9999552965164185,0.5,1,proposal,-0.058595165610313416,0,1.7411346435546875,4,1.7411346435546875,train,BraTS-GLI-00021-000,-20.324460983276367,-18.58332633972168
-1.1920928955078125e-07,0.9999552965164185,1.0,1,proposal,-0.058595165610313416,0,2.6576709747314453,4,2.6576709747314453,train,BraTS-GLI-00021-000,-20.324460983276367,-17.666790008544922
3.2186508178710938e-06,0.9999552965164185,0.25,1,anti_proposal,-0.058595165610313416,0,-0.7042121887207031,4,0.7042121887207031,train,BraTS-GLI-00021-000,-20.324460983276367,-21.02867317199707
2.4318695068359375e-05,0.9999552965164185,0.5,1,anti_proposal,-0.058595165610313416,0,-1.2469806671142578,4,1.2469806671142578,train,BraTS-GLI-00021-000,-20.324460983276367,-21.571441650390625
0.0003002285957336426,0.9999552965164185,1.0,1,anti_proposal,-0.058595165610313416,0,-2.0822601318359375,4,2.0822601318359375,train,BraTS-GLI-00021-000,-20.324460983276367,-22.406721115112305
0.0,1.0,0.25,2,prototype,0.24267131090164185,0,0.018222808837890625,4,0.018222808837890625,train,BraTS-GLI-00565-000,-24.925670623779297,-24.907447814941406
0.0,1.0,0.5,2,prototype,0.24267131090164185,0,0.03462409973144531,4,0.03462409973144531,train,BraTS-GLI-00565-000,-24.925670623779297,-24.89104652404785
0.0,1.0,1.0,2,prototype,0.24267131090164185,0,0.0780029296875,4,0.0780029296875,train,BraTS-GLI-00565-000,-24.925670623779297,-24.847667694091797
0.0,1.0,0.25,2,random,0.24267131090164185,0,0.00791168212890625,4,0.00791168212890625,train,BraTS-GLI-00565-000,-24.925670623779297,-24.91775894165039
0.0,1.0,0.5,2,random,0.24267131090164185,0,0.017637252807617188,4,0.017637252807617188,train,BraTS-GLI-00565-000,-24.925670623779297,-24.90803337097168
0.0,1.0,1.0,2,random,0.24267131090164185,0,0.03487205505371094,4,0.03487205505371094,train,BraTS-GLI-00565-000,-24.925670623779297,-24.890798568725586
0.0,0.9994638562202454,0.25,2,proposal,0.24267131090164185,0,0.2561016082763672,4,0.2561016082763672,train,BraTS-GLI-00565-000,-24.925670623779297,-24.66956901550293
0.0,0.9994638562202454,0.5,2,proposal,0.24267131090164185,0,0.5882053375244141,4,0.5882053375244141,train,BraTS-GLI-00565-000,-24.925670623779297,-24.337465286254883
0.0,0.9994638562202454,1.0,2,proposal,0.24267131090164185,0,1.750326156616211,4,1.750326156616211,train,BraTS-GLI-00565-000,-24.925670623779297,-23.175344467163086
0.0,0.9994638562202454,0.25,2,anti_proposal,0.24267131090164185,0,-0.22387123107910156,4,0.22387123107910156,train,BraTS-GLI-00565-000,-24.925670623779297,-25.1495418548584
0.0,0.9994638562202454,0.5,2,anti_proposal,0.24267131090164185,0,-0.4161109924316406,4,0.4161109924316406,train,BraTS-GLI-00565-000,-24.925670623779297,-25.341781616210938
0.0,0.9994638562202454,1.0,2,anti_proposal,0.24267131090164185,0,-0.7202377319335938,4,0.7202377319335938,train,BraTS-GLI-00565-000,-24.925670623779297,-25.64590835571289
0.0005095005035400391,1.0,0.25,3,prototype,0.3466692566871643,0,0.6906976699829102,4,0.6906976699829102,train,BraTS-GLI-01513-000,-10.452065467834473,-9.761367797851562
0.0012387633323669434,1.0,0.5,3,prototype,0.3466692566871643,0,1.3096561431884766,4,1.3096561431884766,train,BraTS-GLI-01513-000,-10.452065467834473,-9.142409324645996
0.0037388205528259277,1.0,1.0,3,prototype,0.3466692566871643,0,2.3601303100585938,4,2.3601303100585938,train,BraTS-GLI-01513-000,-10.452065467834473,-8.091935157775879
9.548664093017578e-05,1.0,0.25,3,random,0.3466692566871643,0,0.016631126403808594,4,0.016631126403808594,train,BraTS-GLI-01513-000,-10.452065467834473,-10.435434341430664
0.0002002120018005371,1.0,0.5,3,random,0.3466692566871643,0,0.030569076538085938,4,0.030569076538085938,train,BraTS-GLI-01513-000,-10.452065467834473,-10.421496391296387
0.00044471025466918945,1.0,1.0,3,random,0.3466692566871643,0,0.059680938720703125,4,0.059680938720703125,train,BraTS-GLI-01513-000,-10.452065467834473,-10.39238452911377
0.004297494888305664,0.9997214674949646,0.25,3,proposal,0.3466692566871643,0,1.9114151000976562,4,1.9114151000976562,train,BraTS-GLI-01513-000,-10.452065467834473,-8.540650367736816
0.020553112030029297,0.9997214674949646,0.5,3,proposal,0.3466692566871643,0,3.4974451065063477,4,3.4974451065063477,train,BraTS-GLI-01513-000,-10.452065467834473,-6.954620361328125
0.16209036111831665,0.9997214674949646,1.0,3,proposal,0.3466692566871643,0,6.086820125579834,4,6.086820125579834,train,BraTS-GLI-01513-000,-10.452065467834473,-4.365245342254639
-0.0008190274238586426,0.9997214674949646,0.25,3,anti_proposal,0.3466692566871643,0,-2.148883819580078,4,2.148883819580078,train,BraTS-GLI-01513-000,-10.452065467834473,-12.60094928741455
-0.000953972339630127,0.9997214674949646,0.5,3,anti_proposal,0.3466692566871643,0,-4.20174503326416,4,4.20174503326416,train,BraTS-GLI-01513-000,-10.452065467834473,-14.653810501098633
-0.0009833574295043945,0.9997214674949646,1.0,3,anti_proposal,0.3466692566871643,0,-7.031537055969238,4,7.031537055969238,train,BraTS-GLI-01513-000,-10.452065467834473,-17.48360252380371
0.00025397539138793945,1.0,0.25,5,prototype,0.2651960253715515,0,0.13182544708251953,4,0.13182544708251953,train,BraTS-GLI-01068-000,-8.56430435180664,-8.432478904724121
0.0005782246589660645,1.0,0.5,5,prototype,0.2651960253715515,0,0.2763795852661133,4,0.2763795852661133,train,BraTS-GLI-01068-000,-8.56430435180664,-8.287924766540527
0.0014594197273254395,1.0,1.0,5,prototype,0.2651960253715515,0,0.5767769813537598,4,0.5767769813537598,train,BraTS-GLI-01068-000,-8.56430435180664,-7.987527370452881
-2.5570392608642578e-05,1.0,0.25,5,random,0.2651960253715515,0,-0.018456459045410156,4,0.018456459045410156,train,BraTS-GLI-01068-000,-8.56430435180664,-8.58276081085205
-6.252527236938477e-05,1.0,0.5,5,random,0.2651960253715515,0,-0.038247108459472656,4,0.038247108459472656,train,BraTS-GLI-01068-000,-8.56430435180664,-8.602551460266113
-0.0001188516616821289,1.0,1.0,5,random,0.2651960253715515,0,-0.07611560821533203,4,0.07611560821533203,train,BraTS-GLI-01068-000,-8.56430435180664,-8.640419960021973
0.0019264817237854004,0.9998873472213745,0.25,5,proposal,0.2651960253715515,0,0.7124624252319336,4,0.7124624252319336,train,BraTS-GLI-01068-000,-8.56430435180664,-7.851841926574707
0.006456315517425537,0.9998873472213745,0.5,5,proposal,0.2651960253715515,0,1.4558115005493164,4,1.4558115005493164,train,BraTS-GLI-01068-000,-8.56430435180664,-7.108492851257324
0.03663760423660278,0.9998873472213745,1.0,5,proposal,0.2651960253715515,0,2.9726510047912598,4,2.9726510047912598,train,BraTS-GLI-01068-000,-8.56430435180664,-5.591653347015381
-0.0008298158645629883,0.9998873472213745,0.25,5,anti_proposal,0.2651960253715515,0,-0.721644401550293,4,0.721644401550293,train,BraTS-GLI-01068-000,-8.56430435180664,-9.285948753356934
-0.0011892318725585938,0.9998873472213745,0.5,5,anti_proposal,0.2651960253715515,0,-1.491135597229004,4,1.491135597229004,train,BraTS-GLI-01068-000,-8.56430435180664,-10.055439949035645
-0.0013790130615234375,0.9998873472213745,1.0,5,anti_proposal,0.2651960253715515,0,-2.8287105560302734,4,2.8287105560302734,train,BraTS-GLI-01068-000,-8.56430435180664,-11.393014907836914
0.0,1.0,0.25,2,prototype,0.28964465856552124,0,0.10881233215332031,4,0.10881233215332031,train,BraTS-GLI-01068-000,-18.839778900146484,-18.730966567993164
0.0,1.0,0.5,2,prototype,0.28964465856552124,0,0.21509552001953125,4,0.21509552001953125,train,BraTS-GLI-01068-000,-18.839778900146484,-18.624683380126953
0.0,1.0,1.0,2,prototype,0.28964465856552124,0,0.42722129821777344,4,0.42722129821777344,train,BraTS-GLI-01068-000,-18.839778900146484,-18.41255760192871
0.0,1.0,0.25,2,random,0.28964465856552124,0,0.07016181945800781,4,0.07016181945800781,train,BraTS-GLI-01068-000,-18.839778900146484,-18.769617080688477
0.0,1.0,0.5,2,random,0.28964465856552124,0,0.13930130004882812,4,0.13930130004882812,train,BraTS-GLI-01068-000,-18.839778900146484,-18.700477600097656
0.0,1.0,1.0,2,random,0.28964465856552124,0,0.2891731262207031,4,0.2891731262207031,train,BraTS-GLI-01068-000,-18.839778900146484,-18.55060577392578
1.1920928955078125e-07,0.9999936819076538,0.25,2,proposal,0.28964465856552124,0,0.5083541870117188,4,0.5083541870117188,train,BraTS-GLI-01068-000,-18.839778900146484,-18.331424713134766
1.1920928955078125e-07,0.9999936819076538,0.5,2,proposal,0.28964465856552124,0,1.034048080444336,4,1.034048080444336,train,BraTS-GLI-01068-000,-18.839778900146484,-17.80573081970215
4.76837158203125e-07,0.9999936819076538,1.0,2,proposal,0.28964465856552124,0,2.09991455078125,4,2.09991455078125,train,BraTS-GLI-01068-000,-18.839778900146484,-16.739864349365234
0.0,0.9999936819076538,0.25,2,anti_proposal,0.28964465856552124,0,-0.46197509765625,4,0.46197509765625,train,BraTS-GLI-01068-000,-18.839778900146484,-19.301753997802734
0.0,0.9999936819076538,0.5,2,anti_proposal,0.28964465856552124,0,-0.9012222290039062,4,0.9012222290039062,train,BraTS-GLI-01068-000,-18.839778900146484,-19.74100112915039
0.0,0.9999936819076538,1.0,2,anti_proposal,0.28964465856552124,0,-1.6448974609375,4,1.6448974609375,train,BraTS-GLI-01068-000,-18.839778900146484,-20.484676361083984
2.980232238769531e-07,1.0,0.25,2,prototype,-0.01641891524195671,0,0.0026493072509765625,4,0.0026493072509765625,train,BraTS-GLI-01536-000,-17.939363479614258,-17.93671417236328
7.152557373046875e-07,1.0,0.5,2,prototype,-0.01641891524195671,0,0.0041522979736328125,4,0.0041522979736328125,train,BraTS-GLI-01536-000,-17.939363479614258,-17.935211181640625
1.4901161193847656e-06,1.0,1.0,2,prototype,-0.01641891524195671,0,0.0052890777587890625,4,0.0052890777587890625,train,BraTS-GLI-01536-000,-17.939363479614258,-17.93407440185547
-1.7881393432617188e-07,1.0,0.25,2,random,-0.01641891524195671,0,0.000308990478515625,4,0.000308990478515625,train,BraTS-GLI-01536-000,-17.939363479614258,-17.939054489135742
-2.384185791015625e-07,1.0,0.5,2,random,-0.01641891524195671,0,-0.0009632110595703125,4,0.0009632110595703125,train,BraTS-GLI-01536-000,-17.939363479614258,-17.940326690673828
-4.76837158203125e-07,1.0,1.0,2,random,-0.01641891524195671,0,-0.0003490447998046875,4,0.0003490447998046875,train,BraTS-GLI-01536-000,-17.939363479614258,-17.939712524414062
-2.86102294921875e-06,0.9996935129165649,0.25,2,proposal,-0.01641891524195671,0,0.3168163299560547,4,0.3168163299560547,train,BraTS-GLI-01536-000,-17.939363479614258,-17.622547149658203
-5.4836273193359375e-06,0.9996935129165649,0.5,2,proposal,-0.01641891524195671,0,0.6949405670166016,4,0.6949405670166016,train,BraTS-GLI-01536-000,-17.939363479614258,-17.244422912597656
-1.0251998901367188e-05,0.9996935129165649,1.0,2,proposal,-0.01641891524195671,0,1.8945579528808594,4,1.8945579528808594,train,BraTS-GLI-01536-000,-17.939363479614258,-16.0448055267334
1.6689300537109375e-06,0.9996935129165649,0.25,2,anti_proposal,-0.01641891524195671,0,-0.22066116333007812,4,0.22066116333007812,train,BraTS-GLI-01536-000,-17.939363479614258,-18.160024642944336
3.3974647521972656e-06,0.9996935129165649,0.5,2,anti_proposal,-0.01641891524195671,0,-0.4001483917236328,4,0.4001483917236328,train,BraTS-GLI-01536-000,-17.939363479614258,-18.33951187133789
6.735324859619141e-06,0.9996935129165649,1.0,2,anti_proposal,-0.01641891524195671,0,-0.7061328887939453,4,0.7061328887939453,train,BraTS-GLI-01536-000,-17.939363479614258,-18.645496368408203
0.0,1.0,0.25,25,prototype,0.05992225557565689,0,0.014873504638671875,4,0.014873504638671875,train,BraTS-GLI-00130-000,-17.115083694458008,-17.100210189819336
0.0,1.0,0.5,25,prototype,0.05992225557565689,0,0.031042098999023438,4,0.031042098999023438,train,BraTS-GLI-00130-000,-17.115083694458008,-17.084041595458984
0.0,1.0,1.0,25,prototype,0.05992225557565689,0,0.059421539306640625,4,0.059421539306640625,train,BraTS-GLI-00130-000,-17.115083694458008,-17.055662155151367
0.0,1.0,0.25,25,random,0.05992225557565689,0,0.0068683624267578125,4,0.0068683624267578125,train,BraTS-GLI-00130-000,-17.115083694458008,-17.10821533203125
0.0,1.0,0.5,25,random,0.05992225557565689,0,0.015537261962890625,4,0.015537261962890625,train,BraTS-GLI-00130-000,-17.115083694458008,-17.099546432495117
0.0,1.0,1.0,25,random,0.05992225557565689,0,0.03433799743652344,4,0.03433799743652344,train,BraTS-GLI-00130-000,-17.115083694458008,-17.080745697021484
5.960464477539063e-08,0.9994775652885437,0.25,25,proposal,0.05992225557565689,0,0.14279556274414062,4,0.14279556274414062,train,BraTS-GLI-00130-000,-17.115083694458008,-16.972288131713867
9.5367431640625e-07,0.9994775652885437,0.5,25,proposal,0.05992225557565689,0,0.8443145751953125,4,0.8443145751953125,train,BraTS-GLI-00130-000,-17.115083694458008,-16.270769119262695
0.00019592046737670898,0.9994775652885437,1.0,25,proposal,0.05992225557565689,0,3.070333480834961,4,3.070333480834961,train,BraTS-GLI-00130-000,-17.115083694458008,-14.044750213623047
0.0,0.9994775652885437,0.25,25,anti_proposal,0.05992225557565689,0,0.1534557342529297,4,0.1534557342529297,train,BraTS-GLI-00130-000,-17.115083694458008,-16.961627960205078
0.0,0.9994775652885437,0.5,25,anti_proposal,0.05992225557565689,0,0.2917308807373047,4,0.2917308807373047,train,BraTS-GLI-00130-000,-17.115083694458008,-16.823352813720703
-1.7881393432617188e-07,0.9994775652885437,1.0,25,anti_proposal,0.05992225557565689,0,0.27219390869140625,4,0.27219390869140625,train,BraTS-GLI-00130-000,-17.115083694458008,-16.8428897857666
0.0,1.0,0.25,7,prototype,0.026450958102941513,0,0.0021228790283203125,4,0.0021228790283203125,train,BraTS-GLI-01428-000,-19.694759368896484,-19.692636489868164
0.0,1.0,0.5,7,prototype,0.026450958102941513,0,0.012742996215820312,4,0.012742996215820312,train,BraTS-GLI-01428-000,-19.694759368896484,-19.682016372680664
0.0,1.0,1.0,7,prototype,0.026450958102941513,0,0.07555961608886719,4,0.07555961608886719,train,BraTS-GLI-01428-000,-19.694759368896484,-19.619199752807617
0.0,1.0,0.25,7,random,0.026450958102941513,0,0.10929298400878906,4,0.10929298400878906,train,BraTS-GLI-01428-000,-19.694759368896484,-19.585466384887695
0.0,1.0,0.5,7,random,0.026450958102941513,0,0.22535133361816406,4,0.22535133361816406,train,BraTS-GLI-01428-000,-19.694759368896484,-19.46940803527832
0.0,1.0,1.0,7,random,0.026450958102941513,0,0.4749774932861328,4,0.4749774932861328,train,BraTS-GLI-01428-000,-19.694759368896484,-19.21978187561035
0.0,0.9998314380645752,0.25,7,proposal,0.026450958102941513,0,1.0873050689697266,4,1.0873050689697266,train,BraTS-GLI-01428-000,-19.694759368896484,-18.607454299926758
1.1920928955078125e-07,0.9998314380645752,0.5,7,proposal,0.026450958102941513,0,2.2541465759277344,4,2.2541465759277344,train,BraTS-GLI-01428-000,-19.694759368896484,-17.44061279296875
3.5762786865234375e-07,0.9998314380645752,1.0,7,proposal,0.026450958102941513,0,3.2981491088867188,4,3.2981491088867188,train,BraTS-GLI-01428-000,-19.694759368896484,-16.396610260009766
0.0,0.9998314380645752,0.25,7,anti_proposal,0.026450958102941513,0,-0.8065643310546875,4,0.8065643310546875,train,BraTS-GLI-01428-000,-19.694759368896484,-20.501323699951172
0.0,0.9998314380645752,0.5,7,anti_proposal,0.026450958102941513,0,-1.4000091552734375,4,1.4000091552734375,train,BraTS-GLI-01428-000,-19.694759368896484,-21.094768524169922
0.0,0.9998314380645752,1.0,7,anti_proposal,0.026450958102941513,0,-2.236316680908203,4,2.236316680908203,train,BraTS-GLI-01428-000,-19.694759368896484,-21.931076049804688
0.0,1.0,0.25,76,prototype,-0.11640661954879761,0,-0.01458740234375,4,0.01458740234375,train,BraTS-GLI-01428-000,-15.970819473266602,-15.985406875610352
0.0,1.0,0.5,76,prototype,-0.11640661954879761,0,-0.03189849853515625,4,0.03189849853515625,train,BraTS-GLI-01428-000,-15.970819473266602,-16.002717971801758
0.0,1.0,1.0,76,prototype,-0.11640661954879761,0,-0.06535148620605469,4,0.06535148620605469,train,BraTS-GLI-01428-000,-15.970819473266602,-16.036170959472656
0.0,1.0,0.25,76,random,-0.11640661954879761,0,0.005455970764160156,4,0.005455970764160156,train,BraTS-GLI-01428-000,-15.970819473266602,-15.965363502502441
0.0,1.0,0.5,76,random,-0.11640661954879761,0,0.010831832885742188,4,0.010831832885742188,train,BraTS-GLI-01428-000,-15.970819473266602,-15.95998764038086
0.0,1.0,1.0,76,random,-0.11640661954879761,0,0.02042388916015625,4,0.02042388916015625,train,BraTS-GLI-01428-000,-15.970819473266602,-15.950395584106445
0.0,0.9971509575843811,0.25,76,proposal,-0.11640661954879761,0,0.2093505859375,4,0.2093505859375,train,BraTS-GLI-01428-000,-15.970819473266602,-15.761468887329102
5.960464477539063e-08,0.9971509575843811,0.5,76,proposal,-0.11640661954879761,0,0.38765811920166016,4,0.38765811920166016,train,BraTS-GLI-01428-000,-15.970819473266602,-15.583161354064941
-1.7881393432617188e-07,0.9971509575843811,1.0,76,proposal,-0.11640661954879761,0,0.1019124984741211,4,0.1019124984741211,train,BraTS-GLI-01428-000,-15.970819473266602,-15.86890697479248
5.960464477539063e-08,0.9971509575843811,0.25,76,anti_proposal,-0.11640661954879761,0,-0.15685462951660156,4,0.15685462951660156,train,BraTS-GLI-01428-000,-15.970819473266602,-16.127674102783203
5.960464477539063e-08,0.9971509575843811,0.5,76,anti_proposal,-0.11640661954879761,0,-0.2691326141357422,4,0.2691326141357422,train,BraTS-GLI-01428-000,-15.970819473266602,-16.239952087402344
1.7881393432617188e-07,0.9971509575843811,1.0,76,anti_proposal,-0.11640661954879761,0,-0.43434715270996094,4,0.43434715270996094,train,BraTS-GLI-01428-000,-15.970819473266602,-16.405166625976562
0.0,1.0,0.25,65,prototype,0.0532970130443573,0,0.012664794921875,4,0.012664794921875,train,BraTS-GLI-01428-000,-19.527925491333008,-19.515260696411133
0.0,1.0,0.5,65,prototype,0.0532970130443573,0,0.022083282470703125,4,0.022083282470703125,train,BraTS-GLI-01428-000,-19.527925491333008,-19.505842208862305
0.0,1.0,1.0,65,prototype,0.0532970130443573,0,0.03145790100097656,4,0.03145790100097656,train,BraTS-GLI-01428-000,-19.527925491333008,-19.49646759033203
0.0,1.0,0.25,65,random,0.0532970130443573,0,0.11688423156738281,4,0.11688423156738281,train,BraTS-GLI-01428-000,-19.527925491333008,-19.411041259765625
0.0,1.0,0.5,65,random,0.0532970130443573,0,0.2352123260498047,4,0.2352123260498047,train,BraTS-GLI-01428-000,-19.527925491333008,-19.292713165283203
0.0,1.0,1.0,65,random,0.0532970130443573,0,0.4786949157714844,4,0.4786949157714844,train,BraTS-GLI-01428-000,-19.527925491333008,-19.049230575561523
1.1920928955078125e-07,0.9999814033508301,0.25,65,proposal,0.0532970130443573,0,1.5103874206542969,4,1.5103874206542969,train,BraTS-GLI-01428-000,-19.527925491333008,-18.01753807067871
1.7881393432617188e-07,0.9999814033508301,0.5,65,proposal,0.0532970130443573,0,2.597993850708008,4,2.597993850708008,train,BraTS-GLI-01428-000,-19.527925491333008,-16.929931640625
2.384185791015625e-07,0.9999814033508301,1.0,65,proposal,0.0532970130443573,0,2.395975112915039,4,2.395975112915039,train,BraTS-GLI-01428-000,-19.527925491333008,-17.13195037841797
0.0,0.9999814033508301,0.25,65,anti_proposal,0.0532970130443573,0,-1.6098384857177734,4,1.6098384857177734,train,BraTS-GLI-01428-000,-19.527925491333008,-21.13776397705078
0.0,0.9999814033508301,0.5,65,anti_proposal,0.0532970130443573,0,-2.9935474395751953,4,2.9935474395751953,train,BraTS-GLI-01428-000,-19.527925491333008,-22.521472930908203
0.0,0.9999814033508301,1.0,65,anti_proposal,0.0532970130443573,0,-5.113382339477539,4,5.113382339477539,train,BraTS-GLI-01428-000,-19.527925491333008,-24.641307830810547
0.0,1.0,0.25,2,prototype,0.3703809976577759,0,0.08413124084472656,4,0.08413124084472656,test,BraTS-GLI-00250-000,-29.0205078125,-28.936376571655273
0.0,1.0,0.5,2,prototype,0.3703809976577759,0,0.1742076873779297,4,0.1742076873779297,test,BraTS-GLI-00250-000,-29.0205078125,-28.84630012512207
0.0,1.0,1.0,2,prototype,0.3703809976577759,0,0.3708953857421875,4,0.3708953857421875,test,BraTS-GLI-00250-000,-29.0205078125,-28.649612426757812
0.0,1.0,0.25,2,random,0.3703809976577759,0,-0.05624961853027344,4,0.05624961853027344,test,BraTS-GLI-00250-000,-29.0205078125,-29.076757431030273
0.0,1.0,0.5,2,random,0.3703809976577759,0,-0.1102447509765625,4,0.1102447509765625,test,BraTS-GLI-00250-000,-29.0205078125,-29.130752563476562
0.0,1.0,1.0,2,random,0.3703809976577759,0,-0.20221328735351562,4,0.20221328735351562,test,BraTS-GLI-00250-000,-29.0205078125,-29.222721099853516
0.0,0.9999278783798218,0.25,2,proposal,0.3703809976577759,0,0.36081886291503906,4,0.36081886291503906,test,BraTS-GLI-00250-000,-29.0205078125,-28.65968894958496
0.0,0.9999278783798218,0.5,2,proposal,0.3703809976577759,0,0.7258892059326172,4,0.7258892059326172,test,BraTS-GLI-00250-000,-29.0205078125,-28.294618606567383
0.0,0.9999278783798218,1.0,2,proposal,0.3703809976577759,0,1.4813671112060547,4,1.4813671112060547,test,BraTS-GLI-00250-000,-29.0205078125,-27.539140701293945
0.0,0.9999278783798218,0.25,2,anti_proposal,0.3703809976577759,0,-0.35107421875,4,0.35107421875,test,BraTS-GLI-00250-000,-29.0205078125,-29.37158203125
0.0,0.9999278783798218,0.5,2,anti_proposal,0.3703809976577759,0,-0.7127666473388672,4,0.7127666473388672,test,BraTS-GLI-00250-000,-29.0205078125,-29.733274459838867
0.0,0.9999278783798218,1.0,2,anti_proposal,0.3703809976577759,0,-1.4671897888183594,4,1.4671897888183594,test,BraTS-GLI-00250-000,-29.0205078125,-30.48769760131836
0.0,1.0,0.25,12,prototype,0.03382302448153496,0,-0.1667156219482422,4,0.1667156219482422,test,BraTS-GLI-00764-000,-20.895824432373047,-21.06254005432129
0.0,1.0,0.5,12,prototype,0.03382302448153496,0,-0.3389892578125,4,0.3389892578125,test,BraTS-GLI-00764-000,-20.895824432373047,-21.234813690185547
0.0,1.0,1.0,12,prototype,0.03382302448153496,0,-0.6933879852294922,4,0.6933879852294922,test,BraTS-GLI-00764-000,-20.895824432373047,-21.58921241760254
0.0,1.0,0.25,12,random,0.03382302448153496,0,0.04122161865234375,4,0.04122161865234375,test,BraTS-GLI-00764-000,-20.895824432373047,-20.854602813720703
0.0,1.0,0.5,12,random,0.03382302448153496,0,0.08079338073730469,4,0.08079338073730469,test,BraTS-GLI-00764-000,-20.895824432373047,-20.815031051635742
0.0,1.0,1.0,12,random,0.03382302448153496,0,0.1543140411376953,4,0.1543140411376953,test,BraTS-GLI-00764-000,-20.895824432373047,-20.74151039123535
0.0,0.9952308535575867,0.25,12,proposal,0.03382302448153496,0,0.7409496307373047,4,0.7409496307373047,test,BraTS-GLI-00764-000,-20.895824432373047,-20.154874801635742
0.0,0.9952308535575867,0.5,12,proposal,0.03382302448153496,0,1.1303272247314453,4,1.1303272247314453,test,BraTS-GLI-00764-000,-20.895824432373047,-19.7654972076416
0.0,0.9952308535575867,1.0,12,proposal,0.03382302448153496,0,0.6791915893554688,4,0.6791915893554688,test,BraTS-GLI-00764-000,-20.895824432373047,-20.216632843017578
0.0,0.9952308535575867,0.25,12,anti_proposal,0.03382302448153496,0,-1.0334320068359375,4,1.0334320068359375,test,BraTS-GLI-00764-000,-20.895824432373047,-21.929256439208984
0.0,0.9952308535575867,0.5,12,anti_proposal,0.03382302448153496,0,-2.204111099243164,4,2.204111099243164,test,BraTS-GLI-00764-000,-20.895824432373047,-23.09993553161621
0.0,0.9952308535575867,1.0,12,anti_proposal,0.03382302448153496,0,-4.792135238647461,4,4.792135238647461,test,BraTS-GLI-00764-000,-20.895824432373047,-25.687959671020508
5.960464477539063e-08,1.0,0.25,13,prototype,0.047961365431547165,0,0.12279701232910156,4,0.12279701232910156,test,BraTS-GLI-00764-000,-24.252208709716797,-24.129411697387695
5.960464477539063e-08,1.0,0.5,13,prototype,0.047961365431547165,0,0.23717689514160156,4,0.23717689514160156,test,BraTS-GLI-00764-000,-24.252208709716797,-24.015031814575195
5.960464477539063e-08,1.0,1.0,13,prototype,0.047961365431547165,0,0.4793567657470703,4,0.4793567657470703,test,BraTS-GLI-00764-000,-24.252208709716797,-23.772851943969727
0.0,1.0,0.25,13,random,0.047961365431547165,0,-0.015951156616210938,4,0.015951156616210938,test,BraTS-GLI-00764-000,-24.252208709716797,-24.268159866333008
0.0,1.0,0.5,13,random,0.047961365431547165,0,-0.03303718566894531,4,0.03303718566894531,test,BraTS-GLI-00764-000,-24.252208709716797,-24.285245895385742
0.0,1.0,1.0,13,random,0.047961365431547165,0,-0.06724739074707031,4,0.06724739074707031,test,BraTS-GLI-00764-000,-24.252208709716797,-24.319456100463867
0.0,0.9998993873596191,0.25,13,proposal,0.047961365431547165,0,0.35234832763671875,4,0.35234832763671875,test,BraTS-GLI-00764-000,-24.252208709716797,-23.899860382080078
0.0,0.9998993873596191,0.5,13,proposal,0.047961365431547165,0,0.6058788299560547,4,0.6058788299560547,test,BraTS-GLI-00764-000,-24.252208709716797,-23.646329879760742
0.0,0.9998993873596191,1.0,13,proposal,0.047961365431547165,0,0.7924308776855469,4,0.7924308776855469,test,BraTS-GLI-00764-000,-24.252208709716797,-23.45977783203125
0.0,0.9998993873596191,0.25,13,anti_proposal,0.047961365431547165,0,-0.4820060729980469,4,0.4820060729980469,test,BraTS-GLI-00764-000,-24.252208709716797,-24.734214782714844
0.0,0.9998993873596191,0.5,13,anti_proposal,0.047961365431547165,0,-1.0916099548339844,4,1.0916099548339844,test,BraTS-GLI-00764-000,-24.252208709716797,-25.34381866455078
0.0,0.9998993873596191,1.0,13,anti_proposal,0.047961365431547165,0,-2.531688690185547,4,2.531688690185547,test,BraTS-GLI-00764-000,-24.252208709716797,-26.783897399902344
0.05750077962875366,1.0,0.25,5,prototype,0.35173049569129944,0,0.9014463424682617,4,0.9014463424682617,test,BraTS-GLI-00764-000,-9.673478126525879,-8.772031784057617
0.1578848958015442,1.0,0.5,5,prototype,0.35173049569129944,0,1.8418254852294922,4,1.8418254852294922,test,BraTS-GLI-00764-000,-9.673478126525879,-7.831652641296387
0.3819809556007385,1.0,1.0,5,prototype,0.35173049569129944,0,3.711503028869629,4,3.711503028869629,test,BraTS-GLI-00764-000,-9.673478126525879,-5.96197509765625
0.0003815889358520508,1.0,0.25,5,random,0.35173049569129944,0,-0.008142471313476562,4,0.008142471313476562,test,BraTS-GLI-00764-000,-9.673478126525879,-9.681620597839355
0.0005828142166137695,1.0,0.5,5,random,0.35173049569129944,0,-0.01961994171142578,4,0.01961994171142578,test,BraTS-GLI-00764-000,-9.673478126525879,-9.693098068237305
0.0008493661880493164,1.0,1.0,5,random,0.35173049569129944,0,-0.039913177490234375,4,0.039913177490234375,test,BraTS-GLI-00764-000,-9.673478126525879,-9.713391304016113
0.019150614738464355,0.9998997449874878,0.25,5,proposal,0.35173049569129944,0,0.6138496398925781,4,0.6138496398925781,test,BraTS-GLI-00764-000,-9.673478126525879,-9.0596284866333
0.03692781925201416,0.9998997449874878,0.5,5,proposal,0.35173049569129944,0,1.0994625091552734,4,1.0994625091552734,test,BraTS-GLI-00764-000,-9.673478126525879,-8.574015617370605
0.07557511329650879,0.9998997449874878,1.0,5,proposal,0.35173049569129944,0,2.034806251525879,4,2.034806251525879,test,BraTS-GLI-00764-000,-9.673478126525879,-7.638671875
-0.016323566436767578,0.9998997449874878,0.25,5,anti_proposal,0.35173049569129944,0,-0.7585306167602539,4,0.7585306167602539,test,BraTS-GLI-00764-000,-9.673478126525879,-10.432008743286133
-0.02898484468460083,0.9998997449874878,0.5,5,anti_proposal,0.35173049569129944,0,-1.8017749786376953,4,1.8017749786376953,test,BraTS-GLI-00764-000,-9.673478126525879,-11.475253105163574
-0.034609317779541016,0.9998997449874878,1.0,5,anti_proposal,0.35173049569129944,0,-4.738663673400879,4,4.738663673400879,test,BraTS-GLI-00764-000,-9.673478126525879,-14.412141799926758
0.0,1.0,0.25,1,prototype,0.4032782018184662,0,-0.07213211059570312,4,0.07213211059570312,test,BraTS-GLI-00731-001,-17.27223777770996,-17.344369888305664
0.0,1.0,0.5,1,prototype,0.4032782018184662,0,-0.14127159118652344,4,0.14127159118652344,test,BraTS-GLI-00731-001,-17.27223777770996,-17.413509368896484
0.0,1.0,1.0,1,prototype,0.4032782018184662,0,-0.27042579650878906,4,0.27042579650878906,test,BraTS-GLI-00731-001,-17.27223777770996,-17.54266357421875
0.0,1.0,0.25,1,random,0.4032782018184662,0,0.04022026062011719,4,0.04022026062011719,test,BraTS-GLI-00731-001,-17.27223777770996,-17.232017517089844
0.0,1.0,0.5,1,random,0.4032782018184662,0,0.08089065551757812,4,0.08089065551757812,test,BraTS-GLI-00731-001,-17.27223777770996,-17.191347122192383
0.0,1.0,1.0,1,random,0.4032782018184662,0,0.16279220581054688,4,0.16279220581054688,test,BraTS-GLI-00731-001,-17.27223777770996,-17.109445571899414
0.0,0.9996774196624756,0.25,1,proposal,0.4032782018184662,0,-0.03810310363769531,4,0.03810310363769531,test,BraTS-GLI-00731-001,-17.27223777770996,-17.310340881347656
0.0,0.9996774196624756,0.5,1,proposal,0.4032782018184662,0,-0.0959930419921875,4,0.0959930419921875,test,BraTS-GLI-00731-001,-17.27223777770996,-17.36823081970215
0.0,0.9996774196624756,1.0,1,proposal,0.4032782018184662,0,-0.364837646484375,4,0.364837646484375,test,BraTS-GLI-00731-001,-17.27223777770996,-17.637075424194336
0.0,0.9996774196624756,0.25,1,anti_proposal,0.4032782018184662,0,0.019861221313476562,4,0.019861221313476562,test,BraTS-GLI-00731-001,-17.27223777770996,-17.252376556396484
0.0,0.9996774196624756,0.5,1,anti_proposal,0.4032782018184662,0,0.023281097412109375,4,0.023281097412109375,test,BraTS-GLI-00731-001,-17.27223777770996,-17.24895668029785
-1.1920928955078125e-07,0.9996774196624756,1.0,1,anti_proposal,0.4032782018184662,0,-0.024105072021484375,4,0.024105072021484375,test,BraTS-GLI-00731-001,-17.27223777770996,-17.296342849731445
0.0,1.0,0.25,3,prototype,0.3076896667480469,0,0.03859138488769531,4,0.03859138488769531,test,BraTS-GLI-00222-000,-24.05036735534668,-24.011775970458984
0.0,1.0,0.5,3,prototype,0.3076896667480469,0,0.07879638671875,4,0.07879638671875,test,BraTS-GLI-00222-000,-24.05036735534668,-23.97157096862793
0.0,1.0,1.0,3,prototype,0.3076896667480469,0,0.17285919189453125,4,0.17285919189453125,test,BraTS-GLI-00222-000,-24.05036735534668,-23.87750816345215
0.0,1.0,0.25,3,random,0.3076896667480469,0,-0.040088653564453125,4,0.040088653564453125,test,BraTS-GLI-00222-000,-24.05036735534668,-24.090456008911133
0.0,1.0,0.5,3,random,0.3076896667480469,0,-0.07935333251953125,4,0.07935333251953125,test,BraTS-GLI-00222-000,-24.05036735534668,-24.12972068786621
0.0,1.0,1.0,3,random,0.3076896667480469,0,-0.14389419555664062,4,0.14389419555664062,test,BraTS-GLI-00222-000,-24.05036735534668,-24.19426155090332
0.0,0.9998794794082642,0.25,3,proposal,0.3076896667480469,0,-0.0033016204833984375,4,0.0033016204833984375,test,BraTS-GLI-00222-000,-24.05036735534668,-24.053668975830078
0.0,0.9998794794082642,0.5,3,proposal,0.3076896667480469,0,-0.005001068115234375,4,0.005001068115234375,test,BraTS-GLI-00222-000,-24.05036735534668,-24.055368423461914
0.0,0.9998794794082642,1.0,3,proposal,0.3076896667480469,0,0.02654266357421875,4,0.02654266357421875,test,BraTS-GLI-00222-000,-24.05036735534668,-24.02382469177246
0.0,0.9998794794082642,0.25,3,anti_proposal,0.3076896667480469,0,0.042942047119140625,4,0.042942047119140625,test,BraTS-GLI-00222-000,-24.05036735534668,-24.00742530822754
0.0,0.9998794794082642,0.5,3,anti_proposal,0.3076896667480469,0,0.08652496337890625,4,0.08652496337890625,test,BraTS-GLI-00222-000,-24.05036735534668,-23.963842391967773
0.0,0.9998794794082642,1.0,3,anti_proposal,0.3076896667480469,0,0.17945098876953125,4,0.17945098876953125,test,BraTS-GLI-00222-000,-24.05036735534668,-23.87091636657715
1.0371208190917969e-05,1.0,0.25,14,prototype,0.3452800512313843,0,0.03193187713623047,4,0.03193187713623047,test,BraTS-GLI-00222-000,-9.299534797668457,-9.267602920532227
2.4378299713134766e-05,1.0,0.5,14,prototype,0.3452800512313843,0,0.07499027252197266,4,0.07499027252197266,test,BraTS-GLI-00222-000,-9.299534797668457,-9.224544525146484
6.23464584350586e-05,1.0,1.0,14,prototype,0.3452800512313843,0,0.18097877502441406,4,0.18097877502441406,test,BraTS-GLI-00222-000,-9.299534797668457,-9.118556022644043
-1.4126300811767578e-05,1.0,0.25,14,random,0.3452800512313843,0,-0.05071830749511719,4,0.05071830749511719,test,BraTS-GLI-00222-000,-9.299534797668457,-9.350253105163574
-2.6881694793701172e-05,1.0,0.5,14,random,0.3452800512313843,0,-0.09919548034667969,4,0.09919548034667969,test,BraTS-GLI-00222-000,-9.299534797668457,-9.398730278015137
-4.935264587402344e-05,1.0,1.0,14,random,0.3452800512313843,0,-0.19231319427490234,4,0.19231319427490234,test,BraTS-GLI-00222-000,-9.299534797668457,-9.49184799194336
-0.0001214146614074707,0.9999356269836426,0.25,14,proposal,0.3452800512313843,0,-0.5562858581542969,4,0.5562858581542969,test,BraTS-GLI-00222-000,-9.299534797668457,-9.855820655822754
-0.0002028942108154297,0.9999356269836426,0.5,14,proposal,0.3452800512313843,0,-1.3359193801879883,4,1.3359193801879883,test,BraTS-GLI-00222-000,-9.299534797668457,-10.635454177856445
-0.0002701282501220703,0.9999356269836426,1.0,14,proposal,0.3452800512313843,0,-3.870197296142578,4,3.870197296142578,test,BraTS-GLI-00222-000,-9.299534797668457,-13.169732093811035
0.0001450181007385254,0.9999356269836426,0.25,14,anti_proposal,0.3452800512313843,0,0.38903331756591797,4,0.38903331756591797,test,BraTS-GLI-00222-000,-9.299534797668457,-8.910501480102539
0.000291287899017334,0.9999356269836426,0.5,14,anti_proposal,0.3452800512313843,0,0.6793212890625,4,0.6793212890625,test,BraTS-GLI-00222-000,-9.299534797668457,-8.620213508605957
0.0006320476531982422,0.9999356269836426,1.0,14,anti_proposal,0.3452800512313843,0,1.1149721145629883,4,1.1149721145629883,test,BraTS-GLI-00222-000,-9.299534797668457,-8.184562683105469
0.0,1.0,0.25,30,prototype,0.21435971558094025,0,0.017049789428710938,4,0.017049789428710938,test,BraTS-GLI-01427-000,-25.714744567871094,-25.697694778442383
0.0,1.0,0.5,30,prototype,0.21435971558094025,0,0.03349494934082031,4,0.03349494934082031,test,BraTS-GLI-01427-000,-25.714744567871094,-25.681249618530273
0.0,1.0,1.0,30,prototype,0.21435971558094025,0,0.06526947021484375,4,0.06526947021484375,test,BraTS-GLI-01427-000,-25.714744567871094,-25.64947509765625
0.0,1.0,0.25,30,random,0.21435971558094025,0,-0.0017070770263671875,4,0.0017070770263671875,test,BraTS-GLI-01427-000,-25.714744567871094,-25.71645164489746
0.0,1.0,0.5,30,random,0.21435971558094025,0,-0.0006427764892578125,4,0.0006427764892578125,test,BraTS-GLI-01427-000,-25.714744567871094,-25.71538734436035
0.0,1.0,1.0,30,random,0.21435971558094025,0,-0.00553131103515625,4,0.00553131103515625,test,BraTS-GLI-01427-000,-25.714744567871094,-25.72027587890625
0.0,0.9999977350234985,0.25,30,proposal,0.21435971558094025,0,-0.04312705993652344,4,0.04312705993652344,test,BraTS-GLI-01427-000,-25.714744567871094,-25.757871627807617
0.0,0.9999977350234985,0.5,30,proposal,0.21435971558094025,0,-0.08868408203125,4,0.08868408203125,test,BraTS-GLI-01427-000,-25.714744567871094,-25.803428649902344
0.0,0.9999977350234985,1.0,30,proposal,0.21435971558094025,0,-0.1750812530517578,4,0.1750812530517578,test,BraTS-GLI-01427-000,-25.714744567871094,-25.88982582092285
0.0,0.9999977350234985,0.25,30,anti_proposal,0.21435971558094025,0,0.04551506042480469,4,0.04551506042480469,test,BraTS-GLI-01427-000,-25.714744567871094,-25.66922950744629
0.0,0.9999977350234985,0.5,30,anti_proposal,0.21435971558094025,0,0.08801460266113281,4,0.08801460266113281,test,BraTS-GLI-01427-000,-25.714744567871094,-25.62672996520996
0.0,0.9999977350234985,1.0,30,anti_proposal,0.21435971558094025,0,0.18126678466796875,4,0.18126678466796875,test,BraTS-GLI-01427-000,-25.714744567871094,-25.533477783203125
0.0,1.0,0.25,5,prototype,0.07160600274801254,0,0.09963607788085938,4,0.09963607788085938,test,BraTS-GLI-01074-000,-19.2067813873291,-19.107145309448242
5.960464477539063e-08,1.0,0.5,5,prototype,0.07160600274801254,0,0.203582763671875,4,0.203582763671875,test,BraTS-GLI-01074-000,-19.2067813873291,-19.003198623657227
1.1920928955078125e-07,1.0,1.0,5,prototype,0.07160600274801254,0,0.4429340362548828,4,0.4429340362548828,test,BraTS-GLI-01074-000,-19.2067813873291,-18.76384735107422
0.0,1.0,0.25,5,random,0.07160600274801254,0,0.04261589050292969,4,0.04261589050292969,test,BraTS-GLI-01074-000,-19.2067813873291,-19.164165496826172
0.0,1.0,0.5,5,random,0.07160600274801254,0,0.08336257934570312,4,0.08336257934570312,test,BraTS-GLI-01074-000,-19.2067813873291,-19.1234188079834
0.0,1.0,1.0,5,random,0.07160600274801254,0,0.1641845703125,4,0.1641845703125,test,BraTS-GLI-01074-000,-19.2067813873291,-19.0425968170166
-1.1920928955078125e-07,0.9999997615814209,0.25,5,proposal,0.07160600274801254,0,0.4657096862792969,4,0.4657096862792969,test,BraTS-GLI-01074-000,-19.2067813873291,-18.741071701049805
-1.7881393432617188e-07,0.9999997615814209,0.5,5,proposal,0.07160600274801254,0,0.9764785766601562,4,0.9764785766601562,test,BraTS-GLI-01074-000,-19.2067813873291,-18.230302810668945
-3.5762786865234375e-07,0.9999997615814209,1.0,5,proposal,0.07160600274801254,0,1.134531021118164,4,1.134531021118164,test,BraTS-GLI-01074-000,-19.2067813873291,-18.072250366210938
2.384185791015625e-07,0.9999997615814209,0.25,5,anti_proposal,0.07160600274801254,0,-0.12836074829101562,4,0.12836074829101562,test,BraTS-GLI-01074-000,-19.2067813873291,-19.335142135620117
7.152557373046875e-07,0.9999997615814209,0.5,5,anti_proposal,0.07160600274801254,0,0.11276817321777344,4,0.11276817321777344,test,BraTS-GLI-01074-000,-19.2067813873291,-19.094013214111328
8.58306884765625e-06,0.9999997615814209,1.0,5,anti_proposal,0.07160600274801254,0,1.1698627471923828,4,1.1698627471923828,test,BraTS-GLI-01074-000,-19.2067813873291,-18.03691864013672
0.030398011207580566,1.0,0.25,40,prototype,0.26548269391059875,0,0.674281120300293,4,0.674281120300293,test,BraTS-GLI-00404-000,-10.156376838684082,-9.482095718383789
0.06963151693344116,1.0,0.5,40,prototype,0.26548269391059875,0,1.3207597732543945,4,1.3207597732543945,test,BraTS-GLI-00404-000,-10.156376838684082,-8.835617065429688
0.15209323167800903,1.0,1.0,40,prototype,0.26548269391059875,0,2.3415679931640625,4,2.3415679931640625,test,BraTS-GLI-00404-000,-10.156376838684082,-7.8148088455200195
0.0015267729759216309,1.0,0.25,40,random,0.26548269391059875,0,0.06363773345947266,4,0.06363773345947266,test,BraTS-GLI-00404-000,-10.156376838684082,-10.09273910522461
0.0028952956199645996,1.0,0.5,40,random,0.26548269391059875,0,0.12243366241455078,4,0.12243366241455078,test,BraTS-GLI-00404-000,-10.156376838684082,-10.033943176269531
0.00572359561920166,1.0,1.0,40,random,0.26548269391059875,0,0.23992156982421875,4,0.23992156982421875,test,BraTS-GLI-00404-000,-10.156376838684082,-9.916455268859863
0.10518074035644531,0.9943203926086426,0.25,40,proposal,0.26548269391059875,0,1.6033868789672852,4,1.6033868789672852,test,BraTS-GLI-00404-000,-10.156376838684082,-8.552989959716797
0.22069919109344482,0.9943203926086426,0.5,40,proposal,0.26548269391059875,0,2.9728188514709473,4,2.9728188514709473,test,BraTS-GLI-00404-000,-10.156376838684082,-7.183557987213135
0.43604230880737305,0.9943203926086426,1.0,40,proposal,0.26548269391059875,0,4.841911792755127,4,4.841911792755127,test,BraTS-GLI-00404-000,-10.156376838684082,-5.314465045928955
-0.02021193504333496,0.9943203926086426,0.25,40,anti_proposal,0.26548269391059875,0,-1.5481023788452148,4,1.5481023788452148,test,BraTS-GLI-00404-000,-10.156376838684082,-11.704479217529297
-0.020676791667938232,0.9943203926086426,0.5,40,anti_proposal,0.26548269391059875,0,-2.9881114959716797,4,2.9881114959716797,test,BraTS-GLI-00404-000,-10.156376838684082,-13.144488334655762
-0.020695269107818604,0.9943203926086426,1.0,40,anti_proposal,0.26548269391059875,0,-5.070899963378906,4,5.070899963378906,test,BraTS-GLI-00404-000,-10.156376838684082,-15.227276802062988
3.5762786865234375e-06,1.0,0.25,15,prototype,0.37014123797416687,0,0.003955841064453125,4,0.003955841064453125,test,BraTS-GLI-00404-000,-12.552299499511719,-12.548343658447266
6.258487701416016e-06,1.0,0.5,15,prototype,0.37014123797416687,0,0.004940032958984375,4,0.004940032958984375,test,BraTS-GLI-00404-000,-12.552299499511719,-12.547359466552734
1.0073184967041016e-05,1.0,1.0,15,prototype,0.37014123797416687,0,0.008009910583496094,4,0.008009910583496094,test,BraTS-GLI-00404-000,-12.552299499511719,-12.544289588928223
-1.9669532775878906e-06,1.0,0.25,15,random,0.37014123797416687,0,-0.009522438049316406,4,0.009522438049316406,test,BraTS-GLI-00404-000,-12.552299499511719,-12.561821937561035
-3.7550926208496094e-06,1.0,0.5,15,random,0.37014123797416687,0,-0.01822376251220703,4,0.01822376251220703,test,BraTS-GLI-00404-000,-12.552299499511719,-12.570523262023926
-7.331371307373047e-06,1.0,1.0,15,random,0.37014123797416687,0,-0.035157203674316406,4,0.035157203674316406,test,BraTS-GLI-00404-000,-12.552299499511719,-12.587456703186035
1.1920928955078125e-05,0.9987155199050903,0.25,15,proposal,0.37014123797416687,0,0.02014923095703125,4,0.02014923095703125,test,BraTS-GLI-00404-000,-12.552299499511719,-12.532150268554688
2.4557113647460938e-05,0.9987155199050903,0.5,15,proposal,0.37014123797416687,0,0.0526580810546875,4,0.0526580810546875,test,BraTS-GLI-00404-000,-12.552299499511719,-12.499641418457031
6.0498714447021484e-05,0.9987155199050903,1.0,15,proposal,0.37014123797416687,0,0.15152931213378906,4,0.15152931213378906,test,BraTS-GLI-00404-000,-12.552299499511719,-12.40077018737793
-7.092952728271484e-06,0.9987155199050903,0.25,15,anti_proposal,0.37014123797416687,0,0.013854026794433594,4,0.013854026794433594,test,BraTS-GLI-00404-000,-12.552299499511719,-12.538445472717285
-5.9604644775390625e-06,0.9987155199050903,0.5,15,anti_proposal,0.37014123797416687,0,0.0878591537475586,4,0.0878591537475586,test,BraTS-GLI-00404-000,-12.552299499511719,-12.46444034576416
-2.1278858184814453e-05,0.9987155199050903,1.0,15,anti_proposal,0.37014123797416687,0,0.4008817672729492,4,0.4008817672729492,test,BraTS-GLI-00404-000,-12.552299499511719,-12.15141773223877
