subject_id,arm,p1,p2,region,thresh,tp,fp,fn,et_tp_missed,et_n_missed,et_recovered,et_fp_comp,n_core
BraTS-GLI-01041-000,none,0.0,0.0,0,-6.0,8858,4576,1427,,,,,4
BraTS-GLI-01041-000,none,0.0,0.0,0,-4.02,8463,3294,1822,10,7,4,9,4
BraTS-GLI-01041-000,none,0.0,0.0,0,-2.0,8022,2300,2263,,,,,4
BraTS-GLI-01041-000,none,0.0,0.0,0,0.0,7552,1568,2733,0,7,0,7,4
BraTS-GLI-01041-000,none,0.0,0.0,0,2.0,6992,1005,3293,,,,,4
BraTS-GLI-01041-000,none,0.0,0.0,1,-6.0,59038,12247,1616,,,,,4
BraTS-GLI-01041-000,none,0.0,0.0,1,-4.02,58761,11183,1893,,,,,4
BraTS-GLI-01041-000,none,0.0,0.0,1,-2.0,58394,10083,2260,,,,,4
BraTS-GLI-01041-000,none,0.0,0.0,1,0.0,57971,9100,2683,,,,,4
BraTS-GLI-01041-000,none,0.0,0.0,1,2.0,57493,8086,3161,,,,,4
BraTS-GLI-01041-000,none,0.0,0.0,2,-6.0,90710,18703,771,,,,,4
BraTS-GLI-01041-000,none,0.0,0.0,2,-4.02,90621,16301,860,,,,,4
BraTS-GLI-01041-000,none,0.0,0.0,2,-2.0,90498,14179,983,,,,,4
BraTS-GLI-01041-000,none,0.0,0.0,2,0.0,90338,12297,1143,,,,,4
BraTS-GLI-01041-000,none,0.0,0.0,2,2.0,90136,10632,1345,,,,,4
BraTS-GLI-01041-000,pspds,0.5,0.0,0,-6.0,8922,4717,1363,,,,,4
BraTS-GLI-01041-000,pspds,0.5,0.0,0,-4.02,8523,3415,1762,17,7,6,11,4
BraTS-GLI-01041-000,pspds,0.5,0.0,0,-2.0,8101,2400,2184,,,,,4
BraTS-GLI-01041-000,pspds,0.5,0.0,0,0.0,7628,1654,2657,2,7,1,6,4
BraTS-GLI-01041-000,pspds,0.5,0.0,0,2.0,7095,1075,3190,,,,,4
BraTS-GLI-01041-000,pspds,0.5,0.0,1,-6.0,59326,12933,1328,,,,,4
BraTS-GLI-01041-000,pspds,0.5,0.0,1,-4.02,59056,11836,1598,,,,,4
BraTS-GLI-01041-000,pspds,0.5,0.0,1,-2.0,58751,10754,1903,,,,,4
BraTS-GLI-01041-000,pspds,0.5,0.0,1,0.0,58354,9745,2300,,,,,4
BraTS-GLI-01041-000,pspds,0.5,0.0,1,2.0,57912,8694,2742,,,,,4
BraTS-GLI-01041-000,pspds,0.5,0.0,2,-6.0,90717,18979,764,,,,,4
BraTS-GLI-01041-000,pspds,0.5,0.0,2,-4.02,90642,16548,839,,,,,4
BraTS-GLI-01041-000,pspds,0.5,0.0,2,-2.0,90522,14428,959,,,,,4
BraTS-GLI-01041-000,pspds,0.5,0.0,2,0.0,90371,12549,1110,,,,,4
BraTS-GLI-01041-000,pspds,0.5,0.0,2,2.0,90183,10860,1298,,,,,4
BraTS-GLI-01041-000,pspds,0.5,1.0,0,-6.0,8898,4645,1387,,,,,4
BraTS-GLI-01041-000,pspds,0.5,1.0,0,-4.02,8499,3363,1786,15,7,5,9,4
BraTS-GLI-01041-000,pspds,0.5,1.0,0,-2.0,8067,2353,2218,,,,,4
BraTS-GLI-01041-000,pspds,0.5,1.0,0,0.0,7592,1608,2693,0,7,0,7,4
BraTS-GLI-01041-000,pspds,0.5,1.0,0,2.0,7043,1040,3242,,,,,4
BraTS-GLI-01041-000,pspds,0.5,1.0,1,-6.0,59209,12581,1445,,,,,4
BraTS-GLI-01041-000,pspds,0.5,1.0,1,-4.02,58927,11512,1727,,,,,4
BraTS-GLI-01041-000,pspds,0.5,1.0,1,-2.0,58593,10421,2061,,,,,4
BraTS-GLI-01041-000,pspds,0.5,1.0,1,0.0,58200,9417,2454,,,,,4
BraTS-GLI-01041-000,pspds,0.5,1.0,1,2.0,57714,8389,2940,,,,,4
BraTS-GLI-01041-000,pspds,0.5,1.0,2,-6.0,90712,18826,769,,,,,4
BraTS-GLI-01041-000,pspds,0.5,1.0,2,-4.02,90635,16415,846,,,,,4
BraTS-GLI-01041-000,pspds,0.5,1.0,2,-2.0,90513,14291,968,,,,,4
BraTS-GLI-01041-000,pspds,0.5,1.0,2,0.0,90351,12422,1130,,,,,4
BraTS-GLI-01041-000,pspds,0.5,1.0,2,2.0,90159,10752,1322,,,,,4
BraTS-GLI-01041-000,pspds,1.0,0.0,0,-6.0,8974,4855,1311,,,,,4
BraTS-GLI-01041-000,pspds,1.0,0.0,0,-4.02,8584,3533,1701,22,7,6,13,4
BraTS-GLI-01041-000,pspds,1.0,0.0,0,-2.0,8172,2487,2113,,,,,4
BraTS-GLI-01041-000,pspds,1.0,0.0,0,0.0,7699,1732,2586,6,7,2,4,4
BraTS-GLI-01041-000,pspds,1.0,0.0,0,2.0,7198,1143,3087,,,,,4
BraTS-GLI-01041-000,pspds,1.0,0.0,1,-6.0,59478,13683,1176,,,,,4
BraTS-GLI-01041-000,pspds,1.0,0.0,1,-4.02,59259,12535,1395,,,,,4
BraTS-GLI-01041-000,pspds,1.0,0.0,1,-2.0,58986,11453,1668,,,,,4
BraTS-GLI-01041-000,pspds,1.0,0.0,1,0.0,58618,10406,2036,,,,,4
BraTS-GLI-01041-000,pspds,1.0,0.0,1,2.0,58200,9351,2454,,,,,4
BraTS-GLI-01041-000,pspds,1.0,0.0,2,-6.0,90730,19275,751,,,,,4
BraTS-GLI-01041-000,pspds,1.0,0.0,2,-4.02,90656,16872,825,,,,,4
BraTS-GLI-01041-000,pspds,1.0,0.0,2,-2.0,90546,14710,935,,,,,4
BraTS-GLI-01041-000,pspds,1.0,0.0,2,0.0,90396,12820,1085,,,,,4
BraTS-GLI-01041-000,pspds,1.0,0.0,2,2.0,90218,11077,1263,,,,,4
BraTS-GLI-01041-000,pspds,1.0,1.0,0,-6.0,8922,4722,1363,,,,,4
BraTS-GLI-01041-000,pspds,1.0,1.0,0,-4.02,8524,3419,1761,17,7,6,12,4
BraTS-GLI-01041-000,pspds,1.0,1.0,0,-2.0,8105,2403,2180,,,,,4
BraTS-GLI-01041-000,pspds,1.0,1.0,0,0.0,7627,1662,2658,2,7,1,6,4
BraTS-GLI-01041-000,pspds,1.0,1.0,0,2.0,7098,1078,3187,,,,,4
BraTS-GLI-01041-000,pspds,1.0,1.0,1,-6.0,59334,12963,1320,,,,,4
BraTS-GLI-01041-000,pspds,1.0,1.0,1,-4.02,59064,11859,1590,,,,,4
BraTS-GLI-01041-000,pspds,1.0,1.0,1,-2.0,58759,10787,1895,,,,,4
BraTS-GLI-01041-000,pspds,1.0,1.0,1,0.0,58359,9779,2295,,,,,4
BraTS-GLI-01041-000,pspds,1.0,1.0,1,2.0,57919,8724,2735,,,,,4
BraTS-GLI-01041-000,pspds,1.0,1.0,2,-6.0,90717,18986,764,,,,,4
BraTS-GLI-01041-000,pspds,1.0,1.0,2,-4.02,90640,16558,841,,,,,4
BraTS-GLI-01041-000,pspds,1.0,1.0,2,-2.0,90524,14433,957,,,,,4
BraTS-GLI-01041-000,pspds,1.0,1.0,2,0.0,90367,12552,1114,,,,,4
BraTS-GLI-01041-000,pspds,1.0,1.0,2,2.0,90183,10864,1298,,,,,4
BraTS-GLI-01041-000,interp,0.5,0.0,0,-6.0,8869,4480,1416,,,,,4
BraTS-GLI-01041-000,interp,0.5,0.0,0,-4.02,8429,3154,1856,17,7,4,7,4
BraTS-GLI-01041-000,interp,0.5,0.0,0,-2.0,7919,2169,2366,,,,,4
BraTS-GLI-01041-000,interp,0.5,0.0,0,0.0,7385,1451,2900,8,7,1,3,4
BraTS-GLI-01041-000,interp,0.5,0.0,0,2.0,6769,922,3516,,,,,4
BraTS-GLI-01041-000,interp,0.5,0.0,1,-6.0,59645,18274,1009,,,,,4
BraTS-GLI-01041-000,interp,0.5,0.0,1,-4.02,59443,16912,1211,,,,,4
BraTS-GLI-01041-000,interp,0.5,0.0,1,-2.0,59177,15646,1477,,,,,4
BraTS-GLI-01041-000,interp,0.5,0.0,1,0.0,58873,14390,1781,,,,,4
BraTS-GLI-01041-000,interp,0.5,0.0,1,2.0,58525,13018,2129,,,,,4
BraTS-GLI-01041-000,interp,0.5,0.0,2,-6.0,90782,24267,699,,,,,4
BraTS-GLI-01041-000,interp,0.5,0.0,2,-4.02,90741,21408,740,,,,,4
BraTS-GLI-01041-000,interp,0.5,0.0,2,-2.0,90682,18719,799,,,,,4
BraTS-GLI-01041-000,interp,0.5,0.0,2,0.0,90579,16365,902,,,,,4
BraTS-GLI-01041-000,interp,0.5,0.0,2,2.0,90434,14273,1047,,,,,4
BraTS-GLI-01041-000,interp,1.0,0.0,0,-6.0,8694,4075,1591,,,,,4
BraTS-GLI-01041-000,interp,1.0,0.0,0,-4.02,8167,2728,2118,20,7,4,8,4
BraTS-GLI-01041-000,interp,1.0,0.0,0,-2.0,7577,1830,2708,,,,,4
BraTS-GLI-01041-000,interp,1.0,0.0,0,0.0,6980,1205,3305,9,7,2,5,4
BraTS-GLI-01041-000,interp,1.0,0.0,0,2.0,6294,767,3991,,,,,4
BraTS-GLI-01041-000,interp,1.0,0.0,1,-6.0,59807,28578,847,,,,,4
BraTS-GLI-01041-000,interp,1.0,0.0,1,-4.02,59611,26834,1043,,,,,4
BraTS-GLI-01041-000,interp,1.0,0.0,1,-2.0,59362,25065,1292,,,,,4
BraTS-GLI-01041-000,interp,1.0,0.0,1,0.0,59109,23258,1545,,,,,4
BraTS-GLI-01041-000,interp,1.0,0.0,1,2.0,58701,21210,1953,,,,,4
BraTS-GLI-01041-000,interp,1.0,0.0,2,-6.0,90829,34827,652,,,,,4
BraTS-GLI-01041-000,interp,1.0,0.0,2,-4.02,90815,31297,666,,,,,4
BraTS-GLI-01041-000,interp,1.0,0.0,2,-2.0,90784,27843,697,,,,,4
BraTS-GLI-01041-000,interp,1.0,0.0,2,0.0,90745,24729,736,,,,,4
BraTS-GLI-01041-000,interp,1.0,0.0,2,2.0,90665,21655,816,,,,,4
BraTS-GLI-01041-000,global,0.5,0.0,0,-6.0,9527,7017,758,,,,,4
BraTS-GLI-01041-000,global,0.5,0.0,0,-4.02,9232,5098,1053,46,7,6,19,4
BraTS-GLI-01041-000,global,0.5,0.0,0,-2.0,8812,3637,1473,,,,,4
BraTS-GLI-01041-000,global,0.5,0.0,0,0.0,8374,2651,1911,32,7,5,13,4
BraTS-GLI-01041-000,global,0.5,0.0,0,2.0,7810,1855,2475,,,,,4
BraTS-GLI-01041-000,global,0.5,0.0,1,-6.0,60170,35029,484,,,,,4
BraTS-GLI-01041-000,global,0.5,0.0,1,-4.02,60098,33293,556,,,,,4
BraTS-GLI-01041-000,global,0.5,0.0,1,-2.0,60022,31555,632,,,,,4
BraTS-GLI-01041-000,global,0.5,0.0,1,0.0,59913,29713,741,,,,,4
BraTS-GLI-01041-000,global,0.5,0.0,1,2.0,59744,27625,910,,,,,4
BraTS-GLI-01041-000,global,0.5,0.0,2,-6.0,90833,38332,648,,,,,4
BraTS-GLI-01041-000,global,0.5,0.0,2,-4.02,90832,34857,649,,,,,4
BraTS-GLI-01041-000,global,0.5,0.0,2,-2.0,90817,31460,664,,,,,4
BraTS-GLI-01041-000,global,0.5,0.0,2,0.0,90791,28296,690,,,,,4
BraTS-GLI-01041-000,global,0.5,0.0,2,2.0,90763,25257,718,,,,,4
BraTS-GLI-01041-000,global,1.0,0.0,0,-6.0,9565,9602,720,,,,,4
BraTS-GLI-01041-000,global,1.0,0.0,0,-4.02,9230,7049,1055,54,7,5,34,4
BraTS-GLI-01041-000,global,1.0,0.0,0,-2.0,8793,5180,1492,,,,,4
BraTS-GLI-01041-000,global,1.0,0.0,0,0.0,8285,3830,2000,43,7,5,31,4
BraTS-GLI-01041-000,global,1.0,0.0,0,2.0,7748,2709,2537,,,,,4
BraTS-GLI-01041-000,global,1.0,0.0,1,-6.0,60319,73459,335,,,,,4
BraTS-GLI-01041-000,global,1.0,0.0,1,-4.02,60304,68866,350,,,,,4
BraTS-GLI-01041-000,global,1.0,0.0,1,-2.0,60288,64203,366,,,,,4
BraTS-GLI-01041-000,global,1.0,0.0,1,0.0,60258,59426,396,,,,,4
BraTS-GLI-01041-000,global,1.0,0.0,1,2.0,60193,54003,461,,,,,4
BraTS-GLI-01041-000,global,1.0,0.0,2,-6.0,90836,80872,645,,,,,4
BraTS-GLI-01041-000,global,1.0,0.0,2,-4.02,90836,74674,645,,,,,4
BraTS-GLI-01041-000,global,1.0,0.0,2,-2.0,90836,68635,645,,,,,4
BraTS-GLI-01041-000,global,1.0,0.0,2,0.0,90836,62894,645,,,,,4
BraTS-GLI-01041-000,global,1.0,0.0,2,2.0,90833,56928,648,,,,,4
BraTS-GLI-01041-000,dilate,0.0,0.0,0,-6.0,9806,29214,479,,,,,4
BraTS-GLI-01041-000,dilate,0.0,0.0,0,-4.02,9668,25787,617,30,7,4,3,4
BraTS-GLI-01041-000,dilate,0.0,0.0,0,-2.0,9491,22771,794,,,,,4
BraTS-GLI-01041-000,dilate,0.0,0.0,0,0.0,9307,20184,978,0,7,0,5,4
BraTS-GLI-01041-000,dilate,0.0,0.0,0,2.0,9133,17641,1152,,,,,4
BraTS-GLI-01041-000,dilate,0.0,0.0,1,-6.0,59038,12247,1616,,,,,4
BraTS-GLI-01041-000,dilate,0.0,0.0,1,-4.02,58761,11183,1893,,,,,4
BraTS-GLI-01041-000,dilate,0.0,0.0,1,-2.0,58394,10083,2260,,,,,4
BraTS-GLI-01041-000,dilate,0.0,0.0,1,0.0,57971,9100,2683,,,,,4
BraTS-GLI-01041-000,dilate,0.0,0.0,1,2.0,57493,8086,3161,,,,,4
BraTS-GLI-01041-000,dilate,0.0,0.0,2,-6.0,90710,18703,771,,,,,4
BraTS-GLI-01041-000,dilate,0.0,0.0,2,-4.02,90621,16301,860,,,,,4
BraTS-GLI-01041-000,dilate,0.0,0.0,2,-2.0,90498,14179,983,,,,,4
BraTS-GLI-01041-000,dilate,0.0,0.0,2,0.0,90338,12297,1143,,,,,4
BraTS-GLI-01041-000,dilate,0.0,0.0,2,2.0,90136,10632,1345,,,,,4
BraTS-GLI-01041-000,boost,2.0,0.0,0,-6.0,9181,6329,1104,,,,,4
BraTS-GLI-01041-000,boost,2.0,0.0,0,-4.02,8852,4534,1433,25,7,5,10,4
BraTS-GLI-01041-000,boost,2.0,0.0,0,-2.0,8440,3239,1845,,,,,4
BraTS-GLI-01041-000,boost,2.0,0.0,0,0.0,7999,2267,2286,4,7,3,6,4
BraTS-GLI-01041-000,boost,2.0,0.0,0,2.0,7526,1544,2759,,,,,4
BraTS-GLI-01041-000,boost,2.0,0.0,1,-6.0,59038,12247,1616,,,,,4
BraTS-GLI-01041-000,boost,2.0,0.0,1,-4.02,58761,11183,1893,,,,,4
BraTS-GLI-01041-000,boost,2.0,0.0,1,-2.0,58394,10083,2260,,,,,4
BraTS-GLI-01041-000,boost,2.0,0.0,1,0.0,57971,9100,2683,,,,,4
BraTS-GLI-01041-000,boost,2.0,0.0,1,2.0,57493,8086,3161,,,,,4
BraTS-GLI-01041-000,boost,2.0,0.0,2,-6.0,90710,18703,771,,,,,4
BraTS-GLI-01041-000,boost,2.0,0.0,2,-4.02,90621,16301,860,,,,,4
BraTS-GLI-01041-000,boost,2.0,0.0,2,-2.0,90498,14179,983,,,,,4
BraTS-GLI-01041-000,boost,2.0,0.0,2,0.0,90338,12297,1143,,,,,4
BraTS-GLI-01041-000,boost,2.0,0.0,2,2.0,90136,10632,1345,,,,,4
BraTS-GLI-01041-000,boost,4.0,0.0,0,-6.0,9448,8806,837,,,,,4
BraTS-GLI-01041-000,boost,4.0,0.0,0,-4.02,9172,6290,1113,37,7,5,9,4
BraTS-GLI-01041-000,boost,4.0,0.0,0,-2.0,8828,4476,1457,,,,,4
BraTS-GLI-01041-000,boost,4.0,0.0,0,0.0,8417,3206,1868,10,7,4,9,4
BraTS-GLI-01041-000,boost,4.0,0.0,0,2.0,7973,2243,2312,,,,,4
BraTS-GLI-01041-000,boost,4.0,0.0,1,-6.0,59038,12247,1616,,,,,4
BraTS-GLI-01041-000,boost,4.0,0.0,1,-4.02,58761,11183,1893,,,,,4
BraTS-GLI-01041-000,boost,4.0,0.0,1,-2.0,58394,10083,2260,,,,,4
BraTS-GLI-01041-000,boost,4.0,0.0,1,0.0,57971,9100,2683,,,,,4
BraTS-GLI-01041-000,boost,4.0,0.0,1,2.0,57493,8086,3161,,,,,4
BraTS-GLI-01041-000,boost,4.0,0.0,2,-6.0,90710,18703,771,,,,,4
BraTS-GLI-01041-000,boost,4.0,0.0,2,-4.02,90621,16301,860,,,,,4
BraTS-GLI-01041-000,boost,4.0,0.0,2,-2.0,90498,14179,983,,,,,4
BraTS-GLI-01041-000,boost,4.0,0.0,2,0.0,90338,12297,1143,,,,,4
BraTS-GLI-01041-000,boost,4.0,0.0,2,2.0,90136,10632,1345,,,,,4
BraTS-GLI-01189-000,none,0.0,0.0,0,-6.0,23393,3951,16207,,,,,109
BraTS-GLI-01189-000,none,0.0,0.0,0,-4.02,22983,3258,16617,0,0,0,0,109
BraTS-GLI-01189-000,none,0.0,0.0,0,-2.0,22578,2670,17022,,,,,109
BraTS-GLI-01189-000,none,0.0,0.0,0,0.0,22226,2154,17374,0,0,0,0,109
BraTS-GLI-01189-000,none,0.0,0.0,0,2.0,21829,1619,17771,,,,,109
BraTS-GLI-01189-000,none,0.0,0.0,1,-6.0,73292,1232,16521,,,,,109
BraTS-GLI-01189-000,none,0.0,0.0,1,-4.02,72324,963,17489,,,,,109
BraTS-GLI-01189-000,none,0.0,0.0,1,-2.0,71258,728,18555,,,,,109
BraTS-GLI-01189-000,none,0.0,0.0,1,0.0,70117,570,19696,,,,,109
BraTS-GLI-01189-000,none,0.0,0.0,1,2.0,68864,416,20949,,,,,109
BraTS-GLI-01189-000,none,0.0,0.0,2,-6.0,107523,17656,7188,,,,,109
BraTS-GLI-01189-000,none,0.0,0.0,2,-4.02,106889,13617,7822,,,,,109
BraTS-GLI-01189-000,none,0.0,0.0,2,-2.0,106151,10278,8560,,,,,109
BraTS-GLI-01189-000,none,0.0,0.0,2,0.0,105210,7599,9501,,,,,109
BraTS-GLI-01189-000,none,0.0,0.0,2,2.0,103983,5568,10728,,,,,109
BraTS-GLI-01189-000,pspds,0.5,0.0,0,-6.0,23558,4012,16042,,,,,109
BraTS-GLI-01189-000,pspds,0.5,0.0,0,-4.02,23125,3317,16475,0,0,0,2,109
BraTS-GLI-01189-000,pspds,0.5,0.0,0,-2.0,22706,2700,16894,,,,,109
BraTS-GLI-01189-000,pspds,0.5,0.0,0,0.0,22369,2217,17231,0,0,0,0,109
BraTS-GLI-01189-000,pspds,0.5,0.0,0,2.0,21961,1670,17639,,,,,109
BraTS-GLI-01189-000,pspds,0.5,0.0,1,-6.0,73917,1369,15896,,,,,109
BraTS-GLI-01189-000,pspds,0.5,0.0,1,-4.02,72948,1069,16865,,,,,109
BraTS-GLI-01189-000,pspds,0.5,0.0,1,-2.0,71892,823,17921,,,,,109
BraTS-GLI-01189-000,pspds,0.5,0.0,1,0.0,70790,627,19023,,,,,109
BraTS-GLI-01189-000,pspds,0.5,0.0,1,2.0,69564,477,20249,,,,,109
BraTS-GLI-01189-000,pspds,0.5,0.0,2,-6.0,107656,18028,7055,,,,,109
BraTS-GLI-01189-000,pspds,0.5,0.0,2,-4.02,107051,13971,7660,,,,,109
BraTS-GLI-01189-000,pspds,0.5,0.0,2,-2.0,106321,10620,8390,,,,,109
BraTS-GLI-01189-000,pspds,0.5,0.0,2,0.0,105423,7886,9288,,,,,109
BraTS-GLI-01189-000,pspds,0.5,0.0,2,2.0,104306,5794,10405,,,,,109
BraTS-GLI-01189-000,pspds,0.5,1.0,0,-6.0,23492,3998,16108,,,,,109
BraTS-GLI-01189-000,pspds,0.5,1.0,0,-4.02,23039,3283,16561,0,0,0,0,109
BraTS-GLI-01189-000,pspds,0.5,1.0,0,-2.0,22646,2680,16954,,,,,109
BraTS-GLI-01189-000,pspds,0.5,1.0,0,0.0,22291,2187,17309,0,0,0,0,109
BraTS-GLI-01189-000,pspds,0.5,1.0,0,2.0,21898,1642,17702,,,,,109
BraTS-GLI-01189-000,pspds,0.5,1.0,1,-6.0,73582,1285,16231,,,,,109
BraTS-GLI-01189-000,pspds,0.5,1.0,1,-4.02,72605,1016,17208,,,,,109
BraTS-GLI-01189-000,pspds,0.5,1.0,1,-2.0,71573,778,18240,,,,,109
BraTS-GLI-01189-000,pspds,0.5,1.0,1,0.0,70438,593,19375,,,,,109
BraTS-GLI-01189-000,pspds,0.5,1.0,1,2.0,69195,435,20618,,,,,109
BraTS-GLI-01189-000,pspds,0.5,1.0,2,-6.0,107582,17849,7129,,,,,109
BraTS-GLI-01189-000,pspds,0.5,1.0,2,-4.02,106960,13791,7751,,,,,109
BraTS-GLI-01189-000,pspds,0.5,1.0,2,-2.0,106226,10453,8485,,,,,109
BraTS-GLI-01189-000,pspds,0.5,1.0,2,0.0,105305,7748,9406,,,,,109
BraTS-GLI-01189-000,pspds,0.5,1.0,2,2.0,104130,5679,10581,,,,,109
BraTS-GLI-01189-000,pspds,1.0,0.0,0,-6.0,23715,4067,15885,,,,,109
BraTS-GLI-01189-000,pspds,1.0,0.0,0,-4.02,23246,3373,16354,0,0,0,1,109
BraTS-GLI-01189-000,pspds,1.0,0.0,0,-2.0,22849,2756,16751,,,,,109
BraTS-GLI-01189-000,pspds,1.0,0.0,0,0.0,22489,2257,17111,0,0,0,0,109
BraTS-GLI-01189-000,pspds,1.0,0.0,0,2.0,22105,1731,17495,,,,,109
BraTS-GLI-01189-000,pspds,1.0,0.0,1,-6.0,74431,1502,15382,,,,,109
BraTS-GLI-01189-000,pspds,1.0,0.0,1,-4.02,73509,1181,16304,,,,,109
BraTS-GLI-01189-000,pspds,1.0,0.0,1,-2.0,72499,942,17314,,,,,109
BraTS-GLI-01189-000,pspds,1.0,0.0,1,0.0,71398,694,18415,,,,,109
BraTS-GLI-01189-000,pspds,1.0,0.0,1,2.0,70220,533,19593,,,,,109
BraTS-GLI-01189-000,pspds,1.0,0.0,2,-6.0,107766,18448,6945,,,,,109
BraTS-GLI-01189-000,pspds,1.0,0.0,2,-4.02,107185,14338,7526,,,,,109
BraTS-GLI-01189-000,pspds,1.0,0.0,2,-2.0,106496,10935,8215,,,,,109
BraTS-GLI-01189-000,pspds,1.0,0.0,2,0.0,105645,8160,9066,,,,,109
BraTS-GLI-01189-000,pspds,1.0,0.0,2,2.0,104566,6040,10145,,,,,109
BraTS-GLI-01189-000,pspds,1.0,1.0,0,-6.0,23553,4006,16047,,,,,109
BraTS-GLI-01189-000,pspds,1.0,1.0,0,-4.02,23110,3309,16490,0,0,0,1,109
BraTS-GLI-01189-000,pspds,1.0,1.0,0,-2.0,22696,2700,16904,,,,,109
BraTS-GLI-01189-000,pspds,1.0,1.0,0,0.0,22359,2215,17241,0,0,0,0,109
BraTS-GLI-01189-000,pspds,1.0,1.0,0,2.0,21954,1672,17646,,,,,109
BraTS-GLI-01189-000,pspds,1.0,1.0,1,-6.0,73858,1359,15955,,,,,109
BraTS-GLI-01189-000,pspds,1.0,1.0,1,-4.02,72859,1062,16954,,,,,109
BraTS-GLI-01189-000,pspds,1.0,1.0,1,-2.0,71833,818,17980,,,,,109
BraTS-GLI-01189-000,pspds,1.0,1.0,1,0.0,70715,624,19098,,,,,109
BraTS-GLI-01189-000,pspds,1.0,1.0,1,2.0,69496,472,20317,,,,,109
BraTS-GLI-01189-000,pspds,1.0,1.0,2,-6.0,107641,18029,7070,,,,,109
BraTS-GLI-01189-000,pspds,1.0,1.0,2,-4.02,107025,13969,7686,,,,,109
BraTS-GLI-01189-000,pspds,1.0,1.0,2,-2.0,106302,10610,8409,,,,,109
BraTS-GLI-01189-000,pspds,1.0,1.0,2,0.0,105393,7880,9318,,,,,109
BraTS-GLI-01189-000,pspds,1.0,1.0,2,2.0,104261,5797,10450,,,,,109
BraTS-GLI-01189-000,interp,0.5,0.0,0,-6.0,24037,4588,15563,,,,,109
BraTS-GLI-01189-000,interp,0.5,0.0,0,-4.02,23585,3829,16015,0,0,0,0,109
BraTS-GLI-01189-000,interp,0.5,0.0,0,-2.0,23182,3151,16418,,,,,109
BraTS-GLI-01189-000,interp,0.5,0.0,0,0.0,22808,2586,16792,0,0,0,0,109
BraTS-GLI-01189-000,interp,0.5,0.0,0,2.0,22445,1971,17155,,,,,109
BraTS-GLI-01189-000,interp,0.5,0.0,1,-6.0,76154,1870,13659,,,,,109
BraTS-GLI-01189-000,interp,0.5,0.0,1,-4.02,75251,1543,14562,,,,,109
BraTS-GLI-01189-000,interp,0.5,0.0,1,-2.0,74317,1234,15496,,,,,109
BraTS-GLI-01189-000,interp,0.5,0.0,1,0.0,73315,978,16498,,,,,109
BraTS-GLI-01189-000,interp,0.5,0.0,1,2.0,72117,732,17696,,,,,109
BraTS-GLI-01189-000,interp,0.5,0.0,2,-6.0,109152,21117,5559,,,,,109
BraTS-GLI-01189-000,interp,0.5,0.0,2,-4.02,108565,16519,6146,,,,,109
BraTS-GLI-01189-000,interp,0.5,0.0,2,-2.0,107888,12706,6823,,,,,109
BraTS-GLI-01189-000,interp,0.5,0.0,2,0.0,107103,9626,7608,,,,,109
BraTS-GLI-01189-000,interp,0.5,0.0,2,2.0,106191,7227,8520,,,,,109
BraTS-GLI-01189-000,interp,1.0,0.0,0,-6.0,24486,5438,15114,,,,,109
BraTS-GLI-01189-000,interp,1.0,0.0,0,-4.02,24023,4588,15577,0,0,0,3,109
BraTS-GLI-01189-000,interp,1.0,0.0,0,-2.0,23605,3842,15995,,,,,109
BraTS-GLI-01189-000,interp,1.0,0.0,0,0.0,23247,3169,16353,0,0,0,2,109
BraTS-GLI-01189-000,interp,1.0,0.0,0,2.0,22880,2515,16720,,,,,109
BraTS-GLI-01189-000,interp,1.0,0.0,1,-6.0,78555,3087,11258,,,,,109
BraTS-GLI-01189-000,interp,1.0,0.0,1,-4.02,77762,2568,12051,,,,,109
BraTS-GLI-01189-000,interp,1.0,0.0,1,-2.0,76901,2102,12912,,,,,109
BraTS-GLI-01189-000,interp,1.0,0.0,1,0.0,75956,1707,13857,,,,,109
BraTS-GLI-01189-000,interp,1.0,0.0,1,2.0,74897,1360,14916,,,,,109
BraTS-GLI-01189-000,interp,1.0,0.0,2,-6.0,110401,26980,4310,,,,,109
BraTS-GLI-01189-000,interp,1.0,0.0,2,-4.02,109839,21411,4872,,,,,109
BraTS-GLI-01189-000,interp,1.0,0.0,2,-2.0,109199,16739,5512,,,,,109
BraTS-GLI-01189-000,interp,1.0,0.0,2,0.0,108464,13005,6247,,,,,109
BraTS-GLI-01189-000,interp,1.0,0.0,2,2.0,107601,9920,7110,,,,,109
BraTS-GLI-01189-000,global,0.5,0.0,0,-6.0,24708,5747,14892,,,,,109
BraTS-GLI-01189-000,global,0.5,0.0,0,-4.02,24235,4875,15365,0,0,0,3,109
BraTS-GLI-01189-000,global,0.5,0.0,0,-2.0,23802,4084,15798,,,,,109
BraTS-GLI-01189-000,global,0.5,0.0,0,0.0,23443,3363,16157,0,0,0,3,109
BraTS-GLI-01189-000,global,0.5,0.0,0,2.0,23061,2618,16539,,,,,109
BraTS-GLI-01189-000,global,0.5,0.0,1,-6.0,80345,4346,9468,,,,,109
BraTS-GLI-01189-000,global,0.5,0.0,1,-4.02,79628,3698,10185,,,,,109
BraTS-GLI-01189-000,global,0.5,0.0,1,-2.0,78856,3082,10957,,,,,109
BraTS-GLI-01189-000,global,0.5,0.0,1,0.0,78045,2531,11768,,,,,109
BraTS-GLI-01189-000,global,0.5,0.0,1,2.0,76996,2045,12817,,,,,109
BraTS-GLI-01189-000,global,0.5,0.0,2,-6.0,110766,28267,3945,,,,,109
BraTS-GLI-01189-000,global,0.5,0.0,2,-4.02,110244,22497,4467,,,,,109
BraTS-GLI-01189-000,global,0.5,0.0,2,-2.0,109635,17748,5076,,,,,109
BraTS-GLI-01189-000,global,0.5,0.0,2,0.0,108977,13850,5734,,,,,109
BraTS-GLI-01189-000,global,0.5,0.0,2,2.0,108186,10654,6525,,,,,109
BraTS-GLI-01189-000,global,1.0,0.0,0,-6.0,25137,13604,14463,,,,,109
BraTS-GLI-01189-000,global,1.0,0.0,0,-4.02,24596,10462,15004,0,0,0,18,109
BraTS-GLI-01189-000,global,1.0,0.0,0,-2.0,24134,8134,15466,,,,,109
BraTS-GLI-01189-000,global,1.0,0.0,0,0.0,23718,6484,15882,0,0,0,8,109
BraTS-GLI-01189-000,global,1.0,0.0,0,2.0,23314,5182,16286,,,,,109
BraTS-GLI-01189-000,global,1.0,0.0,1,-6.0,85140,46106,4673,,,,,109
BraTS-GLI-01189-000,global,1.0,0.0,1,-4.02,84502,41585,5311,,,,,109
BraTS-GLI-01189-000,global,1.0,0.0,1,-2.0,83817,36696,5996,,,,,109
BraTS-GLI-01189-000,global,1.0,0.0,1,0.0,83076,30993,6737,,,,,109
BraTS-GLI-01189-000,global,1.0,0.0,1,2.0,82155,23303,7658,,,,,109
BraTS-GLI-01189-000,global,1.0,0.0,2,-6.0,113758,77328,953,,,,,109
BraTS-GLI-01189-000,global,1.0,0.0,2,-4.02,113552,69128,1159,,,,,109
BraTS-GLI-01189-000,global,1.0,0.0,2,-2.0,113290,61381,1421,,,,,109
BraTS-GLI-01189-000,global,1.0,0.0,2,0.0,112936,54126,1775,,,,,109
BraTS-GLI-01189-000,global,1.0,0.0,2,2.0,112512,46972,2199,,,,,109
BraTS-GLI-01189-000,dilate,0.0,0.0,0,-6.0,25943,15468,13657,,,,,109
BraTS-GLI-01189-000,dilate,0.0,0.0,0,-4.02,25621,14546,13979,0,0,0,1,109
BraTS-GLI-01189-000,dilate,0.0,0.0,0,-2.0,25300,13705,14300,,,,,109
BraTS-GLI-01189-000,dilate,0.0,0.0,0,0.0,25047,12997,14553,0,0,0,0,109
BraTS-GLI-01189-000,dilate,0.0,0.0,0,2.0,24765,12247,14835,,,,,109
BraTS-GLI-01189-000,dilate,0.0,0.0,1,-6.0,73292,1232,16521,,,,,109
BraTS-GLI-01189-000,dilate,0.0,0.0,1,-4.02,72324,963,17489,,,,,109
BraTS-GLI-01189-000,dilate,0.0,0.0,1,-2.0,71258,728,18555,,,,,109
BraTS-GLI-01189-000,dilate,0.0,0.0,1,0.0,70117,570,19696,,,,,109
BraTS-GLI-01189-000,dilate,0.0,0.0,1,2.0,68864,416,20949,,,,,109
BraTS-GLI-01189-000,dilate,0.0,0.0,2,-6.0,107523,17656,7188,,,,,109
BraTS-GLI-01189-000,dilate,0.0,0.0,2,-4.02,106889,13617,7822,,,,,109
BraTS-GLI-01189-000,dilate,0.0,0.0,2,-2.0,106151,10278,8560,,,,,109
BraTS-GLI-01189-000,dilate,0.0,0.0,2,0.0,105210,7599,9501,,,,,109
BraTS-GLI-01189-000,dilate,0.0,0.0,2,2.0,103983,5568,10728,,,,,109
BraTS-GLI-01189-000,boost,2.0,0.0,0,-6.0,23711,4651,15889,,,,,109
BraTS-GLI-01189-000,boost,2.0,0.0,0,-4.02,23232,3898,16368,0,0,0,2,109
BraTS-GLI-01189-000,boost,2.0,0.0,0,-2.0,22863,3211,16737,,,,,109
BraTS-GLI-01189-000,boost,2.0,0.0,0,0.0,22494,2638,17106,0,0,0,0,109
BraTS-GLI-01189-000,boost,2.0,0.0,0,2.0,22157,2124,17443,,,,,109
BraTS-GLI-01189-000,boost,2.0,0.0,1,-6.0,73292,1232,16521,,,,,109
BraTS-GLI-01189-000,boost,2.0,0.0,1,-4.02,72324,963,17489,,,,,109
BraTS-GLI-01189-000,boost,2.0,0.0,1,-2.0,71258,728,18555,,,,,109
BraTS-GLI-01189-000,boost,2.0,0.0,1,0.0,70117,570,19696,,,,,109
BraTS-GLI-01189-000,boost,2.0,0.0,1,2.0,68864,416,20949,,,,,109
BraTS-GLI-01189-000,boost,2.0,0.0,2,-6.0,107523,17656,7188,,,,,109
BraTS-GLI-01189-000,boost,2.0,0.0,2,-4.02,106889,13617,7822,,,,,109
BraTS-GLI-01189-000,boost,2.0,0.0,2,-2.0,106151,10278,8560,,,,,109
BraTS-GLI-01189-000,boost,2.0,0.0,2,0.0,105210,7599,9501,,,,,109
BraTS-GLI-01189-000,boost,2.0,0.0,2,2.0,103983,5568,10728,,,,,109
BraTS-GLI-01189-000,boost,4.0,0.0,0,-6.0,24052,5501,15548,,,,,109
BraTS-GLI-01189-000,boost,4.0,0.0,0,-4.02,23545,4598,16055,0,0,0,1,109
BraTS-GLI-01189-000,boost,4.0,0.0,0,-2.0,23106,3850,16494,,,,,109
BraTS-GLI-01189-000,boost,4.0,0.0,0,0.0,22779,3179,16821,0,0,0,0,109
BraTS-GLI-01189-000,boost,4.0,0.0,0,2.0,22425,2608,17175,,,,,109
BraTS-GLI-01189-000,boost,4.0,0.0,1,-6.0,73292,1232,16521,,,,,109
BraTS-GLI-01189-000,boost,4.0,0.0,1,-4.02,72324,963,17489,,,,,109
BraTS-GLI-01189-000,boost,4.0,0.0,1,-2.0,71258,728,18555,,,,,109
BraTS-GLI-01189-000,boost,4.0,0.0,1,0.0,70117,570,19696,,,,,109
BraTS-GLI-01189-000,boost,4.0,0.0,1,2.0,68864,416,20949,,,,,109
BraTS-GLI-01189-000,boost,4.0,0.0,2,-6.0,107523,17656,7188,,,,,109
BraTS-GLI-01189-000,boost,4.0,0.0,2,-4.02,106889,13617,7822,,,,,109
BraTS-GLI-01189-000,boost,4.0,0.0,2,-2.0,106151,10278,8560,,,,,109
BraTS-GLI-01189-000,boost,4.0,0.0,2,0.0,105210,7599,9501,,,,,109
BraTS-GLI-01189-000,boost,4.0,0.0,2,2.0,103983,5568,10728,,,,,109
BraTS-GLI-00250-000,none,0.0,0.0,0,-6.0,13657,721,337,,,,,172
BraTS-GLI-00250-000,none,0.0,0.0,0,-4.02,13606,592,388,0,1,0,0,172
BraTS-GLI-00250-000,none,0.0,0.0,0,-2.0,13548,487,446,,,,,172
BraTS-GLI-00250-000,none,0.0,0.0,0,0.0,13487,395,507,0,1,0,0,172
BraTS-GLI-00250-000,none,0.0,0.0,0,2.0,13404,302,590,,,,,172
BraTS-GLI-00250-000,none,0.0,0.0,1,-6.0,14213,611,302,,,,,172
BraTS-GLI-00250-000,none,0.0,0.0,1,-4.02,14156,491,359,,,,,172
BraTS-GLI-00250-000,none,0.0,0.0,1,-2.0,14089,388,426,,,,,172
BraTS-GLI-00250-000,none,0.0,0.0,1,0.0,14040,303,475,,,,,172
BraTS-GLI-00250-000,none,0.0,0.0,1,2.0,13963,228,552,,,,,172
BraTS-GLI-00250-000,none,0.0,0.0,2,-6.0,96726,5683,7288,,,,,172
BraTS-GLI-00250-000,none,0.0,0.0,2,-4.02,95990,4558,8024,,,,,172
BraTS-GLI-00250-000,none,0.0,0.0,2,-2.0,95280,3524,8734,,,,,172
BraTS-GLI-00250-000,none,0.0,0.0,2,0.0,94519,2682,9495,,,,,172
BraTS-GLI-00250-000,none,0.0,0.0,2,2.0,93656,1932,10358,,,,,172
BraTS-GLI-00250-000,pspds,0.5,0.0,0,-6.0,13668,735,326,,,,,172
BraTS-GLI-00250-000,pspds,0.5,0.0,0,-4.02,13626,597,368,0,1,0,0,172
BraTS-GLI-00250-000,pspds,0.5,0.0,0,-2.0,13568,505,426,,,,,172
BraTS-GLI-00250-000,pspds,0.5,0.0,0,0.0,13500,411,494,0,1,0,0,172
BraTS-GLI-00250-000,pspds,0.5,0.0,0,2.0,13426,309,568,,,,,172
BraTS-GLI-00250-000,pspds,0.5,0.0,1,-6.0,14220,621,295,,,,,172
BraTS-GLI-00250-000,pspds,0.5,0.0,1,-4.02,14171,505,344,,,,,172
BraTS-GLI-00250-000,pspds,0.5,0.0,1,-2.0,14112,402,403,,,,,172
BraTS-GLI-00250-000,pspds,0.5,0.0,1,0.0,14052,323,463,,,,,172
BraTS-GLI-00250-000,pspds,0.5,0.0,1,2.0,13981,243,534,,,,,172
BraTS-GLI-00250-000,pspds,0.5,0.0,2,-6.0,96761,5726,7253,,,,,172
BraTS-GLI-00250-000,pspds,0.5,0.0,2,-4.02,96039,4582,7975,,,,,172
BraTS-GLI-00250-000,pspds,0.5,0.0,2,-2.0,95329,3545,8685,,,,,172
BraTS-GLI-00250-000,pspds,0.5,0.0,2,0.0,94572,2689,9442,,,,,172
BraTS-GLI-00250-000,pspds,0.5,0.0,2,2.0,93726,1953,10288,,,,,172
BraTS-GLI-00250-000,pspds,0.5,1.0,0,-6.0,13666,729,328,,,,,172
BraTS-GLI-00250-000,pspds,0.5,1.0,0,-4.02,13615,596,379,0,1,0,0,172
BraTS-GLI-00250-000,pspds,0.5,1.0,0,-2.0,13559,496,435,,,,,172
BraTS-GLI-00250-000,pspds,0.5,1.0,0,0.0,13495,402,499,0,1,0,0,172
BraTS-GLI-00250-000,pspds,0.5,1.0,0,2.0,13415,305,579,,,,,172
BraTS-GLI-00250-000,pspds,0.5,1.0,1,-6.0,14217,616,298,,,,,172
BraTS-GLI-00250-000,pspds,0.5,1.0,1,-4.02,14160,496,355,,,,,172
BraTS-GLI-00250-000,pspds,0.5,1.0,1,-2.0,14100,394,415,,,,,172
BraTS-GLI-00250-000,pspds,0.5,1.0,1,0.0,14046,308,469,,,,,172
BraTS-GLI-00250-000,pspds,0.5,1.0,1,2.0,13973,234,542,,,,,172
BraTS-GLI-00250-000,pspds,0.5,1.0,2,-6.0,96744,5697,7270,,,,,172
BraTS-GLI-00250-000,pspds,0.5,1.0,2,-4.02,96016,4568,7998,,,,,172
BraTS-GLI-00250-000,pspds,0.5,1.0,2,-2.0,95298,3533,8716,,,,,172
BraTS-GLI-00250-000,pspds,0.5,1.0,2,0.0,94548,2686,9466,,,,,172
BraTS-GLI-00250-000,pspds,0.5,1.0,2,2.0,93682,1945,10332,,,,,172
BraTS-GLI-00250-000,pspds,1.0,0.0,0,-6.0,13679,744,315,,,,,172
BraTS-GLI-00250-000,pspds,1.0,0.0,0,-4.02,13633,611,361,0,1,0,0,172
BraTS-GLI-00250-000,pspds,1.0,0.0,0,-2.0,13585,523,409,,,,,172
BraTS-GLI-00250-000,pspds,1.0,0.0,0,0.0,13511,416,483,0,1,0,0,172
BraTS-GLI-00250-000,pspds,1.0,0.0,0,2.0,13437,323,557,,,,,172
BraTS-GLI-00250-000,pspds,1.0,0.0,1,-6.0,14227,637,288,,,,,172
BraTS-GLI-00250-000,pspds,1.0,0.0,1,-4.02,14184,526,331,,,,,172
BraTS-GLI-00250-000,pspds,1.0,0.0,1,-2.0,14126,417,389,,,,,172
BraTS-GLI-00250-000,pspds,1.0,0.0,1,0.0,14069,332,446,,,,,172
BraTS-GLI-00250-000,pspds,1.0,0.0,1,2.0,13996,259,519,,,,,172
BraTS-GLI-00250-000,pspds,1.0,0.0,2,-6.0,96797,5731,7217,,,,,172
BraTS-GLI-00250-000,pspds,1.0,0.0,2,-4.02,96072,4601,7942,,,,,172
BraTS-GLI-00250-000,pspds,1.0,0.0,2,-2.0,95367,3571,8647,,,,,172
BraTS-GLI-00250-000,pspds,1.0,0.0,2,0.0,94607,2702,9407,,,,,172
BraTS-GLI-00250-000,pspds,1.0,0.0,2,2.0,93797,1969,10217,,,,,172
BraTS-GLI-00250-000,pspds,1.0,1.0,0,-6.0,13667,733,327,,,,,172
BraTS-GLI-00250-000,pspds,1.0,1.0,0,-4.02,13624,597,370,0,1,0,0,172
BraTS-GLI-00250-000,pspds,1.0,1.0,0,-2.0,13565,500,429,,,,,172
BraTS-GLI-00250-000,pspds,1.0,1.0,0,0.0,13498,409,496,0,1,0,0,172
BraTS-GLI-00250-000,pspds,1.0,1.0,0,2.0,13423,307,571,,,,,172
BraTS-GLI-00250-000,pspds,1.0,1.0,1,-6.0,14220,620,295,,,,,172
BraTS-GLI-00250-000,pspds,1.0,1.0,1,-4.02,14163,501,352,,,,,172
BraTS-GLI-00250-000,pspds,1.0,1.0,1,-2.0,14107,397,408,,,,,172
BraTS-GLI-00250-000,pspds,1.0,1.0,1,0.0,14050,319,465,,,,,172
BraTS-GLI-00250-000,pspds,1.0,1.0,1,2.0,13978,240,537,,,,,172
BraTS-GLI-00250-000,pspds,1.0,1.0,2,-6.0,96762,5718,7252,,,,,172
BraTS-GLI-00250-000,pspds,1.0,1.0,2,-4.02,96034,4582,7980,,,,,172
BraTS-GLI-00250-000,pspds,1.0,1.0,2,-2.0,95321,3543,8693,,,,,172
BraTS-GLI-00250-000,pspds,1.0,1.0,2,0.0,94563,2689,9451,,,,,172
BraTS-GLI-00250-000,pspds,1.0,1.0,2,2.0,93712,1951,10302,,,,,172
BraTS-GLI-00250-000,interp,0.5,0.0,0,-6.0,13715,860,279,,,,,172
BraTS-GLI-00250-000,interp,0.5,0.0,0,-4.02,13675,700,319,0,1,0,2,172
BraTS-GLI-00250-000,interp,0.5,0.0,0,-2.0,13635,588,359,,,,,172
BraTS-GLI-00250-000,interp,0.5,0.0,0,0.0,13576,481,418,0,1,0,0,172
BraTS-GLI-00250-000,interp,0.5,0.0,0,2.0,13499,380,495,,,,,172
BraTS-GLI-00250-000,interp,0.5,0.0,1,-6.0,14264,773,251,,,,,172
BraTS-GLI-00250-000,interp,0.5,0.0,1,-4.02,14227,622,288,,,,,172
BraTS-GLI-00250-000,interp,0.5,0.0,1,-2.0,14179,497,336,,,,,172
BraTS-GLI-00250-000,interp,0.5,0.0,1,0.0,14125,389,390,,,,,172
BraTS-GLI-00250-000,interp,0.5,0.0,1,2.0,14059,314,456,,,,,172
BraTS-GLI-00250-000,interp,0.5,0.0,2,-6.0,97369,6831,6645,,,,,172
BraTS-GLI-00250-000,interp,0.5,0.0,2,-4.02,96714,5576,7300,,,,,172
BraTS-GLI-00250-000,interp,0.5,0.0,2,-2.0,96045,4418,7969,,,,,172
BraTS-GLI-00250-000,interp,0.5,0.0,2,0.0,95338,3435,8676,,,,,172
BraTS-GLI-00250-000,interp,0.5,0.0,2,2.0,94609,2589,9405,,,,,172
BraTS-GLI-00250-000,interp,1.0,0.0,0,-6.0,13790,1021,204,,,,,172
BraTS-GLI-00250-000,interp,1.0,0.0,0,-4.02,13736,884,258,15,1,1,2,172
BraTS-GLI-00250-000,interp,1.0,0.0,0,-2.0,13696,728,298,,,,,172
BraTS-GLI-00250-000,interp,1.0,0.0,0,0.0,13644,600,350,2,1,1,1,172
BraTS-GLI-00250-000,interp,1.0,0.0,0,2.0,13583,502,411,,,,,172
BraTS-GLI-00250-000,interp,1.0,0.0,1,-6.0,14333,1001,182,,,,,172
BraTS-GLI-00250-000,interp,1.0,0.0,1,-4.02,14283,828,232,,,,,172
BraTS-GLI-00250-000,interp,1.0,0.0,1,-2.0,14244,665,271,,,,,172
BraTS-GLI-00250-000,interp,1.0,0.0,1,0.0,14189,551,326,,,,,172
BraTS-GLI-00250-000,interp,1.0,0.0,1,2.0,14144,447,371,,,,,172
BraTS-GLI-00250-000,interp,1.0,0.0,2,-6.0,97854,8028,6160,,,,,172
BraTS-GLI-00250-000,interp,1.0,0.0,2,-4.02,97224,6655,6790,,,,,172
BraTS-GLI-00250-000,interp,1.0,0.0,2,-2.0,96609,5410,7405,,,,,172
BraTS-GLI-00250-000,interp,1.0,0.0,2,0.0,95938,4309,8076,,,,,172
BraTS-GLI-00250-000,interp,1.0,0.0,2,2.0,95201,3323,8813,,,,,172
BraTS-GLI-00250-000,global,0.5,0.0,0,-6.0,13768,1042,226,,,,,172
BraTS-GLI-00250-000,global,0.5,0.0,0,-4.02,13734,882,260,0,1,0,2,172
BraTS-GLI-00250-000,global,0.5,0.0,0,-2.0,13690,723,304,,,,,172
BraTS-GLI-00250-000,global,0.5,0.0,0,0.0,13642,581,352,0,1,0,1,172
BraTS-GLI-00250-000,global,0.5,0.0,0,2.0,13586,454,408,,,,,172
BraTS-GLI-00250-000,global,0.5,0.0,1,-6.0,14310,1008,205,,,,,172
BraTS-GLI-00250-000,global,0.5,0.0,1,-4.02,14281,812,234,,,,,172
BraTS-GLI-00250-000,global,0.5,0.0,1,-2.0,14243,658,272,,,,,172
BraTS-GLI-00250-000,global,0.5,0.0,1,0.0,14188,518,327,,,,,172
BraTS-GLI-00250-000,global,0.5,0.0,1,2.0,14136,403,379,,,,,172
BraTS-GLI-00250-000,global,0.5,0.0,2,-6.0,97898,8585,6116,,,,,172
BraTS-GLI-00250-000,global,0.5,0.0,2,-4.02,97247,7042,6767,,,,,172
BraTS-GLI-00250-000,global,0.5,0.0,2,-2.0,96640,5644,7374,,,,,172
BraTS-GLI-00250-000,global,0.5,0.0,2,0.0,95925,4463,8089,,,,,172
BraTS-GLI-00250-000,global,0.5,0.0,2,2.0,95178,3396,8836,,,,,172
BraTS-GLI-00250-000,global,1.0,0.0,0,-6.0,13915,2619,79,,,,,172
BraTS-GLI-00250-000,global,1.0,0.0,0,-4.02,13895,2158,99,69,1,1,9,172
BraTS-GLI-00250-000,global,1.0,0.0,0,-2.0,13867,1745,127,,,,,172
BraTS-GLI-00250-000,global,1.0,0.0,0,0.0,13825,1369,169,49,1,1,7,172
BraTS-GLI-00250-000,global,1.0,0.0,0,2.0,13778,1021,216,,,,,172
BraTS-GLI-00250-000,global,1.0,0.0,1,-6.0,14477,31057,38,,,,,172
BraTS-GLI-00250-000,global,1.0,0.0,1,-4.02,14467,27263,48,,,,,172
BraTS-GLI-00250-000,global,1.0,0.0,1,-2.0,14457,23361,58,,,,,172
BraTS-GLI-00250-000,global,1.0,0.0,1,0.0,14435,19277,80,,,,,172
BraTS-GLI-00250-000,global,1.0,0.0,1,2.0,14412,15034,103,,,,,172
BraTS-GLI-00250-000,global,1.0,0.0,2,-6.0,99407,24220,4607,,,,,172
BraTS-GLI-00250-000,global,1.0,0.0,2,-4.02,98916,21550,5098,,,,,172
BraTS-GLI-00250-000,global,1.0,0.0,2,-2.0,98397,19033,5617,,,,,172
BraTS-GLI-00250-000,global,1.0,0.0,2,0.0,97889,16626,6125,,,,,172
BraTS-GLI-00250-000,global,1.0,0.0,2,2.0,97313,14243,6701,,,,,172
BraTS-GLI-00250-000,dilate,0.0,0.0,0,-6.0,13861,6959,133,,,,,172
BraTS-GLI-00250-000,dilate,0.0,0.0,0,-4.02,13861,6695,133,0,1,0,0,172
BraTS-GLI-00250-000,dilate,0.0,0.0,0,-2.0,13857,6508,137,,,,,172
BraTS-GLI-00250-000,dilate,0.0,0.0,0,0.0,13856,6364,138,0,1,0,0,172
BraTS-GLI-00250-000,dilate,0.0,0.0,0,2.0,13851,6201,143,,,,,172
BraTS-GLI-00250-000,dilate,0.0,0.0,1,-6.0,14213,611,302,,,,,172
BraTS-GLI-00250-000,dilate,0.0,0.0,1,-4.02,14156,491,359,,,,,172
BraTS-GLI-00250-000,dilate,0.0,0.0,1,-2.0,14089,388,426,,,,,172
BraTS-GLI-00250-000,dilate,0.0,0.0,1,0.0,14040,303,475,,,,,172
BraTS-GLI-00250-000,dilate,0.0,0.0,1,2.0,13963,228,552,,,,,172
BraTS-GLI-00250-000,dilate,0.0,0.0,2,-6.0,96726,5683,7288,,,,,172
BraTS-GLI-00250-000,dilate,0.0,0.0,2,-4.02,95990,4558,8024,,,,,172
BraTS-GLI-00250-000,dilate,0.0,0.0,2,-2.0,95280,3524,8734,,,,,172
BraTS-GLI-00250-000,dilate,0.0,0.0,2,0.0,94519,2682,9495,,,,,172
BraTS-GLI-00250-000,dilate,0.0,0.0,2,2.0,93656,1932,10358,,,,,172
BraTS-GLI-00250-000,boost,2.0,0.0,0,-6.0,13701,845,293,,,,,172
BraTS-GLI-00250-000,boost,2.0,0.0,0,-4.02,13657,724,337,0,1,0,0,172
BraTS-GLI-00250-000,boost,2.0,0.0,0,-2.0,13605,592,389,,,,,172
BraTS-GLI-00250-000,boost,2.0,0.0,0,0.0,13548,487,446,0,1,0,0,172
BraTS-GLI-00250-000,boost,2.0,0.0,0,2.0,13486,395,508,,,,,172
BraTS-GLI-00250-000,boost,2.0,0.0,1,-6.0,14213,611,302,,,,,172
BraTS-GLI-00250-000,boost,2.0,0.0,1,-4.02,14156,491,359,,,,,172
BraTS-GLI-00250-000,boost,2.0,0.0,1,-2.0,14089,388,426,,,,,172
BraTS-GLI-00250-000,boost,2.0,0.0,1,0.0,14040,303,475,,,,,172
BraTS-GLI-00250-000,boost,2.0,0.0,1,2.0,13963,228,552,,,,,172
BraTS-GLI-00250-000,boost,2.0,0.0,2,-6.0,96726,5683,7288,,,,,172
BraTS-GLI-00250-000,boost,2.0,0.0,2,-4.02,95990,4558,8024,,,,,172
BraTS-GLI-00250-000,boost,2.0,0.0,2,-2.0,95280,3524,8734,,,,,172
BraTS-GLI-00250-000,boost,2.0,0.0,2,0.0,94519,2682,9495,,,,,172
BraTS-GLI-00250-000,boost,2.0,0.0,2,2.0,93656,1932,10358,,,,,172
BraTS-GLI-00250-000,boost,4.0,0.0,0,-6.0,13742,999,252,,,,,172
BraTS-GLI-00250-000,boost,4.0,0.0,0,-4.02,13701,847,293,0,1,0,1,172
BraTS-GLI-00250-000,boost,4.0,0.0,0,-2.0,13657,721,337,,,,,172
BraTS-GLI-00250-000,boost,4.0,0.0,0,0.0,13605,592,389,0,1,0,0,172
BraTS-GLI-00250-000,boost,4.0,0.0,0,2.0,13547,487,447,,,,,172
BraTS-GLI-00250-000,boost,4.0,0.0,1,-6.0,14213,611,302,,,,,172
BraTS-GLI-00250-000,boost,4.0,0.0,1,-4.02,14156,491,359,,,,,172
BraTS-GLI-00250-000,boost,4.0,0.0,1,-2.0,14089,388,426,,,,,172
BraTS-GLI-00250-000,boost,4.0,0.0,1,0.0,14040,303,475,,,,,172
BraTS-GLI-00250-000,boost,4.0,0.0,1,2.0,13963,228,552,,,,,172
BraTS-GLI-00250-000,boost,4.0,0.0,2,-6.0,96726,5683,7288,,,,,172
BraTS-GLI-00250-000,boost,4.0,0.0,2,-4.02,95990,4558,8024,,,,,172
BraTS-GLI-00250-000,boost,4.0,0.0,2,-2.0,95280,3524,8734,,,,,172
BraTS-GLI-00250-000,boost,4.0,0.0,2,0.0,94519,2682,9495,,,,,172
BraTS-GLI-00250-000,boost,4.0,0.0,2,2.0,93656,1932,10358,,,,,172
BraTS-GLI-01093-000,none,0.0,0.0,0,-6.0,36654,3520,266,,,,,524
BraTS-GLI-01093-000,none,0.0,0.0,0,-4.02,36550,3024,370,0,0,0,0,524
BraTS-GLI-01093-000,none,0.0,0.0,0,-2.0,36451,2544,469,,,,,524
BraTS-GLI-01093-000,none,0.0,0.0,0,0.0,36295,2079,625,0,0,0,0,524
BraTS-GLI-01093-000,none,0.0,0.0,0,2.0,36114,1647,806,,,,,524
BraTS-GLI-01093-000,none,0.0,0.0,1,-6.0,40675,2765,134,,,,,524
BraTS-GLI-01093-000,none,0.0,0.0,1,-4.02,40613,2276,196,,,,,524
BraTS-GLI-01093-000,none,0.0,0.0,1,-2.0,40513,1846,296,,,,,524
BraTS-GLI-01093-000,none,0.0,0.0,1,0.0,40438,1532,371,,,,,524
BraTS-GLI-01093-000,none,0.0,0.0,1,2.0,40289,1266,520,,,,,524
BraTS-GLI-01093-000,none,0.0,0.0,2,-6.0,156558,6834,1848,,,,,524
BraTS-GLI-01093-000,none,0.0,0.0,2,-4.02,155709,5186,2697,,,,,524
BraTS-GLI-01093-000,none,0.0,0.0,2,-2.0,154583,3805,3823,,,,,524
BraTS-GLI-01093-000,none,0.0,0.0,2,0.0,153190,2654,5216,,,,,524
BraTS-GLI-01093-000,none,0.0,0.0,2,2.0,151352,1726,7054,,,,,524
BraTS-GLI-01093-000,pspds,0.5,0.0,0,-6.0,36670,3618,250,,,,,524
BraTS-GLI-01093-000,pspds,0.5,0.0,0,-4.02,36564,3104,356,0,0,0,0,524
BraTS-GLI-01093-000,pspds,0.5,0.0,0,-2.0,36471,2616,449,,,,,524
BraTS-GLI-01093-000,pspds,0.5,0.0,0,0.0,36330,2148,590,0,0,0,0,524
BraTS-GLI-01093-000,pspds,0.5,0.0,0,2.0,36170,1717,750,,,,,524
BraTS-GLI-01093-000,pspds,0.5,0.0,1,-6.0,40687,2885,122,,,,,524
BraTS-GLI-01093-000,pspds,0.5,0.0,1,-4.02,40628,2398,181,,,,,524
BraTS-GLI-01093-000,pspds,0.5,0.0,1,-2.0,40539,1976,270,,,,,524
BraTS-GLI-01093-000,pspds,0.5,0.0,1,0.0,40450,1634,359,,,,,524
BraTS-GLI-01093-000,pspds,0.5,0.0,1,2.0,40326,1365,483,,,,,524
BraTS-GLI-01093-000,pspds,0.5,0.0,2,-6.0,156598,6930,1808,,,,,524
BraTS-GLI-01093-000,pspds,0.5,0.0,2,-4.02,155756,5273,2650,,,,,524
BraTS-GLI-01093-000,pspds,0.5,0.0,2,-2.0,154664,3880,3742,,,,,524
BraTS-GLI-01093-000,pspds,0.5,0.0,2,0.0,153285,2716,5121,,,,,524
BraTS-GLI-01093-000,pspds,0.5,0.0,2,2.0,151474,1790,6932,,,,,524
BraTS-GLI-01093-000,pspds,0.5,1.0,0,-6.0,36660,3562,260,,,,,524
BraTS-GLI-01093-000,pspds,0.5,1.0,0,-4.02,36556,3053,364,0,0,0,0,524
BraTS-GLI-01093-000,pspds,0.5,1.0,0,-2.0,36460,2577,460,,,,,524
BraTS-GLI-01093-000,pspds,0.5,1.0,0,0.0,36315,2108,605,0,0,0,0,524
BraTS-GLI-01093-000,pspds,0.5,1.0,0,2.0,36139,1682,781,,,,,524
BraTS-GLI-01093-000,pspds,0.5,1.0,1,-6.0,40682,2815,127,,,,,524
BraTS-GLI-01093-000,pspds,0.5,1.0,1,-4.02,40619,2325,190,,,,,524
BraTS-GLI-01093-000,pspds,0.5,1.0,1,-2.0,40528,1906,281,,,,,524
BraTS-GLI-01093-000,pspds,0.5,1.0,1,0.0,40443,1574,366,,,,,524
BraTS-GLI-01093-000,pspds,0.5,1.0,1,2.0,40307,1309,502,,,,,524
BraTS-GLI-01093-000,pspds,0.5,1.0,2,-6.0,156570,6866,1836,,,,,524
BraTS-GLI-01093-000,pspds,0.5,1.0,2,-4.02,155732,5217,2674,,,,,524
BraTS-GLI-01093-000,pspds,0.5,1.0,2,-2.0,154609,3833,3797,,,,,524
BraTS-GLI-01093-000,pspds,0.5,1.0,2,0.0,153236,2672,5170,,,,,524
BraTS-GLI-01093-000,pspds,0.5,1.0,2,2.0,151402,1745,7004,,,,,524
BraTS-GLI-01093-000,pspds,1.0,0.0,0,-6.0,36685,3695,235,,,,,524
BraTS-GLI-01093-000,pspds,1.0,0.0,0,-4.02,36583,3175,337,0,0,0,0,524
BraTS-GLI-01093-000,pspds,1.0,0.0,0,-2.0,36493,2687,427,,,,,524
BraTS-GLI-01093-000,pspds,1.0,0.0,0,0.0,36354,2212,566,0,0,0,0,524
BraTS-GLI-01093-000,pspds,1.0,0.0,0,2.0,36204,1783,716,,,,,524
BraTS-GLI-01093-000,pspds,1.0,0.0,1,-6.0,40694,3013,115,,,,,524
BraTS-GLI-01093-000,pspds,1.0,0.0,1,-4.02,40640,2510,169,,,,,524
BraTS-GLI-01093-000,pspds,1.0,0.0,1,-2.0,40547,2087,262,,,,,524
BraTS-GLI-01093-000,pspds,1.0,0.0,1,0.0,40466,1737,343,,,,,524
BraTS-GLI-01093-000,pspds,1.0,0.0,1,2.0,40356,1439,453,,,,,524
BraTS-GLI-01093-000,pspds,1.0,0.0,2,-6.0,156630,7011,1776,,,,,524
BraTS-GLI-01093-000,pspds,1.0,0.0,2,-4.02,155807,5385,2599,,,,,524
BraTS-GLI-01093-000,pspds,1.0,0.0,2,-2.0,154719,3970,3687,,,,,524
BraTS-GLI-01093-000,pspds,1.0,0.0,2,0.0,153353,2777,5053,,,,,524
BraTS-GLI-01093-000,pspds,1.0,0.0,2,2.0,151578,1843,6828,,,,,524
BraTS-GLI-01093-000,pspds,1.0,1.0,0,-6.0,36669,3604,251,,,,,524
BraTS-GLI-01093-000,pspds,1.0,1.0,0,-4.02,36561,3089,359,0,0,0,0,524
BraTS-GLI-01093-000,pspds,1.0,1.0,0,-2.0,36469,2603,451,,,,,524
BraTS-GLI-01093-000,pspds,1.0,1.0,0,0.0,36324,2135,596,0,0,0,0,524
BraTS-GLI-01093-000,pspds,1.0,1.0,0,2.0,36161,1708,759,,,,,524
BraTS-GLI-01093-000,pspds,1.0,1.0,1,-6.0,40683,2866,126,,,,,524
BraTS-GLI-01093-000,pspds,1.0,1.0,1,-4.02,40627,2380,182,,,,,524
BraTS-GLI-01093-000,pspds,1.0,1.0,1,-2.0,40535,1957,274,,,,,524
BraTS-GLI-01093-000,pspds,1.0,1.0,1,0.0,40448,1617,361,,,,,524
BraTS-GLI-01093-000,pspds,1.0,1.0,1,2.0,40321,1347,488,,,,,524
BraTS-GLI-01093-000,pspds,1.0,1.0,2,-6.0,156586,6909,1820,,,,,524
BraTS-GLI-01093-000,pspds,1.0,1.0,2,-4.02,155748,5251,2658,,,,,524
BraTS-GLI-01093-000,pspds,1.0,1.0,2,-2.0,154643,3858,3763,,,,,524
BraTS-GLI-01093-000,pspds,1.0,1.0,2,0.0,153269,2696,5137,,,,,524
BraTS-GLI-01093-000,pspds,1.0,1.0,2,2.0,151452,1769,6954,,,,,524
BraTS-GLI-01093-000,interp,0.5,0.0,0,-6.0,36732,4062,188,,,,,524
BraTS-GLI-01093-000,interp,0.5,0.0,0,-4.02,36656,3497,264,0,0,0,0,524
BraTS-GLI-01093-000,interp,0.5,0.0,0,-2.0,36563,2959,357,,,,,524
BraTS-GLI-01093-000,interp,0.5,0.0,0,0.0,36415,2454,505,0,0,0,0,524
BraTS-GLI-01093-000,interp,0.5,0.0,0,2.0,36277,1966,643,,,,,524
BraTS-GLI-01093-000,interp,0.5,0.0,1,-6.0,40720,3449,89,,,,,524
BraTS-GLI-01093-000,interp,0.5,0.0,1,-4.02,40673,2930,136,,,,,524
BraTS-GLI-01093-000,interp,0.5,0.0,1,-2.0,40610,2434,199,,,,,524
BraTS-GLI-01093-000,interp,0.5,0.0,1,0.0,40522,2052,287,,,,,524
BraTS-GLI-01093-000,interp,0.5,0.0,1,2.0,40423,1694,386,,,,,524
BraTS-GLI-01093-000,interp,0.5,0.0,2,-6.0,157208,9035,1198,,,,,524
BraTS-GLI-01093-000,interp,0.5,0.0,2,-4.02,156552,7108,1854,,,,,524
BraTS-GLI-01093-000,interp,0.5,0.0,2,-2.0,155670,5398,2736,,,,,524
BraTS-GLI-01093-000,interp,0.5,0.0,2,0.0,154441,3901,3965,,,,,524
BraTS-GLI-01093-000,interp,0.5,0.0,2,2.0,152862,2652,5544,,,,,524
BraTS-GLI-01093-000,interp,1.0,0.0,0,-6.0,36775,4718,145,,,,,524
BraTS-GLI-01093-000,interp,1.0,0.0,0,-4.02,36723,4133,197,0,0,0,0,524
BraTS-GLI-01093-000,interp,1.0,0.0,0,-2.0,36637,3510,283,,,,,524
BraTS-GLI-01093-000,interp,1.0,0.0,0,0.0,36525,2948,395,0,0,0,0,524
BraTS-GLI-01093-000,interp,1.0,0.0,0,2.0,36372,2395,548,,,,,524
BraTS-GLI-01093-000,interp,1.0,0.0,1,-6.0,40751,6943,58,,,,,524
BraTS-GLI-01093-000,interp,1.0,0.0,1,-4.02,40708,6022,101,,,,,524
BraTS-GLI-01093-000,interp,1.0,0.0,1,-2.0,40667,5220,142,,,,,524
BraTS-GLI-01093-000,interp,1.0,0.0,1,0.0,40594,4429,215,,,,,524
BraTS-GLI-01093-000,interp,1.0,0.0,1,2.0,40512,3758,297,,,,,524
BraTS-GLI-01093-000,interp,1.0,0.0,2,-6.0,157554,11088,852,,,,,524
BraTS-GLI-01093-000,interp,1.0,0.0,2,-4.02,156999,8986,1407,,,,,524
BraTS-GLI-01093-000,interp,1.0,0.0,2,-2.0,156273,7057,2133,,,,,524
BraTS-GLI-01093-000,interp,1.0,0.0,2,0.0,155256,5319,3150,,,,,524
BraTS-GLI-01093-000,interp,1.0,0.0,2,2.0,153852,3746,4554,,,,,524
BraTS-GLI-01093-000,global,0.5,0.0,0,-6.0,36812,5206,108,,,,,524
BraTS-GLI-01093-000,global,0.5,0.0,0,-4.02,36756,4539,164,0,0,0,0,524
BraTS-GLI-01093-000,global,0.5,0.0,0,-2.0,36690,3881,230,,,,,524
BraTS-GLI-01093-000,global,0.5,0.0,0,0.0,36572,3282,348,0,0,0,0,524
BraTS-GLI-01093-000,global,0.5,0.0,0,2.0,36449,2706,471,,,,,524
BraTS-GLI-01093-000,global,0.5,0.0,1,-6.0,40771,8602,38,,,,,524
BraTS-GLI-01093-000,global,0.5,0.0,1,-4.02,40738,7633,71,,,,,524
BraTS-GLI-01093-000,global,0.5,0.0,1,-2.0,40702,6679,107,,,,,524
BraTS-GLI-01093-000,global,0.5,0.0,1,0.0,40649,5784,160,,,,,524
BraTS-GLI-01093-000,global,0.5,0.0,1,2.0,40565,4932,244,,,,,524
BraTS-GLI-01093-000,global,0.5,0.0,2,-6.0,157610,11368,796,,,,,524
BraTS-GLI-01093-000,global,0.5,0.0,2,-4.02,157102,9213,1304,,,,,524
BraTS-GLI-01093-000,global,0.5,0.0,2,-2.0,156366,7206,2040,,,,,524
BraTS-GLI-01093-000,global,0.5,0.0,2,0.0,155363,5445,3043,,,,,524
BraTS-GLI-01093-000,global,0.5,0.0,2,2.0,153954,3833,4452,,,,,524
BraTS-GLI-01093-000,global,1.0,0.0,0,-6.0,36860,8338,60,,,,,524
BraTS-GLI-01093-000,global,1.0,0.0,0,-4.02,36821,6846,99,0,0,0,9,524
BraTS-GLI-01093-000,global,1.0,0.0,0,-2.0,36777,5590,143,,,,,524
BraTS-GLI-01093-000,global,1.0,0.0,0,0.0,36694,4546,226,0,0,0,4,524
BraTS-GLI-01093-000,global,1.0,0.0,0,2.0,36570,3625,350,,,,,524
BraTS-GLI-01093-000,global,1.0,0.0,1,-6.0,40801,81810,8,,,,,524
BraTS-GLI-01093-000,global,1.0,0.0,1,-4.02,40790,77893,19,,,,,524
BraTS-GLI-01093-000,global,1.0,0.0,1,-2.0,40781,73879,28,,,,,524
BraTS-GLI-01093-000,global,1.0,0.0,1,0.0,40763,69770,46,,,,,524
BraTS-GLI-01093-000,global,1.0,0.0,1,2.0,40739,65210,70,,,,,524
BraTS-GLI-01093-000,global,1.0,0.0,2,-6.0,158006,25401,400,,,,,524
BraTS-GLI-01093-000,global,1.0,0.0,2,-4.02,157737,22589,669,,,,,524
BraTS-GLI-01093-000,global,1.0,0.0,2,-2.0,157320,19973,1086,,,,,524
BraTS-GLI-01093-000,global,1.0,0.0,2,0.0,156741,17760,1665,,,,,524
BraTS-GLI-01093-000,global,1.0,0.0,2,2.0,156007,15608,2399,,,,,524
BraTS-GLI-01093-000,dilate,0.0,0.0,0,-6.0,36920,14338,0,,,,,524
BraTS-GLI-01093-000,dilate,0.0,0.0,0,-4.02,36920,13837,0,0,0,0,0,524
BraTS-GLI-01093-000,dilate,0.0,0.0,0,-2.0,36920,13430,0,,,,,524
BraTS-GLI-01093-000,dilate,0.0,0.0,0,0.0,36920,12970,0,0,0,0,0,524
BraTS-GLI-01093-000,dilate,0.0,0.0,0,2.0,36920,12497,0,,,,,524
BraTS-GLI-01093-000,dilate,0.0,0.0,1,-6.0,40675,2765,134,,,,,524
BraTS-GLI-01093-000,dilate,0.0,0.0,1,-4.02,40613,2276,196,,,,,524
BraTS-GLI-01093-000,dilate,0.0,0.0,1,-2.0,40513,1846,296,,,,,524
BraTS-GLI-01093-000,dilate,0.0,0.0,1,0.0,40438,1532,371,,,,,524
BraTS-GLI-01093-000,dilate,0.0,0.0,1,2.0,40289,1266,520,,,,,524
BraTS-GLI-01093-000,dilate,0.0,0.0,2,-6.0,156558,6834,1848,,,,,524
BraTS-GLI-01093-000,dilate,0.0,0.0,2,-4.02,155709,5186,2697,,,,,524
BraTS-GLI-01093-000,dilate,0.0,0.0,2,-2.0,154583,3805,3823,,,,,524
BraTS-GLI-01093-000,dilate,0.0,0.0,2,0.0,153190,2654,5216,,,,,524
BraTS-GLI-01093-000,dilate,0.0,0.0,2,2.0,151352,1726,7054,,,,,524
BraTS-GLI-01093-000,boost,2.0,0.0,0,-6.0,36731,4114,189,,,,,524
BraTS-GLI-01093-000,boost,2.0,0.0,0,-4.02,36655,3526,265,0,0,0,0,524
BraTS-GLI-01093-000,boost,2.0,0.0,0,-2.0,36550,3017,370,,,,,524
BraTS-GLI-01093-000,boost,2.0,0.0,0,0.0,36451,2544,469,0,0,0,0,524
BraTS-GLI-01093-000,boost,2.0,0.0,0,2.0,36295,2079,625,,,,,524
BraTS-GLI-01093-000,boost,2.0,0.0,1,-6.0,40675,2765,134,,,,,524
BraTS-GLI-01093-000,boost,2.0,0.0,1,-4.02,40613,2276,196,,,,,524
BraTS-GLI-01093-000,boost,2.0,0.0,1,-2.0,40513,1846,296,,,,,524
BraTS-GLI-01093-000,boost,2.0,0.0,1,0.0,40438,1532,371,,,,,524
BraTS-GLI-01093-000,boost,2.0,0.0,1,2.0,40289,1266,520,,,,,524
BraTS-GLI-01093-000,boost,2.0,0.0,2,-6.0,156558,6834,1848,,,,,524
BraTS-GLI-01093-000,boost,2.0,0.0,2,-4.02,155709,5186,2697,,,,,524
BraTS-GLI-01093-000,boost,2.0,0.0,2,-2.0,154583,3805,3823,,,,,524
BraTS-GLI-01093-000,boost,2.0,0.0,2,0.0,153190,2654,5216,,,,,524
BraTS-GLI-01093-000,boost,2.0,0.0,2,2.0,151352,1726,7054,,,,,524
BraTS-GLI-01093-000,boost,4.0,0.0,0,-6.0,36799,4741,121,,,,,524
BraTS-GLI-01093-000,boost,4.0,0.0,0,-4.02,36734,4119,186,0,0,0,0,524
BraTS-GLI-01093-000,boost,4.0,0.0,0,-2.0,36654,3520,266,,,,,524
BraTS-GLI-01093-000,boost,4.0,0.0,0,0.0,36550,3017,370,0,0,0,0,524
BraTS-GLI-01093-000,boost,4.0,0.0,0,2.0,36451,2544,469,,,,,524
BraTS-GLI-01093-000,boost,4.0,0.0,1,-6.0,40675,2765,134,,,,,524
BraTS-GLI-01093-000,boost,4.0,0.0,1,-4.02,40613,2276,196,,,,,524
BraTS-GLI-01093-000,boost,4.0,0.0,1,-2.0,40513,1846,296,,,,,524
BraTS-GLI-01093-000,boost,4.0,0.0,1,0.0,40438,1532,371,,,,,524
BraTS-GLI-01093-000,boost,4.0,0.0,1,2.0,40289,1266,520,,,,,524
BraTS-GLI-01093-000,boost,4.0,0.0,2,-6.0,156558,6834,1848,,,,,524
BraTS-GLI-01093-000,boost,4.0,0.0,2,-4.02,155709,5186,2697,,,,,524
BraTS-GLI-01093-000,boost,4.0,0.0,2,-2.0,154583,3805,3823,,,,,524
BraTS-GLI-01093-000,boost,4.0,0.0,2,0.0,153190,2654,5216,,,,,524
BraTS-GLI-01093-000,boost,4.0,0.0,2,2.0,151352,1726,7054,,,,,524
BraTS-GLI-00506-000,none,0.0,0.0,0,-6.0,22346,971,1391,,,,,22
BraTS-GLI-00506-000,none,0.0,0.0,0,-4.02,22028,637,1709,0,0,0,0,22
BraTS-GLI-00506-000,none,0.0,0.0,0,-2.0,21644,399,2093,,,,,22
BraTS-GLI-00506-000,none,0.0,0.0,0,0.0,21234,243,2503,0,0,0,0,22
BraTS-GLI-00506-000,none,0.0,0.0,0,2.0,20727,133,3010,,,,,22
BraTS-GLI-00506-000,none,0.0,0.0,1,-6.0,59017,375,1096,,,,,22
BraTS-GLI-00506-000,none,0.0,0.0,1,-4.02,58759,236,1354,,,,,22
BraTS-GLI-00506-000,none,0.0,0.0,1,-2.0,58452,151,1661,,,,,22
BraTS-GLI-00506-000,none,0.0,0.0,1,0.0,58123,101,1990,,,,,22
BraTS-GLI-00506-000,none,0.0,0.0,1,2.0,57778,70,2335,,,,,22
BraTS-GLI-00506-000,none,0.0,0.0,2,-6.0,88046,15012,238,,,,,22
BraTS-GLI-00506-000,none,0.0,0.0,2,-4.02,87880,12840,404,,,,,22
BraTS-GLI-00506-000,none,0.0,0.0,2,-2.0,87651,11188,633,,,,,22
BraTS-GLI-00506-000,none,0.0,0.0,2,0.0,87333,9878,951,,,,,22
BraTS-GLI-00506-000,none,0.0,0.0,2,2.0,86925,8822,1359,,,,,22
BraTS-GLI-00506-000,pspds,0.5,0.0,0,-6.0,22352,977,1385,,,,,22
BraTS-GLI-00506-000,pspds,0.5,0.0,0,-4.02,22039,643,1698,0,0,0,0,22
BraTS-GLI-00506-000,pspds,0.5,0.0,0,-2.0,21664,402,2073,,,,,22
BraTS-GLI-00506-000,pspds,0.5,0.0,0,0.0,21257,245,2480,0,0,0,0,22
BraTS-GLI-00506-000,pspds,0.5,0.0,0,2.0,20768,142,2969,,,,,22
BraTS-GLI-00506-000,pspds,0.5,0.0,1,-6.0,59027,389,1086,,,,,22
BraTS-GLI-00506-000,pspds,0.5,0.0,1,-4.02,58774,248,1339,,,,,22
BraTS-GLI-00506-000,pspds,0.5,0.0,1,-2.0,58475,153,1638,,,,,22
BraTS-GLI-00506-000,pspds,0.5,0.0,1,0.0,58147,109,1966,,,,,22
BraTS-GLI-00506-000,pspds,0.5,0.0,1,2.0,57822,76,2291,,,,,22
BraTS-GLI-00506-000,pspds,0.5,0.0,2,-6.0,88043,15224,241,,,,,22
BraTS-GLI-00506-000,pspds,0.5,0.0,2,-4.02,87874,13050,410,,,,,22
BraTS-GLI-00506-000,pspds,0.5,0.0,2,-2.0,87639,11384,645,,,,,22
BraTS-GLI-00506-000,pspds,0.5,0.0,2,0.0,87329,10047,955,,,,,22
BraTS-GLI-00506-000,pspds,0.5,0.0,2,2.0,86932,9016,1352,,,,,22
BraTS-GLI-00506-000,pspds,0.5,1.0,0,-6.0,22346,971,1391,,,,,22
BraTS-GLI-00506-000,pspds,0.5,1.0,0,-4.02,22032,641,1705,0,0,0,0,22
BraTS-GLI-00506-000,pspds,0.5,1.0,0,-2.0,21656,400,2081,,,,,22
BraTS-GLI-00506-000,pspds,0.5,1.0,0,0.0,21245,243,2492,0,0,0,0,22
BraTS-GLI-00506-000,pspds,0.5,1.0,0,2.0,20745,138,2992,,,,,22
BraTS-GLI-00506-000,pspds,0.5,1.0,1,-6.0,59022,382,1091,,,,,22
BraTS-GLI-00506-000,pspds,0.5,1.0,1,-4.02,58768,243,1345,,,,,22
BraTS-GLI-00506-000,pspds,0.5,1.0,1,-2.0,58462,153,1651,,,,,22
BraTS-GLI-00506-000,pspds,0.5,1.0,1,0.0,58131,104,1982,,,,,22
BraTS-GLI-00506-000,pspds,0.5,1.0,1,2.0,57803,74,2310,,,,,22
BraTS-GLI-00506-000,pspds,0.5,1.0,2,-6.0,88043,15105,241,,,,,22
BraTS-GLI-00506-000,pspds,0.5,1.0,2,-4.02,87883,12932,401,,,,,22
BraTS-GLI-00506-000,pspds,0.5,1.0,2,-2.0,87648,11277,636,,,,,22
BraTS-GLI-00506-000,pspds,0.5,1.0,2,0.0,87333,9944,951,,,,,22
BraTS-GLI-00506-000,pspds,0.5,1.0,2,2.0,86926,8896,1358,,,,,22
BraTS-GLI-00506-000,pspds,1.0,0.0,0,-6.0,22362,969,1375,,,,,22
BraTS-GLI-00506-000,pspds,1.0,0.0,0,-4.02,22053,653,1684,0,0,0,0,22
BraTS-GLI-00506-000,pspds,1.0,0.0,0,-2.0,21681,408,2056,,,,,22
BraTS-GLI-00506-000,pspds,1.0,0.0,0,0.0,21286,249,2451,0,0,0,0,22
BraTS-GLI-00506-000,pspds,1.0,0.0,0,2.0,20810,147,2927,,,,,22
BraTS-GLI-00506-000,pspds,1.0,0.0,1,-6.0,59028,405,1085,,,,,22
BraTS-GLI-00506-000,pspds,1.0,0.0,1,-4.02,58786,263,1327,,,,,22
BraTS-GLI-00506-000,pspds,1.0,0.0,1,-2.0,58494,159,1619,,,,,22
BraTS-GLI-00506-000,pspds,1.0,0.0,1,0.0,58171,111,1942,,,,,22
BraTS-GLI-00506-000,pspds,1.0,0.0,1,2.0,57849,82,2264,,,,,22
BraTS-GLI-00506-000,pspds,1.0,0.0,2,-6.0,88041,15463,243,,,,,22
BraTS-GLI-00506-000,pspds,1.0,0.0,2,-4.02,87874,13227,410,,,,,22
BraTS-GLI-00506-000,pspds,1.0,0.0,2,-2.0,87641,11581,643,,,,,22
BraTS-GLI-00506-000,pspds,1.0,0.0,2,0.0,87340,10230,944,,,,,22
BraTS-GLI-00506-000,pspds,1.0,0.0,2,2.0,86945,9182,1339,,,,,22
BraTS-GLI-00506-000,pspds,1.0,1.0,0,-6.0,22349,974,1388,,,,,22
BraTS-GLI-00506-000,pspds,1.0,1.0,0,-4.02,22041,643,1696,0,0,0,0,22
BraTS-GLI-00506-000,pspds,1.0,1.0,0,-2.0,21658,403,2079,,,,,22
BraTS-GLI-00506-000,pspds,1.0,1.0,0,0.0,21257,244,2480,0,0,0,0,22
BraTS-GLI-00506-000,pspds,1.0,1.0,0,2.0,20766,142,2971,,,,,22
BraTS-GLI-00506-000,pspds,1.0,1.0,1,-6.0,59027,388,1086,,,,,22
BraTS-GLI-00506-000,pspds,1.0,1.0,1,-4.02,58774,247,1339,,,,,22
BraTS-GLI-00506-000,pspds,1.0,1.0,1,-2.0,58472,153,1641,,,,,22
BraTS-GLI-00506-000,pspds,1.0,1.0,1,0.0,58143,108,1970,,,,,22
BraTS-GLI-00506-000,pspds,1.0,1.0,1,2.0,57819,76,2294,,,,,22
BraTS-GLI-00506-000,pspds,1.0,1.0,2,-6.0,88042,15203,242,,,,,22
BraTS-GLI-00506-000,pspds,1.0,1.0,2,-4.02,87876,13014,408,,,,,22
BraTS-GLI-00506-000,pspds,1.0,1.0,2,-2.0,87642,11364,642,,,,,22
BraTS-GLI-00506-000,pspds,1.0,1.0,2,0.0,87327,10015,957,,,,,22
BraTS-GLI-00506-000,pspds,1.0,1.0,2,2.0,86934,8978,1350,,,,,22
BraTS-GLI-00506-000,interp,0.5,0.0,0,-6.0,22388,1103,1349,,,,,22
BraTS-GLI-00506-000,interp,0.5,0.0,0,-4.02,22100,730,1637,0,0,0,0,22
BraTS-GLI-00506-000,interp,0.5,0.0,0,-2.0,21739,483,1998,,,,,22
BraTS-GLI-00506-000,interp,0.5,0.0,0,0.0,21332,297,2405,0,0,0,0,22
BraTS-GLI-00506-000,interp,0.5,0.0,0,2.0,20869,175,2868,,,,,22
BraTS-GLI-00506-000,interp,0.5,0.0,1,-6.0,59049,382,1064,,,,,22
BraTS-GLI-00506-000,interp,0.5,0.0,1,-4.02,58799,243,1314,,,,,22
BraTS-GLI-00506-000,interp,0.5,0.0,1,-2.0,58477,159,1636,,,,,22
BraTS-GLI-00506-000,interp,0.5,0.0,1,0.0,58136,105,1977,,,,,22
BraTS-GLI-00506-000,interp,0.5,0.0,1,2.0,57802,74,2311,,,,,22
BraTS-GLI-00506-000,interp,0.5,0.0,2,-6.0,88132,18997,152,,,,,22
BraTS-GLI-00506-000,interp,0.5,0.0,2,-4.02,88031,16348,253,,,,,22
BraTS-GLI-00506-000,interp,0.5,0.0,2,-2.0,87849,14309,435,,,,,22
BraTS-GLI-00506-000,interp,0.5,0.0,2,0.0,87594,12622,690,,,,,22
BraTS-GLI-00506-000,interp,0.5,0.0,2,2.0,87253,11311,1031,,,,,22
BraTS-GLI-00506-000,interp,1.0,0.0,0,-6.0,22319,1349,1418,,,,,22
BraTS-GLI-00506-000,interp,1.0,0.0,0,-4.02,22036,986,1701,0,0,0,1,22
BraTS-GLI-00506-000,interp,1.0,0.0,0,-2.0,21670,705,2067,,,,,22
BraTS-GLI-00506-000,interp,1.0,0.0,0,0.0,21325,465,2412,0,0,0,1,22
BraTS-GLI-00506-000,interp,1.0,0.0,0,2.0,20871,297,2866,,,,,22
BraTS-GLI-00506-000,interp,1.0,0.0,1,-6.0,55785,356,4328,,,,,22
BraTS-GLI-00506-000,interp,1.0,0.0,1,-4.02,55125,239,4988,,,,,22
BraTS-GLI-00506-000,interp,1.0,0.0,1,-2.0,54428,161,5685,,,,,22
BraTS-GLI-00506-000,interp,1.0,0.0,1,0.0,53712,118,6401,,,,,22
BraTS-GLI-00506-000,interp,1.0,0.0,1,2.0,52841,84,7272,,,,,22
BraTS-GLI-00506-000,interp,1.0,0.0,2,-6.0,88185,23908,99,,,,,22
BraTS-GLI-00506-000,interp,1.0,0.0,2,-4.02,88096,20764,188,,,,,22
BraTS-GLI-00506-000,interp,1.0,0.0,2,-2.0,87970,18192,314,,,,,22
BraTS-GLI-00506-000,interp,1.0,0.0,2,0.0,87750,16036,534,,,,,22
BraTS-GLI-00506-000,interp,1.0,0.0,2,2.0,87468,14242,816,,,,,22
BraTS-GLI-00506-000,global,0.5,0.0,0,-6.0,22834,1935,903,,,,,22
BraTS-GLI-00506-000,global,0.5,0.0,0,-4.02,22580,1438,1157,0,0,0,1,22
BraTS-GLI-00506-000,global,0.5,0.0,0,-2.0,22257,1041,1480,,,,,22
BraTS-GLI-00506-000,global,0.5,0.0,0,0.0,21869,710,1868,0,0,0,2,22
BraTS-GLI-00506-000,global,0.5,0.0,0,2.0,21430,495,2307,,,,,22
BraTS-GLI-00506-000,global,0.5,0.0,1,-6.0,59575,1572,538,,,,,22
BraTS-GLI-00506-000,global,0.5,0.0,1,-4.02,59361,1214,752,,,,,22
BraTS-GLI-00506-000,global,0.5,0.0,1,-2.0,59131,887,982,,,,,22
BraTS-GLI-00506-000,global,0.5,0.0,1,0.0,58850,659,1263,,,,,22
BraTS-GLI-00506-000,global,0.5,0.0,1,2.0,58552,481,1561,,,,,22
BraTS-GLI-00506-000,global,0.5,0.0,2,-6.0,88261,29131,23,,,,,22
BraTS-GLI-00506-000,global,0.5,0.0,2,-4.02,88235,25320,49,,,,,22
BraTS-GLI-00506-000,global,0.5,0.0,2,-2.0,88186,22177,98,,,,,22
BraTS-GLI-00506-000,global,0.5,0.0,2,0.0,88096,19514,188,,,,,22
BraTS-GLI-00506-000,global,0.5,0.0,2,2.0,87946,17061,338,,,,,22
BraTS-GLI-00506-000,global,1.0,0.0,0,-6.0,23119,11006,618,,,,,22
BraTS-GLI-00506-000,global,1.0,0.0,0,-4.02,22900,9216,837,0,0,0,4,22
BraTS-GLI-00506-000,global,1.0,0.0,0,-2.0,22607,7799,1130,,,,,22
BraTS-GLI-00506-000,global,1.0,0.0,0,0.0,22253,6627,1484,0,0,0,4,22
BraTS-GLI-00506-000,global,1.0,0.0,0,2.0,21830,5482,1907,,,,,22
BraTS-GLI-00506-000,global,1.0,0.0,1,-6.0,60041,47727,72,,,,,22
BraTS-GLI-00506-000,global,1.0,0.0,1,-4.02,59985,42648,128,,,,,22
BraTS-GLI-00506-000,global,1.0,0.0,1,-2.0,59895,37530,218,,,,,22
BraTS-GLI-00506-000,global,1.0,0.0,1,0.0,59777,32730,336,,,,,22
BraTS-GLI-00506-000,global,1.0,0.0,1,2.0,59617,27815,496,,,,,22
BraTS-GLI-00506-000,global,1.0,0.0,2,-6.0,88282,93602,2,,,,,22
BraTS-GLI-00506-000,global,1.0,0.0,2,-4.02,88281,85568,3,,,,,22
BraTS-GLI-00506-000,global,1.0,0.0,2,-2.0,88276,78173,8,,,,,22
BraTS-GLI-00506-000,global,1.0,0.0,2,0.0,88265,70891,19,,,,,22
BraTS-GLI-00506-000,global,1.0,0.0,2,2.0,88241,63778,43,,,,,22
BraTS-GLI-00506-000,dilate,0.0,0.0,0,-6.0,23694,20125,43,,,,,22
BraTS-GLI-00506-000,dilate,0.0,0.0,0,-4.02,23685,19480,52,0,0,0,0,22
BraTS-GLI-00506-000,dilate,0.0,0.0,0,-2.0,23679,18870,58,,,,,22
BraTS-GLI-00506-000,dilate,0.0,0.0,0,0.0,23675,18303,62,0,0,0,0,22
BraTS-GLI-00506-000,dilate,0.0,0.0,0,2.0,23661,17707,76,,,,,22
BraTS-GLI-00506-000,dilate,0.0,0.0,1,-6.0,59017,375,1096,,,,,22
BraTS-GLI-00506-000,dilate,0.0,0.0,1,-4.02,58759,236,1354,,,,,22
BraTS-GLI-00506-000,dilate,0.0,0.0,1,-2.0,58452,151,1661,,,,,22
BraTS-GLI-00506-000,dilate,0.0,0.0,1,0.0,58123,101,1990,,,,,22
BraTS-GLI-00506-000,dilate,0.0,0.0,1,2.0,57778,70,2335,,,,,22
BraTS-GLI-00506-000,dilate,0.0,0.0,2,-6.0,88046,15012,238,,,,,22
BraTS-GLI-00506-000,dilate,0.0,0.0,2,-4.02,87880,12840,404,,,,,22
BraTS-GLI-00506-000,dilate,0.0,0.0,2,-2.0,87651,11188,633,,,,,22
BraTS-GLI-00506-000,dilate,0.0,0.0,2,0.0,87333,9878,951,,,,,22
BraTS-GLI-00506-000,dilate,0.0,0.0,2,2.0,86925,8822,1359,,,,,22
BraTS-GLI-00506-000,boost,2.0,0.0,0,-6.0,22579,1346,1158,,,,,22
BraTS-GLI-00506-000,boost,2.0,0.0,0,-4.02,22341,973,1396,0,0,0,0,22
BraTS-GLI-00506-000,boost,2.0,0.0,0,-2.0,22022,631,1715,,,,,22
BraTS-GLI-00506-000,boost,2.0,0.0,0,0.0,21641,396,2096,0,0,0,0,22
BraTS-GLI-00506-000,boost,2.0,0.0,0,2.0,21226,242,2511,,,,,22
BraTS-GLI-00506-000,boost,2.0,0.0,1,-6.0,59017,375,1096,,,,,22
BraTS-GLI-00506-000,boost,2.0,0.0,1,-4.02,58759,236,1354,,,,,22
BraTS-GLI-00506-000,boost,2.0,0.0,1,-2.0,58452,151,1661,,,,,22
BraTS-GLI-00506-000,boost,2.0,0.0,1,0.0,58123,101,1990,,,,,22
BraTS-GLI-00506-000,boost,2.0,0.0,1,2.0,57778,70,2335,,,,,22
BraTS-GLI-00506-000,boost,2.0,0.0,2,-6.0,88046,15012,238,,,,,22
BraTS-GLI-00506-000,boost,2.0,0.0,2,-4.02,87880,12840,404,,,,,22
BraTS-GLI-00506-000,boost,2.0,0.0,2,-2.0,87651,11188,633,,,,,22
BraTS-GLI-00506-000,boost,2.0,0.0,2,0.0,87333,9878,951,,,,,22
BraTS-GLI-00506-000,boost,2.0,0.0,2,2.0,86925,8822,1359,,,,,22
BraTS-GLI-00506-000,boost,4.0,0.0,0,-6.0,22781,1835,956,,,,,22
BraTS-GLI-00506-000,boost,4.0,0.0,0,-4.02,22571,1350,1166,0,0,0,0,22
BraTS-GLI-00506-000,boost,4.0,0.0,0,-2.0,22336,966,1401,,,,,22
BraTS-GLI-00506-000,boost,4.0,0.0,0,0.0,22019,628,1718,0,0,0,0,22
BraTS-GLI-00506-000,boost,4.0,0.0,0,2.0,21633,395,2104,,,,,22
BraTS-GLI-00506-000,boost,4.0,0.0,1,-6.0,59017,375,1096,,,,,22
BraTS-GLI-00506-000,boost,4.0,0.0,1,-4.02,58759,236,1354,,,,,22
BraTS-GLI-00506-000,boost,4.0,0.0,1,-2.0,58452,151,1661,,,,,22
BraTS-GLI-00506-000,boost,4.0,0.0,1,0.0,58123,101,1990,,,,,22
BraTS-GLI-00506-000,boost,4.0,0.0,1,2.0,57778,70,2335,,,,,22
BraTS-GLI-00506-000,boost,4.0,0.0,2,-6.0,88046,15012,238,,,,,22
BraTS-GLI-00506-000,boost,4.0,0.0,2,-4.02,87880,12840,404,,,,,22
BraTS-GLI-00506-000,boost,4.0,0.0,2,-2.0,87651,11188,633,,,,,22
BraTS-GLI-00506-000,boost,4.0,0.0,2,0.0,87333,9878,951,,,,,22
BraTS-GLI-00506-000,boost,4.0,0.0,2,2.0,86925,8822,1359,,,,,22
BraTS-GLI-01444-000,none,0.0,0.0,0,-6.0,37479,2766,1361,,,,,463
BraTS-GLI-01444-000,none,0.0,0.0,0,-4.02,37282,2466,1558,0,1,0,0,463
BraTS-GLI-01444-000,none,0.0,0.0,0,-2.0,37037,2215,1803,,,,,463
BraTS-GLI-01444-000,none,0.0,0.0,0,0.0,36760,2017,2080,0,1,0,0,463
BraTS-GLI-01444-000,none,0.0,0.0,0,2.0,36441,1854,2399,,,,,463
BraTS-GLI-01444-000,none,0.0,0.0,1,-6.0,43313,2189,1811,,,,,463
BraTS-GLI-01444-000,none,0.0,0.0,1,-4.02,43153,2045,1971,,,,,463
BraTS-GLI-01444-000,none,0.0,0.0,1,-2.0,42972,1892,2152,,,,,463
BraTS-GLI-01444-000,none,0.0,0.0,1,0.0,42796,1769,2328,,,,,463
BraTS-GLI-01444-000,none,0.0,0.0,1,2.0,42599,1647,2525,,,,,463
BraTS-GLI-01444-000,none,0.0,0.0,2,-6.0,158830,6267,9357,,,,,463
BraTS-GLI-01444-000,none,0.0,0.0,2,-4.02,157184,5287,11003,,,,,463
BraTS-GLI-01444-000,none,0.0,0.0,2,-2.0,155416,4397,12771,,,,,463
BraTS-GLI-01444-000,none,0.0,0.0,2,0.0,153618,3664,14569,,,,,463
BraTS-GLI-01444-000,none,0.0,0.0,2,2.0,151681,3065,16506,,,,,463
BraTS-GLI-01444-000,pspds,0.5,0.0,0,-6.0,37505,2817,1335,,,,,463
BraTS-GLI-01444-000,pspds,0.5,0.0,0,-4.02,37321,2529,1519,0,1,0,0,463
BraTS-GLI-01444-000,pspds,0.5,0.0,0,-2.0,37079,2274,1761,,,,,463
BraTS-GLI-01444-000,pspds,0.5,0.0,0,0.0,36809,2069,2031,0,1,0,0,463
BraTS-GLI-01444-000,pspds,0.5,0.0,0,2.0,36501,1906,2339,,,,,463
BraTS-GLI-01444-000,pspds,0.5,0.0,1,-6.0,43345,2246,1779,,,,,463
BraTS-GLI-01444-000,pspds,0.5,0.0,1,-4.02,43187,2102,1937,,,,,463
BraTS-GLI-01444-000,pspds,0.5,0.0,1,-2.0,43006,1958,2118,,,,,463
BraTS-GLI-01444-000,pspds,0.5,0.0,1,0.0,42841,1823,2283,,,,,463
BraTS-GLI-01444-000,pspds,0.5,0.0,1,2.0,42653,1700,2471,,,,,463
BraTS-GLI-01444-000,pspds,0.5,0.0,2,-6.0,158873,6321,9314,,,,,463
BraTS-GLI-01444-000,pspds,0.5,0.0,2,-4.02,157221,5350,10966,,,,,463
BraTS-GLI-01444-000,pspds,0.5,0.0,2,-2.0,155455,4466,12732,,,,,463
BraTS-GLI-01444-000,pspds,0.5,0.0,2,0.0,153667,3727,14520,,,,,463
BraTS-GLI-01444-000,pspds,0.5,0.0,2,2.0,151752,3132,16435,,,,,463
BraTS-GLI-01444-000,pspds,0.5,1.0,0,-6.0,37489,2788,1351,,,,,463
BraTS-GLI-01444-000,pspds,0.5,1.0,0,-4.02,37299,2497,1541,0,1,0,0,463
BraTS-GLI-01444-000,pspds,0.5,1.0,0,-2.0,37061,2241,1779,,,,,463
BraTS-GLI-01444-000,pspds,0.5,1.0,0,0.0,36774,2037,2066,0,1,0,0,463
BraTS-GLI-01444-000,pspds,0.5,1.0,0,2.0,36476,1876,2364,,,,,463
BraTS-GLI-01444-000,pspds,0.5,1.0,1,-6.0,43330,2212,1794,,,,,463
BraTS-GLI-01444-000,pspds,0.5,1.0,1,-4.02,43172,2063,1952,,,,,463
BraTS-GLI-01444-000,pspds,0.5,1.0,1,-2.0,42985,1912,2139,,,,,463
BraTS-GLI-01444-000,pspds,0.5,1.0,1,0.0,42818,1786,2306,,,,,463
BraTS-GLI-01444-000,pspds,0.5,1.0,1,2.0,42622,1675,2502,,,,,463
BraTS-GLI-01444-000,pspds,0.5,1.0,2,-6.0,158844,6286,9343,,,,,463
BraTS-GLI-01444-000,pspds,0.5,1.0,2,-4.02,157198,5312,10989,,,,,463
BraTS-GLI-01444-000,pspds,0.5,1.0,2,-2.0,155435,4428,12752,,,,,463
BraTS-GLI-01444-000,pspds,0.5,1.0,2,0.0,153640,3688,14547,,,,,463
BraTS-GLI-01444-000,pspds,0.5,1.0,2,2.0,151721,3095,16466,,,,,463
BraTS-GLI-01444-000,pspds,1.0,0.0,0,-6.0,37532,2874,1308,,,,,463
BraTS-GLI-01444-000,pspds,1.0,0.0,0,-4.02,37341,2567,1499,0,1,0,0,463
BraTS-GLI-01444-000,pspds,1.0,0.0,0,-2.0,37111,2322,1729,,,,,463
BraTS-GLI-01444-000,pspds,1.0,0.0,0,0.0,36843,2118,1997,0,1,0,0,463
BraTS-GLI-01444-000,pspds,1.0,0.0,0,2.0,36552,1943,2288,,,,,463
BraTS-GLI-01444-000,pspds,1.0,0.0,1,-6.0,43378,2300,1746,,,,,463
BraTS-GLI-01444-000,pspds,1.0,0.0,1,-4.02,43218,2144,1906,,,,,463
BraTS-GLI-01444-000,pspds,1.0,0.0,1,-2.0,43048,2003,2076,,,,,463
BraTS-GLI-01444-000,pspds,1.0,0.0,1,0.0,42884,1868,2240,,,,,463
BraTS-GLI-01444-000,pspds,1.0,0.0,1,2.0,42709,1743,2415,,,,,463
BraTS-GLI-01444-000,pspds,1.0,0.0,2,-6.0,158897,6379,9290,,,,,463
BraTS-GLI-01444-000,pspds,1.0,0.0,2,-4.02,157267,5414,10920,,,,,463
BraTS-GLI-01444-000,pspds,1.0,0.0,2,-2.0,155499,4540,12688,,,,,463
BraTS-GLI-01444-000,pspds,1.0,0.0,2,0.0,153740,3779,14447,,,,,463
BraTS-GLI-01444-000,pspds,1.0,0.0,2,2.0,151819,3201,16368,,,,,463
BraTS-GLI-01444-000,pspds,1.0,1.0,0,-6.0,37500,2809,1340,,,,,463
BraTS-GLI-01444-000,pspds,1.0,1.0,0,-4.02,37312,2518,1528,0,1,0,0,463
BraTS-GLI-01444-000,pspds,1.0,1.0,0,-2.0,37073,2266,1767,,,,,463
BraTS-GLI-01444-000,pspds,1.0,1.0,0,0.0,36800,2060,2040,0,1,0,0,463
BraTS-GLI-01444-000,pspds,1.0,1.0,0,2.0,36494,1901,2346,,,,,463
BraTS-GLI-01444-000,pspds,1.0,1.0,1,-6.0,43338,2236,1786,,,,,463
BraTS-GLI-01444-000,pspds,1.0,1.0,1,-4.02,43181,2089,1943,,,,,463
BraTS-GLI-01444-000,pspds,1.0,1.0,1,-2.0,42999,1947,2125,,,,,463
BraTS-GLI-01444-000,pspds,1.0,1.0,1,0.0,42837,1817,2287,,,,,463
BraTS-GLI-01444-000,pspds,1.0,1.0,1,2.0,42647,1694,2477,,,,,463
BraTS-GLI-01444-000,pspds,1.0,1.0,2,-6.0,158861,6306,9326,,,,,463
BraTS-GLI-01444-000,pspds,1.0,1.0,2,-4.02,157214,5346,10973,,,,,463
BraTS-GLI-01444-000,pspds,1.0,1.0,2,-2.0,155458,4453,12729,,,,,463
BraTS-GLI-01444-000,pspds,1.0,1.0,2,0.0,153665,3719,14522,,,,,463
BraTS-GLI-01444-000,pspds,1.0,1.0,2,2.0,151745,3123,16442,,,,,463
BraTS-GLI-01444-000,interp,0.5,0.0,0,-6.0,37638,3064,1202,,,,,463
BraTS-GLI-01444-000,interp,0.5,0.0,0,-4.02,37443,2740,1397,0,1,0,1,463
BraTS-GLI-01444-000,interp,0.5,0.0,0,-2.0,37215,2446,1625,,,,,463
BraTS-GLI-01444-000,interp,0.5,0.0,0,0.0,36949,2251,1891,0,1,0,0,463
BraTS-GLI-01444-000,interp,0.5,0.0,0,2.0,36668,2070,2172,,,,,463
BraTS-GLI-01444-000,interp,0.5,0.0,1,-6.0,43490,2460,1634,,,,,463
BraTS-GLI-01444-000,interp,0.5,0.0,1,-4.02,43319,2277,1805,,,,,463
BraTS-GLI-01444-000,interp,0.5,0.0,1,-2.0,43148,2113,1976,,,,,463
BraTS-GLI-01444-000,interp,0.5,0.0,1,0.0,42972,1979,2152,,,,,463
BraTS-GLI-01444-000,interp,0.5,0.0,1,2.0,42796,1836,2328,,,,,463
BraTS-GLI-01444-000,interp,0.5,0.0,2,-6.0,159853,7227,8334,,,,,463
BraTS-GLI-01444-000,interp,0.5,0.0,2,-4.02,158326,6147,9861,,,,,463
BraTS-GLI-01444-000,interp,0.5,0.0,2,-2.0,156547,5124,11640,,,,,463
BraTS-GLI-01444-000,interp,0.5,0.0,2,0.0,154764,4231,13423,,,,,463
BraTS-GLI-01444-000,interp,0.5,0.0,2,2.0,152852,3553,15335,,,,,463
BraTS-GLI-01444-000,interp,1.0,0.0,0,-6.0,37802,3520,1038,,,,,463
BraTS-GLI-01444-000,interp,1.0,0.0,0,-4.02,37618,3151,1222,21,1,1,0,463
BraTS-GLI-01444-000,interp,1.0,0.0,0,-2.0,37408,2860,1432,,,,,463
BraTS-GLI-01444-000,interp,1.0,0.0,0,0.0,37147,2581,1693,16,1,1,0,463
BraTS-GLI-01444-000,interp,1.0,0.0,0,2.0,36874,2359,1966,,,,,463
BraTS-GLI-01444-000,interp,1.0,0.0,1,-6.0,43665,2881,1459,,,,,463
BraTS-GLI-01444-000,interp,1.0,0.0,1,-4.02,43514,2658,1610,,,,,463
BraTS-GLI-01444-000,interp,1.0,0.0,1,-2.0,43331,2472,1793,,,,,463
BraTS-GLI-01444-000,interp,1.0,0.0,1,0.0,43157,2290,1967,,,,,463
BraTS-GLI-01444-000,interp,1.0,0.0,1,2.0,42974,2121,2150,,,,,463
BraTS-GLI-01444-000,interp,1.0,0.0,2,-6.0,160607,8717,7580,,,,,463
BraTS-GLI-01444-000,interp,1.0,0.0,2,-4.02,159164,7426,9023,,,,,463
BraTS-GLI-01444-000,interp,1.0,0.0,2,-2.0,157534,6274,10653,,,,,463
BraTS-GLI-01444-000,interp,1.0,0.0,2,0.0,155752,5214,12435,,,,,463
BraTS-GLI-01444-000,interp,1.0,0.0,2,2.0,153861,4333,14326,,,,,463
BraTS-GLI-01444-000,global,0.5,0.0,0,-6.0,37770,3480,1070,,,,,463
BraTS-GLI-01444-000,global,0.5,0.0,0,-4.02,37584,3135,1256,21,1,1,0,463
BraTS-GLI-01444-000,global,0.5,0.0,0,-2.0,37364,2839,1476,,,,,463
BraTS-GLI-01444-000,global,0.5,0.0,0,0.0,37092,2565,1748,18,1,1,0,463
BraTS-GLI-01444-000,global,0.5,0.0,0,2.0,36794,2335,2046,,,,,463
BraTS-GLI-01444-000,global,0.5,0.0,1,-6.0,43681,2879,1443,,,,,463
BraTS-GLI-01444-000,global,0.5,0.0,1,-4.02,43530,2667,1594,,,,,463
BraTS-GLI-01444-000,global,0.5,0.0,1,-2.0,43348,2473,1776,,,,,463
BraTS-GLI-01444-000,global,0.5,0.0,1,0.0,43182,2288,1942,,,,,463
BraTS-GLI-01444-000,global,0.5,0.0,1,2.0,42991,2116,2133,,,,,463
BraTS-GLI-01444-000,global,0.5,0.0,2,-6.0,160491,8483,7696,,,,,463
BraTS-GLI-01444-000,global,0.5,0.0,2,-4.02,159003,7217,9184,,,,,463
BraTS-GLI-01444-000,global,0.5,0.0,2,-2.0,157322,6092,10865,,,,,463
BraTS-GLI-01444-000,global,0.5,0.0,2,0.0,155482,5044,12705,,,,,463
BraTS-GLI-01444-000,global,0.5,0.0,2,2.0,153542,4202,14645,,,,,463
BraTS-GLI-01444-000,global,1.0,0.0,0,-6.0,38121,6015,719,,,,,463
BraTS-GLI-01444-000,global,1.0,0.0,0,-4.02,37961,5223,879,23,1,1,13,463
BraTS-GLI-01444-000,global,1.0,0.0,0,-2.0,37733,4607,1107,,,,,463
BraTS-GLI-01444-000,global,1.0,0.0,0,0.0,37483,4031,1357,22,1,1,5,463
BraTS-GLI-01444-000,global,1.0,0.0,0,2.0,37200,3583,1640,,,,,463
BraTS-GLI-01444-000,global,1.0,0.0,1,-6.0,44435,29967,689,,,,,463
BraTS-GLI-01444-000,global,1.0,0.0,1,-4.02,44317,25219,807,,,,,463
BraTS-GLI-01444-000,global,1.0,0.0,1,-2.0,44171,21241,953,,,,,463
BraTS-GLI-01444-000,global,1.0,0.0,1,0.0,44024,17424,1100,,,,,463
BraTS-GLI-01444-000,global,1.0,0.0,1,2.0,43829,14051,1295,,,,,463
BraTS-GLI-01444-000,global,1.0,0.0,2,-6.0,162318,18965,5869,,,,,463
BraTS-GLI-01444-000,global,1.0,0.0,2,-4.02,161257,17350,6930,,,,,463
BraTS-GLI-01444-000,global,1.0,0.0,2,-2.0,160101,15737,8086,,,,,463
BraTS-GLI-01444-000,global,1.0,0.0,2,0.0,158765,14141,9422,,,,,463
BraTS-GLI-01444-000,global,1.0,0.0,2,2.0,157311,12499,10876,,,,,463
BraTS-GLI-01444-000,dilate,0.0,0.0,0,-6.0,38747,14025,93,,,,,463
BraTS-GLI-01444-000,dilate,0.0,0.0,0,-4.02,38732,13621,108,5,1,1,0,463
BraTS-GLI-01444-000,dilate,0.0,0.0,0,-2.0,38725,13180,115,,,,,463
BraTS-GLI-01444-000,dilate,0.0,0.0,0,0.0,38716,12806,124,2,1,1,0,463
BraTS-GLI-01444-000,dilate,0.0,0.0,0,2.0,38705,12419,135,,,,,463
BraTS-GLI-01444-000,dilate,0.0,0.0,1,-6.0,43313,2189,1811,,,,,463
BraTS-GLI-01444-000,dilate,0.0,0.0,1,-4.02,43153,2045,1971,,,,,463
BraTS-GLI-01444-000,dilate,0.0,0.0,1,-2.0,42972,1892,2152,,,,,463
BraTS-GLI-01444-000,dilate,0.0,0.0,1,0.0,42796,1769,2328,,,,,463
BraTS-GLI-01444-000,dilate,0.0,0.0,1,2.0,42599,1647,2525,,,,,463
BraTS-GLI-01444-000,dilate,0.0,0.0,2,-6.0,158830,6267,9357,,,,,463
BraTS-GLI-01444-000,dilate,0.0,0.0,2,-4.02,157184,5287,11003,,,,,463
BraTS-GLI-01444-000,dilate,0.0,0.0,2,-2.0,155416,4397,12771,,,,,463
BraTS-GLI-01444-000,dilate,0.0,0.0,2,0.0,153618,3664,14569,,,,,463
BraTS-GLI-01444-000,dilate,0.0,0.0,2,2.0,151681,3065,16506,,,,,463
BraTS-GLI-01444-000,boost,2.0,0.0,0,-6.0,37658,3104,1182,,,,,463
BraTS-GLI-01444-000,boost,2.0,0.0,0,-4.02,37482,2768,1358,0,1,0,0,463
BraTS-GLI-01444-000,boost,2.0,0.0,0,-2.0,37281,2461,1559,,,,,463
BraTS-GLI-01444-000,boost,2.0,0.0,0,0.0,37037,2215,1803,0,1,0,0,463
BraTS-GLI-01444-000,boost,2.0,0.0,0,2.0,36760,2017,2080,,,,,463
BraTS-GLI-01444-000,boost,2.0,0.0,1,-6.0,43313,2189,1811,,,,,463
BraTS-GLI-01444-000,boost,2.0,0.0,1,-4.02,43153,2045,1971,,,,,463
BraTS-GLI-01444-000,boost,2.0,0.0,1,-2.0,42972,1892,2152,,,,,463
BraTS-GLI-01444-000,boost,2.0,0.0,1,0.0,42796,1769,2328,,,,,463
BraTS-GLI-01444-000,boost,2.0,0.0,1,2.0,42599,1647,2525,,,,,463
BraTS-GLI-01444-000,boost,2.0,0.0,2,-6.0,158830,6267,9357,,,,,463
BraTS-GLI-01444-000,boost,2.0,0.0,2,-4.02,157184,5287,11003,,,,,463
BraTS-GLI-01444-000,boost,2.0,0.0,2,-2.0,155416,4397,12771,,,,,463
BraTS-GLI-01444-000,boost,2.0,0.0,2,0.0,153618,3664,14569,,,,,463
BraTS-GLI-01444-000,boost,2.0,0.0,2,2.0,151681,3065,16506,,,,,463
BraTS-GLI-01444-000,boost,4.0,0.0,0,-6.0,37815,3524,1025,,,,,463
BraTS-GLI-01444-000,boost,4.0,0.0,0,-4.02,37659,3107,1181,0,1,0,0,463
BraTS-GLI-01444-000,boost,4.0,0.0,0,-2.0,37479,2766,1361,,,,,463
BraTS-GLI-01444-000,boost,4.0,0.0,0,0.0,37281,2461,1559,0,1,0,0,463
BraTS-GLI-01444-000,boost,4.0,0.0,0,2.0,37037,2215,1803,,,,,463
BraTS-GLI-01444-000,boost,4.0,0.0,1,-6.0,43313,2189,1811,,,,,463
BraTS-GLI-01444-000,boost,4.0,0.0,1,-4.02,43153,2045,1971,,,,,463
BraTS-GLI-01444-000,boost,4.0,0.0,1,-2.0,42972,1892,2152,,,,,463
BraTS-GLI-01444-000,boost,4.0,0.0,1,0.0,42796,1769,2328,,,,,463
BraTS-GLI-01444-000,boost,4.0,0.0,1,2.0,42599,1647,2525,,,,,463
BraTS-GLI-01444-000,boost,4.0,0.0,2,-6.0,158830,6267,9357,,,,,463
BraTS-GLI-01444-000,boost,4.0,0.0,2,-4.02,157184,5287,11003,,,,,463
BraTS-GLI-01444-000,boost,4.0,0.0,2,-2.0,155416,4397,12771,,,,,463
BraTS-GLI-01444-000,boost,4.0,0.0,2,0.0,153618,3664,14569,,,,,463
BraTS-GLI-01444-000,boost,4.0,0.0,2,2.0,151681,3065,16506,,,,,463
BraTS-GLI-00764-000,none,0.0,0.0,0,-6.0,32268,1333,6633,,,,,188
BraTS-GLI-00764-000,none,0.0,0.0,0,-4.02,31668,996,7233,4,4,1,0,188
BraTS-GLI-00764-000,none,0.0,0.0,0,-2.0,30973,709,7928,,,,,188
BraTS-GLI-00764-000,none,0.0,0.0,0,0.0,30252,468,8649,0,4,0,0,188
BraTS-GLI-00764-000,none,0.0,0.0,0,2.0,29483,302,9418,,,,,188
BraTS-GLI-00764-000,none,0.0,0.0,1,-6.0,39060,1564,5420,,,,,188
BraTS-GLI-00764-000,none,0.0,0.0,1,-4.02,38460,1413,6020,,,,,188
BraTS-GLI-00764-000,none,0.0,0.0,1,-2.0,37916,1270,6564,,,,,188
BraTS-GLI-00764-000,none,0.0,0.0,1,0.0,37290,1149,7190,,,,,188
BraTS-GLI-00764-000,none,0.0,0.0,1,2.0,36613,1021,7867,,,,,188
BraTS-GLI-00764-000,none,0.0,0.0,2,-6.0,66652,19192,21600,,,,,188
BraTS-GLI-00764-000,none,0.0,0.0,2,-4.02,65440,15428,22812,,,,,188
BraTS-GLI-00764-000,none,0.0,0.0,2,-2.0,64074,12459,24178,,,,,188
BraTS-GLI-00764-000,none,0.0,0.0,2,0.0,62738,10472,25514,,,,,188
BraTS-GLI-00764-000,none,0.0,0.0,2,2.0,61453,8690,26799,,,,,188
BraTS-GLI-00764-000,pspds,0.5,0.0,0,-6.0,32406,1385,6495,,,,,188
BraTS-GLI-00764-000,pspds,0.5,0.0,0,-4.02,31824,1027,7077,5,4,1,0,188
BraTS-GLI-00764-000,pspds,0.5,0.0,0,-2.0,31135,739,7766,,,,,188
BraTS-GLI-00764-000,pspds,0.5,0.0,0,0.0,30468,507,8433,0,4,0,0,188
BraTS-GLI-00764-000,pspds,0.5,0.0,0,2.0,29704,331,9197,,,,,188
BraTS-GLI-00764-000,pspds,0.5,0.0,1,-6.0,39223,1674,5257,,,,,188
BraTS-GLI-00764-000,pspds,0.5,0.0,1,-4.02,38651,1494,5829,,,,,188
BraTS-GLI-00764-000,pspds,0.5,0.0,1,-2.0,38099,1353,6381,,,,,188
BraTS-GLI-00764-000,pspds,0.5,0.0,1,0.0,37527,1218,6953,,,,,188
BraTS-GLI-00764-000,pspds,0.5,0.0,1,2.0,36867,1076,7613,,,,,188
BraTS-GLI-00764-000,pspds,0.5,0.0,2,-6.0,66862,19655,21390,,,,,188
BraTS-GLI-00764-000,pspds,0.5,0.0,2,-4.02,65688,15796,22564,,,,,188
BraTS-GLI-00764-000,pspds,0.5,0.0,2,-2.0,64336,12842,23916,,,,,188
BraTS-GLI-00764-000,pspds,0.5,0.0,2,0.0,63021,10741,25231,,,,,188
BraTS-GLI-00764-000,pspds,0.5,0.0,2,2.0,61734,8951,26518,,,,,188
BraTS-GLI-00764-000,pspds,0.5,1.0,0,-6.0,32345,1358,6556,,,,,188
BraTS-GLI-00764-000,pspds,0.5,1.0,0,-4.02,31756,1006,7145,4,4,1,0,188
BraTS-GLI-00764-000,pspds,0.5,1.0,0,-2.0,31064,722,7837,,,,,188
BraTS-GLI-00764-000,pspds,0.5,1.0,0,0.0,30378,490,8523,0,4,0,0,188
BraTS-GLI-00764-000,pspds,0.5,1.0,0,2.0,29610,314,9291,,,,,188
BraTS-GLI-00764-000,pspds,0.5,1.0,1,-6.0,39150,1618,5330,,,,,188
BraTS-GLI-00764-000,pspds,0.5,1.0,1,-4.02,38561,1453,5919,,,,,188
BraTS-GLI-00764-000,pspds,0.5,1.0,1,-2.0,38012,1316,6468,,,,,188
BraTS-GLI-00764-000,pspds,0.5,1.0,1,0.0,37409,1187,7071,,,,,188
BraTS-GLI-00764-000,pspds,0.5,1.0,1,2.0,36763,1048,7717,,,,,188
BraTS-GLI-00764-000,pspds,0.5,1.0,2,-6.0,66758,19408,21494,,,,,188
BraTS-GLI-00764-000,pspds,0.5,1.0,2,-4.02,65566,15615,22686,,,,,188
BraTS-GLI-00764-000,pspds,0.5,1.0,2,-2.0,64204,12649,24048,,,,,188
BraTS-GLI-00764-000,pspds,0.5,1.0,2,0.0,62877,10596,25375,,,,,188
BraTS-GLI-00764-000,pspds,0.5,1.0,2,2.0,61572,8819,26680,,,,,188
BraTS-GLI-00764-000,pspds,1.0,0.0,0,-6.0,32527,1416,6374,,,,,188
BraTS-GLI-00764-000,pspds,1.0,0.0,0,-4.02,31953,1073,6948,7,4,1,0,188
BraTS-GLI-00764-000,pspds,1.0,0.0,0,-2.0,31270,772,7631,,,,,188
BraTS-GLI-00764-000,pspds,1.0,0.0,0,0.0,30633,534,8268,0,4,0,0,188
BraTS-GLI-00764-000,pspds,1.0,0.0,0,2.0,29907,364,8994,,,,,188
BraTS-GLI-00764-000,pspds,1.0,0.0,1,-6.0,39394,1766,5086,,,,,188
BraTS-GLI-00764-000,pspds,1.0,0.0,1,-4.02,38804,1581,5676,,,,,188
BraTS-GLI-00764-000,pspds,1.0,0.0,1,-2.0,38244,1430,6236,,,,,188
BraTS-GLI-00764-000,pspds,1.0,0.0,1,0.0,37696,1306,6784,,,,,188
BraTS-GLI-00764-000,pspds,1.0,0.0,1,2.0,37094,1143,7386,,,,,188
BraTS-GLI-00764-000,pspds,1.0,0.0,2,-6.0,67073,20116,21179,,,,,188
BraTS-GLI-00764-000,pspds,1.0,0.0,2,-4.02,65884,16194,22368,,,,,188
BraTS-GLI-00764-000,pspds,1.0,0.0,2,-2.0,64604,13175,23648,,,,,188
BraTS-GLI-00764-000,pspds,1.0,0.0,2,0.0,63285,11043,24967,,,,,188
BraTS-GLI-00764-000,pspds,1.0,0.0,2,2.0,61971,9188,26281,,,,,188
BraTS-GLI-00764-000,pspds,1.0,1.0,0,-6.0,32405,1383,6496,,,,,188
BraTS-GLI-00764-000,pspds,1.0,1.0,0,-4.02,31828,1029,7073,5,4,1,0,188
BraTS-GLI-00764-000,pspds,1.0,1.0,0,-2.0,31136,740,7765,,,,,188
BraTS-GLI-00764-000,pspds,1.0,1.0,0,0.0,30470,507,8431,0,4,0,0,188
BraTS-GLI-00764-000,pspds,1.0,1.0,0,2.0,29709,333,9192,,,,,188
BraTS-GLI-00764-000,pspds,1.0,1.0,1,-6.0,39225,1675,5255,,,,,188
BraTS-GLI-00764-000,pspds,1.0,1.0,1,-4.02,38648,1492,5832,,,,,188
BraTS-GLI-00764-000,pspds,1.0,1.0,1,-2.0,38095,1355,6385,,,,,188
BraTS-GLI-00764-000,pspds,1.0,1.0,1,0.0,37529,1221,6951,,,,,188
BraTS-GLI-00764-000,pspds,1.0,1.0,1,2.0,36869,1080,7611,,,,,188
BraTS-GLI-00764-000,pspds,1.0,1.0,2,-6.0,66856,19652,21396,,,,,188
BraTS-GLI-00764-000,pspds,1.0,1.0,2,-4.02,65681,15797,22571,,,,,188
BraTS-GLI-00764-000,pspds,1.0,1.0,2,-2.0,64328,12832,23924,,,,,188
BraTS-GLI-00764-000,pspds,1.0,1.0,2,0.0,63010,10740,25242,,,,,188
BraTS-GLI-00764-000,pspds,1.0,1.0,2,2.0,61719,8953,26533,,,,,188
BraTS-GLI-00764-000,interp,0.5,0.0,0,-6.0,33130,1640,5771,,,,,188
BraTS-GLI-00764-000,interp,0.5,0.0,0,-4.02,32542,1256,6359,18,4,1,0,188
BraTS-GLI-00764-000,interp,0.5,0.0,0,-2.0,31891,914,7010,,,,,188
BraTS-GLI-00764-000,interp,0.5,0.0,0,0.0,31187,622,7714,7,4,1,0,188
BraTS-GLI-00764-000,interp,0.5,0.0,0,2.0,30467,410,8434,,,,,188
BraTS-GLI-00764-000,interp,0.5,0.0,1,-6.0,40165,2071,4315,,,,,188
BraTS-GLI-00764-000,interp,0.5,0.0,1,-4.02,39555,1815,4925,,,,,188
BraTS-GLI-00764-000,interp,0.5,0.0,1,-2.0,38996,1597,5484,,,,,188
BraTS-GLI-00764-000,interp,0.5,0.0,1,0.0,38400,1429,6080,,,,,188
BraTS-GLI-00764-000,interp,0.5,0.0,1,2.0,37788,1255,6692,,,,,188
BraTS-GLI-00764-000,interp,0.5,0.0,2,-6.0,69044,23970,19208,,,,,188
BraTS-GLI-00764-000,interp,0.5,0.0,2,-4.02,67935,19266,20317,,,,,188
BraTS-GLI-00764-000,interp,0.5,0.0,2,-2.0,66750,15510,21502,,,,,188
BraTS-GLI-00764-000,interp,0.5,0.0,2,0.0,65492,12824,22760,,,,,188
BraTS-GLI-00764-000,interp,0.5,0.0,2,2.0,64150,10568,24102,,,,,188
BraTS-GLI-00764-000,interp,1.0,0.0,0,-6.0,33933,2492,4968,,,,,188
BraTS-GLI-00764-000,interp,1.0,0.0,0,-4.02,33347,1930,5554,35,4,2,1,188
BraTS-GLI-00764-000,interp,1.0,0.0,0,-2.0,32732,1470,6169,,,,,188
BraTS-GLI-00764-000,interp,1.0,0.0,0,0.0,32054,1067,6847,20,4,1,1,188
BraTS-GLI-00764-000,interp,1.0,0.0,0,2.0,31348,740,7553,,,,,188
BraTS-GLI-00764-000,interp,1.0,0.0,1,-6.0,41159,3329,3321,,,,,188
BraTS-GLI-00764-000,interp,1.0,0.0,1,-4.02,40669,2855,3811,,,,,188
BraTS-GLI-00764-000,interp,1.0,0.0,1,-2.0,40142,2463,4338,,,,,188
BraTS-GLI-00764-000,interp,1.0,0.0,1,0.0,39588,2081,4892,,,,,188
BraTS-GLI-00764-000,interp,1.0,0.0,1,2.0,38977,1768,5503,,,,,188
BraTS-GLI-00764-000,interp,1.0,0.0,2,-6.0,70836,35887,17416,,,,,188
BraTS-GLI-00764-000,interp,1.0,0.0,2,-4.02,69906,29260,18346,,,,,188
BraTS-GLI-00764-000,interp,1.0,0.0,2,-2.0,68893,23841,19359,,,,,188
BraTS-GLI-00764-000,interp,1.0,0.0,2,0.0,67799,19594,20453,,,,,188
BraTS-GLI-00764-000,interp,1.0,0.0,2,2.0,66603,16131,21649,,,,,188
BraTS-GLI-00764-000,global,0.5,0.0,0,-6.0,34218,2895,4683,,,,,188
BraTS-GLI-00764-000,global,0.5,0.0,0,-4.02,33584,2252,5317,31,4,2,2,188
BraTS-GLI-00764-000,global,0.5,0.0,0,-2.0,32908,1703,5993,,,,,188
BraTS-GLI-00764-000,global,0.5,0.0,0,0.0,32188,1254,6713,20,4,2,2,188
BraTS-GLI-00764-000,global,0.5,0.0,0,2.0,31416,875,7485,,,,,188
BraTS-GLI-00764-000,global,0.5,0.0,1,-6.0,41566,5979,2914,,,,,188
BraTS-GLI-00764-000,global,0.5,0.0,1,-4.02,41126,5333,3354,,,,,188
BraTS-GLI-00764-000,global,0.5,0.0,1,-2.0,40620,4740,3860,,,,,188
BraTS-GLI-00764-000,global,0.5,0.0,1,0.0,40065,4214,4415,,,,,188
BraTS-GLI-00764-000,global,0.5,0.0,1,2.0,39479,3639,5001,,,,,188
BraTS-GLI-00764-000,global,0.5,0.0,2,-6.0,72620,33100,15632,,,,,188
BraTS-GLI-00764-000,global,0.5,0.0,2,-4.02,71732,26836,16520,,,,,188
BraTS-GLI-00764-000,global,0.5,0.0,2,-2.0,70741,21916,17511,,,,,188
BraTS-GLI-00764-000,global,0.5,0.0,2,0.0,69682,18197,18570,,,,,188
BraTS-GLI-00764-000,global,0.5,0.0,2,2.0,68540,14971,19712,,,,,188
BraTS-GLI-00764-000,global,1.0,0.0,0,-6.0,35177,13202,3724,,,,,188
BraTS-GLI-00764-000,global,1.0,0.0,0,-4.02,34515,10306,4386,120,4,4,24,188
BraTS-GLI-00764-000,global,1.0,0.0,0,-2.0,33779,8084,5122,,,,,188
BraTS-GLI-00764-000,global,1.0,0.0,0,0.0,33019,6323,5882,73,4,4,14,188
BraTS-GLI-00764-000,global,1.0,0.0,0,2.0,32220,4862,6681,,,,,188
BraTS-GLI-00764-000,global,1.0,0.0,1,-6.0,43215,67531,1265,,,,,188
BraTS-GLI-00764-000,global,1.0,0.0,1,-4.02,43078,60220,1402,,,,,188
BraTS-GLI-00764-000,global,1.0,0.0,1,-2.0,42908,52081,1572,,,,,188
BraTS-GLI-00764-000,global,1.0,0.0,1,0.0,42646,43529,1834,,,,,188
BraTS-GLI-00764-000,global,1.0,0.0,1,2.0,42276,35090,2204,,,,,188
BraTS-GLI-00764-000,global,1.0,0.0,2,-6.0,77520,121924,10732,,,,,188
BraTS-GLI-00764-000,global,1.0,0.0,2,-4.02,77080,108997,11172,,,,,188
BraTS-GLI-00764-000,global,1.0,0.0,2,-2.0,76580,97299,11672,,,,,188
BraTS-GLI-00764-000,global,1.0,0.0,2,0.0,76062,86446,12190,,,,,188
BraTS-GLI-00764-000,global,1.0,0.0,2,2.0,75489,75726,12763,,,,,188
BraTS-GLI-00764-000,dilate,0.0,0.0,0,-6.0,36953,18127,1948,,,,,188
BraTS-GLI-00764-000,dilate,0.0,0.0,0,-4.02,36844,17396,2057,4,4,1,0,188
BraTS-GLI-00764-000,dilate,0.0,0.0,0,-2.0,36710,16678,2191,,,,,188
BraTS-GLI-00764-000,dilate,0.0,0.0,0,0.0,36567,15981,2334,0,4,0,0,188
BraTS-GLI-00764-000,dilate,0.0,0.0,0,2.0,36398,15313,2503,,,,,188
BraTS-GLI-00764-000,dilate,0.0,0.0,1,-6.0,39060,1564,5420,,,,,188
BraTS-GLI-00764-000,dilate,0.0,0.0,1,-4.02,38460,1413,6020,,,,,188
BraTS-GLI-00764-000,dilate,0.0,0.0,1,-2.0,37916,1270,6564,,,,,188
BraTS-GLI-00764-000,dilate,0.0,0.0,1,0.0,37290,1149,7190,,,,,188
BraTS-GLI-00764-000,dilate,0.0,0.0,1,2.0,36613,1021,7867,,,,,188
BraTS-GLI-00764-000,dilate,0.0,0.0,2,-6.0,66652,19192,21600,,,,,188
BraTS-GLI-00764-000,dilate,0.0,0.0,2,-4.02,65440,15428,22812,,,,,188
BraTS-GLI-00764-000,dilate,0.0,0.0,2,-2.0,64074,12459,24178,,,,,188
BraTS-GLI-00764-000,dilate,0.0,0.0,2,0.0,62738,10472,25514,,,,,188
BraTS-GLI-00764-000,dilate,0.0,0.0,2,2.0,61453,8690,26799,,,,,188
BraTS-GLI-00764-000,boost,2.0,0.0,0,-6.0,32796,1723,6105,,,,,188
BraTS-GLI-00764-000,boost,2.0,0.0,0,-4.02,32221,1298,6680,4,4,1,0,188
BraTS-GLI-00764-000,boost,2.0,0.0,0,-2.0,31605,966,7296,,,,,188
BraTS-GLI-00764-000,boost,2.0,0.0,0,0.0,30902,683,7999,0,4,0,0,188
BraTS-GLI-00764-000,boost,2.0,0.0,0,2.0,30173,453,8728,,,,,188
BraTS-GLI-00764-000,boost,2.0,0.0,1,-6.0,39060,1564,5420,,,,,188
BraTS-GLI-00764-000,boost,2.0,0.0,1,-4.02,38460,1413,6020,,,,,188
BraTS-GLI-00764-000,boost,2.0,0.0,1,-2.0,37916,1270,6564,,,,,188
BraTS-GLI-00764-000,boost,2.0,0.0,1,0.0,37290,1149,7190,,,,,188
BraTS-GLI-00764-000,boost,2.0,0.0,1,2.0,36613,1021,7867,,,,,188
BraTS-GLI-00764-000,boost,2.0,0.0,2,-6.0,66652,19192,21600,,,,,188
BraTS-GLI-00764-000,boost,2.0,0.0,2,-4.02,65440,15428,22812,,,,,188
BraTS-GLI-00764-000,boost,2.0,0.0,2,-2.0,64074,12459,24178,,,,,188
BraTS-GLI-00764-000,boost,2.0,0.0,2,0.0,62738,10472,25514,,,,,188
BraTS-GLI-00764-000,boost,2.0,0.0,2,2.0,61453,8690,26799,,,,,188
BraTS-GLI-00764-000,boost,4.0,0.0,0,-6.0,33305,2225,5596,,,,,188
BraTS-GLI-00764-000,boost,4.0,0.0,0,-4.02,32749,1689,6152,4,4,1,0,188
BraTS-GLI-00764-000,boost,4.0,0.0,0,-2.0,32158,1266,6743,,,,,188
BraTS-GLI-00764-000,boost,4.0,0.0,0,0.0,31534,940,7367,0,4,0,0,188
BraTS-GLI-00764-000,boost,4.0,0.0,0,2.0,30823,668,8078,,,,,188
BraTS-GLI-00764-000,boost,4.0,0.0,1,-6.0,39060,1564,5420,,,,,188
BraTS-GLI-00764-000,boost,4.0,0.0,1,-4.02,38460,1413,6020,,,,,188
BraTS-GLI-00764-000,boost,4.0,0.0,1,-2.0,37916,1270,6564,,,,,188
BraTS-GLI-00764-000,boost,4.0,0.0,1,0.0,37290,1149,7190,,,,,188
BraTS-GLI-00764-000,boost,4.0,0.0,1,2.0,36613,1021,7867,,,,,188
BraTS-GLI-00764-000,boost,4.0,0.0,2,-6.0,66652,19192,21600,,,,,188
BraTS-GLI-00764-000,boost,4.0,0.0,2,-4.02,65440,15428,22812,,,,,188
BraTS-GLI-00764-000,boost,4.0,0.0,2,-2.0,64074,12459,24178,,,,,188
BraTS-GLI-00764-000,boost,4.0,0.0,2,0.0,62738,10472,25514,,,,,188
BraTS-GLI-00764-000,boost,4.0,0.0,2,2.0,61453,8690,26799,,,,,188
BraTS-GLI-01258-000,none,0.0,0.0,0,-6.0,7658,2195,1007,,,,,14
BraTS-GLI-01258-000,none,0.0,0.0,0,-4.02,7577,1991,1088,0,0,0,0,14
BraTS-GLI-01258-000,none,0.0,0.0,0,-2.0,7471,1806,1194,,,,,14
BraTS-GLI-01258-000,none,0.0,0.0,0,0.0,7364,1644,1301,0,0,0,0,14
BraTS-GLI-01258-000,none,0.0,0.0,0,2.0,7234,1498,1431,,,,,14
BraTS-GLI-01258-000,none,0.0,0.0,1,-6.0,14446,1276,1015,,,,,14
BraTS-GLI-01258-000,none,0.0,0.0,1,-4.02,14374,1140,1087,,,,,14
BraTS-GLI-01258-000,none,0.0,0.0,1,-2.0,14293,1033,1168,,,,,14
BraTS-GLI-01258-000,none,0.0,0.0,1,0.0,14214,924,1247,,,,,14
BraTS-GLI-01258-000,none,0.0,0.0,1,2.0,14114,839,1347,,,,,14
BraTS-GLI-01258-000,none,0.0,0.0,2,-6.0,58692,19081,554,,,,,14
BraTS-GLI-01258-000,none,0.0,0.0,2,-4.02,58578,16924,668,,,,,14
BraTS-GLI-01258-000,none,0.0,0.0,2,-2.0,58398,15059,848,,,,,14
BraTS-GLI-01258-000,none,0.0,0.0,2,0.0,58208,13333,1038,,,,,14
BraTS-GLI-01258-000,none,0.0,0.0,2,2.0,57960,11784,1286,,,,,14
BraTS-GLI-01258-000,pspds,0.5,0.0,0,-6.0,7663,2191,1002,,,,,14
BraTS-GLI-01258-000,pspds,0.5,0.0,0,-4.02,7582,2001,1083,0,0,0,0,14
BraTS-GLI-01258-000,pspds,0.5,0.0,0,-2.0,7476,1803,1189,,,,,14
BraTS-GLI-01258-000,pspds,0.5,0.0,0,0.0,7373,1653,1292,0,0,0,0,14
BraTS-GLI-01258-000,pspds,0.5,0.0,0,2.0,7242,1506,1423,,,,,14
BraTS-GLI-01258-000,pspds,0.5,0.0,1,-6.0,14450,1286,1011,,,,,14
BraTS-GLI-01258-000,pspds,0.5,0.0,1,-4.02,14378,1148,1083,,,,,14
BraTS-GLI-01258-000,pspds,0.5,0.0,1,-2.0,14300,1038,1161,,,,,14
BraTS-GLI-01258-000,pspds,0.5,0.0,1,0.0,14223,940,1238,,,,,14
BraTS-GLI-01258-000,pspds,0.5,0.0,1,2.0,14129,854,1332,,,,,14
BraTS-GLI-01258-000,pspds,0.5,0.0,2,-6.0,58695,19178,551,,,,,14
BraTS-GLI-01258-000,pspds,0.5,0.0,2,-4.02,58578,17014,668,,,,,14
BraTS-GLI-01258-000,pspds,0.5,0.0,2,-2.0,58401,15143,845,,,,,14
BraTS-GLI-01258-000,pspds,0.5,0.0,2,0.0,58212,13451,1034,,,,,14
BraTS-GLI-01258-000,pspds,0.5,0.0,2,2.0,57983,11876,1263,,,,,14
BraTS-GLI-01258-000,pspds,0.5,1.0,0,-6.0,7657,2194,1008,,,,,14
BraTS-GLI-01258-000,pspds,0.5,1.0,0,-4.02,7578,1998,1087,0,0,0,0,14
BraTS-GLI-01258-000,pspds,0.5,1.0,0,-2.0,7473,1804,1192,,,,,14
BraTS-GLI-01258-000,pspds,0.5,1.0,0,0.0,7367,1647,1298,0,0,0,0,14
BraTS-GLI-01258-000,pspds,0.5,1.0,0,2.0,7237,1504,1428,,,,,14
BraTS-GLI-01258-000,pspds,0.5,1.0,1,-6.0,14449,1284,1012,,,,,14
BraTS-GLI-01258-000,pspds,0.5,1.0,1,-4.02,14376,1144,1085,,,,,14
BraTS-GLI-01258-000,pspds,0.5,1.0,1,-2.0,14297,1033,1164,,,,,14
BraTS-GLI-01258-000,pspds,0.5,1.0,1,0.0,14216,934,1245,,,,,14
BraTS-GLI-01258-000,pspds,0.5,1.0,1,2.0,14122,849,1339,,,,,14
BraTS-GLI-01258-000,pspds,0.5,1.0,2,-6.0,58695,19124,551,,,,,14
BraTS-GLI-01258-000,pspds,0.5,1.0,2,-4.02,58581,16979,665,,,,,14
BraTS-GLI-01258-000,pspds,0.5,1.0,2,-2.0,58400,15110,846,,,,,14
BraTS-GLI-01258-000,pspds,0.5,1.0,2,0.0,58213,13397,1033,,,,,14
BraTS-GLI-01258-000,pspds,0.5,1.0,2,2.0,57971,11833,1275,,,,,14
BraTS-GLI-01258-000,pspds,1.0,0.0,0,-6.0,7667,2185,998,,,,,14
BraTS-GLI-01258-000,pspds,1.0,0.0,0,-4.02,7587,1996,1078,0,0,0,0,14
BraTS-GLI-01258-000,pspds,1.0,0.0,0,-2.0,7481,1803,1184,,,,,14
BraTS-GLI-01258-000,pspds,1.0,0.0,0,0.0,7378,1660,1287,0,0,0,0,14
BraTS-GLI-01258-000,pspds,1.0,0.0,0,2.0,7257,1505,1408,,,,,14
BraTS-GLI-01258-000,pspds,1.0,0.0,1,-6.0,14454,1288,1007,,,,,14
BraTS-GLI-01258-000,pspds,1.0,0.0,1,-4.02,14385,1156,1076,,,,,14
BraTS-GLI-01258-000,pspds,1.0,0.0,1,-2.0,14305,1042,1156,,,,,14
BraTS-GLI-01258-000,pspds,1.0,0.0,1,0.0,14233,953,1228,,,,,14
BraTS-GLI-01258-000,pspds,1.0,0.0,1,2.0,14140,859,1321,,,,,14
BraTS-GLI-01258-000,pspds,1.0,0.0,2,-6.0,58699,19294,547,,,,,14
BraTS-GLI-01258-000,pspds,1.0,0.0,2,-4.02,58582,17096,664,,,,,14
BraTS-GLI-01258-000,pspds,1.0,0.0,2,-2.0,58406,15231,840,,,,,14
BraTS-GLI-01258-000,pspds,1.0,0.0,2,0.0,58221,13549,1025,,,,,14
BraTS-GLI-01258-000,pspds,1.0,0.0,2,2.0,57993,11951,1253,,,,,14
BraTS-GLI-01258-000,pspds,1.0,1.0,0,-6.0,7663,2192,1002,,,,,14
BraTS-GLI-01258-000,pspds,1.0,1.0,0,-4.02,7581,1999,1084,0,0,0,0,14
BraTS-GLI-01258-000,pspds,1.0,1.0,0,-2.0,7474,1803,1191,,,,,14
BraTS-GLI-01258-000,pspds,1.0,1.0,0,0.0,7372,1652,1293,0,0,0,0,14
BraTS-GLI-01258-000,pspds,1.0,1.0,0,2.0,7239,1507,1426,,,,,14
BraTS-GLI-01258-000,pspds,1.0,1.0,1,-6.0,14450,1285,1011,,,,,14
BraTS-GLI-01258-000,pspds,1.0,1.0,1,-4.02,14378,1146,1083,,,,,14
BraTS-GLI-01258-000,pspds,1.0,1.0,1,-2.0,14299,1037,1162,,,,,14
BraTS-GLI-01258-000,pspds,1.0,1.0,1,0.0,14223,938,1238,,,,,14
BraTS-GLI-01258-000,pspds,1.0,1.0,1,2.0,14124,854,1337,,,,,14
BraTS-GLI-01258-000,pspds,1.0,1.0,2,-6.0,58695,19185,551,,,,,14
BraTS-GLI-01258-000,pspds,1.0,1.0,2,-4.02,58579,17015,667,,,,,14
BraTS-GLI-01258-000,pspds,1.0,1.0,2,-2.0,58401,15145,845,,,,,14
BraTS-GLI-01258-000,pspds,1.0,1.0,2,0.0,58215,13453,1031,,,,,14
BraTS-GLI-01258-000,pspds,1.0,1.0,2,2.0,57980,11880,1266,,,,,14
BraTS-GLI-01258-000,interp,0.5,0.0,0,-6.0,7697,2260,968,,,,,14
BraTS-GLI-01258-000,interp,0.5,0.0,0,-4.02,7617,2060,1048,0,0,0,0,14
BraTS-GLI-01258-000,interp,0.5,0.0,0,-2.0,7517,1848,1148,,,,,14
BraTS-GLI-01258-000,interp,0.5,0.0,0,0.0,7403,1694,1262,0,0,0,0,14
BraTS-GLI-01258-000,interp,0.5,0.0,0,2.0,7296,1555,1369,,,,,14
BraTS-GLI-01258-000,interp,0.5,0.0,1,-6.0,14486,1339,975,,,,,14
BraTS-GLI-01258-000,interp,0.5,0.0,1,-4.02,14419,1218,1042,,,,,14
BraTS-GLI-01258-000,interp,0.5,0.0,1,-2.0,14333,1087,1128,,,,,14
BraTS-GLI-01258-000,interp,0.5,0.0,1,0.0,14263,990,1198,,,,,14
BraTS-GLI-01258-000,interp,0.5,0.0,1,2.0,14181,889,1280,,,,,14
BraTS-GLI-01258-000,interp,0.5,0.0,2,-6.0,58744,20759,502,,,,,14
BraTS-GLI-01258-000,interp,0.5,0.0,2,-4.02,58643,18527,603,,,,,14
BraTS-GLI-01258-000,interp,0.5,0.0,2,-2.0,58499,16578,747,,,,,14
BraTS-GLI-01258-000,interp,0.5,0.0,2,0.0,58318,14747,928,,,,,14
BraTS-GLI-01258-000,interp,0.5,0.0,2,2.0,58107,13022,1139,,,,,14
BraTS-GLI-01258-000,interp,1.0,0.0,0,-6.0,7732,2320,933,,,,,14
BraTS-GLI-01258-000,interp,1.0,0.0,0,-4.02,7654,2124,1011,0,0,0,0,14
BraTS-GLI-01258-000,interp,1.0,0.0,0,-2.0,7555,1932,1110,,,,,14
BraTS-GLI-01258-000,interp,1.0,0.0,0,0.0,7456,1743,1209,0,0,0,0,14
BraTS-GLI-01258-000,interp,1.0,0.0,0,2.0,7347,1608,1318,,,,,14
BraTS-GLI-01258-000,interp,1.0,0.0,1,-6.0,14510,1430,951,,,,,14
BraTS-GLI-01258-000,interp,1.0,0.0,1,-4.02,14454,1304,1007,,,,,14
BraTS-GLI-01258-000,interp,1.0,0.0,1,-2.0,14386,1175,1075,,,,,14
BraTS-GLI-01258-000,interp,1.0,0.0,1,0.0,14313,1063,1148,,,,,14
BraTS-GLI-01258-000,interp,1.0,0.0,1,2.0,14220,954,1241,,,,,14
BraTS-GLI-01258-000,interp,1.0,0.0,2,-6.0,58780,22240,466,,,,,14
BraTS-GLI-01258-000,interp,1.0,0.0,2,-4.02,58698,19918,548,,,,,14
BraTS-GLI-01258-000,interp,1.0,0.0,2,-2.0,58563,17929,683,,,,,14
BraTS-GLI-01258-000,interp,1.0,0.0,2,0.0,58398,16081,848,,,,,14
BraTS-GLI-01258-000,interp,1.0,0.0,2,2.0,58226,14247,1020,,,,,14
BraTS-GLI-01258-000,global,0.5,0.0,0,-6.0,7784,2457,881,,,,,14
BraTS-GLI-01258-000,global,0.5,0.0,0,-4.02,7696,2216,969,0,0,0,0,14
BraTS-GLI-01258-000,global,0.5,0.0,0,-2.0,7605,2018,1060,,,,,14
BraTS-GLI-01258-000,global,0.5,0.0,0,0.0,7506,1819,1159,0,0,0,0,14
BraTS-GLI-01258-000,global,0.5,0.0,0,2.0,7373,1653,1292,,,,,14
BraTS-GLI-01258-000,global,0.5,0.0,1,-6.0,14592,1636,869,,,,,14
BraTS-GLI-01258-000,global,0.5,0.0,1,-4.02,14525,1445,936,,,,,14
BraTS-GLI-01258-000,global,0.5,0.0,1,-2.0,14462,1302,999,,,,,14
BraTS-GLI-01258-000,global,0.5,0.0,1,0.0,14383,1160,1078,,,,,14
BraTS-GLI-01258-000,global,0.5,0.0,1,2.0,14303,1043,1158,,,,,14
BraTS-GLI-01258-000,global,0.5,0.0,2,-6.0,58827,23130,419,,,,,14
BraTS-GLI-01258-000,global,0.5,0.0,2,-4.02,58752,20549,494,,,,,14
BraTS-GLI-01258-000,global,0.5,0.0,2,-2.0,58628,18390,618,,,,,14
BraTS-GLI-01258-000,global,0.5,0.0,2,0.0,58460,16367,786,,,,,14
BraTS-GLI-01258-000,global,0.5,0.0,2,2.0,58255,14427,991,,,,,14
BraTS-GLI-01258-000,global,1.0,0.0,0,-6.0,7921,3138,744,,,,,14
BraTS-GLI-01258-000,global,1.0,0.0,0,-4.02,7818,2681,847,0,0,0,8,14
BraTS-GLI-01258-000,global,1.0,0.0,0,-2.0,7706,2327,959,,,,,14
BraTS-GLI-01258-000,global,1.0,0.0,0,0.0,7589,2056,1076,0,0,0,4,14
BraTS-GLI-01258-000,global,1.0,0.0,0,2.0,7453,1794,1212,,,,,14
BraTS-GLI-01258-000,global,1.0,0.0,1,-6.0,14855,20910,606,,,,,14
BraTS-GLI-01258-000,global,1.0,0.0,1,-4.02,14790,18818,671,,,,,14
BraTS-GLI-01258-000,global,1.0,0.0,1,-2.0,14746,16663,715,,,,,14
BraTS-GLI-01258-000,global,1.0,0.0,1,0.0,14690,14381,771,,,,,14
BraTS-GLI-01258-000,global,1.0,0.0,1,2.0,14635,11616,826,,,,,14
BraTS-GLI-01258-000,global,1.0,0.0,2,-6.0,58940,35145,306,,,,,14
BraTS-GLI-01258-000,global,1.0,0.0,2,-4.02,58883,31742,363,,,,,14
BraTS-GLI-01258-000,global,1.0,0.0,2,-2.0,58816,28756,430,,,,,14
BraTS-GLI-01258-000,global,1.0,0.0,2,0.0,58703,26117,543,,,,,14
BraTS-GLI-01258-000,global,1.0,0.0,2,2.0,58589,23527,657,,,,,14
BraTS-GLI-01258-000,dilate,0.0,0.0,0,-6.0,8310,10768,355,,,,,14
BraTS-GLI-01258-000,dilate,0.0,0.0,0,-4.02,8303,10519,362,0,0,0,0,14
BraTS-GLI-01258-000,dilate,0.0,0.0,0,-2.0,8291,10269,374,,,,,14
BraTS-GLI-01258-000,dilate,0.0,0.0,0,0.0,8284,10019,381,0,0,0,0,14
BraTS-GLI-01258-000,dilate,0.0,0.0,0,2.0,8272,9781,393,,,,,14
BraTS-GLI-01258-000,dilate,0.0,0.0,1,-6.0,14446,1276,1015,,,,,14
BraTS-GLI-01258-000,dilate,0.0,0.0,1,-4.02,14374,1140,1087,,,,,14
BraTS-GLI-01258-000,dilate,0.0,0.0,1,-2.0,14293,1033,1168,,,,,14
BraTS-GLI-01258-000,dilate,0.0,0.0,1,0.0,14214,924,1247,,,,,14
BraTS-GLI-01258-000,dilate,0.0,0.0,1,2.0,14114,839,1347,,,,,14
BraTS-GLI-01258-000,dilate,0.0,0.0,2,-6.0,58692,19081,554,,,,,14
BraTS-GLI-01258-000,dilate,0.0,0.0,2,-4.02,58578,16924,668,,,,,14
BraTS-GLI-01258-000,dilate,0.0,0.0,2,-2.0,58398,15059,848,,,,,14
BraTS-GLI-01258-000,dilate,0.0,0.0,2,0.0,58208,13333,1038,,,,,14
BraTS-GLI-01258-000,dilate,0.0,0.0,2,2.0,57960,11784,1286,,,,,14
BraTS-GLI-01258-000,boost,2.0,0.0,0,-6.0,7748,2411,917,,,,,14
BraTS-GLI-01258-000,boost,2.0,0.0,0,-4.02,7656,2189,1009,0,0,0,0,14
BraTS-GLI-01258-000,boost,2.0,0.0,0,-2.0,7571,1983,1094,,,,,14
BraTS-GLI-01258-000,boost,2.0,0.0,0,0.0,7467,1801,1198,0,0,0,0,14
BraTS-GLI-01258-000,boost,2.0,0.0,0,2.0,7355,1641,1310,,,,,14
BraTS-GLI-01258-000,boost,2.0,0.0,1,-6.0,14446,1276,1015,,,,,14
BraTS-GLI-01258-000,boost,2.0,0.0,1,-4.02,14374,1140,1087,,,,,14
BraTS-GLI-01258-000,boost,2.0,0.0,1,-2.0,14293,1033,1168,,,,,14
BraTS-GLI-01258-000,boost,2.0,0.0,1,0.0,14214,924,1247,,,,,14
BraTS-GLI-01258-000,boost,2.0,0.0,1,2.0,14114,839,1347,,,,,14
BraTS-GLI-01258-000,boost,2.0,0.0,2,-6.0,58692,19081,554,,,,,14
BraTS-GLI-01258-000,boost,2.0,0.0,2,-4.02,58578,16924,668,,,,,14
BraTS-GLI-01258-000,boost,2.0,0.0,2,-2.0,58398,15059,848,,,,,14
BraTS-GLI-01258-000,boost,2.0,0.0,2,0.0,58208,13333,1038,,,,,14
BraTS-GLI-01258-000,boost,2.0,0.0,2,2.0,57960,11784,1286,,,,,14
BraTS-GLI-01258-000,boost,4.0,0.0,0,-6.0,7831,2640,834,,,,,14
BraTS-GLI-01258-000,boost,4.0,0.0,0,-4.02,7746,2408,919,0,0,0,0,14
BraTS-GLI-01258-000,boost,4.0,0.0,0,-2.0,7649,2180,1016,,,,,14
BraTS-GLI-01258-000,boost,4.0,0.0,0,0.0,7567,1978,1098,0,0,0,0,14
BraTS-GLI-01258-000,boost,4.0,0.0,0,2.0,7458,1798,1207,,,,,14
BraTS-GLI-01258-000,boost,4.0,0.0,1,-6.0,14446,1276,1015,,,,,14
BraTS-GLI-01258-000,boost,4.0,0.0,1,-4.02,14374,1140,1087,,,,,14
BraTS-GLI-01258-000,boost,4.0,0.0,1,-2.0,14293,1033,1168,,,,,14
BraTS-GLI-01258-000,boost,4.0,0.0,1,0.0,14214,924,1247,,,,,14
BraTS-GLI-01258-000,boost,4.0,0.0,1,2.0,14114,839,1347,,,,,14
BraTS-GLI-01258-000,boost,4.0,0.0,2,-6.0,58692,19081,554,,,,,14
BraTS-GLI-01258-000,boost,4.0,0.0,2,-4.02,58578,16924,668,,,,,14
BraTS-GLI-01258-000,boost,4.0,0.0,2,-2.0,58398,15059,848,,,,,14
BraTS-GLI-01258-000,boost,4.0,0.0,2,0.0,58208,13333,1038,,,,,14
BraTS-GLI-01258-000,boost,4.0,0.0,2,2.0,57960,11784,1286,,,,,14
BraTS-GLI-00811-000,none,0.0,0.0,0,-6.0,25497,2932,2110,,,,,207
BraTS-GLI-00811-000,none,0.0,0.0,0,-4.02,25124,2339,2483,0,1,0,0,207
BraTS-GLI-00811-000,none,0.0,0.0,0,-2.0,24642,1864,2965,,,,,207
BraTS-GLI-00811-000,none,0.0,0.0,0,0.0,24132,1481,3475,0,1,0,0,207
BraTS-GLI-00811-000,none,0.0,0.0,0,2.0,23522,1204,4085,,,,,207
BraTS-GLI-00811-000,none,0.0,0.0,1,-6.0,46023,2030,1184,,,,,207
BraTS-GLI-00811-000,none,0.0,0.0,1,-4.02,45821,1733,1386,,,,,207
BraTS-GLI-00811-000,none,0.0,0.0,1,-2.0,45567,1499,1640,,,,,207
BraTS-GLI-00811-000,none,0.0,0.0,1,0.0,45263,1310,1944,,,,,207
BraTS-GLI-00811-000,none,0.0,0.0,1,2.0,44917,1171,2290,,,,,207
BraTS-GLI-00811-000,none,0.0,0.0,2,-6.0,117501,4784,368,,,,,207
BraTS-GLI-00811-000,none,0.0,0.0,2,-4.02,117313,3567,556,,,,,207
BraTS-GLI-00811-000,none,0.0,0.0,2,-2.0,116968,2569,901,,,,,207
BraTS-GLI-00811-000,none,0.0,0.0,2,0.0,116412,1822,1457,,,,,207
BraTS-GLI-00811-000,none,0.0,0.0,2,2.0,115607,1341,2262,,,,,207
BraTS-GLI-00811-000,pspds,0.5,0.0,0,-6.0,25513,2986,2094,,,,,207
BraTS-GLI-00811-000,pspds,0.5,0.0,0,-4.02,25147,2383,2460,0,1,0,0,207
BraTS-GLI-00811-000,pspds,0.5,0.0,0,-2.0,24670,1904,2937,,,,,207
BraTS-GLI-00811-000,pspds,0.5,0.0,0,0.0,24174,1529,3433,0,1,0,0,207
BraTS-GLI-00811-000,pspds,0.5,0.0,0,2.0,23590,1245,4017,,,,,207
BraTS-GLI-00811-000,pspds,0.5,0.0,1,-6.0,46056,2122,1151,,,,,207
BraTS-GLI-00811-000,pspds,0.5,0.0,1,-4.02,45878,1819,1329,,,,,207
BraTS-GLI-00811-000,pspds,0.5,0.0,1,-2.0,45638,1581,1569,,,,,207
BraTS-GLI-00811-000,pspds,0.5,0.0,1,0.0,45334,1380,1873,,,,,207
BraTS-GLI-00811-000,pspds,0.5,0.0,1,2.0,45012,1227,2195,,,,,207
BraTS-GLI-00811-000,pspds,0.5,0.0,2,-6.0,117515,4876,354,,,,,207
BraTS-GLI-00811-000,pspds,0.5,0.0,2,-4.02,117334,3643,535,,,,,207
BraTS-GLI-00811-000,pspds,0.5,0.0,2,-2.0,117001,2657,868,,,,,207
BraTS-GLI-00811-000,pspds,0.5,0.0,2,0.0,116463,1906,1406,,,,,207
BraTS-GLI-00811-000,pspds,0.5,0.0,2,2.0,115680,1392,2189,,,,,207
BraTS-GLI-00811-000,pspds,0.5,1.0,0,-6.0,25498,2959,2109,,,,,207
BraTS-GLI-00811-000,pspds,0.5,1.0,0,-4.02,25131,2360,2476,0,1,0,0,207
BraTS-GLI-00811-000,pspds,0.5,1.0,0,-2.0,24653,1884,2954,,,,,207
BraTS-GLI-00811-000,pspds,0.5,1.0,0,0.0,24146,1497,3461,0,1,0,0,207
BraTS-GLI-00811-000,pspds,0.5,1.0,0,2.0,23556,1224,4051,,,,,207
BraTS-GLI-00811-000,pspds,0.5,1.0,1,-6.0,46036,2056,1171,,,,,207
BraTS-GLI-00811-000,pspds,0.5,1.0,1,-4.02,45844,1773,1363,,,,,207
BraTS-GLI-00811-000,pspds,0.5,1.0,1,-2.0,45596,1544,1611,,,,,207
BraTS-GLI-00811-000,pspds,0.5,1.0,1,0.0,45291,1344,1916,,,,,207
BraTS-GLI-00811-000,pspds,0.5,1.0,1,2.0,44953,1193,2254,,,,,207
BraTS-GLI-00811-000,pspds,0.5,1.0,2,-6.0,117507,4816,362,,,,,207
BraTS-GLI-00811-000,pspds,0.5,1.0,2,-4.02,117327,3595,542,,,,,207
BraTS-GLI-00811-000,pspds,0.5,1.0,2,-2.0,116978,2610,891,,,,,207
BraTS-GLI-00811-000,pspds,0.5,1.0,2,0.0,116428,1859,1441,,,,,207
BraTS-GLI-00811-000,pspds,0.5,1.0,2,2.0,115635,1358,2234,,,,,207
BraTS-GLI-00811-000,pspds,1.0,0.0,0,-6.0,25525,3063,2082,,,,,207
BraTS-GLI-00811-000,pspds,1.0,0.0,0,-4.02,25167,2442,2440,0,1,0,0,207
BraTS-GLI-00811-000,pspds,1.0,0.0,0,-2.0,24704,1950,2903,,,,,207
BraTS-GLI-00811-000,pspds,1.0,0.0,0,0.0,24205,1575,3402,0,1,0,0,207
BraTS-GLI-00811-000,pspds,1.0,0.0,0,2.0,23641,1289,3966,,,,,207
BraTS-GLI-00811-000,pspds,1.0,0.0,1,-6.0,46083,2216,1124,,,,,207
BraTS-GLI-00811-000,pspds,1.0,0.0,1,-4.02,45915,1898,1292,,,,,207
BraTS-GLI-00811-000,pspds,1.0,0.0,1,-2.0,45687,1647,1520,,,,,207
BraTS-GLI-00811-000,pspds,1.0,0.0,1,0.0,45407,1442,1800,,,,,207
BraTS-GLI-00811-000,pspds,1.0,0.0,1,2.0,45090,1273,2117,,,,,207
BraTS-GLI-00811-000,pspds,1.0,0.0,2,-6.0,117524,4971,345,,,,,207
BraTS-GLI-00811-000,pspds,1.0,0.0,2,-4.02,117353,3748,516,,,,,207
BraTS-GLI-00811-000,pspds,1.0,0.0,2,-2.0,117030,2749,839,,,,,207
BraTS-GLI-00811-000,pspds,1.0,0.0,2,0.0,116506,1980,1363,,,,,207
BraTS-GLI-00811-000,pspds,1.0,0.0,2,2.0,115736,1459,2133,,,,,207
BraTS-GLI-00811-000,pspds,1.0,1.0,0,-6.0,25506,2975,2101,,,,,207
BraTS-GLI-00811-000,pspds,1.0,1.0,0,-4.02,25139,2378,2468,0,1,0,0,207
BraTS-GLI-00811-000,pspds,1.0,1.0,0,-2.0,24662,1901,2945,,,,,207
BraTS-GLI-00811-000,pspds,1.0,1.0,0,0.0,24161,1520,3446,0,1,0,0,207
BraTS-GLI-00811-000,pspds,1.0,1.0,0,2.0,23576,1238,4031,,,,,207
BraTS-GLI-00811-000,pspds,1.0,1.0,1,-6.0,46049,2098,1158,,,,,207
BraTS-GLI-00811-000,pspds,1.0,1.0,1,-4.02,45859,1802,1348,,,,,207
BraTS-GLI-00811-000,pspds,1.0,1.0,1,-2.0,45619,1569,1588,,,,,207
BraTS-GLI-00811-000,pspds,1.0,1.0,1,0.0,45321,1363,1886,,,,,207
BraTS-GLI-00811-000,pspds,1.0,1.0,1,2.0,44992,1219,2215,,,,,207
BraTS-GLI-00811-000,pspds,1.0,1.0,2,-6.0,117511,4849,358,,,,,207
BraTS-GLI-00811-000,pspds,1.0,1.0,2,-4.02,117330,3626,539,,,,,207
BraTS-GLI-00811-000,pspds,1.0,1.0,2,-2.0,116993,2642,876,,,,,207
BraTS-GLI-00811-000,pspds,1.0,1.0,2,0.0,116454,1886,1415,,,,,207
BraTS-GLI-00811-000,pspds,1.0,1.0,2,2.0,115670,1375,2199,,,,,207
BraTS-GLI-00811-000,interp,0.5,0.0,0,-6.0,25655,3584,1952,,,,,207
BraTS-GLI-00811-000,interp,0.5,0.0,0,-4.02,25329,2859,2278,0,1,0,3,207
BraTS-GLI-00811-000,interp,0.5,0.0,0,-2.0,24932,2312,2675,,,,,207
BraTS-GLI-00811-000,interp,0.5,0.0,0,0.0,24478,1826,3129,0,1,0,0,207
BraTS-GLI-00811-000,interp,0.5,0.0,0,2.0,23938,1494,3669,,,,,207
BraTS-GLI-00811-000,interp,0.5,0.0,1,-6.0,46121,2780,1086,,,,,207
BraTS-GLI-00811-000,interp,0.5,0.0,1,-4.02,46005,2373,1202,,,,,207
BraTS-GLI-00811-000,interp,0.5,0.0,1,-2.0,45832,2033,1375,,,,,207
BraTS-GLI-00811-000,interp,0.5,0.0,1,0.0,45578,1735,1629,,,,,207
BraTS-GLI-00811-000,interp,0.5,0.0,1,2.0,45237,1492,1970,,,,,207
BraTS-GLI-00811-000,interp,0.5,0.0,2,-6.0,117636,7235,233,,,,,207
BraTS-GLI-00811-000,interp,0.5,0.0,2,-4.02,117550,5764,319,,,,,207
BraTS-GLI-00811-000,interp,0.5,0.0,2,-2.0,117360,4364,509,,,,,207
BraTS-GLI-00811-000,interp,0.5,0.0,2,0.0,116988,3266,881,,,,,207
BraTS-GLI-00811-000,interp,0.5,0.0,2,2.0,116385,2377,1484,,,,,207
BraTS-GLI-00811-000,interp,1.0,0.0,0,-6.0,25697,4749,1910,,,,,207
BraTS-GLI-00811-000,interp,1.0,0.0,0,-4.02,25456,3888,2151,0,1,0,2,207
BraTS-GLI-00811-000,interp,1.0,0.0,0,-2.0,25108,3197,2499,,,,,207
BraTS-GLI-00811-000,interp,1.0,0.0,0,0.0,24731,2600,2876,0,1,0,2,207
BraTS-GLI-00811-000,interp,1.0,0.0,0,2.0,24248,2131,3359,,,,,207
BraTS-GLI-00811-000,interp,1.0,0.0,1,-6.0,46166,4905,1041,,,,,207
BraTS-GLI-00811-000,interp,1.0,0.0,1,-4.02,46072,4192,1135,,,,,207
BraTS-GLI-00811-000,interp,1.0,0.0,1,-2.0,45948,3555,1259,,,,,207
BraTS-GLI-00811-000,interp,1.0,0.0,1,0.0,45760,3065,1447,,,,,207
BraTS-GLI-00811-000,interp,1.0,0.0,1,2.0,45515,2608,1692,,,,,207
BraTS-GLI-00811-000,interp,1.0,0.0,2,-6.0,117678,10654,191,,,,,207
BraTS-GLI-00811-000,interp,1.0,0.0,2,-4.02,117630,8873,239,,,,,207
BraTS-GLI-00811-000,interp,1.0,0.0,2,-2.0,117498,7259,371,,,,,207
BraTS-GLI-00811-000,interp,1.0,0.0,2,0.0,117291,5791,578,,,,,207
BraTS-GLI-00811-000,interp,1.0,0.0,2,2.0,116889,4524,980,,,,,207
BraTS-GLI-00811-000,global,0.5,0.0,0,-6.0,25727,3842,1880,,,,,207
BraTS-GLI-00811-000,global,0.5,0.0,0,-4.02,25414,3039,2193,0,1,0,3,207
BraTS-GLI-00811-000,global,0.5,0.0,0,-2.0,24998,2411,2609,,,,,207
BraTS-GLI-00811-000,global,0.5,0.0,0,0.0,24540,1939,3067,0,1,0,1,207
BraTS-GLI-00811-000,global,0.5,0.0,0,2.0,23970,1548,3637,,,,,207
BraTS-GLI-00811-000,global,0.5,0.0,1,-6.0,46207,3354,1000,,,,,207
BraTS-GLI-00811-000,global,0.5,0.0,1,-4.02,46092,2872,1115,,,,,207
BraTS-GLI-00811-000,global,0.5,0.0,1,-2.0,45970,2455,1237,,,,,207
BraTS-GLI-00811-000,global,0.5,0.0,1,0.0,45783,2079,1424,,,,,207
BraTS-GLI-00811-000,global,0.5,0.0,1,2.0,45518,1772,1689,,,,,207
BraTS-GLI-00811-000,global,0.5,0.0,2,-6.0,117657,8677,212,,,,,207
BraTS-GLI-00811-000,global,0.5,0.0,2,-4.02,117596,7025,273,,,,,207
BraTS-GLI-00811-000,global,0.5,0.0,2,-2.0,117430,5508,439,,,,,207
BraTS-GLI-00811-000,global,0.5,0.0,2,0.0,117134,4106,735,,,,,207
BraTS-GLI-00811-000,global,0.5,0.0,2,2.0,116578,3027,1291,,,,,207
BraTS-GLI-00811-000,global,1.0,0.0,0,-6.0,25670,6021,1937,,,,,207
BraTS-GLI-00811-000,global,1.0,0.0,0,-4.02,25436,5018,2171,0,1,0,2,207
BraTS-GLI-00811-000,global,1.0,0.0,0,-2.0,25099,4171,2508,,,,,207
BraTS-GLI-00811-000,global,1.0,0.0,0,0.0,24682,3428,2925,0,1,0,1,207
BraTS-GLI-00811-000,global,1.0,0.0,0,2.0,24154,2907,3453,,,,,207
BraTS-GLI-00811-000,global,1.0,0.0,1,-6.0,46330,27764,877,,,,,207
BraTS-GLI-00811-000,global,1.0,0.0,1,-4.02,46272,24365,935,,,,,207
BraTS-GLI-00811-000,global,1.0,0.0,1,-2.0,46177,20986,1030,,,,,207
BraTS-GLI-00811-000,global,1.0,0.0,1,0.0,46089,17675,1118,,,,,207
BraTS-GLI-00811-000,global,1.0,0.0,1,2.0,45965,14003,1242,,,,,207
BraTS-GLI-00811-000,global,1.0,0.0,2,-6.0,117719,20219,150,,,,,207
BraTS-GLI-00811-000,global,1.0,0.0,2,-4.02,117686,17907,183,,,,,207
BraTS-GLI-00811-000,global,1.0,0.0,2,-2.0,117622,15743,247,,,,,207
BraTS-GLI-00811-000,global,1.0,0.0,2,0.0,117511,13645,358,,,,,207
BraTS-GLI-00811-000,global,1.0,0.0,2,2.0,117291,11713,578,,,,,207
BraTS-GLI-00811-000,dilate,0.0,0.0,0,-6.0,26729,20613,878,,,,,207
BraTS-GLI-00811-000,dilate,0.0,0.0,0,-4.02,26687,19809,920,0,1,0,0,207
BraTS-GLI-00811-000,dilate,0.0,0.0,0,-2.0,26632,18954,975,,,,,207
BraTS-GLI-00811-000,dilate,0.0,0.0,0,0.0,26554,18096,1053,0,1,0,0,207
BraTS-GLI-00811-000,dilate,0.0,0.0,0,2.0,26504,17220,1103,,,,,207
BraTS-GLI-00811-000,dilate,0.0,0.0,1,-6.0,46023,2030,1184,,,,,207
BraTS-GLI-00811-000,dilate,0.0,0.0,1,-4.02,45821,1733,1386,,,,,207
BraTS-GLI-00811-000,dilate,0.0,0.0,1,-2.0,45567,1499,1640,,,,,207
BraTS-GLI-00811-000,dilate,0.0,0.0,1,0.0,45263,1310,1944,,,,,207
BraTS-GLI-00811-000,dilate,0.0,0.0,1,2.0,44917,1171,2290,,,,,207
BraTS-GLI-00811-000,dilate,0.0,0.0,2,-6.0,117501,4784,368,,,,,207
BraTS-GLI-00811-000,dilate,0.0,0.0,2,-4.02,117313,3567,556,,,,,207
BraTS-GLI-00811-000,dilate,0.0,0.0,2,-2.0,116968,2569,901,,,,,207
BraTS-GLI-00811-000,dilate,0.0,0.0,2,0.0,116412,1822,1457,,,,,207
BraTS-GLI-00811-000,dilate,0.0,0.0,2,2.0,115607,1341,2262,,,,,207
BraTS-GLI-00811-000,boost,2.0,0.0,0,-6.0,25796,3706,1811,,,,,207
BraTS-GLI-00811-000,boost,2.0,0.0,0,-4.02,25491,2941,2116,0,1,0,0,207
BraTS-GLI-00811-000,boost,2.0,0.0,0,-2.0,25106,2334,2501,,,,,207
BraTS-GLI-00811-000,boost,2.0,0.0,0,0.0,24633,1864,2974,0,1,0,0,207
BraTS-GLI-00811-000,boost,2.0,0.0,0,2.0,24124,1481,3483,,,,,207
BraTS-GLI-00811-000,boost,2.0,0.0,1,-6.0,46023,2030,1184,,,,,207
BraTS-GLI-00811-000,boost,2.0,0.0,1,-4.02,45821,1733,1386,,,,,207
BraTS-GLI-00811-000,boost,2.0,0.0,1,-2.0,45567,1499,1640,,,,,207
BraTS-GLI-00811-000,boost,2.0,0.0,1,0.0,45263,1310,1944,,,,,207
BraTS-GLI-00811-000,boost,2.0,0.0,1,2.0,44917,1171,2290,,,,,207
BraTS-GLI-00811-000,boost,2.0,0.0,2,-6.0,117501,4784,368,,,,,207
BraTS-GLI-00811-000,boost,2.0,0.0,2,-4.02,117313,3567,556,,,,,207
BraTS-GLI-00811-000,boost,2.0,0.0,2,-2.0,116968,2569,901,,,,,207
BraTS-GLI-00811-000,boost,2.0,0.0,2,0.0,116412,1822,1457,,,,,207
BraTS-GLI-00811-000,boost,2.0,0.0,2,2.0,115607,1341,2262,,,,,207
BraTS-GLI-00811-000,boost,4.0,0.0,0,-6.0,26053,4709,1554,,,,,207
BraTS-GLI-00811-000,boost,4.0,0.0,0,-4.02,25791,3710,1816,0,1,0,1,207
BraTS-GLI-00811-000,boost,4.0,0.0,0,-2.0,25475,2931,2132,,,,,207
BraTS-GLI-00811-000,boost,4.0,0.0,0,0.0,25097,2334,2510,0,1,0,0,207
BraTS-GLI-00811-000,boost,4.0,0.0,0,2.0,24625,1864,2982,,,,,207
BraTS-GLI-00811-000,boost,4.0,0.0,1,-6.0,46023,2030,1184,,,,,207
BraTS-GLI-00811-000,boost,4.0,0.0,1,-4.02,45821,1733,1386,,,,,207
BraTS-GLI-00811-000,boost,4.0,0.0,1,-2.0,45567,1499,1640,,,,,207
BraTS-GLI-00811-000,boost,4.0,0.0,1,0.0,45263,1310,1944,,,,,207
BraTS-GLI-00811-000,boost,4.0,0.0,1,2.0,44917,1171,2290,,,,,207
BraTS-GLI-00811-000,boost,4.0,0.0,2,-6.0,117501,4784,368,,,,,207
BraTS-GLI-00811-000,boost,4.0,0.0,2,-4.02,117313,3567,556,,,,,207
BraTS-GLI-00811-000,boost,4.0,0.0,2,-2.0,116968,2569,901,,,,,207
BraTS-GLI-00811-000,boost,4.0,0.0,2,0.0,116412,1822,1457,,,,,207
BraTS-GLI-00811-000,boost,4.0,0.0,2,2.0,115607,1341,2262,,,,,207
BraTS-GLI-01103-000,none,0.0,0.0,0,-6.0,829,16026,1786,,,,,88
BraTS-GLI-01103-000,none,0.0,0.0,0,-4.02,760,14891,1855,0,1,0,0,88
BraTS-GLI-01103-000,none,0.0,0.0,0,-2.0,706,13594,1909,,,,,88
BraTS-GLI-01103-000,none,0.0,0.0,0,0.0,650,12383,1965,0,1,0,0,88
BraTS-GLI-01103-000,none,0.0,0.0,0,2.0,595,11166,2020,,,,,88
BraTS-GLI-01103-000,none,0.0,0.0,1,-6.0,27348,2824,8413,,,,,88
BraTS-GLI-01103-000,none,0.0,0.0,1,-4.02,26761,2510,9000,,,,,88
BraTS-GLI-01103-000,none,0.0,0.0,1,-2.0,26176,2208,9585,,,,,88
BraTS-GLI-01103-000,none,0.0,0.0,1,0.0,25635,1940,10126,,,,,88
BraTS-GLI-01103-000,none,0.0,0.0,1,2.0,24975,1684,10786,,,,,88
BraTS-GLI-01103-000,none,0.0,0.0,2,-6.0,92344,13197,125,,,,,88
BraTS-GLI-01103-000,none,0.0,0.0,2,-4.02,92243,10870,226,,,,,88
BraTS-GLI-01103-000,none,0.0,0.0,2,-2.0,92091,8870,378,,,,,88
BraTS-GLI-01103-000,none,0.0,0.0,2,0.0,91825,6954,644,,,,,88
BraTS-GLI-01103-000,none,0.0,0.0,2,2.0,91348,5192,1121,,,,,88
BraTS-GLI-01103-000,pspds,0.5,0.0,0,-6.0,932,16448,1683,,,,,88
BraTS-GLI-01103-000,pspds,0.5,0.0,0,-4.02,877,15294,1738,0,1,0,0,88
BraTS-GLI-01103-000,pspds,0.5,0.0,0,-2.0,811,13957,1804,,,,,88
BraTS-GLI-01103-000,pspds,0.5,0.0,0,0.0,760,12714,1855,0,1,0,0,88
BraTS-GLI-01103-000,pspds,0.5,0.0,0,2.0,700,11504,1915,,,,,88
BraTS-GLI-01103-000,pspds,0.5,0.0,1,-6.0,27992,3060,7769,,,,,88
BraTS-GLI-01103-000,pspds,0.5,0.0,1,-4.02,27445,2734,8316,,,,,88
BraTS-GLI-01103-000,pspds,0.5,0.0,1,-2.0,26885,2414,8876,,,,,88
BraTS-GLI-01103-000,pspds,0.5,0.0,1,0.0,26366,2130,9395,,,,,88
BraTS-GLI-01103-000,pspds,0.5,0.0,1,2.0,25796,1834,9965,,,,,88
BraTS-GLI-01103-000,pspds,0.5,0.0,2,-6.0,92356,13693,113,,,,,88
BraTS-GLI-01103-000,pspds,0.5,0.0,2,-4.02,92264,11251,205,,,,,88
BraTS-GLI-01103-000,pspds,0.5,0.0,2,-2.0,92120,9157,349,,,,,88
BraTS-GLI-01103-000,pspds,0.5,0.0,2,0.0,91871,7197,598,,,,,88
BraTS-GLI-01103-000,pspds,0.5,0.0,2,2.0,91445,5415,1024,,,,,88
BraTS-GLI-01103-000,pspds,0.5,1.0,0,-6.0,881,16273,1734,,,,,88
BraTS-GLI-01103-000,pspds,0.5,1.0,0,-4.02,826,15112,1789,0,1,0,0,88
BraTS-GLI-01103-000,pspds,0.5,1.0,0,-2.0,769,13807,1846,,,,,88
BraTS-GLI-01103-000,pspds,0.5,1.0,0,0.0,711,12571,1904,0,1,0,0,88
BraTS-GLI-01103-000,pspds,0.5,1.0,0,2.0,658,11368,1957,,,,,88
BraTS-GLI-01103-000,pspds,0.5,1.0,1,-6.0,27698,2948,8063,,,,,88
BraTS-GLI-01103-000,pspds,0.5,1.0,1,-4.02,27149,2628,8612,,,,,88
BraTS-GLI-01103-000,pspds,0.5,1.0,1,-2.0,26590,2315,9171,,,,,88
BraTS-GLI-01103-000,pspds,0.5,1.0,1,0.0,26055,2044,9706,,,,,88
BraTS-GLI-01103-000,pspds,0.5,1.0,1,2.0,25444,1761,10317,,,,,88
BraTS-GLI-01103-000,pspds,0.5,1.0,2,-6.0,92349,13422,120,,,,,88
BraTS-GLI-01103-000,pspds,0.5,1.0,2,-4.02,92252,11067,217,,,,,88
BraTS-GLI-01103-000,pspds,0.5,1.0,2,-2.0,92108,9030,361,,,,,88
BraTS-GLI-01103-000,pspds,0.5,1.0,2,0.0,91850,7085,619,,,,,88
BraTS-GLI-01103-000,pspds,0.5,1.0,2,2.0,91408,5300,1061,,,,,88
BraTS-GLI-01103-000,pspds,1.0,0.0,0,-6.0,999,16841,1616,,,,,88
BraTS-GLI-01103-000,pspds,1.0,0.0,0,-4.02,959,15648,1656,0,1,0,0,88
BraTS-GLI-01103-000,pspds,1.0,0.0,0,-2.0,910,14270,1705,,,,,88
BraTS-GLI-01103-000,pspds,1.0,0.0,0,0.0,842,13016,1773,0,1,0,0,88
BraTS-GLI-01103-000,pspds,1.0,0.0,0,2.0,785,11802,1830,,,,,88
BraTS-GLI-01103-000,pspds,1.0,0.0,1,-6.0,28501,3307,7260,,,,,88
BraTS-GLI-01103-000,pspds,1.0,0.0,1,-4.02,27983,2949,7778,,,,,88
BraTS-GLI-01103-000,pspds,1.0,0.0,1,-2.0,27473,2614,8288,,,,,88
BraTS-GLI-01103-000,pspds,1.0,0.0,1,0.0,26947,2321,8814,,,,,88
BraTS-GLI-01103-000,pspds,1.0,0.0,1,2.0,26414,2013,9347,,,,,88
BraTS-GLI-01103-000,pspds,1.0,0.0,2,-6.0,92367,14178,102,,,,,88
BraTS-GLI-01103-000,pspds,1.0,0.0,2,-4.02,92285,11669,184,,,,,88
BraTS-GLI-01103-000,pspds,1.0,0.0,2,-2.0,92147,9433,322,,,,,88
BraTS-GLI-01103-000,pspds,1.0,0.0,2,0.0,91917,7444,552,,,,,88
BraTS-GLI-01103-000,pspds,1.0,0.0,2,2.0,91512,5603,957,,,,,88
BraTS-GLI-01103-000,pspds,1.0,1.0,0,-6.0,936,16489,1679,,,,,88
BraTS-GLI-01103-000,pspds,1.0,1.0,0,-4.02,884,15331,1731,0,1,0,0,88
BraTS-GLI-01103-000,pspds,1.0,1.0,0,-2.0,816,13988,1799,,,,,88
BraTS-GLI-01103-000,pspds,1.0,1.0,0,0.0,768,12744,1847,0,1,0,0,88
BraTS-GLI-01103-000,pspds,1.0,1.0,0,2.0,706,11538,1909,,,,,88
BraTS-GLI-01103-000,pspds,1.0,1.0,1,-6.0,28038,3069,7723,,,,,88
BraTS-GLI-01103-000,pspds,1.0,1.0,1,-4.02,27479,2745,8282,,,,,88
BraTS-GLI-01103-000,pspds,1.0,1.0,1,-2.0,26919,2428,8842,,,,,88
BraTS-GLI-01103-000,pspds,1.0,1.0,1,0.0,26414,2144,9347,,,,,88
BraTS-GLI-01103-000,pspds,1.0,1.0,1,2.0,25834,1841,9927,,,,,88
BraTS-GLI-01103-000,pspds,1.0,1.0,2,-6.0,92355,13686,114,,,,,88
BraTS-GLI-01103-000,pspds,1.0,1.0,2,-4.02,92264,11254,205,,,,,88
BraTS-GLI-01103-000,pspds,1.0,1.0,2,-2.0,92120,9157,349,,,,,88
BraTS-GLI-01103-000,pspds,1.0,1.0,2,0.0,91872,7195,597,,,,,88
BraTS-GLI-01103-000,pspds,1.0,1.0,2,2.0,91445,5415,1024,,,,,88
BraTS-GLI-01103-000,interp,0.5,0.0,0,-6.0,1092,17149,1523,,,,,88
BraTS-GLI-01103-000,interp,0.5,0.0,0,-4.02,1030,16016,1585,0,1,0,0,88
BraTS-GLI-01103-000,interp,0.5,0.0,0,-2.0,983,14668,1632,,,,,88
BraTS-GLI-01103-000,interp,0.5,0.0,0,0.0,941,13381,1674,0,1,0,0,88
BraTS-GLI-01103-000,interp,0.5,0.0,0,2.0,883,12167,1732,,,,,88
BraTS-GLI-01103-000,interp,0.5,0.0,1,-6.0,29088,3797,6673,,,,,88
BraTS-GLI-01103-000,interp,0.5,0.0,1,-4.02,28562,3355,7199,,,,,88
BraTS-GLI-01103-000,interp,0.5,0.0,1,-2.0,28033,2969,7728,,,,,88
BraTS-GLI-01103-000,interp,0.5,0.0,1,0.0,27514,2646,8247,,,,,88
BraTS-GLI-01103-000,interp,0.5,0.0,1,2.0,26965,2292,8796,,,,,88
BraTS-GLI-01103-000,interp,0.5,0.0,2,-6.0,92390,16837,79,,,,,88
BraTS-GLI-01103-000,interp,0.5,0.0,2,-4.02,92331,14168,138,,,,,88
BraTS-GLI-01103-000,interp,0.5,0.0,2,-2.0,92206,11757,263,,,,,88
BraTS-GLI-01103-000,interp,0.5,0.0,2,0.0,92026,9562,443,,,,,88
BraTS-GLI-01103-000,interp,0.5,0.0,2,2.0,91686,7321,783,,,,,88
BraTS-GLI-01103-000,interp,1.0,0.0,0,-6.0,1358,18186,1257,,,,,88
BraTS-GLI-01103-000,interp,1.0,0.0,0,-4.02,1299,16950,1316,0,1,0,0,88
BraTS-GLI-01103-000,interp,1.0,0.0,0,-2.0,1238,15609,1377,,,,,88
BraTS-GLI-01103-000,interp,1.0,0.0,0,0.0,1169,14333,1446,0,1,0,0,88
BraTS-GLI-01103-000,interp,1.0,0.0,0,2.0,1098,13001,1517,,,,,88
BraTS-GLI-01103-000,interp,1.0,0.0,1,-6.0,30691,4996,5070,,,,,88
BraTS-GLI-01103-000,interp,1.0,0.0,1,-4.02,30234,4504,5527,,,,,88
BraTS-GLI-01103-000,interp,1.0,0.0,1,-2.0,29775,4064,5986,,,,,88
BraTS-GLI-01103-000,interp,1.0,0.0,1,0.0,29293,3617,6468,,,,,88
BraTS-GLI-01103-000,interp,1.0,0.0,1,2.0,28748,3173,7013,,,,,88
BraTS-GLI-01103-000,interp,1.0,0.0,2,-6.0,92422,21637,47,,,,,88
BraTS-GLI-01103-000,interp,1.0,0.0,2,-4.02,92372,18370,97,,,,,88
BraTS-GLI-01103-000,interp,1.0,0.0,2,-2.0,92297,15442,172,,,,,88
BraTS-GLI-01103-000,interp,1.0,0.0,2,0.0,92155,12702,314,,,,,88
BraTS-GLI-01103-000,interp,1.0,0.0,2,2.0,91910,9915,559,,,,,88
BraTS-GLI-01103-000,global,0.5,0.0,0,-6.0,1498,19249,1117,,,,,88
BraTS-GLI-01103-000,global,0.5,0.0,0,-4.02,1426,17757,1189,0,1,0,0,88
BraTS-GLI-01103-000,global,0.5,0.0,0,-2.0,1356,16131,1259,,,,,88
BraTS-GLI-01103-000,global,0.5,0.0,0,0.0,1292,14678,1323,0,1,0,0,88
BraTS-GLI-01103-000,global,0.5,0.0,0,2.0,1222,13202,1393,,,,,88
BraTS-GLI-01103-000,global,0.5,0.0,1,-6.0,32590,12111,3171,,,,,88
BraTS-GLI-01103-000,global,0.5,0.0,1,-4.02,32198,10660,3563,,,,,88
BraTS-GLI-01103-000,global,0.5,0.0,1,-2.0,31815,9262,3946,,,,,88
BraTS-GLI-01103-000,global,0.5,0.0,1,0.0,31354,8006,4407,,,,,88
BraTS-GLI-01103-000,global,0.5,0.0,1,2.0,30839,6719,4922,,,,,88
BraTS-GLI-01103-000,global,0.5,0.0,2,-6.0,92441,23424,28,,,,,88
BraTS-GLI-01103-000,global,0.5,0.0,2,-4.02,92399,20127,70,,,,,88
BraTS-GLI-01103-000,global,0.5,0.0,2,-2.0,92335,17195,134,,,,,88
BraTS-GLI-01103-000,global,0.5,0.0,2,0.0,92236,14425,233,,,,,88
BraTS-GLI-01103-000,global,0.5,0.0,2,2.0,92047,11490,422,,,,,88
BraTS-GLI-01103-000,global,1.0,0.0,0,-6.0,1521,24852,1094,,,,,88
BraTS-GLI-01103-000,global,1.0,0.0,0,-4.02,1434,21928,1181,0,1,0,6,88
BraTS-GLI-01103-000,global,1.0,0.0,0,-2.0,1357,19270,1258,,,,,88
BraTS-GLI-01103-000,global,1.0,0.0,0,0.0,1262,16907,1353,0,1,0,0,88
BraTS-GLI-01103-000,global,1.0,0.0,0,2.0,1177,14802,1438,,,,,88
BraTS-GLI-01103-000,global,1.0,0.0,1,-6.0,35345,52751,416,,,,,88
BraTS-GLI-01103-000,global,1.0,0.0,1,-4.02,35226,49194,535,,,,,88
BraTS-GLI-01103-000,global,1.0,0.0,1,-2.0,35073,45712,688,,,,,88
BraTS-GLI-01103-000,global,1.0,0.0,1,0.0,34848,42149,913,,,,,88
BraTS-GLI-01103-000,global,1.0,0.0,1,2.0,34489,38359,1272,,,,,88
BraTS-GLI-01103-000,global,1.0,0.0,2,-6.0,92469,45967,0,,,,,88
BraTS-GLI-01103-000,global,1.0,0.0,2,-4.02,92463,41644,6,,,,,88
BraTS-GLI-01103-000,global,1.0,0.0,2,-2.0,92448,37615,21,,,,,88
BraTS-GLI-01103-000,global,1.0,0.0,2,0.0,92417,33821,52,,,,,88
BraTS-GLI-01103-000,global,1.0,0.0,2,2.0,92351,29994,118,,,,,88
BraTS-GLI-01103-000,dilate,0.0,0.0,0,-6.0,1254,22971,1361,,,,,88
BraTS-GLI-01103-000,dilate,0.0,0.0,0,-4.02,1194,21649,1421,0,1,0,0,88
BraTS-GLI-01103-000,dilate,0.0,0.0,0,-2.0,1147,20128,1468,,,,,88
BraTS-GLI-01103-000,dilate,0.0,0.0,0,0.0,1102,18823,1513,0,1,0,0,88
BraTS-GLI-01103-000,dilate,0.0,0.0,0,2.0,1027,17372,1588,,,,,88
BraTS-GLI-01103-000,dilate,0.0,0.0,1,-6.0,27348,2824,8413,,,,,88
BraTS-GLI-01103-000,dilate,0.0,0.0,1,-4.02,26761,2510,9000,,,,,88
BraTS-GLI-01103-000,dilate,0.0,0.0,1,-2.0,26176,2208,9585,,,,,88
BraTS-GLI-01103-000,dilate,0.0,0.0,1,0.0,25635,1940,10126,,,,,88
BraTS-GLI-01103-000,dilate,0.0,0.0,1,2.0,24975,1684,10786,,,,,88
BraTS-GLI-01103-000,dilate,0.0,0.0,2,-6.0,92344,13197,125,,,,,88
BraTS-GLI-01103-000,dilate,0.0,0.0,2,-4.02,92243,10870,226,,,,,88
BraTS-GLI-01103-000,dilate,0.0,0.0,2,-2.0,92091,8870,378,,,,,88
BraTS-GLI-01103-000,dilate,0.0,0.0,2,0.0,91825,6954,644,,,,,88
BraTS-GLI-01103-000,dilate,0.0,0.0,2,2.0,91348,5192,1121,,,,,88
BraTS-GLI-01103-000,boost,2.0,0.0,0,-6.0,883,17201,1732,,,,,88
BraTS-GLI-01103-000,boost,2.0,0.0,0,-4.02,831,16007,1784,0,1,0,0,88
BraTS-GLI-01103-000,boost,2.0,0.0,0,-2.0,760,14854,1855,,,,,88
BraTS-GLI-01103-000,boost,2.0,0.0,0,0.0,706,13579,1909,0,1,0,0,88
BraTS-GLI-01103-000,boost,2.0,0.0,0,2.0,650,12371,1965,,,,,88
BraTS-GLI-01103-000,boost,2.0,0.0,1,-6.0,27348,2824,8413,,,,,88
BraTS-GLI-01103-000,boost,2.0,0.0,1,-4.02,26761,2510,9000,,,,,88
BraTS-GLI-01103-000,boost,2.0,0.0,1,-2.0,26176,2208,9585,,,,,88
BraTS-GLI-01103-000,boost,2.0,0.0,1,0.0,25635,1940,10126,,,,,88
BraTS-GLI-01103-000,boost,2.0,0.0,1,2.0,24975,1684,10786,,,,,88
BraTS-GLI-01103-000,boost,2.0,0.0,2,-6.0,92344,13197,125,,,,,88
BraTS-GLI-01103-000,boost,2.0,0.0,2,-4.02,92243,10870,226,,,,,88
BraTS-GLI-01103-000,boost,2.0,0.0,2,-2.0,92091,8870,378,,,,,88
BraTS-GLI-01103-000,boost,2.0,0.0,2,0.0,91825,6954,644,,,,,88
BraTS-GLI-01103-000,boost,2.0,0.0,2,2.0,91348,5192,1121,,,,,88
BraTS-GLI-01103-000,boost,4.0,0.0,0,-6.0,949,18548,1666,,,,,88
BraTS-GLI-01103-000,boost,4.0,0.0,0,-4.02,883,17187,1732,0,1,0,0,88
BraTS-GLI-01103-000,boost,4.0,0.0,0,-2.0,829,15975,1786,,,,,88
BraTS-GLI-01103-000,boost,4.0,0.0,0,0.0,760,14839,1855,0,1,0,0,88
BraTS-GLI-01103-000,boost,4.0,0.0,0,2.0,706,13567,1909,,,,,88
BraTS-GLI-01103-000,boost,4.0,0.0,1,-6.0,27348,2824,8413,,,,,88
BraTS-GLI-01103-000,boost,4.0,0.0,1,-4.02,26761,2510,9000,,,,,88
BraTS-GLI-01103-000,boost,4.0,0.0,1,-2.0,26176,2208,9585,,,,,88
BraTS-GLI-01103-000,boost,4.0,0.0,1,0.0,25635,1940,10126,,,,,88
BraTS-GLI-01103-000,boost,4.0,0.0,1,2.0,24975,1684,10786,,,,,88
BraTS-GLI-01103-000,boost,4.0,0.0,2,-6.0,92344,13197,125,,,,,88
BraTS-GLI-01103-000,boost,4.0,0.0,2,-4.02,92243,10870,226,,,,,88
BraTS-GLI-01103-000,boost,4.0,0.0,2,-2.0,92091,8870,378,,,,,88
BraTS-GLI-01103-000,boost,4.0,0.0,2,0.0,91825,6954,644,,,,,88
BraTS-GLI-01103-000,boost,4.0,0.0,2,2.0,91348,5192,1121,,,,,88
BraTS-GLI-00611-001,none,0.0,0.0,0,-6.0,12657,1935,364,,,,,36
BraTS-GLI-00611-001,none,0.0,0.0,0,-4.02,12604,1500,417,4,1,1,0,36
BraTS-GLI-00611-001,none,0.0,0.0,0,-2.0,12504,1086,517,,,,,36
BraTS-GLI-00611-001,none,0.0,0.0,0,0.0,12358,728,663,0,1,0,0,36
BraTS-GLI-00611-001,none,0.0,0.0,0,2.0,12102,451,919,,,,,36
BraTS-GLI-00611-001,none,0.0,0.0,1,-6.0,20301,1391,406,,,,,36
BraTS-GLI-00611-001,none,0.0,0.0,1,-4.02,20247,1075,460,,,,,36
BraTS-GLI-00611-001,none,0.0,0.0,1,-2.0,20161,807,546,,,,,36
BraTS-GLI-00611-001,none,0.0,0.0,1,0.0,20096,613,611,,,,,36
BraTS-GLI-00611-001,none,0.0,0.0,1,2.0,19937,430,770,,,,,36
BraTS-GLI-00611-001,none,0.0,0.0,2,-6.0,83829,8736,4487,,,,,36
BraTS-GLI-00611-001,none,0.0,0.0,2,-4.02,82653,6709,5663,,,,,36
BraTS-GLI-00611-001,none,0.0,0.0,2,-2.0,81117,5048,7199,,,,,36
BraTS-GLI-00611-001,none,0.0,0.0,2,0.0,79359,3706,8957,,,,,36
BraTS-GLI-00611-001,none,0.0,0.0,2,2.0,77185,2704,11131,,,,,36
BraTS-GLI-00611-001,pspds,0.5,0.0,0,-6.0,12688,1992,333,,,,,36
BraTS-GLI-00611-001,pspds,0.5,0.0,0,-4.02,12637,1571,384,24,1,1,0,36
BraTS-GLI-00611-001,pspds,0.5,0.0,0,-2.0,12529,1139,492,,,,,36
BraTS-GLI-00611-001,pspds,0.5,0.0,0,0.0,12394,787,627,7,1,1,0,36
BraTS-GLI-00611-001,pspds,0.5,0.0,0,2.0,12145,511,876,,,,,36
BraTS-GLI-00611-001,pspds,0.5,0.0,1,-6.0,20341,1466,366,,,,,36
BraTS-GLI-00611-001,pspds,0.5,0.0,1,-4.02,20283,1155,424,,,,,36
BraTS-GLI-00611-001,pspds,0.5,0.0,1,-2.0,20205,880,502,,,,,36
BraTS-GLI-00611-001,pspds,0.5,0.0,1,0.0,20123,664,584,,,,,36
BraTS-GLI-00611-001,pspds,0.5,0.0,1,2.0,19995,484,712,,,,,36
BraTS-GLI-00611-001,pspds,0.5,0.0,2,-6.0,83938,9053,4378,,,,,36
BraTS-GLI-00611-001,pspds,0.5,0.0,2,-4.02,82784,6966,5532,,,,,36
BraTS-GLI-00611-001,pspds,0.5,0.0,2,-2.0,81302,5260,7014,,,,,36
BraTS-GLI-00611-001,pspds,0.5,0.0,2,0.0,79556,3895,8760,,,,,36
BraTS-GLI-00611-001,pspds,0.5,0.0,2,2.0,77452,2853,10864,,,,,36
BraTS-GLI-00611-001,pspds,0.5,1.0,0,-6.0,12672,1973,349,,,,,36
BraTS-GLI-00611-001,pspds,0.5,1.0,0,-4.02,12615,1539,406,11,1,1,0,36
BraTS-GLI-00611-001,pspds,0.5,1.0,0,-2.0,12516,1114,505,,,,,36
BraTS-GLI-00611-001,pspds,0.5,1.0,0,0.0,12375,755,646,2,1,1,0,36
BraTS-GLI-00611-001,pspds,0.5,1.0,0,2.0,12121,476,900,,,,,36
BraTS-GLI-00611-001,pspds,0.5,1.0,1,-6.0,20320,1425,387,,,,,36
BraTS-GLI-00611-001,pspds,0.5,1.0,1,-4.02,20265,1112,442,,,,,36
BraTS-GLI-00611-001,pspds,0.5,1.0,1,-2.0,20182,842,525,,,,,36
BraTS-GLI-00611-001,pspds,0.5,1.0,1,0.0,20108,639,599,,,,,36
BraTS-GLI-00611-001,pspds,0.5,1.0,1,2.0,19960,450,747,,,,,36
BraTS-GLI-00611-001,pspds,0.5,1.0,2,-6.0,83873,8880,4443,,,,,36
BraTS-GLI-00611-001,pspds,0.5,1.0,2,-4.02,82722,6838,5594,,,,,36
BraTS-GLI-00611-001,pspds,0.5,1.0,2,-2.0,81203,5145,7113,,,,,36
BraTS-GLI-00611-001,pspds,0.5,1.0,2,0.0,79454,3801,8862,,,,,36
BraTS-GLI-00611-001,pspds,0.5,1.0,2,2.0,77320,2776,10996,,,,,36
BraTS-GLI-00611-001,pspds,1.0,0.0,0,-6.0,12712,2066,309,,,,,36
BraTS-GLI-00611-001,pspds,1.0,0.0,0,-4.02,12666,1618,355,43,1,1,0,36
BraTS-GLI-00611-001,pspds,1.0,0.0,0,-2.0,12575,1203,446,,,,,36
BraTS-GLI-00611-001,pspds,1.0,0.0,0,0.0,12435,844,586,25,1,1,0,36
BraTS-GLI-00611-001,pspds,1.0,0.0,0,2.0,12177,580,844,,,,,36
BraTS-GLI-00611-001,pspds,1.0,0.0,1,-6.0,20369,1533,338,,,,,36
BraTS-GLI-00611-001,pspds,1.0,0.0,1,-4.02,20319,1238,388,,,,,36
BraTS-GLI-00611-001,pspds,1.0,0.0,1,-2.0,20247,937,460,,,,,36
BraTS-GLI-00611-001,pspds,1.0,0.0,1,0.0,20164,714,543,,,,,36
BraTS-GLI-00611-001,pspds,1.0,0.0,1,2.0,20045,536,662,,,,,36
BraTS-GLI-00611-001,pspds,1.0,0.0,2,-6.0,84032,9347,4284,,,,,36
BraTS-GLI-00611-001,pspds,1.0,0.0,2,-4.02,82899,7224,5417,,,,,36
BraTS-GLI-00611-001,pspds,1.0,0.0,2,-2.0,81455,5492,6861,,,,,36
BraTS-GLI-00611-001,pspds,1.0,0.0,2,0.0,79747,4075,8569,,,,,36
BraTS-GLI-00611-001,pspds,1.0,0.0,2,2.0,77663,3005,10653,,,,,36
BraTS-GLI-00611-001,pspds,1.0,1.0,0,-6.0,12685,1991,336,,,,,36
BraTS-GLI-00611-001,pspds,1.0,1.0,0,-4.02,12635,1568,386,23,1,1,0,36
BraTS-GLI-00611-001,pspds,1.0,1.0,0,-2.0,12528,1133,493,,,,,36
BraTS-GLI-00611-001,pspds,1.0,1.0,0,0.0,12387,784,634,7,1,1,0,36
BraTS-GLI-00611-001,pspds,1.0,1.0,0,2.0,12141,504,880,,,,,36
BraTS-GLI-00611-001,pspds,1.0,1.0,1,-6.0,20335,1457,372,,,,,36
BraTS-GLI-00611-001,pspds,1.0,1.0,1,-4.02,20280,1147,427,,,,,36
BraTS-GLI-00611-001,pspds,1.0,1.0,1,-2.0,20201,871,506,,,,,36
BraTS-GLI-00611-001,pspds,1.0,1.0,1,0.0,20122,661,585,,,,,36
BraTS-GLI-00611-001,pspds,1.0,1.0,1,2.0,19987,480,720,,,,,36
BraTS-GLI-00611-001,pspds,1.0,1.0,2,-6.0,83922,9032,4394,,,,,36
BraTS-GLI-00611-001,pspds,1.0,1.0,2,-4.02,82773,6944,5543,,,,,36
BraTS-GLI-00611-001,pspds,1.0,1.0,2,-2.0,81288,5246,7028,,,,,36
BraTS-GLI-00611-001,pspds,1.0,1.0,2,0.0,79538,3888,8778,,,,,36
BraTS-GLI-00611-001,pspds,1.0,1.0,2,2.0,77435,2848,10881,,,,,36
BraTS-GLI-00611-001,interp,0.5,0.0,0,-6.0,12889,2552,132,,,,,36
BraTS-GLI-00611-001,interp,0.5,0.0,0,-4.02,12852,2084,169,145,1,1,0,36
BraTS-GLI-00611-001,interp,0.5,0.0,0,-2.0,12794,1626,227,,,,,36
BraTS-GLI-00611-001,interp,0.5,0.0,0,0.0,12692,1191,329,134,1,1,0,36
BraTS-GLI-00611-001,interp,0.5,0.0,0,2.0,12474,846,547,,,,,36
BraTS-GLI-00611-001,interp,0.5,0.0,1,-6.0,20548,1986,159,,,,,36
BraTS-GLI-00611-001,interp,0.5,0.0,1,-4.02,20519,1632,188,,,,,36
BraTS-GLI-00611-001,interp,0.5,0.0,1,-2.0,20469,1311,238,,,,,36
BraTS-GLI-00611-001,interp,0.5,0.0,1,0.0,20395,1002,312,,,,,36
BraTS-GLI-00611-001,interp,0.5,0.0,1,2.0,20288,749,419,,,,,36
BraTS-GLI-00611-001,interp,0.5,0.0,2,-6.0,85036,14047,3280,,,,,36
BraTS-GLI-00611-001,interp,0.5,0.0,2,-4.02,84063,11470,4253,,,,,36
BraTS-GLI-00611-001,interp,0.5,0.0,2,-2.0,82823,9166,5493,,,,,36
BraTS-GLI-00611-001,interp,0.5,0.0,2,0.0,81359,7173,6957,,,,,36
BraTS-GLI-00611-001,interp,0.5,0.0,2,2.0,79539,5452,8777,,,,,36
BraTS-GLI-00611-001,interp,1.0,0.0,0,-6.0,12967,3402,54,,,,,36
BraTS-GLI-00611-001,interp,1.0,0.0,0,-4.02,12945,2857,76,186,1,1,0,36
BraTS-GLI-00611-001,interp,1.0,0.0,0,-2.0,12918,2317,103,,,,,36
BraTS-GLI-00611-001,interp,1.0,0.0,0,0.0,12840,1870,181,183,1,1,0,36
BraTS-GLI-00611-001,interp,1.0,0.0,0,2.0,12695,1461,326,,,,,36
BraTS-GLI-00611-001,interp,1.0,0.0,1,-6.0,20661,2826,46,,,,,36
BraTS-GLI-00611-001,interp,1.0,0.0,1,-4.02,20644,2406,63,,,,,36
BraTS-GLI-00611-001,interp,1.0,0.0,1,-2.0,20622,2015,85,,,,,36
BraTS-GLI-00611-001,interp,1.0,0.0,1,0.0,20596,1659,111,,,,,36
BraTS-GLI-00611-001,interp,1.0,0.0,1,2.0,20553,1341,154,,,,,36
BraTS-GLI-00611-001,interp,1.0,0.0,2,-6.0,85721,20176,2595,,,,,36
BraTS-GLI-00611-001,interp,1.0,0.0,2,-4.02,84935,17169,3381,,,,,36
BraTS-GLI-00611-001,interp,1.0,0.0,2,-2.0,83909,14411,4407,,,,,36
BraTS-GLI-00611-001,interp,1.0,0.0,2,0.0,82605,11869,5711,,,,,36
BraTS-GLI-00611-001,interp,1.0,0.0,2,2.0,81076,9616,7240,,,,,36
BraTS-GLI-00611-001,global,0.5,0.0,0,-6.0,12945,3251,76,,,,,36
BraTS-GLI-00611-001,global,0.5,0.0,0,-4.02,12918,2698,103,174,1,1,0,36
BraTS-GLI-00611-001,global,0.5,0.0,0,-2.0,12866,2187,155,,,,,36
BraTS-GLI-00611-001,global,0.5,0.0,0,0.0,12776,1740,245,168,1,1,0,36
BraTS-GLI-00611-001,global,0.5,0.0,0,2.0,12583,1353,438,,,,,36
BraTS-GLI-00611-001,global,0.5,0.0,1,-6.0,20628,2752,79,,,,,36
BraTS-GLI-00611-001,global,0.5,0.0,1,-4.02,20608,2358,99,,,,,36
BraTS-GLI-00611-001,global,0.5,0.0,1,-2.0,20580,1979,127,,,,,36
BraTS-GLI-00611-001,global,0.5,0.0,1,0.0,20538,1624,169,,,,,36
BraTS-GLI-00611-001,global,0.5,0.0,1,2.0,20486,1280,221,,,,,36
BraTS-GLI-00611-001,global,0.5,0.0,2,-6.0,85477,18622,2839,,,,,36
BraTS-GLI-00611-001,global,0.5,0.0,2,-4.02,84625,15660,3691,,,,,36
BraTS-GLI-00611-001,global,0.5,0.0,2,-2.0,83561,13011,4755,,,,,36
BraTS-GLI-00611-001,global,0.5,0.0,2,0.0,82182,10592,6134,,,,,36
BraTS-GLI-00611-001,global,0.5,0.0,2,2.0,80543,8356,7773,,,,,36
BraTS-GLI-00611-001,global,1.0,0.0,0,-6.0,13007,7967,14,,,,,36
BraTS-GLI-00611-001,global,1.0,0.0,0,-4.02,12982,6507,39,205,1,1,8,36
BraTS-GLI-00611-001,global,1.0,0.0,0,-2.0,12936,5304,85,,,,,36
BraTS-GLI-00611-001,global,1.0,0.0,0,0.0,12841,4283,180,203,1,1,4,36
BraTS-GLI-00611-001,global,1.0,0.0,0,2.0,12649,3410,372,,,,,36
BraTS-GLI-00611-001,global,1.0,0.0,1,-6.0,20706,31583,1,,,,,36
BraTS-GLI-00611-001,global,1.0,0.0,1,-4.02,20704,27208,3,,,,,36
BraTS-GLI-00611-001,global,1.0,0.0,1,-2.0,20703,22520,4,,,,,36
BraTS-GLI-00611-001,global,1.0,0.0,1,0.0,20701,17790,6,,,,,36
BraTS-GLI-00611-001,global,1.0,0.0,1,2.0,20699,13377,8,,,,,36
BraTS-GLI-00611-001,global,1.0,0.0,2,-6.0,86201,49233,2115,,,,,36
BraTS-GLI-00611-001,global,1.0,0.0,2,-4.02,85574,44946,2742,,,,,36
BraTS-GLI-00611-001,global,1.0,0.0,2,-2.0,84832,40721,3484,,,,,36
BraTS-GLI-00611-001,global,1.0,0.0,2,0.0,83911,36866,4405,,,,,36
BraTS-GLI-00611-001,global,1.0,0.0,2,2.0,82801,32979,5515,,,,,36
BraTS-GLI-00611-001,dilate,0.0,0.0,0,-6.0,12837,11285,184,,,,,36
BraTS-GLI-00611-001,dilate,0.0,0.0,0,-4.02,12787,10817,234,34,1,1,0,36
BraTS-GLI-00611-001,dilate,0.0,0.0,0,-2.0,12759,10363,262,,,,,36
BraTS-GLI-00611-001,dilate,0.0,0.0,0,0.0,12743,9915,278,0,1,0,0,36
BraTS-GLI-00611-001,dilate,0.0,0.0,0,2.0,12740,9473,281,,,,,36
BraTS-GLI-00611-001,dilate,0.0,0.0,1,-6.0,20301,1391,406,,,,,36
BraTS-GLI-00611-001,dilate,0.0,0.0,1,-4.02,20247,1075,460,,,,,36
BraTS-GLI-00611-001,dilate,0.0,0.0,1,-2.0,20161,807,546,,,,,36
BraTS-GLI-00611-001,dilate,0.0,0.0,1,0.0,20096,613,611,,,,,36
BraTS-GLI-00611-001,dilate,0.0,0.0,1,2.0,19937,430,770,,,,,36
BraTS-GLI-00611-001,dilate,0.0,0.0,2,-6.0,83829,8736,4487,,,,,36
BraTS-GLI-00611-001,dilate,0.0,0.0,2,-4.02,82653,6709,5663,,,,,36
BraTS-GLI-00611-001,dilate,0.0,0.0,2,-2.0,81117,5048,7199,,,,,36
BraTS-GLI-00611-001,dilate,0.0,0.0,2,0.0,79359,3706,8957,,,,,36
BraTS-GLI-00611-001,dilate,0.0,0.0,2,2.0,77185,2704,11131,,,,,36
BraTS-GLI-00611-001,boost,2.0,0.0,0,-6.0,12696,2428,325,,,,,36
BraTS-GLI-00611-001,boost,2.0,0.0,0,-4.02,12658,1938,363,9,1,1,0,36
BraTS-GLI-00611-001,boost,2.0,0.0,0,-2.0,12604,1491,417,,,,,36
BraTS-GLI-00611-001,boost,2.0,0.0,0,0.0,12504,1080,517,1,1,1,0,36
BraTS-GLI-00611-001,boost,2.0,0.0,0,2.0,12358,720,663,,,,,36
BraTS-GLI-00611-001,boost,2.0,0.0,1,-6.0,20301,1391,406,,,,,36
BraTS-GLI-00611-001,boost,2.0,0.0,1,-4.02,20247,1075,460,,,,,36
BraTS-GLI-00611-001,boost,2.0,0.0,1,-2.0,20161,807,546,,,,,36
BraTS-GLI-00611-001,boost,2.0,0.0,1,0.0,20096,613,611,,,,,36
BraTS-GLI-00611-001,boost,2.0,0.0,1,2.0,19937,430,770,,,,,36
BraTS-GLI-00611-001,boost,2.0,0.0,2,-6.0,83829,8736,4487,,,,,36
BraTS-GLI-00611-001,boost,2.0,0.0,2,-4.02,82653,6709,5663,,,,,36
BraTS-GLI-00611-001,boost,2.0,0.0,2,-2.0,81117,5048,7199,,,,,36
BraTS-GLI-00611-001,boost,2.0,0.0,2,0.0,79359,3706,8957,,,,,36
BraTS-GLI-00611-001,boost,2.0,0.0,2,2.0,77185,2704,11131,,,,,36
BraTS-GLI-00611-001,boost,4.0,0.0,0,-6.0,12735,2966,286,,,,,36
BraTS-GLI-00611-001,boost,4.0,0.0,0,-4.02,12696,2429,325,23,1,1,0,36
BraTS-GLI-00611-001,boost,4.0,0.0,0,-2.0,12657,1927,364,,,,,36
BraTS-GLI-00611-001,boost,4.0,0.0,0,0.0,12604,1485,417,4,1,1,0,36
BraTS-GLI-00611-001,boost,4.0,0.0,0,2.0,12504,1072,517,,,,,36
BraTS-GLI-00611-001,boost,4.0,0.0,1,-6.0,20301,1391,406,,,,,36
BraTS-GLI-00611-001,boost,4.0,0.0,1,-4.02,20247,1075,460,,,,,36
BraTS-GLI-00611-001,boost,4.0,0.0,1,-2.0,20161,807,546,,,,,36
BraTS-GLI-00611-001,boost,4.0,0.0,1,0.0,20096,613,611,,,,,36
BraTS-GLI-00611-001,boost,4.0,0.0,1,2.0,19937,430,770,,,,,36
BraTS-GLI-00611-001,boost,4.0,0.0,2,-6.0,83829,8736,4487,,,,,36
BraTS-GLI-00611-001,boost,4.0,0.0,2,-4.02,82653,6709,5663,,,,,36
BraTS-GLI-00611-001,boost,4.0,0.0,2,-2.0,81117,5048,7199,,,,,36
BraTS-GLI-00611-001,boost,4.0,0.0,2,0.0,79359,3706,8957,,,,,36
BraTS-GLI-00611-001,boost,4.0,0.0,2,2.0,77185,2704,11131,,,,,36
BraTS-GLI-01354-000,none,0.0,0.0,0,-6.0,9478,518,122,,,,,15
BraTS-GLI-01354-000,none,0.0,0.0,0,-4.02,9386,323,214,0,0,0,0,15
BraTS-GLI-01354-000,none,0.0,0.0,0,-2.0,9274,174,326,,,,,15
BraTS-GLI-01354-000,none,0.0,0.0,0,0.0,9137,99,463,0,0,0,0,15
BraTS-GLI-01354-000,none,0.0,0.0,0,2.0,8943,46,657,,,,,15
BraTS-GLI-01354-000,none,0.0,0.0,1,-6.0,15962,494,55,,,,,15
BraTS-GLI-01354-000,none,0.0,0.0,1,-4.02,15925,347,92,,,,,15
BraTS-GLI-01354-000,none,0.0,0.0,1,-2.0,15846,241,171,,,,,15
BraTS-GLI-01354-000,none,0.0,0.0,1,0.0,15770,158,247,,,,,15
BraTS-GLI-01354-000,none,0.0,0.0,1,2.0,15663,89,354,,,,,15
BraTS-GLI-01354-000,none,0.0,0.0,2,-6.0,59282,9666,2297,,,,,15
BraTS-GLI-01354-000,none,0.0,0.0,2,-4.02,58990,7981,2589,,,,,15
BraTS-GLI-01354-000,none,0.0,0.0,2,-2.0,58645,6528,2934,,,,,15
BraTS-GLI-01354-000,none,0.0,0.0,2,0.0,58249,5258,3330,,,,,15
BraTS-GLI-01354-000,none,0.0,0.0,2,2.0,57786,4036,3793,,,,,15
BraTS-GLI-01354-000,pspds,0.5,0.0,0,-6.0,9486,523,114,,,,,15
BraTS-GLI-01354-000,pspds,0.5,0.0,0,-4.02,9407,341,193,0,0,0,0,15
BraTS-GLI-01354-000,pspds,0.5,0.0,0,-2.0,9295,191,305,,,,,15
BraTS-GLI-01354-000,pspds,0.5,0.0,0,0.0,9170,116,430,0,0,0,0,15
BraTS-GLI-01354-000,pspds,0.5,0.0,0,2.0,8996,62,604,,,,,15
BraTS-GLI-01354-000,pspds,0.5,0.0,1,-6.0,15970,514,47,,,,,15
BraTS-GLI-01354-000,pspds,0.5,0.0,1,-4.02,15934,363,83,,,,,15
BraTS-GLI-01354-000,pspds,0.5,0.0,1,-2.0,15877,248,140,,,,,15
BraTS-GLI-01354-000,pspds,0.5,0.0,1,0.0,15799,169,218,,,,,15
BraTS-GLI-01354-000,pspds,0.5,0.0,1,2.0,15719,94,298,,,,,15
BraTS-GLI-01354-000,pspds,0.5,0.0,2,-6.0,59335,9689,2244,,,,,15
BraTS-GLI-01354-000,pspds,0.5,0.0,2,-4.02,59036,8039,2543,,,,,15
BraTS-GLI-01354-000,pspds,0.5,0.0,2,-2.0,58695,6608,2884,,,,,15
BraTS-GLI-01354-000,pspds,0.5,0.0,2,0.0,58289,5328,3290,,,,,15
BraTS-GLI-01354-000,pspds,0.5,0.0,2,2.0,57857,4103,3722,,,,,15
BraTS-GLI-01354-000,pspds,0.5,1.0,0,-6.0,9482,522,118,,,,,15
BraTS-GLI-01354-000,pspds,0.5,1.0,0,-4.02,9396,332,204,0,0,0,0,15
BraTS-GLI-01354-000,pspds,0.5,1.0,0,-2.0,9288,179,312,,,,,15
BraTS-GLI-01354-000,pspds,0.5,1.0,0,0.0,9152,107,448,0,0,0,0,15
BraTS-GLI-01354-000,pspds,0.5,1.0,0,2.0,8965,53,635,,,,,15
BraTS-GLI-01354-000,pspds,0.5,1.0,1,-6.0,15967,504,50,,,,,15
BraTS-GLI-01354-000,pspds,0.5,1.0,1,-4.02,15930,352,87,,,,,15
BraTS-GLI-01354-000,pspds,0.5,1.0,1,-2.0,15866,244,151,,,,,15
BraTS-GLI-01354-000,pspds,0.5,1.0,1,0.0,15788,160,229,,,,,15
BraTS-GLI-01354-000,pspds,0.5,1.0,1,2.0,15686,95,331,,,,,15
BraTS-GLI-01354-000,pspds,0.5,1.0,2,-6.0,59310,9680,2269,,,,,15
BraTS-GLI-01354-000,pspds,0.5,1.0,2,-4.02,59016,8020,2563,,,,,15
BraTS-GLI-01354-000,pspds,0.5,1.0,2,-2.0,58674,6567,2905,,,,,15
BraTS-GLI-01354-000,pspds,0.5,1.0,2,0.0,58279,5286,3300,,,,,15
BraTS-GLI-01354-000,pspds,0.5,1.0,2,2.0,57823,4058,3756,,,,,15
BraTS-GLI-01354-000,pspds,1.0,0.0,0,-6.0,9492,548,108,,,,,15
BraTS-GLI-01354-000,pspds,1.0,0.0,0,-4.02,9424,366,176,0,0,0,0,15
BraTS-GLI-01354-000,pspds,1.0,0.0,0,-2.0,9309,208,291,,,,,15
BraTS-GLI-01354-000,pspds,1.0,0.0,0,0.0,9200,130,400,0,0,0,0,15
BraTS-GLI-01354-000,pspds,1.0,0.0,0,2.0,9038,73,562,,,,,15
BraTS-GLI-01354-000,pspds,1.0,0.0,1,-6.0,15984,557,33,,,,,15
BraTS-GLI-01354-000,pspds,1.0,0.0,1,-4.02,15946,384,71,,,,,15
BraTS-GLI-01354-000,pspds,1.0,0.0,1,-2.0,15893,266,124,,,,,15
BraTS-GLI-01354-000,pspds,1.0,0.0,1,0.0,15825,179,192,,,,,15
BraTS-GLI-01354-000,pspds,1.0,0.0,1,2.0,15748,116,269,,,,,15
BraTS-GLI-01354-000,pspds,1.0,0.0,2,-6.0,59381,9763,2198,,,,,15
BraTS-GLI-01354-000,pspds,1.0,0.0,2,-4.02,59071,8125,2508,,,,,15
BraTS-GLI-01354-000,pspds,1.0,0.0,2,-2.0,58750,6675,2829,,,,,15
BraTS-GLI-01354-000,pspds,1.0,0.0,2,0.0,58344,5401,3235,,,,,15
BraTS-GLI-01354-000,pspds,1.0,0.0,2,2.0,57923,4179,3656,,,,,15
BraTS-GLI-01354-000,pspds,1.0,1.0,0,-6.0,9486,525,114,,,,,15
BraTS-GLI-01354-000,pspds,1.0,1.0,0,-4.02,9405,340,195,0,0,0,0,15
BraTS-GLI-01354-000,pspds,1.0,1.0,0,-2.0,9294,186,306,,,,,15
BraTS-GLI-01354-000,pspds,1.0,1.0,0,0.0,9168,113,432,0,0,0,0,15
BraTS-GLI-01354-000,pspds,1.0,1.0,0,2.0,8994,62,606,,,,,15
BraTS-GLI-01354-000,pspds,1.0,1.0,1,-6.0,15970,516,47,,,,,15
BraTS-GLI-01354-000,pspds,1.0,1.0,1,-4.02,15934,363,83,,,,,15
BraTS-GLI-01354-000,pspds,1.0,1.0,1,-2.0,15877,248,140,,,,,15
BraTS-GLI-01354-000,pspds,1.0,1.0,1,0.0,15798,168,219,,,,,15
BraTS-GLI-01354-000,pspds,1.0,1.0,1,2.0,15717,97,300,,,,,15
BraTS-GLI-01354-000,pspds,1.0,1.0,2,-6.0,59341,9692,2238,,,,,15
BraTS-GLI-01354-000,pspds,1.0,1.0,2,-4.02,59042,8037,2537,,,,,15
BraTS-GLI-01354-000,pspds,1.0,1.0,2,-2.0,58699,6608,2880,,,,,15
BraTS-GLI-01354-000,pspds,1.0,1.0,2,0.0,58292,5325,3287,,,,,15
BraTS-GLI-01354-000,pspds,1.0,1.0,2,2.0,57862,4102,3717,,,,,15
BraTS-GLI-01354-000,interp,0.5,0.0,0,-6.0,9518,708,82,,,,,15
BraTS-GLI-01354-000,interp,0.5,0.0,0,-4.02,9460,472,140,0,0,0,1,15
BraTS-GLI-01354-000,interp,0.5,0.0,0,-2.0,9362,296,238,,,,,15
BraTS-GLI-01354-000,interp,0.5,0.0,0,0.0,9244,172,356,0,0,0,0,15
BraTS-GLI-01354-000,interp,0.5,0.0,0,2.0,9097,103,503,,,,,15
BraTS-GLI-01354-000,interp,0.5,0.0,1,-6.0,15996,695,21,,,,,15
BraTS-GLI-01354-000,interp,0.5,0.0,1,-4.02,15970,510,47,,,,,15
BraTS-GLI-01354-000,interp,0.5,0.0,1,-2.0,15927,360,90,,,,,15
BraTS-GLI-01354-000,interp,0.5,0.0,1,0.0,15861,221,156,,,,,15
BraTS-GLI-01354-000,interp,0.5,0.0,1,2.0,15790,141,227,,,,,15
BraTS-GLI-01354-000,interp,0.5,0.0,2,-6.0,59302,11073,2277,,,,,15
BraTS-GLI-01354-000,interp,0.5,0.0,2,-4.02,59030,9460,2549,,,,,15
BraTS-GLI-01354-000,interp,0.5,0.0,2,-2.0,58723,7924,2856,,,,,15
BraTS-GLI-01354-000,interp,0.5,0.0,2,0.0,58378,6513,3201,,,,,15
BraTS-GLI-01354-000,interp,0.5,0.0,2,2.0,57952,5271,3627,,,,,15
BraTS-GLI-01354-000,interp,1.0,0.0,0,-6.0,9543,970,57,,,,,15
BraTS-GLI-01354-000,interp,1.0,0.0,0,-4.02,9502,730,98,0,0,0,0,15
BraTS-GLI-01354-000,interp,1.0,0.0,0,-2.0,9435,520,165,,,,,15
BraTS-GLI-01354-000,interp,1.0,0.0,0,0.0,9335,360,265,0,0,0,0,15
BraTS-GLI-01354-000,interp,1.0,0.0,0,2.0,9204,243,396,,,,,15
BraTS-GLI-01354-000,interp,1.0,0.0,1,-6.0,16009,1087,8,,,,,15
BraTS-GLI-01354-000,interp,1.0,0.0,1,-4.02,15997,862,20,,,,,15
BraTS-GLI-01354-000,interp,1.0,0.0,1,-2.0,15978,660,39,,,,,15
BraTS-GLI-01354-000,interp,1.0,0.0,1,0.0,15938,494,79,,,,,15
BraTS-GLI-01354-000,interp,1.0,0.0,1,2.0,15876,351,141,,,,,15
BraTS-GLI-01354-000,interp,1.0,0.0,2,-6.0,59305,12413,2274,,,,,15
BraTS-GLI-01354-000,interp,1.0,0.0,2,-4.02,59042,10757,2537,,,,,15
BraTS-GLI-01354-000,interp,1.0,0.0,2,-2.0,58749,9224,2830,,,,,15
BraTS-GLI-01354-000,interp,1.0,0.0,2,0.0,58415,7836,3164,,,,,15
BraTS-GLI-01354-000,interp,1.0,0.0,2,2.0,58024,6499,3555,,,,,15
BraTS-GLI-01354-000,global,0.5,0.0,0,-6.0,9552,957,48,,,,,15
BraTS-GLI-01354-000,global,0.5,0.0,0,-4.02,9504,698,96,0,0,0,0,15
BraTS-GLI-01354-000,global,0.5,0.0,0,-2.0,9423,484,177,,,,,15
BraTS-GLI-01354-000,global,0.5,0.0,0,0.0,9312,334,288,0,0,0,0,15
BraTS-GLI-01354-000,global,0.5,0.0,0,2.0,9150,203,450,,,,,15
BraTS-GLI-01354-000,global,0.5,0.0,1,-6.0,16010,1163,7,,,,,15
BraTS-GLI-01354-000,global,0.5,0.0,1,-4.02,16002,937,15,,,,,15
BraTS-GLI-01354-000,global,0.5,0.0,1,-2.0,15983,707,34,,,,,15
BraTS-GLI-01354-000,global,0.5,0.0,1,0.0,15956,510,61,,,,,15
BraTS-GLI-01354-000,global,0.5,0.0,1,2.0,15892,360,125,,,,,15
BraTS-GLI-01354-000,global,0.5,0.0,2,-6.0,59304,13165,2275,,,,,15
BraTS-GLI-01354-000,global,0.5,0.0,2,-4.02,59046,11411,2533,,,,,15
BraTS-GLI-01354-000,global,0.5,0.0,2,-2.0,58767,9778,2812,,,,,15
BraTS-GLI-01354-000,global,0.5,0.0,2,0.0,58447,8276,3132,,,,,15
BraTS-GLI-01354-000,global,0.5,0.0,2,2.0,58068,6818,3511,,,,,15
BraTS-GLI-01354-000,global,1.0,0.0,0,-6.0,9540,2249,60,,,,,15
BraTS-GLI-01354-000,global,1.0,0.0,0,-4.02,9493,1722,107,0,0,0,8,15
BraTS-GLI-01354-000,global,1.0,0.0,0,-2.0,9403,1297,197,,,,,15
BraTS-GLI-01354-000,global,1.0,0.0,0,0.0,9279,958,321,0,0,0,4,15
BraTS-GLI-01354-000,global,1.0,0.0,0,2.0,9119,691,481,,,,,15
BraTS-GLI-01354-000,global,1.0,0.0,1,-6.0,16017,22746,0,,,,,15
BraTS-GLI-01354-000,global,1.0,0.0,1,-4.02,16017,20609,0,,,,,15
BraTS-GLI-01354-000,global,1.0,0.0,1,-2.0,16017,18480,0,,,,,15
BraTS-GLI-01354-000,global,1.0,0.0,1,0.0,16015,16265,2,,,,,15
BraTS-GLI-01354-000,global,1.0,0.0,1,2.0,16009,13718,8,,,,,15
BraTS-GLI-01354-000,global,1.0,0.0,2,-6.0,59310,21892,2269,,,,,15
BraTS-GLI-01354-000,global,1.0,0.0,2,-4.02,59053,19846,2526,,,,,15
BraTS-GLI-01354-000,global,1.0,0.0,2,-2.0,58779,17827,2800,,,,,15
BraTS-GLI-01354-000,global,1.0,0.0,2,0.0,58491,15882,3088,,,,,15
BraTS-GLI-01354-000,global,1.0,0.0,2,2.0,58180,14007,3399,,,,,15
BraTS-GLI-01354-000,dilate,0.0,0.0,0,-6.0,9594,7744,6,,,,,15
BraTS-GLI-01354-000,dilate,0.0,0.0,0,-4.02,9590,7460,10,0,0,0,0,15
BraTS-GLI-01354-000,dilate,0.0,0.0,0,-2.0,9586,7229,14,,,,,15
BraTS-GLI-01354-000,dilate,0.0,0.0,0,0.0,9582,7067,18,0,0,0,0,15
BraTS-GLI-01354-000,dilate,0.0,0.0,0,2.0,9576,6860,24,,,,,15
BraTS-GLI-01354-000,dilate,0.0,0.0,1,-6.0,15962,494,55,,,,,15
BraTS-GLI-01354-000,dilate,0.0,0.0,1,-4.02,15925,347,92,,,,,15
BraTS-GLI-01354-000,dilate,0.0,0.0,1,-2.0,15846,241,171,,,,,15
BraTS-GLI-01354-000,dilate,0.0,0.0,1,0.0,15770,158,247,,,,,15
BraTS-GLI-01354-000,dilate,0.0,0.0,1,2.0,15663,89,354,,,,,15
BraTS-GLI-01354-000,dilate,0.0,0.0,2,-6.0,59282,9666,2297,,,,,15
BraTS-GLI-01354-000,dilate,0.0,0.0,2,-4.02,58990,7981,2589,,,,,15
BraTS-GLI-01354-000,dilate,0.0,0.0,2,-2.0,58645,6528,2934,,,,,15
BraTS-GLI-01354-000,dilate,0.0,0.0,2,0.0,58249,5258,3330,,,,,15
BraTS-GLI-01354-000,dilate,0.0,0.0,2,2.0,57786,4036,3793,,,,,15
BraTS-GLI-01354-000,boost,2.0,0.0,0,-6.0,9526,737,74,,,,,15
BraTS-GLI-01354-000,boost,2.0,0.0,0,-4.02,9474,519,126,0,0,0,0,15
BraTS-GLI-01354-000,boost,2.0,0.0,0,-2.0,9380,319,220,,,,,15
BraTS-GLI-01354-000,boost,2.0,0.0,0,0.0,9270,173,330,0,0,0,0,15
BraTS-GLI-01354-000,boost,2.0,0.0,0,2.0,9131,98,469,,,,,15
BraTS-GLI-01354-000,boost,2.0,0.0,1,-6.0,15962,494,55,,,,,15
BraTS-GLI-01354-000,boost,2.0,0.0,1,-4.02,15925,347,92,,,,,15
BraTS-GLI-01354-000,boost,2.0,0.0,1,-2.0,15846,241,171,,,,,15
BraTS-GLI-01354-000,boost,2.0,0.0,1,0.0,15770,158,247,,,,,15
BraTS-GLI-01354-000,boost,2.0,0.0,1,2.0,15663,89,354,,,,,15
BraTS-GLI-01354-000,boost,2.0,0.0,2,-6.0,59282,9666,2297,,,,,15
BraTS-GLI-01354-000,boost,2.0,0.0,2,-4.02,58990,7981,2589,,,,,15
BraTS-GLI-01354-000,boost,2.0,0.0,2,-2.0,58645,6528,2934,,,,,15
BraTS-GLI-01354-000,boost,2.0,0.0,2,0.0,58249,5258,3330,,,,,15
BraTS-GLI-01354-000,boost,2.0,0.0,2,2.0,57786,4036,3793,,,,,15
BraTS-GLI-01354-000,boost,4.0,0.0,0,-6.0,9565,1032,35,,,,,15
BraTS-GLI-01354-000,boost,4.0,0.0,0,-4.02,9523,739,77,0,0,0,0,15
BraTS-GLI-01354-000,boost,4.0,0.0,0,-2.0,9470,514,130,,,,,15
BraTS-GLI-01354-000,boost,4.0,0.0,0,0.0,9376,318,224,0,0,0,0,15
BraTS-GLI-01354-000,boost,4.0,0.0,0,2.0,9264,172,336,,,,,15
BraTS-GLI-01354-000,boost,4.0,0.0,1,-6.0,15962,494,55,,,,,15
BraTS-GLI-01354-000,boost,4.0,0.0,1,-4.02,15925,347,92,,,,,15
BraTS-GLI-01354-000,boost,4.0,0.0,1,-2.0,15846,241,171,,,,,15
BraTS-GLI-01354-000,boost,4.0,0.0,1,0.0,15770,158,247,,,,,15
BraTS-GLI-01354-000,boost,4.0,0.0,1,2.0,15663,89,354,,,,,15
BraTS-GLI-01354-000,boost,4.0,0.0,2,-6.0,59282,9666,2297,,,,,15
BraTS-GLI-01354-000,boost,4.0,0.0,2,-4.02,58990,7981,2589,,,,,15
BraTS-GLI-01354-000,boost,4.0,0.0,2,-2.0,58645,6528,2934,,,,,15
BraTS-GLI-01354-000,boost,4.0,0.0,2,0.0,58249,5258,3330,,,,,15
BraTS-GLI-01354-000,boost,4.0,0.0,2,2.0,57786,4036,3793,,,,,15
BraTS-GLI-01078-000,none,0.0,0.0,0,-6.0,13852,2716,378,,,,,10
BraTS-GLI-01078-000,none,0.0,0.0,0,-4.02,13726,2230,504,0,0,0,1,10
BraTS-GLI-01078-000,none,0.0,0.0,0,-2.0,13554,1760,676,,,,,10
BraTS-GLI-01078-000,none,0.0,0.0,0,0.0,13364,1354,866,0,0,0,1,10
BraTS-GLI-01078-000,none,0.0,0.0,0,2.0,13093,1028,1137,,,,,10
BraTS-GLI-01078-000,none,0.0,0.0,1,-6.0,52244,2059,179,,,,,10
BraTS-GLI-01078-000,none,0.0,0.0,1,-4.02,52175,1706,248,,,,,10
BraTS-GLI-01078-000,none,0.0,0.0,1,-2.0,52075,1411,348,,,,,10
BraTS-GLI-01078-000,none,0.0,0.0,1,0.0,51970,1165,453,,,,,10
BraTS-GLI-01078-000,none,0.0,0.0,1,2.0,51835,927,588,,,,,10
BraTS-GLI-01078-000,none,0.0,0.0,2,-6.0,118783,6972,3478,,,,,10
BraTS-GLI-01078-000,none,0.0,0.0,2,-4.02,118362,5846,3899,,,,,10
BraTS-GLI-01078-000,none,0.0,0.0,2,-2.0,117856,4762,4405,,,,,10
BraTS-GLI-01078-000,none,0.0,0.0,2,0.0,117232,3780,5029,,,,,10
BraTS-GLI-01078-000,none,0.0,0.0,2,2.0,116501,2951,5760,,,,,10
BraTS-GLI-01078-000,pspds,0.5,0.0,0,-6.0,13871,2734,359,,,,,10
BraTS-GLI-01078-000,pspds,0.5,0.0,0,-4.02,13738,2265,492,0,0,0,1,10
BraTS-GLI-01078-000,pspds,0.5,0.0,0,-2.0,13592,1801,638,,,,,10
BraTS-GLI-01078-000,pspds,0.5,0.0,0,0.0,13394,1411,836,0,0,0,1,10
BraTS-GLI-01078-000,pspds,0.5,0.0,0,2.0,13142,1089,1088,,,,,10
BraTS-GLI-01078-000,pspds,0.5,0.0,1,-6.0,52268,2119,155,,,,,10
BraTS-GLI-01078-000,pspds,0.5,0.0,1,-4.02,52195,1740,228,,,,,10
BraTS-GLI-01078-000,pspds,0.5,0.0,1,-2.0,52100,1468,323,,,,,10
BraTS-GLI-01078-000,pspds,0.5,0.0,1,0.0,51988,1212,435,,,,,10
BraTS-GLI-01078-000,pspds,0.5,0.0,1,2.0,51872,978,551,,,,,10
BraTS-GLI-01078-000,pspds,0.5,0.0,2,-6.0,118788,6964,3473,,,,,10
BraTS-GLI-01078-000,pspds,0.5,0.0,2,-4.02,118370,5858,3891,,,,,10
BraTS-GLI-01078-000,pspds,0.5,0.0,2,-2.0,117866,4789,4395,,,,,10
BraTS-GLI-01078-000,pspds,0.5,0.0,2,0.0,117249,3799,5012,,,,,10
BraTS-GLI-01078-000,pspds,0.5,0.0,2,2.0,116525,2972,5736,,,,,10
BraTS-GLI-01078-000,pspds,0.5,1.0,0,-6.0,13863,2715,367,,,,,10
BraTS-GLI-01078-000,pspds,0.5,1.0,0,-4.02,13733,2245,497,0,0,0,1,10
BraTS-GLI-01078-000,pspds,0.5,1.0,0,-2.0,13567,1778,663,,,,,10
BraTS-GLI-01078-000,pspds,0.5,1.0,0,0.0,13380,1385,850,0,0,0,1,10
BraTS-GLI-01078-000,pspds,0.5,1.0,0,2.0,13122,1058,1108,,,,,10
BraTS-GLI-01078-000,pspds,0.5,1.0,1,-6.0,52254,2085,169,,,,,10
BraTS-GLI-01078-000,pspds,0.5,1.0,1,-4.02,52182,1722,241,,,,,10
BraTS-GLI-01078-000,pspds,0.5,1.0,1,-2.0,52088,1430,335,,,,,10
BraTS-GLI-01078-000,pspds,0.5,1.0,1,0.0,51977,1193,446,,,,,10
BraTS-GLI-01078-000,pspds,0.5,1.0,1,2.0,51858,952,565,,,,,10
BraTS-GLI-01078-000,pspds,0.5,1.0,2,-6.0,118787,6963,3474,,,,,10
BraTS-GLI-01078-000,pspds,0.5,1.0,2,-4.02,118364,5850,3897,,,,,10
BraTS-GLI-01078-000,pspds,0.5,1.0,2,-2.0,117860,4776,4401,,,,,10
BraTS-GLI-01078-000,pspds,0.5,1.0,2,0.0,117237,3777,5024,,,,,10
BraTS-GLI-01078-000,pspds,0.5,1.0,2,2.0,116509,2953,5752,,,,,10
BraTS-GLI-01078-000,pspds,1.0,0.0,0,-6.0,13879,2764,351,,,,,10
BraTS-GLI-01078-000,pspds,1.0,0.0,0,-4.02,13755,2277,475,0,0,0,1,10
BraTS-GLI-01078-000,pspds,1.0,0.0,0,-2.0,13619,1838,611,,,,,10
BraTS-GLI-01078-000,pspds,1.0,0.0,0,0.0,13429,1457,801,0,0,0,1,10
BraTS-GLI-01078-000,pspds,1.0,0.0,0,2.0,13179,1137,1051,,,,,10
BraTS-GLI-01078-000,pspds,1.0,0.0,1,-6.0,52278,2152,145,,,,,10
BraTS-GLI-01078-000,pspds,1.0,0.0,1,-4.02,52209,1785,214,,,,,10
BraTS-GLI-01078-000,pspds,1.0,0.0,1,-2.0,52123,1520,300,,,,,10
BraTS-GLI-01078-000,pspds,1.0,0.0,1,0.0,52023,1248,400,,,,,10
BraTS-GLI-01078-000,pspds,1.0,0.0,1,2.0,51898,1027,525,,,,,10
BraTS-GLI-01078-000,pspds,1.0,0.0,2,-6.0,118789,6975,3472,,,,,10
BraTS-GLI-01078-000,pspds,1.0,0.0,2,-4.02,118379,5877,3882,,,,,10
BraTS-GLI-01078-000,pspds,1.0,0.0,2,-2.0,117880,4814,4381,,,,,10
BraTS-GLI-01078-000,pspds,1.0,0.0,2,0.0,117264,3835,4997,,,,,10
BraTS-GLI-01078-000,pspds,1.0,0.0,2,2.0,116547,3015,5714,,,,,10
BraTS-GLI-01078-000,pspds,1.0,1.0,0,-6.0,13869,2733,361,,,,,10
BraTS-GLI-01078-000,pspds,1.0,1.0,0,-4.02,13734,2262,496,0,0,0,1,10
BraTS-GLI-01078-000,pspds,1.0,1.0,0,-2.0,13588,1794,642,,,,,10
BraTS-GLI-01078-000,pspds,1.0,1.0,0,0.0,13390,1408,840,0,0,0,1,10
BraTS-GLI-01078-000,pspds,1.0,1.0,0,2.0,13140,1085,1090,,,,,10
BraTS-GLI-01078-000,pspds,1.0,1.0,1,-6.0,52265,2109,158,,,,,10
BraTS-GLI-01078-000,pspds,1.0,1.0,1,-4.02,52191,1737,232,,,,,10
BraTS-GLI-01078-000,pspds,1.0,1.0,1,-2.0,52096,1464,327,,,,,10
BraTS-GLI-01078-000,pspds,1.0,1.0,1,0.0,51986,1211,437,,,,,10
BraTS-GLI-01078-000,pspds,1.0,1.0,1,2.0,51870,975,553,,,,,10
BraTS-GLI-01078-000,pspds,1.0,1.0,2,-6.0,118787,6960,3474,,,,,10
BraTS-GLI-01078-000,pspds,1.0,1.0,2,-4.02,118369,5859,3892,,,,,10
BraTS-GLI-01078-000,pspds,1.0,1.0,2,-2.0,117867,4785,4394,,,,,10
BraTS-GLI-01078-000,pspds,1.0,1.0,2,0.0,117247,3797,5014,,,,,10
BraTS-GLI-01078-000,pspds,1.0,1.0,2,2.0,116522,2966,5739,,,,,10
BraTS-GLI-01078-000,interp,0.5,0.0,0,-6.0,13933,2929,297,,,,,10
BraTS-GLI-01078-000,interp,0.5,0.0,0,-4.02,13828,2424,402,0,0,0,1,10
BraTS-GLI-01078-000,interp,0.5,0.0,0,-2.0,13695,1975,535,,,,,10
BraTS-GLI-01078-000,interp,0.5,0.0,0,0.0,13521,1557,709,0,0,0,1,10
BraTS-GLI-01078-000,interp,0.5,0.0,0,2.0,13302,1225,928,,,,,10
BraTS-GLI-01078-000,interp,0.5,0.0,1,-6.0,52333,2317,90,,,,,10
BraTS-GLI-01078-000,interp,0.5,0.0,1,-4.02,52286,1940,137,,,,,10
BraTS-GLI-01078-000,interp,0.5,0.0,1,-2.0,52220,1657,203,,,,,10
BraTS-GLI-01078-000,interp,0.5,0.0,1,0.0,52132,1387,291,,,,,10
BraTS-GLI-01078-000,interp,0.5,0.0,1,2.0,52030,1141,393,,,,,10
BraTS-GLI-01078-000,interp,0.5,0.0,2,-6.0,118906,7599,3355,,,,,10
BraTS-GLI-01078-000,interp,0.5,0.0,2,-4.02,118513,6454,3748,,,,,10
BraTS-GLI-01078-000,interp,0.5,0.0,2,-2.0,118063,5337,4198,,,,,10
BraTS-GLI-01078-000,interp,0.5,0.0,2,0.0,117490,4357,4771,,,,,10
BraTS-GLI-01078-000,interp,0.5,0.0,2,2.0,116821,3438,5440,,,,,10
BraTS-GLI-01078-000,interp,1.0,0.0,0,-6.0,13977,3185,253,,,,,10
BraTS-GLI-01078-000,interp,1.0,0.0,0,-4.02,13897,2672,333,0,0,0,1,10
BraTS-GLI-01078-000,interp,1.0,0.0,0,-2.0,13783,2188,447,,,,,10
BraTS-GLI-01078-000,interp,1.0,0.0,0,0.0,13635,1784,595,0,0,0,1,10
BraTS-GLI-01078-000,interp,1.0,0.0,0,2.0,13460,1429,770,,,,,10
BraTS-GLI-01078-000,interp,1.0,0.0,1,-6.0,52382,2661,41,,,,,10
BraTS-GLI-01078-000,interp,1.0,0.0,1,-4.02,52352,2278,71,,,,,10
BraTS-GLI-01078-000,interp,1.0,0.0,1,-2.0,52313,1962,110,,,,,10
BraTS-GLI-01078-000,interp,1.0,0.0,1,0.0,52239,1696,184,,,,,10
BraTS-GLI-01078-000,interp,1.0,0.0,1,2.0,52158,1432,265,,,,,10
BraTS-GLI-01078-000,interp,1.0,0.0,2,-6.0,118991,8496,3270,,,,,10
BraTS-GLI-01078-000,interp,1.0,0.0,2,-4.02,118641,7284,3620,,,,,10
BraTS-GLI-01078-000,interp,1.0,0.0,2,-2.0,118200,6106,4061,,,,,10
BraTS-GLI-01078-000,interp,1.0,0.0,2,0.0,117660,5071,4601,,,,,10
BraTS-GLI-01078-000,interp,1.0,0.0,2,2.0,117064,4079,5197,,,,,10
BraTS-GLI-01078-000,global,0.5,0.0,0,-6.0,13973,3186,257,,,,,10
BraTS-GLI-01078-000,global,0.5,0.0,0,-4.02,13877,2618,353,0,0,0,0,10
BraTS-GLI-01078-000,global,0.5,0.0,0,-2.0,13743,2113,487,,,,,10
BraTS-GLI-01078-000,global,0.5,0.0,0,0.0,13574,1666,656,0,0,0,1,10
BraTS-GLI-01078-000,global,0.5,0.0,0,2.0,13330,1294,900,,,,,10
BraTS-GLI-01078-000,global,0.5,0.0,1,-6.0,52391,3161,32,,,,,10
BraTS-GLI-01078-000,global,0.5,0.0,1,-4.02,52358,2695,65,,,,,10
BraTS-GLI-01078-000,global,0.5,0.0,1,-2.0,52327,2289,96,,,,,10
BraTS-GLI-01078-000,global,0.5,0.0,1,0.0,52269,1940,154,,,,,10
BraTS-GLI-01078-000,global,0.5,0.0,1,2.0,52172,1622,251,,,,,10
BraTS-GLI-01078-000,global,0.5,0.0,2,-6.0,119049,9259,3212,,,,,10
BraTS-GLI-01078-000,global,0.5,0.0,2,-4.02,118696,7945,3565,,,,,10
BraTS-GLI-01078-000,global,0.5,0.0,2,-2.0,118265,6689,3996,,,,,10
BraTS-GLI-01078-000,global,0.5,0.0,2,0.0,117732,5530,4529,,,,,10
BraTS-GLI-01078-000,global,0.5,0.0,2,2.0,117159,4458,5102,,,,,10
BraTS-GLI-01078-000,global,1.0,0.0,0,-6.0,14002,3650,228,,,,,10
BraTS-GLI-01078-000,global,1.0,0.0,0,-4.02,13920,2979,310,0,0,0,4,10
BraTS-GLI-01078-000,global,1.0,0.0,0,-2.0,13795,2361,435,,,,,10
BraTS-GLI-01078-000,global,1.0,0.0,0,0.0,13632,1858,598,0,0,0,1,10
BraTS-GLI-01078-000,global,1.0,0.0,0,2.0,13401,1440,829,,,,,10
BraTS-GLI-01078-000,global,1.0,0.0,1,-6.0,52417,14649,6,,,,,10
BraTS-GLI-01078-000,global,1.0,0.0,1,-4.02,52405,13204,18,,,,,10
BraTS-GLI-01078-000,global,1.0,0.0,1,-2.0,52390,11747,33,,,,,10
BraTS-GLI-01078-000,global,1.0,0.0,1,0.0,52363,10195,60,,,,,10
BraTS-GLI-01078-000,global,1.0,0.0,1,2.0,52333,8617,90,,,,,10
BraTS-GLI-01078-000,global,1.0,0.0,2,-6.0,119251,14119,3010,,,,,10
BraTS-GLI-01078-000,global,1.0,0.0,2,-4.02,118936,12564,3325,,,,,10
BraTS-GLI-01078-000,global,1.0,0.0,2,-2.0,118561,11052,3700,,,,,10
BraTS-GLI-01078-000,global,1.0,0.0,2,0.0,118134,9694,4127,,,,,10
BraTS-GLI-01078-000,global,1.0,0.0,2,2.0,117658,8362,4603,,,,,10
BraTS-GLI-01078-000,dilate,0.0,0.0,0,-6.0,14146,12905,84,,,,,10
BraTS-GLI-01078-000,dilate,0.0,0.0,0,-4.02,14079,12302,151,0,0,0,0,10
BraTS-GLI-01078-000,dilate,0.0,0.0,0,-2.0,13995,11757,235,,,,,10
BraTS-GLI-01078-000,dilate,0.0,0.0,0,0.0,13894,11249,336,0,0,0,0,10
BraTS-GLI-01078-000,dilate,0.0,0.0,0,2.0,13744,10802,486,,,,,10
BraTS-GLI-01078-000,dilate,0.0,0.0,1,-6.0,52244,2059,179,,,,,10
BraTS-GLI-01078-000,dilate,0.0,0.0,1,-4.02,52175,1706,248,,,,,10
BraTS-GLI-01078-000,dilate,0.0,0.0,1,-2.0,52075,1411,348,,,,,10
BraTS-GLI-01078-000,dilate,0.0,0.0,1,0.0,51970,1165,453,,,,,10
BraTS-GLI-01078-000,dilate,0.0,0.0,1,2.0,51835,927,588,,,,,10
BraTS-GLI-01078-000,dilate,0.0,0.0,2,-6.0,118783,6972,3478,,,,,10
BraTS-GLI-01078-000,dilate,0.0,0.0,2,-4.02,118362,5846,3899,,,,,10
BraTS-GLI-01078-000,dilate,0.0,0.0,2,-2.0,117856,4762,4405,,,,,10
BraTS-GLI-01078-000,dilate,0.0,0.0,2,0.0,117232,3780,5029,,,,,10
BraTS-GLI-01078-000,dilate,0.0,0.0,2,2.0,116501,2951,5760,,,,,10
BraTS-GLI-01078-000,boost,2.0,0.0,0,-6.0,13920,3017,310,,,,,10
BraTS-GLI-01078-000,boost,2.0,0.0,0,-4.02,13789,2478,441,0,0,0,1,10
BraTS-GLI-01078-000,boost,2.0,0.0,0,-2.0,13646,1984,584,,,,,10
BraTS-GLI-01078-000,boost,2.0,0.0,0,0.0,13464,1552,766,0,0,0,1,10
BraTS-GLI-01078-000,boost,2.0,0.0,0,2.0,13223,1203,1007,,,,,10
BraTS-GLI-01078-000,boost,2.0,0.0,1,-6.0,52244,2059,179,,,,,10
BraTS-GLI-01078-000,boost,2.0,0.0,1,-4.02,52175,1706,248,,,,,10
BraTS-GLI-01078-000,boost,2.0,0.0,1,-2.0,52075,1411,348,,,,,10
BraTS-GLI-01078-000,boost,2.0,0.0,1,0.0,51970,1165,453,,,,,10
BraTS-GLI-01078-000,boost,2.0,0.0,1,2.0,51835,927,588,,,,,10
BraTS-GLI-01078-000,boost,2.0,0.0,2,-6.0,118783,6972,3478,,,,,10
BraTS-GLI-01078-000,boost,2.0,0.0,2,-4.02,118362,5846,3899,,,,,10
BraTS-GLI-01078-000,boost,2.0,0.0,2,-2.0,117856,4762,4405,,,,,10
BraTS-GLI-01078-000,boost,2.0,0.0,2,0.0,117232,3780,5029,,,,,10
BraTS-GLI-01078-000,boost,2.0,0.0,2,2.0,116501,2951,5760,,,,,10
BraTS-GLI-01078-000,boost,4.0,0.0,0,-6.0,13991,3363,239,,,,,10
BraTS-GLI-01078-000,boost,4.0,0.0,0,-4.02,13857,2778,373,0,0,0,2,10
BraTS-GLI-01078-000,boost,4.0,0.0,0,-2.0,13709,2233,521,,,,,10
BraTS-GLI-01078-000,boost,4.0,0.0,0,0.0,13556,1776,674,0,0,0,1,10
BraTS-GLI-01078-000,boost,4.0,0.0,0,2.0,13323,1401,907,,,,,10
BraTS-GLI-01078-000,boost,4.0,0.0,1,-6.0,52244,2059,179,,,,,10
BraTS-GLI-01078-000,boost,4.0,0.0,1,-4.02,52175,1706,248,,,,,10
BraTS-GLI-01078-000,boost,4.0,0.0,1,-2.0,52075,1411,348,,,,,10
BraTS-GLI-01078-000,boost,4.0,0.0,1,0.0,51970,1165,453,,,,,10
BraTS-GLI-01078-000,boost,4.0,0.0,1,2.0,51835,927,588,,,,,10
BraTS-GLI-01078-000,boost,4.0,0.0,2,-6.0,118783,6972,3478,,,,,10
BraTS-GLI-01078-000,boost,4.0,0.0,2,-4.02,118362,5846,3899,,,,,10
BraTS-GLI-01078-000,boost,4.0,0.0,2,-2.0,117856,4762,4405,,,,,10
BraTS-GLI-01078-000,boost,4.0,0.0,2,0.0,117232,3780,5029,,,,,10
BraTS-GLI-01078-000,boost,4.0,0.0,2,2.0,116501,2951,5760,,,,,10
BraTS-GLI-00146-000,none,0.0,0.0,0,-6.0,26108,34341,1743,,,,,275
BraTS-GLI-00146-000,none,0.0,0.0,0,-4.02,25870,31393,1981,6,7,2,2,275
BraTS-GLI-00146-000,none,0.0,0.0,0,-2.0,25673,28679,2178,,,,,275
BraTS-GLI-00146-000,none,0.0,0.0,0,0.0,25475,25934,2376,0,7,0,1,275
BraTS-GLI-00146-000,none,0.0,0.0,0,2.0,25247,23186,2604,,,,,275
BraTS-GLI-00146-000,none,0.0,0.0,1,-6.0,95801,24537,4240,,,,,275
BraTS-GLI-00146-000,none,0.0,0.0,1,-4.02,95352,23159,4689,,,,,275
BraTS-GLI-00146-000,none,0.0,0.0,1,-2.0,94835,21681,5206,,,,,275
BraTS-GLI-00146-000,none,0.0,0.0,1,0.0,94222,20195,5819,,,,,275
BraTS-GLI-00146-000,none,0.0,0.0,1,2.0,93380,18620,6661,,,,,275
BraTS-GLI-00146-000,none,0.0,0.0,2,-6.0,181080,26670,3640,,,,,275
BraTS-GLI-00146-000,none,0.0,0.0,2,-4.02,180525,23830,4195,,,,,275
BraTS-GLI-00146-000,none,0.0,0.0,2,-2.0,179925,21246,4795,,,,,275
BraTS-GLI-00146-000,none,0.0,0.0,2,0.0,179154,18677,5566,,,,,275
BraTS-GLI-00146-000,none,0.0,0.0,2,2.0,178183,16223,6537,,,,,275
BraTS-GLI-00146-000,pspds,0.5,0.0,0,-6.0,26243,34612,1608,,,,,275
BraTS-GLI-00146-000,pspds,0.5,0.0,0,-4.02,26020,31734,1831,7,7,2,2,275
BraTS-GLI-00146-000,pspds,0.5,0.0,0,-2.0,25804,28961,2047,,,,,275
BraTS-GLI-00146-000,pspds,0.5,0.0,0,0.0,25609,26236,2242,1,7,1,2,275
BraTS-GLI-00146-000,pspds,0.5,0.0,0,2.0,25396,23478,2455,,,,,275
BraTS-GLI-00146-000,pspds,0.5,0.0,1,-6.0,96102,25881,3939,,,,,275
BraTS-GLI-00146-000,pspds,0.5,0.0,1,-4.02,95684,24423,4357,,,,,275
BraTS-GLI-00146-000,pspds,0.5,0.0,1,-2.0,95220,23002,4821,,,,,275
BraTS-GLI-00146-000,pspds,0.5,0.0,1,0.0,94668,21493,5373,,,,,275
BraTS-GLI-00146-000,pspds,0.5,0.0,1,2.0,93918,19927,6123,,,,,275
BraTS-GLI-00146-000,pspds,0.5,0.0,2,-6.0,181237,27152,3483,,,,,275
BraTS-GLI-00146-000,pspds,0.5,0.0,2,-4.02,180678,24244,4042,,,,,275
BraTS-GLI-00146-000,pspds,0.5,0.0,2,-2.0,180088,21631,4632,,,,,275
BraTS-GLI-00146-000,pspds,0.5,0.0,2,0.0,179352,19049,5368,,,,,275
BraTS-GLI-00146-000,pspds,0.5,0.0,2,2.0,178393,16595,6327,,,,,275
BraTS-GLI-00146-000,pspds,0.5,1.0,0,-6.0,26184,34474,1667,,,,,275
BraTS-GLI-00146-000,pspds,0.5,1.0,0,-4.02,25942,31558,1909,7,7,2,2,275
BraTS-GLI-00146-000,pspds,0.5,1.0,0,-2.0,25734,28791,2117,,,,,275
BraTS-GLI-00146-000,pspds,0.5,1.0,0,0.0,25543,26066,2308,0,7,0,2,275
BraTS-GLI-00146-000,pspds,0.5,1.0,0,2.0,25325,23352,2526,,,,,275
BraTS-GLI-00146-000,pspds,0.5,1.0,1,-6.0,95955,25191,4086,,,,,275
BraTS-GLI-00146-000,pspds,0.5,1.0,1,-4.02,95507,23779,4534,,,,,275
BraTS-GLI-00146-000,pspds,0.5,1.0,1,-2.0,95031,22373,5010,,,,,275
BraTS-GLI-00146-000,pspds,0.5,1.0,1,0.0,94426,20858,5615,,,,,275
BraTS-GLI-00146-000,pspds,0.5,1.0,1,2.0,93638,19285,6403,,,,,275
BraTS-GLI-00146-000,pspds,0.5,1.0,2,-6.0,181153,26882,3567,,,,,275
BraTS-GLI-00146-000,pspds,0.5,1.0,2,-4.02,180589,24018,4131,,,,,275
BraTS-GLI-00146-000,pspds,0.5,1.0,2,-2.0,180005,21423,4715,,,,,275
BraTS-GLI-00146-000,pspds,0.5,1.0,2,0.0,179236,18835,5484,,,,,275
BraTS-GLI-00146-000,pspds,0.5,1.0,2,2.0,178283,16393,6437,,,,,275
BraTS-GLI-00146-000,pspds,1.0,0.0,0,-6.0,26348,34892,1503,,,,,275
BraTS-GLI-00146-000,pspds,1.0,0.0,0,-4.02,26140,31990,1711,9,7,2,2,275
BraTS-GLI-00146-000,pspds,1.0,0.0,0,-2.0,25929,29191,1922,,,,,275
BraTS-GLI-00146-000,pspds,1.0,0.0,0,0.0,25731,26469,2120,1,7,1,2,275
BraTS-GLI-00146-000,pspds,1.0,0.0,0,2.0,25522,23759,2329,,,,,275
BraTS-GLI-00146-000,pspds,1.0,0.0,1,-6.0,96344,27127,3697,,,,,275
BraTS-GLI-00146-000,pspds,1.0,0.0,1,-4.02,95971,25659,4070,,,,,275
BraTS-GLI-00146-000,pspds,1.0,0.0,1,-2.0,95516,24263,4525,,,,,275
BraTS-GLI-00146-000,pspds,1.0,0.0,1,0.0,95003,22767,5038,,,,,275
BraTS-GLI-00146-000,pspds,1.0,0.0,1,2.0,94332,21165,5709,,,,,275
BraTS-GLI-00146-000,pspds,1.0,0.0,2,-6.0,181383,27605,3337,,,,,275
BraTS-GLI-00146-000,pspds,1.0,0.0,2,-4.02,180842,24673,3878,,,,,275
BraTS-GLI-00146-000,pspds,1.0,0.0,2,-2.0,180249,22028,4471,,,,,275
BraTS-GLI-00146-000,pspds,1.0,0.0,2,0.0,179522,19445,5198,,,,,275
BraTS-GLI-00146-000,pspds,1.0,0.0,2,2.0,178583,16968,6137,,,,,275
BraTS-GLI-00146-000,pspds,1.0,1.0,0,-6.0,26239,34598,1612,,,,,275
BraTS-GLI-00146-000,pspds,1.0,1.0,0,-4.02,26011,31708,1840,7,7,2,2,275
BraTS-GLI-00146-000,pspds,1.0,1.0,0,-2.0,25796,28946,2055,,,,,275
BraTS-GLI-00146-000,pspds,1.0,1.0,0,0.0,25605,26204,2246,1,7,1,2,275
BraTS-GLI-00146-000,pspds,1.0,1.0,0,2.0,25387,23465,2464,,,,,275
BraTS-GLI-00146-000,pspds,1.0,1.0,1,-6.0,96082,25840,3959,,,,,275
BraTS-GLI-00146-000,pspds,1.0,1.0,1,-4.02,95669,24382,4372,,,,,275
BraTS-GLI-00146-000,pspds,1.0,1.0,1,-2.0,95188,22962,4853,,,,,275
BraTS-GLI-00146-000,pspds,1.0,1.0,1,0.0,94639,21465,5402,,,,,275
BraTS-GLI-00146-000,pspds,1.0,1.0,1,2.0,93889,19897,6152,,,,,275
BraTS-GLI-00146-000,pspds,1.0,1.0,2,-6.0,181225,27125,3495,,,,,275
BraTS-GLI-00146-000,pspds,1.0,1.0,2,-4.02,180665,24215,4055,,,,,275
BraTS-GLI-00146-000,pspds,1.0,1.0,2,-2.0,180079,21605,4641,,,,,275
BraTS-GLI-00146-000,pspds,1.0,1.0,2,0.0,179339,19029,5381,,,,,275
BraTS-GLI-00146-000,pspds,1.0,1.0,2,2.0,178383,16572,6337,,,,,275
BraTS-GLI-00146-000,interp,0.5,0.0,0,-6.0,26751,36092,1100,,,,,275
BraTS-GLI-00146-000,interp,0.5,0.0,0,-4.02,26513,32968,1338,7,7,2,2,275
BraTS-GLI-00146-000,interp,0.5,0.0,0,-2.0,26217,29984,1634,,,,,275
BraTS-GLI-00146-000,interp,0.5,0.0,0,0.0,25977,27102,1874,0,7,0,3,275
BraTS-GLI-00146-000,interp,0.5,0.0,0,2.0,25709,24213,2142,,,,,275
BraTS-GLI-00146-000,interp,0.5,0.0,1,-6.0,97600,31997,2441,,,,,275
BraTS-GLI-00146-000,interp,0.5,0.0,1,-4.02,97239,30314,2802,,,,,275
BraTS-GLI-00146-000,interp,0.5,0.0,1,-2.0,96830,28714,3211,,,,,275
BraTS-GLI-00146-000,interp,0.5,0.0,1,0.0,96364,27121,3677,,,,,275
BraTS-GLI-00146-000,interp,0.5,0.0,1,2.0,95775,25260,4266,,,,,275
BraTS-GLI-00146-000,interp,0.5,0.0,2,-6.0,182359,35275,2361,,,,,275
BraTS-GLI-00146-000,interp,0.5,0.0,2,-4.02,181932,31597,2788,,,,,275
BraTS-GLI-00146-000,interp,0.5,0.0,2,-2.0,181415,28073,3305,,,,,275
BraTS-GLI-00146-000,interp,0.5,0.0,2,0.0,180758,24741,3962,,,,,275
BraTS-GLI-00146-000,interp,0.5,0.0,2,2.0,179932,21464,4788,,,,,275
BraTS-GLI-00146-000,interp,1.0,0.0,0,-6.0,27189,38273,662,,,,,275
BraTS-GLI-00146-000,interp,1.0,0.0,0,-4.02,27025,34691,826,8,7,2,4,275
BraTS-GLI-00146-000,interp,1.0,0.0,0,-2.0,26782,31432,1069,,,,,275
BraTS-GLI-00146-000,interp,1.0,0.0,0,0.0,26544,28249,1307,0,7,0,3,275
BraTS-GLI-00146-000,interp,1.0,0.0,0,2.0,26253,25098,1598,,,,,275
BraTS-GLI-00146-000,interp,1.0,0.0,1,-6.0,98758,43930,1283,,,,,275
BraTS-GLI-00146-000,interp,1.0,0.0,1,-4.02,98544,41411,1497,,,,,275
BraTS-GLI-00146-000,interp,1.0,0.0,1,-2.0,98271,39019,1770,,,,,275
BraTS-GLI-00146-000,interp,1.0,0.0,1,0.0,97943,36656,2098,,,,,275
BraTS-GLI-00146-000,interp,1.0,0.0,1,2.0,97495,34077,2546,,,,,275
BraTS-GLI-00146-000,interp,1.0,0.0,2,-6.0,183156,51007,1564,,,,,275
BraTS-GLI-00146-000,interp,1.0,0.0,2,-4.02,182880,46147,1840,,,,,275
BraTS-GLI-00146-000,interp,1.0,0.0,2,-2.0,182515,41367,2205,,,,,275
BraTS-GLI-00146-000,interp,1.0,0.0,2,0.0,182062,36880,2658,,,,,275
BraTS-GLI-00146-000,interp,1.0,0.0,2,2.0,181453,32395,3267,,,,,275
BraTS-GLI-00146-000,global,0.5,0.0,0,-6.0,27226,37945,625,,,,,275
BraTS-GLI-00146-000,global,0.5,0.0,0,-4.02,27083,34609,768,10,7,2,4,275
BraTS-GLI-00146-000,global,0.5,0.0,0,-2.0,26891,31419,960,,,,,275
BraTS-GLI-00146-000,global,0.5,0.0,0,0.0,26649,28335,1202,2,7,2,4,275
BraTS-GLI-00146-000,global,0.5,0.0,0,2.0,26385,25252,1466,,,,,275
BraTS-GLI-00146-000,global,0.5,0.0,1,-6.0,98646,42374,1395,,,,,275
BraTS-GLI-00146-000,global,0.5,0.0,1,-4.02,98406,40300,1635,,,,,275
BraTS-GLI-00146-000,global,0.5,0.0,1,-2.0,98174,38201,1867,,,,,275
BraTS-GLI-00146-000,global,0.5,0.0,1,0.0,97848,36094,2193,,,,,275
BraTS-GLI-00146-000,global,0.5,0.0,1,2.0,97444,33772,2597,,,,,275
BraTS-GLI-00146-000,global,0.5,0.0,2,-6.0,183031,47086,1689,,,,,275
BraTS-GLI-00146-000,global,0.5,0.0,2,-4.02,182748,42491,1972,,,,,275
BraTS-GLI-00146-000,global,0.5,0.0,2,-2.0,182362,38141,2358,,,,,275
BraTS-GLI-00146-000,global,0.5,0.0,2,0.0,181864,33881,2856,,,,,275
BraTS-GLI-00146-000,global,0.5,0.0,2,2.0,181217,29615,3503,,,,,275
BraTS-GLI-00146-000,global,1.0,0.0,0,-6.0,27522,41134,329,,,,,275
BraTS-GLI-00146-000,global,1.0,0.0,0,-4.02,27427,36685,424,24,7,3,13,275
BraTS-GLI-00146-000,global,1.0,0.0,0,-2.0,27299,32720,552,,,,,275
BraTS-GLI-00146-000,global,1.0,0.0,0,0.0,27124,29024,727,7,7,3,7,275
BraTS-GLI-00146-000,global,1.0,0.0,0,2.0,26888,25416,963,,,,,275
BraTS-GLI-00146-000,global,1.0,0.0,1,-6.0,99516,106159,525,,,,,275
BraTS-GLI-00146-000,global,1.0,0.0,1,-4.02,99381,98186,660,,,,,275
BraTS-GLI-00146-000,global,1.0,0.0,1,-2.0,99265,89270,776,,,,,275
BraTS-GLI-00146-000,global,1.0,0.0,1,0.0,99060,78919,981,,,,,275
BraTS-GLI-00146-000,global,1.0,0.0,1,2.0,98803,67231,1238,,,,,275
BraTS-GLI-00146-000,global,1.0,0.0,2,-6.0,183679,97172,1041,,,,,275
BraTS-GLI-00146-000,global,1.0,0.0,2,-4.02,183514,90973,1206,,,,,275
BraTS-GLI-00146-000,global,1.0,0.0,2,-2.0,183337,84932,1383,,,,,275
BraTS-GLI-00146-000,global,1.0,0.0,2,0.0,183096,78727,1624,,,,,275
BraTS-GLI-00146-000,global,1.0,0.0,2,2.0,182779,72233,1941,,,,,275
BraTS-GLI-00146-000,dilate,0.0,0.0,0,-6.0,26301,71450,1550,,,,,275
BraTS-GLI-00146-000,dilate,0.0,0.0,0,-4.02,26096,68680,1755,8,7,2,1,275
BraTS-GLI-00146-000,dilate,0.0,0.0,0,-2.0,25928,66371,1923,,,,,275
BraTS-GLI-00146-000,dilate,0.0,0.0,0,0.0,25767,63883,2084,2,7,1,1,275
BraTS-GLI-00146-000,dilate,0.0,0.0,0,2.0,25595,61283,2256,,,,,275
BraTS-GLI-00146-000,dilate,0.0,0.0,1,-6.0,95801,24537,4240,,,,,275
BraTS-GLI-00146-000,dilate,0.0,0.0,1,-4.02,95352,23159,4689,,,,,275
BraTS-GLI-00146-000,dilate,0.0,0.0,1,-2.0,94835,21681,5206,,,,,275
BraTS-GLI-00146-000,dilate,0.0,0.0,1,0.0,94222,20195,5819,,,,,275
BraTS-GLI-00146-000,dilate,0.0,0.0,1,2.0,93380,18620,6661,,,,,275
BraTS-GLI-00146-000,dilate,0.0,0.0,2,-6.0,181080,26670,3640,,,,,275
BraTS-GLI-00146-000,dilate,0.0,0.0,2,-4.02,180525,23830,4195,,,,,275
BraTS-GLI-00146-000,dilate,0.0,0.0,2,-2.0,179925,21246,4795,,,,,275
BraTS-GLI-00146-000,dilate,0.0,0.0,2,0.0,179154,18677,5566,,,,,275
BraTS-GLI-00146-000,dilate,0.0,0.0,2,2.0,178183,16223,6537,,,,,275
BraTS-GLI-00146-000,boost,2.0,0.0,0,-6.0,26137,37443,1714,,,,,275
BraTS-GLI-00146-000,boost,2.0,0.0,0,-4.02,25914,34200,1937,9,7,2,1,275
BraTS-GLI-00146-000,boost,2.0,0.0,0,-2.0,25710,31216,2141,,,,,275
BraTS-GLI-00146-000,boost,2.0,0.0,0,0.0,25521,28575,2330,1,7,1,1,275
BraTS-GLI-00146-000,boost,2.0,0.0,0,2.0,25319,25848,2532,,,,,275
BraTS-GLI-00146-000,boost,2.0,0.0,1,-6.0,95801,24537,4240,,,,,275
BraTS-GLI-00146-000,boost,2.0,0.0,1,-4.02,95352,23159,4689,,,,,275
BraTS-GLI-00146-000,boost,2.0,0.0,1,-2.0,94835,21681,5206,,,,,275
BraTS-GLI-00146-000,boost,2.0,0.0,1,0.0,94222,20195,5819,,,,,275
BraTS-GLI-00146-000,boost,2.0,0.0,1,2.0,93380,18620,6661,,,,,275
BraTS-GLI-00146-000,boost,2.0,0.0,2,-6.0,181080,26670,3640,,,,,275
BraTS-GLI-00146-000,boost,2.0,0.0,2,-4.02,180525,23830,4195,,,,,275
BraTS-GLI-00146-000,boost,2.0,0.0,2,-2.0,179925,21246,4795,,,,,275
BraTS-GLI-00146-000,boost,2.0,0.0,2,0.0,179154,18677,5566,,,,,275
BraTS-GLI-00146-000,boost,2.0,0.0,2,2.0,178183,16223,6537,,,,,275
BraTS-GLI-00146-000,boost,4.0,0.0,0,-6.0,26166,41482,1685,,,,,275
BraTS-GLI-00146-000,boost,4.0,0.0,0,-4.02,25943,37310,1908,12,7,2,5,275
BraTS-GLI-00146-000,boost,4.0,0.0,0,-2.0,25755,34020,2096,,,,,275
BraTS-GLI-00146-000,boost,4.0,0.0,0,0.0,25558,31112,2293,1,7,1,2,275
BraTS-GLI-00146-000,boost,4.0,0.0,0,2.0,25365,28489,2486,,,,,275
BraTS-GLI-00146-000,boost,4.0,0.0,1,-6.0,95801,24537,4240,,,,,275
BraTS-GLI-00146-000,boost,4.0,0.0,1,-4.02,95352,23159,4689,,,,,275
BraTS-GLI-00146-000,boost,4.0,0.0,1,-2.0,94835,21681,5206,,,,,275
BraTS-GLI-00146-000,boost,4.0,0.0,1,0.0,94222,20195,5819,,,,,275
BraTS-GLI-00146-000,boost,4.0,0.0,1,2.0,93380,18620,6661,,,,,275
BraTS-GLI-00146-000,boost,4.0,0.0,2,-6.0,181080,26670,3640,,,,,275
BraTS-GLI-00146-000,boost,4.0,0.0,2,-4.02,180525,23830,4195,,,,,275
BraTS-GLI-00146-000,boost,4.0,0.0,2,-2.0,179925,21246,4795,,,,,275
BraTS-GLI-00146-000,boost,4.0,0.0,2,0.0,179154,18677,5566,,,,,275
BraTS-GLI-00146-000,boost,4.0,0.0,2,2.0,178183,16223,6537,,,,,275
BraTS-GLI-00044-000,none,0.0,0.0,0,-6.0,4562,105,273,,,,,38
BraTS-GLI-00044-000,none,0.0,0.0,0,-4.02,4498,80,337,0,0,0,0,38
BraTS-GLI-00044-000,none,0.0,0.0,0,-2.0,4430,59,405,,,,,38
BraTS-GLI-00044-000,none,0.0,0.0,0,0.0,4359,42,476,0,0,0,0,38
BraTS-GLI-00044-000,none,0.0,0.0,0,2.0,4285,30,550,,,,,38
BraTS-GLI-00044-000,none,0.0,0.0,1,-6.0,5320,89,116,,,,,38
BraTS-GLI-00044-000,none,0.0,0.0,1,-4.02,5289,65,147,,,,,38
BraTS-GLI-00044-000,none,0.0,0.0,1,-2.0,5253,48,183,,,,,38
BraTS-GLI-00044-000,none,0.0,0.0,1,0.0,5214,35,222,,,,,38
BraTS-GLI-00044-000,none,0.0,0.0,1,2.0,5160,25,276,,,,,38
BraTS-GLI-00044-000,none,0.0,0.0,2,-6.0,16462,1144,174,,,,,38
BraTS-GLI-00044-000,none,0.0,0.0,2,-4.02,16399,884,237,,,,,38
BraTS-GLI-00044-000,none,0.0,0.0,2,-2.0,16299,653,337,,,,,38
BraTS-GLI-00044-000,none,0.0,0.0,2,0.0,16153,464,483,,,,,38
BraTS-GLI-00044-000,none,0.0,0.0,2,2.0,15976,323,660,,,,,38
BraTS-GLI-00044-000,pspds,0.5,0.0,0,-6.0,4567,107,268,,,,,38
BraTS-GLI-00044-000,pspds,0.5,0.0,0,-4.02,4499,82,336,0,0,0,0,38
BraTS-GLI-00044-000,pspds,0.5,0.0,0,-2.0,4434,59,401,,,,,38
BraTS-GLI-00044-000,pspds,0.5,0.0,0,0.0,4362,44,473,0,0,0,0,38
BraTS-GLI-00044-000,pspds,0.5,0.0,0,2.0,4292,32,543,,,,,38
BraTS-GLI-00044-000,pspds,0.5,0.0,1,-6.0,5323,90,113,,,,,38
BraTS-GLI-00044-000,pspds,0.5,0.0,1,-4.02,5291,67,145,,,,,38
BraTS-GLI-00044-000,pspds,0.5,0.0,1,-2.0,5254,50,182,,,,,38
BraTS-GLI-00044-000,pspds,0.5,0.0,1,0.0,5219,35,217,,,,,38
BraTS-GLI-00044-000,pspds,0.5,0.0,1,2.0,5167,26,269,,,,,38
BraTS-GLI-00044-000,pspds,0.5,0.0,2,-6.0,16458,1167,178,,,,,38
BraTS-GLI-00044-000,pspds,0.5,0.0,2,-4.02,16388,900,248,,,,,38
BraTS-GLI-00044-000,pspds,0.5,0.0,2,-2.0,16289,676,347,,,,,38
BraTS-GLI-00044-000,pspds,0.5,0.0,2,0.0,16157,483,479,,,,,38
BraTS-GLI-00044-000,pspds,0.5,0.0,2,2.0,15990,346,646,,,,,38
BraTS-GLI-00044-000,pspds,0.5,1.0,0,-6.0,4563,106,272,,,,,38
BraTS-GLI-00044-000,pspds,0.5,1.0,0,-4.02,4498,81,337,0,0,0,0,38
BraTS-GLI-00044-000,pspds,0.5,1.0,0,-2.0,4434,59,401,,,,,38
BraTS-GLI-00044-000,pspds,0.5,1.0,0,0.0,4362,42,473,0,0,0,0,38
BraTS-GLI-00044-000,pspds,0.5,1.0,0,2.0,4289,31,546,,,,,38
BraTS-GLI-00044-000,pspds,0.5,1.0,1,-6.0,5322,89,114,,,,,38
BraTS-GLI-00044-000,pspds,0.5,1.0,1,-4.02,5290,66,146,,,,,38
BraTS-GLI-00044-000,pspds,0.5,1.0,1,-2.0,5252,49,184,,,,,38
BraTS-GLI-00044-000,pspds,0.5,1.0,1,0.0,5215,35,221,,,,,38
BraTS-GLI-00044-000,pspds,0.5,1.0,1,2.0,5161,25,275,,,,,38
BraTS-GLI-00044-000,pspds,0.5,1.0,2,-6.0,16461,1148,175,,,,,38
BraTS-GLI-00044-000,pspds,0.5,1.0,2,-4.02,16395,891,241,,,,,38
BraTS-GLI-00044-000,pspds,0.5,1.0,2,-2.0,16295,662,341,,,,,38
BraTS-GLI-00044-000,pspds,0.5,1.0,2,0.0,16154,471,482,,,,,38
BraTS-GLI-00044-000,pspds,0.5,1.0,2,2.0,15982,332,654,,,,,38
BraTS-GLI-00044-000,pspds,1.0,0.0,0,-6.0,4569,107,266,,,,,38
BraTS-GLI-00044-000,pspds,1.0,0.0,0,-4.02,4501,83,334,0,0,0,0,38
BraTS-GLI-00044-000,pspds,1.0,0.0,0,-2.0,4434,59,401,,,,,38
BraTS-GLI-00044-000,pspds,1.0,0.0,0,0.0,4364,45,471,0,0,0,0,38
BraTS-GLI-00044-000,pspds,1.0,0.0,0,2.0,4293,32,542,,,,,38
BraTS-GLI-00044-000,pspds,1.0,0.0,1,-6.0,5326,94,110,,,,,38
BraTS-GLI-00044-000,pspds,1.0,0.0,1,-4.02,5292,68,144,,,,,38
BraTS-GLI-00044-000,pspds,1.0,0.0,1,-2.0,5255,50,181,,,,,38
BraTS-GLI-00044-000,pspds,1.0,0.0,1,0.0,5222,38,214,,,,,38
BraTS-GLI-00044-000,pspds,1.0,0.0,1,2.0,5171,28,265,,,,,38
BraTS-GLI-00044-000,pspds,1.0,0.0,2,-6.0,16451,1178,185,,,,,38
BraTS-GLI-00044-000,pspds,1.0,0.0,2,-4.02,16388,915,248,,,,,38
BraTS-GLI-00044-000,pspds,1.0,0.0,2,-2.0,16288,698,348,,,,,38
BraTS-GLI-00044-000,pspds,1.0,0.0,2,0.0,16162,496,474,,,,,38
BraTS-GLI-00044-000,pspds,1.0,0.0,2,2.0,15994,358,642,,,,,38
BraTS-GLI-00044-000,pspds,1.0,1.0,0,-6.0,4566,107,269,,,,,38
BraTS-GLI-00044-000,pspds,1.0,1.0,0,-4.02,4499,82,336,0,0,0,0,38
BraTS-GLI-00044-000,pspds,1.0,1.0,0,-2.0,4434,59,401,,,,,38
BraTS-GLI-00044-000,pspds,1.0,1.0,0,0.0,4362,43,473,0,0,0,0,38
BraTS-GLI-00044-000,pspds,1.0,1.0,0,2.0,4291,32,544,,,,,38
BraTS-GLI-00044-000,pspds,1.0,1.0,1,-6.0,5323,89,113,,,,,38
BraTS-GLI-00044-000,pspds,1.0,1.0,1,-4.02,5291,67,145,,,,,38
BraTS-GLI-00044-000,pspds,1.0,1.0,1,-2.0,5254,49,182,,,,,38
BraTS-GLI-00044-000,pspds,1.0,1.0,1,0.0,5218,35,218,,,,,38
BraTS-GLI-00044-000,pspds,1.0,1.0,1,2.0,5164,26,272,,,,,38
BraTS-GLI-00044-000,pspds,1.0,1.0,2,-6.0,16458,1162,178,,,,,38
BraTS-GLI-00044-000,pspds,1.0,1.0,2,-4.02,16392,898,244,,,,,38
BraTS-GLI-00044-000,pspds,1.0,1.0,2,-2.0,16293,671,343,,,,,38
BraTS-GLI-00044-000,pspds,1.0,1.0,2,0.0,16154,480,482,,,,,38
BraTS-GLI-00044-000,pspds,1.0,1.0,2,2.0,15987,339,649,,,,,38
BraTS-GLI-00044-000,interp,0.5,0.0,0,-6.0,4580,124,255,,,,,38
BraTS-GLI-00044-000,interp,0.5,0.0,0,-4.02,4518,94,317,0,0,0,0,38
BraTS-GLI-00044-000,interp,0.5,0.0,0,-2.0,4456,67,379,,,,,38
BraTS-GLI-00044-000,interp,0.5,0.0,0,0.0,4391,52,444,0,0,0,0,38
BraTS-GLI-00044-000,interp,0.5,0.0,0,2.0,4323,39,512,,,,,38
BraTS-GLI-00044-000,interp,0.5,0.0,1,-6.0,5337,111,99,,,,,38
BraTS-GLI-00044-000,interp,0.5,0.0,1,-4.02,5311,79,125,,,,,38
BraTS-GLI-00044-000,interp,0.5,0.0,1,-2.0,5273,60,163,,,,,38
BraTS-GLI-00044-000,interp,0.5,0.0,1,0.0,5244,45,192,,,,,38
BraTS-GLI-00044-000,interp,0.5,0.0,1,2.0,5203,33,233,,,,,38
BraTS-GLI-00044-000,interp,0.5,0.0,2,-6.0,16517,1477,119,,,,,38
BraTS-GLI-00044-000,interp,0.5,0.0,2,-4.02,16469,1205,167,,,,,38
BraTS-GLI-00044-000,interp,0.5,0.0,2,-2.0,16413,922,223,,,,,38
BraTS-GLI-00044-000,interp,0.5,0.0,2,0.0,16317,702,319,,,,,38
BraTS-GLI-00044-000,interp,0.5,0.0,2,2.0,16181,519,455,,,,,38
BraTS-GLI-00044-000,interp,1.0,0.0,0,-6.0,4604,149,231,,,,,38
BraTS-GLI-00044-000,interp,1.0,0.0,0,-4.02,4538,113,297,0,0,0,0,38
BraTS-GLI-00044-000,interp,1.0,0.0,0,-2.0,4480,84,355,,,,,38
BraTS-GLI-00044-000,interp,1.0,0.0,0,0.0,4414,60,421,0,0,0,0,38
BraTS-GLI-00044-000,interp,1.0,0.0,0,2.0,4351,47,484,,,,,38
BraTS-GLI-00044-000,interp,1.0,0.0,1,-6.0,5352,139,84,,,,,38
BraTS-GLI-00044-000,interp,1.0,0.0,1,-4.02,5326,107,110,,,,,38
BraTS-GLI-00044-000,interp,1.0,0.0,1,-2.0,5294,76,142,,,,,38
BraTS-GLI-00044-000,interp,1.0,0.0,1,0.0,5266,58,170,,,,,38
BraTS-GLI-00044-000,interp,1.0,0.0,1,2.0,5230,45,206,,,,,38
BraTS-GLI-00044-000,interp,1.0,0.0,2,-6.0,16562,1798,74,,,,,38
BraTS-GLI-00044-000,interp,1.0,0.0,2,-4.02,16521,1516,115,,,,,38
BraTS-GLI-00044-000,interp,1.0,0.0,2,-2.0,16470,1245,166,,,,,38
BraTS-GLI-00044-000,interp,1.0,0.0,2,0.0,16408,971,228,,,,,38
BraTS-GLI-00044-000,interp,1.0,0.0,2,2.0,16305,754,331,,,,,38
BraTS-GLI-00044-000,global,0.5,0.0,0,-6.0,4606,157,229,,,,,38
BraTS-GLI-00044-000,global,0.5,0.0,0,-4.02,4547,119,288,0,0,0,0,38
BraTS-GLI-00044-000,global,0.5,0.0,0,-2.0,4477,90,358,,,,,38
BraTS-GLI-00044-000,global,0.5,0.0,0,0.0,4414,61,421,0,0,0,0,38
BraTS-GLI-00044-000,global,0.5,0.0,0,2.0,4350,48,485,,,,,38
BraTS-GLI-00044-000,global,0.5,0.0,1,-6.0,5359,150,77,,,,,38
BraTS-GLI-00044-000,global,0.5,0.0,1,-4.02,5336,113,100,,,,,38
BraTS-GLI-00044-000,global,0.5,0.0,1,-2.0,5307,74,129,,,,,38
BraTS-GLI-00044-000,global,0.5,0.0,1,0.0,5270,57,166,,,,,38
BraTS-GLI-00044-000,global,0.5,0.0,1,2.0,5234,42,202,,,,,38
BraTS-GLI-00044-000,global,0.5,0.0,2,-6.0,16588,1900,48,,,,,38
BraTS-GLI-00044-000,global,0.5,0.0,2,-4.02,16567,1567,69,,,,,38
BraTS-GLI-00044-000,global,0.5,0.0,2,-2.0,16522,1219,114,,,,,38
BraTS-GLI-00044-000,global,0.5,0.0,2,0.0,16434,939,202,,,,,38
BraTS-GLI-00044-000,global,0.5,0.0,2,2.0,16324,674,312,,,,,38
BraTS-GLI-00044-000,global,1.0,0.0,0,-6.0,4646,310,189,,,,,38
BraTS-GLI-00044-000,global,1.0,0.0,0,-4.02,4586,239,249,0,0,0,0,38
BraTS-GLI-00044-000,global,1.0,0.0,0,-2.0,4522,183,313,,,,,38
BraTS-GLI-00044-000,global,1.0,0.0,0,0.0,4467,126,368,0,0,0,0,38
BraTS-GLI-00044-000,global,1.0,0.0,0,2.0,4400,93,435,,,,,38
BraTS-GLI-00044-000,global,1.0,0.0,1,-6.0,5425,676,11,,,,,38
BraTS-GLI-00044-000,global,1.0,0.0,1,-4.02,5412,410,24,,,,,38
BraTS-GLI-00044-000,global,1.0,0.0,1,-2.0,5395,294,41,,,,,38
BraTS-GLI-00044-000,global,1.0,0.0,1,0.0,5375,205,61,,,,,38
BraTS-GLI-00044-000,global,1.0,0.0,1,2.0,5344,129,92,,,,,38
BraTS-GLI-00044-000,global,1.0,0.0,2,-6.0,16615,5612,21,,,,,38
BraTS-GLI-00044-000,global,1.0,0.0,2,-4.02,16604,4605,32,,,,,38
BraTS-GLI-00044-000,global,1.0,0.0,2,-2.0,16587,3686,49,,,,,38
BraTS-GLI-00044-000,global,1.0,0.0,2,0.0,16568,2928,68,,,,,38
BraTS-GLI-00044-000,global,1.0,0.0,2,2.0,16508,2304,128,,,,,38
BraTS-GLI-00044-000,dilate,0.0,0.0,0,-6.0,4835,3050,0,,,,,38
BraTS-GLI-00044-000,dilate,0.0,0.0,0,-4.02,4835,2987,0,0,0,0,0,38
BraTS-GLI-00044-000,dilate,0.0,0.0,0,-2.0,4835,2919,0,,,,,38
BraTS-GLI-00044-000,dilate,0.0,0.0,0,0.0,4835,2852,0,0,0,0,0,38
BraTS-GLI-00044-000,dilate,0.0,0.0,0,2.0,4834,2763,1,,,,,38
BraTS-GLI-00044-000,dilate,0.0,0.0,1,-6.0,5320,89,116,,,,,38
BraTS-GLI-00044-000,dilate,0.0,0.0,1,-4.02,5289,65,147,,,,,38
BraTS-GLI-00044-000,dilate,0.0,0.0,1,-2.0,5253,48,183,,,,,38
BraTS-GLI-00044-000,dilate,0.0,0.0,1,0.0,5214,35,222,,,,,38
BraTS-GLI-00044-000,dilate,0.0,0.0,1,2.0,5160,25,276,,,,,38
BraTS-GLI-00044-000,dilate,0.0,0.0,2,-6.0,16462,1144,174,,,,,38
BraTS-GLI-00044-000,dilate,0.0,0.0,2,-4.02,16399,884,237,,,,,38
BraTS-GLI-00044-000,dilate,0.0,0.0,2,-2.0,16299,653,337,,,,,38
BraTS-GLI-00044-000,dilate,0.0,0.0,2,0.0,16153,464,483,,,,,38
BraTS-GLI-00044-000,dilate,0.0,0.0,2,2.0,15976,323,660,,,,,38
BraTS-GLI-00044-000,boost,2.0,0.0,0,-6.0,4618,143,217,,,,,38
BraTS-GLI-00044-000,boost,2.0,0.0,0,-4.02,4562,105,273,0,0,0,0,38
BraTS-GLI-00044-000,boost,2.0,0.0,0,-2.0,4497,80,338,,,,,38
BraTS-GLI-00044-000,boost,2.0,0.0,0,0.0,4430,59,405,0,0,0,0,38
BraTS-GLI-00044-000,boost,2.0,0.0,0,2.0,4359,42,476,,,,,38
BraTS-GLI-00044-000,boost,2.0,0.0,1,-6.0,5320,89,116,,,,,38
BraTS-GLI-00044-000,boost,2.0,0.0,1,-4.02,5289,65,147,,,,,38
BraTS-GLI-00044-000,boost,2.0,0.0,1,-2.0,5253,48,183,,,,,38
BraTS-GLI-00044-000,boost,2.0,0.0,1,0.0,5214,35,222,,,,,38
BraTS-GLI-00044-000,boost,2.0,0.0,1,2.0,5160,25,276,,,,,38
BraTS-GLI-00044-000,boost,2.0,0.0,2,-6.0,16462,1144,174,,,,,38
BraTS-GLI-00044-000,boost,2.0,0.0,2,-4.02,16399,884,237,,,,,38
BraTS-GLI-00044-000,boost,2.0,0.0,2,-2.0,16299,653,337,,,,,38
BraTS-GLI-00044-000,boost,2.0,0.0,2,0.0,16153,464,483,,,,,38
BraTS-GLI-00044-000,boost,2.0,0.0,2,2.0,15976,323,660,,,,,38
BraTS-GLI-00044-000,boost,4.0,0.0,0,-6.0,4665,186,170,,,,,38
BraTS-GLI-00044-000,boost,4.0,0.0,0,-4.02,4618,143,217,0,0,0,0,38
BraTS-GLI-00044-000,boost,4.0,0.0,0,-2.0,4562,105,273,,,,,38
BraTS-GLI-00044-000,boost,4.0,0.0,0,0.0,4497,80,338,0,0,0,0,38
BraTS-GLI-00044-000,boost,4.0,0.0,0,2.0,4430,59,405,,,,,38
BraTS-GLI-00044-000,boost,4.0,0.0,1,-6.0,5320,89,116,,,,,38
BraTS-GLI-00044-000,boost,4.0,0.0,1,-4.02,5289,65,147,,,,,38
BraTS-GLI-00044-000,boost,4.0,0.0,1,-2.0,5253,48,183,,,,,38
BraTS-GLI-00044-000,boost,4.0,0.0,1,0.0,5214,35,222,,,,,38
BraTS-GLI-00044-000,boost,4.0,0.0,1,2.0,5160,25,276,,,,,38
BraTS-GLI-00044-000,boost,4.0,0.0,2,-6.0,16462,1144,174,,,,,38
BraTS-GLI-00044-000,boost,4.0,0.0,2,-4.02,16399,884,237,,,,,38
BraTS-GLI-00044-000,boost,4.0,0.0,2,-2.0,16299,653,337,,,,,38
BraTS-GLI-00044-000,boost,4.0,0.0,2,0.0,16153,464,483,,,,,38
BraTS-GLI-00044-000,boost,4.0,0.0,2,2.0,15976,323,660,,,,,38
BraTS-GLI-00286-000,none,0.0,0.0,0,-6.0,14435,371,1066,,,,,160
BraTS-GLI-00286-000,none,0.0,0.0,0,-4.02,14372,277,1129,0,5,0,0,160
BraTS-GLI-00286-000,none,0.0,0.0,0,-2.0,14274,203,1227,,,,,160
BraTS-GLI-00286-000,none,0.0,0.0,0,0.0,14147,132,1354,0,5,0,0,160
BraTS-GLI-00286-000,none,0.0,0.0,0,2.0,14015,90,1486,,,,,160
BraTS-GLI-00286-000,none,0.0,0.0,1,-6.0,15184,444,955,,,,,160
BraTS-GLI-00286-000,none,0.0,0.0,1,-4.02,15085,333,1054,,,,,160
BraTS-GLI-00286-000,none,0.0,0.0,1,-2.0,14957,252,1182,,,,,160
BraTS-GLI-00286-000,none,0.0,0.0,1,0.0,14845,195,1294,,,,,160
BraTS-GLI-00286-000,none,0.0,0.0,1,2.0,14706,154,1433,,,,,160
BraTS-GLI-00286-000,none,0.0,0.0,2,-6.0,73964,51533,3851,,,,,160
BraTS-GLI-00286-000,none,0.0,0.0,2,-4.02,73347,44633,4468,,,,,160
BraTS-GLI-00286-000,none,0.0,0.0,2,-2.0,72735,38440,5080,,,,,160
BraTS-GLI-00286-000,none,0.0,0.0,2,0.0,72140,32831,5675,,,,,160
BraTS-GLI-00286-000,none,0.0,0.0,2,2.0,71458,27692,6357,,,,,160
BraTS-GLI-00286-000,pspds,0.5,0.0,0,-6.0,14479,416,1022,,,,,160
BraTS-GLI-00286-000,pspds,0.5,0.0,0,-4.02,14417,307,1084,0,5,0,0,160
BraTS-GLI-00286-000,pspds,0.5,0.0,0,-2.0,14338,228,1163,,,,,160
BraTS-GLI-00286-000,pspds,0.5,0.0,0,0.0,14215,155,1286,0,5,0,0,160
BraTS-GLI-00286-000,pspds,0.5,0.0,0,2.0,14079,102,1422,,,,,160
BraTS-GLI-00286-000,pspds,0.5,0.0,1,-6.0,15244,491,895,,,,,160
BraTS-GLI-00286-000,pspds,0.5,0.0,1,-4.02,15141,381,998,,,,,160
BraTS-GLI-00286-000,pspds,0.5,0.0,1,-2.0,15021,292,1118,,,,,160
BraTS-GLI-00286-000,pspds,0.5,0.0,1,0.0,14903,230,1236,,,,,160
BraTS-GLI-00286-000,pspds,0.5,0.0,1,2.0,14767,176,1372,,,,,160
BraTS-GLI-00286-000,pspds,0.5,0.0,2,-6.0,74002,51948,3813,,,,,160
BraTS-GLI-00286-000,pspds,0.5,0.0,2,-4.02,73406,44996,4409,,,,,160
BraTS-GLI-00286-000,pspds,0.5,0.0,2,-2.0,72775,38770,5040,,,,,160
BraTS-GLI-00286-000,pspds,0.5,0.0,2,0.0,72194,33189,5621,,,,,160
BraTS-GLI-00286-000,pspds,0.5,0.0,2,2.0,71539,28049,6276,,,,,160
BraTS-GLI-00286-000,pspds,0.5,1.0,0,-6.0,14460,387,1041,,,,,160
BraTS-GLI-00286-000,pspds,0.5,1.0,0,-4.02,14398,287,1103,0,5,0,0,160
BraTS-GLI-00286-000,pspds,0.5,1.0,0,-2.0,14307,214,1194,,,,,160
BraTS-GLI-00286-000,pspds,0.5,1.0,0,0.0,14180,140,1321,0,5,0,0,160
BraTS-GLI-00286-000,pspds,0.5,1.0,0,2.0,14043,95,1458,,,,,160
BraTS-GLI-00286-000,pspds,0.5,1.0,1,-6.0,15212,467,927,,,,,160
BraTS-GLI-00286-000,pspds,0.5,1.0,1,-4.02,15111,352,1028,,,,,160
BraTS-GLI-00286-000,pspds,0.5,1.0,1,-2.0,14986,273,1153,,,,,160
BraTS-GLI-00286-000,pspds,0.5,1.0,1,0.0,14873,209,1266,,,,,160
BraTS-GLI-00286-000,pspds,0.5,1.0,1,2.0,14731,162,1408,,,,,160
BraTS-GLI-00286-000,pspds,0.5,1.0,2,-6.0,73983,51749,3832,,,,,160
BraTS-GLI-00286-000,pspds,0.5,1.0,2,-4.02,73373,44825,4442,,,,,160
BraTS-GLI-00286-000,pspds,0.5,1.0,2,-2.0,72754,38590,5061,,,,,160
BraTS-GLI-00286-000,pspds,0.5,1.0,2,0.0,72166,33000,5649,,,,,160
BraTS-GLI-00286-000,pspds,0.5,1.0,2,2.0,71491,27892,6324,,,,,160
BraTS-GLI-00286-000,pspds,1.0,0.0,0,-6.0,14521,463,980,,,,,160
BraTS-GLI-00286-000,pspds,1.0,0.0,0,-4.02,14464,341,1037,0,5,0,0,160
BraTS-GLI-00286-000,pspds,1.0,0.0,0,-2.0,14372,253,1129,,,,,160
BraTS-GLI-00286-000,pspds,1.0,0.0,0,0.0,14258,171,1243,0,5,0,0,160
BraTS-GLI-00286-000,pspds,1.0,0.0,0,2.0,14124,113,1377,,,,,160
BraTS-GLI-00286-000,pspds,1.0,0.0,1,-6.0,15287,552,852,,,,,160
BraTS-GLI-00286-000,pspds,1.0,0.0,1,-4.02,15198,431,941,,,,,160
BraTS-GLI-00286-000,pspds,1.0,0.0,1,-2.0,15089,334,1050,,,,,160
BraTS-GLI-00286-000,pspds,1.0,0.0,1,0.0,14960,260,1179,,,,,160
BraTS-GLI-00286-000,pspds,1.0,0.0,1,2.0,14811,206,1328,,,,,160
BraTS-GLI-00286-000,pspds,1.0,0.0,2,-6.0,74039,52307,3776,,,,,160
BraTS-GLI-00286-000,pspds,1.0,0.0,2,-4.02,73438,45379,4377,,,,,160
BraTS-GLI-00286-000,pspds,1.0,0.0,2,-2.0,72809,39155,5006,,,,,160
BraTS-GLI-00286-000,pspds,1.0,0.0,2,0.0,72247,33560,5568,,,,,160
BraTS-GLI-00286-000,pspds,1.0,0.0,2,2.0,71609,28390,6206,,,,,160
BraTS-GLI-00286-000,pspds,1.0,1.0,0,-6.0,14473,403,1028,,,,,160
BraTS-GLI-00286-000,pspds,1.0,1.0,0,-4.02,14412,305,1089,0,5,0,0,160
BraTS-GLI-00286-000,pspds,1.0,1.0,0,-2.0,14331,221,1170,,,,,160
BraTS-GLI-00286-000,pspds,1.0,1.0,0,0.0,14204,150,1297,0,5,0,0,160
BraTS-GLI-00286-000,pspds,1.0,1.0,0,2.0,14068,98,1433,,,,,160
BraTS-GLI-00286-000,pspds,1.0,1.0,1,-6.0,15240,485,899,,,,,160
BraTS-GLI-00286-000,pspds,1.0,1.0,1,-4.02,15135,370,1004,,,,,160
BraTS-GLI-00286-000,pspds,1.0,1.0,1,-2.0,15011,286,1128,,,,,160
BraTS-GLI-00286-000,pspds,1.0,1.0,1,0.0,14889,222,1250,,,,,160
BraTS-GLI-00286-000,pspds,1.0,1.0,1,2.0,14753,173,1386,,,,,160
BraTS-GLI-00286-000,pspds,1.0,1.0,2,-6.0,74005,51953,3810,,,,,160
BraTS-GLI-00286-000,pspds,1.0,1.0,2,-4.02,73408,45005,4407,,,,,160
BraTS-GLI-00286-000,pspds,1.0,1.0,2,-2.0,72769,38774,5046,,,,,160
BraTS-GLI-00286-000,pspds,1.0,1.0,2,0.0,72183,33198,5632,,,,,160
BraTS-GLI-00286-000,pspds,1.0,1.0,2,2.0,71533,28051,6282,,,,,160
BraTS-GLI-00286-000,interp,0.5,0.0,0,-6.0,14762,721,739,,,,,160
BraTS-GLI-00286-000,interp,0.5,0.0,0,-4.02,14705,572,796,1,5,1,0,160
BraTS-GLI-00286-000,interp,0.5,0.0,0,-2.0,14634,446,867,,,,,160
BraTS-GLI-00286-000,interp,0.5,0.0,0,0.0,14539,318,962,0,5,0,0,160
BraTS-GLI-00286-000,interp,0.5,0.0,0,2.0,14405,228,1096,,,,,160
BraTS-GLI-00286-000,interp,0.5,0.0,1,-6.0,15490,971,649,,,,,160
BraTS-GLI-00286-000,interp,0.5,0.0,1,-4.02,15437,791,702,,,,,160
BraTS-GLI-00286-000,interp,0.5,0.0,1,-2.0,15372,630,767,,,,,160
BraTS-GLI-00286-000,interp,0.5,0.0,1,0.0,15277,506,862,,,,,160
BraTS-GLI-00286-000,interp,0.5,0.0,1,2.0,15167,415,972,,,,,160
BraTS-GLI-00286-000,interp,0.5,0.0,2,-6.0,74051,54653,3764,,,,,160
BraTS-GLI-00286-000,interp,0.5,0.0,2,-4.02,73479,47538,4336,,,,,160
BraTS-GLI-00286-000,interp,0.5,0.0,2,-2.0,72913,41238,4902,,,,,160
BraTS-GLI-00286-000,interp,0.5,0.0,2,0.0,72376,35380,5439,,,,,160
BraTS-GLI-00286-000,interp,0.5,0.0,2,2.0,71794,30083,6021,,,,,160
BraTS-GLI-00286-000,interp,1.0,0.0,0,-6.0,14886,1264,615,,,,,160
BraTS-GLI-00286-000,interp,1.0,0.0,0,-4.02,14828,1042,673,14,5,3,3,160
BraTS-GLI-00286-000,interp,1.0,0.0,0,-2.0,14764,811,737,,,,,160
BraTS-GLI-00286-000,interp,1.0,0.0,0,0.0,14680,644,821,2,5,1,2,160
BraTS-GLI-00286-000,interp,1.0,0.0,0,2.0,14591,499,910,,,,,160
BraTS-GLI-00286-000,interp,1.0,0.0,1,-6.0,15626,2304,513,,,,,160
BraTS-GLI-00286-000,interp,1.0,0.0,1,-4.02,15579,2006,560,,,,,160
BraTS-GLI-00286-000,interp,1.0,0.0,1,-2.0,15530,1711,609,,,,,160
BraTS-GLI-00286-000,interp,1.0,0.0,1,0.0,15464,1469,675,,,,,160
BraTS-GLI-00286-000,interp,1.0,0.0,1,2.0,15382,1269,757,,,,,160
BraTS-GLI-00286-000,interp,1.0,0.0,2,-6.0,74092,58357,3723,,,,,160
BraTS-GLI-00286-000,interp,1.0,0.0,2,-4.02,73533,51055,4282,,,,,160
BraTS-GLI-00286-000,interp,1.0,0.0,2,-2.0,72991,44501,4824,,,,,160
BraTS-GLI-00286-000,interp,1.0,0.0,2,0.0,72492,38473,5323,,,,,160
BraTS-GLI-00286-000,interp,1.0,0.0,2,2.0,71951,32974,5864,,,,,160
BraTS-GLI-00286-000,global,0.5,0.0,0,-6.0,14855,965,646,,,,,160
BraTS-GLI-00286-000,global,0.5,0.0,0,-4.02,14790,769,711,5,5,2,0,160
BraTS-GLI-00286-000,global,0.5,0.0,0,-2.0,14706,602,795,,,,,160
BraTS-GLI-00286-000,global,0.5,0.0,0,0.0,14634,458,867,0,5,0,0,160
BraTS-GLI-00286-000,global,0.5,0.0,0,2.0,14504,338,997,,,,,160
BraTS-GLI-00286-000,global,0.5,0.0,1,-6.0,15579,1697,560,,,,,160
BraTS-GLI-00286-000,global,0.5,0.0,1,-4.02,15522,1460,617,,,,,160
BraTS-GLI-00286-000,global,0.5,0.0,1,-2.0,15468,1222,671,,,,,160
BraTS-GLI-00286-000,global,0.5,0.0,1,0.0,15403,1041,736,,,,,160
BraTS-GLI-00286-000,global,0.5,0.0,1,2.0,15308,858,831,,,,,160
BraTS-GLI-00286-000,global,0.5,0.0,2,-6.0,74110,58566,3705,,,,,160
BraTS-GLI-00286-000,global,0.5,0.0,2,-4.02,73549,51092,4266,,,,,160
BraTS-GLI-00286-000,global,0.5,0.0,2,-2.0,73003,44290,4812,,,,,160
BraTS-GLI-00286-000,global,0.5,0.0,2,0.0,72501,38023,5314,,,,,160
BraTS-GLI-00286-000,global,0.5,0.0,2,2.0,71962,32327,5853,,,,,160
BraTS-GLI-00286-000,global,1.0,0.0,0,-6.0,14945,2469,556,,,,,160
BraTS-GLI-00286-000,global,1.0,0.0,0,-4.02,14874,1980,627,96,5,3,9,160
BraTS-GLI-00286-000,global,1.0,0.0,0,-2.0,14810,1534,691,,,,,160
BraTS-GLI-00286-000,global,1.0,0.0,0,0.0,14715,1196,786,78,5,2,8,160
BraTS-GLI-00286-000,global,1.0,0.0,0,2.0,14606,889,895,,,,,160
BraTS-GLI-00286-000,global,1.0,0.0,1,-6.0,15983,20663,156,,,,,160
BraTS-GLI-00286-000,global,1.0,0.0,1,-4.02,15953,18450,186,,,,,160
BraTS-GLI-00286-000,global,1.0,0.0,1,-2.0,15918,16247,221,,,,,160
BraTS-GLI-00286-000,global,1.0,0.0,1,0.0,15875,14011,264,,,,,160
BraTS-GLI-00286-000,global,1.0,0.0,1,2.0,15819,11441,320,,,,,160
BraTS-GLI-00286-000,global,1.0,0.0,2,-6.0,74131,82122,3684,,,,,160
BraTS-GLI-00286-000,global,1.0,0.0,2,-4.02,73595,73069,4220,,,,,160
BraTS-GLI-00286-000,global,1.0,0.0,2,-2.0,73085,64801,4730,,,,,160
BraTS-GLI-00286-000,global,1.0,0.0,2,0.0,72632,57058,5183,,,,,160
BraTS-GLI-00286-000,global,1.0,0.0,2,2.0,72154,49792,5661,,,,,160
BraTS-GLI-00286-000,dilate,0.0,0.0,0,-6.0,14766,6337,735,,,,,160
BraTS-GLI-00286-000,dilate,0.0,0.0,0,-4.02,14752,6192,749,0,5,0,0,160
BraTS-GLI-00286-000,dilate,0.0,0.0,0,-2.0,14734,5999,767,,,,,160
BraTS-GLI-00286-000,dilate,0.0,0.0,0,0.0,14697,5816,804,0,5,0,0,160
BraTS-GLI-00286-000,dilate,0.0,0.0,0,2.0,14676,5651,825,,,,,160
BraTS-GLI-00286-000,dilate,0.0,0.0,1,-6.0,15184,444,955,,,,,160
BraTS-GLI-00286-000,dilate,0.0,0.0,1,-4.02,15085,333,1054,,,,,160
BraTS-GLI-00286-000,dilate,0.0,0.0,1,-2.0,14957,252,1182,,,,,160
BraTS-GLI-00286-000,dilate,0.0,0.0,1,0.0,14845,195,1294,,,,,160
BraTS-GLI-00286-000,dilate,0.0,0.0,1,2.0,14706,154,1433,,,,,160
BraTS-GLI-00286-000,dilate,0.0,0.0,2,-6.0,73964,51533,3851,,,,,160
BraTS-GLI-00286-000,dilate,0.0,0.0,2,-4.02,73347,44633,4468,,,,,160
BraTS-GLI-00286-000,dilate,0.0,0.0,2,-2.0,72735,38440,5080,,,,,160
BraTS-GLI-00286-000,dilate,0.0,0.0,2,0.0,72140,32831,5675,,,,,160
BraTS-GLI-00286-000,dilate,0.0,0.0,2,2.0,71458,27692,6357,,,,,160
BraTS-GLI-00286-000,boost,2.0,0.0,0,-6.0,14500,493,1001,,,,,160
BraTS-GLI-00286-000,boost,2.0,0.0,0,-4.02,14435,371,1066,0,5,0,0,160
BraTS-GLI-00286-000,boost,2.0,0.0,0,-2.0,14367,275,1134,,,,,160
BraTS-GLI-00286-000,boost,2.0,0.0,0,0.0,14273,202,1228,0,5,0,0,160
BraTS-GLI-00286-000,boost,2.0,0.0,0,2.0,14147,131,1354,,,,,160
BraTS-GLI-00286-000,boost,2.0,0.0,1,-6.0,15184,444,955,,,,,160
BraTS-GLI-00286-000,boost,2.0,0.0,1,-4.02,15085,333,1054,,,,,160
BraTS-GLI-00286-000,boost,2.0,0.0,1,-2.0,14957,252,1182,,,,,160
BraTS-GLI-00286-000,boost,2.0,0.0,1,0.0,14845,195,1294,,,,,160
BraTS-GLI-00286-000,boost,2.0,0.0,1,2.0,14706,154,1433,,,,,160
BraTS-GLI-00286-000,boost,2.0,0.0,2,-6.0,73964,51533,3851,,,,,160
BraTS-GLI-00286-000,boost,2.0,0.0,2,-4.02,73347,44633,4468,,,,,160
BraTS-GLI-00286-000,boost,2.0,0.0,2,-2.0,72735,38440,5080,,,,,160
BraTS-GLI-00286-000,boost,2.0,0.0,2,0.0,72140,32831,5675,,,,,160
BraTS-GLI-00286-000,boost,2.0,0.0,2,2.0,71458,27692,6357,,,,,160
BraTS-GLI-00286-000,boost,4.0,0.0,0,-6.0,14555,647,946,,,,,160
BraTS-GLI-00286-000,boost,4.0,0.0,0,-4.02,14501,495,1000,0,5,0,0,160
BraTS-GLI-00286-000,boost,4.0,0.0,0,-2.0,14430,370,1071,,,,,160
BraTS-GLI-00286-000,boost,4.0,0.0,0,0.0,14366,274,1135,0,5,0,0,160
BraTS-GLI-00286-000,boost,4.0,0.0,0,2.0,14273,201,1228,,,,,160
BraTS-GLI-00286-000,boost,4.0,0.0,1,-6.0,15184,444,955,,,,,160
BraTS-GLI-00286-000,boost,4.0,0.0,1,-4.02,15085,333,1054,,,,,160
BraTS-GLI-00286-000,boost,4.0,0.0,1,-2.0,14957,252,1182,,,,,160
BraTS-GLI-00286-000,boost,4.0,0.0,1,0.0,14845,195,1294,,,,,160
BraTS-GLI-00286-000,boost,4.0,0.0,1,2.0,14706,154,1433,,,,,160
BraTS-GLI-00286-000,boost,4.0,0.0,2,-6.0,73964,51533,3851,,,,,160
BraTS-GLI-00286-000,boost,4.0,0.0,2,-4.02,73347,44633,4468,,,,,160
BraTS-GLI-00286-000,boost,4.0,0.0,2,-2.0,72735,38440,5080,,,,,160
BraTS-GLI-00286-000,boost,4.0,0.0,2,0.0,72140,32831,5675,,,,,160
BraTS-GLI-00286-000,boost,4.0,0.0,2,2.0,71458,27692,6357,,,,,160
BraTS-GLI-00367-000,none,0.0,0.0,0,-6.0,13727,1024,1331,,,,,41
BraTS-GLI-00367-000,none,0.0,0.0,0,-4.02,13540,784,1518,0,0,0,0,41
BraTS-GLI-00367-000,none,0.0,0.0,0,-2.0,13312,590,1746,,,,,41
BraTS-GLI-00367-000,none,0.0,0.0,0,0.0,13077,407,1981,0,0,0,0,41
BraTS-GLI-00367-000,none,0.0,0.0,0,2.0,12776,274,2282,,,,,41
BraTS-GLI-00367-000,none,0.0,0.0,1,-6.0,14970,1219,1405,,,,,41
BraTS-GLI-00367-000,none,0.0,0.0,1,-4.02,14709,1007,1666,,,,,41
BraTS-GLI-00367-000,none,0.0,0.0,1,-2.0,14435,822,1940,,,,,41
BraTS-GLI-00367-000,none,0.0,0.0,1,0.0,14129,689,2246,,,,,41
BraTS-GLI-00367-000,none,0.0,0.0,1,2.0,13772,563,2603,,,,,41
BraTS-GLI-00367-000,none,0.0,0.0,2,-6.0,76443,12510,11339,,,,,41
BraTS-GLI-00367-000,none,0.0,0.0,2,-4.02,75807,10499,11975,,,,,41
BraTS-GLI-00367-000,none,0.0,0.0,2,-2.0,75055,8677,12727,,,,,41
BraTS-GLI-00367-000,none,0.0,0.0,2,0.0,74135,7088,13647,,,,,41
BraTS-GLI-00367-000,none,0.0,0.0,2,2.0,73022,5563,14760,,,,,41
BraTS-GLI-00367-000,pspds,0.5,0.0,0,-6.0,13853,1152,1205,,,,,41
BraTS-GLI-00367-000,pspds,0.5,0.0,0,-4.02,13677,878,1381,0,0,0,0,41
BraTS-GLI-00367-000,pspds,0.5,0.0,0,-2.0,13495,663,1563,,,,,41
BraTS-GLI-00367-000,pspds,0.5,0.0,0,0.0,13231,476,1827,0,0,0,0,41
BraTS-GLI-00367-000,pspds,0.5,0.0,0,2.0,12991,326,2067,,,,,41
BraTS-GLI-00367-000,pspds,0.5,0.0,1,-6.0,15131,1336,1244,,,,,41
BraTS-GLI-00367-000,pspds,0.5,0.0,1,-4.02,14916,1130,1459,,,,,41
BraTS-GLI-00367-000,pspds,0.5,0.0,1,-2.0,14660,924,1715,,,,,41
BraTS-GLI-00367-000,pspds,0.5,0.0,1,0.0,14380,770,1995,,,,,41
BraTS-GLI-00367-000,pspds,0.5,0.0,1,2.0,14056,639,2319,,,,,41
BraTS-GLI-00367-000,pspds,0.5,0.0,2,-6.0,76561,12653,11221,,,,,41
BraTS-GLI-00367-000,pspds,0.5,0.0,2,-4.02,75938,10668,11844,,,,,41
BraTS-GLI-00367-000,pspds,0.5,0.0,2,-2.0,75225,8828,12557,,,,,41
BraTS-GLI-00367-000,pspds,0.5,0.0,2,0.0,74367,7275,13415,,,,,41
BraTS-GLI-00367-000,pspds,0.5,0.0,2,2.0,73289,5725,14493,,,,,41
BraTS-GLI-00367-000,pspds,0.5,1.0,0,-6.0,13805,1087,1253,,,,,41
BraTS-GLI-00367-000,pspds,0.5,1.0,0,-4.02,13608,833,1450,0,0,0,0,41
BraTS-GLI-00367-000,pspds,0.5,1.0,0,-2.0,13397,628,1661,,,,,41
BraTS-GLI-00367-000,pspds,0.5,1.0,0,0.0,13159,450,1899,0,0,0,0,41
BraTS-GLI-00367-000,pspds,0.5,1.0,0,2.0,12889,298,2169,,,,,41
BraTS-GLI-00367-000,pspds,0.5,1.0,1,-6.0,15048,1284,1327,,,,,41
BraTS-GLI-00367-000,pspds,0.5,1.0,1,-4.02,14813,1067,1562,,,,,41
BraTS-GLI-00367-000,pspds,0.5,1.0,1,-2.0,14560,870,1815,,,,,41
BraTS-GLI-00367-000,pspds,0.5,1.0,1,0.0,14269,731,2106,,,,,41
BraTS-GLI-00367-000,pspds,0.5,1.0,1,2.0,13932,604,2443,,,,,41
BraTS-GLI-00367-000,pspds,0.5,1.0,2,-6.0,76504,12580,11278,,,,,41
BraTS-GLI-00367-000,pspds,0.5,1.0,2,-4.02,75865,10578,11917,,,,,41
BraTS-GLI-00367-000,pspds,0.5,1.0,2,-2.0,75143,8754,12639,,,,,41
BraTS-GLI-00367-000,pspds,0.5,1.0,2,0.0,74236,7174,13546,,,,,41
BraTS-GLI-00367-000,pspds,0.5,1.0,2,2.0,73166,5642,14616,,,,,41
BraTS-GLI-00367-000,pspds,1.0,0.0,0,-6.0,13946,1245,1112,,,,,41
BraTS-GLI-00367-000,pspds,1.0,0.0,0,-4.02,13777,973,1281,0,0,0,0,41
BraTS-GLI-00367-000,pspds,1.0,0.0,0,-2.0,13605,748,1453,,,,,41
BraTS-GLI-00367-000,pspds,1.0,0.0,0,0.0,13394,549,1664,0,0,0,0,41
BraTS-GLI-00367-000,pspds,1.0,0.0,0,2.0,13141,377,1917,,,,,41
BraTS-GLI-00367-000,pspds,1.0,0.0,1,-6.0,15294,1467,1081,,,,,41
BraTS-GLI-00367-000,pspds,1.0,0.0,1,-4.02,15050,1237,1325,,,,,41
BraTS-GLI-00367-000,pspds,1.0,0.0,1,-2.0,14855,1046,1520,,,,,41
BraTS-GLI-00367-000,pspds,1.0,0.0,1,0.0,14588,862,1787,,,,,41
BraTS-GLI-00367-000,pspds,1.0,0.0,1,2.0,14281,710,2094,,,,,41
BraTS-GLI-00367-000,pspds,1.0,0.0,2,-6.0,76672,12857,11110,,,,,41
BraTS-GLI-00367-000,pspds,1.0,0.0,2,-4.02,76063,10864,11719,,,,,41
BraTS-GLI-00367-000,pspds,1.0,0.0,2,-2.0,75378,9019,12404,,,,,41
BraTS-GLI-00367-000,pspds,1.0,0.0,2,0.0,74568,7422,13214,,,,,41
BraTS-GLI-00367-000,pspds,1.0,0.0,2,2.0,73557,5888,14225,,,,,41
BraTS-GLI-00367-000,pspds,1.0,1.0,0,-6.0,13852,1151,1206,,,,,41
BraTS-GLI-00367-000,pspds,1.0,1.0,0,-4.02,13676,881,1382,0,0,0,0,41
BraTS-GLI-00367-000,pspds,1.0,1.0,0,-2.0,13494,665,1564,,,,,41
BraTS-GLI-00367-000,pspds,1.0,1.0,0,0.0,13230,479,1828,0,0,0,0,41
BraTS-GLI-00367-000,pspds,1.0,1.0,0,2.0,12990,326,2068,,,,,41
BraTS-GLI-00367-000,pspds,1.0,1.0,1,-6.0,15128,1343,1247,,,,,41
BraTS-GLI-00367-000,pspds,1.0,1.0,1,-4.02,14914,1133,1461,,,,,41
BraTS-GLI-00367-000,pspds,1.0,1.0,1,-2.0,14671,931,1704,,,,,41
BraTS-GLI-00367-000,pspds,1.0,1.0,1,0.0,14384,775,1991,,,,,41
BraTS-GLI-00367-000,pspds,1.0,1.0,1,2.0,14060,646,2315,,,,,41
BraTS-GLI-00367-000,pspds,1.0,1.0,2,-6.0,76564,12661,11218,,,,,41
BraTS-GLI-00367-000,pspds,1.0,1.0,2,-4.02,75939,10670,11843,,,,,41
BraTS-GLI-00367-000,pspds,1.0,1.0,2,-2.0,75227,8830,12555,,,,,41
BraTS-GLI-00367-000,pspds,1.0,1.0,2,0.0,74368,7276,13414,,,,,41
BraTS-GLI-00367-000,pspds,1.0,1.0,2,2.0,73292,5719,14490,,,,,41
BraTS-GLI-00367-000,interp,0.5,0.0,0,-6.0,14158,1435,900,,,,,41
BraTS-GLI-00367-000,interp,0.5,0.0,0,-4.02,13994,1127,1064,0,0,0,0,41
BraTS-GLI-00367-000,interp,0.5,0.0,0,-2.0,13803,856,1255,,,,,41
BraTS-GLI-00367-000,interp,0.5,0.0,0,0.0,13594,595,1464,0,0,0,0,41
BraTS-GLI-00367-000,interp,0.5,0.0,0,2.0,13346,408,1712,,,,,41
BraTS-GLI-00367-000,interp,0.5,0.0,1,-6.0,15581,1815,794,,,,,41
BraTS-GLI-00367-000,interp,0.5,0.0,1,-4.02,15398,1518,977,,,,,41
BraTS-GLI-00367-000,interp,0.5,0.0,1,-2.0,15162,1261,1213,,,,,41
BraTS-GLI-00367-000,interp,0.5,0.0,1,0.0,14922,1017,1453,,,,,41
BraTS-GLI-00367-000,interp,0.5,0.0,1,2.0,14610,819,1765,,,,,41
BraTS-GLI-00367-000,interp,0.5,0.0,2,-6.0,76591,14410,11191,,,,,41
BraTS-GLI-00367-000,interp,0.5,0.0,2,-4.02,76005,12272,11777,,,,,41
BraTS-GLI-00367-000,interp,0.5,0.0,2,-2.0,75315,10285,12467,,,,,41
BraTS-GLI-00367-000,interp,0.5,0.0,2,0.0,74488,8544,13294,,,,,41
BraTS-GLI-00367-000,interp,0.5,0.0,2,2.0,73526,6840,14256,,,,,41
BraTS-GLI-00367-000,interp,1.0,0.0,0,-6.0,14482,2243,576,,,,,41
BraTS-GLI-00367-000,interp,1.0,0.0,0,-4.02,14368,1791,690,0,0,0,0,41
BraTS-GLI-00367-000,interp,1.0,0.0,0,-2.0,14253,1405,805,,,,,41
BraTS-GLI-00367-000,interp,1.0,0.0,0,0.0,14061,1070,997,0,0,0,0,41
BraTS-GLI-00367-000,interp,1.0,0.0,0,2.0,13849,751,1209,,,,,41
BraTS-GLI-00367-000,interp,1.0,0.0,1,-6.0,16168,3861,207,,,,,41
BraTS-GLI-00367-000,interp,1.0,0.0,1,-4.02,16059,3203,316,,,,,41
BraTS-GLI-00367-000,interp,1.0,0.0,1,-2.0,15921,2636,454,,,,,41
BraTS-GLI-00367-000,interp,1.0,0.0,1,0.0,15738,2131,637,,,,,41
BraTS-GLI-00367-000,interp,1.0,0.0,1,2.0,15486,1671,889,,,,,41
BraTS-GLI-00367-000,interp,1.0,0.0,2,-6.0,76642,16804,11140,,,,,41
BraTS-GLI-00367-000,interp,1.0,0.0,2,-4.02,76076,14631,11706,,,,,41
BraTS-GLI-00367-000,interp,1.0,0.0,2,-2.0,75443,12600,12339,,,,,41
BraTS-GLI-00367-000,interp,1.0,0.0,2,0.0,74677,10804,13105,,,,,41
BraTS-GLI-00367-000,interp,1.0,0.0,2,2.0,73781,9069,14001,,,,,41
BraTS-GLI-00367-000,global,0.5,0.0,0,-6.0,14641,3256,417,,,,,41
BraTS-GLI-00367-000,global,0.5,0.0,0,-4.02,14554,2691,504,0,0,0,0,41
BraTS-GLI-00367-000,global,0.5,0.0,0,-2.0,14431,2147,627,,,,,41
BraTS-GLI-00367-000,global,0.5,0.0,0,0.0,14302,1682,756,0,0,0,1,41
BraTS-GLI-00367-000,global,0.5,0.0,0,2.0,14113,1270,945,,,,,41
BraTS-GLI-00367-000,global,0.5,0.0,1,-6.0,16342,9049,33,,,,,41
BraTS-GLI-00367-000,global,0.5,0.0,1,-4.02,16312,8141,63,,,,,41
BraTS-GLI-00367-000,global,0.5,0.0,1,-2.0,16259,7130,116,,,,,41
BraTS-GLI-00367-000,global,0.5,0.0,1,0.0,16198,6102,177,,,,,41
BraTS-GLI-00367-000,global,0.5,0.0,1,2.0,16082,4968,293,,,,,41
BraTS-GLI-00367-000,global,0.5,0.0,2,-6.0,76652,17895,11130,,,,,41
BraTS-GLI-00367-000,global,0.5,0.0,2,-4.02,76083,15766,11699,,,,,41
BraTS-GLI-00367-000,global,0.5,0.0,2,-2.0,75457,13755,12325,,,,,41
BraTS-GLI-00367-000,global,0.5,0.0,2,0.0,74709,11971,13073,,,,,41
BraTS-GLI-00367-000,global,0.5,0.0,2,2.0,73846,10288,13936,,,,,41
BraTS-GLI-00367-000,global,1.0,0.0,0,-6.0,14640,5170,418,,,,,41
BraTS-GLI-00367-000,global,1.0,0.0,0,-4.02,14556,4297,502,0,0,0,5,41
BraTS-GLI-00367-000,global,1.0,0.0,0,-2.0,14448,3534,610,,,,,41
BraTS-GLI-00367-000,global,1.0,0.0,0,0.0,14315,2845,743,0,0,0,1,41
BraTS-GLI-00367-000,global,1.0,0.0,0,2.0,14109,2307,949,,,,,41
BraTS-GLI-00367-000,global,1.0,0.0,1,-6.0,16375,30581,0,,,,,41
BraTS-GLI-00367-000,global,1.0,0.0,1,-4.02,16374,28828,1,,,,,41
BraTS-GLI-00367-000,global,1.0,0.0,1,-2.0,16369,26806,6,,,,,41
BraTS-GLI-00367-000,global,1.0,0.0,1,0.0,16358,24655,17,,,,,41
BraTS-GLI-00367-000,global,1.0,0.0,1,2.0,16341,21946,34,,,,,41
BraTS-GLI-00367-000,global,1.0,0.0,2,-6.0,76698,28997,11084,,,,,41
BraTS-GLI-00367-000,global,1.0,0.0,2,-4.02,76166,26527,11616,,,,,41
BraTS-GLI-00367-000,global,1.0,0.0,2,-2.0,75566,24091,12216,,,,,41
BraTS-GLI-00367-000,global,1.0,0.0,2,0.0,74846,21824,12936,,,,,41
BraTS-GLI-00367-000,global,1.0,0.0,2,2.0,74074,19603,13708,,,,,41
BraTS-GLI-00367-000,dilate,0.0,0.0,0,-6.0,14837,7506,221,,,,,41
BraTS-GLI-00367-000,dilate,0.0,0.0,0,-4.02,14807,7104,251,0,0,0,0,41
BraTS-GLI-00367-000,dilate,0.0,0.0,0,-2.0,14745,6705,313,,,,,41
BraTS-GLI-00367-000,dilate,0.0,0.0,0,0.0,14694,6313,364,0,0,0,0,41
BraTS-GLI-00367-000,dilate,0.0,0.0,0,2.0,14641,5926,417,,,,,41
BraTS-GLI-00367-000,dilate,0.0,0.0,1,-6.0,14970,1219,1405,,,,,41
BraTS-GLI-00367-000,dilate,0.0,0.0,1,-4.02,14709,1007,1666,,,,,41
BraTS-GLI-00367-000,dilate,0.0,0.0,1,-2.0,14435,822,1940,,,,,41
BraTS-GLI-00367-000,dilate,0.0,0.0,1,0.0,14129,689,2246,,,,,41
BraTS-GLI-00367-000,dilate,0.0,0.0,1,2.0,13772,563,2603,,,,,41
BraTS-GLI-00367-000,dilate,0.0,0.0,2,-6.0,76443,12510,11339,,,,,41
BraTS-GLI-00367-000,dilate,0.0,0.0,2,-4.02,75807,10499,11975,,,,,41
BraTS-GLI-00367-000,dilate,0.0,0.0,2,-2.0,75055,8677,12727,,,,,41
BraTS-GLI-00367-000,dilate,0.0,0.0,2,0.0,74135,7088,13647,,,,,41
BraTS-GLI-00367-000,dilate,0.0,0.0,2,2.0,73022,5563,14760,,,,,41
BraTS-GLI-00367-000,boost,2.0,0.0,0,-6.0,13910,1324,1148,,,,,41
BraTS-GLI-00367-000,boost,2.0,0.0,0,-4.02,13724,1026,1334,0,0,0,0,41
BraTS-GLI-00367-000,boost,2.0,0.0,0,-2.0,13532,779,1526,,,,,41
BraTS-GLI-00367-000,boost,2.0,0.0,0,0.0,13303,586,1755,0,0,0,0,41
BraTS-GLI-00367-000,boost,2.0,0.0,0,2.0,13069,405,1989,,,,,41
BraTS-GLI-00367-000,boost,2.0,0.0,1,-6.0,14970,1219,1405,,,,,41
BraTS-GLI-00367-000,boost,2.0,0.0,1,-4.02,14709,1007,1666,,,,,41
BraTS-GLI-00367-000,boost,2.0,0.0,1,-2.0,14435,822,1940,,,,,41
BraTS-GLI-00367-000,boost,2.0,0.0,1,0.0,14129,689,2246,,,,,41
BraTS-GLI-00367-000,boost,2.0,0.0,1,2.0,13772,563,2603,,,,,41
BraTS-GLI-00367-000,boost,2.0,0.0,2,-6.0,76443,12510,11339,,,,,41
BraTS-GLI-00367-000,boost,2.0,0.0,2,-4.02,75807,10499,11975,,,,,41
BraTS-GLI-00367-000,boost,2.0,0.0,2,-2.0,75055,8677,12727,,,,,41
BraTS-GLI-00367-000,boost,2.0,0.0,2,0.0,74135,7088,13647,,,,,41
BraTS-GLI-00367-000,boost,2.0,0.0,2,2.0,73022,5563,14760,,,,,41
BraTS-GLI-00367-000,boost,4.0,0.0,0,-6.0,14092,1651,966,,,,,41
BraTS-GLI-00367-000,boost,4.0,0.0,0,-4.02,13904,1327,1154,0,0,0,0,41
BraTS-GLI-00367-000,boost,4.0,0.0,0,-2.0,13712,1019,1346,,,,,41
BraTS-GLI-00367-000,boost,4.0,0.0,0,0.0,13523,775,1535,0,0,0,0,41
BraTS-GLI-00367-000,boost,4.0,0.0,0,2.0,13295,584,1763,,,,,41
BraTS-GLI-00367-000,boost,4.0,0.0,1,-6.0,14970,1219,1405,,,,,41
BraTS-GLI-00367-000,boost,4.0,0.0,1,-4.02,14709,1007,1666,,,,,41
BraTS-GLI-00367-000,boost,4.0,0.0,1,-2.0,14435,822,1940,,,,,41
BraTS-GLI-00367-000,boost,4.0,0.0,1,0.0,14129,689,2246,,,,,41
BraTS-GLI-00367-000,boost,4.0,0.0,1,2.0,13772,563,2603,,,,,41
BraTS-GLI-00367-000,boost,4.0,0.0,2,-6.0,76443,12510,11339,,,,,41
BraTS-GLI-00367-000,boost,4.0,0.0,2,-4.02,75807,10499,11975,,,,,41
BraTS-GLI-00367-000,boost,4.0,0.0,2,-2.0,75055,8677,12727,,,,,41
BraTS-GLI-00367-000,boost,4.0,0.0,2,0.0,74135,7088,13647,,,,,41
BraTS-GLI-00367-000,boost,4.0,0.0,2,2.0,73022,5563,14760,,,,,41
BraTS-GLI-00500-001,none,0.0,0.0,0,-6.0,6442,698,170,,,,,42
BraTS-GLI-00500-001,none,0.0,0.0,0,-4.02,6385,550,227,0,1,0,0,42
BraTS-GLI-00500-001,none,0.0,0.0,0,-2.0,6296,447,316,,,,,42
BraTS-GLI-00500-001,none,0.0,0.0,0,0.0,6195,346,417,0,1,0,0,42
BraTS-GLI-00500-001,none,0.0,0.0,0,2.0,6098,259,514,,,,,42
BraTS-GLI-00500-001,none,0.0,0.0,1,-6.0,7474,683,148,,,,,42
BraTS-GLI-00500-001,none,0.0,0.0,1,-4.02,7410,556,212,,,,,42
BraTS-GLI-00500-001,none,0.0,0.0,1,-2.0,7343,453,279,,,,,42
BraTS-GLI-00500-001,none,0.0,0.0,1,0.0,7245,356,377,,,,,42
BraTS-GLI-00500-001,none,0.0,0.0,1,2.0,7164,273,458,,,,,42
BraTS-GLI-00500-001,none,0.0,0.0,2,-6.0,61587,13733,15,,,,,42
BraTS-GLI-00500-001,none,0.0,0.0,2,-4.02,61576,11902,26,,,,,42
BraTS-GLI-00500-001,none,0.0,0.0,2,-2.0,61553,10070,49,,,,,42
BraTS-GLI-00500-001,none,0.0,0.0,2,0.0,61516,8452,86,,,,,42
BraTS-GLI-00500-001,none,0.0,0.0,2,2.0,61464,6912,138,,,,,42
BraTS-GLI-00500-001,pspds,0.5,0.0,0,-6.0,6446,687,166,,,,,42
BraTS-GLI-00500-001,pspds,0.5,0.0,0,-4.02,6389,548,223,0,1,0,0,42
BraTS-GLI-00500-001,pspds,0.5,0.0,0,-2.0,6302,449,310,,,,,42
BraTS-GLI-00500-001,pspds,0.5,0.0,0,0.0,6202,349,410,0,1,0,0,42
BraTS-GLI-00500-001,pspds,0.5,0.0,0,2.0,6120,260,492,,,,,42
BraTS-GLI-00500-001,pspds,0.5,0.0,1,-6.0,7477,677,145,,,,,42
BraTS-GLI-00500-001,pspds,0.5,0.0,1,-4.02,7418,550,204,,,,,42
BraTS-GLI-00500-001,pspds,0.5,0.0,1,-2.0,7348,454,274,,,,,42
BraTS-GLI-00500-001,pspds,0.5,0.0,1,0.0,7263,360,359,,,,,42
BraTS-GLI-00500-001,pspds,0.5,0.0,1,2.0,7179,272,443,,,,,42
BraTS-GLI-00500-001,pspds,0.5,0.0,2,-6.0,61587,13757,15,,,,,42
BraTS-GLI-00500-001,pspds,0.5,0.0,2,-4.02,61575,11933,27,,,,,42
BraTS-GLI-00500-001,pspds,0.5,0.0,2,-2.0,61556,10124,46,,,,,42
BraTS-GLI-00500-001,pspds,0.5,0.0,2,0.0,61517,8490,85,,,,,42
BraTS-GLI-00500-001,pspds,0.5,0.0,2,2.0,61466,6963,136,,,,,42
BraTS-GLI-00500-001,pspds,0.5,1.0,0,-6.0,6445,694,167,,,,,42
BraTS-GLI-00500-001,pspds,0.5,1.0,0,-4.02,6391,550,221,0,1,0,0,42
BraTS-GLI-00500-001,pspds,0.5,1.0,0,-2.0,6297,451,315,,,,,42
BraTS-GLI-00500-001,pspds,0.5,1.0,0,0.0,6199,351,413,0,1,0,0,42
BraTS-GLI-00500-001,pspds,0.5,1.0,0,2.0,6107,260,505,,,,,42
BraTS-GLI-00500-001,pspds,0.5,1.0,1,-6.0,7476,680,146,,,,,42
BraTS-GLI-00500-001,pspds,0.5,1.0,1,-4.02,7415,554,207,,,,,42
BraTS-GLI-00500-001,pspds,0.5,1.0,1,-2.0,7346,455,276,,,,,42
BraTS-GLI-00500-001,pspds,0.5,1.0,1,0.0,7254,358,368,,,,,42
BraTS-GLI-00500-001,pspds,0.5,1.0,1,2.0,7171,273,451,,,,,42
BraTS-GLI-00500-001,pspds,0.5,1.0,2,-6.0,61587,13753,15,,,,,42
BraTS-GLI-00500-001,pspds,0.5,1.0,2,-4.02,61577,11918,25,,,,,42
BraTS-GLI-00500-001,pspds,0.5,1.0,2,-2.0,61556,10102,46,,,,,42
BraTS-GLI-00500-001,pspds,0.5,1.0,2,0.0,61516,8475,86,,,,,42
BraTS-GLI-00500-001,pspds,0.5,1.0,2,2.0,61463,6926,139,,,,,42
BraTS-GLI-00500-001,pspds,1.0,0.0,0,-6.0,6448,686,164,,,,,42
BraTS-GLI-00500-001,pspds,1.0,0.0,0,-4.02,6399,543,213,0,1,0,0,42
BraTS-GLI-00500-001,pspds,1.0,0.0,0,-2.0,6307,451,305,,,,,42
BraTS-GLI-00500-001,pspds,1.0,0.0,0,0.0,6216,351,396,0,1,0,0,42
BraTS-GLI-00500-001,pspds,1.0,0.0,0,2.0,6125,262,487,,,,,42
BraTS-GLI-00500-001,pspds,1.0,0.0,1,-6.0,7479,673,143,,,,,42
BraTS-GLI-00500-001,pspds,1.0,0.0,1,-4.02,7424,546,198,,,,,42
BraTS-GLI-00500-001,pspds,1.0,0.0,1,-2.0,7356,455,266,,,,,42
BraTS-GLI-00500-001,pspds,1.0,0.0,1,0.0,7277,368,345,,,,,42
BraTS-GLI-00500-001,pspds,1.0,0.0,1,2.0,7187,269,435,,,,,42
BraTS-GLI-00500-001,pspds,1.0,0.0,2,-6.0,61587,13819,15,,,,,42
BraTS-GLI-00500-001,pspds,1.0,0.0,2,-4.02,61574,11966,28,,,,,42
BraTS-GLI-00500-001,pspds,1.0,0.0,2,-2.0,61551,10187,51,,,,,42
BraTS-GLI-00500-001,pspds,1.0,0.0,2,0.0,61519,8531,83,,,,,42
BraTS-GLI-00500-001,pspds,1.0,0.0,2,2.0,61468,7012,134,,,,,42
BraTS-GLI-00500-001,pspds,1.0,1.0,0,-6.0,6447,688,165,,,,,42
BraTS-GLI-00500-001,pspds,1.0,1.0,0,-4.02,6391,549,221,0,1,0,0,42
BraTS-GLI-00500-001,pspds,1.0,1.0,0,-2.0,6302,451,310,,,,,42
BraTS-GLI-00500-001,pspds,1.0,1.0,0,0.0,6203,351,409,0,1,0,0,42
BraTS-GLI-00500-001,pspds,1.0,1.0,0,2.0,6117,259,495,,,,,42
BraTS-GLI-00500-001,pspds,1.0,1.0,1,-6.0,7476,677,146,,,,,42
BraTS-GLI-00500-001,pspds,1.0,1.0,1,-4.02,7419,552,203,,,,,42
BraTS-GLI-00500-001,pspds,1.0,1.0,1,-2.0,7348,453,274,,,,,42
BraTS-GLI-00500-001,pspds,1.0,1.0,1,0.0,7262,359,360,,,,,42
BraTS-GLI-00500-001,pspds,1.0,1.0,1,2.0,7178,272,444,,,,,42
BraTS-GLI-00500-001,pspds,1.0,1.0,2,-6.0,61587,13770,15,,,,,42
BraTS-GLI-00500-001,pspds,1.0,1.0,2,-4.02,61575,11939,27,,,,,42
BraTS-GLI-00500-001,pspds,1.0,1.0,2,-2.0,61556,10127,46,,,,,42
BraTS-GLI-00500-001,pspds,1.0,1.0,2,0.0,61519,8489,83,,,,,42
BraTS-GLI-00500-001,pspds,1.0,1.0,2,2.0,61465,6953,137,,,,,42
BraTS-GLI-00500-001,interp,0.5,0.0,0,-6.0,6483,701,129,,,,,42
BraTS-GLI-00500-001,interp,0.5,0.0,0,-4.02,6434,553,178,0,1,0,0,42
BraTS-GLI-00500-001,interp,0.5,0.0,0,-2.0,6351,451,261,,,,,42
BraTS-GLI-00500-001,interp,0.5,0.0,0,0.0,6271,355,341,0,1,0,0,42
BraTS-GLI-00500-001,interp,0.5,0.0,0,2.0,6167,268,445,,,,,42
BraTS-GLI-00500-001,interp,0.5,0.0,1,-6.0,7503,697,119,,,,,42
BraTS-GLI-00500-001,interp,0.5,0.0,1,-4.02,7459,568,163,,,,,42
BraTS-GLI-00500-001,interp,0.5,0.0,1,-2.0,7397,456,225,,,,,42
BraTS-GLI-00500-001,interp,0.5,0.0,1,0.0,7330,372,292,,,,,42
BraTS-GLI-00500-001,interp,0.5,0.0,1,2.0,7235,278,387,,,,,42
BraTS-GLI-00500-001,interp,0.5,0.0,2,-6.0,61592,13929,10,,,,,42
BraTS-GLI-00500-001,interp,0.5,0.0,2,-4.02,61583,12140,19,,,,,42
BraTS-GLI-00500-001,interp,0.5,0.0,2,-2.0,61563,10330,39,,,,,42
BraTS-GLI-00500-001,interp,0.5,0.0,2,0.0,61535,8712,67,,,,,42
BraTS-GLI-00500-001,interp,0.5,0.0,2,2.0,61479,7235,123,,,,,42
BraTS-GLI-00500-001,interp,1.0,0.0,0,-6.0,6505,704,107,,,,,42
BraTS-GLI-00500-001,interp,1.0,0.0,0,-4.02,6455,559,157,0,1,0,0,42
BraTS-GLI-00500-001,interp,1.0,0.0,0,-2.0,6382,451,230,,,,,42
BraTS-GLI-00500-001,interp,1.0,0.0,0,0.0,6302,349,310,0,1,0,0,42
BraTS-GLI-00500-001,interp,1.0,0.0,0,2.0,6215,270,397,,,,,42
BraTS-GLI-00500-001,interp,1.0,0.0,1,-6.0,7523,713,99,,,,,42
BraTS-GLI-00500-001,interp,1.0,0.0,1,-4.02,7485,576,137,,,,,42
BraTS-GLI-00500-001,interp,1.0,0.0,1,-2.0,7429,454,193,,,,,42
BraTS-GLI-00500-001,interp,1.0,0.0,1,0.0,7364,367,258,,,,,42
BraTS-GLI-00500-001,interp,1.0,0.0,1,2.0,7284,289,338,,,,,42
BraTS-GLI-00500-001,interp,1.0,0.0,2,-6.0,61591,14027,11,,,,,42
BraTS-GLI-00500-001,interp,1.0,0.0,2,-4.02,61580,12254,22,,,,,42
BraTS-GLI-00500-001,interp,1.0,0.0,2,-2.0,61564,10460,38,,,,,42
BraTS-GLI-00500-001,interp,1.0,0.0,2,0.0,61542,8853,60,,,,,42
BraTS-GLI-00500-001,interp,1.0,0.0,2,2.0,61491,7403,111,,,,,42
BraTS-GLI-00500-001,global,0.5,0.0,0,-6.0,6566,1344,46,,,,,42
BraTS-GLI-00500-001,global,0.5,0.0,0,-4.02,6549,1122,63,0,1,0,0,42
BraTS-GLI-00500-001,global,0.5,0.0,0,-2.0,6519,894,93,,,,,42
BraTS-GLI-00500-001,global,0.5,0.0,0,0.0,6465,716,147,0,1,0,0,42
BraTS-GLI-00500-001,global,0.5,0.0,0,2.0,6388,570,224,,,,,42
BraTS-GLI-00500-001,global,0.5,0.0,1,-6.0,7602,1505,20,,,,,42
BraTS-GLI-00500-001,global,0.5,0.0,1,-4.02,7589,1309,33,,,,,42
BraTS-GLI-00500-001,global,0.5,0.0,1,-2.0,7571,1075,51,,,,,42
BraTS-GLI-00500-001,global,0.5,0.0,1,0.0,7540,866,82,,,,,42
BraTS-GLI-00500-001,global,0.5,0.0,1,2.0,7481,692,141,,,,,42
BraTS-GLI-00500-001,global,0.5,0.0,2,-6.0,61599,16005,3,,,,,42
BraTS-GLI-00500-001,global,0.5,0.0,2,-4.02,61596,13965,6,,,,,42
BraTS-GLI-00500-001,global,0.5,0.0,2,-2.0,61587,12034,15,,,,,42
BraTS-GLI-00500-001,global,0.5,0.0,2,0.0,61572,10331,30,,,,,42
BraTS-GLI-00500-001,global,0.5,0.0,2,2.0,61546,8700,56,,,,,42
BraTS-GLI-00500-001,global,1.0,0.0,0,-6.0,6585,2524,27,,,,,42
BraTS-GLI-00500-001,global,1.0,0.0,0,-4.02,6569,2097,43,0,1,0,3,42
BraTS-GLI-00500-001,global,1.0,0.0,0,-2.0,6533,1715,79,,,,,42
BraTS-GLI-00500-001,global,1.0,0.0,0,0.0,6485,1414,127,0,1,0,2,42
BraTS-GLI-00500-001,global,1.0,0.0,0,2.0,6426,1143,186,,,,,42
BraTS-GLI-00500-001,global,1.0,0.0,1,-6.0,7622,23146,0,,,,,42
BraTS-GLI-00500-001,global,1.0,0.0,1,-4.02,7622,20999,0,,,,,42
BraTS-GLI-00500-001,global,1.0,0.0,1,-2.0,7622,18714,0,,,,,42
BraTS-GLI-00500-001,global,1.0,0.0,1,0.0,7617,16567,5,,,,,42
BraTS-GLI-00500-001,global,1.0,0.0,1,2.0,7613,14226,9,,,,,42
BraTS-GLI-00500-001,global,1.0,0.0,2,-6.0,61602,20781,0,,,,,42
BraTS-GLI-00500-001,global,1.0,0.0,2,-4.02,61602,18461,0,,,,,42
BraTS-GLI-00500-001,global,1.0,0.0,2,-2.0,61602,16321,0,,,,,42
BraTS-GLI-00500-001,global,1.0,0.0,2,0.0,61599,14460,3,,,,,42
BraTS-GLI-00500-001,global,1.0,0.0,2,2.0,61591,12643,11,,,,,42
BraTS-GLI-00500-001,dilate,0.0,0.0,0,-6.0,6533,5227,79,,,,,42
BraTS-GLI-00500-001,dilate,0.0,0.0,0,-4.02,6514,5069,98,0,1,0,0,42
BraTS-GLI-00500-001,dilate,0.0,0.0,0,-2.0,6496,4915,116,,,,,42
BraTS-GLI-00500-001,dilate,0.0,0.0,0,0.0,6470,4765,142,0,1,0,0,42
BraTS-GLI-00500-001,dilate,0.0,0.0,0,2.0,6446,4593,166,,,,,42
BraTS-GLI-00500-001,dilate,0.0,0.0,1,-6.0,7474,683,148,,,,,42
BraTS-GLI-00500-001,dilate,0.0,0.0,1,-4.02,7410,556,212,,,,,42
BraTS-GLI-00500-001,dilate,0.0,0.0,1,-2.0,7343,453,279,,,,,42
BraTS-GLI-00500-001,dilate,0.0,0.0,1,0.0,7245,356,377,,,,,42
BraTS-GLI-00500-001,dilate,0.0,0.0,1,2.0,7164,273,458,,,,,42
BraTS-GLI-00500-001,dilate,0.0,0.0,2,-6.0,61587,13733,15,,,,,42
BraTS-GLI-00500-001,dilate,0.0,0.0,2,-4.02,61576,11902,26,,,,,42
BraTS-GLI-00500-001,dilate,0.0,0.0,2,-2.0,61553,10070,49,,,,,42
BraTS-GLI-00500-001,dilate,0.0,0.0,2,0.0,61516,8452,86,,,,,42
BraTS-GLI-00500-001,dilate,0.0,0.0,2,2.0,61464,6912,138,,,,,42
BraTS-GLI-00500-001,boost,2.0,0.0,0,-6.0,6470,843,142,,,,,42
BraTS-GLI-00500-001,boost,2.0,0.0,0,-4.02,6427,676,185,0,1,0,0,42
BraTS-GLI-00500-001,boost,2.0,0.0,0,-2.0,6365,526,247,,,,,42
BraTS-GLI-00500-001,boost,2.0,0.0,0,0.0,6272,434,340,0,1,0,0,42
BraTS-GLI-00500-001,boost,2.0,0.0,0,2.0,6173,330,439,,,,,42
BraTS-GLI-00500-001,boost,2.0,0.0,1,-6.0,7474,683,148,,,,,42
BraTS-GLI-00500-001,boost,2.0,0.0,1,-4.02,7410,556,212,,,,,42
BraTS-GLI-00500-001,boost,2.0,0.0,1,-2.0,7343,453,279,,,,,42
BraTS-GLI-00500-001,boost,2.0,0.0,1,0.0,7245,356,377,,,,,42
BraTS-GLI-00500-001,boost,2.0,0.0,1,2.0,7164,273,458,,,,,42
BraTS-GLI-00500-001,boost,2.0,0.0,2,-6.0,61587,13733,15,,,,,42
BraTS-GLI-00500-001,boost,2.0,0.0,2,-4.02,61576,11902,26,,,,,42
BraTS-GLI-00500-001,boost,2.0,0.0,2,-2.0,61553,10070,49,,,,,42
BraTS-GLI-00500-001,boost,2.0,0.0,2,0.0,61516,8452,86,,,,,42
BraTS-GLI-00500-001,boost,2.0,0.0,2,2.0,61464,6912,138,,,,,42
BraTS-GLI-00500-001,boost,4.0,0.0,0,-6.0,6486,988,126,,,,,42
BraTS-GLI-00500-001,boost,4.0,0.0,0,-4.02,6453,821,159,0,1,0,0,42
BraTS-GLI-00500-001,boost,4.0,0.0,0,-2.0,6407,652,205,,,,,42
BraTS-GLI-00500-001,boost,4.0,0.0,0,0.0,6341,513,271,0,1,0,0,42
BraTS-GLI-00500-001,boost,4.0,0.0,0,2.0,6250,418,362,,,,,42
BraTS-GLI-00500-001,boost,4.0,0.0,1,-6.0,7474,683,148,,,,,42
BraTS-GLI-00500-001,boost,4.0,0.0,1,-4.02,7410,556,212,,,,,42
BraTS-GLI-00500-001,boost,4.0,0.0,1,-2.0,7343,453,279,,,,,42
BraTS-GLI-00500-001,boost,4.0,0.0,1,0.0,7245,356,377,,,,,42
BraTS-GLI-00500-001,boost,4.0,0.0,1,2.0,7164,273,458,,,,,42
BraTS-GLI-00500-001,boost,4.0,0.0,2,-6.0,61587,13733,15,,,,,42
BraTS-GLI-00500-001,boost,4.0,0.0,2,-4.02,61576,11902,26,,,,,42
BraTS-GLI-00500-001,boost,4.0,0.0,2,-2.0,61553,10070,49,,,,,42
BraTS-GLI-00500-001,boost,4.0,0.0,2,0.0,61516,8452,86,,,,,42
BraTS-GLI-00500-001,boost,4.0,0.0,2,2.0,61464,6912,138,,,,,42
BraTS-GLI-01384-000,none,0.0,0.0,0,-6.0,24826,2122,321,,,,,167
BraTS-GLI-01384-000,none,0.0,0.0,0,-4.02,24661,1591,486,0,0,0,0,167
BraTS-GLI-01384-000,none,0.0,0.0,0,-2.0,24411,1150,736,,,,,167
BraTS-GLI-01384-000,none,0.0,0.0,0,0.0,24107,797,1040,0,0,0,0,167
BraTS-GLI-01384-000,none,0.0,0.0,0,2.0,23716,561,1431,,,,,167
BraTS-GLI-01384-000,none,0.0,0.0,1,-6.0,41895,1273,214,,,,,167
BraTS-GLI-01384-000,none,0.0,0.0,1,-4.02,41802,1025,307,,,,,167
BraTS-GLI-01384-000,none,0.0,0.0,1,-2.0,41667,833,442,,,,,167
BraTS-GLI-01384-000,none,0.0,0.0,1,0.0,41499,678,610,,,,,167
BraTS-GLI-01384-000,none,0.0,0.0,1,2.0,41319,538,790,,,,,167
BraTS-GLI-01384-000,none,0.0,0.0,2,-6.0,111311,10210,71,,,,,167
BraTS-GLI-01384-000,none,0.0,0.0,2,-4.02,111241,8577,141,,,,,167
BraTS-GLI-01384-000,none,0.0,0.0,2,-2.0,111153,7068,229,,,,,167
BraTS-GLI-01384-000,none,0.0,0.0,2,0.0,111036,5644,346,,,,,167
BraTS-GLI-01384-000,none,0.0,0.0,2,2.0,110829,4280,553,,,,,167
BraTS-GLI-01384-000,pspds,0.5,0.0,0,-6.0,24860,2188,287,,,,,167
BraTS-GLI-01384-000,pspds,0.5,0.0,0,-4.02,24700,1639,447,0,0,0,1,167
BraTS-GLI-01384-000,pspds,0.5,0.0,0,-2.0,24455,1201,692,,,,,167
BraTS-GLI-01384-000,pspds,0.5,0.0,0,0.0,24160,839,987,0,0,0,0,167
BraTS-GLI-01384-000,pspds,0.5,0.0,0,2.0,23772,588,1375,,,,,167
BraTS-GLI-01384-000,pspds,0.5,0.0,1,-6.0,41920,1355,189,,,,,167
BraTS-GLI-01384-000,pspds,0.5,0.0,1,-4.02,41838,1098,271,,,,,167
BraTS-GLI-01384-000,pspds,0.5,0.0,1,-2.0,41715,898,394,,,,,167
BraTS-GLI-01384-000,pspds,0.5,0.0,1,0.0,41553,733,556,,,,,167
BraTS-GLI-01384-000,pspds,0.5,0.0,1,2.0,41390,580,719,,,,,167
BraTS-GLI-01384-000,pspds,0.5,0.0,2,-6.0,111319,10367,63,,,,,167
BraTS-GLI-01384-000,pspds,0.5,0.0,2,-4.02,111267,8737,115,,,,,167
BraTS-GLI-01384-000,pspds,0.5,0.0,2,-2.0,111179,7251,203,,,,,167
BraTS-GLI-01384-000,pspds,0.5,0.0,2,0.0,111068,5804,314,,,,,167
BraTS-GLI-01384-000,pspds,0.5,0.0,2,2.0,110882,4467,500,,,,,167
BraTS-GLI-01384-000,pspds,0.5,1.0,0,-6.0,24840,2150,307,,,,,167
BraTS-GLI-01384-000,pspds,0.5,1.0,0,-4.02,24681,1612,466,0,0,0,1,167
BraTS-GLI-01384-000,pspds,0.5,1.0,0,-2.0,24429,1170,718,,,,,167
BraTS-GLI-01384-000,pspds,0.5,1.0,0,0.0,24129,817,1018,0,0,0,0,167
BraTS-GLI-01384-000,pspds,0.5,1.0,0,2.0,23742,567,1405,,,,,167
BraTS-GLI-01384-000,pspds,0.5,1.0,1,-6.0,41905,1307,204,,,,,167
BraTS-GLI-01384-000,pspds,0.5,1.0,1,-4.02,41824,1051,285,,,,,167
BraTS-GLI-01384-000,pspds,0.5,1.0,1,-2.0,41686,858,423,,,,,167
BraTS-GLI-01384-000,pspds,0.5,1.0,1,0.0,41526,700,583,,,,,167
BraTS-GLI-01384-000,pspds,0.5,1.0,1,2.0,41357,554,752,,,,,167
BraTS-GLI-01384-000,pspds,0.5,1.0,2,-6.0,111316,10262,66,,,,,167
BraTS-GLI-01384-000,pspds,0.5,1.0,2,-4.02,111256,8637,126,,,,,167
BraTS-GLI-01384-000,pspds,0.5,1.0,2,-2.0,111167,7138,215,,,,,167
BraTS-GLI-01384-000,pspds,0.5,1.0,2,0.0,111047,5697,335,,,,,167
BraTS-GLI-01384-000,pspds,0.5,1.0,2,2.0,110854,4356,528,,,,,167
BraTS-GLI-01384-000,pspds,1.0,0.0,0,-6.0,24874,2263,273,,,,,167
BraTS-GLI-01384-000,pspds,1.0,0.0,0,-4.02,24725,1706,422,0,0,0,2,167
BraTS-GLI-01384-000,pspds,1.0,0.0,0,-2.0,24490,1255,657,,,,,167
BraTS-GLI-01384-000,pspds,1.0,0.0,0,0.0,24199,878,948,0,0,0,1,167
BraTS-GLI-01384-000,pspds,1.0,0.0,0,2.0,23816,628,1331,,,,,167
BraTS-GLI-01384-000,pspds,1.0,0.0,1,-6.0,41941,1453,168,,,,,167
BraTS-GLI-01384-000,pspds,1.0,0.0,1,-4.02,41855,1197,254,,,,,167
BraTS-GLI-01384-000,pspds,1.0,0.0,1,-2.0,41751,964,358,,,,,167
BraTS-GLI-01384-000,pspds,1.0,0.0,1,0.0,41599,784,510,,,,,167
BraTS-GLI-01384-000,pspds,1.0,0.0,1,2.0,41450,632,659,,,,,167
BraTS-GLI-01384-000,pspds,1.0,0.0,2,-6.0,111325,10513,57,,,,,167
BraTS-GLI-01384-000,pspds,1.0,0.0,2,-4.02,111286,8924,96,,,,,167
BraTS-GLI-01384-000,pspds,1.0,0.0,2,-2.0,111199,7399,183,,,,,167
BraTS-GLI-01384-000,pspds,1.0,0.0,2,0.0,111105,5947,277,,,,,167
BraTS-GLI-01384-000,pspds,1.0,0.0,2,2.0,110921,4614,461,,,,,167
BraTS-GLI-01384-000,pspds,1.0,1.0,0,-6.0,24852,2179,295,,,,,167
BraTS-GLI-01384-000,pspds,1.0,1.0,0,-4.02,24697,1632,450,0,0,0,1,167
BraTS-GLI-01384-000,pspds,1.0,1.0,0,-2.0,24451,1190,696,,,,,167
BraTS-GLI-01384-000,pspds,1.0,1.0,0,0.0,24153,834,994,0,0,0,0,167
BraTS-GLI-01384-000,pspds,1.0,1.0,0,2.0,23767,582,1380,,,,,167
BraTS-GLI-01384-000,pspds,1.0,1.0,1,-6.0,41915,1338,194,,,,,167
BraTS-GLI-01384-000,pspds,1.0,1.0,1,-4.02,41834,1084,275,,,,,167
BraTS-GLI-01384-000,pspds,1.0,1.0,1,-2.0,41708,889,401,,,,,167
BraTS-GLI-01384-000,pspds,1.0,1.0,1,0.0,41545,724,564,,,,,167
BraTS-GLI-01384-000,pspds,1.0,1.0,1,2.0,41381,571,728,,,,,167
BraTS-GLI-01384-000,pspds,1.0,1.0,2,-6.0,111318,10337,64,,,,,167
BraTS-GLI-01384-000,pspds,1.0,1.0,2,-4.02,111263,8706,119,,,,,167
BraTS-GLI-01384-000,pspds,1.0,1.0,2,-2.0,111175,7214,207,,,,,167
BraTS-GLI-01384-000,pspds,1.0,1.0,2,0.0,111065,5764,317,,,,,167
BraTS-GLI-01384-000,pspds,1.0,1.0,2,2.0,110872,4422,510,,,,,167
BraTS-GLI-01384-000,interp,0.5,0.0,0,-6.0,24963,2625,184,,,,,167
BraTS-GLI-01384-000,interp,0.5,0.0,0,-4.02,24818,2026,329,0,0,0,1,167
BraTS-GLI-01384-000,interp,0.5,0.0,0,-2.0,24633,1527,514,,,,,167
BraTS-GLI-01384-000,interp,0.5,0.0,0,0.0,24366,1094,781,0,0,0,1,167
BraTS-GLI-01384-000,interp,0.5,0.0,0,2.0,23983,801,1164,,,,,167
BraTS-GLI-01384-000,interp,0.5,0.0,1,-6.0,41991,1842,118,,,,,167
BraTS-GLI-01384-000,interp,0.5,0.0,1,-4.02,41933,1537,176,,,,,167
BraTS-GLI-01384-000,interp,0.5,0.0,1,-2.0,41838,1280,271,,,,,167
BraTS-GLI-01384-000,interp,0.5,0.0,1,0.0,41713,1054,396,,,,,167
BraTS-GLI-01384-000,interp,0.5,0.0,1,2.0,41554,849,555,,,,,167
BraTS-GLI-01384-000,interp,0.5,0.0,2,-6.0,111342,12921,40,,,,,167
BraTS-GLI-01384-000,interp,0.5,0.0,2,-4.02,111316,11129,66,,,,,167
BraTS-GLI-01384-000,interp,0.5,0.0,2,-2.0,111281,9459,101,,,,,167
BraTS-GLI-01384-000,interp,0.5,0.0,2,0.0,111191,7921,191,,,,,167
BraTS-GLI-01384-000,interp,0.5,0.0,2,2.0,111090,6339,292,,,,,167
BraTS-GLI-01384-000,interp,1.0,0.0,0,-6.0,25044,3616,103,,,,,167
BraTS-GLI-01384-000,interp,1.0,0.0,0,-4.02,24952,2920,195,0,0,0,3,167
BraTS-GLI-01384-000,interp,1.0,0.0,0,-2.0,24802,2298,345,,,,,167
BraTS-GLI-01384-000,interp,1.0,0.0,0,0.0,24568,1793,579,0,0,0,3,167
BraTS-GLI-01384-000,interp,1.0,0.0,0,2.0,24235,1343,912,,,,,167
BraTS-GLI-01384-000,interp,1.0,0.0,1,-6.0,42067,7596,42,,,,,167
BraTS-GLI-01384-000,interp,1.0,0.0,1,-4.02,42045,6162,64,,,,,167
BraTS-GLI-01384-000,interp,1.0,0.0,1,-2.0,41987,4979,122,,,,,167
BraTS-GLI-01384-000,interp,1.0,0.0,1,0.0,41907,3890,202,,,,,167
BraTS-GLI-01384-000,interp,1.0,0.0,1,2.0,41801,2823,308,,,,,167
BraTS-GLI-01384-000,interp,1.0,0.0,2,-6.0,111360,20231,22,,,,,167
BraTS-GLI-01384-000,interp,1.0,0.0,2,-4.02,111335,17802,47,,,,,167
BraTS-GLI-01384-000,interp,1.0,0.0,2,-2.0,111315,15447,67,,,,,167
BraTS-GLI-01384-000,interp,1.0,0.0,2,0.0,111275,13331,107,,,,,167
BraTS-GLI-01384-000,interp,1.0,0.0,2,2.0,111196,11258,186,,,,,167
BraTS-GLI-01384-000,global,0.5,0.0,0,-6.0,24977,2747,170,,,,,167
BraTS-GLI-01384-000,global,0.5,0.0,0,-4.02,24862,2138,285,0,0,0,0,167
BraTS-GLI-01384-000,global,0.5,0.0,0,-2.0,24669,1607,478,,,,,167
BraTS-GLI-01384-000,global,0.5,0.0,0,0.0,24393,1159,754,0,0,0,1,167
BraTS-GLI-01384-000,global,0.5,0.0,0,2.0,24013,831,1134,,,,,167
BraTS-GLI-01384-000,global,0.5,0.0,1,-6.0,42026,2080,83,,,,,167
BraTS-GLI-01384-000,global,0.5,0.0,1,-4.02,41968,1758,141,,,,,167
BraTS-GLI-01384-000,global,0.5,0.0,1,-2.0,41880,1479,229,,,,,167
BraTS-GLI-01384-000,global,0.5,0.0,1,0.0,41767,1219,342,,,,,167
BraTS-GLI-01384-000,global,0.5,0.0,1,2.0,41614,1007,495,,,,,167
BraTS-GLI-01384-000,global,0.5,0.0,2,-6.0,111350,14224,32,,,,,167
BraTS-GLI-01384-000,global,0.5,0.0,2,-4.02,111322,12228,60,,,,,167
BraTS-GLI-01384-000,global,0.5,0.0,2,-2.0,111296,10437,86,,,,,167
BraTS-GLI-01384-000,global,0.5,0.0,2,0.0,111229,8742,153,,,,,167
BraTS-GLI-01384-000,global,0.5,0.0,2,2.0,111128,7132,254,,,,,167
BraTS-GLI-01384-000,global,1.0,0.0,0,-6.0,25071,4534,76,,,,,167
BraTS-GLI-01384-000,global,1.0,0.0,0,-4.02,24972,3634,175,0,0,0,11,167
BraTS-GLI-01384-000,global,1.0,0.0,0,-2.0,24819,2870,328,,,,,167
BraTS-GLI-01384-000,global,1.0,0.0,0,0.0,24585,2215,562,0,0,0,6,167
BraTS-GLI-01384-000,global,1.0,0.0,0,2.0,24237,1709,910,,,,,167
BraTS-GLI-01384-000,global,1.0,0.0,1,-6.0,42096,25768,13,,,,,167
BraTS-GLI-01384-000,global,1.0,0.0,1,-4.02,42081,21340,28,,,,,167
BraTS-GLI-01384-000,global,1.0,0.0,1,-2.0,42064,17717,45,,,,,167
BraTS-GLI-01384-000,global,1.0,0.0,1,0.0,42034,14536,75,,,,,167
BraTS-GLI-01384-000,global,1.0,0.0,1,2.0,41954,11533,155,,,,,167
BraTS-GLI-01384-000,global,1.0,0.0,2,-6.0,111366,30079,16,,,,,167
BraTS-GLI-01384-000,global,1.0,0.0,2,-4.02,111349,27271,33,,,,,167
BraTS-GLI-01384-000,global,1.0,0.0,2,-2.0,111334,24668,48,,,,,167
BraTS-GLI-01384-000,global,1.0,0.0,2,0.0,111296,22060,86,,,,,167
BraTS-GLI-01384-000,global,1.0,0.0,2,2.0,111243,19540,139,,,,,167
BraTS-GLI-01384-000,dilate,0.0,0.0,0,-6.0,25108,20167,39,,,,,167
BraTS-GLI-01384-000,dilate,0.0,0.0,0,-4.02,25091,19613,56,0,0,0,1,167
BraTS-GLI-01384-000,dilate,0.0,0.0,0,-2.0,25072,19038,75,,,,,167
BraTS-GLI-01384-000,dilate,0.0,0.0,0,0.0,25045,18559,102,0,0,0,0,167
BraTS-GLI-01384-000,dilate,0.0,0.0,0,2.0,25021,18067,126,,,,,167
BraTS-GLI-01384-000,dilate,0.0,0.0,1,-6.0,41895,1273,214,,,,,167
BraTS-GLI-01384-000,dilate,0.0,0.0,1,-4.02,41802,1025,307,,,,,167
BraTS-GLI-01384-000,dilate,0.0,0.0,1,-2.0,41667,833,442,,,,,167
BraTS-GLI-01384-000,dilate,0.0,0.0,1,0.0,41499,678,610,,,,,167
BraTS-GLI-01384-000,dilate,0.0,0.0,1,2.0,41319,538,790,,,,,167
BraTS-GLI-01384-000,dilate,0.0,0.0,2,-6.0,111311,10210,71,,,,,167
BraTS-GLI-01384-000,dilate,0.0,0.0,2,-4.02,111241,8577,141,,,,,167
BraTS-GLI-01384-000,dilate,0.0,0.0,2,-2.0,111153,7068,229,,,,,167
BraTS-GLI-01384-000,dilate,0.0,0.0,2,0.0,111036,5644,346,,,,,167
BraTS-GLI-01384-000,dilate,0.0,0.0,2,2.0,110829,4280,553,,,,,167
BraTS-GLI-01384-000,boost,2.0,0.0,0,-6.0,24927,2712,220,,,,,167
BraTS-GLI-01384-000,boost,2.0,0.0,0,-4.02,24812,2084,335,0,0,0,1,167
BraTS-GLI-01384-000,boost,2.0,0.0,0,-2.0,24643,1551,504,,,,,167
BraTS-GLI-01384-000,boost,2.0,0.0,0,0.0,24386,1125,761,0,0,0,0,167
BraTS-GLI-01384-000,boost,2.0,0.0,0,2.0,24084,779,1063,,,,,167
BraTS-GLI-01384-000,boost,2.0,0.0,1,-6.0,41895,1273,214,,,,,167
BraTS-GLI-01384-000,boost,2.0,0.0,1,-4.02,41802,1025,307,,,,,167
BraTS-GLI-01384-000,boost,2.0,0.0,1,-2.0,41667,833,442,,,,,167
BraTS-GLI-01384-000,boost,2.0,0.0,1,0.0,41499,678,610,,,,,167
BraTS-GLI-01384-000,boost,2.0,0.0,1,2.0,41319,538,790,,,,,167
BraTS-GLI-01384-000,boost,2.0,0.0,2,-6.0,111311,10210,71,,,,,167
BraTS-GLI-01384-000,boost,2.0,0.0,2,-4.02,111241,8577,141,,,,,167
BraTS-GLI-01384-000,boost,2.0,0.0,2,-2.0,111153,7068,229,,,,,167
BraTS-GLI-01384-000,boost,2.0,0.0,2,0.0,111036,5644,346,,,,,167
BraTS-GLI-01384-000,boost,2.0,0.0,2,2.0,110829,4280,553,,,,,167
BraTS-GLI-01384-000,boost,4.0,0.0,0,-6.0,24996,3396,151,,,,,167
BraTS-GLI-01384-000,boost,4.0,0.0,0,-4.02,24911,2681,236,0,0,0,1,167
BraTS-GLI-01384-000,boost,4.0,0.0,0,-2.0,24792,2046,355,,,,,167
BraTS-GLI-01384-000,boost,4.0,0.0,0,0.0,24618,1526,529,0,0,0,0,167
BraTS-GLI-01384-000,boost,4.0,0.0,0,2.0,24363,1107,784,,,,,167
BraTS-GLI-01384-000,boost,4.0,0.0,1,-6.0,41895,1273,214,,,,,167
BraTS-GLI-01384-000,boost,4.0,0.0,1,-4.02,41802,1025,307,,,,,167
BraTS-GLI-01384-000,boost,4.0,0.0,1,-2.0,41667,833,442,,,,,167
BraTS-GLI-01384-000,boost,4.0,0.0,1,0.0,41499,678,610,,,,,167
BraTS-GLI-01384-000,boost,4.0,0.0,1,2.0,41319,538,790,,,,,167
BraTS-GLI-01384-000,boost,4.0,0.0,2,-6.0,111311,10210,71,,,,,167
BraTS-GLI-01384-000,boost,4.0,0.0,2,-4.02,111241,8577,141,,,,,167
BraTS-GLI-01384-000,boost,4.0,0.0,2,-2.0,111153,7068,229,,,,,167
BraTS-GLI-01384-000,boost,4.0,0.0,2,0.0,111036,5644,346,,,,,167
BraTS-GLI-01384-000,boost,4.0,0.0,2,2.0,110829,4280,553,,,,,167
BraTS-GLI-01450-000,none,0.0,0.0,0,-6.0,8898,1873,473,,,,,85
BraTS-GLI-01450-000,none,0.0,0.0,0,-4.02,8874,1704,497,2,1,1,0,85
BraTS-GLI-01450-000,none,0.0,0.0,0,-2.0,8835,1524,536,,,,,85
BraTS-GLI-01450-000,none,0.0,0.0,0,0.0,8799,1391,572,0,1,0,0,85
BraTS-GLI-01450-000,none,0.0,0.0,0,2.0,8744,1236,627,,,,,85
BraTS-GLI-01450-000,none,0.0,0.0,1,-6.0,12571,1399,740,,,,,85
BraTS-GLI-01450-000,none,0.0,0.0,1,-4.02,12535,1269,776,,,,,85
BraTS-GLI-01450-000,none,0.0,0.0,1,-2.0,12509,1124,802,,,,,85
BraTS-GLI-01450-000,none,0.0,0.0,1,0.0,12476,1002,835,,,,,85
BraTS-GLI-01450-000,none,0.0,0.0,1,2.0,12452,883,859,,,,,85
BraTS-GLI-01450-000,none,0.0,0.0,2,-6.0,82401,9261,7115,,,,,85
BraTS-GLI-01450-000,none,0.0,0.0,2,-4.02,81501,7245,8015,,,,,85
BraTS-GLI-01450-000,none,0.0,0.0,2,-2.0,80357,5558,9159,,,,,85
BraTS-GLI-01450-000,none,0.0,0.0,2,0.0,79054,4183,10462,,,,,85
BraTS-GLI-01450-000,none,0.0,0.0,2,2.0,77639,2925,11877,,,,,85
BraTS-GLI-01450-000,pspds,0.5,0.0,0,-6.0,8946,1883,425,,,,,85
BraTS-GLI-01450-000,pspds,0.5,0.0,0,-4.02,8912,1716,459,32,1,1,0,85
BraTS-GLI-01450-000,pspds,0.5,0.0,0,-2.0,8867,1548,504,,,,,85
BraTS-GLI-01450-000,pspds,0.5,0.0,0,0.0,8821,1419,550,11,1,1,0,85
BraTS-GLI-01450-000,pspds,0.5,0.0,0,2.0,8765,1256,606,,,,,85
BraTS-GLI-01450-000,pspds,0.5,0.0,1,-6.0,12611,1421,700,,,,,85
BraTS-GLI-01450-000,pspds,0.5,0.0,1,-4.02,12576,1295,735,,,,,85
BraTS-GLI-01450-000,pspds,0.5,0.0,1,-2.0,12545,1149,766,,,,,85
BraTS-GLI-01450-000,pspds,0.5,0.0,1,0.0,12509,1020,802,,,,,85
BraTS-GLI-01450-000,pspds,0.5,0.0,1,2.0,12473,908,838,,,,,85
BraTS-GLI-01450-000,pspds,0.5,0.0,2,-6.0,82496,9359,7020,,,,,85
BraTS-GLI-01450-000,pspds,0.5,0.0,2,-4.02,81615,7327,7901,,,,,85
BraTS-GLI-01450-000,pspds,0.5,0.0,2,-2.0,80471,5625,9045,,,,,85
BraTS-GLI-01450-000,pspds,0.5,0.0,2,0.0,79199,4267,10317,,,,,85
BraTS-GLI-01450-000,pspds,0.5,0.0,2,2.0,77776,2999,11740,,,,,85
BraTS-GLI-01450-000,pspds,0.5,1.0,0,-6.0,8912,1879,459,,,,,85
BraTS-GLI-01450-000,pspds,0.5,1.0,0,-4.02,8890,1708,481,11,1,1,0,85
BraTS-GLI-01450-000,pspds,0.5,1.0,0,-2.0,8846,1529,525,,,,,85
BraTS-GLI-01450-000,pspds,0.5,1.0,0,0.0,8806,1396,565,3,1,1,0,85
BraTS-GLI-01450-000,pspds,0.5,1.0,0,2.0,8753,1246,618,,,,,85
BraTS-GLI-01450-000,pspds,0.5,1.0,1,-6.0,12584,1414,727,,,,,85
BraTS-GLI-01450-000,pspds,0.5,1.0,1,-4.02,12552,1278,759,,,,,85
BraTS-GLI-01450-000,pspds,0.5,1.0,1,-2.0,12520,1132,791,,,,,85
BraTS-GLI-01450-000,pspds,0.5,1.0,1,0.0,12492,1012,819,,,,,85
BraTS-GLI-01450-000,pspds,0.5,1.0,1,2.0,12462,896,849,,,,,85
BraTS-GLI-01450-000,pspds,0.5,1.0,2,-6.0,82453,9313,7063,,,,,85
BraTS-GLI-01450-000,pspds,0.5,1.0,2,-4.02,81548,7273,7968,,,,,85
BraTS-GLI-01450-000,pspds,0.5,1.0,2,-2.0,80403,5582,9113,,,,,85
BraTS-GLI-01450-000,pspds,0.5,1.0,2,0.0,79119,4210,10397,,,,,85
BraTS-GLI-01450-000,pspds,0.5,1.0,2,2.0,77689,2956,11827,,,,,85
BraTS-GLI-01450-000,pspds,1.0,0.0,0,-6.0,8992,1898,379,,,,,85
BraTS-GLI-01450-000,pspds,1.0,0.0,0,-4.02,8957,1737,414,72,1,1,0,85
BraTS-GLI-01450-000,pspds,1.0,0.0,0,-2.0,8912,1565,459,,,,,85
BraTS-GLI-01450-000,pspds,1.0,0.0,0,0.0,8872,1432,499,45,1,1,0,85
BraTS-GLI-01450-000,pspds,1.0,0.0,0,2.0,8804,1281,567,,,,,85
BraTS-GLI-01450-000,pspds,1.0,0.0,1,-6.0,12658,1434,653,,,,,85
BraTS-GLI-01450-000,pspds,1.0,0.0,1,-4.02,12617,1308,694,,,,,85
BraTS-GLI-01450-000,pspds,1.0,0.0,1,-2.0,12593,1181,718,,,,,85
BraTS-GLI-01450-000,pspds,1.0,0.0,1,0.0,12552,1042,759,,,,,85
BraTS-GLI-01450-000,pspds,1.0,0.0,1,2.0,12512,931,799,,,,,85
BraTS-GLI-01450-000,pspds,1.0,0.0,2,-6.0,82572,9449,6944,,,,,85
BraTS-GLI-01450-000,pspds,1.0,0.0,2,-4.02,81711,7413,7805,,,,,85
BraTS-GLI-01450-000,pspds,1.0,0.0,2,-2.0,80594,5696,8922,,,,,85
BraTS-GLI-01450-000,pspds,1.0,0.0,2,0.0,79326,4358,10190,,,,,85
BraTS-GLI-01450-000,pspds,1.0,0.0,2,2.0,77924,3081,11592,,,,,85
BraTS-GLI-01450-000,pspds,1.0,1.0,0,-6.0,8940,1883,431,,,,,85
BraTS-GLI-01450-000,pspds,1.0,1.0,0,-4.02,8906,1714,465,26,1,1,0,85
BraTS-GLI-01450-000,pspds,1.0,1.0,0,-2.0,8863,1542,508,,,,,85
BraTS-GLI-01450-000,pspds,1.0,1.0,0,0.0,8818,1419,553,8,1,1,0,85
BraTS-GLI-01450-000,pspds,1.0,1.0,0,2.0,8762,1254,609,,,,,85
BraTS-GLI-01450-000,pspds,1.0,1.0,1,-6.0,12609,1421,702,,,,,85
BraTS-GLI-01450-000,pspds,1.0,1.0,1,-4.02,12573,1287,738,,,,,85
BraTS-GLI-01450-000,pspds,1.0,1.0,1,-2.0,12541,1145,770,,,,,85
BraTS-GLI-01450-000,pspds,1.0,1.0,1,0.0,12505,1019,806,,,,,85
BraTS-GLI-01450-000,pspds,1.0,1.0,1,2.0,12471,906,840,,,,,85
BraTS-GLI-01450-000,pspds,1.0,1.0,2,-6.0,82483,9358,7033,,,,,85
BraTS-GLI-01450-000,pspds,1.0,1.0,2,-4.02,81599,7324,7917,,,,,85
BraTS-GLI-01450-000,pspds,1.0,1.0,2,-2.0,80449,5619,9067,,,,,85
BraTS-GLI-01450-000,pspds,1.0,1.0,2,0.0,79171,4258,10345,,,,,85
BraTS-GLI-01450-000,pspds,1.0,1.0,2,2.0,77752,2990,11764,,,,,85
BraTS-GLI-01450-000,interp,0.5,0.0,0,-6.0,9129,2070,242,,,,,85
BraTS-GLI-01450-000,interp,0.5,0.0,0,-4.02,9105,1895,266,204,1,1,1,85
BraTS-GLI-01450-000,interp,0.5,0.0,0,-2.0,9070,1703,301,,,,,85
BraTS-GLI-01450-000,interp,0.5,0.0,0,0.0,9031,1513,340,189,1,1,0,85
BraTS-GLI-01450-000,interp,0.5,0.0,0,2.0,8971,1359,400,,,,,85
BraTS-GLI-01450-000,interp,0.5,0.0,1,-6.0,12801,1592,510,,,,,85
BraTS-GLI-01450-000,interp,0.5,0.0,1,-4.02,12774,1442,537,,,,,85
BraTS-GLI-01450-000,interp,0.5,0.0,1,-2.0,12742,1296,569,,,,,85
BraTS-GLI-01450-000,interp,0.5,0.0,1,0.0,12715,1136,596,,,,,85
BraTS-GLI-01450-000,interp,0.5,0.0,1,2.0,12666,1003,645,,,,,85
BraTS-GLI-01450-000,interp,0.5,0.0,2,-6.0,83393,11152,6123,,,,,85
BraTS-GLI-01450-000,interp,0.5,0.0,2,-4.02,82584,8871,6932,,,,,85
BraTS-GLI-01450-000,interp,0.5,0.0,2,-2.0,81540,6988,7976,,,,,85
BraTS-GLI-01450-000,interp,0.5,0.0,2,0.0,80378,5361,9138,,,,,85
BraTS-GLI-01450-000,interp,0.5,0.0,2,2.0,79106,3932,10410,,,,,85
BraTS-GLI-01450-000,interp,1.0,0.0,0,-6.0,9240,2379,131,,,,,85
BraTS-GLI-01450-000,interp,1.0,0.0,0,-4.02,9224,2203,147,314,1,1,1,85
BraTS-GLI-01450-000,interp,1.0,0.0,0,-2.0,9186,2008,185,,,,,85
BraTS-GLI-01450-000,interp,1.0,0.0,0,0.0,9153,1823,218,293,1,1,1,85
BraTS-GLI-01450-000,interp,1.0,0.0,0,2.0,9113,1645,258,,,,,85
BraTS-GLI-01450-000,interp,1.0,0.0,1,-6.0,12967,1974,344,,,,,85
BraTS-GLI-01450-000,interp,1.0,0.0,1,-4.02,12933,1771,378,,,,,85
BraTS-GLI-01450-000,interp,1.0,0.0,1,-2.0,12903,1616,408,,,,,85
BraTS-GLI-01450-000,interp,1.0,0.0,1,0.0,12879,1472,432,,,,,85
BraTS-GLI-01450-000,interp,1.0,0.0,1,2.0,12838,1290,473,,,,,85
BraTS-GLI-01450-000,interp,1.0,0.0,2,-6.0,83999,13378,5517,,,,,85
BraTS-GLI-01450-000,interp,1.0,0.0,2,-4.02,83290,10875,6226,,,,,85
BraTS-GLI-01450-000,interp,1.0,0.0,2,-2.0,82331,8687,7185,,,,,85
BraTS-GLI-01450-000,interp,1.0,0.0,2,0.0,81222,6916,8294,,,,,85
BraTS-GLI-01450-000,interp,1.0,0.0,2,2.0,80002,5260,9514,,,,,85
BraTS-GLI-01450-000,global,0.5,0.0,0,-6.0,9235,2449,136,,,,,85
BraTS-GLI-01450-000,global,0.5,0.0,0,-4.02,9209,2248,162,305,1,1,1,85
BraTS-GLI-01450-000,global,0.5,0.0,0,-2.0,9176,2047,195,,,,,85
BraTS-GLI-01450-000,global,0.5,0.0,0,0.0,9135,1854,236,289,1,1,1,85
BraTS-GLI-01450-000,global,0.5,0.0,0,2.0,9073,1642,298,,,,,85
BraTS-GLI-01450-000,global,0.5,0.0,1,-6.0,12987,2359,324,,,,,85
BraTS-GLI-01450-000,global,0.5,0.0,1,-4.02,12958,2013,353,,,,,85
BraTS-GLI-01450-000,global,0.5,0.0,1,-2.0,12918,1753,393,,,,,85
BraTS-GLI-01450-000,global,0.5,0.0,1,0.0,12882,1550,429,,,,,85
BraTS-GLI-01450-000,global,0.5,0.0,1,2.0,12843,1347,468,,,,,85
BraTS-GLI-01450-000,global,0.5,0.0,2,-6.0,84130,14729,5386,,,,,85
BraTS-GLI-01450-000,global,0.5,0.0,2,-4.02,83443,12091,6073,,,,,85
BraTS-GLI-01450-000,global,0.5,0.0,2,-2.0,82493,9679,7023,,,,,85
BraTS-GLI-01450-000,global,0.5,0.0,2,0.0,81388,7599,8128,,,,,85
BraTS-GLI-01450-000,global,0.5,0.0,2,2.0,80149,5770,9367,,,,,85
BraTS-GLI-01450-000,global,1.0,0.0,0,-6.0,9314,3324,57,,,,,85
BraTS-GLI-01450-000,global,1.0,0.0,0,-4.02,9294,2950,77,388,1,1,5,85
BraTS-GLI-01450-000,global,1.0,0.0,0,-2.0,9266,2608,105,,,,,85
BraTS-GLI-01450-000,global,1.0,0.0,0,0.0,9224,2298,147,373,1,1,3,85
BraTS-GLI-01450-000,global,1.0,0.0,0,2.0,9166,2048,205,,,,,85
BraTS-GLI-01450-000,global,1.0,0.0,1,-6.0,13280,33272,31,,,,,85
BraTS-GLI-01450-000,global,1.0,0.0,1,-4.02,13264,30353,47,,,,,85
BraTS-GLI-01450-000,global,1.0,0.0,1,-2.0,13240,27701,71,,,,,85
BraTS-GLI-01450-000,global,1.0,0.0,1,0.0,13211,25250,100,,,,,85
BraTS-GLI-01450-000,global,1.0,0.0,1,2.0,13187,22606,124,,,,,85
BraTS-GLI-01450-000,global,1.0,0.0,2,-6.0,84854,33178,4662,,,,,85
BraTS-GLI-01450-000,global,1.0,0.0,2,-4.02,84371,29338,5145,,,,,85
BraTS-GLI-01450-000,global,1.0,0.0,2,-2.0,83687,25815,5829,,,,,85
BraTS-GLI-01450-000,global,1.0,0.0,2,0.0,82888,22606,6628,,,,,85
BraTS-GLI-01450-000,global,1.0,0.0,2,2.0,81997,19395,7519,,,,,85
BraTS-GLI-01450-000,dilate,0.0,0.0,0,-6.0,9026,8629,345,,,,,85
BraTS-GLI-01450-000,dilate,0.0,0.0,0,-4.02,8998,8446,373,30,1,1,0,85
BraTS-GLI-01450-000,dilate,0.0,0.0,0,-2.0,8968,8200,403,,,,,85
BraTS-GLI-01450-000,dilate,0.0,0.0,0,0.0,8968,8053,403,0,1,0,0,85
BraTS-GLI-01450-000,dilate,0.0,0.0,0,2.0,8968,7866,403,,,,,85
BraTS-GLI-01450-000,dilate,0.0,0.0,1,-6.0,12571,1399,740,,,,,85
BraTS-GLI-01450-000,dilate,0.0,0.0,1,-4.02,12535,1269,776,,,,,85
BraTS-GLI-01450-000,dilate,0.0,0.0,1,-2.0,12509,1124,802,,,,,85
BraTS-GLI-01450-000,dilate,0.0,0.0,1,0.0,12476,1002,835,,,,,85
BraTS-GLI-01450-000,dilate,0.0,0.0,1,2.0,12452,883,859,,,,,85
BraTS-GLI-01450-000,dilate,0.0,0.0,2,-6.0,82401,9261,7115,,,,,85
BraTS-GLI-01450-000,dilate,0.0,0.0,2,-4.02,81501,7245,8015,,,,,85
BraTS-GLI-01450-000,dilate,0.0,0.0,2,-2.0,80357,5558,9159,,,,,85
BraTS-GLI-01450-000,dilate,0.0,0.0,2,0.0,79054,4183,10462,,,,,85
BraTS-GLI-01450-000,dilate,0.0,0.0,2,2.0,77639,2925,11877,,,,,85
BraTS-GLI-01450-000,boost,2.0,0.0,0,-6.0,8925,2027,446,,,,,85
BraTS-GLI-01450-000,boost,2.0,0.0,0,-4.02,8898,1873,473,6,1,1,0,85
BraTS-GLI-01450-000,boost,2.0,0.0,0,-2.0,8874,1699,497,,,,,85
BraTS-GLI-01450-000,boost,2.0,0.0,0,0.0,8835,1522,536,0,1,0,0,85
BraTS-GLI-01450-000,boost,2.0,0.0,0,2.0,8799,1389,572,,,,,85
BraTS-GLI-01450-000,boost,2.0,0.0,1,-6.0,12571,1399,740,,,,,85
BraTS-GLI-01450-000,boost,2.0,0.0,1,-4.02,12535,1269,776,,,,,85
BraTS-GLI-01450-000,boost,2.0,0.0,1,-2.0,12509,1124,802,,,,,85
BraTS-GLI-01450-000,boost,2.0,0.0,1,0.0,12476,1002,835,,,,,85
BraTS-GLI-01450-000,boost,2.0,0.0,1,2.0,12452,883,859,,,,,85
BraTS-GLI-01450-000,boost,2.0,0.0,2,-6.0,82401,9261,7115,,,,,85
BraTS-GLI-01450-000,boost,2.0,0.0,2,-4.02,81501,7245,8015,,,,,85
BraTS-GLI-01450-000,boost,2.0,0.0,2,-2.0,80357,5558,9159,,,,,85
BraTS-GLI-01450-000,boost,2.0,0.0,2,0.0,79054,4183,10462,,,,,85
BraTS-GLI-01450-000,boost,2.0,0.0,2,2.0,77639,2925,11877,,,,,85
BraTS-GLI-01450-000,boost,4.0,0.0,0,-6.0,8960,2207,411,,,,,85
BraTS-GLI-01450-000,boost,4.0,0.0,0,-4.02,8926,2025,445,11,1,1,0,85
BraTS-GLI-01450-000,boost,4.0,0.0,0,-2.0,8898,1868,473,,,,,85
BraTS-GLI-01450-000,boost,4.0,0.0,0,0.0,8874,1697,497,2,1,1,0,85
BraTS-GLI-01450-000,boost,4.0,0.0,0,2.0,8835,1520,536,,,,,85
BraTS-GLI-01450-000,boost,4.0,0.0,1,-6.0,12571,1399,740,,,,,85
BraTS-GLI-01450-000,boost,4.0,0.0,1,-4.02,12535,1269,776,,,,,85
BraTS-GLI-01450-000,boost,4.0,0.0,1,-2.0,12509,1124,802,,,,,85
BraTS-GLI-01450-000,boost,4.0,0.0,1,0.0,12476,1002,835,,,,,85
BraTS-GLI-01450-000,boost,4.0,0.0,1,2.0,12452,883,859,,,,,85
BraTS-GLI-01450-000,boost,4.0,0.0,2,-6.0,82401,9261,7115,,,,,85
BraTS-GLI-01450-000,boost,4.0,0.0,2,-4.02,81501,7245,8015,,,,,85
BraTS-GLI-01450-000,boost,4.0,0.0,2,-2.0,80357,5558,9159,,,,,85
BraTS-GLI-01450-000,boost,4.0,0.0,2,0.0,79054,4183,10462,,,,,85
BraTS-GLI-01450-000,boost,4.0,0.0,2,2.0,77639,2925,11877,,,,,85
BraTS-GLI-00066-000,none,0.0,0.0,0,-6.0,4782,16,883,,,,,6
BraTS-GLI-00066-000,none,0.0,0.0,0,-4.02,4663,12,1002,0,0,0,0,6
BraTS-GLI-00066-000,none,0.0,0.0,0,-2.0,4532,6,1133,,,,,6
BraTS-GLI-00066-000,none,0.0,0.0,0,0.0,4406,3,1259,0,0,0,0,6
BraTS-GLI-00066-000,none,0.0,0.0,0,2.0,4271,3,1394,,,,,6
BraTS-GLI-00066-000,none,0.0,0.0,1,-6.0,7075,5,461,,,,,6
BraTS-GLI-00066-000,none,0.0,0.0,1,-4.02,7014,1,522,,,,,6
BraTS-GLI-00066-000,none,0.0,0.0,1,-2.0,6963,0,573,,,,,6
BraTS-GLI-00066-000,none,0.0,0.0,1,0.0,6895,0,641,,,,,6
BraTS-GLI-00066-000,none,0.0,0.0,1,2.0,6839,0,697,,,,,6
BraTS-GLI-00066-000,none,0.0,0.0,2,-6.0,38616,4701,98,,,,,6
BraTS-GLI-00066-000,none,0.0,0.0,2,-4.02,38545,3859,169,,,,,6
BraTS-GLI-00066-000,none,0.0,0.0,2,-2.0,38449,3066,265,,,,,6
BraTS-GLI-00066-000,none,0.0,0.0,2,0.0,38318,2373,396,,,,,6
BraTS-GLI-00066-000,none,0.0,0.0,2,2.0,38094,1815,620,,,,,6
BraTS-GLI-00066-000,pspds,0.5,0.0,0,-6.0,4777,15,888,,,,,6
BraTS-GLI-00066-000,pspds,0.5,0.0,0,-4.02,4659,11,1006,0,0,0,0,6
BraTS-GLI-00066-000,pspds,0.5,0.0,0,-2.0,4526,6,1139,,,,,6
BraTS-GLI-00066-000,pspds,0.5,0.0,0,0.0,4405,3,1260,0,0,0,0,6
BraTS-GLI-00066-000,pspds,0.5,0.0,0,2.0,4271,1,1394,,,,,6
BraTS-GLI-00066-000,pspds,0.5,0.0,1,-6.0,7075,4,461,,,,,6
BraTS-GLI-00066-000,pspds,0.5,0.0,1,-4.02,7015,1,521,,,,,6
BraTS-GLI-00066-000,pspds,0.5,0.0,1,-2.0,6965,0,571,,,,,6
BraTS-GLI-00066-000,pspds,0.5,0.0,1,0.0,6899,0,637,,,,,6
BraTS-GLI-00066-000,pspds,0.5,0.0,1,2.0,6845,0,691,,,,,6
BraTS-GLI-00066-000,pspds,0.5,0.0,2,-6.0,38603,4719,111,,,,,6
BraTS-GLI-00066-000,pspds,0.5,0.0,2,-4.02,38530,3875,184,,,,,6
BraTS-GLI-00066-000,pspds,0.5,0.0,2,-2.0,38435,3092,279,,,,,6
BraTS-GLI-00066-000,pspds,0.5,0.0,2,0.0,38301,2410,413,,,,,6
BraTS-GLI-00066-000,pspds,0.5,0.0,2,2.0,38092,1845,622,,,,,6
BraTS-GLI-00066-000,pspds,0.5,1.0,0,-6.0,4780,15,885,,,,,6
BraTS-GLI-00066-000,pspds,0.5,1.0,0,-4.02,4661,11,1004,0,0,0,0,6
BraTS-GLI-00066-000,pspds,0.5,1.0,0,-2.0,4530,6,1135,,,,,6
BraTS-GLI-00066-000,pspds,0.5,1.0,0,0.0,4407,3,1258,0,0,0,0,6
BraTS-GLI-00066-000,pspds,0.5,1.0,0,2.0,4270,2,1395,,,,,6
BraTS-GLI-00066-000,pspds,0.5,1.0,1,-6.0,7074,5,462,,,,,6
BraTS-GLI-00066-000,pspds,0.5,1.0,1,-4.02,7014,1,522,,,,,6
BraTS-GLI-00066-000,pspds,0.5,1.0,1,-2.0,6965,0,571,,,,,6
BraTS-GLI-00066-000,pspds,0.5,1.0,1,0.0,6897,0,639,,,,,6
BraTS-GLI-00066-000,pspds,0.5,1.0,1,2.0,6842,0,694,,,,,6
BraTS-GLI-00066-000,pspds,0.5,1.0,2,-6.0,38611,4709,103,,,,,6
BraTS-GLI-00066-000,pspds,0.5,1.0,2,-4.02,38538,3867,176,,,,,6
BraTS-GLI-00066-000,pspds,0.5,1.0,2,-2.0,38446,3071,268,,,,,6
BraTS-GLI-00066-000,pspds,0.5,1.0,2,0.0,38309,2383,405,,,,,6
BraTS-GLI-00066-000,pspds,0.5,1.0,2,2.0,38096,1825,618,,,,,6
BraTS-GLI-00066-000,pspds,1.0,0.0,0,-6.0,4777,15,888,,,,,6
BraTS-GLI-00066-000,pspds,1.0,0.0,0,-4.02,4658,11,1007,0,0,0,0,6
BraTS-GLI-00066-000,pspds,1.0,0.0,0,-2.0,4525,6,1140,,,,,6
BraTS-GLI-00066-000,pspds,1.0,0.0,0,0.0,4405,3,1260,0,0,0,0,6
BraTS-GLI-00066-000,pspds,1.0,0.0,0,2.0,4273,1,1392,,,,,6
BraTS-GLI-00066-000,pspds,1.0,0.0,1,-6.0,7075,4,461,,,,,6
BraTS-GLI-00066-000,pspds,1.0,0.0,1,-4.02,7016,1,520,,,,,6
BraTS-GLI-00066-000,pspds,1.0,0.0,1,-2.0,6968,0,568,,,,,6
BraTS-GLI-00066-000,pspds,1.0,0.0,1,0.0,6902,0,634,,,,,6
BraTS-GLI-00066-000,pspds,1.0,0.0,1,2.0,6847,0,689,,,,,6
BraTS-GLI-00066-000,pspds,1.0,0.0,2,-6.0,38590,4727,124,,,,,6
BraTS-GLI-00066-000,pspds,1.0,0.0,2,-4.02,38525,3889,189,,,,,6
BraTS-GLI-00066-000,pspds,1.0,0.0,2,-2.0,38424,3119,290,,,,,6
BraTS-GLI-00066-000,pspds,1.0,0.0,2,0.0,38289,2448,425,,,,,6
BraTS-GLI-00066-000,pspds,1.0,0.0,2,2.0,38083,1881,631,,,,,6
BraTS-GLI-00066-000,pspds,1.0,1.0,0,-6.0,4778,15,887,,,,,6
BraTS-GLI-00066-000,pspds,1.0,1.0,0,-4.02,4662,11,1003,0,0,0,0,6
BraTS-GLI-00066-000,pspds,1.0,1.0,0,-2.0,4527,6,1138,,,,,6
BraTS-GLI-00066-000,pspds,1.0,1.0,0,0.0,4404,3,1261,0,0,0,0,6
BraTS-GLI-00066-000,pspds,1.0,1.0,0,2.0,4272,2,1393,,,,,6
BraTS-GLI-00066-000,pspds,1.0,1.0,1,-6.0,7074,5,462,,,,,6
BraTS-GLI-00066-000,pspds,1.0,1.0,1,-4.02,7015,1,521,,,,,6
BraTS-GLI-00066-000,pspds,1.0,1.0,1,-2.0,6966,0,570,,,,,6
BraTS-GLI-00066-000,pspds,1.0,1.0,1,0.0,6899,0,637,,,,,6
BraTS-GLI-00066-000,pspds,1.0,1.0,1,2.0,6845,0,691,,,,,6
BraTS-GLI-00066-000,pspds,1.0,1.0,2,-6.0,38606,4726,108,,,,,6
BraTS-GLI-00066-000,pspds,1.0,1.0,2,-4.02,38535,3874,179,,,,,6
BraTS-GLI-00066-000,pspds,1.0,1.0,2,-2.0,38440,3087,274,,,,,6
BraTS-GLI-00066-000,pspds,1.0,1.0,2,0.0,38304,2398,410,,,,,6
BraTS-GLI-00066-000,pspds,1.0,1.0,2,2.0,38094,1842,620,,,,,6
BraTS-GLI-00066-000,interp,0.5,0.0,0,-6.0,4815,19,850,,,,,6
BraTS-GLI-00066-000,interp,0.5,0.0,0,-4.02,4688,13,977,0,0,0,0,6
BraTS-GLI-00066-000,interp,0.5,0.0,0,-2.0,4562,8,1103,,,,,6
BraTS-GLI-00066-000,interp,0.5,0.0,0,0.0,4434,4,1231,0,0,0,0,6
BraTS-GLI-00066-000,interp,0.5,0.0,0,2.0,4307,3,1358,,,,,6
BraTS-GLI-00066-000,interp,0.5,0.0,1,-6.0,7097,6,439,,,,,6
BraTS-GLI-00066-000,interp,0.5,0.0,1,-4.02,7034,2,502,,,,,6
BraTS-GLI-00066-000,interp,0.5,0.0,1,-2.0,6976,0,560,,,,,6
BraTS-GLI-00066-000,interp,0.5,0.0,1,0.0,6924,0,612,,,,,6
BraTS-GLI-00066-000,interp,0.5,0.0,1,2.0,6855,0,681,,,,,6
BraTS-GLI-00066-000,interp,0.5,0.0,2,-6.0,38614,5227,100,,,,,6
BraTS-GLI-00066-000,interp,0.5,0.0,2,-4.02,38571,4392,143,,,,,6
BraTS-GLI-00066-000,interp,0.5,0.0,2,-2.0,38486,3597,228,,,,,6
BraTS-GLI-00066-000,interp,0.5,0.0,2,0.0,38381,2875,333,,,,,6
BraTS-GLI-00066-000,interp,0.5,0.0,2,2.0,38203,2268,511,,,,,6
BraTS-GLI-00066-000,interp,1.0,0.0,0,-6.0,4845,20,820,,,,,6
BraTS-GLI-00066-000,interp,1.0,0.0,0,-4.02,4717,14,948,0,0,0,0,6
BraTS-GLI-00066-000,interp,1.0,0.0,0,-2.0,4592,9,1073,,,,,6
BraTS-GLI-00066-000,interp,1.0,0.0,0,0.0,4458,4,1207,0,0,0,0,6
BraTS-GLI-00066-000,interp,1.0,0.0,0,2.0,4336,3,1329,,,,,6
BraTS-GLI-00066-000,interp,1.0,0.0,1,-6.0,7120,6,416,,,,,6
BraTS-GLI-00066-000,interp,1.0,0.0,1,-4.02,7055,6,481,,,,,6
BraTS-GLI-00066-000,interp,1.0,0.0,1,-2.0,6998,1,538,,,,,6
BraTS-GLI-00066-000,interp,1.0,0.0,1,0.0,6943,0,593,,,,,6
BraTS-GLI-00066-000,interp,1.0,0.0,1,2.0,6888,0,648,,,,,6
BraTS-GLI-00066-000,interp,1.0,0.0,2,-6.0,38635,5778,79,,,,,6
BraTS-GLI-00066-000,interp,1.0,0.0,2,-4.02,38589,4904,125,,,,,6
BraTS-GLI-00066-000,interp,1.0,0.0,2,-2.0,38518,4111,196,,,,,6
BraTS-GLI-00066-000,interp,1.0,0.0,2,0.0,38425,3343,289,,,,,6
BraTS-GLI-00066-000,interp,1.0,0.0,2,2.0,38275,2666,439,,,,,6
BraTS-GLI-00066-000,global,0.5,0.0,0,-6.0,4868,17,797,,,,,6
BraTS-GLI-00066-000,global,0.5,0.0,0,-4.02,4729,12,936,0,0,0,0,6
BraTS-GLI-00066-000,global,0.5,0.0,0,-2.0,4598,7,1067,,,,,6
BraTS-GLI-00066-000,global,0.5,0.0,0,0.0,4465,4,1200,0,0,0,0,6
BraTS-GLI-00066-000,global,0.5,0.0,0,2.0,4329,1,1336,,,,,6
BraTS-GLI-00066-000,global,0.5,0.0,1,-6.0,7165,9,371,,,,,6
BraTS-GLI-00066-000,global,0.5,0.0,1,-4.02,7094,6,442,,,,,6
BraTS-GLI-00066-000,global,0.5,0.0,1,-2.0,7038,2,498,,,,,6
BraTS-GLI-00066-000,global,0.5,0.0,1,0.0,6981,0,555,,,,,6
BraTS-GLI-00066-000,global,0.5,0.0,1,2.0,6912,0,624,,,,,6
BraTS-GLI-00066-000,global,0.5,0.0,2,-6.0,38676,6477,38,,,,,6
BraTS-GLI-00066-000,global,0.5,0.0,2,-4.02,38644,5437,70,,,,,6
BraTS-GLI-00066-000,global,0.5,0.0,2,-2.0,38595,4478,119,,,,,6
BraTS-GLI-00066-000,global,0.5,0.0,2,0.0,38516,3638,198,,,,,6
BraTS-GLI-00066-000,global,0.5,0.0,2,2.0,38388,2891,326,,,,,6
BraTS-GLI-00066-000,global,1.0,0.0,0,-6.0,4924,125,741,,,,,6
BraTS-GLI-00066-000,global,1.0,0.0,0,-4.02,4770,44,895,0,0,0,1,6
BraTS-GLI-00066-000,global,1.0,0.0,0,-2.0,4612,12,1053,,,,,6
BraTS-GLI-00066-000,global,1.0,0.0,0,0.0,4449,6,1216,0,0,0,0,6
BraTS-GLI-00066-000,global,1.0,0.0,0,2.0,4317,3,1348,,,,,6
BraTS-GLI-00066-000,global,1.0,0.0,1,-6.0,7434,21349,102,,,,,6
BraTS-GLI-00066-000,global,1.0,0.0,1,-4.02,7405,19516,131,,,,,6
BraTS-GLI-00066-000,global,1.0,0.0,1,-2.0,7378,17487,158,,,,,6
BraTS-GLI-00066-000,global,1.0,0.0,1,0.0,7337,15224,199,,,,,6
BraTS-GLI-00066-000,global,1.0,0.0,1,2.0,7273,12057,263,,,,,6
BraTS-GLI-00066-000,global,1.0,0.0,2,-6.0,38711,19504,3,,,,,6
BraTS-GLI-00066-000,global,1.0,0.0,2,-4.02,38706,17531,8,,,,,6
BraTS-GLI-00066-000,global,1.0,0.0,2,-2.0,38701,15653,13,,,,,6
BraTS-GLI-00066-000,global,1.0,0.0,2,0.0,38687,13700,27,,,,,6
BraTS-GLI-00066-000,global,1.0,0.0,2,2.0,38657,11735,57,,,,,6
BraTS-GLI-00066-000,dilate,0.0,0.0,0,-6.0,5665,3796,0,,,,,6
BraTS-GLI-00066-000,dilate,0.0,0.0,0,-4.02,5665,3687,0,0,0,0,0,6
BraTS-GLI-00066-000,dilate,0.0,0.0,0,-2.0,5662,3557,3,,,,,6
BraTS-GLI-00066-000,dilate,0.0,0.0,0,0.0,5662,3452,3,0,0,0,0,6
BraTS-GLI-00066-000,dilate,0.0,0.0,0,2.0,5661,3320,4,,,,,6
BraTS-GLI-00066-000,dilate,0.0,0.0,1,-6.0,7075,5,461,,,,,6
BraTS-GLI-00066-000,dilate,0.0,0.0,1,-4.02,7014,1,522,,,,,6
BraTS-GLI-00066-000,dilate,0.0,0.0,1,-2.0,6963,0,573,,,,,6
BraTS-GLI-00066-000,dilate,0.0,0.0,1,0.0,6895,0,641,,,,,6
BraTS-GLI-00066-000,dilate,0.0,0.0,1,2.0,6839,0,697,,,,,6
BraTS-GLI-00066-000,dilate,0.0,0.0,2,-6.0,38616,4701,98,,,,,6
BraTS-GLI-00066-000,dilate,0.0,0.0,2,-4.02,38545,3859,169,,,,,6
BraTS-GLI-00066-000,dilate,0.0,0.0,2,-2.0,38449,3066,265,,,,,6
BraTS-GLI-00066-000,dilate,0.0,0.0,2,0.0,38318,2373,396,,,,,6
BraTS-GLI-00066-000,dilate,0.0,0.0,2,2.0,38094,1815,620,,,,,6
BraTS-GLI-00066-000,boost,2.0,0.0,0,-6.0,4917,30,748,,,,,6
BraTS-GLI-00066-000,boost,2.0,0.0,0,-4.02,4784,16,881,0,0,0,0,6
BraTS-GLI-00066-000,boost,2.0,0.0,0,-2.0,4660,12,1005,,,,,6
BraTS-GLI-00066-000,boost,2.0,0.0,0,0.0,4532,6,1133,0,0,0,0,6
BraTS-GLI-00066-000,boost,2.0,0.0,0,2.0,4406,3,1259,,,,,6
BraTS-GLI-00066-000,boost,2.0,0.0,1,-6.0,7075,5,461,,,,,6
BraTS-GLI-00066-000,boost,2.0,0.0,1,-4.02,7014,1,522,,,,,6
BraTS-GLI-00066-000,boost,2.0,0.0,1,-2.0,6963,0,573,,,,,6
BraTS-GLI-00066-000,boost,2.0,0.0,1,0.0,6895,0,641,,,,,6
BraTS-GLI-00066-000,boost,2.0,0.0,1,2.0,6839,0,697,,,,,6
BraTS-GLI-00066-000,boost,2.0,0.0,2,-6.0,38616,4701,98,,,,,6
BraTS-GLI-00066-000,boost,2.0,0.0,2,-4.02,38545,3859,169,,,,,6
BraTS-GLI-00066-000,boost,2.0,0.0,2,-2.0,38449,3066,265,,,,,6
BraTS-GLI-00066-000,boost,2.0,0.0,2,0.0,38318,2373,396,,,,,6
BraTS-GLI-00066-000,boost,2.0,0.0,2,2.0,38094,1815,620,,,,,6
BraTS-GLI-00066-000,boost,4.0,0.0,0,-6.0,5050,57,615,,,,,6
BraTS-GLI-00066-000,boost,4.0,0.0,0,-4.02,4917,30,748,0,0,0,0,6
BraTS-GLI-00066-000,boost,4.0,0.0,0,-2.0,4782,16,883,,,,,6
BraTS-GLI-00066-000,boost,4.0,0.0,0,0.0,4660,12,1005,0,0,0,0,6
BraTS-GLI-00066-000,boost,4.0,0.0,0,2.0,4532,6,1133,,,,,6
BraTS-GLI-00066-000,boost,4.0,0.0,1,-6.0,7075,5,461,,,,,6
BraTS-GLI-00066-000,boost,4.0,0.0,1,-4.02,7014,1,522,,,,,6
BraTS-GLI-00066-000,boost,4.0,0.0,1,-2.0,6963,0,573,,,,,6
BraTS-GLI-00066-000,boost,4.0,0.0,1,0.0,6895,0,641,,,,,6
BraTS-GLI-00066-000,boost,4.0,0.0,1,2.0,6839,0,697,,,,,6
BraTS-GLI-00066-000,boost,4.0,0.0,2,-6.0,38616,4701,98,,,,,6
BraTS-GLI-00066-000,boost,4.0,0.0,2,-4.02,38545,3859,169,,,,,6
BraTS-GLI-00066-000,boost,4.0,0.0,2,-2.0,38449,3066,265,,,,,6
BraTS-GLI-00066-000,boost,4.0,0.0,2,0.0,38318,2373,396,,,,,6
BraTS-GLI-00066-000,boost,4.0,0.0,2,2.0,38094,1815,620,,,,,6
BraTS-GLI-01362-000,none,0.0,0.0,0,-6.0,34615,2730,1463,,,,,415
BraTS-GLI-01362-000,none,0.0,0.0,0,-4.02,34328,2227,1750,0,0,0,1,415
BraTS-GLI-01362-000,none,0.0,0.0,0,-2.0,33947,1848,2131,,,,,415
BraTS-GLI-01362-000,none,0.0,0.0,0,0.0,33473,1557,2605,0,0,0,0,415
BraTS-GLI-01362-000,none,0.0,0.0,0,2.0,32904,1311,3174,,,,,415
BraTS-GLI-01362-000,none,0.0,0.0,1,-6.0,46749,2100,950,,,,,415
BraTS-GLI-01362-000,none,0.0,0.0,1,-4.02,46527,1819,1172,,,,,415
BraTS-GLI-01362-000,none,0.0,0.0,1,-2.0,46234,1616,1465,,,,,415
BraTS-GLI-01362-000,none,0.0,0.0,1,0.0,45922,1467,1777,,,,,415
BraTS-GLI-01362-000,none,0.0,0.0,1,2.0,45633,1328,2066,,,,,415
BraTS-GLI-01362-000,none,0.0,0.0,2,-6.0,139535,11807,1464,,,,,415
BraTS-GLI-01362-000,none,0.0,0.0,2,-4.02,139275,9770,1724,,,,,415
BraTS-GLI-01362-000,none,0.0,0.0,2,-2.0,138895,7843,2104,,,,,415
BraTS-GLI-01362-000,none,0.0,0.0,2,0.0,138378,6083,2621,,,,,415
BraTS-GLI-01362-000,none,0.0,0.0,2,2.0,137577,4512,3422,,,,,415
BraTS-GLI-01362-000,pspds,0.5,0.0,0,-6.0,34667,2842,1411,,,,,415
BraTS-GLI-01362-000,pspds,0.5,0.0,0,-4.02,34383,2321,1695,0,0,0,1,415
BraTS-GLI-01362-000,pspds,0.5,0.0,0,-2.0,34002,1920,2076,,,,,415
BraTS-GLI-01362-000,pspds,0.5,0.0,0,0.0,33554,1645,2524,0,0,0,0,415
BraTS-GLI-01362-000,pspds,0.5,0.0,0,2.0,33005,1380,3073,,,,,415
BraTS-GLI-01362-000,pspds,0.5,0.0,1,-6.0,46832,2263,867,,,,,415
BraTS-GLI-01362-000,pspds,0.5,0.0,1,-4.02,46625,1962,1074,,,,,415
BraTS-GLI-01362-000,pspds,0.5,0.0,1,-2.0,46369,1737,1330,,,,,415
BraTS-GLI-01362-000,pspds,0.5,0.0,1,0.0,46065,1570,1634,,,,,415
BraTS-GLI-01362-000,pspds,0.5,0.0,1,2.0,45768,1422,1931,,,,,415
BraTS-GLI-01362-000,pspds,0.5,0.0,2,-6.0,139561,11972,1438,,,,,415
BraTS-GLI-01362-000,pspds,0.5,0.0,2,-4.02,139306,9936,1693,,,,,415
BraTS-GLI-01362-000,pspds,0.5,0.0,2,-2.0,138933,8010,2066,,,,,415
BraTS-GLI-01362-000,pspds,0.5,0.0,2,0.0,138430,6274,2569,,,,,415
BraTS-GLI-01362-000,pspds,0.5,0.0,2,2.0,137664,4694,3335,,,,,415
BraTS-GLI-01362-000,pspds,0.5,1.0,0,-6.0,34637,2779,1441,,,,,415
BraTS-GLI-01362-000,pspds,0.5,1.0,0,-4.02,34349,2264,1729,0,0,0,1,415
BraTS-GLI-01362-000,pspds,0.5,1.0,0,-2.0,33960,1869,2118,,,,,415
BraTS-GLI-01362-000,pspds,0.5,1.0,0,0.0,33503,1588,2575,0,0,0,0,415
BraTS-GLI-01362-000,pspds,0.5,1.0,0,2.0,32951,1337,3127,,,,,415
BraTS-GLI-01362-000,pspds,0.5,1.0,1,-6.0,46783,2170,916,,,,,415
BraTS-GLI-01362-000,pspds,0.5,1.0,1,-4.02,46566,1877,1133,,,,,415
BraTS-GLI-01362-000,pspds,0.5,1.0,1,-2.0,46294,1665,1405,,,,,415
BraTS-GLI-01362-000,pspds,0.5,1.0,1,0.0,45991,1503,1708,,,,,415
BraTS-GLI-01362-000,pspds,0.5,1.0,1,2.0,45680,1374,2019,,,,,415
BraTS-GLI-01362-000,pspds,0.5,1.0,2,-6.0,139545,11859,1454,,,,,415
BraTS-GLI-01362-000,pspds,0.5,1.0,2,-4.02,139286,9839,1713,,,,,415
BraTS-GLI-01362-000,pspds,0.5,1.0,2,-2.0,138913,7917,2086,,,,,415
BraTS-GLI-01362-000,pspds,0.5,1.0,2,0.0,138403,6150,2596,,,,,415
BraTS-GLI-01362-000,pspds,0.5,1.0,2,2.0,137618,4581,3381,,,,,415
BraTS-GLI-01362-000,pspds,1.0,0.0,0,-6.0,34698,2952,1380,,,,,415
BraTS-GLI-01362-000,pspds,1.0,0.0,0,-4.02,34420,2433,1658,0,0,0,1,415
BraTS-GLI-01362-000,pspds,1.0,0.0,0,-2.0,34060,2002,2018,,,,,415
BraTS-GLI-01362-000,pspds,1.0,0.0,0,0.0,33604,1715,2474,0,0,0,0,415
BraTS-GLI-01362-000,pspds,1.0,0.0,0,2.0,33057,1456,3021,,,,,415
BraTS-GLI-01362-000,pspds,1.0,0.0,1,-6.0,46892,2408,807,,,,,415
BraTS-GLI-01362-000,pspds,1.0,0.0,1,-4.02,46704,2102,995,,,,,415
BraTS-GLI-01362-000,pspds,1.0,0.0,1,-2.0,46471,1842,1228,,,,,415
BraTS-GLI-01362-000,pspds,1.0,0.0,1,0.0,46192,1671,1507,,,,,415
BraTS-GLI-01362-000,pspds,1.0,0.0,1,2.0,45890,1532,1809,,,,,415
BraTS-GLI-01362-000,pspds,1.0,0.0,2,-6.0,139577,12137,1422,,,,,415
BraTS-GLI-01362-000,pspds,1.0,0.0,2,-4.02,139331,10102,1668,,,,,415
BraTS-GLI-01362-000,pspds,1.0,0.0,2,-2.0,138985,8178,2014,,,,,415
BraTS-GLI-01362-000,pspds,1.0,0.0,2,0.0,138483,6422,2516,,,,,415
BraTS-GLI-01362-000,pspds,1.0,0.0,2,2.0,137758,4870,3241,,,,,415
BraTS-GLI-01362-000,pspds,1.0,1.0,0,-6.0,34654,2828,1424,,,,,415
BraTS-GLI-01362-000,pspds,1.0,1.0,0,-4.02,34372,2307,1706,0,0,0,1,415
BraTS-GLI-01362-000,pspds,1.0,1.0,0,-2.0,33994,1906,2084,,,,,415
BraTS-GLI-01362-000,pspds,1.0,1.0,0,0.0,33539,1626,2539,0,0,0,0,415
BraTS-GLI-01362-000,pspds,1.0,1.0,0,2.0,32988,1372,3090,,,,,415
BraTS-GLI-01362-000,pspds,1.0,1.0,1,-6.0,46816,2235,883,,,,,415
BraTS-GLI-01362-000,pspds,1.0,1.0,1,-4.02,46607,1937,1092,,,,,415
BraTS-GLI-01362-000,pspds,1.0,1.0,1,-2.0,46346,1714,1353,,,,,415
BraTS-GLI-01362-000,pspds,1.0,1.0,1,0.0,46039,1548,1660,,,,,415
BraTS-GLI-01362-000,pspds,1.0,1.0,1,2.0,45732,1416,1967,,,,,415
BraTS-GLI-01362-000,pspds,1.0,1.0,2,-6.0,139556,11935,1443,,,,,415
BraTS-GLI-01362-000,pspds,1.0,1.0,2,-4.02,139305,9909,1694,,,,,415
BraTS-GLI-01362-000,pspds,1.0,1.0,2,-2.0,138929,7984,2070,,,,,415
BraTS-GLI-01362-000,pspds,1.0,1.0,2,0.0,138422,6234,2577,,,,,415
BraTS-GLI-01362-000,pspds,1.0,1.0,2,2.0,137650,4654,3349,,,,,415
BraTS-GLI-01362-000,interp,0.5,0.0,0,-6.0,34838,3473,1240,,,,,415
BraTS-GLI-01362-000,interp,0.5,0.0,0,-4.02,34592,2938,1486,0,0,0,1,415
BraTS-GLI-01362-000,interp,0.5,0.0,0,-2.0,34273,2429,1805,,,,,415
BraTS-GLI-01362-000,interp,0.5,0.0,0,0.0,33872,2067,2206,0,0,0,0,415
BraTS-GLI-01362-000,interp,0.5,0.0,0,2.0,33356,1769,2722,,,,,415
BraTS-GLI-01362-000,interp,0.5,0.0,1,-6.0,47087,3326,612,,,,,415
BraTS-GLI-01362-000,interp,0.5,0.0,1,-4.02,46954,2933,745,,,,,415
BraTS-GLI-01362-000,interp,0.5,0.0,1,-2.0,46775,2607,924,,,,,415
BraTS-GLI-01362-000,interp,0.5,0.0,1,0.0,46545,2304,1154,,,,,415
BraTS-GLI-01362-000,interp,0.5,0.0,1,2.0,46282,2079,1417,,,,,415
BraTS-GLI-01362-000,interp,0.5,0.0,2,-6.0,139732,14896,1267,,,,,415
BraTS-GLI-01362-000,interp,0.5,0.0,2,-4.02,139557,12693,1442,,,,,415
BraTS-GLI-01362-000,interp,0.5,0.0,2,-2.0,139306,10499,1693,,,,,415
BraTS-GLI-01362-000,interp,0.5,0.0,2,0.0,138900,8529,2099,,,,,415
BraTS-GLI-01362-000,interp,0.5,0.0,2,2.0,138237,6717,2762,,,,,415
BraTS-GLI-01362-000,interp,1.0,0.0,0,-6.0,34928,4599,1150,,,,,415
BraTS-GLI-01362-000,interp,1.0,0.0,0,-4.02,34708,3879,1370,0,0,0,3,415
BraTS-GLI-01362-000,interp,1.0,0.0,0,-2.0,34434,3283,1644,,,,,415
BraTS-GLI-01362-000,interp,1.0,0.0,0,0.0,34080,2794,1998,0,0,0,2,415
BraTS-GLI-01362-000,interp,1.0,0.0,0,2.0,33625,2382,2453,,,,,415
BraTS-GLI-01362-000,interp,1.0,0.0,1,-6.0,47239,10862,460,,,,,415
BraTS-GLI-01362-000,interp,1.0,0.0,1,-4.02,47140,9945,559,,,,,415
BraTS-GLI-01362-000,interp,1.0,0.0,1,-2.0,46999,9101,700,,,,,415
BraTS-GLI-01362-000,interp,1.0,0.0,1,0.0,46859,8293,840,,,,,415
BraTS-GLI-01362-000,interp,1.0,0.0,1,2.0,46670,7497,1029,,,,,415
BraTS-GLI-01362-000,interp,1.0,0.0,2,-6.0,139848,21665,1151,,,,,415
BraTS-GLI-01362-000,interp,1.0,0.0,2,-4.02,139703,18905,1296,,,,,415
BraTS-GLI-01362-000,interp,1.0,0.0,2,-2.0,139510,16276,1489,,,,,415
BraTS-GLI-01362-000,interp,1.0,0.0,2,0.0,139220,13671,1779,,,,,415
BraTS-GLI-01362-000,interp,1.0,0.0,2,2.0,138751,11303,2248,,,,,415
BraTS-GLI-01362-000,global,0.5,0.0,0,-6.0,34915,3826,1163,,,,,415
BraTS-GLI-01362-000,global,0.5,0.0,0,-4.02,34665,3209,1413,0,0,0,1,415
BraTS-GLI-01362-000,global,0.5,0.0,0,-2.0,34352,2677,1726,,,,,415
BraTS-GLI-01362-000,global,0.5,0.0,0,0.0,33941,2311,2137,0,0,0,0,415
BraTS-GLI-01362-000,global,0.5,0.0,0,2.0,33420,1984,2658,,,,,415
BraTS-GLI-01362-000,global,0.5,0.0,1,-6.0,47180,4824,519,,,,,415
BraTS-GLI-01362-000,global,0.5,0.0,1,-4.02,47072,4268,627,,,,,415
BraTS-GLI-01362-000,global,0.5,0.0,1,-2.0,46917,3808,782,,,,,415
BraTS-GLI-01362-000,global,0.5,0.0,1,0.0,46737,3412,962,,,,,415
BraTS-GLI-01362-000,global,0.5,0.0,1,2.0,46499,3029,1200,,,,,415
BraTS-GLI-01362-000,global,0.5,0.0,2,-6.0,139790,17613,1209,,,,,415
BraTS-GLI-01362-000,global,0.5,0.0,2,-4.02,139631,15049,1368,,,,,415
BraTS-GLI-01362-000,global,0.5,0.0,2,-2.0,139404,12630,1595,,,,,415
BraTS-GLI-01362-000,global,0.5,0.0,2,0.0,139067,10395,1932,,,,,415
BraTS-GLI-01362-000,global,0.5,0.0,2,2.0,138481,8253,2518,,,,,415
BraTS-GLI-01362-000,global,1.0,0.0,0,-6.0,34951,5805,1127,,,,,415
BraTS-GLI-01362-000,global,1.0,0.0,0,-4.02,34754,4776,1324,0,0,0,9,415
BraTS-GLI-01362-000,global,1.0,0.0,0,-2.0,34412,3994,1666,,,,,415
BraTS-GLI-01362-000,global,1.0,0.0,0,0.0,34019,3326,2059,0,0,0,6,415
BraTS-GLI-01362-000,global,1.0,0.0,0,2.0,33518,2815,2560,,,,,415
BraTS-GLI-01362-000,global,1.0,0.0,1,-6.0,47386,37957,313,,,,,415
BraTS-GLI-01362-000,global,1.0,0.0,1,-4.02,47329,34489,370,,,,,415
BraTS-GLI-01362-000,global,1.0,0.0,1,-2.0,47246,30791,453,,,,,415
BraTS-GLI-01362-000,global,1.0,0.0,1,0.0,47126,27333,573,,,,,415
BraTS-GLI-01362-000,global,1.0,0.0,1,2.0,47001,23834,698,,,,,415
BraTS-GLI-01362-000,global,1.0,0.0,2,-6.0,139896,39839,1103,,,,,415
BraTS-GLI-01362-000,global,1.0,0.0,2,-4.02,139787,36293,1212,,,,,415
BraTS-GLI-01362-000,global,1.0,0.0,2,-2.0,139637,32686,1362,,,,,415
BraTS-GLI-01362-000,global,1.0,0.0,2,0.0,139427,29058,1572,,,,,415
BraTS-GLI-01362-000,global,1.0,0.0,2,2.0,139092,25346,1907,,,,,415
BraTS-GLI-01362-000,dilate,0.0,0.0,0,-6.0,35660,20701,418,,,,,415
BraTS-GLI-01362-000,dilate,0.0,0.0,0,-4.02,35622,20142,456,0,0,0,0,415
BraTS-GLI-01362-000,dilate,0.0,0.0,0,-2.0,35592,19625,486,,,,,415
BraTS-GLI-01362-000,dilate,0.0,0.0,0,0.0,35545,19034,533,0,0,0,0,415
BraTS-GLI-01362-000,dilate,0.0,0.0,0,2.0,35501,18490,577,,,,,415
BraTS-GLI-01362-000,dilate,0.0,0.0,1,-6.0,46749,2100,950,,,,,415
BraTS-GLI-01362-000,dilate,0.0,0.0,1,-4.02,46527,1819,1172,,,,,415
BraTS-GLI-01362-000,dilate,0.0,0.0,1,-2.0,46234,1616,1465,,,,,415
BraTS-GLI-01362-000,dilate,0.0,0.0,1,0.0,45922,1467,1777,,,,,415
BraTS-GLI-01362-000,dilate,0.0,0.0,1,2.0,45633,1328,2066,,,,,415
BraTS-GLI-01362-000,dilate,0.0,0.0,2,-6.0,139535,11807,1464,,,,,415
BraTS-GLI-01362-000,dilate,0.0,0.0,2,-4.02,139275,9770,1724,,,,,415
BraTS-GLI-01362-000,dilate,0.0,0.0,2,-2.0,138895,7843,2104,,,,,415
BraTS-GLI-01362-000,dilate,0.0,0.0,2,0.0,138378,6083,2621,,,,,415
BraTS-GLI-01362-000,dilate,0.0,0.0,2,2.0,137577,4512,3422,,,,,415
BraTS-GLI-01362-000,boost,2.0,0.0,0,-6.0,34810,3316,1268,,,,,415
BraTS-GLI-01362-000,boost,2.0,0.0,0,-4.02,34585,2702,1493,0,0,0,0,415
BraTS-GLI-01362-000,boost,2.0,0.0,0,-2.0,34296,2199,1782,,,,,415
BraTS-GLI-01362-000,boost,2.0,0.0,0,0.0,33913,1830,2165,0,0,0,0,415
BraTS-GLI-01362-000,boost,2.0,0.0,0,2.0,33432,1543,2646,,,,,415
BraTS-GLI-01362-000,boost,2.0,0.0,1,-6.0,46749,2100,950,,,,,415
BraTS-GLI-01362-000,boost,2.0,0.0,1,-4.02,46527,1819,1172,,,,,415
BraTS-GLI-01362-000,boost,2.0,0.0,1,-2.0,46234,1616,1465,,,,,415
BraTS-GLI-01362-000,boost,2.0,0.0,1,0.0,45922,1467,1777,,,,,415
BraTS-GLI-01362-000,boost,2.0,0.0,1,2.0,45633,1328,2066,,,,,415
BraTS-GLI-01362-000,boost,2.0,0.0,2,-6.0,139535,11807,1464,,,,,415
BraTS-GLI-01362-000,boost,2.0,0.0,2,-4.02,139275,9770,1724,,,,,415
BraTS-GLI-01362-000,boost,2.0,0.0,2,-2.0,138895,7843,2104,,,,,415
BraTS-GLI-01362-000,boost,2.0,0.0,2,0.0,138378,6083,2621,,,,,415
BraTS-GLI-01362-000,boost,2.0,0.0,2,2.0,137577,4512,3422,,,,,415
BraTS-GLI-01362-000,boost,4.0,0.0,0,-6.0,34957,3966,1121,,,,,415
BraTS-GLI-01362-000,boost,4.0,0.0,0,-4.02,34777,3293,1301,0,0,0,0,415
BraTS-GLI-01362-000,boost,4.0,0.0,0,-2.0,34554,2678,1524,,,,,415
BraTS-GLI-01362-000,boost,4.0,0.0,0,0.0,34262,2181,1816,0,0,0,1,415
BraTS-GLI-01362-000,boost,4.0,0.0,0,2.0,33872,1816,2206,,,,,415
BraTS-GLI-01362-000,boost,4.0,0.0,1,-6.0,46749,2100,950,,,,,415
BraTS-GLI-01362-000,boost,4.0,0.0,1,-4.02,46527,1819,1172,,,,,415
BraTS-GLI-01362-000,boost,4.0,0.0,1,-2.0,46234,1616,1465,,,,,415
BraTS-GLI-01362-000,boost,4.0,0.0,1,0.0,45922,1467,1777,,,,,415
BraTS-GLI-01362-000,boost,4.0,0.0,1,2.0,45633,1328,2066,,,,,415
BraTS-GLI-01362-000,boost,4.0,0.0,2,-6.0,139535,11807,1464,,,,,415
BraTS-GLI-01362-000,boost,4.0,0.0,2,-4.02,139275,9770,1724,,,,,415
BraTS-GLI-01362-000,boost,4.0,0.0,2,-2.0,138895,7843,2104,,,,,415
BraTS-GLI-01362-000,boost,4.0,0.0,2,0.0,138378,6083,2621,,,,,415
BraTS-GLI-01362-000,boost,4.0,0.0,2,2.0,137577,4512,3422,,,,,415
BraTS-GLI-00491-001,none,0.0,0.0,0,-6.0,21773,1904,559,,,,,97
BraTS-GLI-00491-001,none,0.0,0.0,0,-4.02,21647,1479,685,0,0,0,0,97
BraTS-GLI-00491-001,none,0.0,0.0,0,-2.0,21503,1133,829,,,,,97
BraTS-GLI-00491-001,none,0.0,0.0,0,0.0,21300,841,1032,0,0,0,0,97
BraTS-GLI-00491-001,none,0.0,0.0,0,2.0,21025,615,1307,,,,,97
BraTS-GLI-00491-001,none,0.0,0.0,1,-6.0,33446,1040,236,,,,,97
BraTS-GLI-00491-001,none,0.0,0.0,1,-4.02,33356,797,326,,,,,97
BraTS-GLI-00491-001,none,0.0,0.0,1,-2.0,33241,591,441,,,,,97
BraTS-GLI-00491-001,none,0.0,0.0,1,0.0,33086,420,596,,,,,97
BraTS-GLI-00491-001,none,0.0,0.0,1,2.0,32891,287,791,,,,,97
BraTS-GLI-00491-001,none,0.0,0.0,2,-6.0,96353,4836,710,,,,,97
BraTS-GLI-00491-001,none,0.0,0.0,2,-4.02,96074,3878,989,,,,,97
BraTS-GLI-00491-001,none,0.0,0.0,2,-2.0,95663,3024,1400,,,,,97
BraTS-GLI-00491-001,none,0.0,0.0,2,0.0,95213,2281,1850,,,,,97
BraTS-GLI-00491-001,none,0.0,0.0,2,2.0,94604,1666,2459,,,,,97
BraTS-GLI-00491-001,pspds,0.5,0.0,0,-6.0,21776,1916,556,,,,,97
BraTS-GLI-00491-001,pspds,0.5,0.0,0,-4.02,21659,1490,673,0,0,0,0,97
BraTS-GLI-00491-001,pspds,0.5,0.0,0,-2.0,21508,1147,824,,,,,97
BraTS-GLI-00491-001,pspds,0.5,0.0,0,0.0,21310,874,1022,0,0,0,0,97
BraTS-GLI-00491-001,pspds,0.5,0.0,0,2.0,21043,634,1289,,,,,97
BraTS-GLI-00491-001,pspds,0.5,0.0,1,-6.0,33459,1101,223,,,,,97
BraTS-GLI-00491-001,pspds,0.5,0.0,1,-4.02,33371,843,311,,,,,97
BraTS-GLI-00491-001,pspds,0.5,0.0,1,-2.0,33259,637,423,,,,,97
BraTS-GLI-00491-001,pspds,0.5,0.0,1,0.0,33123,459,559,,,,,97
BraTS-GLI-00491-001,pspds,0.5,0.0,1,2.0,32936,320,746,,,,,97
BraTS-GLI-00491-001,pspds,0.5,0.0,2,-6.0,96379,4923,684,,,,,97
BraTS-GLI-00491-001,pspds,0.5,0.0,2,-4.02,96110,3970,953,,,,,97
BraTS-GLI-00491-001,pspds,0.5,0.0,2,-2.0,95724,3100,1339,,,,,97
BraTS-GLI-00491-001,pspds,0.5,0.0,2,0.0,95284,2364,1779,,,,,97
BraTS-GLI-00491-001,pspds,0.5,0.0,2,2.0,94694,1719,2369,,,,,97
BraTS-GLI-00491-001,pspds,0.5,1.0,0,-6.0,21776,1911,556,,,,,97
BraTS-GLI-00491-001,pspds,0.5,1.0,0,-4.02,21651,1480,681,0,0,0,0,97
BraTS-GLI-00491-001,pspds,0.5,1.0,0,-2.0,21505,1142,827,,,,,97
BraTS-GLI-00491-001,pspds,0.5,1.0,0,0.0,21304,855,1028,0,0,0,0,97
BraTS-GLI-00491-001,pspds,0.5,1.0,0,2.0,21028,622,1304,,,,,97
BraTS-GLI-00491-001,pspds,0.5,1.0,1,-6.0,33453,1062,229,,,,,97
BraTS-GLI-00491-001,pspds,0.5,1.0,1,-4.02,33363,815,319,,,,,97
BraTS-GLI-00491-001,pspds,0.5,1.0,1,-2.0,33248,611,434,,,,,97
BraTS-GLI-00491-001,pspds,0.5,1.0,1,0.0,33101,436,581,,,,,97
BraTS-GLI-00491-001,pspds,0.5,1.0,1,2.0,32910,298,772,,,,,97
BraTS-GLI-00491-001,pspds,0.5,1.0,2,-6.0,96361,4864,702,,,,,97
BraTS-GLI-00491-001,pspds,0.5,1.0,2,-4.02,96090,3905,973,,,,,97
BraTS-GLI-00491-001,pspds,0.5,1.0,2,-2.0,95688,3057,1375,,,,,97
BraTS-GLI-00491-001,pspds,0.5,1.0,2,0.0,95244,2305,1819,,,,,97
BraTS-GLI-00491-001,pspds,0.5,1.0,2,2.0,94636,1685,2427,,,,,97
BraTS-GLI-00491-001,pspds,1.0,0.0,0,-6.0,21778,1926,554,,,,,97
BraTS-GLI-00491-001,pspds,1.0,0.0,0,-4.02,21665,1506,667,0,0,0,0,97
BraTS-GLI-00491-001,pspds,1.0,0.0,0,-2.0,21514,1165,818,,,,,97
BraTS-GLI-00491-001,pspds,1.0,0.0,0,0.0,21322,898,1010,0,0,0,0,97
BraTS-GLI-00491-001,pspds,1.0,0.0,0,2.0,21067,649,1265,,,,,97
BraTS-GLI-00491-001,pspds,1.0,0.0,1,-6.0,33466,1166,216,,,,,97
BraTS-GLI-00491-001,pspds,1.0,0.0,1,-4.02,33389,903,293,,,,,97
BraTS-GLI-00491-001,pspds,1.0,0.0,1,-2.0,33272,682,410,,,,,97
BraTS-GLI-00491-001,pspds,1.0,0.0,1,0.0,33152,504,530,,,,,97
BraTS-GLI-00491-001,pspds,1.0,0.0,1,2.0,32984,358,698,,,,,97
BraTS-GLI-00491-001,pspds,1.0,0.0,2,-6.0,96408,5017,655,,,,,97
BraTS-GLI-00491-001,pspds,1.0,0.0,2,-4.02,96151,4033,912,,,,,97
BraTS-GLI-00491-001,pspds,1.0,0.0,2,-2.0,95771,3172,1292,,,,,97
BraTS-GLI-00491-001,pspds,1.0,0.0,2,0.0,95341,2434,1722,,,,,97
BraTS-GLI-00491-001,pspds,1.0,0.0,2,2.0,94771,1785,2292,,,,,97
BraTS-GLI-00491-001,pspds,1.0,1.0,0,-6.0,21776,1914,556,,,,,97
BraTS-GLI-00491-001,pspds,1.0,1.0,0,-4.02,21658,1482,674,0,0,0,0,97
BraTS-GLI-00491-001,pspds,1.0,1.0,0,-2.0,21506,1147,826,,,,,97
BraTS-GLI-00491-001,pspds,1.0,1.0,0,0.0,21309,869,1023,0,0,0,0,97
BraTS-GLI-00491-001,pspds,1.0,1.0,0,2.0,21040,630,1292,,,,,97
BraTS-GLI-00491-001,pspds,1.0,1.0,1,-6.0,33458,1082,224,,,,,97
BraTS-GLI-00491-001,pspds,1.0,1.0,1,-4.02,33370,835,312,,,,,97
BraTS-GLI-00491-001,pspds,1.0,1.0,1,-2.0,33251,628,431,,,,,97
BraTS-GLI-00491-001,pspds,1.0,1.0,1,0.0,33117,454,565,,,,,97
BraTS-GLI-00491-001,pspds,1.0,1.0,1,2.0,32930,312,752,,,,,97
BraTS-GLI-00491-001,pspds,1.0,1.0,2,-6.0,96373,4902,690,,,,,97
BraTS-GLI-00491-001,pspds,1.0,1.0,2,-4.02,96102,3948,961,,,,,97
BraTS-GLI-00491-001,pspds,1.0,1.0,2,-2.0,95710,3085,1353,,,,,97
BraTS-GLI-00491-001,pspds,1.0,1.0,2,0.0,95267,2338,1796,,,,,97
BraTS-GLI-00491-001,pspds,1.0,1.0,2,2.0,94676,1701,2387,,,,,97
BraTS-GLI-00491-001,interp,0.5,0.0,0,-6.0,21821,2139,511,,,,,97
BraTS-GLI-00491-001,interp,0.5,0.0,0,-4.02,21723,1687,609,0,0,0,0,97
BraTS-GLI-00491-001,interp,0.5,0.0,0,-2.0,21584,1339,748,,,,,97
BraTS-GLI-00491-001,interp,0.5,0.0,0,0.0,21405,1007,927,0,0,0,0,97
BraTS-GLI-00491-001,interp,0.5,0.0,0,2.0,21155,756,1177,,,,,97
BraTS-GLI-00491-001,interp,0.5,0.0,1,-6.0,33525,1391,157,,,,,97
BraTS-GLI-00491-001,interp,0.5,0.0,1,-4.02,33469,1100,213,,,,,97
BraTS-GLI-00491-001,interp,0.5,0.0,1,-2.0,33367,848,315,,,,,97
BraTS-GLI-00491-001,interp,0.5,0.0,1,0.0,33247,633,435,,,,,97
BraTS-GLI-00491-001,interp,0.5,0.0,1,2.0,33097,444,585,,,,,97
BraTS-GLI-00491-001,interp,0.5,0.0,2,-6.0,96701,6682,362,,,,,97
BraTS-GLI-00491-001,interp,0.5,0.0,2,-4.02,96566,5452,497,,,,,97
BraTS-GLI-00491-001,interp,0.5,0.0,2,-2.0,96351,4392,712,,,,,97
BraTS-GLI-00491-001,interp,0.5,0.0,2,0.0,96009,3449,1054,,,,,97
BraTS-GLI-00491-001,interp,0.5,0.0,2,2.0,95532,2615,1531,,,,,97
BraTS-GLI-00491-001,interp,1.0,0.0,0,-6.0,21847,2808,485,,,,,97
BraTS-GLI-00491-001,interp,1.0,0.0,0,-4.02,21757,2265,575,0,0,0,3,97
BraTS-GLI-00491-001,interp,1.0,0.0,0,-2.0,21636,1794,696,,,,,97
BraTS-GLI-00491-001,interp,1.0,0.0,0,0.0,21474,1405,858,0,0,0,2,97
BraTS-GLI-00491-001,interp,1.0,0.0,0,2.0,21247,1070,1085,,,,,97
BraTS-GLI-00491-001,interp,1.0,0.0,1,-6.0,33622,3466,60,,,,,97
BraTS-GLI-00491-001,interp,1.0,0.0,1,-4.02,33589,2752,93,,,,,97
BraTS-GLI-00491-001,interp,1.0,0.0,1,-2.0,33537,2067,145,,,,,97
BraTS-GLI-00491-001,interp,1.0,0.0,1,0.0,33457,1514,225,,,,,97
BraTS-GLI-00491-001,interp,1.0,0.0,1,2.0,33329,1056,353,,,,,97
BraTS-GLI-00491-001,interp,1.0,0.0,2,-6.0,96892,10270,171,,,,,97
BraTS-GLI-00491-001,interp,1.0,0.0,2,-4.02,96818,8919,245,,,,,97
BraTS-GLI-00491-001,interp,1.0,0.0,2,-2.0,96707,7602,356,,,,,97
BraTS-GLI-00491-001,interp,1.0,0.0,2,0.0,96514,6383,549,,,,,97
BraTS-GLI-00491-001,interp,1.0,0.0,2,2.0,96234,5267,829,,,,,97
BraTS-GLI-00491-001,global,0.5,0.0,0,-6.0,21845,2315,487,,,,,97
BraTS-GLI-00491-001,global,0.5,0.0,0,-4.02,21760,1847,572,0,0,0,0,97
BraTS-GLI-00491-001,global,0.5,0.0,0,-2.0,21611,1464,721,,,,,97
BraTS-GLI-00491-001,global,0.5,0.0,0,0.0,21435,1106,897,0,0,0,0,97
BraTS-GLI-00491-001,global,0.5,0.0,0,2.0,21157,827,1175,,,,,97
BraTS-GLI-00491-001,global,0.5,0.0,1,-6.0,33589,2066,93,,,,,97
BraTS-GLI-00491-001,global,0.5,0.0,1,-4.02,33546,1719,136,,,,,97
BraTS-GLI-00491-001,global,0.5,0.0,1,-2.0,33485,1417,197,,,,,97
BraTS-GLI-00491-001,global,0.5,0.0,1,0.0,33374,1094,308,,,,,97
BraTS-GLI-00491-001,global,0.5,0.0,1,2.0,33252,826,430,,,,,97
BraTS-GLI-00491-001,global,0.5,0.0,2,-6.0,96831,8162,232,,,,,97
BraTS-GLI-00491-001,global,0.5,0.0,2,-4.02,96724,6801,339,,,,,97
BraTS-GLI-00491-001,global,0.5,0.0,2,-2.0,96564,5489,499,,,,,97
BraTS-GLI-00491-001,global,0.5,0.0,2,0.0,96286,4373,777,,,,,97
BraTS-GLI-00491-001,global,0.5,0.0,2,2.0,95870,3394,1193,,,,,97
BraTS-GLI-00491-001,global,1.0,0.0,0,-6.0,21824,4331,508,,,,,97
BraTS-GLI-00491-001,global,1.0,0.0,0,-4.02,21728,3407,604,0,0,0,14,97
BraTS-GLI-00491-001,global,1.0,0.0,0,-2.0,21581,2692,751,,,,,97
BraTS-GLI-00491-001,global,1.0,0.0,0,0.0,21396,2080,936,0,0,0,11,97
BraTS-GLI-00491-001,global,1.0,0.0,0,2.0,21126,1558,1206,,,,,97
BraTS-GLI-00491-001,global,1.0,0.0,1,-6.0,33670,31362,12,,,,,97
BraTS-GLI-00491-001,global,1.0,0.0,1,-4.02,33664,28173,18,,,,,97
BraTS-GLI-00491-001,global,1.0,0.0,1,-2.0,33656,24997,26,,,,,97
BraTS-GLI-00491-001,global,1.0,0.0,1,0.0,33625,21699,57,,,,,97
BraTS-GLI-00491-001,global,1.0,0.0,1,2.0,33587,18048,95,,,,,97
BraTS-GLI-00491-001,global,1.0,0.0,2,-6.0,97000,23876,63,,,,,97
BraTS-GLI-00491-001,global,1.0,0.0,2,-4.02,96978,21377,85,,,,,97
BraTS-GLI-00491-001,global,1.0,0.0,2,-2.0,96912,19147,151,,,,,97
BraTS-GLI-00491-001,global,1.0,0.0,2,0.0,96812,17065,251,,,,,97
BraTS-GLI-00491-001,global,1.0,0.0,2,2.0,96633,15082,430,,,,,97
BraTS-GLI-00491-001,dilate,0.0,0.0,0,-6.0,22281,17261,51,,,,,97
BraTS-GLI-00491-001,dilate,0.0,0.0,0,-4.02,22270,16867,62,0,0,0,0,97
BraTS-GLI-00491-001,dilate,0.0,0.0,0,-2.0,22257,16513,75,,,,,97
BraTS-GLI-00491-001,dilate,0.0,0.0,0,0.0,22243,16118,89,0,0,0,0,97
BraTS-GLI-00491-001,dilate,0.0,0.0,0,2.0,22219,15779,113,,,,,97
BraTS-GLI-00491-001,dilate,0.0,0.0,1,-6.0,33446,1040,236,,,,,97
BraTS-GLI-00491-001,dilate,0.0,0.0,1,-4.02,33356,797,326,,,,,97
BraTS-GLI-00491-001,dilate,0.0,0.0,1,-2.0,33241,591,441,,,,,97
BraTS-GLI-00491-001,dilate,0.0,0.0,1,0.0,33086,420,596,,,,,97
BraTS-GLI-00491-001,dilate,0.0,0.0,1,2.0,32891,287,791,,,,,97
BraTS-GLI-00491-001,dilate,0.0,0.0,2,-6.0,96353,4836,710,,,,,97
BraTS-GLI-00491-001,dilate,0.0,0.0,2,-4.02,96074,3878,989,,,,,97
BraTS-GLI-00491-001,dilate,0.0,0.0,2,-2.0,95663,3024,1400,,,,,97
BraTS-GLI-00491-001,dilate,0.0,0.0,2,0.0,95213,2281,1850,,,,,97
BraTS-GLI-00491-001,dilate,0.0,0.0,2,2.0,94604,1666,2459,,,,,97
BraTS-GLI-00491-001,boost,2.0,0.0,0,-6.0,21851,2327,481,,,,,97
BraTS-GLI-00491-001,boost,2.0,0.0,0,-4.02,21770,1892,562,0,0,0,0,97
BraTS-GLI-00491-001,boost,2.0,0.0,0,-2.0,21638,1458,694,,,,,97
BraTS-GLI-00491-001,boost,2.0,0.0,0,0.0,21490,1128,842,0,0,0,0,97
BraTS-GLI-00491-001,boost,2.0,0.0,0,2.0,21285,836,1047,,,,,97
BraTS-GLI-00491-001,boost,2.0,0.0,1,-6.0,33446,1040,236,,,,,97
BraTS-GLI-00491-001,boost,2.0,0.0,1,-4.02,33356,797,326,,,,,97
BraTS-GLI-00491-001,boost,2.0,0.0,1,-2.0,33241,591,441,,,,,97
BraTS-GLI-00491-001,boost,2.0,0.0,1,0.0,33086,420,596,,,,,97
BraTS-GLI-00491-001,boost,2.0,0.0,1,2.0,32891,287,791,,,,,97
BraTS-GLI-00491-001,boost,2.0,0.0,2,-6.0,96353,4836,710,,,,,97
BraTS-GLI-00491-001,boost,2.0,0.0,2,-4.02,96074,3878,989,,,,,97
BraTS-GLI-00491-001,boost,2.0,0.0,2,-2.0,95663,3024,1400,,,,,97
BraTS-GLI-00491-001,boost,2.0,0.0,2,0.0,95213,2281,1850,,,,,97
BraTS-GLI-00491-001,boost,2.0,0.0,2,2.0,94604,1666,2459,,,,,97
BraTS-GLI-00491-001,boost,4.0,0.0,0,-6.0,21911,2856,421,,,,,97
BraTS-GLI-00491-001,boost,4.0,0.0,0,-4.02,21846,2319,486,0,0,0,0,97
BraTS-GLI-00491-001,boost,4.0,0.0,0,-2.0,21761,1875,571,,,,,97
BraTS-GLI-00491-001,boost,4.0,0.0,0,0.0,21625,1453,707,0,0,0,0,97
BraTS-GLI-00491-001,boost,4.0,0.0,0,2.0,21475,1123,857,,,,,97
BraTS-GLI-00491-001,boost,4.0,0.0,1,-6.0,33446,1040,236,,,,,97
BraTS-GLI-00491-001,boost,4.0,0.0,1,-4.02,33356,797,326,,,,,97
BraTS-GLI-00491-001,boost,4.0,0.0,1,-2.0,33241,591,441,,,,,97
BraTS-GLI-00491-001,boost,4.0,0.0,1,0.0,33086,420,596,,,,,97
BraTS-GLI-00491-001,boost,4.0,0.0,1,2.0,32891,287,791,,,,,97
BraTS-GLI-00491-001,boost,4.0,0.0,2,-6.0,96353,4836,710,,,,,97
BraTS-GLI-00491-001,boost,4.0,0.0,2,-4.02,96074,3878,989,,,,,97
BraTS-GLI-00491-001,boost,4.0,0.0,2,-2.0,95663,3024,1400,,,,,97
BraTS-GLI-00491-001,boost,4.0,0.0,2,0.0,95213,2281,1850,,,,,97
BraTS-GLI-00491-001,boost,4.0,0.0,2,2.0,94604,1666,2459,,,,,97
BraTS-GLI-01062-000,none,0.0,0.0,0,-6.0,25716,4147,146,,,,,142
BraTS-GLI-01062-000,none,0.0,0.0,0,-4.02,25641,3510,221,0,1,0,0,142
BraTS-GLI-01062-000,none,0.0,0.0,0,-2.0,25542,2946,320,,,,,142
BraTS-GLI-01062-000,none,0.0,0.0,0,0.0,25405,2411,457,0,1,0,0,142
BraTS-GLI-01062-000,none,0.0,0.0,0,2.0,25201,1898,661,,,,,142
BraTS-GLI-01062-000,none,0.0,0.0,1,-6.0,49331,2566,113,,,,,142
BraTS-GLI-01062-000,none,0.0,0.0,1,-4.02,49288,2228,156,,,,,142
BraTS-GLI-01062-000,none,0.0,0.0,1,-2.0,49226,1910,218,,,,,142
BraTS-GLI-01062-000,none,0.0,0.0,1,0.0,49147,1635,297,,,,,142
BraTS-GLI-01062-000,none,0.0,0.0,1,2.0,49057,1337,387,,,,,142
BraTS-GLI-01062-000,none,0.0,0.0,2,-6.0,135227,13653,1272,,,,,142
BraTS-GLI-01062-000,none,0.0,0.0,2,-4.02,135043,11824,1456,,,,,142
BraTS-GLI-01062-000,none,0.0,0.0,2,-2.0,134836,10083,1663,,,,,142
BraTS-GLI-01062-000,none,0.0,0.0,2,0.0,134578,8487,1921,,,,,142
BraTS-GLI-01062-000,none,0.0,0.0,2,2.0,134219,6831,2280,,,,,142
BraTS-GLI-01062-000,pspds,0.5,0.0,0,-6.0,25730,4244,132,,,,,142
BraTS-GLI-01062-000,pspds,0.5,0.0,0,-4.02,25660,3626,202,0,1,0,1,142
BraTS-GLI-01062-000,pspds,0.5,0.0,0,-2.0,25570,3066,292,,,,,142
BraTS-GLI-01062-000,pspds,0.5,0.0,0,0.0,25439,2535,423,0,1,0,1,142
BraTS-GLI-01062-000,pspds,0.5,0.0,0,2.0,25262,2016,600,,,,,142
BraTS-GLI-01062-000,pspds,0.5,0.0,1,-6.0,49343,2693,101,,,,,142
BraTS-GLI-01062-000,pspds,0.5,0.0,1,-4.02,49298,2339,146,,,,,142
BraTS-GLI-01062-000,pspds,0.5,0.0,1,-2.0,49249,2017,195,,,,,142
BraTS-GLI-01062-000,pspds,0.5,0.0,1,0.0,49182,1734,262,,,,,142
BraTS-GLI-01062-000,pspds,0.5,0.0,1,2.0,49091,1445,353,,,,,142
BraTS-GLI-01062-000,pspds,0.5,0.0,2,-6.0,135231,13706,1268,,,,,142
BraTS-GLI-01062-000,pspds,0.5,0.0,2,-4.02,135055,11860,1444,,,,,142
BraTS-GLI-01062-000,pspds,0.5,0.0,2,-2.0,134850,10167,1649,,,,,142
BraTS-GLI-01062-000,pspds,0.5,0.0,2,0.0,134591,8556,1908,,,,,142
BraTS-GLI-01062-000,pspds,0.5,0.0,2,2.0,134242,6955,2257,,,,,142
BraTS-GLI-01062-000,pspds,0.5,1.0,0,-6.0,25723,4199,139,,,,,142
BraTS-GLI-01062-000,pspds,0.5,1.0,0,-4.02,25652,3565,210,0,1,0,1,142
BraTS-GLI-01062-000,pspds,0.5,1.0,0,-2.0,25555,2998,307,,,,,142
BraTS-GLI-01062-000,pspds,0.5,1.0,0,0.0,25422,2465,440,0,1,0,0,142
BraTS-GLI-01062-000,pspds,0.5,1.0,0,2.0,25232,1941,630,,,,,142
BraTS-GLI-01062-000,pspds,0.5,1.0,1,-6.0,49336,2634,108,,,,,142
BraTS-GLI-01062-000,pspds,0.5,1.0,1,-4.02,49293,2284,151,,,,,142
BraTS-GLI-01062-000,pspds,0.5,1.0,1,-2.0,49238,1956,206,,,,,142
BraTS-GLI-01062-000,pspds,0.5,1.0,1,0.0,49163,1681,281,,,,,142
BraTS-GLI-01062-000,pspds,0.5,1.0,1,2.0,49071,1376,373,,,,,142
BraTS-GLI-01062-000,pspds,0.5,1.0,2,-6.0,135228,13678,1271,,,,,142
BraTS-GLI-01062-000,pspds,0.5,1.0,2,-4.02,135049,11843,1450,,,,,142
BraTS-GLI-01062-000,pspds,0.5,1.0,2,-2.0,134840,10132,1659,,,,,142
BraTS-GLI-01062-000,pspds,0.5,1.0,2,0.0,134582,8534,1917,,,,,142
BraTS-GLI-01062-000,pspds,0.5,1.0,2,2.0,134232,6893,2267,,,,,142
BraTS-GLI-01062-000,pspds,1.0,0.0,0,-6.0,25735,4343,127,,,,,142
BraTS-GLI-01062-000,pspds,1.0,0.0,0,-4.02,25668,3731,194,0,1,0,1,142
BraTS-GLI-01062-000,pspds,1.0,0.0,0,-2.0,25581,3161,281,,,,,142
BraTS-GLI-01062-000,pspds,1.0,0.0,0,0.0,25459,2622,403,0,1,0,1,142
BraTS-GLI-01062-000,pspds,1.0,0.0,0,2.0,25292,2117,570,,,,,142
BraTS-GLI-01062-000,pspds,1.0,0.0,1,-6.0,49356,2793,88,,,,,142
BraTS-GLI-01062-000,pspds,1.0,0.0,1,-4.02,49305,2459,139,,,,,142
BraTS-GLI-01062-000,pspds,1.0,0.0,1,-2.0,49267,2127,177,,,,,142
BraTS-GLI-01062-000,pspds,1.0,0.0,1,0.0,49190,1834,254,,,,,142
BraTS-GLI-01062-000,pspds,1.0,0.0,1,2.0,49111,1556,333,,,,,142
BraTS-GLI-01062-000,pspds,1.0,0.0,2,-6.0,135237,13764,1262,,,,,142
BraTS-GLI-01062-000,pspds,1.0,0.0,2,-4.02,135060,11932,1439,,,,,142
BraTS-GLI-01062-000,pspds,1.0,0.0,2,-2.0,134860,10215,1639,,,,,142
BraTS-GLI-01062-000,pspds,1.0,0.0,2,0.0,134603,8635,1896,,,,,142
BraTS-GLI-01062-000,pspds,1.0,0.0,2,2.0,134267,7050,2232,,,,,142
BraTS-GLI-01062-000,pspds,1.0,1.0,0,-6.0,25729,4237,133,,,,,142
BraTS-GLI-01062-000,pspds,1.0,1.0,0,-4.02,25658,3622,204,0,1,0,1,142
BraTS-GLI-01062-000,pspds,1.0,1.0,0,-2.0,25564,3057,298,,,,,142
BraTS-GLI-01062-000,pspds,1.0,1.0,0,0.0,25436,2532,426,0,1,0,1,142
BraTS-GLI-01062-000,pspds,1.0,1.0,0,2.0,25259,2011,603,,,,,142
BraTS-GLI-01062-000,pspds,1.0,1.0,1,-6.0,49344,2683,100,,,,,142
BraTS-GLI-01062-000,pspds,1.0,1.0,1,-4.02,49297,2336,147,,,,,142
BraTS-GLI-01062-000,pspds,1.0,1.0,1,-2.0,49249,2010,195,,,,,142
BraTS-GLI-01062-000,pspds,1.0,1.0,1,0.0,49177,1727,267,,,,,142
BraTS-GLI-01062-000,pspds,1.0,1.0,1,2.0,49088,1439,356,,,,,142
BraTS-GLI-01062-000,pspds,1.0,1.0,2,-6.0,135230,13703,1269,,,,,142
BraTS-GLI-01062-000,pspds,1.0,1.0,2,-4.02,135054,11855,1445,,,,,142
BraTS-GLI-01062-000,pspds,1.0,1.0,2,-2.0,134846,10163,1653,,,,,142
BraTS-GLI-01062-000,pspds,1.0,1.0,2,0.0,134586,8549,1913,,,,,142
BraTS-GLI-01062-000,pspds,1.0,1.0,2,2.0,134236,6942,2263,,,,,142
BraTS-GLI-01062-000,interp,0.5,0.0,0,-6.0,25774,4646,88,,,,,142
BraTS-GLI-01062-000,interp,0.5,0.0,0,-4.02,25718,3983,144,0,1,0,1,142
BraTS-GLI-01062-000,interp,0.5,0.0,0,-2.0,25633,3374,229,,,,,142
BraTS-GLI-01062-000,interp,0.5,0.0,0,0.0,25522,2807,340,0,1,0,1,142
BraTS-GLI-01062-000,interp,0.5,0.0,0,2.0,25350,2256,512,,,,,142
BraTS-GLI-01062-000,interp,0.5,0.0,1,-6.0,49377,2968,67,,,,,142
BraTS-GLI-01062-000,interp,0.5,0.0,1,-4.02,49237,2587,207,,,,,142
BraTS-GLI-01062-000,interp,0.5,0.0,1,-2.0,49046,2238,398,,,,,142
BraTS-GLI-01062-000,interp,0.5,0.0,1,0.0,48829,1920,615,,,,,142
BraTS-GLI-01062-000,interp,0.5,0.0,1,2.0,48562,1605,882,,,,,142
BraTS-GLI-01062-000,interp,0.5,0.0,2,-6.0,135360,15438,1139,,,,,142
BraTS-GLI-01062-000,interp,0.5,0.0,2,-4.02,135201,13443,1298,,,,,142
BraTS-GLI-01062-000,interp,0.5,0.0,2,-2.0,135044,11593,1455,,,,,142
BraTS-GLI-01062-000,interp,0.5,0.0,2,0.0,134803,9896,1696,,,,,142
BraTS-GLI-01062-000,interp,0.5,0.0,2,2.0,134510,8203,1989,,,,,142
BraTS-GLI-01062-000,interp,1.0,0.0,0,-6.0,25800,5383,62,,,,,142
BraTS-GLI-01062-000,interp,1.0,0.0,0,-4.02,25762,4687,100,0,1,0,1,142
BraTS-GLI-01062-000,interp,1.0,0.0,0,-2.0,25704,3997,158,,,,,142
BraTS-GLI-01062-000,interp,1.0,0.0,0,0.0,25618,3402,244,0,1,0,1,142
BraTS-GLI-01062-000,interp,1.0,0.0,0,2.0,25503,2829,359,,,,,142
BraTS-GLI-01062-000,interp,1.0,0.0,1,-6.0,47327,3501,2117,,,,,142
BraTS-GLI-01062-000,interp,1.0,0.0,1,-4.02,46656,3105,2788,,,,,142
BraTS-GLI-01062-000,interp,1.0,0.0,1,-2.0,45931,2698,3513,,,,,142
BraTS-GLI-01062-000,interp,1.0,0.0,1,0.0,45156,2346,4288,,,,,142
BraTS-GLI-01062-000,interp,1.0,0.0,1,2.0,44335,2004,5109,,,,,142
BraTS-GLI-01062-000,interp,1.0,0.0,2,-6.0,135419,17504,1080,,,,,142
BraTS-GLI-01062-000,interp,1.0,0.0,2,-4.02,135263,15368,1236,,,,,142
BraTS-GLI-01062-000,interp,1.0,0.0,2,-2.0,135128,13374,1371,,,,,142
BraTS-GLI-01062-000,interp,1.0,0.0,2,0.0,134937,11561,1562,,,,,142
BraTS-GLI-01062-000,interp,1.0,0.0,2,2.0,134669,9675,1830,,,,,142
BraTS-GLI-01062-000,global,0.5,0.0,0,-6.0,25804,5639,58,,,,,142
BraTS-GLI-01062-000,global,0.5,0.0,0,-4.02,25761,4912,101,0,1,0,2,142
BraTS-GLI-01062-000,global,0.5,0.0,0,-2.0,25697,4227,165,,,,,142
BraTS-GLI-01062-000,global,0.5,0.0,0,0.0,25592,3570,270,0,1,0,1,142
BraTS-GLI-01062-000,global,0.5,0.0,0,2.0,25441,2956,421,,,,,142
BraTS-GLI-01062-000,global,0.5,0.0,1,-6.0,49424,4339,20,,,,,142
BraTS-GLI-01062-000,global,0.5,0.0,1,-4.02,49414,3843,30,,,,,142
BraTS-GLI-01062-000,global,0.5,0.0,1,-2.0,49391,3370,53,,,,,142
BraTS-GLI-01062-000,global,0.5,0.0,1,0.0,49362,2972,82,,,,,142
BraTS-GLI-01062-000,global,0.5,0.0,1,2.0,49315,2525,129,,,,,142
BraTS-GLI-01062-000,global,0.5,0.0,2,-6.0,135457,19970,1042,,,,,142
BraTS-GLI-01062-000,global,0.5,0.0,2,-4.02,135298,17597,1201,,,,,142
BraTS-GLI-01062-000,global,0.5,0.0,2,-2.0,135166,15286,1333,,,,,142
BraTS-GLI-01062-000,global,0.5,0.0,2,0.0,134989,13283,1510,,,,,142
BraTS-GLI-01062-000,global,0.5,0.0,2,2.0,134744,11255,1755,,,,,142
BraTS-GLI-01062-000,global,1.0,0.0,0,-6.0,25823,9803,39,,,,,142
BraTS-GLI-01062-000,global,1.0,0.0,0,-4.02,25777,8322,85,2,1,1,23,142
BraTS-GLI-01062-000,global,1.0,0.0,0,-2.0,25716,6958,146,,,,,142
BraTS-GLI-01062-000,global,1.0,0.0,0,0.0,25625,5822,237,0,1,0,14,142
BraTS-GLI-01062-000,global,1.0,0.0,0,2.0,25468,4827,394,,,,,142
BraTS-GLI-01062-000,global,1.0,0.0,1,-6.0,49441,63206,3,,,,,142
BraTS-GLI-01062-000,global,1.0,0.0,1,-4.02,49440,57167,4,,,,,142
BraTS-GLI-01062-000,global,1.0,0.0,1,-2.0,49429,50830,15,,,,,142
BraTS-GLI-01062-000,global,1.0,0.0,1,0.0,49373,44305,71,,,,,142
BraTS-GLI-01062-000,global,1.0,0.0,1,2.0,49244,37105,200,,,,,142
BraTS-GLI-01062-000,global,1.0,0.0,2,-6.0,135633,43546,866,,,,,142
BraTS-GLI-01062-000,global,1.0,0.0,2,-4.02,135535,40357,964,,,,,142
BraTS-GLI-01062-000,global,1.0,0.0,2,-2.0,135406,37352,1093,,,,,142
BraTS-GLI-01062-000,global,1.0,0.0,2,0.0,135273,34538,1226,,,,,142
BraTS-GLI-01062-000,global,1.0,0.0,2,2.0,135116,31495,1383,,,,,142
BraTS-GLI-01062-000,dilate,0.0,0.0,0,-6.0,25846,23125,16,,,,,142
BraTS-GLI-01062-000,dilate,0.0,0.0,0,-4.02,25837,22512,25,0,1,0,1,142
BraTS-GLI-01062-000,dilate,0.0,0.0,0,-2.0,25830,21846,32,,,,,142
BraTS-GLI-01062-000,dilate,0.0,0.0,0,0.0,25815,21305,47,0,1,0,0,142
BraTS-GLI-01062-000,dilate,0.0,0.0,0,2.0,25800,20652,62,,,,,142
BraTS-GLI-01062-000,dilate,0.0,0.0,1,-6.0,49331,2566,113,,,,,142
BraTS-GLI-01062-000,dilate,0.0,0.0,1,-4.02,49288,2228,156,,,,,142
BraTS-GLI-01062-000,dilate,0.0,0.0,1,-2.0,49226,1910,218,,,,,142
BraTS-GLI-01062-000,dilate,0.0,0.0,1,0.0,49147,1635,297,,,,,142
BraTS-GLI-01062-000,dilate,0.0,0.0,1,2.0,49057,1337,387,,,,,142
BraTS-GLI-01062-000,dilate,0.0,0.0,2,-6.0,135227,13653,1272,,,,,142
BraTS-GLI-01062-000,dilate,0.0,0.0,2,-4.02,135043,11824,1456,,,,,142
BraTS-GLI-01062-000,dilate,0.0,0.0,2,-2.0,134836,10083,1663,,,,,142
BraTS-GLI-01062-000,dilate,0.0,0.0,2,0.0,134578,8487,1921,,,,,142
BraTS-GLI-01062-000,dilate,0.0,0.0,2,2.0,134219,6831,2280,,,,,142
BraTS-GLI-01062-000,boost,2.0,0.0,0,-6.0,25773,4793,89,,,,,142
BraTS-GLI-01062-000,boost,2.0,0.0,0,-4.02,25715,4097,147,0,1,0,1,142
BraTS-GLI-01062-000,boost,2.0,0.0,0,-2.0,25633,3463,229,,,,,142
BraTS-GLI-01062-000,boost,2.0,0.0,0,0.0,25533,2883,329,0,1,0,0,142
BraTS-GLI-01062-000,boost,2.0,0.0,0,2.0,25392,2355,470,,,,,142
BraTS-GLI-01062-000,boost,2.0,0.0,1,-6.0,49331,2566,113,,,,,142
BraTS-GLI-01062-000,boost,2.0,0.0,1,-4.02,49288,2228,156,,,,,142
BraTS-GLI-01062-000,boost,2.0,0.0,1,-2.0,49226,1910,218,,,,,142
BraTS-GLI-01062-000,boost,2.0,0.0,1,0.0,49147,1635,297,,,,,142
BraTS-GLI-01062-000,boost,2.0,0.0,1,2.0,49057,1337,387,,,,,142
BraTS-GLI-01062-000,boost,2.0,0.0,2,-6.0,135227,13653,1272,,,,,142
BraTS-GLI-01062-000,boost,2.0,0.0,2,-4.02,135043,11824,1456,,,,,142
BraTS-GLI-01062-000,boost,2.0,0.0,2,-2.0,134836,10083,1663,,,,,142
BraTS-GLI-01062-000,boost,2.0,0.0,2,0.0,134578,8487,1921,,,,,142
BraTS-GLI-01062-000,boost,2.0,0.0,2,2.0,134219,6831,2280,,,,,142
BraTS-GLI-01062-000,boost,4.0,0.0,0,-6.0,25803,5452,59,,,,,142
BraTS-GLI-01062-000,boost,4.0,0.0,0,-4.02,25771,4747,91,0,1,0,1,142
BraTS-GLI-01062-000,boost,4.0,0.0,0,-2.0,25708,4046,154,,,,,142
BraTS-GLI-01062-000,boost,4.0,0.0,0,0.0,25624,3400,238,0,1,0,0,142
BraTS-GLI-01062-000,boost,4.0,0.0,0,2.0,25520,2827,342,,,,,142
BraTS-GLI-01062-000,boost,4.0,0.0,1,-6.0,49331,2566,113,,,,,142
BraTS-GLI-01062-000,boost,4.0,0.0,1,-4.02,49288,2228,156,,,,,142
BraTS-GLI-01062-000,boost,4.0,0.0,1,-2.0,49226,1910,218,,,,,142
BraTS-GLI-01062-000,boost,4.0,0.0,1,0.0,49147,1635,297,,,,,142
BraTS-GLI-01062-000,boost,4.0,0.0,1,2.0,49057,1337,387,,,,,142
BraTS-GLI-01062-000,boost,4.0,0.0,2,-6.0,135227,13653,1272,,,,,142
BraTS-GLI-01062-000,boost,4.0,0.0,2,-4.02,135043,11824,1456,,,,,142
BraTS-GLI-01062-000,boost,4.0,0.0,2,-2.0,134836,10083,1663,,,,,142
BraTS-GLI-01062-000,boost,4.0,0.0,2,0.0,134578,8487,1921,,,,,142
BraTS-GLI-01062-000,boost,4.0,0.0,2,2.0,134219,6831,2280,,,,,142
BraTS-GLI-01090-000,none,0.0,0.0,0,-6.0,16499,1853,660,,,,,137
BraTS-GLI-01090-000,none,0.0,0.0,0,-4.02,16364,1554,795,0,3,0,0,137
BraTS-GLI-01090-000,none,0.0,0.0,0,-2.0,16237,1262,922,,,,,137
BraTS-GLI-01090-000,none,0.0,0.0,0,0.0,16052,994,1107,0,3,0,0,137
BraTS-GLI-01090-000,none,0.0,0.0,0,2.0,15834,753,1325,,,,,137
BraTS-GLI-01090-000,none,0.0,0.0,1,-6.0,18532,1508,611,,,,,137
BraTS-GLI-01090-000,none,0.0,0.0,1,-4.02,18413,1255,730,,,,,137
BraTS-GLI-01090-000,none,0.0,0.0,1,-2.0,18255,996,888,,,,,137
BraTS-GLI-01090-000,none,0.0,0.0,1,0.0,18058,777,1085,,,,,137
BraTS-GLI-01090-000,none,0.0,0.0,1,2.0,17791,587,1352,,,,,137
BraTS-GLI-01090-000,none,0.0,0.0,2,-6.0,49381,11790,915,,,,,137
BraTS-GLI-01090-000,none,0.0,0.0,2,-4.02,48984,9683,1312,,,,,137
BraTS-GLI-01090-000,none,0.0,0.0,2,-2.0,48516,7861,1780,,,,,137
BraTS-GLI-01090-000,none,0.0,0.0,2,0.0,47978,6262,2318,,,,,137
BraTS-GLI-01090-000,none,0.0,0.0,2,2.0,47311,4866,2985,,,,,137
BraTS-GLI-01090-000,pspds,0.5,0.0,0,-6.0,16557,1922,602,,,,,137
BraTS-GLI-01090-000,pspds,0.5,0.0,0,-4.02,16439,1628,720,0,3,0,0,137
BraTS-GLI-01090-000,pspds,0.5,0.0,0,-2.0,16317,1338,842,,,,,137
BraTS-GLI-01090-000,pspds,0.5,0.0,0,0.0,16156,1059,1003,0,3,0,0,137
BraTS-GLI-01090-000,pspds,0.5,0.0,0,2.0,15941,819,1218,,,,,137
BraTS-GLI-01090-000,pspds,0.5,0.0,1,-6.0,18593,1578,550,,,,,137
BraTS-GLI-01090-000,pspds,0.5,0.0,1,-4.02,18468,1324,675,,,,,137
BraTS-GLI-01090-000,pspds,0.5,0.0,1,-2.0,18325,1054,818,,,,,137
BraTS-GLI-01090-000,pspds,0.5,0.0,1,0.0,18149,859,994,,,,,137
BraTS-GLI-01090-000,pspds,0.5,0.0,1,2.0,17905,653,1238,,,,,137
BraTS-GLI-01090-000,pspds,0.5,0.0,2,-6.0,49513,12050,783,,,,,137
BraTS-GLI-01090-000,pspds,0.5,0.0,2,-4.02,49113,9894,1183,,,,,137
BraTS-GLI-01090-000,pspds,0.5,0.0,2,-2.0,48632,8048,1664,,,,,137
BraTS-GLI-01090-000,pspds,0.5,0.0,2,0.0,48115,6462,2181,,,,,137
BraTS-GLI-01090-000,pspds,0.5,0.0,2,2.0,47484,5035,2812,,,,,137
BraTS-GLI-01090-000,pspds,0.5,1.0,0,-6.0,16529,1886,630,,,,,137
BraTS-GLI-01090-000,pspds,0.5,1.0,0,-4.02,16404,1600,755,0,3,0,0,137
BraTS-GLI-01090-000,pspds,0.5,1.0,0,-2.0,16277,1295,882,,,,,137
BraTS-GLI-01090-000,pspds,0.5,1.0,0,0.0,16102,1030,1057,0,3,0,0,137
BraTS-GLI-01090-000,pspds,0.5,1.0,0,2.0,15882,782,1277,,,,,137
BraTS-GLI-01090-000,pspds,0.5,1.0,1,-6.0,18560,1538,583,,,,,137
BraTS-GLI-01090-000,pspds,0.5,1.0,1,-4.02,18438,1295,705,,,,,137
BraTS-GLI-01090-000,pspds,0.5,1.0,1,-2.0,18291,1026,852,,,,,137
BraTS-GLI-01090-000,pspds,0.5,1.0,1,0.0,18109,815,1034,,,,,137
BraTS-GLI-01090-000,pspds,0.5,1.0,1,2.0,17853,614,1290,,,,,137
BraTS-GLI-01090-000,pspds,0.5,1.0,2,-6.0,49441,11924,855,,,,,137
BraTS-GLI-01090-000,pspds,0.5,1.0,2,-4.02,49043,9791,1253,,,,,137
BraTS-GLI-01090-000,pspds,0.5,1.0,2,-2.0,48577,7956,1719,,,,,137
BraTS-GLI-01090-000,pspds,0.5,1.0,2,0.0,48048,6358,2248,,,,,137
BraTS-GLI-01090-000,pspds,0.5,1.0,2,2.0,47398,4944,2898,,,,,137
BraTS-GLI-01090-000,pspds,1.0,0.0,0,-6.0,16598,1981,561,,,,,137
BraTS-GLI-01090-000,pspds,1.0,0.0,0,-4.02,16497,1686,662,0,3,0,0,137
BraTS-GLI-01090-000,pspds,1.0,0.0,0,-2.0,16363,1396,796,,,,,137
BraTS-GLI-01090-000,pspds,1.0,0.0,0,0.0,16227,1102,932,0,3,0,0,137
BraTS-GLI-01090-000,pspds,1.0,0.0,0,2.0,16033,860,1126,,,,,137
BraTS-GLI-01090-000,pspds,1.0,0.0,1,-6.0,18630,1621,513,,,,,137
BraTS-GLI-01090-000,pspds,1.0,0.0,1,-4.02,18516,1365,627,,,,,137
BraTS-GLI-01090-000,pspds,1.0,0.0,1,-2.0,18384,1106,759,,,,,137
BraTS-GLI-01090-000,pspds,1.0,0.0,1,0.0,18226,895,917,,,,,137
BraTS-GLI-01090-000,pspds,1.0,0.0,1,2.0,17992,706,1151,,,,,137
BraTS-GLI-01090-000,pspds,1.0,0.0,2,-6.0,49575,12259,721,,,,,137
BraTS-GLI-01090-000,pspds,1.0,0.0,2,-4.02,49212,10102,1084,,,,,137
BraTS-GLI-01090-000,pspds,1.0,0.0,2,-2.0,48736,8200,1560,,,,,137
BraTS-GLI-01090-000,pspds,1.0,0.0,2,0.0,48234,6611,2062,,,,,137
BraTS-GLI-01090-000,pspds,1.0,0.0,2,2.0,47599,5174,2697,,,,,137
BraTS-GLI-01090-000,pspds,1.0,1.0,0,-6.0,16552,1918,607,,,,,137
BraTS-GLI-01090-000,pspds,1.0,1.0,0,-4.02,16437,1627,722,0,3,0,0,137
BraTS-GLI-01090-000,pspds,1.0,1.0,0,-2.0,16307,1330,852,,,,,137
BraTS-GLI-01090-000,pspds,1.0,1.0,0,0.0,16147,1060,1012,0,3,0,0,137
BraTS-GLI-01090-000,pspds,1.0,1.0,0,2.0,15932,815,1227,,,,,137
BraTS-GLI-01090-000,pspds,1.0,1.0,1,-6.0,18588,1571,555,,,,,137
BraTS-GLI-01090-000,pspds,1.0,1.0,1,-4.02,18465,1321,678,,,,,137
BraTS-GLI-01090-000,pspds,1.0,1.0,1,-2.0,18319,1050,824,,,,,137
BraTS-GLI-01090-000,pspds,1.0,1.0,1,0.0,18145,856,998,,,,,137
BraTS-GLI-01090-000,pspds,1.0,1.0,1,2.0,17900,647,1243,,,,,137
BraTS-GLI-01090-000,pspds,1.0,1.0,2,-6.0,49495,12043,801,,,,,137
BraTS-GLI-01090-000,pspds,1.0,1.0,2,-4.02,49093,9886,1203,,,,,137
BraTS-GLI-01090-000,pspds,1.0,1.0,2,-2.0,48614,8034,1682,,,,,137
BraTS-GLI-01090-000,pspds,1.0,1.0,2,0.0,48103,6447,2193,,,,,137
BraTS-GLI-01090-000,pspds,1.0,1.0,2,2.0,47466,5023,2830,,,,,137
BraTS-GLI-01090-000,interp,0.5,0.0,0,-6.0,16702,2450,457,,,,,137
BraTS-GLI-01090-000,interp,0.5,0.0,0,-4.02,16630,2101,529,0,3,0,0,137
BraTS-GLI-01090-000,interp,0.5,0.0,0,-2.0,16538,1778,621,,,,,137
BraTS-GLI-01090-000,interp,0.5,0.0,0,0.0,16421,1443,738,0,3,0,0,137
BraTS-GLI-01090-000,interp,0.5,0.0,0,2.0,16261,1137,898,,,,,137
BraTS-GLI-01090-000,interp,0.5,0.0,1,-6.0,18733,2113,410,,,,,137
BraTS-GLI-01090-000,interp,0.5,0.0,1,-4.02,18635,1784,508,,,,,137
BraTS-GLI-01090-000,interp,0.5,0.0,1,-2.0,18536,1481,607,,,,,137
BraTS-GLI-01090-000,interp,0.5,0.0,1,0.0,18406,1217,737,,,,,137
BraTS-GLI-01090-000,interp,0.5,0.0,1,2.0,18225,964,918,,,,,137
BraTS-GLI-01090-000,interp,0.5,0.0,2,-6.0,49882,14622,414,,,,,137
BraTS-GLI-01090-000,interp,0.5,0.0,2,-4.02,49664,12248,632,,,,,137
BraTS-GLI-01090-000,interp,0.5,0.0,2,-2.0,49295,10120,1001,,,,,137
BraTS-GLI-01090-000,interp,0.5,0.0,2,0.0,48854,8232,1442,,,,,137
BraTS-GLI-01090-000,interp,0.5,0.0,2,2.0,48299,6511,1997,,,,,137
BraTS-GLI-01090-000,interp,1.0,0.0,0,-6.0,16792,3069,367,,,,,137
BraTS-GLI-01090-000,interp,1.0,0.0,0,-4.02,16731,2668,428,0,3,0,0,137
BraTS-GLI-01090-000,interp,1.0,0.0,0,-2.0,16651,2298,508,,,,,137
BraTS-GLI-01090-000,interp,1.0,0.0,0,0.0,16567,1950,592,0,3,0,0,137
BraTS-GLI-01090-000,interp,1.0,0.0,0,2.0,16441,1594,718,,,,,137
BraTS-GLI-01090-000,interp,1.0,0.0,1,-6.0,18805,2733,338,,,,,137
BraTS-GLI-01090-000,interp,1.0,0.0,1,-4.02,18734,2344,409,,,,,137
BraTS-GLI-01090-000,interp,1.0,0.0,1,-2.0,18643,2021,500,,,,,137
BraTS-GLI-01090-000,interp,1.0,0.0,1,0.0,18540,1707,603,,,,,137
BraTS-GLI-01090-000,interp,1.0,0.0,1,2.0,18393,1430,750,,,,,137
BraTS-GLI-01090-000,interp,1.0,0.0,2,-6.0,50014,16779,282,,,,,137
BraTS-GLI-01090-000,interp,1.0,0.0,2,-4.02,49831,14343,465,,,,,137
BraTS-GLI-01090-000,interp,1.0,0.0,2,-2.0,49557,12084,739,,,,,137
BraTS-GLI-01090-000,interp,1.0,0.0,2,0.0,49204,10099,1092,,,,,137
BraTS-GLI-01090-000,interp,1.0,0.0,2,2.0,48725,8185,1571,,,,,137
BraTS-GLI-01090-000,global,0.5,0.0,0,-6.0,16960,5499,199,,,,,137
BraTS-GLI-01090-000,global,0.5,0.0,0,-4.02,16956,5055,203,0,3,0,0,137
BraTS-GLI-01090-000,global,0.5,0.0,0,-2.0,16948,4613,211,,,,,137
BraTS-GLI-01090-000,global,0.5,0.0,0,0.0,16930,4133,229,0,3,0,0,137
BraTS-GLI-01090-000,global,0.5,0.0,0,2.0,16889,3646,270,,,,,137
BraTS-GLI-01090-000,global,0.5,0.0,1,-6.0,18947,5364,196,,,,,137
BraTS-GLI-01090-000,global,0.5,0.0,1,-4.02,18943,4880,200,,,,,137
BraTS-GLI-01090-000,global,0.5,0.0,1,-2.0,18932,4430,211,,,,,137
BraTS-GLI-01090-000,global,0.5,0.0,1,0.0,18914,4004,229,,,,,137
BraTS-GLI-01090-000,global,0.5,0.0,1,2.0,18880,3548,263,,,,,137
BraTS-GLI-01090-000,global,0.5,0.0,2,-6.0,50022,21867,274,,,,,137
BraTS-GLI-01090-000,global,0.5,0.0,2,-4.02,49878,19224,418,,,,,137
BraTS-GLI-01090-000,global,0.5,0.0,2,-2.0,49639,16746,657,,,,,137
BraTS-GLI-01090-000,global,0.5,0.0,2,0.0,49318,14481,978,,,,,137
BraTS-GLI-01090-000,global,0.5,0.0,2,2.0,48952,12243,1344,,,,,137
BraTS-GLI-01090-000,global,1.0,0.0,0,-6.0,17023,9662,136,,,,,137
BraTS-GLI-01090-000,global,1.0,0.0,0,-4.02,16991,8647,168,28,3,2,6,137
BraTS-GLI-01090-000,global,1.0,0.0,0,-2.0,16978,7684,181,,,,,137
BraTS-GLI-01090-000,global,1.0,0.0,0,0.0,16967,6801,192,11,3,1,6,137
BraTS-GLI-01090-000,global,1.0,0.0,0,2.0,16951,5935,208,,,,,137
BraTS-GLI-01090-000,global,1.0,0.0,1,-6.0,19067,23276,76,,,,,137
BraTS-GLI-01090-000,global,1.0,0.0,1,-4.02,19052,20608,91,,,,,137
BraTS-GLI-01090-000,global,1.0,0.0,1,-2.0,19041,18009,102,,,,,137
BraTS-GLI-01090-000,global,1.0,0.0,1,0.0,19027,15227,116,,,,,137
BraTS-GLI-01090-000,global,1.0,0.0,1,2.0,18999,12061,144,,,,,137
BraTS-GLI-01090-000,global,1.0,0.0,2,-6.0,50140,40035,156,,,,,137
BraTS-GLI-01090-000,global,1.0,0.0,2,-4.02,50048,36413,248,,,,,137
BraTS-GLI-01090-000,global,1.0,0.0,2,-2.0,49924,33068,372,,,,,137
BraTS-GLI-01090-000,global,1.0,0.0,2,0.0,49738,29780,558,,,,,137
BraTS-GLI-01090-000,global,1.0,0.0,2,2.0,49510,26593,786,,,,,137
BraTS-GLI-01090-000,dilate,0.0,0.0,0,-6.0,16931,8917,228,,,,,137
BraTS-GLI-01090-000,dilate,0.0,0.0,0,-4.02,16917,8494,242,0,3,0,0,137
BraTS-GLI-01090-000,dilate,0.0,0.0,0,-2.0,16903,8146,256,,,,,137
BraTS-GLI-01090-000,dilate,0.0,0.0,0,0.0,16879,7816,280,0,3,0,0,137
BraTS-GLI-01090-000,dilate,0.0,0.0,0,2.0,16848,7462,311,,,,,137
BraTS-GLI-01090-000,dilate,0.0,0.0,1,-6.0,18532,1508,611,,,,,137
BraTS-GLI-01090-000,dilate,0.0,0.0,1,-4.02,18413,1255,730,,,,,137
BraTS-GLI-01090-000,dilate,0.0,0.0,1,-2.0,18255,996,888,,,,,137
BraTS-GLI-01090-000,dilate,0.0,0.0,1,0.0,18058,777,1085,,,,,137
BraTS-GLI-01090-000,dilate,0.0,0.0,1,2.0,17791,587,1352,,,,,137
BraTS-GLI-01090-000,dilate,0.0,0.0,2,-6.0,49381,11790,915,,,,,137
BraTS-GLI-01090-000,dilate,0.0,0.0,2,-4.02,48984,9683,1312,,,,,137
BraTS-GLI-01090-000,dilate,0.0,0.0,2,-2.0,48516,7861,1780,,,,,137
BraTS-GLI-01090-000,dilate,0.0,0.0,2,0.0,47978,6262,2318,,,,,137
BraTS-GLI-01090-000,dilate,0.0,0.0,2,2.0,47311,4866,2985,,,,,137
BraTS-GLI-01090-000,boost,2.0,0.0,0,-6.0,16593,2160,566,,,,,137
BraTS-GLI-01090-000,boost,2.0,0.0,0,-4.02,16499,1851,660,0,3,0,0,137
BraTS-GLI-01090-000,boost,2.0,0.0,0,-2.0,16362,1548,797,,,,,137
BraTS-GLI-01090-000,boost,2.0,0.0,0,0.0,16230,1262,929,0,3,0,0,137
BraTS-GLI-01090-000,boost,2.0,0.0,0,2.0,16048,993,1111,,,,,137
BraTS-GLI-01090-000,boost,2.0,0.0,1,-6.0,18532,1508,611,,,,,137
BraTS-GLI-01090-000,boost,2.0,0.0,1,-4.02,18413,1255,730,,,,,137
BraTS-GLI-01090-000,boost,2.0,0.0,1,-2.0,18255,996,888,,,,,137
BraTS-GLI-01090-000,boost,2.0,0.0,1,0.0,18058,777,1085,,,,,137
BraTS-GLI-01090-000,boost,2.0,0.0,1,2.0,17791,587,1352,,,,,137
BraTS-GLI-01090-000,boost,2.0,0.0,2,-6.0,49381,11790,915,,,,,137
BraTS-GLI-01090-000,boost,2.0,0.0,2,-4.02,48984,9683,1312,,,,,137
BraTS-GLI-01090-000,boost,2.0,0.0,2,-2.0,48516,7861,1780,,,,,137
BraTS-GLI-01090-000,boost,2.0,0.0,2,0.0,47978,6262,2318,,,,,137
BraTS-GLI-01090-000,boost,2.0,0.0,2,2.0,47311,4866,2985,,,,,137
BraTS-GLI-01090-000,boost,4.0,0.0,0,-6.0,16678,2506,481,,,,,137
BraTS-GLI-01090-000,boost,4.0,0.0,0,-4.02,16593,2158,566,0,3,0,0,137
BraTS-GLI-01090-000,boost,4.0,0.0,0,-2.0,16496,1845,663,,,,,137
BraTS-GLI-01090-000,boost,4.0,0.0,0,0.0,16355,1548,804,0,3,0,0,137
BraTS-GLI-01090-000,boost,4.0,0.0,0,2.0,16226,1261,933,,,,,137
BraTS-GLI-01090-000,boost,4.0,0.0,1,-6.0,18532,1508,611,,,,,137
BraTS-GLI-01090-000,boost,4.0,0.0,1,-4.02,18413,1255,730,,,,,137
BraTS-GLI-01090-000,boost,4.0,0.0,1,-2.0,18255,996,888,,,,,137
BraTS-GLI-01090-000,boost,4.0,0.0,1,0.0,18058,777,1085,,,,,137
BraTS-GLI-01090-000,boost,4.0,0.0,1,2.0,17791,587,1352,,,,,137
BraTS-GLI-01090-000,boost,4.0,0.0,2,-6.0,49381,11790,915,,,,,137
BraTS-GLI-01090-000,boost,4.0,0.0,2,-4.02,48984,9683,1312,,,,,137
BraTS-GLI-01090-000,boost,4.0,0.0,2,-2.0,48516,7861,1780,,,,,137
BraTS-GLI-01090-000,boost,4.0,0.0,2,0.0,47978,6262,2318,,,,,137
BraTS-GLI-01090-000,boost,4.0,0.0,2,2.0,47311,4866,2985,,,,,137
BraTS-GLI-01176-000,none,0.0,0.0,0,-6.0,0,0,123,,,,,0
BraTS-GLI-01176-000,none,0.0,0.0,0,-4.02,0,0,123,0,5,0,0,0
BraTS-GLI-01176-000,none,0.0,0.0,0,-2.0,0,0,123,,,,,0
BraTS-GLI-01176-000,none,0.0,0.0,0,0.0,0,0,123,0,5,0,0,0
BraTS-GLI-01176-000,none,0.0,0.0,0,2.0,0,0,123,,,,,0
BraTS-GLI-01176-000,none,0.0,0.0,1,-6.0,0,0,45546,,,,,0
BraTS-GLI-01176-000,none,0.0,0.0,1,-4.02,0,0,45546,,,,,0
BraTS-GLI-01176-000,none,0.0,0.0,1,-2.0,0,0,45546,,,,,0
BraTS-GLI-01176-000,none,0.0,0.0,1,0.0,0,0,45546,,,,,0
BraTS-GLI-01176-000,none,0.0,0.0,1,2.0,0,0,45546,,,,,0
BraTS-GLI-01176-000,none,0.0,0.0,2,-6.0,72773,1449,1683,,,,,0
BraTS-GLI-01176-000,none,0.0,0.0,2,-4.02,71927,821,2529,,,,,0
BraTS-GLI-01176-000,none,0.0,0.0,2,-2.0,70780,382,3676,,,,,0
BraTS-GLI-01176-000,none,0.0,0.0,2,0.0,69150,156,5306,,,,,0
BraTS-GLI-01176-000,none,0.0,0.0,2,2.0,66762,58,7694,,,,,0
BraTS-GLI-01176-000,pspds,0.5,0.0,0,-6.0,0,0,123,,,,,0
BraTS-GLI-01176-000,pspds,0.5,0.0,0,-4.02,0,0,123,0,5,0,0,0
BraTS-GLI-01176-000,pspds,0.5,0.0,0,-2.0,0,0,123,,,,,0
BraTS-GLI-01176-000,pspds,0.5,0.0,0,0.0,0,0,123,0,5,0,0,0
BraTS-GLI-01176-000,pspds,0.5,0.0,0,2.0,0,0,123,,,,,0
BraTS-GLI-01176-000,pspds,0.5,0.0,1,-6.0,0,0,45546,,,,,0
BraTS-GLI-01176-000,pspds,0.5,0.0,1,-4.02,0,0,45546,,,,,0
BraTS-GLI-01176-000,pspds,0.5,0.0,1,-2.0,0,0,45546,,,,,0
BraTS-GLI-01176-000,pspds,0.5,0.0,1,0.0,0,0,45546,,,,,0
BraTS-GLI-01176-000,pspds,0.5,0.0,1,2.0,0,0,45546,,,,,0
BraTS-GLI-01176-000,pspds,0.5,0.0,2,-6.0,72773,1449,1683,,,,,0
BraTS-GLI-01176-000,pspds,0.5,0.0,2,-4.02,71927,821,2529,,,,,0
BraTS-GLI-01176-000,pspds,0.5,0.0,2,-2.0,70780,382,3676,,,,,0
BraTS-GLI-01176-000,pspds,0.5,0.0,2,0.0,69150,156,5306,,,,,0
BraTS-GLI-01176-000,pspds,0.5,0.0,2,2.0,66762,58,7694,,,,,0
BraTS-GLI-01176-000,pspds,0.5,1.0,0,-6.0,0,0,123,,,,,0
BraTS-GLI-01176-000,pspds,0.5,1.0,0,-4.02,0,0,123,0,5,0,0,0
BraTS-GLI-01176-000,pspds,0.5,1.0,0,-2.0,0,0,123,,,,,0
BraTS-GLI-01176-000,pspds,0.5,1.0,0,0.0,0,0,123,0,5,0,0,0
BraTS-GLI-01176-000,pspds,0.5,1.0,0,2.0,0,0,123,,,,,0
BraTS-GLI-01176-000,pspds,0.5,1.0,1,-6.0,0,0,45546,,,,,0
BraTS-GLI-01176-000,pspds,0.5,1.0,1,-4.02,0,0,45546,,,,,0
BraTS-GLI-01176-000,pspds,0.5,1.0,1,-2.0,0,0,45546,,,,,0
BraTS-GLI-01176-000,pspds,0.5,1.0,1,0.0,0,0,45546,,,,,0
BraTS-GLI-01176-000,pspds,0.5,1.0,1,2.0,0,0,45546,,,,,0
BraTS-GLI-01176-000,pspds,0.5,1.0,2,-6.0,72773,1449,1683,,,,,0
BraTS-GLI-01176-000,pspds,0.5,1.0,2,-4.02,71927,821,2529,,,,,0
BraTS-GLI-01176-000,pspds,0.5,1.0,2,-2.0,70780,382,3676,,,,,0
BraTS-GLI-01176-000,pspds,0.5,1.0,2,0.0,69150,156,5306,,,,,0
BraTS-GLI-01176-000,pspds,0.5,1.0,2,2.0,66762,58,7694,,,,,0
BraTS-GLI-01176-000,pspds,1.0,0.0,0,-6.0,0,0,123,,,,,0
BraTS-GLI-01176-000,pspds,1.0,0.0,0,-4.02,0,0,123,0,5,0,0,0
BraTS-GLI-01176-000,pspds,1.0,0.0,0,-2.0,0,0,123,,,,,0
BraTS-GLI-01176-000,pspds,1.0,0.0,0,0.0,0,0,123,0,5,0,0,0
BraTS-GLI-01176-000,pspds,1.0,0.0,0,2.0,0,0,123,,,,,0
BraTS-GLI-01176-000,pspds,1.0,0.0,1,-6.0,0,0,45546,,,,,0
BraTS-GLI-01176-000,pspds,1.0,0.0,1,-4.02,0,0,45546,,,,,0
BraTS-GLI-01176-000,pspds,1.0,0.0,1,-2.0,0,0,45546,,,,,0
BraTS-GLI-01176-000,pspds,1.0,0.0,1,0.0,0,0,45546,,,,,0
BraTS-GLI-01176-000,pspds,1.0,0.0,1,2.0,0,0,45546,,,,,0
BraTS-GLI-01176-000,pspds,1.0,0.0,2,-6.0,72773,1449,1683,,,,,0
BraTS-GLI-01176-000,pspds,1.0,0.0,2,-4.02,71927,821,2529,,,,,0
BraTS-GLI-01176-000,pspds,1.0,0.0,2,-2.0,70780,382,3676,,,,,0
BraTS-GLI-01176-000,pspds,1.0,0.0,2,0.0,69150,156,5306,,,,,0
BraTS-GLI-01176-000,pspds,1.0,0.0,2,2.0,66762,58,7694,,,,,0
BraTS-GLI-01176-000,pspds,1.0,1.0,0,-6.0,0,0,123,,,,,0
BraTS-GLI-01176-000,pspds,1.0,1.0,0,-4.02,0,0,123,0,5,0,0,0
BraTS-GLI-01176-000,pspds,1.0,1.0,0,-2.0,0,0,123,,,,,0
BraTS-GLI-01176-000,pspds,1.0,1.0,0,0.0,0,0,123,0,5,0,0,0
BraTS-GLI-01176-000,pspds,1.0,1.0,0,2.0,0,0,123,,,,,0
BraTS-GLI-01176-000,pspds,1.0,1.0,1,-6.0,0,0,45546,,,,,0
BraTS-GLI-01176-000,pspds,1.0,1.0,1,-4.02,0,0,45546,,,,,0
BraTS-GLI-01176-000,pspds,1.0,1.0,1,-2.0,0,0,45546,,,,,0
BraTS-GLI-01176-000,pspds,1.0,1.0,1,0.0,0,0,45546,,,,,0
BraTS-GLI-01176-000,pspds,1.0,1.0,1,2.0,0,0,45546,,,,,0
BraTS-GLI-01176-000,pspds,1.0,1.0,2,-6.0,72773,1449,1683,,,,,0
BraTS-GLI-01176-000,pspds,1.0,1.0,2,-4.02,71927,821,2529,,,,,0
BraTS-GLI-01176-000,pspds,1.0,1.0,2,-2.0,70780,382,3676,,,,,0
BraTS-GLI-01176-000,pspds,1.0,1.0,2,0.0,69150,156,5306,,,,,0
BraTS-GLI-01176-000,pspds,1.0,1.0,2,2.0,66762,58,7694,,,,,0
BraTS-GLI-01176-000,interp,0.5,0.0,0,-6.0,0,0,123,,,,,0
BraTS-GLI-01176-000,interp,0.5,0.0,0,-4.02,0,0,123,0,5,0,0,0
BraTS-GLI-01176-000,interp,0.5,0.0,0,-2.0,0,0,123,,,,,0
BraTS-GLI-01176-000,interp,0.5,0.0,0,0.0,0,0,123,0,5,0,0,0
BraTS-GLI-01176-000,interp,0.5,0.0,0,2.0,0,0,123,,,,,0
BraTS-GLI-01176-000,interp,0.5,0.0,1,-6.0,0,0,45546,,,,,0
BraTS-GLI-01176-000,interp,0.5,0.0,1,-4.02,0,0,45546,,,,,0
BraTS-GLI-01176-000,interp,0.5,0.0,1,-2.0,0,0,45546,,,,,0
BraTS-GLI-01176-000,interp,0.5,0.0,1,0.0,0,0,45546,,,,,0
BraTS-GLI-01176-000,interp,0.5,0.0,1,2.0,0,0,45546,,,,,0
BraTS-GLI-01176-000,interp,0.5,0.0,2,-6.0,72773,1449,1683,,,,,0
BraTS-GLI-01176-000,interp,0.5,0.0,2,-4.02,71927,821,2529,,,,,0
BraTS-GLI-01176-000,interp,0.5,0.0,2,-2.0,70780,382,3676,,,,,0
BraTS-GLI-01176-000,interp,0.5,0.0,2,0.0,69150,156,5306,,,,,0
BraTS-GLI-01176-000,interp,0.5,0.0,2,2.0,66762,58,7694,,,,,0
BraTS-GLI-01176-000,interp,1.0,0.0,0,-6.0,0,0,123,,,,,0
BraTS-GLI-01176-000,interp,1.0,0.0,0,-4.02,0,0,123,0,5,0,0,0
BraTS-GLI-01176-000,interp,1.0,0.0,0,-2.0,0,0,123,,,,,0
BraTS-GLI-01176-000,interp,1.0,0.0,0,0.0,0,0,123,0,5,0,0,0
BraTS-GLI-01176-000,interp,1.0,0.0,0,2.0,0,0,123,,,,,0
BraTS-GLI-01176-000,interp,1.0,0.0,1,-6.0,0,0,45546,,,,,0
BraTS-GLI-01176-000,interp,1.0,0.0,1,-4.02,0,0,45546,,,,,0
BraTS-GLI-01176-000,interp,1.0,0.0,1,-2.0,0,0,45546,,,,,0
BraTS-GLI-01176-000,interp,1.0,0.0,1,0.0,0,0,45546,,,,,0
BraTS-GLI-01176-000,interp,1.0,0.0,1,2.0,0,0,45546,,,,,0
BraTS-GLI-01176-000,interp,1.0,0.0,2,-6.0,72773,1449,1683,,,,,0
BraTS-GLI-01176-000,interp,1.0,0.0,2,-4.02,71927,821,2529,,,,,0
BraTS-GLI-01176-000,interp,1.0,0.0,2,-2.0,70780,382,3676,,,,,0
BraTS-GLI-01176-000,interp,1.0,0.0,2,0.0,69150,156,5306,,,,,0
BraTS-GLI-01176-000,interp,1.0,0.0,2,2.0,66762,58,7694,,,,,0
BraTS-GLI-01176-000,global,0.5,0.0,0,-6.0,0,0,123,,,,,0
BraTS-GLI-01176-000,global,0.5,0.0,0,-4.02,0,0,123,0,5,0,0,0
BraTS-GLI-01176-000,global,0.5,0.0,0,-2.0,0,0,123,,,,,0
BraTS-GLI-01176-000,global,0.5,0.0,0,0.0,0,0,123,0,5,0,0,0
BraTS-GLI-01176-000,global,0.5,0.0,0,2.0,0,0,123,,,,,0
BraTS-GLI-01176-000,global,0.5,0.0,1,-6.0,0,0,45546,,,,,0
BraTS-GLI-01176-000,global,0.5,0.0,1,-4.02,0,0,45546,,,,,0
BraTS-GLI-01176-000,global,0.5,0.0,1,-2.0,0,0,45546,,,,,0
BraTS-GLI-01176-000,global,0.5,0.0,1,0.0,0,0,45546,,,,,0
BraTS-GLI-01176-000,global,0.5,0.0,1,2.0,0,0,45546,,,,,0
BraTS-GLI-01176-000,global,0.5,0.0,2,-6.0,72773,1449,1683,,,,,0
BraTS-GLI-01176-000,global,0.5,0.0,2,-4.02,71927,821,2529,,,,,0
BraTS-GLI-01176-000,global,0.5,0.0,2,-2.0,70780,382,3676,,,,,0
BraTS-GLI-01176-000,global,0.5,0.0,2,0.0,69150,156,5306,,,,,0
BraTS-GLI-01176-000,global,0.5,0.0,2,2.0,66762,58,7694,,,,,0
BraTS-GLI-01176-000,global,1.0,0.0,0,-6.0,0,0,123,,,,,0
BraTS-GLI-01176-000,global,1.0,0.0,0,-4.02,0,0,123,0,5,0,0,0
BraTS-GLI-01176-000,global,1.0,0.0,0,-2.0,0,0,123,,,,,0
BraTS-GLI-01176-000,global,1.0,0.0,0,0.0,0,0,123,0,5,0,0,0
BraTS-GLI-01176-000,global,1.0,0.0,0,2.0,0,0,123,,,,,0
BraTS-GLI-01176-000,global,1.0,0.0,1,-6.0,0,0,45546,,,,,0
BraTS-GLI-01176-000,global,1.0,0.0,1,-4.02,0,0,45546,,,,,0
BraTS-GLI-01176-000,global,1.0,0.0,1,-2.0,0,0,45546,,,,,0
BraTS-GLI-01176-000,global,1.0,0.0,1,0.0,0,0,45546,,,,,0
BraTS-GLI-01176-000,global,1.0,0.0,1,2.0,0,0,45546,,,,,0
BraTS-GLI-01176-000,global,1.0,0.0,2,-6.0,72773,1449,1683,,,,,0
BraTS-GLI-01176-000,global,1.0,0.0,2,-4.02,71927,821,2529,,,,,0
BraTS-GLI-01176-000,global,1.0,0.0,2,-2.0,70780,382,3676,,,,,0
BraTS-GLI-01176-000,global,1.0,0.0,2,0.0,69150,156,5306,,,,,0
BraTS-GLI-01176-000,global,1.0,0.0,2,2.0,66762,58,7694,,,,,0
BraTS-GLI-01176-000,dilate,0.0,0.0,0,-6.0,0,0,123,,,,,0
BraTS-GLI-01176-000,dilate,0.0,0.0,0,-4.02,0,0,123,0,5,0,0,0
BraTS-GLI-01176-000,dilate,0.0,0.0,0,-2.0,0,0,123,,,,,0
BraTS-GLI-01176-000,dilate,0.0,0.0,0,0.0,0,0,123,0,5,0,0,0
BraTS-GLI-01176-000,dilate,0.0,0.0,0,2.0,0,0,123,,,,,0
BraTS-GLI-01176-000,dilate,0.0,0.0,1,-6.0,0,0,45546,,,,,0
BraTS-GLI-01176-000,dilate,0.0,0.0,1,-4.02,0,0,45546,,,,,0
BraTS-GLI-01176-000,dilate,0.0,0.0,1,-2.0,0,0,45546,,,,,0
BraTS-GLI-01176-000,dilate,0.0,0.0,1,0.0,0,0,45546,,,,,0
BraTS-GLI-01176-000,dilate,0.0,0.0,1,2.0,0,0,45546,,,,,0
BraTS-GLI-01176-000,dilate,0.0,0.0,2,-6.0,72773,1449,1683,,,,,0
BraTS-GLI-01176-000,dilate,0.0,0.0,2,-4.02,71927,821,2529,,,,,0
BraTS-GLI-01176-000,dilate,0.0,0.0,2,-2.0,70780,382,3676,,,,,0
BraTS-GLI-01176-000,dilate,0.0,0.0,2,0.0,69150,156,5306,,,,,0
BraTS-GLI-01176-000,dilate,0.0,0.0,2,2.0,66762,58,7694,,,,,0
BraTS-GLI-01176-000,boost,2.0,0.0,0,-6.0,0,0,123,,,,,0
BraTS-GLI-01176-000,boost,2.0,0.0,0,-4.02,0,0,123,0,5,0,0,0
BraTS-GLI-01176-000,boost,2.0,0.0,0,-2.0,0,0,123,,,,,0
BraTS-GLI-01176-000,boost,2.0,0.0,0,0.0,0,0,123,0,5,0,0,0
BraTS-GLI-01176-000,boost,2.0,0.0,0,2.0,0,0,123,,,,,0
BraTS-GLI-01176-000,boost,2.0,0.0,1,-6.0,0,0,45546,,,,,0
BraTS-GLI-01176-000,boost,2.0,0.0,1,-4.02,0,0,45546,,,,,0
BraTS-GLI-01176-000,boost,2.0,0.0,1,-2.0,0,0,45546,,,,,0
BraTS-GLI-01176-000,boost,2.0,0.0,1,0.0,0,0,45546,,,,,0
BraTS-GLI-01176-000,boost,2.0,0.0,1,2.0,0,0,45546,,,,,0
BraTS-GLI-01176-000,boost,2.0,0.0,2,-6.0,72773,1449,1683,,,,,0
BraTS-GLI-01176-000,boost,2.0,0.0,2,-4.02,71927,821,2529,,,,,0
BraTS-GLI-01176-000,boost,2.0,0.0,2,-2.0,70780,382,3676,,,,,0
BraTS-GLI-01176-000,boost,2.0,0.0,2,0.0,69150,156,5306,,,,,0
BraTS-GLI-01176-000,boost,2.0,0.0,2,2.0,66762,58,7694,,,,,0
BraTS-GLI-01176-000,boost,4.0,0.0,0,-6.0,0,0,123,,,,,0
BraTS-GLI-01176-000,boost,4.0,0.0,0,-4.02,0,0,123,0,5,0,0,0
BraTS-GLI-01176-000,boost,4.0,0.0,0,-2.0,0,0,123,,,,,0
BraTS-GLI-01176-000,boost,4.0,0.0,0,0.0,0,0,123,0,5,0,0,0
BraTS-GLI-01176-000,boost,4.0,0.0,0,2.0,0,0,123,,,,,0
BraTS-GLI-01176-000,boost,4.0,0.0,1,-6.0,0,0,45546,,,,,0
BraTS-GLI-01176-000,boost,4.0,0.0,1,-4.02,0,0,45546,,,,,0
BraTS-GLI-01176-000,boost,4.0,0.0,1,-2.0,0,0,45546,,,,,0
BraTS-GLI-01176-000,boost,4.0,0.0,1,0.0,0,0,45546,,,,,0
BraTS-GLI-01176-000,boost,4.0,0.0,1,2.0,0,0,45546,,,,,0
BraTS-GLI-01176-000,boost,4.0,0.0,2,-6.0,72773,1449,1683,,,,,0
BraTS-GLI-01176-000,boost,4.0,0.0,2,-4.02,71927,821,2529,,,,,0
BraTS-GLI-01176-000,boost,4.0,0.0,2,-2.0,70780,382,3676,,,,,0
BraTS-GLI-01176-000,boost,4.0,0.0,2,0.0,69150,156,5306,,,,,0
BraTS-GLI-01176-000,boost,4.0,0.0,2,2.0,66762,58,7694,,,,,0
BraTS-GLI-01019-000,none,0.0,0.0,0,-6.0,45971,2479,543,,,,,346
BraTS-GLI-01019-000,none,0.0,0.0,0,-4.02,45603,1736,911,0,0,0,0,346
BraTS-GLI-01019-000,none,0.0,0.0,0,-2.0,45119,1162,1395,,,,,346
BraTS-GLI-01019-000,none,0.0,0.0,0,0.0,44421,768,2093,0,0,0,0,346
BraTS-GLI-01019-000,none,0.0,0.0,0,2.0,43542,497,2972,,,,,346
BraTS-GLI-01019-000,none,0.0,0.0,1,-6.0,68457,3357,280,,,,,346
BraTS-GLI-01019-000,none,0.0,0.0,1,-4.02,68331,2909,406,,,,,346
BraTS-GLI-01019-000,none,0.0,0.0,1,-2.0,68143,2485,594,,,,,346
BraTS-GLI-01019-000,none,0.0,0.0,1,0.0,67870,2159,867,,,,,346
BraTS-GLI-01019-000,none,0.0,0.0,1,2.0,67559,1901,1178,,,,,346
BraTS-GLI-01019-000,none,0.0,0.0,2,-6.0,158947,6162,2296,,,,,346
BraTS-GLI-01019-000,none,0.0,0.0,2,-4.02,158166,4479,3077,,,,,346
BraTS-GLI-01019-000,none,0.0,0.0,2,-2.0,157202,3095,4041,,,,,346
BraTS-GLI-01019-000,none,0.0,0.0,2,0.0,155979,2055,5264,,,,,346
BraTS-GLI-01019-000,none,0.0,0.0,2,2.0,154476,1297,6767,,,,,346
BraTS-GLI-01019-000,pspds,0.5,0.0,0,-6.0,45998,2534,516,,,,,346
BraTS-GLI-01019-000,pspds,0.5,0.0,0,-4.02,45638,1814,876,0,0,0,0,346
BraTS-GLI-01019-000,pspds,0.5,0.0,0,-2.0,45173,1241,1341,,,,,346
BraTS-GLI-01019-000,pspds,0.5,0.0,0,0.0,44490,816,2024,0,0,0,0,346
BraTS-GLI-01019-000,pspds,0.5,0.0,0,2.0,43654,548,2860,,,,,346
BraTS-GLI-01019-000,pspds,0.5,0.0,1,-6.0,68476,3437,261,,,,,346
BraTS-GLI-01019-000,pspds,0.5,0.0,1,-4.02,68370,2991,367,,,,,346
BraTS-GLI-01019-000,pspds,0.5,0.0,1,-2.0,68198,2562,539,,,,,346
BraTS-GLI-01019-000,pspds,0.5,0.0,1,0.0,67940,2224,797,,,,,346
BraTS-GLI-01019-000,pspds,0.5,0.0,1,2.0,67650,1964,1087,,,,,346
BraTS-GLI-01019-000,pspds,0.5,0.0,2,-6.0,159007,6309,2236,,,,,346
BraTS-GLI-01019-000,pspds,0.5,0.0,2,-4.02,158265,4623,2978,,,,,346
BraTS-GLI-01019-000,pspds,0.5,0.0,2,-2.0,157321,3201,3922,,,,,346
BraTS-GLI-01019-000,pspds,0.5,0.0,2,0.0,156106,2147,5137,,,,,346
BraTS-GLI-01019-000,pspds,0.5,0.0,2,2.0,154658,1370,6585,,,,,346
BraTS-GLI-01019-000,pspds,0.5,1.0,0,-6.0,45981,2498,533,,,,,346
BraTS-GLI-01019-000,pspds,0.5,1.0,0,-4.02,45619,1774,895,0,0,0,0,346
BraTS-GLI-01019-000,pspds,0.5,1.0,0,-2.0,45149,1197,1365,,,,,346
BraTS-GLI-01019-000,pspds,0.5,1.0,0,0.0,44451,787,2063,0,0,0,0,346
BraTS-GLI-01019-000,pspds,0.5,1.0,0,2.0,43603,517,2911,,,,,346
BraTS-GLI-01019-000,pspds,0.5,1.0,1,-6.0,68466,3394,271,,,,,346
BraTS-GLI-01019-000,pspds,0.5,1.0,1,-4.02,68352,2939,385,,,,,346
BraTS-GLI-01019-000,pspds,0.5,1.0,1,-2.0,68166,2515,571,,,,,346
BraTS-GLI-01019-000,pspds,0.5,1.0,1,0.0,67907,2182,830,,,,,346
BraTS-GLI-01019-000,pspds,0.5,1.0,1,2.0,67601,1923,1136,,,,,346
BraTS-GLI-01019-000,pspds,0.5,1.0,2,-6.0,158964,6223,2279,,,,,346
BraTS-GLI-01019-000,pspds,0.5,1.0,2,-4.02,158194,4543,3049,,,,,346
BraTS-GLI-01019-000,pspds,0.5,1.0,2,-2.0,157257,3128,3986,,,,,346
BraTS-GLI-01019-000,pspds,0.5,1.0,2,0.0,156034,2093,5209,,,,,346
BraTS-GLI-01019-000,pspds,0.5,1.0,2,2.0,154560,1324,6683,,,,,346
BraTS-GLI-01019-000,pspds,1.0,0.0,0,-6.0,46015,2606,499,,,,,346
BraTS-GLI-01019-000,pspds,1.0,0.0,0,-4.02,45674,1894,840,0,0,0,0,346
BraTS-GLI-01019-000,pspds,1.0,0.0,0,-2.0,45218,1306,1296,,,,,346
BraTS-GLI-01019-000,pspds,1.0,0.0,0,0.0,44564,879,1950,0,0,0,0,346
BraTS-GLI-01019-000,pspds,1.0,0.0,0,2.0,43740,616,2774,,,,,346
BraTS-GLI-01019-000,pspds,1.0,0.0,1,-6.0,68498,3533,239,,,,,346
BraTS-GLI-01019-000,pspds,1.0,0.0,1,-4.02,68401,3085,336,,,,,346
BraTS-GLI-01019-000,pspds,1.0,0.0,1,-2.0,68241,2654,496,,,,,346
BraTS-GLI-01019-000,pspds,1.0,0.0,1,0.0,67999,2317,738,,,,,346
BraTS-GLI-01019-000,pspds,1.0,0.0,1,2.0,67709,2028,1028,,,,,346
BraTS-GLI-01019-000,pspds,1.0,0.0,2,-6.0,159049,6460,2194,,,,,346
BraTS-GLI-01019-000,pspds,1.0,0.0,2,-4.02,158339,4761,2904,,,,,346
BraTS-GLI-01019-000,pspds,1.0,0.0,2,-2.0,157433,3331,3810,,,,,346
BraTS-GLI-01019-000,pspds,1.0,0.0,2,0.0,156238,2250,5005,,,,,346
BraTS-GLI-01019-000,pspds,1.0,0.0,2,2.0,154817,1447,6426,,,,,346
BraTS-GLI-01019-000,pspds,1.0,1.0,0,-6.0,45996,2528,518,,,,,346
BraTS-GLI-01019-000,pspds,1.0,1.0,0,-4.02,45638,1807,876,0,0,0,0,346
BraTS-GLI-01019-000,pspds,1.0,1.0,0,-2.0,45170,1234,1344,,,,,346
BraTS-GLI-01019-000,pspds,1.0,1.0,0,0.0,44483,812,2031,0,0,0,0,346
BraTS-GLI-01019-000,pspds,1.0,1.0,0,2.0,43642,546,2872,,,,,346
BraTS-GLI-01019-000,pspds,1.0,1.0,1,-6.0,68474,3427,263,,,,,346
BraTS-GLI-01019-000,pspds,1.0,1.0,1,-4.02,68364,2977,373,,,,,346
BraTS-GLI-01019-000,pspds,1.0,1.0,1,-2.0,68188,2548,549,,,,,346
BraTS-GLI-01019-000,pspds,1.0,1.0,1,0.0,67931,2217,806,,,,,346
BraTS-GLI-01019-000,pspds,1.0,1.0,1,2.0,67633,1956,1104,,,,,346
BraTS-GLI-01019-000,pspds,1.0,1.0,2,-6.0,158997,6291,2246,,,,,346
BraTS-GLI-01019-000,pspds,1.0,1.0,2,-4.02,158239,4595,3004,,,,,346
BraTS-GLI-01019-000,pspds,1.0,1.0,2,-2.0,157305,3177,3938,,,,,346
BraTS-GLI-01019-000,pspds,1.0,1.0,2,0.0,156077,2134,5166,,,,,346
BraTS-GLI-01019-000,pspds,1.0,1.0,2,2.0,154635,1360,6608,,,,,346
BraTS-GLI-01019-000,interp,0.5,0.0,0,-6.0,46177,3332,337,,,,,346
BraTS-GLI-01019-000,interp,0.5,0.0,0,-4.02,45917,2456,597,0,0,0,0,346
BraTS-GLI-01019-000,interp,0.5,0.0,0,-2.0,45522,1772,992,,,,,346
BraTS-GLI-01019-000,interp,0.5,0.0,0,0.0,44936,1236,1578,0,0,0,1,346
BraTS-GLI-01019-000,interp,0.5,0.0,0,2.0,44202,826,2312,,,,,346
BraTS-GLI-01019-000,interp,0.5,0.0,1,-6.0,68620,4224,117,,,,,346
BraTS-GLI-01019-000,interp,0.5,0.0,1,-4.02,68548,3690,189,,,,,346
BraTS-GLI-01019-000,interp,0.5,0.0,1,-2.0,68441,3186,296,,,,,346
BraTS-GLI-01019-000,interp,0.5,0.0,1,0.0,68270,2752,467,,,,,346
BraTS-GLI-01019-000,interp,0.5,0.0,1,2.0,68020,2343,717,,,,,346
BraTS-GLI-01019-000,interp,0.5,0.0,2,-6.0,159731,10114,1512,,,,,346
BraTS-GLI-01019-000,interp,0.5,0.0,2,-4.02,159217,7961,2026,,,,,346
BraTS-GLI-01019-000,interp,0.5,0.0,2,-2.0,158524,6048,2719,,,,,346
BraTS-GLI-01019-000,interp,0.5,0.0,2,0.0,157610,4455,3633,,,,,346
BraTS-GLI-01019-000,interp,0.5,0.0,2,2.0,156467,3122,4776,,,,,346
BraTS-GLI-01019-000,interp,1.0,0.0,0,-6.0,46301,4686,213,,,,,346
BraTS-GLI-01019-000,interp,1.0,0.0,0,-4.02,46107,3684,407,0,0,0,1,346
BraTS-GLI-01019-000,interp,1.0,0.0,0,-2.0,45761,2810,753,,,,,346
BraTS-GLI-01019-000,interp,1.0,0.0,0,0.0,45277,2141,1237,0,0,0,1,346
BraTS-GLI-01019-000,interp,1.0,0.0,0,2.0,44663,1606,1851,,,,,346
BraTS-GLI-01019-000,interp,1.0,0.0,1,-6.0,68701,5957,36,,,,,346
BraTS-GLI-01019-000,interp,1.0,0.0,1,-4.02,68669,5253,68,,,,,346
BraTS-GLI-01019-000,interp,1.0,0.0,1,-2.0,68614,4587,123,,,,,346
BraTS-GLI-01019-000,interp,1.0,0.0,1,0.0,68532,4020,205,,,,,346
BraTS-GLI-01019-000,interp,1.0,0.0,1,2.0,68386,3438,351,,,,,346
BraTS-GLI-01019-000,interp,1.0,0.0,2,-6.0,160027,16093,1216,,,,,346
BraTS-GLI-01019-000,interp,1.0,0.0,2,-4.02,159655,13330,1588,,,,,346
BraTS-GLI-01019-000,interp,1.0,0.0,2,-2.0,159163,10838,2080,,,,,346
BraTS-GLI-01019-000,interp,1.0,0.0,2,0.0,158468,8582,2775,,,,,346
BraTS-GLI-01019-000,interp,1.0,0.0,2,2.0,157483,6609,3760,,,,,346
BraTS-GLI-01019-000,global,0.5,0.0,0,-6.0,46261,4575,253,,,,,346
BraTS-GLI-01019-000,global,0.5,0.0,0,-4.02,45982,3622,532,0,0,0,0,346
BraTS-GLI-01019-000,global,0.5,0.0,0,-2.0,45607,2752,907,,,,,346
BraTS-GLI-01019-000,global,0.5,0.0,0,0.0,45055,2088,1459,0,0,0,0,346
BraTS-GLI-01019-000,global,0.5,0.0,0,2.0,44341,1571,2173,,,,,346
BraTS-GLI-01019-000,global,0.5,0.0,1,-6.0,68706,6285,31,,,,,346
BraTS-GLI-01019-000,global,0.5,0.0,1,-4.02,68679,5563,58,,,,,346
BraTS-GLI-01019-000,global,0.5,0.0,1,-2.0,68628,4866,109,,,,,346
BraTS-GLI-01019-000,global,0.5,0.0,1,0.0,68553,4230,184,,,,,346
BraTS-GLI-01019-000,global,0.5,0.0,1,2.0,68432,3635,305,,,,,346
BraTS-GLI-01019-000,global,0.5,0.0,2,-6.0,159954,15963,1289,,,,,346
BraTS-GLI-01019-000,global,0.5,0.0,2,-4.02,159560,13181,1683,,,,,346
BraTS-GLI-01019-000,global,0.5,0.0,2,-2.0,158985,10592,2258,,,,,346
BraTS-GLI-01019-000,global,0.5,0.0,2,0.0,158238,8315,3005,,,,,346
BraTS-GLI-01019-000,global,0.5,0.0,2,2.0,157282,6338,3961,,,,,346
BraTS-GLI-01019-000,global,1.0,0.0,0,-6.0,46279,10523,235,,,,,346
BraTS-GLI-01019-000,global,1.0,0.0,0,-4.02,46009,8450,505,0,0,0,19,346
BraTS-GLI-01019-000,global,1.0,0.0,0,-2.0,45628,6806,886,,,,,346
BraTS-GLI-01019-000,global,1.0,0.0,0,0.0,45094,5428,1420,0,0,0,8,346
BraTS-GLI-01019-000,global,1.0,0.0,0,2.0,44329,4315,2185,,,,,346
BraTS-GLI-01019-000,global,1.0,0.0,1,-6.0,68737,117798,0,,,,,346
BraTS-GLI-01019-000,global,1.0,0.0,1,-4.02,68736,110264,1,,,,,346
BraTS-GLI-01019-000,global,1.0,0.0,1,-2.0,68736,101682,1,,,,,346
BraTS-GLI-01019-000,global,1.0,0.0,1,0.0,68724,91258,13,,,,,346
BraTS-GLI-01019-000,global,1.0,0.0,1,2.0,68713,77674,24,,,,,346
BraTS-GLI-01019-000,global,1.0,0.0,2,-6.0,160370,87351,873,,,,,346
BraTS-GLI-01019-000,global,1.0,0.0,2,-4.02,160101,80215,1142,,,,,346
BraTS-GLI-01019-000,global,1.0,0.0,2,-2.0,159800,73131,1443,,,,,346
BraTS-GLI-01019-000,global,1.0,0.0,2,0.0,159420,66011,1823,,,,,346
BraTS-GLI-01019-000,global,1.0,0.0,2,2.0,158964,57926,2279,,,,,346
BraTS-GLI-01019-000,dilate,0.0,0.0,0,-6.0,46505,26877,9,,,,,346
BraTS-GLI-01019-000,dilate,0.0,0.0,0,-4.02,46502,25905,12,0,0,0,0,346
BraTS-GLI-01019-000,dilate,0.0,0.0,0,-2.0,46495,25051,19,,,,,346
BraTS-GLI-01019-000,dilate,0.0,0.0,0,0.0,46486,24194,28,0,0,0,0,346
BraTS-GLI-01019-000,dilate,0.0,0.0,0,2.0,46484,23268,30,,,,,346
BraTS-GLI-01019-000,dilate,0.0,0.0,1,-6.0,68457,3357,280,,,,,346
BraTS-GLI-01019-000,dilate,0.0,0.0,1,-4.02,68331,2909,406,,,,,346
BraTS-GLI-01019-000,dilate,0.0,0.0,1,-2.0,68143,2485,594,,,,,346
BraTS-GLI-01019-000,dilate,0.0,0.0,1,0.0,67870,2159,867,,,,,346
BraTS-GLI-01019-000,dilate,0.0,0.0,1,2.0,67559,1901,1178,,,,,346
BraTS-GLI-01019-000,dilate,0.0,0.0,2,-6.0,158947,6162,2296,,,,,346
BraTS-GLI-01019-000,dilate,0.0,0.0,2,-4.02,158166,4479,3077,,,,,346
BraTS-GLI-01019-000,dilate,0.0,0.0,2,-2.0,157202,3095,4041,,,,,346
BraTS-GLI-01019-000,dilate,0.0,0.0,2,0.0,155979,2055,5264,,,,,346
BraTS-GLI-01019-000,dilate,0.0,0.0,2,2.0,154476,1297,6767,,,,,346
BraTS-GLI-01019-000,boost,2.0,0.0,0,-6.0,46177,3394,337,,,,,346
BraTS-GLI-01019-000,boost,2.0,0.0,0,-4.02,45972,2492,542,0,0,0,0,346
BraTS-GLI-01019-000,boost,2.0,0.0,0,-2.0,45599,1729,915,,,,,346
BraTS-GLI-01019-000,boost,2.0,0.0,0,0.0,45119,1162,1395,0,0,0,0,346
BraTS-GLI-01019-000,boost,2.0,0.0,0,2.0,44421,768,2093,,,,,346
BraTS-GLI-01019-000,boost,2.0,0.0,1,-6.0,68457,3357,280,,,,,346
BraTS-GLI-01019-000,boost,2.0,0.0,1,-4.02,68331,2909,406,,,,,346
BraTS-GLI-01019-000,boost,2.0,0.0,1,-2.0,68143,2485,594,,,,,346
BraTS-GLI-01019-000,boost,2.0,0.0,1,0.0,67870,2159,867,,,,,346
BraTS-GLI-01019-000,boost,2.0,0.0,1,2.0,67559,1901,1178,,,,,346
BraTS-GLI-01019-000,boost,2.0,0.0,2,-6.0,158947,6162,2296,,,,,346
BraTS-GLI-01019-000,boost,2.0,0.0,2,-4.02,158166,4479,3077,,,,,346
BraTS-GLI-01019-000,boost,2.0,0.0,2,-2.0,157202,3095,4041,,,,,346
BraTS-GLI-01019-000,boost,2.0,0.0,2,0.0,155979,2055,5264,,,,,346
BraTS-GLI-01019-000,boost,2.0,0.0,2,2.0,154476,1297,6767,,,,,346
BraTS-GLI-01019-000,boost,4.0,0.0,0,-6.0,46308,4463,206,,,,,346
BraTS-GLI-01019-000,boost,4.0,0.0,0,-4.02,46178,3405,336,0,0,0,0,346
BraTS-GLI-01019-000,boost,4.0,0.0,0,-2.0,45971,2479,543,,,,,346
BraTS-GLI-01019-000,boost,4.0,0.0,0,0.0,45599,1729,915,0,0,0,0,346
BraTS-GLI-01019-000,boost,4.0,0.0,0,2.0,45119,1162,1395,,,,,346
BraTS-GLI-01019-000,boost,4.0,0.0,1,-6.0,68457,3357,280,,,,,346
BraTS-GLI-01019-000,boost,4.0,0.0,1,-4.02,68331,2909,406,,,,,346
BraTS-GLI-01019-000,boost,4.0,0.0,1,-2.0,68143,2485,594,,,,,346
BraTS-GLI-01019-000,boost,4.0,0.0,1,0.0,67870,2159,867,,,,,346
BraTS-GLI-01019-000,boost,4.0,0.0,1,2.0,67559,1901,1178,,,,,346
BraTS-GLI-01019-000,boost,4.0,0.0,2,-6.0,158947,6162,2296,,,,,346
BraTS-GLI-01019-000,boost,4.0,0.0,2,-4.02,158166,4479,3077,,,,,346
BraTS-GLI-01019-000,boost,4.0,0.0,2,-2.0,157202,3095,4041,,,,,346
BraTS-GLI-01019-000,boost,4.0,0.0,2,0.0,155979,2055,5264,,,,,346
BraTS-GLI-01019-000,boost,4.0,0.0,2,2.0,154476,1297,6767,,,,,346
BraTS-GLI-01314-000,none,0.0,0.0,0,-6.0,0,0,3003,,,,,0
BraTS-GLI-01314-000,none,0.0,0.0,0,-4.02,0,0,3003,0,1,0,0,0
BraTS-GLI-01314-000,none,0.0,0.0,0,-2.0,0,0,3003,,,,,0
BraTS-GLI-01314-000,none,0.0,0.0,0,0.0,0,0,3003,0,1,0,0,0
BraTS-GLI-01314-000,none,0.0,0.0,0,2.0,0,0,3003,,,,,0
BraTS-GLI-01314-000,none,0.0,0.0,1,-6.0,2,0,4864,,,,,0
BraTS-GLI-01314-000,none,0.0,0.0,1,-4.02,0,0,4866,,,,,0
BraTS-GLI-01314-000,none,0.0,0.0,1,-2.0,0,0,4866,,,,,0
BraTS-GLI-01314-000,none,0.0,0.0,1,0.0,0,0,4866,,,,,0
BraTS-GLI-01314-000,none,0.0,0.0,1,2.0,0,0,4866,,,,,0
BraTS-GLI-01314-000,none,0.0,0.0,2,-6.0,69116,16718,1317,,,,,0
BraTS-GLI-01314-000,none,0.0,0.0,2,-4.02,68910,14354,1523,,,,,0
BraTS-GLI-01314-000,none,0.0,0.0,2,-2.0,68605,11986,1828,,,,,0
BraTS-GLI-01314-000,none,0.0,0.0,2,0.0,68156,9531,2277,,,,,0
BraTS-GLI-01314-000,none,0.0,0.0,2,2.0,67276,7175,3157,,,,,0
BraTS-GLI-01314-000,pspds,0.5,0.0,0,-6.0,0,0,3003,,,,,0
BraTS-GLI-01314-000,pspds,0.5,0.0,0,-4.02,0,0,3003,0,1,0,0,0
BraTS-GLI-01314-000,pspds,0.5,0.0,0,-2.0,0,0,3003,,,,,0
BraTS-GLI-01314-000,pspds,0.5,0.0,0,0.0,0,0,3003,0,1,0,0,0
BraTS-GLI-01314-000,pspds,0.5,0.0,0,2.0,0,0,3003,,,,,0
BraTS-GLI-01314-000,pspds,0.5,0.0,1,-6.0,2,0,4864,,,,,0
BraTS-GLI-01314-000,pspds,0.5,0.0,1,-4.02,0,0,4866,,,,,0
BraTS-GLI-01314-000,pspds,0.5,0.0,1,-2.0,0,0,4866,,,,,0
BraTS-GLI-01314-000,pspds,0.5,0.0,1,0.0,0,0,4866,,,,,0
BraTS-GLI-01314-000,pspds,0.5,0.0,1,2.0,0,0,4866,,,,,0
BraTS-GLI-01314-000,pspds,0.5,0.0,2,-6.0,69116,16718,1317,,,,,0
BraTS-GLI-01314-000,pspds,0.5,0.0,2,-4.02,68910,14354,1523,,,,,0
BraTS-GLI-01314-000,pspds,0.5,0.0,2,-2.0,68605,11986,1828,,,,,0
BraTS-GLI-01314-000,pspds,0.5,0.0,2,0.0,68156,9531,2277,,,,,0
BraTS-GLI-01314-000,pspds,0.5,0.0,2,2.0,67276,7175,3157,,,,,0
BraTS-GLI-01314-000,pspds,0.5,1.0,0,-6.0,0,0,3003,,,,,0
BraTS-GLI-01314-000,pspds,0.5,1.0,0,-4.02,0,0,3003,0,1,0,0,0
BraTS-GLI-01314-000,pspds,0.5,1.0,0,-2.0,0,0,3003,,,,,0
BraTS-GLI-01314-000,pspds,0.5,1.0,0,0.0,0,0,3003,0,1,0,0,0
BraTS-GLI-01314-000,pspds,0.5,1.0,0,2.0,0,0,3003,,,,,0
BraTS-GLI-01314-000,pspds,0.5,1.0,1,-6.0,2,0,4864,,,,,0
BraTS-GLI-01314-000,pspds,0.5,1.0,1,-4.02,0,0,4866,,,,,0
BraTS-GLI-01314-000,pspds,0.5,1.0,1,-2.0,0,0,4866,,,,,0
BraTS-GLI-01314-000,pspds,0.5,1.0,1,0.0,0,0,4866,,,,,0
BraTS-GLI-01314-000,pspds,0.5,1.0,1,2.0,0,0,4866,,,,,0
BraTS-GLI-01314-000,pspds,0.5,1.0,2,-6.0,69116,16718,1317,,,,,0
BraTS-GLI-01314-000,pspds,0.5,1.0,2,-4.02,68910,14354,1523,,,,,0
BraTS-GLI-01314-000,pspds,0.5,1.0,2,-2.0,68605,11986,1828,,,,,0
BraTS-GLI-01314-000,pspds,0.5,1.0,2,0.0,68156,9531,2277,,,,,0
BraTS-GLI-01314-000,pspds,0.5,1.0,2,2.0,67276,7175,3157,,,,,0
BraTS-GLI-01314-000,pspds,1.0,0.0,0,-6.0,0,0,3003,,,,,0
BraTS-GLI-01314-000,pspds,1.0,0.0,0,-4.02,0,0,3003,0,1,0,0,0
BraTS-GLI-01314-000,pspds,1.0,0.0,0,-2.0,0,0,3003,,,,,0
BraTS-GLI-01314-000,pspds,1.0,0.0,0,0.0,0,0,3003,0,1,0,0,0
BraTS-GLI-01314-000,pspds,1.0,0.0,0,2.0,0,0,3003,,,,,0
BraTS-GLI-01314-000,pspds,1.0,0.0,1,-6.0,2,0,4864,,,,,0
BraTS-GLI-01314-000,pspds,1.0,0.0,1,-4.02,0,0,4866,,,,,0
BraTS-GLI-01314-000,pspds,1.0,0.0,1,-2.0,0,0,4866,,,,,0
BraTS-GLI-01314-000,pspds,1.0,0.0,1,0.0,0,0,4866,,,,,0
BraTS-GLI-01314-000,pspds,1.0,0.0,1,2.0,0,0,4866,,,,,0
BraTS-GLI-01314-000,pspds,1.0,0.0,2,-6.0,69116,16718,1317,,,,,0
BraTS-GLI-01314-000,pspds,1.0,0.0,2,-4.02,68910,14354,1523,,,,,0
BraTS-GLI-01314-000,pspds,1.0,0.0,2,-2.0,68605,11986,1828,,,,,0
BraTS-GLI-01314-000,pspds,1.0,0.0,2,0.0,68156,9531,2277,,,,,0
BraTS-GLI-01314-000,pspds,1.0,0.0,2,2.0,67276,7175,3157,,,,,0
BraTS-GLI-01314-000,pspds,1.0,1.0,0,-6.0,0,0,3003,,,,,0
BraTS-GLI-01314-000,pspds,1.0,1.0,0,-4.02,0,0,3003,0,1,0,0,0
BraTS-GLI-01314-000,pspds,1.0,1.0,0,-2.0,0,0,3003,,,,,0
BraTS-GLI-01314-000,pspds,1.0,1.0,0,0.0,0,0,3003,0,1,0,0,0
BraTS-GLI-01314-000,pspds,1.0,1.0,0,2.0,0,0,3003,,,,,0
BraTS-GLI-01314-000,pspds,1.0,1.0,1,-6.0,2,0,4864,,,,,0
BraTS-GLI-01314-000,pspds,1.0,1.0,1,-4.02,0,0,4866,,,,,0
BraTS-GLI-01314-000,pspds,1.0,1.0,1,-2.0,0,0,4866,,,,,0
BraTS-GLI-01314-000,pspds,1.0,1.0,1,0.0,0,0,4866,,,,,0
BraTS-GLI-01314-000,pspds,1.0,1.0,1,2.0,0,0,4866,,,,,0
BraTS-GLI-01314-000,pspds,1.0,1.0,2,-6.0,69116,16718,1317,,,,,0
BraTS-GLI-01314-000,pspds,1.0,1.0,2,-4.02,68910,14354,1523,,,,,0
BraTS-GLI-01314-000,pspds,1.0,1.0,2,-2.0,68605,11986,1828,,,,,0
BraTS-GLI-01314-000,pspds,1.0,1.0,2,0.0,68156,9531,2277,,,,,0
BraTS-GLI-01314-000,pspds,1.0,1.0,2,2.0,67276,7175,3157,,,,,0
BraTS-GLI-01314-000,interp,0.5,0.0,0,-6.0,0,0,3003,,,,,0
BraTS-GLI-01314-000,interp,0.5,0.0,0,-4.02,0,0,3003,0,1,0,0,0
BraTS-GLI-01314-000,interp,0.5,0.0,0,-2.0,0,0,3003,,,,,0
BraTS-GLI-01314-000,interp,0.5,0.0,0,0.0,0,0,3003,0,1,0,0,0
BraTS-GLI-01314-000,interp,0.5,0.0,0,2.0,0,0,3003,,,,,0
BraTS-GLI-01314-000,interp,0.5,0.0,1,-6.0,2,0,4864,,,,,0
BraTS-GLI-01314-000,interp,0.5,0.0,1,-4.02,0,0,4866,,,,,0
BraTS-GLI-01314-000,interp,0.5,0.0,1,-2.0,0,0,4866,,,,,0
BraTS-GLI-01314-000,interp,0.5,0.0,1,0.0,0,0,4866,,,,,0
BraTS-GLI-01314-000,interp,0.5,0.0,1,2.0,0,0,4866,,,,,0
BraTS-GLI-01314-000,interp,0.5,0.0,2,-6.0,69116,16718,1317,,,,,0
BraTS-GLI-01314-000,interp,0.5,0.0,2,-4.02,68910,14354,1523,,,,,0
BraTS-GLI-01314-000,interp,0.5,0.0,2,-2.0,68605,11986,1828,,,,,0
BraTS-GLI-01314-000,interp,0.5,0.0,2,0.0,68156,9531,2277,,,,,0
BraTS-GLI-01314-000,interp,0.5,0.0,2,2.0,67276,7175,3157,,,,,0
BraTS-GLI-01314-000,interp,1.0,0.0,0,-6.0,0,0,3003,,,,,0
BraTS-GLI-01314-000,interp,1.0,0.0,0,-4.02,0,0,3003,0,1,0,0,0
BraTS-GLI-01314-000,interp,1.0,0.0,0,-2.0,0,0,3003,,,,,0
BraTS-GLI-01314-000,interp,1.0,0.0,0,0.0,0,0,3003,0,1,0,0,0
BraTS-GLI-01314-000,interp,1.0,0.0,0,2.0,0,0,3003,,,,,0
BraTS-GLI-01314-000,interp,1.0,0.0,1,-6.0,2,0,4864,,,,,0
BraTS-GLI-01314-000,interp,1.0,0.0,1,-4.02,0,0,4866,,,,,0
BraTS-GLI-01314-000,interp,1.0,0.0,1,-2.0,0,0,4866,,,,,0
BraTS-GLI-01314-000,interp,1.0,0.0,1,0.0,0,0,4866,,,,,0
BraTS-GLI-01314-000,interp,1.0,0.0,1,2.0,0,0,4866,,,,,0
BraTS-GLI-01314-000,interp,1.0,0.0,2,-6.0,69116,16718,1317,,,,,0
BraTS-GLI-01314-000,interp,1.0,0.0,2,-4.02,68910,14354,1523,,,,,0
BraTS-GLI-01314-000,interp,1.0,0.0,2,-2.0,68605,11986,1828,,,,,0
BraTS-GLI-01314-000,interp,1.0,0.0,2,0.0,68156,9531,2277,,,,,0
BraTS-GLI-01314-000,interp,1.0,0.0,2,2.0,67276,7175,3157,,,,,0
BraTS-GLI-01314-000,global,0.5,0.0,0,-6.0,0,0,3003,,,,,0
BraTS-GLI-01314-000,global,0.5,0.0,0,-4.02,0,0,3003,0,1,0,0,0
BraTS-GLI-01314-000,global,0.5,0.0,0,-2.0,0,0,3003,,,,,0
BraTS-GLI-01314-000,global,0.5,0.0,0,0.0,0,0,3003,0,1,0,0,0
BraTS-GLI-01314-000,global,0.5,0.0,0,2.0,0,0,3003,,,,,0
BraTS-GLI-01314-000,global,0.5,0.0,1,-6.0,2,0,4864,,,,,0
BraTS-GLI-01314-000,global,0.5,0.0,1,-4.02,0,0,4866,,,,,0
BraTS-GLI-01314-000,global,0.5,0.0,1,-2.0,0,0,4866,,,,,0
BraTS-GLI-01314-000,global,0.5,0.0,1,0.0,0,0,4866,,,,,0
BraTS-GLI-01314-000,global,0.5,0.0,1,2.0,0,0,4866,,,,,0
BraTS-GLI-01314-000,global,0.5,0.0,2,-6.0,69116,16718,1317,,,,,0
BraTS-GLI-01314-000,global,0.5,0.0,2,-4.02,68910,14354,1523,,,,,0
BraTS-GLI-01314-000,global,0.5,0.0,2,-2.0,68605,11986,1828,,,,,0
BraTS-GLI-01314-000,global,0.5,0.0,2,0.0,68156,9531,2277,,,,,0
BraTS-GLI-01314-000,global,0.5,0.0,2,2.0,67276,7175,3157,,,,,0
BraTS-GLI-01314-000,global,1.0,0.0,0,-6.0,0,0,3003,,,,,0
BraTS-GLI-01314-000,global,1.0,0.0,0,-4.02,0,0,3003,0,1,0,0,0
BraTS-GLI-01314-000,global,1.0,0.0,0,-2.0,0,0,3003,,,,,0
BraTS-GLI-01314-000,global,1.0,0.0,0,0.0,0,0,3003,0,1,0,0,0
BraTS-GLI-01314-000,global,1.0,0.0,0,2.0,0,0,3003,,,,,0
BraTS-GLI-01314-000,global,1.0,0.0,1,-6.0,2,0,4864,,,,,0
BraTS-GLI-01314-000,global,1.0,0.0,1,-4.02,0,0,4866,,,,,0
BraTS-GLI-01314-000,global,1.0,0.0,1,-2.0,0,0,4866,,,,,0
BraTS-GLI-01314-000,global,1.0,0.0,1,0.0,0,0,4866,,,,,0
BraTS-GLI-01314-000,global,1.0,0.0,1,2.0,0,0,4866,,,,,0
BraTS-GLI-01314-000,global,1.0,0.0,2,-6.0,69116,16718,1317,,,,,0
BraTS-GLI-01314-000,global,1.0,0.0,2,-4.02,68910,14354,1523,,,,,0
BraTS-GLI-01314-000,global,1.0,0.0,2,-2.0,68605,11986,1828,,,,,0
BraTS-GLI-01314-000,global,1.0,0.0,2,0.0,68156,9531,2277,,,,,0
BraTS-GLI-01314-000,global,1.0,0.0,2,2.0,67276,7175,3157,,,,,0
BraTS-GLI-01314-000,dilate,0.0,0.0,0,-6.0,0,0,3003,,,,,0
BraTS-GLI-01314-000,dilate,0.0,0.0,0,-4.02,0,0,3003,0,1,0,0,0
BraTS-GLI-01314-000,dilate,0.0,0.0,0,-2.0,0,0,3003,,,,,0
BraTS-GLI-01314-000,dilate,0.0,0.0,0,0.0,0,0,3003,0,1,0,0,0
BraTS-GLI-01314-000,dilate,0.0,0.0,0,2.0,0,0,3003,,,,,0
BraTS-GLI-01314-000,dilate,0.0,0.0,1,-6.0,2,0,4864,,,,,0
BraTS-GLI-01314-000,dilate,0.0,0.0,1,-4.02,0,0,4866,,,,,0
BraTS-GLI-01314-000,dilate,0.0,0.0,1,-2.0,0,0,4866,,,,,0
BraTS-GLI-01314-000,dilate,0.0,0.0,1,0.0,0,0,4866,,,,,0
BraTS-GLI-01314-000,dilate,0.0,0.0,1,2.0,0,0,4866,,,,,0
BraTS-GLI-01314-000,dilate,0.0,0.0,2,-6.0,69116,16718,1317,,,,,0
BraTS-GLI-01314-000,dilate,0.0,0.0,2,-4.02,68910,14354,1523,,,,,0
BraTS-GLI-01314-000,dilate,0.0,0.0,2,-2.0,68605,11986,1828,,,,,0
BraTS-GLI-01314-000,dilate,0.0,0.0,2,0.0,68156,9531,2277,,,,,0
BraTS-GLI-01314-000,dilate,0.0,0.0,2,2.0,67276,7175,3157,,,,,0
BraTS-GLI-01314-000,boost,2.0,0.0,0,-6.0,0,0,3003,,,,,0
BraTS-GLI-01314-000,boost,2.0,0.0,0,-4.02,0,0,3003,0,1,0,0,0
BraTS-GLI-01314-000,boost,2.0,0.0,0,-2.0,0,0,3003,,,,,0
BraTS-GLI-01314-000,boost,2.0,0.0,0,0.0,0,0,3003,0,1,0,0,0
BraTS-GLI-01314-000,boost,2.0,0.0,0,2.0,0,0,3003,,,,,0
BraTS-GLI-01314-000,boost,2.0,0.0,1,-6.0,2,0,4864,,,,,0
BraTS-GLI-01314-000,boost,2.0,0.0,1,-4.02,0,0,4866,,,,,0
BraTS-GLI-01314-000,boost,2.0,0.0,1,-2.0,0,0,4866,,,,,0
BraTS-GLI-01314-000,boost,2.0,0.0,1,0.0,0,0,4866,,,,,0
BraTS-GLI-01314-000,boost,2.0,0.0,1,2.0,0,0,4866,,,,,0
BraTS-GLI-01314-000,boost,2.0,0.0,2,-6.0,69116,16718,1317,,,,,0
BraTS-GLI-01314-000,boost,2.0,0.0,2,-4.02,68910,14354,1523,,,,,0
BraTS-GLI-01314-000,boost,2.0,0.0,2,-2.0,68605,11986,1828,,,,,0
BraTS-GLI-01314-000,boost,2.0,0.0,2,0.0,68156,9531,2277,,,,,0
BraTS-GLI-01314-000,boost,2.0,0.0,2,2.0,67276,7175,3157,,,,,0
BraTS-GLI-01314-000,boost,4.0,0.0,0,-6.0,0,0,3003,,,,,0
BraTS-GLI-01314-000,boost,4.0,0.0,0,-4.02,0,0,3003,0,1,0,0,0
BraTS-GLI-01314-000,boost,4.0,0.0,0,-2.0,0,0,3003,,,,,0
BraTS-GLI-01314-000,boost,4.0,0.0,0,0.0,0,0,3003,0,1,0,0,0
BraTS-GLI-01314-000,boost,4.0,0.0,0,2.0,0,0,3003,,,,,0
BraTS-GLI-01314-000,boost,4.0,0.0,1,-6.0,2,0,4864,,,,,0
BraTS-GLI-01314-000,boost,4.0,0.0,1,-4.02,0,0,4866,,,,,0
BraTS-GLI-01314-000,boost,4.0,0.0,1,-2.0,0,0,4866,,,,,0
BraTS-GLI-01314-000,boost,4.0,0.0,1,0.0,0,0,4866,,,,,0
BraTS-GLI-01314-000,boost,4.0,0.0,1,2.0,0,0,4866,,,,,0
BraTS-GLI-01314-000,boost,4.0,0.0,2,-6.0,69116,16718,1317,,,,,0
BraTS-GLI-01314-000,boost,4.0,0.0,2,-4.02,68910,14354,1523,,,,,0
BraTS-GLI-01314-000,boost,4.0,0.0,2,-2.0,68605,11986,1828,,,,,0
BraTS-GLI-01314-000,boost,4.0,0.0,2,0.0,68156,9531,2277,,,,,0
BraTS-GLI-01314-000,boost,4.0,0.0,2,2.0,67276,7175,3157,,,,,0
BraTS-GLI-01114-000,none,0.0,0.0,0,-6.0,24063,1770,2607,,,,,23
BraTS-GLI-01114-000,none,0.0,0.0,0,-4.02,23372,1084,3298,0,0,0,0,23
BraTS-GLI-01114-000,none,0.0,0.0,0,-2.0,22422,608,4248,,,,,23
BraTS-GLI-01114-000,none,0.0,0.0,0,0.0,21317,313,5353,0,0,0,0,23
BraTS-GLI-01114-000,none,0.0,0.0,0,2.0,20109,145,6561,,,,,23
BraTS-GLI-01114-000,none,0.0,0.0,1,-6.0,38602,1920,1917,,,,,23
BraTS-GLI-01114-000,none,0.0,0.0,1,-4.02,38130,1646,2389,,,,,23
BraTS-GLI-01114-000,none,0.0,0.0,1,-2.0,37657,1413,2862,,,,,23
BraTS-GLI-01114-000,none,0.0,0.0,1,0.0,37113,1218,3406,,,,,23
BraTS-GLI-01114-000,none,0.0,0.0,1,2.0,36522,1008,3997,,,,,23
BraTS-GLI-01114-000,none,0.0,0.0,2,-6.0,76082,20908,248,,,,,23
BraTS-GLI-01114-000,none,0.0,0.0,2,-4.02,75945,18193,385,,,,,23
BraTS-GLI-01114-000,none,0.0,0.0,2,-2.0,75741,15752,589,,,,,23
BraTS-GLI-01114-000,none,0.0,0.0,2,0.0,75459,13534,871,,,,,23
BraTS-GLI-01114-000,none,0.0,0.0,2,2.0,75046,11605,1284,,,,,23
BraTS-GLI-01114-000,pspds,0.5,0.0,0,-6.0,24321,1846,2349,,,,,23
BraTS-GLI-01114-000,pspds,0.5,0.0,0,-4.02,23663,1153,3007,0,0,0,0,23
BraTS-GLI-01114-000,pspds,0.5,0.0,0,-2.0,22752,662,3918,,,,,23
BraTS-GLI-01114-000,pspds,0.5,0.0,0,0.0,21693,346,4977,0,0,0,0,23
BraTS-GLI-01114-000,pspds,0.5,0.0,0,2.0,20535,181,6135,,,,,23
BraTS-GLI-01114-000,pspds,0.5,0.0,1,-6.0,38815,2059,1704,,,,,23
BraTS-GLI-01114-000,pspds,0.5,0.0,1,-4.02,38407,1796,2112,,,,,23
BraTS-GLI-01114-000,pspds,0.5,0.0,1,-2.0,37960,1512,2559,,,,,23
BraTS-GLI-01114-000,pspds,0.5,0.0,1,0.0,37448,1314,3071,,,,,23
BraTS-GLI-01114-000,pspds,0.5,0.0,1,2.0,36895,1100,3624,,,,,23
BraTS-GLI-01114-000,pspds,0.5,0.0,2,-6.0,76113,21198,217,,,,,23
BraTS-GLI-01114-000,pspds,0.5,0.0,2,-4.02,75996,18505,334,,,,,23
BraTS-GLI-01114-000,pspds,0.5,0.0,2,-2.0,75829,16034,501,,,,,23
BraTS-GLI-01114-000,pspds,0.5,0.0,2,0.0,75583,13842,747,,,,,23
BraTS-GLI-01114-000,pspds,0.5,0.0,2,2.0,75214,11871,1116,,,,,23
BraTS-GLI-01114-000,pspds,0.5,1.0,0,-6.0,24221,1807,2449,,,,,23
BraTS-GLI-01114-000,pspds,0.5,1.0,0,-4.02,23561,1120,3109,0,0,0,0,23
BraTS-GLI-01114-000,pspds,0.5,1.0,0,-2.0,22604,634,4066,,,,,23
BraTS-GLI-01114-000,pspds,0.5,1.0,0,0.0,21546,330,5124,0,0,0,0,23
BraTS-GLI-01114-000,pspds,0.5,1.0,0,2.0,20349,166,6321,,,,,23
BraTS-GLI-01114-000,pspds,0.5,1.0,1,-6.0,38720,1991,1799,,,,,23
BraTS-GLI-01114-000,pspds,0.5,1.0,1,-4.02,38307,1732,2212,,,,,23
BraTS-GLI-01114-000,pspds,0.5,1.0,1,-2.0,37815,1461,2704,,,,,23
BraTS-GLI-01114-000,pspds,0.5,1.0,1,0.0,37316,1270,3203,,,,,23
BraTS-GLI-01114-000,pspds,0.5,1.0,1,2.0,36727,1053,3792,,,,,23
BraTS-GLI-01114-000,pspds,0.5,1.0,2,-6.0,76101,21062,229,,,,,23
BraTS-GLI-01114-000,pspds,0.5,1.0,2,-4.02,75978,18340,352,,,,,23
BraTS-GLI-01114-000,pspds,0.5,1.0,2,-2.0,75785,15895,545,,,,,23
BraTS-GLI-01114-000,pspds,0.5,1.0,2,0.0,75531,13693,799,,,,,23
BraTS-GLI-01114-000,pspds,0.5,1.0,2,2.0,75143,11732,1187,,,,,23
BraTS-GLI-01114-000,pspds,1.0,0.0,0,-6.0,24520,1888,2150,,,,,23
BraTS-GLI-01114-000,pspds,1.0,0.0,0,-4.02,23875,1222,2795,0,0,0,0,23
BraTS-GLI-01114-000,pspds,1.0,0.0,0,-2.0,23026,728,3644,,,,,23
BraTS-GLI-01114-000,pspds,1.0,0.0,0,0.0,21978,407,4692,0,0,0,0,23
BraTS-GLI-01114-000,pspds,1.0,0.0,0,2.0,20825,226,5845,,,,,23
BraTS-GLI-01114-000,pspds,1.0,0.0,1,-6.0,38994,2201,1525,,,,,23
BraTS-GLI-01114-000,pspds,1.0,0.0,1,-4.02,38590,1923,1929,,,,,23
BraTS-GLI-01114-000,pspds,1.0,0.0,1,-2.0,38203,1654,2316,,,,,23
BraTS-GLI-01114-000,pspds,1.0,0.0,1,0.0,37721,1421,2798,,,,,23
BraTS-GLI-01114-000,pspds,1.0,0.0,1,2.0,37202,1221,3317,,,,,23
BraTS-GLI-01114-000,pspds,1.0,0.0,2,-6.0,76135,21528,195,,,,,23
BraTS-GLI-01114-000,pspds,1.0,0.0,2,-4.02,76038,18824,292,,,,,23
BraTS-GLI-01114-000,pspds,1.0,0.0,2,-2.0,75870,16331,460,,,,,23
BraTS-GLI-01114-000,pspds,1.0,0.0,2,0.0,75670,14146,660,,,,,23
BraTS-GLI-01114-000,pspds,1.0,0.0,2,2.0,75343,12166,987,,,,,23
BraTS-GLI-01114-000,pspds,1.0,1.0,0,-6.0,24339,1850,2331,,,,,23
BraTS-GLI-01114-000,pspds,1.0,1.0,0,-4.02,23669,1155,3001,0,0,0,0,23
BraTS-GLI-01114-000,pspds,1.0,1.0,0,-2.0,22771,663,3899,,,,,23
BraTS-GLI-01114-000,pspds,1.0,1.0,0,0.0,21714,348,4956,0,0,0,0,23
BraTS-GLI-01114-000,pspds,1.0,1.0,0,2.0,20548,182,6122,,,,,23
BraTS-GLI-01114-000,pspds,1.0,1.0,1,-6.0,38822,2064,1697,,,,,23
BraTS-GLI-01114-000,pspds,1.0,1.0,1,-4.02,38418,1799,2101,,,,,23
BraTS-GLI-01114-000,pspds,1.0,1.0,1,-2.0,37975,1512,2544,,,,,23
BraTS-GLI-01114-000,pspds,1.0,1.0,1,0.0,37455,1316,3064,,,,,23
BraTS-GLI-01114-000,pspds,1.0,1.0,1,2.0,36911,1103,3608,,,,,23
BraTS-GLI-01114-000,pspds,1.0,1.0,2,-6.0,76114,21220,216,,,,,23
BraTS-GLI-01114-000,pspds,1.0,1.0,2,-4.02,75997,18515,333,,,,,23
BraTS-GLI-01114-000,pspds,1.0,1.0,2,-2.0,75828,16048,502,,,,,23
BraTS-GLI-01114-000,pspds,1.0,1.0,2,0.0,75585,13853,745,,,,,23
BraTS-GLI-01114-000,pspds,1.0,1.0,2,2.0,75225,11877,1105,,,,,23
BraTS-GLI-01114-000,interp,0.5,0.0,0,-6.0,24992,2084,1678,,,,,23
BraTS-GLI-01114-000,interp,0.5,0.0,0,-4.02,24335,1341,2335,0,0,0,0,23
BraTS-GLI-01114-000,interp,0.5,0.0,0,-2.0,23462,803,3208,,,,,23
BraTS-GLI-01114-000,interp,0.5,0.0,0,0.0,22453,465,4217,0,0,0,0,23
BraTS-GLI-01114-000,interp,0.5,0.0,0,2.0,21239,251,5431,,,,,23
BraTS-GLI-01114-000,interp,0.5,0.0,1,-6.0,39479,2772,1040,,,,,23
BraTS-GLI-01114-000,interp,0.5,0.0,1,-4.02,39098,2374,1421,,,,,23
BraTS-GLI-01114-000,interp,0.5,0.0,1,-2.0,38691,2049,1828,,,,,23
BraTS-GLI-01114-000,interp,0.5,0.0,1,0.0,38256,1763,2263,,,,,23
BraTS-GLI-01114-000,interp,0.5,0.0,1,2.0,37706,1460,2813,,,,,23
BraTS-GLI-01114-000,interp,0.5,0.0,2,-6.0,76259,24911,71,,,,,23
BraTS-GLI-01114-000,interp,0.5,0.0,2,-4.02,76194,21907,136,,,,,23
BraTS-GLI-01114-000,interp,0.5,0.0,2,-2.0,76088,19159,242,,,,,23
BraTS-GLI-01114-000,interp,0.5,0.0,2,0.0,75921,16735,409,,,,,23
BraTS-GLI-01114-000,interp,0.5,0.0,2,2.0,75684,14483,646,,,,,23
BraTS-GLI-01114-000,interp,1.0,0.0,0,-6.0,25621,2714,1049,,,,,23
BraTS-GLI-01114-000,interp,1.0,0.0,0,-4.02,25019,1859,1651,0,0,0,2,23
BraTS-GLI-01114-000,interp,1.0,0.0,0,-2.0,24197,1224,2473,,,,,23
BraTS-GLI-01114-000,interp,1.0,0.0,0,0.0,23193,743,3477,0,0,0,1,23
BraTS-GLI-01114-000,interp,1.0,0.0,0,2.0,22065,455,4605,,,,,23
BraTS-GLI-01114-000,interp,1.0,0.0,1,-6.0,40121,5007,398,,,,,23
BraTS-GLI-01114-000,interp,1.0,0.0,1,-4.02,39909,4354,610,,,,,23
BraTS-GLI-01114-000,interp,1.0,0.0,1,-2.0,39633,3757,886,,,,,23
BraTS-GLI-01114-000,interp,1.0,0.0,1,0.0,39252,3200,1267,,,,,23
BraTS-GLI-01114-000,interp,1.0,0.0,1,2.0,38812,2713,1707,,,,,23
BraTS-GLI-01114-000,interp,1.0,0.0,2,-6.0,76313,29846,17,,,,,23
BraTS-GLI-01114-000,interp,1.0,0.0,2,-4.02,76295,26586,35,,,,,23
BraTS-GLI-01114-000,interp,1.0,0.0,2,-2.0,76240,23633,90,,,,,23
BraTS-GLI-01114-000,interp,1.0,0.0,2,0.0,76142,20957,188,,,,,23
BraTS-GLI-01114-000,interp,1.0,0.0,2,2.0,75969,18400,361,,,,,23
BraTS-GLI-01114-000,global,0.5,0.0,0,-6.0,26013,3519,657,,,,,23
BraTS-GLI-01114-000,global,0.5,0.0,0,-4.02,25431,2491,1239,0,0,0,1,23
BraTS-GLI-01114-000,global,0.5,0.0,0,-2.0,24606,1773,2064,,,,,23
BraTS-GLI-01114-000,global,0.5,0.0,0,0.0,23582,1234,3088,0,0,0,1,23
BraTS-GLI-01114-000,global,0.5,0.0,0,2.0,22388,876,4282,,,,,23
BraTS-GLI-01114-000,global,0.5,0.0,1,-6.0,40413,11273,106,,,,,23
BraTS-GLI-01114-000,global,0.5,0.0,1,-4.02,40359,10085,160,,,,,23
BraTS-GLI-01114-000,global,0.5,0.0,1,-2.0,40244,9014,275,,,,,23
BraTS-GLI-01114-000,global,0.5,0.0,1,0.0,40104,7907,415,,,,,23
BraTS-GLI-01114-000,global,0.5,0.0,1,2.0,39889,6717,630,,,,,23
BraTS-GLI-01114-000,global,0.5,0.0,2,-6.0,76329,34507,1,,,,,23
BraTS-GLI-01114-000,global,0.5,0.0,2,-4.02,76326,31146,4,,,,,23
BraTS-GLI-01114-000,global,0.5,0.0,2,-2.0,76311,27995,19,,,,,23
BraTS-GLI-01114-000,global,0.5,0.0,2,0.0,76281,25053,49,,,,,23
BraTS-GLI-01114-000,global,0.5,0.0,2,2.0,76206,22250,124,,,,,23
BraTS-GLI-01114-000,global,1.0,0.0,0,-6.0,25739,5749,931,,,,,23
BraTS-GLI-01114-000,global,1.0,0.0,0,-4.02,24983,4446,1687,0,0,0,7,23
BraTS-GLI-01114-000,global,1.0,0.0,0,-2.0,24000,3480,2670,,,,,23
BraTS-GLI-01114-000,global,1.0,0.0,0,0.0,22906,2812,3764,0,0,0,3,23
BraTS-GLI-01114-000,global,1.0,0.0,0,2.0,21621,2270,5049,,,,,23
BraTS-GLI-01114-000,global,1.0,0.0,1,-6.0,40519,52343,0,,,,,23
BraTS-GLI-01114-000,global,1.0,0.0,1,-4.02,40519,48384,0,,,,,23
BraTS-GLI-01114-000,global,1.0,0.0,1,-2.0,40519,44268,0,,,,,23
BraTS-GLI-01114-000,global,1.0,0.0,1,0.0,40518,39802,1,,,,,23
BraTS-GLI-01114-000,global,1.0,0.0,1,2.0,40510,34642,9,,,,,23
BraTS-GLI-01114-000,global,1.0,0.0,2,-6.0,76330,64276,0,,,,,23
BraTS-GLI-01114-000,global,1.0,0.0,2,-4.02,76330,59881,0,,,,,23
BraTS-GLI-01114-000,global,1.0,0.0,2,-2.0,76325,55686,5,,,,,23
BraTS-GLI-01114-000,global,1.0,0.0,2,0.0,76310,51745,20,,,,,23
BraTS-GLI-01114-000,global,1.0,0.0,2,2.0,76275,47957,55,,,,,23
BraTS-GLI-01114-000,dilate,0.0,0.0,0,-6.0,26459,19651,211,,,,,23
BraTS-GLI-01114-000,dilate,0.0,0.0,0,-4.02,26399,18728,271,0,0,0,0,23
BraTS-GLI-01114-000,dilate,0.0,0.0,0,-2.0,26327,17694,343,,,,,23
BraTS-GLI-01114-000,dilate,0.0,0.0,0,0.0,26231,16579,439,0,0,0,0,23
BraTS-GLI-01114-000,dilate,0.0,0.0,0,2.0,26081,15540,589,,,,,23
BraTS-GLI-01114-000,dilate,0.0,0.0,1,-6.0,38602,1920,1917,,,,,23
BraTS-GLI-01114-000,dilate,0.0,0.0,1,-4.02,38130,1646,2389,,,,,23
BraTS-GLI-01114-000,dilate,0.0,0.0,1,-2.0,37657,1413,2862,,,,,23
BraTS-GLI-01114-000,dilate,0.0,0.0,1,0.0,37113,1218,3406,,,,,23
BraTS-GLI-01114-000,dilate,0.0,0.0,1,2.0,36522,1008,3997,,,,,23
BraTS-GLI-01114-000,dilate,0.0,0.0,2,-6.0,76082,20908,248,,,,,23
BraTS-GLI-01114-000,dilate,0.0,0.0,2,-4.02,75945,18193,385,,,,,23
BraTS-GLI-01114-000,dilate,0.0,0.0,2,-2.0,75741,15752,589,,,,,23
BraTS-GLI-01114-000,dilate,0.0,0.0,2,0.0,75459,13534,871,,,,,23
BraTS-GLI-01114-000,dilate,0.0,0.0,2,2.0,75046,11605,1284,,,,,23
BraTS-GLI-01114-000,boost,2.0,0.0,0,-6.0,24633,2661,2037,,,,,23
BraTS-GLI-01114-000,boost,2.0,0.0,0,-4.02,24069,1775,2601,0,0,0,0,23
BraTS-GLI-01114-000,boost,2.0,0.0,0,-2.0,23367,1074,3303,,,,,23
BraTS-GLI-01114-000,boost,2.0,0.0,0,0.0,22420,608,4250,0,0,0,0,23
BraTS-GLI-01114-000,boost,2.0,0.0,0,2.0,21317,313,5353,,,,,23
BraTS-GLI-01114-000,boost,2.0,0.0,1,-6.0,38602,1920,1917,,,,,23
BraTS-GLI-01114-000,boost,2.0,0.0,1,-4.02,38130,1646,2389,,,,,23
BraTS-GLI-01114-000,boost,2.0,0.0,1,-2.0,37657,1413,2862,,,,,23
BraTS-GLI-01114-000,boost,2.0,0.0,1,0.0,37113,1218,3406,,,,,23
BraTS-GLI-01114-000,boost,2.0,0.0,1,2.0,36522,1008,3997,,,,,23
BraTS-GLI-01114-000,boost,2.0,0.0,2,-6.0,76082,20908,248,,,,,23
BraTS-GLI-01114-000,boost,2.0,0.0,2,-4.02,75945,18193,385,,,,,23
BraTS-GLI-01114-000,boost,2.0,0.0,2,-2.0,75741,15752,589,,,,,23
BraTS-GLI-01114-000,boost,2.0,0.0,2,0.0,75459,13534,871,,,,,23
BraTS-GLI-01114-000,boost,2.0,0.0,2,2.0,75046,11605,1284,,,,,23
BraTS-GLI-01114-000,boost,4.0,0.0,0,-6.0,25097,3744,1573,,,,,23
BraTS-GLI-01114-000,boost,4.0,0.0,0,-4.02,24637,2667,2033,0,0,0,0,23
BraTS-GLI-01114-000,boost,4.0,0.0,0,-2.0,24060,1770,2610,,,,,23
BraTS-GLI-01114-000,boost,4.0,0.0,0,0.0,23365,1074,3305,0,0,0,0,23
BraTS-GLI-01114-000,boost,4.0,0.0,0,2.0,22420,608,4250,,,,,23
BraTS-GLI-01114-000,boost,4.0,0.0,1,-6.0,38602,1920,1917,,,,,23
BraTS-GLI-01114-000,boost,4.0,0.0,1,-4.02,38130,1646,2389,,,,,23
BraTS-GLI-01114-000,boost,4.0,0.0,1,-2.0,37657,1413,2862,,,,,23
BraTS-GLI-01114-000,boost,4.0,0.0,1,0.0,37113,1218,3406,,,,,23
BraTS-GLI-01114-000,boost,4.0,0.0,1,2.0,36522,1008,3997,,,,,23
BraTS-GLI-01114-000,boost,4.0,0.0,2,-6.0,76082,20908,248,,,,,23
BraTS-GLI-01114-000,boost,4.0,0.0,2,-4.02,75945,18193,385,,,,,23
BraTS-GLI-01114-000,boost,4.0,0.0,2,-2.0,75741,15752,589,,,,,23
BraTS-GLI-01114-000,boost,4.0,0.0,2,0.0,75459,13534,871,,,,,23
BraTS-GLI-01114-000,boost,4.0,0.0,2,2.0,75046,11605,1284,,,,,23
BraTS-GLI-01293-000,none,0.0,0.0,0,-6.0,3376,1258,8366,,,,,18
BraTS-GLI-01293-000,none,0.0,0.0,0,-4.02,3363,1144,8379,0,15,0,1,18
BraTS-GLI-01293-000,none,0.0,0.0,0,-2.0,3355,1062,8387,,,,,18
BraTS-GLI-01293-000,none,0.0,0.0,0,0.0,3346,973,8396,0,15,0,0,18
BraTS-GLI-01293-000,none,0.0,0.0,0,2.0,3334,878,8408,,,,,18
BraTS-GLI-01293-000,none,0.0,0.0,1,-6.0,4340,894,89606,,,,,18
BraTS-GLI-01293-000,none,0.0,0.0,1,-4.02,4168,801,89778,,,,,18
BraTS-GLI-01293-000,none,0.0,0.0,1,-2.0,4026,721,89920,,,,,18
BraTS-GLI-01293-000,none,0.0,0.0,1,0.0,3895,658,90051,,,,,18
BraTS-GLI-01293-000,none,0.0,0.0,1,2.0,3799,601,90147,,,,,18
BraTS-GLI-01293-000,none,0.0,0.0,2,-6.0,43635,22688,85886,,,,,18
BraTS-GLI-01293-000,none,0.0,0.0,2,-4.02,42100,19750,87421,,,,,18
BraTS-GLI-01293-000,none,0.0,0.0,2,-2.0,40494,17176,89027,,,,,18
BraTS-GLI-01293-000,none,0.0,0.0,2,0.0,39021,15006,90500,,,,,18
BraTS-GLI-01293-000,none,0.0,0.0,2,2.0,37559,12945,91962,,,,,18
BraTS-GLI-01293-000,pspds,0.5,0.0,0,-6.0,3379,1290,8363,,,,,18
BraTS-GLI-01293-000,pspds,0.5,0.0,0,-4.02,3373,1177,8369,0,15,0,2,18
BraTS-GLI-01293-000,pspds,0.5,0.0,0,-2.0,3361,1086,8381,,,,,18
BraTS-GLI-01293-000,pspds,0.5,0.0,0,0.0,3350,998,8392,0,15,0,0,18
BraTS-GLI-01293-000,pspds,0.5,0.0,0,2.0,3342,907,8400,,,,,18
BraTS-GLI-01293-000,pspds,0.5,0.0,1,-6.0,4392,915,89554,,,,,18
BraTS-GLI-01293-000,pspds,0.5,0.0,1,-4.02,4220,828,89726,,,,,18
BraTS-GLI-01293-000,pspds,0.5,0.0,1,-2.0,4068,740,89878,,,,,18
BraTS-GLI-01293-000,pspds,0.5,0.0,1,0.0,3946,680,90000,,,,,18
BraTS-GLI-01293-000,pspds,0.5,0.0,1,2.0,3843,626,90103,,,,,18
BraTS-GLI-01293-000,pspds,0.5,0.0,2,-6.0,43663,22866,85858,,,,,18
BraTS-GLI-01293-000,pspds,0.5,0.0,2,-4.02,42135,19940,87386,,,,,18
BraTS-GLI-01293-000,pspds,0.5,0.0,2,-2.0,40544,17382,88977,,,,,18
BraTS-GLI-01293-000,pspds,0.5,0.0,2,0.0,39090,15183,90431,,,,,18
BraTS-GLI-01293-000,pspds,0.5,0.0,2,2.0,37636,13114,91885,,,,,18
BraTS-GLI-01293-000,pspds,0.5,1.0,0,-6.0,3378,1279,8364,,,,,18
BraTS-GLI-01293-000,pspds,0.5,1.0,0,-4.02,3368,1159,8374,0,15,0,2,18
BraTS-GLI-01293-000,pspds,0.5,1.0,0,-2.0,3357,1072,8385,,,,,18
BraTS-GLI-01293-000,pspds,0.5,1.0,0,0.0,3348,985,8394,0,15,0,0,18
BraTS-GLI-01293-000,pspds,0.5,1.0,0,2.0,3335,892,8407,,,,,18
BraTS-GLI-01293-000,pspds,0.5,1.0,1,-6.0,4360,907,89586,,,,,18
BraTS-GLI-01293-000,pspds,0.5,1.0,1,-4.02,4192,811,89754,,,,,18
BraTS-GLI-01293-000,pspds,0.5,1.0,1,-2.0,4042,733,89904,,,,,18
BraTS-GLI-01293-000,pspds,0.5,1.0,1,0.0,3921,664,90025,,,,,18
BraTS-GLI-01293-000,pspds,0.5,1.0,1,2.0,3823,614,90123,,,,,18
BraTS-GLI-01293-000,pspds,0.5,1.0,2,-6.0,43657,22776,85864,,,,,18
BraTS-GLI-01293-000,pspds,0.5,1.0,2,-4.02,42130,19830,87391,,,,,18
BraTS-GLI-01293-000,pspds,0.5,1.0,2,-2.0,40513,17278,89008,,,,,18
BraTS-GLI-01293-000,pspds,0.5,1.0,2,0.0,39056,15083,90465,,,,,18
BraTS-GLI-01293-000,pspds,0.5,1.0,2,2.0,37596,13030,91925,,,,,18
BraTS-GLI-01293-000,pspds,1.0,0.0,0,-6.0,3382,1323,8360,,,,,18
BraTS-GLI-01293-000,pspds,1.0,0.0,0,-4.02,3378,1200,8364,0,15,0,1,18
BraTS-GLI-01293-000,pspds,1.0,0.0,0,-2.0,3368,1112,8374,,,,,18
BraTS-GLI-01293-000,pspds,1.0,0.0,0,0.0,3361,1019,8381,0,15,0,0,18
BraTS-GLI-01293-000,pspds,1.0,0.0,0,2.0,3351,926,8391,,,,,18
BraTS-GLI-01293-000,pspds,1.0,0.0,1,-6.0,4441,941,89505,,,,,18
BraTS-GLI-01293-000,pspds,1.0,0.0,1,-4.02,4265,847,89681,,,,,18
BraTS-GLI-01293-000,pspds,1.0,0.0,1,-2.0,4115,765,89831,,,,,18
BraTS-GLI-01293-000,pspds,1.0,0.0,1,0.0,3994,695,89952,,,,,18
BraTS-GLI-01293-000,pspds,1.0,0.0,1,2.0,3883,645,90063,,,,,18
BraTS-GLI-01293-000,pspds,1.0,0.0,2,-6.0,43693,23035,85828,,,,,18
BraTS-GLI-01293-000,pspds,1.0,0.0,2,-4.02,42176,20135,87345,,,,,18
BraTS-GLI-01293-000,pspds,1.0,0.0,2,-2.0,40595,17532,88926,,,,,18
BraTS-GLI-01293-000,pspds,1.0,0.0,2,0.0,39179,15340,90342,,,,,18
BraTS-GLI-01293-000,pspds,1.0,0.0,2,2.0,37710,13274,91811,,,,,18
BraTS-GLI-01293-000,pspds,1.0,1.0,0,-6.0,3378,1288,8364,,,,,18
BraTS-GLI-01293-000,pspds,1.0,1.0,0,-4.02,3373,1172,8369,0,15,0,2,18
BraTS-GLI-01293-000,pspds,1.0,1.0,0,-2.0,3360,1082,8382,,,,,18
BraTS-GLI-01293-000,pspds,1.0,1.0,0,0.0,3350,996,8392,0,15,0,0,18
BraTS-GLI-01293-000,pspds,1.0,1.0,0,2.0,3338,902,8404,,,,,18
BraTS-GLI-01293-000,pspds,1.0,1.0,1,-6.0,4381,912,89565,,,,,18
BraTS-GLI-01293-000,pspds,1.0,1.0,1,-4.02,4216,826,89730,,,,,18
BraTS-GLI-01293-000,pspds,1.0,1.0,1,-2.0,4062,740,89884,,,,,18
BraTS-GLI-01293-000,pspds,1.0,1.0,1,0.0,3940,672,90006,,,,,18
BraTS-GLI-01293-000,pspds,1.0,1.0,1,2.0,3835,622,90111,,,,,18
BraTS-GLI-01293-000,pspds,1.0,1.0,2,-6.0,43669,22854,85852,,,,,18
BraTS-GLI-01293-000,pspds,1.0,1.0,2,-4.02,42134,19933,87387,,,,,18
BraTS-GLI-01293-000,pspds,1.0,1.0,2,-2.0,40547,17371,88974,,,,,18
BraTS-GLI-01293-000,pspds,1.0,1.0,2,0.0,39089,15173,90432,,,,,18
BraTS-GLI-01293-000,pspds,1.0,1.0,2,2.0,37629,13100,91892,,,,,18
BraTS-GLI-01293-000,interp,0.5,0.0,0,-6.0,3388,1554,8354,,,,,18
BraTS-GLI-01293-000,interp,0.5,0.0,0,-4.02,3380,1422,8362,3,15,1,0,18
BraTS-GLI-01293-000,interp,0.5,0.0,0,-2.0,3370,1315,8372,,,,,18
BraTS-GLI-01293-000,interp,0.5,0.0,0,0.0,3359,1207,8383,0,15,0,0,18
BraTS-GLI-01293-000,interp,0.5,0.0,0,2.0,3348,1099,8394,,,,,18
BraTS-GLI-01293-000,interp,0.5,0.0,1,-6.0,5472,1110,88474,,,,,18
BraTS-GLI-01293-000,interp,0.5,0.0,1,-4.02,5222,1006,88724,,,,,18
BraTS-GLI-01293-000,interp,0.5,0.0,1,-2.0,5002,917,88944,,,,,18
BraTS-GLI-01293-000,interp,0.5,0.0,1,0.0,4783,819,89163,,,,,18
BraTS-GLI-01293-000,interp,0.5,0.0,1,2.0,4587,763,89359,,,,,18
BraTS-GLI-01293-000,interp,0.5,0.0,2,-6.0,45090,23427,84431,,,,,18
BraTS-GLI-01293-000,interp,0.5,0.0,2,-4.02,43534,20562,85987,,,,,18
BraTS-GLI-01293-000,interp,0.5,0.0,2,-2.0,41925,17987,87596,,,,,18
BraTS-GLI-01293-000,interp,0.5,0.0,2,0.0,40411,15747,89110,,,,,18
BraTS-GLI-01293-000,interp,0.5,0.0,2,2.0,38925,13656,90596,,,,,18
BraTS-GLI-01293-000,interp,1.0,0.0,0,-6.0,3428,1843,8314,,,,,18
BraTS-GLI-01293-000,interp,1.0,0.0,0,-4.02,3412,1684,8330,28,15,1,1,18
BraTS-GLI-01293-000,interp,1.0,0.0,0,-2.0,3401,1540,8341,,,,,18
BraTS-GLI-01293-000,interp,1.0,0.0,0,0.0,3386,1414,8356,17,15,1,0,18
BraTS-GLI-01293-000,interp,1.0,0.0,0,2.0,3377,1289,8365,,,,,18
BraTS-GLI-01293-000,interp,1.0,0.0,1,-6.0,7177,1406,86769,,,,,18
BraTS-GLI-01293-000,interp,1.0,0.0,1,-4.02,6765,1282,87181,,,,,18
BraTS-GLI-01293-000,interp,1.0,0.0,1,-2.0,6377,1169,87569,,,,,18
BraTS-GLI-01293-000,interp,1.0,0.0,1,0.0,6031,1075,87915,,,,,18
BraTS-GLI-01293-000,interp,1.0,0.0,1,2.0,5715,974,88231,,,,,18
BraTS-GLI-01293-000,interp,1.0,0.0,2,-6.0,47076,23958,82445,,,,,18
BraTS-GLI-01293-000,interp,1.0,0.0,2,-4.02,45289,21115,84232,,,,,18
BraTS-GLI-01293-000,interp,1.0,0.0,2,-2.0,43557,18562,85964,,,,,18
BraTS-GLI-01293-000,interp,1.0,0.0,2,0.0,42006,16375,87515,,,,,18
BraTS-GLI-01293-000,interp,1.0,0.0,2,2.0,40371,14258,89150,,,,,18
BraTS-GLI-01293-000,global,0.5,0.0,0,-6.0,3488,2246,8254,,,,,18
BraTS-GLI-01293-000,global,0.5,0.0,0,-4.02,3475,2022,8267,82,15,2,0,18
BraTS-GLI-01293-000,global,0.5,0.0,0,-2.0,3461,1804,8281,,,,,18
BraTS-GLI-01293-000,global,0.5,0.0,0,0.0,3436,1625,8306,51,15,2,0,18
BraTS-GLI-01293-000,global,0.5,0.0,0,2.0,3410,1455,8332,,,,,18
BraTS-GLI-01293-000,global,0.5,0.0,1,-6.0,12044,1845,81902,,,,,18
BraTS-GLI-01293-000,global,0.5,0.0,1,-4.02,10970,1681,82976,,,,,18
BraTS-GLI-01293-000,global,0.5,0.0,1,-2.0,9802,1531,84144,,,,,18
BraTS-GLI-01293-000,global,0.5,0.0,1,0.0,8734,1395,85212,,,,,18
BraTS-GLI-01293-000,global,0.5,0.0,1,2.0,7817,1287,86129,,,,,18
BraTS-GLI-01293-000,global,0.5,0.0,2,-6.0,53785,24676,75736,,,,,18
BraTS-GLI-01293-000,global,0.5,0.0,2,-4.02,51225,21721,78296,,,,,18
BraTS-GLI-01293-000,global,0.5,0.0,2,-2.0,48466,19100,81055,,,,,18
BraTS-GLI-01293-000,global,0.5,0.0,2,0.0,45964,16875,83557,,,,,18
BraTS-GLI-01293-000,global,0.5,0.0,2,2.0,43478,14731,86043,,,,,18
BraTS-GLI-01293-000,global,1.0,0.0,0,-6.0,4002,3203,7740,,,,,18
BraTS-GLI-01293-000,global,1.0,0.0,0,-4.02,3914,2792,7828,508,15,4,1,18
BraTS-GLI-01293-000,global,1.0,0.0,0,-2.0,3839,2473,7903,,,,,18
BraTS-GLI-01293-000,global,1.0,0.0,0,0.0,3769,2186,7973,365,15,3,3,18
BraTS-GLI-01293-000,global,1.0,0.0,0,2.0,3702,1905,8040,,,,,18
BraTS-GLI-01293-000,global,1.0,0.0,1,-6.0,26522,5984,67424,,,,,18
BraTS-GLI-01293-000,global,1.0,0.0,1,-4.02,24451,5400,69495,,,,,18
BraTS-GLI-01293-000,global,1.0,0.0,1,-2.0,22295,4870,71651,,,,,18
BraTS-GLI-01293-000,global,1.0,0.0,1,0.0,20091,4381,73855,,,,,18
BraTS-GLI-01293-000,global,1.0,0.0,1,2.0,17792,3934,76154,,,,,18
BraTS-GLI-01293-000,global,1.0,0.0,2,-6.0,66095,27402,63426,,,,,18
BraTS-GLI-01293-000,global,1.0,0.0,2,-4.02,63129,24425,66392,,,,,18
BraTS-GLI-01293-000,global,1.0,0.0,2,-2.0,59842,21771,69679,,,,,18
BraTS-GLI-01293-000,global,1.0,0.0,2,0.0,56675,19481,72846,,,,,18
BraTS-GLI-01293-000,global,1.0,0.0,2,2.0,53353,17256,76168,,,,,18
BraTS-GLI-01293-000,dilate,0.0,0.0,0,-6.0,3407,4367,8335,,,,,18
BraTS-GLI-01293-000,dilate,0.0,0.0,0,-4.02,3401,4170,8341,6,15,1,1,18
BraTS-GLI-01293-000,dilate,0.0,0.0,0,-2.0,3399,4063,8343,,,,,18
BraTS-GLI-01293-000,dilate,0.0,0.0,0,0.0,3395,3915,8347,3,15,1,0,18
BraTS-GLI-01293-000,dilate,0.0,0.0,0,2.0,3392,3785,8350,,,,,18
BraTS-GLI-01293-000,dilate,0.0,0.0,1,-6.0,4340,894,89606,,,,,18
BraTS-GLI-01293-000,dilate,0.0,0.0,1,-4.02,4168,801,89778,,,,,18
BraTS-GLI-01293-000,dilate,0.0,0.0,1,-2.0,4026,721,89920,,,,,18
BraTS-GLI-01293-000,dilate,0.0,0.0,1,0.0,3895,658,90051,,,,,18
BraTS-GLI-01293-000,dilate,0.0,0.0,1,2.0,3799,601,90147,,,,,18
BraTS-GLI-01293-000,dilate,0.0,0.0,2,-6.0,43635,22688,85886,,,,,18
BraTS-GLI-01293-000,dilate,0.0,0.0,2,-4.02,42100,19750,87421,,,,,18
BraTS-GLI-01293-000,dilate,0.0,0.0,2,-2.0,40494,17176,89027,,,,,18
BraTS-GLI-01293-000,dilate,0.0,0.0,2,0.0,39021,15006,90500,,,,,18
BraTS-GLI-01293-000,dilate,0.0,0.0,2,2.0,37559,12945,91962,,,,,18
BraTS-GLI-01293-000,boost,2.0,0.0,0,-6.0,3380,1364,8362,,,,,18
BraTS-GLI-01293-000,boost,2.0,0.0,0,-4.02,3373,1239,8369,0,15,0,2,18
BraTS-GLI-01293-000,boost,2.0,0.0,0,-2.0,3362,1134,8380,,,,,18
BraTS-GLI-01293-000,boost,2.0,0.0,0,0.0,3354,1060,8388,0,15,0,0,18
BraTS-GLI-01293-000,boost,2.0,0.0,0,2.0,3343,971,8399,,,,,18
BraTS-GLI-01293-000,boost,2.0,0.0,1,-6.0,4340,894,89606,,,,,18
BraTS-GLI-01293-000,boost,2.0,0.0,1,-4.02,4168,801,89778,,,,,18
BraTS-GLI-01293-000,boost,2.0,0.0,1,-2.0,4026,721,89920,,,,,18
BraTS-GLI-01293-000,boost,2.0,0.0,1,0.0,3895,658,90051,,,,,18
BraTS-GLI-01293-000,boost,2.0,0.0,1,2.0,3799,601,90147,,,,,18
BraTS-GLI-01293-000,boost,2.0,0.0,2,-6.0,43635,22688,85886,,,,,18
BraTS-GLI-01293-000,boost,2.0,0.0,2,-4.02,42100,19750,87421,,,,,18
BraTS-GLI-01293-000,boost,2.0,0.0,2,-2.0,40494,17176,89027,,,,,18
BraTS-GLI-01293-000,boost,2.0,0.0,2,0.0,39021,15006,90500,,,,,18
BraTS-GLI-01293-000,boost,2.0,0.0,2,2.0,37559,12945,91962,,,,,18
BraTS-GLI-01293-000,boost,4.0,0.0,0,-6.0,3383,1464,8359,,,,,18
BraTS-GLI-01293-000,boost,4.0,0.0,0,-4.02,3377,1344,8365,0,15,0,2,18
BraTS-GLI-01293-000,boost,4.0,0.0,0,-2.0,3372,1229,8370,,,,,18
BraTS-GLI-01293-000,boost,4.0,0.0,0,0.0,3361,1132,8381,0,15,0,0,18
BraTS-GLI-01293-000,boost,4.0,0.0,0,2.0,3351,1058,8391,,,,,18
BraTS-GLI-01293-000,boost,4.0,0.0,1,-6.0,4340,894,89606,,,,,18
BraTS-GLI-01293-000,boost,4.0,0.0,1,-4.02,4168,801,89778,,,,,18
BraTS-GLI-01293-000,boost,4.0,0.0,1,-2.0,4026,721,89920,,,,,18
BraTS-GLI-01293-000,boost,4.0,0.0,1,0.0,3895,658,90051,,,,,18
BraTS-GLI-01293-000,boost,4.0,0.0,1,2.0,3799,601,90147,,,,,18
BraTS-GLI-01293-000,boost,4.0,0.0,2,-6.0,43635,22688,85886,,,,,18
BraTS-GLI-01293-000,boost,4.0,0.0,2,-4.02,42100,19750,87421,,,,,18
BraTS-GLI-01293-000,boost,4.0,0.0,2,-2.0,40494,17176,89027,,,,,18
BraTS-GLI-01293-000,boost,4.0,0.0,2,0.0,39021,15006,90500,,,,,18
BraTS-GLI-01293-000,boost,4.0,0.0,2,2.0,37559,12945,91962,,,,,18
BraTS-GLI-00186-000,none,0.0,0.0,0,-6.0,18590,2851,2527,,,,,278
BraTS-GLI-00186-000,none,0.0,0.0,0,-4.02,18336,2457,2781,0,2,0,0,278
BraTS-GLI-00186-000,none,0.0,0.0,0,-2.0,18049,2103,3068,,,,,278
BraTS-GLI-00186-000,none,0.0,0.0,0,0.0,17716,1768,3401,0,2,0,0,278
BraTS-GLI-00186-000,none,0.0,0.0,0,2.0,17328,1521,3789,,,,,278
BraTS-GLI-00186-000,none,0.0,0.0,1,-6.0,23079,1251,4391,,,,,278
BraTS-GLI-00186-000,none,0.0,0.0,1,-4.02,22626,1070,4844,,,,,278
BraTS-GLI-00186-000,none,0.0,0.0,1,-2.0,22207,901,5263,,,,,278
BraTS-GLI-00186-000,none,0.0,0.0,1,0.0,21813,794,5657,,,,,278
BraTS-GLI-00186-000,none,0.0,0.0,1,2.0,21403,671,6067,,,,,278
BraTS-GLI-00186-000,none,0.0,0.0,2,-6.0,116989,14512,142,,,,,278
BraTS-GLI-00186-000,none,0.0,0.0,2,-4.02,116914,12010,217,,,,,278
BraTS-GLI-00186-000,none,0.0,0.0,2,-2.0,116794,9655,337,,,,,278
BraTS-GLI-00186-000,none,0.0,0.0,2,0.0,116592,7586,539,,,,,278
BraTS-GLI-00186-000,none,0.0,0.0,2,2.0,116286,5689,845,,,,,278
BraTS-GLI-00186-000,pspds,0.5,0.0,0,-6.0,18689,2946,2428,,,,,278
BraTS-GLI-00186-000,pspds,0.5,0.0,0,-4.02,18442,2536,2675,0,2,0,1,278
BraTS-GLI-00186-000,pspds,0.5,0.0,0,-2.0,18153,2160,2964,,,,,278
BraTS-GLI-00186-000,pspds,0.5,0.0,0,0.0,17842,1834,3275,0,2,0,0,278
BraTS-GLI-00186-000,pspds,0.5,0.0,0,2.0,17451,1567,3666,,,,,278
BraTS-GLI-00186-000,pspds,0.5,0.0,1,-6.0,23217,1317,4253,,,,,278
BraTS-GLI-00186-000,pspds,0.5,0.0,1,-4.02,22813,1128,4657,,,,,278
BraTS-GLI-00186-000,pspds,0.5,0.0,1,-2.0,22375,951,5095,,,,,278
BraTS-GLI-00186-000,pspds,0.5,0.0,1,0.0,21972,826,5498,,,,,278
BraTS-GLI-00186-000,pspds,0.5,0.0,1,2.0,21584,716,5886,,,,,278
BraTS-GLI-00186-000,pspds,0.5,0.0,2,-6.0,116987,14589,144,,,,,278
BraTS-GLI-00186-000,pspds,0.5,0.0,2,-4.02,116923,12092,208,,,,,278
BraTS-GLI-00186-000,pspds,0.5,0.0,2,-2.0,116806,9800,325,,,,,278
BraTS-GLI-00186-000,pspds,0.5,0.0,2,0.0,116615,7742,516,,,,,278
BraTS-GLI-00186-000,pspds,0.5,0.0,2,2.0,116323,5859,808,,,,,278
BraTS-GLI-00186-000,pspds,0.5,1.0,0,-6.0,18647,2904,2470,,,,,278
BraTS-GLI-00186-000,pspds,0.5,1.0,0,-4.02,18399,2498,2718,0,2,0,1,278
BraTS-GLI-00186-000,pspds,0.5,1.0,0,-2.0,18108,2134,3009,,,,,278
BraTS-GLI-00186-000,pspds,0.5,1.0,0,0.0,17786,1800,3331,0,2,0,0,278
BraTS-GLI-00186-000,pspds,0.5,1.0,0,2.0,17402,1552,3715,,,,,278
BraTS-GLI-00186-000,pspds,0.5,1.0,1,-6.0,23153,1283,4317,,,,,278
BraTS-GLI-00186-000,pspds,0.5,1.0,1,-4.02,22722,1107,4748,,,,,278
BraTS-GLI-00186-000,pspds,0.5,1.0,1,-2.0,22297,921,5173,,,,,278
BraTS-GLI-00186-000,pspds,0.5,1.0,1,0.0,21893,811,5577,,,,,278
BraTS-GLI-00186-000,pspds,0.5,1.0,1,2.0,21497,691,5973,,,,,278
BraTS-GLI-00186-000,pspds,0.5,1.0,2,-6.0,116986,14542,145,,,,,278
BraTS-GLI-00186-000,pspds,0.5,1.0,2,-4.02,116919,12067,212,,,,,278
BraTS-GLI-00186-000,pspds,0.5,1.0,2,-2.0,116803,9736,328,,,,,278
BraTS-GLI-00186-000,pspds,0.5,1.0,2,0.0,116600,7669,531,,,,,278
BraTS-GLI-00186-000,pspds,0.5,1.0,2,2.0,116310,5779,821,,,,,278
BraTS-GLI-00186-000,pspds,1.0,0.0,0,-6.0,18784,3016,2333,,,,,278
BraTS-GLI-00186-000,pspds,1.0,0.0,0,-4.02,18521,2594,2596,0,2,0,1,278
BraTS-GLI-00186-000,pspds,1.0,0.0,0,-2.0,18246,2231,2871,,,,,278
BraTS-GLI-00186-000,pspds,1.0,0.0,0,0.0,17946,1886,3171,0,2,0,0,278
BraTS-GLI-00186-000,pspds,1.0,0.0,0,2.0,17566,1621,3551,,,,,278
BraTS-GLI-00186-000,pspds,1.0,0.0,1,-6.0,23371,1356,4099,,,,,278
BraTS-GLI-00186-000,pspds,1.0,0.0,1,-4.02,22945,1172,4525,,,,,278
BraTS-GLI-00186-000,pspds,1.0,0.0,1,-2.0,22521,1000,4949,,,,,278
BraTS-GLI-00186-000,pspds,1.0,0.0,1,0.0,22119,862,5351,,,,,278
BraTS-GLI-00186-000,pspds,1.0,0.0,1,2.0,21745,751,5725,,,,,278
BraTS-GLI-00186-000,pspds,1.0,0.0,2,-6.0,116988,14680,143,,,,,278
BraTS-GLI-00186-000,pspds,1.0,0.0,2,-4.02,116922,12217,209,,,,,278
BraTS-GLI-00186-000,pspds,1.0,0.0,2,-2.0,116812,9933,319,,,,,278
BraTS-GLI-00186-000,pspds,1.0,0.0,2,0.0,116627,7897,504,,,,,278
BraTS-GLI-00186-000,pspds,1.0,0.0,2,2.0,116356,6014,775,,,,,278
BraTS-GLI-00186-000,pspds,1.0,1.0,0,-6.0,18691,2946,2426,,,,,278
BraTS-GLI-00186-000,pspds,1.0,1.0,0,-4.02,18448,2533,2669,0,2,0,1,278
BraTS-GLI-00186-000,pspds,1.0,1.0,0,-2.0,18162,2159,2955,,,,,278
BraTS-GLI-00186-000,pspds,1.0,1.0,0,0.0,17845,1836,3272,0,2,0,0,278
BraTS-GLI-00186-000,pspds,1.0,1.0,0,2.0,17457,1565,3660,,,,,278
BraTS-GLI-00186-000,pspds,1.0,1.0,1,-6.0,23221,1312,4249,,,,,278
BraTS-GLI-00186-000,pspds,1.0,1.0,1,-4.02,22815,1125,4655,,,,,278
BraTS-GLI-00186-000,pspds,1.0,1.0,1,-2.0,22374,950,5096,,,,,278
BraTS-GLI-00186-000,pspds,1.0,1.0,1,0.0,21978,823,5492,,,,,278
BraTS-GLI-00186-000,pspds,1.0,1.0,1,2.0,21594,716,5876,,,,,278
BraTS-GLI-00186-000,pspds,1.0,1.0,2,-6.0,116987,14586,144,,,,,278
BraTS-GLI-00186-000,pspds,1.0,1.0,2,-4.02,116922,12095,209,,,,,278
BraTS-GLI-00186-000,pspds,1.0,1.0,2,-2.0,116806,9801,325,,,,,278
BraTS-GLI-00186-000,pspds,1.0,1.0,2,0.0,116616,7736,515,,,,,278
BraTS-GLI-00186-000,pspds,1.0,1.0,2,2.0,116323,5852,808,,,,,278
BraTS-GLI-00186-000,interp,0.5,0.0,0,-6.0,18963,3213,2154,,,,,278
BraTS-GLI-00186-000,interp,0.5,0.0,0,-4.02,18701,2750,2416,0,2,0,1,278
BraTS-GLI-00186-000,interp,0.5,0.0,0,-2.0,18415,2371,2702,,,,,278
BraTS-GLI-00186-000,interp,0.5,0.0,0,0.0,18119,2020,2998,0,2,0,0,278
BraTS-GLI-00186-000,interp,0.5,0.0,0,2.0,17726,1703,3391,,,,,278
BraTS-GLI-00186-000,interp,0.5,0.0,1,-6.0,23729,1530,3741,,,,,278
BraTS-GLI-00186-000,interp,0.5,0.0,1,-4.02,23289,1331,4181,,,,,278
BraTS-GLI-00186-000,interp,0.5,0.0,1,-2.0,22865,1138,4605,,,,,278
BraTS-GLI-00186-000,interp,0.5,0.0,1,0.0,22400,994,5070,,,,,278
BraTS-GLI-00186-000,interp,0.5,0.0,1,2.0,21999,844,5471,,,,,278
BraTS-GLI-00186-000,interp,0.5,0.0,2,-6.0,117009,16308,122,,,,,278
BraTS-GLI-00186-000,interp,0.5,0.0,2,-4.02,116958,13705,173,,,,,278
BraTS-GLI-00186-000,interp,0.5,0.0,2,-2.0,116878,11356,253,,,,,278
BraTS-GLI-00186-000,interp,0.5,0.0,2,0.0,116732,9176,399,,,,,278
BraTS-GLI-00186-000,interp,0.5,0.0,2,2.0,116519,7188,612,,,,,278
BraTS-GLI-00186-000,interp,1.0,0.0,0,-6.0,19230,3569,1887,,,,,278
BraTS-GLI-00186-000,interp,1.0,0.0,0,-4.02,19015,3078,2102,5,2,1,1,278
BraTS-GLI-00186-000,interp,1.0,0.0,0,-2.0,18738,2646,2379,,,,,278
BraTS-GLI-00186-000,interp,1.0,0.0,0,0.0,18446,2284,2671,3,2,1,1,278
BraTS-GLI-00186-000,interp,1.0,0.0,0,2.0,18065,1958,3052,,,,,278
BraTS-GLI-00186-000,interp,1.0,0.0,1,-6.0,24311,1888,3159,,,,,278
BraTS-GLI-00186-000,interp,1.0,0.0,1,-4.02,23875,1646,3595,,,,,278
BraTS-GLI-00186-000,interp,1.0,0.0,1,-2.0,23447,1430,4023,,,,,278
BraTS-GLI-00186-000,interp,1.0,0.0,1,0.0,22996,1249,4474,,,,,278
BraTS-GLI-00186-000,interp,1.0,0.0,1,2.0,22565,1091,4905,,,,,278
BraTS-GLI-00186-000,interp,1.0,0.0,2,-6.0,117019,17943,112,,,,,278
BraTS-GLI-00186-000,interp,1.0,0.0,2,-4.02,116981,15247,150,,,,,278
BraTS-GLI-00186-000,interp,1.0,0.0,2,-2.0,116905,12792,226,,,,,278
BraTS-GLI-00186-000,interp,1.0,0.0,2,0.0,116793,10568,338,,,,,278
BraTS-GLI-00186-000,interp,1.0,0.0,2,2.0,116603,8513,528,,,,,278
BraTS-GLI-00186-000,global,0.5,0.0,0,-6.0,20132,5198,985,,,,,278
BraTS-GLI-00186-000,global,0.5,0.0,0,-4.02,19897,4398,1220,7,2,1,3,278
BraTS-GLI-00186-000,global,0.5,0.0,0,-2.0,19656,3721,1461,,,,,278
BraTS-GLI-00186-000,global,0.5,0.0,0,0.0,19339,3106,1778,7,2,1,2,278
BraTS-GLI-00186-000,global,0.5,0.0,0,2.0,18909,2584,2208,,,,,278
BraTS-GLI-00186-000,global,0.5,0.0,1,-6.0,26957,14460,513,,,,,278
BraTS-GLI-00186-000,global,0.5,0.0,1,-4.02,26757,13288,713,,,,,278
BraTS-GLI-00186-000,global,0.5,0.0,1,-2.0,26496,12116,974,,,,,278
BraTS-GLI-00186-000,global,0.5,0.0,1,0.0,26231,10850,1239,,,,,278
BraTS-GLI-00186-000,global,0.5,0.0,1,2.0,25866,9452,1604,,,,,278
BraTS-GLI-00186-000,global,0.5,0.0,2,-6.0,117076,22728,55,,,,,278
BraTS-GLI-00186-000,global,0.5,0.0,2,-4.02,117069,19437,62,,,,,278
BraTS-GLI-00186-000,global,0.5,0.0,2,-2.0,117044,16467,87,,,,,278
BraTS-GLI-00186-000,global,0.5,0.0,2,0.0,117015,13753,116,,,,,278
BraTS-GLI-00186-000,global,0.5,0.0,2,2.0,116927,11288,204,,,,,278
BraTS-GLI-00186-000,global,1.0,0.0,0,-6.0,20398,8350,719,,,,,278
BraTS-GLI-00186-000,global,1.0,0.0,0,-4.02,20156,6932,961,7,2,1,12,278
BraTS-GLI-00186-000,global,1.0,0.0,0,-2.0,19863,5800,1254,,,,,278
BraTS-GLI-00186-000,global,1.0,0.0,0,0.0,19507,4894,1610,7,2,1,3,278
BraTS-GLI-00186-000,global,1.0,0.0,0,2.0,19014,4140,2103,,,,,278
BraTS-GLI-00186-000,global,1.0,0.0,1,-6.0,27394,66608,76,,,,,278
BraTS-GLI-00186-000,global,1.0,0.0,1,-4.02,27369,61871,101,,,,,278
BraTS-GLI-00186-000,global,1.0,0.0,1,-2.0,27347,57063,123,,,,,278
BraTS-GLI-00186-000,global,1.0,0.0,1,0.0,27314,51893,156,,,,,278
BraTS-GLI-00186-000,global,1.0,0.0,1,2.0,27255,45930,215,,,,,278
BraTS-GLI-00186-000,global,1.0,0.0,2,-6.0,117099,56901,32,,,,,278
BraTS-GLI-00186-000,global,1.0,0.0,2,-4.02,117088,50897,43,,,,,278
BraTS-GLI-00186-000,global,1.0,0.0,2,-2.0,117078,45225,53,,,,,278
BraTS-GLI-00186-000,global,1.0,0.0,2,0.0,117074,39569,57,,,,,278
BraTS-GLI-00186-000,global,1.0,0.0,2,2.0,117057,34127,74,,,,,278
BraTS-GLI-00186-000,dilate,0.0,0.0,0,-6.0,20361,13491,756,,,,,278
BraTS-GLI-00186-000,dilate,0.0,0.0,0,-4.02,20286,12854,831,0,2,0,0,278
BraTS-GLI-00186-000,dilate,0.0,0.0,0,-2.0,20218,12343,899,,,,,278
BraTS-GLI-00186-000,dilate,0.0,0.0,0,0.0,20111,11707,1006,0,2,0,0,278
BraTS-GLI-00186-000,dilate,0.0,0.0,0,2.0,20014,11193,1103,,,,,278
BraTS-GLI-00186-000,dilate,0.0,0.0,1,-6.0,23079,1251,4391,,,,,278
BraTS-GLI-00186-000,dilate,0.0,0.0,1,-4.02,22626,1070,4844,,,,,278
BraTS-GLI-00186-000,dilate,0.0,0.0,1,-2.0,22207,901,5263,,,,,278
BraTS-GLI-00186-000,dilate,0.0,0.0,1,0.0,21813,794,5657,,,,,278
BraTS-GLI-00186-000,dilate,0.0,0.0,1,2.0,21403,671,6067,,,,,278
BraTS-GLI-00186-000,dilate,0.0,0.0,2,-6.0,116989,14512,142,,,,,278
BraTS-GLI-00186-000,dilate,0.0,0.0,2,-4.02,116914,12010,217,,,,,278
BraTS-GLI-00186-000,dilate,0.0,0.0,2,-2.0,116794,9655,337,,,,,278
BraTS-GLI-00186-000,dilate,0.0,0.0,2,0.0,116592,7586,539,,,,,278
BraTS-GLI-00186-000,dilate,0.0,0.0,2,2.0,116286,5689,845,,,,,278
BraTS-GLI-00186-000,boost,2.0,0.0,0,-6.0,18827,3344,2290,,,,,278
BraTS-GLI-00186-000,boost,2.0,0.0,0,-4.02,18575,2843,2542,0,2,0,1,278
BraTS-GLI-00186-000,boost,2.0,0.0,0,-2.0,18325,2442,2792,,,,,278
BraTS-GLI-00186-000,boost,2.0,0.0,0,0.0,18031,2097,3086,0,2,0,0,278
BraTS-GLI-00186-000,boost,2.0,0.0,0,2.0,17694,1766,3423,,,,,278
BraTS-GLI-00186-000,boost,2.0,0.0,1,-6.0,23079,1251,4391,,,,,278
BraTS-GLI-00186-000,boost,2.0,0.0,1,-4.02,22626,1070,4844,,,,,278
BraTS-GLI-00186-000,boost,2.0,0.0,1,-2.0,22207,901,5263,,,,,278
BraTS-GLI-00186-000,boost,2.0,0.0,1,0.0,21813,794,5657,,,,,278
BraTS-GLI-00186-000,boost,2.0,0.0,1,2.0,21403,671,6067,,,,,278
BraTS-GLI-00186-000,boost,2.0,0.0,2,-6.0,116989,14512,142,,,,,278
BraTS-GLI-00186-000,boost,2.0,0.0,2,-4.02,116914,12010,217,,,,,278
BraTS-GLI-00186-000,boost,2.0,0.0,2,-2.0,116794,9655,337,,,,,278
BraTS-GLI-00186-000,boost,2.0,0.0,2,0.0,116592,7586,539,,,,,278
BraTS-GLI-00186-000,boost,2.0,0.0,2,2.0,116286,5689,845,,,,,278
BraTS-GLI-00186-000,boost,4.0,0.0,0,-6.0,19049,3866,2068,,,,,278
BraTS-GLI-00186-000,boost,4.0,0.0,0,-4.02,18813,3340,2304,0,2,0,1,278
BraTS-GLI-00186-000,boost,4.0,0.0,0,-2.0,18565,2832,2552,,,,,278
BraTS-GLI-00186-000,boost,4.0,0.0,0,0.0,18307,2436,2810,0,2,0,0,278
BraTS-GLI-00186-000,boost,4.0,0.0,0,2.0,18009,2095,3108,,,,,278
BraTS-GLI-00186-000,boost,4.0,0.0,1,-6.0,23079,1251,4391,,,,,278
BraTS-GLI-00186-000,boost,4.0,0.0,1,-4.02,22626,1070,4844,,,,,278
BraTS-GLI-00186-000,boost,4.0,0.0,1,-2.0,22207,901,5263,,,,,278
BraTS-GLI-00186-000,boost,4.0,0.0,1,0.0,21813,794,5657,,,,,278
BraTS-GLI-00186-000,boost,4.0,0.0,1,2.0,21403,671,6067,,,,,278
BraTS-GLI-00186-000,boost,4.0,0.0,2,-6.0,116989,14512,142,,,,,278
BraTS-GLI-00186-000,boost,4.0,0.0,2,-4.02,116914,12010,217,,,,,278
BraTS-GLI-00186-000,boost,4.0,0.0,2,-2.0,116794,9655,337,,,,,278
BraTS-GLI-00186-000,boost,4.0,0.0,2,0.0,116592,7586,539,,,,,278
BraTS-GLI-00186-000,boost,4.0,0.0,2,2.0,116286,5689,845,,,,,278
BraTS-GLI-00511-000,none,0.0,0.0,0,-6.0,17889,1563,1144,,,,,34
BraTS-GLI-00511-000,none,0.0,0.0,0,-4.02,17603,1227,1430,0,0,0,0,34
BraTS-GLI-00511-000,none,0.0,0.0,0,-2.0,17259,955,1774,,,,,34
BraTS-GLI-00511-000,none,0.0,0.0,0,0.0,16884,714,2149,0,0,0,0,34
BraTS-GLI-00511-000,none,0.0,0.0,0,2.0,16524,542,2509,,,,,34
BraTS-GLI-00511-000,none,0.0,0.0,1,-6.0,37996,451,780,,,,,34
BraTS-GLI-00511-000,none,0.0,0.0,1,-4.02,37446,304,1330,,,,,34
BraTS-GLI-00511-000,none,0.0,0.0,1,-2.0,35205,199,3571,,,,,34
BraTS-GLI-00511-000,none,0.0,0.0,1,0.0,33257,133,5519,,,,,34
BraTS-GLI-00511-000,none,0.0,0.0,1,2.0,31991,99,6785,,,,,34
BraTS-GLI-00511-000,none,0.0,0.0,2,-6.0,89042,9327,1335,,,,,34
BraTS-GLI-00511-000,none,0.0,0.0,2,-4.02,88710,7942,1667,,,,,34
BraTS-GLI-00511-000,none,0.0,0.0,2,-2.0,88317,6650,2060,,,,,34
BraTS-GLI-00511-000,none,0.0,0.0,2,0.0,87806,5537,2571,,,,,34
BraTS-GLI-00511-000,none,0.0,0.0,2,2.0,87158,4515,3219,,,,,34
BraTS-GLI-00511-000,pspds,0.5,0.0,0,-6.0,17914,1589,1119,,,,,34
BraTS-GLI-00511-000,pspds,0.5,0.0,0,-4.02,17656,1266,1377,0,0,0,0,34
BraTS-GLI-00511-000,pspds,0.5,0.0,0,-2.0,17317,987,1716,,,,,34
BraTS-GLI-00511-000,pspds,0.5,0.0,0,0.0,16979,762,2054,0,0,0,0,34
BraTS-GLI-00511-000,pspds,0.5,0.0,0,2.0,16618,570,2415,,,,,34
BraTS-GLI-00511-000,pspds,0.5,0.0,1,-6.0,38009,485,767,,,,,34
BraTS-GLI-00511-000,pspds,0.5,0.0,1,-4.02,37500,348,1276,,,,,34
BraTS-GLI-00511-000,pspds,0.5,0.0,1,-2.0,35421,228,3355,,,,,34
BraTS-GLI-00511-000,pspds,0.5,0.0,1,0.0,33602,155,5174,,,,,34
BraTS-GLI-00511-000,pspds,0.5,0.0,1,2.0,32312,115,6464,,,,,34
BraTS-GLI-00511-000,pspds,0.5,0.0,2,-6.0,89068,9419,1309,,,,,34
BraTS-GLI-00511-000,pspds,0.5,0.0,2,-4.02,88749,8032,1628,,,,,34
BraTS-GLI-00511-000,pspds,0.5,0.0,2,-2.0,88350,6779,2027,,,,,34
BraTS-GLI-00511-000,pspds,0.5,0.0,2,0.0,87885,5676,2492,,,,,34
BraTS-GLI-00511-000,pspds,0.5,0.0,2,2.0,87229,4657,3148,,,,,34
BraTS-GLI-00511-000,pspds,0.5,1.0,0,-6.0,17902,1579,1131,,,,,34
BraTS-GLI-00511-000,pspds,0.5,1.0,0,-4.02,17629,1244,1404,0,0,0,0,34
BraTS-GLI-00511-000,pspds,0.5,1.0,0,-2.0,17285,967,1748,,,,,34
BraTS-GLI-00511-000,pspds,0.5,1.0,0,0.0,16925,735,2108,0,0,0,0,34
BraTS-GLI-00511-000,pspds,0.5,1.0,0,2.0,16573,556,2460,,,,,34
BraTS-GLI-00511-000,pspds,0.5,1.0,1,-6.0,37998,462,778,,,,,34
BraTS-GLI-00511-000,pspds,0.5,1.0,1,-4.02,37474,328,1302,,,,,34
BraTS-GLI-00511-000,pspds,0.5,1.0,1,-2.0,35289,210,3487,,,,,34
BraTS-GLI-00511-000,pspds,0.5,1.0,1,0.0,33385,142,5391,,,,,34
BraTS-GLI-00511-000,pspds,0.5,1.0,1,2.0,32120,102,6656,,,,,34
BraTS-GLI-00511-000,pspds,0.5,1.0,2,-6.0,89052,9365,1325,,,,,34
BraTS-GLI-00511-000,pspds,0.5,1.0,2,-4.02,88734,7977,1643,,,,,34
BraTS-GLI-00511-000,pspds,0.5,1.0,2,-2.0,88333,6720,2044,,,,,34
BraTS-GLI-00511-000,pspds,0.5,1.0,2,0.0,87841,5605,2536,,,,,34
BraTS-GLI-00511-000,pspds,0.5,1.0,2,2.0,87190,4578,3187,,,,,34
BraTS-GLI-00511-000,pspds,1.0,0.0,0,-6.0,17938,1610,1095,,,,,34
BraTS-GLI-00511-000,pspds,1.0,0.0,0,-4.02,17681,1292,1352,0,0,0,0,34
BraTS-GLI-00511-000,pspds,1.0,0.0,0,-2.0,17371,1021,1662,,,,,34
BraTS-GLI-00511-000,pspds,1.0,0.0,0,0.0,17054,787,1979,0,0,0,0,34
BraTS-GLI-00511-000,pspds,1.0,0.0,0,2.0,16694,604,2339,,,,,34
BraTS-GLI-00511-000,pspds,1.0,0.0,1,-6.0,38036,516,740,,,,,34
BraTS-GLI-00511-000,pspds,1.0,0.0,1,-4.02,37520,375,1256,,,,,34
BraTS-GLI-00511-000,pspds,1.0,0.0,1,-2.0,35615,257,3161,,,,,34
BraTS-GLI-00511-000,pspds,1.0,0.0,1,0.0,33919,173,4857,,,,,34
BraTS-GLI-00511-000,pspds,1.0,0.0,1,2.0,32634,135,6142,,,,,34
BraTS-GLI-00511-000,pspds,1.0,0.0,2,-6.0,89088,9492,1289,,,,,34
BraTS-GLI-00511-000,pspds,1.0,0.0,2,-4.02,88775,8125,1602,,,,,34
BraTS-GLI-00511-000,pspds,1.0,0.0,2,-2.0,88370,6879,2007,,,,,34
BraTS-GLI-00511-000,pspds,1.0,0.0,2,0.0,87932,5801,2445,,,,,34
BraTS-GLI-00511-000,pspds,1.0,0.0,2,2.0,87295,4766,3082,,,,,34
BraTS-GLI-00511-000,pspds,1.0,1.0,0,-6.0,17907,1580,1126,,,,,34
BraTS-GLI-00511-000,pspds,1.0,1.0,0,-4.02,17648,1263,1385,0,0,0,0,34
BraTS-GLI-00511-000,pspds,1.0,1.0,0,-2.0,17309,982,1724,,,,,34
BraTS-GLI-00511-000,pspds,1.0,1.0,0,0.0,16965,755,2068,0,0,0,0,34
BraTS-GLI-00511-000,pspds,1.0,1.0,0,2.0,16612,567,2421,,,,,34
BraTS-GLI-00511-000,pspds,1.0,1.0,1,-6.0,38005,478,771,,,,,34
BraTS-GLI-00511-000,pspds,1.0,1.0,1,-4.02,37494,345,1282,,,,,34
BraTS-GLI-00511-000,pspds,1.0,1.0,1,-2.0,35364,227,3412,,,,,34
BraTS-GLI-00511-000,pspds,1.0,1.0,1,0.0,33530,153,5246,,,,,34
BraTS-GLI-00511-000,pspds,1.0,1.0,1,2.0,32253,114,6523,,,,,34
BraTS-GLI-00511-000,pspds,1.0,1.0,2,-6.0,89065,9403,1312,,,,,34
BraTS-GLI-00511-000,pspds,1.0,1.0,2,-4.02,88745,8022,1632,,,,,34
BraTS-GLI-00511-000,pspds,1.0,1.0,2,-2.0,88344,6763,2033,,,,,34
BraTS-GLI-00511-000,pspds,1.0,1.0,2,0.0,87877,5665,2500,,,,,34
BraTS-GLI-00511-000,pspds,1.0,1.0,2,2.0,87224,4632,3153,,,,,34
BraTS-GLI-00511-000,interp,0.5,0.0,0,-6.0,17996,1759,1037,,,,,34
BraTS-GLI-00511-000,interp,0.5,0.0,0,-4.02,17759,1429,1274,0,0,0,0,34
BraTS-GLI-00511-000,interp,0.5,0.0,0,-2.0,17443,1129,1590,,,,,34
BraTS-GLI-00511-000,interp,0.5,0.0,0,0.0,17140,858,1893,0,0,0,0,34
BraTS-GLI-00511-000,interp,0.5,0.0,0,2.0,16813,670,2220,,,,,34
BraTS-GLI-00511-000,interp,0.5,0.0,1,-6.0,38006,558,770,,,,,34
BraTS-GLI-00511-000,interp,0.5,0.0,1,-4.02,36875,403,1901,,,,,34
BraTS-GLI-00511-000,interp,0.5,0.0,1,-2.0,34105,288,4671,,,,,34
BraTS-GLI-00511-000,interp,0.5,0.0,1,0.0,32643,193,6133,,,,,34
BraTS-GLI-00511-000,interp,0.5,0.0,1,2.0,31206,147,7570,,,,,34
BraTS-GLI-00511-000,interp,0.5,0.0,2,-6.0,89275,11320,1102,,,,,34
BraTS-GLI-00511-000,interp,0.5,0.0,2,-4.02,89019,9767,1358,,,,,34
BraTS-GLI-00511-000,interp,0.5,0.0,2,-2.0,88649,8320,1728,,,,,34
BraTS-GLI-00511-000,interp,0.5,0.0,2,0.0,88226,7069,2151,,,,,34
BraTS-GLI-00511-000,interp,0.5,0.0,2,2.0,87707,5900,2670,,,,,34
BraTS-GLI-00511-000,interp,1.0,0.0,0,-6.0,18048,2101,985,,,,,34
BraTS-GLI-00511-000,interp,1.0,0.0,0,-4.02,17874,1700,1159,0,0,0,2,34
BraTS-GLI-00511-000,interp,1.0,0.0,0,-2.0,17630,1365,1403,,,,,34
BraTS-GLI-00511-000,interp,1.0,0.0,0,0.0,17344,1066,1689,0,0,0,0,34
BraTS-GLI-00511-000,interp,1.0,0.0,0,2.0,17052,858,1981,,,,,34
BraTS-GLI-00511-000,interp,1.0,0.0,1,-6.0,35226,691,3550,,,,,34
BraTS-GLI-00511-000,interp,1.0,0.0,1,-4.02,33234,512,5542,,,,,34
BraTS-GLI-00511-000,interp,1.0,0.0,1,-2.0,31849,379,6927,,,,,34
BraTS-GLI-00511-000,interp,1.0,0.0,1,0.0,30398,273,8378,,,,,34
BraTS-GLI-00511-000,interp,1.0,0.0,1,2.0,28803,209,9973,,,,,34
BraTS-GLI-00511-000,interp,1.0,0.0,2,-6.0,89376,13232,1001,,,,,34
BraTS-GLI-00511-000,interp,1.0,0.0,2,-4.02,89155,11453,1222,,,,,34
BraTS-GLI-00511-000,interp,1.0,0.0,2,-2.0,88829,9826,1548,,,,,34
BraTS-GLI-00511-000,interp,1.0,0.0,2,0.0,88428,8416,1949,,,,,34
BraTS-GLI-00511-000,interp,1.0,0.0,2,2.0,87924,7094,2453,,,,,34
BraTS-GLI-00511-000,global,0.5,0.0,0,-6.0,18272,2426,761,,,,,34
BraTS-GLI-00511-000,global,0.5,0.0,0,-4.02,18089,1964,944,0,0,0,0,34
BraTS-GLI-00511-000,global,0.5,0.0,0,-2.0,17857,1570,1176,,,,,34
BraTS-GLI-00511-000,global,0.5,0.0,0,0.0,17557,1247,1476,0,0,0,1,34
BraTS-GLI-00511-000,global,0.5,0.0,0,2.0,17240,948,1793,,,,,34
BraTS-GLI-00511-000,global,0.5,0.0,1,-6.0,38482,1826,294,,,,,34
BraTS-GLI-00511-000,global,0.5,0.0,1,-4.02,38354,1511,422,,,,,34
BraTS-GLI-00511-000,global,0.5,0.0,1,-2.0,38215,1231,561,,,,,34
BraTS-GLI-00511-000,global,0.5,0.0,1,0.0,37969,976,807,,,,,34
BraTS-GLI-00511-000,global,0.5,0.0,1,2.0,37681,755,1095,,,,,34
BraTS-GLI-00511-000,global,0.5,0.0,2,-6.0,89629,15650,748,,,,,34
BraTS-GLI-00511-000,global,0.5,0.0,2,-4.02,89472,13762,905,,,,,34
BraTS-GLI-00511-000,global,0.5,0.0,2,-2.0,89206,11891,1171,,,,,34
BraTS-GLI-00511-000,global,0.5,0.0,2,0.0,88886,10185,1491,,,,,34
BraTS-GLI-00511-000,global,0.5,0.0,2,2.0,88443,8631,1934,,,,,34
BraTS-GLI-00511-000,global,1.0,0.0,0,-6.0,18347,5294,686,,,,,34
BraTS-GLI-00511-000,global,1.0,0.0,0,-4.02,18189,4327,844,0,0,0,7,34
BraTS-GLI-00511-000,global,1.0,0.0,0,-2.0,17976,3510,1057,,,,,34
BraTS-GLI-00511-000,global,1.0,0.0,0,0.0,17761,2832,1272,0,0,0,7,34
BraTS-GLI-00511-000,global,1.0,0.0,0,2.0,17481,2215,1552,,,,,34
BraTS-GLI-00511-000,global,1.0,0.0,1,-6.0,38747,38569,29,,,,,34
BraTS-GLI-00511-000,global,1.0,0.0,1,-4.02,38730,34481,46,,,,,34
BraTS-GLI-00511-000,global,1.0,0.0,1,-2.0,38688,30093,88,,,,,34
BraTS-GLI-00511-000,global,1.0,0.0,1,0.0,38640,25252,136,,,,,34
BraTS-GLI-00511-000,global,1.0,0.0,1,2.0,38562,19678,214,,,,,34
BraTS-GLI-00511-000,global,1.0,0.0,2,-6.0,90080,40676,297,,,,,34
BraTS-GLI-00511-000,global,1.0,0.0,2,-4.02,89989,36932,388,,,,,34
BraTS-GLI-00511-000,global,1.0,0.0,2,-2.0,89849,33305,528,,,,,34
BraTS-GLI-00511-000,global,1.0,0.0,2,0.0,89645,30014,732,,,,,34
BraTS-GLI-00511-000,global,1.0,0.0,2,2.0,89380,26973,997,,,,,34
BraTS-GLI-00511-000,dilate,0.0,0.0,0,-6.0,18755,15721,278,,,,,34
BraTS-GLI-00511-000,dilate,0.0,0.0,0,-4.02,18644,15185,389,0,0,0,0,34
BraTS-GLI-00511-000,dilate,0.0,0.0,0,-2.0,18503,14685,530,,,,,34
BraTS-GLI-00511-000,dilate,0.0,0.0,0,0.0,18372,14158,661,0,0,0,0,34
BraTS-GLI-00511-000,dilate,0.0,0.0,0,2.0,18269,13689,764,,,,,34
BraTS-GLI-00511-000,dilate,0.0,0.0,1,-6.0,37996,451,780,,,,,34
BraTS-GLI-00511-000,dilate,0.0,0.0,1,-4.02,37446,304,1330,,,,,34
BraTS-GLI-00511-000,dilate,0.0,0.0,1,-2.0,35205,199,3571,,,,,34
BraTS-GLI-00511-000,dilate,0.0,0.0,1,0.0,33257,133,5519,,,,,34
BraTS-GLI-00511-000,dilate,0.0,0.0,1,2.0,31991,99,6785,,,,,34
BraTS-GLI-00511-000,dilate,0.0,0.0,2,-6.0,89042,9327,1335,,,,,34
BraTS-GLI-00511-000,dilate,0.0,0.0,2,-4.02,88710,7942,1667,,,,,34
BraTS-GLI-00511-000,dilate,0.0,0.0,2,-2.0,88317,6650,2060,,,,,34
BraTS-GLI-00511-000,dilate,0.0,0.0,2,0.0,87806,5537,2571,,,,,34
BraTS-GLI-00511-000,dilate,0.0,0.0,2,2.0,87158,4515,3219,,,,,34
BraTS-GLI-00511-000,boost,2.0,0.0,0,-6.0,18034,1942,999,,,,,34
BraTS-GLI-00511-000,boost,2.0,0.0,0,-4.02,17779,1529,1254,0,0,0,0,34
BraTS-GLI-00511-000,boost,2.0,0.0,0,-2.0,17462,1203,1571,,,,,34
BraTS-GLI-00511-000,boost,2.0,0.0,0,0.0,17133,937,1900,0,0,0,0,34
BraTS-GLI-00511-000,boost,2.0,0.0,0,2.0,16786,706,2247,,,,,34
BraTS-GLI-00511-000,boost,2.0,0.0,1,-6.0,37996,451,780,,,,,34
BraTS-GLI-00511-000,boost,2.0,0.0,1,-4.02,37446,304,1330,,,,,34
BraTS-GLI-00511-000,boost,2.0,0.0,1,-2.0,35205,199,3571,,,,,34
BraTS-GLI-00511-000,boost,2.0,0.0,1,0.0,33257,133,5519,,,,,34
BraTS-GLI-00511-000,boost,2.0,0.0,1,2.0,31991,99,6785,,,,,34
BraTS-GLI-00511-000,boost,2.0,0.0,2,-6.0,89042,9327,1335,,,,,34
BraTS-GLI-00511-000,boost,2.0,0.0,2,-4.02,88710,7942,1667,,,,,34
BraTS-GLI-00511-000,boost,2.0,0.0,2,-2.0,88317,6650,2060,,,,,34
BraTS-GLI-00511-000,boost,2.0,0.0,2,0.0,87806,5537,2571,,,,,34
BraTS-GLI-00511-000,boost,2.0,0.0,2,2.0,87158,4515,3219,,,,,34
BraTS-GLI-00511-000,boost,4.0,0.0,0,-6.0,18156,2414,877,,,,,34
BraTS-GLI-00511-000,boost,4.0,0.0,0,-4.02,17925,1907,1108,0,0,0,0,34
BraTS-GLI-00511-000,boost,4.0,0.0,0,-2.0,17641,1504,1392,,,,,34
BraTS-GLI-00511-000,boost,4.0,0.0,0,0.0,17336,1185,1697,0,0,0,0,34
BraTS-GLI-00511-000,boost,4.0,0.0,0,2.0,17035,929,1998,,,,,34
BraTS-GLI-00511-000,boost,4.0,0.0,1,-6.0,37996,451,780,,,,,34
BraTS-GLI-00511-000,boost,4.0,0.0,1,-4.02,37446,304,1330,,,,,34
BraTS-GLI-00511-000,boost,4.0,0.0,1,-2.0,35205,199,3571,,,,,34
BraTS-GLI-00511-000,boost,4.0,0.0,1,0.0,33257,133,5519,,,,,34
BraTS-GLI-00511-000,boost,4.0,0.0,1,2.0,31991,99,6785,,,,,34
BraTS-GLI-00511-000,boost,4.0,0.0,2,-6.0,89042,9327,1335,,,,,34
BraTS-GLI-00511-000,boost,4.0,0.0,2,-4.02,88710,7942,1667,,,,,34
BraTS-GLI-00511-000,boost,4.0,0.0,2,-2.0,88317,6650,2060,,,,,34
BraTS-GLI-00511-000,boost,4.0,0.0,2,0.0,87806,5537,2571,,,,,34
BraTS-GLI-00511-000,boost,4.0,0.0,2,2.0,87158,4515,3219,,,,,34
BraTS-GLI-01427-000,none,0.0,0.0,0,-6.0,19881,2359,3306,,,,,165
BraTS-GLI-01427-000,none,0.0,0.0,0,-4.02,19558,2077,3629,3,2,1,0,165
BraTS-GLI-01427-000,none,0.0,0.0,0,-2.0,19198,1779,3989,,,,,165
BraTS-GLI-01427-000,none,0.0,0.0,0,0.0,18796,1516,4391,0,2,0,0,165
BraTS-GLI-01427-000,none,0.0,0.0,0,2.0,18414,1279,4773,,,,,165
BraTS-GLI-01427-000,none,0.0,0.0,1,-6.0,31030,717,2586,,,,,165
BraTS-GLI-01427-000,none,0.0,0.0,1,-4.02,30788,605,2828,,,,,165
BraTS-GLI-01427-000,none,0.0,0.0,1,-2.0,30520,517,3096,,,,,165
BraTS-GLI-01427-000,none,0.0,0.0,1,0.0,30291,430,3325,,,,,165
BraTS-GLI-01427-000,none,0.0,0.0,1,2.0,30065,345,3551,,,,,165
BraTS-GLI-01427-000,none,0.0,0.0,2,-6.0,96343,12997,4497,,,,,165
BraTS-GLI-01427-000,none,0.0,0.0,2,-4.02,95632,11271,5208,,,,,165
BraTS-GLI-01427-000,none,0.0,0.0,2,-2.0,94721,9753,6119,,,,,165
BraTS-GLI-01427-000,none,0.0,0.0,2,0.0,93768,8307,7072,,,,,165
BraTS-GLI-01427-000,none,0.0,0.0,2,2.0,92675,7045,8165,,,,,165
BraTS-GLI-01427-000,pspds,0.5,0.0,0,-6.0,19922,2378,3265,,,,,165
BraTS-GLI-01427-000,pspds,0.5,0.0,0,-4.02,19605,2087,3582,3,2,1,0,165
BraTS-GLI-01427-000,pspds,0.5,0.0,0,-2.0,19237,1804,3950,,,,,165
BraTS-GLI-01427-000,pspds,0.5,0.0,0,0.0,18858,1535,4329,0,2,0,0,165
BraTS-GLI-01427-000,pspds,0.5,0.0,0,2.0,18486,1307,4701,,,,,165
BraTS-GLI-01427-000,pspds,0.5,0.0,1,-6.0,31064,729,2552,,,,,165
BraTS-GLI-01427-000,pspds,0.5,0.0,1,-4.02,30829,620,2787,,,,,165
BraTS-GLI-01427-000,pspds,0.5,0.0,1,-2.0,30570,536,3046,,,,,165
BraTS-GLI-01427-000,pspds,0.5,0.0,1,0.0,30346,443,3270,,,,,165
BraTS-GLI-01427-000,pspds,0.5,0.0,1,2.0,30128,359,3488,,,,,165
BraTS-GLI-01427-000,pspds,0.5,0.0,2,-6.0,96350,13094,4490,,,,,165
BraTS-GLI-01427-000,pspds,0.5,0.0,2,-4.02,95648,11361,5192,,,,,165
BraTS-GLI-01427-000,pspds,0.5,0.0,2,-2.0,94750,9818,6090,,,,,165
BraTS-GLI-01427-000,pspds,0.5,0.0,2,0.0,93830,8425,7010,,,,,165
BraTS-GLI-01427-000,pspds,0.5,0.0,2,2.0,92778,7177,8062,,,,,165
BraTS-GLI-01427-000,pspds,0.5,1.0,0,-6.0,19899,2371,3288,,,,,165
BraTS-GLI-01427-000,pspds,0.5,1.0,0,-4.02,19579,2083,3608,3,2,1,0,165
BraTS-GLI-01427-000,pspds,0.5,1.0,0,-2.0,19213,1792,3974,,,,,165
BraTS-GLI-01427-000,pspds,0.5,1.0,0,0.0,18815,1527,4372,0,2,0,0,165
BraTS-GLI-01427-000,pspds,0.5,1.0,0,2.0,18453,1294,4734,,,,,165
BraTS-GLI-01427-000,pspds,0.5,1.0,1,-6.0,31046,721,2570,,,,,165
BraTS-GLI-01427-000,pspds,0.5,1.0,1,-4.02,30809,614,2807,,,,,165
BraTS-GLI-01427-000,pspds,0.5,1.0,1,-2.0,30535,526,3081,,,,,165
BraTS-GLI-01427-000,pspds,0.5,1.0,1,0.0,30309,437,3307,,,,,165
BraTS-GLI-01427-000,pspds,0.5,1.0,1,2.0,30091,348,3525,,,,,165
BraTS-GLI-01427-000,pspds,0.5,1.0,2,-6.0,96353,13028,4487,,,,,165
BraTS-GLI-01427-000,pspds,0.5,1.0,2,-4.02,95640,11311,5200,,,,,165
BraTS-GLI-01427-000,pspds,0.5,1.0,2,-2.0,94735,9778,6105,,,,,165
BraTS-GLI-01427-000,pspds,0.5,1.0,2,0.0,93800,8354,7040,,,,,165
BraTS-GLI-01427-000,pspds,0.5,1.0,2,2.0,92723,7097,8117,,,,,165
BraTS-GLI-01427-000,pspds,1.0,0.0,0,-6.0,19944,2395,3243,,,,,165
BraTS-GLI-01427-000,pspds,1.0,0.0,0,-4.02,19629,2094,3558,3,2,1,0,165
BraTS-GLI-01427-000,pspds,1.0,0.0,0,-2.0,19279,1814,3908,,,,,165
BraTS-GLI-01427-000,pspds,1.0,0.0,0,0.0,18907,1559,4280,0,2,0,0,165
BraTS-GLI-01427-000,pspds,1.0,0.0,0,2.0,18536,1330,4651,,,,,165
BraTS-GLI-01427-000,pspds,1.0,0.0,1,-6.0,31084,753,2532,,,,,165
BraTS-GLI-01427-000,pspds,1.0,0.0,1,-4.02,30868,629,2748,,,,,165
BraTS-GLI-01427-000,pspds,1.0,0.0,1,-2.0,30610,547,3006,,,,,165
BraTS-GLI-01427-000,pspds,1.0,0.0,1,0.0,30386,455,3230,,,,,165
BraTS-GLI-01427-000,pspds,1.0,0.0,1,2.0,30162,373,3454,,,,,165
BraTS-GLI-01427-000,pspds,1.0,0.0,2,-6.0,96359,13176,4481,,,,,165
BraTS-GLI-01427-000,pspds,1.0,0.0,2,-4.02,95658,11478,5182,,,,,165
BraTS-GLI-01427-000,pspds,1.0,0.0,2,-2.0,94801,9936,6039,,,,,165
BraTS-GLI-01427-000,pspds,1.0,0.0,2,0.0,93891,8548,6949,,,,,165
BraTS-GLI-01427-000,pspds,1.0,0.0,2,2.0,92860,7301,7980,,,,,165
BraTS-GLI-01427-000,pspds,1.0,1.0,0,-6.0,19915,2377,3272,,,,,165
BraTS-GLI-01427-000,pspds,1.0,1.0,0,-4.02,19594,2084,3593,3,2,1,0,165
BraTS-GLI-01427-000,pspds,1.0,1.0,0,-2.0,19236,1805,3951,,,,,165
BraTS-GLI-01427-000,pspds,1.0,1.0,0,0.0,18845,1537,4342,0,2,0,0,165
BraTS-GLI-01427-000,pspds,1.0,1.0,0,2.0,18474,1305,4713,,,,,165
BraTS-GLI-01427-000,pspds,1.0,1.0,1,-6.0,31059,728,2557,,,,,165
BraTS-GLI-01427-000,pspds,1.0,1.0,1,-4.02,30828,619,2788,,,,,165
BraTS-GLI-01427-000,pspds,1.0,1.0,1,-2.0,30566,534,3050,,,,,165
BraTS-GLI-01427-000,pspds,1.0,1.0,1,0.0,30335,441,3281,,,,,165
BraTS-GLI-01427-000,pspds,1.0,1.0,1,2.0,30121,356,3495,,,,,165
BraTS-GLI-01427-000,pspds,1.0,1.0,2,-6.0,96356,13080,4484,,,,,165
BraTS-GLI-01427-000,pspds,1.0,1.0,2,-4.02,95645,11349,5195,,,,,165
BraTS-GLI-01427-000,pspds,1.0,1.0,2,-2.0,94749,9805,6091,,,,,165
BraTS-GLI-01427-000,pspds,1.0,1.0,2,0.0,93821,8403,7019,,,,,165
BraTS-GLI-01427-000,pspds,1.0,1.0,2,2.0,92764,7158,8076,,,,,165
BraTS-GLI-01427-000,interp,0.5,0.0,0,-6.0,20151,2581,3036,,,,,165
BraTS-GLI-01427-000,interp,0.5,0.0,0,-4.02,19823,2255,3364,3,2,1,0,165
BraTS-GLI-01427-000,interp,0.5,0.0,0,-2.0,19486,1963,3701,,,,,165
BraTS-GLI-01427-000,interp,0.5,0.0,0,0.0,19099,1693,4088,0,2,0,0,165
BraTS-GLI-01427-000,interp,0.5,0.0,0,2.0,18728,1447,4459,,,,,165
BraTS-GLI-01427-000,interp,0.5,0.0,1,-6.0,31303,929,2313,,,,,165
BraTS-GLI-01427-000,interp,0.5,0.0,1,-4.02,31063,783,2553,,,,,165
BraTS-GLI-01427-000,interp,0.5,0.0,1,-2.0,30811,662,2805,,,,,165
BraTS-GLI-01427-000,interp,0.5,0.0,1,0.0,30581,565,3035,,,,,165
BraTS-GLI-01427-000,interp,0.5,0.0,1,2.0,30338,473,3278,,,,,165
BraTS-GLI-01427-000,interp,0.5,0.0,2,-6.0,97188,15177,3652,,,,,165
BraTS-GLI-01427-000,interp,0.5,0.0,2,-4.02,96508,13290,4332,,,,,165
BraTS-GLI-01427-000,interp,0.5,0.0,2,-2.0,95725,11574,5115,,,,,165
BraTS-GLI-01427-000,interp,0.5,0.0,2,0.0,94819,10052,6021,,,,,165
BraTS-GLI-01427-000,interp,0.5,0.0,2,2.0,93821,8579,7019,,,,,165
BraTS-GLI-01427-000,interp,1.0,0.0,0,-6.0,20459,3034,2728,,,,,165
BraTS-GLI-01427-000,interp,1.0,0.0,0,-4.02,20120,2622,3067,3,2,1,2,165
BraTS-GLI-01427-000,interp,1.0,0.0,0,-2.0,19773,2280,3414,,,,,165
BraTS-GLI-01427-000,interp,1.0,0.0,0,0.0,19403,1960,3784,0,2,0,1,165
BraTS-GLI-01427-000,interp,1.0,0.0,0,2.0,19013,1674,4174,,,,,165
BraTS-GLI-01427-000,interp,1.0,0.0,1,-6.0,31651,2241,1965,,,,,165
BraTS-GLI-01427-000,interp,1.0,0.0,1,-4.02,31437,1872,2179,,,,,165
BraTS-GLI-01427-000,interp,1.0,0.0,1,-2.0,31195,1533,2421,,,,,165
BraTS-GLI-01427-000,interp,1.0,0.0,1,0.0,30969,1234,2647,,,,,165
BraTS-GLI-01427-000,interp,1.0,0.0,1,2.0,30732,968,2884,,,,,165
BraTS-GLI-01427-000,interp,1.0,0.0,2,-6.0,98031,18922,2809,,,,,165
BraTS-GLI-01427-000,interp,1.0,0.0,2,-4.02,97412,16720,3428,,,,,165
BraTS-GLI-01427-000,interp,1.0,0.0,2,-2.0,96717,14733,4123,,,,,165
BraTS-GLI-01427-000,interp,1.0,0.0,2,0.0,95902,12914,4938,,,,,165
BraTS-GLI-01427-000,interp,1.0,0.0,2,2.0,94944,11204,5896,,,,,165
BraTS-GLI-01427-000,global,0.5,0.0,0,-6.0,20438,2890,2749,,,,,165
BraTS-GLI-01427-000,global,0.5,0.0,0,-4.02,20125,2498,3062,2,2,1,2,165
BraTS-GLI-01427-000,global,0.5,0.0,0,-2.0,19764,2154,3423,,,,,165
BraTS-GLI-01427-000,global,0.5,0.0,0,0.0,19365,1829,3822,0,2,0,1,165
BraTS-GLI-01427-000,global,0.5,0.0,0,2.0,18988,1566,4199,,,,,165
BraTS-GLI-01427-000,global,0.5,0.0,1,-6.0,31705,1959,1911,,,,,165
BraTS-GLI-01427-000,global,0.5,0.0,1,-4.02,31500,1623,2116,,,,,165
BraTS-GLI-01427-000,global,0.5,0.0,1,-2.0,31283,1368,2333,,,,,165
BraTS-GLI-01427-000,global,0.5,0.0,1,0.0,31063,1135,2553,,,,,165
BraTS-GLI-01427-000,global,0.5,0.0,1,2.0,30826,928,2790,,,,,165
BraTS-GLI-01427-000,global,0.5,0.0,2,-6.0,97941,18944,2899,,,,,165
BraTS-GLI-01427-000,global,0.5,0.0,2,-4.02,97304,16695,3536,,,,,165
BraTS-GLI-01427-000,global,0.5,0.0,2,-2.0,96609,14608,4231,,,,,165
BraTS-GLI-01427-000,global,0.5,0.0,2,0.0,95775,12705,5065,,,,,165
BraTS-GLI-01427-000,global,0.5,0.0,2,2.0,94821,10867,6019,,,,,165
BraTS-GLI-01427-000,global,1.0,0.0,0,-6.0,20902,5612,2285,,,,,165
BraTS-GLI-01427-000,global,1.0,0.0,0,-4.02,20563,4433,2624,2,2,1,25,165
BraTS-GLI-01427-000,global,1.0,0.0,0,-2.0,20167,3559,3020,,,,,165
BraTS-GLI-01427-000,global,1.0,0.0,0,0.0,19758,2853,3429,0,2,0,16,165
BraTS-GLI-01427-000,global,1.0,0.0,0,2.0,19331,2309,3856,,,,,165
BraTS-GLI-01427-000,global,1.0,0.0,1,-6.0,32698,53204,918,,,,,165
BraTS-GLI-01427-000,global,1.0,0.0,1,-4.02,32534,48780,1082,,,,,165
BraTS-GLI-01427-000,global,1.0,0.0,1,-2.0,32335,43903,1281,,,,,165
BraTS-GLI-01427-000,global,1.0,0.0,1,0.0,32150,38707,1466,,,,,165
BraTS-GLI-01427-000,global,1.0,0.0,1,2.0,31881,32673,1735,,,,,165
BraTS-GLI-01427-000,global,1.0,0.0,2,-6.0,99523,43093,1317,,,,,165
BraTS-GLI-01427-000,global,1.0,0.0,2,-4.02,99200,40080,1640,,,,,165
BraTS-GLI-01427-000,global,1.0,0.0,2,-2.0,98814,37067,2026,,,,,165
BraTS-GLI-01427-000,global,1.0,0.0,2,0.0,98348,34034,2492,,,,,165
BraTS-GLI-01427-000,global,1.0,0.0,2,2.0,97806,30718,3034,,,,,165
BraTS-GLI-01427-000,dilate,0.0,0.0,0,-6.0,22794,13510,393,,,,,165
BraTS-GLI-01427-000,dilate,0.0,0.0,0,-4.02,22754,13008,433,9,2,2,0,165
BraTS-GLI-01427-000,dilate,0.0,0.0,0,-2.0,22714,12508,473,,,,,165
BraTS-GLI-01427-000,dilate,0.0,0.0,0,0.0,22650,11996,537,5,2,2,0,165
BraTS-GLI-01427-000,dilate,0.0,0.0,0,2.0,22595,11474,592,,,,,165
BraTS-GLI-01427-000,dilate,0.0,0.0,1,-6.0,31030,717,2586,,,,,165
BraTS-GLI-01427-000,dilate,0.0,0.0,1,-4.02,30788,605,2828,,,,,165
BraTS-GLI-01427-000,dilate,0.0,0.0,1,-2.0,30520,517,3096,,,,,165
BraTS-GLI-01427-000,dilate,0.0,0.0,1,0.0,30291,430,3325,,,,,165
BraTS-GLI-01427-000,dilate,0.0,0.0,1,2.0,30065,345,3551,,,,,165
BraTS-GLI-01427-000,dilate,0.0,0.0,2,-6.0,96343,12997,4497,,,,,165
BraTS-GLI-01427-000,dilate,0.0,0.0,2,-4.02,95632,11271,5208,,,,,165
BraTS-GLI-01427-000,dilate,0.0,0.0,2,-2.0,94721,9753,6119,,,,,165
BraTS-GLI-01427-000,dilate,0.0,0.0,2,0.0,93768,8307,7072,,,,,165
BraTS-GLI-01427-000,dilate,0.0,0.0,2,2.0,92675,7045,8165,,,,,165
BraTS-GLI-01427-000,boost,2.0,0.0,0,-6.0,20201,2763,2986,,,,,165
BraTS-GLI-01427-000,boost,2.0,0.0,0,-4.02,19882,2365,3305,5,2,1,0,165
BraTS-GLI-01427-000,boost,2.0,0.0,0,-2.0,19553,2073,3634,,,,,165
BraTS-GLI-01427-000,boost,2.0,0.0,0,0.0,19194,1778,3993,2,2,1,0,165
BraTS-GLI-01427-000,boost,2.0,0.0,0,2.0,18793,1516,4394,,,,,165
BraTS-GLI-01427-000,boost,2.0,0.0,1,-6.0,31030,717,2586,,,,,165
BraTS-GLI-01427-000,boost,2.0,0.0,1,-4.02,30788,605,2828,,,,,165
BraTS-GLI-01427-000,boost,2.0,0.0,1,-2.0,30520,517,3096,,,,,165
BraTS-GLI-01427-000,boost,2.0,0.0,1,0.0,30291,430,3325,,,,,165
BraTS-GLI-01427-000,boost,2.0,0.0,1,2.0,30065,345,3551,,,,,165
BraTS-GLI-01427-000,boost,2.0,0.0,2,-6.0,96343,12997,4497,,,,,165
BraTS-GLI-01427-000,boost,2.0,0.0,2,-4.02,95632,11271,5208,,,,,165
BraTS-GLI-01427-000,boost,2.0,0.0,2,-2.0,94721,9753,6119,,,,,165
BraTS-GLI-01427-000,boost,2.0,0.0,2,0.0,93768,8307,7072,,,,,165
BraTS-GLI-01427-000,boost,2.0,0.0,2,2.0,92675,7045,8165,,,,,165
BraTS-GLI-01427-000,boost,4.0,0.0,0,-6.0,20536,3237,2651,,,,,165
BraTS-GLI-01427-000,boost,4.0,0.0,0,-4.02,20203,2766,2984,5,2,1,0,165
BraTS-GLI-01427-000,boost,4.0,0.0,0,-2.0,19877,2359,3310,,,,,165
BraTS-GLI-01427-000,boost,4.0,0.0,0,0.0,19549,2072,3638,3,2,1,0,165
BraTS-GLI-01427-000,boost,4.0,0.0,0,2.0,19191,1778,3996,,,,,165
BraTS-GLI-01427-000,boost,4.0,0.0,1,-6.0,31030,717,2586,,,,,165
BraTS-GLI-01427-000,boost,4.0,0.0,1,-4.02,30788,605,2828,,,,,165
BraTS-GLI-01427-000,boost,4.0,0.0,1,-2.0,30520,517,3096,,,,,165
BraTS-GLI-01427-000,boost,4.0,0.0,1,0.0,30291,430,3325,,,,,165
BraTS-GLI-01427-000,boost,4.0,0.0,1,2.0,30065,345,3551,,,,,165
BraTS-GLI-01427-000,boost,4.0,0.0,2,-6.0,96343,12997,4497,,,,,165
BraTS-GLI-01427-000,boost,4.0,0.0,2,-4.02,95632,11271,5208,,,,,165
BraTS-GLI-01427-000,boost,4.0,0.0,2,-2.0,94721,9753,6119,,,,,165
BraTS-GLI-01427-000,boost,4.0,0.0,2,0.0,93768,8307,7072,,,,,165
BraTS-GLI-01427-000,boost,4.0,0.0,2,2.0,92675,7045,8165,,,,,165
BraTS-GLI-01319-000,none,0.0,0.0,0,-6.0,20847,2130,322,,,,,136
BraTS-GLI-01319-000,none,0.0,0.0,0,-4.02,20781,1601,388,0,0,0,0,136
BraTS-GLI-01319-000,none,0.0,0.0,0,-2.0,20661,1147,508,,,,,136
BraTS-GLI-01319-000,none,0.0,0.0,0,0.0,20479,804,690,0,0,0,0,136
BraTS-GLI-01319-000,none,0.0,0.0,0,2.0,20212,587,957,,,,,136
BraTS-GLI-01319-000,none,0.0,0.0,1,-6.0,39804,1286,406,,,,,136
BraTS-GLI-01319-000,none,0.0,0.0,1,-4.02,39732,1019,478,,,,,136
BraTS-GLI-01319-000,none,0.0,0.0,1,-2.0,39621,797,589,,,,,136
BraTS-GLI-01319-000,none,0.0,0.0,1,0.0,39495,626,715,,,,,136
BraTS-GLI-01319-000,none,0.0,0.0,1,2.0,39334,479,876,,,,,136
BraTS-GLI-01319-000,none,0.0,0.0,2,-6.0,63194,1783,2127,,,,,136
BraTS-GLI-01319-000,none,0.0,0.0,2,-4.02,62529,1249,2792,,,,,136
BraTS-GLI-01319-000,none,0.0,0.0,2,-2.0,61773,843,3548,,,,,136
BraTS-GLI-01319-000,none,0.0,0.0,2,0.0,60979,560,4342,,,,,136
BraTS-GLI-01319-000,none,0.0,0.0,2,2.0,60132,350,5189,,,,,136
BraTS-GLI-01319-000,pspds,0.5,0.0,0,-6.0,20862,2192,307,,,,,136
BraTS-GLI-01319-000,pspds,0.5,0.0,0,-4.02,20795,1660,374,0,0,0,0,136
BraTS-GLI-01319-000,pspds,0.5,0.0,0,-2.0,20673,1208,496,,,,,136
BraTS-GLI-01319-000,pspds,0.5,0.0,0,0.0,20520,858,649,0,0,0,0,136
BraTS-GLI-01319-000,pspds,0.5,0.0,0,2.0,20254,625,915,,,,,136
BraTS-GLI-01319-000,pspds,0.5,0.0,1,-6.0,39813,1363,397,,,,,136
BraTS-GLI-01319-000,pspds,0.5,0.0,1,-4.02,39749,1092,461,,,,,136
BraTS-GLI-01319-000,pspds,0.5,0.0,1,-2.0,39647,864,563,,,,,136
BraTS-GLI-01319-000,pspds,0.5,0.0,1,0.0,39536,683,674,,,,,136
BraTS-GLI-01319-000,pspds,0.5,0.0,1,2.0,39379,522,831,,,,,136
BraTS-GLI-01319-000,pspds,0.5,0.0,2,-6.0,63360,2026,1961,,,,,136
BraTS-GLI-01319-000,pspds,0.5,0.0,2,-4.02,62742,1431,2579,,,,,136
BraTS-GLI-01319-000,pspds,0.5,0.0,2,-2.0,62002,987,3319,,,,,136
BraTS-GLI-01319-000,pspds,0.5,0.0,2,0.0,61253,667,4068,,,,,136
BraTS-GLI-01319-000,pspds,0.5,0.0,2,2.0,60447,424,4874,,,,,136
BraTS-GLI-01319-000,pspds,0.5,1.0,0,-6.0,20856,2160,313,,,,,136
BraTS-GLI-01319-000,pspds,0.5,1.0,0,-4.02,20789,1624,380,0,0,0,0,136
BraTS-GLI-01319-000,pspds,0.5,1.0,0,-2.0,20667,1186,502,,,,,136
BraTS-GLI-01319-000,pspds,0.5,1.0,0,0.0,20498,831,671,0,0,0,0,136
BraTS-GLI-01319-000,pspds,0.5,1.0,0,2.0,20226,602,943,,,,,136
BraTS-GLI-01319-000,pspds,0.5,1.0,1,-6.0,39808,1320,402,,,,,136
BraTS-GLI-01319-000,pspds,0.5,1.0,1,-4.02,39741,1051,469,,,,,136
BraTS-GLI-01319-000,pspds,0.5,1.0,1,-2.0,39634,830,576,,,,,136
BraTS-GLI-01319-000,pspds,0.5,1.0,1,0.0,39513,652,697,,,,,136
BraTS-GLI-01319-000,pspds,0.5,1.0,1,2.0,39354,497,856,,,,,136
BraTS-GLI-01319-000,pspds,0.5,1.0,2,-6.0,63280,1885,2041,,,,,136
BraTS-GLI-01319-000,pspds,0.5,1.0,2,-4.02,62616,1325,2705,,,,,136
BraTS-GLI-01319-000,pspds,0.5,1.0,2,-2.0,61882,900,3439,,,,,136
BraTS-GLI-01319-000,pspds,0.5,1.0,2,0.0,61112,596,4209,,,,,136
BraTS-GLI-01319-000,pspds,0.5,1.0,2,2.0,60270,378,5051,,,,,136
BraTS-GLI-01319-000,pspds,1.0,0.0,0,-6.0,20868,2221,301,,,,,136
BraTS-GLI-01319-000,pspds,1.0,0.0,0,-4.02,20802,1717,367,0,0,0,0,136
BraTS-GLI-01319-000,pspds,1.0,0.0,0,-2.0,20691,1277,478,,,,,136
BraTS-GLI-01319-000,pspds,1.0,0.0,0,0.0,20539,917,630,0,0,0,0,136
BraTS-GLI-01319-000,pspds,1.0,0.0,0,2.0,20284,677,885,,,,,136
BraTS-GLI-01319-000,pspds,1.0,0.0,1,-6.0,39822,1431,388,,,,,136
BraTS-GLI-01319-000,pspds,1.0,0.0,1,-4.02,39758,1162,452,,,,,136
BraTS-GLI-01319-000,pspds,1.0,0.0,1,-2.0,39661,937,549,,,,,136
BraTS-GLI-01319-000,pspds,1.0,0.0,1,0.0,39563,728,647,,,,,136
BraTS-GLI-01319-000,pspds,1.0,0.0,1,2.0,39407,564,803,,,,,136
BraTS-GLI-01319-000,pspds,1.0,0.0,2,-6.0,63460,2251,1861,,,,,136
BraTS-GLI-01319-000,pspds,1.0,0.0,2,-4.02,62897,1600,2424,,,,,136
BraTS-GLI-01319-000,pspds,1.0,0.0,2,-2.0,62186,1114,3135,,,,,136
BraTS-GLI-01319-000,pspds,1.0,0.0,2,0.0,61433,772,3888,,,,,136
BraTS-GLI-01319-000,pspds,1.0,0.0,2,2.0,60679,497,4642,,,,,136
BraTS-GLI-01319-000,pspds,1.0,1.0,0,-6.0,20861,2179,308,,,,,136
BraTS-GLI-01319-000,pspds,1.0,1.0,0,-4.02,20794,1651,375,0,0,0,0,136
BraTS-GLI-01319-000,pspds,1.0,1.0,0,-2.0,20672,1204,497,,,,,136
BraTS-GLI-01319-000,pspds,1.0,1.0,0,0.0,20514,848,655,0,0,0,0,136
BraTS-GLI-01319-000,pspds,1.0,1.0,0,2.0,20244,618,925,,,,,136
BraTS-GLI-01319-000,pspds,1.0,1.0,1,-6.0,39812,1353,398,,,,,136
BraTS-GLI-01319-000,pspds,1.0,1.0,1,-4.02,39746,1080,464,,,,,136
BraTS-GLI-01319-000,pspds,1.0,1.0,1,-2.0,39642,857,568,,,,,136
BraTS-GLI-01319-000,pspds,1.0,1.0,1,0.0,39529,678,681,,,,,136
BraTS-GLI-01319-000,pspds,1.0,1.0,1,2.0,39375,516,835,,,,,136
BraTS-GLI-01319-000,pspds,1.0,1.0,2,-6.0,63336,1970,1985,,,,,136
BraTS-GLI-01319-000,pspds,1.0,1.0,2,-4.02,62709,1396,2612,,,,,136
BraTS-GLI-01319-000,pspds,1.0,1.0,2,-2.0,61956,965,3365,,,,,136
BraTS-GLI-01319-000,pspds,1.0,1.0,2,0.0,61206,638,4115,,,,,136
BraTS-GLI-01319-000,pspds,1.0,1.0,2,2.0,60400,407,4921,,,,,136
BraTS-GLI-01319-000,interp,0.5,0.0,0,-6.0,20900,2576,269,,,,,136
BraTS-GLI-01319-000,interp,0.5,0.0,0,-4.02,20859,2058,310,0,0,0,0,136
BraTS-GLI-01319-000,interp,0.5,0.0,0,-2.0,20771,1550,398,,,,,136
BraTS-GLI-01319-000,interp,0.5,0.0,0,0.0,20643,1144,526,0,0,0,0,136
BraTS-GLI-01319-000,interp,0.5,0.0,0,2.0,20443,837,726,,,,,136
BraTS-GLI-01319-000,interp,0.5,0.0,1,-6.0,39876,1656,334,,,,,136
BraTS-GLI-01319-000,interp,0.5,0.0,1,-4.02,39814,1366,396,,,,,136
BraTS-GLI-01319-000,interp,0.5,0.0,1,-2.0,39739,1121,471,,,,,136
BraTS-GLI-01319-000,interp,0.5,0.0,1,0.0,39642,880,568,,,,,136
BraTS-GLI-01319-000,interp,0.5,0.0,1,2.0,39526,665,684,,,,,136
BraTS-GLI-01319-000,interp,0.5,0.0,2,-6.0,64150,5975,1171,,,,,136
BraTS-GLI-01319-000,interp,0.5,0.0,2,-4.02,63829,4615,1492,,,,,136
BraTS-GLI-01319-000,interp,0.5,0.0,2,-2.0,63376,3562,1945,,,,,136
BraTS-GLI-01319-000,interp,0.5,0.0,2,0.0,62824,2612,2497,,,,,136
BraTS-GLI-01319-000,interp,0.5,0.0,2,2.0,62160,1927,3161,,,,,136
BraTS-GLI-01319-000,interp,1.0,0.0,0,-6.0,20922,3146,247,,,,,136
BraTS-GLI-01319-000,interp,1.0,0.0,0,-4.02,20883,2563,286,0,0,0,0,136
BraTS-GLI-01319-000,interp,1.0,0.0,0,-2.0,20832,2027,337,,,,,136
BraTS-GLI-01319-000,interp,1.0,0.0,0,0.0,20718,1577,451,0,0,0,0,136
BraTS-GLI-01319-000,interp,1.0,0.0,0,2.0,20558,1213,611,,,,,136
BraTS-GLI-01319-000,interp,1.0,0.0,1,-6.0,39903,2097,307,,,,,136
BraTS-GLI-01319-000,interp,1.0,0.0,1,-4.02,39850,1759,360,,,,,136
BraTS-GLI-01319-000,interp,1.0,0.0,1,-2.0,39786,1443,424,,,,,136
BraTS-GLI-01319-000,interp,1.0,0.0,1,0.0,39718,1205,492,,,,,136
BraTS-GLI-01319-000,interp,1.0,0.0,1,2.0,39612,969,598,,,,,136
BraTS-GLI-01319-000,interp,1.0,0.0,2,-6.0,64587,11397,734,,,,,136
BraTS-GLI-01319-000,interp,1.0,0.0,2,-4.02,64372,9379,949,,,,,136
BraTS-GLI-01319-000,interp,1.0,0.0,2,-2.0,64082,7573,1239,,,,,136
BraTS-GLI-01319-000,interp,1.0,0.0,2,0.0,63715,6022,1606,,,,,136
BraTS-GLI-01319-000,interp,1.0,0.0,2,2.0,63264,4651,2057,,,,,136
BraTS-GLI-01319-000,global,0.5,0.0,0,-6.0,20951,3273,218,,,,,136
BraTS-GLI-01319-000,global,0.5,0.0,0,-4.02,20908,2641,261,0,0,0,0,136
BraTS-GLI-01319-000,global,0.5,0.0,0,-2.0,20831,2094,338,,,,,136
BraTS-GLI-01319-000,global,0.5,0.0,0,0.0,20716,1641,453,0,0,0,0,136
BraTS-GLI-01319-000,global,0.5,0.0,0,2.0,20548,1268,621,,,,,136
BraTS-GLI-01319-000,global,0.5,0.0,1,-6.0,39962,2378,248,,,,,136
BraTS-GLI-01319-000,global,0.5,0.0,1,-4.02,39913,2005,297,,,,,136
BraTS-GLI-01319-000,global,0.5,0.0,1,-2.0,39872,1700,338,,,,,136
BraTS-GLI-01319-000,global,0.5,0.0,1,0.0,39807,1395,403,,,,,136
BraTS-GLI-01319-000,global,0.5,0.0,1,2.0,39701,1139,509,,,,,136
BraTS-GLI-01319-000,global,0.5,0.0,2,-6.0,64587,11464,734,,,,,136
BraTS-GLI-01319-000,global,0.5,0.0,2,-4.02,64389,9271,932,,,,,136
BraTS-GLI-01319-000,global,0.5,0.0,2,-2.0,64116,7374,1205,,,,,136
BraTS-GLI-01319-000,global,0.5,0.0,2,0.0,63753,5766,1568,,,,,136
BraTS-GLI-01319-000,global,0.5,0.0,2,2.0,63290,4300,2031,,,,,136
BraTS-GLI-01319-000,global,1.0,0.0,0,-6.0,21031,6768,138,,,,,136
BraTS-GLI-01319-000,global,1.0,0.0,0,-4.02,20989,5638,180,0,0,0,9,136
BraTS-GLI-01319-000,global,1.0,0.0,0,-2.0,20910,4658,259,,,,,136
BraTS-GLI-01319-000,global,1.0,0.0,0,0.0,20809,3817,360,0,0,0,8,136
BraTS-GLI-01319-000,global,1.0,0.0,0,2.0,20631,3104,538,,,,,136
BraTS-GLI-01319-000,global,1.0,0.0,1,-6.0,40100,14195,110,,,,,136
BraTS-GLI-01319-000,global,1.0,0.0,1,-4.02,40082,11352,128,,,,,136
BraTS-GLI-01319-000,global,1.0,0.0,1,-2.0,40046,8720,164,,,,,136
BraTS-GLI-01319-000,global,1.0,0.0,1,0.0,39996,6796,214,,,,,136
BraTS-GLI-01319-000,global,1.0,0.0,1,2.0,39936,5317,274,,,,,136
BraTS-GLI-01319-000,global,1.0,0.0,2,-6.0,65031,46518,290,,,,,136
BraTS-GLI-01319-000,global,1.0,0.0,2,-4.02,64981,41434,340,,,,,136
BraTS-GLI-01319-000,global,1.0,0.0,2,-2.0,64907,36656,414,,,,,136
BraTS-GLI-01319-000,global,1.0,0.0,2,0.0,64797,32143,524,,,,,136
BraTS-GLI-01319-000,global,1.0,0.0,2,2.0,64662,27512,659,,,,,136
BraTS-GLI-01319-000,dilate,0.0,0.0,0,-6.0,21122,15456,47,,,,,136
BraTS-GLI-01319-000,dilate,0.0,0.0,0,-4.02,21106,14853,63,0,0,0,0,136
BraTS-GLI-01319-000,dilate,0.0,0.0,0,-2.0,21094,14277,75,,,,,136
BraTS-GLI-01319-000,dilate,0.0,0.0,0,0.0,21073,13765,96,0,0,0,0,136
BraTS-GLI-01319-000,dilate,0.0,0.0,0,2.0,21042,13340,127,,,,,136
BraTS-GLI-01319-000,dilate,0.0,0.0,1,-6.0,39804,1286,406,,,,,136
BraTS-GLI-01319-000,dilate,0.0,0.0,1,-4.02,39732,1019,478,,,,,136
BraTS-GLI-01319-000,dilate,0.0,0.0,1,-2.0,39621,797,589,,,,,136
BraTS-GLI-01319-000,dilate,0.0,0.0,1,0.0,39495,626,715,,,,,136
BraTS-GLI-01319-000,dilate,0.0,0.0,1,2.0,39334,479,876,,,,,136
BraTS-GLI-01319-000,dilate,0.0,0.0,2,-6.0,63194,1783,2127,,,,,136
BraTS-GLI-01319-000,dilate,0.0,0.0,2,-4.02,62529,1249,2792,,,,,136
BraTS-GLI-01319-000,dilate,0.0,0.0,2,-2.0,61773,843,3548,,,,,136
BraTS-GLI-01319-000,dilate,0.0,0.0,2,0.0,60979,560,4342,,,,,136
BraTS-GLI-01319-000,dilate,0.0,0.0,2,2.0,60132,350,5189,,,,,136
BraTS-GLI-01319-000,boost,2.0,0.0,0,-6.0,20898,2668,271,,,,,136
BraTS-GLI-01319-000,boost,2.0,0.0,0,-4.02,20841,2082,328,0,0,0,0,136
BraTS-GLI-01319-000,boost,2.0,0.0,0,-2.0,20772,1547,397,,,,,136
BraTS-GLI-01319-000,boost,2.0,0.0,0,0.0,20648,1102,521,0,0,0,0,136
BraTS-GLI-01319-000,boost,2.0,0.0,0,2.0,20465,769,704,,,,,136
BraTS-GLI-01319-000,boost,2.0,0.0,1,-6.0,39804,1286,406,,,,,136
BraTS-GLI-01319-000,boost,2.0,0.0,1,-4.02,39732,1019,478,,,,,136
BraTS-GLI-01319-000,boost,2.0,0.0,1,-2.0,39621,797,589,,,,,136
BraTS-GLI-01319-000,boost,2.0,0.0,1,0.0,39495,626,715,,,,,136
BraTS-GLI-01319-000,boost,2.0,0.0,1,2.0,39334,479,876,,,,,136
BraTS-GLI-01319-000,boost,2.0,0.0,2,-6.0,63194,1783,2127,,,,,136
BraTS-GLI-01319-000,boost,2.0,0.0,2,-4.02,62529,1249,2792,,,,,136
BraTS-GLI-01319-000,boost,2.0,0.0,2,-2.0,61773,843,3548,,,,,136
BraTS-GLI-01319-000,boost,2.0,0.0,2,0.0,60979,560,4342,,,,,136
BraTS-GLI-01319-000,boost,2.0,0.0,2,2.0,60132,350,5189,,,,,136
BraTS-GLI-01319-000,boost,4.0,0.0,0,-6.0,20930,3312,239,,,,,136
BraTS-GLI-01319-000,boost,4.0,0.0,0,-4.02,20892,2623,277,0,0,0,0,136
BraTS-GLI-01319-000,boost,4.0,0.0,0,-2.0,20833,2027,336,,,,,136
BraTS-GLI-01319-000,boost,4.0,0.0,0,0.0,20759,1502,410,0,0,0,0,136
BraTS-GLI-01319-000,boost,4.0,0.0,0,2.0,20634,1067,535,,,,,136
BraTS-GLI-01319-000,boost,4.0,0.0,1,-6.0,39804,1286,406,,,,,136
BraTS-GLI-01319-000,boost,4.0,0.0,1,-4.02,39732,1019,478,,,,,136
BraTS-GLI-01319-000,boost,4.0,0.0,1,-2.0,39621,797,589,,,,,136
BraTS-GLI-01319-000,boost,4.0,0.0,1,0.0,39495,626,715,,,,,136
BraTS-GLI-01319-000,boost,4.0,0.0,1,2.0,39334,479,876,,,,,136
BraTS-GLI-01319-000,boost,4.0,0.0,2,-6.0,63194,1783,2127,,,,,136
BraTS-GLI-01319-000,boost,4.0,0.0,2,-4.02,62529,1249,2792,,,,,136
BraTS-GLI-01319-000,boost,4.0,0.0,2,-2.0,61773,843,3548,,,,,136
BraTS-GLI-01319-000,boost,4.0,0.0,2,0.0,60979,560,4342,,,,,136
BraTS-GLI-01319-000,boost,4.0,0.0,2,2.0,60132,350,5189,,,,,136
BraTS-GLI-01402-000,none,0.0,0.0,0,-6.0,7829,175,1112,,,,,42
BraTS-GLI-01402-000,none,0.0,0.0,0,-4.02,7695,153,1246,0,0,0,0,42
BraTS-GLI-01402-000,none,0.0,0.0,0,-2.0,7529,139,1412,,,,,42
BraTS-GLI-01402-000,none,0.0,0.0,0,0.0,7364,126,1577,0,0,0,0,42
BraTS-GLI-01402-000,none,0.0,0.0,0,2.0,7182,119,1759,,,,,42
BraTS-GLI-01402-000,none,0.0,0.0,1,-6.0,8127,148,1049,,,,,42
BraTS-GLI-01402-000,none,0.0,0.0,1,-4.02,7973,119,1203,,,,,42
BraTS-GLI-01402-000,none,0.0,0.0,1,-2.0,7796,106,1380,,,,,42
BraTS-GLI-01402-000,none,0.0,0.0,1,0.0,7588,98,1588,,,,,42
BraTS-GLI-01402-000,none,0.0,0.0,1,2.0,7404,94,1772,,,,,42
BraTS-GLI-01402-000,none,0.0,0.0,2,-6.0,74880,13866,351,,,,,42
BraTS-GLI-01402-000,none,0.0,0.0,2,-4.02,74634,11271,597,,,,,42
BraTS-GLI-01402-000,none,0.0,0.0,2,-2.0,74255,8928,976,,,,,42
BraTS-GLI-01402-000,none,0.0,0.0,2,0.0,73664,6915,1567,,,,,42
BraTS-GLI-01402-000,none,0.0,0.0,2,2.0,72765,5260,2466,,,,,42
BraTS-GLI-01402-000,pspds,0.5,0.0,0,-6.0,7859,177,1082,,,,,42
BraTS-GLI-01402-000,pspds,0.5,0.0,0,-4.02,7743,155,1198,0,0,0,0,42
BraTS-GLI-01402-000,pspds,0.5,0.0,0,-2.0,7579,141,1362,,,,,42
BraTS-GLI-01402-000,pspds,0.5,0.0,0,0.0,7405,130,1536,0,0,0,0,42
BraTS-GLI-01402-000,pspds,0.5,0.0,0,2.0,7229,122,1712,,,,,42
BraTS-GLI-01402-000,pspds,0.5,0.0,1,-6.0,8150,157,1026,,,,,42
BraTS-GLI-01402-000,pspds,0.5,0.0,1,-4.02,8021,120,1155,,,,,42
BraTS-GLI-01402-000,pspds,0.5,0.0,1,-2.0,7841,108,1335,,,,,42
BraTS-GLI-01402-000,pspds,0.5,0.0,1,0.0,7642,101,1534,,,,,42
BraTS-GLI-01402-000,pspds,0.5,0.0,1,2.0,7460,95,1716,,,,,42
BraTS-GLI-01402-000,pspds,0.5,0.0,2,-6.0,74884,14004,347,,,,,42
BraTS-GLI-01402-000,pspds,0.5,0.0,2,-4.02,74641,11374,590,,,,,42
BraTS-GLI-01402-000,pspds,0.5,0.0,2,-2.0,74268,9030,963,,,,,42
BraTS-GLI-01402-000,pspds,0.5,0.0,2,0.0,73685,6998,1546,,,,,42
BraTS-GLI-01402-000,pspds,0.5,0.0,2,2.0,72813,5375,2418,,,,,42
BraTS-GLI-01402-000,pspds,0.5,1.0,0,-6.0,7844,176,1097,,,,,42
BraTS-GLI-01402-000,pspds,0.5,1.0,0,-4.02,7719,155,1222,0,0,0,0,42
BraTS-GLI-01402-000,pspds,0.5,1.0,0,-2.0,7555,140,1386,,,,,42
BraTS-GLI-01402-000,pspds,0.5,1.0,0,0.0,7389,129,1552,0,0,0,0,42
BraTS-GLI-01402-000,pspds,0.5,1.0,0,2.0,7204,122,1737,,,,,42
BraTS-GLI-01402-000,pspds,0.5,1.0,1,-6.0,8139,154,1037,,,,,42
BraTS-GLI-01402-000,pspds,0.5,1.0,1,-4.02,8000,120,1176,,,,,42
BraTS-GLI-01402-000,pspds,0.5,1.0,1,-2.0,7816,107,1360,,,,,42
BraTS-GLI-01402-000,pspds,0.5,1.0,1,0.0,7615,101,1561,,,,,42
BraTS-GLI-01402-000,pspds,0.5,1.0,1,2.0,7433,95,1743,,,,,42
BraTS-GLI-01402-000,pspds,0.5,1.0,2,-6.0,74887,13929,344,,,,,42
BraTS-GLI-01402-000,pspds,0.5,1.0,2,-4.02,74635,11326,596,,,,,42
BraTS-GLI-01402-000,pspds,0.5,1.0,2,-2.0,74266,8969,965,,,,,42
BraTS-GLI-01402-000,pspds,0.5,1.0,2,0.0,73668,6950,1563,,,,,42
BraTS-GLI-01402-000,pspds,0.5,1.0,2,2.0,72790,5309,2441,,,,,42
BraTS-GLI-01402-000,pspds,1.0,0.0,0,-6.0,7881,185,1060,,,,,42
BraTS-GLI-01402-000,pspds,1.0,0.0,0,-4.02,7772,158,1169,0,0,0,0,42
BraTS-GLI-01402-000,pspds,1.0,0.0,0,-2.0,7622,141,1319,,,,,42
BraTS-GLI-01402-000,pspds,1.0,0.0,0,0.0,7458,133,1483,0,0,0,0,42
BraTS-GLI-01402-000,pspds,1.0,0.0,0,2.0,7276,123,1665,,,,,42
BraTS-GLI-01402-000,pspds,1.0,0.0,1,-6.0,8174,163,1002,,,,,42
BraTS-GLI-01402-000,pspds,1.0,0.0,1,-4.02,8049,123,1127,,,,,42
BraTS-GLI-01402-000,pspds,1.0,0.0,1,-2.0,7886,108,1290,,,,,42
BraTS-GLI-01402-000,pspds,1.0,0.0,1,0.0,7690,104,1486,,,,,42
BraTS-GLI-01402-000,pspds,1.0,0.0,1,2.0,7497,97,1679,,,,,42
BraTS-GLI-01402-000,pspds,1.0,0.0,2,-6.0,74878,14096,353,,,,,42
BraTS-GLI-01402-000,pspds,1.0,0.0,2,-4.02,74647,11471,584,,,,,42
BraTS-GLI-01402-000,pspds,1.0,0.0,2,-2.0,74264,9139,967,,,,,42
BraTS-GLI-01402-000,pspds,1.0,0.0,2,0.0,73699,7094,1532,,,,,42
BraTS-GLI-01402-000,pspds,1.0,0.0,2,2.0,72844,5473,2387,,,,,42
BraTS-GLI-01402-000,pspds,1.0,1.0,0,-6.0,7860,178,1081,,,,,42
BraTS-GLI-01402-000,pspds,1.0,1.0,0,-4.02,7743,155,1198,0,0,0,0,42
BraTS-GLI-01402-000,pspds,1.0,1.0,0,-2.0,7580,140,1361,,,,,42
BraTS-GLI-01402-000,pspds,1.0,1.0,0,0.0,7408,131,1533,0,0,0,0,42
BraTS-GLI-01402-000,pspds,1.0,1.0,0,2.0,7230,122,1711,,,,,42
BraTS-GLI-01402-000,pspds,1.0,1.0,1,-6.0,8150,156,1026,,,,,42
BraTS-GLI-01402-000,pspds,1.0,1.0,1,-4.02,8021,120,1155,,,,,42
BraTS-GLI-01402-000,pspds,1.0,1.0,1,-2.0,7843,108,1333,,,,,42
BraTS-GLI-01402-000,pspds,1.0,1.0,1,0.0,7643,101,1533,,,,,42
BraTS-GLI-01402-000,pspds,1.0,1.0,1,2.0,7462,95,1714,,,,,42
BraTS-GLI-01402-000,pspds,1.0,1.0,2,-6.0,74885,13995,346,,,,,42
BraTS-GLI-01402-000,pspds,1.0,1.0,2,-4.02,74639,11365,592,,,,,42
BraTS-GLI-01402-000,pspds,1.0,1.0,2,-2.0,74266,9027,965,,,,,42
BraTS-GLI-01402-000,pspds,1.0,1.0,2,0.0,73680,6993,1551,,,,,42
BraTS-GLI-01402-000,pspds,1.0,1.0,2,2.0,72813,5366,2418,,,,,42
BraTS-GLI-01402-000,interp,0.5,0.0,0,-6.0,7947,211,994,,,,,42
BraTS-GLI-01402-000,interp,0.5,0.0,0,-4.02,7834,175,1107,0,0,0,0,42
BraTS-GLI-01402-000,interp,0.5,0.0,0,-2.0,7695,145,1246,,,,,42
BraTS-GLI-01402-000,interp,0.5,0.0,0,0.0,7546,136,1395,0,0,0,0,42
BraTS-GLI-01402-000,interp,0.5,0.0,0,2.0,7362,127,1579,,,,,42
BraTS-GLI-01402-000,interp,0.5,0.0,1,-6.0,8246,185,930,,,,,42
BraTS-GLI-01402-000,interp,0.5,0.0,1,-4.02,8103,142,1073,,,,,42
BraTS-GLI-01402-000,interp,0.5,0.0,1,-2.0,7965,118,1211,,,,,42
BraTS-GLI-01402-000,interp,0.5,0.0,1,0.0,7789,109,1387,,,,,42
BraTS-GLI-01402-000,interp,0.5,0.0,1,2.0,7578,100,1598,,,,,42
BraTS-GLI-01402-000,interp,0.5,0.0,2,-6.0,74949,14933,282,,,,,42
BraTS-GLI-01402-000,interp,0.5,0.0,2,-4.02,74736,12214,495,,,,,42
BraTS-GLI-01402-000,interp,0.5,0.0,2,-2.0,74437,9736,794,,,,,42
BraTS-GLI-01402-000,interp,0.5,0.0,2,0.0,73911,7605,1320,,,,,42
BraTS-GLI-01402-000,interp,0.5,0.0,2,2.0,73145,5801,2086,,,,,42
BraTS-GLI-01402-000,interp,1.0,0.0,0,-6.0,8072,255,869,,,,,42
BraTS-GLI-01402-000,interp,1.0,0.0,0,-4.02,7946,212,995,0,0,0,1,42
BraTS-GLI-01402-000,interp,1.0,0.0,0,-2.0,7815,175,1126,,,,,42
BraTS-GLI-01402-000,interp,1.0,0.0,0,0.0,7679,157,1262,0,0,0,0,42
BraTS-GLI-01402-000,interp,1.0,0.0,0,2.0,7526,134,1415,,,,,42
BraTS-GLI-01402-000,interp,1.0,0.0,1,-6.0,8366,251,810,,,,,42
BraTS-GLI-01402-000,interp,1.0,0.0,1,-4.02,8216,187,960,,,,,42
BraTS-GLI-01402-000,interp,1.0,0.0,1,-2.0,8081,149,1095,,,,,42
BraTS-GLI-01402-000,interp,1.0,0.0,1,0.0,7930,125,1246,,,,,42
BraTS-GLI-01402-000,interp,1.0,0.0,1,2.0,7762,112,1414,,,,,42
BraTS-GLI-01402-000,interp,1.0,0.0,2,-6.0,74972,16212,259,,,,,42
BraTS-GLI-01402-000,interp,1.0,0.0,2,-4.02,74793,13387,438,,,,,42
BraTS-GLI-01402-000,interp,1.0,0.0,2,-2.0,74515,10812,716,,,,,42
BraTS-GLI-01402-000,interp,1.0,0.0,2,0.0,74108,8611,1123,,,,,42
BraTS-GLI-01402-000,interp,1.0,0.0,2,2.0,73496,6662,1735,,,,,42
BraTS-GLI-01402-000,global,0.5,0.0,0,-6.0,8208,282,733,,,,,42
BraTS-GLI-01402-000,global,0.5,0.0,0,-4.02,8091,223,850,0,0,0,0,42
BraTS-GLI-01402-000,global,0.5,0.0,0,-2.0,7950,178,991,,,,,42
BraTS-GLI-01402-000,global,0.5,0.0,0,0.0,7786,158,1155,0,0,0,0,42
BraTS-GLI-01402-000,global,0.5,0.0,0,2.0,7609,138,1332,,,,,42
BraTS-GLI-01402-000,global,0.5,0.0,1,-6.0,8498,267,678,,,,,42
BraTS-GLI-01402-000,global,0.5,0.0,1,-4.02,8364,205,812,,,,,42
BraTS-GLI-01402-000,global,0.5,0.0,1,-2.0,8196,160,980,,,,,42
BraTS-GLI-01402-000,global,0.5,0.0,1,0.0,8028,132,1148,,,,,42
BraTS-GLI-01402-000,global,0.5,0.0,1,2.0,7856,112,1320,,,,,42
BraTS-GLI-01402-000,global,0.5,0.0,2,-6.0,75073,17241,158,,,,,42
BraTS-GLI-01402-000,global,0.5,0.0,2,-4.02,74934,14203,297,,,,,42
BraTS-GLI-01402-000,global,0.5,0.0,2,-2.0,74681,11361,550,,,,,42
BraTS-GLI-01402-000,global,0.5,0.0,2,0.0,74280,8934,951,,,,,42
BraTS-GLI-01402-000,global,0.5,0.0,2,2.0,73682,6847,1549,,,,,42
BraTS-GLI-01402-000,global,1.0,0.0,0,-6.0,8461,1115,480,,,,,42
BraTS-GLI-01402-000,global,1.0,0.0,0,-4.02,8365,897,576,0,0,0,4,42
BraTS-GLI-01402-000,global,1.0,0.0,0,-2.0,8232,705,709,,,,,42
BraTS-GLI-01402-000,global,1.0,0.0,0,0.0,8100,543,841,0,0,0,5,42
BraTS-GLI-01402-000,global,1.0,0.0,0,2.0,7961,414,980,,,,,42
BraTS-GLI-01402-000,global,1.0,0.0,1,-6.0,8779,25467,397,,,,,42
BraTS-GLI-01402-000,global,1.0,0.0,1,-4.02,8676,23002,500,,,,,42
BraTS-GLI-01402-000,global,1.0,0.0,1,-2.0,8564,20137,612,,,,,42
BraTS-GLI-01402-000,global,1.0,0.0,1,0.0,8436,17749,740,,,,,42
BraTS-GLI-01402-000,global,1.0,0.0,1,2.0,8292,15756,884,,,,,42
BraTS-GLI-01402-000,global,1.0,0.0,2,-6.0,75144,29623,87,,,,,42
BraTS-GLI-01402-000,global,1.0,0.0,2,-4.02,75066,25651,165,,,,,42
BraTS-GLI-01402-000,global,1.0,0.0,2,-2.0,74923,21933,308,,,,,42
BraTS-GLI-01402-000,global,1.0,0.0,2,0.0,74664,18634,567,,,,,42
BraTS-GLI-01402-000,global,1.0,0.0,2,2.0,74270,15526,961,,,,,42
BraTS-GLI-01402-000,dilate,0.0,0.0,0,-6.0,8215,2944,726,,,,,42
BraTS-GLI-01402-000,dilate,0.0,0.0,0,-4.02,8152,2851,789,0,0,0,0,42
BraTS-GLI-01402-000,dilate,0.0,0.0,0,-2.0,8066,2761,875,,,,,42
BraTS-GLI-01402-000,dilate,0.0,0.0,0,0.0,7989,2673,952,0,0,0,0,42
BraTS-GLI-01402-000,dilate,0.0,0.0,0,2.0,7899,2556,1042,,,,,42
BraTS-GLI-01402-000,dilate,0.0,0.0,1,-6.0,8127,148,1049,,,,,42
BraTS-GLI-01402-000,dilate,0.0,0.0,1,-4.02,7973,119,1203,,,,,42
BraTS-GLI-01402-000,dilate,0.0,0.0,1,-2.0,7796,106,1380,,,,,42
BraTS-GLI-01402-000,dilate,0.0,0.0,1,0.0,7588,98,1588,,,,,42
BraTS-GLI-01402-000,dilate,0.0,0.0,1,2.0,7404,94,1772,,,,,42
BraTS-GLI-01402-000,dilate,0.0,0.0,2,-6.0,74880,13866,351,,,,,42
BraTS-GLI-01402-000,dilate,0.0,0.0,2,-4.02,74634,11271,597,,,,,42
BraTS-GLI-01402-000,dilate,0.0,0.0,2,-2.0,74255,8928,976,,,,,42
BraTS-GLI-01402-000,dilate,0.0,0.0,2,0.0,73664,6915,1567,,,,,42
BraTS-GLI-01402-000,dilate,0.0,0.0,2,2.0,72765,5260,2466,,,,,42
BraTS-GLI-01402-000,boost,2.0,0.0,0,-6.0,7879,211,1062,,,,,42
BraTS-GLI-01402-000,boost,2.0,0.0,0,-4.02,7768,165,1173,0,0,0,0,42
BraTS-GLI-01402-000,boost,2.0,0.0,0,-2.0,7615,152,1326,,,,,42
BraTS-GLI-01402-000,boost,2.0,0.0,0,0.0,7455,139,1486,0,0,0,0,42
BraTS-GLI-01402-000,boost,2.0,0.0,0,2.0,7278,126,1663,,,,,42
BraTS-GLI-01402-000,boost,2.0,0.0,1,-6.0,8127,148,1049,,,,,42
BraTS-GLI-01402-000,boost,2.0,0.0,1,-4.02,7973,119,1203,,,,,42
BraTS-GLI-01402-000,boost,2.0,0.0,1,-2.0,7796,106,1380,,,,,42
BraTS-GLI-01402-000,boost,2.0,0.0,1,0.0,7588,98,1588,,,,,42
BraTS-GLI-01402-000,boost,2.0,0.0,1,2.0,7404,94,1772,,,,,42
BraTS-GLI-01402-000,boost,2.0,0.0,2,-6.0,74880,13866,351,,,,,42
BraTS-GLI-01402-000,boost,2.0,0.0,2,-4.02,74634,11271,597,,,,,42
BraTS-GLI-01402-000,boost,2.0,0.0,2,-2.0,74255,8928,976,,,,,42
BraTS-GLI-01402-000,boost,2.0,0.0,2,0.0,73664,6915,1567,,,,,42
BraTS-GLI-01402-000,boost,2.0,0.0,2,2.0,72765,5260,2466,,,,,42
BraTS-GLI-01402-000,boost,4.0,0.0,0,-6.0,7948,253,993,,,,,42
BraTS-GLI-01402-000,boost,4.0,0.0,0,-4.02,7819,201,1122,0,0,0,0,42
BraTS-GLI-01402-000,boost,4.0,0.0,0,-2.0,7688,164,1253,,,,,42
BraTS-GLI-01402-000,boost,4.0,0.0,0,0.0,7541,152,1400,0,0,0,0,42
BraTS-GLI-01402-000,boost,4.0,0.0,0,2.0,7369,139,1572,,,,,42
BraTS-GLI-01402-000,boost,4.0,0.0,1,-6.0,8127,148,1049,,,,,42
BraTS-GLI-01402-000,boost,4.0,0.0,1,-4.02,7973,119,1203,,,,,42
BraTS-GLI-01402-000,boost,4.0,0.0,1,-2.0,7796,106,1380,,,,,42
BraTS-GLI-01402-000,boost,4.0,0.0,1,0.0,7588,98,1588,,,,,42
BraTS-GLI-01402-000,boost,4.0,0.0,1,2.0,7404,94,1772,,,,,42
BraTS-GLI-01402-000,boost,4.0,0.0,2,-6.0,74880,13866,351,,,,,42
BraTS-GLI-01402-000,boost,4.0,0.0,2,-4.02,74634,11271,597,,,,,42
BraTS-GLI-01402-000,boost,4.0,0.0,2,-2.0,74255,8928,976,,,,,42
BraTS-GLI-01402-000,boost,4.0,0.0,2,0.0,73664,6915,1567,,,,,42
BraTS-GLI-01402-000,boost,4.0,0.0,2,2.0,72765,5260,2466,,,,,42
BraTS-GLI-00032-001,none,0.0,0.0,0,-6.0,21800,1323,137,,,,,295
BraTS-GLI-00032-001,none,0.0,0.0,0,-4.02,21726,1051,211,0,0,0,0,295
BraTS-GLI-00032-001,none,0.0,0.0,0,-2.0,21612,815,325,,,,,295
BraTS-GLI-00032-001,none,0.0,0.0,0,0.0,21435,590,502,0,0,0,0,295
BraTS-GLI-00032-001,none,0.0,0.0,0,2.0,21197,441,740,,,,,295
BraTS-GLI-00032-001,none,0.0,0.0,1,-6.0,22509,1846,74,,,,,295
BraTS-GLI-00032-001,none,0.0,0.0,1,-4.02,22455,1550,128,,,,,295
BraTS-GLI-00032-001,none,0.0,0.0,1,-2.0,22383,1304,200,,,,,295
BraTS-GLI-00032-001,none,0.0,0.0,1,0.0,22267,1064,316,,,,,295
BraTS-GLI-00032-001,none,0.0,0.0,1,2.0,22097,881,486,,,,,295
BraTS-GLI-00032-001,none,0.0,0.0,2,-6.0,121899,21791,653,,,,,295
BraTS-GLI-00032-001,none,0.0,0.0,2,-4.02,121461,17145,1091,,,,,295
BraTS-GLI-00032-001,none,0.0,0.0,2,-2.0,120864,13183,1688,,,,,295
BraTS-GLI-00032-001,none,0.0,0.0,2,0.0,120057,9902,2495,,,,,295
BraTS-GLI-00032-001,none,0.0,0.0,2,2.0,119028,7017,3524,,,,,295
BraTS-GLI-00032-001,pspds,0.5,0.0,0,-6.0,21815,1375,122,,,,,295
BraTS-GLI-00032-001,pspds,0.5,0.0,0,-4.02,21742,1091,195,0,0,0,0,295
BraTS-GLI-00032-001,pspds,0.5,0.0,0,-2.0,21634,845,303,,,,,295
BraTS-GLI-00032-001,pspds,0.5,0.0,0,0.0,21467,633,470,0,0,0,0,295
BraTS-GLI-00032-001,pspds,0.5,0.0,0,2.0,21247,480,690,,,,,295
BraTS-GLI-00032-001,pspds,0.5,0.0,1,-6.0,22513,1918,70,,,,,295
BraTS-GLI-00032-001,pspds,0.5,0.0,1,-4.02,22472,1620,111,,,,,295
BraTS-GLI-00032-001,pspds,0.5,0.0,1,-2.0,22398,1373,185,,,,,295
BraTS-GLI-00032-001,pspds,0.5,0.0,1,0.0,22297,1135,286,,,,,295
BraTS-GLI-00032-001,pspds,0.5,0.0,1,2.0,22146,939,437,,,,,295
BraTS-GLI-00032-001,pspds,0.5,0.0,2,-6.0,121910,22016,642,,,,,295
BraTS-GLI-00032-001,pspds,0.5,0.0,2,-4.02,121458,17378,1094,,,,,295
BraTS-GLI-00032-001,pspds,0.5,0.0,2,-2.0,120869,13403,1683,,,,,295
BraTS-GLI-00032-001,pspds,0.5,0.0,2,0.0,120060,10114,2492,,,,,295
BraTS-GLI-00032-001,pspds,0.5,0.0,2,2.0,119059,7204,3493,,,,,295
BraTS-GLI-00032-001,pspds,0.5,1.0,0,-6.0,21807,1351,130,,,,,295
BraTS-GLI-00032-001,pspds,0.5,1.0,0,-4.02,21733,1062,204,0,0,0,0,295
BraTS-GLI-00032-001,pspds,0.5,1.0,0,-2.0,21622,829,315,,,,,295
BraTS-GLI-00032-001,pspds,0.5,1.0,0,0.0,21443,611,494,0,0,0,0,295
BraTS-GLI-00032-001,pspds,0.5,1.0,0,2.0,21218,459,719,,,,,295
BraTS-GLI-00032-001,pspds,0.5,1.0,1,-6.0,22510,1881,73,,,,,295
BraTS-GLI-00032-001,pspds,0.5,1.0,1,-4.02,22462,1577,121,,,,,295
BraTS-GLI-00032-001,pspds,0.5,1.0,1,-2.0,22389,1331,194,,,,,295
BraTS-GLI-00032-001,pspds,0.5,1.0,1,0.0,22284,1097,299,,,,,295
BraTS-GLI-00032-001,pspds,0.5,1.0,1,2.0,22120,911,463,,,,,295
BraTS-GLI-00032-001,pspds,0.5,1.0,2,-6.0,121910,21897,642,,,,,295
BraTS-GLI-00032-001,pspds,0.5,1.0,2,-4.02,121464,17259,1088,,,,,295
BraTS-GLI-00032-001,pspds,0.5,1.0,2,-2.0,120863,13290,1689,,,,,295
BraTS-GLI-00032-001,pspds,0.5,1.0,2,0.0,120063,10019,2489,,,,,295
BraTS-GLI-00032-001,pspds,0.5,1.0,2,2.0,119045,7117,3507,,,,,295
BraTS-GLI-00032-001,pspds,1.0,0.0,0,-6.0,21824,1420,113,,,,,295
BraTS-GLI-00032-001,pspds,1.0,0.0,0,-4.02,21759,1130,178,0,0,0,0,295
BraTS-GLI-00032-001,pspds,1.0,0.0,0,-2.0,21649,878,288,,,,,295
BraTS-GLI-00032-001,pspds,1.0,0.0,0,0.0,21494,668,443,0,0,0,0,295
BraTS-GLI-00032-001,pspds,1.0,0.0,0,2.0,21275,510,662,,,,,295
BraTS-GLI-00032-001,pspds,1.0,0.0,1,-6.0,22517,2001,66,,,,,295
BraTS-GLI-00032-001,pspds,1.0,0.0,1,-4.02,22486,1701,97,,,,,295
BraTS-GLI-00032-001,pspds,1.0,0.0,1,-2.0,22412,1425,171,,,,,295
BraTS-GLI-00032-001,pspds,1.0,0.0,1,0.0,22316,1192,267,,,,,295
BraTS-GLI-00032-001,pspds,1.0,0.0,1,2.0,22182,1006,401,,,,,295
BraTS-GLI-00032-001,pspds,1.0,0.0,2,-6.0,121917,22281,635,,,,,295
BraTS-GLI-00032-001,pspds,1.0,0.0,2,-4.02,121464,17618,1088,,,,,295
BraTS-GLI-00032-001,pspds,1.0,0.0,2,-2.0,120881,13616,1671,,,,,295
BraTS-GLI-00032-001,pspds,1.0,0.0,2,0.0,120078,10320,2474,,,,,295
BraTS-GLI-00032-001,pspds,1.0,0.0,2,2.0,119085,7402,3467,,,,,295
BraTS-GLI-00032-001,pspds,1.0,1.0,0,-6.0,21812,1371,125,,,,,295
BraTS-GLI-00032-001,pspds,1.0,1.0,0,-4.02,21741,1085,196,0,0,0,0,295
BraTS-GLI-00032-001,pspds,1.0,1.0,0,-2.0,21633,841,304,,,,,295
BraTS-GLI-00032-001,pspds,1.0,1.0,0,0.0,21465,628,472,0,0,0,0,295
BraTS-GLI-00032-001,pspds,1.0,1.0,0,2.0,21237,475,700,,,,,295
BraTS-GLI-00032-001,pspds,1.0,1.0,1,-6.0,22512,1914,71,,,,,295
BraTS-GLI-00032-001,pspds,1.0,1.0,1,-4.02,22469,1613,114,,,,,295
BraTS-GLI-00032-001,pspds,1.0,1.0,1,-2.0,22397,1365,186,,,,,295
BraTS-GLI-00032-001,pspds,1.0,1.0,1,0.0,22295,1124,288,,,,,295
BraTS-GLI-00032-001,pspds,1.0,1.0,1,2.0,22140,933,443,,,,,295
BraTS-GLI-00032-001,pspds,1.0,1.0,2,-6.0,121912,22033,640,,,,,295
BraTS-GLI-00032-001,pspds,1.0,1.0,2,-4.02,121463,17385,1089,,,,,295
BraTS-GLI-00032-001,pspds,1.0,1.0,2,-2.0,120865,13415,1687,,,,,295
BraTS-GLI-00032-001,pspds,1.0,1.0,2,0.0,120063,10126,2489,,,,,295
BraTS-GLI-00032-001,pspds,1.0,1.0,2,2.0,119051,7208,3501,,,,,295
BraTS-GLI-00032-001,interp,0.5,0.0,0,-6.0,21854,1693,83,,,,,295
BraTS-GLI-00032-001,interp,0.5,0.0,0,-4.02,21820,1370,117,0,0,0,0,295
BraTS-GLI-00032-001,interp,0.5,0.0,0,-2.0,21730,1095,207,,,,,295
BraTS-GLI-00032-001,interp,0.5,0.0,0,0.0,21604,861,333,0,0,0,0,295
BraTS-GLI-00032-001,interp,0.5,0.0,0,2.0,21399,650,538,,,,,295
BraTS-GLI-00032-001,interp,0.5,0.0,1,-6.0,22546,2377,37,,,,,295
BraTS-GLI-00032-001,interp,0.5,0.0,1,-4.02,22521,2059,62,,,,,295
BraTS-GLI-00032-001,interp,0.5,0.0,1,-2.0,22483,1726,100,,,,,295
BraTS-GLI-00032-001,interp,0.5,0.0,1,0.0,22394,1488,189,,,,,295
BraTS-GLI-00032-001,interp,0.5,0.0,1,2.0,22283,1255,300,,,,,295
BraTS-GLI-00032-001,interp,0.5,0.0,2,-6.0,122019,22802,533,,,,,295
BraTS-GLI-00032-001,interp,0.5,0.0,2,-4.02,121622,18057,930,,,,,295
BraTS-GLI-00032-001,interp,0.5,0.0,2,-2.0,121118,13975,1434,,,,,295
BraTS-GLI-00032-001,interp,0.5,0.0,2,0.0,120395,10593,2157,,,,,295
BraTS-GLI-00032-001,interp,0.5,0.0,2,2.0,119496,7561,3056,,,,,295
BraTS-GLI-00032-001,interp,1.0,0.0,0,-6.0,21884,2212,53,,,,,295
BraTS-GLI-00032-001,interp,1.0,0.0,0,-4.02,21856,1827,81,0,0,0,1,295
BraTS-GLI-00032-001,interp,1.0,0.0,0,-2.0,21802,1491,135,,,,,295
BraTS-GLI-00032-001,interp,1.0,0.0,0,0.0,21717,1186,220,0,0,0,0,295
BraTS-GLI-00032-001,interp,1.0,0.0,0,2.0,21574,915,363,,,,,295
BraTS-GLI-00032-001,interp,1.0,0.0,1,-6.0,22563,3449,20,,,,,295
BraTS-GLI-00032-001,interp,1.0,0.0,1,-4.02,22551,3050,32,,,,,295
BraTS-GLI-00032-001,interp,1.0,0.0,1,-2.0,22534,2677,49,,,,,295
BraTS-GLI-00032-001,interp,1.0,0.0,1,0.0,22496,2344,87,,,,,295
BraTS-GLI-00032-001,interp,1.0,0.0,1,2.0,22422,2046,161,,,,,295
BraTS-GLI-00032-001,interp,1.0,0.0,2,-6.0,122061,24184,491,,,,,295
BraTS-GLI-00032-001,interp,1.0,0.0,2,-4.02,121733,19369,819,,,,,295
BraTS-GLI-00032-001,interp,1.0,0.0,2,-2.0,121268,15182,1284,,,,,295
BraTS-GLI-00032-001,interp,1.0,0.0,2,0.0,120613,11655,1939,,,,,295
BraTS-GLI-00032-001,interp,1.0,0.0,2,2.0,119804,8474,2748,,,,,295
BraTS-GLI-00032-001,global,0.5,0.0,0,-6.0,21884,2096,53,,,,,295
BraTS-GLI-00032-001,global,0.5,0.0,0,-4.02,21850,1730,87,0,0,0,0,295
BraTS-GLI-00032-001,global,0.5,0.0,0,-2.0,21788,1381,149,,,,,295
BraTS-GLI-00032-001,global,0.5,0.0,0,0.0,21687,1097,250,0,0,0,0,295
BraTS-GLI-00032-001,global,0.5,0.0,0,2.0,21509,834,428,,,,,295
BraTS-GLI-00032-001,global,0.5,0.0,1,-6.0,22565,3096,18,,,,,295
BraTS-GLI-00032-001,global,0.5,0.0,1,-4.02,22550,2698,33,,,,,295
BraTS-GLI-00032-001,global,0.5,0.0,1,-2.0,22524,2355,59,,,,,295
BraTS-GLI-00032-001,global,0.5,0.0,1,0.0,22480,2053,103,,,,,295
BraTS-GLI-00032-001,global,0.5,0.0,1,2.0,22388,1763,195,,,,,295
BraTS-GLI-00032-001,global,0.5,0.0,2,-6.0,122110,24180,442,,,,,295
BraTS-GLI-00032-001,global,0.5,0.0,2,-4.02,121785,19295,767,,,,,295
BraTS-GLI-00032-001,global,0.5,0.0,2,-2.0,121284,15034,1268,,,,,295
BraTS-GLI-00032-001,global,0.5,0.0,2,0.0,120644,11433,1908,,,,,295
BraTS-GLI-00032-001,global,0.5,0.0,2,2.0,119768,8255,2784,,,,,295
BraTS-GLI-00032-001,global,1.0,0.0,0,-6.0,21904,3450,33,,,,,295
BraTS-GLI-00032-001,global,1.0,0.0,0,-4.02,21884,2827,53,0,0,0,6,295
BraTS-GLI-00032-001,global,1.0,0.0,0,-2.0,21832,2275,105,,,,,295
BraTS-GLI-00032-001,global,1.0,0.0,0,0.0,21747,1831,190,0,0,0,0,295
BraTS-GLI-00032-001,global,1.0,0.0,0,2.0,21615,1410,322,,,,,295
BraTS-GLI-00032-001,global,1.0,0.0,1,-6.0,22582,39263,1,,,,,295
BraTS-GLI-00032-001,global,1.0,0.0,1,-4.02,22582,34813,1,,,,,295
BraTS-GLI-00032-001,global,1.0,0.0,1,-2.0,22577,30239,6,,,,,295
BraTS-GLI-00032-001,global,1.0,0.0,1,0.0,22566,25436,17,,,,,295
BraTS-GLI-00032-001,global,1.0,0.0,1,2.0,22541,20233,42,,,,,295
BraTS-GLI-00032-001,global,1.0,0.0,2,-6.0,122256,34783,296,,,,,295
BraTS-GLI-00032-001,global,1.0,0.0,2,-4.02,122078,29205,474,,,,,295
BraTS-GLI-00032-001,global,1.0,0.0,2,-2.0,121821,24173,731,,,,,295
BraTS-GLI-00032-001,global,1.0,0.0,2,0.0,121393,19914,1159,,,,,295
BraTS-GLI-00032-001,global,1.0,0.0,2,2.0,120906,15969,1646,,,,,295
BraTS-GLI-00032-001,dilate,0.0,0.0,0,-6.0,21937,9135,0,,,,,295
BraTS-GLI-00032-001,dilate,0.0,0.0,0,-4.02,21937,8790,0,0,0,0,0,295
BraTS-GLI-00032-001,dilate,0.0,0.0,0,-2.0,21937,8466,0,,,,,295
BraTS-GLI-00032-001,dilate,0.0,0.0,0,0.0,21937,8113,0,0,0,0,0,295
BraTS-GLI-00032-001,dilate,0.0,0.0,0,2.0,21936,7746,1,,,,,295
BraTS-GLI-00032-001,dilate,0.0,0.0,1,-6.0,22509,1846,74,,,,,295
BraTS-GLI-00032-001,dilate,0.0,0.0,1,-4.02,22455,1550,128,,,,,295
BraTS-GLI-00032-001,dilate,0.0,0.0,1,-2.0,22383,1304,200,,,,,295
BraTS-GLI-00032-001,dilate,0.0,0.0,1,0.0,22267,1064,316,,,,,295
BraTS-GLI-00032-001,dilate,0.0,0.0,1,2.0,22097,881,486,,,,,295
BraTS-GLI-00032-001,dilate,0.0,0.0,2,-6.0,121899,21791,653,,,,,295
BraTS-GLI-00032-001,dilate,0.0,0.0,2,-4.02,121461,17145,1091,,,,,295
BraTS-GLI-00032-001,dilate,0.0,0.0,2,-2.0,120864,13183,1688,,,,,295
BraTS-GLI-00032-001,dilate,0.0,0.0,2,0.0,120057,9902,2495,,,,,295
BraTS-GLI-00032-001,dilate,0.0,0.0,2,2.0,119028,7017,3524,,,,,295
BraTS-GLI-00032-001,boost,2.0,0.0,0,-6.0,21847,1650,90,,,,,295
BraTS-GLI-00032-001,boost,2.0,0.0,0,-4.02,21801,1312,136,0,0,0,0,295
BraTS-GLI-00032-001,boost,2.0,0.0,0,-2.0,21722,1043,215,,,,,295
BraTS-GLI-00032-001,boost,2.0,0.0,0,0.0,21612,812,325,0,0,0,0,295
BraTS-GLI-00032-001,boost,2.0,0.0,0,2.0,21434,583,503,,,,,295
BraTS-GLI-00032-001,boost,2.0,0.0,1,-6.0,22509,1846,74,,,,,295
BraTS-GLI-00032-001,boost,2.0,0.0,1,-4.02,22455,1550,128,,,,,295
BraTS-GLI-00032-001,boost,2.0,0.0,1,-2.0,22383,1304,200,,,,,295
BraTS-GLI-00032-001,boost,2.0,0.0,1,0.0,22267,1064,316,,,,,295
BraTS-GLI-00032-001,boost,2.0,0.0,1,2.0,22097,881,486,,,,,295
BraTS-GLI-00032-001,boost,2.0,0.0,2,-6.0,121899,21791,653,,,,,295
BraTS-GLI-00032-001,boost,2.0,0.0,2,-4.02,121461,17145,1091,,,,,295
BraTS-GLI-00032-001,boost,2.0,0.0,2,-2.0,120864,13183,1688,,,,,295
BraTS-GLI-00032-001,boost,2.0,0.0,2,0.0,120057,9902,2495,,,,,295
BraTS-GLI-00032-001,boost,2.0,0.0,2,2.0,119028,7017,3524,,,,,295
BraTS-GLI-00032-001,boost,4.0,0.0,0,-6.0,21877,2033,60,,,,,295
BraTS-GLI-00032-001,boost,4.0,0.0,0,-4.02,21848,1640,89,0,0,0,0,295
BraTS-GLI-00032-001,boost,4.0,0.0,0,-2.0,21800,1306,137,,,,,295
BraTS-GLI-00032-001,boost,4.0,0.0,0,0.0,21722,1040,215,0,0,0,0,295
BraTS-GLI-00032-001,boost,4.0,0.0,0,2.0,21611,805,326,,,,,295
BraTS-GLI-00032-001,boost,4.0,0.0,1,-6.0,22509,1846,74,,,,,295
BraTS-GLI-00032-001,boost,4.0,0.0,1,-4.02,22455,1550,128,,,,,295
BraTS-GLI-00032-001,boost,4.0,0.0,1,-2.0,22383,1304,200,,,,,295
BraTS-GLI-00032-001,boost,4.0,0.0,1,0.0,22267,1064,316,,,,,295
BraTS-GLI-00032-001,boost,4.0,0.0,1,2.0,22097,881,486,,,,,295
BraTS-GLI-00032-001,boost,4.0,0.0,2,-6.0,121899,21791,653,,,,,295
BraTS-GLI-00032-001,boost,4.0,0.0,2,-4.02,121461,17145,1091,,,,,295
BraTS-GLI-00032-001,boost,4.0,0.0,2,-2.0,120864,13183,1688,,,,,295
BraTS-GLI-00032-001,boost,4.0,0.0,2,0.0,120057,9902,2495,,,,,295
BraTS-GLI-00032-001,boost,4.0,0.0,2,2.0,119028,7017,3524,,,,,295
BraTS-GLI-00616-000,none,0.0,0.0,0,-6.0,17739,260,1187,,,,,14
BraTS-GLI-00616-000,none,0.0,0.0,0,-4.02,17475,135,1451,0,0,0,0,14
BraTS-GLI-00616-000,none,0.0,0.0,0,-2.0,17147,56,1779,,,,,14
BraTS-GLI-00616-000,none,0.0,0.0,0,0.0,16825,22,2101,0,0,0,0,14
BraTS-GLI-00616-000,none,0.0,0.0,0,2.0,16445,8,2481,,,,,14
BraTS-GLI-00616-000,none,0.0,0.0,1,-6.0,39712,249,580,,,,,14
BraTS-GLI-00616-000,none,0.0,0.0,1,-4.02,39549,131,743,,,,,14
BraTS-GLI-00616-000,none,0.0,0.0,1,-2.0,39342,70,950,,,,,14
BraTS-GLI-00616-000,none,0.0,0.0,1,0.0,39099,35,1193,,,,,14
BraTS-GLI-00616-000,none,0.0,0.0,1,2.0,38838,14,1454,,,,,14
BraTS-GLI-00616-000,none,0.0,0.0,2,-6.0,132050,7741,665,,,,,14
BraTS-GLI-00616-000,none,0.0,0.0,2,-4.02,131735,5813,980,,,,,14
BraTS-GLI-00616-000,none,0.0,0.0,2,-2.0,131252,4149,1463,,,,,14
BraTS-GLI-00616-000,none,0.0,0.0,2,0.0,130448,2673,2267,,,,,14
BraTS-GLI-00616-000,none,0.0,0.0,2,2.0,129254,1604,3461,,,,,14
BraTS-GLI-00616-000,pspds,0.5,0.0,0,-6.0,17746,263,1180,,,,,14
BraTS-GLI-00616-000,pspds,0.5,0.0,0,-4.02,17478,138,1448,0,0,0,0,14
BraTS-GLI-00616-000,pspds,0.5,0.0,0,-2.0,17174,60,1752,,,,,14
BraTS-GLI-00616-000,pspds,0.5,0.0,0,0.0,16853,28,2073,0,0,0,0,14
BraTS-GLI-00616-000,pspds,0.5,0.0,0,2.0,16476,12,2450,,,,,14
BraTS-GLI-00616-000,pspds,0.5,0.0,1,-6.0,39736,271,556,,,,,14
BraTS-GLI-00616-000,pspds,0.5,0.0,1,-4.02,39568,148,724,,,,,14
BraTS-GLI-00616-000,pspds,0.5,0.0,1,-2.0,39375,78,917,,,,,14
BraTS-GLI-00616-000,pspds,0.5,0.0,1,0.0,39148,42,1144,,,,,14
BraTS-GLI-00616-000,pspds,0.5,0.0,1,2.0,38896,18,1396,,,,,14
BraTS-GLI-00616-000,pspds,0.5,0.0,2,-6.0,132069,7818,646,,,,,14
BraTS-GLI-00616-000,pspds,0.5,0.0,2,-4.02,131745,5876,970,,,,,14
BraTS-GLI-00616-000,pspds,0.5,0.0,2,-2.0,131284,4232,1431,,,,,14
BraTS-GLI-00616-000,pspds,0.5,0.0,2,0.0,130486,2733,2229,,,,,14
BraTS-GLI-00616-000,pspds,0.5,0.0,2,2.0,129316,1651,3399,,,,,14
BraTS-GLI-00616-000,pspds,0.5,1.0,0,-6.0,17742,256,1184,,,,,14
BraTS-GLI-00616-000,pspds,0.5,1.0,0,-4.02,17479,137,1447,0,0,0,0,14
BraTS-GLI-00616-000,pspds,0.5,1.0,0,-2.0,17165,59,1761,,,,,14
BraTS-GLI-00616-000,pspds,0.5,1.0,0,0.0,16837,23,2089,0,0,0,0,14
BraTS-GLI-00616-000,pspds,0.5,1.0,0,2.0,16456,10,2470,,,,,14
BraTS-GLI-00616-000,pspds,0.5,1.0,1,-6.0,39721,258,571,,,,,14
BraTS-GLI-00616-000,pspds,0.5,1.0,1,-4.02,39556,136,736,,,,,14
BraTS-GLI-00616-000,pspds,0.5,1.0,1,-2.0,39359,75,933,,,,,14
BraTS-GLI-00616-000,pspds,0.5,1.0,1,0.0,39119,37,1173,,,,,14
BraTS-GLI-00616-000,pspds,0.5,1.0,1,2.0,38864,15,1428,,,,,14
BraTS-GLI-00616-000,pspds,0.5,1.0,2,-6.0,132058,7771,657,,,,,14
BraTS-GLI-00616-000,pspds,0.5,1.0,2,-4.02,131740,5848,975,,,,,14
BraTS-GLI-00616-000,pspds,0.5,1.0,2,-2.0,131258,4182,1457,,,,,14
BraTS-GLI-00616-000,pspds,0.5,1.0,2,0.0,130459,2700,2256,,,,,14
BraTS-GLI-00616-000,pspds,0.5,1.0,2,2.0,129283,1629,3432,,,,,14
BraTS-GLI-00616-000,pspds,1.0,0.0,0,-6.0,17744,267,1182,,,,,14
BraTS-GLI-00616-000,pspds,1.0,0.0,0,-4.02,17489,148,1437,0,0,0,0,14
BraTS-GLI-00616-000,pspds,1.0,0.0,0,-2.0,17190,67,1736,,,,,14
BraTS-GLI-00616-000,pspds,1.0,0.0,0,0.0,16877,37,2049,0,0,0,0,14
BraTS-GLI-00616-000,pspds,1.0,0.0,0,2.0,16507,15,2419,,,,,14
BraTS-GLI-00616-000,pspds,1.0,0.0,1,-6.0,39747,291,545,,,,,14
BraTS-GLI-00616-000,pspds,1.0,0.0,1,-4.02,39598,163,694,,,,,14
BraTS-GLI-00616-000,pspds,1.0,0.0,1,-2.0,39410,82,882,,,,,14
BraTS-GLI-00616-000,pspds,1.0,0.0,1,0.0,39188,46,1104,,,,,14
BraTS-GLI-00616-000,pspds,1.0,0.0,1,2.0,38944,23,1348,,,,,14
BraTS-GLI-00616-000,pspds,1.0,0.0,2,-6.0,132091,7884,624,,,,,14
BraTS-GLI-00616-000,pspds,1.0,0.0,2,-4.02,131767,5951,948,,,,,14
BraTS-GLI-00616-000,pspds,1.0,0.0,2,-2.0,131319,4292,1396,,,,,14
BraTS-GLI-00616-000,pspds,1.0,0.0,2,0.0,130534,2815,2181,,,,,14
BraTS-GLI-00616-000,pspds,1.0,0.0,2,2.0,129397,1697,3318,,,,,14
BraTS-GLI-00616-000,pspds,1.0,1.0,0,-6.0,17746,264,1180,,,,,14
BraTS-GLI-00616-000,pspds,1.0,1.0,0,-4.02,17477,136,1449,0,0,0,0,14
BraTS-GLI-00616-000,pspds,1.0,1.0,0,-2.0,17176,59,1750,,,,,14
BraTS-GLI-00616-000,pspds,1.0,1.0,0,0.0,16845,25,2081,0,0,0,0,14
BraTS-GLI-00616-000,pspds,1.0,1.0,0,2.0,16467,11,2459,,,,,14
BraTS-GLI-00616-000,pspds,1.0,1.0,1,-6.0,39731,269,561,,,,,14
BraTS-GLI-00616-000,pspds,1.0,1.0,1,-4.02,39565,145,727,,,,,14
BraTS-GLI-00616-000,pspds,1.0,1.0,1,-2.0,39371,77,921,,,,,14
BraTS-GLI-00616-000,pspds,1.0,1.0,1,0.0,39136,39,1156,,,,,14
BraTS-GLI-00616-000,pspds,1.0,1.0,1,2.0,38883,17,1409,,,,,14
BraTS-GLI-00616-000,pspds,1.0,1.0,2,-6.0,132067,7810,648,,,,,14
BraTS-GLI-00616-000,pspds,1.0,1.0,2,-4.02,131743,5872,972,,,,,14
BraTS-GLI-00616-000,pspds,1.0,1.0,2,-2.0,131275,4222,1440,,,,,14
BraTS-GLI-00616-000,pspds,1.0,1.0,2,0.0,130480,2721,2235,,,,,14
BraTS-GLI-00616-000,pspds,1.0,1.0,2,2.0,129314,1645,3401,,,,,14
BraTS-GLI-00616-000,interp,0.5,0.0,0,-6.0,17866,347,1060,,,,,14
BraTS-GLI-00616-000,interp,0.5,0.0,0,-4.02,17612,213,1314,0,0,0,0,14
BraTS-GLI-00616-000,interp,0.5,0.0,0,-2.0,17316,109,1610,,,,,14
BraTS-GLI-00616-000,interp,0.5,0.0,0,0.0,16989,51,1937,0,0,0,0,14
BraTS-GLI-00616-000,interp,0.5,0.0,0,2.0,16634,23,2292,,,,,14
BraTS-GLI-00616-000,interp,0.5,0.0,1,-6.0,39809,392,483,,,,,14
BraTS-GLI-00616-000,interp,0.5,0.0,1,-4.02,39676,236,616,,,,,14
BraTS-GLI-00616-000,interp,0.5,0.0,1,-2.0,39490,140,802,,,,,14
BraTS-GLI-00616-000,interp,0.5,0.0,1,0.0,39282,67,1010,,,,,14
BraTS-GLI-00616-000,interp,0.5,0.0,1,2.0,39042,39,1250,,,,,14
BraTS-GLI-00616-000,interp,0.5,0.0,2,-6.0,132289,9245,426,,,,,14
BraTS-GLI-00616-000,interp,0.5,0.0,2,-4.02,132027,7120,688,,,,,14
BraTS-GLI-00616-000,interp,0.5,0.0,2,-2.0,131627,5234,1088,,,,,14
BraTS-GLI-00616-000,interp,0.5,0.0,2,0.0,130969,3627,1746,,,,,14
BraTS-GLI-00616-000,interp,0.5,0.0,2,2.0,129948,2355,2767,,,,,14
BraTS-GLI-00616-000,interp,1.0,0.0,0,-6.0,17962,519,964,,,,,14
BraTS-GLI-00616-000,interp,1.0,0.0,0,-4.02,17735,350,1191,0,0,0,0,14
BraTS-GLI-00616-000,interp,1.0,0.0,0,-2.0,17481,221,1445,,,,,14
BraTS-GLI-00616-000,interp,1.0,0.0,0,0.0,17177,145,1749,0,0,0,0,14
BraTS-GLI-00616-000,interp,1.0,0.0,0,2.0,16841,84,2085,,,,,14
BraTS-GLI-00616-000,interp,1.0,0.0,1,-6.0,39931,1065,361,,,,,14
BraTS-GLI-00616-000,interp,1.0,0.0,1,-4.02,39808,710,484,,,,,14
BraTS-GLI-00616-000,interp,1.0,0.0,1,-2.0,39673,451,619,,,,,14
BraTS-GLI-00616-000,interp,1.0,0.0,1,0.0,39516,295,776,,,,,14
BraTS-GLI-00616-000,interp,1.0,0.0,1,2.0,39289,173,1003,,,,,14
BraTS-GLI-00616-000,interp,1.0,0.0,2,-6.0,132422,11869,293,,,,,14
BraTS-GLI-00616-000,interp,1.0,0.0,2,-4.02,132223,9377,492,,,,,14
BraTS-GLI-00616-000,interp,1.0,0.0,2,-2.0,131887,7194,828,,,,,14
BraTS-GLI-00616-000,interp,1.0,0.0,2,0.0,131344,5290,1371,,,,,14
BraTS-GLI-00616-000,interp,1.0,0.0,2,2.0,130465,3685,2250,,,,,14
BraTS-GLI-00616-000,global,0.5,0.0,0,-6.0,17961,443,965,,,,,14
BraTS-GLI-00616-000,global,0.5,0.0,0,-4.02,17719,276,1207,0,0,0,0,14
BraTS-GLI-00616-000,global,0.5,0.0,0,-2.0,17414,171,1512,,,,,14
BraTS-GLI-00616-000,global,0.5,0.0,0,0.0,17078,97,1848,0,0,0,0,14
BraTS-GLI-00616-000,global,0.5,0.0,0,2.0,16732,60,2194,,,,,14
BraTS-GLI-00616-000,global,0.5,0.0,1,-6.0,39941,760,351,,,,,14
BraTS-GLI-00616-000,global,0.5,0.0,1,-4.02,39828,514,464,,,,,14
BraTS-GLI-00616-000,global,0.5,0.0,1,-2.0,39685,336,607,,,,,14
BraTS-GLI-00616-000,global,0.5,0.0,1,0.0,39516,218,776,,,,,14
BraTS-GLI-00616-000,global,0.5,0.0,1,2.0,39293,125,999,,,,,14
BraTS-GLI-00616-000,global,0.5,0.0,2,-6.0,132424,11148,291,,,,,14
BraTS-GLI-00616-000,global,0.5,0.0,2,-4.02,132215,8671,500,,,,,14
BraTS-GLI-00616-000,global,0.5,0.0,2,-2.0,131871,6553,844,,,,,14
BraTS-GLI-00616-000,global,0.5,0.0,2,0.0,131326,4683,1389,,,,,14
BraTS-GLI-00616-000,global,0.5,0.0,2,2.0,130383,3130,2332,,,,,14
BraTS-GLI-00616-000,global,1.0,0.0,0,-6.0,18016,1544,910,,,,,14
BraTS-GLI-00616-000,global,1.0,0.0,0,-4.02,17751,1156,1175,0,0,0,3,14
BraTS-GLI-00616-000,global,1.0,0.0,0,-2.0,17451,841,1475,,,,,14
BraTS-GLI-00616-000,global,1.0,0.0,0,0.0,17115,640,1811,0,0,0,2,14
BraTS-GLI-00616-000,global,1.0,0.0,0,2.0,16746,494,2180,,,,,14
BraTS-GLI-00616-000,global,1.0,0.0,1,-6.0,40228,44732,64,,,,,14
BraTS-GLI-00616-000,global,1.0,0.0,1,-4.02,40185,40053,107,,,,,14
BraTS-GLI-00616-000,global,1.0,0.0,1,-2.0,40136,35627,156,,,,,14
BraTS-GLI-00616-000,global,1.0,0.0,1,0.0,40062,31069,230,,,,,14
BraTS-GLI-00616-000,global,1.0,0.0,1,2.0,39970,26134,322,,,,,14
BraTS-GLI-00616-000,global,1.0,0.0,2,-6.0,132539,30222,176,,,,,14
BraTS-GLI-00616-000,global,1.0,0.0,2,-4.02,132414,27028,301,,,,,14
BraTS-GLI-00616-000,global,1.0,0.0,2,-2.0,132221,24012,494,,,,,14
BraTS-GLI-00616-000,global,1.0,0.0,2,0.0,131880,21116,835,,,,,14
BraTS-GLI-00616-000,global,1.0,0.0,2,2.0,131372,18311,1343,,,,,14
BraTS-GLI-00616-000,dilate,0.0,0.0,0,-6.0,18911,15101,15,,,,,14
BraTS-GLI-00616-000,dilate,0.0,0.0,0,-4.02,18908,14669,18,0,0,0,0,14
BraTS-GLI-00616-000,dilate,0.0,0.0,0,-2.0,18896,14281,30,,,,,14
BraTS-GLI-00616-000,dilate,0.0,0.0,0,0.0,18888,13892,38,0,0,0,0,14
BraTS-GLI-00616-000,dilate,0.0,0.0,0,2.0,18876,13471,50,,,,,14
BraTS-GLI-00616-000,dilate,0.0,0.0,1,-6.0,39712,249,580,,,,,14
BraTS-GLI-00616-000,dilate,0.0,0.0,1,-4.02,39549,131,743,,,,,14
BraTS-GLI-00616-000,dilate,0.0,0.0,1,-2.0,39342,70,950,,,,,14
BraTS-GLI-00616-000,dilate,0.0,0.0,1,0.0,39099,35,1193,,,,,14
BraTS-GLI-00616-000,dilate,0.0,0.0,1,2.0,38838,14,1454,,,,,14
BraTS-GLI-00616-000,dilate,0.0,0.0,2,-6.0,132050,7741,665,,,,,14
BraTS-GLI-00616-000,dilate,0.0,0.0,2,-4.02,131735,5813,980,,,,,14
BraTS-GLI-00616-000,dilate,0.0,0.0,2,-2.0,131252,4149,1463,,,,,14
BraTS-GLI-00616-000,dilate,0.0,0.0,2,0.0,130448,2673,2267,,,,,14
BraTS-GLI-00616-000,dilate,0.0,0.0,2,2.0,129254,1604,3461,,,,,14
BraTS-GLI-00616-000,boost,2.0,0.0,0,-6.0,17996,424,930,,,,,14
BraTS-GLI-00616-000,boost,2.0,0.0,0,-4.02,17740,260,1186,0,0,0,0,14
BraTS-GLI-00616-000,boost,2.0,0.0,0,-2.0,17469,135,1457,,,,,14
BraTS-GLI-00616-000,boost,2.0,0.0,0,0.0,17147,56,1779,0,0,0,0,14
BraTS-GLI-00616-000,boost,2.0,0.0,0,2.0,16825,22,2101,,,,,14
BraTS-GLI-00616-000,boost,2.0,0.0,1,-6.0,39712,249,580,,,,,14
BraTS-GLI-00616-000,boost,2.0,0.0,1,-4.02,39549,131,743,,,,,14
BraTS-GLI-00616-000,boost,2.0,0.0,1,-2.0,39342,70,950,,,,,14
BraTS-GLI-00616-000,boost,2.0,0.0,1,0.0,39099,35,1193,,,,,14
BraTS-GLI-00616-000,boost,2.0,0.0,1,2.0,38838,14,1454,,,,,14
BraTS-GLI-00616-000,boost,2.0,0.0,2,-6.0,132050,7741,665,,,,,14
BraTS-GLI-00616-000,boost,2.0,0.0,2,-4.02,131735,5813,980,,,,,14
BraTS-GLI-00616-000,boost,2.0,0.0,2,-2.0,131252,4149,1463,,,,,14
BraTS-GLI-00616-000,boost,2.0,0.0,2,0.0,130448,2673,2267,,,,,14
BraTS-GLI-00616-000,boost,2.0,0.0,2,2.0,129254,1604,3461,,,,,14
BraTS-GLI-00616-000,boost,4.0,0.0,0,-6.0,18170,686,756,,,,,14
BraTS-GLI-00616-000,boost,4.0,0.0,0,-4.02,17999,425,927,0,0,0,0,14
BraTS-GLI-00616-000,boost,4.0,0.0,0,-2.0,17739,260,1187,,,,,14
BraTS-GLI-00616-000,boost,4.0,0.0,0,0.0,17469,135,1457,0,0,0,0,14
BraTS-GLI-00616-000,boost,4.0,0.0,0,2.0,17147,56,1779,,,,,14
BraTS-GLI-00616-000,boost,4.0,0.0,1,-6.0,39712,249,580,,,,,14
BraTS-GLI-00616-000,boost,4.0,0.0,1,-4.02,39549,131,743,,,,,14
BraTS-GLI-00616-000,boost,4.0,0.0,1,-2.0,39342,70,950,,,,,14
BraTS-GLI-00616-000,boost,4.0,0.0,1,0.0,39099,35,1193,,,,,14
BraTS-GLI-00616-000,boost,4.0,0.0,1,2.0,38838,14,1454,,,,,14
BraTS-GLI-00616-000,boost,4.0,0.0,2,-6.0,132050,7741,665,,,,,14
BraTS-GLI-00616-000,boost,4.0,0.0,2,-4.02,131735,5813,980,,,,,14
BraTS-GLI-00616-000,boost,4.0,0.0,2,-2.0,131252,4149,1463,,,,,14
BraTS-GLI-00616-000,boost,4.0,0.0,2,0.0,130448,2673,2267,,,,,14
BraTS-GLI-00616-000,boost,4.0,0.0,2,2.0,129254,1604,3461,,,,,14
BraTS-GLI-00098-000,none,0.0,0.0,0,-6.0,3389,123,35818,,,,,0
BraTS-GLI-00098-000,none,0.0,0.0,0,-4.02,3045,70,36162,0,0,0,0,0
BraTS-GLI-00098-000,none,0.0,0.0,0,-2.0,2772,45,36435,,,,,0
BraTS-GLI-00098-000,none,0.0,0.0,0,0.0,2532,27,36675,0,0,0,0,0
BraTS-GLI-00098-000,none,0.0,0.0,0,2.0,2292,15,36915,,,,,0
BraTS-GLI-00098-000,none,0.0,0.0,1,-6.0,9757,41,42713,,,,,0
BraTS-GLI-00098-000,none,0.0,0.0,1,-4.02,9290,34,43180,,,,,0
BraTS-GLI-00098-000,none,0.0,0.0,1,-2.0,8872,23,43598,,,,,0
BraTS-GLI-00098-000,none,0.0,0.0,1,0.0,8464,17,44006,,,,,0
BraTS-GLI-00098-000,none,0.0,0.0,1,2.0,7974,12,44496,,,,,0
BraTS-GLI-00098-000,none,0.0,0.0,2,-6.0,35152,10038,31017,,,,,0
BraTS-GLI-00098-000,none,0.0,0.0,2,-4.02,34199,8260,31970,,,,,0
BraTS-GLI-00098-000,none,0.0,0.0,2,-2.0,33097,6857,33072,,,,,0
BraTS-GLI-00098-000,none,0.0,0.0,2,0.0,32044,5655,34125,,,,,0
BraTS-GLI-00098-000,none,0.0,0.0,2,2.0,30905,4638,35264,,,,,0
BraTS-GLI-00098-000,pspds,0.5,0.0,0,-6.0,3389,123,35818,,,,,0
BraTS-GLI-00098-000,pspds,0.5,0.0,0,-4.02,3045,70,36162,0,0,0,0,0
BraTS-GLI-00098-000,pspds,0.5,0.0,0,-2.0,2772,45,36435,,,,,0
BraTS-GLI-00098-000,pspds,0.5,0.0,0,0.0,2532,27,36675,0,0,0,0,0
BraTS-GLI-00098-000,pspds,0.5,0.0,0,2.0,2292,15,36915,,,,,0
BraTS-GLI-00098-000,pspds,0.5,0.0,1,-6.0,9757,41,42713,,,,,0
BraTS-GLI-00098-000,pspds,0.5,0.0,1,-4.02,9290,34,43180,,,,,0
BraTS-GLI-00098-000,pspds,0.5,0.0,1,-2.0,8872,23,43598,,,,,0
BraTS-GLI-00098-000,pspds,0.5,0.0,1,0.0,8464,17,44006,,,,,0
BraTS-GLI-00098-000,pspds,0.5,0.0,1,2.0,7974,12,44496,,,,,0
BraTS-GLI-00098-000,pspds,0.5,0.0,2,-6.0,35152,10038,31017,,,,,0
BraTS-GLI-00098-000,pspds,0.5,0.0,2,-4.02,34199,8260,31970,,,,,0
BraTS-GLI-00098-000,pspds,0.5,0.0,2,-2.0,33097,6857,33072,,,,,0
BraTS-GLI-00098-000,pspds,0.5,0.0,2,0.0,32044,5655,34125,,,,,0
BraTS-GLI-00098-000,pspds,0.5,0.0,2,2.0,30905,4638,35264,,,,,0
BraTS-GLI-00098-000,pspds,0.5,1.0,0,-6.0,3389,123,35818,,,,,0
BraTS-GLI-00098-000,pspds,0.5,1.0,0,-4.02,3045,70,36162,0,0,0,0,0
BraTS-GLI-00098-000,pspds,0.5,1.0,0,-2.0,2772,45,36435,,,,,0
BraTS-GLI-00098-000,pspds,0.5,1.0,0,0.0,2532,27,36675,0,0,0,0,0
BraTS-GLI-00098-000,pspds,0.5,1.0,0,2.0,2292,15,36915,,,,,0
BraTS-GLI-00098-000,pspds,0.5,1.0,1,-6.0,9757,41,42713,,,,,0
BraTS-GLI-00098-000,pspds,0.5,1.0,1,-4.02,9290,34,43180,,,,,0
BraTS-GLI-00098-000,pspds,0.5,1.0,1,-2.0,8872,23,43598,,,,,0
BraTS-GLI-00098-000,pspds,0.5,1.0,1,0.0,8464,17,44006,,,,,0
BraTS-GLI-00098-000,pspds,0.5,1.0,1,2.0,7974,12,44496,,,,,0
BraTS-GLI-00098-000,pspds,0.5,1.0,2,-6.0,35152,10038,31017,,,,,0
BraTS-GLI-00098-000,pspds,0.5,1.0,2,-4.02,34199,8260,31970,,,,,0
BraTS-GLI-00098-000,pspds,0.5,1.0,2,-2.0,33097,6857,33072,,,,,0
BraTS-GLI-00098-000,pspds,0.5,1.0,2,0.0,32044,5655,34125,,,,,0
BraTS-GLI-00098-000,pspds,0.5,1.0,2,2.0,30905,4638,35264,,,,,0
BraTS-GLI-00098-000,pspds,1.0,0.0,0,-6.0,3389,123,35818,,,,,0
BraTS-GLI-00098-000,pspds,1.0,0.0,0,-4.02,3045,70,36162,0,0,0,0,0
BraTS-GLI-00098-000,pspds,1.0,0.0,0,-2.0,2772,45,36435,,,,,0
BraTS-GLI-00098-000,pspds,1.0,0.0,0,0.0,2532,27,36675,0,0,0,0,0
BraTS-GLI-00098-000,pspds,1.0,0.0,0,2.0,2292,15,36915,,,,,0
BraTS-GLI-00098-000,pspds,1.0,0.0,1,-6.0,9757,41,42713,,,,,0
BraTS-GLI-00098-000,pspds,1.0,0.0,1,-4.02,9290,34,43180,,,,,0
BraTS-GLI-00098-000,pspds,1.0,0.0,1,-2.0,8872,23,43598,,,,,0
BraTS-GLI-00098-000,pspds,1.0,0.0,1,0.0,8464,17,44006,,,,,0
BraTS-GLI-00098-000,pspds,1.0,0.0,1,2.0,7974,12,44496,,,,,0
BraTS-GLI-00098-000,pspds,1.0,0.0,2,-6.0,35152,10038,31017,,,,,0
BraTS-GLI-00098-000,pspds,1.0,0.0,2,-4.02,34199,8260,31970,,,,,0
BraTS-GLI-00098-000,pspds,1.0,0.0,2,-2.0,33097,6857,33072,,,,,0
BraTS-GLI-00098-000,pspds,1.0,0.0,2,0.0,32044,5655,34125,,,,,0
BraTS-GLI-00098-000,pspds,1.0,0.0,2,2.0,30905,4638,35264,,,,,0
BraTS-GLI-00098-000,pspds,1.0,1.0,0,-6.0,3389,123,35818,,,,,0
BraTS-GLI-00098-000,pspds,1.0,1.0,0,-4.02,3045,70,36162,0,0,0,0,0
BraTS-GLI-00098-000,pspds,1.0,1.0,0,-2.0,2772,45,36435,,,,,0
BraTS-GLI-00098-000,pspds,1.0,1.0,0,0.0,2532,27,36675,0,0,0,0,0
BraTS-GLI-00098-000,pspds,1.0,1.0,0,2.0,2292,15,36915,,,,,0
BraTS-GLI-00098-000,pspds,1.0,1.0,1,-6.0,9757,41,42713,,,,,0
BraTS-GLI-00098-000,pspds,1.0,1.0,1,-4.02,9290,34,43180,,,,,0
BraTS-GLI-00098-000,pspds,1.0,1.0,1,-2.0,8872,23,43598,,,,,0
BraTS-GLI-00098-000,pspds,1.0,1.0,1,0.0,8464,17,44006,,,,,0
BraTS-GLI-00098-000,pspds,1.0,1.0,1,2.0,7974,12,44496,,,,,0
BraTS-GLI-00098-000,pspds,1.0,1.0,2,-6.0,35152,10038,31017,,,,,0
BraTS-GLI-00098-000,pspds,1.0,1.0,2,-4.02,34199,8260,31970,,,,,0
BraTS-GLI-00098-000,pspds,1.0,1.0,2,-2.0,33097,6857,33072,,,,,0
BraTS-GLI-00098-000,pspds,1.0,1.0,2,0.0,32044,5655,34125,,,,,0
BraTS-GLI-00098-000,pspds,1.0,1.0,2,2.0,30905,4638,35264,,,,,0
BraTS-GLI-00098-000,interp,0.5,0.0,0,-6.0,3389,123,35818,,,,,0
BraTS-GLI-00098-000,interp,0.5,0.0,0,-4.02,3045,70,36162,0,0,0,0,0
BraTS-GLI-00098-000,interp,0.5,0.0,0,-2.0,2772,45,36435,,,,,0
BraTS-GLI-00098-000,interp,0.5,0.0,0,0.0,2532,27,36675,0,0,0,0,0
BraTS-GLI-00098-000,interp,0.5,0.0,0,2.0,2292,15,36915,,,,,0
BraTS-GLI-00098-000,interp,0.5,0.0,1,-6.0,9757,41,42713,,,,,0
BraTS-GLI-00098-000,interp,0.5,0.0,1,-4.02,9290,34,43180,,,,,0
BraTS-GLI-00098-000,interp,0.5,0.0,1,-2.0,8872,23,43598,,,,,0
BraTS-GLI-00098-000,interp,0.5,0.0,1,0.0,8464,17,44006,,,,,0
BraTS-GLI-00098-000,interp,0.5,0.0,1,2.0,7974,12,44496,,,,,0
BraTS-GLI-00098-000,interp,0.5,0.0,2,-6.0,35152,10038,31017,,,,,0
BraTS-GLI-00098-000,interp,0.5,0.0,2,-4.02,34199,8260,31970,,,,,0
BraTS-GLI-00098-000,interp,0.5,0.0,2,-2.0,33097,6857,33072,,,,,0
BraTS-GLI-00098-000,interp,0.5,0.0,2,0.0,32044,5655,34125,,,,,0
BraTS-GLI-00098-000,interp,0.5,0.0,2,2.0,30905,4638,35264,,,,,0
BraTS-GLI-00098-000,interp,1.0,0.0,0,-6.0,3389,123,35818,,,,,0
BraTS-GLI-00098-000,interp,1.0,0.0,0,-4.02,3045,70,36162,0,0,0,0,0
BraTS-GLI-00098-000,interp,1.0,0.0,0,-2.0,2772,45,36435,,,,,0
BraTS-GLI-00098-000,interp,1.0,0.0,0,0.0,2532,27,36675,0,0,0,0,0
BraTS-GLI-00098-000,interp,1.0,0.0,0,2.0,2292,15,36915,,,,,0
BraTS-GLI-00098-000,interp,1.0,0.0,1,-6.0,9757,41,42713,,,,,0
BraTS-GLI-00098-000,interp,1.0,0.0,1,-4.02,9290,34,43180,,,,,0
BraTS-GLI-00098-000,interp,1.0,0.0,1,-2.0,8872,23,43598,,,,,0
BraTS-GLI-00098-000,interp,1.0,0.0,1,0.0,8464,17,44006,,,,,0
BraTS-GLI-00098-000,interp,1.0,0.0,1,2.0,7974,12,44496,,,,,0
BraTS-GLI-00098-000,interp,1.0,0.0,2,-6.0,35152,10038,31017,,,,,0
BraTS-GLI-00098-000,interp,1.0,0.0,2,-4.02,34199,8260,31970,,,,,0
BraTS-GLI-00098-000,interp,1.0,0.0,2,-2.0,33097,6857,33072,,,,,0
BraTS-GLI-00098-000,interp,1.0,0.0,2,0.0,32044,5655,34125,,,,,0
BraTS-GLI-00098-000,interp,1.0,0.0,2,2.0,30905,4638,35264,,,,,0
BraTS-GLI-00098-000,global,0.5,0.0,0,-6.0,3389,123,35818,,,,,0
BraTS-GLI-00098-000,global,0.5,0.0,0,-4.02,3045,70,36162,0,0,0,0,0
BraTS-GLI-00098-000,global,0.5,0.0,0,-2.0,2772,45,36435,,,,,0
BraTS-GLI-00098-000,global,0.5,0.0,0,0.0,2532,27,36675,0,0,0,0,0
BraTS-GLI-00098-000,global,0.5,0.0,0,2.0,2292,15,36915,,,,,0
BraTS-GLI-00098-000,global,0.5,0.0,1,-6.0,9757,41,42713,,,,,0
BraTS-GLI-00098-000,global,0.5,0.0,1,-4.02,9290,34,43180,,,,,0
BraTS-GLI-00098-000,global,0.5,0.0,1,-2.0,8872,23,43598,,,,,0
BraTS-GLI-00098-000,global,0.5,0.0,1,0.0,8464,17,44006,,,,,0
BraTS-GLI-00098-000,global,0.5,0.0,1,2.0,7974,12,44496,,,,,0
BraTS-GLI-00098-000,global,0.5,0.0,2,-6.0,35152,10038,31017,,,,,0
BraTS-GLI-00098-000,global,0.5,0.0,2,-4.02,34199,8260,31970,,,,,0
BraTS-GLI-00098-000,global,0.5,0.0,2,-2.0,33097,6857,33072,,,,,0
BraTS-GLI-00098-000,global,0.5,0.0,2,0.0,32044,5655,34125,,,,,0
BraTS-GLI-00098-000,global,0.5,0.0,2,2.0,30905,4638,35264,,,,,0
BraTS-GLI-00098-000,global,1.0,0.0,0,-6.0,3389,123,35818,,,,,0
BraTS-GLI-00098-000,global,1.0,0.0,0,-4.02,3045,70,36162,0,0,0,0,0
BraTS-GLI-00098-000,global,1.0,0.0,0,-2.0,2772,45,36435,,,,,0
BraTS-GLI-00098-000,global,1.0,0.0,0,0.0,2532,27,36675,0,0,0,0,0
BraTS-GLI-00098-000,global,1.0,0.0,0,2.0,2292,15,36915,,,,,0
BraTS-GLI-00098-000,global,1.0,0.0,1,-6.0,9757,41,42713,,,,,0
BraTS-GLI-00098-000,global,1.0,0.0,1,-4.02,9290,34,43180,,,,,0
BraTS-GLI-00098-000,global,1.0,0.0,1,-2.0,8872,23,43598,,,,,0
BraTS-GLI-00098-000,global,1.0,0.0,1,0.0,8464,17,44006,,,,,0
BraTS-GLI-00098-000,global,1.0,0.0,1,2.0,7974,12,44496,,,,,0
BraTS-GLI-00098-000,global,1.0,0.0,2,-6.0,35152,10038,31017,,,,,0
BraTS-GLI-00098-000,global,1.0,0.0,2,-4.02,34199,8260,31970,,,,,0
BraTS-GLI-00098-000,global,1.0,0.0,2,-2.0,33097,6857,33072,,,,,0
BraTS-GLI-00098-000,global,1.0,0.0,2,0.0,32044,5655,34125,,,,,0
BraTS-GLI-00098-000,global,1.0,0.0,2,2.0,30905,4638,35264,,,,,0
BraTS-GLI-00098-000,dilate,0.0,0.0,0,-6.0,3389,123,35818,,,,,0
BraTS-GLI-00098-000,dilate,0.0,0.0,0,-4.02,3045,70,36162,0,0,0,0,0
BraTS-GLI-00098-000,dilate,0.0,0.0,0,-2.0,2772,45,36435,,,,,0
BraTS-GLI-00098-000,dilate,0.0,0.0,0,0.0,2532,27,36675,0,0,0,0,0
BraTS-GLI-00098-000,dilate,0.0,0.0,0,2.0,2292,15,36915,,,,,0
BraTS-GLI-00098-000,dilate,0.0,0.0,1,-6.0,9757,41,42713,,,,,0
BraTS-GLI-00098-000,dilate,0.0,0.0,1,-4.02,9290,34,43180,,,,,0
BraTS-GLI-00098-000,dilate,0.0,0.0,1,-2.0,8872,23,43598,,,,,0
BraTS-GLI-00098-000,dilate,0.0,0.0,1,0.0,8464,17,44006,,,,,0
BraTS-GLI-00098-000,dilate,0.0,0.0,1,2.0,7974,12,44496,,,,,0
BraTS-GLI-00098-000,dilate,0.0,0.0,2,-6.0,35152,10038,31017,,,,,0
BraTS-GLI-00098-000,dilate,0.0,0.0,2,-4.02,34199,8260,31970,,,,,0
BraTS-GLI-00098-000,dilate,0.0,0.0,2,-2.0,33097,6857,33072,,,,,0
BraTS-GLI-00098-000,dilate,0.0,0.0,2,0.0,32044,5655,34125,,,,,0
BraTS-GLI-00098-000,dilate,0.0,0.0,2,2.0,30905,4638,35264,,,,,0
BraTS-GLI-00098-000,boost,2.0,0.0,0,-6.0,3389,123,35818,,,,,0
BraTS-GLI-00098-000,boost,2.0,0.0,0,-4.02,3045,70,36162,0,0,0,0,0
BraTS-GLI-00098-000,boost,2.0,0.0,0,-2.0,2772,45,36435,,,,,0
BraTS-GLI-00098-000,boost,2.0,0.0,0,0.0,2532,27,36675,0,0,0,0,0
BraTS-GLI-00098-000,boost,2.0,0.0,0,2.0,2292,15,36915,,,,,0
BraTS-GLI-00098-000,boost,2.0,0.0,1,-6.0,9757,41,42713,,,,,0
BraTS-GLI-00098-000,boost,2.0,0.0,1,-4.02,9290,34,43180,,,,,0
BraTS-GLI-00098-000,boost,2.0,0.0,1,-2.0,8872,23,43598,,,,,0
BraTS-GLI-00098-000,boost,2.0,0.0,1,0.0,8464,17,44006,,,,,0
BraTS-GLI-00098-000,boost,2.0,0.0,1,2.0,7974,12,44496,,,,,0
BraTS-GLI-00098-000,boost,2.0,0.0,2,-6.0,35152,10038,31017,,,,,0
BraTS-GLI-00098-000,boost,2.0,0.0,2,-4.02,34199,8260,31970,,,,,0
BraTS-GLI-00098-000,boost,2.0,0.0,2,-2.0,33097,6857,33072,,,,,0
BraTS-GLI-00098-000,boost,2.0,0.0,2,0.0,32044,5655,34125,,,,,0
BraTS-GLI-00098-000,boost,2.0,0.0,2,2.0,30905,4638,35264,,,,,0
BraTS-GLI-00098-000,boost,4.0,0.0,0,-6.0,3389,123,35818,,,,,0
BraTS-GLI-00098-000,boost,4.0,0.0,0,-4.02,3045,70,36162,0,0,0,0,0
BraTS-GLI-00098-000,boost,4.0,0.0,0,-2.0,2772,45,36435,,,,,0
BraTS-GLI-00098-000,boost,4.0,0.0,0,0.0,2532,27,36675,0,0,0,0,0
BraTS-GLI-00098-000,boost,4.0,0.0,0,2.0,2292,15,36915,,,,,0
BraTS-GLI-00098-000,boost,4.0,0.0,1,-6.0,9757,41,42713,,,,,0
BraTS-GLI-00098-000,boost,4.0,0.0,1,-4.02,9290,34,43180,,,,,0
BraTS-GLI-00098-000,boost,4.0,0.0,1,-2.0,8872,23,43598,,,,,0
BraTS-GLI-00098-000,boost,4.0,0.0,1,0.0,8464,17,44006,,,,,0
BraTS-GLI-00098-000,boost,4.0,0.0,1,2.0,7974,12,44496,,,,,0
BraTS-GLI-00098-000,boost,4.0,0.0,2,-6.0,35152,10038,31017,,,,,0
BraTS-GLI-00098-000,boost,4.0,0.0,2,-4.02,34199,8260,31970,,,,,0
BraTS-GLI-00098-000,boost,4.0,0.0,2,-2.0,33097,6857,33072,,,,,0
BraTS-GLI-00098-000,boost,4.0,0.0,2,0.0,32044,5655,34125,,,,,0
BraTS-GLI-00098-000,boost,4.0,0.0,2,2.0,30905,4638,35264,,,,,0
BraTS-GLI-00682-001,none,0.0,0.0,0,-6.0,26879,286,1675,,,,,332
BraTS-GLI-00682-001,none,0.0,0.0,0,-4.02,26553,165,2001,0,0,0,2,332
BraTS-GLI-00682-001,none,0.0,0.0,0,-2.0,26208,95,2346,,,,,332
BraTS-GLI-00682-001,none,0.0,0.0,0,0.0,25824,47,2730,0,0,0,2,332
BraTS-GLI-00682-001,none,0.0,0.0,0,2.0,25431,16,3123,,,,,332
BraTS-GLI-00682-001,none,0.0,0.0,1,-6.0,30304,324,1044,,,,,332
BraTS-GLI-00682-001,none,0.0,0.0,1,-4.02,29996,200,1352,,,,,332
BraTS-GLI-00682-001,none,0.0,0.0,1,-2.0,29694,125,1654,,,,,332
BraTS-GLI-00682-001,none,0.0,0.0,1,0.0,29393,77,1955,,,,,332
BraTS-GLI-00682-001,none,0.0,0.0,1,2.0,29082,41,2266,,,,,332
BraTS-GLI-00682-001,none,0.0,0.0,2,-6.0,113931,9891,101,,,,,332
BraTS-GLI-00682-001,none,0.0,0.0,2,-4.02,113837,7975,195,,,,,332
BraTS-GLI-00682-001,none,0.0,0.0,2,-2.0,113638,6374,394,,,,,332
BraTS-GLI-00682-001,none,0.0,0.0,2,0.0,113334,5091,698,,,,,332
BraTS-GLI-00682-001,none,0.0,0.0,2,2.0,112899,3962,1133,,,,,332
BraTS-GLI-00682-001,pspds,0.5,0.0,0,-6.0,26937,394,1617,,,,,332
BraTS-GLI-00682-001,pspds,0.5,0.0,0,-4.02,26609,264,1945,0,0,0,1,332
BraTS-GLI-00682-001,pspds,0.5,0.0,0,-2.0,26250,182,2304,,,,,332
BraTS-GLI-00682-001,pspds,0.5,0.0,0,0.0,25878,113,2676,0,0,0,2,332
BraTS-GLI-00682-001,pspds,0.5,0.0,0,2.0,25493,74,3061,,,,,332
BraTS-GLI-00682-001,pspds,0.5,0.0,1,-6.0,30357,415,991,,,,,332
BraTS-GLI-00682-001,pspds,0.5,0.0,1,-4.02,30053,313,1295,,,,,332
BraTS-GLI-00682-001,pspds,0.5,0.0,1,-2.0,29764,225,1584,,,,,332
BraTS-GLI-00682-001,pspds,0.5,0.0,1,0.0,29469,163,1879,,,,,332
BraTS-GLI-00682-001,pspds,0.5,0.0,1,2.0,29158,106,2190,,,,,332
BraTS-GLI-00682-001,pspds,0.5,0.0,2,-6.0,113931,10092,101,,,,,332
BraTS-GLI-00682-001,pspds,0.5,0.0,2,-4.02,113843,8143,189,,,,,332
BraTS-GLI-00682-001,pspds,0.5,0.0,2,-2.0,113659,6535,373,,,,,332
BraTS-GLI-00682-001,pspds,0.5,0.0,2,0.0,113368,5247,664,,,,,332
BraTS-GLI-00682-001,pspds,0.5,0.0,2,2.0,112952,4080,1080,,,,,332
BraTS-GLI-00682-001,pspds,0.5,1.0,0,-6.0,26908,332,1646,,,,,332
BraTS-GLI-00682-001,pspds,0.5,1.0,0,-4.02,26571,203,1983,0,0,0,2,332
BraTS-GLI-00682-001,pspds,0.5,1.0,0,-2.0,26225,129,2329,,,,,332
BraTS-GLI-00682-001,pspds,0.5,1.0,0,0.0,25843,70,2711,0,0,0,2,332
BraTS-GLI-00682-001,pspds,0.5,1.0,0,2.0,25454,38,3100,,,,,332
BraTS-GLI-00682-001,pspds,0.5,1.0,1,-6.0,30317,366,1031,,,,,332
BraTS-GLI-00682-001,pspds,0.5,1.0,1,-4.02,30022,252,1326,,,,,332
BraTS-GLI-00682-001,pspds,0.5,1.0,1,-2.0,29722,155,1626,,,,,332
BraTS-GLI-00682-001,pspds,0.5,1.0,1,0.0,29418,108,1930,,,,,332
BraTS-GLI-00682-001,pspds,0.5,1.0,1,2.0,29107,67,2241,,,,,332
BraTS-GLI-00682-001,pspds,0.5,1.0,2,-6.0,113932,9978,100,,,,,332
BraTS-GLI-00682-001,pspds,0.5,1.0,2,-4.02,113838,8034,194,,,,,332
BraTS-GLI-00682-001,pspds,0.5,1.0,2,-2.0,113645,6436,387,,,,,332
BraTS-GLI-00682-001,pspds,0.5,1.0,2,0.0,113345,5155,687,,,,,332
BraTS-GLI-00682-001,pspds,0.5,1.0,2,2.0,112915,4007,1117,,,,,332
BraTS-GLI-00682-001,pspds,1.0,0.0,0,-6.0,26971,480,1583,,,,,332
BraTS-GLI-00682-001,pspds,1.0,0.0,0,-4.02,26644,354,1910,0,0,0,1,332
BraTS-GLI-00682-001,pspds,1.0,0.0,0,-2.0,26290,271,2264,,,,,332
BraTS-GLI-00682-001,pspds,1.0,0.0,0,0.0,25933,204,2621,0,0,0,1,332
BraTS-GLI-00682-001,pspds,1.0,0.0,0,2.0,25547,145,3007,,,,,332
BraTS-GLI-00682-001,pspds,1.0,0.0,1,-6.0,30399,504,949,,,,,332
BraTS-GLI-00682-001,pspds,1.0,0.0,1,-4.02,30121,390,1227,,,,,332
BraTS-GLI-00682-001,pspds,1.0,0.0,1,-2.0,29827,302,1521,,,,,332
BraTS-GLI-00682-001,pspds,1.0,0.0,1,0.0,29537,244,1811,,,,,332
BraTS-GLI-00682-001,pspds,1.0,0.0,1,2.0,29222,198,2126,,,,,332
BraTS-GLI-00682-001,pspds,1.0,0.0,2,-6.0,113929,10277,103,,,,,332
BraTS-GLI-00682-001,pspds,1.0,0.0,2,-4.02,113847,8296,185,,,,,332
BraTS-GLI-00682-001,pspds,1.0,0.0,2,-2.0,113674,6685,358,,,,,332
BraTS-GLI-00682-001,pspds,1.0,0.0,2,0.0,113399,5376,633,,,,,332
BraTS-GLI-00682-001,pspds,1.0,0.0,2,2.0,112992,4203,1040,,,,,332
BraTS-GLI-00682-001,pspds,1.0,1.0,0,-6.0,26930,368,1624,,,,,332
BraTS-GLI-00682-001,pspds,1.0,1.0,0,-4.02,26587,247,1967,0,0,0,1,332
BraTS-GLI-00682-001,pspds,1.0,1.0,0,-2.0,26240,161,2314,,,,,332
BraTS-GLI-00682-001,pspds,1.0,1.0,0,0.0,25861,100,2693,0,0,0,2,332
BraTS-GLI-00682-001,pspds,1.0,1.0,0,2.0,25479,58,3075,,,,,332
BraTS-GLI-00682-001,pspds,1.0,1.0,1,-6.0,30338,399,1010,,,,,332
BraTS-GLI-00682-001,pspds,1.0,1.0,1,-4.02,30042,293,1306,,,,,332
BraTS-GLI-00682-001,pspds,1.0,1.0,1,-2.0,29747,208,1601,,,,,332
BraTS-GLI-00682-001,pspds,1.0,1.0,1,0.0,29446,136,1902,,,,,332
BraTS-GLI-00682-001,pspds,1.0,1.0,1,2.0,29139,92,2209,,,,,332
BraTS-GLI-00682-001,pspds,1.0,1.0,2,-6.0,113933,10069,99,,,,,332
BraTS-GLI-00682-001,pspds,1.0,1.0,2,-4.02,113841,8105,191,,,,,332
BraTS-GLI-00682-001,pspds,1.0,1.0,2,-2.0,113647,6485,385,,,,,332
BraTS-GLI-00682-001,pspds,1.0,1.0,2,0.0,113361,5215,671,,,,,332
BraTS-GLI-00682-001,pspds,1.0,1.0,2,2.0,112930,4065,1102,,,,,332
BraTS-GLI-00682-001,interp,0.5,0.0,0,-6.0,27198,959,1356,,,,,332
BraTS-GLI-00682-001,interp,0.5,0.0,0,-4.02,26896,818,1658,0,0,0,1,332
BraTS-GLI-00682-001,interp,0.5,0.0,0,-2.0,26536,709,2018,,,,,332
BraTS-GLI-00682-001,interp,0.5,0.0,0,0.0,26183,627,2371,0,0,0,1,332
BraTS-GLI-00682-001,interp,0.5,0.0,0,2.0,25805,568,2749,,,,,332
BraTS-GLI-00682-001,interp,0.5,0.0,1,-6.0,30615,1013,733,,,,,332
BraTS-GLI-00682-001,interp,0.5,0.0,1,-4.02,30344,861,1004,,,,,332
BraTS-GLI-00682-001,interp,0.5,0.0,1,-2.0,30065,756,1283,,,,,332
BraTS-GLI-00682-001,interp,0.5,0.0,1,0.0,29782,670,1566,,,,,332
BraTS-GLI-00682-001,interp,0.5,0.0,1,2.0,29481,595,1867,,,,,332
BraTS-GLI-00682-001,interp,0.5,0.0,2,-6.0,113993,12769,39,,,,,332
BraTS-GLI-00682-001,interp,0.5,0.0,2,-4.02,113945,10653,87,,,,,332
BraTS-GLI-00682-001,interp,0.5,0.0,2,-2.0,113853,8819,179,,,,,332
BraTS-GLI-00682-001,interp,0.5,0.0,2,0.0,113698,7221,334,,,,,332
BraTS-GLI-00682-001,interp,0.5,0.0,2,2.0,113421,5855,611,,,,,332
BraTS-GLI-00682-001,interp,1.0,0.0,0,-6.0,27517,1822,1037,,,,,332
BraTS-GLI-00682-001,interp,1.0,0.0,0,-4.02,27223,1588,1331,0,0,0,2,332
BraTS-GLI-00682-001,interp,1.0,0.0,0,-2.0,26886,1414,1668,,,,,332
BraTS-GLI-00682-001,interp,1.0,0.0,0,0.0,26535,1271,2019,0,0,0,2,332
BraTS-GLI-00682-001,interp,1.0,0.0,0,2.0,26147,1158,2407,,,,,332
BraTS-GLI-00682-001,interp,1.0,0.0,1,-6.0,30998,5668,350,,,,,332
BraTS-GLI-00682-001,interp,1.0,0.0,1,-4.02,30801,4882,547,,,,,332
BraTS-GLI-00682-001,interp,1.0,0.0,1,-2.0,30585,4173,763,,,,,332
BraTS-GLI-00682-001,interp,1.0,0.0,1,0.0,30350,3513,998,,,,,332
BraTS-GLI-00682-001,interp,1.0,0.0,1,2.0,30158,2909,1190,,,,,332
BraTS-GLI-00682-001,interp,1.0,0.0,2,-6.0,114006,16983,26,,,,,332
BraTS-GLI-00682-001,interp,1.0,0.0,2,-4.02,113975,14673,57,,,,,332
BraTS-GLI-00682-001,interp,1.0,0.0,2,-2.0,113940,12610,92,,,,,332
BraTS-GLI-00682-001,interp,1.0,0.0,2,0.0,113857,10758,175,,,,,332
BraTS-GLI-00682-001,interp,1.0,0.0,2,2.0,113717,9005,315,,,,,332
BraTS-GLI-00682-001,global,0.5,0.0,0,-6.0,27395,1100,1159,,,,,332
BraTS-GLI-00682-001,global,0.5,0.0,0,-4.02,27051,944,1503,0,0,0,1,332
BraTS-GLI-00682-001,global,0.5,0.0,0,-2.0,26688,817,1866,,,,,332
BraTS-GLI-00682-001,global,0.5,0.0,0,0.0,26310,734,2244,0,0,0,1,332
BraTS-GLI-00682-001,global,0.5,0.0,0,2.0,25922,654,2632,,,,,332
BraTS-GLI-00682-001,global,0.5,0.0,1,-6.0,30822,1429,526,,,,,332
BraTS-GLI-00682-001,global,0.5,0.0,1,-4.02,30552,1188,796,,,,,332
BraTS-GLI-00682-001,global,0.5,0.0,1,-2.0,30299,1001,1049,,,,,332
BraTS-GLI-00682-001,global,0.5,0.0,1,0.0,30047,855,1301,,,,,332
BraTS-GLI-00682-001,global,0.5,0.0,1,2.0,29712,740,1636,,,,,332
BraTS-GLI-00682-001,global,0.5,0.0,2,-6.0,114013,14333,19,,,,,332
BraTS-GLI-00682-001,global,0.5,0.0,2,-4.02,113973,11980,59,,,,,332
BraTS-GLI-00682-001,global,0.5,0.0,2,-2.0,113901,9923,131,,,,,332
BraTS-GLI-00682-001,global,0.5,0.0,2,0.0,113764,8149,268,,,,,332
BraTS-GLI-00682-001,global,0.5,0.0,2,2.0,113507,6563,525,,,,,332
BraTS-GLI-00682-001,global,1.0,0.0,0,-6.0,27731,2818,823,,,,,332
BraTS-GLI-00682-001,global,1.0,0.0,0,-4.02,27395,2366,1159,0,0,0,4,332
BraTS-GLI-00682-001,global,1.0,0.0,0,-2.0,26991,2006,1563,,,,,332
BraTS-GLI-00682-001,global,1.0,0.0,0,0.0,26580,1692,1974,0,0,0,3,332
BraTS-GLI-00682-001,global,1.0,0.0,0,2.0,26149,1506,2405,,,,,332
BraTS-GLI-00682-001,global,1.0,0.0,1,-6.0,31241,37937,107,,,,,332
BraTS-GLI-00682-001,global,1.0,0.0,1,-4.02,31134,32708,214,,,,,332
BraTS-GLI-00682-001,global,1.0,0.0,1,-2.0,30998,27574,350,,,,,332
BraTS-GLI-00682-001,global,1.0,0.0,1,0.0,30834,22503,514,,,,,332
BraTS-GLI-00682-001,global,1.0,0.0,1,2.0,30633,17647,715,,,,,332
BraTS-GLI-00682-001,global,1.0,0.0,2,-6.0,114025,27941,7,,,,,332
BraTS-GLI-00682-001,global,1.0,0.0,2,-4.02,114025,24974,7,,,,,332
BraTS-GLI-00682-001,global,1.0,0.0,2,-2.0,114017,22275,15,,,,,332
BraTS-GLI-00682-001,global,1.0,0.0,2,0.0,113986,19884,46,,,,,332
BraTS-GLI-00682-001,global,1.0,0.0,2,2.0,113946,17670,86,,,,,332
BraTS-GLI-00682-001,dilate,0.0,0.0,0,-6.0,28515,8549,39,,,,,332
BraTS-GLI-00682-001,dilate,0.0,0.0,0,-4.02,28511,8049,43,0,0,0,1,332
BraTS-GLI-00682-001,dilate,0.0,0.0,0,-2.0,28504,7694,50,,,,,332
BraTS-GLI-00682-001,dilate,0.0,0.0,0,0.0,28498,7268,56,0,0,0,2,332
BraTS-GLI-00682-001,dilate,0.0,0.0,0,2.0,28489,6801,65,,,,,332
BraTS-GLI-00682-001,dilate,0.0,0.0,1,-6.0,30304,324,1044,,,,,332
BraTS-GLI-00682-001,dilate,0.0,0.0,1,-4.02,29996,200,1352,,,,,332
BraTS-GLI-00682-001,dilate,0.0,0.0,1,-2.0,29694,125,1654,,,,,332
BraTS-GLI-00682-001,dilate,0.0,0.0,1,0.0,29393,77,1955,,,,,332
BraTS-GLI-00682-001,dilate,0.0,0.0,1,2.0,29082,41,2266,,,,,332
BraTS-GLI-00682-001,dilate,0.0,0.0,2,-6.0,113931,9891,101,,,,,332
BraTS-GLI-00682-001,dilate,0.0,0.0,2,-4.02,113837,7975,195,,,,,332
BraTS-GLI-00682-001,dilate,0.0,0.0,2,-2.0,113638,6374,394,,,,,332
BraTS-GLI-00682-001,dilate,0.0,0.0,2,0.0,113334,5091,698,,,,,332
BraTS-GLI-00682-001,dilate,0.0,0.0,2,2.0,112899,3962,1133,,,,,332
BraTS-GLI-00682-001,boost,2.0,0.0,0,-6.0,27186,461,1368,,,,,332
BraTS-GLI-00682-001,boost,2.0,0.0,0,-4.02,26882,283,1672,0,0,0,1,332
BraTS-GLI-00682-001,boost,2.0,0.0,0,-2.0,26546,157,2008,,,,,332
BraTS-GLI-00682-001,boost,2.0,0.0,0,0.0,26202,93,2352,0,0,0,2,332
BraTS-GLI-00682-001,boost,2.0,0.0,0,2.0,25821,47,2733,,,,,332
BraTS-GLI-00682-001,boost,2.0,0.0,1,-6.0,30304,324,1044,,,,,332
BraTS-GLI-00682-001,boost,2.0,0.0,1,-4.02,29996,200,1352,,,,,332
BraTS-GLI-00682-001,boost,2.0,0.0,1,-2.0,29694,125,1654,,,,,332
BraTS-GLI-00682-001,boost,2.0,0.0,1,0.0,29393,77,1955,,,,,332
BraTS-GLI-00682-001,boost,2.0,0.0,1,2.0,29082,41,2266,,,,,332
BraTS-GLI-00682-001,boost,2.0,0.0,2,-6.0,113931,9891,101,,,,,332
BraTS-GLI-00682-001,boost,2.0,0.0,2,-4.02,113837,7975,195,,,,,332
BraTS-GLI-00682-001,boost,2.0,0.0,2,-2.0,113638,6374,394,,,,,332
BraTS-GLI-00682-001,boost,2.0,0.0,2,0.0,113334,5091,698,,,,,332
BraTS-GLI-00682-001,boost,2.0,0.0,2,2.0,112899,3962,1133,,,,,332
BraTS-GLI-00682-001,boost,4.0,0.0,0,-6.0,27450,729,1104,,,,,332
BraTS-GLI-00682-001,boost,4.0,0.0,0,-4.02,27186,461,1368,0,0,0,1,332
BraTS-GLI-00682-001,boost,4.0,0.0,0,-2.0,26874,274,1680,,,,,332
BraTS-GLI-00682-001,boost,4.0,0.0,0,0.0,26540,155,2014,0,0,0,2,332
BraTS-GLI-00682-001,boost,4.0,0.0,0,2.0,26199,93,2355,,,,,332
BraTS-GLI-00682-001,boost,4.0,0.0,1,-6.0,30304,324,1044,,,,,332
BraTS-GLI-00682-001,boost,4.0,0.0,1,-4.02,29996,200,1352,,,,,332
BraTS-GLI-00682-001,boost,4.0,0.0,1,-2.0,29694,125,1654,,,,,332
BraTS-GLI-00682-001,boost,4.0,0.0,1,0.0,29393,77,1955,,,,,332
BraTS-GLI-00682-001,boost,4.0,0.0,1,2.0,29082,41,2266,,,,,332
BraTS-GLI-00682-001,boost,4.0,0.0,2,-6.0,113931,9891,101,,,,,332
BraTS-GLI-00682-001,boost,4.0,0.0,2,-4.02,113837,7975,195,,,,,332
BraTS-GLI-00682-001,boost,4.0,0.0,2,-2.0,113638,6374,394,,,,,332
BraTS-GLI-00682-001,boost,4.0,0.0,2,0.0,113334,5091,698,,,,,332
BraTS-GLI-00682-001,boost,4.0,0.0,2,2.0,112899,3962,1133,,,,,332
BraTS-GLI-00299-000,none,0.0,0.0,0,-6.0,4677,523,2456,,,,,21
BraTS-GLI-00299-000,none,0.0,0.0,0,-4.02,4559,450,2574,0,2,0,0,21
BraTS-GLI-00299-000,none,0.0,0.0,0,-2.0,4424,378,2709,,,,,21
BraTS-GLI-00299-000,none,0.0,0.0,0,0.0,4298,313,2835,0,2,0,0,21
BraTS-GLI-00299-000,none,0.0,0.0,0,2.0,4164,247,2969,,,,,21
BraTS-GLI-00299-000,none,0.0,0.0,1,-6.0,5309,616,3229,,,,,21
BraTS-GLI-00299-000,none,0.0,0.0,1,-4.02,5134,512,3404,,,,,21
BraTS-GLI-00299-000,none,0.0,0.0,1,-2.0,4983,424,3555,,,,,21
BraTS-GLI-00299-000,none,0.0,0.0,1,0.0,4839,349,3699,,,,,21
BraTS-GLI-00299-000,none,0.0,0.0,1,2.0,4679,278,3859,,,,,21
BraTS-GLI-00299-000,none,0.0,0.0,2,-6.0,59132,18280,203,,,,,21
BraTS-GLI-00299-000,none,0.0,0.0,2,-4.02,59074,16307,261,,,,,21
BraTS-GLI-00299-000,none,0.0,0.0,2,-2.0,58991,14293,344,,,,,21
BraTS-GLI-00299-000,none,0.0,0.0,2,0.0,58876,12465,459,,,,,21
BraTS-GLI-00299-000,none,0.0,0.0,2,2.0,58702,10574,633,,,,,21
BraTS-GLI-00299-000,pspds,0.5,0.0,0,-6.0,4724,557,2409,,,,,21
BraTS-GLI-00299-000,pspds,0.5,0.0,0,-4.02,4602,501,2531,0,2,0,0,21
BraTS-GLI-00299-000,pspds,0.5,0.0,0,-2.0,4472,421,2661,,,,,21
BraTS-GLI-00299-000,pspds,0.5,0.0,0,0.0,4331,357,2802,0,2,0,0,21
BraTS-GLI-00299-000,pspds,0.5,0.0,0,2.0,4203,301,2930,,,,,21
BraTS-GLI-00299-000,pspds,0.5,0.0,1,-6.0,5358,657,3180,,,,,21
BraTS-GLI-00299-000,pspds,0.5,0.0,1,-4.02,5195,573,3343,,,,,21
BraTS-GLI-00299-000,pspds,0.5,0.0,1,-2.0,5031,485,3507,,,,,21
BraTS-GLI-00299-000,pspds,0.5,0.0,1,0.0,4890,397,3648,,,,,21
BraTS-GLI-00299-000,pspds,0.5,0.0,1,2.0,4736,323,3802,,,,,21
BraTS-GLI-00299-000,pspds,0.5,0.0,2,-6.0,59130,18306,205,,,,,21
BraTS-GLI-00299-000,pspds,0.5,0.0,2,-4.02,59071,16346,264,,,,,21
BraTS-GLI-00299-000,pspds,0.5,0.0,2,-2.0,58990,14327,345,,,,,21
BraTS-GLI-00299-000,pspds,0.5,0.0,2,0.0,58878,12538,457,,,,,21
BraTS-GLI-00299-000,pspds,0.5,0.0,2,2.0,58717,10660,618,,,,,21
BraTS-GLI-00299-000,pspds,0.5,1.0,0,-6.0,4705,545,2428,,,,,21
BraTS-GLI-00299-000,pspds,0.5,1.0,0,-4.02,4579,470,2554,0,2,0,0,21
BraTS-GLI-00299-000,pspds,0.5,1.0,0,-2.0,4444,396,2689,,,,,21
BraTS-GLI-00299-000,pspds,0.5,1.0,0,0.0,4310,335,2823,0,2,0,0,21
BraTS-GLI-00299-000,pspds,0.5,1.0,0,2.0,4184,270,2949,,,,,21
BraTS-GLI-00299-000,pspds,0.5,1.0,1,-6.0,5332,640,3206,,,,,21
BraTS-GLI-00299-000,pspds,0.5,1.0,1,-4.02,5164,545,3374,,,,,21
BraTS-GLI-00299-000,pspds,0.5,1.0,1,-2.0,5004,443,3534,,,,,21
BraTS-GLI-00299-000,pspds,0.5,1.0,1,0.0,4867,369,3671,,,,,21
BraTS-GLI-00299-000,pspds,0.5,1.0,1,2.0,4704,296,3834,,,,,21
BraTS-GLI-00299-000,pspds,0.5,1.0,2,-6.0,59129,18287,206,,,,,21
BraTS-GLI-00299-000,pspds,0.5,1.0,2,-4.02,59077,16330,258,,,,,21
BraTS-GLI-00299-000,pspds,0.5,1.0,2,-2.0,58986,14308,349,,,,,21
BraTS-GLI-00299-000,pspds,0.5,1.0,2,0.0,58874,12497,461,,,,,21
BraTS-GLI-00299-000,pspds,0.5,1.0,2,2.0,58707,10608,628,,,,,21
BraTS-GLI-00299-000,pspds,1.0,0.0,0,-6.0,4766,593,2367,,,,,21
BraTS-GLI-00299-000,pspds,1.0,0.0,0,-4.02,4646,533,2487,1,2,1,0,21
BraTS-GLI-00299-000,pspds,1.0,0.0,0,-2.0,4501,460,2632,,,,,21
BraTS-GLI-00299-000,pspds,1.0,0.0,0,0.0,4373,393,2760,0,2,0,0,21
BraTS-GLI-00299-000,pspds,1.0,0.0,0,2.0,4234,332,2899,,,,,21
BraTS-GLI-00299-000,pspds,1.0,0.0,1,-6.0,5415,693,3123,,,,,21
BraTS-GLI-00299-000,pspds,1.0,0.0,1,-4.02,5251,608,3287,,,,,21
BraTS-GLI-00299-000,pspds,1.0,0.0,1,-2.0,5089,529,3449,,,,,21
BraTS-GLI-00299-000,pspds,1.0,0.0,1,0.0,4937,447,3601,,,,,21
BraTS-GLI-00299-000,pspds,1.0,0.0,1,2.0,4782,375,3756,,,,,21
BraTS-GLI-00299-000,pspds,1.0,0.0,2,-6.0,59128,18331,207,,,,,21
BraTS-GLI-00299-000,pspds,1.0,0.0,2,-4.02,59067,16398,268,,,,,21
BraTS-GLI-00299-000,pspds,1.0,0.0,2,-2.0,58988,14366,347,,,,,21
BraTS-GLI-00299-000,pspds,1.0,0.0,2,0.0,58885,12599,450,,,,,21
BraTS-GLI-00299-000,pspds,1.0,0.0,2,2.0,58725,10718,610,,,,,21
BraTS-GLI-00299-000,pspds,1.0,1.0,0,-6.0,4723,554,2410,,,,,21
BraTS-GLI-00299-000,pspds,1.0,1.0,0,-4.02,4598,498,2535,0,2,0,0,21
BraTS-GLI-00299-000,pspds,1.0,1.0,0,-2.0,4469,420,2664,,,,,21
BraTS-GLI-00299-000,pspds,1.0,1.0,0,0.0,4327,357,2806,0,2,0,0,21
BraTS-GLI-00299-000,pspds,1.0,1.0,0,2.0,4203,300,2930,,,,,21
BraTS-GLI-00299-000,pspds,1.0,1.0,1,-6.0,5356,656,3182,,,,,21
BraTS-GLI-00299-000,pspds,1.0,1.0,1,-4.02,5188,570,3350,,,,,21
BraTS-GLI-00299-000,pspds,1.0,1.0,1,-2.0,5025,480,3513,,,,,21
BraTS-GLI-00299-000,pspds,1.0,1.0,1,0.0,4885,394,3653,,,,,21
BraTS-GLI-00299-000,pspds,1.0,1.0,1,2.0,4733,319,3805,,,,,21
BraTS-GLI-00299-000,pspds,1.0,1.0,2,-6.0,59129,18297,206,,,,,21
BraTS-GLI-00299-000,pspds,1.0,1.0,2,-4.02,59071,16347,264,,,,,21
BraTS-GLI-00299-000,pspds,1.0,1.0,2,-2.0,58987,14320,348,,,,,21
BraTS-GLI-00299-000,pspds,1.0,1.0,2,0.0,58876,12529,459,,,,,21
BraTS-GLI-00299-000,pspds,1.0,1.0,2,2.0,58716,10645,619,,,,,21
BraTS-GLI-00299-000,interp,0.5,0.0,0,-6.0,4915,676,2218,,,,,21
BraTS-GLI-00299-000,interp,0.5,0.0,0,-4.02,4792,610,2341,12,2,2,0,21
BraTS-GLI-00299-000,interp,0.5,0.0,0,-2.0,4658,547,2475,,,,,21
BraTS-GLI-00299-000,interp,0.5,0.0,0,0.0,4521,482,2612,5,2,2,0,21
BraTS-GLI-00299-000,interp,0.5,0.0,0,2.0,4396,413,2737,,,,,21
BraTS-GLI-00299-000,interp,0.5,0.0,1,-6.0,5710,919,2828,,,,,21
BraTS-GLI-00299-000,interp,0.5,0.0,1,-4.02,5525,770,3013,,,,,21
BraTS-GLI-00299-000,interp,0.5,0.0,1,-2.0,5367,675,3171,,,,,21
BraTS-GLI-00299-000,interp,0.5,0.0,1,0.0,5191,588,3347,,,,,21
BraTS-GLI-00299-000,interp,0.5,0.0,1,2.0,5042,507,3496,,,,,21
BraTS-GLI-00299-000,interp,0.5,0.0,2,-6.0,59199,19193,136,,,,,21
BraTS-GLI-00299-000,interp,0.5,0.0,2,-4.02,59153,17209,182,,,,,21
BraTS-GLI-00299-000,interp,0.5,0.0,2,-2.0,59098,15162,237,,,,,21
BraTS-GLI-00299-000,interp,0.5,0.0,2,0.0,59005,13307,330,,,,,21
BraTS-GLI-00299-000,interp,0.5,0.0,2,2.0,58874,11390,461,,,,,21
BraTS-GLI-00299-000,interp,1.0,0.0,0,-6.0,5113,798,2020,,,,,21
BraTS-GLI-00299-000,interp,1.0,0.0,0,-4.02,4991,715,2142,23,2,2,0,21
BraTS-GLI-00299-000,interp,1.0,0.0,0,-2.0,4852,644,2281,,,,,21
BraTS-GLI-00299-000,interp,1.0,0.0,0,0.0,4712,573,2421,18,2,2,0,21
BraTS-GLI-00299-000,interp,1.0,0.0,0,2.0,4559,507,2574,,,,,21
BraTS-GLI-00299-000,interp,1.0,0.0,1,-6.0,6004,1226,2534,,,,,21
BraTS-GLI-00299-000,interp,1.0,0.0,1,-4.02,5844,1076,2694,,,,,21
BraTS-GLI-00299-000,interp,1.0,0.0,1,-2.0,5675,933,2863,,,,,21
BraTS-GLI-00299-000,interp,1.0,0.0,1,0.0,5537,800,3001,,,,,21
BraTS-GLI-00299-000,interp,1.0,0.0,1,2.0,5382,674,3156,,,,,21
BraTS-GLI-00299-000,interp,1.0,0.0,2,-6.0,59219,19886,116,,,,,21
BraTS-GLI-00299-000,interp,1.0,0.0,2,-4.02,59184,17909,151,,,,,21
BraTS-GLI-00299-000,interp,1.0,0.0,2,-2.0,59133,15833,202,,,,,21
BraTS-GLI-00299-000,interp,1.0,0.0,2,0.0,59053,13949,282,,,,,21
BraTS-GLI-00299-000,interp,1.0,0.0,2,2.0,58939,12048,396,,,,,21
BraTS-GLI-00299-000,global,0.5,0.0,0,-6.0,5192,865,1941,,,,,21
BraTS-GLI-00299-000,global,0.5,0.0,0,-4.02,5047,777,2086,24,2,2,0,21
BraTS-GLI-00299-000,global,0.5,0.0,0,-2.0,4891,677,2242,,,,,21
BraTS-GLI-00299-000,global,0.5,0.0,0,0.0,4735,598,2398,16,2,2,0,21
BraTS-GLI-00299-000,global,0.5,0.0,0,2.0,4601,534,2532,,,,,21
BraTS-GLI-00299-000,global,0.5,0.0,1,-6.0,6169,1716,2369,,,,,21
BraTS-GLI-00299-000,global,0.5,0.0,1,-4.02,6022,1500,2516,,,,,21
BraTS-GLI-00299-000,global,0.5,0.0,1,-2.0,5843,1294,2695,,,,,21
BraTS-GLI-00299-000,global,0.5,0.0,1,0.0,5678,1113,2860,,,,,21
BraTS-GLI-00299-000,global,0.5,0.0,1,2.0,5528,960,3010,,,,,21
BraTS-GLI-00299-000,global,0.5,0.0,2,-6.0,59266,20673,69,,,,,21
BraTS-GLI-00299-000,global,0.5,0.0,2,-4.02,59241,18565,94,,,,,21
BraTS-GLI-00299-000,global,0.5,0.0,2,-2.0,59205,16410,130,,,,,21
BraTS-GLI-00299-000,global,0.5,0.0,2,0.0,59128,14378,207,,,,,21
BraTS-GLI-00299-000,global,0.5,0.0,2,2.0,59004,12315,331,,,,,21
BraTS-GLI-00299-000,global,1.0,0.0,0,-6.0,5429,1215,1704,,,,,21
BraTS-GLI-00299-000,global,1.0,0.0,0,-4.02,5248,1011,1885,30,2,2,4,21
BraTS-GLI-00299-000,global,1.0,0.0,0,-2.0,5094,847,2039,,,,,21
BraTS-GLI-00299-000,global,1.0,0.0,0,0.0,4929,737,2204,25,2,2,1,21
BraTS-GLI-00299-000,global,1.0,0.0,0,2.0,4736,621,2397,,,,,21
BraTS-GLI-00299-000,global,1.0,0.0,1,-6.0,7102,14015,1436,,,,,21
BraTS-GLI-00299-000,global,1.0,0.0,1,-4.02,6981,12608,1557,,,,,21
BraTS-GLI-00299-000,global,1.0,0.0,1,-2.0,6835,11308,1703,,,,,21
BraTS-GLI-00299-000,global,1.0,0.0,1,0.0,6683,10036,1855,,,,,21
BraTS-GLI-00299-000,global,1.0,0.0,1,2.0,6528,8912,2010,,,,,21
BraTS-GLI-00299-000,global,1.0,0.0,2,-6.0,59324,25019,11,,,,,21
BraTS-GLI-00299-000,global,1.0,0.0,2,-4.02,59318,22868,17,,,,,21
BraTS-GLI-00299-000,global,1.0,0.0,2,-2.0,59310,20717,25,,,,,21
BraTS-GLI-00299-000,global,1.0,0.0,2,0.0,59275,18609,60,,,,,21
BraTS-GLI-00299-000,global,1.0,0.0,2,2.0,59209,16356,126,,,,,21
BraTS-GLI-00299-000,dilate,0.0,0.0,0,-6.0,5024,3343,2109,,,,,21
BraTS-GLI-00299-000,dilate,0.0,0.0,0,-4.02,4954,3202,2179,0,2,0,0,21
BraTS-GLI-00299-000,dilate,0.0,0.0,0,-2.0,4874,3060,2259,,,,,21
BraTS-GLI-00299-000,dilate,0.0,0.0,0,0.0,4819,2907,2314,0,2,0,0,21
BraTS-GLI-00299-000,dilate,0.0,0.0,0,2.0,4758,2769,2375,,,,,21
BraTS-GLI-00299-000,dilate,0.0,0.0,1,-6.0,5309,616,3229,,,,,21
BraTS-GLI-00299-000,dilate,0.0,0.0,1,-4.02,5134,512,3404,,,,,21
BraTS-GLI-00299-000,dilate,0.0,0.0,1,-2.0,4983,424,3555,,,,,21
BraTS-GLI-00299-000,dilate,0.0,0.0,1,0.0,4839,349,3699,,,,,21
BraTS-GLI-00299-000,dilate,0.0,0.0,1,2.0,4679,278,3859,,,,,21
BraTS-GLI-00299-000,dilate,0.0,0.0,2,-6.0,59132,18280,203,,,,,21
BraTS-GLI-00299-000,dilate,0.0,0.0,2,-4.02,59074,16307,261,,,,,21
BraTS-GLI-00299-000,dilate,0.0,0.0,2,-2.0,58991,14293,344,,,,,21
BraTS-GLI-00299-000,dilate,0.0,0.0,2,0.0,58876,12465,459,,,,,21
BraTS-GLI-00299-000,dilate,0.0,0.0,2,2.0,58702,10574,633,,,,,21
BraTS-GLI-00299-000,boost,2.0,0.0,0,-6.0,4737,567,2396,,,,,21
BraTS-GLI-00299-000,boost,2.0,0.0,0,-4.02,4619,467,2514,0,2,0,0,21
BraTS-GLI-00299-000,boost,2.0,0.0,0,-2.0,4487,396,2646,,,,,21
BraTS-GLI-00299-000,boost,2.0,0.0,0,0.0,4375,332,2758,0,2,0,0,21
BraTS-GLI-00299-000,boost,2.0,0.0,0,2.0,4243,259,2890,,,,,21
BraTS-GLI-00299-000,boost,2.0,0.0,1,-6.0,5309,616,3229,,,,,21
BraTS-GLI-00299-000,boost,2.0,0.0,1,-4.02,5134,512,3404,,,,,21
BraTS-GLI-00299-000,boost,2.0,0.0,1,-2.0,4983,424,3555,,,,,21
BraTS-GLI-00299-000,boost,2.0,0.0,1,0.0,4839,349,3699,,,,,21
BraTS-GLI-00299-000,boost,2.0,0.0,1,2.0,4679,278,3859,,,,,21
BraTS-GLI-00299-000,boost,2.0,0.0,2,-6.0,59132,18280,203,,,,,21
BraTS-GLI-00299-000,boost,2.0,0.0,2,-4.02,59074,16307,261,,,,,21
BraTS-GLI-00299-000,boost,2.0,0.0,2,-2.0,58991,14293,344,,,,,21
BraTS-GLI-00299-000,boost,2.0,0.0,2,0.0,58876,12465,459,,,,,21
BraTS-GLI-00299-000,boost,2.0,0.0,2,2.0,58702,10574,633,,,,,21
BraTS-GLI-00299-000,boost,4.0,0.0,0,-6.0,4803,625,2330,,,,,21
BraTS-GLI-00299-000,boost,4.0,0.0,0,-4.02,4679,512,2454,0,2,0,0,21
BraTS-GLI-00299-000,boost,4.0,0.0,0,-2.0,4547,413,2586,,,,,21
BraTS-GLI-00299-000,boost,4.0,0.0,0,0.0,4438,350,2695,0,2,0,0,21
BraTS-GLI-00299-000,boost,4.0,0.0,0,2.0,4319,278,2814,,,,,21
BraTS-GLI-00299-000,boost,4.0,0.0,1,-6.0,5309,616,3229,,,,,21
BraTS-GLI-00299-000,boost,4.0,0.0,1,-4.02,5134,512,3404,,,,,21
BraTS-GLI-00299-000,boost,4.0,0.0,1,-2.0,4983,424,3555,,,,,21
BraTS-GLI-00299-000,boost,4.0,0.0,1,0.0,4839,349,3699,,,,,21
BraTS-GLI-00299-000,boost,4.0,0.0,1,2.0,4679,278,3859,,,,,21
BraTS-GLI-00299-000,boost,4.0,0.0,2,-6.0,59132,18280,203,,,,,21
BraTS-GLI-00299-000,boost,4.0,0.0,2,-4.02,59074,16307,261,,,,,21
BraTS-GLI-00299-000,boost,4.0,0.0,2,-2.0,58991,14293,344,,,,,21
BraTS-GLI-00299-000,boost,4.0,0.0,2,0.0,58876,12465,459,,,,,21
BraTS-GLI-00299-000,boost,4.0,0.0,2,2.0,58702,10574,633,,,,,21
BraTS-GLI-00404-000,none,0.0,0.0,0,-6.0,26043,1794,5549,,,,,116
BraTS-GLI-00404-000,none,0.0,0.0,0,-4.02,24803,1137,6789,11,9,2,0,116
BraTS-GLI-00404-000,none,0.0,0.0,0,-2.0,23482,727,8110,,,,,116
BraTS-GLI-00404-000,none,0.0,0.0,0,0.0,22020,453,9572,0,9,0,0,116
BraTS-GLI-00404-000,none,0.0,0.0,0,2.0,20622,311,10970,,,,,116
BraTS-GLI-00404-000,none,0.0,0.0,1,-6.0,50574,5118,4206,,,,,116
BraTS-GLI-00404-000,none,0.0,0.0,1,-4.02,49864,4466,4916,,,,,116
BraTS-GLI-00404-000,none,0.0,0.0,1,-2.0,49094,3916,5686,,,,,116
BraTS-GLI-00404-000,none,0.0,0.0,1,0.0,48292,3417,6488,,,,,116
BraTS-GLI-00404-000,none,0.0,0.0,1,2.0,47412,2946,7368,,,,,116
BraTS-GLI-00404-000,none,0.0,0.0,2,-6.0,143081,7930,5662,,,,,116
BraTS-GLI-00404-000,none,0.0,0.0,2,-4.02,142260,6827,6483,,,,,116
BraTS-GLI-00404-000,none,0.0,0.0,2,-2.0,141395,5825,7348,,,,,116
BraTS-GLI-00404-000,none,0.0,0.0,2,0.0,140463,4884,8280,,,,,116
BraTS-GLI-00404-000,none,0.0,0.0,2,2.0,139400,3962,9343,,,,,116
BraTS-GLI-00404-000,pspds,0.5,0.0,0,-6.0,26413,1924,5179,,,,,116
BraTS-GLI-00404-000,pspds,0.5,0.0,0,-4.02,25133,1237,6459,17,9,2,0,116
BraTS-GLI-00404-000,pspds,0.5,0.0,0,-2.0,23830,818,7762,,,,,116
BraTS-GLI-00404-000,pspds,0.5,0.0,0,0.0,22366,544,9226,6,9,1,0,116
BraTS-GLI-00404-000,pspds,0.5,0.0,0,2.0,20961,383,10631,,,,,116
BraTS-GLI-00404-000,pspds,0.5,0.0,1,-6.0,51324,6210,3456,,,,,116
BraTS-GLI-00404-000,pspds,0.5,0.0,1,-4.02,50690,5458,4090,,,,,116
BraTS-GLI-00404-000,pspds,0.5,0.0,1,-2.0,50018,4862,4762,,,,,116
BraTS-GLI-00404-000,pspds,0.5,0.0,1,0.0,49277,4307,5503,,,,,116
BraTS-GLI-00404-000,pspds,0.5,0.0,1,2.0,48470,3791,6310,,,,,116
BraTS-GLI-00404-000,pspds,0.5,0.0,2,-6.0,143118,7983,5625,,,,,116
BraTS-GLI-00404-000,pspds,0.5,0.0,2,-4.02,142297,6867,6446,,,,,116
BraTS-GLI-00404-000,pspds,0.5,0.0,2,-2.0,141458,5878,7285,,,,,116
BraTS-GLI-00404-000,pspds,0.5,0.0,2,0.0,140523,4963,8220,,,,,116
BraTS-GLI-00404-000,pspds,0.5,0.0,2,2.0,139493,4042,9250,,,,,116
BraTS-GLI-00404-000,pspds,0.5,1.0,0,-6.0,26217,1862,5375,,,,,116
BraTS-GLI-00404-000,pspds,0.5,1.0,0,-4.02,24970,1186,6622,12,9,2,0,116
BraTS-GLI-00404-000,pspds,0.5,1.0,0,-2.0,23648,782,7944,,,,,116
BraTS-GLI-00404-000,pspds,0.5,1.0,0,0.0,22194,494,9398,1,9,1,0,116
BraTS-GLI-00404-000,pspds,0.5,1.0,0,2.0,20780,340,10812,,,,,116
BraTS-GLI-00404-000,pspds,0.5,1.0,1,-6.0,50951,5637,3829,,,,,116
BraTS-GLI-00404-000,pspds,0.5,1.0,1,-4.02,50290,4928,4490,,,,,116
BraTS-GLI-00404-000,pspds,0.5,1.0,1,-2.0,49572,4344,5208,,,,,116
BraTS-GLI-00404-000,pspds,0.5,1.0,1,0.0,48814,3847,5966,,,,,116
BraTS-GLI-00404-000,pspds,0.5,1.0,1,2.0,47930,3334,6850,,,,,116
BraTS-GLI-00404-000,pspds,0.5,1.0,2,-6.0,143097,7954,5646,,,,,116
BraTS-GLI-00404-000,pspds,0.5,1.0,2,-4.02,142269,6839,6474,,,,,116
BraTS-GLI-00404-000,pspds,0.5,1.0,2,-2.0,141432,5848,7311,,,,,116
BraTS-GLI-00404-000,pspds,0.5,1.0,2,0.0,140491,4929,8252,,,,,116
BraTS-GLI-00404-000,pspds,0.5,1.0,2,2.0,139449,4003,9294,,,,,116
BraTS-GLI-00404-000,pspds,1.0,0.0,0,-6.0,26732,2072,4860,,,,,116
BraTS-GLI-00404-000,pspds,1.0,0.0,0,-4.02,25460,1361,6132,27,9,2,0,116
BraTS-GLI-00404-000,pspds,1.0,0.0,0,-2.0,24150,903,7442,,,,,116
BraTS-GLI-00404-000,pspds,1.0,0.0,0,0.0,22706,614,8886,8,9,1,0,116
BraTS-GLI-00404-000,pspds,1.0,0.0,0,2.0,21275,452,10317,,,,,116
BraTS-GLI-00404-000,pspds,1.0,0.0,1,-6.0,51895,7290,2885,,,,,116
BraTS-GLI-00404-000,pspds,1.0,0.0,1,-4.02,51305,6511,3475,,,,,116
BraTS-GLI-00404-000,pspds,1.0,0.0,1,-2.0,50692,5825,4088,,,,,116
BraTS-GLI-00404-000,pspds,1.0,0.0,1,0.0,50042,5224,4738,,,,,116
BraTS-GLI-00404-000,pspds,1.0,0.0,1,2.0,49253,4690,5527,,,,,116
BraTS-GLI-00404-000,pspds,1.0,0.0,2,-6.0,143147,8039,5596,,,,,116
BraTS-GLI-00404-000,pspds,1.0,0.0,2,-4.02,142341,6900,6402,,,,,116
BraTS-GLI-00404-000,pspds,1.0,0.0,2,-2.0,141516,5948,7227,,,,,116
BraTS-GLI-00404-000,pspds,1.0,0.0,2,0.0,140587,5064,8156,,,,,116
BraTS-GLI-00404-000,pspds,1.0,0.0,2,2.0,139572,4149,9171,,,,,116
BraTS-GLI-00404-000,pspds,1.0,1.0,0,-6.0,26405,1923,5187,,,,,116
BraTS-GLI-00404-000,pspds,1.0,1.0,0,-4.02,25118,1237,6474,17,9,2,0,116
BraTS-GLI-00404-000,pspds,1.0,1.0,0,-2.0,23818,813,7774,,,,,116
BraTS-GLI-00404-000,pspds,1.0,1.0,0,0.0,22352,541,9240,6,9,1,0,116
BraTS-GLI-00404-000,pspds,1.0,1.0,0,2.0,20955,384,10637,,,,,116
BraTS-GLI-00404-000,pspds,1.0,1.0,1,-6.0,51289,6166,3491,,,,,116
BraTS-GLI-00404-000,pspds,1.0,1.0,1,-4.02,50647,5413,4133,,,,,116
BraTS-GLI-00404-000,pspds,1.0,1.0,1,-2.0,49982,4833,4798,,,,,116
BraTS-GLI-00404-000,pspds,1.0,1.0,1,0.0,49219,4271,5561,,,,,116
BraTS-GLI-00404-000,pspds,1.0,1.0,1,2.0,48417,3773,6363,,,,,116
BraTS-GLI-00404-000,pspds,1.0,1.0,2,-6.0,143118,7981,5625,,,,,116
BraTS-GLI-00404-000,pspds,1.0,1.0,2,-4.02,142295,6865,6448,,,,,116
BraTS-GLI-00404-000,pspds,1.0,1.0,2,-2.0,141456,5877,7287,,,,,116
BraTS-GLI-00404-000,pspds,1.0,1.0,2,0.0,140523,4960,8220,,,,,116
BraTS-GLI-00404-000,pspds,1.0,1.0,2,2.0,139489,4040,9254,,,,,116
BraTS-GLI-00404-000,interp,0.5,0.0,0,-6.0,27215,2555,4377,,,,,116
BraTS-GLI-00404-000,interp,0.5,0.0,0,-4.02,25938,1693,5654,36,9,3,2,116
BraTS-GLI-00404-000,interp,0.5,0.0,0,-2.0,24521,1146,7071,,,,,116
BraTS-GLI-00404-000,interp,0.5,0.0,0,0.0,23080,785,8512,11,9,1,1,116
BraTS-GLI-00404-000,interp,0.5,0.0,0,2.0,21564,554,10028,,,,,116
BraTS-GLI-00404-000,interp,0.5,0.0,1,-6.0,53192,12335,1588,,,,,116
BraTS-GLI-00404-000,interp,0.5,0.0,1,-4.02,52833,11217,1947,,,,,116
BraTS-GLI-00404-000,interp,0.5,0.0,1,-2.0,52383,10206,2397,,,,,116
BraTS-GLI-00404-000,interp,0.5,0.0,1,0.0,51847,9281,2933,,,,,116
BraTS-GLI-00404-000,interp,0.5,0.0,1,2.0,51204,8419,3576,,,,,116
BraTS-GLI-00404-000,interp,0.5,0.0,2,-6.0,143916,9436,4827,,,,,116
BraTS-GLI-00404-000,interp,0.5,0.0,2,-4.02,143209,8197,5534,,,,,116
BraTS-GLI-00404-000,interp,0.5,0.0,2,-2.0,142414,7072,6329,,,,,116
BraTS-GLI-00404-000,interp,0.5,0.0,2,0.0,141564,6059,7179,,,,,116
BraTS-GLI-00404-000,interp,0.5,0.0,2,2.0,140588,5081,8155,,,,,116
BraTS-GLI-00404-000,interp,1.0,0.0,0,-6.0,27517,3700,4075,,,,,116
BraTS-GLI-00404-000,interp,1.0,0.0,0,-4.02,26236,2702,5356,45,9,4,2,116
BraTS-GLI-00404-000,interp,1.0,0.0,0,-2.0,24862,2009,6730,,,,,116
BraTS-GLI-00404-000,interp,1.0,0.0,0,0.0,23351,1519,8241,25,9,3,3,116
BraTS-GLI-00404-000,interp,1.0,0.0,0,2.0,21832,1146,9760,,,,,116
BraTS-GLI-00404-000,interp,1.0,0.0,1,-6.0,54525,40355,255,,,,,116
BraTS-GLI-00404-000,interp,1.0,0.0,1,-4.02,54405,38090,375,,,,,116
BraTS-GLI-00404-000,interp,1.0,0.0,1,-2.0,54244,35722,536,,,,,116
BraTS-GLI-00404-000,interp,1.0,0.0,1,0.0,54054,33395,726,,,,,116
BraTS-GLI-00404-000,interp,1.0,0.0,1,2.0,53754,30656,1026,,,,,116
BraTS-GLI-00404-000,interp,1.0,0.0,2,-6.0,144988,13888,3755,,,,,116
BraTS-GLI-00404-000,interp,1.0,0.0,2,-4.02,144380,12222,4363,,,,,116
BraTS-GLI-00404-000,interp,1.0,0.0,2,-2.0,143738,10826,5005,,,,,116
BraTS-GLI-00404-000,interp,1.0,0.0,2,0.0,143011,9478,5732,,,,,116
BraTS-GLI-00404-000,interp,1.0,0.0,2,2.0,142164,8255,6579,,,,,116
BraTS-GLI-00404-000,global,0.5,0.0,0,-6.0,27645,3780,3947,,,,,116
BraTS-GLI-00404-000,global,0.5,0.0,0,-4.02,26367,2735,5225,44,9,4,4,116
BraTS-GLI-00404-000,global,0.5,0.0,0,-2.0,24961,2024,6631,,,,,116
BraTS-GLI-00404-000,global,0.5,0.0,0,0.0,23467,1518,8125,22,9,3,2,116
BraTS-GLI-00404-000,global,0.5,0.0,0,2.0,21905,1133,9687,,,,,116
BraTS-GLI-00404-000,global,0.5,0.0,1,-6.0,54565,37197,215,,,,,116
BraTS-GLI-00404-000,global,0.5,0.0,1,-4.02,54481,34921,299,,,,,116
BraTS-GLI-00404-000,global,0.5,0.0,1,-2.0,54334,32649,446,,,,,116
BraTS-GLI-00404-000,global,0.5,0.0,1,0.0,54155,30255,625,,,,,116
BraTS-GLI-00404-000,global,0.5,0.0,1,2.0,53906,27440,874,,,,,116
BraTS-GLI-00404-000,global,0.5,0.0,2,-6.0,144898,13654,3845,,,,,116
BraTS-GLI-00404-000,global,0.5,0.0,2,-4.02,144296,12089,4447,,,,,116
BraTS-GLI-00404-000,global,0.5,0.0,2,-2.0,143643,10631,5100,,,,,116
BraTS-GLI-00404-000,global,0.5,0.0,2,0.0,142899,9288,5844,,,,,116
BraTS-GLI-00404-000,global,0.5,0.0,2,2.0,142023,8087,6720,,,,,116
BraTS-GLI-00404-000,global,1.0,0.0,0,-6.0,26899,5740,4693,,,,,116
BraTS-GLI-00404-000,global,1.0,0.0,0,-4.02,25475,4415,6117,47,9,4,15,116
BraTS-GLI-00404-000,global,1.0,0.0,0,-2.0,23941,3502,7651,,,,,116
BraTS-GLI-00404-000,global,1.0,0.0,0,0.0,22419,2757,9173,28,9,4,8,116
BraTS-GLI-00404-000,global,1.0,0.0,0,2.0,20916,2170,10676,,,,,116
BraTS-GLI-00404-000,global,1.0,0.0,1,-6.0,54780,87281,0,,,,,116
BraTS-GLI-00404-000,global,1.0,0.0,1,-4.02,54780,83482,0,,,,,116
BraTS-GLI-00404-000,global,1.0,0.0,1,-2.0,54780,79251,0,,,,,116
BraTS-GLI-00404-000,global,1.0,0.0,1,0.0,54780,74671,0,,,,,116
BraTS-GLI-00404-000,global,1.0,0.0,1,2.0,54776,69096,4,,,,,116
BraTS-GLI-00404-000,global,1.0,0.0,2,-6.0,146883,37674,1860,,,,,116
BraTS-GLI-00404-000,global,1.0,0.0,2,-4.02,146531,34718,2212,,,,,116
BraTS-GLI-00404-000,global,1.0,0.0,2,-2.0,146135,31921,2608,,,,,116
BraTS-GLI-00404-000,global,1.0,0.0,2,0.0,145714,29180,3029,,,,,116
BraTS-GLI-00404-000,global,1.0,0.0,2,2.0,145223,26384,3520,,,,,116
BraTS-GLI-00404-000,dilate,0.0,0.0,0,-6.0,30132,19298,1460,,,,,116
BraTS-GLI-00404-000,dilate,0.0,0.0,0,-4.02,29808,17582,1784,40,9,3,0,116
BraTS-GLI-00404-000,dilate,0.0,0.0,0,-2.0,29462,16006,2130,,,,,116
BraTS-GLI-00404-000,dilate,0.0,0.0,0,0.0,29098,14485,2494,0,9,0,0,116
BraTS-GLI-00404-000,dilate,0.0,0.0,0,2.0,28690,13135,2902,,,,,116
BraTS-GLI-00404-000,dilate,0.0,0.0,1,-6.0,50574,5118,4206,,,,,116
BraTS-GLI-00404-000,dilate,0.0,0.0,1,-4.02,49864,4466,4916,,,,,116
BraTS-GLI-00404-000,dilate,0.0,0.0,1,-2.0,49094,3916,5686,,,,,116
BraTS-GLI-00404-000,dilate,0.0,0.0,1,0.0,48292,3417,6488,,,,,116
BraTS-GLI-00404-000,dilate,0.0,0.0,1,2.0,47412,2946,7368,,,,,116
BraTS-GLI-00404-000,dilate,0.0,0.0,2,-6.0,143081,7930,5662,,,,,116
BraTS-GLI-00404-000,dilate,0.0,0.0,2,-4.02,142260,6827,6483,,,,,116
BraTS-GLI-00404-000,dilate,0.0,0.0,2,-2.0,141395,5825,7348,,,,,116
BraTS-GLI-00404-000,dilate,0.0,0.0,2,0.0,140463,4884,8280,,,,,116
BraTS-GLI-00404-000,dilate,0.0,0.0,2,2.0,139400,3962,9343,,,,,116
BraTS-GLI-00404-000,boost,2.0,0.0,0,-6.0,27170,2735,4422,,,,,116
BraTS-GLI-00404-000,boost,2.0,0.0,0,-4.02,26019,1794,5573,16,9,2,0,116
BraTS-GLI-00404-000,boost,2.0,0.0,0,-2.0,24754,1126,6838,,,,,116
BraTS-GLI-00404-000,boost,2.0,0.0,0,0.0,23459,726,8133,2,9,1,0,116
BraTS-GLI-00404-000,boost,2.0,0.0,0,2.0,21997,452,9595,,,,,116
BraTS-GLI-00404-000,boost,2.0,0.0,1,-6.0,50574,5118,4206,,,,,116
BraTS-GLI-00404-000,boost,2.0,0.0,1,-4.02,49864,4466,4916,,,,,116
BraTS-GLI-00404-000,boost,2.0,0.0,1,-2.0,49094,3916,5686,,,,,116
BraTS-GLI-00404-000,boost,2.0,0.0,1,0.0,48292,3417,6488,,,,,116
BraTS-GLI-00404-000,boost,2.0,0.0,1,2.0,47412,2946,7368,,,,,116
BraTS-GLI-00404-000,boost,2.0,0.0,2,-6.0,143081,7930,5662,,,,,116
BraTS-GLI-00404-000,boost,2.0,0.0,2,-4.02,142260,6827,6483,,,,,116
BraTS-GLI-00404-000,boost,2.0,0.0,2,-2.0,141395,5825,7348,,,,,116
BraTS-GLI-00404-000,boost,2.0,0.0,2,0.0,140463,4884,8280,,,,,116
BraTS-GLI-00404-000,boost,2.0,0.0,2,2.0,139400,3962,9343,,,,,116
BraTS-GLI-00404-000,boost,4.0,0.0,0,-6.0,28164,4123,3428,,,,,116
BraTS-GLI-00404-000,boost,4.0,0.0,0,-4.02,27146,2743,4446,25,9,4,0,116
BraTS-GLI-00404-000,boost,4.0,0.0,0,-2.0,25972,1784,5620,,,,,116
BraTS-GLI-00404-000,boost,4.0,0.0,0,0.0,24731,1125,6861,7,9,2,0,116
BraTS-GLI-00404-000,boost,4.0,0.0,0,2.0,23436,725,8156,,,,,116
BraTS-GLI-00404-000,boost,4.0,0.0,1,-6.0,50574,5118,4206,,,,,116
BraTS-GLI-00404-000,boost,4.0,0.0,1,-4.02,49864,4466,4916,,,,,116
BraTS-GLI-00404-000,boost,4.0,0.0,1,-2.0,49094,3916,5686,,,,,116
BraTS-GLI-00404-000,boost,4.0,0.0,1,0.0,48292,3417,6488,,,,,116
BraTS-GLI-00404-000,boost,4.0,0.0,1,2.0,47412,2946,7368,,,,,116
BraTS-GLI-00404-000,boost,4.0,0.0,2,-6.0,143081,7930,5662,,,,,116
BraTS-GLI-00404-000,boost,4.0,0.0,2,-4.02,142260,6827,6483,,,,,116
BraTS-GLI-00404-000,boost,4.0,0.0,2,-2.0,141395,5825,7348,,,,,116
BraTS-GLI-00404-000,boost,4.0,0.0,2,0.0,140463,4884,8280,,,,,116
BraTS-GLI-00404-000,boost,4.0,0.0,2,2.0,139400,3962,9343,,,,,116
BraTS-GLI-00498-001,none,0.0,0.0,0,-6.0,15445,1114,2136,,,,,156
BraTS-GLI-00498-001,none,0.0,0.0,0,-4.02,15246,855,2335,0,0,0,0,156
BraTS-GLI-00498-001,none,0.0,0.0,0,-2.0,15028,655,2553,,,,,156
BraTS-GLI-00498-001,none,0.0,0.0,0,0.0,14814,477,2767,0,0,0,0,156
BraTS-GLI-00498-001,none,0.0,0.0,0,2.0,14577,339,3004,,,,,156
BraTS-GLI-00498-001,none,0.0,0.0,1,-6.0,21630,799,1356,,,,,156
BraTS-GLI-00498-001,none,0.0,0.0,1,-4.02,21411,560,1575,,,,,156
BraTS-GLI-00498-001,none,0.0,0.0,1,-2.0,21175,392,1811,,,,,156
BraTS-GLI-00498-001,none,0.0,0.0,1,0.0,20904,268,2082,,,,,156
BraTS-GLI-00498-001,none,0.0,0.0,1,2.0,20617,170,2369,,,,,156
BraTS-GLI-00498-001,none,0.0,0.0,2,-6.0,102245,7194,221,,,,,156
BraTS-GLI-00498-001,none,0.0,0.0,2,-4.02,102106,5692,360,,,,,156
BraTS-GLI-00498-001,none,0.0,0.0,2,-2.0,101878,4302,588,,,,,156
BraTS-GLI-00498-001,none,0.0,0.0,2,0.0,101511,3151,955,,,,,156
BraTS-GLI-00498-001,none,0.0,0.0,2,2.0,100958,2160,1508,,,,,156
BraTS-GLI-00498-001,pspds,0.5,0.0,0,-6.0,15485,1142,2096,,,,,156
BraTS-GLI-00498-001,pspds,0.5,0.0,0,-4.02,15295,888,2286,0,0,0,0,156
BraTS-GLI-00498-001,pspds,0.5,0.0,0,-2.0,15078,680,2503,,,,,156
BraTS-GLI-00498-001,pspds,0.5,0.0,0,0.0,14861,502,2720,0,0,0,0,156
BraTS-GLI-00498-001,pspds,0.5,0.0,0,2.0,14627,369,2954,,,,,156
BraTS-GLI-00498-001,pspds,0.5,0.0,1,-6.0,21731,857,1255,,,,,156
BraTS-GLI-00498-001,pspds,0.5,0.0,1,-4.02,21485,608,1501,,,,,156
BraTS-GLI-00498-001,pspds,0.5,0.0,1,-2.0,21257,433,1729,,,,,156
BraTS-GLI-00498-001,pspds,0.5,0.0,1,0.0,21027,310,1959,,,,,156
BraTS-GLI-00498-001,pspds,0.5,0.0,1,2.0,20729,201,2257,,,,,156
BraTS-GLI-00498-001,pspds,0.5,0.0,2,-6.0,102253,7255,213,,,,,156
BraTS-GLI-00498-001,pspds,0.5,0.0,2,-4.02,102119,5773,347,,,,,156
BraTS-GLI-00498-001,pspds,0.5,0.0,2,-2.0,101898,4373,568,,,,,156
BraTS-GLI-00498-001,pspds,0.5,0.0,2,0.0,101549,3207,917,,,,,156
BraTS-GLI-00498-001,pspds,0.5,0.0,2,2.0,101004,2213,1462,,,,,156
BraTS-GLI-00498-001,pspds,0.5,1.0,0,-6.0,15462,1123,2119,,,,,156
BraTS-GLI-00498-001,pspds,0.5,1.0,0,-4.02,15264,872,2317,0,0,0,0,156
BraTS-GLI-00498-001,pspds,0.5,1.0,0,-2.0,15051,666,2530,,,,,156
BraTS-GLI-00498-001,pspds,0.5,1.0,0,0.0,14835,487,2746,0,0,0,0,156
BraTS-GLI-00498-001,pspds,0.5,1.0,0,2.0,14593,351,2988,,,,,156
BraTS-GLI-00498-001,pspds,0.5,1.0,1,-6.0,21670,825,1316,,,,,156
BraTS-GLI-00498-001,pspds,0.5,1.0,1,-4.02,21442,586,1544,,,,,156
BraTS-GLI-00498-001,pspds,0.5,1.0,1,-2.0,21202,410,1784,,,,,156
BraTS-GLI-00498-001,pspds,0.5,1.0,1,0.0,20949,286,2037,,,,,156
BraTS-GLI-00498-001,pspds,0.5,1.0,1,2.0,20661,183,2325,,,,,156
BraTS-GLI-00498-001,pspds,0.5,1.0,2,-6.0,102250,7224,216,,,,,156
BraTS-GLI-00498-001,pspds,0.5,1.0,2,-4.02,102112,5721,354,,,,,156
BraTS-GLI-00498-001,pspds,0.5,1.0,2,-2.0,101884,4329,582,,,,,156
BraTS-GLI-00498-001,pspds,0.5,1.0,2,0.0,101525,3180,941,,,,,156
BraTS-GLI-00498-001,pspds,0.5,1.0,2,2.0,100974,2173,1492,,,,,156
BraTS-GLI-00498-001,pspds,1.0,0.0,0,-6.0,15517,1178,2064,,,,,156
BraTS-GLI-00498-001,pspds,1.0,0.0,0,-4.02,15323,922,2258,0,0,0,0,156
BraTS-GLI-00498-001,pspds,1.0,0.0,0,-2.0,15123,701,2458,,,,,156
BraTS-GLI-00498-001,pspds,1.0,0.0,0,0.0,14905,535,2676,0,0,0,0,156
BraTS-GLI-00498-001,pspds,1.0,0.0,0,2.0,14675,385,2906,,,,,156
BraTS-GLI-00498-001,pspds,1.0,0.0,1,-6.0,21801,917,1185,,,,,156
BraTS-GLI-00498-001,pspds,1.0,0.0,1,-4.02,21572,675,1414,,,,,156
BraTS-GLI-00498-001,pspds,1.0,0.0,1,-2.0,21344,475,1642,,,,,156
BraTS-GLI-00498-001,pspds,1.0,0.0,1,0.0,21109,349,1877,,,,,156
BraTS-GLI-00498-001,pspds,1.0,0.0,1,2.0,20828,235,2158,,,,,156
BraTS-GLI-00498-001,pspds,1.0,0.0,2,-6.0,102259,7342,207,,,,,156
BraTS-GLI-00498-001,pspds,1.0,0.0,2,-4.02,102124,5860,342,,,,,156
BraTS-GLI-00498-001,pspds,1.0,0.0,2,-2.0,101915,4460,551,,,,,156
BraTS-GLI-00498-001,pspds,1.0,0.0,2,0.0,101581,3274,885,,,,,156
BraTS-GLI-00498-001,pspds,1.0,0.0,2,2.0,101042,2274,1424,,,,,156
BraTS-GLI-00498-001,pspds,1.0,1.0,0,-6.0,15479,1137,2102,,,,,156
BraTS-GLI-00498-001,pspds,1.0,1.0,0,-4.02,15285,881,2296,0,0,0,0,156
BraTS-GLI-00498-001,pspds,1.0,1.0,0,-2.0,15066,678,2515,,,,,156
BraTS-GLI-00498-001,pspds,1.0,1.0,0,0.0,14853,497,2728,0,0,0,0,156
BraTS-GLI-00498-001,pspds,1.0,1.0,0,2.0,14620,368,2961,,,,,156
BraTS-GLI-00498-001,pspds,1.0,1.0,1,-6.0,21709,849,1277,,,,,156
BraTS-GLI-00498-001,pspds,1.0,1.0,1,-4.02,21468,594,1518,,,,,156
BraTS-GLI-00498-001,pspds,1.0,1.0,1,-2.0,21240,421,1746,,,,,156
BraTS-GLI-00498-001,pspds,1.0,1.0,1,0.0,21005,301,1981,,,,,156
BraTS-GLI-00498-001,pspds,1.0,1.0,1,2.0,20705,198,2281,,,,,156
BraTS-GLI-00498-001,pspds,1.0,1.0,2,-6.0,102253,7248,213,,,,,156
BraTS-GLI-00498-001,pspds,1.0,1.0,2,-4.02,102119,5761,347,,,,,156
BraTS-GLI-00498-001,pspds,1.0,1.0,2,-2.0,101894,4363,572,,,,,156
BraTS-GLI-00498-001,pspds,1.0,1.0,2,0.0,101546,3201,920,,,,,156
BraTS-GLI-00498-001,pspds,1.0,1.0,2,2.0,100998,2202,1468,,,,,156
BraTS-GLI-00498-001,interp,0.5,0.0,0,-6.0,15657,1392,1924,,,,,156
BraTS-GLI-00498-001,interp,0.5,0.0,0,-4.02,15472,1095,2109,0,0,0,1,156
BraTS-GLI-00498-001,interp,0.5,0.0,0,-2.0,15272,846,2309,,,,,156
BraTS-GLI-00498-001,interp,0.5,0.0,0,0.0,15039,643,2542,0,0,0,0,156
BraTS-GLI-00498-001,interp,0.5,0.0,0,2.0,14826,472,2755,,,,,156
BraTS-GLI-00498-001,interp,0.5,0.0,1,-6.0,21982,1228,1004,,,,,156
BraTS-GLI-00498-001,interp,0.5,0.0,1,-4.02,21797,921,1189,,,,,156
BraTS-GLI-00498-001,interp,0.5,0.0,1,-2.0,21608,669,1378,,,,,156
BraTS-GLI-00498-001,interp,0.5,0.0,1,0.0,21355,480,1631,,,,,156
BraTS-GLI-00498-001,interp,0.5,0.0,1,2.0,21096,340,1890,,,,,156
BraTS-GLI-00498-001,interp,0.5,0.0,2,-6.0,102324,8388,142,,,,,156
BraTS-GLI-00498-001,interp,0.5,0.0,2,-4.02,102223,6887,243,,,,,156
BraTS-GLI-00498-001,interp,0.5,0.0,2,-2.0,102056,5387,410,,,,,156
BraTS-GLI-00498-001,interp,0.5,0.0,2,0.0,101795,4060,671,,,,,156
BraTS-GLI-00498-001,interp,0.5,0.0,2,2.0,101382,2896,1084,,,,,156
BraTS-GLI-00498-001,interp,1.0,0.0,0,-6.0,15818,2074,1763,,,,,156
BraTS-GLI-00498-001,interp,1.0,0.0,0,-4.02,15657,1663,1924,0,0,0,2,156
BraTS-GLI-00498-001,interp,1.0,0.0,0,-2.0,15472,1321,2109,,,,,156
BraTS-GLI-00498-001,interp,1.0,0.0,0,0.0,15269,1039,2312,0,0,0,2,156
BraTS-GLI-00498-001,interp,1.0,0.0,0,2.0,15050,788,2531,,,,,156
BraTS-GLI-00498-001,interp,1.0,0.0,1,-6.0,22300,2246,686,,,,,156
BraTS-GLI-00498-001,interp,1.0,0.0,1,-4.02,22166,1836,820,,,,,156
BraTS-GLI-00498-001,interp,1.0,0.0,1,-2.0,21998,1415,988,,,,,156
BraTS-GLI-00498-001,interp,1.0,0.0,1,0.0,21799,1096,1187,,,,,156
BraTS-GLI-00498-001,interp,1.0,0.0,1,2.0,21590,829,1396,,,,,156
BraTS-GLI-00498-001,interp,1.0,0.0,2,-6.0,102370,10030,96,,,,,156
BraTS-GLI-00498-001,interp,1.0,0.0,2,-4.02,102278,8335,188,,,,,156
BraTS-GLI-00498-001,interp,1.0,0.0,2,-2.0,102135,6788,331,,,,,156
BraTS-GLI-00498-001,interp,1.0,0.0,2,0.0,101938,5309,528,,,,,156
BraTS-GLI-00498-001,interp,1.0,0.0,2,2.0,101609,4055,857,,,,,156
BraTS-GLI-00498-001,global,0.5,0.0,0,-6.0,15828,1686,1753,,,,,156
BraTS-GLI-00498-001,global,0.5,0.0,0,-4.02,15650,1328,1931,0,0,0,1,156
BraTS-GLI-00498-001,global,0.5,0.0,0,-2.0,15464,1033,2117,,,,,156
BraTS-GLI-00498-001,global,0.5,0.0,0,0.0,15233,798,2348,0,0,0,1,156
BraTS-GLI-00498-001,global,0.5,0.0,0,2.0,14996,592,2585,,,,,156
BraTS-GLI-00498-001,global,0.5,0.0,1,-6.0,22327,1668,659,,,,,156
BraTS-GLI-00498-001,global,0.5,0.0,1,-4.02,22184,1337,802,,,,,156
BraTS-GLI-00498-001,global,0.5,0.0,1,-2.0,22008,1018,978,,,,,156
BraTS-GLI-00498-001,global,0.5,0.0,1,0.0,21800,765,1186,,,,,156
BraTS-GLI-00498-001,global,0.5,0.0,1,2.0,21539,551,1447,,,,,156
BraTS-GLI-00498-001,global,0.5,0.0,2,-6.0,102355,9307,111,,,,,156
BraTS-GLI-00498-001,global,0.5,0.0,2,-4.02,102265,7674,201,,,,,156
BraTS-GLI-00498-001,global,0.5,0.0,2,-2.0,102122,6121,344,,,,,156
BraTS-GLI-00498-001,global,0.5,0.0,2,0.0,101905,4657,561,,,,,156
BraTS-GLI-00498-001,global,0.5,0.0,2,2.0,101539,3368,927,,,,,156
BraTS-GLI-00498-001,global,1.0,0.0,0,-6.0,15975,3554,1606,,,,,156
BraTS-GLI-00498-001,global,1.0,0.0,0,-4.02,15783,2919,1798,0,0,0,5,156
BraTS-GLI-00498-001,global,1.0,0.0,0,-2.0,15583,2416,1998,,,,,156
BraTS-GLI-00498-001,global,1.0,0.0,0,0.0,15381,1957,2200,0,0,0,4,156
BraTS-GLI-00498-001,global,1.0,0.0,0,2.0,15137,1522,2444,,,,,156
BraTS-GLI-00498-001,global,1.0,0.0,1,-6.0,22877,28794,109,,,,,156
BraTS-GLI-00498-001,global,1.0,0.0,1,-4.02,22834,25529,152,,,,,156
BraTS-GLI-00498-001,global,1.0,0.0,1,-2.0,22760,22255,226,,,,,156
BraTS-GLI-00498-001,global,1.0,0.0,1,0.0,22687,18914,299,,,,,156
BraTS-GLI-00498-001,global,1.0,0.0,1,2.0,22595,15474,391,,,,,156
BraTS-GLI-00498-001,global,1.0,0.0,2,-6.0,102412,13734,54,,,,,156
BraTS-GLI-00498-001,global,1.0,0.0,2,-4.02,102362,12033,104,,,,,156
BraTS-GLI-00498-001,global,1.0,0.0,2,-2.0,102243,10354,223,,,,,156
BraTS-GLI-00498-001,global,1.0,0.0,2,0.0,102096,8847,370,,,,,156
BraTS-GLI-00498-001,global,1.0,0.0,2,2.0,101856,7368,610,,,,,156
BraTS-GLI-00498-001,dilate,0.0,0.0,0,-6.0,16657,7843,924,,,,,156
BraTS-GLI-00498-001,dilate,0.0,0.0,0,-4.02,16585,7479,996,0,0,0,0,156
BraTS-GLI-00498-001,dilate,0.0,0.0,0,-2.0,16524,7115,1057,,,,,156
BraTS-GLI-00498-001,dilate,0.0,0.0,0,0.0,16461,6758,1120,0,0,0,0,156
BraTS-GLI-00498-001,dilate,0.0,0.0,0,2.0,16389,6428,1192,,,,,156
BraTS-GLI-00498-001,dilate,0.0,0.0,1,-6.0,21630,799,1356,,,,,156
BraTS-GLI-00498-001,dilate,0.0,0.0,1,-4.02,21411,560,1575,,,,,156
BraTS-GLI-00498-001,dilate,0.0,0.0,1,-2.0,21175,392,1811,,,,,156
BraTS-GLI-00498-001,dilate,0.0,0.0,1,0.0,20904,268,2082,,,,,156
BraTS-GLI-00498-001,dilate,0.0,0.0,1,2.0,20617,170,2369,,,,,156
BraTS-GLI-00498-001,dilate,0.0,0.0,2,-6.0,102245,7194,221,,,,,156
BraTS-GLI-00498-001,dilate,0.0,0.0,2,-4.02,102106,5692,360,,,,,156
BraTS-GLI-00498-001,dilate,0.0,0.0,2,-2.0,101878,4302,588,,,,,156
BraTS-GLI-00498-001,dilate,0.0,0.0,2,0.0,101511,3151,955,,,,,156
BraTS-GLI-00498-001,dilate,0.0,0.0,2,2.0,100958,2160,1508,,,,,156
BraTS-GLI-00498-001,boost,2.0,0.0,0,-6.0,15601,1351,1980,,,,,156
BraTS-GLI-00498-001,boost,2.0,0.0,0,-4.02,15428,1079,2153,0,0,0,0,156
BraTS-GLI-00498-001,boost,2.0,0.0,0,-2.0,15229,832,2352,,,,,156
BraTS-GLI-00498-001,boost,2.0,0.0,0,0.0,15007,629,2574,0,0,0,0,156
BraTS-GLI-00498-001,boost,2.0,0.0,0,2.0,14789,463,2792,,,,,156
BraTS-GLI-00498-001,boost,2.0,0.0,1,-6.0,21630,799,1356,,,,,156
BraTS-GLI-00498-001,boost,2.0,0.0,1,-4.02,21411,560,1575,,,,,156
BraTS-GLI-00498-001,boost,2.0,0.0,1,-2.0,21175,392,1811,,,,,156
BraTS-GLI-00498-001,boost,2.0,0.0,1,0.0,20904,268,2082,,,,,156
BraTS-GLI-00498-001,boost,2.0,0.0,1,2.0,20617,170,2369,,,,,156
BraTS-GLI-00498-001,boost,2.0,0.0,2,-6.0,102245,7194,221,,,,,156
BraTS-GLI-00498-001,boost,2.0,0.0,2,-4.02,102106,5692,360,,,,,156
BraTS-GLI-00498-001,boost,2.0,0.0,2,-2.0,101878,4302,588,,,,,156
BraTS-GLI-00498-001,boost,2.0,0.0,2,0.0,101511,3151,955,,,,,156
BraTS-GLI-00498-001,boost,2.0,0.0,2,2.0,100958,2160,1508,,,,,156
BraTS-GLI-00498-001,boost,4.0,0.0,0,-6.0,15735,1611,1846,,,,,156
BraTS-GLI-00498-001,boost,4.0,0.0,0,-4.02,15583,1315,1998,0,0,0,0,156
BraTS-GLI-00498-001,boost,4.0,0.0,0,-2.0,15411,1055,2170,,,,,156
BraTS-GLI-00498-001,boost,4.0,0.0,0,0.0,15208,806,2373,0,0,0,0,156
BraTS-GLI-00498-001,boost,4.0,0.0,0,2.0,14982,615,2599,,,,,156
BraTS-GLI-00498-001,boost,4.0,0.0,1,-6.0,21630,799,1356,,,,,156
BraTS-GLI-00498-001,boost,4.0,0.0,1,-4.02,21411,560,1575,,,,,156
BraTS-GLI-00498-001,boost,4.0,0.0,1,-2.0,21175,392,1811,,,,,156
BraTS-GLI-00498-001,boost,4.0,0.0,1,0.0,20904,268,2082,,,,,156
BraTS-GLI-00498-001,boost,4.0,0.0,1,2.0,20617,170,2369,,,,,156
BraTS-GLI-00498-001,boost,4.0,0.0,2,-6.0,102245,7194,221,,,,,156
BraTS-GLI-00498-001,boost,4.0,0.0,2,-4.02,102106,5692,360,,,,,156
BraTS-GLI-00498-001,boost,4.0,0.0,2,-2.0,101878,4302,588,,,,,156
BraTS-GLI-00498-001,boost,4.0,0.0,2,0.0,101511,3151,955,,,,,156
BraTS-GLI-00498-001,boost,4.0,0.0,2,2.0,100958,2160,1508,,,,,156
BraTS-GLI-01139-000,none,0.0,0.0,0,-6.0,50566,10554,1560,,,,,487
BraTS-GLI-01139-000,none,0.0,0.0,0,-4.02,50370,9180,1756,0,0,0,0,487
BraTS-GLI-01139-000,none,0.0,0.0,0,-2.0,50142,7848,1984,,,,,487
BraTS-GLI-01139-000,none,0.0,0.0,0,0.0,49873,6632,2253,0,0,0,0,487
BraTS-GLI-01139-000,none,0.0,0.0,0,2.0,49535,5440,2591,,,,,487
BraTS-GLI-01139-000,none,0.0,0.0,1,-6.0,80500,2477,3854,,,,,487
BraTS-GLI-01139-000,none,0.0,0.0,1,-4.02,80114,2138,4240,,,,,487
BraTS-GLI-01139-000,none,0.0,0.0,1,-2.0,79659,1791,4695,,,,,487
BraTS-GLI-01139-000,none,0.0,0.0,1,0.0,79207,1510,5147,,,,,487
BraTS-GLI-01139-000,none,0.0,0.0,1,2.0,78652,1258,5702,,,,,487
BraTS-GLI-01139-000,none,0.0,0.0,2,-6.0,126744,3788,11307,,,,,487
BraTS-GLI-01139-000,none,0.0,0.0,2,-4.02,125158,2880,12893,,,,,487
BraTS-GLI-01139-000,none,0.0,0.0,2,-2.0,123351,2109,14700,,,,,487
BraTS-GLI-01139-000,none,0.0,0.0,2,0.0,121452,1531,16599,,,,,487
BraTS-GLI-01139-000,none,0.0,0.0,2,2.0,119386,1058,18665,,,,,487
BraTS-GLI-01139-000,pspds,0.5,0.0,0,-6.0,50639,10633,1487,,,,,487
BraTS-GLI-01139-000,pspds,0.5,0.0,0,-4.02,50453,9286,1673,0,0,0,0,487
BraTS-GLI-01139-000,pspds,0.5,0.0,0,-2.0,50239,7959,1887,,,,,487
BraTS-GLI-01139-000,pspds,0.5,0.0,0,0.0,49981,6736,2145,0,0,0,0,487
BraTS-GLI-01139-000,pspds,0.5,0.0,0,2.0,49649,5572,2477,,,,,487
BraTS-GLI-01139-000,pspds,0.5,0.0,1,-6.0,80641,2583,3713,,,,,487
BraTS-GLI-01139-000,pspds,0.5,0.0,1,-4.02,80238,2238,4116,,,,,487
BraTS-GLI-01139-000,pspds,0.5,0.0,1,-2.0,79804,1876,4550,,,,,487
BraTS-GLI-01139-000,pspds,0.5,0.0,1,0.0,79371,1596,4983,,,,,487
BraTS-GLI-01139-000,pspds,0.5,0.0,1,2.0,78862,1343,5492,,,,,487
BraTS-GLI-01139-000,pspds,0.5,0.0,2,-6.0,127054,4062,10997,,,,,487
BraTS-GLI-01139-000,pspds,0.5,0.0,2,-4.02,125491,3097,12560,,,,,487
BraTS-GLI-01139-000,pspds,0.5,0.0,2,-2.0,123739,2290,14312,,,,,487
BraTS-GLI-01139-000,pspds,0.5,0.0,2,0.0,121896,1691,16155,,,,,487
BraTS-GLI-01139-000,pspds,0.5,0.0,2,2.0,119844,1192,18207,,,,,487
BraTS-GLI-01139-000,pspds,0.5,1.0,0,-6.0,50596,10579,1530,,,,,487
BraTS-GLI-01139-000,pspds,0.5,1.0,0,-4.02,50408,9217,1718,0,0,0,0,487
BraTS-GLI-01139-000,pspds,0.5,1.0,0,-2.0,50191,7899,1935,,,,,487
BraTS-GLI-01139-000,pspds,0.5,1.0,0,0.0,49919,6683,2207,0,0,0,0,487
BraTS-GLI-01139-000,pspds,0.5,1.0,0,2.0,49585,5493,2541,,,,,487
BraTS-GLI-01139-000,pspds,0.5,1.0,1,-6.0,80560,2524,3794,,,,,487
BraTS-GLI-01139-000,pspds,0.5,1.0,1,-4.02,80167,2171,4187,,,,,487
BraTS-GLI-01139-000,pspds,0.5,1.0,1,-2.0,79721,1827,4633,,,,,487
BraTS-GLI-01139-000,pspds,0.5,1.0,1,0.0,79280,1548,5074,,,,,487
BraTS-GLI-01139-000,pspds,0.5,1.0,1,2.0,78751,1293,5603,,,,,487
BraTS-GLI-01139-000,pspds,0.5,1.0,2,-6.0,126897,3902,11154,,,,,487
BraTS-GLI-01139-000,pspds,0.5,1.0,2,-4.02,125298,2978,12753,,,,,487
BraTS-GLI-01139-000,pspds,0.5,1.0,2,-2.0,123512,2188,14539,,,,,487
BraTS-GLI-01139-000,pspds,0.5,1.0,2,0.0,121636,1603,16415,,,,,487
BraTS-GLI-01139-000,pspds,0.5,1.0,2,2.0,119582,1118,18469,,,,,487
BraTS-GLI-01139-000,pspds,1.0,0.0,0,-6.0,50691,10733,1435,,,,,487
BraTS-GLI-01139-000,pspds,1.0,0.0,0,-4.02,50520,9369,1606,0,0,0,0,487
BraTS-GLI-01139-000,pspds,1.0,0.0,0,-2.0,50307,8050,1819,,,,,487
BraTS-GLI-01139-000,pspds,1.0,0.0,0,0.0,50069,6826,2057,0,0,0,0,487
BraTS-GLI-01139-000,pspds,1.0,0.0,0,2.0,49746,5676,2380,,,,,487
BraTS-GLI-01139-000,pspds,1.0,0.0,1,-6.0,80767,2678,3587,,,,,487
BraTS-GLI-01139-000,pspds,1.0,0.0,1,-4.02,80368,2308,3986,,,,,487
BraTS-GLI-01139-000,pspds,1.0,0.0,1,-2.0,79941,1962,4413,,,,,487
BraTS-GLI-01139-000,pspds,1.0,0.0,1,0.0,79525,1671,4829,,,,,487
BraTS-GLI-01139-000,pspds,1.0,0.0,1,2.0,79015,1408,5339,,,,,487
BraTS-GLI-01139-000,pspds,1.0,0.0,2,-6.0,127311,4294,10740,,,,,487
BraTS-GLI-01139-000,pspds,1.0,0.0,2,-4.02,125768,3317,12283,,,,,487
BraTS-GLI-01139-000,pspds,1.0,0.0,2,-2.0,124048,2481,14003,,,,,487
BraTS-GLI-01139-000,pspds,1.0,0.0,2,0.0,122265,1848,15786,,,,,487
BraTS-GLI-01139-000,pspds,1.0,0.0,2,2.0,120241,1336,17810,,,,,487
BraTS-GLI-01139-000,pspds,1.0,1.0,0,-6.0,50628,10613,1498,,,,,487
BraTS-GLI-01139-000,pspds,1.0,1.0,0,-4.02,50445,9263,1681,0,0,0,0,487
BraTS-GLI-01139-000,pspds,1.0,1.0,0,-2.0,50226,7942,1900,,,,,487
BraTS-GLI-01139-000,pspds,1.0,1.0,0,0.0,49962,6721,2164,0,0,0,0,487
BraTS-GLI-01139-000,pspds,1.0,1.0,0,2.0,49638,5552,2488,,,,,487
BraTS-GLI-01139-000,pspds,1.0,1.0,1,-6.0,80630,2562,3724,,,,,487
BraTS-GLI-01139-000,pspds,1.0,1.0,1,-4.02,80219,2223,4135,,,,,487
BraTS-GLI-01139-000,pspds,1.0,1.0,1,-2.0,79785,1860,4569,,,,,487
BraTS-GLI-01139-000,pspds,1.0,1.0,1,0.0,79362,1585,4992,,,,,487
BraTS-GLI-01139-000,pspds,1.0,1.0,1,2.0,78833,1335,5521,,,,,487
BraTS-GLI-01139-000,pspds,1.0,1.0,2,-6.0,127010,4022,11041,,,,,487
BraTS-GLI-01139-000,pspds,1.0,1.0,2,-4.02,125438,3062,12613,,,,,487
BraTS-GLI-01139-000,pspds,1.0,1.0,2,-2.0,123673,2263,14378,,,,,487
BraTS-GLI-01139-000,pspds,1.0,1.0,2,0.0,121837,1673,16214,,,,,487
BraTS-GLI-01139-000,pspds,1.0,1.0,2,2.0,119776,1170,18275,,,,,487
BraTS-GLI-01139-000,interp,0.5,0.0,0,-6.0,51030,11908,1096,,,,,487
BraTS-GLI-01139-000,interp,0.5,0.0,0,-4.02,50869,10477,1257,0,0,0,0,487
BraTS-GLI-01139-000,interp,0.5,0.0,0,-2.0,50698,9055,1428,,,,,487
BraTS-GLI-01139-000,interp,0.5,0.0,0,0.0,50456,7726,1670,0,0,0,0,487
BraTS-GLI-01139-000,interp,0.5,0.0,0,2.0,50183,6437,1943,,,,,487
BraTS-GLI-01139-000,interp,0.5,0.0,1,-6.0,81432,3466,2922,,,,,487
BraTS-GLI-01139-000,interp,0.5,0.0,1,-4.02,81079,3006,3275,,,,,487
BraTS-GLI-01139-000,interp,0.5,0.0,1,-2.0,80693,2566,3661,,,,,487
BraTS-GLI-01139-000,interp,0.5,0.0,1,0.0,80243,2184,4111,,,,,487
BraTS-GLI-01139-000,interp,0.5,0.0,1,2.0,79766,1857,4588,,,,,487
BraTS-GLI-01139-000,interp,0.5,0.0,2,-6.0,130525,9295,7526,,,,,487
BraTS-GLI-01139-000,interp,0.5,0.0,2,-4.02,129322,7467,8729,,,,,487
BraTS-GLI-01139-000,interp,0.5,0.0,2,-2.0,127922,5822,10129,,,,,487
BraTS-GLI-01139-000,interp,0.5,0.0,2,0.0,126328,4564,11723,,,,,487
BraTS-GLI-01139-000,interp,0.5,0.0,2,2.0,124424,3387,13627,,,,,487
BraTS-GLI-01139-000,interp,1.0,0.0,0,-6.0,51312,13982,814,,,,,487
BraTS-GLI-01139-000,interp,1.0,0.0,0,-4.02,51231,12338,895,0,0,0,1,487
BraTS-GLI-01139-000,interp,1.0,0.0,0,-2.0,51106,10795,1020,,,,,487
BraTS-GLI-01139-000,interp,1.0,0.0,0,0.0,50937,9350,1189,0,0,0,0,487
BraTS-GLI-01139-000,interp,1.0,0.0,0,2.0,50726,7889,1400,,,,,487
BraTS-GLI-01139-000,interp,1.0,0.0,1,-6.0,82332,6720,2022,,,,,487
BraTS-GLI-01139-000,interp,1.0,0.0,1,-4.02,82025,5853,2329,,,,,487
BraTS-GLI-01139-000,interp,1.0,0.0,1,-2.0,81704,5091,2650,,,,,487
BraTS-GLI-01139-000,interp,1.0,0.0,1,0.0,81335,4295,3019,,,,,487
BraTS-GLI-01139-000,interp,1.0,0.0,1,2.0,80914,3492,3440,,,,,487
BraTS-GLI-01139-000,interp,1.0,0.0,2,-6.0,133451,22813,4600,,,,,487
BraTS-GLI-01139-000,interp,1.0,0.0,2,-4.02,132618,19199,5433,,,,,487
BraTS-GLI-01139-000,interp,1.0,0.0,2,-2.0,131616,15903,6435,,,,,487
BraTS-GLI-01139-000,interp,1.0,0.0,2,0.0,130386,12898,7665,,,,,487
BraTS-GLI-01139-000,interp,1.0,0.0,2,2.0,128933,10178,9118,,,,,487
BraTS-GLI-01139-000,global,0.5,0.0,0,-6.0,51190,12869,936,,,,,487
BraTS-GLI-01139-000,global,0.5,0.0,0,-4.02,51088,11293,1038,0,0,0,0,487
BraTS-GLI-01139-000,global,0.5,0.0,0,-2.0,50924,9771,1202,,,,,487
BraTS-GLI-01139-000,global,0.5,0.0,0,0.0,50745,8354,1381,0,0,0,0,487
BraTS-GLI-01139-000,global,0.5,0.0,0,2.0,50487,6958,1639,,,,,487
BraTS-GLI-01139-000,global,0.5,0.0,1,-6.0,82041,5162,2313,,,,,487
BraTS-GLI-01139-000,global,0.5,0.0,1,-4.02,81714,4445,2640,,,,,487
BraTS-GLI-01139-000,global,0.5,0.0,1,-2.0,81362,3803,2992,,,,,487
BraTS-GLI-01139-000,global,0.5,0.0,1,0.0,80973,3190,3381,,,,,487
BraTS-GLI-01139-000,global,0.5,0.0,1,2.0,80535,2610,3819,,,,,487
BraTS-GLI-01139-000,global,0.5,0.0,2,-6.0,131979,15579,6072,,,,,487
BraTS-GLI-01139-000,global,0.5,0.0,2,-4.02,130916,12814,7135,,,,,487
BraTS-GLI-01139-000,global,0.5,0.0,2,-2.0,129713,10383,8338,,,,,487
BraTS-GLI-01139-000,global,0.5,0.0,2,0.0,128310,8199,9741,,,,,487
BraTS-GLI-01139-000,global,0.5,0.0,2,2.0,126498,6429,11553,,,,,487
BraTS-GLI-01139-000,global,1.0,0.0,0,-6.0,51606,19035,520,,,,,487
BraTS-GLI-01139-000,global,1.0,0.0,0,-4.02,51525,16409,601,0,0,0,29,487
BraTS-GLI-01139-000,global,1.0,0.0,0,-2.0,51429,13936,697,,,,,487
BraTS-GLI-01139-000,global,1.0,0.0,0,0.0,51293,11809,833,0,0,0,21,487
BraTS-GLI-01139-000,global,1.0,0.0,0,2.0,51111,9764,1015,,,,,487
BraTS-GLI-01139-000,global,1.0,0.0,1,-6.0,83387,56692,967,,,,,487
BraTS-GLI-01139-000,global,1.0,0.0,1,-4.02,83252,50277,1102,,,,,487
BraTS-GLI-01139-000,global,1.0,0.0,1,-2.0,83066,43606,1288,,,,,487
BraTS-GLI-01139-000,global,1.0,0.0,1,0.0,82796,36636,1558,,,,,487
BraTS-GLI-01139-000,global,1.0,0.0,1,2.0,82464,29430,1890,,,,,487
BraTS-GLI-01139-000,global,1.0,0.0,2,-6.0,135630,84015,2421,,,,,487
BraTS-GLI-01139-000,global,1.0,0.0,2,-4.02,135232,75987,2819,,,,,487
BraTS-GLI-01139-000,global,1.0,0.0,2,-2.0,134733,67701,3318,,,,,487
BraTS-GLI-01139-000,global,1.0,0.0,2,0.0,134109,59831,3942,,,,,487
BraTS-GLI-01139-000,global,1.0,0.0,2,2.0,133391,52449,4660,,,,,487
BraTS-GLI-01139-000,dilate,0.0,0.0,0,-6.0,51914,39317,212,,,,,487
BraTS-GLI-01139-000,dilate,0.0,0.0,0,-4.02,51897,38090,229,0,0,0,0,487
BraTS-GLI-01139-000,dilate,0.0,0.0,0,-2.0,51883,36793,243,,,,,487
BraTS-GLI-01139-000,dilate,0.0,0.0,0,0.0,51857,35567,269,0,0,0,0,487
BraTS-GLI-01139-000,dilate,0.0,0.0,0,2.0,51849,34291,277,,,,,487
BraTS-GLI-01139-000,dilate,0.0,0.0,1,-6.0,80500,2477,3854,,,,,487
BraTS-GLI-01139-000,dilate,0.0,0.0,1,-4.02,80114,2138,4240,,,,,487
BraTS-GLI-01139-000,dilate,0.0,0.0,1,-2.0,79659,1791,4695,,,,,487
BraTS-GLI-01139-000,dilate,0.0,0.0,1,0.0,79207,1510,5147,,,,,487
BraTS-GLI-01139-000,dilate,0.0,0.0,1,2.0,78652,1258,5702,,,,,487
BraTS-GLI-01139-000,dilate,0.0,0.0,2,-6.0,126744,3788,11307,,,,,487
BraTS-GLI-01139-000,dilate,0.0,0.0,2,-4.02,125158,2880,12893,,,,,487
BraTS-GLI-01139-000,dilate,0.0,0.0,2,-2.0,123351,2109,14700,,,,,487
BraTS-GLI-01139-000,dilate,0.0,0.0,2,0.0,121452,1531,16599,,,,,487
BraTS-GLI-01139-000,dilate,0.0,0.0,2,2.0,119386,1058,18665,,,,,487
BraTS-GLI-01139-000,boost,2.0,0.0,0,-6.0,50754,12025,1372,,,,,487
BraTS-GLI-01139-000,boost,2.0,0.0,0,-4.02,50567,10566,1559,0,0,0,0,487
BraTS-GLI-01139-000,boost,2.0,0.0,0,-2.0,50368,9166,1758,,,,,487
BraTS-GLI-01139-000,boost,2.0,0.0,0,0.0,50141,7847,1985,0,0,0,0,487
BraTS-GLI-01139-000,boost,2.0,0.0,0,2.0,49872,6632,2254,,,,,487
BraTS-GLI-01139-000,boost,2.0,0.0,1,-6.0,80500,2477,3854,,,,,487
BraTS-GLI-01139-000,boost,2.0,0.0,1,-4.02,80114,2138,4240,,,,,487
BraTS-GLI-01139-000,boost,2.0,0.0,1,-2.0,79659,1791,4695,,,,,487
BraTS-GLI-01139-000,boost,2.0,0.0,1,0.0,79207,1510,5147,,,,,487
BraTS-GLI-01139-000,boost,2.0,0.0,1,2.0,78652,1258,5702,,,,,487
BraTS-GLI-01139-000,boost,2.0,0.0,2,-6.0,126744,3788,11307,,,,,487
BraTS-GLI-01139-000,boost,2.0,0.0,2,-4.02,125158,2880,12893,,,,,487
BraTS-GLI-01139-000,boost,2.0,0.0,2,-2.0,123351,2109,14700,,,,,487
BraTS-GLI-01139-000,boost,2.0,0.0,2,0.0,121452,1531,16599,,,,,487
BraTS-GLI-01139-000,boost,2.0,0.0,2,2.0,119386,1058,18665,,,,,487
BraTS-GLI-01139-000,boost,4.0,0.0,0,-6.0,50898,13712,1228,,,,,487
BraTS-GLI-01139-000,boost,4.0,0.0,0,-4.02,50757,12039,1369,0,0,0,0,487
BraTS-GLI-01139-000,boost,4.0,0.0,0,-2.0,50564,10552,1562,,,,,487
BraTS-GLI-01139-000,boost,4.0,0.0,0,0.0,50367,9165,1759,0,0,0,0,487
BraTS-GLI-01139-000,boost,4.0,0.0,0,2.0,50140,7847,1986,,,,,487
BraTS-GLI-01139-000,boost,4.0,0.0,1,-6.0,80500,2477,3854,,,,,487
BraTS-GLI-01139-000,boost,4.0,0.0,1,-4.02,80114,2138,4240,,,,,487
BraTS-GLI-01139-000,boost,4.0,0.0,1,-2.0,79659,1791,4695,,,,,487
BraTS-GLI-01139-000,boost,4.0,0.0,1,0.0,79207,1510,5147,,,,,487
BraTS-GLI-01139-000,boost,4.0,0.0,1,2.0,78652,1258,5702,,,,,487
BraTS-GLI-01139-000,boost,4.0,0.0,2,-6.0,126744,3788,11307,,,,,487
BraTS-GLI-01139-000,boost,4.0,0.0,2,-4.02,125158,2880,12893,,,,,487
BraTS-GLI-01139-000,boost,4.0,0.0,2,-2.0,123351,2109,14700,,,,,487
BraTS-GLI-01139-000,boost,4.0,0.0,2,0.0,121452,1531,16599,,,,,487
BraTS-GLI-01139-000,boost,4.0,0.0,2,2.0,119386,1058,18665,,,,,487
BraTS-GLI-00768-000,none,0.0,0.0,0,-6.0,3512,439,505,,,,,28
BraTS-GLI-00768-000,none,0.0,0.0,0,-4.02,3425,388,592,0,0,0,0,28
BraTS-GLI-00768-000,none,0.0,0.0,0,-2.0,3345,318,672,,,,,28
BraTS-GLI-00768-000,none,0.0,0.0,0,0.0,3267,261,750,0,0,0,0,28
BraTS-GLI-00768-000,none,0.0,0.0,0,2.0,3173,219,844,,,,,28
BraTS-GLI-00768-000,none,0.0,0.0,1,-6.0,4075,461,271,,,,,28
BraTS-GLI-00768-000,none,0.0,0.0,1,-4.02,3990,330,356,,,,,28
BraTS-GLI-00768-000,none,0.0,0.0,1,-2.0,3907,246,439,,,,,28
BraTS-GLI-00768-000,none,0.0,0.0,1,0.0,3812,195,534,,,,,28
BraTS-GLI-00768-000,none,0.0,0.0,1,2.0,3739,144,607,,,,,28
BraTS-GLI-00768-000,none,0.0,0.0,2,-6.0,108325,31173,876,,,,,28
BraTS-GLI-00768-000,none,0.0,0.0,2,-4.02,107839,25046,1362,,,,,28
BraTS-GLI-00768-000,none,0.0,0.0,2,-2.0,107191,19989,2010,,,,,28
BraTS-GLI-00768-000,none,0.0,0.0,2,0.0,106261,15983,2940,,,,,28
BraTS-GLI-00768-000,none,0.0,0.0,2,2.0,104953,12718,4248,,,,,28
BraTS-GLI-00768-000,pspds,0.5,0.0,0,-6.0,3512,434,505,,,,,28
BraTS-GLI-00768-000,pspds,0.5,0.0,0,-4.02,3427,389,590,0,0,0,0,28
BraTS-GLI-00768-000,pspds,0.5,0.0,0,-2.0,3347,316,670,,,,,28
BraTS-GLI-00768-000,pspds,0.5,0.0,0,0.0,3271,259,746,0,0,0,0,28
BraTS-GLI-00768-000,pspds,0.5,0.0,0,2.0,3176,218,841,,,,,28
BraTS-GLI-00768-000,pspds,0.5,0.0,1,-6.0,4078,460,268,,,,,28
BraTS-GLI-00768-000,pspds,0.5,0.0,1,-4.02,3997,331,349,,,,,28
BraTS-GLI-00768-000,pspds,0.5,0.0,1,-2.0,3913,245,433,,,,,28
BraTS-GLI-00768-000,pspds,0.5,0.0,1,0.0,3816,198,530,,,,,28
BraTS-GLI-00768-000,pspds,0.5,0.0,1,2.0,3748,143,598,,,,,28
BraTS-GLI-00768-000,pspds,0.5,0.0,2,-6.0,108300,31455,901,,,,,28
BraTS-GLI-00768-000,pspds,0.5,0.0,2,-4.02,107815,25318,1386,,,,,28
BraTS-GLI-00768-000,pspds,0.5,0.0,2,-2.0,107166,20259,2035,,,,,28
BraTS-GLI-00768-000,pspds,0.5,0.0,2,0.0,106232,16188,2969,,,,,28
BraTS-GLI-00768-000,pspds,0.5,0.0,2,2.0,104938,12915,4263,,,,,28
BraTS-GLI-00768-000,pspds,0.5,1.0,0,-6.0,3513,437,504,,,,,28
BraTS-GLI-00768-000,pspds,0.5,1.0,0,-4.02,3426,389,591,0,0,0,0,28
BraTS-GLI-00768-000,pspds,0.5,1.0,0,-2.0,3347,318,670,,,,,28
BraTS-GLI-00768-000,pspds,0.5,1.0,0,0.0,3267,260,750,0,0,0,0,28
BraTS-GLI-00768-000,pspds,0.5,1.0,0,2.0,3174,219,843,,,,,28
BraTS-GLI-00768-000,pspds,0.5,1.0,1,-6.0,4075,460,271,,,,,28
BraTS-GLI-00768-000,pspds,0.5,1.0,1,-4.02,3992,330,354,,,,,28
BraTS-GLI-00768-000,pspds,0.5,1.0,1,-2.0,3911,246,435,,,,,28
BraTS-GLI-00768-000,pspds,0.5,1.0,1,0.0,3813,195,533,,,,,28
BraTS-GLI-00768-000,pspds,0.5,1.0,1,2.0,3743,144,603,,,,,28
BraTS-GLI-00768-000,pspds,0.5,1.0,2,-6.0,108316,31335,885,,,,,28
BraTS-GLI-00768-000,pspds,0.5,1.0,2,-4.02,107830,25174,1371,,,,,28
BraTS-GLI-00768-000,pspds,0.5,1.0,2,-2.0,107177,20137,2024,,,,,28
BraTS-GLI-00768-000,pspds,0.5,1.0,2,0.0,106249,16091,2952,,,,,28
BraTS-GLI-00768-000,pspds,0.5,1.0,2,2.0,104945,12818,4256,,,,,28
BraTS-GLI-00768-000,pspds,1.0,0.0,0,-6.0,3513,430,504,,,,,28
BraTS-GLI-00768-000,pspds,1.0,0.0,0,-4.02,3426,385,591,0,0,0,0,28
BraTS-GLI-00768-000,pspds,1.0,0.0,0,-2.0,3348,312,669,,,,,28
BraTS-GLI-00768-000,pspds,1.0,0.0,0,0.0,3269,259,748,0,0,0,0,28
BraTS-GLI-00768-000,pspds,1.0,0.0,0,2.0,3175,217,842,,,,,28
BraTS-GLI-00768-000,pspds,1.0,0.0,1,-6.0,4081,461,265,,,,,28
BraTS-GLI-00768-000,pspds,1.0,0.0,1,-4.02,3998,331,348,,,,,28
BraTS-GLI-00768-000,pspds,1.0,0.0,1,-2.0,3915,245,431,,,,,28
BraTS-GLI-00768-000,pspds,1.0,0.0,1,0.0,3823,198,523,,,,,28
BraTS-GLI-00768-000,pspds,1.0,0.0,1,2.0,3753,143,593,,,,,28
BraTS-GLI-00768-000,pspds,1.0,0.0,2,-6.0,108276,31795,925,,,,,28
BraTS-GLI-00768-000,pspds,1.0,0.0,2,-4.02,107796,25599,1405,,,,,28
BraTS-GLI-00768-000,pspds,1.0,0.0,2,-2.0,107139,20488,2062,,,,,28
BraTS-GLI-00768-000,pspds,1.0,0.0,2,0.0,106205,16413,2996,,,,,28
BraTS-GLI-00768-000,pspds,1.0,0.0,2,2.0,104918,13122,4283,,,,,28
BraTS-GLI-00768-000,pspds,1.0,1.0,0,-6.0,3512,436,505,,,,,28
BraTS-GLI-00768-000,pspds,1.0,1.0,0,-4.02,3427,389,590,0,0,0,0,28
BraTS-GLI-00768-000,pspds,1.0,1.0,0,-2.0,3345,315,672,,,,,28
BraTS-GLI-00768-000,pspds,1.0,1.0,0,0.0,3271,259,746,0,0,0,0,28
BraTS-GLI-00768-000,pspds,1.0,1.0,0,2.0,3175,218,842,,,,,28
BraTS-GLI-00768-000,pspds,1.0,1.0,1,-6.0,4076,459,270,,,,,28
BraTS-GLI-00768-000,pspds,1.0,1.0,1,-4.02,3996,331,350,,,,,28
BraTS-GLI-00768-000,pspds,1.0,1.0,1,-2.0,3913,245,433,,,,,28
BraTS-GLI-00768-000,pspds,1.0,1.0,1,0.0,3814,197,532,,,,,28
BraTS-GLI-00768-000,pspds,1.0,1.0,1,2.0,3747,143,599,,,,,28
BraTS-GLI-00768-000,pspds,1.0,1.0,2,-6.0,108303,31479,898,,,,,28
BraTS-GLI-00768-000,pspds,1.0,1.0,2,-4.02,107815,25339,1386,,,,,28
BraTS-GLI-00768-000,pspds,1.0,1.0,2,-2.0,107166,20279,2035,,,,,28
BraTS-GLI-00768-000,pspds,1.0,1.0,2,0.0,106234,16198,2967,,,,,28
BraTS-GLI-00768-000,pspds,1.0,1.0,2,2.0,104938,12925,4263,,,,,28
BraTS-GLI-00768-000,interp,0.5,0.0,0,-6.0,3531,442,486,,,,,28
BraTS-GLI-00768-000,interp,0.5,0.0,0,-4.02,3444,389,573,0,0,0,0,28
BraTS-GLI-00768-000,interp,0.5,0.0,0,-2.0,3365,318,652,,,,,28
BraTS-GLI-00768-000,interp,0.5,0.0,0,0.0,3280,268,737,0,0,0,0,28
BraTS-GLI-00768-000,interp,0.5,0.0,0,2.0,3195,221,822,,,,,28
BraTS-GLI-00768-000,interp,0.5,0.0,1,-6.0,4096,475,250,,,,,28
BraTS-GLI-00768-000,interp,0.5,0.0,1,-4.02,4010,347,336,,,,,28
BraTS-GLI-00768-000,interp,0.5,0.0,1,-2.0,3928,253,418,,,,,28
BraTS-GLI-00768-000,interp,0.5,0.0,1,0.0,3840,206,506,,,,,28
BraTS-GLI-00768-000,interp,0.5,0.0,1,2.0,3762,151,584,,,,,28
BraTS-GLI-00768-000,interp,0.5,0.0,2,-6.0,108243,31189,958,,,,,28
BraTS-GLI-00768-000,interp,0.5,0.0,2,-4.02,107764,25060,1437,,,,,28
BraTS-GLI-00768-000,interp,0.5,0.0,2,-2.0,107133,20026,2068,,,,,28
BraTS-GLI-00768-000,interp,0.5,0.0,2,0.0,106204,16062,2997,,,,,28
BraTS-GLI-00768-000,interp,0.5,0.0,2,2.0,104943,12775,4258,,,,,28
BraTS-GLI-00768-000,interp,1.0,0.0,0,-6.0,3542,448,475,,,,,28
BraTS-GLI-00768-000,interp,1.0,0.0,0,-4.02,3463,396,554,0,0,0,0,28
BraTS-GLI-00768-000,interp,1.0,0.0,0,-2.0,3382,319,635,,,,,28
BraTS-GLI-00768-000,interp,1.0,0.0,0,0.0,3302,271,715,0,0,0,0,28
BraTS-GLI-00768-000,interp,1.0,0.0,0,2.0,3208,222,809,,,,,28
BraTS-GLI-00768-000,interp,1.0,0.0,1,-6.0,4111,501,235,,,,,28
BraTS-GLI-00768-000,interp,1.0,0.0,1,-4.02,4026,361,320,,,,,28
BraTS-GLI-00768-000,interp,1.0,0.0,1,-2.0,3953,264,393,,,,,28
BraTS-GLI-00768-000,interp,1.0,0.0,1,0.0,3856,214,490,,,,,28
BraTS-GLI-00768-000,interp,1.0,0.0,1,2.0,3789,161,557,,,,,28
BraTS-GLI-00768-000,interp,1.0,0.0,2,-6.0,108182,31170,1019,,,,,28
BraTS-GLI-00768-000,interp,1.0,0.0,2,-4.02,107703,25053,1498,,,,,28
BraTS-GLI-00768-000,interp,1.0,0.0,2,-2.0,107066,20038,2135,,,,,28
BraTS-GLI-00768-000,interp,1.0,0.0,2,0.0,106144,16087,3057,,,,,28
BraTS-GLI-00768-000,interp,1.0,0.0,2,2.0,104902,12806,4299,,,,,28
BraTS-GLI-00768-000,global,0.5,0.0,0,-6.0,3818,978,199,,,,,28
BraTS-GLI-00768-000,global,0.5,0.0,0,-4.02,3731,695,286,0,0,0,4,28
BraTS-GLI-00768-000,global,0.5,0.0,0,-2.0,3632,516,385,,,,,28
BraTS-GLI-00768-000,global,0.5,0.0,0,0.0,3525,384,492,0,0,0,1,28
BraTS-GLI-00768-000,global,0.5,0.0,0,2.0,3408,289,609,,,,,28
BraTS-GLI-00768-000,global,0.5,0.0,1,-6.0,4346,43455,0,,,,,28
BraTS-GLI-00768-000,global,0.5,0.0,1,-4.02,4346,41829,0,,,,,28
BraTS-GLI-00768-000,global,0.5,0.0,1,-2.0,4343,40222,3,,,,,28
BraTS-GLI-00768-000,global,0.5,0.0,1,0.0,4342,38605,4,,,,,28
BraTS-GLI-00768-000,global,0.5,0.0,1,2.0,4338,36833,8,,,,,28
BraTS-GLI-00768-000,global,0.5,0.0,2,-6.0,108630,32703,571,,,,,28
BraTS-GLI-00768-000,global,0.5,0.0,2,-4.02,108304,26483,897,,,,,28
BraTS-GLI-00768-000,global,0.5,0.0,2,-2.0,107834,21288,1367,,,,,28
BraTS-GLI-00768-000,global,0.5,0.0,2,0.0,107180,17192,2021,,,,,28
BraTS-GLI-00768-000,global,0.5,0.0,2,2.0,106240,13717,2961,,,,,28
BraTS-GLI-00768-000,global,1.0,0.0,0,-6.0,3714,1568,303,,,,,28
BraTS-GLI-00768-000,global,1.0,0.0,0,-4.02,3578,1130,439,0,0,0,6,28
BraTS-GLI-00768-000,global,1.0,0.0,0,-2.0,3454,805,563,,,,,28
BraTS-GLI-00768-000,global,1.0,0.0,0,0.0,3323,573,694,0,0,0,7,28
BraTS-GLI-00768-000,global,1.0,0.0,0,2.0,3193,405,824,,,,,28
BraTS-GLI-00768-000,global,1.0,0.0,1,-6.0,4346,59439,0,,,,,28
BraTS-GLI-00768-000,global,1.0,0.0,1,-4.02,4346,57856,0,,,,,28
BraTS-GLI-00768-000,global,1.0,0.0,1,-2.0,4346,56322,0,,,,,28
BraTS-GLI-00768-000,global,1.0,0.0,1,0.0,4346,54749,0,,,,,28
BraTS-GLI-00768-000,global,1.0,0.0,1,2.0,4346,53000,0,,,,,28
BraTS-GLI-00768-000,global,1.0,0.0,2,-6.0,108766,36372,435,,,,,28
BraTS-GLI-00768-000,global,1.0,0.0,2,-4.02,108507,30052,694,,,,,28
BraTS-GLI-00768-000,global,1.0,0.0,2,-2.0,108124,24663,1077,,,,,28
BraTS-GLI-00768-000,global,1.0,0.0,2,0.0,107622,20414,1579,,,,,28
BraTS-GLI-00768-000,global,1.0,0.0,2,2.0,106884,16750,2317,,,,,28
BraTS-GLI-00768-000,dilate,0.0,0.0,0,-6.0,3961,2902,56,,,,,28
BraTS-GLI-00768-000,dilate,0.0,0.0,0,-4.02,3945,2749,72,0,0,0,0,28
BraTS-GLI-00768-000,dilate,0.0,0.0,0,-2.0,3913,2608,104,,,,,28
BraTS-GLI-00768-000,dilate,0.0,0.0,0,0.0,3894,2489,123,0,0,0,0,28
BraTS-GLI-00768-000,dilate,0.0,0.0,0,2.0,3877,2382,140,,,,,28
BraTS-GLI-00768-000,dilate,0.0,0.0,1,-6.0,4075,461,271,,,,,28
BraTS-GLI-00768-000,dilate,0.0,0.0,1,-4.02,3990,330,356,,,,,28
BraTS-GLI-00768-000,dilate,0.0,0.0,1,-2.0,3907,246,439,,,,,28
BraTS-GLI-00768-000,dilate,0.0,0.0,1,0.0,3812,195,534,,,,,28
BraTS-GLI-00768-000,dilate,0.0,0.0,1,2.0,3739,144,607,,,,,28
BraTS-GLI-00768-000,dilate,0.0,0.0,2,-6.0,108325,31173,876,,,,,28
BraTS-GLI-00768-000,dilate,0.0,0.0,2,-4.02,107839,25046,1362,,,,,28
BraTS-GLI-00768-000,dilate,0.0,0.0,2,-2.0,107191,19989,2010,,,,,28
BraTS-GLI-00768-000,dilate,0.0,0.0,2,0.0,106261,15983,2940,,,,,28
BraTS-GLI-00768-000,dilate,0.0,0.0,2,2.0,104953,12718,4248,,,,,28
BraTS-GLI-00768-000,boost,2.0,0.0,0,-6.0,3583,515,434,,,,,28
BraTS-GLI-00768-000,boost,2.0,0.0,0,-4.02,3511,440,506,0,0,0,0,28
BraTS-GLI-00768-000,boost,2.0,0.0,0,-2.0,3425,388,592,,,,,28
BraTS-GLI-00768-000,boost,2.0,0.0,0,0.0,3343,318,674,0,0,0,0,28
BraTS-GLI-00768-000,boost,2.0,0.0,0,2.0,3265,261,752,,,,,28
BraTS-GLI-00768-000,boost,2.0,0.0,1,-6.0,4075,461,271,,,,,28
BraTS-GLI-00768-000,boost,2.0,0.0,1,-4.02,3990,330,356,,,,,28
BraTS-GLI-00768-000,boost,2.0,0.0,1,-2.0,3907,246,439,,,,,28
BraTS-GLI-00768-000,boost,2.0,0.0,1,0.0,3812,195,534,,,,,28
BraTS-GLI-00768-000,boost,2.0,0.0,1,2.0,3739,144,607,,,,,28
BraTS-GLI-00768-000,boost,2.0,0.0,2,-6.0,108325,31173,876,,,,,28
BraTS-GLI-00768-000,boost,2.0,0.0,2,-4.02,107839,25046,1362,,,,,28
BraTS-GLI-00768-000,boost,2.0,0.0,2,-2.0,107191,19989,2010,,,,,28
BraTS-GLI-00768-000,boost,2.0,0.0,2,0.0,106261,15983,2940,,,,,28
BraTS-GLI-00768-000,boost,2.0,0.0,2,2.0,104953,12718,4248,,,,,28
BraTS-GLI-00768-000,boost,4.0,0.0,0,-6.0,3657,604,360,,,,,28
BraTS-GLI-00768-000,boost,4.0,0.0,0,-4.02,3582,516,435,0,0,0,0,28
BraTS-GLI-00768-000,boost,4.0,0.0,0,-2.0,3511,439,506,,,,,28
BraTS-GLI-00768-000,boost,4.0,0.0,0,0.0,3423,388,594,0,0,0,0,28
BraTS-GLI-00768-000,boost,4.0,0.0,0,2.0,3341,318,676,,,,,28
BraTS-GLI-00768-000,boost,4.0,0.0,1,-6.0,4075,461,271,,,,,28
BraTS-GLI-00768-000,boost,4.0,0.0,1,-4.02,3990,330,356,,,,,28
BraTS-GLI-00768-000,boost,4.0,0.0,1,-2.0,3907,246,439,,,,,28
BraTS-GLI-00768-000,boost,4.0,0.0,1,0.0,3812,195,534,,,,,28
BraTS-GLI-00768-000,boost,4.0,0.0,1,2.0,3739,144,607,,,,,28
BraTS-GLI-00768-000,boost,4.0,0.0,2,-6.0,108325,31173,876,,,,,28
BraTS-GLI-00768-000,boost,4.0,0.0,2,-4.02,107839,25046,1362,,,,,28
BraTS-GLI-00768-000,boost,4.0,0.0,2,-2.0,107191,19989,2010,,,,,28
BraTS-GLI-00768-000,boost,4.0,0.0,2,0.0,106261,15983,2940,,,,,28
BraTS-GLI-00768-000,boost,4.0,0.0,2,2.0,104953,12718,4248,,,,,28
BraTS-GLI-01130-000,none,0.0,0.0,0,-6.0,15897,904,360,,,,,205
BraTS-GLI-01130-000,none,0.0,0.0,0,-4.02,15840,839,417,0,0,0,0,205
BraTS-GLI-01130-000,none,0.0,0.0,0,-2.0,15768,783,489,,,,,205
BraTS-GLI-01130-000,none,0.0,0.0,0,0.0,15683,743,574,0,0,0,0,205
BraTS-GLI-01130-000,none,0.0,0.0,0,2.0,15603,708,654,,,,,205
BraTS-GLI-01130-000,none,0.0,0.0,1,-6.0,17041,230,148,,,,,205
BraTS-GLI-01130-000,none,0.0,0.0,1,-4.02,16988,163,201,,,,,205
BraTS-GLI-01130-000,none,0.0,0.0,1,-2.0,16918,97,271,,,,,205
BraTS-GLI-01130-000,none,0.0,0.0,1,0.0,16837,70,352,,,,,205
BraTS-GLI-01130-000,none,0.0,0.0,1,2.0,16741,42,448,,,,,205
BraTS-GLI-01130-000,none,0.0,0.0,2,-6.0,38060,9370,442,,,,,205
BraTS-GLI-01130-000,none,0.0,0.0,2,-4.02,37917,7633,585,,,,,205
BraTS-GLI-01130-000,none,0.0,0.0,2,-2.0,37718,6174,784,,,,,205
BraTS-GLI-01130-000,none,0.0,0.0,2,0.0,37382,4941,1120,,,,,205
BraTS-GLI-01130-000,none,0.0,0.0,2,2.0,36932,3869,1570,,,,,205
BraTS-GLI-01130-000,pspds,0.5,0.0,0,-6.0,15908,913,349,,,,,205
BraTS-GLI-01130-000,pspds,0.5,0.0,0,-4.02,15853,851,404,0,0,0,0,205
BraTS-GLI-01130-000,pspds,0.5,0.0,0,-2.0,15776,800,481,,,,,205
BraTS-GLI-01130-000,pspds,0.5,0.0,0,0.0,15703,748,554,0,0,0,0,205
BraTS-GLI-01130-000,pspds,0.5,0.0,0,2.0,15614,713,643,,,,,205
BraTS-GLI-01130-000,pspds,0.5,0.0,1,-6.0,17055,255,134,,,,,205
BraTS-GLI-01130-000,pspds,0.5,0.0,1,-4.02,16999,180,190,,,,,205
BraTS-GLI-01130-000,pspds,0.5,0.0,1,-2.0,16938,113,251,,,,,205
BraTS-GLI-01130-000,pspds,0.5,0.0,1,0.0,16867,81,322,,,,,205
BraTS-GLI-01130-000,pspds,0.5,0.0,1,2.0,16769,56,420,,,,,205
BraTS-GLI-01130-000,pspds,0.5,0.0,2,-6.0,38069,9618,433,,,,,205
BraTS-GLI-01130-000,pspds,0.5,0.0,2,-4.02,37949,7882,553,,,,,205
BraTS-GLI-01130-000,pspds,0.5,0.0,2,-2.0,37760,6387,742,,,,,205
BraTS-GLI-01130-000,pspds,0.5,0.0,2,0.0,37440,5145,1062,,,,,205
BraTS-GLI-01130-000,pspds,0.5,0.0,2,2.0,36997,4067,1505,,,,,205
BraTS-GLI-01130-000,pspds,0.5,1.0,0,-6.0,15903,906,354,,,,,205
BraTS-GLI-01130-000,pspds,0.5,1.0,0,-4.02,15847,842,410,0,0,0,0,205
BraTS-GLI-01130-000,pspds,0.5,1.0,0,-2.0,15773,789,484,,,,,205
BraTS-GLI-01130-000,pspds,0.5,1.0,0,0.0,15691,746,566,0,0,0,0,205
BraTS-GLI-01130-000,pspds,0.5,1.0,0,2.0,15605,710,652,,,,,205
BraTS-GLI-01130-000,pspds,0.5,1.0,1,-6.0,17051,240,138,,,,,205
BraTS-GLI-01130-000,pspds,0.5,1.0,1,-4.02,16990,169,199,,,,,205
BraTS-GLI-01130-000,pspds,0.5,1.0,1,-2.0,16928,102,261,,,,,205
BraTS-GLI-01130-000,pspds,0.5,1.0,1,0.0,16848,76,341,,,,,205
BraTS-GLI-01130-000,pspds,0.5,1.0,1,2.0,16753,49,436,,,,,205
BraTS-GLI-01130-000,pspds,0.5,1.0,2,-6.0,38063,9476,439,,,,,205
BraTS-GLI-01130-000,pspds,0.5,1.0,2,-4.02,37932,7740,570,,,,,205
BraTS-GLI-01130-000,pspds,0.5,1.0,2,-2.0,37734,6262,768,,,,,205
BraTS-GLI-01130-000,pspds,0.5,1.0,2,0.0,37406,5030,1096,,,,,205
BraTS-GLI-01130-000,pspds,0.5,1.0,2,2.0,36963,3955,1539,,,,,205
BraTS-GLI-01130-000,pspds,1.0,0.0,0,-6.0,15909,921,348,,,,,205
BraTS-GLI-01130-000,pspds,1.0,0.0,0,-4.02,15860,860,397,0,0,0,0,205
BraTS-GLI-01130-000,pspds,1.0,0.0,0,-2.0,15784,806,473,,,,,205
BraTS-GLI-01130-000,pspds,1.0,0.0,0,0.0,15714,756,543,0,0,0,0,205
BraTS-GLI-01130-000,pspds,1.0,0.0,0,2.0,15622,722,635,,,,,205
BraTS-GLI-01130-000,pspds,1.0,0.0,1,-6.0,17061,270,128,,,,,205
BraTS-GLI-01130-000,pspds,1.0,0.0,1,-4.02,17015,196,174,,,,,205
BraTS-GLI-01130-000,pspds,1.0,0.0,1,-2.0,16955,131,234,,,,,205
BraTS-GLI-01130-000,pspds,1.0,0.0,1,0.0,16888,89,301,,,,,205
BraTS-GLI-01130-000,pspds,1.0,0.0,1,2.0,16796,62,393,,,,,205
BraTS-GLI-01130-000,pspds,1.0,0.0,2,-6.0,38086,9866,416,,,,,205
BraTS-GLI-01130-000,pspds,1.0,0.0,2,-4.02,37966,8107,536,,,,,205
BraTS-GLI-01130-000,pspds,1.0,0.0,2,-2.0,37787,6628,715,,,,,205
BraTS-GLI-01130-000,pspds,1.0,0.0,2,0.0,37487,5321,1015,,,,,205
BraTS-GLI-01130-000,pspds,1.0,0.0,2,2.0,37060,4239,1442,,,,,205
BraTS-GLI-01130-000,pspds,1.0,1.0,0,-6.0,15907,909,350,,,,,205
BraTS-GLI-01130-000,pspds,1.0,1.0,0,-4.02,15851,847,406,0,0,0,0,205
BraTS-GLI-01130-000,pspds,1.0,1.0,0,-2.0,15774,795,483,,,,,205
BraTS-GLI-01130-000,pspds,1.0,1.0,0,0.0,15699,746,558,0,0,0,0,205
BraTS-GLI-01130-000,pspds,1.0,1.0,0,2.0,15609,713,648,,,,,205
BraTS-GLI-01130-000,pspds,1.0,1.0,1,-6.0,17054,248,135,,,,,205
BraTS-GLI-01130-000,pspds,1.0,1.0,1,-4.02,16999,174,190,,,,,205
BraTS-GLI-01130-000,pspds,1.0,1.0,1,-2.0,16934,107,255,,,,,205
BraTS-GLI-01130-000,pspds,1.0,1.0,1,0.0,16859,78,330,,,,,205
BraTS-GLI-01130-000,pspds,1.0,1.0,1,2.0,16765,51,424,,,,,205
BraTS-GLI-01130-000,pspds,1.0,1.0,2,-6.0,38070,9574,432,,,,,205
BraTS-GLI-01130-000,pspds,1.0,1.0,2,-4.02,37950,7854,552,,,,,205
BraTS-GLI-01130-000,pspds,1.0,1.0,2,-2.0,37756,6345,746,,,,,205
BraTS-GLI-01130-000,pspds,1.0,1.0,2,0.0,37433,5116,1069,,,,,205
BraTS-GLI-01130-000,pspds,1.0,1.0,2,2.0,36989,4039,1513,,,,,205
BraTS-GLI-01130-000,interp,0.5,0.0,0,-6.0,15956,1010,301,,,,,205
BraTS-GLI-01130-000,interp,0.5,0.0,0,-4.02,15913,924,344,0,0,0,0,205
BraTS-GLI-01130-000,interp,0.5,0.0,0,-2.0,15853,853,404,,,,,205
BraTS-GLI-01130-000,interp,0.5,0.0,0,0.0,15771,809,486,0,0,0,0,205
BraTS-GLI-01130-000,interp,0.5,0.0,0,2.0,15694,763,563,,,,,205
BraTS-GLI-01130-000,interp,0.5,0.0,1,-6.0,17099,1817,90,,,,,205
BraTS-GLI-01130-000,interp,0.5,0.0,1,-4.02,17061,1578,128,,,,,205
BraTS-GLI-01130-000,interp,0.5,0.0,1,-2.0,17013,1367,176,,,,,205
BraTS-GLI-01130-000,interp,0.5,0.0,1,0.0,16953,1173,236,,,,,205
BraTS-GLI-01130-000,interp,0.5,0.0,1,2.0,16891,985,298,,,,,205
BraTS-GLI-01130-000,interp,0.5,0.0,2,-6.0,38107,15168,395,,,,,205
BraTS-GLI-01130-000,interp,0.5,0.0,2,-4.02,38008,12820,494,,,,,205
BraTS-GLI-01130-000,interp,0.5,0.0,2,-2.0,37873,10860,629,,,,,205
BraTS-GLI-01130-000,interp,0.5,0.0,2,0.0,37633,9192,869,,,,,205
BraTS-GLI-01130-000,interp,0.5,0.0,2,2.0,37243,7664,1259,,,,,205
BraTS-GLI-01130-000,interp,1.0,0.0,0,-6.0,15972,1608,285,,,,,205
BraTS-GLI-01130-000,interp,1.0,0.0,0,-4.02,15923,1410,334,0,0,0,7,205
BraTS-GLI-01130-000,interp,1.0,0.0,0,-2.0,15886,1233,371,,,,,205
BraTS-GLI-01130-000,interp,1.0,0.0,0,0.0,15836,1075,421,0,0,0,5,205
BraTS-GLI-01130-000,interp,1.0,0.0,0,2.0,15750,955,507,,,,,205
BraTS-GLI-01130-000,interp,1.0,0.0,1,-6.0,17138,16390,51,,,,,205
BraTS-GLI-01130-000,interp,1.0,0.0,1,-4.02,17122,14736,67,,,,,205
BraTS-GLI-01130-000,interp,1.0,0.0,1,-2.0,17089,12845,100,,,,,205
BraTS-GLI-01130-000,interp,1.0,0.0,1,0.0,17063,11059,126,,,,,205
BraTS-GLI-01130-000,interp,1.0,0.0,1,2.0,17019,9414,170,,,,,205
BraTS-GLI-01130-000,interp,1.0,0.0,2,-6.0,38115,34416,387,,,,,205
BraTS-GLI-01130-000,interp,1.0,0.0,2,-4.02,38026,30256,476,,,,,205
BraTS-GLI-01130-000,interp,1.0,0.0,2,-2.0,37912,26377,590,,,,,205
BraTS-GLI-01130-000,interp,1.0,0.0,2,0.0,37715,22673,787,,,,,205
BraTS-GLI-01130-000,interp,1.0,0.0,2,2.0,37379,19454,1123,,,,,205
BraTS-GLI-01130-000,global,0.5,0.0,0,-6.0,15970,1062,287,,,,,205
BraTS-GLI-01130-000,global,0.5,0.0,0,-4.02,15929,963,328,0,0,0,0,205
BraTS-GLI-01130-000,global,0.5,0.0,0,-2.0,15867,877,390,,,,,205
BraTS-GLI-01130-000,global,0.5,0.0,0,0.0,15796,816,461,0,0,0,0,205
BraTS-GLI-01130-000,global,0.5,0.0,0,2.0,15710,769,547,,,,,205
BraTS-GLI-01130-000,global,0.5,0.0,1,-6.0,17114,5288,75,,,,,205
BraTS-GLI-01130-000,global,0.5,0.0,1,-4.02,17079,4739,110,,,,,205
BraTS-GLI-01130-000,global,0.5,0.0,1,-2.0,17022,4237,167,,,,,205
BraTS-GLI-01130-000,global,0.5,0.0,1,0.0,16975,3631,214,,,,,205
BraTS-GLI-01130-000,global,0.5,0.0,1,2.0,16916,3062,273,,,,,205
BraTS-GLI-01130-000,global,0.5,0.0,2,-6.0,38114,21174,388,,,,,205
BraTS-GLI-01130-000,global,0.5,0.0,2,-4.02,38017,18257,485,,,,,205
BraTS-GLI-01130-000,global,0.5,0.0,2,-2.0,37895,15765,607,,,,,205
BraTS-GLI-01130-000,global,0.5,0.0,2,0.0,37672,13539,830,,,,,205
BraTS-GLI-01130-000,global,0.5,0.0,2,2.0,37301,11484,1201,,,,,205
BraTS-GLI-01130-000,global,1.0,0.0,0,-6.0,15978,2100,279,,,,,205
BraTS-GLI-01130-000,global,1.0,0.0,0,-4.02,15928,1761,329,0,0,0,8,205
BraTS-GLI-01130-000,global,1.0,0.0,0,-2.0,15882,1503,375,,,,,205
BraTS-GLI-01130-000,global,1.0,0.0,0,0.0,15814,1239,443,0,0,0,7,205
BraTS-GLI-01130-000,global,1.0,0.0,0,2.0,15743,1069,514,,,,,205
BraTS-GLI-01130-000,global,1.0,0.0,1,-6.0,17161,35136,28,,,,,205
BraTS-GLI-01130-000,global,1.0,0.0,1,-4.02,17150,32289,39,,,,,205
BraTS-GLI-01130-000,global,1.0,0.0,1,-2.0,17128,28970,61,,,,,205
BraTS-GLI-01130-000,global,1.0,0.0,1,0.0,17098,25397,91,,,,,205
BraTS-GLI-01130-000,global,1.0,0.0,1,2.0,17068,21728,121,,,,,205
BraTS-GLI-01130-000,global,1.0,0.0,2,-6.0,38119,56857,383,,,,,205
BraTS-GLI-01130-000,global,1.0,0.0,2,-4.02,38034,51607,468,,,,,205
BraTS-GLI-01130-000,global,1.0,0.0,2,-2.0,37925,46298,577,,,,,205
BraTS-GLI-01130-000,global,1.0,0.0,2,0.0,37734,40833,768,,,,,205
BraTS-GLI-01130-000,global,1.0,0.0,2,2.0,37420,35628,1082,,,,,205
BraTS-GLI-01130-000,dilate,0.0,0.0,0,-6.0,16257,6630,0,,,,,205
BraTS-GLI-01130-000,dilate,0.0,0.0,0,-4.02,16257,6507,0,0,0,0,0,205
BraTS-GLI-01130-000,dilate,0.0,0.0,0,-2.0,16256,6386,1,,,,,205
BraTS-GLI-01130-000,dilate,0.0,0.0,0,0.0,16255,6259,2,0,0,0,0,205
BraTS-GLI-01130-000,dilate,0.0,0.0,0,2.0,16254,6139,3,,,,,205
BraTS-GLI-01130-000,dilate,0.0,0.0,1,-6.0,17041,230,148,,,,,205
BraTS-GLI-01130-000,dilate,0.0,0.0,1,-4.02,16988,163,201,,,,,205
BraTS-GLI-01130-000,dilate,0.0,0.0,1,-2.0,16918,97,271,,,,,205
BraTS-GLI-01130-000,dilate,0.0,0.0,1,0.0,16837,70,352,,,,,205
BraTS-GLI-01130-000,dilate,0.0,0.0,1,2.0,16741,42,448,,,,,205
BraTS-GLI-01130-000,dilate,0.0,0.0,2,-6.0,38060,9370,442,,,,,205
BraTS-GLI-01130-000,dilate,0.0,0.0,2,-4.02,37917,7633,585,,,,,205
BraTS-GLI-01130-000,dilate,0.0,0.0,2,-2.0,37718,6174,784,,,,,205
BraTS-GLI-01130-000,dilate,0.0,0.0,2,0.0,37382,4941,1120,,,,,205
BraTS-GLI-01130-000,dilate,0.0,0.0,2,2.0,36932,3869,1570,,,,,205
BraTS-GLI-01130-000,boost,2.0,0.0,0,-6.0,15947,968,310,,,,,205
BraTS-GLI-01130-000,boost,2.0,0.0,0,-4.02,15898,901,359,0,0,0,0,205
BraTS-GLI-01130-000,boost,2.0,0.0,0,-2.0,15839,839,418,,,,,205
BraTS-GLI-01130-000,boost,2.0,0.0,0,0.0,15768,783,489,0,0,0,0,205
BraTS-GLI-01130-000,boost,2.0,0.0,0,2.0,15683,742,574,,,,,205
BraTS-GLI-01130-000,boost,2.0,0.0,1,-6.0,17041,230,148,,,,,205
BraTS-GLI-01130-000,boost,2.0,0.0,1,-4.02,16988,163,201,,,,,205
BraTS-GLI-01130-000,boost,2.0,0.0,1,-2.0,16918,97,271,,,,,205
BraTS-GLI-01130-000,boost,2.0,0.0,1,0.0,16837,70,352,,,,,205
BraTS-GLI-01130-000,boost,2.0,0.0,1,2.0,16741,42,448,,,,,205
BraTS-GLI-01130-000,boost,2.0,0.0,2,-6.0,38060,9370,442,,,,,205
BraTS-GLI-01130-000,boost,2.0,0.0,2,-4.02,37917,7633,585,,,,,205
BraTS-GLI-01130-000,boost,2.0,0.0,2,-2.0,37718,6174,784,,,,,205
BraTS-GLI-01130-000,boost,2.0,0.0,2,0.0,37382,4941,1120,,,,,205
BraTS-GLI-01130-000,boost,2.0,0.0,2,2.0,36932,3869,1570,,,,,205
BraTS-GLI-01130-000,boost,4.0,0.0,0,-6.0,16004,1055,253,,,,,205
BraTS-GLI-01130-000,boost,4.0,0.0,0,-4.02,15948,965,309,0,0,0,0,205
BraTS-GLI-01130-000,boost,4.0,0.0,0,-2.0,15897,901,360,,,,,205
BraTS-GLI-01130-000,boost,4.0,0.0,0,0.0,15839,839,418,0,0,0,0,205
BraTS-GLI-01130-000,boost,4.0,0.0,0,2.0,15768,782,489,,,,,205
BraTS-GLI-01130-000,boost,4.0,0.0,1,-6.0,17041,230,148,,,,,205
BraTS-GLI-01130-000,boost,4.0,0.0,1,-4.02,16988,163,201,,,,,205
BraTS-GLI-01130-000,boost,4.0,0.0,1,-2.0,16918,97,271,,,,,205
BraTS-GLI-01130-000,boost,4.0,0.0,1,0.0,16837,70,352,,,,,205
BraTS-GLI-01130-000,boost,4.0,0.0,1,2.0,16741,42,448,,,,,205
BraTS-GLI-01130-000,boost,4.0,0.0,2,-6.0,38060,9370,442,,,,,205
BraTS-GLI-01130-000,boost,4.0,0.0,2,-4.02,37917,7633,585,,,,,205
BraTS-GLI-01130-000,boost,4.0,0.0,2,-2.0,37718,6174,784,,,,,205
BraTS-GLI-01130-000,boost,4.0,0.0,2,0.0,37382,4941,1120,,,,,205
BraTS-GLI-01130-000,boost,4.0,0.0,2,2.0,36932,3869,1570,,,,,205
BraTS-GLI-01516-000,none,0.0,0.0,0,-6.0,433,23,107,,,,,0
BraTS-GLI-01516-000,none,0.0,0.0,0,-4.02,428,20,112,0,0,0,0,0
BraTS-GLI-01516-000,none,0.0,0.0,0,-2.0,418,16,122,,,,,0
BraTS-GLI-01516-000,none,0.0,0.0,0,0.0,410,12,130,0,0,0,0,0
BraTS-GLI-01516-000,none,0.0,0.0,0,2.0,398,10,142,,,,,0
BraTS-GLI-01516-000,none,0.0,0.0,1,-6.0,476,0,7104,,,,,0
BraTS-GLI-01516-000,none,0.0,0.0,1,-4.02,456,0,7124,,,,,0
BraTS-GLI-01516-000,none,0.0,0.0,1,-2.0,443,0,7137,,,,,0
BraTS-GLI-01516-000,none,0.0,0.0,1,0.0,423,0,7157,,,,,0
BraTS-GLI-01516-000,none,0.0,0.0,1,2.0,408,0,7172,,,,,0
BraTS-GLI-01516-000,none,0.0,0.0,2,-6.0,27230,3840,3093,,,,,0
BraTS-GLI-01516-000,none,0.0,0.0,2,-4.02,26839,3089,3484,,,,,0
BraTS-GLI-01516-000,none,0.0,0.0,2,-2.0,26444,2479,3879,,,,,0
BraTS-GLI-01516-000,none,0.0,0.0,2,0.0,26037,2046,4286,,,,,0
BraTS-GLI-01516-000,none,0.0,0.0,2,2.0,25560,1721,4763,,,,,0
BraTS-GLI-01516-000,pspds,0.5,0.0,0,-6.0,433,23,107,,,,,0
BraTS-GLI-01516-000,pspds,0.5,0.0,0,-4.02,428,20,112,0,0,0,0,0
BraTS-GLI-01516-000,pspds,0.5,0.0,0,-2.0,418,16,122,,,,,0
BraTS-GLI-01516-000,pspds,0.5,0.0,0,0.0,410,12,130,0,0,0,0,0
BraTS-GLI-01516-000,pspds,0.5,0.0,0,2.0,398,10,142,,,,,0
BraTS-GLI-01516-000,pspds,0.5,0.0,1,-6.0,476,0,7104,,,,,0
BraTS-GLI-01516-000,pspds,0.5,0.0,1,-4.02,456,0,7124,,,,,0
BraTS-GLI-01516-000,pspds,0.5,0.0,1,-2.0,443,0,7137,,,,,0
BraTS-GLI-01516-000,pspds,0.5,0.0,1,0.0,423,0,7157,,,,,0
BraTS-GLI-01516-000,pspds,0.5,0.0,1,2.0,408,0,7172,,,,,0
BraTS-GLI-01516-000,pspds,0.5,0.0,2,-6.0,27230,3840,3093,,,,,0
BraTS-GLI-01516-000,pspds,0.5,0.0,2,-4.02,26839,3089,3484,,,,,0
BraTS-GLI-01516-000,pspds,0.5,0.0,2,-2.0,26444,2479,3879,,,,,0
BraTS-GLI-01516-000,pspds,0.5,0.0,2,0.0,26037,2046,4286,,,,,0
BraTS-GLI-01516-000,pspds,0.5,0.0,2,2.0,25560,1721,4763,,,,,0
BraTS-GLI-01516-000,pspds,0.5,1.0,0,-6.0,433,23,107,,,,,0
BraTS-GLI-01516-000,pspds,0.5,1.0,0,-4.02,428,20,112,0,0,0,0,0
BraTS-GLI-01516-000,pspds,0.5,1.0,0,-2.0,418,16,122,,,,,0
BraTS-GLI-01516-000,pspds,0.5,1.0,0,0.0,410,12,130,0,0,0,0,0
BraTS-GLI-01516-000,pspds,0.5,1.0,0,2.0,398,10,142,,,,,0
BraTS-GLI-01516-000,pspds,0.5,1.0,1,-6.0,476,0,7104,,,,,0
BraTS-GLI-01516-000,pspds,0.5,1.0,1,-4.02,456,0,7124,,,,,0
BraTS-GLI-01516-000,pspds,0.5,1.0,1,-2.0,443,0,7137,,,,,0
BraTS-GLI-01516-000,pspds,0.5,1.0,1,0.0,423,0,7157,,,,,0
BraTS-GLI-01516-000,pspds,0.5,1.0,1,2.0,408,0,7172,,,,,0
BraTS-GLI-01516-000,pspds,0.5,1.0,2,-6.0,27230,3840,3093,,,,,0
BraTS-GLI-01516-000,pspds,0.5,1.0,2,-4.02,26839,3089,3484,,,,,0
BraTS-GLI-01516-000,pspds,0.5,1.0,2,-2.0,26444,2479,3879,,,,,0
BraTS-GLI-01516-000,pspds,0.5,1.0,2,0.0,26037,2046,4286,,,,,0
BraTS-GLI-01516-000,pspds,0.5,1.0,2,2.0,25560,1721,4763,,,,,0
BraTS-GLI-01516-000,pspds,1.0,0.0,0,-6.0,433,23,107,,,,,0
BraTS-GLI-01516-000,pspds,1.0,0.0,0,-4.02,428,20,112,0,0,0,0,0
BraTS-GLI-01516-000,pspds,1.0,0.0,0,-2.0,418,16,122,,,,,0
BraTS-GLI-01516-000,pspds,1.0,0.0,0,0.0,410,12,130,0,0,0,0,0
BraTS-GLI-01516-000,pspds,1.0,0.0,0,2.0,398,10,142,,,,,0
BraTS-GLI-01516-000,pspds,1.0,0.0,1,-6.0,476,0,7104,,,,,0
BraTS-GLI-01516-000,pspds,1.0,0.0,1,-4.02,456,0,7124,,,,,0
BraTS-GLI-01516-000,pspds,1.0,0.0,1,-2.0,443,0,7137,,,,,0
BraTS-GLI-01516-000,pspds,1.0,0.0,1,0.0,423,0,7157,,,,,0
BraTS-GLI-01516-000,pspds,1.0,0.0,1,2.0,408,0,7172,,,,,0
BraTS-GLI-01516-000,pspds,1.0,0.0,2,-6.0,27230,3840,3093,,,,,0
BraTS-GLI-01516-000,pspds,1.0,0.0,2,-4.02,26839,3089,3484,,,,,0
BraTS-GLI-01516-000,pspds,1.0,0.0,2,-2.0,26444,2479,3879,,,,,0
BraTS-GLI-01516-000,pspds,1.0,0.0,2,0.0,26037,2046,4286,,,,,0
BraTS-GLI-01516-000,pspds,1.0,0.0,2,2.0,25560,1721,4763,,,,,0
BraTS-GLI-01516-000,pspds,1.0,1.0,0,-6.0,433,23,107,,,,,0
BraTS-GLI-01516-000,pspds,1.0,1.0,0,-4.02,428,20,112,0,0,0,0,0
BraTS-GLI-01516-000,pspds,1.0,1.0,0,-2.0,418,16,122,,,,,0
BraTS-GLI-01516-000,pspds,1.0,1.0,0,0.0,410,12,130,0,0,0,0,0
BraTS-GLI-01516-000,pspds,1.0,1.0,0,2.0,398,10,142,,,,,0
BraTS-GLI-01516-000,pspds,1.0,1.0,1,-6.0,476,0,7104,,,,,0
BraTS-GLI-01516-000,pspds,1.0,1.0,1,-4.02,456,0,7124,,,,,0
BraTS-GLI-01516-000,pspds,1.0,1.0,1,-2.0,443,0,7137,,,,,0
BraTS-GLI-01516-000,pspds,1.0,1.0,1,0.0,423,0,7157,,,,,0
BraTS-GLI-01516-000,pspds,1.0,1.0,1,2.0,408,0,7172,,,,,0
BraTS-GLI-01516-000,pspds,1.0,1.0,2,-6.0,27230,3840,3093,,,,,0
BraTS-GLI-01516-000,pspds,1.0,1.0,2,-4.02,26839,3089,3484,,,,,0
BraTS-GLI-01516-000,pspds,1.0,1.0,2,-2.0,26444,2479,3879,,,,,0
BraTS-GLI-01516-000,pspds,1.0,1.0,2,0.0,26037,2046,4286,,,,,0
BraTS-GLI-01516-000,pspds,1.0,1.0,2,2.0,25560,1721,4763,,,,,0
BraTS-GLI-01516-000,interp,0.5,0.0,0,-6.0,433,23,107,,,,,0
BraTS-GLI-01516-000,interp,0.5,0.0,0,-4.02,428,20,112,0,0,0,0,0
BraTS-GLI-01516-000,interp,0.5,0.0,0,-2.0,418,16,122,,,,,0
BraTS-GLI-01516-000,interp,0.5,0.0,0,0.0,410,12,130,0,0,0,0,0
BraTS-GLI-01516-000,interp,0.5,0.0,0,2.0,398,10,142,,,,,0
BraTS-GLI-01516-000,interp,0.5,0.0,1,-6.0,476,0,7104,,,,,0
BraTS-GLI-01516-000,interp,0.5,0.0,1,-4.02,456,0,7124,,,,,0
BraTS-GLI-01516-000,interp,0.5,0.0,1,-2.0,443,0,7137,,,,,0
BraTS-GLI-01516-000,interp,0.5,0.0,1,0.0,423,0,7157,,,,,0
BraTS-GLI-01516-000,interp,0.5,0.0,1,2.0,408,0,7172,,,,,0
BraTS-GLI-01516-000,interp,0.5,0.0,2,-6.0,27230,3840,3093,,,,,0
BraTS-GLI-01516-000,interp,0.5,0.0,2,-4.02,26839,3089,3484,,,,,0
BraTS-GLI-01516-000,interp,0.5,0.0,2,-2.0,26444,2479,3879,,,,,0
BraTS-GLI-01516-000,interp,0.5,0.0,2,0.0,26037,2046,4286,,,,,0
BraTS-GLI-01516-000,interp,0.5,0.0,2,2.0,25560,1721,4763,,,,,0
BraTS-GLI-01516-000,interp,1.0,0.0,0,-6.0,433,23,107,,,,,0
BraTS-GLI-01516-000,interp,1.0,0.0,0,-4.02,428,20,112,0,0,0,0,0
BraTS-GLI-01516-000,interp,1.0,0.0,0,-2.0,418,16,122,,,,,0
BraTS-GLI-01516-000,interp,1.0,0.0,0,0.0,410,12,130,0,0,0,0,0
BraTS-GLI-01516-000,interp,1.0,0.0,0,2.0,398,10,142,,,,,0
BraTS-GLI-01516-000,interp,1.0,0.0,1,-6.0,476,0,7104,,,,,0
BraTS-GLI-01516-000,interp,1.0,0.0,1,-4.02,456,0,7124,,,,,0
BraTS-GLI-01516-000,interp,1.0,0.0,1,-2.0,443,0,7137,,,,,0
BraTS-GLI-01516-000,interp,1.0,0.0,1,0.0,423,0,7157,,,,,0
BraTS-GLI-01516-000,interp,1.0,0.0,1,2.0,408,0,7172,,,,,0
BraTS-GLI-01516-000,interp,1.0,0.0,2,-6.0,27230,3840,3093,,,,,0
BraTS-GLI-01516-000,interp,1.0,0.0,2,-4.02,26839,3089,3484,,,,,0
BraTS-GLI-01516-000,interp,1.0,0.0,2,-2.0,26444,2479,3879,,,,,0
BraTS-GLI-01516-000,interp,1.0,0.0,2,0.0,26037,2046,4286,,,,,0
BraTS-GLI-01516-000,interp,1.0,0.0,2,2.0,25560,1721,4763,,,,,0
BraTS-GLI-01516-000,global,0.5,0.0,0,-6.0,433,23,107,,,,,0
BraTS-GLI-01516-000,global,0.5,0.0,0,-4.02,428,20,112,0,0,0,0,0
BraTS-GLI-01516-000,global,0.5,0.0,0,-2.0,418,16,122,,,,,0
BraTS-GLI-01516-000,global,0.5,0.0,0,0.0,410,12,130,0,0,0,0,0
BraTS-GLI-01516-000,global,0.5,0.0,0,2.0,398,10,142,,,,,0
BraTS-GLI-01516-000,global,0.5,0.0,1,-6.0,476,0,7104,,,,,0
BraTS-GLI-01516-000,global,0.5,0.0,1,-4.02,456,0,7124,,,,,0
BraTS-GLI-01516-000,global,0.5,0.0,1,-2.0,443,0,7137,,,,,0
BraTS-GLI-01516-000,global,0.5,0.0,1,0.0,423,0,7157,,,,,0
BraTS-GLI-01516-000,global,0.5,0.0,1,2.0,408,0,7172,,,,,0
BraTS-GLI-01516-000,global,0.5,0.0,2,-6.0,27230,3840,3093,,,,,0
BraTS-GLI-01516-000,global,0.5,0.0,2,-4.02,26839,3089,3484,,,,,0
BraTS-GLI-01516-000,global,0.5,0.0,2,-2.0,26444,2479,3879,,,,,0
BraTS-GLI-01516-000,global,0.5,0.0,2,0.0,26037,2046,4286,,,,,0
BraTS-GLI-01516-000,global,0.5,0.0,2,2.0,25560,1721,4763,,,,,0
BraTS-GLI-01516-000,global,1.0,0.0,0,-6.0,433,23,107,,,,,0
BraTS-GLI-01516-000,global,1.0,0.0,0,-4.02,428,20,112,0,0,0,0,0
BraTS-GLI-01516-000,global,1.0,0.0,0,-2.0,418,16,122,,,,,0
BraTS-GLI-01516-000,global,1.0,0.0,0,0.0,410,12,130,0,0,0,0,0
BraTS-GLI-01516-000,global,1.0,0.0,0,2.0,398,10,142,,,,,0
BraTS-GLI-01516-000,global,1.0,0.0,1,-6.0,476,0,7104,,,,,0
BraTS-GLI-01516-000,global,1.0,0.0,1,-4.02,456,0,7124,,,,,0
BraTS-GLI-01516-000,global,1.0,0.0,1,-2.0,443,0,7137,,,,,0
BraTS-GLI-01516-000,global,1.0,0.0,1,0.0,423,0,7157,,,,,0
BraTS-GLI-01516-000,global,1.0,0.0,1,2.0,408,0,7172,,,,,0
BraTS-GLI-01516-000,global,1.0,0.0,2,-6.0,27230,3840,3093,,,,,0
BraTS-GLI-01516-000,global,1.0,0.0,2,-4.02,26839,3089,3484,,,,,0
BraTS-GLI-01516-000,global,1.0,0.0,2,-2.0,26444,2479,3879,,,,,0
BraTS-GLI-01516-000,global,1.0,0.0,2,0.0,26037,2046,4286,,,,,0
BraTS-GLI-01516-000,global,1.0,0.0,2,2.0,25560,1721,4763,,,,,0
BraTS-GLI-01516-000,dilate,0.0,0.0,0,-6.0,433,23,107,,,,,0
BraTS-GLI-01516-000,dilate,0.0,0.0,0,-4.02,428,20,112,0,0,0,0,0
BraTS-GLI-01516-000,dilate,0.0,0.0,0,-2.0,418,16,122,,,,,0
BraTS-GLI-01516-000,dilate,0.0,0.0,0,0.0,410,12,130,0,0,0,0,0
BraTS-GLI-01516-000,dilate,0.0,0.0,0,2.0,398,10,142,,,,,0
BraTS-GLI-01516-000,dilate,0.0,0.0,1,-6.0,476,0,7104,,,,,0
BraTS-GLI-01516-000,dilate,0.0,0.0,1,-4.02,456,0,7124,,,,,0
BraTS-GLI-01516-000,dilate,0.0,0.0,1,-2.0,443,0,7137,,,,,0
BraTS-GLI-01516-000,dilate,0.0,0.0,1,0.0,423,0,7157,,,,,0
BraTS-GLI-01516-000,dilate,0.0,0.0,1,2.0,408,0,7172,,,,,0
BraTS-GLI-01516-000,dilate,0.0,0.0,2,-6.0,27230,3840,3093,,,,,0
BraTS-GLI-01516-000,dilate,0.0,0.0,2,-4.02,26839,3089,3484,,,,,0
BraTS-GLI-01516-000,dilate,0.0,0.0,2,-2.0,26444,2479,3879,,,,,0
BraTS-GLI-01516-000,dilate,0.0,0.0,2,0.0,26037,2046,4286,,,,,0
BraTS-GLI-01516-000,dilate,0.0,0.0,2,2.0,25560,1721,4763,,,,,0
BraTS-GLI-01516-000,boost,2.0,0.0,0,-6.0,433,23,107,,,,,0
BraTS-GLI-01516-000,boost,2.0,0.0,0,-4.02,428,20,112,0,0,0,0,0
BraTS-GLI-01516-000,boost,2.0,0.0,0,-2.0,418,16,122,,,,,0
BraTS-GLI-01516-000,boost,2.0,0.0,0,0.0,410,12,130,0,0,0,0,0
BraTS-GLI-01516-000,boost,2.0,0.0,0,2.0,398,10,142,,,,,0
BraTS-GLI-01516-000,boost,2.0,0.0,1,-6.0,476,0,7104,,,,,0
BraTS-GLI-01516-000,boost,2.0,0.0,1,-4.02,456,0,7124,,,,,0
BraTS-GLI-01516-000,boost,2.0,0.0,1,-2.0,443,0,7137,,,,,0
BraTS-GLI-01516-000,boost,2.0,0.0,1,0.0,423,0,7157,,,,,0
BraTS-GLI-01516-000,boost,2.0,0.0,1,2.0,408,0,7172,,,,,0
BraTS-GLI-01516-000,boost,2.0,0.0,2,-6.0,27230,3840,3093,,,,,0
BraTS-GLI-01516-000,boost,2.0,0.0,2,-4.02,26839,3089,3484,,,,,0
BraTS-GLI-01516-000,boost,2.0,0.0,2,-2.0,26444,2479,3879,,,,,0
BraTS-GLI-01516-000,boost,2.0,0.0,2,0.0,26037,2046,4286,,,,,0
BraTS-GLI-01516-000,boost,2.0,0.0,2,2.0,25560,1721,4763,,,,,0
BraTS-GLI-01516-000,boost,4.0,0.0,0,-6.0,433,23,107,,,,,0
BraTS-GLI-01516-000,boost,4.0,0.0,0,-4.02,428,20,112,0,0,0,0,0
BraTS-GLI-01516-000,boost,4.0,0.0,0,-2.0,418,16,122,,,,,0
BraTS-GLI-01516-000,boost,4.0,0.0,0,0.0,410,12,130,0,0,0,0,0
BraTS-GLI-01516-000,boost,4.0,0.0,0,2.0,398,10,142,,,,,0
BraTS-GLI-01516-000,boost,4.0,0.0,1,-6.0,476,0,7104,,,,,0
BraTS-GLI-01516-000,boost,4.0,0.0,1,-4.02,456,0,7124,,,,,0
BraTS-GLI-01516-000,boost,4.0,0.0,1,-2.0,443,0,7137,,,,,0
BraTS-GLI-01516-000,boost,4.0,0.0,1,0.0,423,0,7157,,,,,0
BraTS-GLI-01516-000,boost,4.0,0.0,1,2.0,408,0,7172,,,,,0
BraTS-GLI-01516-000,boost,4.0,0.0,2,-6.0,27230,3840,3093,,,,,0
BraTS-GLI-01516-000,boost,4.0,0.0,2,-4.02,26839,3089,3484,,,,,0
BraTS-GLI-01516-000,boost,4.0,0.0,2,-2.0,26444,2479,3879,,,,,0
BraTS-GLI-01516-000,boost,4.0,0.0,2,0.0,26037,2046,4286,,,,,0
BraTS-GLI-01516-000,boost,4.0,0.0,2,2.0,25560,1721,4763,,,,,0
BraTS-GLI-01255-000,none,0.0,0.0,0,-6.0,1183,117,55,,,,,3
BraTS-GLI-01255-000,none,0.0,0.0,0,-4.02,1175,95,63,0,0,0,0,3
BraTS-GLI-01255-000,none,0.0,0.0,0,-2.0,1162,75,76,,,,,3
BraTS-GLI-01255-000,none,0.0,0.0,0,0.0,1149,65,89,0,0,0,0,3
BraTS-GLI-01255-000,none,0.0,0.0,0,2.0,1140,54,98,,,,,3
BraTS-GLI-01255-000,none,0.0,0.0,1,-6.0,1180,119,58,,,,,3
BraTS-GLI-01255-000,none,0.0,0.0,1,-4.02,1172,87,66,,,,,3
BraTS-GLI-01255-000,none,0.0,0.0,1,-2.0,1159,74,79,,,,,3
BraTS-GLI-01255-000,none,0.0,0.0,1,0.0,1146,59,92,,,,,3
BraTS-GLI-01255-000,none,0.0,0.0,1,2.0,1137,50,101,,,,,3
BraTS-GLI-01255-000,none,0.0,0.0,2,-6.0,7439,11558,74,,,,,3
BraTS-GLI-01255-000,none,0.0,0.0,2,-4.02,7414,10186,99,,,,,3
BraTS-GLI-01255-000,none,0.0,0.0,2,-2.0,7382,8918,131,,,,,3
BraTS-GLI-01255-000,none,0.0,0.0,2,0.0,7315,7856,198,,,,,3
BraTS-GLI-01255-000,none,0.0,0.0,2,2.0,7228,6788,285,,,,,3
BraTS-GLI-01255-000,pspds,0.5,0.0,0,-6.0,1183,117,55,,,,,3
BraTS-GLI-01255-000,pspds,0.5,0.0,0,-4.02,1175,95,63,0,0,0,0,3
BraTS-GLI-01255-000,pspds,0.5,0.0,0,-2.0,1162,75,76,,,,,3
BraTS-GLI-01255-000,pspds,0.5,0.0,0,0.0,1149,65,89,0,0,0,0,3
BraTS-GLI-01255-000,pspds,0.5,0.0,0,2.0,1140,54,98,,,,,3
BraTS-GLI-01255-000,pspds,0.5,0.0,1,-6.0,1180,119,58,,,,,3
BraTS-GLI-01255-000,pspds,0.5,0.0,1,-4.02,1172,87,66,,,,,3
BraTS-GLI-01255-000,pspds,0.5,0.0,1,-2.0,1159,74,79,,,,,3
BraTS-GLI-01255-000,pspds,0.5,0.0,1,0.0,1146,59,92,,,,,3
BraTS-GLI-01255-000,pspds,0.5,0.0,1,2.0,1137,50,101,,,,,3
BraTS-GLI-01255-000,pspds,0.5,0.0,2,-6.0,7439,11558,74,,,,,3
BraTS-GLI-01255-000,pspds,0.5,0.0,2,-4.02,7414,10186,99,,,,,3
BraTS-GLI-01255-000,pspds,0.5,0.0,2,-2.0,7382,8918,131,,,,,3
BraTS-GLI-01255-000,pspds,0.5,0.0,2,0.0,7315,7856,198,,,,,3
BraTS-GLI-01255-000,pspds,0.5,0.0,2,2.0,7228,6788,285,,,,,3
BraTS-GLI-01255-000,pspds,0.5,1.0,0,-6.0,1183,117,55,,,,,3
BraTS-GLI-01255-000,pspds,0.5,1.0,0,-4.02,1175,95,63,0,0,0,0,3
BraTS-GLI-01255-000,pspds,0.5,1.0,0,-2.0,1162,75,76,,,,,3
BraTS-GLI-01255-000,pspds,0.5,1.0,0,0.0,1149,65,89,0,0,0,0,3
BraTS-GLI-01255-000,pspds,0.5,1.0,0,2.0,1140,54,98,,,,,3
BraTS-GLI-01255-000,pspds,0.5,1.0,1,-6.0,1180,119,58,,,,,3
BraTS-GLI-01255-000,pspds,0.5,1.0,1,-4.02,1172,87,66,,,,,3
BraTS-GLI-01255-000,pspds,0.5,1.0,1,-2.0,1159,74,79,,,,,3
BraTS-GLI-01255-000,pspds,0.5,1.0,1,0.0,1146,59,92,,,,,3
BraTS-GLI-01255-000,pspds,0.5,1.0,1,2.0,1137,50,101,,,,,3
BraTS-GLI-01255-000,pspds,0.5,1.0,2,-6.0,7439,11558,74,,,,,3
BraTS-GLI-01255-000,pspds,0.5,1.0,2,-4.02,7414,10186,99,,,,,3
BraTS-GLI-01255-000,pspds,0.5,1.0,2,-2.0,7382,8918,131,,,,,3
BraTS-GLI-01255-000,pspds,0.5,1.0,2,0.0,7315,7856,198,,,,,3
BraTS-GLI-01255-000,pspds,0.5,1.0,2,2.0,7228,6788,285,,,,,3
BraTS-GLI-01255-000,pspds,1.0,0.0,0,-6.0,1183,117,55,,,,,3
BraTS-GLI-01255-000,pspds,1.0,0.0,0,-4.02,1175,95,63,0,0,0,0,3
BraTS-GLI-01255-000,pspds,1.0,0.0,0,-2.0,1162,75,76,,,,,3
BraTS-GLI-01255-000,pspds,1.0,0.0,0,0.0,1149,65,89,0,0,0,0,3
BraTS-GLI-01255-000,pspds,1.0,0.0,0,2.0,1140,54,98,,,,,3
BraTS-GLI-01255-000,pspds,1.0,0.0,1,-6.0,1180,119,58,,,,,3
BraTS-GLI-01255-000,pspds,1.0,0.0,1,-4.02,1172,87,66,,,,,3
BraTS-GLI-01255-000,pspds,1.0,0.0,1,-2.0,1159,74,79,,,,,3
BraTS-GLI-01255-000,pspds,1.0,0.0,1,0.0,1146,59,92,,,,,3
BraTS-GLI-01255-000,pspds,1.0,0.0,1,2.0,1137,50,101,,,,,3
BraTS-GLI-01255-000,pspds,1.0,0.0,2,-6.0,7439,11558,74,,,,,3
BraTS-GLI-01255-000,pspds,1.0,0.0,2,-4.02,7414,10186,99,,,,,3
BraTS-GLI-01255-000,pspds,1.0,0.0,2,-2.0,7382,8918,131,,,,,3
BraTS-GLI-01255-000,pspds,1.0,0.0,2,0.0,7315,7856,198,,,,,3
BraTS-GLI-01255-000,pspds,1.0,0.0,2,2.0,7228,6788,285,,,,,3
BraTS-GLI-01255-000,pspds,1.0,1.0,0,-6.0,1183,117,55,,,,,3
BraTS-GLI-01255-000,pspds,1.0,1.0,0,-4.02,1175,95,63,0,0,0,0,3
BraTS-GLI-01255-000,pspds,1.0,1.0,0,-2.0,1162,75,76,,,,,3
BraTS-GLI-01255-000,pspds,1.0,1.0,0,0.0,1149,65,89,0,0,0,0,3
BraTS-GLI-01255-000,pspds,1.0,1.0,0,2.0,1140,54,98,,,,,3
BraTS-GLI-01255-000,pspds,1.0,1.0,1,-6.0,1180,119,58,,,,,3
BraTS-GLI-01255-000,pspds,1.0,1.0,1,-4.02,1172,87,66,,,,,3
BraTS-GLI-01255-000,pspds,1.0,1.0,1,-2.0,1159,74,79,,,,,3
BraTS-GLI-01255-000,pspds,1.0,1.0,1,0.0,1146,59,92,,,,,3
BraTS-GLI-01255-000,pspds,1.0,1.0,1,2.0,1137,50,101,,,,,3
BraTS-GLI-01255-000,pspds,1.0,1.0,2,-6.0,7439,11558,74,,,,,3
BraTS-GLI-01255-000,pspds,1.0,1.0,2,-4.02,7414,10186,99,,,,,3
BraTS-GLI-01255-000,pspds,1.0,1.0,2,-2.0,7382,8918,131,,,,,3
BraTS-GLI-01255-000,pspds,1.0,1.0,2,0.0,7315,7856,198,,,,,3
BraTS-GLI-01255-000,pspds,1.0,1.0,2,2.0,7228,6788,285,,,,,3
BraTS-GLI-01255-000,interp,0.5,0.0,0,-6.0,1183,117,55,,,,,3
BraTS-GLI-01255-000,interp,0.5,0.0,0,-4.02,1175,95,63,0,0,0,0,3
BraTS-GLI-01255-000,interp,0.5,0.0,0,-2.0,1162,75,76,,,,,3
BraTS-GLI-01255-000,interp,0.5,0.0,0,0.0,1149,65,89,0,0,0,0,3
BraTS-GLI-01255-000,interp,0.5,0.0,0,2.0,1140,54,98,,,,,3
BraTS-GLI-01255-000,interp,0.5,0.0,1,-6.0,1180,119,58,,,,,3
BraTS-GLI-01255-000,interp,0.5,0.0,1,-4.02,1172,87,66,,,,,3
BraTS-GLI-01255-000,interp,0.5,0.0,1,-2.0,1159,74,79,,,,,3
BraTS-GLI-01255-000,interp,0.5,0.0,1,0.0,1146,59,92,,,,,3
BraTS-GLI-01255-000,interp,0.5,0.0,1,2.0,1137,50,101,,,,,3
BraTS-GLI-01255-000,interp,0.5,0.0,2,-6.0,7439,11558,74,,,,,3
BraTS-GLI-01255-000,interp,0.5,0.0,2,-4.02,7414,10186,99,,,,,3
BraTS-GLI-01255-000,interp,0.5,0.0,2,-2.0,7382,8918,131,,,,,3
BraTS-GLI-01255-000,interp,0.5,0.0,2,0.0,7315,7856,198,,,,,3
BraTS-GLI-01255-000,interp,0.5,0.0,2,2.0,7228,6788,285,,,,,3
BraTS-GLI-01255-000,interp,1.0,0.0,0,-6.0,1183,117,55,,,,,3
BraTS-GLI-01255-000,interp,1.0,0.0,0,-4.02,1175,95,63,0,0,0,0,3
BraTS-GLI-01255-000,interp,1.0,0.0,0,-2.0,1162,75,76,,,,,3
BraTS-GLI-01255-000,interp,1.0,0.0,0,0.0,1149,65,89,0,0,0,0,3
BraTS-GLI-01255-000,interp,1.0,0.0,0,2.0,1140,54,98,,,,,3
BraTS-GLI-01255-000,interp,1.0,0.0,1,-6.0,1180,119,58,,,,,3
BraTS-GLI-01255-000,interp,1.0,0.0,1,-4.02,1172,87,66,,,,,3
BraTS-GLI-01255-000,interp,1.0,0.0,1,-2.0,1159,74,79,,,,,3
BraTS-GLI-01255-000,interp,1.0,0.0,1,0.0,1146,59,92,,,,,3
BraTS-GLI-01255-000,interp,1.0,0.0,1,2.0,1137,50,101,,,,,3
BraTS-GLI-01255-000,interp,1.0,0.0,2,-6.0,7439,11558,74,,,,,3
BraTS-GLI-01255-000,interp,1.0,0.0,2,-4.02,7414,10186,99,,,,,3
BraTS-GLI-01255-000,interp,1.0,0.0,2,-2.0,7382,8918,131,,,,,3
BraTS-GLI-01255-000,interp,1.0,0.0,2,0.0,7315,7856,198,,,,,3
BraTS-GLI-01255-000,interp,1.0,0.0,2,2.0,7228,6788,285,,,,,3
BraTS-GLI-01255-000,global,0.5,0.0,0,-6.0,1183,117,55,,,,,3
BraTS-GLI-01255-000,global,0.5,0.0,0,-4.02,1175,95,63,0,0,0,0,3
BraTS-GLI-01255-000,global,0.5,0.0,0,-2.0,1162,75,76,,,,,3
BraTS-GLI-01255-000,global,0.5,0.0,0,0.0,1149,65,89,0,0,0,0,3
BraTS-GLI-01255-000,global,0.5,0.0,0,2.0,1140,54,98,,,,,3
BraTS-GLI-01255-000,global,0.5,0.0,1,-6.0,1180,119,58,,,,,3
BraTS-GLI-01255-000,global,0.5,0.0,1,-4.02,1172,87,66,,,,,3
BraTS-GLI-01255-000,global,0.5,0.0,1,-2.0,1159,74,79,,,,,3
BraTS-GLI-01255-000,global,0.5,0.0,1,0.0,1146,59,92,,,,,3
BraTS-GLI-01255-000,global,0.5,0.0,1,2.0,1137,50,101,,,,,3
BraTS-GLI-01255-000,global,0.5,0.0,2,-6.0,7439,11558,74,,,,,3
BraTS-GLI-01255-000,global,0.5,0.0,2,-4.02,7414,10186,99,,,,,3
BraTS-GLI-01255-000,global,0.5,0.0,2,-2.0,7382,8918,131,,,,,3
BraTS-GLI-01255-000,global,0.5,0.0,2,0.0,7315,7856,198,,,,,3
BraTS-GLI-01255-000,global,0.5,0.0,2,2.0,7228,6788,285,,,,,3
BraTS-GLI-01255-000,global,1.0,0.0,0,-6.0,1183,117,55,,,,,3
BraTS-GLI-01255-000,global,1.0,0.0,0,-4.02,1175,95,63,0,0,0,0,3
BraTS-GLI-01255-000,global,1.0,0.0,0,-2.0,1162,75,76,,,,,3
BraTS-GLI-01255-000,global,1.0,0.0,0,0.0,1149,65,89,0,0,0,0,3
BraTS-GLI-01255-000,global,1.0,0.0,0,2.0,1140,54,98,,,,,3
BraTS-GLI-01255-000,global,1.0,0.0,1,-6.0,1180,119,58,,,,,3
BraTS-GLI-01255-000,global,1.0,0.0,1,-4.02,1172,87,66,,,,,3
BraTS-GLI-01255-000,global,1.0,0.0,1,-2.0,1159,74,79,,,,,3
BraTS-GLI-01255-000,global,1.0,0.0,1,0.0,1146,59,92,,,,,3
BraTS-GLI-01255-000,global,1.0,0.0,1,2.0,1137,50,101,,,,,3
BraTS-GLI-01255-000,global,1.0,0.0,2,-6.0,7439,11558,74,,,,,3
BraTS-GLI-01255-000,global,1.0,0.0,2,-4.02,7414,10186,99,,,,,3
BraTS-GLI-01255-000,global,1.0,0.0,2,-2.0,7382,8918,131,,,,,3
BraTS-GLI-01255-000,global,1.0,0.0,2,0.0,7315,7856,198,,,,,3
BraTS-GLI-01255-000,global,1.0,0.0,2,2.0,7228,6788,285,,,,,3
BraTS-GLI-01255-000,dilate,0.0,0.0,0,-6.0,1183,117,55,,,,,3
BraTS-GLI-01255-000,dilate,0.0,0.0,0,-4.02,1175,95,63,0,0,0,0,3
BraTS-GLI-01255-000,dilate,0.0,0.0,0,-2.0,1162,75,76,,,,,3
BraTS-GLI-01255-000,dilate,0.0,0.0,0,0.0,1149,65,89,0,0,0,0,3
BraTS-GLI-01255-000,dilate,0.0,0.0,0,2.0,1140,54,98,,,,,3
BraTS-GLI-01255-000,dilate,0.0,0.0,1,-6.0,1180,119,58,,,,,3
BraTS-GLI-01255-000,dilate,0.0,0.0,1,-4.02,1172,87,66,,,,,3
BraTS-GLI-01255-000,dilate,0.0,0.0,1,-2.0,1159,74,79,,,,,3
BraTS-GLI-01255-000,dilate,0.0,0.0,1,0.0,1146,59,92,,,,,3
BraTS-GLI-01255-000,dilate,0.0,0.0,1,2.0,1137,50,101,,,,,3
BraTS-GLI-01255-000,dilate,0.0,0.0,2,-6.0,7439,11558,74,,,,,3
BraTS-GLI-01255-000,dilate,0.0,0.0,2,-4.02,7414,10186,99,,,,,3
BraTS-GLI-01255-000,dilate,0.0,0.0,2,-2.0,7382,8918,131,,,,,3
BraTS-GLI-01255-000,dilate,0.0,0.0,2,0.0,7315,7856,198,,,,,3
BraTS-GLI-01255-000,dilate,0.0,0.0,2,2.0,7228,6788,285,,,,,3
BraTS-GLI-01255-000,boost,2.0,0.0,0,-6.0,1183,117,55,,,,,3
BraTS-GLI-01255-000,boost,2.0,0.0,0,-4.02,1175,95,63,0,0,0,0,3
BraTS-GLI-01255-000,boost,2.0,0.0,0,-2.0,1162,75,76,,,,,3
BraTS-GLI-01255-000,boost,2.0,0.0,0,0.0,1149,65,89,0,0,0,0,3
BraTS-GLI-01255-000,boost,2.0,0.0,0,2.0,1140,54,98,,,,,3
BraTS-GLI-01255-000,boost,2.0,0.0,1,-6.0,1180,119,58,,,,,3
BraTS-GLI-01255-000,boost,2.0,0.0,1,-4.02,1172,87,66,,,,,3
BraTS-GLI-01255-000,boost,2.0,0.0,1,-2.0,1159,74,79,,,,,3
BraTS-GLI-01255-000,boost,2.0,0.0,1,0.0,1146,59,92,,,,,3
BraTS-GLI-01255-000,boost,2.0,0.0,1,2.0,1137,50,101,,,,,3
BraTS-GLI-01255-000,boost,2.0,0.0,2,-6.0,7439,11558,74,,,,,3
BraTS-GLI-01255-000,boost,2.0,0.0,2,-4.02,7414,10186,99,,,,,3
BraTS-GLI-01255-000,boost,2.0,0.0,2,-2.0,7382,8918,131,,,,,3
BraTS-GLI-01255-000,boost,2.0,0.0,2,0.0,7315,7856,198,,,,,3
BraTS-GLI-01255-000,boost,2.0,0.0,2,2.0,7228,6788,285,,,,,3
BraTS-GLI-01255-000,boost,4.0,0.0,0,-6.0,1183,117,55,,,,,3
BraTS-GLI-01255-000,boost,4.0,0.0,0,-4.02,1175,95,63,0,0,0,0,3
BraTS-GLI-01255-000,boost,4.0,0.0,0,-2.0,1162,75,76,,,,,3
BraTS-GLI-01255-000,boost,4.0,0.0,0,0.0,1149,65,89,0,0,0,0,3
BraTS-GLI-01255-000,boost,4.0,0.0,0,2.0,1140,54,98,,,,,3
BraTS-GLI-01255-000,boost,4.0,0.0,1,-6.0,1180,119,58,,,,,3
BraTS-GLI-01255-000,boost,4.0,0.0,1,-4.02,1172,87,66,,,,,3
BraTS-GLI-01255-000,boost,4.0,0.0,1,-2.0,1159,74,79,,,,,3
BraTS-GLI-01255-000,boost,4.0,0.0,1,0.0,1146,59,92,,,,,3
BraTS-GLI-01255-000,boost,4.0,0.0,1,2.0,1137,50,101,,,,,3
BraTS-GLI-01255-000,boost,4.0,0.0,2,-6.0,7439,11558,74,,,,,3
BraTS-GLI-01255-000,boost,4.0,0.0,2,-4.02,7414,10186,99,,,,,3
BraTS-GLI-01255-000,boost,4.0,0.0,2,-2.0,7382,8918,131,,,,,3
BraTS-GLI-01255-000,boost,4.0,0.0,2,0.0,7315,7856,198,,,,,3
BraTS-GLI-01255-000,boost,4.0,0.0,2,2.0,7228,6788,285,,,,,3
BraTS-GLI-01273-000,none,0.0,0.0,0,-6.0,1469,1843,1,,,,,22
BraTS-GLI-01273-000,none,0.0,0.0,0,-4.02,1468,1775,2,0,0,0,0,22
BraTS-GLI-01273-000,none,0.0,0.0,0,-2.0,1466,1699,4,,,,,22
BraTS-GLI-01273-000,none,0.0,0.0,0,0.0,1465,1646,5,0,0,0,0,22
BraTS-GLI-01273-000,none,0.0,0.0,0,2.0,1463,1575,7,,,,,22
BraTS-GLI-01273-000,none,0.0,0.0,1,-6.0,3058,300,551,,,,,22
BraTS-GLI-01273-000,none,0.0,0.0,1,-4.02,3027,258,582,,,,,22
BraTS-GLI-01273-000,none,0.0,0.0,1,-2.0,2987,232,622,,,,,22
BraTS-GLI-01273-000,none,0.0,0.0,1,0.0,2947,198,662,,,,,22
BraTS-GLI-01273-000,none,0.0,0.0,1,2.0,2907,167,702,,,,,22
BraTS-GLI-01273-000,none,0.0,0.0,2,-6.0,5374,265,1911,,,,,22
BraTS-GLI-01273-000,none,0.0,0.0,2,-4.02,5272,168,2013,,,,,22
BraTS-GLI-01273-000,none,0.0,0.0,2,-2.0,5150,109,2135,,,,,22
BraTS-GLI-01273-000,none,0.0,0.0,2,0.0,5038,57,2247,,,,,22
BraTS-GLI-01273-000,none,0.0,0.0,2,2.0,4918,37,2367,,,,,22
BraTS-GLI-01273-000,pspds,0.5,0.0,0,-6.0,1469,1873,1,,,,,22
BraTS-GLI-01273-000,pspds,0.5,0.0,0,-4.02,1468,1803,2,0,0,0,0,22
BraTS-GLI-01273-000,pspds,0.5,0.0,0,-2.0,1468,1736,2,,,,,22
BraTS-GLI-01273-000,pspds,0.5,0.0,0,0.0,1466,1674,4,0,0,0,0,22
BraTS-GLI-01273-000,pspds,0.5,0.0,0,2.0,1464,1614,6,,,,,22
BraTS-GLI-01273-000,pspds,0.5,0.0,1,-6.0,3071,319,538,,,,,22
BraTS-GLI-01273-000,pspds,0.5,0.0,1,-4.02,3037,281,572,,,,,22
BraTS-GLI-01273-000,pspds,0.5,0.0,1,-2.0,3003,250,606,,,,,22
BraTS-GLI-01273-000,pspds,0.5,0.0,1,0.0,2963,214,646,,,,,22
BraTS-GLI-01273-000,pspds,0.5,0.0,1,2.0,2929,192,680,,,,,22
BraTS-GLI-01273-000,pspds,0.5,0.0,2,-6.0,5377,288,1908,,,,,22
BraTS-GLI-01273-000,pspds,0.5,0.0,2,-4.02,5270,187,2015,,,,,22
BraTS-GLI-01273-000,pspds,0.5,0.0,2,-2.0,5156,121,2129,,,,,22
BraTS-GLI-01273-000,pspds,0.5,0.0,2,0.0,5042,72,2243,,,,,22
BraTS-GLI-01273-000,pspds,0.5,0.0,2,2.0,4923,43,2362,,,,,22
BraTS-GLI-01273-000,pspds,0.5,1.0,0,-6.0,1469,1859,1,,,,,22
BraTS-GLI-01273-000,pspds,0.5,1.0,0,-4.02,1468,1788,2,0,0,0,0,22
BraTS-GLI-01273-000,pspds,0.5,1.0,0,-2.0,1467,1713,3,,,,,22
BraTS-GLI-01273-000,pspds,0.5,1.0,0,0.0,1465,1663,5,0,0,0,0,22
BraTS-GLI-01273-000,pspds,0.5,1.0,0,2.0,1463,1597,7,,,,,22
BraTS-GLI-01273-000,pspds,0.5,1.0,1,-6.0,3065,309,544,,,,,22
BraTS-GLI-01273-000,pspds,0.5,1.0,1,-4.02,3034,267,575,,,,,22
BraTS-GLI-01273-000,pspds,0.5,1.0,1,-2.0,2995,239,614,,,,,22
BraTS-GLI-01273-000,pspds,0.5,1.0,1,0.0,2958,209,651,,,,,22
BraTS-GLI-01273-000,pspds,0.5,1.0,1,2.0,2920,180,689,,,,,22
BraTS-GLI-01273-000,pspds,0.5,1.0,2,-6.0,5377,273,1908,,,,,22
BraTS-GLI-01273-000,pspds,0.5,1.0,2,-4.02,5271,183,2014,,,,,22
BraTS-GLI-01273-000,pspds,0.5,1.0,2,-2.0,5145,114,2140,,,,,22
BraTS-GLI-01273-000,pspds,0.5,1.0,2,0.0,5037,67,2248,,,,,22
BraTS-GLI-01273-000,pspds,0.5,1.0,2,2.0,4923,41,2362,,,,,22
BraTS-GLI-01273-000,pspds,1.0,0.0,0,-6.0,1469,1894,1,,,,,22
BraTS-GLI-01273-000,pspds,1.0,0.0,0,-4.02,1469,1824,1,0,0,0,0,22
BraTS-GLI-01273-000,pspds,1.0,0.0,0,-2.0,1468,1758,2,,,,,22
BraTS-GLI-01273-000,pspds,1.0,0.0,0,0.0,1466,1696,4,0,0,0,0,22
BraTS-GLI-01273-000,pspds,1.0,0.0,0,2.0,1465,1641,5,,,,,22
BraTS-GLI-01273-000,pspds,1.0,0.0,1,-6.0,3083,334,526,,,,,22
BraTS-GLI-01273-000,pspds,1.0,0.0,1,-4.02,3045,297,564,,,,,22
BraTS-GLI-01273-000,pspds,1.0,0.0,1,-2.0,3012,262,597,,,,,22
BraTS-GLI-01273-000,pspds,1.0,0.0,1,0.0,2972,237,637,,,,,22
BraTS-GLI-01273-000,pspds,1.0,0.0,1,2.0,2945,206,664,,,,,22
BraTS-GLI-01273-000,pspds,1.0,0.0,2,-6.0,5380,310,1905,,,,,22
BraTS-GLI-01273-000,pspds,1.0,0.0,2,-4.02,5269,217,2016,,,,,22
BraTS-GLI-01273-000,pspds,1.0,0.0,2,-2.0,5167,139,2118,,,,,22
BraTS-GLI-01273-000,pspds,1.0,0.0,2,0.0,5050,90,2235,,,,,22
BraTS-GLI-01273-000,pspds,1.0,0.0,2,2.0,4929,53,2356,,,,,22
BraTS-GLI-01273-000,pspds,1.0,1.0,0,-6.0,1469,1872,1,,,,,22
BraTS-GLI-01273-000,pspds,1.0,1.0,0,-4.02,1468,1801,2,0,0,0,0,22
BraTS-GLI-01273-000,pspds,1.0,1.0,0,-2.0,1468,1730,2,,,,,22
BraTS-GLI-01273-000,pspds,1.0,1.0,0,0.0,1466,1672,4,0,0,0,0,22
BraTS-GLI-01273-000,pspds,1.0,1.0,0,2.0,1464,1610,6,,,,,22
BraTS-GLI-01273-000,pspds,1.0,1.0,1,-6.0,3071,319,538,,,,,22
BraTS-GLI-01273-000,pspds,1.0,1.0,1,-4.02,3037,278,572,,,,,22
BraTS-GLI-01273-000,pspds,1.0,1.0,1,-2.0,3002,244,607,,,,,22
BraTS-GLI-01273-000,pspds,1.0,1.0,1,0.0,2962,213,647,,,,,22
BraTS-GLI-01273-000,pspds,1.0,1.0,1,2.0,2927,192,682,,,,,22
BraTS-GLI-01273-000,pspds,1.0,1.0,2,-6.0,5375,286,1910,,,,,22
BraTS-GLI-01273-000,pspds,1.0,1.0,2,-4.02,5269,187,2016,,,,,22
BraTS-GLI-01273-000,pspds,1.0,1.0,2,-2.0,5154,120,2131,,,,,22
BraTS-GLI-01273-000,pspds,1.0,1.0,2,0.0,5040,72,2245,,,,,22
BraTS-GLI-01273-000,pspds,1.0,1.0,2,2.0,4922,42,2363,,,,,22
BraTS-GLI-01273-000,interp,0.5,0.0,0,-6.0,1470,1989,0,,,,,22
BraTS-GLI-01273-000,interp,0.5,0.0,0,-4.02,1468,1924,2,0,0,0,0,22
BraTS-GLI-01273-000,interp,0.5,0.0,0,-2.0,1468,1846,2,,,,,22
BraTS-GLI-01273-000,interp,0.5,0.0,0,0.0,1467,1784,3,0,0,0,0,22
BraTS-GLI-01273-000,interp,0.5,0.0,0,2.0,1466,1704,4,,,,,22
BraTS-GLI-01273-000,interp,0.5,0.0,1,-6.0,3135,389,474,,,,,22
BraTS-GLI-01273-000,interp,0.5,0.0,1,-4.02,3097,355,512,,,,,22
BraTS-GLI-01273-000,interp,0.5,0.0,1,-2.0,3055,321,554,,,,,22
BraTS-GLI-01273-000,interp,0.5,0.0,1,0.0,3020,277,589,,,,,22
BraTS-GLI-01273-000,interp,0.5,0.0,1,2.0,2983,237,626,,,,,22
BraTS-GLI-01273-000,interp,0.5,0.0,2,-6.0,5575,591,1710,,,,,22
BraTS-GLI-01273-000,interp,0.5,0.0,2,-4.02,5476,429,1809,,,,,22
BraTS-GLI-01273-000,interp,0.5,0.0,2,-2.0,5353,298,1932,,,,,22
BraTS-GLI-01273-000,interp,0.5,0.0,2,0.0,5238,201,2047,,,,,22
BraTS-GLI-01273-000,interp,0.5,0.0,2,2.0,5117,138,2168,,,,,22
BraTS-GLI-01273-000,interp,1.0,0.0,0,-6.0,1470,2159,0,,,,,22
BraTS-GLI-01273-000,interp,1.0,0.0,0,-4.02,1470,2079,0,0,0,0,0,22
BraTS-GLI-01273-000,interp,1.0,0.0,0,-2.0,1469,2003,1,,,,,22
BraTS-GLI-01273-000,interp,1.0,0.0,0,0.0,1468,1941,2,0,0,0,0,22
BraTS-GLI-01273-000,interp,1.0,0.0,0,2.0,1467,1850,3,,,,,22
BraTS-GLI-01273-000,interp,1.0,0.0,1,-6.0,3186,529,423,,,,,22
BraTS-GLI-01273-000,interp,1.0,0.0,1,-4.02,3164,466,445,,,,,22
BraTS-GLI-01273-000,interp,1.0,0.0,1,-2.0,3128,424,481,,,,,22
BraTS-GLI-01273-000,interp,1.0,0.0,1,0.0,3092,380,517,,,,,22
BraTS-GLI-01273-000,interp,1.0,0.0,1,2.0,3049,333,560,,,,,22
BraTS-GLI-01273-000,interp,1.0,0.0,2,-6.0,5767,1005,1518,,,,,22
BraTS-GLI-01273-000,interp,1.0,0.0,2,-4.02,5655,747,1630,,,,,22
BraTS-GLI-01273-000,interp,1.0,0.0,2,-2.0,5548,553,1737,,,,,22
BraTS-GLI-01273-000,interp,1.0,0.0,2,0.0,5428,408,1857,,,,,22
BraTS-GLI-01273-000,interp,1.0,0.0,2,2.0,5312,293,1973,,,,,22
BraTS-GLI-01273-000,global,0.5,0.0,0,-6.0,1470,2183,0,,,,,22
BraTS-GLI-01273-000,global,0.5,0.0,0,-4.02,1470,2104,0,0,0,0,0,22
BraTS-GLI-01273-000,global,0.5,0.0,0,-2.0,1469,2030,1,,,,,22
BraTS-GLI-01273-000,global,0.5,0.0,0,0.0,1468,1951,2,0,0,0,0,22
BraTS-GLI-01273-000,global,0.5,0.0,0,2.0,1468,1860,2,,,,,22
BraTS-GLI-01273-000,global,0.5,0.0,1,-6.0,3212,537,397,,,,,22
BraTS-GLI-01273-000,global,0.5,0.0,1,-4.02,3172,492,437,,,,,22
BraTS-GLI-01273-000,global,0.5,0.0,1,-2.0,3149,435,460,,,,,22
BraTS-GLI-01273-000,global,0.5,0.0,1,0.0,3112,382,497,,,,,22
BraTS-GLI-01273-000,global,0.5,0.0,1,2.0,3060,326,549,,,,,22
BraTS-GLI-01273-000,global,0.5,0.0,2,-6.0,5872,1101,1413,,,,,22
BraTS-GLI-01273-000,global,0.5,0.0,2,-4.02,5762,783,1523,,,,,22
BraTS-GLI-01273-000,global,0.5,0.0,2,-2.0,5631,552,1654,,,,,22
BraTS-GLI-01273-000,global,0.5,0.0,2,0.0,5510,402,1775,,,,,22
BraTS-GLI-01273-000,global,0.5,0.0,2,2.0,5375,279,1910,,,,,22
BraTS-GLI-01273-000,global,1.0,0.0,0,-6.0,1470,3423,0,,,,,22
BraTS-GLI-01273-000,global,1.0,0.0,0,-4.02,1470,3001,0,0,0,0,5,22
BraTS-GLI-01273-000,global,1.0,0.0,0,-2.0,1470,2726,0,,,,,22
BraTS-GLI-01273-000,global,1.0,0.0,0,0.0,1469,2515,1,0,0,0,4,22
BraTS-GLI-01273-000,global,1.0,0.0,0,2.0,1468,2356,2,,,,,22
BraTS-GLI-01273-000,global,1.0,0.0,1,-6.0,3433,10815,176,,,,,22
BraTS-GLI-01273-000,global,1.0,0.0,1,-4.02,3413,9565,196,,,,,22
BraTS-GLI-01273-000,global,1.0,0.0,1,-2.0,3383,8142,226,,,,,22
BraTS-GLI-01273-000,global,1.0,0.0,1,0.0,3342,6585,267,,,,,22
BraTS-GLI-01273-000,global,1.0,0.0,1,2.0,3310,5015,299,,,,,22
BraTS-GLI-01273-000,global,1.0,0.0,2,-6.0,6944,15095,341,,,,,22
BraTS-GLI-01273-000,global,1.0,0.0,2,-4.02,6873,12775,412,,,,,22
BraTS-GLI-01273-000,global,1.0,0.0,2,-2.0,6806,10635,479,,,,,22
BraTS-GLI-01273-000,global,1.0,0.0,2,0.0,6706,8629,579,,,,,22
BraTS-GLI-01273-000,global,1.0,0.0,2,2.0,6587,6782,698,,,,,22
BraTS-GLI-01273-000,dilate,0.0,0.0,0,-6.0,1470,3960,0,,,,,22
BraTS-GLI-01273-000,dilate,0.0,0.0,0,-4.02,1470,3880,0,0,0,0,0,22
BraTS-GLI-01273-000,dilate,0.0,0.0,0,-2.0,1470,3767,0,,,,,22
BraTS-GLI-01273-000,dilate,0.0,0.0,0,0.0,1470,3698,0,0,0,0,0,22
BraTS-GLI-01273-000,dilate,0.0,0.0,0,2.0,1470,3630,0,,,,,22
BraTS-GLI-01273-000,dilate,0.0,0.0,1,-6.0,3058,300,551,,,,,22
BraTS-GLI-01273-000,dilate,0.0,0.0,1,-4.02,3027,258,582,,,,,22
BraTS-GLI-01273-000,dilate,0.0,0.0,1,-2.0,2987,232,622,,,,,22
BraTS-GLI-01273-000,dilate,0.0,0.0,1,0.0,2947,198,662,,,,,22
BraTS-GLI-01273-000,dilate,0.0,0.0,1,2.0,2907,167,702,,,,,22
BraTS-GLI-01273-000,dilate,0.0,0.0,2,-6.0,5374,265,1911,,,,,22
BraTS-GLI-01273-000,dilate,0.0,0.0,2,-4.02,5272,168,2013,,,,,22
BraTS-GLI-01273-000,dilate,0.0,0.0,2,-2.0,5150,109,2135,,,,,22
BraTS-GLI-01273-000,dilate,0.0,0.0,2,0.0,5038,57,2247,,,,,22
BraTS-GLI-01273-000,dilate,0.0,0.0,2,2.0,4918,37,2367,,,,,22
BraTS-GLI-01273-000,boost,2.0,0.0,0,-6.0,1469,1904,1,,,,,22
BraTS-GLI-01273-000,boost,2.0,0.0,0,-4.02,1469,1837,1,0,0,0,0,22
BraTS-GLI-01273-000,boost,2.0,0.0,0,-2.0,1468,1769,2,,,,,22
BraTS-GLI-01273-000,boost,2.0,0.0,0,0.0,1466,1691,4,0,0,0,0,22
BraTS-GLI-01273-000,boost,2.0,0.0,0,2.0,1465,1641,5,,,,,22
BraTS-GLI-01273-000,boost,2.0,0.0,1,-6.0,3058,300,551,,,,,22
BraTS-GLI-01273-000,boost,2.0,0.0,1,-4.02,3027,258,582,,,,,22
BraTS-GLI-01273-000,boost,2.0,0.0,1,-2.0,2987,232,622,,,,,22
BraTS-GLI-01273-000,boost,2.0,0.0,1,0.0,2947,198,662,,,,,22
BraTS-GLI-01273-000,boost,2.0,0.0,1,2.0,2907,167,702,,,,,22
BraTS-GLI-01273-000,boost,2.0,0.0,2,-6.0,5374,265,1911,,,,,22
BraTS-GLI-01273-000,boost,2.0,0.0,2,-4.02,5272,168,2013,,,,,22
BraTS-GLI-01273-000,boost,2.0,0.0,2,-2.0,5150,109,2135,,,,,22
BraTS-GLI-01273-000,boost,2.0,0.0,2,0.0,5038,57,2247,,,,,22
BraTS-GLI-01273-000,boost,2.0,0.0,2,2.0,4918,37,2367,,,,,22
BraTS-GLI-01273-000,boost,4.0,0.0,0,-6.0,1470,1978,0,,,,,22
BraTS-GLI-01273-000,boost,4.0,0.0,0,-4.02,1469,1899,1,0,0,0,0,22
BraTS-GLI-01273-000,boost,4.0,0.0,0,-2.0,1469,1833,1,,,,,22
BraTS-GLI-01273-000,boost,4.0,0.0,0,0.0,1468,1761,2,0,0,0,0,22
BraTS-GLI-01273-000,boost,4.0,0.0,0,2.0,1466,1686,4,,,,,22
BraTS-GLI-01273-000,boost,4.0,0.0,1,-6.0,3058,300,551,,,,,22
BraTS-GLI-01273-000,boost,4.0,0.0,1,-4.02,3027,258,582,,,,,22
BraTS-GLI-01273-000,boost,4.0,0.0,1,-2.0,2987,232,622,,,,,22
BraTS-GLI-01273-000,boost,4.0,0.0,1,0.0,2947,198,662,,,,,22
BraTS-GLI-01273-000,boost,4.0,0.0,1,2.0,2907,167,702,,,,,22
BraTS-GLI-01273-000,boost,4.0,0.0,2,-6.0,5374,265,1911,,,,,22
BraTS-GLI-01273-000,boost,4.0,0.0,2,-4.02,5272,168,2013,,,,,22
BraTS-GLI-01273-000,boost,4.0,0.0,2,-2.0,5150,109,2135,,,,,22
BraTS-GLI-01273-000,boost,4.0,0.0,2,0.0,5038,57,2247,,,,,22
BraTS-GLI-01273-000,boost,4.0,0.0,2,2.0,4918,37,2367,,,,,22
BraTS-GLI-00619-000,none,0.0,0.0,0,-6.0,37844,1406,1820,,,,,283
BraTS-GLI-00619-000,none,0.0,0.0,0,-4.02,37321,852,2343,0,0,0,0,283
BraTS-GLI-00619-000,none,0.0,0.0,0,-2.0,36576,476,3088,,,,,283
BraTS-GLI-00619-000,none,0.0,0.0,0,0.0,35668,255,3996,0,0,0,0,283
BraTS-GLI-00619-000,none,0.0,0.0,0,2.0,34579,133,5085,,,,,283
BraTS-GLI-00619-000,none,0.0,0.0,1,-6.0,49130,736,1413,,,,,283
BraTS-GLI-00619-000,none,0.0,0.0,1,-4.02,48805,558,1738,,,,,283
BraTS-GLI-00619-000,none,0.0,0.0,1,-2.0,48412,390,2131,,,,,283
BraTS-GLI-00619-000,none,0.0,0.0,1,0.0,47976,288,2567,,,,,283
BraTS-GLI-00619-000,none,0.0,0.0,1,2.0,47483,228,3060,,,,,283
BraTS-GLI-00619-000,none,0.0,0.0,2,-6.0,127400,15511,1499,,,,,283
BraTS-GLI-00619-000,none,0.0,0.0,2,-4.02,126887,12304,2012,,,,,283
BraTS-GLI-00619-000,none,0.0,0.0,2,-2.0,126155,9302,2744,,,,,283
BraTS-GLI-00619-000,none,0.0,0.0,2,0.0,125159,6774,3740,,,,,283
BraTS-GLI-00619-000,none,0.0,0.0,2,2.0,123793,4394,5106,,,,,283
BraTS-GLI-00619-000,pspds,0.5,0.0,0,-6.0,37921,1433,1743,,,,,283
BraTS-GLI-00619-000,pspds,0.5,0.0,0,-4.02,37407,891,2257,0,0,0,0,283
BraTS-GLI-00619-000,pspds,0.5,0.0,0,-2.0,36656,502,3008,,,,,283
BraTS-GLI-00619-000,pspds,0.5,0.0,0,0.0,35760,277,3904,0,0,0,0,283
BraTS-GLI-00619-000,pspds,0.5,0.0,0,2.0,34713,154,4951,,,,,283
BraTS-GLI-00619-000,pspds,0.5,0.0,1,-6.0,49214,798,1329,,,,,283
BraTS-GLI-00619-000,pspds,0.5,0.0,1,-4.02,48896,612,1647,,,,,283
BraTS-GLI-00619-000,pspds,0.5,0.0,1,-2.0,48531,441,2012,,,,,283
BraTS-GLI-00619-000,pspds,0.5,0.0,1,0.0,48091,315,2452,,,,,283
BraTS-GLI-00619-000,pspds,0.5,0.0,1,2.0,47626,249,2917,,,,,283
BraTS-GLI-00619-000,pspds,0.5,0.0,2,-6.0,127454,15577,1445,,,,,283
BraTS-GLI-00619-000,pspds,0.5,0.0,2,-4.02,126939,12377,1960,,,,,283
BraTS-GLI-00619-000,pspds,0.5,0.0,2,-2.0,126226,9397,2673,,,,,283
BraTS-GLI-00619-000,pspds,0.5,0.0,2,0.0,125252,6854,3647,,,,,283
BraTS-GLI-00619-000,pspds,0.5,0.0,2,2.0,123897,4487,5002,,,,,283
BraTS-GLI-00619-000,pspds,0.5,1.0,0,-6.0,37875,1419,1789,,,,,283
BraTS-GLI-00619-000,pspds,0.5,1.0,0,-4.02,37366,872,2298,0,0,0,0,283
BraTS-GLI-00619-000,pspds,0.5,1.0,0,-2.0,36605,487,3059,,,,,283
BraTS-GLI-00619-000,pspds,0.5,1.0,0,0.0,35704,264,3960,0,0,0,0,283
BraTS-GLI-00619-000,pspds,0.5,1.0,0,2.0,34654,141,5010,,,,,283
BraTS-GLI-00619-000,pspds,0.5,1.0,1,-6.0,49164,763,1379,,,,,283
BraTS-GLI-00619-000,pspds,0.5,1.0,1,-4.02,48851,578,1692,,,,,283
BraTS-GLI-00619-000,pspds,0.5,1.0,1,-2.0,48468,414,2075,,,,,283
BraTS-GLI-00619-000,pspds,0.5,1.0,1,0.0,48020,297,2523,,,,,283
BraTS-GLI-00619-000,pspds,0.5,1.0,1,2.0,47544,234,2999,,,,,283
BraTS-GLI-00619-000,pspds,0.5,1.0,2,-6.0,127422,15525,1477,,,,,283
BraTS-GLI-00619-000,pspds,0.5,1.0,2,-4.02,126905,12322,1994,,,,,283
BraTS-GLI-00619-000,pspds,0.5,1.0,2,-2.0,126175,9337,2724,,,,,283
BraTS-GLI-00619-000,pspds,0.5,1.0,2,0.0,125196,6801,3703,,,,,283
BraTS-GLI-00619-000,pspds,0.5,1.0,2,2.0,123845,4437,5054,,,,,283
BraTS-GLI-00619-000,pspds,1.0,0.0,0,-6.0,37986,1475,1678,,,,,283
BraTS-GLI-00619-000,pspds,1.0,0.0,0,-4.02,37462,944,2202,0,0,0,0,283
BraTS-GLI-00619-000,pspds,1.0,0.0,0,-2.0,36724,548,2940,,,,,283
BraTS-GLI-00619-000,pspds,1.0,0.0,0,0.0,35838,305,3826,0,0,0,0,283
BraTS-GLI-00619-000,pspds,1.0,0.0,0,2.0,34825,174,4839,,,,,283
BraTS-GLI-00619-000,pspds,1.0,0.0,1,-6.0,49287,878,1256,,,,,283
BraTS-GLI-00619-000,pspds,1.0,0.0,1,-4.02,48981,671,1562,,,,,283
BraTS-GLI-00619-000,pspds,1.0,0.0,1,-2.0,48630,509,1913,,,,,283
BraTS-GLI-00619-000,pspds,1.0,0.0,1,0.0,48202,354,2341,,,,,283
BraTS-GLI-00619-000,pspds,1.0,0.0,1,2.0,47774,269,2769,,,,,283
BraTS-GLI-00619-000,pspds,1.0,0.0,2,-6.0,127498,15696,1401,,,,,283
BraTS-GLI-00619-000,pspds,1.0,0.0,2,-4.02,126974,12483,1925,,,,,283
BraTS-GLI-00619-000,pspds,1.0,0.0,2,-2.0,126294,9536,2605,,,,,283
BraTS-GLI-00619-000,pspds,1.0,0.0,2,0.0,125340,6936,3559,,,,,283
BraTS-GLI-00619-000,pspds,1.0,0.0,2,2.0,123994,4605,4905,,,,,283
BraTS-GLI-00619-000,pspds,1.0,1.0,0,-6.0,37912,1428,1752,,,,,283
BraTS-GLI-00619-000,pspds,1.0,1.0,0,-4.02,37395,885,2269,0,0,0,0,283
BraTS-GLI-00619-000,pspds,1.0,1.0,0,-2.0,36644,493,3020,,,,,283
BraTS-GLI-00619-000,pspds,1.0,1.0,0,0.0,35749,276,3915,0,0,0,0,283
BraTS-GLI-00619-000,pspds,1.0,1.0,0,2.0,34700,151,4964,,,,,283
BraTS-GLI-00619-000,pspds,1.0,1.0,1,-6.0,49202,791,1341,,,,,283
BraTS-GLI-00619-000,pspds,1.0,1.0,1,-4.02,48889,605,1654,,,,,283
BraTS-GLI-00619-000,pspds,1.0,1.0,1,-2.0,48507,433,2036,,,,,283
BraTS-GLI-00619-000,pspds,1.0,1.0,1,0.0,48080,309,2463,,,,,283
BraTS-GLI-00619-000,pspds,1.0,1.0,1,2.0,47609,245,2934,,,,,283
BraTS-GLI-00619-000,pspds,1.0,1.0,2,-6.0,127447,15568,1452,,,,,283
BraTS-GLI-00619-000,pspds,1.0,1.0,2,-4.02,126930,12359,1969,,,,,283
BraTS-GLI-00619-000,pspds,1.0,1.0,2,-2.0,126218,9379,2681,,,,,283
BraTS-GLI-00619-000,pspds,1.0,1.0,2,0.0,125248,6846,3651,,,,,283
BraTS-GLI-00619-000,pspds,1.0,1.0,2,2.0,123881,4476,5018,,,,,283
BraTS-GLI-00619-000,interp,0.5,0.0,0,-6.0,38259,1787,1405,,,,,283
BraTS-GLI-00619-000,interp,0.5,0.0,0,-4.02,37800,1178,1864,0,0,0,0,283
BraTS-GLI-00619-000,interp,0.5,0.0,0,-2.0,37065,739,2599,,,,,283
BraTS-GLI-00619-000,interp,0.5,0.0,0,0.0,36213,419,3451,0,0,0,0,283
BraTS-GLI-00619-000,interp,0.5,0.0,0,2.0,35173,248,4491,,,,,283
BraTS-GLI-00619-000,interp,0.5,0.0,1,-6.0,49586,1404,957,,,,,283
BraTS-GLI-00619-000,interp,0.5,0.0,1,-4.02,49296,1032,1247,,,,,283
BraTS-GLI-00619-000,interp,0.5,0.0,1,-2.0,49002,774,1541,,,,,283
BraTS-GLI-00619-000,interp,0.5,0.0,1,0.0,48603,575,1940,,,,,283
BraTS-GLI-00619-000,interp,0.5,0.0,1,2.0,48144,406,2399,,,,,283
BraTS-GLI-00619-000,interp,0.5,0.0,2,-6.0,127775,18083,1124,,,,,283
BraTS-GLI-00619-000,interp,0.5,0.0,2,-4.02,127369,14551,1530,,,,,283
BraTS-GLI-00619-000,interp,0.5,0.0,2,-2.0,126748,11259,2151,,,,,283
BraTS-GLI-00619-000,interp,0.5,0.0,2,0.0,125961,8415,2938,,,,,283
BraTS-GLI-00619-000,interp,0.5,0.0,2,2.0,124723,5824,4176,,,,,283
BraTS-GLI-00619-000,interp,1.0,0.0,0,-6.0,38583,3278,1081,,,,,283
BraTS-GLI-00619-000,interp,1.0,0.0,0,-4.02,38181,2411,1483,0,0,0,2,283
BraTS-GLI-00619-000,interp,1.0,0.0,0,-2.0,37504,1761,2160,,,,,283
BraTS-GLI-00619-000,interp,1.0,0.0,0,0.0,36673,1316,2991,0,0,0,2,283
BraTS-GLI-00619-000,interp,1.0,0.0,0,2.0,35700,971,3964,,,,,283
BraTS-GLI-00619-000,interp,1.0,0.0,1,-6.0,50023,4503,520,,,,,283
BraTS-GLI-00619-000,interp,1.0,0.0,1,-4.02,49850,3766,693,,,,,283
BraTS-GLI-00619-000,interp,1.0,0.0,1,-2.0,49608,3079,935,,,,,283
BraTS-GLI-00619-000,interp,1.0,0.0,1,0.0,49316,2473,1227,,,,,283
BraTS-GLI-00619-000,interp,1.0,0.0,1,2.0,48928,1936,1615,,,,,283
BraTS-GLI-00619-000,interp,1.0,0.0,2,-6.0,127969,24018,930,,,,,283
BraTS-GLI-00619-000,interp,1.0,0.0,2,-4.02,127637,20038,1262,,,,,283
BraTS-GLI-00619-000,interp,1.0,0.0,2,-2.0,127151,16266,1748,,,,,283
BraTS-GLI-00619-000,interp,1.0,0.0,2,0.0,126521,12827,2378,,,,,283
BraTS-GLI-00619-000,interp,1.0,0.0,2,2.0,125499,9749,3400,,,,,283
BraTS-GLI-00619-000,global,0.5,0.0,0,-6.0,38548,2803,1116,,,,,283
BraTS-GLI-00619-000,global,0.5,0.0,0,-4.02,38110,1955,1554,0,0,0,1,283
BraTS-GLI-00619-000,global,0.5,0.0,0,-2.0,37389,1389,2275,,,,,283
BraTS-GLI-00619-000,global,0.5,0.0,0,0.0,36525,991,3139,0,0,0,2,283
BraTS-GLI-00619-000,global,0.5,0.0,0,2.0,35511,666,4153,,,,,283
BraTS-GLI-00619-000,global,0.5,0.0,1,-6.0,50028,4135,515,,,,,283
BraTS-GLI-00619-000,global,0.5,0.0,1,-4.02,49850,3424,693,,,,,283
BraTS-GLI-00619-000,global,0.5,0.0,1,-2.0,49621,2782,922,,,,,283
BraTS-GLI-00619-000,global,0.5,0.0,1,0.0,49321,2189,1222,,,,,283
BraTS-GLI-00619-000,global,0.5,0.0,1,2.0,48932,1641,1611,,,,,283
BraTS-GLI-00619-000,global,0.5,0.0,2,-6.0,128008,22859,891,,,,,283
BraTS-GLI-00619-000,global,0.5,0.0,2,-4.02,127683,18997,1216,,,,,283
BraTS-GLI-00619-000,global,0.5,0.0,2,-2.0,127215,15323,1684,,,,,283
BraTS-GLI-00619-000,global,0.5,0.0,2,0.0,126575,11942,2324,,,,,283
BraTS-GLI-00619-000,global,0.5,0.0,2,2.0,125574,8885,3325,,,,,283
BraTS-GLI-00619-000,global,1.0,0.0,0,-6.0,38704,7894,960,,,,,283
BraTS-GLI-00619-000,global,1.0,0.0,0,-4.02,38208,6394,1456,0,0,0,6,283
BraTS-GLI-00619-000,global,1.0,0.0,0,-2.0,37472,5225,2192,,,,,283
BraTS-GLI-00619-000,global,1.0,0.0,0,0.0,36581,4270,3083,0,0,0,3,283
BraTS-GLI-00619-000,global,1.0,0.0,0,2.0,35579,3457,4085,,,,,283
BraTS-GLI-00619-000,global,1.0,0.0,1,-6.0,50379,39649,164,,,,,283
BraTS-GLI-00619-000,global,1.0,0.0,1,-4.02,50304,35990,239,,,,,283
BraTS-GLI-00619-000,global,1.0,0.0,1,-2.0,50203,32188,340,,,,,283
BraTS-GLI-00619-000,global,1.0,0.0,1,0.0,50070,28292,473,,,,,283
BraTS-GLI-00619-000,global,1.0,0.0,1,2.0,49919,23958,624,,,,,283
BraTS-GLI-00619-000,global,1.0,0.0,2,-6.0,128238,55400,661,,,,,283
BraTS-GLI-00619-000,global,1.0,0.0,2,-4.02,127999,50292,900,,,,,283
BraTS-GLI-00619-000,global,1.0,0.0,2,-2.0,127662,45272,1237,,,,,283
BraTS-GLI-00619-000,global,1.0,0.0,2,0.0,127167,40263,1732,,,,,283
BraTS-GLI-00619-000,global,1.0,0.0,2,2.0,126493,35088,2406,,,,,283
BraTS-GLI-00619-000,dilate,0.0,0.0,0,-6.0,39450,18327,214,,,,,283
BraTS-GLI-00619-000,dilate,0.0,0.0,0,-4.02,39418,17701,246,0,0,0,0,283
BraTS-GLI-00619-000,dilate,0.0,0.0,0,-2.0,39378,17086,286,,,,,283
BraTS-GLI-00619-000,dilate,0.0,0.0,0,0.0,39327,16489,337,0,0,0,0,283
BraTS-GLI-00619-000,dilate,0.0,0.0,0,2.0,39257,15839,407,,,,,283
BraTS-GLI-00619-000,dilate,0.0,0.0,1,-6.0,49130,736,1413,,,,,283
BraTS-GLI-00619-000,dilate,0.0,0.0,1,-4.02,48805,558,1738,,,,,283
BraTS-GLI-00619-000,dilate,0.0,0.0,1,-2.0,48412,390,2131,,,,,283
BraTS-GLI-00619-000,dilate,0.0,0.0,1,0.0,47976,288,2567,,,,,283
BraTS-GLI-00619-000,dilate,0.0,0.0,1,2.0,47483,228,3060,,,,,283
BraTS-GLI-00619-000,dilate,0.0,0.0,2,-6.0,127400,15511,1499,,,,,283
BraTS-GLI-00619-000,dilate,0.0,0.0,2,-4.02,126887,12304,2012,,,,,283
BraTS-GLI-00619-000,dilate,0.0,0.0,2,-2.0,126155,9302,2744,,,,,283
BraTS-GLI-00619-000,dilate,0.0,0.0,2,0.0,125159,6774,3740,,,,,283
BraTS-GLI-00619-000,dilate,0.0,0.0,2,2.0,123793,4394,5106,,,,,283
BraTS-GLI-00619-000,boost,2.0,0.0,0,-6.0,38233,2122,1431,,,,,283
BraTS-GLI-00619-000,boost,2.0,0.0,0,-4.02,37817,1406,1847,0,0,0,0,283
BraTS-GLI-00619-000,boost,2.0,0.0,0,-2.0,37288,836,2376,,,,,283
BraTS-GLI-00619-000,boost,2.0,0.0,0,0.0,36540,472,3124,0,0,0,0,283
BraTS-GLI-00619-000,boost,2.0,0.0,0,2.0,35623,255,4041,,,,,283
BraTS-GLI-00619-000,boost,2.0,0.0,1,-6.0,49130,736,1413,,,,,283
BraTS-GLI-00619-000,boost,2.0,0.0,1,-4.02,48805,558,1738,,,,,283
BraTS-GLI-00619-000,boost,2.0,0.0,1,-2.0,48412,390,2131,,,,,283
BraTS-GLI-00619-000,boost,2.0,0.0,1,0.0,47976,288,2567,,,,,283
BraTS-GLI-00619-000,boost,2.0,0.0,1,2.0,47483,228,3060,,,,,283
BraTS-GLI-00619-000,boost,2.0,0.0,2,-6.0,127400,15511,1499,,,,,283
BraTS-GLI-00619-000,boost,2.0,0.0,2,-4.02,126887,12304,2012,,,,,283
BraTS-GLI-00619-000,boost,2.0,0.0,2,-2.0,126155,9302,2744,,,,,283
BraTS-GLI-00619-000,boost,2.0,0.0,2,0.0,125159,6774,3740,,,,,283
BraTS-GLI-00619-000,boost,2.0,0.0,2,2.0,123793,4394,5106,,,,,283
BraTS-GLI-00619-000,boost,4.0,0.0,0,-6.0,38502,2978,1162,,,,,283
BraTS-GLI-00619-000,boost,4.0,0.0,0,-4.02,38211,2121,1453,0,0,0,0,283
BraTS-GLI-00619-000,boost,4.0,0.0,0,-2.0,37786,1391,1878,,,,,283
BraTS-GLI-00619-000,boost,4.0,0.0,0,0.0,37252,832,2412,0,0,0,0,283
BraTS-GLI-00619-000,boost,4.0,0.0,0,2.0,36494,472,3170,,,,,283
BraTS-GLI-00619-000,boost,4.0,0.0,1,-6.0,49130,736,1413,,,,,283
BraTS-GLI-00619-000,boost,4.0,0.0,1,-4.02,48805,558,1738,,,,,283
BraTS-GLI-00619-000,boost,4.0,0.0,1,-2.0,48412,390,2131,,,,,283
BraTS-GLI-00619-000,boost,4.0,0.0,1,0.0,47976,288,2567,,,,,283
BraTS-GLI-00619-000,boost,4.0,0.0,1,2.0,47483,228,3060,,,,,283
BraTS-GLI-00619-000,boost,4.0,0.0,2,-6.0,127400,15511,1499,,,,,283
BraTS-GLI-00619-000,boost,4.0,0.0,2,-4.02,126887,12304,2012,,,,,283
BraTS-GLI-00619-000,boost,4.0,0.0,2,-2.0,126155,9302,2744,,,,,283
BraTS-GLI-00619-000,boost,4.0,0.0,2,0.0,125159,6774,3740,,,,,283
BraTS-GLI-00619-000,boost,4.0,0.0,2,2.0,123793,4394,5106,,,,,283
BraTS-GLI-00582-000,none,0.0,0.0,0,-6.0,7839,120,1270,,,,,30
BraTS-GLI-00582-000,none,0.0,0.0,0,-4.02,7589,78,1520,0,0,0,0,30
BraTS-GLI-00582-000,none,0.0,0.0,0,-2.0,7251,60,1858,,,,,30
BraTS-GLI-00582-000,none,0.0,0.0,0,0.0,6932,41,2177,0,0,0,0,30
BraTS-GLI-00582-000,none,0.0,0.0,0,2.0,6717,28,2392,,,,,30
BraTS-GLI-00582-000,none,0.0,0.0,1,-6.0,8254,110,1220,,,,,30
BraTS-GLI-00582-000,none,0.0,0.0,1,-4.02,8041,73,1433,,,,,30
BraTS-GLI-00582-000,none,0.0,0.0,1,-2.0,7769,46,1705,,,,,30
BraTS-GLI-00582-000,none,0.0,0.0,1,0.0,7514,39,1960,,,,,30
BraTS-GLI-00582-000,none,0.0,0.0,1,2.0,7252,25,2222,,,,,30
BraTS-GLI-00582-000,none,0.0,0.0,2,-6.0,51379,9596,403,,,,,30
BraTS-GLI-00582-000,none,0.0,0.0,2,-4.02,51147,7962,635,,,,,30
BraTS-GLI-00582-000,none,0.0,0.0,2,-2.0,50824,6586,958,,,,,30
BraTS-GLI-00582-000,none,0.0,0.0,2,0.0,50381,5392,1401,,,,,30
BraTS-GLI-00582-000,none,0.0,0.0,2,2.0,49793,4363,1989,,,,,30
BraTS-GLI-00582-000,pspds,0.5,0.0,0,-6.0,7898,137,1211,,,,,30
BraTS-GLI-00582-000,pspds,0.5,0.0,0,-4.02,7661,86,1448,0,0,0,0,30
BraTS-GLI-00582-000,pspds,0.5,0.0,0,-2.0,7360,68,1749,,,,,30
BraTS-GLI-00582-000,pspds,0.5,0.0,0,0.0,7022,51,2087,0,0,0,0,30
BraTS-GLI-00582-000,pspds,0.5,0.0,0,2.0,6771,33,2338,,,,,30
BraTS-GLI-00582-000,pspds,0.5,0.0,1,-6.0,8302,127,1172,,,,,30
BraTS-GLI-00582-000,pspds,0.5,0.0,1,-4.02,8097,81,1377,,,,,30
BraTS-GLI-00582-000,pspds,0.5,0.0,1,-2.0,7870,55,1604,,,,,30
BraTS-GLI-00582-000,pspds,0.5,0.0,1,0.0,7605,41,1869,,,,,30
BraTS-GLI-00582-000,pspds,0.5,0.0,1,2.0,7358,34,2116,,,,,30
BraTS-GLI-00582-000,pspds,0.5,0.0,2,-6.0,51385,9800,397,,,,,30
BraTS-GLI-00582-000,pspds,0.5,0.0,2,-4.02,51162,8141,620,,,,,30
BraTS-GLI-00582-000,pspds,0.5,0.0,2,-2.0,50859,6733,923,,,,,30
BraTS-GLI-00582-000,pspds,0.5,0.0,2,0.0,50438,5560,1344,,,,,30
BraTS-GLI-00582-000,pspds,0.5,0.0,2,2.0,49878,4503,1904,,,,,30
BraTS-GLI-00582-000,pspds,0.5,1.0,0,-6.0,7874,129,1235,,,,,30
BraTS-GLI-00582-000,pspds,0.5,1.0,0,-4.02,7627,81,1482,0,0,0,0,30
BraTS-GLI-00582-000,pspds,0.5,1.0,0,-2.0,7302,65,1807,,,,,30
BraTS-GLI-00582-000,pspds,0.5,1.0,0,0.0,6972,45,2137,0,0,0,0,30
BraTS-GLI-00582-000,pspds,0.5,1.0,0,2.0,6736,31,2373,,,,,30
BraTS-GLI-00582-000,pspds,0.5,1.0,1,-6.0,8273,119,1201,,,,,30
BraTS-GLI-00582-000,pspds,0.5,1.0,1,-4.02,8070,73,1404,,,,,30
BraTS-GLI-00582-000,pspds,0.5,1.0,1,-2.0,7812,51,1662,,,,,30
BraTS-GLI-00582-000,pspds,0.5,1.0,1,0.0,7560,41,1914,,,,,30
BraTS-GLI-00582-000,pspds,0.5,1.0,1,2.0,7303,30,2171,,,,,30
BraTS-GLI-00582-000,pspds,0.5,1.0,2,-6.0,51382,9690,400,,,,,30
BraTS-GLI-00582-000,pspds,0.5,1.0,2,-4.02,51153,8048,629,,,,,30
BraTS-GLI-00582-000,pspds,0.5,1.0,2,-2.0,50841,6666,941,,,,,30
BraTS-GLI-00582-000,pspds,0.5,1.0,2,0.0,50404,5467,1378,,,,,30
BraTS-GLI-00582-000,pspds,0.5,1.0,2,2.0,49826,4428,1956,,,,,30
BraTS-GLI-00582-000,pspds,1.0,0.0,0,-6.0,7933,146,1176,,,,,30
BraTS-GLI-00582-000,pspds,1.0,0.0,0,-4.02,7717,95,1392,0,0,0,0,30
BraTS-GLI-00582-000,pspds,1.0,0.0,0,-2.0,7429,72,1680,,,,,30
BraTS-GLI-00582-000,pspds,1.0,0.0,0,0.0,7109,59,2000,0,0,0,0,30
BraTS-GLI-00582-000,pspds,1.0,0.0,0,2.0,6823,37,2286,,,,,30
BraTS-GLI-00582-000,pspds,1.0,0.0,1,-6.0,8346,137,1128,,,,,30
BraTS-GLI-00582-000,pspds,1.0,0.0,1,-4.02,8145,95,1329,,,,,30
BraTS-GLI-00582-000,pspds,1.0,0.0,1,-2.0,7932,65,1542,,,,,30
BraTS-GLI-00582-000,pspds,1.0,0.0,1,0.0,7679,51,1795,,,,,30
BraTS-GLI-00582-000,pspds,1.0,0.0,1,2.0,7435,39,2039,,,,,30
BraTS-GLI-00582-000,pspds,1.0,0.0,2,-6.0,51392,10017,390,,,,,30
BraTS-GLI-00582-000,pspds,1.0,0.0,2,-4.02,51178,8309,604,,,,,30
BraTS-GLI-00582-000,pspds,1.0,0.0,2,-2.0,50888,6889,894,,,,,30
BraTS-GLI-00582-000,pspds,1.0,0.0,2,0.0,50477,5702,1305,,,,,30
BraTS-GLI-00582-000,pspds,1.0,0.0,2,2.0,49944,4659,1838,,,,,30
BraTS-GLI-00582-000,pspds,1.0,1.0,0,-6.0,7893,137,1216,,,,,30
BraTS-GLI-00582-000,pspds,1.0,1.0,0,-4.02,7658,84,1451,0,0,0,0,30
BraTS-GLI-00582-000,pspds,1.0,1.0,0,-2.0,7349,67,1760,,,,,30
BraTS-GLI-00582-000,pspds,1.0,1.0,0,0.0,7015,49,2094,0,0,0,0,30
BraTS-GLI-00582-000,pspds,1.0,1.0,0,2.0,6763,32,2346,,,,,30
BraTS-GLI-00582-000,pspds,1.0,1.0,1,-6.0,8298,125,1176,,,,,30
BraTS-GLI-00582-000,pspds,1.0,1.0,1,-4.02,8091,80,1383,,,,,30
BraTS-GLI-00582-000,pspds,1.0,1.0,1,-2.0,7860,54,1614,,,,,30
BraTS-GLI-00582-000,pspds,1.0,1.0,1,0.0,7598,41,1876,,,,,30
BraTS-GLI-00582-000,pspds,1.0,1.0,1,2.0,7345,34,2129,,,,,30
BraTS-GLI-00582-000,pspds,1.0,1.0,2,-6.0,51384,9788,398,,,,,30
BraTS-GLI-00582-000,pspds,1.0,1.0,2,-4.02,51159,8135,623,,,,,30
BraTS-GLI-00582-000,pspds,1.0,1.0,2,-2.0,50854,6728,928,,,,,30
BraTS-GLI-00582-000,pspds,1.0,1.0,2,0.0,50432,5552,1350,,,,,30
BraTS-GLI-00582-000,pspds,1.0,1.0,2,2.0,49862,4499,1920,,,,,30
BraTS-GLI-00582-000,interp,0.5,0.0,0,-6.0,8100,200,1009,,,,,30
BraTS-GLI-00582-000,interp,0.5,0.0,0,-4.02,7948,136,1161,0,0,0,0,30
BraTS-GLI-00582-000,interp,0.5,0.0,0,-2.0,7751,107,1358,,,,,30
BraTS-GLI-00582-000,interp,0.5,0.0,0,0.0,7498,76,1611,0,0,0,0,30
BraTS-GLI-00582-000,interp,0.5,0.0,0,2.0,7258,55,1851,,,,,30
BraTS-GLI-00582-000,interp,0.5,0.0,1,-6.0,8526,214,948,,,,,30
BraTS-GLI-00582-000,interp,0.5,0.0,1,-4.02,8374,152,1100,,,,,30
BraTS-GLI-00582-000,interp,0.5,0.0,1,-2.0,8204,109,1270,,,,,30
BraTS-GLI-00582-000,interp,0.5,0.0,1,0.0,8010,68,1464,,,,,30
BraTS-GLI-00582-000,interp,0.5,0.0,1,2.0,7814,56,1660,,,,,30
BraTS-GLI-00582-000,interp,0.5,0.0,2,-6.0,51494,10320,288,,,,,30
BraTS-GLI-00582-000,interp,0.5,0.0,2,-4.02,51316,8689,466,,,,,30
BraTS-GLI-00582-000,interp,0.5,0.0,2,-2.0,51079,7267,703,,,,,30
BraTS-GLI-00582-000,interp,0.5,0.0,2,0.0,50780,6079,1002,,,,,30
BraTS-GLI-00582-000,interp,0.5,0.0,2,2.0,50378,5048,1404,,,,,30
BraTS-GLI-00582-000,interp,1.0,0.0,0,-6.0,8278,359,831,,,,,30
BraTS-GLI-00582-000,interp,1.0,0.0,0,-4.02,8128,271,981,0,0,0,0,30
BraTS-GLI-00582-000,interp,1.0,0.0,0,-2.0,7965,212,1144,,,,,30
BraTS-GLI-00582-000,interp,1.0,0.0,0,0.0,7786,171,1323,0,0,0,0,30
BraTS-GLI-00582-000,interp,1.0,0.0,0,2.0,7599,132,1510,,,,,30
BraTS-GLI-00582-000,interp,1.0,0.0,1,-6.0,8718,379,756,,,,,30
BraTS-GLI-00582-000,interp,1.0,0.0,1,-4.02,8581,292,893,,,,,30
BraTS-GLI-00582-000,interp,1.0,0.0,1,-2.0,8436,231,1038,,,,,30
BraTS-GLI-00582-000,interp,1.0,0.0,1,0.0,8270,177,1204,,,,,30
BraTS-GLI-00582-000,interp,1.0,0.0,1,2.0,8124,131,1350,,,,,30
BraTS-GLI-00582-000,interp,1.0,0.0,2,-6.0,51520,10806,262,,,,,30
BraTS-GLI-00582-000,interp,1.0,0.0,2,-4.02,51371,9097,411,,,,,30
BraTS-GLI-00582-000,interp,1.0,0.0,2,-2.0,51163,7666,619,,,,,30
BraTS-GLI-00582-000,interp,1.0,0.0,2,0.0,50888,6463,894,,,,,30
BraTS-GLI-00582-000,interp,1.0,0.0,2,2.0,50508,5463,1274,,,,,30
BraTS-GLI-00582-000,global,0.5,0.0,0,-6.0,8469,408,640,,,,,30
BraTS-GLI-00582-000,global,0.5,0.0,0,-4.02,8297,314,812,0,0,0,0,30
BraTS-GLI-00582-000,global,0.5,0.0,0,-2.0,8107,238,1002,,,,,30
BraTS-GLI-00582-000,global,0.5,0.0,0,0.0,7896,191,1213,0,0,0,0,30
BraTS-GLI-00582-000,global,0.5,0.0,0,2.0,7686,143,1423,,,,,30
BraTS-GLI-00582-000,global,0.5,0.0,1,-6.0,8954,1350,520,,,,,30
BraTS-GLI-00582-000,global,0.5,0.0,1,-4.02,8822,877,652,,,,,30
BraTS-GLI-00582-000,global,0.5,0.0,1,-2.0,8704,501,770,,,,,30
BraTS-GLI-00582-000,global,0.5,0.0,1,0.0,8554,336,920,,,,,30
BraTS-GLI-00582-000,global,0.5,0.0,1,2.0,8340,234,1134,,,,,30
BraTS-GLI-00582-000,global,0.5,0.0,2,-6.0,51580,11243,202,,,,,30
BraTS-GLI-00582-000,global,0.5,0.0,2,-4.02,51434,9486,348,,,,,30
BraTS-GLI-00582-000,global,0.5,0.0,2,-2.0,51226,7945,556,,,,,30
BraTS-GLI-00582-000,global,0.5,0.0,2,0.0,50965,6655,817,,,,,30
BraTS-GLI-00582-000,global,0.5,0.0,2,2.0,50567,5583,1215,,,,,30
BraTS-GLI-00582-000,global,1.0,0.0,0,-6.0,8694,1352,415,,,,,30
BraTS-GLI-00582-000,global,1.0,0.0,0,-4.02,8537,1030,572,0,0,0,8,30
BraTS-GLI-00582-000,global,1.0,0.0,0,-2.0,8347,801,762,,,,,30
BraTS-GLI-00582-000,global,1.0,0.0,0,0.0,8157,643,952,0,0,0,5,30
BraTS-GLI-00582-000,global,1.0,0.0,0,2.0,7972,498,1137,,,,,30
BraTS-GLI-00582-000,global,1.0,0.0,1,-6.0,9419,28228,55,,,,,30
BraTS-GLI-00582-000,global,1.0,0.0,1,-4.02,9387,26343,87,,,,,30
BraTS-GLI-00582-000,global,1.0,0.0,1,-2.0,9338,23818,136,,,,,30
BraTS-GLI-00582-000,global,1.0,0.0,1,0.0,9293,21607,181,,,,,30
BraTS-GLI-00582-000,global,1.0,0.0,1,2.0,9219,19448,255,,,,,30
BraTS-GLI-00582-000,global,1.0,0.0,2,-6.0,51709,15680,73,,,,,30
BraTS-GLI-00582-000,global,1.0,0.0,2,-4.02,51649,13820,133,,,,,30
BraTS-GLI-00582-000,global,1.0,0.0,2,-2.0,51554,12131,228,,,,,30
BraTS-GLI-00582-000,global,1.0,0.0,2,0.0,51424,10627,358,,,,,30
BraTS-GLI-00582-000,global,1.0,0.0,2,2.0,51224,9255,558,,,,,30
BraTS-GLI-00582-000,dilate,0.0,0.0,0,-6.0,8950,2959,159,,,,,30
BraTS-GLI-00582-000,dilate,0.0,0.0,0,-4.02,8892,2695,217,0,0,0,0,30
BraTS-GLI-00582-000,dilate,0.0,0.0,0,-2.0,8792,2424,317,,,,,30
BraTS-GLI-00582-000,dilate,0.0,0.0,0,0.0,8632,2196,477,0,0,0,0,30
BraTS-GLI-00582-000,dilate,0.0,0.0,0,2.0,8490,2056,619,,,,,30
BraTS-GLI-00582-000,dilate,0.0,0.0,1,-6.0,8254,110,1220,,,,,30
BraTS-GLI-00582-000,dilate,0.0,0.0,1,-4.02,8041,73,1433,,,,,30
BraTS-GLI-00582-000,dilate,0.0,0.0,1,-2.0,7769,46,1705,,,,,30
BraTS-GLI-00582-000,dilate,0.0,0.0,1,0.0,7514,39,1960,,,,,30
BraTS-GLI-00582-000,dilate,0.0,0.0,1,2.0,7252,25,2222,,,,,30
BraTS-GLI-00582-000,dilate,0.0,0.0,2,-6.0,51379,9596,403,,,,,30
BraTS-GLI-00582-000,dilate,0.0,0.0,2,-4.02,51147,7962,635,,,,,30
BraTS-GLI-00582-000,dilate,0.0,0.0,2,-2.0,50824,6586,958,,,,,30
BraTS-GLI-00582-000,dilate,0.0,0.0,2,0.0,50381,5392,1401,,,,,30
BraTS-GLI-00582-000,dilate,0.0,0.0,2,2.0,49793,4363,1989,,,,,30
BraTS-GLI-00582-000,boost,2.0,0.0,0,-6.0,8051,190,1058,,,,,30
BraTS-GLI-00582-000,boost,2.0,0.0,0,-4.02,7823,120,1286,0,0,0,0,30
BraTS-GLI-00582-000,boost,2.0,0.0,0,-2.0,7574,78,1535,,,,,30
BraTS-GLI-00582-000,boost,2.0,0.0,0,0.0,7247,59,1862,0,0,0,0,30
BraTS-GLI-00582-000,boost,2.0,0.0,0,2.0,6925,40,2184,,,,,30
BraTS-GLI-00582-000,boost,2.0,0.0,1,-6.0,8254,110,1220,,,,,30
BraTS-GLI-00582-000,boost,2.0,0.0,1,-4.02,8041,73,1433,,,,,30
BraTS-GLI-00582-000,boost,2.0,0.0,1,-2.0,7769,46,1705,,,,,30
BraTS-GLI-00582-000,boost,2.0,0.0,1,0.0,7514,39,1960,,,,,30
BraTS-GLI-00582-000,boost,2.0,0.0,1,2.0,7252,25,2222,,,,,30
BraTS-GLI-00582-000,boost,2.0,0.0,2,-6.0,51379,9596,403,,,,,30
BraTS-GLI-00582-000,boost,2.0,0.0,2,-4.02,51147,7962,635,,,,,30
BraTS-GLI-00582-000,boost,2.0,0.0,2,-2.0,50824,6586,958,,,,,30
BraTS-GLI-00582-000,boost,2.0,0.0,2,0.0,50381,5392,1401,,,,,30
BraTS-GLI-00582-000,boost,2.0,0.0,2,2.0,49793,4363,1989,,,,,30
BraTS-GLI-00582-000,boost,4.0,0.0,0,-6.0,8196,268,913,,,,,30
BraTS-GLI-00582-000,boost,4.0,0.0,0,-4.02,8035,190,1074,0,0,0,0,30
BraTS-GLI-00582-000,boost,4.0,0.0,0,-2.0,7807,120,1302,,,,,30
BraTS-GLI-00582-000,boost,4.0,0.0,0,0.0,7570,77,1539,0,0,0,0,30
BraTS-GLI-00582-000,boost,4.0,0.0,0,2.0,7240,58,1869,,,,,30
BraTS-GLI-00582-000,boost,4.0,0.0,1,-6.0,8254,110,1220,,,,,30
BraTS-GLI-00582-000,boost,4.0,0.0,1,-4.02,8041,73,1433,,,,,30
BraTS-GLI-00582-000,boost,4.0,0.0,1,-2.0,7769,46,1705,,,,,30
BraTS-GLI-00582-000,boost,4.0,0.0,1,0.0,7514,39,1960,,,,,30
BraTS-GLI-00582-000,boost,4.0,0.0,1,2.0,7252,25,2222,,,,,30
BraTS-GLI-00582-000,boost,4.0,0.0,2,-6.0,51379,9596,403,,,,,30
BraTS-GLI-00582-000,boost,4.0,0.0,2,-4.02,51147,7962,635,,,,,30
BraTS-GLI-00582-000,boost,4.0,0.0,2,-2.0,50824,6586,958,,,,,30
BraTS-GLI-00582-000,boost,4.0,0.0,2,0.0,50381,5392,1401,,,,,30
BraTS-GLI-00582-000,boost,4.0,0.0,2,2.0,49793,4363,1989,,,,,30
BraTS-GLI-01046-000,none,0.0,0.0,0,-6.0,39998,5909,392,,,,,265
BraTS-GLI-01046-000,none,0.0,0.0,0,-4.02,39902,5148,488,0,1,0,0,265
BraTS-GLI-01046-000,none,0.0,0.0,0,-2.0,39755,4428,635,,,,,265
BraTS-GLI-01046-000,none,0.0,0.0,0,0.0,39592,3735,798,0,1,0,0,265
BraTS-GLI-01046-000,none,0.0,0.0,0,2.0,39344,3083,1046,,,,,265
BraTS-GLI-01046-000,none,0.0,0.0,1,-6.0,54265,2916,667,,,,,265
BraTS-GLI-01046-000,none,0.0,0.0,1,-4.02,54118,2511,814,,,,,265
BraTS-GLI-01046-000,none,0.0,0.0,1,-2.0,53955,2168,977,,,,,265
BraTS-GLI-01046-000,none,0.0,0.0,1,0.0,53732,1830,1200,,,,,265
BraTS-GLI-01046-000,none,0.0,0.0,1,2.0,53488,1523,1444,,,,,265
BraTS-GLI-01046-000,none,0.0,0.0,2,-6.0,95333,11523,133,,,,,265
BraTS-GLI-01046-000,none,0.0,0.0,2,-4.02,95276,10083,190,,,,,265
BraTS-GLI-01046-000,none,0.0,0.0,2,-2.0,95206,8754,260,,,,,265
BraTS-GLI-01046-000,none,0.0,0.0,2,0.0,95064,7513,402,,,,,265
BraTS-GLI-01046-000,none,0.0,0.0,2,2.0,94875,6369,591,,,,,265
BraTS-GLI-01046-000,pspds,0.5,0.0,0,-6.0,40036,6049,354,,,,,265
BraTS-GLI-01046-000,pspds,0.5,0.0,0,-4.02,39943,5280,447,0,1,0,0,265
BraTS-GLI-01046-000,pspds,0.5,0.0,0,-2.0,39813,4523,577,,,,,265
BraTS-GLI-01046-000,pspds,0.5,0.0,0,0.0,39656,3844,734,0,1,0,1,265
BraTS-GLI-01046-000,pspds,0.5,0.0,0,2.0,39422,3195,968,,,,,265
BraTS-GLI-01046-000,pspds,0.5,0.0,1,-6.0,54301,3058,631,,,,,265
BraTS-GLI-01046-000,pspds,0.5,0.0,1,-4.02,54170,2633,762,,,,,265
BraTS-GLI-01046-000,pspds,0.5,0.0,1,-2.0,54011,2293,921,,,,,265
BraTS-GLI-01046-000,pspds,0.5,0.0,1,0.0,53826,1966,1106,,,,,265
BraTS-GLI-01046-000,pspds,0.5,0.0,1,2.0,53586,1624,1346,,,,,265
BraTS-GLI-01046-000,pspds,0.5,0.0,2,-6.0,95341,11700,125,,,,,265
BraTS-GLI-01046-000,pspds,0.5,0.0,2,-4.02,95295,10224,171,,,,,265
BraTS-GLI-01046-000,pspds,0.5,0.0,2,-2.0,95221,8912,245,,,,,265
BraTS-GLI-01046-000,pspds,0.5,0.0,2,0.0,95099,7668,367,,,,,265
BraTS-GLI-01046-000,pspds,0.5,0.0,2,2.0,94901,6517,565,,,,,265
BraTS-GLI-01046-000,pspds,0.5,1.0,0,-6.0,40015,5962,375,,,,,265
BraTS-GLI-01046-000,pspds,0.5,1.0,0,-4.02,39914,5192,476,0,1,0,0,265
BraTS-GLI-01046-000,pspds,0.5,1.0,0,-2.0,39774,4462,616,,,,,265
BraTS-GLI-01046-000,pspds,0.5,1.0,0,0.0,39615,3776,775,0,1,0,1,265
BraTS-GLI-01046-000,pspds,0.5,1.0,0,2.0,39375,3137,1015,,,,,265
BraTS-GLI-01046-000,pspds,0.5,1.0,1,-6.0,54281,2952,651,,,,,265
BraTS-GLI-01046-000,pspds,0.5,1.0,1,-4.02,54134,2564,798,,,,,265
BraTS-GLI-01046-000,pspds,0.5,1.0,1,-2.0,53979,2216,953,,,,,265
BraTS-GLI-01046-000,pspds,0.5,1.0,1,0.0,53770,1885,1162,,,,,265
BraTS-GLI-01046-000,pspds,0.5,1.0,1,2.0,53523,1562,1409,,,,,265
BraTS-GLI-01046-000,pspds,0.5,1.0,2,-6.0,95339,11589,127,,,,,265
BraTS-GLI-01046-000,pspds,0.5,1.0,2,-4.02,95282,10150,184,,,,,265
BraTS-GLI-01046-000,pspds,0.5,1.0,2,-2.0,95208,8817,258,,,,,265
BraTS-GLI-01046-000,pspds,0.5,1.0,2,0.0,95078,7572,388,,,,,265
BraTS-GLI-01046-000,pspds,0.5,1.0,2,2.0,94884,6429,582,,,,,265
BraTS-GLI-01046-000,pspds,1.0,0.0,0,-6.0,40062,6168,328,,,,,265
BraTS-GLI-01046-000,pspds,1.0,0.0,0,-4.02,39976,5403,414,0,1,0,0,265
BraTS-GLI-01046-000,pspds,1.0,0.0,0,-2.0,39858,4636,532,,,,,265
BraTS-GLI-01046-000,pspds,1.0,0.0,0,0.0,39711,3939,679,0,1,0,0,265
BraTS-GLI-01046-000,pspds,1.0,0.0,0,2.0,39482,3297,908,,,,,265
BraTS-GLI-01046-000,pspds,1.0,0.0,1,-6.0,54336,3216,596,,,,,265
BraTS-GLI-01046-000,pspds,1.0,0.0,1,-4.02,54216,2777,716,,,,,265
BraTS-GLI-01046-000,pspds,1.0,0.0,1,-2.0,54063,2403,869,,,,,265
BraTS-GLI-01046-000,pspds,1.0,0.0,1,0.0,53903,2099,1029,,,,,265
BraTS-GLI-01046-000,pspds,1.0,0.0,1,2.0,53678,1736,1254,,,,,265
BraTS-GLI-01046-000,pspds,1.0,0.0,2,-6.0,95356,11836,110,,,,,265
BraTS-GLI-01046-000,pspds,1.0,0.0,2,-4.02,95306,10385,160,,,,,265
BraTS-GLI-01046-000,pspds,1.0,0.0,2,-2.0,95233,9055,233,,,,,265
BraTS-GLI-01046-000,pspds,1.0,0.0,2,0.0,95117,7806,349,,,,,265
BraTS-GLI-01046-000,pspds,1.0,0.0,2,2.0,94926,6684,540,,,,,265
BraTS-GLI-01046-000,pspds,1.0,1.0,0,-6.0,40030,6009,360,,,,,265
BraTS-GLI-01046-000,pspds,1.0,1.0,0,-4.02,39928,5242,462,0,1,0,0,265
BraTS-GLI-01046-000,pspds,1.0,1.0,0,-2.0,39799,4488,591,,,,,265
BraTS-GLI-01046-000,pspds,1.0,1.0,0,0.0,39636,3822,754,0,1,0,1,265
BraTS-GLI-01046-000,pspds,1.0,1.0,0,2.0,39406,3172,984,,,,,265
BraTS-GLI-01046-000,pspds,1.0,1.0,1,-6.0,54292,3010,640,,,,,265
BraTS-GLI-01046-000,pspds,1.0,1.0,1,-4.02,54156,2600,776,,,,,265
BraTS-GLI-01046-000,pspds,1.0,1.0,1,-2.0,53999,2269,933,,,,,265
BraTS-GLI-01046-000,pspds,1.0,1.0,1,0.0,53805,1927,1127,,,,,265
BraTS-GLI-01046-000,pspds,1.0,1.0,1,2.0,53553,1603,1379,,,,,265
BraTS-GLI-01046-000,pspds,1.0,1.0,2,-6.0,95341,11656,125,,,,,265
BraTS-GLI-01046-000,pspds,1.0,1.0,2,-4.02,95288,10188,178,,,,,265
BraTS-GLI-01046-000,pspds,1.0,1.0,2,-2.0,95210,8874,256,,,,,265
BraTS-GLI-01046-000,pspds,1.0,1.0,2,0.0,95088,7626,378,,,,,265
BraTS-GLI-01046-000,pspds,1.0,1.0,2,2.0,94890,6475,576,,,,,265
BraTS-GLI-01046-000,interp,0.5,0.0,0,-6.0,40201,7297,189,,,,,265
BraTS-GLI-01046-000,interp,0.5,0.0,0,-4.02,40113,6423,277,0,1,0,0,265
BraTS-GLI-01046-000,interp,0.5,0.0,0,-2.0,40024,5572,366,,,,,265
BraTS-GLI-01046-000,interp,0.5,0.0,0,0.0,39907,4783,483,0,1,0,0,265
BraTS-GLI-01046-000,interp,0.5,0.0,0,2.0,39717,3985,673,,,,,265
BraTS-GLI-01046-000,interp,0.5,0.0,1,-6.0,54531,4287,401,,,,,265
BraTS-GLI-01046-000,interp,0.5,0.0,1,-4.02,54406,3742,526,,,,,265
BraTS-GLI-01046-000,interp,0.5,0.0,1,-2.0,54300,3272,632,,,,,265
BraTS-GLI-01046-000,interp,0.5,0.0,1,0.0,54152,2843,780,,,,,265
BraTS-GLI-01046-000,interp,0.5,0.0,1,2.0,53971,2436,961,,,,,265
BraTS-GLI-01046-000,interp,0.5,0.0,2,-6.0,95437,14986,29,,,,,265
BraTS-GLI-01046-000,interp,0.5,0.0,2,-4.02,95415,13231,51,,,,,265
BraTS-GLI-01046-000,interp,0.5,0.0,2,-2.0,95374,11580,92,,,,,265
BraTS-GLI-01046-000,interp,0.5,0.0,2,0.0,95282,10040,184,,,,,265
BraTS-GLI-01046-000,interp,0.5,0.0,2,2.0,95144,8673,322,,,,,265
BraTS-GLI-01046-000,interp,1.0,0.0,0,-6.0,40319,9751,71,,,,,265
BraTS-GLI-01046-000,interp,1.0,0.0,0,-4.02,40276,8671,114,0,1,0,1,265
BraTS-GLI-01046-000,interp,1.0,0.0,0,-2.0,40192,7596,198,,,,,265
BraTS-GLI-01046-000,interp,1.0,0.0,0,0.0,40095,6622,295,0,1,0,0,265
BraTS-GLI-01046-000,interp,1.0,0.0,0,2.0,39976,5676,414,,,,,265
BraTS-GLI-01046-000,interp,1.0,0.0,1,-6.0,54779,9421,153,,,,,265
BraTS-GLI-01046-000,interp,1.0,0.0,1,-4.02,54716,8451,216,,,,,265
BraTS-GLI-01046-000,interp,1.0,0.0,1,-2.0,54634,7510,298,,,,,265
BraTS-GLI-01046-000,interp,1.0,0.0,1,0.0,54514,6720,418,,,,,265
BraTS-GLI-01046-000,interp,1.0,0.0,1,2.0,54374,5868,558,,,,,265
BraTS-GLI-01046-000,interp,1.0,0.0,2,-6.0,95462,21766,4,,,,,265
BraTS-GLI-01046-000,interp,1.0,0.0,2,-4.02,95458,19480,8,,,,,265
BraTS-GLI-01046-000,interp,1.0,0.0,2,-2.0,95452,17422,14,,,,,265
BraTS-GLI-01046-000,interp,1.0,0.0,2,0.0,95426,15533,40,,,,,265
BraTS-GLI-01046-000,interp,1.0,0.0,2,2.0,95357,13737,109,,,,,265
BraTS-GLI-01046-000,global,0.5,0.0,0,-6.0,40259,8085,131,,,,,265
BraTS-GLI-01046-000,global,0.5,0.0,0,-4.02,40179,7159,211,0,1,0,0,265
BraTS-GLI-01046-000,global,0.5,0.0,0,-2.0,40089,6227,301,,,,,265
BraTS-GLI-01046-000,global,0.5,0.0,0,0.0,39982,5352,408,0,1,0,0,265
BraTS-GLI-01046-000,global,0.5,0.0,0,2.0,39823,4483,567,,,,,265
BraTS-GLI-01046-000,global,0.5,0.0,1,-6.0,54665,5293,267,,,,,265
BraTS-GLI-01046-000,global,0.5,0.0,1,-4.02,54553,4675,379,,,,,265
BraTS-GLI-01046-000,global,0.5,0.0,1,-2.0,54436,4117,496,,,,,265
BraTS-GLI-01046-000,global,0.5,0.0,1,0.0,54313,3561,619,,,,,265
BraTS-GLI-01046-000,global,0.5,0.0,1,2.0,54166,3120,766,,,,,265
BraTS-GLI-01046-000,global,0.5,0.0,2,-6.0,95454,17513,12,,,,,265
BraTS-GLI-01046-000,global,0.5,0.0,2,-4.02,95445,15538,21,,,,,265
BraTS-GLI-01046-000,global,0.5,0.0,2,-2.0,95418,13647,48,,,,,265
BraTS-GLI-01046-000,global,0.5,0.0,2,0.0,95359,11929,107,,,,,265
BraTS-GLI-01046-000,global,0.5,0.0,2,2.0,95242,10205,224,,,,,265
BraTS-GLI-01046-000,global,1.0,0.0,0,-6.0,40372,13638,18,,,,,265
BraTS-GLI-01046-000,global,1.0,0.0,0,-4.02,40337,11765,53,7,1,1,14,265
BraTS-GLI-01046-000,global,1.0,0.0,0,-2.0,40278,10009,112,,,,,265
BraTS-GLI-01046-000,global,1.0,0.0,0,0.0,40186,8554,204,5,1,1,7,265
BraTS-GLI-01046-000,global,1.0,0.0,0,2.0,40030,7172,360,,,,,265
BraTS-GLI-01046-000,global,1.0,0.0,1,-6.0,54912,40472,20,,,,,265
BraTS-GLI-01046-000,global,1.0,0.0,1,-4.02,54895,36853,37,,,,,265
BraTS-GLI-01046-000,global,1.0,0.0,1,-2.0,54862,33121,70,,,,,265
BraTS-GLI-01046-000,global,1.0,0.0,1,0.0,54818,29181,114,,,,,265
BraTS-GLI-01046-000,global,1.0,0.0,1,2.0,54768,24945,164,,,,,265
BraTS-GLI-01046-000,global,1.0,0.0,2,-6.0,95465,43293,1,,,,,265
BraTS-GLI-01046-000,global,1.0,0.0,2,-4.02,95462,39518,4,,,,,265
BraTS-GLI-01046-000,global,1.0,0.0,2,-2.0,95461,35977,5,,,,,265
BraTS-GLI-01046-000,global,1.0,0.0,2,0.0,95459,32531,7,,,,,265
BraTS-GLI-01046-000,global,1.0,0.0,2,2.0,95453,29098,13,,,,,265
BraTS-GLI-01046-000,dilate,0.0,0.0,0,-6.0,40366,24309,24,,,,,265
BraTS-GLI-01046-000,dilate,0.0,0.0,0,-4.02,40359,23711,31,2,1,1,0,265
BraTS-GLI-01046-000,dilate,0.0,0.0,0,-2.0,40353,23066,37,,,,,265
BraTS-GLI-01046-000,dilate,0.0,0.0,0,0.0,40346,22521,44,2,1,1,0,265
BraTS-GLI-01046-000,dilate,0.0,0.0,0,2.0,40304,21831,86,,,,,265
BraTS-GLI-01046-000,dilate,0.0,0.0,1,-6.0,54265,2916,667,,,,,265
BraTS-GLI-01046-000,dilate,0.0,0.0,1,-4.02,54118,2511,814,,,,,265
BraTS-GLI-01046-000,dilate,0.0,0.0,1,-2.0,53955,2168,977,,,,,265
BraTS-GLI-01046-000,dilate,0.0,0.0,1,0.0,53732,1830,1200,,,,,265
BraTS-GLI-01046-000,dilate,0.0,0.0,1,2.0,53488,1523,1444,,,,,265
BraTS-GLI-01046-000,dilate,0.0,0.0,2,-6.0,95333,11523,133,,,,,265
BraTS-GLI-01046-000,dilate,0.0,0.0,2,-4.02,95276,10083,190,,,,,265
BraTS-GLI-01046-000,dilate,0.0,0.0,2,-2.0,95206,8754,260,,,,,265
BraTS-GLI-01046-000,dilate,0.0,0.0,2,0.0,95064,7513,402,,,,,265
BraTS-GLI-01046-000,dilate,0.0,0.0,2,2.0,94875,6369,591,,,,,265
BraTS-GLI-01046-000,boost,2.0,0.0,0,-6.0,40081,6682,309,,,,,265
BraTS-GLI-01046-000,boost,2.0,0.0,0,-4.02,39998,5917,392,0,1,0,0,265
BraTS-GLI-01046-000,boost,2.0,0.0,0,-2.0,39900,5135,490,,,,,265
BraTS-GLI-01046-000,boost,2.0,0.0,0,0.0,39751,4424,639,0,1,0,0,265
BraTS-GLI-01046-000,boost,2.0,0.0,0,2.0,39589,3729,801,,,,,265
BraTS-GLI-01046-000,boost,2.0,0.0,1,-6.0,54265,2916,667,,,,,265
BraTS-GLI-01046-000,boost,2.0,0.0,1,-4.02,54118,2511,814,,,,,265
BraTS-GLI-01046-000,boost,2.0,0.0,1,-2.0,53955,2168,977,,,,,265
BraTS-GLI-01046-000,boost,2.0,0.0,1,0.0,53732,1830,1200,,,,,265
BraTS-GLI-01046-000,boost,2.0,0.0,1,2.0,53488,1523,1444,,,,,265
BraTS-GLI-01046-000,boost,2.0,0.0,2,-6.0,95333,11523,133,,,,,265
BraTS-GLI-01046-000,boost,2.0,0.0,2,-4.02,95276,10083,190,,,,,265
BraTS-GLI-01046-000,boost,2.0,0.0,2,-2.0,95206,8754,260,,,,,265
BraTS-GLI-01046-000,boost,2.0,0.0,2,0.0,95064,7513,402,,,,,265
BraTS-GLI-01046-000,boost,2.0,0.0,2,2.0,94875,6369,591,,,,,265
BraTS-GLI-01046-000,boost,4.0,0.0,0,-6.0,40155,7565,235,,,,,265
BraTS-GLI-01046-000,boost,4.0,0.0,0,-4.02,40084,6691,306,0,1,0,0,265
BraTS-GLI-01046-000,boost,4.0,0.0,0,-2.0,39996,5898,394,,,,,265
BraTS-GLI-01046-000,boost,4.0,0.0,0,0.0,39896,5131,494,0,1,0,0,265
BraTS-GLI-01046-000,boost,4.0,0.0,0,2.0,39748,4418,642,,,,,265
BraTS-GLI-01046-000,boost,4.0,0.0,1,-6.0,54265,2916,667,,,,,265
BraTS-GLI-01046-000,boost,4.0,0.0,1,-4.02,54118,2511,814,,,,,265
BraTS-GLI-01046-000,boost,4.0,0.0,1,-2.0,53955,2168,977,,,,,265
BraTS-GLI-01046-000,boost,4.0,0.0,1,0.0,53732,1830,1200,,,,,265
BraTS-GLI-01046-000,boost,4.0,0.0,1,2.0,53488,1523,1444,,,,,265
BraTS-GLI-01046-000,boost,4.0,0.0,2,-6.0,95333,11523,133,,,,,265
BraTS-GLI-01046-000,boost,4.0,0.0,2,-4.02,95276,10083,190,,,,,265
BraTS-GLI-01046-000,boost,4.0,0.0,2,-2.0,95206,8754,260,,,,,265
BraTS-GLI-01046-000,boost,4.0,0.0,2,0.0,95064,7513,402,,,,,265
BraTS-GLI-01046-000,boost,4.0,0.0,2,2.0,94875,6369,591,,,,,265
BraTS-GLI-00021-000,none,0.0,0.0,0,-6.0,0,8,6769,,,,,0
BraTS-GLI-00021-000,none,0.0,0.0,0,-4.02,0,1,6769,0,1,0,0,0
BraTS-GLI-00021-000,none,0.0,0.0,0,-2.0,0,0,6769,,,,,0
BraTS-GLI-00021-000,none,0.0,0.0,0,0.0,0,0,6769,0,1,0,0,0
BraTS-GLI-00021-000,none,0.0,0.0,0,2.0,0,0,6769,,,,,0
BraTS-GLI-00021-000,none,0.0,0.0,1,-6.0,0,15,7641,,,,,0
BraTS-GLI-00021-000,none,0.0,0.0,1,-4.02,0,4,7641,,,,,0
BraTS-GLI-00021-000,none,0.0,0.0,1,-2.0,0,0,7641,,,,,0
BraTS-GLI-00021-000,none,0.0,0.0,1,0.0,0,0,7641,,,,,0
BraTS-GLI-00021-000,none,0.0,0.0,1,2.0,0,0,7641,,,,,0
BraTS-GLI-00021-000,none,0.0,0.0,2,-6.0,78374,32922,10886,,,,,0
BraTS-GLI-00021-000,none,0.0,0.0,2,-4.02,76574,27823,12686,,,,,0
BraTS-GLI-00021-000,none,0.0,0.0,2,-2.0,74355,23306,14905,,,,,0
BraTS-GLI-00021-000,none,0.0,0.0,2,0.0,71275,19500,17985,,,,,0
BraTS-GLI-00021-000,none,0.0,0.0,2,2.0,64105,16242,25155,,,,,0
BraTS-GLI-00021-000,pspds,0.5,0.0,0,-6.0,0,8,6769,,,,,0
BraTS-GLI-00021-000,pspds,0.5,0.0,0,-4.02,0,1,6769,0,1,0,0,0
BraTS-GLI-00021-000,pspds,0.5,0.0,0,-2.0,0,0,6769,,,,,0
BraTS-GLI-00021-000,pspds,0.5,0.0,0,0.0,0,0,6769,0,1,0,0,0
BraTS-GLI-00021-000,pspds,0.5,0.0,0,2.0,0,0,6769,,,,,0
BraTS-GLI-00021-000,pspds,0.5,0.0,1,-6.0,0,15,7641,,,,,0
BraTS-GLI-00021-000,pspds,0.5,0.0,1,-4.02,0,4,7641,,,,,0
BraTS-GLI-00021-000,pspds,0.5,0.0,1,-2.0,0,0,7641,,,,,0
BraTS-GLI-00021-000,pspds,0.5,0.0,1,0.0,0,0,7641,,,,,0
BraTS-GLI-00021-000,pspds,0.5,0.0,1,2.0,0,0,7641,,,,,0
BraTS-GLI-00021-000,pspds,0.5,0.0,2,-6.0,78374,32922,10886,,,,,0
BraTS-GLI-00021-000,pspds,0.5,0.0,2,-4.02,76574,27823,12686,,,,,0
BraTS-GLI-00021-000,pspds,0.5,0.0,2,-2.0,74355,23306,14905,,,,,0
BraTS-GLI-00021-000,pspds,0.5,0.0,2,0.0,71275,19500,17985,,,,,0
BraTS-GLI-00021-000,pspds,0.5,0.0,2,2.0,64105,16242,25155,,,,,0
BraTS-GLI-00021-000,pspds,0.5,1.0,0,-6.0,0,8,6769,,,,,0
BraTS-GLI-00021-000,pspds,0.5,1.0,0,-4.02,0,1,6769,0,1,0,0,0
BraTS-GLI-00021-000,pspds,0.5,1.0,0,-2.0,0,0,6769,,,,,0
BraTS-GLI-00021-000,pspds,0.5,1.0,0,0.0,0,0,6769,0,1,0,0,0
BraTS-GLI-00021-000,pspds,0.5,1.0,0,2.0,0,0,6769,,,,,0
BraTS-GLI-00021-000,pspds,0.5,1.0,1,-6.0,0,15,7641,,,,,0
BraTS-GLI-00021-000,pspds,0.5,1.0,1,-4.02,0,4,7641,,,,,0
BraTS-GLI-00021-000,pspds,0.5,1.0,1,-2.0,0,0,7641,,,,,0
BraTS-GLI-00021-000,pspds,0.5,1.0,1,0.0,0,0,7641,,,,,0
BraTS-GLI-00021-000,pspds,0.5,1.0,1,2.0,0,0,7641,,,,,0
BraTS-GLI-00021-000,pspds,0.5,1.0,2,-6.0,78374,32922,10886,,,,,0
BraTS-GLI-00021-000,pspds,0.5,1.0,2,-4.02,76574,27823,12686,,,,,0
BraTS-GLI-00021-000,pspds,0.5,1.0,2,-2.0,74355,23306,14905,,,,,0
BraTS-GLI-00021-000,pspds,0.5,1.0,2,0.0,71275,19500,17985,,,,,0
BraTS-GLI-00021-000,pspds,0.5,1.0,2,2.0,64105,16242,25155,,,,,0
BraTS-GLI-00021-000,pspds,1.0,0.0,0,-6.0,0,8,6769,,,,,0
BraTS-GLI-00021-000,pspds,1.0,0.0,0,-4.02,0,1,6769,0,1,0,0,0
BraTS-GLI-00021-000,pspds,1.0,0.0,0,-2.0,0,0,6769,,,,,0
BraTS-GLI-00021-000,pspds,1.0,0.0,0,0.0,0,0,6769,0,1,0,0,0
BraTS-GLI-00021-000,pspds,1.0,0.0,0,2.0,0,0,6769,,,,,0
BraTS-GLI-00021-000,pspds,1.0,0.0,1,-6.0,0,15,7641,,,,,0
BraTS-GLI-00021-000,pspds,1.0,0.0,1,-4.02,0,4,7641,,,,,0
BraTS-GLI-00021-000,pspds,1.0,0.0,1,-2.0,0,0,7641,,,,,0
BraTS-GLI-00021-000,pspds,1.0,0.0,1,0.0,0,0,7641,,,,,0
BraTS-GLI-00021-000,pspds,1.0,0.0,1,2.0,0,0,7641,,,,,0
BraTS-GLI-00021-000,pspds,1.0,0.0,2,-6.0,78374,32922,10886,,,,,0
BraTS-GLI-00021-000,pspds,1.0,0.0,2,-4.02,76574,27823,12686,,,,,0
BraTS-GLI-00021-000,pspds,1.0,0.0,2,-2.0,74355,23306,14905,,,,,0
BraTS-GLI-00021-000,pspds,1.0,0.0,2,0.0,71275,19500,17985,,,,,0
BraTS-GLI-00021-000,pspds,1.0,0.0,2,2.0,64105,16242,25155,,,,,0
BraTS-GLI-00021-000,pspds,1.0,1.0,0,-6.0,0,8,6769,,,,,0
BraTS-GLI-00021-000,pspds,1.0,1.0,0,-4.02,0,1,6769,0,1,0,0,0
BraTS-GLI-00021-000,pspds,1.0,1.0,0,-2.0,0,0,6769,,,,,0
BraTS-GLI-00021-000,pspds,1.0,1.0,0,0.0,0,0,6769,0,1,0,0,0
BraTS-GLI-00021-000,pspds,1.0,1.0,0,2.0,0,0,6769,,,,,0
BraTS-GLI-00021-000,pspds,1.0,1.0,1,-6.0,0,15,7641,,,,,0
BraTS-GLI-00021-000,pspds,1.0,1.0,1,-4.02,0,4,7641,,,,,0
BraTS-GLI-00021-000,pspds,1.0,1.0,1,-2.0,0,0,7641,,,,,0
BraTS-GLI-00021-000,pspds,1.0,1.0,1,0.0,0,0,7641,,,,,0
BraTS-GLI-00021-000,pspds,1.0,1.0,1,2.0,0,0,7641,,,,,0
BraTS-GLI-00021-000,pspds,1.0,1.0,2,-6.0,78374,32922,10886,,,,,0
BraTS-GLI-00021-000,pspds,1.0,1.0,2,-4.02,76574,27823,12686,,,,,0
BraTS-GLI-00021-000,pspds,1.0,1.0,2,-2.0,74355,23306,14905,,,,,0
BraTS-GLI-00021-000,pspds,1.0,1.0,2,0.0,71275,19500,17985,,,,,0
BraTS-GLI-00021-000,pspds,1.0,1.0,2,2.0,64105,16242,25155,,,,,0
BraTS-GLI-00021-000,interp,0.5,0.0,0,-6.0,0,8,6769,,,,,0
BraTS-GLI-00021-000,interp,0.5,0.0,0,-4.02,0,1,6769,0,1,0,0,0
BraTS-GLI-00021-000,interp,0.5,0.0,0,-2.0,0,0,6769,,,,,0
BraTS-GLI-00021-000,interp,0.5,0.0,0,0.0,0,0,6769,0,1,0,0,0
BraTS-GLI-00021-000,interp,0.5,0.0,0,2.0,0,0,6769,,,,,0
BraTS-GLI-00021-000,interp,0.5,0.0,1,-6.0,0,15,7641,,,,,0
BraTS-GLI-00021-000,interp,0.5,0.0,1,-4.02,0,4,7641,,,,,0
BraTS-GLI-00021-000,interp,0.5,0.0,1,-2.0,0,0,7641,,,,,0
BraTS-GLI-00021-000,interp,0.5,0.0,1,0.0,0,0,7641,,,,,0
BraTS-GLI-00021-000,interp,0.5,0.0,1,2.0,0,0,7641,,,,,0
BraTS-GLI-00021-000,interp,0.5,0.0,2,-6.0,78374,32922,10886,,,,,0
BraTS-GLI-00021-000,interp,0.5,0.0,2,-4.02,76574,27823,12686,,,,,0
BraTS-GLI-00021-000,interp,0.5,0.0,2,-2.0,74355,23306,14905,,,,,0
BraTS-GLI-00021-000,interp,0.5,0.0,2,0.0,71275,19500,17985,,,,,0
BraTS-GLI-00021-000,interp,0.5,0.0,2,2.0,64105,16242,25155,,,,,0
BraTS-GLI-00021-000,interp,1.0,0.0,0,-6.0,0,8,6769,,,,,0
BraTS-GLI-00021-000,interp,1.0,0.0,0,-4.02,0,1,6769,0,1,0,0,0
BraTS-GLI-00021-000,interp,1.0,0.0,0,-2.0,0,0,6769,,,,,0
BraTS-GLI-00021-000,interp,1.0,0.0,0,0.0,0,0,6769,0,1,0,0,0
BraTS-GLI-00021-000,interp,1.0,0.0,0,2.0,0,0,6769,,,,,0
BraTS-GLI-00021-000,interp,1.0,0.0,1,-6.0,0,15,7641,,,,,0
BraTS-GLI-00021-000,interp,1.0,0.0,1,-4.02,0,4,7641,,,,,0
BraTS-GLI-00021-000,interp,1.0,0.0,1,-2.0,0,0,7641,,,,,0
BraTS-GLI-00021-000,interp,1.0,0.0,1,0.0,0,0,7641,,,,,0
BraTS-GLI-00021-000,interp,1.0,0.0,1,2.0,0,0,7641,,,,,0
BraTS-GLI-00021-000,interp,1.0,0.0,2,-6.0,78374,32922,10886,,,,,0
BraTS-GLI-00021-000,interp,1.0,0.0,2,-4.02,76574,27823,12686,,,,,0
BraTS-GLI-00021-000,interp,1.0,0.0,2,-2.0,74355,23306,14905,,,,,0
BraTS-GLI-00021-000,interp,1.0,0.0,2,0.0,71275,19500,17985,,,,,0
BraTS-GLI-00021-000,interp,1.0,0.0,2,2.0,64105,16242,25155,,,,,0
BraTS-GLI-00021-000,global,0.5,0.0,0,-6.0,0,8,6769,,,,,0
BraTS-GLI-00021-000,global,0.5,0.0,0,-4.02,0,1,6769,0,1,0,0,0
BraTS-GLI-00021-000,global,0.5,0.0,0,-2.0,0,0,6769,,,,,0
BraTS-GLI-00021-000,global,0.5,0.0,0,0.0,0,0,6769,0,1,0,0,0
BraTS-GLI-00021-000,global,0.5,0.0,0,2.0,0,0,6769,,,,,0
BraTS-GLI-00021-000,global,0.5,0.0,1,-6.0,0,15,7641,,,,,0
BraTS-GLI-00021-000,global,0.5,0.0,1,-4.02,0,4,7641,,,,,0
BraTS-GLI-00021-000,global,0.5,0.0,1,-2.0,0,0,7641,,,,,0
BraTS-GLI-00021-000,global,0.5,0.0,1,0.0,0,0,7641,,,,,0
BraTS-GLI-00021-000,global,0.5,0.0,1,2.0,0,0,7641,,,,,0
BraTS-GLI-00021-000,global,0.5,0.0,2,-6.0,78374,32922,10886,,,,,0
BraTS-GLI-00021-000,global,0.5,0.0,2,-4.02,76574,27823,12686,,,,,0
BraTS-GLI-00021-000,global,0.5,0.0,2,-2.0,74355,23306,14905,,,,,0
BraTS-GLI-00021-000,global,0.5,0.0,2,0.0,71275,19500,17985,,,,,0
BraTS-GLI-00021-000,global,0.5,0.0,2,2.0,64105,16242,25155,,,,,0
BraTS-GLI-00021-000,global,1.0,0.0,0,-6.0,0,8,6769,,,,,0
BraTS-GLI-00021-000,global,1.0,0.0,0,-4.02,0,1,6769,0,1,0,0,0
BraTS-GLI-00021-000,global,1.0,0.0,0,-2.0,0,0,6769,,,,,0
BraTS-GLI-00021-000,global,1.0,0.0,0,0.0,0,0,6769,0,1,0,0,0
BraTS-GLI-00021-000,global,1.0,0.0,0,2.0,0,0,6769,,,,,0
BraTS-GLI-00021-000,global,1.0,0.0,1,-6.0,0,15,7641,,,,,0
BraTS-GLI-00021-000,global,1.0,0.0,1,-4.02,0,4,7641,,,,,0
BraTS-GLI-00021-000,global,1.0,0.0,1,-2.0,0,0,7641,,,,,0
BraTS-GLI-00021-000,global,1.0,0.0,1,0.0,0,0,7641,,,,,0
BraTS-GLI-00021-000,global,1.0,0.0,1,2.0,0,0,7641,,,,,0
BraTS-GLI-00021-000,global,1.0,0.0,2,-6.0,78374,32922,10886,,,,,0
BraTS-GLI-00021-000,global,1.0,0.0,2,-4.02,76574,27823,12686,,,,,0
BraTS-GLI-00021-000,global,1.0,0.0,2,-2.0,74355,23306,14905,,,,,0
BraTS-GLI-00021-000,global,1.0,0.0,2,0.0,71275,19500,17985,,,,,0
BraTS-GLI-00021-000,global,1.0,0.0,2,2.0,64105,16242,25155,,,,,0
BraTS-GLI-00021-000,dilate,0.0,0.0,0,-6.0,0,8,6769,,,,,0
BraTS-GLI-00021-000,dilate,0.0,0.0,0,-4.02,0,1,6769,0,1,0,0,0
BraTS-GLI-00021-000,dilate,0.0,0.0,0,-2.0,0,0,6769,,,,,0
BraTS-GLI-00021-000,dilate,0.0,0.0,0,0.0,0,0,6769,0,1,0,0,0
BraTS-GLI-00021-000,dilate,0.0,0.0,0,2.0,0,0,6769,,,,,0
BraTS-GLI-00021-000,dilate,0.0,0.0,1,-6.0,0,15,7641,,,,,0
BraTS-GLI-00021-000,dilate,0.0,0.0,1,-4.02,0,4,7641,,,,,0
BraTS-GLI-00021-000,dilate,0.0,0.0,1,-2.0,0,0,7641,,,,,0
BraTS-GLI-00021-000,dilate,0.0,0.0,1,0.0,0,0,7641,,,,,0
BraTS-GLI-00021-000,dilate,0.0,0.0,1,2.0,0,0,7641,,,,,0
BraTS-GLI-00021-000,dilate,0.0,0.0,2,-6.0,78374,32922,10886,,,,,0
BraTS-GLI-00021-000,dilate,0.0,0.0,2,-4.02,76574,27823,12686,,,,,0
BraTS-GLI-00021-000,dilate,0.0,0.0,2,-2.0,74355,23306,14905,,,,,0
BraTS-GLI-00021-000,dilate,0.0,0.0,2,0.0,71275,19500,17985,,,,,0
BraTS-GLI-00021-000,dilate,0.0,0.0,2,2.0,64105,16242,25155,,,,,0
BraTS-GLI-00021-000,boost,2.0,0.0,0,-6.0,0,8,6769,,,,,0
BraTS-GLI-00021-000,boost,2.0,0.0,0,-4.02,0,1,6769,0,1,0,0,0
BraTS-GLI-00021-000,boost,2.0,0.0,0,-2.0,0,0,6769,,,,,0
BraTS-GLI-00021-000,boost,2.0,0.0,0,0.0,0,0,6769,0,1,0,0,0
BraTS-GLI-00021-000,boost,2.0,0.0,0,2.0,0,0,6769,,,,,0
BraTS-GLI-00021-000,boost,2.0,0.0,1,-6.0,0,15,7641,,,,,0
BraTS-GLI-00021-000,boost,2.0,0.0,1,-4.02,0,4,7641,,,,,0
BraTS-GLI-00021-000,boost,2.0,0.0,1,-2.0,0,0,7641,,,,,0
BraTS-GLI-00021-000,boost,2.0,0.0,1,0.0,0,0,7641,,,,,0
BraTS-GLI-00021-000,boost,2.0,0.0,1,2.0,0,0,7641,,,,,0
BraTS-GLI-00021-000,boost,2.0,0.0,2,-6.0,78374,32922,10886,,,,,0
BraTS-GLI-00021-000,boost,2.0,0.0,2,-4.02,76574,27823,12686,,,,,0
BraTS-GLI-00021-000,boost,2.0,0.0,2,-2.0,74355,23306,14905,,,,,0
BraTS-GLI-00021-000,boost,2.0,0.0,2,0.0,71275,19500,17985,,,,,0
BraTS-GLI-00021-000,boost,2.0,0.0,2,2.0,64105,16242,25155,,,,,0
BraTS-GLI-00021-000,boost,4.0,0.0,0,-6.0,0,8,6769,,,,,0
BraTS-GLI-00021-000,boost,4.0,0.0,0,-4.02,0,1,6769,0,1,0,0,0
BraTS-GLI-00021-000,boost,4.0,0.0,0,-2.0,0,0,6769,,,,,0
BraTS-GLI-00021-000,boost,4.0,0.0,0,0.0,0,0,6769,0,1,0,0,0
BraTS-GLI-00021-000,boost,4.0,0.0,0,2.0,0,0,6769,,,,,0
BraTS-GLI-00021-000,boost,4.0,0.0,1,-6.0,0,15,7641,,,,,0
BraTS-GLI-00021-000,boost,4.0,0.0,1,-4.02,0,4,7641,,,,,0
BraTS-GLI-00021-000,boost,4.0,0.0,1,-2.0,0,0,7641,,,,,0
BraTS-GLI-00021-000,boost,4.0,0.0,1,0.0,0,0,7641,,,,,0
BraTS-GLI-00021-000,boost,4.0,0.0,1,2.0,0,0,7641,,,,,0
BraTS-GLI-00021-000,boost,4.0,0.0,2,-6.0,78374,32922,10886,,,,,0
BraTS-GLI-00021-000,boost,4.0,0.0,2,-4.02,76574,27823,12686,,,,,0
BraTS-GLI-00021-000,boost,4.0,0.0,2,-2.0,74355,23306,14905,,,,,0
BraTS-GLI-00021-000,boost,4.0,0.0,2,0.0,71275,19500,17985,,,,,0
BraTS-GLI-00021-000,boost,4.0,0.0,2,2.0,64105,16242,25155,,,,,0
BraTS-GLI-01482-000,none,0.0,0.0,0,-6.0,1296,63,167,,,,,3
BraTS-GLI-01482-000,none,0.0,0.0,0,-4.02,1271,46,192,0,1,0,0,3
BraTS-GLI-01482-000,none,0.0,0.0,0,-2.0,1239,38,224,,,,,3
BraTS-GLI-01482-000,none,0.0,0.0,0,0.0,1208,28,255,0,1,0,0,3
BraTS-GLI-01482-000,none,0.0,0.0,0,2.0,1184,20,279,,,,,3
BraTS-GLI-01482-000,none,0.0,0.0,1,-6.0,1416,53,1488,,,,,3
BraTS-GLI-01482-000,none,0.0,0.0,1,-4.02,1381,44,1523,,,,,3
BraTS-GLI-01482-000,none,0.0,0.0,1,-2.0,1353,34,1551,,,,,3
BraTS-GLI-01482-000,none,0.0,0.0,1,0.0,1325,22,1579,,,,,3
BraTS-GLI-01482-000,none,0.0,0.0,1,2.0,1298,18,1606,,,,,3
BraTS-GLI-01482-000,none,0.0,0.0,2,-6.0,22192,5567,7881,,,,,3
BraTS-GLI-01482-000,none,0.0,0.0,2,-4.02,21840,4355,8233,,,,,3
BraTS-GLI-01482-000,none,0.0,0.0,2,-2.0,21486,3455,8587,,,,,3
BraTS-GLI-01482-000,none,0.0,0.0,2,0.0,21104,2785,8969,,,,,3
BraTS-GLI-01482-000,none,0.0,0.0,2,2.0,20701,2275,9372,,,,,3
BraTS-GLI-01482-000,pspds,0.5,0.0,0,-6.0,1296,63,167,,,,,3
BraTS-GLI-01482-000,pspds,0.5,0.0,0,-4.02,1271,46,192,0,1,0,0,3
BraTS-GLI-01482-000,pspds,0.5,0.0,0,-2.0,1239,38,224,,,,,3
BraTS-GLI-01482-000,pspds,0.5,0.0,0,0.0,1208,28,255,0,1,0,0,3
BraTS-GLI-01482-000,pspds,0.5,0.0,0,2.0,1184,20,279,,,,,3
BraTS-GLI-01482-000,pspds,0.5,0.0,1,-6.0,1416,53,1488,,,,,3
BraTS-GLI-01482-000,pspds,0.5,0.0,1,-4.02,1381,44,1523,,,,,3
BraTS-GLI-01482-000,pspds,0.5,0.0,1,-2.0,1353,34,1551,,,,,3
BraTS-GLI-01482-000,pspds,0.5,0.0,1,0.0,1325,22,1579,,,,,3
BraTS-GLI-01482-000,pspds,0.5,0.0,1,2.0,1298,18,1606,,,,,3
BraTS-GLI-01482-000,pspds,0.5,0.0,2,-6.0,22192,5567,7881,,,,,3
BraTS-GLI-01482-000,pspds,0.5,0.0,2,-4.02,21840,4355,8233,,,,,3
BraTS-GLI-01482-000,pspds,0.5,0.0,2,-2.0,21486,3455,8587,,,,,3
BraTS-GLI-01482-000,pspds,0.5,0.0,2,0.0,21104,2785,8969,,,,,3
BraTS-GLI-01482-000,pspds,0.5,0.0,2,2.0,20701,2275,9372,,,,,3
BraTS-GLI-01482-000,pspds,0.5,1.0,0,-6.0,1296,63,167,,,,,3
BraTS-GLI-01482-000,pspds,0.5,1.0,0,-4.02,1271,46,192,0,1,0,0,3
BraTS-GLI-01482-000,pspds,0.5,1.0,0,-2.0,1239,38,224,,,,,3
BraTS-GLI-01482-000,pspds,0.5,1.0,0,0.0,1208,28,255,0,1,0,0,3
BraTS-GLI-01482-000,pspds,0.5,1.0,0,2.0,1184,20,279,,,,,3
BraTS-GLI-01482-000,pspds,0.5,1.0,1,-6.0,1416,53,1488,,,,,3
BraTS-GLI-01482-000,pspds,0.5,1.0,1,-4.02,1381,44,1523,,,,,3
BraTS-GLI-01482-000,pspds,0.5,1.0,1,-2.0,1353,34,1551,,,,,3
BraTS-GLI-01482-000,pspds,0.5,1.0,1,0.0,1325,22,1579,,,,,3
BraTS-GLI-01482-000,pspds,0.5,1.0,1,2.0,1298,18,1606,,,,,3
BraTS-GLI-01482-000,pspds,0.5,1.0,2,-6.0,22192,5567,7881,,,,,3
BraTS-GLI-01482-000,pspds,0.5,1.0,2,-4.02,21840,4355,8233,,,,,3
BraTS-GLI-01482-000,pspds,0.5,1.0,2,-2.0,21486,3455,8587,,,,,3
BraTS-GLI-01482-000,pspds,0.5,1.0,2,0.0,21104,2785,8969,,,,,3
BraTS-GLI-01482-000,pspds,0.5,1.0,2,2.0,20701,2275,9372,,,,,3
BraTS-GLI-01482-000,pspds,1.0,0.0,0,-6.0,1296,63,167,,,,,3
BraTS-GLI-01482-000,pspds,1.0,0.0,0,-4.02,1271,46,192,0,1,0,0,3
BraTS-GLI-01482-000,pspds,1.0,0.0,0,-2.0,1239,38,224,,,,,3
BraTS-GLI-01482-000,pspds,1.0,0.0,0,0.0,1208,28,255,0,1,0,0,3
BraTS-GLI-01482-000,pspds,1.0,0.0,0,2.0,1184,20,279,,,,,3
BraTS-GLI-01482-000,pspds,1.0,0.0,1,-6.0,1416,53,1488,,,,,3
BraTS-GLI-01482-000,pspds,1.0,0.0,1,-4.02,1381,44,1523,,,,,3
BraTS-GLI-01482-000,pspds,1.0,0.0,1,-2.0,1353,34,1551,,,,,3
BraTS-GLI-01482-000,pspds,1.0,0.0,1,0.0,1325,22,1579,,,,,3
BraTS-GLI-01482-000,pspds,1.0,0.0,1,2.0,1298,18,1606,,,,,3
BraTS-GLI-01482-000,pspds,1.0,0.0,2,-6.0,22192,5567,7881,,,,,3
BraTS-GLI-01482-000,pspds,1.0,0.0,2,-4.02,21840,4355,8233,,,,,3
BraTS-GLI-01482-000,pspds,1.0,0.0,2,-2.0,21486,3455,8587,,,,,3
BraTS-GLI-01482-000,pspds,1.0,0.0,2,0.0,21104,2785,8969,,,,,3
BraTS-GLI-01482-000,pspds,1.0,0.0,2,2.0,20701,2275,9372,,,,,3
BraTS-GLI-01482-000,pspds,1.0,1.0,0,-6.0,1296,63,167,,,,,3
BraTS-GLI-01482-000,pspds,1.0,1.0,0,-4.02,1271,46,192,0,1,0,0,3
BraTS-GLI-01482-000,pspds,1.0,1.0,0,-2.0,1239,38,224,,,,,3
BraTS-GLI-01482-000,pspds,1.0,1.0,0,0.0,1208,28,255,0,1,0,0,3
BraTS-GLI-01482-000,pspds,1.0,1.0,0,2.0,1184,20,279,,,,,3
BraTS-GLI-01482-000,pspds,1.0,1.0,1,-6.0,1416,53,1488,,,,,3
BraTS-GLI-01482-000,pspds,1.0,1.0,1,-4.02,1381,44,1523,,,,,3
BraTS-GLI-01482-000,pspds,1.0,1.0,1,-2.0,1353,34,1551,,,,,3
BraTS-GLI-01482-000,pspds,1.0,1.0,1,0.0,1325,22,1579,,,,,3
BraTS-GLI-01482-000,pspds,1.0,1.0,1,2.0,1298,18,1606,,,,,3
BraTS-GLI-01482-000,pspds,1.0,1.0,2,-6.0,22192,5567,7881,,,,,3
BraTS-GLI-01482-000,pspds,1.0,1.0,2,-4.02,21840,4355,8233,,,,,3
BraTS-GLI-01482-000,pspds,1.0,1.0,2,-2.0,21486,3455,8587,,,,,3
BraTS-GLI-01482-000,pspds,1.0,1.0,2,0.0,21104,2785,8969,,,,,3
BraTS-GLI-01482-000,pspds,1.0,1.0,2,2.0,20701,2275,9372,,,,,3
BraTS-GLI-01482-000,interp,0.5,0.0,0,-6.0,1296,63,167,,,,,3
BraTS-GLI-01482-000,interp,0.5,0.0,0,-4.02,1271,46,192,0,1,0,0,3
BraTS-GLI-01482-000,interp,0.5,0.0,0,-2.0,1239,38,224,,,,,3
BraTS-GLI-01482-000,interp,0.5,0.0,0,0.0,1208,28,255,0,1,0,0,3
BraTS-GLI-01482-000,interp,0.5,0.0,0,2.0,1184,20,279,,,,,3
BraTS-GLI-01482-000,interp,0.5,0.0,1,-6.0,1416,53,1488,,,,,3
BraTS-GLI-01482-000,interp,0.5,0.0,1,-4.02,1381,44,1523,,,,,3
BraTS-GLI-01482-000,interp,0.5,0.0,1,-2.0,1353,34,1551,,,,,3
BraTS-GLI-01482-000,interp,0.5,0.0,1,0.0,1325,22,1579,,,,,3
BraTS-GLI-01482-000,interp,0.5,0.0,1,2.0,1298,18,1606,,,,,3
BraTS-GLI-01482-000,interp,0.5,0.0,2,-6.0,22192,5567,7881,,,,,3
BraTS-GLI-01482-000,interp,0.5,0.0,2,-4.02,21840,4355,8233,,,,,3
BraTS-GLI-01482-000,interp,0.5,0.0,2,-2.0,21486,3455,8587,,,,,3
BraTS-GLI-01482-000,interp,0.5,0.0,2,0.0,21104,2785,8969,,,,,3
BraTS-GLI-01482-000,interp,0.5,0.0,2,2.0,20701,2275,9372,,,,,3
BraTS-GLI-01482-000,interp,1.0,0.0,0,-6.0,1296,63,167,,,,,3
BraTS-GLI-01482-000,interp,1.0,0.0,0,-4.02,1271,46,192,0,1,0,0,3
BraTS-GLI-01482-000,interp,1.0,0.0,0,-2.0,1239,38,224,,,,,3
BraTS-GLI-01482-000,interp,1.0,0.0,0,0.0,1208,28,255,0,1,0,0,3
BraTS-GLI-01482-000,interp,1.0,0.0,0,2.0,1184,20,279,,,,,3
BraTS-GLI-01482-000,interp,1.0,0.0,1,-6.0,1416,53,1488,,,,,3
BraTS-GLI-01482-000,interp,1.0,0.0,1,-4.02,1381,44,1523,,,,,3
BraTS-GLI-01482-000,interp,1.0,0.0,1,-2.0,1353,34,1551,,,,,3
BraTS-GLI-01482-000,interp,1.0,0.0,1,0.0,1325,22,1579,,,,,3
BraTS-GLI-01482-000,interp,1.0,0.0,1,2.0,1298,18,1606,,,,,3
BraTS-GLI-01482-000,interp,1.0,0.0,2,-6.0,22192,5567,7881,,,,,3
BraTS-GLI-01482-000,interp,1.0,0.0,2,-4.02,21840,4355,8233,,,,,3
BraTS-GLI-01482-000,interp,1.0,0.0,2,-2.0,21486,3455,8587,,,,,3
BraTS-GLI-01482-000,interp,1.0,0.0,2,0.0,21104,2785,8969,,,,,3
BraTS-GLI-01482-000,interp,1.0,0.0,2,2.0,20701,2275,9372,,,,,3
BraTS-GLI-01482-000,global,0.5,0.0,0,-6.0,1296,63,167,,,,,3
BraTS-GLI-01482-000,global,0.5,0.0,0,-4.02,1271,46,192,0,1,0,0,3
BraTS-GLI-01482-000,global,0.5,0.0,0,-2.0,1239,38,224,,,,,3
BraTS-GLI-01482-000,global,0.5,0.0,0,0.0,1208,28,255,0,1,0,0,3
BraTS-GLI-01482-000,global,0.5,0.0,0,2.0,1184,20,279,,,,,3
BraTS-GLI-01482-000,global,0.5,0.0,1,-6.0,1416,53,1488,,,,,3
BraTS-GLI-01482-000,global,0.5,0.0,1,-4.02,1381,44,1523,,,,,3
BraTS-GLI-01482-000,global,0.5,0.0,1,-2.0,1353,34,1551,,,,,3
BraTS-GLI-01482-000,global,0.5,0.0,1,0.0,1325,22,1579,,,,,3
BraTS-GLI-01482-000,global,0.5,0.0,1,2.0,1298,18,1606,,,,,3
BraTS-GLI-01482-000,global,0.5,0.0,2,-6.0,22192,5567,7881,,,,,3
BraTS-GLI-01482-000,global,0.5,0.0,2,-4.02,21840,4355,8233,,,,,3
BraTS-GLI-01482-000,global,0.5,0.0,2,-2.0,21486,3455,8587,,,,,3
BraTS-GLI-01482-000,global,0.5,0.0,2,0.0,21104,2785,8969,,,,,3
BraTS-GLI-01482-000,global,0.5,0.0,2,2.0,20701,2275,9372,,,,,3
BraTS-GLI-01482-000,global,1.0,0.0,0,-6.0,1296,63,167,,,,,3
BraTS-GLI-01482-000,global,1.0,0.0,0,-4.02,1271,46,192,0,1,0,0,3
BraTS-GLI-01482-000,global,1.0,0.0,0,-2.0,1239,38,224,,,,,3
BraTS-GLI-01482-000,global,1.0,0.0,0,0.0,1208,28,255,0,1,0,0,3
BraTS-GLI-01482-000,global,1.0,0.0,0,2.0,1184,20,279,,,,,3
BraTS-GLI-01482-000,global,1.0,0.0,1,-6.0,1416,53,1488,,,,,3
BraTS-GLI-01482-000,global,1.0,0.0,1,-4.02,1381,44,1523,,,,,3
BraTS-GLI-01482-000,global,1.0,0.0,1,-2.0,1353,34,1551,,,,,3
BraTS-GLI-01482-000,global,1.0,0.0,1,0.0,1325,22,1579,,,,,3
BraTS-GLI-01482-000,global,1.0,0.0,1,2.0,1298,18,1606,,,,,3
BraTS-GLI-01482-000,global,1.0,0.0,2,-6.0,22192,5567,7881,,,,,3
BraTS-GLI-01482-000,global,1.0,0.0,2,-4.02,21840,4355,8233,,,,,3
BraTS-GLI-01482-000,global,1.0,0.0,2,-2.0,21486,3455,8587,,,,,3
BraTS-GLI-01482-000,global,1.0,0.0,2,0.0,21104,2785,8969,,,,,3
BraTS-GLI-01482-000,global,1.0,0.0,2,2.0,20701,2275,9372,,,,,3
BraTS-GLI-01482-000,dilate,0.0,0.0,0,-6.0,1296,63,167,,,,,3
BraTS-GLI-01482-000,dilate,0.0,0.0,0,-4.02,1271,46,192,0,1,0,0,3
BraTS-GLI-01482-000,dilate,0.0,0.0,0,-2.0,1239,38,224,,,,,3
BraTS-GLI-01482-000,dilate,0.0,0.0,0,0.0,1208,28,255,0,1,0,0,3
BraTS-GLI-01482-000,dilate,0.0,0.0,0,2.0,1184,20,279,,,,,3
BraTS-GLI-01482-000,dilate,0.0,0.0,1,-6.0,1416,53,1488,,,,,3
BraTS-GLI-01482-000,dilate,0.0,0.0,1,-4.02,1381,44,1523,,,,,3
BraTS-GLI-01482-000,dilate,0.0,0.0,1,-2.0,1353,34,1551,,,,,3
BraTS-GLI-01482-000,dilate,0.0,0.0,1,0.0,1325,22,1579,,,,,3
BraTS-GLI-01482-000,dilate,0.0,0.0,1,2.0,1298,18,1606,,,,,3
BraTS-GLI-01482-000,dilate,0.0,0.0,2,-6.0,22192,5567,7881,,,,,3
BraTS-GLI-01482-000,dilate,0.0,0.0,2,-4.02,21840,4355,8233,,,,,3
BraTS-GLI-01482-000,dilate,0.0,0.0,2,-2.0,21486,3455,8587,,,,,3
BraTS-GLI-01482-000,dilate,0.0,0.0,2,0.0,21104,2785,8969,,,,,3
BraTS-GLI-01482-000,dilate,0.0,0.0,2,2.0,20701,2275,9372,,,,,3
BraTS-GLI-01482-000,boost,2.0,0.0,0,-6.0,1296,63,167,,,,,3
BraTS-GLI-01482-000,boost,2.0,0.0,0,-4.02,1271,46,192,0,1,0,0,3
BraTS-GLI-01482-000,boost,2.0,0.0,0,-2.0,1239,38,224,,,,,3
BraTS-GLI-01482-000,boost,2.0,0.0,0,0.0,1208,28,255,0,1,0,0,3
BraTS-GLI-01482-000,boost,2.0,0.0,0,2.0,1184,20,279,,,,,3
BraTS-GLI-01482-000,boost,2.0,0.0,1,-6.0,1416,53,1488,,,,,3
BraTS-GLI-01482-000,boost,2.0,0.0,1,-4.02,1381,44,1523,,,,,3
BraTS-GLI-01482-000,boost,2.0,0.0,1,-2.0,1353,34,1551,,,,,3
BraTS-GLI-01482-000,boost,2.0,0.0,1,0.0,1325,22,1579,,,,,3
BraTS-GLI-01482-000,boost,2.0,0.0,1,2.0,1298,18,1606,,,,,3
BraTS-GLI-01482-000,boost,2.0,0.0,2,-6.0,22192,5567,7881,,,,,3
BraTS-GLI-01482-000,boost,2.0,0.0,2,-4.02,21840,4355,8233,,,,,3
BraTS-GLI-01482-000,boost,2.0,0.0,2,-2.0,21486,3455,8587,,,,,3
BraTS-GLI-01482-000,boost,2.0,0.0,2,0.0,21104,2785,8969,,,,,3
BraTS-GLI-01482-000,boost,2.0,0.0,2,2.0,20701,2275,9372,,,,,3
BraTS-GLI-01482-000,boost,4.0,0.0,0,-6.0,1296,63,167,,,,,3
BraTS-GLI-01482-000,boost,4.0,0.0,0,-4.02,1271,46,192,0,1,0,0,3
BraTS-GLI-01482-000,boost,4.0,0.0,0,-2.0,1239,38,224,,,,,3
BraTS-GLI-01482-000,boost,4.0,0.0,0,0.0,1208,28,255,0,1,0,0,3
BraTS-GLI-01482-000,boost,4.0,0.0,0,2.0,1184,20,279,,,,,3
BraTS-GLI-01482-000,boost,4.0,0.0,1,-6.0,1416,53,1488,,,,,3
BraTS-GLI-01482-000,boost,4.0,0.0,1,-4.02,1381,44,1523,,,,,3
BraTS-GLI-01482-000,boost,4.0,0.0,1,-2.0,1353,34,1551,,,,,3
BraTS-GLI-01482-000,boost,4.0,0.0,1,0.0,1325,22,1579,,,,,3
BraTS-GLI-01482-000,boost,4.0,0.0,1,2.0,1298,18,1606,,,,,3
BraTS-GLI-01482-000,boost,4.0,0.0,2,-6.0,22192,5567,7881,,,,,3
BraTS-GLI-01482-000,boost,4.0,0.0,2,-4.02,21840,4355,8233,,,,,3
BraTS-GLI-01482-000,boost,4.0,0.0,2,-2.0,21486,3455,8587,,,,,3
BraTS-GLI-01482-000,boost,4.0,0.0,2,0.0,21104,2785,8969,,,,,3
BraTS-GLI-01482-000,boost,4.0,0.0,2,2.0,20701,2275,9372,,,,,3
BraTS-GLI-01253-000,none,0.0,0.0,0,-6.0,27280,6232,8030,,,,,46
BraTS-GLI-01253-000,none,0.0,0.0,0,-4.02,26708,5656,8602,0,3,0,0,46
BraTS-GLI-01253-000,none,0.0,0.0,0,-2.0,26122,5147,9188,,,,,46
BraTS-GLI-01253-000,none,0.0,0.0,0,0.0,25487,4672,9823,0,3,0,0,46
BraTS-GLI-01253-000,none,0.0,0.0,0,2.0,24887,4195,10423,,,,,46
BraTS-GLI-01253-000,none,0.0,0.0,1,-6.0,69106,999,10805,,,,,46
BraTS-GLI-01253-000,none,0.0,0.0,1,-4.02,68607,863,11304,,,,,46
BraTS-GLI-01253-000,none,0.0,0.0,1,-2.0,68117,755,11794,,,,,46
BraTS-GLI-01253-000,none,0.0,0.0,1,0.0,67595,646,12316,,,,,46
BraTS-GLI-01253-000,none,0.0,0.0,1,2.0,67026,538,12885,,,,,46
BraTS-GLI-01253-000,none,0.0,0.0,2,-6.0,86373,33383,9442,,,,,46
BraTS-GLI-01253-000,none,0.0,0.0,2,-4.02,85650,30075,10165,,,,,46
BraTS-GLI-01253-000,none,0.0,0.0,2,-2.0,84962,27181,10853,,,,,46
BraTS-GLI-01253-000,none,0.0,0.0,2,0.0,84292,24568,11523,,,,,46
BraTS-GLI-01253-000,none,0.0,0.0,2,2.0,83581,22233,12234,,,,,46
BraTS-GLI-01253-000,pspds,0.5,0.0,0,-6.0,27410,6261,7900,,,,,46
BraTS-GLI-01253-000,pspds,0.5,0.0,0,-4.02,26851,5693,8459,0,3,0,0,46
BraTS-GLI-01253-000,pspds,0.5,0.0,0,-2.0,26302,5187,9008,,,,,46
BraTS-GLI-01253-000,pspds,0.5,0.0,0,0.0,25668,4734,9642,0,3,0,0,46
BraTS-GLI-01253-000,pspds,0.5,0.0,0,2.0,25086,4271,10224,,,,,46
BraTS-GLI-01253-000,pspds,0.5,0.0,1,-6.0,69266,1036,10645,,,,,46
BraTS-GLI-01253-000,pspds,0.5,0.0,1,-4.02,68810,899,11101,,,,,46
BraTS-GLI-01253-000,pspds,0.5,0.0,1,-2.0,68324,786,11587,,,,,46
BraTS-GLI-01253-000,pspds,0.5,0.0,1,0.0,67833,672,12078,,,,,46
BraTS-GLI-01253-000,pspds,0.5,0.0,1,2.0,67302,569,12609,,,,,46
BraTS-GLI-01253-000,pspds,0.5,0.0,2,-6.0,86479,33563,9336,,,,,46
BraTS-GLI-01253-000,pspds,0.5,0.0,2,-4.02,85750,30222,10065,,,,,46
BraTS-GLI-01253-000,pspds,0.5,0.0,2,-2.0,85080,27334,10735,,,,,46
BraTS-GLI-01253-000,pspds,0.5,0.0,2,0.0,84429,24736,11386,,,,,46
BraTS-GLI-01253-000,pspds,0.5,0.0,2,2.0,83737,22367,12078,,,,,46
BraTS-GLI-01253-000,pspds,0.5,1.0,0,-6.0,27348,6244,7962,,,,,46
BraTS-GLI-01253-000,pspds,0.5,1.0,0,-4.02,26782,5670,8528,0,3,0,0,46
BraTS-GLI-01253-000,pspds,0.5,1.0,0,-2.0,26207,5169,9103,,,,,46
BraTS-GLI-01253-000,pspds,0.5,1.0,0,0.0,25581,4699,9729,0,3,0,0,46
BraTS-GLI-01253-000,pspds,0.5,1.0,0,2.0,24997,4232,10313,,,,,46
BraTS-GLI-01253-000,pspds,0.5,1.0,1,-6.0,69185,1015,10726,,,,,46
BraTS-GLI-01253-000,pspds,0.5,1.0,1,-4.02,68708,876,11203,,,,,46
BraTS-GLI-01253-000,pspds,0.5,1.0,1,-2.0,68219,769,11692,,,,,46
BraTS-GLI-01253-000,pspds,0.5,1.0,1,0.0,67726,662,12185,,,,,46
BraTS-GLI-01253-000,pspds,0.5,1.0,1,2.0,67160,554,12751,,,,,46
BraTS-GLI-01253-000,pspds,0.5,1.0,2,-6.0,86424,33477,9391,,,,,46
BraTS-GLI-01253-000,pspds,0.5,1.0,2,-4.02,85703,30155,10112,,,,,46
BraTS-GLI-01253-000,pspds,0.5,1.0,2,-2.0,85027,27270,10788,,,,,46
BraTS-GLI-01253-000,pspds,0.5,1.0,2,0.0,84361,24657,11454,,,,,46
BraTS-GLI-01253-000,pspds,0.5,1.0,2,2.0,83656,22299,12159,,,,,46
BraTS-GLI-01253-000,pspds,1.0,0.0,0,-6.0,27513,6299,7797,,,,,46
BraTS-GLI-01253-000,pspds,1.0,0.0,0,-4.02,26991,5723,8319,0,3,0,0,46
BraTS-GLI-01253-000,pspds,1.0,0.0,0,-2.0,26418,5211,8892,,,,,46
BraTS-GLI-01253-000,pspds,1.0,0.0,0,0.0,25827,4772,9483,0,3,0,0,46
BraTS-GLI-01253-000,pspds,1.0,0.0,0,2.0,25255,4331,10055,,,,,46
BraTS-GLI-01253-000,pspds,1.0,0.0,1,-6.0,69416,1065,10495,,,,,46
BraTS-GLI-01253-000,pspds,1.0,0.0,1,-4.02,68963,933,10948,,,,,46
BraTS-GLI-01253-000,pspds,1.0,0.0,1,-2.0,68485,816,11426,,,,,46
BraTS-GLI-01253-000,pspds,1.0,0.0,1,0.0,68020,694,11891,,,,,46
BraTS-GLI-01253-000,pspds,1.0,0.0,1,2.0,67510,599,12401,,,,,46
BraTS-GLI-01253-000,pspds,1.0,0.0,2,-6.0,86561,33724,9254,,,,,46
BraTS-GLI-01253-000,pspds,1.0,0.0,2,-4.02,85859,30386,9956,,,,,46
BraTS-GLI-01253-000,pspds,1.0,0.0,2,-2.0,85173,27488,10642,,,,,46
BraTS-GLI-01253-000,pspds,1.0,0.0,2,0.0,84544,24889,11271,,,,,46
BraTS-GLI-01253-000,pspds,1.0,0.0,2,2.0,83868,22521,11947,,,,,46
BraTS-GLI-01253-000,pspds,1.0,1.0,0,-6.0,27400,6262,7910,,,,,46
BraTS-GLI-01253-000,pspds,1.0,1.0,0,-4.02,26846,5696,8464,0,3,0,0,46
BraTS-GLI-01253-000,pspds,1.0,1.0,0,-2.0,26295,5187,9015,,,,,46
BraTS-GLI-01253-000,pspds,1.0,1.0,0,0.0,25669,4732,9641,0,3,0,0,46
BraTS-GLI-01253-000,pspds,1.0,1.0,0,2.0,25077,4272,10233,,,,,46
BraTS-GLI-01253-000,pspds,1.0,1.0,1,-6.0,69257,1034,10654,,,,,46
BraTS-GLI-01253-000,pspds,1.0,1.0,1,-4.02,68800,895,11111,,,,,46
BraTS-GLI-01253-000,pspds,1.0,1.0,1,-2.0,68316,784,11595,,,,,46
BraTS-GLI-01253-000,pspds,1.0,1.0,1,0.0,67826,672,12085,,,,,46
BraTS-GLI-01253-000,pspds,1.0,1.0,1,2.0,67290,567,12621,,,,,46
BraTS-GLI-01253-000,pspds,1.0,1.0,2,-6.0,86471,33563,9344,,,,,46
BraTS-GLI-01253-000,pspds,1.0,1.0,2,-4.02,85748,30230,10067,,,,,46
BraTS-GLI-01253-000,pspds,1.0,1.0,2,-2.0,85078,27338,10737,,,,,46
BraTS-GLI-01253-000,pspds,1.0,1.0,2,0.0,84420,24744,11395,,,,,46
BraTS-GLI-01253-000,pspds,1.0,1.0,2,2.0,83728,22366,12087,,,,,46
BraTS-GLI-01253-000,interp,0.5,0.0,0,-6.0,27918,6574,7392,,,,,46
BraTS-GLI-01253-000,interp,0.5,0.0,0,-4.02,27365,5924,7945,0,3,0,0,46
BraTS-GLI-01253-000,interp,0.5,0.0,0,-2.0,26790,5405,8520,,,,,46
BraTS-GLI-01253-000,interp,0.5,0.0,0,0.0,26206,4892,9104,0,3,0,0,46
BraTS-GLI-01253-000,interp,0.5,0.0,0,2.0,25596,4443,9714,,,,,46
BraTS-GLI-01253-000,interp,0.5,0.0,1,-6.0,69904,1296,10007,,,,,46
BraTS-GLI-01253-000,interp,0.5,0.0,1,-4.02,69421,1107,10490,,,,,46
BraTS-GLI-01253-000,interp,0.5,0.0,1,-2.0,68936,944,10975,,,,,46
BraTS-GLI-01253-000,interp,0.5,0.0,1,0.0,68428,802,11483,,,,,46
BraTS-GLI-01253-000,interp,0.5,0.0,1,2.0,67891,683,12020,,,,,46
BraTS-GLI-01253-000,interp,0.5,0.0,2,-6.0,87113,34483,8702,,,,,46
BraTS-GLI-01253-000,interp,0.5,0.0,2,-4.02,86420,31177,9395,,,,,46
BraTS-GLI-01253-000,interp,0.5,0.0,2,-2.0,85721,28222,10094,,,,,46
BraTS-GLI-01253-000,interp,0.5,0.0,2,0.0,85098,25488,10717,,,,,46
BraTS-GLI-01253-000,interp,0.5,0.0,2,2.0,84464,23102,11351,,,,,46
BraTS-GLI-01253-000,interp,1.0,0.0,0,-6.0,28629,7033,6681,,,,,46
BraTS-GLI-01253-000,interp,1.0,0.0,0,-4.02,28055,6388,7255,0,3,0,0,46
BraTS-GLI-01253-000,interp,1.0,0.0,0,-2.0,27506,5779,7804,,,,,46
BraTS-GLI-01253-000,interp,1.0,0.0,0,0.0,26907,5248,8403,0,3,0,0,46
BraTS-GLI-01253-000,interp,1.0,0.0,0,2.0,26300,4737,9010,,,,,46
BraTS-GLI-01253-000,interp,1.0,0.0,1,-6.0,71130,3597,8781,,,,,46
BraTS-GLI-01253-000,interp,1.0,0.0,1,-4.02,70683,3158,9228,,,,,46
BraTS-GLI-01253-000,interp,1.0,0.0,1,-2.0,70209,2767,9702,,,,,46
BraTS-GLI-01253-000,interp,1.0,0.0,1,0.0,69729,2412,10182,,,,,46
BraTS-GLI-01253-000,interp,1.0,0.0,1,2.0,69103,2082,10808,,,,,46
BraTS-GLI-01253-000,interp,1.0,0.0,2,-6.0,87947,36662,7868,,,,,46
BraTS-GLI-01253-000,interp,1.0,0.0,2,-4.02,87277,33141,8538,,,,,46
BraTS-GLI-01253-000,interp,1.0,0.0,2,-2.0,86644,30030,9171,,,,,46
BraTS-GLI-01253-000,interp,1.0,0.0,2,0.0,86028,27209,9787,,,,,46
BraTS-GLI-01253-000,interp,1.0,0.0,2,2.0,85463,24650,10352,,,,,46
BraTS-GLI-01253-000,global,0.5,0.0,0,-6.0,28701,7081,6609,,,,,46
BraTS-GLI-01253-000,global,0.5,0.0,0,-4.02,28137,6375,7173,0,3,0,0,46
BraTS-GLI-01253-000,global,0.5,0.0,0,-2.0,27557,5749,7753,,,,,46
BraTS-GLI-01253-000,global,0.5,0.0,0,0.0,26954,5218,8356,0,3,0,0,46
BraTS-GLI-01253-000,global,0.5,0.0,0,2.0,26312,4700,8998,,,,,46
BraTS-GLI-01253-000,global,0.5,0.0,1,-6.0,71483,3734,8428,,,,,46
BraTS-GLI-01253-000,global,0.5,0.0,1,-4.02,71027,3279,8884,,,,,46
BraTS-GLI-01253-000,global,0.5,0.0,1,-2.0,70545,2862,9366,,,,,46
BraTS-GLI-01253-000,global,0.5,0.0,1,0.0,70086,2511,9825,,,,,46
BraTS-GLI-01253-000,global,0.5,0.0,1,2.0,69532,2186,10379,,,,,46
BraTS-GLI-01253-000,global,0.5,0.0,2,-6.0,88214,37557,7601,,,,,46
BraTS-GLI-01253-000,global,0.5,0.0,2,-4.02,87556,33913,8259,,,,,46
BraTS-GLI-01253-000,global,0.5,0.0,2,-2.0,86920,30757,8895,,,,,46
BraTS-GLI-01253-000,global,0.5,0.0,2,0.0,86290,27808,9525,,,,,46
BraTS-GLI-01253-000,global,0.5,0.0,2,2.0,85746,25176,10069,,,,,46
BraTS-GLI-01253-000,global,1.0,0.0,0,-6.0,29686,8498,5624,,,,,46
BraTS-GLI-01253-000,global,1.0,0.0,0,-4.02,29131,7487,6179,0,3,0,7,46
BraTS-GLI-01253-000,global,1.0,0.0,0,-2.0,28533,6624,6777,,,,,46
BraTS-GLI-01253-000,global,1.0,0.0,0,0.0,27922,5887,7388,0,3,0,4,46
BraTS-GLI-01253-000,global,1.0,0.0,0,2.0,27222,5207,8088,,,,,46
BraTS-GLI-01253-000,global,1.0,0.0,1,-6.0,73964,21718,5947,,,,,46
BraTS-GLI-01253-000,global,1.0,0.0,1,-4.02,73584,20111,6327,,,,,46
BraTS-GLI-01253-000,global,1.0,0.0,1,-2.0,73201,18417,6710,,,,,46
BraTS-GLI-01253-000,global,1.0,0.0,1,0.0,72783,16630,7128,,,,,46
BraTS-GLI-01253-000,global,1.0,0.0,1,2.0,72316,14681,7595,,,,,46
BraTS-GLI-01253-000,global,1.0,0.0,2,-6.0,90288,56840,5527,,,,,46
BraTS-GLI-01253-000,global,1.0,0.0,2,-4.02,89674,51988,6141,,,,,46
BraTS-GLI-01253-000,global,1.0,0.0,2,-2.0,89082,47594,6733,,,,,46
BraTS-GLI-01253-000,global,1.0,0.0,2,0.0,88541,43558,7274,,,,,46
BraTS-GLI-01253-000,global,1.0,0.0,2,2.0,88041,39528,7774,,,,,46
BraTS-GLI-01253-000,dilate,0.0,0.0,0,-6.0,32334,24078,2976,,,,,46
BraTS-GLI-01253-000,dilate,0.0,0.0,0,-4.02,32151,23245,3159,0,3,0,0,46
BraTS-GLI-01253-000,dilate,0.0,0.0,0,-2.0,31977,22433,3333,,,,,46
BraTS-GLI-01253-000,dilate,0.0,0.0,0,0.0,31781,21689,3529,0,3,0,0,46
BraTS-GLI-01253-000,dilate,0.0,0.0,0,2.0,31577,20950,3733,,,,,46
BraTS-GLI-01253-000,dilate,0.0,0.0,1,-6.0,69106,999,10805,,,,,46
BraTS-GLI-01253-000,dilate,0.0,0.0,1,-4.02,68607,863,11304,,,,,46
BraTS-GLI-01253-000,dilate,0.0,0.0,1,-2.0,68117,755,11794,,,,,46
BraTS-GLI-01253-000,dilate,0.0,0.0,1,0.0,67595,646,12316,,,,,46
BraTS-GLI-01253-000,dilate,0.0,0.0,1,2.0,67026,538,12885,,,,,46
BraTS-GLI-01253-000,dilate,0.0,0.0,2,-6.0,86373,33383,9442,,,,,46
BraTS-GLI-01253-000,dilate,0.0,0.0,2,-4.02,85650,30075,10165,,,,,46
BraTS-GLI-01253-000,dilate,0.0,0.0,2,-2.0,84962,27181,10853,,,,,46
BraTS-GLI-01253-000,dilate,0.0,0.0,2,0.0,84292,24568,11523,,,,,46
BraTS-GLI-01253-000,dilate,0.0,0.0,2,2.0,83581,22233,12234,,,,,46
BraTS-GLI-01253-000,boost,2.0,0.0,0,-6.0,27745,6825,7565,,,,,46
BraTS-GLI-01253-000,boost,2.0,0.0,0,-4.02,27200,6147,8110,0,3,0,0,46
BraTS-GLI-01253-000,boost,2.0,0.0,0,-2.0,26602,5560,8708,,,,,46
BraTS-GLI-01253-000,boost,2.0,0.0,0,0.0,26026,5080,9284,0,3,0,0,46
BraTS-GLI-01253-000,boost,2.0,0.0,0,2.0,25399,4586,9911,,,,,46
BraTS-GLI-01253-000,boost,2.0,0.0,1,-6.0,69106,999,10805,,,,,46
BraTS-GLI-01253-000,boost,2.0,0.0,1,-4.02,68607,863,11304,,,,,46
BraTS-GLI-01253-000,boost,2.0,0.0,1,-2.0,68117,755,11794,,,,,46
BraTS-GLI-01253-000,boost,2.0,0.0,1,0.0,67595,646,12316,,,,,46
BraTS-GLI-01253-000,boost,2.0,0.0,1,2.0,67026,538,12885,,,,,46
BraTS-GLI-01253-000,boost,2.0,0.0,2,-6.0,86373,33383,9442,,,,,46
BraTS-GLI-01253-000,boost,2.0,0.0,2,-4.02,85650,30075,10165,,,,,46
BraTS-GLI-01253-000,boost,2.0,0.0,2,-2.0,84962,27181,10853,,,,,46
BraTS-GLI-01253-000,boost,2.0,0.0,2,0.0,84292,24568,11523,,,,,46
BraTS-GLI-01253-000,boost,2.0,0.0,2,2.0,83581,22233,12234,,,,,46
BraTS-GLI-01253-000,boost,4.0,0.0,0,-6.0,28193,7499,7117,,,,,46
BraTS-GLI-01253-000,boost,4.0,0.0,0,-4.02,27663,6735,7647,0,3,0,0,46
BraTS-GLI-01253-000,boost,4.0,0.0,0,-2.0,27090,6050,8220,,,,,46
BraTS-GLI-01253-000,boost,4.0,0.0,0,0.0,26506,5493,8804,0,3,0,0,46
BraTS-GLI-01253-000,boost,4.0,0.0,0,2.0,25938,4994,9372,,,,,46
BraTS-GLI-01253-000,boost,4.0,0.0,1,-6.0,69106,999,10805,,,,,46
BraTS-GLI-01253-000,boost,4.0,0.0,1,-4.02,68607,863,11304,,,,,46
BraTS-GLI-01253-000,boost,4.0,0.0,1,-2.0,68117,755,11794,,,,,46
BraTS-GLI-01253-000,boost,4.0,0.0,1,0.0,67595,646,12316,,,,,46
BraTS-GLI-01253-000,boost,4.0,0.0,1,2.0,67026,538,12885,,,,,46
BraTS-GLI-01253-000,boost,4.0,0.0,2,-6.0,86373,33383,9442,,,,,46
BraTS-GLI-01253-000,boost,4.0,0.0,2,-4.02,85650,30075,10165,,,,,46
BraTS-GLI-01253-000,boost,4.0,0.0,2,-2.0,84962,27181,10853,,,,,46
BraTS-GLI-01253-000,boost,4.0,0.0,2,0.0,84292,24568,11523,,,,,46
BraTS-GLI-01253-000,boost,4.0,0.0,2,2.0,83581,22233,12234,,,,,46
BraTS-GLI-00496-000,none,0.0,0.0,0,-6.0,627,90,39,,,,,0
BraTS-GLI-00496-000,none,0.0,0.0,0,-4.02,619,76,47,0,0,0,0,0
BraTS-GLI-00496-000,none,0.0,0.0,0,-2.0,612,66,54,,,,,0
BraTS-GLI-00496-000,none,0.0,0.0,0,0.0,604,58,62,0,0,0,0,0
BraTS-GLI-00496-000,none,0.0,0.0,0,2.0,599,52,67,,,,,0
BraTS-GLI-00496-000,none,0.0,0.0,1,-6.0,660,57,39,,,,,0
BraTS-GLI-00496-000,none,0.0,0.0,1,-4.02,648,44,51,,,,,0
BraTS-GLI-00496-000,none,0.0,0.0,1,-2.0,640,32,59,,,,,0
BraTS-GLI-00496-000,none,0.0,0.0,1,0.0,636,24,63,,,,,0
BraTS-GLI-00496-000,none,0.0,0.0,1,2.0,625,15,74,,,,,0
BraTS-GLI-00496-000,none,0.0,0.0,2,-6.0,35225,3010,10303,,,,,0
BraTS-GLI-00496-000,none,0.0,0.0,2,-4.02,34112,2418,11416,,,,,0
BraTS-GLI-00496-000,none,0.0,0.0,2,-2.0,32996,1923,12532,,,,,0
BraTS-GLI-00496-000,none,0.0,0.0,2,0.0,31837,1517,13691,,,,,0
BraTS-GLI-00496-000,none,0.0,0.0,2,2.0,30588,1166,14940,,,,,0
BraTS-GLI-00496-000,pspds,0.5,0.0,0,-6.0,627,90,39,,,,,0
BraTS-GLI-00496-000,pspds,0.5,0.0,0,-4.02,619,76,47,0,0,0,0,0
BraTS-GLI-00496-000,pspds,0.5,0.0,0,-2.0,612,66,54,,,,,0
BraTS-GLI-00496-000,pspds,0.5,0.0,0,0.0,604,58,62,0,0,0,0,0
BraTS-GLI-00496-000,pspds,0.5,0.0,0,2.0,599,52,67,,,,,0
BraTS-GLI-00496-000,pspds,0.5,0.0,1,-6.0,660,57,39,,,,,0
BraTS-GLI-00496-000,pspds,0.5,0.0,1,-4.02,648,44,51,,,,,0
BraTS-GLI-00496-000,pspds,0.5,0.0,1,-2.0,640,32,59,,,,,0
BraTS-GLI-00496-000,pspds,0.5,0.0,1,0.0,636,24,63,,,,,0
BraTS-GLI-00496-000,pspds,0.5,0.0,1,2.0,625,15,74,,,,,0
BraTS-GLI-00496-000,pspds,0.5,0.0,2,-6.0,35225,3010,10303,,,,,0
BraTS-GLI-00496-000,pspds,0.5,0.0,2,-4.02,34112,2418,11416,,,,,0
BraTS-GLI-00496-000,pspds,0.5,0.0,2,-2.0,32996,1923,12532,,,,,0
BraTS-GLI-00496-000,pspds,0.5,0.0,2,0.0,31837,1517,13691,,,,,0
BraTS-GLI-00496-000,pspds,0.5,0.0,2,2.0,30588,1166,14940,,,,,0
BraTS-GLI-00496-000,pspds,0.5,1.0,0,-6.0,627,90,39,,,,,0
BraTS-GLI-00496-000,pspds,0.5,1.0,0,-4.02,619,76,47,0,0,0,0,0
BraTS-GLI-00496-000,pspds,0.5,1.0,0,-2.0,612,66,54,,,,,0
BraTS-GLI-00496-000,pspds,0.5,1.0,0,0.0,604,58,62,0,0,0,0,0
BraTS-GLI-00496-000,pspds,0.5,1.0,0,2.0,599,52,67,,,,,0
BraTS-GLI-00496-000,pspds,0.5,1.0,1,-6.0,660,57,39,,,,,0
BraTS-GLI-00496-000,pspds,0.5,1.0,1,-4.02,648,44,51,,,,,0
BraTS-GLI-00496-000,pspds,0.5,1.0,1,-2.0,640,32,59,,,,,0
BraTS-GLI-00496-000,pspds,0.5,1.0,1,0.0,636,24,63,,,,,0
BraTS-GLI-00496-000,pspds,0.5,1.0,1,2.0,625,15,74,,,,,0
BraTS-GLI-00496-000,pspds,0.5,1.0,2,-6.0,35225,3010,10303,,,,,0
BraTS-GLI-00496-000,pspds,0.5,1.0,2,-4.02,34112,2418,11416,,,,,0
BraTS-GLI-00496-000,pspds,0.5,1.0,2,-2.0,32996,1923,12532,,,,,0
BraTS-GLI-00496-000,pspds,0.5,1.0,2,0.0,31837,1517,13691,,,,,0
BraTS-GLI-00496-000,pspds,0.5,1.0,2,2.0,30588,1166,14940,,,,,0
BraTS-GLI-00496-000,pspds,1.0,0.0,0,-6.0,627,90,39,,,,,0
BraTS-GLI-00496-000,pspds,1.0,0.0,0,-4.02,619,76,47,0,0,0,0,0
BraTS-GLI-00496-000,pspds,1.0,0.0,0,-2.0,612,66,54,,,,,0
BraTS-GLI-00496-000,pspds,1.0,0.0,0,0.0,604,58,62,0,0,0,0,0
BraTS-GLI-00496-000,pspds,1.0,0.0,0,2.0,599,52,67,,,,,0
BraTS-GLI-00496-000,pspds,1.0,0.0,1,-6.0,660,57,39,,,,,0
BraTS-GLI-00496-000,pspds,1.0,0.0,1,-4.02,648,44,51,,,,,0
BraTS-GLI-00496-000,pspds,1.0,0.0,1,-2.0,640,32,59,,,,,0
BraTS-GLI-00496-000,pspds,1.0,0.0,1,0.0,636,24,63,,,,,0
BraTS-GLI-00496-000,pspds,1.0,0.0,1,2.0,625,15,74,,,,,0
BraTS-GLI-00496-000,pspds,1.0,0.0,2,-6.0,35225,3010,10303,,,,,0
BraTS-GLI-00496-000,pspds,1.0,0.0,2,-4.02,34112,2418,11416,,,,,0
BraTS-GLI-00496-000,pspds,1.0,0.0,2,-2.0,32996,1923,12532,,,,,0
BraTS-GLI-00496-000,pspds,1.0,0.0,2,0.0,31837,1517,13691,,,,,0
BraTS-GLI-00496-000,pspds,1.0,0.0,2,2.0,30588,1166,14940,,,,,0
BraTS-GLI-00496-000,pspds,1.0,1.0,0,-6.0,627,90,39,,,,,0
BraTS-GLI-00496-000,pspds,1.0,1.0,0,-4.02,619,76,47,0,0,0,0,0
BraTS-GLI-00496-000,pspds,1.0,1.0,0,-2.0,612,66,54,,,,,0
BraTS-GLI-00496-000,pspds,1.0,1.0,0,0.0,604,58,62,0,0,0,0,0
BraTS-GLI-00496-000,pspds,1.0,1.0,0,2.0,599,52,67,,,,,0
BraTS-GLI-00496-000,pspds,1.0,1.0,1,-6.0,660,57,39,,,,,0
BraTS-GLI-00496-000,pspds,1.0,1.0,1,-4.02,648,44,51,,,,,0
BraTS-GLI-00496-000,pspds,1.0,1.0,1,-2.0,640,32,59,,,,,0
BraTS-GLI-00496-000,pspds,1.0,1.0,1,0.0,636,24,63,,,,,0
BraTS-GLI-00496-000,pspds,1.0,1.0,1,2.0,625,15,74,,,,,0
BraTS-GLI-00496-000,pspds,1.0,1.0,2,-6.0,35225,3010,10303,,,,,0
BraTS-GLI-00496-000,pspds,1.0,1.0,2,-4.02,34112,2418,11416,,,,,0
BraTS-GLI-00496-000,pspds,1.0,1.0,2,-2.0,32996,1923,12532,,,,,0
BraTS-GLI-00496-000,pspds,1.0,1.0,2,0.0,31837,1517,13691,,,,,0
BraTS-GLI-00496-000,pspds,1.0,1.0,2,2.0,30588,1166,14940,,,,,0
BraTS-GLI-00496-000,interp,0.5,0.0,0,-6.0,627,90,39,,,,,0
BraTS-GLI-00496-000,interp,0.5,0.0,0,-4.02,619,76,47,0,0,0,0,0
BraTS-GLI-00496-000,interp,0.5,0.0,0,-2.0,612,66,54,,,,,0
BraTS-GLI-00496-000,interp,0.5,0.0,0,0.0,604,58,62,0,0,0,0,0
BraTS-GLI-00496-000,interp,0.5,0.0,0,2.0,599,52,67,,,,,0
BraTS-GLI-00496-000,interp,0.5,0.0,1,-6.0,660,57,39,,,,,0
BraTS-GLI-00496-000,interp,0.5,0.0,1,-4.02,648,44,51,,,,,0
BraTS-GLI-00496-000,interp,0.5,0.0,1,-2.0,640,32,59,,,,,0
BraTS-GLI-00496-000,interp,0.5,0.0,1,0.0,636,24,63,,,,,0
BraTS-GLI-00496-000,interp,0.5,0.0,1,2.0,625,15,74,,,,,0
BraTS-GLI-00496-000,interp,0.5,0.0,2,-6.0,35225,3010,10303,,,,,0
BraTS-GLI-00496-000,interp,0.5,0.0,2,-4.02,34112,2418,11416,,,,,0
BraTS-GLI-00496-000,interp,0.5,0.0,2,-2.0,32996,1923,12532,,,,,0
BraTS-GLI-00496-000,interp,0.5,0.0,2,0.0,31837,1517,13691,,,,,0
BraTS-GLI-00496-000,interp,0.5,0.0,2,2.0,30588,1166,14940,,,,,0
BraTS-GLI-00496-000,interp,1.0,0.0,0,-6.0,627,90,39,,,,,0
BraTS-GLI-00496-000,interp,1.0,0.0,0,-4.02,619,76,47,0,0,0,0,0
BraTS-GLI-00496-000,interp,1.0,0.0,0,-2.0,612,66,54,,,,,0
BraTS-GLI-00496-000,interp,1.0,0.0,0,0.0,604,58,62,0,0,0,0,0
BraTS-GLI-00496-000,interp,1.0,0.0,0,2.0,599,52,67,,,,,0
BraTS-GLI-00496-000,interp,1.0,0.0,1,-6.0,660,57,39,,,,,0
BraTS-GLI-00496-000,interp,1.0,0.0,1,-4.02,648,44,51,,,,,0
BraTS-GLI-00496-000,interp,1.0,0.0,1,-2.0,640,32,59,,,,,0
BraTS-GLI-00496-000,interp,1.0,0.0,1,0.0,636,24,63,,,,,0
BraTS-GLI-00496-000,interp,1.0,0.0,1,2.0,625,15,74,,,,,0
BraTS-GLI-00496-000,interp,1.0,0.0,2,-6.0,35225,3010,10303,,,,,0
BraTS-GLI-00496-000,interp,1.0,0.0,2,-4.02,34112,2418,11416,,,,,0
BraTS-GLI-00496-000,interp,1.0,0.0,2,-2.0,32996,1923,12532,,,,,0
BraTS-GLI-00496-000,interp,1.0,0.0,2,0.0,31837,1517,13691,,,,,0
BraTS-GLI-00496-000,interp,1.0,0.0,2,2.0,30588,1166,14940,,,,,0
BraTS-GLI-00496-000,global,0.5,0.0,0,-6.0,627,90,39,,,,,0
BraTS-GLI-00496-000,global,0.5,0.0,0,-4.02,619,76,47,0,0,0,0,0
BraTS-GLI-00496-000,global,0.5,0.0,0,-2.0,612,66,54,,,,,0
BraTS-GLI-00496-000,global,0.5,0.0,0,0.0,604,58,62,0,0,0,0,0
BraTS-GLI-00496-000,global,0.5,0.0,0,2.0,599,52,67,,,,,0
BraTS-GLI-00496-000,global,0.5,0.0,1,-6.0,660,57,39,,,,,0
BraTS-GLI-00496-000,global,0.5,0.0,1,-4.02,648,44,51,,,,,0
BraTS-GLI-00496-000,global,0.5,0.0,1,-2.0,640,32,59,,,,,0
BraTS-GLI-00496-000,global,0.5,0.0,1,0.0,636,24,63,,,,,0
BraTS-GLI-00496-000,global,0.5,0.0,1,2.0,625,15,74,,,,,0
BraTS-GLI-00496-000,global,0.5,0.0,2,-6.0,35225,3010,10303,,,,,0
BraTS-GLI-00496-000,global,0.5,0.0,2,-4.02,34112,2418,11416,,,,,0
BraTS-GLI-00496-000,global,0.5,0.0,2,-2.0,32996,1923,12532,,,,,0
BraTS-GLI-00496-000,global,0.5,0.0,2,0.0,31837,1517,13691,,,,,0
BraTS-GLI-00496-000,global,0.5,0.0,2,2.0,30588,1166,14940,,,,,0
BraTS-GLI-00496-000,global,1.0,0.0,0,-6.0,627,90,39,,,,,0
BraTS-GLI-00496-000,global,1.0,0.0,0,-4.02,619,76,47,0,0,0,0,0
BraTS-GLI-00496-000,global,1.0,0.0,0,-2.0,612,66,54,,,,,0
BraTS-GLI-00496-000,global,1.0,0.0,0,0.0,604,58,62,0,0,0,0,0
BraTS-GLI-00496-000,global,1.0,0.0,0,2.0,599,52,67,,,,,0
BraTS-GLI-00496-000,global,1.0,0.0,1,-6.0,660,57,39,,,,,0
BraTS-GLI-00496-000,global,1.0,0.0,1,-4.02,648,44,51,,,,,0
BraTS-GLI-00496-000,global,1.0,0.0,1,-2.0,640,32,59,,,,,0
BraTS-GLI-00496-000,global,1.0,0.0,1,0.0,636,24,63,,,,,0
BraTS-GLI-00496-000,global,1.0,0.0,1,2.0,625,15,74,,,,,0
BraTS-GLI-00496-000,global,1.0,0.0,2,-6.0,35225,3010,10303,,,,,0
BraTS-GLI-00496-000,global,1.0,0.0,2,-4.02,34112,2418,11416,,,,,0
BraTS-GLI-00496-000,global,1.0,0.0,2,-2.0,32996,1923,12532,,,,,0
BraTS-GLI-00496-000,global,1.0,0.0,2,0.0,31837,1517,13691,,,,,0
BraTS-GLI-00496-000,global,1.0,0.0,2,2.0,30588,1166,14940,,,,,0
BraTS-GLI-00496-000,dilate,0.0,0.0,0,-6.0,627,90,39,,,,,0
BraTS-GLI-00496-000,dilate,0.0,0.0,0,-4.02,619,76,47,0,0,0,0,0
BraTS-GLI-00496-000,dilate,0.0,0.0,0,-2.0,612,66,54,,,,,0
BraTS-GLI-00496-000,dilate,0.0,0.0,0,0.0,604,58,62,0,0,0,0,0
BraTS-GLI-00496-000,dilate,0.0,0.0,0,2.0,599,52,67,,,,,0
BraTS-GLI-00496-000,dilate,0.0,0.0,1,-6.0,660,57,39,,,,,0
BraTS-GLI-00496-000,dilate,0.0,0.0,1,-4.02,648,44,51,,,,,0
BraTS-GLI-00496-000,dilate,0.0,0.0,1,-2.0,640,32,59,,,,,0
BraTS-GLI-00496-000,dilate,0.0,0.0,1,0.0,636,24,63,,,,,0
BraTS-GLI-00496-000,dilate,0.0,0.0,1,2.0,625,15,74,,,,,0
BraTS-GLI-00496-000,dilate,0.0,0.0,2,-6.0,35225,3010,10303,,,,,0
BraTS-GLI-00496-000,dilate,0.0,0.0,2,-4.02,34112,2418,11416,,,,,0
BraTS-GLI-00496-000,dilate,0.0,0.0,2,-2.0,32996,1923,12532,,,,,0
BraTS-GLI-00496-000,dilate,0.0,0.0,2,0.0,31837,1517,13691,,,,,0
BraTS-GLI-00496-000,dilate,0.0,0.0,2,2.0,30588,1166,14940,,,,,0
BraTS-GLI-00496-000,boost,2.0,0.0,0,-6.0,627,90,39,,,,,0
BraTS-GLI-00496-000,boost,2.0,0.0,0,-4.02,619,76,47,0,0,0,0,0
BraTS-GLI-00496-000,boost,2.0,0.0,0,-2.0,612,66,54,,,,,0
BraTS-GLI-00496-000,boost,2.0,0.0,0,0.0,604,58,62,0,0,0,0,0
BraTS-GLI-00496-000,boost,2.0,0.0,0,2.0,599,52,67,,,,,0
BraTS-GLI-00496-000,boost,2.0,0.0,1,-6.0,660,57,39,,,,,0
BraTS-GLI-00496-000,boost,2.0,0.0,1,-4.02,648,44,51,,,,,0
BraTS-GLI-00496-000,boost,2.0,0.0,1,-2.0,640,32,59,,,,,0
BraTS-GLI-00496-000,boost,2.0,0.0,1,0.0,636,24,63,,,,,0
BraTS-GLI-00496-000,boost,2.0,0.0,1,2.0,625,15,74,,,,,0
BraTS-GLI-00496-000,boost,2.0,0.0,2,-6.0,35225,3010,10303,,,,,0
BraTS-GLI-00496-000,boost,2.0,0.0,2,-4.02,34112,2418,11416,,,,,0
BraTS-GLI-00496-000,boost,2.0,0.0,2,-2.0,32996,1923,12532,,,,,0
BraTS-GLI-00496-000,boost,2.0,0.0,2,0.0,31837,1517,13691,,,,,0
BraTS-GLI-00496-000,boost,2.0,0.0,2,2.0,30588,1166,14940,,,,,0
BraTS-GLI-00496-000,boost,4.0,0.0,0,-6.0,627,90,39,,,,,0
BraTS-GLI-00496-000,boost,4.0,0.0,0,-4.02,619,76,47,0,0,0,0,0
BraTS-GLI-00496-000,boost,4.0,0.0,0,-2.0,612,66,54,,,,,0
BraTS-GLI-00496-000,boost,4.0,0.0,0,0.0,604,58,62,0,0,0,0,0
BraTS-GLI-00496-000,boost,4.0,0.0,0,2.0,599,52,67,,,,,0
BraTS-GLI-00496-000,boost,4.0,0.0,1,-6.0,660,57,39,,,,,0
BraTS-GLI-00496-000,boost,4.0,0.0,1,-4.02,648,44,51,,,,,0
BraTS-GLI-00496-000,boost,4.0,0.0,1,-2.0,640,32,59,,,,,0
BraTS-GLI-00496-000,boost,4.0,0.0,1,0.0,636,24,63,,,,,0
BraTS-GLI-00496-000,boost,4.0,0.0,1,2.0,625,15,74,,,,,0
BraTS-GLI-00496-000,boost,4.0,0.0,2,-6.0,35225,3010,10303,,,,,0
BraTS-GLI-00496-000,boost,4.0,0.0,2,-4.02,34112,2418,11416,,,,,0
BraTS-GLI-00496-000,boost,4.0,0.0,2,-2.0,32996,1923,12532,,,,,0
BraTS-GLI-00496-000,boost,4.0,0.0,2,0.0,31837,1517,13691,,,,,0
BraTS-GLI-00496-000,boost,4.0,0.0,2,2.0,30588,1166,14940,,,,,0
BraTS-GLI-00445-000,none,0.0,0.0,0,-6.0,40183,4684,73,,,,,427
BraTS-GLI-00445-000,none,0.0,0.0,0,-4.02,40141,3953,115,0,0,0,0,427
BraTS-GLI-00445-000,none,0.0,0.0,0,-2.0,40075,3249,181,,,,,427
BraTS-GLI-00445-000,none,0.0,0.0,0,0.0,39967,2628,289,0,0,0,0,427
BraTS-GLI-00445-000,none,0.0,0.0,0,2.0,39790,2016,466,,,,,427
BraTS-GLI-00445-000,none,0.0,0.0,1,-6.0,49812,6287,60,,,,,427
BraTS-GLI-00445-000,none,0.0,0.0,1,-4.02,49779,5704,93,,,,,427
BraTS-GLI-00445-000,none,0.0,0.0,1,-2.0,49729,5176,143,,,,,427
BraTS-GLI-00445-000,none,0.0,0.0,1,0.0,49661,4682,211,,,,,427
BraTS-GLI-00445-000,none,0.0,0.0,1,2.0,49573,4266,299,,,,,427
BraTS-GLI-00445-000,none,0.0,0.0,2,-6.0,152982,24603,89,,,,,427
BraTS-GLI-00445-000,none,0.0,0.0,2,-4.02,152914,21061,157,,,,,427
BraTS-GLI-00445-000,none,0.0,0.0,2,-2.0,152802,17728,269,,,,,427
BraTS-GLI-00445-000,none,0.0,0.0,2,0.0,152624,14612,447,,,,,427
BraTS-GLI-00445-000,none,0.0,0.0,2,2.0,152297,11624,774,,,,,427
BraTS-GLI-00445-000,pspds,0.5,0.0,0,-6.0,40198,4822,58,,,,,427
BraTS-GLI-00445-000,pspds,0.5,0.0,0,-4.02,40160,4091,96,0,0,0,0,427
BraTS-GLI-00445-000,pspds,0.5,0.0,0,-2.0,40097,3405,159,,,,,427
BraTS-GLI-00445-000,pspds,0.5,0.0,0,0.0,40002,2788,254,0,0,0,0,427
BraTS-GLI-00445-000,pspds,0.5,0.0,0,2.0,39843,2172,413,,,,,427
BraTS-GLI-00445-000,pspds,0.5,0.0,1,-6.0,49829,6666,43,,,,,427
BraTS-GLI-00445-000,pspds,0.5,0.0,1,-4.02,49798,6109,74,,,,,427
BraTS-GLI-00445-000,pspds,0.5,0.0,1,-2.0,49752,5583,120,,,,,427
BraTS-GLI-00445-000,pspds,0.5,0.0,1,0.0,49693,5087,179,,,,,427
BraTS-GLI-00445-000,pspds,0.5,0.0,1,2.0,49619,4619,253,,,,,427
BraTS-GLI-00445-000,pspds,0.5,0.0,2,-6.0,152988,24910,83,,,,,427
BraTS-GLI-00445-000,pspds,0.5,0.0,2,-4.02,152923,21369,148,,,,,427
BraTS-GLI-00445-000,pspds,0.5,0.0,2,-2.0,152816,18049,255,,,,,427
BraTS-GLI-00445-000,pspds,0.5,0.0,2,0.0,152654,14924,417,,,,,427
BraTS-GLI-00445-000,pspds,0.5,0.0,2,2.0,152352,11950,719,,,,,427
BraTS-GLI-00445-000,pspds,0.5,1.0,0,-6.0,40188,4742,68,,,,,427
BraTS-GLI-00445-000,pspds,0.5,1.0,0,-4.02,40147,4017,109,0,0,0,0,427
BraTS-GLI-00445-000,pspds,0.5,1.0,0,-2.0,40088,3324,168,,,,,427
BraTS-GLI-00445-000,pspds,0.5,1.0,0,0.0,39980,2701,276,0,0,0,0,427
BraTS-GLI-00445-000,pspds,0.5,1.0,0,2.0,39810,2078,446,,,,,427
BraTS-GLI-00445-000,pspds,0.5,1.0,1,-6.0,49822,6444,50,,,,,427
BraTS-GLI-00445-000,pspds,0.5,1.0,1,-4.02,49788,5889,84,,,,,427
BraTS-GLI-00445-000,pspds,0.5,1.0,1,-2.0,49743,5359,129,,,,,427
BraTS-GLI-00445-000,pspds,0.5,1.0,1,0.0,49679,4842,193,,,,,427
BraTS-GLI-00445-000,pspds,0.5,1.0,1,2.0,49586,4408,286,,,,,427
BraTS-GLI-00445-000,pspds,0.5,1.0,2,-6.0,152986,24740,85,,,,,427
BraTS-GLI-00445-000,pspds,0.5,1.0,2,-4.02,152919,21177,152,,,,,427
BraTS-GLI-00445-000,pspds,0.5,1.0,2,-2.0,152805,17856,266,,,,,427
BraTS-GLI-00445-000,pspds,0.5,1.0,2,0.0,152638,14752,433,,,,,427
BraTS-GLI-00445-000,pspds,0.5,1.0,2,2.0,152327,11758,744,,,,,427
BraTS-GLI-00445-000,pspds,1.0,0.0,0,-6.0,40210,4975,46,,,,,427
BraTS-GLI-00445-000,pspds,1.0,0.0,0,-4.02,40179,4213,77,0,0,0,0,427
BraTS-GLI-00445-000,pspds,1.0,0.0,0,-2.0,40116,3539,140,,,,,427
BraTS-GLI-00445-000,pspds,1.0,0.0,0,0.0,40030,2917,226,0,0,0,0,427
BraTS-GLI-00445-000,pspds,1.0,0.0,0,2.0,39879,2306,377,,,,,427
BraTS-GLI-00445-000,pspds,1.0,0.0,1,-6.0,49839,7080,33,,,,,427
BraTS-GLI-00445-000,pspds,1.0,0.0,1,-4.02,49816,6488,56,,,,,427
BraTS-GLI-00445-000,pspds,1.0,0.0,1,-2.0,49769,5988,103,,,,,427
BraTS-GLI-00445-000,pspds,1.0,0.0,1,0.0,49718,5491,154,,,,,427
BraTS-GLI-00445-000,pspds,1.0,0.0,1,2.0,49658,4994,214,,,,,427
BraTS-GLI-00445-000,pspds,1.0,0.0,2,-6.0,152998,25253,73,,,,,427
BraTS-GLI-00445-000,pspds,1.0,0.0,2,-4.02,152934,21692,137,,,,,427
BraTS-GLI-00445-000,pspds,1.0,0.0,2,-2.0,152820,18337,251,,,,,427
BraTS-GLI-00445-000,pspds,1.0,0.0,2,0.0,152670,15202,401,,,,,427
BraTS-GLI-00445-000,pspds,1.0,0.0,2,2.0,152385,12239,686,,,,,427
BraTS-GLI-00445-000,pspds,1.0,1.0,0,-6.0,40198,4796,58,,,,,427
BraTS-GLI-00445-000,pspds,1.0,1.0,0,-4.02,40154,4077,102,0,0,0,0,427
BraTS-GLI-00445-000,pspds,1.0,1.0,0,-2.0,40094,3388,162,,,,,427
BraTS-GLI-00445-000,pspds,1.0,1.0,0,0.0,39997,2768,259,0,0,0,0,427
BraTS-GLI-00445-000,pspds,1.0,1.0,0,2.0,39835,2149,421,,,,,427
BraTS-GLI-00445-000,pspds,1.0,1.0,1,-6.0,49826,6597,46,,,,,427
BraTS-GLI-00445-000,pspds,1.0,1.0,1,-4.02,49794,6050,78,,,,,427
BraTS-GLI-00445-000,pspds,1.0,1.0,1,-2.0,49750,5533,122,,,,,427
BraTS-GLI-00445-000,pspds,1.0,1.0,1,0.0,49689,5022,183,,,,,427
BraTS-GLI-00445-000,pspds,1.0,1.0,1,2.0,49608,4560,264,,,,,427
BraTS-GLI-00445-000,pspds,1.0,1.0,2,-6.0,152987,24861,84,,,,,427
BraTS-GLI-00445-000,pspds,1.0,1.0,2,-4.02,152924,21313,147,,,,,427
BraTS-GLI-00445-000,pspds,1.0,1.0,2,-2.0,152814,17989,257,,,,,427
BraTS-GLI-00445-000,pspds,1.0,1.0,2,0.0,152652,14873,419,,,,,427
BraTS-GLI-00445-000,pspds,1.0,1.0,2,2.0,152349,11883,722,,,,,427
BraTS-GLI-00445-000,interp,0.5,0.0,0,-6.0,40227,5663,29,,,,,427
BraTS-GLI-00445-000,interp,0.5,0.0,0,-4.02,40202,4825,54,0,0,0,0,427
BraTS-GLI-00445-000,interp,0.5,0.0,0,-2.0,40170,4063,86,,,,,427
BraTS-GLI-00445-000,interp,0.5,0.0,0,0.0,40079,3401,177,0,0,0,0,427
BraTS-GLI-00445-000,interp,0.5,0.0,0,2.0,39949,2706,307,,,,,427
BraTS-GLI-00445-000,interp,0.5,0.0,1,-6.0,49858,8533,14,,,,,427
BraTS-GLI-00445-000,interp,0.5,0.0,1,-4.02,49840,7857,32,,,,,427
BraTS-GLI-00445-000,interp,0.5,0.0,1,-2.0,49812,7261,60,,,,,427
BraTS-GLI-00445-000,interp,0.5,0.0,1,0.0,49768,6689,104,,,,,427
BraTS-GLI-00445-000,interp,0.5,0.0,1,2.0,49713,6087,159,,,,,427
BraTS-GLI-00445-000,interp,0.5,0.0,2,-6.0,153026,28938,45,,,,,427
BraTS-GLI-00445-000,interp,0.5,0.0,2,-4.02,152987,25023,84,,,,,427
BraTS-GLI-00445-000,interp,0.5,0.0,2,-2.0,152917,21461,154,,,,,427
BraTS-GLI-00445-000,interp,0.5,0.0,2,0.0,152809,18056,262,,,,,427
BraTS-GLI-00445-000,interp,0.5,0.0,2,2.0,152602,14778,469,,,,,427
BraTS-GLI-00445-000,interp,1.0,0.0,0,-6.0,40236,7066,20,,,,,427
BraTS-GLI-00445-000,interp,1.0,0.0,0,-4.02,40224,6139,32,0,0,0,0,427
BraTS-GLI-00445-000,interp,1.0,0.0,0,-2.0,40204,5252,52,,,,,427
BraTS-GLI-00445-000,interp,1.0,0.0,0,0.0,40149,4438,107,0,0,0,0,427
BraTS-GLI-00445-000,interp,1.0,0.0,0,2.0,40046,3654,210,,,,,427
BraTS-GLI-00445-000,interp,1.0,0.0,1,-6.0,49870,16910,2,,,,,427
BraTS-GLI-00445-000,interp,1.0,0.0,1,-4.02,49865,15420,7,,,,,427
BraTS-GLI-00445-000,interp,1.0,0.0,1,-2.0,49863,14081,9,,,,,427
BraTS-GLI-00445-000,interp,1.0,0.0,1,0.0,49841,12778,31,,,,,427
BraTS-GLI-00445-000,interp,1.0,0.0,1,2.0,49805,11484,67,,,,,427
BraTS-GLI-00445-000,interp,1.0,0.0,2,-6.0,153040,37375,31,,,,,427
BraTS-GLI-00445-000,interp,1.0,0.0,2,-4.02,153021,32965,50,,,,,427
BraTS-GLI-00445-000,interp,1.0,0.0,2,-2.0,152973,28700,98,,,,,427
BraTS-GLI-00445-000,interp,1.0,0.0,2,0.0,152906,24773,165,,,,,427
BraTS-GLI-00445-000,interp,1.0,0.0,2,2.0,152776,21084,295,,,,,427
BraTS-GLI-00445-000,global,0.5,0.0,0,-6.0,40234,6435,22,,,,,427
BraTS-GLI-00445-000,global,0.5,0.0,0,-4.02,40221,5559,35,0,0,0,0,427
BraTS-GLI-00445-000,global,0.5,0.0,0,-2.0,40192,4704,64,,,,,427
BraTS-GLI-00445-000,global,0.5,0.0,0,0.0,40130,3962,126,0,0,0,0,427
BraTS-GLI-00445-000,global,0.5,0.0,0,2.0,39995,3215,261,,,,,427
BraTS-GLI-00445-000,global,0.5,0.0,1,-6.0,49866,12229,6,,,,,427
BraTS-GLI-00445-000,global,0.5,0.0,1,-4.02,49862,11449,10,,,,,427
BraTS-GLI-00445-000,global,0.5,0.0,1,-2.0,49850,10672,22,,,,,427
BraTS-GLI-00445-000,global,0.5,0.0,1,0.0,49822,9898,50,,,,,427
BraTS-GLI-00445-000,global,0.5,0.0,1,2.0,49779,9159,93,,,,,427
BraTS-GLI-00445-000,global,0.5,0.0,2,-6.0,153039,33017,32,,,,,427
BraTS-GLI-00445-000,global,0.5,0.0,2,-4.02,153013,28786,58,,,,,427
BraTS-GLI-00445-000,global,0.5,0.0,2,-2.0,152953,24736,118,,,,,427
BraTS-GLI-00445-000,global,0.5,0.0,2,0.0,152870,21106,201,,,,,427
BraTS-GLI-00445-000,global,0.5,0.0,2,2.0,152700,17514,371,,,,,427
BraTS-GLI-00445-000,global,1.0,0.0,0,-6.0,40234,10531,22,,,,,427
BraTS-GLI-00445-000,global,1.0,0.0,0,-4.02,40225,9164,31,0,0,0,6,427
BraTS-GLI-00445-000,global,1.0,0.0,0,-2.0,40198,7886,58,,,,,427
BraTS-GLI-00445-000,global,1.0,0.0,0,0.0,40149,6772,107,0,0,0,4,427
BraTS-GLI-00445-000,global,1.0,0.0,0,2.0,40040,5694,216,,,,,427
BraTS-GLI-00445-000,global,1.0,0.0,1,-6.0,49872,58967,0,,,,,427
BraTS-GLI-00445-000,global,1.0,0.0,1,-4.02,49872,53921,0,,,,,427
BraTS-GLI-00445-000,global,1.0,0.0,1,-2.0,49871,48972,1,,,,,427
BraTS-GLI-00445-000,global,1.0,0.0,1,0.0,49869,44075,3,,,,,427
BraTS-GLI-00445-000,global,1.0,0.0,1,2.0,49866,38871,6,,,,,427
BraTS-GLI-00445-000,global,1.0,0.0,2,-6.0,153051,63111,20,,,,,427
BraTS-GLI-00445-000,global,1.0,0.0,2,-4.02,153037,56671,34,,,,,427
BraTS-GLI-00445-000,global,1.0,0.0,2,-2.0,153009,50484,62,,,,,427
BraTS-GLI-00445-000,global,1.0,0.0,2,0.0,152959,44589,112,,,,,427
BraTS-GLI-00445-000,global,1.0,0.0,2,2.0,152880,39010,191,,,,,427
BraTS-GLI-00445-000,dilate,0.0,0.0,0,-6.0,40255,24313,1,,,,,427
BraTS-GLI-00445-000,dilate,0.0,0.0,0,-4.02,40251,23715,5,0,0,0,0,427
BraTS-GLI-00445-000,dilate,0.0,0.0,0,-2.0,40247,23064,9,,,,,427
BraTS-GLI-00445-000,dilate,0.0,0.0,0,0.0,40241,22487,15,0,0,0,0,427
BraTS-GLI-00445-000,dilate,0.0,0.0,0,2.0,40238,21865,18,,,,,427
BraTS-GLI-00445-000,dilate,0.0,0.0,1,-6.0,49812,6287,60,,,,,427
BraTS-GLI-00445-000,dilate,0.0,0.0,1,-4.02,49779,5704,93,,,,,427
BraTS-GLI-00445-000,dilate,0.0,0.0,1,-2.0,49729,5176,143,,,,,427
BraTS-GLI-00445-000,dilate,0.0,0.0,1,0.0,49661,4682,211,,,,,427
BraTS-GLI-00445-000,dilate,0.0,0.0,1,2.0,49573,4266,299,,,,,427
BraTS-GLI-00445-000,dilate,0.0,0.0,2,-6.0,152982,24603,89,,,,,427
BraTS-GLI-00445-000,dilate,0.0,0.0,2,-4.02,152914,21061,157,,,,,427
BraTS-GLI-00445-000,dilate,0.0,0.0,2,-2.0,152802,17728,269,,,,,427
BraTS-GLI-00445-000,dilate,0.0,0.0,2,0.0,152624,14612,447,,,,,427
BraTS-GLI-00445-000,dilate,0.0,0.0,2,2.0,152297,11624,774,,,,,427
BraTS-GLI-00445-000,boost,2.0,0.0,0,-6.0,40212,5501,44,,,,,427
BraTS-GLI-00445-000,boost,2.0,0.0,0,-4.02,40179,4680,77,0,0,0,0,427
BraTS-GLI-00445-000,boost,2.0,0.0,0,-2.0,40137,3932,119,,,,,427
BraTS-GLI-00445-000,boost,2.0,0.0,0,0.0,40069,3232,187,0,0,0,0,427
BraTS-GLI-00445-000,boost,2.0,0.0,0,2.0,39965,2609,291,,,,,427
BraTS-GLI-00445-000,boost,2.0,0.0,1,-6.0,49812,6287,60,,,,,427
BraTS-GLI-00445-000,boost,2.0,0.0,1,-4.02,49779,5704,93,,,,,427
BraTS-GLI-00445-000,boost,2.0,0.0,1,-2.0,49729,5176,143,,,,,427
BraTS-GLI-00445-000,boost,2.0,0.0,1,0.0,49661,4682,211,,,,,427
BraTS-GLI-00445-000,boost,2.0,0.0,1,2.0,49573,4266,299,,,,,427
BraTS-GLI-00445-000,boost,2.0,0.0,2,-6.0,152982,24603,89,,,,,427
BraTS-GLI-00445-000,boost,2.0,0.0,2,-4.02,152914,21061,157,,,,,427
BraTS-GLI-00445-000,boost,2.0,0.0,2,-2.0,152802,17728,269,,,,,427
BraTS-GLI-00445-000,boost,2.0,0.0,2,0.0,152624,14612,447,,,,,427
BraTS-GLI-00445-000,boost,2.0,0.0,2,2.0,152297,11624,774,,,,,427
BraTS-GLI-00445-000,boost,4.0,0.0,0,-6.0,40226,6344,30,,,,,427
BraTS-GLI-00445-000,boost,4.0,0.0,0,-4.02,40209,5494,47,0,0,0,0,427
BraTS-GLI-00445-000,boost,4.0,0.0,0,-2.0,40175,4652,81,,,,,427
BraTS-GLI-00445-000,boost,4.0,0.0,0,0.0,40131,3915,125,0,0,0,0,427
BraTS-GLI-00445-000,boost,4.0,0.0,0,2.0,40067,3213,189,,,,,427
BraTS-GLI-00445-000,boost,4.0,0.0,1,-6.0,49812,6287,60,,,,,427
BraTS-GLI-00445-000,boost,4.0,0.0,1,-4.02,49779,5704,93,,,,,427
BraTS-GLI-00445-000,boost,4.0,0.0,1,-2.0,49729,5176,143,,,,,427
BraTS-GLI-00445-000,boost,4.0,0.0,1,0.0,49661,4682,211,,,,,427
BraTS-GLI-00445-000,boost,4.0,0.0,1,2.0,49573,4266,299,,,,,427
BraTS-GLI-00445-000,boost,4.0,0.0,2,-6.0,152982,24603,89,,,,,427
BraTS-GLI-00445-000,boost,4.0,0.0,2,-4.02,152914,21061,157,,,,,427
BraTS-GLI-00445-000,boost,4.0,0.0,2,-2.0,152802,17728,269,,,,,427
BraTS-GLI-00445-000,boost,4.0,0.0,2,0.0,152624,14612,447,,,,,427
BraTS-GLI-00445-000,boost,4.0,0.0,2,2.0,152297,11624,774,,,,,427
BraTS-GLI-00140-000,none,0.0,0.0,0,-6.0,2636,1111,6,,,,,27
BraTS-GLI-00140-000,none,0.0,0.0,0,-4.02,2636,981,6,0,0,0,0,27
BraTS-GLI-00140-000,none,0.0,0.0,0,-2.0,2632,877,10,,,,,27
BraTS-GLI-00140-000,none,0.0,0.0,0,0.0,2623,773,19,0,0,0,0,27
BraTS-GLI-00140-000,none,0.0,0.0,0,2.0,2616,655,26,,,,,27
BraTS-GLI-00140-000,none,0.0,0.0,1,-6.0,2696,1263,6,,,,,27
BraTS-GLI-00140-000,none,0.0,0.0,1,-4.02,2696,1114,6,,,,,27
BraTS-GLI-00140-000,none,0.0,0.0,1,-2.0,2690,961,12,,,,,27
BraTS-GLI-00140-000,none,0.0,0.0,1,0.0,2683,841,19,,,,,27
BraTS-GLI-00140-000,none,0.0,0.0,1,2.0,2671,711,31,,,,,27
BraTS-GLI-00140-000,none,0.0,0.0,2,-6.0,16359,3950,389,,,,,27
BraTS-GLI-00140-000,none,0.0,0.0,2,-4.02,16234,3344,514,,,,,27
BraTS-GLI-00140-000,none,0.0,0.0,2,-2.0,16093,2783,655,,,,,27
BraTS-GLI-00140-000,none,0.0,0.0,2,0.0,15940,2304,808,,,,,27
BraTS-GLI-00140-000,none,0.0,0.0,2,2.0,15739,1821,1009,,,,,27
BraTS-GLI-00140-000,pspds,0.5,0.0,0,-6.0,2638,1127,4,,,,,27
BraTS-GLI-00140-000,pspds,0.5,0.0,0,-4.02,2636,1003,6,0,0,0,0,27
BraTS-GLI-00140-000,pspds,0.5,0.0,0,-2.0,2634,893,8,,,,,27
BraTS-GLI-00140-000,pspds,0.5,0.0,0,0.0,2625,796,17,0,0,0,0,27
BraTS-GLI-00140-000,pspds,0.5,0.0,0,2.0,2617,686,25,,,,,27
BraTS-GLI-00140-000,pspds,0.5,0.0,1,-6.0,2697,1290,5,,,,,27
BraTS-GLI-00140-000,pspds,0.5,0.0,1,-4.02,2696,1143,6,,,,,27
BraTS-GLI-00140-000,pspds,0.5,0.0,1,-2.0,2691,991,11,,,,,27
BraTS-GLI-00140-000,pspds,0.5,0.0,1,0.0,2686,870,16,,,,,27
BraTS-GLI-00140-000,pspds,0.5,0.0,1,2.0,2673,744,29,,,,,27
BraTS-GLI-00140-000,pspds,0.5,0.0,2,-6.0,16366,3995,382,,,,,27
BraTS-GLI-00140-000,pspds,0.5,0.0,2,-4.02,16243,3388,505,,,,,27
BraTS-GLI-00140-000,pspds,0.5,0.0,2,-2.0,16097,2844,651,,,,,27
BraTS-GLI-00140-000,pspds,0.5,0.0,2,0.0,15954,2349,794,,,,,27
BraTS-GLI-00140-000,pspds,0.5,0.0,2,2.0,15754,1873,994,,,,,27
BraTS-GLI-00140-000,pspds,0.5,1.0,0,-6.0,2636,1114,6,,,,,27
BraTS-GLI-00140-000,pspds,0.5,1.0,0,-4.02,2636,991,6,0,0,0,0,27
BraTS-GLI-00140-000,pspds,0.5,1.0,0,-2.0,2633,885,9,,,,,27
BraTS-GLI-00140-000,pspds,0.5,1.0,0,0.0,2623,787,19,0,0,0,0,27
BraTS-GLI-00140-000,pspds,0.5,1.0,0,2.0,2616,668,26,,,,,27
BraTS-GLI-00140-000,pspds,0.5,1.0,1,-6.0,2696,1274,6,,,,,27
BraTS-GLI-00140-000,pspds,0.5,1.0,1,-4.02,2696,1130,6,,,,,27
BraTS-GLI-00140-000,pspds,0.5,1.0,1,-2.0,2690,978,12,,,,,27
BraTS-GLI-00140-000,pspds,0.5,1.0,1,0.0,2683,854,19,,,,,27
BraTS-GLI-00140-000,pspds,0.5,1.0,1,2.0,2673,722,29,,,,,27
BraTS-GLI-00140-000,pspds,0.5,1.0,2,-6.0,16365,3971,383,,,,,27
BraTS-GLI-00140-000,pspds,0.5,1.0,2,-4.02,16240,3369,508,,,,,27
BraTS-GLI-00140-000,pspds,0.5,1.0,2,-2.0,16093,2812,655,,,,,27
BraTS-GLI-00140-000,pspds,0.5,1.0,2,0.0,15943,2327,805,,,,,27
BraTS-GLI-00140-000,pspds,0.5,1.0,2,2.0,15742,1850,1006,,,,,27
BraTS-GLI-00140-000,pspds,1.0,0.0,0,-6.0,2638,1148,4,,,,,27
BraTS-GLI-00140-000,pspds,1.0,0.0,0,-4.02,2636,1019,6,0,0,0,0,27
BraTS-GLI-00140-000,pspds,1.0,0.0,0,-2.0,2634,910,8,,,,,27
BraTS-GLI-00140-000,pspds,1.0,0.0,0,0.0,2624,810,18,0,0,0,0,27
BraTS-GLI-00140-000,pspds,1.0,0.0,0,2.0,2618,709,24,,,,,27
BraTS-GLI-00140-000,pspds,1.0,0.0,1,-6.0,2698,1306,4,,,,,27
BraTS-GLI-00140-000,pspds,1.0,0.0,1,-4.02,2696,1162,6,,,,,27
BraTS-GLI-00140-000,pspds,1.0,0.0,1,-2.0,2691,1008,11,,,,,27
BraTS-GLI-00140-000,pspds,1.0,0.0,1,0.0,2686,885,16,,,,,27
BraTS-GLI-00140-000,pspds,1.0,0.0,1,2.0,2674,780,28,,,,,27
BraTS-GLI-00140-000,pspds,1.0,0.0,2,-6.0,16364,4029,384,,,,,27
BraTS-GLI-00140-000,pspds,1.0,0.0,2,-4.02,16245,3429,503,,,,,27
BraTS-GLI-00140-000,pspds,1.0,0.0,2,-2.0,16102,2870,646,,,,,27
BraTS-GLI-00140-000,pspds,1.0,0.0,2,0.0,15955,2388,793,,,,,27
BraTS-GLI-00140-000,pspds,1.0,0.0,2,2.0,15775,1913,973,,,,,27
BraTS-GLI-00140-000,pspds,1.0,1.0,0,-6.0,2638,1125,4,,,,,27
BraTS-GLI-00140-000,pspds,1.0,1.0,0,-4.02,2636,999,6,0,0,0,0,27
BraTS-GLI-00140-000,pspds,1.0,1.0,0,-2.0,2634,888,8,,,,,27
BraTS-GLI-00140-000,pspds,1.0,1.0,0,0.0,2624,795,18,0,0,0,0,27
BraTS-GLI-00140-000,pspds,1.0,1.0,0,2.0,2616,682,26,,,,,27
BraTS-GLI-00140-000,pspds,1.0,1.0,1,-6.0,2698,1285,4,,,,,27
BraTS-GLI-00140-000,pspds,1.0,1.0,1,-4.02,2696,1140,6,,,,,27
BraTS-GLI-00140-000,pspds,1.0,1.0,1,-2.0,2690,990,12,,,,,27
BraTS-GLI-00140-000,pspds,1.0,1.0,1,0.0,2685,867,17,,,,,27
BraTS-GLI-00140-000,pspds,1.0,1.0,1,2.0,2673,734,29,,,,,27
BraTS-GLI-00140-000,pspds,1.0,1.0,2,-6.0,16364,3994,384,,,,,27
BraTS-GLI-00140-000,pspds,1.0,1.0,2,-4.02,16242,3389,506,,,,,27
BraTS-GLI-00140-000,pspds,1.0,1.0,2,-2.0,16097,2841,651,,,,,27
BraTS-GLI-00140-000,pspds,1.0,1.0,2,0.0,15952,2350,796,,,,,27
BraTS-GLI-00140-000,pspds,1.0,1.0,2,2.0,15753,1875,995,,,,,27
BraTS-GLI-00140-000,interp,0.5,0.0,0,-6.0,2640,1425,2,,,,,27
BraTS-GLI-00140-000,interp,0.5,0.0,0,-4.02,2637,1304,5,0,0,0,0,27
BraTS-GLI-00140-000,interp,0.5,0.0,0,-2.0,2636,1173,6,,,,,27
BraTS-GLI-00140-000,interp,0.5,0.0,0,0.0,2631,1045,11,0,0,0,0,27
BraTS-GLI-00140-000,interp,0.5,0.0,0,2.0,2625,954,17,,,,,27
BraTS-GLI-00140-000,interp,0.5,0.0,1,-6.0,2698,1573,4,,,,,27
BraTS-GLI-00140-000,interp,0.5,0.0,1,-4.02,2697,1402,5,,,,,27
BraTS-GLI-00140-000,interp,0.5,0.0,1,-2.0,2692,1267,10,,,,,27
BraTS-GLI-00140-000,interp,0.5,0.0,1,0.0,2689,1127,13,,,,,27
BraTS-GLI-00140-000,interp,0.5,0.0,1,2.0,2682,998,20,,,,,27
BraTS-GLI-00140-000,interp,0.5,0.0,2,-6.0,16414,4141,334,,,,,27
BraTS-GLI-00140-000,interp,0.5,0.0,2,-4.02,16309,3539,439,,,,,27
BraTS-GLI-00140-000,interp,0.5,0.0,2,-2.0,16178,3006,570,,,,,27
BraTS-GLI-00140-000,interp,0.5,0.0,2,0.0,16032,2499,716,,,,,27
BraTS-GLI-00140-000,interp,0.5,0.0,2,2.0,15863,2008,885,,,,,27
BraTS-GLI-00140-000,interp,1.0,0.0,0,-6.0,2640,1660,2,,,,,27
BraTS-GLI-00140-000,interp,1.0,0.0,0,-4.02,2639,1534,3,0,0,0,0,27
BraTS-GLI-00140-000,interp,1.0,0.0,0,-2.0,2637,1420,5,,,,,27
BraTS-GLI-00140-000,interp,1.0,0.0,0,0.0,2634,1296,8,0,0,0,0,27
BraTS-GLI-00140-000,interp,1.0,0.0,0,2.0,2631,1185,11,,,,,27
BraTS-GLI-00140-000,interp,1.0,0.0,1,-6.0,2699,1822,3,,,,,27
BraTS-GLI-00140-000,interp,1.0,0.0,1,-4.02,2698,1652,4,,,,,27
BraTS-GLI-00140-000,interp,1.0,0.0,1,-2.0,2696,1500,6,,,,,27
BraTS-GLI-00140-000,interp,1.0,0.0,1,0.0,2690,1371,12,,,,,27
BraTS-GLI-00140-000,interp,1.0,0.0,1,2.0,2685,1225,17,,,,,27
BraTS-GLI-00140-000,interp,1.0,0.0,2,-6.0,16463,4372,285,,,,,27
BraTS-GLI-00140-000,interp,1.0,0.0,2,-4.02,16373,3738,375,,,,,27
BraTS-GLI-00140-000,interp,1.0,0.0,2,-2.0,16236,3192,512,,,,,27
BraTS-GLI-00140-000,interp,1.0,0.0,2,0.0,16115,2677,633,,,,,27
BraTS-GLI-00140-000,interp,1.0,0.0,2,2.0,15950,2167,798,,,,,27
BraTS-GLI-00140-000,global,0.5,0.0,0,-6.0,2642,2104,0,,,,,27
BraTS-GLI-00140-000,global,0.5,0.0,0,-4.02,2641,1975,1,0,0,0,0,27
BraTS-GLI-00140-000,global,0.5,0.0,0,-2.0,2640,1822,2,,,,,27
BraTS-GLI-00140-000,global,0.5,0.0,0,0.0,2638,1685,4,0,0,0,0,27
BraTS-GLI-00140-000,global,0.5,0.0,0,2.0,2634,1556,8,,,,,27
BraTS-GLI-00140-000,global,0.5,0.0,1,-6.0,2701,2259,1,,,,,27
BraTS-GLI-00140-000,global,0.5,0.0,1,-4.02,2700,2068,2,,,,,27
BraTS-GLI-00140-000,global,0.5,0.0,1,-2.0,2698,1917,4,,,,,27
BraTS-GLI-00140-000,global,0.5,0.0,1,0.0,2695,1729,7,,,,,27
BraTS-GLI-00140-000,global,0.5,0.0,1,2.0,2692,1581,10,,,,,27
BraTS-GLI-00140-000,global,0.5,0.0,2,-6.0,16492,5061,256,,,,,27
BraTS-GLI-00140-000,global,0.5,0.0,2,-4.02,16419,4327,329,,,,,27
BraTS-GLI-00140-000,global,0.5,0.0,2,-2.0,16318,3689,430,,,,,27
BraTS-GLI-00140-000,global,0.5,0.0,2,0.0,16190,3113,558,,,,,27
BraTS-GLI-00140-000,global,0.5,0.0,2,2.0,16035,2514,713,,,,,27
BraTS-GLI-00140-000,global,1.0,0.0,0,-6.0,2642,3103,0,,,,,27
BraTS-GLI-00140-000,global,1.0,0.0,0,-4.02,2642,2888,0,0,0,0,0,27
BraTS-GLI-00140-000,global,1.0,0.0,0,-2.0,2642,2689,0,,,,,27
BraTS-GLI-00140-000,global,1.0,0.0,0,0.0,2642,2487,0,0,0,0,0,27
BraTS-GLI-00140-000,global,1.0,0.0,0,2.0,2642,2251,0,,,,,27
BraTS-GLI-00140-000,global,1.0,0.0,1,-6.0,2701,3707,1,,,,,27
BraTS-GLI-00140-000,global,1.0,0.0,1,-4.02,2701,3369,1,,,,,27
BraTS-GLI-00140-000,global,1.0,0.0,1,-2.0,2701,3079,1,,,,,27
BraTS-GLI-00140-000,global,1.0,0.0,1,0.0,2701,2832,1,,,,,27
BraTS-GLI-00140-000,global,1.0,0.0,1,2.0,2700,2573,2,,,,,27
BraTS-GLI-00140-000,global,1.0,0.0,2,-6.0,16574,7190,174,,,,,27
BraTS-GLI-00140-000,global,1.0,0.0,2,-4.02,16508,6164,240,,,,,27
BraTS-GLI-00140-000,global,1.0,0.0,2,-2.0,16420,5301,328,,,,,27
BraTS-GLI-00140-000,global,1.0,0.0,2,0.0,16351,4512,397,,,,,27
BraTS-GLI-00140-000,global,1.0,0.0,2,2.0,16251,3767,497,,,,,27
BraTS-GLI-00140-000,dilate,0.0,0.0,0,-6.0,2642,3163,0,,,,,27
BraTS-GLI-00140-000,dilate,0.0,0.0,0,-4.02,2642,2999,0,0,0,0,0,27
BraTS-GLI-00140-000,dilate,0.0,0.0,0,-2.0,2642,2866,0,,,,,27
BraTS-GLI-00140-000,dilate,0.0,0.0,0,0.0,2642,2723,0,0,0,0,0,27
BraTS-GLI-00140-000,dilate,0.0,0.0,0,2.0,2642,2544,0,,,,,27
BraTS-GLI-00140-000,dilate,0.0,0.0,1,-6.0,2696,1263,6,,,,,27
BraTS-GLI-00140-000,dilate,0.0,0.0,1,-4.02,2696,1114,6,,,,,27
BraTS-GLI-00140-000,dilate,0.0,0.0,1,-2.0,2690,961,12,,,,,27
BraTS-GLI-00140-000,dilate,0.0,0.0,1,0.0,2683,841,19,,,,,27
BraTS-GLI-00140-000,dilate,0.0,0.0,1,2.0,2671,711,31,,,,,27
BraTS-GLI-00140-000,dilate,0.0,0.0,2,-6.0,16359,3950,389,,,,,27
BraTS-GLI-00140-000,dilate,0.0,0.0,2,-4.02,16234,3344,514,,,,,27
BraTS-GLI-00140-000,dilate,0.0,0.0,2,-2.0,16093,2783,655,,,,,27
BraTS-GLI-00140-000,dilate,0.0,0.0,2,0.0,15940,2304,808,,,,,27
BraTS-GLI-00140-000,dilate,0.0,0.0,2,2.0,15739,1821,1009,,,,,27
BraTS-GLI-00140-000,boost,2.0,0.0,0,-6.0,2640,1243,2,,,,,27
BraTS-GLI-00140-000,boost,2.0,0.0,0,-4.02,2636,1108,6,0,0,0,0,27
BraTS-GLI-00140-000,boost,2.0,0.0,0,-2.0,2636,980,6,,,,,27
BraTS-GLI-00140-000,boost,2.0,0.0,0,0.0,2632,876,10,0,0,0,0,27
BraTS-GLI-00140-000,boost,2.0,0.0,0,2.0,2623,770,19,,,,,27
BraTS-GLI-00140-000,boost,2.0,0.0,1,-6.0,2696,1263,6,,,,,27
BraTS-GLI-00140-000,boost,2.0,0.0,1,-4.02,2696,1114,6,,,,,27
BraTS-GLI-00140-000,boost,2.0,0.0,1,-2.0,2690,961,12,,,,,27
BraTS-GLI-00140-000,boost,2.0,0.0,1,0.0,2683,841,19,,,,,27
BraTS-GLI-00140-000,boost,2.0,0.0,1,2.0,2671,711,31,,,,,27
BraTS-GLI-00140-000,boost,2.0,0.0,2,-6.0,16359,3950,389,,,,,27
BraTS-GLI-00140-000,boost,2.0,0.0,2,-4.02,16234,3344,514,,,,,27
BraTS-GLI-00140-000,boost,2.0,0.0,2,-2.0,16093,2783,655,,,,,27
BraTS-GLI-00140-000,boost,2.0,0.0,2,0.0,15940,2304,808,,,,,27
BraTS-GLI-00140-000,boost,2.0,0.0,2,2.0,15739,1821,1009,,,,,27
BraTS-GLI-00140-000,boost,4.0,0.0,0,-6.0,2640,1381,2,,,,,27
BraTS-GLI-00140-000,boost,4.0,0.0,0,-4.02,2640,1241,2,0,0,0,0,27
BraTS-GLI-00140-000,boost,4.0,0.0,0,-2.0,2636,1108,6,,,,,27
BraTS-GLI-00140-000,boost,4.0,0.0,0,0.0,2636,979,6,0,0,0,0,27
BraTS-GLI-00140-000,boost,4.0,0.0,0,2.0,2632,873,10,,,,,27
BraTS-GLI-00140-000,boost,4.0,0.0,1,-6.0,2696,1263,6,,,,,27
BraTS-GLI-00140-000,boost,4.0,0.0,1,-4.02,2696,1114,6,,,,,27
BraTS-GLI-00140-000,boost,4.0,0.0,1,-2.0,2690,961,12,,,,,27
BraTS-GLI-00140-000,boost,4.0,0.0,1,0.0,2683,841,19,,,,,27
BraTS-GLI-00140-000,boost,4.0,0.0,1,2.0,2671,711,31,,,,,27
BraTS-GLI-00140-000,boost,4.0,0.0,2,-6.0,16359,3950,389,,,,,27
BraTS-GLI-00140-000,boost,4.0,0.0,2,-4.02,16234,3344,514,,,,,27
BraTS-GLI-00140-000,boost,4.0,0.0,2,-2.0,16093,2783,655,,,,,27
BraTS-GLI-00140-000,boost,4.0,0.0,2,0.0,15940,2304,808,,,,,27
BraTS-GLI-00140-000,boost,4.0,0.0,2,2.0,15739,1821,1009,,,,,27
BraTS-GLI-01421-000,none,0.0,0.0,0,-6.0,24829,3959,1435,,,,,252
BraTS-GLI-01421-000,none,0.0,0.0,0,-4.02,24582,3551,1682,0,2,0,0,252
BraTS-GLI-01421-000,none,0.0,0.0,0,-2.0,24306,3160,1958,,,,,252
BraTS-GLI-01421-000,none,0.0,0.0,0,0.0,24004,2799,2260,0,2,0,0,252
BraTS-GLI-01421-000,none,0.0,0.0,0,2.0,23672,2465,2592,,,,,252
BraTS-GLI-01421-000,none,0.0,0.0,1,-6.0,43267,1245,3228,,,,,252
BraTS-GLI-01421-000,none,0.0,0.0,1,-4.02,43008,1052,3487,,,,,252
BraTS-GLI-01421-000,none,0.0,0.0,1,-2.0,42752,896,3743,,,,,252
BraTS-GLI-01421-000,none,0.0,0.0,1,0.0,42515,757,3980,,,,,252
BraTS-GLI-01421-000,none,0.0,0.0,1,2.0,42285,644,4210,,,,,252
BraTS-GLI-01421-000,none,0.0,0.0,2,-6.0,134658,18451,2639,,,,,252
BraTS-GLI-01421-000,none,0.0,0.0,2,-4.02,134211,16424,3086,,,,,252
BraTS-GLI-01421-000,none,0.0,0.0,2,-2.0,133750,14535,3547,,,,,252
BraTS-GLI-01421-000,none,0.0,0.0,2,0.0,133155,12771,4142,,,,,252
BraTS-GLI-01421-000,none,0.0,0.0,2,2.0,132515,11065,4782,,,,,252
BraTS-GLI-01421-000,pspds,0.5,0.0,0,-6.0,24832,3996,1432,,,,,252
BraTS-GLI-01421-000,pspds,0.5,0.0,0,-4.02,24595,3586,1669,0,2,0,0,252
BraTS-GLI-01421-000,pspds,0.5,0.0,0,-2.0,24321,3186,1943,,,,,252
BraTS-GLI-01421-000,pspds,0.5,0.0,0,0.0,24022,2834,2242,0,2,0,0,252
BraTS-GLI-01421-000,pspds,0.5,0.0,0,2.0,23703,2504,2561,,,,,252
BraTS-GLI-01421-000,pspds,0.5,0.0,1,-6.0,43290,1286,3205,,,,,252
BraTS-GLI-01421-000,pspds,0.5,0.0,1,-4.02,43045,1097,3450,,,,,252
BraTS-GLI-01421-000,pspds,0.5,0.0,1,-2.0,42792,930,3703,,,,,252
BraTS-GLI-01421-000,pspds,0.5,0.0,1,0.0,42554,785,3941,,,,,252
BraTS-GLI-01421-000,pspds,0.5,0.0,1,2.0,42338,675,4157,,,,,252
BraTS-GLI-01421-000,pspds,0.5,0.0,2,-6.0,134664,18584,2633,,,,,252
BraTS-GLI-01421-000,pspds,0.5,0.0,2,-4.02,134211,16555,3086,,,,,252
BraTS-GLI-01421-000,pspds,0.5,0.0,2,-2.0,133767,14652,3530,,,,,252
BraTS-GLI-01421-000,pspds,0.5,0.0,2,0.0,133179,12881,4118,,,,,252
BraTS-GLI-01421-000,pspds,0.5,0.0,2,2.0,132544,11184,4753,,,,,252
BraTS-GLI-01421-000,pspds,0.5,1.0,0,-6.0,24828,3974,1436,,,,,252
BraTS-GLI-01421-000,pspds,0.5,1.0,0,-4.02,24587,3563,1677,0,2,0,0,252
BraTS-GLI-01421-000,pspds,0.5,1.0,0,-2.0,24310,3164,1954,,,,,252
BraTS-GLI-01421-000,pspds,0.5,1.0,0,0.0,24016,2812,2248,0,2,0,0,252
BraTS-GLI-01421-000,pspds,0.5,1.0,0,2.0,23687,2482,2577,,,,,252
BraTS-GLI-01421-000,pspds,0.5,1.0,1,-6.0,43280,1261,3215,,,,,252
BraTS-GLI-01421-000,pspds,0.5,1.0,1,-4.02,43026,1074,3469,,,,,252
BraTS-GLI-01421-000,pspds,0.5,1.0,1,-2.0,42776,912,3719,,,,,252
BraTS-GLI-01421-000,pspds,0.5,1.0,1,0.0,42533,771,3962,,,,,252
BraTS-GLI-01421-000,pspds,0.5,1.0,1,2.0,42311,664,4184,,,,,252
BraTS-GLI-01421-000,pspds,0.5,1.0,2,-6.0,134660,18510,2637,,,,,252
BraTS-GLI-01421-000,pspds,0.5,1.0,2,-4.02,134210,16479,3087,,,,,252
BraTS-GLI-01421-000,pspds,0.5,1.0,2,-2.0,133758,14593,3539,,,,,252
BraTS-GLI-01421-000,pspds,0.5,1.0,2,0.0,133164,12820,4133,,,,,252
BraTS-GLI-01421-000,pspds,0.5,1.0,2,2.0,132530,11124,4767,,,,,252
BraTS-GLI-01421-000,pspds,1.0,0.0,0,-6.0,24841,4040,1423,,,,,252
BraTS-GLI-01421-000,pspds,1.0,0.0,0,-4.02,24604,3628,1660,0,2,0,0,252
BraTS-GLI-01421-000,pspds,1.0,0.0,0,-2.0,24331,3213,1933,,,,,252
BraTS-GLI-01421-000,pspds,1.0,0.0,0,0.0,24044,2862,2220,0,2,0,0,252
BraTS-GLI-01421-000,pspds,1.0,0.0,0,2.0,23731,2535,2533,,,,,252
BraTS-GLI-01421-000,pspds,1.0,0.0,1,-6.0,43313,1339,3182,,,,,252
BraTS-GLI-01421-000,pspds,1.0,0.0,1,-4.02,43069,1132,3426,,,,,252
BraTS-GLI-01421-000,pspds,1.0,0.0,1,-2.0,42834,965,3661,,,,,252
BraTS-GLI-01421-000,pspds,1.0,0.0,1,0.0,42590,813,3905,,,,,252
BraTS-GLI-01421-000,pspds,1.0,0.0,1,2.0,42376,696,4119,,,,,252
BraTS-GLI-01421-000,pspds,1.0,0.0,2,-6.0,134664,18700,2633,,,,,252
BraTS-GLI-01421-000,pspds,1.0,0.0,2,-4.02,134222,16646,3075,,,,,252
BraTS-GLI-01421-000,pspds,1.0,0.0,2,-2.0,133785,14765,3512,,,,,252
BraTS-GLI-01421-000,pspds,1.0,0.0,2,0.0,133212,12989,4085,,,,,252
BraTS-GLI-01421-000,pspds,1.0,0.0,2,2.0,132583,11292,4714,,,,,252
BraTS-GLI-01421-000,pspds,1.0,1.0,0,-6.0,24828,3993,1436,,,,,252
BraTS-GLI-01421-000,pspds,1.0,1.0,0,-4.02,24597,3577,1667,0,2,0,0,252
BraTS-GLI-01421-000,pspds,1.0,1.0,0,-2.0,24322,3177,1942,,,,,252
BraTS-GLI-01421-000,pspds,1.0,1.0,0,0.0,24016,2826,2248,0,2,0,0,252
BraTS-GLI-01421-000,pspds,1.0,1.0,0,2.0,23696,2498,2568,,,,,252
BraTS-GLI-01421-000,pspds,1.0,1.0,1,-6.0,43285,1284,3210,,,,,252
BraTS-GLI-01421-000,pspds,1.0,1.0,1,-4.02,43040,1090,3455,,,,,252
BraTS-GLI-01421-000,pspds,1.0,1.0,1,-2.0,42790,924,3705,,,,,252
BraTS-GLI-01421-000,pspds,1.0,1.0,1,0.0,42546,782,3949,,,,,252
BraTS-GLI-01421-000,pspds,1.0,1.0,1,2.0,42334,673,4161,,,,,252
BraTS-GLI-01421-000,pspds,1.0,1.0,2,-6.0,134663,18575,2634,,,,,252
BraTS-GLI-01421-000,pspds,1.0,1.0,2,-4.02,134211,16544,3086,,,,,252
BraTS-GLI-01421-000,pspds,1.0,1.0,2,-2.0,133768,14636,3529,,,,,252
BraTS-GLI-01421-000,pspds,1.0,1.0,2,0.0,133169,12870,4128,,,,,252
BraTS-GLI-01421-000,pspds,1.0,1.0,2,2.0,132542,11167,4755,,,,,252
BraTS-GLI-01421-000,interp,0.5,0.0,0,-6.0,24996,4404,1268,,,,,252
BraTS-GLI-01421-000,interp,0.5,0.0,0,-4.02,24752,3932,1512,0,2,0,0,252
BraTS-GLI-01421-000,interp,0.5,0.0,0,-2.0,24491,3485,1773,,,,,252
BraTS-GLI-01421-000,interp,0.5,0.0,0,0.0,24221,3114,2043,0,2,0,0,252
BraTS-GLI-01421-000,interp,0.5,0.0,0,2.0,23906,2754,2358,,,,,252
BraTS-GLI-01421-000,interp,0.5,0.0,1,-6.0,43485,1494,3010,,,,,252
BraTS-GLI-01421-000,interp,0.5,0.0,1,-4.02,43234,1305,3261,,,,,252
BraTS-GLI-01421-000,interp,0.5,0.0,1,-2.0,42992,1099,3503,,,,,252
BraTS-GLI-01421-000,interp,0.5,0.0,1,0.0,42733,931,3762,,,,,252
BraTS-GLI-01421-000,interp,0.5,0.0,1,2.0,42517,769,3978,,,,,252
BraTS-GLI-01421-000,interp,0.5,0.0,2,-6.0,134957,20579,2340,,,,,252
BraTS-GLI-01421-000,interp,0.5,0.0,2,-4.02,134561,18207,2736,,,,,252
BraTS-GLI-01421-000,interp,0.5,0.0,2,-2.0,134093,16133,3204,,,,,252
BraTS-GLI-01421-000,interp,0.5,0.0,2,0.0,133568,14211,3729,,,,,252
BraTS-GLI-01421-000,interp,0.5,0.0,2,2.0,132946,12420,4351,,,,,252
BraTS-GLI-01421-000,interp,1.0,0.0,0,-6.0,25184,4979,1080,,,,,252
BraTS-GLI-01421-000,interp,1.0,0.0,0,-4.02,24950,4467,1314,0,2,0,0,252
BraTS-GLI-01421-000,interp,1.0,0.0,0,-2.0,24683,3974,1581,,,,,252
BraTS-GLI-01421-000,interp,1.0,0.0,0,0.0,24423,3542,1841,0,2,0,0,252
BraTS-GLI-01421-000,interp,1.0,0.0,0,2.0,24140,3145,2124,,,,,252
BraTS-GLI-01421-000,interp,1.0,0.0,1,-6.0,43783,9776,2712,,,,,252
BraTS-GLI-01421-000,interp,1.0,0.0,1,-4.02,43561,8262,2934,,,,,252
BraTS-GLI-01421-000,interp,1.0,0.0,1,-2.0,43287,6759,3208,,,,,252
BraTS-GLI-01421-000,interp,1.0,0.0,1,0.0,43059,5170,3436,,,,,252
BraTS-GLI-01421-000,interp,1.0,0.0,1,2.0,42820,3505,3675,,,,,252
BraTS-GLI-01421-000,interp,1.0,0.0,2,-6.0,135398,24280,1899,,,,,252
BraTS-GLI-01421-000,interp,1.0,0.0,2,-4.02,135033,21613,2264,,,,,252
BraTS-GLI-01421-000,interp,1.0,0.0,2,-2.0,134642,19179,2655,,,,,252
BraTS-GLI-01421-000,interp,1.0,0.0,2,0.0,134175,16928,3122,,,,,252
BraTS-GLI-01421-000,interp,1.0,0.0,2,2.0,133593,14881,3704,,,,,252
BraTS-GLI-01421-000,global,0.5,0.0,0,-6.0,25040,4689,1224,,,,,252
BraTS-GLI-01421-000,global,0.5,0.0,0,-4.02,24775,4168,1489,0,2,0,0,252
BraTS-GLI-01421-000,global,0.5,0.0,0,-2.0,24513,3678,1751,,,,,252
BraTS-GLI-01421-000,global,0.5,0.0,0,0.0,24229,3285,2035,0,2,0,0,252
BraTS-GLI-01421-000,global,0.5,0.0,0,2.0,23913,2890,2351,,,,,252
BraTS-GLI-01421-000,global,0.5,0.0,1,-6.0,43710,1704,2785,,,,,252
BraTS-GLI-01421-000,global,0.5,0.0,1,-4.02,43440,1474,3055,,,,,252
BraTS-GLI-01421-000,global,0.5,0.0,1,-2.0,43186,1270,3309,,,,,252
BraTS-GLI-01421-000,global,0.5,0.0,1,0.0,42933,1070,3562,,,,,252
BraTS-GLI-01421-000,global,0.5,0.0,1,2.0,42690,887,3805,,,,,252
BraTS-GLI-01421-000,global,0.5,0.0,2,-6.0,135260,22382,2037,,,,,252
BraTS-GLI-01421-000,global,0.5,0.0,2,-4.02,134835,19792,2462,,,,,252
BraTS-GLI-01421-000,global,0.5,0.0,2,-2.0,134383,17395,2914,,,,,252
BraTS-GLI-01421-000,global,0.5,0.0,2,0.0,133859,15271,3438,,,,,252
BraTS-GLI-01421-000,global,0.5,0.0,2,2.0,133215,13220,4082,,,,,252
BraTS-GLI-01421-000,global,1.0,0.0,0,-6.0,25217,6030,1047,,,,,252
BraTS-GLI-01421-000,global,1.0,0.0,0,-4.02,24958,5228,1306,0,2,0,4,252
BraTS-GLI-01421-000,global,1.0,0.0,0,-2.0,24684,4567,1580,,,,,252
BraTS-GLI-01421-000,global,1.0,0.0,0,0.0,24401,3948,1863,0,2,0,3,252
BraTS-GLI-01421-000,global,1.0,0.0,0,2.0,24047,3430,2217,,,,,252
BraTS-GLI-01421-000,global,1.0,0.0,1,-6.0,45878,58880,617,,,,,252
BraTS-GLI-01421-000,global,1.0,0.0,1,-4.02,45702,53572,793,,,,,252
BraTS-GLI-01421-000,global,1.0,0.0,1,-2.0,45486,47876,1009,,,,,252
BraTS-GLI-01421-000,global,1.0,0.0,1,0.0,45196,41748,1299,,,,,252
BraTS-GLI-01421-000,global,1.0,0.0,1,2.0,44714,34538,1781,,,,,252
BraTS-GLI-01421-000,global,1.0,0.0,2,-6.0,136526,39988,771,,,,,252
BraTS-GLI-01421-000,global,1.0,0.0,2,-4.02,136336,36479,961,,,,,252
BraTS-GLI-01421-000,global,1.0,0.0,2,-2.0,136141,33054,1156,,,,,252
BraTS-GLI-01421-000,global,1.0,0.0,2,0.0,135876,30068,1421,,,,,252
BraTS-GLI-01421-000,global,1.0,0.0,2,2.0,135571,26929,1726,,,,,252
BraTS-GLI-01421-000,dilate,0.0,0.0,0,-6.0,26203,21021,61,,,,,252
BraTS-GLI-01421-000,dilate,0.0,0.0,0,-4.02,26188,20360,76,4,2,2,0,252
BraTS-GLI-01421-000,dilate,0.0,0.0,0,-2.0,26169,19771,95,,,,,252
BraTS-GLI-01421-000,dilate,0.0,0.0,0,0.0,26148,19137,116,1,2,1,0,252
BraTS-GLI-01421-000,dilate,0.0,0.0,0,2.0,26132,18506,132,,,,,252
BraTS-GLI-01421-000,dilate,0.0,0.0,1,-6.0,43267,1245,3228,,,,,252
BraTS-GLI-01421-000,dilate,0.0,0.0,1,-4.02,43008,1052,3487,,,,,252
BraTS-GLI-01421-000,dilate,0.0,0.0,1,-2.0,42752,896,3743,,,,,252
BraTS-GLI-01421-000,dilate,0.0,0.0,1,0.0,42515,757,3980,,,,,252
BraTS-GLI-01421-000,dilate,0.0,0.0,1,2.0,42285,644,4210,,,,,252
BraTS-GLI-01421-000,dilate,0.0,0.0,2,-6.0,134658,18451,2639,,,,,252
BraTS-GLI-01421-000,dilate,0.0,0.0,2,-4.02,134211,16424,3086,,,,,252
BraTS-GLI-01421-000,dilate,0.0,0.0,2,-2.0,133750,14535,3547,,,,,252
BraTS-GLI-01421-000,dilate,0.0,0.0,2,0.0,133155,12771,4142,,,,,252
BraTS-GLI-01421-000,dilate,0.0,0.0,2,2.0,132515,11065,4782,,,,,252
BraTS-GLI-01421-000,boost,2.0,0.0,0,-6.0,25097,4479,1167,,,,,252
BraTS-GLI-01421-000,boost,2.0,0.0,0,-4.02,24829,3960,1435,0,2,0,0,252
BraTS-GLI-01421-000,boost,2.0,0.0,0,-2.0,24576,3545,1688,,,,,252
BraTS-GLI-01421-000,boost,2.0,0.0,0,0.0,24306,3159,1958,0,2,0,0,252
BraTS-GLI-01421-000,boost,2.0,0.0,0,2.0,24003,2799,2261,,,,,252
BraTS-GLI-01421-000,boost,2.0,0.0,1,-6.0,43267,1245,3228,,,,,252
BraTS-GLI-01421-000,boost,2.0,0.0,1,-4.02,43008,1052,3487,,,,,252
BraTS-GLI-01421-000,boost,2.0,0.0,1,-2.0,42752,896,3743,,,,,252
BraTS-GLI-01421-000,boost,2.0,0.0,1,0.0,42515,757,3980,,,,,252
BraTS-GLI-01421-000,boost,2.0,0.0,1,2.0,42285,644,4210,,,,,252
BraTS-GLI-01421-000,boost,2.0,0.0,2,-6.0,134658,18451,2639,,,,,252
BraTS-GLI-01421-000,boost,2.0,0.0,2,-4.02,134211,16424,3086,,,,,252
BraTS-GLI-01421-000,boost,2.0,0.0,2,-2.0,133750,14535,3547,,,,,252
BraTS-GLI-01421-000,boost,2.0,0.0,2,0.0,133155,12771,4142,,,,,252
BraTS-GLI-01421-000,boost,2.0,0.0,2,2.0,132515,11065,4782,,,,,252
BraTS-GLI-01421-000,boost,4.0,0.0,0,-6.0,25324,5076,940,,,,,252
BraTS-GLI-01421-000,boost,4.0,0.0,0,-4.02,25099,4482,1165,0,2,0,0,252
BraTS-GLI-01421-000,boost,4.0,0.0,0,-2.0,24826,3957,1438,,,,,252
BraTS-GLI-01421-000,boost,4.0,0.0,0,0.0,24576,3544,1688,0,2,0,0,252
BraTS-GLI-01421-000,boost,4.0,0.0,0,2.0,24305,3159,1959,,,,,252
BraTS-GLI-01421-000,boost,4.0,0.0,1,-6.0,43267,1245,3228,,,,,252
BraTS-GLI-01421-000,boost,4.0,0.0,1,-4.02,43008,1052,3487,,,,,252
BraTS-GLI-01421-000,boost,4.0,0.0,1,-2.0,42752,896,3743,,,,,252
BraTS-GLI-01421-000,boost,4.0,0.0,1,0.0,42515,757,3980,,,,,252
BraTS-GLI-01421-000,boost,4.0,0.0,1,2.0,42285,644,4210,,,,,252
BraTS-GLI-01421-000,boost,4.0,0.0,2,-6.0,134658,18451,2639,,,,,252
BraTS-GLI-01421-000,boost,4.0,0.0,2,-4.02,134211,16424,3086,,,,,252
BraTS-GLI-01421-000,boost,4.0,0.0,2,-2.0,133750,14535,3547,,,,,252
BraTS-GLI-01421-000,boost,4.0,0.0,2,0.0,133155,12771,4142,,,,,252
BraTS-GLI-01421-000,boost,4.0,0.0,2,2.0,132515,11065,4782,,,,,252
BraTS-GLI-00425-000,none,0.0,0.0,0,-6.0,1756,62,232,,,,,11
BraTS-GLI-00425-000,none,0.0,0.0,0,-4.02,1712,47,276,0,0,0,0,11
BraTS-GLI-00425-000,none,0.0,0.0,0,-2.0,1676,29,312,,,,,11
BraTS-GLI-00425-000,none,0.0,0.0,0,0.0,1649,22,339,0,0,0,0,11
BraTS-GLI-00425-000,none,0.0,0.0,0,2.0,1600,9,388,,,,,11
BraTS-GLI-00425-000,none,0.0,0.0,1,-6.0,1768,70,221,,,,,11
BraTS-GLI-00425-000,none,0.0,0.0,1,-4.02,1728,46,261,,,,,11
BraTS-GLI-00425-000,none,0.0,0.0,1,-2.0,1688,31,301,,,,,11
BraTS-GLI-00425-000,none,0.0,0.0,1,0.0,1646,19,343,,,,,11
BraTS-GLI-00425-000,none,0.0,0.0,1,2.0,1579,8,410,,,,,11
BraTS-GLI-00425-000,none,0.0,0.0,2,-6.0,25743,4666,33,,,,,11
BraTS-GLI-00425-000,none,0.0,0.0,2,-4.02,25709,3785,67,,,,,11
BraTS-GLI-00425-000,none,0.0,0.0,2,-2.0,25651,3025,125,,,,,11
BraTS-GLI-00425-000,none,0.0,0.0,2,0.0,25539,2347,237,,,,,11
BraTS-GLI-00425-000,none,0.0,0.0,2,2.0,25334,1766,442,,,,,11
BraTS-GLI-00425-000,pspds,0.5,0.0,0,-6.0,1772,67,216,,,,,11
BraTS-GLI-00425-000,pspds,0.5,0.0,0,-4.02,1734,49,254,0,0,0,0,11
BraTS-GLI-00425-000,pspds,0.5,0.0,0,-2.0,1696,32,292,,,,,11
BraTS-GLI-00425-000,pspds,0.5,0.0,0,0.0,1659,22,329,0,0,0,0,11
BraTS-GLI-00425-000,pspds,0.5,0.0,0,2.0,1624,12,364,,,,,11
BraTS-GLI-00425-000,pspds,0.5,0.0,1,-6.0,1786,78,203,,,,,11
BraTS-GLI-00425-000,pspds,0.5,0.0,1,-4.02,1741,48,248,,,,,11
BraTS-GLI-00425-000,pspds,0.5,0.0,1,-2.0,1709,35,280,,,,,11
BraTS-GLI-00425-000,pspds,0.5,0.0,1,0.0,1663,22,326,,,,,11
BraTS-GLI-00425-000,pspds,0.5,0.0,1,2.0,1606,10,383,,,,,11
BraTS-GLI-00425-000,pspds,0.5,0.0,2,-6.0,25742,4706,34,,,,,11
BraTS-GLI-00425-000,pspds,0.5,0.0,2,-4.02,25713,3801,63,,,,,11
BraTS-GLI-00425-000,pspds,0.5,0.0,2,-2.0,25656,3039,120,,,,,11
BraTS-GLI-00425-000,pspds,0.5,0.0,2,0.0,25549,2378,227,,,,,11
BraTS-GLI-00425-000,pspds,0.5,0.0,2,2.0,25346,1800,430,,,,,11
BraTS-GLI-00425-000,pspds,0.5,1.0,0,-6.0,1764,65,224,,,,,11
BraTS-GLI-00425-000,pspds,0.5,1.0,0,-4.02,1725,49,263,0,0,0,0,11
BraTS-GLI-00425-000,pspds,0.5,1.0,0,-2.0,1689,31,299,,,,,11
BraTS-GLI-00425-000,pspds,0.5,1.0,0,0.0,1655,22,333,0,0,0,0,11
BraTS-GLI-00425-000,pspds,0.5,1.0,0,2.0,1614,11,374,,,,,11
BraTS-GLI-00425-000,pspds,0.5,1.0,1,-6.0,1777,73,212,,,,,11
BraTS-GLI-00425-000,pspds,0.5,1.0,1,-4.02,1737,48,252,,,,,11
BraTS-GLI-00425-000,pspds,0.5,1.0,1,-2.0,1697,32,292,,,,,11
BraTS-GLI-00425-000,pspds,0.5,1.0,1,0.0,1652,20,337,,,,,11
BraTS-GLI-00425-000,pspds,0.5,1.0,1,2.0,1594,8,395,,,,,11
BraTS-GLI-00425-000,pspds,0.5,1.0,2,-6.0,25743,4687,33,,,,,11
BraTS-GLI-00425-000,pspds,0.5,1.0,2,-4.02,25712,3797,64,,,,,11
BraTS-GLI-00425-000,pspds,0.5,1.0,2,-2.0,25654,3034,122,,,,,11
BraTS-GLI-00425-000,pspds,0.5,1.0,2,0.0,25547,2362,229,,,,,11
BraTS-GLI-00425-000,pspds,0.5,1.0,2,2.0,25336,1777,440,,,,,11
BraTS-GLI-00425-000,pspds,1.0,0.0,0,-6.0,1790,71,198,,,,,11
BraTS-GLI-00425-000,pspds,1.0,0.0,0,-4.02,1746,53,242,0,0,0,0,11
BraTS-GLI-00425-000,pspds,1.0,0.0,0,-2.0,1709,33,279,,,,,11
BraTS-GLI-00425-000,pspds,1.0,0.0,0,0.0,1673,25,315,0,0,0,0,11
BraTS-GLI-00425-000,pspds,1.0,0.0,0,2.0,1641,13,347,,,,,11
BraTS-GLI-00425-000,pspds,1.0,0.0,1,-6.0,1798,80,191,,,,,11
BraTS-GLI-00425-000,pspds,1.0,0.0,1,-4.02,1755,54,234,,,,,11
BraTS-GLI-00425-000,pspds,1.0,0.0,1,-2.0,1720,37,269,,,,,11
BraTS-GLI-00425-000,pspds,1.0,0.0,1,0.0,1684,25,305,,,,,11
BraTS-GLI-00425-000,pspds,1.0,0.0,1,2.0,1623,10,366,,,,,11
BraTS-GLI-00425-000,pspds,1.0,0.0,2,-6.0,25742,4730,34,,,,,11
BraTS-GLI-00425-000,pspds,1.0,0.0,2,-4.02,25715,3837,61,,,,,11
BraTS-GLI-00425-000,pspds,1.0,0.0,2,-2.0,25664,3055,112,,,,,11
BraTS-GLI-00425-000,pspds,1.0,0.0,2,0.0,25554,2407,222,,,,,11
BraTS-GLI-00425-000,pspds,1.0,0.0,2,2.0,25364,1834,412,,,,,11
BraTS-GLI-00425-000,pspds,1.0,1.0,0,-6.0,1771,67,217,,,,,11
BraTS-GLI-00425-000,pspds,1.0,1.0,0,-4.02,1733,49,255,0,0,0,0,11
BraTS-GLI-00425-000,pspds,1.0,1.0,0,-2.0,1696,32,292,,,,,11
BraTS-GLI-00425-000,pspds,1.0,1.0,0,0.0,1658,22,330,0,0,0,0,11
BraTS-GLI-00425-000,pspds,1.0,1.0,0,2.0,1622,12,366,,,,,11
BraTS-GLI-00425-000,pspds,1.0,1.0,1,-6.0,1785,77,204,,,,,11
BraTS-GLI-00425-000,pspds,1.0,1.0,1,-4.02,1741,48,248,,,,,11
BraTS-GLI-00425-000,pspds,1.0,1.0,1,-2.0,1704,35,285,,,,,11
BraTS-GLI-00425-000,pspds,1.0,1.0,1,0.0,1662,22,327,,,,,11
BraTS-GLI-00425-000,pspds,1.0,1.0,1,2.0,1605,10,384,,,,,11
BraTS-GLI-00425-000,pspds,1.0,1.0,2,-6.0,25742,4697,34,,,,,11
BraTS-GLI-00425-000,pspds,1.0,1.0,2,-4.02,25713,3795,63,,,,,11
BraTS-GLI-00425-000,pspds,1.0,1.0,2,-2.0,25657,3039,119,,,,,11
BraTS-GLI-00425-000,pspds,1.0,1.0,2,0.0,25548,2377,228,,,,,11
BraTS-GLI-00425-000,pspds,1.0,1.0,2,2.0,25345,1796,431,,,,,11
BraTS-GLI-00425-000,interp,0.5,0.0,0,-6.0,1819,89,169,,,,,11
BraTS-GLI-00425-000,interp,0.5,0.0,0,-4.02,1791,60,197,0,0,0,0,11
BraTS-GLI-00425-000,interp,0.5,0.0,0,-2.0,1752,41,236,,,,,11
BraTS-GLI-00425-000,interp,0.5,0.0,0,0.0,1710,27,278,0,0,0,0,11
BraTS-GLI-00425-000,interp,0.5,0.0,0,2.0,1674,17,314,,,,,11
BraTS-GLI-00425-000,interp,0.5,0.0,1,-6.0,1832,96,157,,,,,11
BraTS-GLI-00425-000,interp,0.5,0.0,1,-4.02,1792,66,197,,,,,11
BraTS-GLI-00425-000,interp,0.5,0.0,1,-2.0,1751,44,238,,,,,11
BraTS-GLI-00425-000,interp,0.5,0.0,1,0.0,1720,27,269,,,,,11
BraTS-GLI-00425-000,interp,0.5,0.0,1,2.0,1672,15,317,,,,,11
BraTS-GLI-00425-000,interp,0.5,0.0,2,-6.0,25764,5202,12,,,,,11
BraTS-GLI-00425-000,interp,0.5,0.0,2,-4.02,25740,4271,36,,,,,11
BraTS-GLI-00425-000,interp,0.5,0.0,2,-2.0,25701,3413,75,,,,,11
BraTS-GLI-00425-000,interp,0.5,0.0,2,0.0,25624,2710,152,,,,,11
BraTS-GLI-00425-000,interp,0.5,0.0,2,2.0,25472,2056,304,,,,,11
BraTS-GLI-00425-000,interp,1.0,0.0,0,-6.0,1840,103,148,,,,,11
BraTS-GLI-00425-000,interp,1.0,0.0,0,-4.02,1817,78,171,0,0,0,0,11
BraTS-GLI-00425-000,interp,1.0,0.0,0,-2.0,1791,53,197,,,,,11
BraTS-GLI-00425-000,interp,1.0,0.0,0,0.0,1754,36,234,0,0,0,0,11
BraTS-GLI-00425-000,interp,1.0,0.0,0,2.0,1719,25,269,,,,,11
BraTS-GLI-00425-000,interp,1.0,0.0,1,-6.0,1852,115,137,,,,,11
BraTS-GLI-00425-000,interp,1.0,0.0,1,-4.02,1825,76,164,,,,,11
BraTS-GLI-00425-000,interp,1.0,0.0,1,-2.0,1788,54,201,,,,,11
BraTS-GLI-00425-000,interp,1.0,0.0,1,0.0,1758,36,231,,,,,11
BraTS-GLI-00425-000,interp,1.0,0.0,1,2.0,1719,20,270,,,,,11
BraTS-GLI-00425-000,interp,1.0,0.0,2,-6.0,25768,5657,8,,,,,11
BraTS-GLI-00425-000,interp,1.0,0.0,2,-4.02,25759,4666,17,,,,,11
BraTS-GLI-00425-000,interp,1.0,0.0,2,-2.0,25722,3764,54,,,,,11
BraTS-GLI-00425-000,interp,1.0,0.0,2,0.0,25661,3017,115,,,,,11
BraTS-GLI-00425-000,interp,1.0,0.0,2,2.0,25529,2359,247,,,,,11
BraTS-GLI-00425-000,global,0.5,0.0,0,-6.0,1887,195,101,,,,,11
BraTS-GLI-00425-000,global,0.5,0.0,0,-4.02,1872,155,116,0,0,0,0,11
BraTS-GLI-00425-000,global,0.5,0.0,0,-2.0,1853,120,135,,,,,11
BraTS-GLI-00425-000,global,0.5,0.0,0,0.0,1829,84,159,0,0,0,0,11
BraTS-GLI-00425-000,global,0.5,0.0,0,2.0,1790,53,198,,,,,11
BraTS-GLI-00425-000,global,0.5,0.0,1,-6.0,1907,227,82,,,,,11
BraTS-GLI-00425-000,global,0.5,0.0,1,-4.02,1879,158,110,,,,,11
BraTS-GLI-00425-000,global,0.5,0.0,1,-2.0,1852,118,137,,,,,11
BraTS-GLI-00425-000,global,0.5,0.0,1,0.0,1824,82,165,,,,,11
BraTS-GLI-00425-000,global,0.5,0.0,1,2.0,1788,55,201,,,,,11
BraTS-GLI-00425-000,global,0.5,0.0,2,-6.0,25775,6088,1,,,,,11
BraTS-GLI-00425-000,global,0.5,0.0,2,-4.02,25770,5002,6,,,,,11
BraTS-GLI-00425-000,global,0.5,0.0,2,-2.0,25757,4034,19,,,,,11
BraTS-GLI-00425-000,global,0.5,0.0,2,0.0,25708,3207,68,,,,,11
BraTS-GLI-00425-000,global,0.5,0.0,2,2.0,25616,2444,160,,,,,11
BraTS-GLI-00425-000,global,1.0,0.0,0,-6.0,1962,978,26,,,,,11
BraTS-GLI-00425-000,global,1.0,0.0,0,-4.02,1954,805,34,0,0,0,3,11
BraTS-GLI-00425-000,global,1.0,0.0,0,-2.0,1948,640,40,,,,,11
BraTS-GLI-00425-000,global,1.0,0.0,0,0.0,1940,492,48,0,0,0,3,11
BraTS-GLI-00425-000,global,1.0,0.0,0,2.0,1921,351,67,,,,,11
BraTS-GLI-00425-000,global,1.0,0.0,1,-6.0,1979,6682,10,,,,,11
BraTS-GLI-00425-000,global,1.0,0.0,1,-4.02,1974,5632,15,,,,,11
BraTS-GLI-00425-000,global,1.0,0.0,1,-2.0,1966,4508,23,,,,,11
BraTS-GLI-00425-000,global,1.0,0.0,1,0.0,1956,3298,33,,,,,11
BraTS-GLI-00425-000,global,1.0,0.0,1,2.0,1944,2213,45,,,,,11
BraTS-GLI-00425-000,global,1.0,0.0,2,-6.0,25776,9618,0,,,,,11
BraTS-GLI-00425-000,global,1.0,0.0,2,-4.02,25776,8311,0,,,,,11
BraTS-GLI-00425-000,global,1.0,0.0,2,-2.0,25774,7162,2,,,,,11
BraTS-GLI-00425-000,global,1.0,0.0,2,0.0,25768,6084,8,,,,,11
BraTS-GLI-00425-000,global,1.0,0.0,2,2.0,25740,5046,36,,,,,11
BraTS-GLI-00425-000,dilate,0.0,0.0,0,-6.0,1904,1363,84,,,,,11
BraTS-GLI-00425-000,dilate,0.0,0.0,0,-4.02,1892,1295,96,0,0,0,0,11
BraTS-GLI-00425-000,dilate,0.0,0.0,0,-2.0,1882,1245,106,,,,,11
BraTS-GLI-00425-000,dilate,0.0,0.0,0,0.0,1877,1198,111,0,0,0,0,11
BraTS-GLI-00425-000,dilate,0.0,0.0,0,2.0,1862,1121,126,,,,,11
BraTS-GLI-00425-000,dilate,0.0,0.0,1,-6.0,1768,70,221,,,,,11
BraTS-GLI-00425-000,dilate,0.0,0.0,1,-4.02,1728,46,261,,,,,11
BraTS-GLI-00425-000,dilate,0.0,0.0,1,-2.0,1688,31,301,,,,,11
BraTS-GLI-00425-000,dilate,0.0,0.0,1,0.0,1646,19,343,,,,,11
BraTS-GLI-00425-000,dilate,0.0,0.0,1,2.0,1579,8,410,,,,,11
BraTS-GLI-00425-000,dilate,0.0,0.0,2,-6.0,25743,4666,33,,,,,11
BraTS-GLI-00425-000,dilate,0.0,0.0,2,-4.02,25709,3785,67,,,,,11
BraTS-GLI-00425-000,dilate,0.0,0.0,2,-2.0,25651,3025,125,,,,,11
BraTS-GLI-00425-000,dilate,0.0,0.0,2,0.0,25539,2347,237,,,,,11
BraTS-GLI-00425-000,dilate,0.0,0.0,2,2.0,25334,1766,442,,,,,11
BraTS-GLI-00425-000,boost,2.0,0.0,0,-6.0,1782,95,206,,,,,11
BraTS-GLI-00425-000,boost,2.0,0.0,0,-4.02,1748,62,240,0,0,0,0,11
BraTS-GLI-00425-000,boost,2.0,0.0,0,-2.0,1706,47,282,,,,,11
BraTS-GLI-00425-000,boost,2.0,0.0,0,0.0,1674,29,314,0,0,0,0,11
BraTS-GLI-00425-000,boost,2.0,0.0,0,2.0,1639,22,349,,,,,11
BraTS-GLI-00425-000,boost,2.0,0.0,1,-6.0,1768,70,221,,,,,11
BraTS-GLI-00425-000,boost,2.0,0.0,1,-4.02,1728,46,261,,,,,11
BraTS-GLI-00425-000,boost,2.0,0.0,1,-2.0,1688,31,301,,,,,11
BraTS-GLI-00425-000,boost,2.0,0.0,1,0.0,1646,19,343,,,,,11
BraTS-GLI-00425-000,boost,2.0,0.0,1,2.0,1579,8,410,,,,,11
BraTS-GLI-00425-000,boost,2.0,0.0,2,-6.0,25743,4666,33,,,,,11
BraTS-GLI-00425-000,boost,2.0,0.0,2,-4.02,25709,3785,67,,,,,11
BraTS-GLI-00425-000,boost,2.0,0.0,2,-2.0,25651,3025,125,,,,,11
BraTS-GLI-00425-000,boost,2.0,0.0,2,0.0,25539,2347,237,,,,,11
BraTS-GLI-00425-000,boost,2.0,0.0,2,2.0,25334,1766,442,,,,,11
BraTS-GLI-00425-000,boost,4.0,0.0,0,-6.0,1807,131,181,,,,,11
BraTS-GLI-00425-000,boost,4.0,0.0,0,-4.02,1774,96,214,0,0,0,0,11
BraTS-GLI-00425-000,boost,4.0,0.0,0,-2.0,1742,62,246,,,,,11
BraTS-GLI-00425-000,boost,4.0,0.0,0,0.0,1704,47,284,0,0,0,0,11
BraTS-GLI-00425-000,boost,4.0,0.0,0,2.0,1664,29,324,,,,,11
BraTS-GLI-00425-000,boost,4.0,0.0,1,-6.0,1768,70,221,,,,,11
BraTS-GLI-00425-000,boost,4.0,0.0,1,-4.02,1728,46,261,,,,,11
BraTS-GLI-00425-000,boost,4.0,0.0,1,-2.0,1688,31,301,,,,,11
BraTS-GLI-00425-000,boost,4.0,0.0,1,0.0,1646,19,343,,,,,11
BraTS-GLI-00425-000,boost,4.0,0.0,1,2.0,1579,8,410,,,,,11
BraTS-GLI-00425-000,boost,4.0,0.0,2,-6.0,25743,4666,33,,,,,11
BraTS-GLI-00425-000,boost,4.0,0.0,2,-4.02,25709,3785,67,,,,,11
BraTS-GLI-00425-000,boost,4.0,0.0,2,-2.0,25651,3025,125,,,,,11
BraTS-GLI-00425-000,boost,4.0,0.0,2,0.0,25539,2347,237,,,,,11
BraTS-GLI-00425-000,boost,4.0,0.0,2,2.0,25334,1766,442,,,,,11
BraTS-GLI-00574-000,none,0.0,0.0,0,-6.0,15733,438,391,,,,,142
BraTS-GLI-00574-000,none,0.0,0.0,0,-4.02,15607,294,517,0,0,0,0,142
BraTS-GLI-00574-000,none,0.0,0.0,0,-2.0,15435,196,689,,,,,142
BraTS-GLI-00574-000,none,0.0,0.0,0,0.0,15273,119,851,0,0,0,0,142
BraTS-GLI-00574-000,none,0.0,0.0,0,2.0,15044,72,1080,,,,,142
BraTS-GLI-00574-000,none,0.0,0.0,1,-6.0,19026,383,388,,,,,142
BraTS-GLI-00574-000,none,0.0,0.0,1,-4.02,18934,276,480,,,,,142
BraTS-GLI-00574-000,none,0.0,0.0,1,-2.0,18814,190,600,,,,,142
BraTS-GLI-00574-000,none,0.0,0.0,1,0.0,18694,114,720,,,,,142
BraTS-GLI-00574-000,none,0.0,0.0,1,2.0,18544,65,870,,,,,142
BraTS-GLI-00574-000,none,0.0,0.0,2,-6.0,98758,11928,238,,,,,142
BraTS-GLI-00574-000,none,0.0,0.0,2,-4.02,98599,9929,397,,,,,142
BraTS-GLI-00574-000,none,0.0,0.0,2,-2.0,98317,8111,679,,,,,142
BraTS-GLI-00574-000,none,0.0,0.0,2,0.0,97945,6450,1051,,,,,142
BraTS-GLI-00574-000,none,0.0,0.0,2,2.0,97398,5023,1598,,,,,142
BraTS-GLI-00574-000,pspds,0.5,0.0,0,-6.0,15747,453,377,,,,,142
BraTS-GLI-00574-000,pspds,0.5,0.0,0,-4.02,15619,300,505,0,0,0,0,142
BraTS-GLI-00574-000,pspds,0.5,0.0,0,-2.0,15458,206,666,,,,,142
BraTS-GLI-00574-000,pspds,0.5,0.0,0,0.0,15294,128,830,0,0,0,0,142
BraTS-GLI-00574-000,pspds,0.5,0.0,0,2.0,15069,78,1055,,,,,142
BraTS-GLI-00574-000,pspds,0.5,0.0,1,-6.0,19036,401,378,,,,,142
BraTS-GLI-00574-000,pspds,0.5,0.0,1,-4.02,18949,284,465,,,,,142
BraTS-GLI-00574-000,pspds,0.5,0.0,1,-2.0,18836,200,578,,,,,142
BraTS-GLI-00574-000,pspds,0.5,0.0,1,0.0,18714,121,700,,,,,142
BraTS-GLI-00574-000,pspds,0.5,0.0,1,2.0,18582,74,832,,,,,142
BraTS-GLI-00574-000,pspds,0.5,0.0,2,-6.0,98762,11960,234,,,,,142
BraTS-GLI-00574-000,pspds,0.5,0.0,2,-4.02,98604,9983,392,,,,,142
BraTS-GLI-00574-000,pspds,0.5,0.0,2,-2.0,98321,8161,675,,,,,142
BraTS-GLI-00574-000,pspds,0.5,0.0,2,0.0,97955,6509,1041,,,,,142
BraTS-GLI-00574-000,pspds,0.5,0.0,2,2.0,97419,5077,1577,,,,,142
BraTS-GLI-00574-000,pspds,0.5,1.0,0,-6.0,15737,441,387,,,,,142
BraTS-GLI-00574-000,pspds,0.5,1.0,0,-4.02,15612,296,512,0,0,0,0,142
BraTS-GLI-00574-000,pspds,0.5,1.0,0,-2.0,15447,199,677,,,,,142
BraTS-GLI-00574-000,pspds,0.5,1.0,0,0.0,15279,122,845,0,0,0,0,142
BraTS-GLI-00574-000,pspds,0.5,1.0,0,2.0,15052,74,1072,,,,,142
BraTS-GLI-00574-000,pspds,0.5,1.0,1,-6.0,19031,391,383,,,,,142
BraTS-GLI-00574-000,pspds,0.5,1.0,1,-4.02,18940,280,474,,,,,142
BraTS-GLI-00574-000,pspds,0.5,1.0,1,-2.0,18827,194,587,,,,,142
BraTS-GLI-00574-000,pspds,0.5,1.0,1,0.0,18701,115,713,,,,,142
BraTS-GLI-00574-000,pspds,0.5,1.0,1,2.0,18559,69,855,,,,,142
BraTS-GLI-00574-000,pspds,0.5,1.0,2,-6.0,98760,11959,236,,,,,142
BraTS-GLI-00574-000,pspds,0.5,1.0,2,-4.02,98603,9946,393,,,,,142
BraTS-GLI-00574-000,pspds,0.5,1.0,2,-2.0,98322,8136,674,,,,,142
BraTS-GLI-00574-000,pspds,0.5,1.0,2,0.0,97953,6480,1043,,,,,142
BraTS-GLI-00574-000,pspds,0.5,1.0,2,2.0,97405,5050,1591,,,,,142
BraTS-GLI-00574-000,pspds,1.0,0.0,0,-6.0,15755,464,369,,,,,142
BraTS-GLI-00574-000,pspds,1.0,0.0,0,-4.02,15631,315,493,0,0,0,0,142
BraTS-GLI-00574-000,pspds,1.0,0.0,0,-2.0,15476,211,648,,,,,142
BraTS-GLI-00574-000,pspds,1.0,0.0,0,0.0,15309,134,815,0,0,0,0,142
BraTS-GLI-00574-000,pspds,1.0,0.0,0,2.0,15093,82,1031,,,,,142
BraTS-GLI-00574-000,pspds,1.0,0.0,1,-6.0,19045,421,369,,,,,142
BraTS-GLI-00574-000,pspds,1.0,0.0,1,-4.02,18964,298,450,,,,,142
BraTS-GLI-00574-000,pspds,1.0,0.0,1,-2.0,18857,208,557,,,,,142
BraTS-GLI-00574-000,pspds,1.0,0.0,1,0.0,18737,135,677,,,,,142
BraTS-GLI-00574-000,pspds,1.0,0.0,1,2.0,18608,81,806,,,,,142
BraTS-GLI-00574-000,pspds,1.0,0.0,2,-6.0,98764,12005,232,,,,,142
BraTS-GLI-00574-000,pspds,1.0,0.0,2,-4.02,98606,10013,390,,,,,142
BraTS-GLI-00574-000,pspds,1.0,0.0,2,-2.0,98333,8193,663,,,,,142
BraTS-GLI-00574-000,pspds,1.0,0.0,2,0.0,97965,6567,1031,,,,,142
BraTS-GLI-00574-000,pspds,1.0,0.0,2,2.0,97437,5130,1559,,,,,142
BraTS-GLI-00574-000,pspds,1.0,1.0,0,-6.0,15744,448,380,,,,,142
BraTS-GLI-00574-000,pspds,1.0,1.0,0,-4.02,15615,299,509,0,0,0,0,142
BraTS-GLI-00574-000,pspds,1.0,1.0,0,-2.0,15456,204,668,,,,,142
BraTS-GLI-00574-000,pspds,1.0,1.0,0,0.0,15290,124,834,0,0,0,0,142
BraTS-GLI-00574-000,pspds,1.0,1.0,0,2.0,15063,77,1061,,,,,142
BraTS-GLI-00574-000,pspds,1.0,1.0,1,-6.0,19032,400,382,,,,,142
BraTS-GLI-00574-000,pspds,1.0,1.0,1,-4.02,18949,282,465,,,,,142
BraTS-GLI-00574-000,pspds,1.0,1.0,1,-2.0,18833,196,581,,,,,142
BraTS-GLI-00574-000,pspds,1.0,1.0,1,0.0,18710,121,704,,,,,142
BraTS-GLI-00574-000,pspds,1.0,1.0,1,2.0,18574,70,840,,,,,142
BraTS-GLI-00574-000,pspds,1.0,1.0,2,-6.0,98761,11968,235,,,,,142
BraTS-GLI-00574-000,pspds,1.0,1.0,2,-4.02,98605,9976,391,,,,,142
BraTS-GLI-00574-000,pspds,1.0,1.0,2,-2.0,98323,8162,673,,,,,142
BraTS-GLI-00574-000,pspds,1.0,1.0,2,0.0,97954,6505,1042,,,,,142
BraTS-GLI-00574-000,pspds,1.0,1.0,2,2.0,97417,5072,1579,,,,,142
BraTS-GLI-00574-000,interp,0.5,0.0,0,-6.0,15808,576,316,,,,,142
BraTS-GLI-00574-000,interp,0.5,0.0,0,-4.02,15683,388,441,0,0,0,0,142
BraTS-GLI-00574-000,interp,0.5,0.0,0,-2.0,15556,257,568,,,,,142
BraTS-GLI-00574-000,interp,0.5,0.0,0,0.0,15392,167,732,0,0,0,0,142
BraTS-GLI-00574-000,interp,0.5,0.0,0,2.0,15180,110,944,,,,,142
BraTS-GLI-00574-000,interp,0.5,0.0,1,-6.0,19101,527,313,,,,,142
BraTS-GLI-00574-000,interp,0.5,0.0,1,-4.02,19020,385,394,,,,,142
BraTS-GLI-00574-000,interp,0.5,0.0,1,-2.0,18932,270,482,,,,,142
BraTS-GLI-00574-000,interp,0.5,0.0,1,0.0,18818,185,596,,,,,142
BraTS-GLI-00574-000,interp,0.5,0.0,1,2.0,18680,115,734,,,,,142
BraTS-GLI-00574-000,interp,0.5,0.0,2,-6.0,98800,12926,196,,,,,142
BraTS-GLI-00574-000,interp,0.5,0.0,2,-4.02,98678,10876,318,,,,,142
BraTS-GLI-00574-000,interp,0.5,0.0,2,-2.0,98431,8983,565,,,,,142
BraTS-GLI-00574-000,interp,0.5,0.0,2,0.0,98077,7206,919,,,,,142
BraTS-GLI-00574-000,interp,0.5,0.0,2,2.0,97581,5729,1415,,,,,142
BraTS-GLI-00574-000,interp,1.0,0.0,0,-6.0,15871,729,253,,,,,142
BraTS-GLI-00574-000,interp,1.0,0.0,0,-4.02,15764,515,360,0,0,0,0,142
BraTS-GLI-00574-000,interp,1.0,0.0,0,-2.0,15633,375,491,,,,,142
BraTS-GLI-00574-000,interp,1.0,0.0,0,0.0,15499,242,625,0,0,0,0,142
BraTS-GLI-00574-000,interp,1.0,0.0,0,2.0,15300,162,824,,,,,142
BraTS-GLI-00574-000,interp,1.0,0.0,1,-6.0,19180,861,234,,,,,142
BraTS-GLI-00574-000,interp,1.0,0.0,1,-4.02,19116,630,298,,,,,142
BraTS-GLI-00574-000,interp,1.0,0.0,1,-2.0,19048,459,366,,,,,142
BraTS-GLI-00574-000,interp,1.0,0.0,1,0.0,18954,327,460,,,,,142
BraTS-GLI-00574-000,interp,1.0,0.0,1,2.0,18835,223,579,,,,,142
BraTS-GLI-00574-000,interp,1.0,0.0,2,-6.0,98831,14295,165,,,,,142
BraTS-GLI-00574-000,interp,1.0,0.0,2,-4.02,98726,12174,270,,,,,142
BraTS-GLI-00574-000,interp,1.0,0.0,2,-2.0,98510,10130,486,,,,,142
BraTS-GLI-00574-000,interp,1.0,0.0,2,0.0,98188,8299,808,,,,,142
BraTS-GLI-00574-000,interp,1.0,0.0,2,2.0,97718,6657,1278,,,,,142
BraTS-GLI-00574-000,global,0.5,0.0,0,-6.0,15858,710,266,,,,,142
BraTS-GLI-00574-000,global,0.5,0.0,0,-4.02,15748,508,376,0,0,0,0,142
BraTS-GLI-00574-000,global,0.5,0.0,0,-2.0,15610,360,514,,,,,142
BraTS-GLI-00574-000,global,0.5,0.0,0,0.0,15469,228,655,0,0,0,0,142
BraTS-GLI-00574-000,global,0.5,0.0,0,2.0,15265,146,859,,,,,142
BraTS-GLI-00574-000,global,0.5,0.0,1,-6.0,19182,837,232,,,,,142
BraTS-GLI-00574-000,global,0.5,0.0,1,-4.02,19121,612,293,,,,,142
BraTS-GLI-00574-000,global,0.5,0.0,1,-2.0,19050,462,364,,,,,142
BraTS-GLI-00574-000,global,0.5,0.0,1,0.0,18964,319,450,,,,,142
BraTS-GLI-00574-000,global,0.5,0.0,1,2.0,18839,212,575,,,,,142
BraTS-GLI-00574-000,global,0.5,0.0,2,-6.0,98836,14372,160,,,,,142
BraTS-GLI-00574-000,global,0.5,0.0,2,-4.02,98733,12176,263,,,,,142
BraTS-GLI-00574-000,global,0.5,0.0,2,-2.0,98530,10110,466,,,,,142
BraTS-GLI-00574-000,global,0.5,0.0,2,0.0,98209,8258,787,,,,,142
BraTS-GLI-00574-000,global,0.5,0.0,2,2.0,97723,6573,1273,,,,,142
BraTS-GLI-00574-000,global,1.0,0.0,0,-6.0,15935,1075,189,,,,,142
BraTS-GLI-00574-000,global,1.0,0.0,0,-4.02,15824,792,300,0,0,0,2,142
BraTS-GLI-00574-000,global,1.0,0.0,0,-2.0,15662,573,462,,,,,142
BraTS-GLI-00574-000,global,1.0,0.0,0,0.0,15502,386,622,0,0,0,0,142
BraTS-GLI-00574-000,global,1.0,0.0,0,2.0,15298,266,826,,,,,142
BraTS-GLI-00574-000,global,1.0,0.0,1,-6.0,19352,21706,62,,,,,142
BraTS-GLI-00574-000,global,1.0,0.0,1,-4.02,19320,19674,94,,,,,142
BraTS-GLI-00574-000,global,1.0,0.0,1,-2.0,19267,17529,147,,,,,142
BraTS-GLI-00574-000,global,1.0,0.0,1,0.0,19203,15518,211,,,,,142
BraTS-GLI-00574-000,global,1.0,0.0,1,2.0,19142,13513,272,,,,,142
BraTS-GLI-00574-000,global,1.0,0.0,2,-6.0,98877,23946,119,,,,,142
BraTS-GLI-00574-000,global,1.0,0.0,2,-4.02,98792,21443,204,,,,,142
BraTS-GLI-00574-000,global,1.0,0.0,2,-2.0,98630,19072,366,,,,,142
BraTS-GLI-00574-000,global,1.0,0.0,2,0.0,98366,16822,630,,,,,142
BraTS-GLI-00574-000,global,1.0,0.0,2,2.0,97976,14695,1020,,,,,142
BraTS-GLI-00574-000,dilate,0.0,0.0,0,-6.0,16113,8569,11,,,,,142
BraTS-GLI-00574-000,dilate,0.0,0.0,0,-4.02,16111,8327,13,0,0,0,0,142
BraTS-GLI-00574-000,dilate,0.0,0.0,0,-2.0,16108,8095,16,,,,,142
BraTS-GLI-00574-000,dilate,0.0,0.0,0,0.0,16101,7879,23,0,0,0,0,142
BraTS-GLI-00574-000,dilate,0.0,0.0,0,2.0,16095,7632,29,,,,,142
BraTS-GLI-00574-000,dilate,0.0,0.0,1,-6.0,19026,383,388,,,,,142
BraTS-GLI-00574-000,dilate,0.0,0.0,1,-4.02,18934,276,480,,,,,142
BraTS-GLI-00574-000,dilate,0.0,0.0,1,-2.0,18814,190,600,,,,,142
BraTS-GLI-00574-000,dilate,0.0,0.0,1,0.0,18694,114,720,,,,,142
BraTS-GLI-00574-000,dilate,0.0,0.0,1,2.0,18544,65,870,,,,,142
BraTS-GLI-00574-000,dilate,0.0,0.0,2,-6.0,98758,11928,238,,,,,142
BraTS-GLI-00574-000,dilate,0.0,0.0,2,-4.02,98599,9929,397,,,,,142
BraTS-GLI-00574-000,dilate,0.0,0.0,2,-2.0,98317,8111,679,,,,,142
BraTS-GLI-00574-000,dilate,0.0,0.0,2,0.0,97945,6450,1051,,,,,142
BraTS-GLI-00574-000,dilate,0.0,0.0,2,2.0,97398,5023,1598,,,,,142
BraTS-GLI-00574-000,boost,2.0,0.0,0,-6.0,15840,639,284,,,,,142
BraTS-GLI-00574-000,boost,2.0,0.0,0,-4.02,15732,437,392,0,0,0,0,142
BraTS-GLI-00574-000,boost,2.0,0.0,0,-2.0,15603,290,521,,,,,142
BraTS-GLI-00574-000,boost,2.0,0.0,0,0.0,15431,195,693,0,0,0,0,142
BraTS-GLI-00574-000,boost,2.0,0.0,0,2.0,15267,117,857,,,,,142
BraTS-GLI-00574-000,boost,2.0,0.0,1,-6.0,19026,383,388,,,,,142
BraTS-GLI-00574-000,boost,2.0,0.0,1,-4.02,18934,276,480,,,,,142
BraTS-GLI-00574-000,boost,2.0,0.0,1,-2.0,18814,190,600,,,,,142
BraTS-GLI-00574-000,boost,2.0,0.0,1,0.0,18694,114,720,,,,,142
BraTS-GLI-00574-000,boost,2.0,0.0,1,2.0,18544,65,870,,,,,142
BraTS-GLI-00574-000,boost,2.0,0.0,2,-6.0,98758,11928,238,,,,,142
BraTS-GLI-00574-000,boost,2.0,0.0,2,-4.02,98599,9929,397,,,,,142
BraTS-GLI-00574-000,boost,2.0,0.0,2,-2.0,98317,8111,679,,,,,142
BraTS-GLI-00574-000,boost,2.0,0.0,2,0.0,97945,6450,1051,,,,,142
BraTS-GLI-00574-000,boost,2.0,0.0,2,2.0,97398,5023,1598,,,,,142
BraTS-GLI-00574-000,boost,4.0,0.0,0,-6.0,15933,885,191,,,,,142
BraTS-GLI-00574-000,boost,4.0,0.0,0,-4.02,15838,638,286,0,0,0,0,142
BraTS-GLI-00574-000,boost,4.0,0.0,0,-2.0,15728,433,396,,,,,142
BraTS-GLI-00574-000,boost,4.0,0.0,0,0.0,15599,289,525,0,0,0,0,142
BraTS-GLI-00574-000,boost,4.0,0.0,0,2.0,15425,193,699,,,,,142
BraTS-GLI-00574-000,boost,4.0,0.0,1,-6.0,19026,383,388,,,,,142
BraTS-GLI-00574-000,boost,4.0,0.0,1,-4.02,18934,276,480,,,,,142
BraTS-GLI-00574-000,boost,4.0,0.0,1,-2.0,18814,190,600,,,,,142
BraTS-GLI-00574-000,boost,4.0,0.0,1,0.0,18694,114,720,,,,,142
BraTS-GLI-00574-000,boost,4.0,0.0,1,2.0,18544,65,870,,,,,142
BraTS-GLI-00574-000,boost,4.0,0.0,2,-6.0,98758,11928,238,,,,,142
BraTS-GLI-00574-000,boost,4.0,0.0,2,-4.02,98599,9929,397,,,,,142
BraTS-GLI-00574-000,boost,4.0,0.0,2,-2.0,98317,8111,679,,,,,142
BraTS-GLI-00574-000,boost,4.0,0.0,2,0.0,97945,6450,1051,,,,,142
BraTS-GLI-00574-000,boost,4.0,0.0,2,2.0,97398,5023,1598,,,,,142
BraTS-GLI-01342-000,none,0.0,0.0,0,-6.0,41691,5095,189,,,,,368
BraTS-GLI-01342-000,none,0.0,0.0,0,-4.02,41604,4299,276,0,0,0,1,368
BraTS-GLI-01342-000,none,0.0,0.0,0,-2.0,41490,3539,390,,,,,368
BraTS-GLI-01342-000,none,0.0,0.0,0,0.0,41316,2878,564,0,0,0,2,368
BraTS-GLI-01342-000,none,0.0,0.0,0,2.0,41130,2208,750,,,,,368
BraTS-GLI-01342-000,none,0.0,0.0,1,-6.0,49001,5327,146,,,,,368
BraTS-GLI-01342-000,none,0.0,0.0,1,-4.02,48929,4662,218,,,,,368
BraTS-GLI-01342-000,none,0.0,0.0,1,-2.0,48816,4068,331,,,,,368
BraTS-GLI-01342-000,none,0.0,0.0,1,0.0,48662,3486,485,,,,,368
BraTS-GLI-01342-000,none,0.0,0.0,1,2.0,48460,2900,687,,,,,368
BraTS-GLI-01342-000,none,0.0,0.0,2,-6.0,66402,29772,1369,,,,,368
BraTS-GLI-01342-000,none,0.0,0.0,2,-4.02,66038,27149,1733,,,,,368
BraTS-GLI-01342-000,none,0.0,0.0,2,-2.0,65558,24853,2213,,,,,368
BraTS-GLI-01342-000,none,0.0,0.0,2,0.0,65027,22853,2744,,,,,368
BraTS-GLI-01342-000,none,0.0,0.0,2,2.0,64336,21001,3435,,,,,368
BraTS-GLI-01342-000,pspds,0.5,0.0,0,-6.0,41718,5444,162,,,,,368
BraTS-GLI-01342-000,pspds,0.5,0.0,0,-4.02,41653,4639,227,0,0,0,1,368
BraTS-GLI-01342-000,pspds,0.5,0.0,0,-2.0,41541,3838,339,,,,,368
BraTS-GLI-01342-000,pspds,0.5,0.0,0,0.0,41380,3187,500,0,0,0,2,368
BraTS-GLI-01342-000,pspds,0.5,0.0,0,2.0,41214,2507,666,,,,,368
BraTS-GLI-01342-000,pspds,0.5,0.0,1,-6.0,49021,5800,126,,,,,368
BraTS-GLI-01342-000,pspds,0.5,0.0,1,-4.02,48964,5101,183,,,,,368
BraTS-GLI-01342-000,pspds,0.5,0.0,1,-2.0,48873,4429,274,,,,,368
BraTS-GLI-01342-000,pspds,0.5,0.0,1,0.0,48732,3874,415,,,,,368
BraTS-GLI-01342-000,pspds,0.5,0.0,1,2.0,48549,3280,598,,,,,368
BraTS-GLI-01342-000,pspds,0.5,0.0,2,-6.0,66551,30272,1220,,,,,368
BraTS-GLI-01342-000,pspds,0.5,0.0,2,-4.02,66215,27693,1556,,,,,368
BraTS-GLI-01342-000,pspds,0.5,0.0,2,-2.0,65808,25335,1963,,,,,368
BraTS-GLI-01342-000,pspds,0.5,0.0,2,0.0,65273,23277,2498,,,,,368
BraTS-GLI-01342-000,pspds,0.5,0.0,2,2.0,64688,21430,3083,,,,,368
BraTS-GLI-01342-000,pspds,0.5,1.0,0,-6.0,41702,5258,178,,,,,368
BraTS-GLI-01342-000,pspds,0.5,1.0,0,-4.02,41629,4453,251,0,0,0,1,368
BraTS-GLI-01342-000,pspds,0.5,1.0,0,-2.0,41514,3670,366,,,,,368
BraTS-GLI-01342-000,pspds,0.5,1.0,0,0.0,41344,3009,536,0,0,0,3,368
BraTS-GLI-01342-000,pspds,0.5,1.0,0,2.0,41170,2355,710,,,,,368
BraTS-GLI-01342-000,pspds,0.5,1.0,1,-6.0,49009,5548,138,,,,,368
BraTS-GLI-01342-000,pspds,0.5,1.0,1,-4.02,48944,4847,203,,,,,368
BraTS-GLI-01342-000,pspds,0.5,1.0,1,-2.0,48848,4244,299,,,,,368
BraTS-GLI-01342-000,pspds,0.5,1.0,1,0.0,48700,3655,447,,,,,368
BraTS-GLI-01342-000,pspds,0.5,1.0,1,2.0,48505,3063,642,,,,,368
BraTS-GLI-01342-000,pspds,0.5,1.0,2,-6.0,66468,30014,1303,,,,,368
BraTS-GLI-01342-000,pspds,0.5,1.0,2,-4.02,66120,27393,1651,,,,,368
BraTS-GLI-01342-000,pspds,0.5,1.0,2,-2.0,65689,25061,2082,,,,,368
BraTS-GLI-01342-000,pspds,0.5,1.0,2,0.0,65139,23049,2632,,,,,368
BraTS-GLI-01342-000,pspds,0.5,1.0,2,2.0,64505,21192,3266,,,,,368
BraTS-GLI-01342-000,pspds,1.0,0.0,0,-6.0,41744,5769,136,,,,,368
BraTS-GLI-01342-000,pspds,1.0,0.0,0,-4.02,41678,4941,202,0,0,0,1,368
BraTS-GLI-01342-000,pspds,1.0,0.0,0,-2.0,41576,4147,304,,,,,368
BraTS-GLI-01342-000,pspds,1.0,0.0,0,0.0,41448,3439,432,0,0,0,2,368
BraTS-GLI-01342-000,pspds,1.0,0.0,0,2.0,41262,2794,618,,,,,368
BraTS-GLI-01342-000,pspds,1.0,0.0,1,-6.0,49044,6219,103,,,,,368
BraTS-GLI-01342-000,pspds,1.0,0.0,1,-4.02,48988,5521,159,,,,,368
BraTS-GLI-01342-000,pspds,1.0,0.0,1,-2.0,48913,4838,234,,,,,368
BraTS-GLI-01342-000,pspds,1.0,0.0,1,0.0,48793,4253,354,,,,,368
BraTS-GLI-01342-000,pspds,1.0,0.0,1,2.0,48624,3633,523,,,,,368
BraTS-GLI-01342-000,pspds,1.0,0.0,2,-6.0,66679,30758,1092,,,,,368
BraTS-GLI-01342-000,pspds,1.0,0.0,2,-4.02,66363,28179,1408,,,,,368
BraTS-GLI-01342-000,pspds,1.0,0.0,2,-2.0,65999,25817,1772,,,,,368
BraTS-GLI-01342-000,pspds,1.0,0.0,2,0.0,65517,23675,2254,,,,,368
BraTS-GLI-01342-000,pspds,1.0,0.0,2,2.0,64947,21797,2824,,,,,368
BraTS-GLI-01342-000,pspds,1.0,1.0,0,-6.0,41713,5409,167,,,,,368
BraTS-GLI-01342-000,pspds,1.0,1.0,0,-4.02,41649,4600,231,0,0,0,1,368
BraTS-GLI-01342-000,pspds,1.0,1.0,0,-2.0,41533,3794,347,,,,,368
BraTS-GLI-01342-000,pspds,1.0,1.0,0,0.0,41378,3149,502,0,0,0,2,368
BraTS-GLI-01342-000,pspds,1.0,1.0,0,2.0,41204,2479,676,,,,,368
BraTS-GLI-01342-000,pspds,1.0,1.0,1,-6.0,49017,5755,130,,,,,368
BraTS-GLI-01342-000,pspds,1.0,1.0,1,-4.02,48960,5048,187,,,,,368
BraTS-GLI-01342-000,pspds,1.0,1.0,1,-2.0,48871,4390,276,,,,,368
BraTS-GLI-01342-000,pspds,1.0,1.0,1,0.0,48724,3820,423,,,,,368
BraTS-GLI-01342-000,pspds,1.0,1.0,1,2.0,48541,3243,606,,,,,368
BraTS-GLI-01342-000,pspds,1.0,1.0,2,-6.0,66529,30230,1242,,,,,368
BraTS-GLI-01342-000,pspds,1.0,1.0,2,-4.02,66199,27649,1572,,,,,368
BraTS-GLI-01342-000,pspds,1.0,1.0,2,-2.0,65792,25285,1979,,,,,368
BraTS-GLI-01342-000,pspds,1.0,1.0,2,0.0,65252,23253,2519,,,,,368
BraTS-GLI-01342-000,pspds,1.0,1.0,2,2.0,64645,21392,3126,,,,,368
BraTS-GLI-01342-000,interp,0.5,0.0,0,-6.0,41782,7327,98,,,,,368
BraTS-GLI-01342-000,interp,0.5,0.0,0,-4.02,41744,6413,136,0,0,0,0,368
BraTS-GLI-01342-000,interp,0.5,0.0,0,-2.0,41670,5568,210,,,,,368
BraTS-GLI-01342-000,interp,0.5,0.0,0,0.0,41587,4721,293,0,0,0,0,368
BraTS-GLI-01342-000,interp,0.5,0.0,0,2.0,41438,3944,442,,,,,368
BraTS-GLI-01342-000,interp,0.5,0.0,1,-6.0,49087,8904,60,,,,,368
BraTS-GLI-01342-000,interp,0.5,0.0,1,-4.02,49056,8102,91,,,,,368
BraTS-GLI-01342-000,interp,0.5,0.0,1,-2.0,49003,7314,144,,,,,368
BraTS-GLI-01342-000,interp,0.5,0.0,1,0.0,48924,6485,223,,,,,368
BraTS-GLI-01342-000,interp,0.5,0.0,1,2.0,48782,5720,365,,,,,368
BraTS-GLI-01342-000,interp,0.5,0.0,2,-6.0,67181,36016,590,,,,,368
BraTS-GLI-01342-000,interp,0.5,0.0,2,-4.02,66997,32914,774,,,,,368
BraTS-GLI-01342-000,interp,0.5,0.0,2,-2.0,66779,30047,992,,,,,368
BraTS-GLI-01342-000,interp,0.5,0.0,2,0.0,66474,27495,1297,,,,,368
BraTS-GLI-01342-000,interp,0.5,0.0,2,2.0,66063,25085,1708,,,,,368
BraTS-GLI-01342-000,interp,1.0,0.0,0,-6.0,41807,10315,73,,,,,368
BraTS-GLI-01342-000,interp,1.0,0.0,0,-4.02,41791,9229,89,0,0,0,1,368
BraTS-GLI-01342-000,interp,1.0,0.0,0,-2.0,41763,8209,117,,,,,368
BraTS-GLI-01342-000,interp,1.0,0.0,0,0.0,41715,7226,165,0,0,0,1,368
BraTS-GLI-01342-000,interp,1.0,0.0,0,2.0,41619,6318,261,,,,,368
BraTS-GLI-01342-000,interp,1.0,0.0,1,-6.0,49113,15430,34,,,,,368
BraTS-GLI-01342-000,interp,1.0,0.0,1,-4.02,49101,14218,46,,,,,368
BraTS-GLI-01342-000,interp,1.0,0.0,1,-2.0,49087,12963,60,,,,,368
BraTS-GLI-01342-000,interp,1.0,0.0,1,0.0,49043,11795,104,,,,,368
BraTS-GLI-01342-000,interp,1.0,0.0,1,2.0,48944,10603,203,,,,,368
BraTS-GLI-01342-000,interp,1.0,0.0,2,-6.0,67549,47278,222,,,,,368
BraTS-GLI-01342-000,interp,1.0,0.0,2,-4.02,67461,43212,310,,,,,368
BraTS-GLI-01342-000,interp,1.0,0.0,2,-2.0,67343,39507,428,,,,,368
BraTS-GLI-01342-000,interp,1.0,0.0,2,0.0,67185,36011,586,,,,,368
BraTS-GLI-01342-000,interp,1.0,0.0,2,2.0,66972,32831,799,,,,,368
BraTS-GLI-01342-000,global,0.5,0.0,0,-6.0,41828,11668,52,,,,,368
BraTS-GLI-01342-000,global,0.5,0.0,0,-4.02,41802,10518,78,0,0,0,3,368
BraTS-GLI-01342-000,global,0.5,0.0,0,-2.0,41788,9359,92,,,,,368
BraTS-GLI-01342-000,global,0.5,0.0,0,0.0,41749,8280,131,0,0,0,1,368
BraTS-GLI-01342-000,global,0.5,0.0,0,2.0,41670,7275,210,,,,,368
BraTS-GLI-01342-000,global,0.5,0.0,1,-6.0,49135,18822,12,,,,,368
BraTS-GLI-01342-000,global,0.5,0.0,1,-4.02,49125,17522,22,,,,,368
BraTS-GLI-01342-000,global,0.5,0.0,1,-2.0,49115,16047,32,,,,,368
BraTS-GLI-01342-000,global,0.5,0.0,1,0.0,49093,14654,54,,,,,368
BraTS-GLI-01342-000,global,0.5,0.0,1,2.0,49055,13196,92,,,,,368
BraTS-GLI-01342-000,global,0.5,0.0,2,-6.0,67627,52582,144,,,,,368
BraTS-GLI-01342-000,global,0.5,0.0,2,-4.02,67579,48199,192,,,,,368
BraTS-GLI-01342-000,global,0.5,0.0,2,-2.0,67501,44041,270,,,,,368
BraTS-GLI-01342-000,global,0.5,0.0,2,0.0,67370,40194,401,,,,,368
BraTS-GLI-01342-000,global,0.5,0.0,2,2.0,67193,36486,578,,,,,368
BraTS-GLI-01342-000,global,1.0,0.0,0,-6.0,41848,25315,32,,,,,368
BraTS-GLI-01342-000,global,1.0,0.0,0,-4.02,41828,21550,52,0,0,0,39,368
BraTS-GLI-01342-000,global,1.0,0.0,0,-2.0,41809,18649,71,,,,,368
BraTS-GLI-01342-000,global,1.0,0.0,0,0.0,41766,16201,114,0,0,0,19,368
BraTS-GLI-01342-000,global,1.0,0.0,0,2.0,41713,13975,167,,,,,368
BraTS-GLI-01342-000,global,1.0,0.0,1,-6.0,49147,93298,0,,,,,368
BraTS-GLI-01342-000,global,1.0,0.0,1,-4.02,49146,85655,1,,,,,368
BraTS-GLI-01342-000,global,1.0,0.0,1,-2.0,49146,77099,1,,,,,368
BraTS-GLI-01342-000,global,1.0,0.0,1,0.0,49145,67808,2,,,,,368
BraTS-GLI-01342-000,global,1.0,0.0,1,2.0,49136,57390,11,,,,,368
BraTS-GLI-01342-000,global,1.0,0.0,2,-6.0,67765,130779,6,,,,,368
BraTS-GLI-01342-000,global,1.0,0.0,2,-4.02,67762,123118,9,,,,,368
BraTS-GLI-01342-000,global,1.0,0.0,2,-2.0,67758,115564,13,,,,,368
BraTS-GLI-01342-000,global,1.0,0.0,2,0.0,67753,108013,18,,,,,368
BraTS-GLI-01342-000,global,1.0,0.0,2,2.0,67743,99818,28,,,,,368
BraTS-GLI-01342-000,dilate,0.0,0.0,0,-6.0,41873,23628,7,,,,,368
BraTS-GLI-01342-000,dilate,0.0,0.0,0,-4.02,41871,22853,9,0,0,0,0,368
BraTS-GLI-01342-000,dilate,0.0,0.0,0,-2.0,41862,22022,18,,,,,368
BraTS-GLI-01342-000,dilate,0.0,0.0,0,0.0,41853,21243,27,0,0,0,0,368
BraTS-GLI-01342-000,dilate,0.0,0.0,0,2.0,41840,20368,40,,,,,368
BraTS-GLI-01342-000,dilate,0.0,0.0,1,-6.0,49001,5327,146,,,,,368
BraTS-GLI-01342-000,dilate,0.0,0.0,1,-4.02,48929,4662,218,,,,,368
BraTS-GLI-01342-000,dilate,0.0,0.0,1,-2.0,48816,4068,331,,,,,368
BraTS-GLI-01342-000,dilate,0.0,0.0,1,0.0,48662,3486,485,,,,,368
BraTS-GLI-01342-000,dilate,0.0,0.0,1,2.0,48460,2900,687,,,,,368
BraTS-GLI-01342-000,dilate,0.0,0.0,2,-6.0,66402,29772,1369,,,,,368
BraTS-GLI-01342-000,dilate,0.0,0.0,2,-4.02,66038,27149,1733,,,,,368
BraTS-GLI-01342-000,dilate,0.0,0.0,2,-2.0,65558,24853,2213,,,,,368
BraTS-GLI-01342-000,dilate,0.0,0.0,2,0.0,65027,22853,2744,,,,,368
BraTS-GLI-01342-000,dilate,0.0,0.0,2,2.0,64336,21001,3435,,,,,368
BraTS-GLI-01342-000,boost,2.0,0.0,0,-6.0,41749,5914,131,,,,,368
BraTS-GLI-01342-000,boost,2.0,0.0,0,-4.02,41689,5066,191,0,0,0,1,368
BraTS-GLI-01342-000,boost,2.0,0.0,0,-2.0,41597,4257,283,,,,,368
BraTS-GLI-01342-000,boost,2.0,0.0,0,0.0,41483,3506,397,0,0,0,3,368
BraTS-GLI-01342-000,boost,2.0,0.0,0,2.0,41309,2841,571,,,,,368
BraTS-GLI-01342-000,boost,2.0,0.0,1,-6.0,49001,5327,146,,,,,368
BraTS-GLI-01342-000,boost,2.0,0.0,1,-4.02,48929,4662,218,,,,,368
BraTS-GLI-01342-000,boost,2.0,0.0,1,-2.0,48816,4068,331,,,,,368
BraTS-GLI-01342-000,boost,2.0,0.0,1,0.0,48662,3486,485,,,,,368
BraTS-GLI-01342-000,boost,2.0,0.0,1,2.0,48460,2900,687,,,,,368
BraTS-GLI-01342-000,boost,2.0,0.0,2,-6.0,66402,29772,1369,,,,,368
BraTS-GLI-01342-000,boost,2.0,0.0,2,-4.02,66038,27149,1733,,,,,368
BraTS-GLI-01342-000,boost,2.0,0.0,2,-2.0,65558,24853,2213,,,,,368
BraTS-GLI-01342-000,boost,2.0,0.0,2,0.0,65027,22853,2744,,,,,368
BraTS-GLI-01342-000,boost,2.0,0.0,2,2.0,64336,21001,3435,,,,,368
BraTS-GLI-01342-000,boost,4.0,0.0,0,-6.0,41789,6762,91,,,,,368
BraTS-GLI-01342-000,boost,4.0,0.0,0,-4.02,41747,5879,133,0,0,0,1,368
BraTS-GLI-01342-000,boost,4.0,0.0,0,-2.0,41683,5027,197,,,,,368
BraTS-GLI-01342-000,boost,4.0,0.0,0,0.0,41590,4224,290,0,0,0,1,368
BraTS-GLI-01342-000,boost,4.0,0.0,0,2.0,41476,3469,404,,,,,368
BraTS-GLI-01342-000,boost,4.0,0.0,1,-6.0,49001,5327,146,,,,,368
BraTS-GLI-01342-000,boost,4.0,0.0,1,-4.02,48929,4662,218,,,,,368
BraTS-GLI-01342-000,boost,4.0,0.0,1,-2.0,48816,4068,331,,,,,368
BraTS-GLI-01342-000,boost,4.0,0.0,1,0.0,48662,3486,485,,,,,368
BraTS-GLI-01342-000,boost,4.0,0.0,1,2.0,48460,2900,687,,,,,368
BraTS-GLI-01342-000,boost,4.0,0.0,2,-6.0,66402,29772,1369,,,,,368
BraTS-GLI-01342-000,boost,4.0,0.0,2,-4.02,66038,27149,1733,,,,,368
BraTS-GLI-01342-000,boost,4.0,0.0,2,-2.0,65558,24853,2213,,,,,368
BraTS-GLI-01342-000,boost,4.0,0.0,2,0.0,65027,22853,2744,,,,,368
BraTS-GLI-01342-000,boost,4.0,0.0,2,2.0,64336,21001,3435,,,,,368
BraTS-GLI-01428-000,none,0.0,0.0,0,-6.0,2328,34,17349,,,,,0
BraTS-GLI-01428-000,none,0.0,0.0,0,-4.02,2172,25,17505,0,32,0,0,0
BraTS-GLI-01428-000,none,0.0,0.0,0,-2.0,2054,17,17623,,,,,0
BraTS-GLI-01428-000,none,0.0,0.0,0,0.0,1931,15,17746,0,32,0,0,0
BraTS-GLI-01428-000,none,0.0,0.0,0,2.0,1839,15,17838,,,,,0
BraTS-GLI-01428-000,none,0.0,0.0,1,-6.0,11698,1340,53818,,,,,0
BraTS-GLI-01428-000,none,0.0,0.0,1,-4.02,10781,1165,54735,,,,,0
BraTS-GLI-01428-000,none,0.0,0.0,1,-2.0,9897,1029,55619,,,,,0
BraTS-GLI-01428-000,none,0.0,0.0,1,0.0,9085,899,56431,,,,,0
BraTS-GLI-01428-000,none,0.0,0.0,1,2.0,8255,755,57261,,,,,0
BraTS-GLI-01428-000,none,0.0,0.0,2,-6.0,129122,16496,10130,,,,,0
BraTS-GLI-01428-000,none,0.0,0.0,2,-4.02,126326,13972,12926,,,,,0
BraTS-GLI-01428-000,none,0.0,0.0,2,-2.0,122934,11577,16318,,,,,0
BraTS-GLI-01428-000,none,0.0,0.0,2,0.0,118849,9600,20403,,,,,0
BraTS-GLI-01428-000,none,0.0,0.0,2,2.0,113905,7807,25347,,,,,0
BraTS-GLI-01428-000,pspds,0.5,0.0,0,-6.0,2328,34,17349,,,,,0
BraTS-GLI-01428-000,pspds,0.5,0.0,0,-4.02,2172,25,17505,0,32,0,0,0
BraTS-GLI-01428-000,pspds,0.5,0.0,0,-2.0,2054,17,17623,,,,,0
BraTS-GLI-01428-000,pspds,0.5,0.0,0,0.0,1931,15,17746,0,32,0,0,0
BraTS-GLI-01428-000,pspds,0.5,0.0,0,2.0,1839,15,17838,,,,,0
BraTS-GLI-01428-000,pspds,0.5,0.0,1,-6.0,11698,1340,53818,,,,,0
BraTS-GLI-01428-000,pspds,0.5,0.0,1,-4.02,10781,1165,54735,,,,,0
BraTS-GLI-01428-000,pspds,0.5,0.0,1,-2.0,9897,1029,55619,,,,,0
BraTS-GLI-01428-000,pspds,0.5,0.0,1,0.0,9085,899,56431,,,,,0
BraTS-GLI-01428-000,pspds,0.5,0.0,1,2.0,8255,755,57261,,,,,0
BraTS-GLI-01428-000,pspds,0.5,0.0,2,-6.0,129122,16496,10130,,,,,0
BraTS-GLI-01428-000,pspds,0.5,0.0,2,-4.02,126326,13972,12926,,,,,0
BraTS-GLI-01428-000,pspds,0.5,0.0,2,-2.0,122934,11577,16318,,,,,0
BraTS-GLI-01428-000,pspds,0.5,0.0,2,0.0,118849,9600,20403,,,,,0
BraTS-GLI-01428-000,pspds,0.5,0.0,2,2.0,113905,7807,25347,,,,,0
BraTS-GLI-01428-000,pspds,0.5,1.0,0,-6.0,2328,34,17349,,,,,0
BraTS-GLI-01428-000,pspds,0.5,1.0,0,-4.02,2172,25,17505,0,32,0,0,0
BraTS-GLI-01428-000,pspds,0.5,1.0,0,-2.0,2054,17,17623,,,,,0
BraTS-GLI-01428-000,pspds,0.5,1.0,0,0.0,1931,15,17746,0,32,0,0,0
BraTS-GLI-01428-000,pspds,0.5,1.0,0,2.0,1839,15,17838,,,,,0
BraTS-GLI-01428-000,pspds,0.5,1.0,1,-6.0,11698,1340,53818,,,,,0
BraTS-GLI-01428-000,pspds,0.5,1.0,1,-4.02,10781,1165,54735,,,,,0
BraTS-GLI-01428-000,pspds,0.5,1.0,1,-2.0,9897,1029,55619,,,,,0
BraTS-GLI-01428-000,pspds,0.5,1.0,1,0.0,9085,899,56431,,,,,0
BraTS-GLI-01428-000,pspds,0.5,1.0,1,2.0,8255,755,57261,,,,,0
BraTS-GLI-01428-000,pspds,0.5,1.0,2,-6.0,129122,16496,10130,,,,,0
BraTS-GLI-01428-000,pspds,0.5,1.0,2,-4.02,126326,13972,12926,,,,,0
BraTS-GLI-01428-000,pspds,0.5,1.0,2,-2.0,122934,11577,16318,,,,,0
BraTS-GLI-01428-000,pspds,0.5,1.0,2,0.0,118849,9600,20403,,,,,0
BraTS-GLI-01428-000,pspds,0.5,1.0,2,2.0,113905,7807,25347,,,,,0
BraTS-GLI-01428-000,pspds,1.0,0.0,0,-6.0,2328,34,17349,,,,,0
BraTS-GLI-01428-000,pspds,1.0,0.0,0,-4.02,2172,25,17505,0,32,0,0,0
BraTS-GLI-01428-000,pspds,1.0,0.0,0,-2.0,2054,17,17623,,,,,0
BraTS-GLI-01428-000,pspds,1.0,0.0,0,0.0,1931,15,17746,0,32,0,0,0
BraTS-GLI-01428-000,pspds,1.0,0.0,0,2.0,1839,15,17838,,,,,0
BraTS-GLI-01428-000,pspds,1.0,0.0,1,-6.0,11698,1340,53818,,,,,0
BraTS-GLI-01428-000,pspds,1.0,0.0,1,-4.02,10781,1165,54735,,,,,0
BraTS-GLI-01428-000,pspds,1.0,0.0,1,-2.0,9897,1029,55619,,,,,0
BraTS-GLI-01428-000,pspds,1.0,0.0,1,0.0,9085,899,56431,,,,,0
BraTS-GLI-01428-000,pspds,1.0,0.0,1,2.0,8255,755,57261,,,,,0
BraTS-GLI-01428-000,pspds,1.0,0.0,2,-6.0,129122,16496,10130,,,,,0
BraTS-GLI-01428-000,pspds,1.0,0.0,2,-4.02,126326,13972,12926,,,,,0
BraTS-GLI-01428-000,pspds,1.0,0.0,2,-2.0,122934,11577,16318,,,,,0
BraTS-GLI-01428-000,pspds,1.0,0.0,2,0.0,118849,9600,20403,,,,,0
BraTS-GLI-01428-000,pspds,1.0,0.0,2,2.0,113905,7807,25347,,,,,0
BraTS-GLI-01428-000,pspds,1.0,1.0,0,-6.0,2328,34,17349,,,,,0
BraTS-GLI-01428-000,pspds,1.0,1.0,0,-4.02,2172,25,17505,0,32,0,0,0
BraTS-GLI-01428-000,pspds,1.0,1.0,0,-2.0,2054,17,17623,,,,,0
BraTS-GLI-01428-000,pspds,1.0,1.0,0,0.0,1931,15,17746,0,32,0,0,0
BraTS-GLI-01428-000,pspds,1.0,1.0,0,2.0,1839,15,17838,,,,,0
BraTS-GLI-01428-000,pspds,1.0,1.0,1,-6.0,11698,1340,53818,,,,,0
BraTS-GLI-01428-000,pspds,1.0,1.0,1,-4.02,10781,1165,54735,,,,,0
BraTS-GLI-01428-000,pspds,1.0,1.0,1,-2.0,9897,1029,55619,,,,,0
BraTS-GLI-01428-000,pspds,1.0,1.0,1,0.0,9085,899,56431,,,,,0
BraTS-GLI-01428-000,pspds,1.0,1.0,1,2.0,8255,755,57261,,,,,0
BraTS-GLI-01428-000,pspds,1.0,1.0,2,-6.0,129122,16496,10130,,,,,0
BraTS-GLI-01428-000,pspds,1.0,1.0,2,-4.02,126326,13972,12926,,,,,0
BraTS-GLI-01428-000,pspds,1.0,1.0,2,-2.0,122934,11577,16318,,,,,0
BraTS-GLI-01428-000,pspds,1.0,1.0,2,0.0,118849,9600,20403,,,,,0
BraTS-GLI-01428-000,pspds,1.0,1.0,2,2.0,113905,7807,25347,,,,,0
BraTS-GLI-01428-000,interp,0.5,0.0,0,-6.0,2328,34,17349,,,,,0
BraTS-GLI-01428-000,interp,0.5,0.0,0,-4.02,2172,25,17505,0,32,0,0,0
BraTS-GLI-01428-000,interp,0.5,0.0,0,-2.0,2054,17,17623,,,,,0
BraTS-GLI-01428-000,interp,0.5,0.0,0,0.0,1931,15,17746,0,32,0,0,0
BraTS-GLI-01428-000,interp,0.5,0.0,0,2.0,1839,15,17838,,,,,0
BraTS-GLI-01428-000,interp,0.5,0.0,1,-6.0,11698,1340,53818,,,,,0
BraTS-GLI-01428-000,interp,0.5,0.0,1,-4.02,10781,1165,54735,,,,,0
BraTS-GLI-01428-000,interp,0.5,0.0,1,-2.0,9897,1029,55619,,,,,0
BraTS-GLI-01428-000,interp,0.5,0.0,1,0.0,9085,899,56431,,,,,0
BraTS-GLI-01428-000,interp,0.5,0.0,1,2.0,8255,755,57261,,,,,0
BraTS-GLI-01428-000,interp,0.5,0.0,2,-6.0,129122,16496,10130,,,,,0
BraTS-GLI-01428-000,interp,0.5,0.0,2,-4.02,126326,13972,12926,,,,,0
BraTS-GLI-01428-000,interp,0.5,0.0,2,-2.0,122934,11577,16318,,,,,0
BraTS-GLI-01428-000,interp,0.5,0.0,2,0.0,118849,9600,20403,,,,,0
BraTS-GLI-01428-000,interp,0.5,0.0,2,2.0,113905,7807,25347,,,,,0
BraTS-GLI-01428-000,interp,1.0,0.0,0,-6.0,2328,34,17349,,,,,0
BraTS-GLI-01428-000,interp,1.0,0.0,0,-4.02,2172,25,17505,0,32,0,0,0
BraTS-GLI-01428-000,interp,1.0,0.0,0,-2.0,2054,17,17623,,,,,0
BraTS-GLI-01428-000,interp,1.0,0.0,0,0.0,1931,15,17746,0,32,0,0,0
BraTS-GLI-01428-000,interp,1.0,0.0,0,2.0,1839,15,17838,,,,,0
BraTS-GLI-01428-000,interp,1.0,0.0,1,-6.0,11698,1340,53818,,,,,0
BraTS-GLI-01428-000,interp,1.0,0.0,1,-4.02,10781,1165,54735,,,,,0
BraTS-GLI-01428-000,interp,1.0,0.0,1,-2.0,9897,1029,55619,,,,,0
BraTS-GLI-01428-000,interp,1.0,0.0,1,0.0,9085,899,56431,,,,,0
BraTS-GLI-01428-000,interp,1.0,0.0,1,2.0,8255,755,57261,,,,,0
BraTS-GLI-01428-000,interp,1.0,0.0,2,-6.0,129122,16496,10130,,,,,0
BraTS-GLI-01428-000,interp,1.0,0.0,2,-4.02,126326,13972,12926,,,,,0
BraTS-GLI-01428-000,interp,1.0,0.0,2,-2.0,122934,11577,16318,,,,,0
BraTS-GLI-01428-000,interp,1.0,0.0,2,0.0,118849,9600,20403,,,,,0
BraTS-GLI-01428-000,interp,1.0,0.0,2,2.0,113905,7807,25347,,,,,0
BraTS-GLI-01428-000,global,0.5,0.0,0,-6.0,2328,34,17349,,,,,0
BraTS-GLI-01428-000,global,0.5,0.0,0,-4.02,2172,25,17505,0,32,0,0,0
BraTS-GLI-01428-000,global,0.5,0.0,0,-2.0,2054,17,17623,,,,,0
BraTS-GLI-01428-000,global,0.5,0.0,0,0.0,1931,15,17746,0,32,0,0,0
BraTS-GLI-01428-000,global,0.5,0.0,0,2.0,1839,15,17838,,,,,0
BraTS-GLI-01428-000,global,0.5,0.0,1,-6.0,11698,1340,53818,,,,,0
BraTS-GLI-01428-000,global,0.5,0.0,1,-4.02,10781,1165,54735,,,,,0
BraTS-GLI-01428-000,global,0.5,0.0,1,-2.0,9897,1029,55619,,,,,0
BraTS-GLI-01428-000,global,0.5,0.0,1,0.0,9085,899,56431,,,,,0
BraTS-GLI-01428-000,global,0.5,0.0,1,2.0,8255,755,57261,,,,,0
BraTS-GLI-01428-000,global,0.5,0.0,2,-6.0,129122,16496,10130,,,,,0
BraTS-GLI-01428-000,global,0.5,0.0,2,-4.02,126326,13972,12926,,,,,0
BraTS-GLI-01428-000,global,0.5,0.0,2,-2.0,122934,11577,16318,,,,,0
BraTS-GLI-01428-000,global,0.5,0.0,2,0.0,118849,9600,20403,,,,,0
BraTS-GLI-01428-000,global,0.5,0.0,2,2.0,113905,7807,25347,,,,,0
BraTS-GLI-01428-000,global,1.0,0.0,0,-6.0,2328,34,17349,,,,,0
BraTS-GLI-01428-000,global,1.0,0.0,0,-4.02,2172,25,17505,0,32,0,0,0
BraTS-GLI-01428-000,global,1.0,0.0,0,-2.0,2054,17,17623,,,,,0
BraTS-GLI-01428-000,global,1.0,0.0,0,0.0,1931,15,17746,0,32,0,0,0
BraTS-GLI-01428-000,global,1.0,0.0,0,2.0,1839,15,17838,,,,,0
BraTS-GLI-01428-000,global,1.0,0.0,1,-6.0,11698,1340,53818,,,,,0
BraTS-GLI-01428-000,global,1.0,0.0,1,-4.02,10781,1165,54735,,,,,0
BraTS-GLI-01428-000,global,1.0,0.0,1,-2.0,9897,1029,55619,,,,,0
BraTS-GLI-01428-000,global,1.0,0.0,1,0.0,9085,899,56431,,,,,0
BraTS-GLI-01428-000,global,1.0,0.0,1,2.0,8255,755,57261,,,,,0
BraTS-GLI-01428-000,global,1.0,0.0,2,-6.0,129122,16496,10130,,,,,0
BraTS-GLI-01428-000,global,1.0,0.0,2,-4.02,126326,13972,12926,,,,,0
BraTS-GLI-01428-000,global,1.0,0.0,2,-2.0,122934,11577,16318,,,,,0
BraTS-GLI-01428-000,global,1.0,0.0,2,0.0,118849,9600,20403,,,,,0
BraTS-GLI-01428-000,global,1.0,0.0,2,2.0,113905,7807,25347,,,,,0
BraTS-GLI-01428-000,dilate,0.0,0.0,0,-6.0,2328,34,17349,,,,,0
BraTS-GLI-01428-000,dilate,0.0,0.0,0,-4.02,2172,25,17505,0,32,0,0,0
BraTS-GLI-01428-000,dilate,0.0,0.0,0,-2.0,2054,17,17623,,,,,0
BraTS-GLI-01428-000,dilate,0.0,0.0,0,0.0,1931,15,17746,0,32,0,0,0
BraTS-GLI-01428-000,dilate,0.0,0.0,0,2.0,1839,15,17838,,,,,0
BraTS-GLI-01428-000,dilate,0.0,0.0,1,-6.0,11698,1340,53818,,,,,0
BraTS-GLI-01428-000,dilate,0.0,0.0,1,-4.02,10781,1165,54735,,,,,0
BraTS-GLI-01428-000,dilate,0.0,0.0,1,-2.0,9897,1029,55619,,,,,0
BraTS-GLI-01428-000,dilate,0.0,0.0,1,0.0,9085,899,56431,,,,,0
BraTS-GLI-01428-000,dilate,0.0,0.0,1,2.0,8255,755,57261,,,,,0
BraTS-GLI-01428-000,dilate,0.0,0.0,2,-6.0,129122,16496,10130,,,,,0
BraTS-GLI-01428-000,dilate,0.0,0.0,2,-4.02,126326,13972,12926,,,,,0
BraTS-GLI-01428-000,dilate,0.0,0.0,2,-2.0,122934,11577,16318,,,,,0
BraTS-GLI-01428-000,dilate,0.0,0.0,2,0.0,118849,9600,20403,,,,,0
BraTS-GLI-01428-000,dilate,0.0,0.0,2,2.0,113905,7807,25347,,,,,0
BraTS-GLI-01428-000,boost,2.0,0.0,0,-6.0,2328,34,17349,,,,,0
BraTS-GLI-01428-000,boost,2.0,0.0,0,-4.02,2172,25,17505,0,32,0,0,0
BraTS-GLI-01428-000,boost,2.0,0.0,0,-2.0,2054,17,17623,,,,,0
BraTS-GLI-01428-000,boost,2.0,0.0,0,0.0,1931,15,17746,0,32,0,0,0
BraTS-GLI-01428-000,boost,2.0,0.0,0,2.0,1839,15,17838,,,,,0
BraTS-GLI-01428-000,boost,2.0,0.0,1,-6.0,11698,1340,53818,,,,,0
BraTS-GLI-01428-000,boost,2.0,0.0,1,-4.02,10781,1165,54735,,,,,0
BraTS-GLI-01428-000,boost,2.0,0.0,1,-2.0,9897,1029,55619,,,,,0
BraTS-GLI-01428-000,boost,2.0,0.0,1,0.0,9085,899,56431,,,,,0
BraTS-GLI-01428-000,boost,2.0,0.0,1,2.0,8255,755,57261,,,,,0
BraTS-GLI-01428-000,boost,2.0,0.0,2,-6.0,129122,16496,10130,,,,,0
BraTS-GLI-01428-000,boost,2.0,0.0,2,-4.02,126326,13972,12926,,,,,0
BraTS-GLI-01428-000,boost,2.0,0.0,2,-2.0,122934,11577,16318,,,,,0
BraTS-GLI-01428-000,boost,2.0,0.0,2,0.0,118849,9600,20403,,,,,0
BraTS-GLI-01428-000,boost,2.0,0.0,2,2.0,113905,7807,25347,,,,,0
BraTS-GLI-01428-000,boost,4.0,0.0,0,-6.0,2328,34,17349,,,,,0
BraTS-GLI-01428-000,boost,4.0,0.0,0,-4.02,2172,25,17505,0,32,0,0,0
BraTS-GLI-01428-000,boost,4.0,0.0,0,-2.0,2054,17,17623,,,,,0
BraTS-GLI-01428-000,boost,4.0,0.0,0,0.0,1931,15,17746,0,32,0,0,0
BraTS-GLI-01428-000,boost,4.0,0.0,0,2.0,1839,15,17838,,,,,0
BraTS-GLI-01428-000,boost,4.0,0.0,1,-6.0,11698,1340,53818,,,,,0
BraTS-GLI-01428-000,boost,4.0,0.0,1,-4.02,10781,1165,54735,,,,,0
BraTS-GLI-01428-000,boost,4.0,0.0,1,-2.0,9897,1029,55619,,,,,0
BraTS-GLI-01428-000,boost,4.0,0.0,1,0.0,9085,899,56431,,,,,0
BraTS-GLI-01428-000,boost,4.0,0.0,1,2.0,8255,755,57261,,,,,0
BraTS-GLI-01428-000,boost,4.0,0.0,2,-6.0,129122,16496,10130,,,,,0
BraTS-GLI-01428-000,boost,4.0,0.0,2,-4.02,126326,13972,12926,,,,,0
BraTS-GLI-01428-000,boost,4.0,0.0,2,-2.0,122934,11577,16318,,,,,0
BraTS-GLI-01428-000,boost,4.0,0.0,2,0.0,118849,9600,20403,,,,,0
BraTS-GLI-01428-000,boost,4.0,0.0,2,2.0,113905,7807,25347,,,,,0
BraTS-GLI-01424-000,none,0.0,0.0,0,-6.0,53636,3756,18724,,,,,133
BraTS-GLI-01424-000,none,0.0,0.0,0,-4.02,51376,3236,20984,1,4,1,0,133
BraTS-GLI-01424-000,none,0.0,0.0,0,-2.0,49321,2770,23039,,,,,133
BraTS-GLI-01424-000,none,0.0,0.0,0,0.0,47171,2378,25189,0,4,0,2,133
BraTS-GLI-01424-000,none,0.0,0.0,0,2.0,45182,2064,27178,,,,,133
BraTS-GLI-01424-000,none,0.0,0.0,1,-6.0,118866,3222,5230,,,,,133
BraTS-GLI-01424-000,none,0.0,0.0,1,-4.02,118332,2848,5764,,,,,133
BraTS-GLI-01424-000,none,0.0,0.0,1,-2.0,117783,2499,6313,,,,,133
BraTS-GLI-01424-000,none,0.0,0.0,1,0.0,117143,2181,6953,,,,,133
BraTS-GLI-01424-000,none,0.0,0.0,1,2.0,116491,1896,7605,,,,,133
BraTS-GLI-01424-000,none,0.0,0.0,2,-6.0,145340,27184,2444,,,,,133
BraTS-GLI-01424-000,none,0.0,0.0,2,-4.02,144875,24388,2909,,,,,133
BraTS-GLI-01424-000,none,0.0,0.0,2,-2.0,144314,21771,3470,,,,,133
BraTS-GLI-01424-000,none,0.0,0.0,2,0.0,143741,19464,4043,,,,,133
BraTS-GLI-01424-000,none,0.0,0.0,2,2.0,142991,17230,4793,,,,,133
BraTS-GLI-01424-000,pspds,0.5,0.0,0,-6.0,53605,3805,18755,,,,,133
BraTS-GLI-01424-000,pspds,0.5,0.0,0,-4.02,51390,3312,20970,1,4,1,0,133
BraTS-GLI-01424-000,pspds,0.5,0.0,0,-2.0,49389,2838,22971,,,,,133
BraTS-GLI-01424-000,pspds,0.5,0.0,0,0.0,47303,2458,25057,0,4,0,0,133
BraTS-GLI-01424-000,pspds,0.5,0.0,0,2.0,45355,2131,27005,,,,,133
BraTS-GLI-01424-000,pspds,0.5,0.0,1,-6.0,119001,3330,5095,,,,,133
BraTS-GLI-01424-000,pspds,0.5,0.0,1,-4.02,118492,2955,5604,,,,,133
BraTS-GLI-01424-000,pspds,0.5,0.0,1,-2.0,117942,2594,6154,,,,,133
BraTS-GLI-01424-000,pspds,0.5,0.0,1,0.0,117339,2285,6757,,,,,133
BraTS-GLI-01424-000,pspds,0.5,0.0,1,2.0,116697,2006,7399,,,,,133
BraTS-GLI-01424-000,pspds,0.5,0.0,2,-6.0,145386,27515,2398,,,,,133
BraTS-GLI-01424-000,pspds,0.5,0.0,2,-4.02,144914,24703,2870,,,,,133
BraTS-GLI-01424-000,pspds,0.5,0.0,2,-2.0,144379,22148,3405,,,,,133
BraTS-GLI-01424-000,pspds,0.5,0.0,2,0.0,143811,19772,3973,,,,,133
BraTS-GLI-01424-000,pspds,0.5,0.0,2,2.0,143101,17560,4683,,,,,133
BraTS-GLI-01424-000,pspds,0.5,1.0,0,-6.0,53629,3785,18731,,,,,133
BraTS-GLI-01424-000,pspds,0.5,1.0,0,-4.02,51385,3271,20975,1,4,1,0,133
BraTS-GLI-01424-000,pspds,0.5,1.0,0,-2.0,49363,2807,22997,,,,,133
BraTS-GLI-01424-000,pspds,0.5,1.0,0,0.0,47246,2427,25114,0,4,0,0,133
BraTS-GLI-01424-000,pspds,0.5,1.0,0,2.0,45274,2094,27086,,,,,133
BraTS-GLI-01424-000,pspds,0.5,1.0,1,-6.0,118931,3276,5165,,,,,133
BraTS-GLI-01424-000,pspds,0.5,1.0,1,-4.02,118411,2898,5685,,,,,133
BraTS-GLI-01424-000,pspds,0.5,1.0,1,-2.0,117874,2552,6222,,,,,133
BraTS-GLI-01424-000,pspds,0.5,1.0,1,0.0,117239,2235,6857,,,,,133
BraTS-GLI-01424-000,pspds,0.5,1.0,1,2.0,116599,1959,7497,,,,,133
BraTS-GLI-01424-000,pspds,0.5,1.0,2,-6.0,145358,27333,2426,,,,,133
BraTS-GLI-01424-000,pspds,0.5,1.0,2,-4.02,144888,24526,2896,,,,,133
BraTS-GLI-01424-000,pspds,0.5,1.0,2,-2.0,144351,21945,3433,,,,,133
BraTS-GLI-01424-000,pspds,0.5,1.0,2,0.0,143766,19606,4018,,,,,133
BraTS-GLI-01424-000,pspds,0.5,1.0,2,2.0,143046,17374,4738,,,,,133
BraTS-GLI-01424-000,pspds,1.0,0.0,0,-6.0,53572,3872,18788,,,,,133
BraTS-GLI-01424-000,pspds,1.0,0.0,0,-4.02,51425,3370,20935,1,4,1,0,133
BraTS-GLI-01424-000,pspds,1.0,0.0,0,-2.0,49434,2906,22926,,,,,133
BraTS-GLI-01424-000,pspds,1.0,0.0,0,0.0,47401,2525,24959,0,4,0,0,133
BraTS-GLI-01424-000,pspds,1.0,0.0,0,2.0,45485,2192,26875,,,,,133
BraTS-GLI-01424-000,pspds,1.0,0.0,1,-6.0,119102,3405,4994,,,,,133
BraTS-GLI-01424-000,pspds,1.0,0.0,1,-4.02,118626,3055,5470,,,,,133
BraTS-GLI-01424-000,pspds,1.0,0.0,1,-2.0,118092,2701,6004,,,,,133
BraTS-GLI-01424-000,pspds,1.0,0.0,1,0.0,117508,2381,6588,,,,,133
BraTS-GLI-01424-000,pspds,1.0,0.0,1,2.0,116887,2095,7209,,,,,133
BraTS-GLI-01424-000,pspds,1.0,0.0,2,-6.0,145416,27900,2368,,,,,133
BraTS-GLI-01424-000,pspds,1.0,0.0,2,-4.02,144979,25080,2805,,,,,133
BraTS-GLI-01424-000,pspds,1.0,0.0,2,-2.0,144457,22503,3327,,,,,133
BraTS-GLI-01424-000,pspds,1.0,0.0,2,0.0,143917,20121,3867,,,,,133
BraTS-GLI-01424-000,pspds,1.0,0.0,2,2.0,143225,17919,4559,,,,,133
BraTS-GLI-01424-000,pspds,1.0,1.0,0,-6.0,53611,3801,18749,,,,,133
BraTS-GLI-01424-000,pspds,1.0,1.0,0,-4.02,51399,3307,20961,1,4,1,0,133
BraTS-GLI-01424-000,pspds,1.0,1.0,0,-2.0,49400,2834,22960,,,,,133
BraTS-GLI-01424-000,pspds,1.0,1.0,0,0.0,47305,2457,25055,0,4,0,0,133
BraTS-GLI-01424-000,pspds,1.0,1.0,0,2.0,45363,2132,26997,,,,,133
BraTS-GLI-01424-000,pspds,1.0,1.0,1,-6.0,119003,3325,5093,,,,,133
BraTS-GLI-01424-000,pspds,1.0,1.0,1,-4.02,118490,2954,5606,,,,,133
BraTS-GLI-01424-000,pspds,1.0,1.0,1,-2.0,117942,2595,6154,,,,,133
BraTS-GLI-01424-000,pspds,1.0,1.0,1,0.0,117337,2281,6759,,,,,133
BraTS-GLI-01424-000,pspds,1.0,1.0,1,2.0,116704,2005,7392,,,,,133
BraTS-GLI-01424-000,pspds,1.0,1.0,2,-6.0,145391,27493,2393,,,,,133
BraTS-GLI-01424-000,pspds,1.0,1.0,2,-4.02,144913,24687,2871,,,,,133
BraTS-GLI-01424-000,pspds,1.0,1.0,2,-2.0,144378,22122,3406,,,,,133
BraTS-GLI-01424-000,pspds,1.0,1.0,2,0.0,143816,19761,3968,,,,,133
BraTS-GLI-01424-000,pspds,1.0,1.0,2,2.0,143103,17539,4681,,,,,133
BraTS-GLI-01424-000,interp,0.5,0.0,0,-6.0,54499,4406,17861,,,,,133
BraTS-GLI-01424-000,interp,0.5,0.0,0,-4.02,52230,3815,20130,1,4,1,0,133
BraTS-GLI-01424-000,interp,0.5,0.0,0,-2.0,50199,3258,22161,,,,,133
BraTS-GLI-01424-000,interp,0.5,0.0,0,0.0,48116,2830,24244,0,4,0,0,133
BraTS-GLI-01424-000,interp,0.5,0.0,0,2.0,46165,2458,26195,,,,,133
BraTS-GLI-01424-000,interp,0.5,0.0,1,-6.0,119654,4168,4442,,,,,133
BraTS-GLI-01424-000,interp,0.5,0.0,1,-4.02,119126,3655,4970,,,,,133
BraTS-GLI-01424-000,interp,0.5,0.0,1,-2.0,118624,3204,5472,,,,,133
BraTS-GLI-01424-000,interp,0.5,0.0,1,0.0,118017,2788,6079,,,,,133
BraTS-GLI-01424-000,interp,0.5,0.0,1,2.0,117356,2437,6740,,,,,133
BraTS-GLI-01424-000,interp,0.5,0.0,2,-6.0,146065,36003,1719,,,,,133
BraTS-GLI-01424-000,interp,0.5,0.0,2,-4.02,145675,32336,2109,,,,,133
BraTS-GLI-01424-000,interp,0.5,0.0,2,-2.0,145204,28997,2580,,,,,133
BraTS-GLI-01424-000,interp,0.5,0.0,2,0.0,144661,25974,3123,,,,,133
BraTS-GLI-01424-000,interp,0.5,0.0,2,2.0,144019,23125,3765,,,,,133
BraTS-GLI-01424-000,interp,1.0,0.0,0,-6.0,55359,5515,17001,,,,,133
BraTS-GLI-01424-000,interp,1.0,0.0,0,-4.02,53141,4759,19219,1,4,1,0,133
BraTS-GLI-01424-000,interp,1.0,0.0,0,-2.0,51110,4123,21250,,,,,133
BraTS-GLI-01424-000,interp,1.0,0.0,0,0.0,49044,3578,23316,0,4,0,2,133
BraTS-GLI-01424-000,interp,1.0,0.0,0,2.0,47084,3094,25276,,,,,133
BraTS-GLI-01424-000,interp,1.0,0.0,1,-6.0,120741,7182,3355,,,,,133
BraTS-GLI-01424-000,interp,1.0,0.0,1,-4.02,120269,6358,3827,,,,,133
BraTS-GLI-01424-000,interp,1.0,0.0,1,-2.0,119743,5565,4353,,,,,133
BraTS-GLI-01424-000,interp,1.0,0.0,1,0.0,119154,4861,4942,,,,,133
BraTS-GLI-01424-000,interp,1.0,0.0,1,2.0,118536,4187,5560,,,,,133
BraTS-GLI-01424-000,interp,1.0,0.0,2,-6.0,146788,51050,996,,,,,133
BraTS-GLI-01424-000,interp,1.0,0.0,2,-4.02,146493,46190,1291,,,,,133
BraTS-GLI-01424-000,interp,1.0,0.0,2,-2.0,146131,41650,1653,,,,,133
BraTS-GLI-01424-000,interp,1.0,0.0,2,0.0,145710,37520,2074,,,,,133
BraTS-GLI-01424-000,interp,1.0,0.0,2,2.0,145189,33614,2595,,,,,133
BraTS-GLI-01424-000,global,0.5,0.0,0,-6.0,54596,5109,17764,,,,,133
BraTS-GLI-01424-000,global,0.5,0.0,0,-4.02,52383,4395,19977,1,4,1,0,133
BraTS-GLI-01424-000,global,0.5,0.0,0,-2.0,50295,3833,22065,,,,,133
BraTS-GLI-01424-000,global,0.5,0.0,0,0.0,48167,3303,24193,0,4,0,2,133
BraTS-GLI-01424-000,global,0.5,0.0,0,2.0,46193,2818,26167,,,,,133
BraTS-GLI-01424-000,global,0.5,0.0,1,-6.0,120806,7062,3290,,,,,133
BraTS-GLI-01424-000,global,0.5,0.0,1,-4.02,120329,6292,3767,,,,,133
BraTS-GLI-01424-000,global,0.5,0.0,1,-2.0,119795,5553,4301,,,,,133
BraTS-GLI-01424-000,global,0.5,0.0,1,0.0,119248,4839,4848,,,,,133
BraTS-GLI-01424-000,global,0.5,0.0,1,2.0,118600,4147,5496,,,,,133
BraTS-GLI-01424-000,global,0.5,0.0,2,-6.0,146951,45759,833,,,,,133
BraTS-GLI-01424-000,global,0.5,0.0,2,-4.02,146678,41068,1106,,,,,133
BraTS-GLI-01424-000,global,0.5,0.0,2,-2.0,146303,36609,1481,,,,,133
BraTS-GLI-01424-000,global,0.5,0.0,2,0.0,145875,32584,1909,,,,,133
BraTS-GLI-01424-000,global,0.5,0.0,2,2.0,145316,28827,2468,,,,,133
BraTS-GLI-01424-000,global,1.0,0.0,0,-6.0,54893,8356,17467,,,,,133
BraTS-GLI-01424-000,global,1.0,0.0,0,-4.02,52662,6992,19698,1,4,1,5,133
BraTS-GLI-01424-000,global,1.0,0.0,0,-2.0,50534,5917,21826,,,,,133
BraTS-GLI-01424-000,global,1.0,0.0,0,0.0,48402,5012,23958,0,4,0,6,133
BraTS-GLI-01424-000,global,1.0,0.0,0,2.0,46368,4199,25992,,,,,133
BraTS-GLI-01424-000,global,1.0,0.0,1,-6.0,122824,46872,1272,,,,,133
BraTS-GLI-01424-000,global,1.0,0.0,1,-4.02,122572,42182,1524,,,,,133
BraTS-GLI-01424-000,global,1.0,0.0,1,-2.0,122244,37438,1852,,,,,133
BraTS-GLI-01424-000,global,1.0,0.0,1,0.0,121807,32483,2289,,,,,133
BraTS-GLI-01424-000,global,1.0,0.0,1,2.0,121286,27048,2810,,,,,133
BraTS-GLI-01424-000,global,1.0,0.0,2,-6.0,147467,95372,317,,,,,133
BraTS-GLI-01424-000,global,1.0,0.0,2,-4.02,147392,89534,392,,,,,133
BraTS-GLI-01424-000,global,1.0,0.0,2,-2.0,147235,83735,549,,,,,133
BraTS-GLI-01424-000,global,1.0,0.0,2,0.0,147072,77914,712,,,,,133
BraTS-GLI-01424-000,global,1.0,0.0,2,2.0,146828,71854,956,,,,,133
BraTS-GLI-01424-000,dilate,0.0,0.0,0,-6.0,68990,32024,3370,,,,,133
BraTS-GLI-01424-000,dilate,0.0,0.0,0,-4.02,68323,29985,4037,17,4,2,0,133
BraTS-GLI-01424-000,dilate,0.0,0.0,0,-2.0,67511,28023,4849,,,,,133
BraTS-GLI-01424-000,dilate,0.0,0.0,0,0.0,66780,26314,5580,0,4,0,0,133
BraTS-GLI-01424-000,dilate,0.0,0.0,0,2.0,65981,24732,6379,,,,,133
BraTS-GLI-01424-000,dilate,0.0,0.0,1,-6.0,118866,3222,5230,,,,,133
BraTS-GLI-01424-000,dilate,0.0,0.0,1,-4.02,118332,2848,5764,,,,,133
BraTS-GLI-01424-000,dilate,0.0,0.0,1,-2.0,117783,2499,6313,,,,,133
BraTS-GLI-01424-000,dilate,0.0,0.0,1,0.0,117143,2181,6953,,,,,133
BraTS-GLI-01424-000,dilate,0.0,0.0,1,2.0,116491,1896,7605,,,,,133
BraTS-GLI-01424-000,dilate,0.0,0.0,2,-6.0,145340,27184,2444,,,,,133
BraTS-GLI-01424-000,dilate,0.0,0.0,2,-4.02,144875,24388,2909,,,,,133
BraTS-GLI-01424-000,dilate,0.0,0.0,2,-2.0,144314,21771,3470,,,,,133
BraTS-GLI-01424-000,dilate,0.0,0.0,2,0.0,143741,19464,4043,,,,,133
BraTS-GLI-01424-000,dilate,0.0,0.0,2,2.0,142991,17230,4793,,,,,133
BraTS-GLI-01424-000,boost,2.0,0.0,0,-6.0,56005,4465,16355,,,,,133
BraTS-GLI-01424-000,boost,2.0,0.0,0,-4.02,53545,3730,18815,2,4,1,0,133
BraTS-GLI-01424-000,boost,2.0,0.0,0,-2.0,51237,3183,21123,,,,,133
BraTS-GLI-01424-000,boost,2.0,0.0,0,0.0,49225,2741,23135,0,4,0,0,133
BraTS-GLI-01424-000,boost,2.0,0.0,0,2.0,47083,2356,25277,,,,,133
BraTS-GLI-01424-000,boost,2.0,0.0,1,-6.0,118866,3222,5230,,,,,133
BraTS-GLI-01424-000,boost,2.0,0.0,1,-4.02,118332,2848,5764,,,,,133
BraTS-GLI-01424-000,boost,2.0,0.0,1,-2.0,117783,2499,6313,,,,,133
BraTS-GLI-01424-000,boost,2.0,0.0,1,0.0,117143,2181,6953,,,,,133
BraTS-GLI-01424-000,boost,2.0,0.0,1,2.0,116491,1896,7605,,,,,133
BraTS-GLI-01424-000,boost,2.0,0.0,2,-6.0,145340,27184,2444,,,,,133
BraTS-GLI-01424-000,boost,2.0,0.0,2,-4.02,144875,24388,2909,,,,,133
BraTS-GLI-01424-000,boost,2.0,0.0,2,-2.0,144314,21771,3470,,,,,133
BraTS-GLI-01424-000,boost,2.0,0.0,2,0.0,143741,19464,4043,,,,,133
BraTS-GLI-01424-000,boost,2.0,0.0,2,2.0,142991,17230,4793,,,,,133
BraTS-GLI-01424-000,boost,4.0,0.0,0,-6.0,58685,5350,13675,,,,,133
BraTS-GLI-01424-000,boost,4.0,0.0,0,-4.02,55930,4440,16430,4,4,2,0,133
BraTS-GLI-01424-000,boost,4.0,0.0,0,-2.0,53417,3675,18943,,,,,133
BraTS-GLI-01424-000,boost,4.0,0.0,0,0.0,51141,3154,21219,1,4,1,0,133
BraTS-GLI-01424-000,boost,4.0,0.0,0,2.0,49137,2719,23223,,,,,133
BraTS-GLI-01424-000,boost,4.0,0.0,1,-6.0,118866,3222,5230,,,,,133
BraTS-GLI-01424-000,boost,4.0,0.0,1,-4.02,118332,2848,5764,,,,,133
BraTS-GLI-01424-000,boost,4.0,0.0,1,-2.0,117783,2499,6313,,,,,133
BraTS-GLI-01424-000,boost,4.0,0.0,1,0.0,117143,2181,6953,,,,,133
BraTS-GLI-01424-000,boost,4.0,0.0,1,2.0,116491,1896,7605,,,,,133
BraTS-GLI-01424-000,boost,4.0,0.0,2,-6.0,145340,27184,2444,,,,,133
BraTS-GLI-01424-000,boost,4.0,0.0,2,-4.02,144875,24388,2909,,,,,133
BraTS-GLI-01424-000,boost,4.0,0.0,2,-2.0,144314,21771,3470,,,,,133
BraTS-GLI-01424-000,boost,4.0,0.0,2,0.0,143741,19464,4043,,,,,133
BraTS-GLI-01424-000,boost,4.0,0.0,2,2.0,142991,17230,4793,,,,,133
