group,subject_id,comp_id,size,lesion_max,lesion_mean,bg_max,bg_mean
matched_detected,BraTS-GLI-01021-000,1,66606,1.0,0.9747605323791504,1.0,0.027606315910816193
matched_detected,BraTS-GLI-01659-000,1,59685,1.0,0.9654079675674438,1.0,0.019927112385630608
matched_detected,BraTS-GLI-01659-000,2,3068,1.0,0.9499627947807312,0.9999998807907104,0.05137001723051071
matched_detected,BraTS-GLI-01199-000,1,29973,1.0,0.8577012419700623,1.0,0.009334651753306389
matched_detected,BraTS-GLI-01405-000,1,435,1.0,0.7125458717346191,0.9999992847442627,0.04397948831319809
matched_detected,BraTS-GLI-00810-000,1,22917,1.0,0.8840895891189575,1.0,0.03687707707285881
matched_detected,BraTS-GLI-01012-000,1,62942,1.0,0.9310900568962097,1.0,0.02249809540808201
matched_detected,BraTS-GLI-01012-000,2,76,1.0,0.9988620281219482,0.9998887777328491,0.038547709584236145
matched_detected,BraTS-GLI-01000-000,1,14275,1.0,0.9273607134819031,0.99996018409729,0.009553169831633568
matched_detected,BraTS-GLI-00237-000,1,18587,1.0,0.8957823514938354,1.0,0.04123504459857941
matched_detected,BraTS-GLI-01459-000,1,7823,1.0,0.9454312920570374,1.0,0.044093117117881775
matched_detected,BraTS-GLI-01304-000,1,13972,1.0,0.9200335741043091,1.0,0.006419238168746233
matched_detected,BraTS-GLI-00765-000,1,20968,1.0,0.6693441867828369,0.9999998807907104,0.008797247894108295
matched_detected,BraTS-GLI-00679-000,1,25290,1.0,0.6036983728408813,0.9999532699584961,0.05475619435310364
matched_detected,BraTS-GLI-00054-000,1,55677,1.0,0.6997004151344299,1.0,0.06983490288257599
matched_detected,BraTS-GLI-00054-000,12,9,0.999977707862854,0.9960891008377075,0.9998250603675842,0.1802477389574051
matched_detected,BraTS-GLI-00054-000,13,5,0.9958544969558716,0.7784292101860046,0.6648107767105103,0.028443461284041405
matched_detected,BraTS-GLI-00054-000,17,11,0.9999970197677612,0.9986686110496521,0.9999841451644897,0.19605007767677307
matched_detected,BraTS-GLI-00054-000,18,9,0.9999929666519165,0.9819284081459045,0.9999841451644897,0.12894722819328308
matched_detected,BraTS-GLI-00054-000,22,8,0.9999055862426758,0.9534196257591248,0.9931297898292542,0.08278107643127441
matched_detected,BraTS-GLI-00054-000,23,52,1.0,0.9998319149017334,0.9999995231628418,0.25628867745399475
matched_detected,BraTS-GLI-00054-000,33,6,1.0,0.9939122200012207,0.9999991655349731,0.38236844539642334
matched_detected,BraTS-GLI-00054-000,35,5,0.9999603033065796,0.8313506841659546,0.9991644620895386,0.08988260477781296
matched_detected,BraTS-GLI-00739-000,1,36245,1.0,0.859467089176178,0.9999998807907104,0.0103375855833292
matched_detected,BraTS-GLI-01338-000,1,39081,1.0,0.9773038625717163,1.0,0.03266358748078346
matched_detected,BraTS-GLI-01338-000,8,1971,1.0,0.9501746296882629,0.9995482563972473,0.010958612896502018
matched_detected,BraTS-GLI-00542-000,1,43004,1.0,0.9428084492683411,0.9994747042655945,0.011658315546810627
matched_detected,BraTS-GLI-00630-001,1,36466,1.0,0.9423103332519531,0.9999945163726807,0.006592244375497103
matched_detected,BraTS-GLI-00176-000,1,30147,1.0,0.9007313251495361,1.0,0.016013700515031815
matched_detected,BraTS-GLI-00523-000,1,1017,1.0,0.6259621381759644,1.0,0.026396455243229866
matched_detected,BraTS-GLI-00537-000,1,13083,1.0,0.78517085313797,1.0,0.022157225757837296
matched_detected,BraTS-GLI-00537-000,2,4837,1.0,0.8033676147460938,0.9999232292175293,0.0019543999806046486
matched_detected,BraTS-GLI-00537-000,4,2334,1.0,0.9322541952133179,1.0,0.19346079230308533
matched_detected,BraTS-GLI-00537-000,7,26,1.0,1.0,1.0,1.0
matched_detected,BraTS-GLI-00537-000,8,1411,1.0,0.8999479413032532,1.0,0.15470103919506073
matched_detected,BraTS-GLI-01414-000,4,17141,1.0,0.7232125401496887,1.0,0.013106221333146095
matched_detected,BraTS-GLI-01414-000,27,91,1.0,0.7077259421348572,0.9472724199295044,0.0038544831331819296
matched_detected,BraTS-GLI-01414-000,40,494,1.0,0.5110976099967957,0.9999384880065918,0.0021684430539608
matched_detected,BraTS-GLI-01275-000,1,8415,1.0,0.8014942407608032,1.0,0.07596797496080399
matched_detected,BraTS-GLI-01214-000,1,15764,1.0,0.9295607805252075,1.0,0.1722947061061859
matched_detected,BraTS-GLI-01214-000,2,1912,1.0,0.9262692928314209,1.0,0.2740227282047272
matched_detected,BraTS-GLI-00339-000,1,6182,1.0,0.9446114301681519,1.0,0.018548568710684776
matched_detected,BraTS-GLI-01087-000,1,1165,1.0,0.9190871715545654,0.999992847442627,0.01113178115338087
matched_detected,BraTS-GLI-01087-000,2,6628,1.0,0.9747431874275208,1.0,0.06199154630303383
matched_detected,BraTS-GLI-01087-000,4,10,0.9999940395355225,0.9969240427017212,0.9989759922027588,0.0499018132686615
matched_detected,BraTS-GLI-01087-000,5,6,0.9996649026870728,0.6843288540840149,0.9989759922027588,0.04353286325931549
matched_detected,BraTS-GLI-01087-000,6,747,1.0,0.8347648978233337,0.999964714050293,0.030839722603559494
matched_detected,BraTS-GLI-00087-001,1,8509,1.0,0.9741696119308472,1.0,0.041802458465099335
matched_detected,BraTS-GLI-01413-000,1,21230,1.0,0.9524167776107788,1.0,0.14929214119911194
matched_detected,BraTS-GLI-01095-000,1,37517,1.0,0.9516063332557678,0.9999996423721313,0.027287697419524193
matched_detected,BraTS-GLI-01233-000,1,20887,1.0,0.9048566222190857,1.0,0.08590653538703918
matched_detected,BraTS-GLI-01233-000,14,879,1.0,0.8709915280342102,1.0,0.03829510882496834
matched_detected,BraTS-GLI-00046-000,1,6841,1.0,0.9070642590522766,0.999998927116394,0.006192898843437433
matched_detected,BraTS-GLI-00064-000,1,25896,1.0,0.7185155749320984,1.0,0.03192354738712311
matched_detected,BraTS-GLI-00064-000,12,5,0.9997579455375671,0.9956132769584656,0.9862852096557617,0.030190035700798035
matched_detected,BraTS-GLI-01113-000,1,12135,1.0,0.9106264114379883,0.9999998807907104,0.0724838525056839
matched_detected,BraTS-GLI-01282-000,1,43144,1.0,0.9637745022773743,1.0,0.1407686024904251
matched_detected,BraTS-GLI-01431-000,3,17587,1.0,0.7992583513259888,1.0,0.07356256991624832
matched_detected,BraTS-GLI-01307-000,1,33123,1.0,0.9430601596832275,1.0,0.026537984609603882
matched_detected,BraTS-GLI-01368-000,1,15293,1.0,0.9449319243431091,1.0,0.012239300645887852
matched_detected,BraTS-GLI-00725-000,1,4331,1.0,0.9381160736083984,0.9999926090240479,0.009644404985010624
matched_detected,BraTS-GLI-00725-000,2,701,0.9999984502792358,0.6409620642662048,0.1067010760307312,0.00011291002738289535
matched_detected,BraTS-GLI-00725-000,3,1339,1.0,0.8043915629386902,0.9870337247848511,0.005884272046387196
matched_detected,BraTS-GLI-01185-000,1,36798,1.0,0.8494299650192261,1.0,0.048796989023685455
matched_detected,BraTS-GLI-00631-000,1,25553,1.0,0.9303213953971863,1.0,0.020435936748981476
matched_detected,BraTS-GLI-00254-000,1,24312,1.0,0.9510012269020081,1.0,0.025898315012454987
matched_detected,BraTS-GLI-00132-000,1,50074,1.0,0.9403570294380188,1.0,0.07781979441642761
matched_detected,BraTS-GLI-00288-000,1,3913,1.0,0.9119523763656616,0.9999996423721313,0.007063011638820171
matched_detected,BraTS-GLI-00089-000,1,18855,1.0,0.9551286697387695,1.0,0.02398936077952385
matched_detected,BraTS-GLI-01458-000,1,16870,1.0,0.7900597453117371,1.0,0.10578048229217529
matched_detected,BraTS-GLI-01458-000,6,13,0.9999998807907104,0.999996542930603,1.0,0.35950973629951477
matched_detected,BraTS-GLI-01458-000,30,8,0.9986942410469055,0.6516320705413818,0.9993612170219421,0.1960265040397644
matched_detected,BraTS-GLI-01493-000,1,18078,1.0,0.860061526298523,1.0,0.04817020893096924
matched_detected,BraTS-GLI-01401-000,1,22829,1.0,0.9620168805122375,0.9999992847442627,0.01022355817258358
matched_detected,BraTS-GLI-01401-000,2,14,0.9999901056289673,0.9988062977790833,0.9993733763694763,0.08504032343626022
matched_detected,BraTS-GLI-00645-001,1,10273,1.0,0.988650918006897,0.9999953508377075,0.06111523509025574
matched_detected,BraTS-GLI-00316-000,1,11698,1.0,0.9729849696159363,1.0,0.037476547062397
matched_detected,BraTS-GLI-00060-000,1,61813,1.0,0.871505081653595,1.0,0.05567348003387451
matched_detected,BraTS-GLI-00060-000,6,8,0.98487788438797,0.5236489772796631,0.09644396603107452,0.0016571403248235583
matched_detected,BraTS-GLI-01135-000,1,37450,1.0,0.9060312509536743,1.0,0.020004240795969963
matched_detected,BraTS-GLI-01135-000,10,6,0.9999710321426392,0.6898711323738098,1.0,0.19767123460769653
matched_detected,BraTS-GLI-01135-000,14,12,0.9999998807907104,0.9999988675117493,1.0,0.5310957431793213
matched_detected,BraTS-GLI-01135-000,16,8,1.0,0.8757374882698059,1.0,0.4057437479496002
matched_detected,BraTS-GLI-00022-000,1,47471,1.0,0.8381702899932861,0.9999998807907104,0.05745181813836098
matched_detected,BraTS-GLI-00022-000,2,372,1.0,0.8654364943504333,0.9999996423721313,0.05296381935477257
matched_detected,BraTS-GLI-00022-000,5,10,0.9999548196792603,0.9049884676933289,0.9996848106384277,0.009114616550505161
matched_detected,BraTS-GLI-00676-001,1,21029,1.0,0.9053104519844055,1.0,0.02742517925798893
matched_detected,BraTS-GLI-00676-001,13,15,0.9999998807907104,0.8271961808204651,0.9557206034660339,0.0058076707646250725
matched_detected,BraTS-GLI-01231-000,1,5697,1.0,0.8548000454902649,1.0,0.04692059010267258
matched_detected,BraTS-GLI-00608-000,1,43986,1.0,0.5130037665367126,0.9832276105880737,0.0006557874730788171
matched_detected,BraTS-GLI-00608-000,10,8,0.9121015667915344,0.22167256474494934,0.3613905906677246,0.006352385971695185
matched_detected,BraTS-GLI-00688-000,1,6309,1.0,0.8221083879470825,0.9999946355819702,0.008888251148164272
matched_detected,BraTS-GLI-00468-000,1,52078,1.0,0.7046190500259399,1.0,0.03849438577890396
matched_detected,BraTS-GLI-01341-000,1,2855,1.0,0.8928415179252625,1.0,0.048578426241874695
matched_detected,BraTS-GLI-00053-000,1,27948,1.0,0.8345850110054016,1.0,0.06012372300028801
matched_detected,BraTS-GLI-00053-000,2,7,0.9956181049346924,0.9431024789810181,0.9005429744720459,0.02421829104423523
matched_detected,BraTS-GLI-00053-000,4,15,0.9999759197235107,0.806215226650238,0.9937912821769714,0.004787323530763388
matched_detected,BraTS-GLI-00233-000,1,19806,1.0,0.9588243365287781,1.0,0.02532181143760681
matched_detected,BraTS-GLI-00481-000,1,23463,1.0,0.8004873991012573,1.0,0.06598709523677826
matched_detected,BraTS-GLI-01442-000,1,38397,1.0,0.8431171178817749,1.0,0.011057721450924873
matched_detected,BraTS-GLI-00569-000,1,31529,1.0,0.8986884951591492,0.9999998807907104,0.010027378797531128
matched_detected,BraTS-GLI-00590-000,1,10068,1.0,0.9004943370819092,0.9999502897262573,0.009728927165269852
matched_detected,BraTS-GLI-00590-000,2,2401,1.0,0.8596744537353516,1.0,0.010740724392235279
matched_detected,BraTS-GLI-00533-000,1,22728,1.0,0.9447451829910278,1.0,0.11304712295532227
matched_detected,BraTS-GLI-01386-000,1,16436,1.0,0.9589543342590332,1.0,0.02675425447523594
matched_detected,BraTS-GLI-00426-000,1,36031,1.0,0.9745572805404663,1.0,0.0332452766597271
matched_detected,BraTS-GLI-00454-000,1,37613,1.0,0.9209996461868286,0.9999784231185913,0.009381699375808239
matched_detected,BraTS-GLI-00454-000,4,5,0.9852617383003235,0.6028119325637817,0.7829618453979492,0.016395650804042816
matched_detected,BraTS-GLI-00454-000,5,119,1.0,0.9364877939224243,0.9826390743255615,0.01387433335185051
matched_detected,BraTS-GLI-00106-000,1,46854,1.0,0.9403725266456604,1.0,0.2613385021686554
matched_detected,BraTS-GLI-01521-000,4,177,0.9999983310699463,0.7383772730827332,0.07027608901262283,0.00019391212845221162
matched_detected,BraTS-GLI-01521-000,7,414,1.0,0.9649179577827454,0.9999957084655762,0.14893738925457
matched_detected,BraTS-GLI-01521-000,8,40,0.9999936819076538,0.8722627758979797,0.9999802112579346,0.08263085782527924
matched_detected,BraTS-GLI-01387-000,4,761,1.0,0.9317967295646667,0.999914288520813,0.0073618642054498196
matched_detected,BraTS-GLI-01387-000,6,3679,1.0,0.956524133682251,0.9999973773956299,0.023711752146482468
matched_detected,BraTS-GLI-01469-000,2,4937,1.0,0.7214395403862,0.9999998807907104,0.014365311712026596
matched_detected,BraTS-GLI-01206-000,1,23608,1.0,0.9300937056541443,1.0,0.2694544792175293
matched_detected,BraTS-GLI-01206-000,3,9,0.9999970197677612,0.7118422389030457,1.0,0.4119372069835663
matched_detected,BraTS-GLI-01206-000,19,31,1.0,0.885987401008606,1.0,0.5469046235084534
matched_detected,BraTS-GLI-00730-001,1,18672,1.0,0.9680064916610718,1.0,0.072848379611969
matched_detected,BraTS-GLI-01296-000,1,26819,1.0,0.9831473231315613,1.0,0.09993205964565277
matched_detected,BraTS-GLI-01296-000,2,23,0.9999998807907104,0.8592344522476196,0.9999915361404419,0.03963664174079895
matched_detected,BraTS-GLI-01020-000,1,37831,1.0,0.9700028896331787,0.9999997615814209,0.02891501784324646
matched_detected,BraTS-GLI-01020-000,2,18,1.0,0.9990313053131104,0.9935407042503357,0.02348242700099945
matched_detected,BraTS-GLI-01490-000,3,7513,1.0,0.5881600379943848,0.9999998807907104,0.01212730910629034
matched_detected,BraTS-GLI-01395-000,2,1730,1.0,0.3911474347114563,0.8506338000297546,0.0005506390589289367
matched_detected,BraTS-GLI-00686-000,1,52607,1.0,0.8954339027404785,0.9999992847442627,0.10826186090707779
matched_detected,BraTS-GLI-00686-000,11,17,0.9997212290763855,0.9658316373825073,0.9994578957557678,0.05357559770345688
matched_detected,BraTS-GLI-00686-000,12,48,1.0,0.9998493194580078,0.9999980926513672,0.42381542921066284
matched_detected,BraTS-GLI-00686-000,13,17,0.9999657869338989,0.990847647190094,0.9999290704727173,0.12877750396728516
matched_detected,BraTS-GLI-01487-000,1,6642,1.0,0.9987339973449707,1.0,0.27082961797714233
matched_detected,BraTS-GLI-00048-000,1,6533,1.0,0.8645998239517212,0.9999997615814209,0.004400584381073713
matched_detected,BraTS-GLI-00773-000,1,40306,1.0,0.8557680249214172,0.9999982118606567,0.011811286211013794
matched_detected,BraTS-GLI-00773-000,4,8141,1.0,0.7608341574668884,0.9999995231628418,0.03163222596049309
matched_detected,BraTS-GLI-00138-000,1,11914,1.0,0.939464271068573,1.0,0.15316952764987946
matched_detected,BraTS-GLI-00028-000,1,5043,1.0,0.7820432782173157,0.9997419714927673,0.016523286700248718
matched_detected,BraTS-GLI-00031-000,1,12694,1.0,0.7384001016616821,0.9999969005584717,0.013659274205565453
matched_detected,BraTS-GLI-00346-000,1,2245,1.0,0.9138096570968628,0.8689785599708557,0.0010976220946758986
matched_detected,BraTS-GLI-00478-000,1,22742,1.0,0.8850586414337158,1.0,0.026006117463111877
matched_detected,BraTS-GLI-01073-000,1,22432,1.0,0.9909166693687439,1.0,0.12126101553440094
matched_detected,BraTS-GLI-01045-000,1,36081,1.0,0.9823440909385681,1.0,0.10217005759477615
matched_detected,BraTS-GLI-01045-000,3,12,1.0,0.9134905338287354,0.9996422529220581,0.02155449241399765
matched_detected,BraTS-GLI-01045-000,4,9,0.9998278617858887,0.8897320628166199,0.94161456823349,0.016484418883919716
matched_detected,BraTS-GLI-00095-001,1,42333,1.0,0.8871663808822632,0.9999970197677612,0.003917076624929905
matched_detected,BraTS-GLI-01317-000,1,39120,1.0,0.9433092474937439,1.0,0.02322545275092125
matched_detected,BraTS-GLI-01034-000,1,1603,1.0,0.6120440363883972,1.0,0.03548302873969078
matched_detected,BraTS-GLI-00804-000,1,53166,1.0,0.9478521347045898,1.0,0.012200512923300266
matched_detected,BraTS-GLI-01265-000,1,30480,1.0,0.9016628265380859,1.0,0.07309926301240921
matched_detected,BraTS-GLI-01058-000,1,29326,1.0,0.9455822110176086,1.0,0.04442043602466583
matched_detected,BraTS-GLI-00206-000,1,11189,1.0,0.9965033531188965,1.0,0.1059299111366272
matched_detected,BraTS-GLI-00195-000,1,4361,1.0,0.9488571882247925,1.0,0.08950679749250412
matched_detected,BraTS-GLI-00806-000,1,79448,1.0,0.9432904720306396,1.0,0.0690956711769104
matched_detected,BraTS-GLI-00674-001,1,14196,1.0,0.9550544023513794,1.0,0.018908437341451645
matched_detected,BraTS-GLI-00674-001,2,7692,1.0,0.9504302144050598,1.0,0.05331886187195778
matched_detected,BraTS-GLI-01228-000,10,13787,1.0,0.8935256004333496,1.0,0.3663632273674011
matched_detected,BraTS-GLI-01228-000,57,2308,1.0,0.6661890149116516,1.0,0.049854617565870285
matched_detected,BraTS-GLI-01228-000,59,346,1.0,0.8496527075767517,1.0,0.0737634226679802
matched_detected,BraTS-GLI-01010-000,1,16068,1.0,0.9824263453483582,1.0,0.06426742672920227
matched_detected,BraTS-GLI-00378-000,1,3479,1.0,0.9092953205108643,1.0,0.04841785877943039
matched_detected,BraTS-GLI-00378-000,2,5,0.9990129470825195,0.9529278874397278,0.9801216125488281,0.05336122587323189
matched_detected,BraTS-GLI-00378-000,3,119,1.0,0.9021199345588684,0.10262810438871384,0.0005269254324957728
matched_detected,BraTS-GLI-00680-000,1,16494,1.0,0.8821886777877808,0.99988853931427,0.012684006243944168
matched_detected,BraTS-GLI-00074-000,1,781,1.0,0.9516714215278625,1.0,0.24877271056175232
matched_detected,BraTS-GLI-00074-000,2,26412,1.0,0.8129062652587891,0.9999996423721313,0.00954148918390274
matched_detected,BraTS-GLI-01287-000,1,14107,1.0,0.9530224204063416,1.0,0.036240097135305405
matched_detected,BraTS-GLI-00667-000,1,8378,1.0,0.9326313734054565,0.9999337196350098,0.01318665873259306
matched_detected,BraTS-GLI-00120-000,1,39089,1.0,0.9014652371406555,1.0,0.1015765517950058
matched_detected,BraTS-GLI-00500-000,1,12960,1.0,0.7175013422966003,1.0,0.028966983780264854
matched_detected,BraTS-GLI-00500-000,2,3894,1.0,0.9665756821632385,1.0,0.09788622707128525
matched_detected,BraTS-GLI-00239-000,4,77,0.9996005892753601,0.6032097935676575,0.9757617115974426,0.012348382733762264
matched_detected,BraTS-GLI-00239-000,23,4375,1.0,0.6798108220100403,0.9994012117385864,0.00789174996316433
matched_detected,BraTS-GLI-00661-000,1,26661,1.0,0.8815714120864868,0.9999988079071045,0.010985657572746277
matched_detected,BraTS-GLI-00376-000,1,2477,1.0,0.9513829946517944,0.9993405938148499,0.008311806246638298
matched_detected,BraTS-GLI-00446-000,1,70862,1.0,0.9293696284294128,1.0,0.025885844603180885
matched_detected,BraTS-GLI-01337-000,1,20760,1.0,0.9675261974334717,1.0,0.030820509418845177
matched_detected,BraTS-GLI-01657-000,1,12660,1.0,0.9853476881980896,1.0,0.03954419866204262
matched_detected,BraTS-GLI-01418-000,1,36476,1.0,0.9672577977180481,1.0,0.20740342140197754
matched_detected,BraTS-GLI-01418-000,11,8,0.9993983507156372,0.6915630102157593,0.9996724128723145,0.06007613614201546
matched_detected,BraTS-GLI-00112-000,1,6996,1.0,0.9382043480873108,1.0,0.23849578201770782
matched_detected,BraTS-GLI-01438-000,1,5141,1.0,0.7915533781051636,0.9999961853027344,0.0291460994631052
matched_detected,BraTS-GLI-01285-000,1,24154,1.0,0.8589134216308594,0.9999995231628418,0.023087484762072563
matched_detected,BraTS-GLI-01220-000,1,10958,1.0,0.9614989757537842,1.0,0.06096861883997917
matched_detected,BraTS-GLI-01108-000,1,4400,1.0,0.9310363531112671,1.0,0.03340120613574982
matched_detected,BraTS-GLI-00606-000,1,81837,1.0,0.8990028500556946,0.9999979734420776,0.015290653333067894
matched_detected,BraTS-GLI-00606-000,32,7,0.9824535846710205,0.806202232837677,0.7056483626365662,0.00593196414411068
matched_detected,BraTS-GLI-00606-000,41,7,0.9678977131843567,0.5640198588371277,0.7527100443840027,0.007076708599925041
matched_detected,BraTS-GLI-00606-000,42,22,0.9993091821670532,0.5688559412956238,0.0744742900133133,0.0005027782754041255
matched_detected,BraTS-GLI-00750-000,1,11199,1.0,0.9362919926643372,0.9999995231628418,0.028970057144761086
matched_detected,BraTS-GLI-00429-000,1,2939,1.0,0.9007934927940369,0.8753881454467773,0.00037439088919200003
matched_detected,BraTS-GLI-00429-000,2,39369,1.0,0.9814756512641907,0.9999979734420776,0.06968436390161514
matched_detected,BraTS-GLI-01237-000,1,24030,1.0,0.963127613067627,1.0,0.2674867808818817
matched_detected,BraTS-GLI-01237-000,49,7,0.9999998807907104,0.697181224822998,0.9999889135360718,0.13616444170475006
matched_detected,BraTS-GLI-01237-000,70,5,1.0,0.999961256980896,1.0,0.44659000635147095
matched_detected,BraTS-GLI-01237-000,71,5,0.9999995231628418,0.9018459320068359,1.0,0.3987061381340027
matched_detected,BraTS-GLI-01455-000,1,47283,1.0,0.9874059557914734,1.0,0.22381706535816193
matched_detected,BraTS-GLI-00575-000,1,46521,1.0,0.9563365578651428,1.0,0.04386291280388832
matched_detected,BraTS-GLI-00360-000,1,46086,1.0,0.991475522518158,1.0,0.051225002855062485
matched_detected,BraTS-GLI-00742-000,1,18510,1.0,0.602828323841095,0.9999948740005493,0.01051151193678379
matched_detected,BraTS-GLI-00742-000,6,13,0.9998781681060791,0.8503040671348572,0.15735502541065216,0.0018045655451714993
matched_detected,BraTS-GLI-01355-000,1,16856,1.0,0.9832651615142822,1.0,0.03316817060112953
matched_detected,BraTS-GLI-01256-000,1,28341,1.0,0.9441321492195129,1.0,0.07685989141464233
matched_detected,BraTS-GLI-01256-000,31,8,0.9999232292175293,0.9909189939498901,0.9997290968894958,0.20513750612735748
matched_detected,BraTS-GLI-01256-000,41,6,0.9999923706054688,0.9885094165802002,0.9998691082000732,0.3319627642631531
matched_detected,BraTS-GLI-01086-000,1,8778,1.0,0.9572875499725342,1.0,0.09316034615039825
matched_detected,BraTS-GLI-01086-000,3,8,0.9995455145835876,0.7604365348815918,1.0,0.4506053328514099
matched_detected,BraTS-GLI-01086-000,5,5,0.9999560117721558,0.7665188908576965,1.0,0.34500110149383545
matched_detected,BraTS-GLI-00479-000,1,21450,1.0,0.9238831400871277,1.0,0.031822703778743744
matched_detected,BraTS-GLI-00694-000,1,1484,1.0,0.8624603152275085,0.9999799728393555,0.009904274716973305
matched_detected,BraTS-GLI-00058-000,1,7997,1.0,0.8359208703041077,0.9999997615814209,0.004806254059076309
matched_detected,BraTS-GLI-01022-000,1,19071,1.0,0.9476178288459778,0.9999945163726807,0.020573118701577187
matched_detected,BraTS-GLI-00430-000,1,10911,1.0,0.8665894269943237,1.0,0.009477549232542515
matched_detected,BraTS-GLI-00059-000,1,23134,1.0,0.8912633657455444,1.0,0.017616933211684227
matched_detected,BraTS-GLI-00115-000,1,31447,1.0,0.9138919115066528,0.9999998807907104,0.01895361766219139
matched_detected,BraTS-GLI-00115-000,5,80,1.0,0.94850093126297,0.9981770515441895,0.0403788723051548
matched_detected,BraTS-GLI-01443-000,1,21127,1.0,0.7412199974060059,1.0,0.02537846565246582
matched_detected,BraTS-GLI-00736-000,1,11612,1.0,0.7084869146347046,0.9999822378158569,0.01347347255796194
matched_detected,BraTS-GLI-01029-000,1,5632,1.0,0.9602810144424438,0.9997135996818542,0.02356787957251072
matched_detected,BraTS-GLI-00596-000,1,28376,1.0,0.9321888089179993,1.0,0.03860481455922127
matched_detected,BraTS-GLI-01217-000,1,6866,1.0,0.9629490971565247,1.0,0.14632602035999298
matched_detected,BraTS-GLI-00706-000,1,52438,1.0,0.7886930108070374,0.9999997615814209,0.01469050720334053
matched_detected,BraTS-GLI-00705-000,1,3317,1.0,0.6646047234535217,1.0,0.014604154042899609
matched_detected,BraTS-GLI-00795-000,1,16887,1.0,0.792935311794281,1.0,0.04856162518262863
matched_detected,BraTS-GLI-00795-000,2,170,0.9999964237213135,0.835966944694519,0.9846020936965942,0.008615306578576565
matched_detected,BraTS-GLI-01370-000,1,2265,1.0,0.6152503490447998,1.0,0.009389315731823444
matched_detected,BraTS-GLI-01247-000,1,51,0.9999998807907104,0.7030103802680969,1.0,0.1273517906665802
matched_detected,BraTS-GLI-01247-000,2,1121,1.0,0.9514256119728088,1.0,0.1280239224433899
matched_detected,BraTS-GLI-00571-000,1,16716,1.0,0.9390383362770081,1.0,0.06072113662958145
matched_detected,BraTS-GLI-01112-000,1,51106,1.0,0.6571825742721558,1.0,0.030727826058864594
matched_detected,BraTS-GLI-01112-000,6,51,0.9999673366546631,0.7137331962585449,0.4753018617630005,0.002082838909700513
matched_detected,BraTS-GLI-01066-000,1,19081,1.0,0.9537250399589539,1.0,0.03550167754292488
matched_detected,BraTS-GLI-01102-000,1,4864,1.0,0.986506998538971,0.9999992847442627,0.05483732372522354
matched_detected,BraTS-GLI-01417-000,1,21671,1.0,0.8904174566268921,1.0,0.10965938121080399
matched_detected,BraTS-GLI-01031-000,1,3113,1.0,0.9886399507522583,0.9999675750732422,0.04486924782395363
matched_detected,BraTS-GLI-01364-000,1,784,1.0,0.91839599609375,1.0,0.07307323068380356
matched_detected,BraTS-GLI-00620-001,1,29264,1.0,0.969927191734314,1.0,0.029451703652739525
matched_detected,BraTS-GLI-01662-000,1,34098,1.0,0.9692339897155762,0.999998927116394,0.07637597620487213
matched_detected,BraTS-GLI-01662-000,4,10,0.9999998807907104,0.9999809265136719,0.9999977350234985,0.11988087743520737
matched_detected,BraTS-GLI-01662-000,7,17,1.0,0.9967248439788818,0.9991039633750916,0.050524789839982986
matched_detected,BraTS-GLI-01101-000,1,60264,1.0,0.9227268695831299,0.9999983310699463,0.011991706676781178
matched_detected,BraTS-GLI-00199-000,1,24751,1.0,0.9344115853309631,1.0,0.023512298241257668
matched_detected,BraTS-GLI-01298-000,1,21947,1.0,0.9251035451889038,1.0,0.01470241416245699
matched_detected,BraTS-GLI-00772-001,1,7275,1.0,0.8341957926750183,0.999849796295166,0.004904820118099451
matched_detected,BraTS-GLI-00444-000,1,16734,1.0,0.9480547308921814,1.0,0.1798371970653534
matched_detected,BraTS-GLI-00650-000,2,6151,1.0,0.9838245511054993,0.9999996423721313,0.038691215217113495
matched_detected,BraTS-GLI-00650-000,3,8884,1.0,0.9801715016365051,0.9999758005142212,0.02021166682243347
matched_detected,BraTS-GLI-00650-000,4,559,1.0,0.8927184343338013,0.9944031238555908,0.009504206478595734
matched_detected,BraTS-GLI-00650-000,5,1275,1.0,0.9494709372520447,0.9999982118606567,0.0072718895971775055
matched_detected,BraTS-GLI-00271-000,1,31849,1.0,0.9175592064857483,1.0,0.02848515287041664
matched_detected,BraTS-GLI-00718-000,1,30171,1.0,0.8756161332130432,1.0,0.0426412895321846
matched_detected,BraTS-GLI-00805-000,1,3287,1.0,0.6223031878471375,0.9837928414344788,0.0010633758502081037
matched_detected,BraTS-GLI-00514-000,1,9032,1.0,0.9585577249526978,1.0,0.020423581823706627
matched_detected,BraTS-GLI-00253-000,1,2785,1.0,0.9467638731002808,0.9999996423721313,0.01343468576669693
matched_detected,BraTS-GLI-01205-000,4,8271,1.0,0.9078081250190735,1.0,0.19809332489967346
matched_detected,BraTS-GLI-00784-000,1,43350,1.0,0.9812024235725403,1.0,0.10544414073228836
matched_detected,BraTS-GLI-00391-000,1,31507,1.0,0.9136866927146912,1.0,0.14480726420879364
matched_detected,BraTS-GLI-01457-000,1,25910,1.0,0.8263237476348877,1.0,0.06090725213289261
matched_detected,BraTS-GLI-00160-000,1,3320,1.0,0.9291520714759827,1.0,0.06021150201559067
matched_detected,BraTS-GLI-00369-000,1,13789,1.0,0.9594134092330933,0.9999802112579346,0.02017875388264656
matched_detected,BraTS-GLI-01303-000,1,19695,1.0,0.8796625137329102,1.0,0.020526260137557983
matched_detected,BraTS-GLI-00808-000,1,39441,1.0,0.8378974795341492,1.0,0.04114033281803131
matched_detected,BraTS-GLI-01092-000,1,35907,1.0,0.9610946774482727,0.9999097585678101,0.0054223258048295975
matched_detected,BraTS-GLI-01329-000,1,17569,1.0,0.9675168991088867,0.9999971389770508,0.06326444447040558
matched_detected,BraTS-GLI-00602-000,3,20170,1.0,0.984286367893219,0.9999996423721313,0.04276333749294281
matched_detected,BraTS-GLI-00602-000,4,1062,1.0,0.9574496150016785,0.9999692440032959,0.020115775987505913
matched_detected,BraTS-GLI-01055-000,1,12439,1.0,0.9572389125823975,1.0,0.03964339196681976
matched_detected,BraTS-GLI-00370-000,1,28971,1.0,0.9562954902648926,1.0,0.04586771875619888
matched_detected,BraTS-GLI-00370-000,2,10,0.9999998807907104,0.9976221323013306,0.9960837364196777,0.047854721546173096
matched_detected,BraTS-GLI-00370-000,3,10,0.9999996423721313,0.9996095895767212,0.9993721842765808,0.0546431764960289
matched_detected,BraTS-GLI-00290-000,1,129,1.0,0.7789551615715027,0.9999833106994629,0.02930445224046707
matched_detected,BraTS-GLI-00290-000,2,6247,1.0,0.993020236492157,1.0,0.16417457163333893
matched_detected,BraTS-GLI-00290-000,4,1645,1.0,0.9758330583572388,1.0,0.10733114182949066
matched_detected,BraTS-GLI-00290-000,14,6,4.6285364078357816e-05,1.6612100807833485e-05,5.40836254003807e-06,1.9423875130542e-07
matched_detected,BraTS-GLI-00379-000,1,5606,1.0,0.7873403429985046,1.0,0.017670143395662308
matched_detected,BraTS-GLI-00414-000,1,30809,1.0,0.8674265146255493,1.0,0.1035107970237732
matched_detected,BraTS-GLI-00414-000,23,244,1.0,0.5963876843452454,0.9998553991317749,0.02435264177620411
matched_detected,BraTS-GLI-00414-000,37,27,0.9999998807907104,0.7292035222053528,0.9984918832778931,0.03122468665242195
matched_detected,BraTS-GLI-00414-000,44,28,0.9999696016311646,0.5802613496780396,0.9991052746772766,0.04940665140748024
matched_detected,BraTS-GLI-00414-000,51,5,0.9878789782524109,0.8993555903434753,0.9974573254585266,0.051900725811719894
matched_detected,BraTS-GLI-00414-000,61,46,0.9999964237213135,0.7093393802642822,0.9895952343940735,0.02361459657549858
matched_detected,BraTS-GLI-00364-000,1,24926,1.0,0.9740565419197083,1.0,0.02640571817755699
matched_detected,BraTS-GLI-00488-000,1,22887,1.0,0.7793309092521667,1.0,0.051599401980638504
matched_detected,BraTS-GLI-00269-000,1,23822,1.0,0.9140308499336243,0.999990701675415,0.025999749079346657
matched_detected,BraTS-GLI-01518-000,12,724,1.0,0.7565762996673584,0.9999982118606567,0.045144595205783844
matched_detected,BraTS-GLI-01003-000,1,32710,1.0,0.8937494158744812,1.0,0.170670747756958
matched_detected,BraTS-GLI-01003-000,14,5,0.999876856803894,0.9914537668228149,0.9999983310699463,0.15440799295902252
matched_detected,BraTS-GLI-01003-000,15,81,1.0,0.9684579968452454,0.9999995231628418,0.2200111448764801
matched_detected,BraTS-GLI-01003-000,18,81,1.0,0.9709843993186951,1.0,0.37364110350608826
matched_detected,BraTS-GLI-01003-000,21,51,1.0,0.9816254377365112,0.9999998807907104,0.24971532821655273
matched_detected,BraTS-GLI-01003-000,22,26,0.9999904632568359,0.8142494559288025,0.9999943971633911,0.20809033513069153
matched_detected,BraTS-GLI-01003-000,25,94,1.0,0.8887578845024109,1.0,0.18406428396701813
matched_detected,BraTS-GLI-01003-000,31,25,1.0,1.0,1.0,0.38156428933143616
matched_detected,BraTS-GLI-00147-000,1,34360,1.0,0.7712815403938293,1.0,0.001415513688698411
matched_detected,BraTS-GLI-00507-000,1,16334,1.0,0.7937706112861633,0.9999996423721313,0.009418626315891743
matched_detected,BraTS-GLI-00306-000,1,24732,1.0,0.951578676700592,1.0,0.020474852994084358
matched_detected,BraTS-GLI-01084-000,1,16764,1.0,0.9676085710525513,1.0,0.0696450024843216
matched_detected,BraTS-GLI-00470-000,1,26363,1.0,0.8764680624008179,1.0,0.09318285435438156
matched_detected,BraTS-GLI-00470-000,2,9,0.999997615814209,0.9920141696929932,0.9999984502792358,0.21715904772281647
matched_detected,BraTS-GLI-00518-001,1,12460,1.0,0.9304875731468201,1.0,0.02114957943558693
matched_detected,BraTS-GLI-01351-000,1,20637,1.0,0.9469274878501892,1.0,0.017100686207413673
matched_detected,BraTS-GLI-01351-000,6,41,0.9999743700027466,0.49490058422088623,0.013965391553938389,0.0001366307697026059
matched_detected,BraTS-GLI-01348-000,1,19491,1.0,0.9864371418952942,1.0,0.05827367305755615
matched_detected,BraTS-GLI-00183-000,1,30287,1.0,0.9495740532875061,1.0,0.018675636500120163
matched_detected,BraTS-GLI-00152-000,2,9712,1.0,0.9224467277526855,1.0,0.20887920260429382
matched_detected,BraTS-GLI-00152-000,25,7,1.0,0.9999995231628418,1.0,0.4222758114337921
matched_detected,BraTS-GLI-00750-001,1,21999,1.0,0.9881847500801086,1.0,0.1834191530942917
matched_detected,BraTS-GLI-01215-000,15,8940,1.0,0.9108208417892456,1.0,0.11514164507389069
matched_detected,BraTS-GLI-01276-000,1,4517,1.0,0.7626078724861145,1.0,0.055082615464925766
matched_detected,BraTS-GLI-01382-000,1,20743,1.0,0.9895535111427307,1.0,0.06212634965777397
matched_detected,BraTS-GLI-00348-000,1,1035,1.0,0.9206187725067139,1.0,0.03133663162589073
matched_detected,BraTS-GLI-00388-000,1,49359,1.0,0.7919596433639526,1.0,0.09411609172821045
matched_detected,BraTS-GLI-00388-000,5,689,1.0,0.9279469847679138,0.9999995231628418,0.1939287781715393
matched_detected,BraTS-GLI-00388-000,6,26,0.9998574256896973,0.9823379516601562,0.9999488592147827,0.15412013232707977
matched_detected,BraTS-GLI-00068-000,1,21537,1.0,0.9060362577438354,0.9999939203262329,0.006648913957178593
matched_detected,BraTS-GLI-00550-000,1,9891,1.0,0.5208976864814758,1.0,0.10551902651786804
matched_detected,BraTS-GLI-01053-000,13,5,1.0,0.9999998211860657,1.0,0.6930733323097229
matched_detected,BraTS-GLI-01053-000,15,19,0.9999985694885254,0.9999605417251587,1.0,0.5872231721878052
matched_detected,BraTS-GLI-01053-000,24,712,1.0,0.8586440086364746,0.9999258518218994,0.03002726286649704
matched_detected,BraTS-GLI-01053-000,28,1445,1.0,0.7915919423103333,1.0,0.08496403694152832
matched_detected,BraTS-GLI-01053-000,29,21,0.999994158744812,0.789533793926239,0.9999998807907104,0.2138449251651764
matched_detected,BraTS-GLI-01053-000,30,13,0.9993883371353149,0.9274328947067261,0.9998631477355957,0.1832658350467682
matched_detected,BraTS-GLI-01053-000,43,19692,1.0,0.952400267124176,0.9999998807907104,0.08297155052423477
matched_detected,BraTS-GLI-01053-000,44,9,0.9835702180862427,0.5278774499893188,0.0054931859485805035,0.00016612443141639233
matched_detected,BraTS-GLI-01053-000,48,64,1.0,0.9836305379867554,1.0,0.2635601758956909
matched_detected,BraTS-GLI-01053-000,53,75,0.9999986886978149,0.7214459180831909,0.9996693134307861,0.05200628191232681
matched_detected,BraTS-GLI-00303-000,1,27503,1.0,0.9849656820297241,1.0,0.07907751947641373
matched_detected,BraTS-GLI-01420-000,1,4467,1.0,0.8389678597450256,1.0,0.046563249081373215
matched_detected,BraTS-GLI-00298-000,1,10956,1.0,0.9810651540756226,1.0,0.023970862850546837
matched_detected,BraTS-GLI-00756-000,1,49561,1.0,0.8768065571784973,1.0,0.05018959939479828
matched_detected,BraTS-GLI-00101-000,1,25568,1.0,0.9447739720344543,1.0,0.056396737694740295
matched_detected,BraTS-GLI-00219-000,1,5288,1.0,0.9738477468490601,0.9999986886978149,0.015427544713020325
matched_detected,BraTS-GLI-00395-000,1,542,1.0,0.9629713892936707,1.0,0.0667567104101181
matched_detected,BraTS-GLI-00395-000,2,26641,1.0,0.9386221766471863,1.0,0.01801958493888378
matched_detected,BraTS-GLI-01234-000,1,9115,1.0,0.8741859793663025,1.0,0.17457489669322968
matched_detected,BraTS-GLI-00188-000,1,27215,1.0,0.9469799399375916,0.999992847442627,0.012248735874891281
matched_detected,BraTS-GLI-01453-000,1,5096,1.0,0.8788535594940186,1.0,0.06196676939725876
matched_detected,BraTS-GLI-00273-000,1,25150,1.0,0.925861656665802,0.9999994039535522,0.014876611530780792
matched_detected,BraTS-GLI-00548-001,1,43527,1.0,0.9809317588806152,0.9999995231628418,0.042804259806871414
matched_detected,BraTS-GLI-01320-000,1,52509,1.0,0.9221124649047852,1.0,0.01065379660576582
matched_detected,BraTS-GLI-00177-000,1,35983,1.0,0.9196940660476685,1.0,0.011087683960795403
matched_detected,BraTS-GLI-00177-000,2,6,0.9999998807907104,0.9952605366706848,1.0,0.1506355255842209
matched_detected,BraTS-GLI-00177-000,18,15,0.999995231628418,0.855530321598053,0.9226756691932678,0.01329965889453888
matched_detected,BraTS-GLI-00177-000,23,6,0.8964627385139465,0.6041626334190369,0.8466290235519409,0.010758941993117332
matched_detected,BraTS-GLI-01042-000,1,24740,1.0,0.9630014896392822,1.0,0.05922354385256767
matched_detected,BraTS-GLI-01042-000,6,14,0.9998119473457336,0.7898958921432495,0.9808145761489868,0.012228121049702168
matched_detected,BraTS-GLI-01042-000,8,113,1.0,0.8685542345046997,0.9999974966049194,0.02709841914474964
matched_detected,BraTS-GLI-00301-000,1,24016,1.0,0.9686890840530396,1.0,0.036377713084220886
matched_detected,BraTS-GLI-00301-000,3,6,1.0,0.8330283164978027,0.9999526739120483,0.1302529275417328
matched_detected,BraTS-GLI-00800-000,1,12598,1.0,0.9513607025146484,1.0,0.059200190007686615
matched_detected,BraTS-GLI-01188-000,1,8169,1.0,0.8535482287406921,1.0,0.04762662947177887
matched_detected,BraTS-GLI-00240-000,1,22004,1.0,0.983397901058197,1.0,0.16980095207691193
matched_detected,BraTS-GLI-00646-000,1,55299,1.0,0.954878032207489,1.0,0.010414582677185535
matched_detected,BraTS-GLI-00646-000,2,107,0.9999998807907104,0.7111902236938477,0.9215671420097351,0.006285469047725201
matched_detected,BraTS-GLI-01462-000,1,18341,1.0,0.9095871448516846,1.0,0.15640805661678314
matched_detected,BraTS-GLI-00485-001,2,275,1.0,0.8408801555633545,0.8929794430732727,0.003130682511255145
matched_detected,BraTS-GLI-00485-001,3,2081,1.0,0.9513911604881287,0.9999324083328247,0.014633109793066978
matched_detected,BraTS-GLI-00485-001,5,63,0.9999991655349731,0.7274969220161438,0.9930428266525269,0.009267139248549938
matched_detected,BraTS-GLI-01272-000,3,7927,1.0,0.9274449944496155,1.0,0.10777929425239563
matched_detected,BraTS-GLI-00456-000,1,24426,1.0,0.8791443109512329,1.0,0.016789229586720467
matched_detected,BraTS-GLI-00733-000,1,20642,1.0,0.8847306370735168,0.9999997615814209,0.03139657527208328
matched_detected,BraTS-GLI-00322-000,1,28258,1.0,0.9173476099967957,0.9999921321868896,0.010920047760009766
matched_detected,BraTS-GLI-00322-000,5,14025,1.0,0.9278287887573242,0.999966025352478,0.008119963109493256
matched_detected,BraTS-GLI-01292-000,1,42115,1.0,0.9344679117202759,1.0,0.08262551575899124
matched_detected,BraTS-GLI-00654-001,1,17304,1.0,0.8728727698326111,0.9996863603591919,0.005395067390054464
matched_detected,BraTS-GLI-00654-001,2,2700,1.0,0.7145946621894836,0.9999275207519531,0.004546100273728371
matched_detected,BraTS-GLI-00654-001,4,31,1.0,0.8751777410507202,0.940924346446991,0.02136211469769478
matched_detected,BraTS-GLI-00494-000,1,21344,1.0,0.884019672870636,1.0,0.017934095114469528
matched_detected,BraTS-GLI-01332-000,1,20243,1.0,0.9806461930274963,1.0,0.09346973896026611
matched_detected,BraTS-GLI-01299-000,1,3945,1.0,0.968801736831665,0.9999998807907104,0.043136488646268845
matched_detected,BraTS-GLI-01299-000,2,5853,1.0,0.9435692429542542,1.0,0.06071964651346207
matched_detected,BraTS-GLI-01299-000,3,39,0.9999994039535522,0.9731284976005554,0.9999984502792358,0.16080963611602783
matched_detected,BraTS-GLI-00683-001,1,66804,1.0,0.9680360555648804,1.0,0.024506714195013046
matched_detected,BraTS-GLI-00683-001,2,5,0.9970566034317017,0.7348967790603638,0.9803533554077148,0.022579988464713097
matched_detected,BraTS-GLI-00683-001,24,10,0.9996122717857361,0.5472752451896667,0.7483546137809753,0.020685136318206787
matched_detected,BraTS-GLI-00683-001,35,10,0.9991633892059326,0.5714704990386963,0.5495139956474304,0.0043017202988266945
matched_detected,BraTS-GLI-00683-001,36,7,0.9997287392616272,0.824026882648468,0.3124077618122101,0.0024807287845760584
matched_detected,BraTS-GLI-01352-000,1,8053,1.0,0.789521336555481,0.999995231628418,0.03299061954021454
matched_detected,BraTS-GLI-01352-000,12,1306,1.0,0.5228918194770813,0.999448835849762,0.0075293974950909615
matched_detected,BraTS-GLI-01196-000,3,16847,1.0,0.8389043211936951,1.0,0.03155806288123131
matched_detected,BraTS-GLI-00211-000,1,33288,1.0,0.939421534538269,1.0,0.0243053138256073
matched_detected,BraTS-GLI-00716-000,1,12389,1.0,0.914990246295929,0.9999994039535522,0.022850602865219116
matched_detected,BraTS-GLI-01238-000,3,19788,1.0,0.8859373927116394,1.0,0.13324011862277985
matched_detected,BraTS-GLI-01190-000,1,65090,1.0,0.966827929019928,1.0,0.10090230405330658
matched_detected,BraTS-GLI-00517-001,1,16834,1.0,0.9509055018424988,1.0,0.03956751525402069
matched_detected,BraTS-GLI-01137-000,1,13547,1.0,0.5913110971450806,0.9999779462814331,0.0011307414388284087
matched_detected,BraTS-GLI-00096-001,1,14442,1.0,0.942883312702179,0.9999445676803589,0.006731455679982901
matched_detected,BraTS-GLI-00775-001,1,2896,1.0,0.9069148898124695,0.9270650148391724,0.0013224990107119083
matched_detected,BraTS-GLI-00775-001,3,5453,1.0,0.9398458003997803,0.9999978542327881,0.012188763357698917
matched_detected,BraTS-GLI-00419-000,1,3966,1.0,0.9124369621276855,1.0,0.05192616581916809
matched_detected,BraTS-GLI-01170-000,1,6536,1.0,0.678888738155365,0.999624490737915,0.009839663282036781
matched_detected,BraTS-GLI-01170-000,3,8253,1.0,0.8119449615478516,0.9999986886978149,0.045931730419397354
matched_detected,BraTS-GLI-00999-000,3,16696,1.0,0.8746674060821533,1.0,0.12985464930534363
matched_detected,BraTS-GLI-00999-000,6,21,0.9995393753051758,0.5680728554725647,0.9999377727508545,0.032040730118751526
matched_detected,BraTS-GLI-00999-000,7,6,0.9999918937683105,0.9967226386070251,0.9999998807907104,0.37094804644584656
matched_detected,BraTS-GLI-00999-000,8,9,0.999997615814209,0.9855729341506958,1.0,0.10811231285333633
matched_detected,BraTS-GLI-00999-000,52,15,0.9964430928230286,0.7559827566146851,0.9999380111694336,0.03761856630444527
matched_detected,BraTS-GLI-00999-000,53,18,0.999997615814209,0.7282455563545227,1.0,0.4891678988933563
matched_detected,BraTS-GLI-00999-000,58,6,0.9983832836151123,0.4946148097515106,0.9999380111694336,0.06781978905200958
matched_detected,BraTS-GLI-00793-000,1,46607,1.0,0.7521530389785767,0.9999679327011108,0.0015657279873266816
matched_detected,BraTS-GLI-01210-000,1,6447,1.0,0.8555320501327515,1.0,0.05920593813061714
matched_detected,BraTS-GLI-01481-000,1,2575,1.0,0.9983546137809753,1.0,0.20389476418495178
matched_detected,BraTS-GLI-00791-000,1,46028,1.0,0.945245087146759,1.0,0.012079395353794098
matched_detected,BraTS-GLI-00332-000,1,6121,1.0,0.7434194684028625,0.7993357181549072,0.0012308271834626794
matched_detected,BraTS-GLI-00061-000,1,4819,1.0,0.6009048819541931,1.0,0.03612565994262695
matched_detected,BraTS-GLI-00401-000,1,26426,1.0,0.9619033336639404,1.0,0.07826826721429825
matched_detected,BraTS-GLI-00401-000,2,7,0.9994076490402222,0.7819398045539856,0.008154941722750664,0.00011774338781833649
matched_detected,BraTS-GLI-00401-000,6,9,0.9999963045120239,0.8167974948883057,0.9666113257408142,0.02057095430791378
matched_detected,BraTS-GLI-00401-000,8,37,0.9999998807907104,0.935147762298584,0.9999948740005493,0.03763767331838608
matched_detected,BraTS-GLI-00401-000,11,9,0.9999959468841553,0.8790680170059204,0.9999953508377075,0.3212866187095642
matched_detected,BraTS-GLI-00401-000,13,28,0.9999983310699463,0.6904953718185425,0.9386071562767029,0.011439093388617039
matched_detected,BraTS-GLI-00401-000,14,27,0.9999984502792358,0.6297146081924438,0.9519892930984497,0.0033640586771070957
matched_detected,BraTS-GLI-01061-000,1,24706,1.0,0.9410495758056641,1.0,0.019888881593942642
matched_detected,BraTS-GLI-01061-000,2,6,0.9999767541885376,0.9579140543937683,0.9996529817581177,0.05693632364273071
matched_detected,BraTS-GLI-01014-000,1,13259,1.0,0.9852918386459351,1.0,0.03490445017814636
matched_detected,BraTS-GLI-01008-000,1,6227,1.0,0.9569817185401917,0.9999998807907104,0.021243322640657425
matched_detected,BraTS-GLI-01008-000,2,707,1.0,0.9349016547203064,0.9985841512680054,0.004954175092279911
matched_detected,BraTS-GLI-00782-000,1,26035,1.0,0.9984872341156006,1.0,0.15121659636497498
matched_detected,BraTS-GLI-00449-000,1,64613,1.0,0.7904629111289978,0.9999836683273315,0.0032776345033198595
matched_detected,BraTS-GLI-00421-000,1,14978,1.0,0.923920214176178,0.9999998807907104,0.013994414359331131
matched_detected,BraTS-GLI-00397-000,1,60268,1.0,0.9029957056045532,1.0,0.011406944133341312
matched_detected,BraTS-GLI-01013-000,1,7009,1.0,0.9043556451797485,1.0,0.06520870327949524
matched_detected,BraTS-GLI-00698-000,1,42815,1.0,0.89173823595047,0.999992847442627,0.009774653241038322
matched_detected,BraTS-GLI-00477-000,1,34221,1.0,0.920774519443512,1.0,0.02472686767578125
matched_detected,BraTS-GLI-00477-000,3,4379,1.0,0.6214360594749451,0.003861486678943038,3.3031969906005543e-06
matched_detected,BraTS-GLI-00477-000,4,3309,1.0,0.8093134164810181,0.9905511140823364,0.0006188842235133052
matched_detected,BraTS-GLI-00090-001,1,7670,1.0,0.7341237664222717,0.9937680959701538,0.0009833190124481916
matched_detected,BraTS-GLI-00139-000,1,15495,1.0,0.9977635145187378,1.0,0.4998948276042938
matched_detected,BraTS-GLI-01187-000,1,8883,1.0,0.601525604724884,0.9999074935913086,0.008538903668522835
matched_detected,BraTS-GLI-00493-000,4,5315,1.0,0.79636549949646,1.0,0.03911041095852852
matched_detected,BraTS-GLI-01284-000,2,74529,1.0,0.914236843585968,1.0,0.18767480552196503
matched_detected,BraTS-GLI-00324-000,1,6028,1.0,0.957944929599762,1.0,0.2180003672838211
matched_detected,BraTS-GLI-00692-000,1,16151,1.0,0.8148003220558167,0.9995049238204956,0.007202895358204842
matched_detected,BraTS-GLI-00708-000,1,7236,1.0,0.937326192855835,0.9999973773956299,0.1036691814661026
matched_detected,BraTS-GLI-01261-000,1,14082,1.0,0.8622674942016602,1.0,0.09287850558757782
matched_detected,BraTS-GLI-01665-000,1,11757,1.0,0.7264379858970642,0.9999998807907104,0.005074293352663517
matched_detected,BraTS-GLI-00150-000,1,16982,1.0,0.949005663394928,1.0,0.22873574495315552
matched_detected,BraTS-GLI-00373-000,1,8095,1.0,0.9668657779693604,1.0,0.022227587178349495
matched_detected,BraTS-GLI-01410-000,1,23433,1.0,0.9536346793174744,0.9999997615814209,0.01536962203681469
matched_detected,BraTS-GLI-00154-000,1,11393,1.0,0.8761348724365234,1.0,0.16524174809455872
matched_detected,BraTS-GLI-00709-000,1,344,1.0,0.8496391773223877,0.8025395274162292,0.005552691873162985
matched_detected,BraTS-GLI-00709-000,2,12138,1.0,0.8798300623893738,0.9999998807907104,0.024271907284855843
matched_detected,BraTS-GLI-00558-000,1,34691,1.0,0.9539973139762878,1.0,0.09183469414710999
matched_detected,BraTS-GLI-00548-000,1,33062,1.0,0.8925045728683472,1.0,0.024782827123999596
matched_detected,BraTS-GLI-00151-000,2,75945,1.0,0.9689338207244873,1.0,0.3111369013786316
matched_detected,BraTS-GLI-00532-000,3,21609,1.0,0.44176068902015686,0.9999929666519165,0.010840371251106262
matched_detected,BraTS-GLI-01216-000,1,12770,1.0,0.9968481659889221,1.0,0.562034547328949
matched_detected,BraTS-GLI-01216-000,4,20,1.0,0.8540191650390625,1.0,0.529068112373352
matched_detected,BraTS-GLI-01216-000,20,7,1.0,1.0,1.0,1.0
matched_detected,BraTS-GLI-01216-000,28,22,1.0,1.0,1.0,0.9967713356018066
matched_detected,BraTS-GLI-01216-000,30,26,1.0,1.0,1.0,0.9555651545524597
matched_detected,BraTS-GLI-01216-000,41,14,1.0,1.0,1.0,0.9902330636978149
matched_detected,BraTS-GLI-01216-000,42,9,1.0,1.0,1.0,0.9996358752250671
matched_detected,BraTS-GLI-01216-000,46,22,1.0,0.9999998211860657,1.0,0.969114363193512
matched_detected,BraTS-GLI-01216-000,82,7,0.9984880685806274,0.6907923817634583,1.0,0.14953377842903137
matched_detected,BraTS-GLI-00280-000,1,9560,1.0,0.756729781627655,1.0,0.02965436689555645
matched_detected,BraTS-GLI-01080-000,1,17086,1.0,0.8905695080757141,1.0,0.027429059147834778
matched_detected,BraTS-GLI-01080-000,5,639,1.0,0.841374397277832,0.9817122220993042,0.0036838441155850887
matched_detected,BraTS-GLI-00344-000,1,5178,1.0,0.884118914604187,1.0,0.029297202825546265
matched_detected,BraTS-GLI-00344-000,2,3915,1.0,0.9319294691085815,1.0,0.025056559592485428
matched_detected,BraTS-GLI-00612-000,1,20019,1.0,0.6908881664276123,0.9999974966049194,0.03158172592520714
matched_detected,BraTS-GLI-00612-000,21,74,0.9999973773956299,0.5377204418182373,0.0027084562461823225,7.38155858925893e-06
matched_detected,BraTS-GLI-01117-000,1,21514,1.0,0.9842339158058167,1.0,0.07438059896230698
matched_detected,BraTS-GLI-01011-000,1,9953,1.0,0.860693097114563,0.9969083666801453,0.001080483547411859
matched_detected,BraTS-GLI-00736-001,1,12950,1.0,0.9572061896324158,1.0,0.14812272787094116
matched_detected,BraTS-GLI-00736-001,2,320,1.0,0.9673137664794922,0.9998315572738647,0.04481171444058418
matched_detected,BraTS-GLI-00539-000,1,31452,1.0,0.819746732711792,1.0,0.03816720470786095
matched_detected,BraTS-GLI-00734-001,1,63731,1.0,0.9630398750305176,1.0,0.020811131224036217
matched_detected,BraTS-GLI-00797-000,1,68633,1.0,0.8981574773788452,1.0,0.10843131691217422
matched_detected,BraTS-GLI-01119-000,1,1434,1.0,0.948316752910614,0.9999887943267822,0.08072206377983093
matched_detected,BraTS-GLI-01119-000,4,8003,1.0,0.9851532578468323,0.9999892711639404,0.07446300238370895
matched_detected,BraTS-GLI-00649-000,1,28229,1.0,0.916283369064331,1.0,0.014515158720314503
matched_detected,BraTS-GLI-01051-000,11,9307,1.0,0.6098802089691162,1.0,0.03051793947815895
matched_detected,BraTS-GLI-01051-000,71,2560,1.0,0.5255359411239624,0.9999998807907104,0.023293353617191315
matched_detected,BraTS-GLI-01660-000,1,16628,1.0,0.8489147424697876,1.0,0.04082433506846428
matched_detected,BraTS-GLI-01660-000,2,26460,1.0,0.9577282667160034,1.0,0.14300402998924255
matched_detected,BraTS-GLI-00638-000,3,2693,1.0,0.7810491919517517,0.0038885229732841253,1.3359665445022983e-06
matched_detected,BraTS-GLI-00638-000,4,5579,1.0,0.8745285868644714,0.9999326467514038,0.006817678455263376
matched_detected,BraTS-GLI-01391-000,1,21192,1.0,0.9610028266906738,1.0,0.07578475773334503
matched_detected,BraTS-GLI-01391-000,3,132,1.0,0.8225530982017517,0.23010821640491486,0.0009896470000967383
matched_detected,BraTS-GLI-01391-000,10,10,0.9999997615814209,0.9994248151779175,0.9999992847442627,0.27861130237579346
matched_detected,BraTS-GLI-01391-000,11,498,1.0,0.8616053462028503,0.9999998807907104,0.06656274944543839
matched_detected,BraTS-GLI-01391-000,12,25,1.0,0.9806120991706848,0.9999998807907104,0.13882222771644592
matched_detected,BraTS-GLI-00588-000,5,4594,1.0,0.9429404139518738,1.0,0.009456636384129524
matched_detected,BraTS-GLI-01448-000,1,4528,1.0,0.8692773580551147,1.0,0.055697862058877945
matched_detected,BraTS-GLI-01262-000,1,15579,1.0,0.8839385509490967,1.0,0.10277543216943741
matched_detected,BraTS-GLI-01262-000,10,10,1.0,0.9010845422744751,1.0,0.4191018044948578
matched_detected,BraTS-GLI-01106-000,1,2284,1.0,0.7383702993392944,0.9999998807907104,0.0507982112467289
matched_detected,BraTS-GLI-01106-000,3,818,1.0,0.8384342789649963,0.9999997615814209,0.02023806981742382
matched_detected,BraTS-GLI-01106-000,4,10552,1.0,0.9735939502716064,1.0,0.07263947278261185
matched_detected,BraTS-GLI-00030-000,1,26185,1.0,0.9215353727340698,1.0,0.087285116314888
matched_detected,BraTS-GLI-00300-000,1,35107,1.0,0.9623379111289978,1.0,0.041393693536520004
matched_detected,BraTS-GLI-00148-000,1,20157,1.0,0.8890276551246643,1.0,0.0352763831615448
matched_detected,BraTS-GLI-00399-000,1,22258,1.0,0.9319891929626465,1.0,0.016146881505846977
matched_detected,BraTS-GLI-00399-000,2,16,1.0,0.9785473346710205,0.9997088313102722,0.03180529549717903
matched_detected,BraTS-GLI-01340-000,1,6333,1.0,0.9717012643814087,1.0,0.024186670780181885
matched_detected,BraTS-GLI-00591-000,1,38516,1.0,0.9257131218910217,1.0,0.04332343861460686
matched_detected,BraTS-GLI-01400-000,1,14795,1.0,0.8953359127044678,1.0,0.0158778615295887
matched_detected,BraTS-GLI-01658-000,1,27713,1.0,0.9715035557746887,1.0,0.14151343703269958
matched_detected,BraTS-GLI-01658-000,7,7,0.9962807297706604,0.43188145756721497,0.9994331002235413,0.2986297607421875
matched_detected,BraTS-GLI-00005-000,1,23846,1.0,0.8522165417671204,1.0,0.02927963063120842
matched_detected,BraTS-GLI-01331-000,1,8098,1.0,0.8062806725502014,0.999977707862854,0.010191086679697037
matched_detected,BraTS-GLI-01376-000,1,11378,1.0,0.7905138731002808,0.9999905824661255,0.01386590301990509
matched_detected,BraTS-GLI-00568-000,1,33378,1.0,0.9568951725959778,0.9999940395355225,0.01601860113441944
matched_detected,BraTS-GLI-00568-000,2,114,1.0,0.9999991059303284,1.0,0.74300616979599
matched_detected,BraTS-GLI-00568-000,3,8994,1.0,0.9479025602340698,0.9999998807907104,0.0913076251745224
matched_detected,BraTS-GLI-00568-000,5,37,0.9999982118606567,0.6913224458694458,0.9999964237213135,0.1588801145553589
matched_detected,BraTS-GLI-00568-000,7,46,0.9999418258666992,0.6226523518562317,0.999818742275238,0.05661404877901077
matched_detected,BraTS-GLI-01235-000,1,15973,1.0,0.9317917227745056,1.0,0.10148914903402328
matched_detected,BraTS-GLI-00639-000,1,6651,1.0,0.8668367266654968,1.0,0.006585157010704279
matched_detected,BraTS-GLI-00403-000,1,12409,1.0,0.955447793006897,0.9999909400939941,0.01845441572368145
matched_detected,BraTS-GLI-01302-000,1,86913,1.0,0.9572386741638184,1.0,0.13209748268127441
matched_detected,BraTS-GLI-01302-000,3,25,1.0,0.9999995231628418,1.0,0.4631391167640686
matched_detected,BraTS-GLI-00409-000,1,30679,1.0,0.9277424812316895,1.0,0.02476627565920353
matched_detected,BraTS-GLI-00732-001,2,1387,1.0,0.7949399948120117,0.9991550445556641,0.004427266772836447
matched_detected,BraTS-GLI-00528-000,1,53362,1.0,0.7882750034332275,1.0,0.0940476506948471
matched_detected,BraTS-GLI-00008-000,1,226,1.0,0.8839200735092163,0.9999998807907104,0.05448581650853157
matched_detected,BraTS-GLI-00105-000,1,36454,1.0,0.9847961068153381,1.0,0.25400224328041077
matched_detected,BraTS-GLI-00105-000,10,8,1.0,1.0,1.0,0.6784882545471191
matched_detected,BraTS-GLI-00105-000,12,24,1.0,0.9999993443489075,0.9999998807907104,0.7860403656959534
matched_detected,BraTS-GLI-00105-000,14,5,0.765813946723938,0.6565550565719604,0.9999970197677612,0.14177259802818298
matched_detected,BraTS-GLI-00831-000,1,9133,1.0,0.8982807397842407,1.0,0.05590270459651947
matched_detected,BraTS-GLI-00674-000,1,12135,1.0,0.7218682169914246,0.9990967512130737,0.007306014187633991
matched_detected,BraTS-GLI-00674-000,3,8270,1.0,0.8094329237937927,0.9987568855285645,0.005156486760824919
matched_detected,BraTS-GLI-00645-000,1,9357,1.0,0.9544304013252258,0.9999997615814209,0.025654729455709457
matched_detected,BraTS-GLI-01183-000,1,21748,1.0,0.8021901249885559,1.0,0.05278237164020538
matched_detected,BraTS-GLI-00502-001,1,33099,1.0,0.9852014780044556,1.0,0.2287372499704361
matched_detected,BraTS-GLI-00554-000,1,20140,1.0,0.8602689504623413,1.0,0.008785275742411613
matched_detected,BraTS-GLI-00715-001,1,18044,1.0,0.9779144525527954,1.0,0.023792149499058723
matched_detected,BraTS-GLI-00283-000,1,9762,1.0,0.9502701163291931,0.9999984502792358,0.007351504638791084
matched_detected,BraTS-GLI-00283-000,2,24,0.9999992847442627,0.9661211371421814,0.9999831914901733,0.03650262579321861
matched_detected,BraTS-GLI-00283-000,4,293,1.0,0.8171969652175903,0.05532801151275635,0.0001504703250247985
matched_detected,BraTS-GLI-00283-000,6,5261,1.0,0.888554573059082,1.0,0.041452791541814804
matched_detected,BraTS-GLI-00732-000,2,1999,1.0,0.589241623878479,0.9806380271911621,0.003839266486465931
matched_detected,BraTS-GLI-01377-000,1,85035,1.0,0.9843722581863403,1.0,0.03849015757441521
matched_detected,BraTS-GLI-00836-000,1,12096,1.0,0.8654627203941345,0.9999998807907104,0.006501282565295696
matched_detected,BraTS-GLI-00556-001,1,25681,1.0,0.93443763256073,0.9999998807907104,0.03570849820971489
matched_detected,BraTS-GLI-00070-000,1,33741,1.0,0.8873316645622253,1.0,0.029767172411084175
matched_detected,BraTS-GLI-00071-000,1,20095,1.0,0.9074681401252747,1.0,0.0430176742374897
matched_detected,BraTS-GLI-00494-001,1,32363,1.0,0.902729868888855,1.0,0.14583250880241394
matched_detected,BraTS-GLI-00494-001,4,10,1.0,0.9999998807907104,1.0,0.7898620367050171
matched_detected,BraTS-GLI-00259-000,1,14830,1.0,0.9496687650680542,0.9999996423721313,0.012618430890142918
matched_detected,BraTS-GLI-01460-000,1,60988,1.0,0.9786128401756287,1.0,0.38365644216537476
matched_detected,BraTS-GLI-01460-000,41,25,1.0,0.8870975971221924,1.0,0.3974994421005249
matched_detected,BraTS-GLI-01460-000,50,10,1.0,0.9999988675117493,1.0,0.25072771310806274
matched_detected,BraTS-GLI-00382-000,2,10500,1.0,0.9410808086395264,1.0,0.07029054313898087
matched_detected,BraTS-GLI-00382-000,7,10,0.9999955892562866,0.9964054226875305,0.9994227886199951,0.07971224933862686
matched_detected,BraTS-GLI-00605-000,1,55938,1.0,0.9344469308853149,0.9997976422309875,0.01282390858978033
matched_detected,BraTS-GLI-01125-000,1,50968,1.0,0.9432618618011475,1.0,0.044675130397081375
matched_detected,BraTS-GLI-01419-000,1,38418,1.0,0.8447110056877136,1.0,0.03298891708254814
matched_detected,BraTS-GLI-01409-000,1,23805,1.0,0.9626621007919312,1.0,0.03655458241701126
matched_detected,BraTS-GLI-01409-000,25,1793,1.0,0.953436017036438,0.9999997615814209,0.02357294410467148
matched_detected,BraTS-GLI-00520-000,1,6276,1.0,0.9111322164535522,1.0,0.05984237417578697
matched_detected,BraTS-GLI-01198-000,1,53489,1.0,0.8239428997039795,1.0,0.01952865906059742
matched_detected,BraTS-GLI-01198-000,7,5,0.9979998469352722,0.7922755479812622,0.8497991561889648,0.02749044820666313
matched_detected,BraTS-GLI-01198-000,16,18,0.9571362137794495,0.44607892632484436,0.08068443089723587,0.0008034188649617136
matched_detected,BraTS-GLI-01040-000,1,31296,1.0,0.9196341037750244,1.0,0.05047912150621414
matched_detected,BraTS-GLI-01465-000,1,27354,1.0,0.9324541091918945,1.0,0.0607430674135685
matched_detected,BraTS-GLI-01149-000,3,358,0.9999996423721313,0.628695547580719,0.9999940395355225,0.023627163842320442
matched_detected,BraTS-GLI-01054-000,1,2767,1.0,0.8390672206878662,0.9999984502792358,0.03868507221341133
matched_detected,BraTS-GLI-01379-000,1,11847,1.0,0.9599516987800598,1.0,0.11270403861999512
matched_detected,BraTS-GLI-01379-000,4,5,0.999967098236084,0.600124716758728,0.999998927116394,0.2119278609752655
matched_detected,BraTS-GLI-00343-000,1,5218,1.0,0.9085884690284729,1.0,0.018159054219722748
matched_detected,BraTS-GLI-00545-001,1,17397,1.0,0.9402146935462952,1.0,0.050878603011369705
matched_detected,BraTS-GLI-00472-000,2,11138,1.0,0.6519508361816406,0.9999992847442627,0.015740519389510155
matched_detected,BraTS-GLI-00294-000,2,7424,1.0,0.9224607348442078,0.999994158744812,0.015513112768530846
matched_detected,BraTS-GLI-01079-000,1,44125,1.0,0.9584603309631348,1.0,0.05864199623465538
matched_detected,BraTS-GLI-01079-000,6,5,0.897904098033905,0.5021311044692993,0.6641085147857666,0.01334085501730442
matched_detected,BraTS-GLI-01079-000,19,7,0.999991774559021,0.9981828927993774,0.9990766048431396,0.04175776615738869
matched_detected,BraTS-GLI-00003-000,1,24252,1.0,0.9090895056724548,1.0,0.018086956813931465
matched_detected,BraTS-GLI-00008-001,1,2474,1.0,0.8406376242637634,0.9548037648200989,0.0036047857720404863
matched_detected,BraTS-GLI-00400-000,1,38489,1.0,0.6987031698226929,1.0,0.019957108423113823
matched_detected,BraTS-GLI-00400-000,4,5,0.9999353885650635,0.8282693028450012,0.9496027231216431,0.016302937641739845
matched_detected,BraTS-GLI-01371-000,1,29677,1.0,0.9366823434829712,1.0,0.042404528707265854
matched_detected,BraTS-GLI-01408-000,1,10379,1.0,0.9160592555999756,0.9999992847442627,0.026309160515666008
matched_detected,BraTS-GLI-01408-000,2,104,1.0,0.9413529634475708,0.9979479908943176,0.02692585438489914
matched_detected,BraTS-GLI-00707-000,1,10997,1.0,0.9200799465179443,0.9999997615814209,0.0360846221446991
matched_detected,BraTS-GLI-01514-000,2,265,0.9999855756759644,0.7816640138626099,0.9935737252235413,0.013382584787905216
matched_detected,BraTS-GLI-01514-000,32,59,0.9999958276748657,0.910097599029541,0.9998114705085754,0.07157774269580841
matched_detected,BraTS-GLI-01514-000,50,42,0.9999998807907104,0.9999982714653015,0.9999995231628418,0.4868299067020416
matched_detected,BraTS-GLI-01514-000,51,1241,1.0,0.9999964833259583,1.0,0.2536453604698181
matched_detected,BraTS-GLI-01246-000,1,8312,1.0,0.9882068634033203,1.0,0.1485046148300171
matched_detected,BraTS-GLI-01246-000,7,9847,1.0,0.9667436480522156,1.0,0.18705005943775177
matched_detected,BraTS-GLI-01246-000,9,11,0.9968499541282654,0.6566488742828369,0.9987525939941406,0.03389720618724823
matched_detected,BraTS-GLI-01246-000,11,108,1.0,0.9020184874534607,0.9999679327011108,0.025361336767673492
matched_detected,BraTS-GLI-01246-000,24,10,1.0,0.9999982714653015,0.9999998807907104,0.436238557100296
matched_detected,BraTS-GLI-01246-000,29,5,0.9999991655349731,0.9991698265075684,0.9999997615814209,0.562651515007019
matched_detected,BraTS-GLI-01246-000,33,62,1.0,0.956668496131897,0.9999998807907104,0.2205449640750885
matched_detected,BraTS-GLI-01246-000,37,5,0.999951958656311,0.9845903515815735,0.9997817873954773,0.27982866764068604
matched_detected,BraTS-GLI-01246-000,52,9,0.9999990463256836,0.9999399185180664,0.9999977350234985,0.2978666126728058
matched_detected,BraTS-GLI-01246-000,59,15,1.0,0.9999968409538269,0.9999998807907104,0.3719870448112488
matched_detected,BraTS-GLI-01246-000,60,7,1.0,0.9959020614624023,1.0,0.3103383779525757
matched_detected,BraTS-GLI-01246-000,62,5,1.0,0.9999987483024597,0.9999998807907104,0.35499686002731323
matched_detected,BraTS-GLI-00263-000,1,22637,1.0,0.9626076221466064,1.0,0.052382972091436386
matched_detected,BraTS-GLI-00697-000,1,45609,1.0,0.926250159740448,0.9999985694885254,0.026675716042518616
matched_detected,BraTS-GLI-01411-000,1,31416,1.0,0.9217196106910706,1.0,0.11095224320888519
matched_detected,BraTS-GLI-01411-000,8,37,1.0,0.9287948608398438,1.0,0.04674259573221207
matched_detected,BraTS-GLI-00626-000,1,8147,1.0,0.8999050259590149,0.9999938011169434,0.005667991004884243
matched_detected,BraTS-GLI-01151-000,1,16003,1.0,0.9582640528678894,0.9999990463256836,0.07496184855699539
matched_detected,BraTS-GLI-00641-000,1,23519,1.0,0.957318902015686,0.9999920129776001,0.02895578369498253
matched_detected,BraTS-GLI-00640-000,2,37233,1.0,0.7085143327713013,0.9999842643737793,0.004008980933576822
matched_detected,BraTS-GLI-01325-000,1,37118,1.0,0.9539864659309387,1.0,0.11296714097261429
matched_detected,BraTS-GLI-00694-001,1,701,1.0,0.7539451718330383,1.0,0.02933843992650509
matched_detected,BraTS-GLI-00459-000,1,15767,1.0,0.769319474697113,1.0,0.010828720405697823
matched_detected,BraTS-GLI-01663-000,1,1897,1.0,0.7558146119117737,1.0,0.021048977971076965
matched_detected,BraTS-GLI-00587-000,2,53319,1.0,0.8663482069969177,1.0,0.04307642951607704
matched_detected,BraTS-GLI-00587-000,3,1933,1.0,0.8492527008056641,0.9930329322814941,0.001777826459147036
matched_detected,BraTS-GLI-00318-000,1,22644,1.0,0.8435792326927185,1.0,0.055783968418836594
matched_detected,BraTS-GLI-00371-000,1,6861,1.0,0.9381036162376404,1.0,0.10137713700532913
matched_detected,BraTS-GLI-00024-000,2,5676,1.0,0.8197426795959473,0.9999908208847046,0.012403003871440887
matched_detected,BraTS-GLI-00433-000,1,18772,1.0,0.9777723550796509,1.0,0.03567195683717728
matched_detected,BraTS-GLI-00572-000,1,15606,1.0,0.9398840665817261,0.9999998807907104,0.0549795888364315
matched_detected,BraTS-GLI-00572-000,2,1050,1.0,0.9596436619758606,0.9999998807907104,0.04782133176922798
matched_detected,BraTS-GLI-00051-000,1,18799,1.0,0.9473868608474731,0.9997870326042175,0.01678290404379368
matched_detected,BraTS-GLI-00407-000,1,13079,1.0,0.8502439856529236,1.0,0.06378420442342758
matched_detected,BraTS-GLI-00111-000,2,3852,1.0,0.9916544556617737,1.0,0.2233279049396515
matched_detected,BraTS-GLI-00111-000,5,370,1.0,0.9999958872795105,1.0,0.21572822332382202
matched_detected,BraTS-GLI-00111-000,16,18,1.0,0.9999985098838806,1.0,0.426184743642807
matched_detected,BraTS-GLI-00111-000,17,5,1.0,0.9999994039535522,1.0,0.46825698018074036
matched_detected,BraTS-GLI-00111-000,22,9,0.9999892711639404,0.999464750289917,0.9988394379615784,0.13571888208389282
matched_detected,BraTS-GLI-00111-000,23,9,0.9999998807907104,0.9999986290931702,0.9999998807907104,0.36012592911720276
matched_detected,BraTS-GLI-00111-000,25,12,1.0,0.9999999403953552,1.0,0.350774884223938
matched_detected,BraTS-GLI-00111-000,33,11,0.9999279975891113,0.9840786457061768,0.9999257326126099,0.13064321875572205
matched_detected,BraTS-GLI-00111-000,34,117,1.0,0.9999197721481323,1.0,0.3167417645454407
matched_detected,BraTS-GLI-00111-000,38,18,1.0,0.9999768137931824,1.0,0.27232685685157776
matched_detected,BraTS-GLI-00111-000,44,122,1.0,0.9999909996986389,1.0,0.30662956833839417
matched_detected,BraTS-GLI-00111-000,52,42,0.9999998807907104,0.9999576807022095,0.9999912977218628,0.23036763072013855
matched_detected,BraTS-GLI-01330-000,1,24482,1.0,0.9428311586380005,1.0,0.09869319200515747
matched_detected,BraTS-GLI-00058-001,1,9953,1.0,0.956632137298584,1.0,0.10232982784509659
matched_detected,BraTS-GLI-01193-000,1,39206,1.0,0.83936607837677,0.9999970197677612,0.042504630982875824
matched_detected,BraTS-GLI-00261-000,1,29380,1.0,0.9580260515213013,0.9999527931213379,0.009733712300658226
matched_detected,BraTS-GLI-00128-000,1,40439,1.0,0.8753771185874939,1.0,0.03668376803398132
matched_detected,BraTS-GLI-01076-000,1,8972,1.0,0.9349327683448792,0.999997615814209,0.008019148372113705
matched_detected,BraTS-GLI-00078-000,1,18859,1.0,0.9084051847457886,0.9999783039093018,0.00719784339889884
matched_detected,BraTS-GLI-00518-000,1,10277,1.0,0.8587700724601746,1.0,0.09873862564563751
matched_detected,BraTS-GLI-01115-000,1,45512,1.0,0.9493240714073181,1.0,0.06009089574217796
matched_detected,BraTS-GLI-01111-000,1,31326,1.0,0.9604217410087585,1.0,0.16083689033985138
matched_detected,BraTS-GLI-00544-000,1,10469,1.0,0.8522136211395264,0.9999995231628418,0.011755993589758873
matched_detected,BraTS-GLI-01063-000,1,20049,1.0,0.982306718826294,1.0,0.07060858607292175
matched_detected,BraTS-GLI-01280-000,1,41653,1.0,0.9611568450927734,1.0,0.03860623762011528
matched_detected,BraTS-GLI-01280-000,4,10,0.9999632835388184,0.7664349675178528,0.9977941513061523,0.0222036000341177
matched_detected,BraTS-GLI-01280-000,12,5,0.9964659214019775,0.964180588722229,0.7589082717895508,0.014069606550037861
matched_detected,BraTS-GLI-01157-000,1,33271,1.0,0.6388090252876282,0.9999836683273315,0.008710055612027645
matched_detected,BraTS-GLI-01157-000,5,7,0.9999749660491943,0.9395387768745422,0.9924996495246887,0.029597001150250435
matched_detected,BraTS-GLI-01131-000,1,6705,1.0,0.9372222423553467,0.9999984502792358,0.015704603865742683
matched_detected,BraTS-GLI-01018-000,1,34486,1.0,0.9352642297744751,0.9999861717224121,0.005135231651365757
matched_detected,BraTS-GLI-01334-000,1,12370,1.0,0.9034036993980408,0.9999971389770508,0.007790107745677233
matched_detected,BraTS-GLI-00659-000,1,5950,1.0,0.6735140681266785,0.9991387128829956,0.007741628214716911
matched_detected,BraTS-GLI-00417-000,1,14569,1.0,0.8441004753112793,1.0,0.08391425013542175
matched_detected,BraTS-GLI-01140-000,1,34374,1.0,0.8960469961166382,1.0,0.11797602474689484
matched_detected,BraTS-GLI-01313-000,1,49249,1.0,0.9421094059944153,1.0,0.2119182050228119
matched_detected,BraTS-GLI-00405-000,1,27662,1.0,0.9356458783149719,1.0,0.021021775901317596
matched_detected,BraTS-GLI-00801-000,1,33707,1.0,0.9545860290527344,1.0,0.05100217089056969
matched_detected,BraTS-GLI-01207-000,1,6135,1.0,0.8962603211402893,1.0,0.06683319061994553
matched_detected,BraTS-GLI-00690-000,1,8561,1.0,0.6743634939193726,0.9999058246612549,0.013655376620590687
matched_detected,BraTS-GLI-01044-000,1,35954,1.0,0.9739248156547546,1.0,0.11534581333398819
matched_detected,BraTS-GLI-01213-000,9,3825,1.0,0.8086052536964417,1.0,0.09714231640100479
matched_detected,BraTS-GLI-01213-000,96,9,1.0,0.9999985098838806,1.0,0.2704189717769623
matched_detected,BraTS-GLI-01024-000,1,5952,1.0,0.8676681518554688,0.9998412132263184,0.001735493540763855
matched_detected,BraTS-GLI-00544-001,1,14534,1.0,0.7812459468841553,0.99820876121521,0.0018547401996329427
matched_detected,BraTS-GLI-01160-000,1,41291,1.0,0.8971669673919678,0.9999605417251587,0.009816940873861313
matched_detected,BraTS-GLI-00098-001,1,63116,1.0,0.972262978553772,1.0,0.04319201409816742
matched_detected,BraTS-GLI-01242-000,1,30972,1.0,0.8820740580558777,1.0,0.07069449871778488
matched_detected,BraTS-GLI-01416-000,1,41918,1.0,0.9324774742126465,1.0,0.20872940123081207
matched_detected,BraTS-GLI-00455-000,2,20619,1.0,0.9761680960655212,1.0,0.05525137484073639
matched_detected,BraTS-GLI-00235-000,1,16525,1.0,0.9398464560508728,1.0,0.009860338643193245
matched_detected,BraTS-GLI-00351-000,1,35559,1.0,0.9532932043075562,0.9999991655349731,0.018083548173308372
matched_detected,BraTS-GLI-01492-000,1,27263,1.0,0.9605717062950134,1.0,0.13438011705875397
matched_detected,BraTS-GLI-00586-000,1,28553,1.0,0.9299743175506592,1.0,0.02452131174504757
matched_detected,BraTS-GLI-00469-000,1,7975,1.0,0.7907702326774597,1.0,0.06233261898159981
matched_detected,BraTS-GLI-00747-000,2,31920,1.0,0.9153665900230408,1.0,0.05136166512966156
matched_detected,BraTS-GLI-00715-000,1,35834,1.0,0.9227631092071533,0.9999918937683105,0.015111035667359829
matched_detected,BraTS-GLI-01212-000,1,5916,1.0,0.8312056660652161,1.0,0.06809742003679276
matched_detected,BraTS-GLI-00689-000,1,36196,1.0,0.9381090998649597,0.9999948740005493,0.029507488012313843
matched_detected,BraTS-GLI-01241-000,1,31329,1.0,0.9225034117698669,1.0,0.13180017471313477
matched_detected,BraTS-GLI-01241-000,14,7,0.9999786615371704,0.8633769154548645,0.9999880790710449,0.07146202027797699
matched_detected,BraTS-GLI-01241-000,19,12,0.999974250793457,0.6465346813201904,0.9998869895935059,0.045968350023031235
matched_detected,BraTS-GLI-01241-000,53,541,1.0,0.9330264925956726,1.0,0.0958135649561882
matched_detected,BraTS-GLI-00654-000,1,23023,1.0,0.8680338859558105,1.0,0.014631453901529312
matched_detected,BraTS-GLI-00654-000,4,6,0.9999988079071045,0.9989156723022461,0.9997366070747375,0.13200895488262177
matched_detected,BraTS-GLI-00654-000,7,79,0.9999983310699463,0.5821505188941956,1.0,0.027775561437010765
matched_detected,BraTS-GLI-00654-000,9,14,0.9999966621398926,0.8735543489456177,0.9978025555610657,0.03316669538617134
matched_detected,BraTS-GLI-01202-000,1,27673,1.0,0.9369346499443054,1.0,0.13498555123806
matched_detected,BraTS-GLI-01202-000,18,19,0.9999959468841553,0.5410171151161194,0.9991350769996643,0.023118725046515465
matched_detected,BraTS-GLI-00217-000,1,14694,1.0,0.9435537457466125,0.9880257248878479,0.001309031154960394
matched_detected,BraTS-GLI-01266-000,1,12545,1.0,0.7105545997619629,1.0,0.015535622835159302
matched_detected,BraTS-GLI-01172-000,1,77408,1.0,0.9732816815376282,1.0,0.2185596376657486
matched_detected,BraTS-GLI-00116-000,1,47088,1.0,0.7450693845748901,1.0,0.15050861239433289
matched_detected,BraTS-GLI-00480-001,1,41756,1.0,0.9531562328338623,1.0,0.008605037815868855
matched_detected,BraTS-GLI-00563-000,1,27543,1.0,0.939487874507904,0.9999997615814209,0.012677867896854877
matched_detected,BraTS-GLI-00297-000,1,17163,1.0,0.9475464820861816,1.0,0.07710941135883331
matched_detected,BraTS-GLI-00297-000,2,8,0.9999685287475586,0.8855764269828796,0.9999982118606567,0.07682593911886215
matched_detected,BraTS-GLI-01071-000,1,8320,1.0,0.8067648410797119,1.0,0.043135568499565125
matched_detected,BraTS-GLI-01071-000,2,413,1.0,0.9587495923042297,0.998670220375061,0.007803498767316341
matched_detected,BraTS-GLI-01071-000,3,370,1.0,0.7576672434806824,0.9999704360961914,0.008702341467142105
matched_detected,BraTS-GLI-01250-000,1,21083,1.0,0.9583643078804016,1.0,0.0991947129368782
matched_detected,BraTS-GLI-00767-000,1,23081,1.0,0.8991051316261292,0.9999996423721313,0.016494253650307655
matched_detected,BraTS-GLI-00247-000,1,33955,1.0,0.9714187383651733,1.0,0.07508731633424759
matched_detected,BraTS-GLI-00692-001,1,15602,1.0,0.9734993577003479,1.0,0.03405315428972244
matched_detected,BraTS-GLI-00325-000,1,15533,1.0,0.7733766436576843,0.9999998807907104,0.04320419952273369
matched_detected,BraTS-GLI-00325-000,2,9,1.0,0.9999987483024597,0.9999997615814209,0.4426262676715851
matched_detected,BraTS-GLI-00325-000,3,25416,1.0,0.9112414121627808,1.0,0.0653388500213623
matched_detected,BraTS-GLI-00655-000,1,2050,1.0,0.9530271887779236,0.999879002571106,0.032525528222322464
matched_detected,BraTS-GLI-00655-000,2,27075,1.0,0.8083659410476685,1.0,0.011038025841116905
matched_detected,BraTS-GLI-01005-000,1,34533,1.0,0.934762716293335,1.0,0.04650634899735451
matched_detected,BraTS-GLI-00579-000,1,38972,1.0,0.9546715617179871,0.9999998807907104,0.033285144716501236
matched_detected,BraTS-GLI-00441-000,1,21325,1.0,0.9708019495010376,1.0,0.04127182811498642
matched_detected,BraTS-GLI-01097-000,1,28645,1.0,0.9728808403015137,0.9999998807907104,0.031834784895181656
matched_detected,BraTS-GLI-01097-000,2,490,1.0,0.961980938911438,0.9999533891677856,0.018520208075642586
matched_detected,BraTS-GLI-00218-000,1,1469,1.0,0.8063799738883972,0.9999996423721313,0.01723896525800228
matched_detected,BraTS-GLI-00149-000,1,4361,1.0,0.7819539308547974,0.9999996423721313,0.22007615864276886
matched_detected,BraTS-GLI-01506-000,1,3607,1.0,0.8588509559631348,0.9999998807907104,0.13508623838424683
matched_detected,BraTS-GLI-01506-000,11,23,0.9999995231628418,0.9998242855072021,0.9999935626983643,0.3288056254386902
matched_detected,BraTS-GLI-01506-000,13,21,1.0,0.999998927116394,0.9999997615814209,0.2270072102546692
matched_detected,BraTS-GLI-01506-000,14,28,0.9999979734420776,0.9898080825805664,0.9999970197677612,0.1873774230480194
matched_detected,BraTS-GLI-01506-000,15,23,0.9999898672103882,0.9997155666351318,0.999980092048645,0.3192404508590698
matched_detected,BraTS-GLI-01069-000,1,48143,1.0,0.9716847538948059,0.9999992847442627,0.018626827746629715
matched_detected,BraTS-GLI-01038-000,1,30506,1.0,0.9539055824279785,1.0,0.04040329530835152
matched_detected,BraTS-GLI-00088-001,1,41330,1.0,0.9428769946098328,1.0,0.06624775379896164
matched_detected,BraTS-GLI-01036-000,1,5022,1.0,0.7835171818733215,1.0,0.07255176454782486
matched_detected,BraTS-GLI-01165-000,1,6567,1.0,0.9169726967811584,0.9999991655349731,0.025780534371733665
matched_detected,BraTS-GLI-01165-000,2,20916,1.0,0.9658946394920349,0.9998475313186646,0.007925191894173622
matched_detected,BraTS-GLI-01463-000,1,59773,1.0,0.8589866161346436,1.0,0.028248636052012444
matched_detected,BraTS-GLI-01295-000,1,15665,1.0,0.8206561803817749,1.0,0.01827448420226574
matched_detected,BraTS-GLI-00192-000,1,12311,1.0,0.9809039831161499,1.0,0.031273819506168365
matched_detected,BraTS-GLI-00309-000,1,5988,1.0,0.9393086433410645,0.9999994039535522,0.0246898140758276
matched_detected,BraTS-GLI-00392-000,1,31882,1.0,0.985823929309845,1.0,0.04812295734882355
matched_detected,BraTS-GLI-00392-000,2,6,0.9999945163726807,0.9989569783210754,0.9971672892570496,0.051172465085983276
matched_detected,BraTS-GLI-01133-000,2,6676,1.0,0.8208531737327576,0.9999998807907104,0.016404306516051292
matched_detected,BraTS-GLI-00730-000,1,17501,1.0,0.7765369415283203,0.9986043572425842,0.005124303512275219
matched_detected,BraTS-GLI-00730-000,2,45,0.9999994039535522,0.6862052083015442,0.5494682192802429,0.002591242315247655
matched_detected,BraTS-GLI-00431-000,2,3864,1.0,0.896571934223175,0.9999717473983765,0.01561247929930687
matched_detected,BraTS-GLI-00646-001,1,47431,1.0,0.956558108329773,0.9999196529388428,0.005187150090932846
matched_detected,BraTS-GLI-00792-000,1,4110,1.0,0.9307387471199036,1.0,0.11813309788703918
matched_detected,BraTS-GLI-00792-000,2,21470,1.0,0.9269287586212158,1.0,0.054035257548093796
matched_detected,BraTS-GLI-01222-000,1,1628,1.0,0.9822632074356079,1.0,0.3084549307823181
matched_detected,BraTS-GLI-01222-000,3,294,1.0,0.9658098220825195,1.0,0.3833840489387512
matched_detected,BraTS-GLI-01222-000,6,10,1.0,1.0,1.0,0.9445045590400696
matched_detected,BraTS-GLI-01222-000,9,6,1.0,1.0,1.0,0.6090984344482422
matched_detected,BraTS-GLI-01222-000,10,1033,1.0,0.8777900338172913,1.0,0.14518988132476807
matched_detected,BraTS-GLI-01145-000,1,21912,1.0,0.9624450206756592,1.0,0.19246600568294525
matched_detected,BraTS-GLI-01145-000,2,5,0.9994682669639587,0.7227599024772644,0.9997116923332214,0.22524045407772064
matched_detected,BraTS-GLI-01145-000,3,168,1.0,0.999994158744812,1.0,0.24522335827350616
matched_detected,BraTS-GLI-01145-000,4,5,0.9999998807907104,0.9999972581863403,0.9999998807907104,0.460348904132843
matched_detected,BraTS-GLI-00734-000,1,37147,1.0,0.762151837348938,1.0,0.027644015848636627
matched_detected,BraTS-GLI-01664-000,2,420,1.0,0.43588244915008545,0.9420780539512634,0.0016917507164180279
matched_detected,BraTS-GLI-01664-000,3,22,0.9999997615814209,0.5984991788864136,0.9999996423721313,0.06481710076332092
matched_detected,BraTS-GLI-00387-000,1,8004,1.0,0.9183341264724731,1.0,0.012484236620366573
matched_detected,BraTS-GLI-00387-000,2,2483,1.0,0.664085865020752,0.9999942779541016,0.020712578669190407
matched_detected,BraTS-GLI-01322-000,1,4020,1.0,0.91324782371521,1.0,0.07290785014629364
matched_detected,BraTS-GLI-00499-000,1,38040,1.0,0.9234278202056885,0.9999998807907104,0.02231246419250965
matched_detected,BraTS-GLI-00499-000,2,6,0.9975836277008057,0.9123064875602722,0.5299519896507263,0.017104219645261765
matched_detected,BraTS-GLI-00292-000,26,33,0.999995231628418,0.7388730049133301,0.9999998807907104,0.1803673505783081
matched_detected,BraTS-GLI-00292-000,28,18,1.0,0.9496252536773682,0.9999998807907104,0.16743430495262146
matched_detected,BraTS-GLI-01186-000,1,18675,1.0,0.8687828183174133,0.9999990463256836,0.040632959455251694
matched_detected,BraTS-GLI-01501-000,1,16209,1.0,0.6579152941703796,0.9999972581863403,0.0437166690826416
matched_detected,BraTS-GLI-01501-000,3,22,0.9996551275253296,0.6075738072395325,0.9996286630630493,0.15966489911079407
matched_detected,BraTS-GLI-01501-000,4,9,0.999810516834259,0.8302540183067322,0.9998064637184143,0.41279736161231995
matched_detected,BraTS-GLI-01501-000,11,30,0.9999871253967285,0.543089747428894,0.9999476671218872,0.14928583800792694
matched_detected,BraTS-GLI-01141-000,1,58508,1.0,0.9354982972145081,1.0,0.05878673493862152
matched_detected,BraTS-GLI-01306-000,1,833,1.0,0.6634358763694763,0.0009279483929276466,1.0885097481150297e-06
matched_detected,BraTS-GLI-01306-000,2,6524,1.0,0.7026678323745728,0.9988923668861389,0.007407091092318296
matched_detected,BraTS-GLI-00310-000,1,39930,1.0,0.9486483931541443,1.0,0.15409061312675476
matched_detected,BraTS-GLI-00310-000,100,6,0.7641271948814392,0.34136155247688293,0.9999998807907104,0.13474677503108978
matched_detected,BraTS-GLI-01389-000,1,4076,1.0,0.9734871983528137,1.0,0.017222635447978973
matched_detected,BraTS-GLI-01389-000,2,395,1.0,0.9145427346229553,0.9979293346405029,0.007420009933412075
matched_detected,BraTS-GLI-00077-000,1,36717,1.0,0.9205315113067627,1.0,0.01480101142078638
matched_detected,BraTS-GLI-00099-001,1,7696,1.0,0.8923229575157166,0.9997497200965881,0.004365145228803158
matched_detected,BraTS-GLI-00099-001,2,240,1.0,0.8621690273284912,0.993532657623291,0.008485007099807262
matched_detected,BraTS-GLI-00714-000,1,49591,1.0,0.7958963513374329,0.9999600648880005,0.005711052101105452
matched_detected,BraTS-GLI-00032-000,1,9992,1.0,0.8005198240280151,0.9999057054519653,0.0038191277999430895
matched_detected,BraTS-GLI-01138-000,2,11607,1.0,0.9326921701431274,1.0,0.019276484847068787
matched_detected,BraTS-GLI-00555-000,1,17129,1.0,0.6620166897773743,0.9999861717224121,0.00412062369287014
matched_detected,BraTS-GLI-00552-000,1,24518,1.0,0.8118418455123901,1.0,0.02160024084150791
matched_detected,BraTS-GLI-01201-000,1,11805,1.0,0.7835748791694641,1.0,0.05617474392056465
matched_detected,BraTS-GLI-01166-000,1,644,1.0,0.772203803062439,0.2908562421798706,0.0004312320379540324
matched_detected,BraTS-GLI-01166-000,2,16480,1.0,0.9672106504440308,0.9999997615814209,0.022363968193531036
matched_detected,BraTS-GLI-00087-000,1,14175,1.0,0.6664179563522339,0.9999492168426514,0.010497763752937317
matched_detected,BraTS-GLI-00094-000,1,29423,1.0,0.5825343728065491,0.9999974966049194,0.00610969215631485
matched_detected,BraTS-GLI-01399-000,1,12000,1.0,0.9751688838005066,1.0,0.03809017688035965
matched_detected,BraTS-GLI-00090-000,1,7824,1.0,0.7615527510643005,1.0,0.0022440555039793253
matched_detected,BraTS-GLI-00561-000,1,19065,1.0,0.9033946394920349,0.9999794960021973,0.00576765974983573
matched_detected,BraTS-GLI-01105-000,1,9579,1.0,0.9764652252197266,1.0,0.053636614233255386
matched_detected,BraTS-GLI-00547-000,1,5907,1.0,0.9025673270225525,1.0,0.08185839653015137
matched_detected,BraTS-GLI-01243-000,8,20810,1.0,0.8873125910758972,1.0,0.10190292447805405
matched_detected,BraTS-GLI-01243-000,24,24,1.0,0.5390837788581848,1.0,0.052297547459602356
matched_detected,BraTS-GLI-01243-000,31,4199,1.0,0.8375528454780579,1.0,0.07166315615177155
matched_detected,BraTS-GLI-01278-000,1,9541,1.0,0.9626255035400391,1.0,0.022743236273527145
matched_detected,BraTS-GLI-00513-000,1,52889,1.0,0.9332584142684937,1.0,0.06491128355264664
matched_detected,BraTS-GLI-00513-000,2,5,0.9981775283813477,0.9305269122123718,0.9751530885696411,0.04709912836551666
matched_detected,BraTS-GLI-01388-000,1,29338,1.0,0.9348013997077942,0.9999102354049683,0.008873702958226204
matched_detected,BraTS-GLI-01300-000,1,9591,1.0,0.8767849206924438,1.0,0.12571583688259125
matched_detected,BraTS-GLI-01300-000,2,70,0.9997102618217468,0.5251924395561218,0.999810516834259,0.013968965969979763
matched_detected,BraTS-GLI-01300-000,8,46,1.0,0.934888482093811,1.0,0.18522615730762482
matched_detected,BraTS-GLI-01300-000,9,54,1.0,0.9998772740364075,1.0,0.3684723675251007
matched_detected,BraTS-GLI-01004-000,1,15500,1.0,0.8792734146118164,0.9999834299087524,0.005978357046842575
matched_detected,BraTS-GLI-00109-000,1,13365,1.0,0.9116235971450806,1.0,0.13208337128162384
matched_detected,BraTS-GLI-00109-000,7,256,0.9999797344207764,0.6405383348464966,0.9990422129631042,0.10475879907608032
matched_detected,BraTS-GLI-00109-000,9,65,0.9999464750289917,0.6444543600082397,0.9980260729789734,0.038855407387018204
matched_detected,BraTS-GLI-00109-000,10,147,0.9999902248382568,0.7695866823196411,0.9999463558197021,0.19522123038768768
matched_detected,BraTS-GLI-00703-000,1,25044,1.0,0.8034621477127075,0.999957799911499,0.017061401158571243
matched_detected,BraTS-GLI-01445-000,1,51541,1.0,0.8613192439079285,1.0,0.05865432694554329
matched_detected,BraTS-GLI-00063-000,1,9418,1.0,0.8852184414863586,1.0,0.026627376675605774
matched_detected,BraTS-GLI-00352-000,1,12663,1.0,0.9636456370353699,1.0,0.3741920590400696
matched_detected,BraTS-GLI-00352-000,2,41,0.9999998807907104,0.927766740322113,1.0,0.6055086851119995
matched_detected,BraTS-GLI-00352-000,3,35,1.0,0.9747260212898254,1.0,0.572503924369812
matched_detected,BraTS-GLI-00352-000,4,8,1.0,0.9999996423721313,1.0,0.6300734281539917
matched_detected,BraTS-GLI-00352-000,5,8,1.0,0.8711893558502197,1.0,0.5235643982887268
matched_detected,BraTS-GLI-00296-000,1,8594,1.0,0.9440240263938904,1.0,0.01745561696588993
matched_detected,BraTS-GLI-00275-000,1,77,9.83491372608114e-06,7.724742090431391e-07,2.9688277436434873e-07,3.8051846118491994e-09
matched_detected,BraTS-GLI-00275-000,2,16956,1.0,0.9747627973556519,1.0,0.1610032320022583
matched_detected,BraTS-GLI-00158-000,1,37170,1.0,0.9733498692512512,1.0,0.05535977706313133
matched_detected,BraTS-GLI-01464-000,1,8609,1.0,0.8753522634506226,0.9999995231628418,0.012922801077365875
matched_detected,BraTS-GLI-00483-000,1,30420,1.0,0.8766444325447083,1.0,0.04702652618288994
matched_detected,BraTS-GLI-00126-000,1,54463,1.0,0.9133031964302063,1.0,0.11251284182071686
matched_detected,BraTS-GLI-00311-000,1,7374,1.0,0.9538310766220093,0.9999995231628418,0.018356814980506897
matched_detected,BraTS-GLI-00011-000,1,9335,1.0,0.908624529838562,1.0,0.10217642784118652
matched_detected,BraTS-GLI-00011-000,2,9,0.9999992847442627,0.8030218482017517,1.0,0.18374072015285492
matched_detected,BraTS-GLI-00555-001,1,13745,1.0,0.952994704246521,0.9999998807907104,0.05909060686826706
matched_detected,BraTS-GLI-01260-000,1,28865,1.0,0.9922489523887634,1.0,0.2660488784313202
matched_detected,BraTS-GLI-00499-001,1,52567,1.0,0.8959660530090332,1.0,0.006285719573497772
matched_detected,BraTS-GLI-00807-000,1,56934,1.0,0.8770052790641785,1.0,0.04803048074245453
matched_detected,BraTS-GLI-01289-000,1,13209,1.0,0.9759635329246521,1.0,0.12517112493515015
matched_detected,BraTS-GLI-00676-000,1,26451,1.0,0.8235989212989807,0.9999997615814209,0.03173018619418144
matched_detected,BraTS-GLI-00567-000,1,18980,1.0,0.9115746021270752,1.0,0.08329878747463226
matched_detected,BraTS-GLI-00157-000,7,6585,1.0,0.9487336277961731,1.0,0.04205842688679695
matched_detected,BraTS-GLI-00611-000,1,13720,1.0,0.7018297910690308,0.9993545413017273,0.00256975251249969
matched_detected,BraTS-GLI-00651-000,1,10146,1.0,0.9685322642326355,0.9999998807907104,0.036630965769290924
matched_detected,BraTS-GLI-00210-000,1,23080,1.0,0.9412558078765869,1.0,0.09761759638786316
matched_detected,BraTS-GLI-01504-000,5,543,1.0,0.5573573112487793,0.9965900182723999,0.0031463291961699724
matched_detected,BraTS-GLI-01059-000,2,16059,1.0,0.9661868214607239,1.0,0.09792090207338333
matched_detected,BraTS-GLI-01059-000,3,86,0.9999966621398926,0.7338628768920898,0.9997329115867615,0.005379281472414732
matched_detected,BraTS-GLI-01059-000,6,16,1.0,0.9889910221099854,1.0,0.32108867168426514
matched_detected,BraTS-GLI-00799-000,1,70369,1.0,0.9552320837974548,0.9999996423721313,0.045047421008348465
matched_detected,BraTS-GLI-01661-000,1,50133,1.0,0.9690642952919006,1.0,0.0706648901104927
matched_detected,BraTS-GLI-00009-000,1,1480,1.0,0.7102735638618469,0.9999998807907104,0.0031838002614676952
matched_detected,BraTS-GLI-00727-001,1,19697,1.0,0.7960996031761169,1.0,0.04824145883321762
matched_detected,BraTS-GLI-01224-000,1,10929,1.0,0.8588802218437195,1.0,0.07704515755176544
matched_detected,BraTS-GLI-00466-000,1,27085,1.0,0.8357347249984741,1.0,0.028154339641332626
matched_detected,BraTS-GLI-00423-000,1,5994,1.0,0.937421977519989,1.0,0.025058114901185036
matched_detected,BraTS-GLI-00423-000,2,1192,1.0,0.9671454429626465,0.9999994039535522,0.026312535628676414
matched_detected,BraTS-GLI-00423-000,3,25082,1.0,0.9451383948326111,1.0,0.0437554270029068
matched_detected,BraTS-GLI-00423-000,9,397,1.0,0.8905779719352722,0.9999927282333374,0.033536165952682495
matched_detected,BraTS-GLI-01430-000,1,64848,1.0,0.9002991914749146,1.0,0.17312175035476685
matched_detected,BraTS-GLI-01430-000,28,11,0.9999668598175049,0.9283496737480164,0.9999921321868896,0.245703786611557
matched_detected,BraTS-GLI-01430-000,29,5,0.9999971389770508,0.8213883638381958,1.0,0.6180165410041809
matched_detected,BraTS-GLI-01430-000,81,10,0.9999943971633911,0.813116729259491,0.9999998807907104,0.10744171589612961
matched_detected,BraTS-GLI-01430-000,104,122,1.0,0.5829991698265076,0.9999998807907104,0.060561057180166245
matched_detected,BraTS-GLI-01209-000,7,50734,1.0,0.6498749852180481,1.0,0.04516682028770447
matched_detected,BraTS-GLI-01327-000,1,2121,1.0,0.9584255218505859,0.9999756813049316,0.03565753251314163
matched_detected,BraTS-GLI-01327-000,4,1420,1.0,0.7522942423820496,0.9998568296432495,0.023495454341173172
matched_detected,BraTS-GLI-01375-000,1,1611,1.0,0.9282028079032898,1.0,0.016163812950253487
matched_detected,BraTS-GLI-01146-000,1,9244,1.0,0.9675148129463196,1.0,0.15210986137390137
matched_detected,BraTS-GLI-01146-000,2,5,0.9999032020568848,0.7178431749343872,0.9999597072601318,0.07592970877885818
matched_detected,BraTS-GLI-01146-000,4,946,1.0,0.6406510472297668,0.9992582201957703,0.004385520238429308
matched_detected,BraTS-GLI-00774-000,1,10369,1.0,0.8310379981994629,0.9999803304672241,0.0019732434302568436
matched_detected,BraTS-GLI-00774-000,2,4096,1.0,0.9615124464035034,0.999990701675415,0.03015591762959957
matched_detected,BraTS-GLI-01208-000,1,1076,1.0,0.8143344521522522,1.0,0.011851580813527107
matched_detected,BraTS-GLI-00636-001,1,5395,1.0,0.9657553434371948,0.9999997615814209,0.011903748847544193
matched_detected,BraTS-GLI-01191-000,1,22690,1.0,0.8428334593772888,1.0,0.14067965745925903
matched_detected,BraTS-GLI-01015-000,7,41386,1.0,0.9423680305480957,1.0,0.07625985890626907
matched_detected,BraTS-GLI-01328-000,1,27520,1.0,0.9679974317550659,1.0,0.042516835033893585
matched_detected,BraTS-GLI-01328-000,3,11,0.9999939203262329,0.999802827835083,0.9999780654907227,0.2044345587491989
matched_detected,BraTS-GLI-01328-000,7,18,0.9999998807907104,0.9245700836181641,0.9999997615814209,0.15786732733249664
matched_detected,BraTS-GLI-00549-000,1,7356,1.0,0.8915659785270691,1.0,0.24147208034992218
matched_detected,BraTS-GLI-00642-000,1,2032,1.0,0.8672800660133362,0.9948291182518005,0.003676718333736062
matched_detected,BraTS-GLI-00642-000,2,3498,1.0,0.8147464990615845,0.9956830739974976,0.004469394218176603
matched_detected,BraTS-GLI-00282-000,1,8078,1.0,0.967663586139679,1.0,0.05863265320658684
matched_detected,BraTS-GLI-00284-000,2,242,1.0,0.9080780148506165,1.0,0.08534112572669983
matched_detected,BraTS-GLI-00284-000,3,156,1.0,0.8410094976425171,0.9999998807907104,0.036869343370199203
matched_detected,BraTS-GLI-00284-000,4,941,1.0,0.7429066896438599,1.0,0.05940869450569153
matched_detected,BraTS-GLI-01383-000,1,18647,1.0,0.9499072432518005,0.9999996423721313,0.017937583848834038
matched_detected,BraTS-GLI-00260-000,1,13232,1.0,0.9431390166282654,0.9999998807907104,0.02498294785618782
matched_detected,BraTS-GLI-00088-000,1,36450,1.0,0.899101734161377,1.0,0.020287180319428444
matched_detected,BraTS-GLI-00162-000,1,3348,1.0,0.8883199691772461,1.0,0.01754164882004261
matched_detected,BraTS-GLI-01070-000,1,4558,1.0,0.8909383416175842,1.0,0.06838849186897278
matched_detected,BraTS-GLI-01070-000,4,12,0.9998654127120972,0.7615950703620911,0.9958468079566956,0.04747050255537033
matched_detected,BraTS-GLI-01070-000,19,12304,1.0,0.8378877639770508,1.0,0.037367865443229675
matched_detected,BraTS-GLI-01070-000,24,20,0.999996542930603,0.8538162112236023,0.8713445067405701,0.013954659923911095
matched_detected,BraTS-GLI-01070-000,28,15,1.0,0.9990004301071167,0.9999555349349976,0.07765394449234009
matched_detected,BraTS-GLI-01321-000,1,79119,1.0,0.9751895666122437,0.9999998807907104,0.0276285819709301
matched_detected,BraTS-GLI-00144-000,1,19449,1.0,0.9412622451782227,1.0,0.11399773508310318
matched_detected,BraTS-GLI-00144-000,6,5,0.9999986886978149,0.7840222120285034,1.0,0.4327782690525055
matched_detected,BraTS-GLI-00517-000,1,13165,1.0,0.8967944383621216,0.9999910593032837,0.01221869233995676
matched_detected,BraTS-GLI-01030-000,1,53591,1.0,0.9641150236129761,0.9999996423721313,0.029024887830018997
matched_detected,BraTS-GLI-01264-000,1,7428,1.0,0.7473738789558411,0.9999996423721313,0.020032638683915138
matched_detected,BraTS-GLI-00612-001,1,1234,1.0,0.9249918460845947,0.9999679327011108,0.05878078192472458
matched_detected,BraTS-GLI-00612-001,2,459,1.0,0.8894422054290771,0.9997332692146301,0.020981842651963234
matched_detected,BraTS-GLI-01107-000,1,5727,1.0,0.5564104914665222,0.9999994039535522,0.023288657888770103
matched_detected,BraTS-GLI-00451-000,1,68389,1.0,0.9484636783599854,1.0,0.05417812988162041
matched_detected,BraTS-GLI-00000-000,1,32044,1.0,0.9552127718925476,0.9999998807907104,0.036581698805093765
matched_detected,BraTS-GLI-00469-001,1,9277,1.0,0.8878178596496582,1.0,0.02462933398783207
matched_detected,BraTS-GLI-00469-001,2,259,1.0,0.9136266112327576,0.7957166433334351,0.006565502379089594
matched_detected,BraTS-GLI-01479-000,2,83966,1.0,0.7744976282119751,1.0,0.08070626854896545
matched_detected,BraTS-GLI-01479-000,35,7,2.0800776127038144e-14,4.138392069080645e-15,1.8925304345884797e-07,1.8389230138637913e-09
matched_detected,BraTS-GLI-00583-000,1,39110,1.0,0.8831501007080078,0.9999996423721313,0.019686544314026833
matched_detected,BraTS-GLI-01148-000,1,35204,1.0,0.9815571308135986,0.9999953508377075,0.02313358709216118
matched_detected,BraTS-GLI-01142-000,1,76516,1.0,0.9819919466972351,1.0,0.29695016145706177
matched_detected,BraTS-GLI-01122-000,1,22040,1.0,0.9382946491241455,0.9999785423278809,0.008590638637542725
matched_detected,BraTS-GLI-01122-000,2,285,1.0,0.9051170945167542,0.9218515753746033,0.004077320918440819
matched_detected,BraTS-GLI-00203-000,1,24776,1.0,0.9091348052024841,1.0,0.04981806129217148
matched_detected,BraTS-GLI-00556-000,1,26033,1.0,0.5913677215576172,1.0,0.037770502269268036
matched_detected,BraTS-GLI-00134-000,1,208,1.0,0.6272980570793152,0.9999997615814209,0.06757665425539017
matched_detected,BraTS-GLI-00134-000,5,10376,1.0,0.7556484937667847,0.9999954700469971,0.007979530841112137
matched_detected,BraTS-GLI-01124-000,1,14715,1.0,0.9801076054573059,1.0,0.058670736849308014
matched_detected,BraTS-GLI-01124-000,4,8,0.9999985694885254,0.9986670017242432,0.14942064881324768,0.0014991203788667917
matched_detected,BraTS-GLI-00641-001,1,24559,1.0,0.9795475006103516,0.9999992847442627,0.16843266785144806
matched_detected,BraTS-GLI-00097-001,1,14187,1.0,0.9826729893684387,1.0,0.048582613468170166
matched_detected,BraTS-GLI-01507-000,1,369,1.0,0.9998723864555359,0.9999997615814209,0.24974466860294342
matched_detected,BraTS-GLI-01507-000,2,499,1.0,0.999940037727356,1.0,0.146368145942688
matched_detected,BraTS-GLI-01507-000,3,1287,1.0,0.965088963508606,0.9999994039535522,0.13394364714622498
matched_detected,BraTS-GLI-01507-000,4,6,0.9994480013847351,0.9115272164344788,0.999697208404541,0.1847798377275467
matched_detected,BraTS-GLI-00216-000,1,32932,1.0,0.9614522457122803,1.0,0.016922088339924812
matched_detected,BraTS-GLI-00216-000,3,11,0.9999958276748657,0.99936443567276,0.9987136125564575,0.021090496331453323
matched_detected,BraTS-GLI-00216-000,4,19,1.0,0.9994078278541565,0.9993199110031128,0.03691941127181053
matched_detected,BraTS-GLI-00216-000,5,5,0.9999998807907104,0.9999294281005859,0.9996457099914551,0.0715487077832222
matched_detected,BraTS-GLI-01016-000,1,37736,1.0,0.9269050359725952,1.0,0.020539043471217155
matched_detected,BraTS-GLI-01016-000,2,904,1.0,0.7923322916030884,0.02547357976436615,3.765731162275188e-05
matched_detected,BraTS-GLI-00520-001,1,8034,1.0,0.9277966022491455,0.9997798800468445,0.00594655005261302
matched_detected,BraTS-GLI-00312-000,1,12742,1.0,0.9201458692550659,0.9999983310699463,0.009684262797236443
matched_detected,BraTS-GLI-00312-000,5,8,0.13881723582744598,0.035765763372182846,0.9803754687309265,0.02695866860449314
matched_detected,BraTS-GLI-00072-001,1,16229,1.0,0.9315338730812073,1.0,0.009747901931405067
matched_detected,BraTS-GLI-00142-000,1,22229,1.0,0.973260760307312,1.0,0.16035430133342743
matched_detected,BraTS-GLI-00142-000,4,8987,1.0,0.9770792126655579,1.0,0.15390771627426147
matched_detected,BraTS-GLI-00383-000,1,14149,1.0,0.9036071300506592,0.9992856383323669,0.0024734882172197104
matched_detected,BraTS-GLI-00383-000,2,1442,1.0,0.8288203477859497,0.9999984502792358,0.0435040257871151
matched_detected,BraTS-GLI-00383-000,3,27,1.0,0.9326865077018738,0.9970585107803345,0.029918789863586426
matched_detected,BraTS-GLI-01027-000,1,515,0.9999984502792358,0.676203191280365,0.9999916553497314,0.011629996821284294
matched_detected,BraTS-GLI-01027-000,3,1493,1.0,0.7612777352333069,1.0,0.015564173460006714
matched_detected,BraTS-GLI-01027-000,4,6384,1.0,0.8674489259719849,1.0,0.004663127940148115
matched_detected,BraTS-GLI-00418-000,1,25929,1.0,0.9596085548400879,1.0,0.0067630610428750515
matched_detected,BraTS-GLI-01520-000,1,109,1.0,0.5412968397140503,0.0030547771602869034,9.077583854377735e-06
matched_detected,BraTS-GLI-01162-000,1,20049,1.0,0.8531979322433472,1.0,0.094622902572155
matched_detected,BraTS-GLI-00610-000,1,7349,1.0,0.7660706639289856,0.9997676014900208,0.00464099645614624
matched_detected,BraTS-GLI-01023-000,1,23958,1.0,0.9169808626174927,1.0,0.04836631938815117
matched_detected,BraTS-GLI-01023-000,2,6,0.9999576807022095,0.9990102648735046,0.9994595646858215,0.2531212866306305
matched_detected,BraTS-GLI-01308-000,1,2866,1.0,0.8387696743011475,1.0,0.03391987830400467
matched_detected,BraTS-GLI-00607-000,1,480,1.0,0.6747997999191284,0.02978658862411976,6.160599878057837e-05
matched_detected,BraTS-GLI-00607-000,2,4665,1.0,0.9635359048843384,0.9999481439590454,0.010640602558851242
matched_detected,BraTS-GLI-01461-000,1,14018,1.0,0.8877255320549011,0.9999994039535522,0.02319795824587345
matched_detected,BraTS-GLI-00440-000,1,7729,1.0,0.9821811318397522,1.0,0.06433284282684326
matched_detected,BraTS-GLI-00191-000,2,24102,1.0,0.9823794960975647,0.9999946355819702,0.01361418329179287
matched_detected,BraTS-GLI-00026-000,1,30971,1.0,0.8823139071464539,1.0,0.02993864193558693
matched_detected,BraTS-GLI-00623-000,1,19086,1.0,0.91194748878479,0.9999898672103882,0.010929026640951633
matched_detected,BraTS-GLI-00234-000,1,35566,1.0,0.7573137283325195,1.0,0.0367276705801487
matched_detected,BraTS-GLI-01082-000,1,40508,1.0,0.9042572379112244,1.0,0.032290246337652206
matched_detected,BraTS-GLI-01082-000,19,17,1.0,0.9960358738899231,0.999315619468689,0.028390150517225266
matched_detected,BraTS-GLI-01082-000,33,5,0.9839246273040771,0.8190857172012329,0.9927654266357422,0.032757073640823364
matched_detected,BraTS-GLI-01150-000,1,13127,1.0,0.6634966135025024,1.0,0.006527910940349102
matched_detected,BraTS-GLI-00196-000,1,26467,1.0,0.9579910039901733,0.9999998807907104,0.02385157346725464
matched_detected,BraTS-GLI-01297-000,1,6928,1.0,0.853992223739624,0.9999998807907104,0.11708813160657883
matched_detected,BraTS-GLI-00774-001,1,17246,1.0,0.9473125338554382,1.0,0.11682336032390594
matched_detected,BraTS-GLI-00774-001,4,6,0.966183066368103,0.5387458205223083,1.0,0.3375628888607025
matched_detected,BraTS-GLI-00774-001,7,6659,1.0,0.9537059664726257,1.0,0.09016384184360504
matched_detected,BraTS-GLI-00625-000,1,25359,1.0,0.9131872057914734,0.9991146922111511,0.009238970465958118
matched_detected,BraTS-GLI-01309-000,1,7791,1.0,0.8851657509803772,1.0,0.01844886876642704
matched_detected,BraTS-GLI-00602-001,3,3377,1.0,0.9932480454444885,0.9999994039535522,0.05502047762274742
matched_detected,BraTS-GLI-00602-001,4,12226,1.0,0.9988918304443359,0.9999998807907104,0.11722505837678909
matched_detected,BraTS-GLI-00081-000,1,27232,1.0,0.9607672095298767,1.0,0.024775661528110504
matched_detected,BraTS-GLI-01344-000,1,3004,1.0,0.9535956978797913,0.9999986886978149,0.011913103982806206
matched_detected,BraTS-GLI-00704-000,1,21210,1.0,0.8678956627845764,0.9999990463256836,0.018916890025138855
matched_detected,BraTS-GLI-00704-000,2,6,0.9997678399085999,0.9970176815986633,0.9726179242134094,0.04068063572049141
matched_detected,BraTS-GLI-00778-000,1,12505,1.0,0.8774861693382263,0.9999852180480957,0.009154949337244034
matched_detected,BraTS-GLI-00291-000,1,1841,1.0,0.9425365328788757,0.998630702495575,0.013606914319097996
matched_detected,BraTS-GLI-00291-000,2,830,1.0,0.5459040999412537,0.7928097248077393,0.0006894242251291871
matched_detected,BraTS-GLI-00291-000,3,8660,1.0,0.9796739816665649,1.0,0.16633234918117523
matched_detected,BraTS-GLI-00262-000,1,2121,1.0,0.9104289412498474,1.0,0.07232815772294998
matched_detected,BraTS-GLI-00187-000,1,29609,1.0,0.9476505517959595,0.9999995231628418,0.013350965455174446
matched_detected,BraTS-GLI-00187-000,2,65,0.9999516010284424,0.7780104279518127,0.72606360912323,0.006822802126407623
matched_detected,BraTS-GLI-00143-000,1,63369,1.0,0.9738430380821228,1.0,0.1939464658498764
matched_detected,BraTS-GLI-01147-000,1,3856,1.0,0.9907516837120056,0.9999847412109375,0.014020998030900955
matched_detected,BraTS-GLI-01204-000,1,2996,1.0,0.8824794292449951,1.0,0.11100459843873978
matched_detected,BraTS-GLI-01324-000,1,21601,1.0,0.9201393127441406,0.9996082186698914,0.006619838997721672
matched_detected,BraTS-GLI-00220-000,1,15929,1.0,0.9436684250831604,1.0,0.07253241539001465
matched_detected,BraTS-GLI-00220-000,11,132,1.0,0.9840105175971985,0.9999995231628418,0.11035482585430145
matched_detected,BraTS-GLI-00045-000,1,7857,1.0,0.8884560465812683,1.0,0.04926672577857971
matched_detected,BraTS-GLI-00830-000,1,14725,1.0,0.9558115005493164,0.9999631643295288,0.008039603009819984
matched_detected,BraTS-GLI-01232-000,1,3066,1.0,0.9028267860412598,1.0,0.11490914970636368
matched_detected,BraTS-GLI-01232-000,6,2322,1.0,0.9409703016281128,1.0,0.20471078157424927
matched_detected,BraTS-GLI-01232-000,11,266,0.9999994039535522,0.8058956861495972,0.9999960660934448,0.056019291281700134
matched_detected,BraTS-GLI-00685-000,1,13957,1.0,0.6966732740402222,0.9999983310699463,0.02118200622498989
matched_detected,BraTS-GLI-01007-000,1,26239,1.0,0.9703250527381897,1.0,0.12670767307281494
matched_detected,BraTS-GLI-01356-000,1,41503,1.0,0.9703058004379272,1.0,0.060236308723688126
matched_detected,BraTS-GLI-00593-000,1,43761,1.0,0.8876828551292419,1.0,0.03479554131627083
matched_detected,BraTS-GLI-00576-000,1,8916,1.0,0.505357027053833,1.0,0.004846292082220316
matched_detected,BraTS-GLI-00576-000,2,8,0.9999299049377441,0.9982802867889404,0.9998654127120972,0.11339032649993896
matched_detected,BraTS-GLI-00022-001,1,34780,1.0,0.9419092535972595,0.9999996423721313,0.01978420279920101
matched_detected,BraTS-GLI-01017-000,1,19116,1.0,0.8882910013198853,0.9999997615814209,0.03150179237127304
matched_detected,BraTS-GLI-01156-000,1,17784,1.0,0.6120210886001587,0.9995232820510864,0.003086094744503498
matched_detected,BraTS-GLI-01171-000,1,99581,1.0,0.9608173966407776,0.9999998807907104,0.04101980850100517
matched_detected,BraTS-GLI-01446-000,1,30258,1.0,0.9516510963439941,1.0,0.23311401903629303
matched_detected,BraTS-GLI-01446-000,4,33,1.0,0.9998999834060669,1.0,0.2296326905488968
matched_detected,BraTS-GLI-00478-001,1,12272,1.0,0.9899899363517761,0.9999929666519165,0.02559521421790123
matched_detected,BraTS-GLI-01221-000,127,5,0.9935621023178101,0.564312219619751,0.9999842643737793,0.08895807713270187
matched_detected,BraTS-GLI-01221-000,177,7,0.38295263051986694,0.09205895662307739,0.9997814297676086,0.02932845428586006
matched_detected,BraTS-GLI-01221-000,467,14,0.9999996423721313,0.8468775749206543,0.9999880790710449,0.1285925805568695
matched_detected,BraTS-GLI-01396-000,1,6801,1.0,0.9148509502410889,0.9999998807907104,0.018208563327789307
matched_detected,BraTS-GLI-00495-000,1,24869,1.0,0.8842875957489014,1.0,0.018525030463933945
matched_detected,BraTS-GLI-00558-001,1,75831,1.0,0.9844316840171814,0.9999955892562866,0.06012280657887459
matched_detected,BraTS-GLI-00329-000,1,5835,1.0,0.9197117686271667,1.0,0.0456261932849884
matched_detected,BraTS-GLI-01160-001,1,42603,1.0,0.9694076180458069,1.0,0.045896437019109726
matched_detected,BraTS-GLI-00289-000,1,14420,1.0,0.9928410053253174,1.0,0.18617525696754456
matched_detected,BraTS-GLI-00289-000,2,2847,0.9999998807907104,0.46427133679389954,0.9988345503807068,0.004124176688492298
matched_detected,BraTS-GLI-00551-000,1,19955,1.0,0.8118571639060974,1.0,0.06879539787769318
matched_detected,BraTS-GLI-00504-000,1,13440,1.0,0.723101794719696,0.9999996423721313,0.005495792254805565
matched_detected,BraTS-GLI-00209-000,1,13439,1.0,0.9252073168754578,1.0,0.056958552449941635
matched_detected,BraTS-GLI-00209-000,6,2908,1.0,0.849706768989563,0.9999998807907104,0.031892601400613785
matched_detected,BraTS-GLI-00019-000,1,10056,1.0,0.8297953605651855,1.0,0.026719579473137856
matched_detected,BraTS-GLI-01394-000,1,48,1.0,0.9999980926513672,0.9999938011169434,0.059054311364889145
matched_detected,BraTS-GLI-01394-000,2,1812,1.0,0.9642356634140015,1.0,0.010928020812571049
matched_detected,BraTS-GLI-01394-000,3,2549,1.0,0.9650119543075562,1.0,0.014332368038594723
matched_detected,BraTS-GLI-00714-001,1,57771,1.0,0.8872305154800415,1.0,0.005503259599208832
matched_detected,BraTS-GLI-00714-001,6,10,0.9999737739562988,0.847586989402771,0.6823760271072388,0.004688619635999203
matched_detected,BraTS-GLI-00062-000,1,1970,1.0,0.9191579818725586,0.9999556541442871,0.0026803212240338326
matched_detected,BraTS-GLI-00341-000,1,6922,1.0,0.9404754638671875,1.0,0.03445975482463837
matched_detected,BraTS-GLI-01471-000,1,64483,1.0,0.8862980008125305,1.0,0.060297831892967224
matched_detected,BraTS-GLI-00349-000,1,29124,1.0,0.9224311709403992,1.0,0.03042893297970295
matched_detected,BraTS-GLI-01223-000,1,18169,1.0,0.8812726140022278,1.0,0.0980251207947731
matched_detected,BraTS-GLI-00834-000,1,3704,1.0,0.8931033611297607,0.9999996423721313,0.033300116658210754
matched_detected,BraTS-GLI-00834-000,2,2826,1.0,0.947836697101593,1.0,0.008274598978459835
matched_detected,BraTS-GLI-00834-000,3,16124,1.0,0.943751335144043,1.0,0.02464110590517521
matched_detected,BraTS-GLI-00479-001,1,9751,1.0,0.9891440272331238,0.9999489784240723,0.020410824567079544
matched_detected,BraTS-GLI-01274-000,1,6623,1.0,0.8621344566345215,1.0,0.10667793452739716
matched_detected,BraTS-GLI-01197-000,1,34078,1.0,0.9072723388671875,1.0,0.019128471612930298
matched_detected,BraTS-GLI-01244-000,1,8605,1.0,0.872140645980835,1.0,0.1109207347035408
matched_detected,BraTS-GLI-01239-000,1,12811,1.0,0.8847252726554871,1.0,0.09876223653554916
matched_detected,BraTS-GLI-01143-000,1,77492,1.0,0.900780975818634,1.0,0.341612309217453
matched_detected,BraTS-GLI-01143-000,2,12,0.9999998807907104,0.9999993443489075,0.9999996423721313,0.7487434148788452
matched_detected,BraTS-GLI-01143-000,4,248,1.0,0.9999997615814209,1.0,0.4692738652229309
matched_detected,BraTS-GLI-01143-000,6,8,0.9999995231628418,0.9999973177909851,0.9999996423721313,0.6513683795928955
matched_detected,BraTS-GLI-01143-000,9,5,0.9999998807907104,0.9999991655349731,0.9999998807907104,0.5494588613510132
matched_detected,BraTS-GLI-00658-000,1,24584,1.0,0.8170413374900818,0.9999994039535522,0.03398679941892624
matched_detected,BraTS-GLI-01267-000,1,37517,1.0,0.8982353210449219,1.0,0.13382869958877563
matched_detected,BraTS-GLI-00820-000,1,1140,1.0,0.9703013896942139,0.9999864101409912,0.06221185252070427
matched_detected,BraTS-GLI-00820-000,5,20000,1.0,0.9859234094619751,0.9999997615814209,0.12562903761863708
matched_detected,BraTS-GLI-01037-000,1,13070,1.0,0.8801078796386719,1.0,0.03773423656821251
matched_detected,BraTS-GLI-01037-000,19,450,1.0,0.8689881563186646,0.9999985694885254,0.058526113629341125
matched_detected,BraTS-GLI-01037-000,23,6,0.9992743134498596,0.9016993045806885,0.9999816417694092,0.06051386520266533
matched_detected,BraTS-GLI-01037-000,24,5,0.9992183446884155,0.9975903630256653,0.9992375373840332,0.19059762358665466
matched_detected,BraTS-GLI-01037-000,26,20,0.9999988079071045,0.9944108128547668,0.9999876022338867,0.1661674827337265
matched_detected,BraTS-GLI-01037-000,29,7,0.9999918937683105,0.8581938743591309,0.9940459728240967,0.048219308257102966
matched_detected,BraTS-GLI-01288-000,1,19519,1.0,0.9243003129959106,1.0,0.04692636802792549
matched_detected,BraTS-GLI-00559-001,1,67804,1.0,0.9736076593399048,0.9999996423721313,0.03433452546596527
matched_detected,BraTS-GLI-00502-000,1,30306,1.0,0.790677547454834,1.0,0.027387920767068863
matched_detected,BraTS-GLI-00803-000,1,34845,1.0,0.975130021572113,1.0,0.1343454122543335
matched_detected,BraTS-GLI-01301-000,1,1757,1.0,0.9656887054443359,0.9999988079071045,0.0319615975022316
matched_detected,BraTS-GLI-01027-001,2,908,1.0,0.92930006980896,0.9999715089797974,0.02392754890024662
matched_detected,BraTS-GLI-01027-001,3,5332,1.0,0.9099925756454468,1.0,0.015589805319905281
matched_detected,BraTS-GLI-00526-000,1,32994,1.0,0.876909077167511,1.0,0.12725697457790375
matched_detected,BraTS-GLI-00526-000,7,11,0.9999808073043823,0.8723496794700623,0.9999997615814209,0.462950736284256
matched_detected,BraTS-GLI-00526-000,13,9,0.9999994039535522,0.989099383354187,1.0,0.9152127504348755
matched_detected,BraTS-GLI-00519-000,1,13436,1.0,0.9440672993659973,1.0,0.05611661076545715
matched_detected,BraTS-GLI-00084-000,1,20745,1.0,0.7636468410491943,1.0,0.012612689286470413
matched_detected,BraTS-GLI-00084-000,2,5240,1.0,0.88121098279953,1.0,0.01725565828382969
matched_detected,BraTS-GLI-01467-000,1,110936,1.0,0.7519978284835815,1.0,0.038564302027225494
matched_detected,BraTS-GLI-01248-000,1,16146,1.0,0.874359130859375,1.0,0.09875667840242386
matched_detected,BraTS-GLI-00610-001,8,12,2.105047514078251e-07,3.270490012141636e-08,1.465574314352125e-06,5.005091097132208e-08
matched_detected,BraTS-GLI-01177-000,1,505,1.0,0.7438554167747498,0.988854169845581,0.009299548342823982
matched_detected,BraTS-GLI-01177-000,2,227,1.0,0.7969745993614197,0.9999474287033081,0.03754570707678795
matched_detected,BraTS-GLI-01177-000,5,75947,1.0,0.9328439831733704,1.0,0.041031964123249054
matched_detected,BraTS-GLI-00733-001,1,4753,1.0,0.9813602566719055,0.9999887943267822,0.029197562485933304
matched_detected,BraTS-GLI-00121-000,1,7385,1.0,0.9582754373550415,1.0,0.06309163570404053
matched_detected,BraTS-GLI-00724-000,1,23158,1.0,0.8968594074249268,1.0,0.03303079679608345
matched_detected,BraTS-GLI-00727-000,1,16019,1.0,0.6457570791244507,0.9990655779838562,0.002811088925227523
matched_detected,BraTS-GLI-00097-000,1,15671,1.0,0.9168311953544617,1.0,0.02901572920382023
matched_detected,BraTS-GLI-01203-000,1,6419,1.0,0.8709295988082886,1.0,0.05825253948569298
matched_detected,BraTS-GLI-01052-000,1,20814,1.0,0.9708858132362366,1.0,0.03282923623919487
matched_detected,BraTS-GLI-01052-000,2,1160,1.0,0.933712363243103,0.998812198638916,0.010140879079699516
matched_detected,BraTS-GLI-00608-001,1,61080,1.0,0.956940770149231,1.0,0.02367757074534893
matched_detected,BraTS-GLI-00608-001,9,6,0.9999691247940063,0.9958519339561462,0.9933639764785767,0.05599422752857208
matched_detected,BraTS-GLI-00608-001,12,9,0.9999387264251709,0.9776814579963684,0.9969838261604309,0.041045840829610825
matched_detected,BraTS-GLI-00608-001,14,12,0.9888668656349182,0.6718757152557373,0.017159033566713333,0.0001784631604095921
matched_detected,BraTS-GLI-01263-000,8,1397,1.0,0.8350002765655518,1.0,0.05967964604496956
matched_detected,BraTS-GLI-01263-000,22,235,1.0,0.9069289565086365,1.0,0.1080695390701294
matched_detected,BraTS-GLI-01263-000,31,20,0.9999992847442627,0.7237355709075928,0.9998288154602051,0.04217834398150444
matched_detected,BraTS-GLI-01263-000,33,5,0.9997901320457458,0.6770423054695129,0.9987523555755615,0.05975351110100746
matched_detected,BraTS-GLI-01263-000,35,6,0.9896427989006042,0.5505906939506531,0.03372048959136009,0.0005230339011177421
matched_detected,BraTS-GLI-01263-000,56,9996,1.0,0.9071597456932068,1.0,0.20854410529136658
matched_detected,BraTS-GLI-01263-000,57,5,0.9999979734420776,0.6452829837799072,1.0,0.20576956868171692
matched_detected,BraTS-GLI-01263-000,66,200,1.0,0.8739414215087891,1.0,0.12796591222286224
matched_detected,BraTS-GLI-01263-000,73,14,1.0,0.9928210377693176,1.0,0.1660587191581726
matched_detected,BraTS-GLI-01263-000,75,25,1.0,0.917361855506897,1.0,0.14274820685386658
matched_detected,BraTS-GLI-01263-000,76,9,0.9999988079071045,0.9984509348869324,0.999991774559021,0.12188353389501572
matched_detected,BraTS-GLI-01263-000,92,11,0.9998687505722046,0.8252904415130615,0.9999985694885254,0.12894947826862335
matched_detected,BraTS-GLI-01263-000,106,5,0.9999990463256836,0.8577731251716614,1.0,0.39057445526123047
matched_detected,BraTS-GLI-01263-000,110,16,1.0,0.9210784435272217,1.0,0.45845919847488403
matched_detected,BraTS-GLI-01263-000,118,562,0.9999998807907104,0.8142707943916321,0.999997615814209,0.04825885593891144
matched_detected,BraTS-GLI-01263-000,120,6,0.9997290968894958,0.46328678727149963,0.9999994039535522,0.2372644990682602
matched_detected,BraTS-GLI-01403-000,1,56990,1.0,0.9750699400901794,1.0,0.045790813863277435
matched_detected,BraTS-GLI-01268-000,1,9458,1.0,0.8249914646148682,1.0,0.08099574595689774
matched_detected,BraTS-GLI-00505-000,1,32947,1.0,0.7941074967384338,0.9999980926513672,0.009539597667753696
matched_detected,BraTS-GLI-01219-000,3,18247,1.0,0.9530772566795349,0.9999970197677612,0.007375652901828289
matched_detected,BraTS-GLI-00675-000,1,11461,1.0,0.7903106212615967,0.9947189092636108,0.004808560013771057
matched_detected,BraTS-GLI-00045-001,1,6752,1.0,0.9795981049537659,1.0,0.029826398938894272
matched_detected,BraTS-GLI-00194-000,1,16831,1.0,0.9351823925971985,1.0,0.04142165929079056
matched_detected,BraTS-GLI-00194-000,5,5,0.9999997615814209,0.9999530911445618,0.9999990463256836,0.06700565665960312
matched_detected,BraTS-GLI-00524-000,1,19817,1.0,0.7612953186035156,1.0,0.03346889838576317
matched_detected,BraTS-GLI-00691-000,1,20670,1.0,0.9325188398361206,0.9999526739120483,0.02269076742231846
matched_detected,BraTS-GLI-00691-000,2,17,1.0,0.9999316930770874,0.9997445940971375,0.05594208836555481
matched_detected,BraTS-GLI-00334-000,1,21445,1.0,0.951755940914154,1.0,0.0372626893222332
matched_detected,BraTS-GLI-01184-000,1,19621,1.0,0.8236697912216187,1.0,0.04833925887942314
matched_detected,BraTS-GLI-00538-000,1,10087,1.0,0.7118703126907349,1.0,0.02259949967265129
matched_detected,BraTS-GLI-00538-000,3,146,0.9995386600494385,0.4255126118659973,0.0005537605611607432,2.1314137939043576e-06
matched_detected,BraTS-GLI-00824-000,1,35984,1.0,0.9554951786994934,1.0,0.06538679450750351
matched_detected,BraTS-GLI-00655-001,1,2646,1.0,0.9890815019607544,0.9999992847442627,0.027367031201720238
matched_detected,BraTS-GLI-00655-001,2,31344,1.0,0.9428340792655945,0.9999902248382568,0.011728992685675621
matched_detected,BraTS-GLI-01468-000,1,40593,1.0,0.9691155552864075,1.0,0.2584901452064514
matched_detected,BraTS-GLI-00802-000,1,4932,1.0,0.9661120772361755,1.0,0.021329831331968307
matched_detected,BraTS-GLI-00823-000,1,19673,1.0,0.6384989023208618,0.9997962117195129,0.01224371325224638
matched_detected,BraTS-GLI-01398-000,1,9903,1.0,0.9652823805809021,1.0,0.018490437418222427
matched_detected,BraTS-GLI-01522-000,1,3583,1.0,0.7547796964645386,0.9999991655349731,0.03359571844339371
matched_detected,BraTS-GLI-01522-000,2,203,1.0,0.6984609961509705,1.0,0.018906278535723686
matched_detected,BraTS-GLI-00184-000,1,9769,1.0,0.9703686237335205,1.0,0.05974669009447098
matched_detected,BraTS-GLI-00184-000,8,5,0.9999997615814209,0.8008559942245483,0.9999983310699463,0.09548591822385788
matched_detected,BraTS-GLI-01271-000,1,2164,1.0,0.4949653446674347,1.0,0.05248001962900162
matched_detected,BraTS-GLI-01271-000,2,8344,1.0,0.9091150760650635,1.0,0.18198077380657196
matched_detected,BraTS-GLI-00320-000,1,4307,1.0,0.9287254214286804,1.0,0.16654671728610992
matched_detected,BraTS-GLI-01229-000,1,16733,1.0,0.7927644848823547,1.0,0.05080850422382355
matched_detected,BraTS-GLI-01290-000,1,8972,1.0,0.9940599799156189,1.0,0.12214071303606033
matched_detected,BraTS-GLI-00416-000,1,68209,1.0,0.9511097073554993,1.0,0.016224835067987442
matched_detected,BraTS-GLI-00416-000,2,16,0.9999997615814209,0.9463417530059814,0.9878981709480286,0.02998589538037777
matched_detected,BraTS-GLI-01067-000,1,13989,1.0,0.9836785793304443,1.0,0.06950391083955765
matched_detected,BraTS-GLI-00729-000,1,5014,1.0,0.9291214942932129,0.9999996423721313,0.01903199590742588
matched_detected,BraTS-GLI-01397-000,1,23884,1.0,0.9074792265892029,0.9999816417694092,0.02171739563345909
matched_detected,BraTS-GLI-01163-000,1,21486,1.0,0.8982451558113098,1.0,0.1506105363368988
matched_detected,BraTS-GLI-01163-000,3,529,1.0,0.8592931032180786,1.0,0.2072177678346634
matched_detected,BraTS-GLI-01163-000,7,6,0.9967336654663086,0.6375446915626526,0.9999959468841553,0.18330571055412292
matched_detected,BraTS-GLI-01533-000,1,1036,1.0,0.6939493417739868,0.9999737739562988,0.014391286298632622
matched_detected,BraTS-GLI-00274-000,1,10841,1.0,0.8785524964332581,1.0,0.10363975167274475
matched_detected,BraTS-GLI-00274-000,13,8,1.0,0.5234345197677612,1.0,0.13794295489788055
matched_detected,BraTS-GLI-00274-000,15,8,0.9873881936073303,0.3723568320274353,0.9967923760414124,0.023947125300765038
matched_detected,BraTS-GLI-00212-000,1,2112,1.0,0.9149293899536133,1.0,0.12691019475460052
matched_detected,BraTS-GLI-01144-000,1,10924,1.0,0.9956732392311096,1.0,0.16604045033454895
matched_detected,BraTS-GLI-00104-000,1,29511,1.0,0.9782317876815796,1.0,0.13446415960788727
matched_detected,BraTS-GLI-01056-000,1,10616,1.0,0.9139692187309265,1.0,0.09848283231258392
matched_detected,BraTS-GLI-01056-000,6,5,0.9999983310699463,0.9972640872001648,0.9998082518577576,0.16751588881015778
matched_detected,BraTS-GLI-01056-000,9,160,1.0,0.9822431802749634,0.9999933242797852,0.0923716276884079
matched_detected,BraTS-GLI-01056-000,13,6,0.9999798536300659,0.9637991786003113,0.9999856948852539,0.08842407166957855
matched_detected,BraTS-GLI-01056-000,18,5,0.9844557046890259,0.7627918720245361,0.9647419452667236,0.010041678324341774
matched_detected,BraTS-GLI-01056-000,19,6,0.9999929666519165,0.997896134853363,0.9997814297676086,0.0506155826151371
matched_detected,BraTS-GLI-01056-000,20,38,0.9999938011169434,0.7206109166145325,0.9998724460601807,0.019152851775288582
matched_detected,BraTS-GLI-01056-000,38,357,1.0,0.5631646513938904,0.9999176263809204,0.012117919512093067
matched_detected,BraTS-GLI-01056-000,40,6,0.9867386817932129,0.7564657330513,0.06762024760246277,0.0008787828264757991
matched_detected,BraTS-GLI-00630-000,1,19301,1.0,0.8717437982559204,1.0,0.02045263536274433
matched_detected,BraTS-GLI-01060-000,1,44497,1.0,0.9435760974884033,1.0,0.028384331613779068
matched_detected,BraTS-GLI-00021-001,1,19734,1.0,0.7776046395301819,1.0,0.07778874784708023
matched_detected,BraTS-GLI-00021-001,2,73,0.9999994039535522,0.863530695438385,1.0,0.26882100105285645
matched_detected,BraTS-GLI-00464-001,1,5896,1.0,0.7649308443069458,0.9994632601737976,0.002266618423163891
matched_detected,BraTS-GLI-01032-000,1,73389,1.0,0.9232363104820251,1.0,0.08225145190954208
matched_detected,BraTS-GLI-01335-000,1,11464,1.0,0.858997106552124,0.9999959468841553,0.010378356091678143
matched_detected,BraTS-GLI-01456-000,2,28982,1.0,0.8884572982788086,1.0,0.08049000054597855
matched_detected,BraTS-GLI-00731-000,1,3649,1.0,0.49791452288627625,7.819071470294148e-06,1.6494301036118486e-08
matched_detected,BraTS-GLI-01361-000,1,54077,1.0,0.9541056156158447,1.0,0.050656504929065704
matched_detected,BraTS-GLI-00442-000,1,12854,1.0,0.914125382900238,1.0,0.06042604520916939
matched_detected,BraTS-GLI-00267-000,2,18518,1.0,0.934519350528717,0.9999886751174927,0.008640562184154987
matched_detected,BraTS-GLI-00246-000,1,10603,1.0,0.9721535444259644,1.0,0.03539600968360901
matched_detected,BraTS-GLI-01294-000,1,77,0.9999909400939941,0.7694228291511536,0.36057478189468384,0.001944259856827557
matched_detected,BraTS-GLI-01294-000,2,15879,1.0,0.9741476774215698,1.0,0.024181582033634186
matched_detected,BraTS-GLI-01294-000,5,19,0.9570462703704834,0.6047659516334534,0.18749892711639404,0.0016540311044082046
matched_detected,BraTS-GLI-01345-000,1,25550,1.0,0.9132939577102661,0.999750554561615,0.0037021527532488108
matched_detected,BraTS-GLI-00099-000,1,9491,1.0,0.8120453357696533,1.0,0.018010465428233147
matched_detected,BraTS-GLI-00099-000,2,412,0.9999983310699463,0.7300623655319214,0.9988259673118591,0.0215144120156765
matched_detected,BraTS-GLI-00072-000,1,33421,1.0,0.8732154965400696,1.0,0.020664753392338753
matched_detected,BraTS-GLI-01283-000,1,35696,1.0,0.8650692701339722,1.0,0.02345382794737816
matched_detected,BraTS-GLI-00359-000,1,14842,1.0,0.9545227885246277,1.0,0.041576530784368515
matched_detected,BraTS-GLI-00837-000,1,1107,1.0,0.9857714772224426,1.0,0.05672698840498924
matched_detected,BraTS-GLI-00095-000,1,36106,1.0,0.8134711384773254,0.9999979734420776,0.014039102010428905
matched_detected,BraTS-GLI-00545-000,1,14382,1.0,0.7949085831642151,1.0,0.035071760416030884
matched_detected,BraTS-GLI-01251-000,1,30109,1.0,0.9857959151268005,1.0,0.1866598129272461
matched_detected,BraTS-GLI-00171-000,1,24283,1.0,0.877776026725769,1.0,0.02616548351943493
matched_detected,BraTS-GLI-00171-000,18,280,0.999998927116394,0.5770024061203003,0.9799721837043762,0.0012206888059154153
matched_detected,BraTS-GLI-00084-001,1,783,1.0,0.8893361687660217,0.9999873638153076,0.08128856122493744
matched_detected,BraTS-GLI-00084-001,2,499,0.9999997615814209,0.6411514282226562,0.0004678419791162014,1.2241305284987902e-06
matched_detected,BraTS-GLI-01385-000,1,63690,1.0,0.9745640158653259,1.0,0.021237673237919807
matched_detected,BraTS-GLI-01088-000,1,2124,1.0,0.9001603126525879,0.9999991655349731,0.026563560590147972
matched_detected,BraTS-GLI-00693-000,1,13540,1.0,0.6911055445671082,0.9998940229415894,0.02842709980905056
matched_detected,BraTS-GLI-00552-001,1,16757,1.0,0.9170445799827576,0.9990598559379578,0.0028564687818288803
matched_detected,BraTS-GLI-01002-000,1,34976,1.0,0.94956374168396,1.0,0.22756585478782654
matched_detected,BraTS-GLI-00227-000,1,2037,1.0,0.6664373278617859,1.0,0.03048616088926792
matched_detected,BraTS-GLI-00340-000,1,7094,1.0,0.9274488091468811,1.0,0.030160998925566673
matched_detected,BraTS-GLI-00340-000,2,3735,1.0,0.9865406155586243,1.0,0.018122509121894836
matched_detected,BraTS-GLI-00598-000,1,30499,1.0,0.8795111179351807,1.0,0.035748451948165894
matched_detected,BraTS-GLI-01505-000,1,113,1.0,0.912070095539093,0.9975008368492126,0.018962496891617775
matched_detected,BraTS-GLI-01505-000,4,103,1.0,0.9408594369888306,0.9990997314453125,0.02638189308345318
matched_detected,BraTS-GLI-01505-000,6,176,0.9999998807907104,0.7110952734947205,0.9734508991241455,0.003054340835660696
matched_detected,BraTS-GLI-01505-000,7,674,0.9999997615814209,0.7439656257629395,0.9757229089736938,0.00288301520049572
matched_detected,BraTS-GLI-00677-000,1,26850,1.0,0.8854389190673828,1.0,0.053381673991680145
matched_detected,BraTS-GLI-00124-000,2,38754,1.0,0.9978864789009094,1.0,0.6123802661895752
matched_detected,BraTS-GLI-00124-000,26,158,1.0,1.0,1.0,0.9473973512649536
matched_detected,BraTS-GLI-00756-001,1,52588,1.0,0.9419448375701904,1.0,0.05158723518252373
matched_detected,BraTS-GLI-01610-000,1,4771,1.0,0.8503857254981995,0.9992645382881165,0.008905605413019657
matched_detected,BraTS-GLI-01100-000,1,18154,1.0,0.9557375311851501,1.0,0.028751812875270844
matched_detected,BraTS-GLI-01049-000,2,6715,1.0,0.6638311147689819,0.9999676942825317,0.02151949144899845
matched_detected,BraTS-GLI-00620-000,1,16884,1.0,0.9272526502609253,0.9999297857284546,0.0041400715708732605
matched_detected,BraTS-GLI-00751-001,2,2898,1.0,0.8873882293701172,0.9999061822891235,0.00794429425150156
matched_detected,BraTS-GLI-01158-000,3,19841,1.0,0.6690358519554138,0.9999929666519165,0.005805537104606628
matched_detected,BraTS-GLI-01358-000,1,47590,1.0,0.9791385531425476,1.0,0.031038301065564156
matched_detected,BraTS-GLI-01236-000,1,23769,1.0,0.8091917037963867,1.0,0.07749462872743607
matched_detected,BraTS-GLI-00136-000,1,15071,1.0,0.9974498152732849,1.0,0.33182281255722046
matched_detected,BraTS-GLI-00136-000,5,9,0.9999254941940308,0.8894897103309631,0.9999961853027344,0.3176605701446533
matched_detected,BraTS-GLI-01089-000,1,20867,1.0,0.9895539879798889,1.0,0.06785452365875244
matched_detected,BraTS-GLI-01089-000,6,7,0.9999998807907104,0.8821606040000916,0.9999967813491821,0.05688287317752838
matched_detected,BraTS-GLI-01089-000,8,6,0.9998657703399658,0.9670195579528809,0.9999762773513794,0.08095885068178177
matched_detected,BraTS-GLI-01128-000,1,5391,1.0,0.6432746648788452,0.9998546838760376,0.003954952582716942
matched_detected,BraTS-GLI-00123-000,1,50068,1.0,0.9230929613113403,1.0,0.03808721899986267
matched_detected,BraTS-GLI-00581-000,1,47118,1.0,0.9194881916046143,1.0,0.019900767132639885
matched_detected,BraTS-GLI-01039-000,1,8546,1.0,0.938194215297699,1.0,0.04500100389122963
matched_detected,BraTS-GLI-01353-000,1,11998,1.0,0.9698060154914856,1.0,0.04480588063597679
matched_detected,BraTS-GLI-01353-000,3,7,0.9999998807907104,0.9999755024909973,0.999775230884552,0.037356212735176086
matched_detected,BraTS-GLI-00059-001,1,15912,1.0,0.9021599888801575,1.0,0.013615474104881287
matched_detected,BraTS-GLI-00725-001,1,1663,1.0,0.7120913863182068,0.9998893737792969,0.006610861048102379
matched_detected,BraTS-GLI-00725-001,2,534,0.9999997615814209,0.6109270453453064,0.16569118201732635,0.00015053918468765914
matched_detected,BraTS-GLI-01085-000,1,29215,1.0,0.9832793474197388,1.0,0.05985115468502045
matched_detected,BraTS-GLI-01129-000,1,15779,1.0,0.9612558484077454,0.9999998807907104,0.025333000347018242
matched_detected,BraTS-GLI-00127-000,4,6506,1.0,0.8649572730064392,0.9988262057304382,0.002842215122655034
matched_detected,BraTS-GLI-00777-001,1,18559,1.0,0.905734121799469,1.0,0.02651001513004303
matched_detected,BraTS-GLI-01291-000,1,3376,1.0,0.9905955195426941,1.0,0.3395579755306244
matched_detected,BraTS-GLI-01291-000,6,7,0.9999998807907104,0.9999956488609314,1.0,0.4897885322570801
matched_detected,BraTS-GLI-01291-000,12,12,0.9999998807907104,0.9999988675117493,1.0,0.6819000244140625
matched_detected,BraTS-GLI-01291-000,14,23,0.9999998807907104,0.9999991655349731,1.0,0.3546313941478729
matched_detected,BraTS-GLI-01291-000,16,5,0.9999995231628418,0.9999991655349731,0.9999997615814209,0.7118564248085022
matched_detected,BraTS-GLI-01291-000,19,140,1.0,0.9999995827674866,1.0,0.45807239413261414
matched_detected,BraTS-GLI-01291-000,23,250,1.0,0.9999999403953552,1.0,0.36053553223609924
matched_detected,BraTS-GLI-01291-000,24,16,0.9999997615814209,0.999998927116394,0.9999995231628418,0.4876565635204315
matched_detected,BraTS-GLI-00110-000,1,15090,1.0,0.9701203107833862,1.0,0.014752177521586418
matched_detected,BraTS-GLI-00480-000,1,43988,1.0,0.8570069074630737,0.9999991655349731,0.017891915515065193
matched_detected,BraTS-GLI-00336-000,1,12372,1.0,0.9795674085617065,1.0,0.04827326908707619
matched_detected,BraTS-GLI-00777-000,1,15333,1.0,0.7642626762390137,0.9999996423721313,0.00982111319899559
matched_detected,BraTS-GLI-01118-000,1,2498,1.0,0.9813278317451477,1.0,0.038365453481674194
matched_detected,BraTS-GLI-01118-000,2,5608,1.0,0.9733380079269409,1.0,0.04463467374444008
matched_detected,BraTS-GLI-01121-000,1,34934,1.0,0.9625061750411987,1.0,0.04587544873356819
matched_detected,BraTS-GLI-01447-000,1,33490,1.0,0.8496105670928955,1.0,0.0409369170665741
matched_detected,BraTS-GLI-00049-000,1,15417,1.0,0.9053733348846436,1.0,0.02490202896296978
matched_detected,BraTS-GLI-00453-000,1,40565,1.0,0.9504298567771912,1.0,0.09488831460475922
matched_detected,BraTS-GLI-01174-000,1,49400,1.0,0.9773584008216858,1.0,0.24727071821689606
matched_detected,BraTS-GLI-01174-000,10,45,0.9999997615814209,0.9714232683181763,1.0,0.5838488936424255
matched_detected,BraTS-GLI-01072-000,1,33399,1.0,0.9673135280609131,1.0,0.06822218745946884
matched_detected,BraTS-GLI-01072-000,16,10,0.9962835907936096,0.6564518809318542,0.994091808795929,0.05664816126227379
matched_detected,BraTS-GLI-00236-000,1,22781,1.0,0.919299840927124,1.0,0.015217785723507404
matched_detected,BraTS-GLI-00107-000,1,17626,1.0,0.9397295117378235,1.0,0.05013425648212433
matched_detected,BraTS-GLI-00006-000,1,16626,1.0,0.8540875911712646,1.0,0.012851584702730179
matched_detected,BraTS-GLI-00735-000,1,2206,1.0,0.7712491154670715,0.02513185702264309,2.7396732548368163e-05
matched_detected,BraTS-GLI-00687-000,1,18938,1.0,0.8504790663719177,0.9999899864196777,0.015268166549503803
matched_detected,BraTS-GLI-00056-000,1,43755,1.0,0.8300307393074036,1.0,0.0124179907143116
matched_detected,BraTS-GLI-00328-000,1,16256,1.0,0.989177405834198,1.0,0.32819271087646484
matched_detected,BraTS-GLI-00550-001,1,5914,1.0,0.8977525234222412,0.9999990463256836,0.02695511095225811
matched_detected,BraTS-GLI-01339-000,1,11185,1.0,0.9770931005477905,0.9999997615814209,0.0203855000436306
matched_detected,BraTS-GLI-01339-000,3,9,0.9999680519104004,0.7766023874282837,0.13705959916114807,0.0031273169443011284
matched_detected,BraTS-GLI-01081-000,1,26974,1.0,0.9396971464157104,0.9999896287918091,0.016838056966662407
matched_detected,BraTS-GLI-01081-000,2,5,0.9999891519546509,0.6519431471824646,0.9871747493743896,0.049752719700336456
matched_detected,BraTS-GLI-01081-000,6,431,1.0,0.8513085246086121,0.9990966320037842,0.005270108580589294
matched_detected,BraTS-GLI-01136-000,1,56735,1.0,0.9168914556503296,0.999998927116394,0.010643304325640202
matched_detected,BraTS-GLI-01136-000,3,24,1.0,0.9352269172668457,0.9520177245140076,0.022462382912635803
matched_detected,BraTS-GLI-00828-000,2,36537,1.0,0.9663145542144775,1.0,0.3686387836933136
matched_detected,BraTS-GLI-00389-000,1,3549,1.0,0.9597523212432861,1.0,0.03168370947241783
matched_detected,BraTS-GLI-00389-000,2,62,1.0,0.607708215713501,0.0042742593213915825,2.1669566194759682e-05
matched_detected,BraTS-GLI-00443-000,1,25023,1.0,0.9351814985275269,1.0,0.03565923497080803
matched_detected,BraTS-GLI-00443-000,2,51,0.9999994039535522,0.9990111589431763,0.9999208450317383,0.08863520622253418
matched_detected,BraTS-GLI-00443-000,3,32,0.9999810457229614,0.9270403385162354,0.9957020878791809,0.027693623676896095
matched_detected,BraTS-GLI-01497-000,2,1176,1.0,0.6490499377250671,1.0,0.1064889207482338
matched_detected,BraTS-GLI-01497-000,3,64,0.9999985694885254,0.5271077156066895,0.9992745518684387,0.008272738195955753
matched_detected,BraTS-GLI-01497-000,5,2051,1.0,0.8410472869873047,1.0,0.0194183811545372
matched_detected,BraTS-GLI-01497-000,9,153,0.9999998807907104,0.6532612442970276,0.9983752965927124,0.005305889528244734
matched_detected,BraTS-GLI-00402-000,1,28711,1.0,0.9635829329490662,1.0,0.04704245552420616
matched_detected,BraTS-GLI-00402-000,2,28400,1.0,0.9696243405342102,1.0,0.08510830998420715
matched_detected,BraTS-GLI-00165-000,1,11739,1.0,0.9061545133590698,0.9999998807907104,0.011652681976556778
matched_detected,BraTS-GLI-00133-000,1,18861,1.0,0.9406793117523193,1.0,0.10390643030405045
matched_detected,BraTS-GLI-00133-000,8,5,0.9999319314956665,0.7340047359466553,0.9999990463256836,0.3754495084285736
matched_detected,BraTS-GLI-01406-000,1,35207,1.0,0.9717696309089661,1.0,0.04705338180065155
matched_detected,BraTS-GLI-00689-001,1,45144,1.0,0.8476499915122986,1.0,0.003991350065916777
matched_detected,BraTS-GLI-00838-000,1,14563,1.0,0.9145781993865967,1.0,0.042441584169864655
matched_detected,BraTS-GLI-00838-000,13,2050,1.0,0.8730417490005493,0.9992545247077942,0.004317157901823521
matched_detected,BraTS-GLI-00838-000,17,938,0.9999997615814209,0.39640167355537415,0.9999982118606567,0.036271221935749054
matched_detected,BraTS-GLI-00789-000,1,33785,1.0,0.9161767363548279,0.9999998807907104,0.01230133231729269
matched_detected,BraTS-GLI-00053-001,1,31619,1.0,0.9108967781066895,0.9999996423721313,0.014281325973570347
matched_detected,BraTS-GLI-00053-001,2,18,1.0,0.9821186065673828,0.7421282529830933,0.0073552061803638935
matched_detected,BraTS-GLI-01245-000,13,4465,1.0,0.6157065629959106,1.0,0.02741740085184574
matched_detected,BraTS-GLI-01245-000,52,359,1.0,0.9142932295799255,1.0,0.13688284158706665
matched_detected,BraTS-GLI-01026-000,1,21205,1.0,0.8914620876312256,1.0,0.02790997549891472
matched_detected,BraTS-GLI-01098-000,1,11302,1.0,0.970384955406189,1.0,0.045947156846523285
matched_detected,BraTS-GLI-01132-000,1,1511,1.0,0.9475204348564148,0.999387264251709,0.006038816180080175
matched_detected,BraTS-GLI-00457-000,1,35638,1.0,0.9244958758354187,1.0,0.03546299412846565
matched_detected,BraTS-GLI-01498-000,6,35389,1.0,0.9663903713226318,1.0,0.17601901292800903
matched_detected,BraTS-GLI-01498-000,15,378,1.0,0.978377103805542,1.0,0.13840888440608978
matched_detected,BraTS-GLI-01498-000,61,18,4.65922767034499e-07,9.011713331119608e-08,2.9639249987667426e-07,8.537218043613848e-09
matched_detected,BraTS-GLI-00578-000,1,45491,1.0,0.8758962750434875,1.0,0.05499419569969177
matched_detected,BraTS-GLI-01316-000,1,21953,1.0,0.9530863761901855,1.0,0.04048146679997444
matched_detected,BraTS-GLI-00775-000,1,12411,1.0,0.9124396443367004,1.0,0.03823355957865715
matched_detected,BraTS-GLI-00510-000,1,36245,1.0,0.8404965400695801,1.0,0.032950352877378464
matched_detected,BraTS-GLI-01286-000,1,21840,1.0,0.9748975038528442,1.0,0.08607205748558044
matched_detected,BraTS-GLI-01286-000,6,7,0.2435392439365387,0.07413824647665024,0.9999922513961792,0.090177983045578
matched_detected,BraTS-GLI-01305-000,1,45599,1.0,0.9912270903587341,1.0,0.06210097670555115
matched_detected,BraTS-GLI-00410-000,1,8105,1.0,0.9397369027137756,0.9999943971633911,0.01827676221728325
matched_detected,BraTS-GLI-00020-000,1,18474,1.0,0.9438232779502869,1.0,0.04240124300122261
matched_detected,BraTS-GLI-00814-000,1,35787,1.0,0.9204477071762085,0.9999994039535522,0.015867315232753754
matched_detected,BraTS-GLI-00814-000,2,72,1.0,0.9999976754188538,1.0,0.4996137022972107
matched_detected,BraTS-GLI-01123-000,2,6177,1.0,0.8078402876853943,0.9999983310699463,0.01843205839395523
matched_detected,BraTS-GLI-01200-000,1,22781,1.0,0.9609522223472595,0.9999992847442627,0.050329167395830154
matched_detected,BraTS-GLI-00613-000,1,11160,1.0,0.7561714053153992,0.9999135732650757,0.027270803228020668
matched_detected,BraTS-GLI-00613-000,4,31,0.9998914003372192,0.7357957363128662,0.9891308546066284,0.03564504534006119
matched_detected,BraTS-GLI-00613-000,5,9569,1.0,0.7676088213920593,0.9971931576728821,0.008927153423428535
matched_detected,BraTS-GLI-01126-000,1,42410,1.0,0.9909148812294006,1.0,0.03663688525557518
matched_detected,BraTS-GLI-01415-000,1,17817,1.0,0.7335007786750793,1.0,0.05214190483093262
matched_detected,BraTS-GLI-00516-000,1,58369,1.0,0.9123790264129639,1.0,0.1572250872850418
matched_detected,BraTS-GLI-01218-000,1,819,1.0,0.8953157067298889,1.0,0.12762024998664856
matched_detected,BraTS-GLI-01218-000,4,868,1.0,0.9237707257270813,1.0,0.10203409194946289
matched_detected,BraTS-GLI-01116-000,1,5585,1.0,0.9448211789131165,1.0,0.04215097799897194
matched_detected,BraTS-GLI-01164-000,1,29058,1.0,0.9683710336685181,0.9999960660934448,0.03960162028670311
matched_detected,BraTS-GLI-00649-001,1,22916,1.0,0.9316612482070923,0.999944806098938,0.004183250945061445
matched_detected,BraTS-GLI-01057-000,1,11365,1.0,0.9712598323822021,1.0,0.06902728974819183
matched_detected,BraTS-GLI-01412-000,1,4950,1.0,0.9027073383331299,1.0,0.04067246615886688
matched_detected,BraTS-GLI-01412-000,2,3213,1.0,0.7128886580467224,1.0,0.014119045808911324
matched_detected,BraTS-GLI-01412-000,5,18,0.9999942779541016,0.48848140239715576,0.9999997615814209,0.16821056604385376
matched_detected,BraTS-GLI-01281-000,1,45073,1.0,0.9017077088356018,1.0,0.2236989289522171
matched_detected,BraTS-GLI-01281-000,7,8,0.9996263980865479,0.9104964733123779,0.9980499744415283,0.10376717895269394
matched_detected,BraTS-GLI-00036-001,1,25136,1.0,0.8758194446563721,1.0,0.008261500857770443
matched_detected,BraTS-GLI-00207-000,1,7057,1.0,0.5772685408592224,1.0,0.06153044477105141
matched_detected,BraTS-GLI-00207-000,7,9474,1.0,0.9008631110191345,1.0,0.04201154783368111
matched_detected,BraTS-GLI-00207-000,10,275,1.0,0.959036648273468,1.0,0.023132454603910446
matched_detected,BraTS-GLI-00207-000,20,839,1.0,0.8628589510917664,1.0,0.029498320072889328
matched_detected,BraTS-GLI-00207-000,22,472,1.0,0.9502546191215515,1.0,0.040753405541181564
matched_detected,BraTS-GLI-00207-000,23,37,1.0,0.7112866044044495,1.0,0.042758841067552567
matched_detected,BraTS-GLI-00304-000,1,33669,1.0,0.9338719844818115,1.0,0.10736619681119919
matched_detected,BraTS-GLI-00304-000,16,40,1.0,0.7257208824157715,1.0,0.5606220364570618
matched_detected,BraTS-GLI-00304-000,24,6,0.9999996423721313,0.9921829700469971,1.0,0.6076300740242004
matched_detected,BraTS-GLI-00304-000,25,5,0.9999998807907104,0.9999908208847046,1.0,0.8776228427886963
matched_detected,BraTS-GLI-00304-000,50,6,0.9999957084655762,0.6966329216957092,0.9999998807907104,0.16376039385795593
matched_detected,BraTS-GLI-01109-000,1,16122,1.0,0.9309596419334412,1.0,0.03651018813252449
matched_detected,BraTS-GLI-01429-000,1,9953,1.0,0.7018250226974487,0.9999997615814209,0.13729722797870636
matched_detected,BraTS-GLI-01429-000,26,1180,0.9855859875679016,0.01274965237826109,0.0017760685877874494,7.891943027971138e-07
matched_detected,BraTS-GLI-01429-000,28,30,7.620240580763493e-07,9.247106191878629e-08,5.35885919816792e-06,8.27780723966498e-08
matched_detected,BraTS-GLI-01466-000,1,58394,1.0,0.8517059683799744,1.0,0.033100634813308716
matched_detected,BraTS-GLI-01083-000,1,16624,1.0,0.9591606259346008,0.9999998807907104,0.035069674253463745
matched_detected,BraTS-GLI-00601-000,1,29775,1.0,0.7019059658050537,0.999997615814209,0.0022509610280394554
matched_detected,BraTS-GLI-00172-000,8,23242,1.0,0.9531963467597961,1.0,0.1103796735405922
matched_detected,BraTS-GLI-00172-000,50,6,1.0,1.0,1.0,0.73061203956604
matched_detected,BraTS-GLI-00757-000,2,26513,1.0,0.8007847666740417,0.9999967813491821,0.030340466648340225
matched_detected,BraTS-GLI-00787-000,1,74249,1.0,0.9619858264923096,1.0,0.11234987527132034
matched_detected,BraTS-GLI-01240-000,2,380,1.0,0.6932270526885986,0.9999914169311523,0.0057493411004543304
matched_detected,BraTS-GLI-01240-000,3,628,1.0,0.6310566067695618,1.0,0.05662672221660614
matched_detected,BraTS-GLI-01240-000,5,251,0.9999998807907104,0.7360979914665222,0.9766457676887512,0.0020054730121046305
matched_detected,BraTS-GLI-00366-000,1,1550,1.0,0.7772197127342224,0.9998369216918945,0.004836078733205795
matched_detected,BraTS-GLI-00740-000,1,13903,1.0,0.641658365726471,0.9999816417694092,0.002263545524328947
matched_detected,BraTS-GLI-01472-000,1,27420,1.0,0.9963482618331909,1.0,0.3835042417049408
matched_detected,BraTS-GLI-01472-000,26,9,0.9999994039535522,0.999975323677063,1.0,0.7746627926826477
matched_detected,BraTS-GLI-00816-000,1,50152,1.0,0.935329258441925,1.0,0.018955688923597336
matched_detected,BraTS-GLI-01359-000,1,32291,1.0,0.9877661466598511,1.0,0.06241144612431526
matched_detected,BraTS-GLI-01259-000,2,13563,1.0,0.9006426334381104,1.0,0.05524243414402008
matched_detected,BraTS-GLI-00685-001,1,17369,1.0,0.960065484046936,0.9999896287918091,0.02179545722901821
matched_detected,BraTS-GLI-00685-001,2,93,0.9999998807907104,0.7556248307228088,0.21721196174621582,0.0013619795208796859
matched_detected,BraTS-GLI-01489-000,8,619,1.0,0.4175254702568054,0.9999918937683105,0.03709578514099121
matched_detected,BraTS-GLI-01033-000,1,29749,1.0,0.9724737405776978,1.0,0.026574617251753807
matched_detected,BraTS-GLI-01091-000,1,927,1.0,0.8126721382141113,0.999951958656311,0.022067833691835403
matched_detected,BraTS-GLI-00018-000,1,64548,1.0,0.5521237850189209,1.0,0.01711178757250309
matched_detected,BraTS-GLI-00018-000,4,14,0.9999997615814209,0.8399255871772766,0.9990736246109009,0.03620476648211479
matched_detected,BraTS-GLI-00137-000,1,49737,1.0,0.9530935883522034,1.0,0.0839492678642273
matched_detected,BraTS-GLI-00137-000,2,9,0.9999550580978394,0.994037389755249,0.9964689016342163,0.03468586131930351
matched_detected,BraTS-GLI-00413-000,1,29507,1.0,0.9705660939216614,0.9999996423721313,0.012594620697200298
matched_detected,BraTS-GLI-00317-000,1,13407,1.0,0.9438375234603882,1.0,0.01674042083323002
matched_detected,BraTS-GLI-01225-000,3,24006,1.0,0.9303226470947266,1.0,0.01836128905415535
matched_detected,BraTS-GLI-01225-000,5,6,0.9997590184211731,0.8802962303161621,0.9973434805870056,0.028664346784353256
matched_detected,BraTS-GLI-01525-000,1,8302,1.0,0.8375880718231201,1.0,0.04683426022529602
matched_detected,BraTS-GLI-00230-000,1,20858,1.0,0.8353786468505859,1.0,0.06524708867073059
matched_detected,BraTS-GLI-00122-000,1,14609,1.0,0.980486273765564,1.0,0.43017658591270447
matched_detected,BraTS-GLI-00122-000,2,90,1.0,1.0,1.0,0.6349582672119141
matched_detected,BraTS-GLI-01519-000,1,2049,1.0,0.9373394846916199,1.0,0.03234504908323288
matched_detected,BraTS-GLI-01277-000,1,7159,1.0,0.8899224996566772,1.0,0.07719386368989944
matched_detected,BraTS-GLI-00728-000,1,823,1.0,0.8512663841247559,1.0,0.01673312857747078
matched_detected,BraTS-GLI-00214-000,1,35590,1.0,0.9840874075889587,1.0,0.031166329979896545
matched_detected,BraTS-GLI-00214-000,2,4023,1.0,0.9929737448692322,0.9999991655349731,0.03377481922507286
matched_detected,BraTS-GLI-00386-000,1,10918,1.0,0.9844425916671753,0.9999998807907104,0.039875272661447525
matched_detected,BraTS-GLI-00607-001,1,449,1.0,0.8014088869094849,0.020553842186927795,8.031645847950131e-05
matched_detected,BraTS-GLI-00607-001,2,5340,1.0,0.9563784003257751,0.999637246131897,0.004309321753680706
matched_detected,BraTS-GLI-00452-000,1,12305,1.0,0.9466432332992554,1.0,0.010732588358223438
matched_detected,BraTS-GLI-01378-000,1,53447,1.0,0.9094731211662292,1.0,0.0198516845703125
matched_detected,BraTS-GLI-01378-000,8,25,1.0,0.9996239542961121,0.9993969202041626,0.06827003508806229
matched_detected,BraTS-GLI-00035-000,1,8779,1.0,0.8942562937736511,0.9999998807907104,0.009860631078481674
matched_detected,BraTS-GLI-01043-000,1,15800,1.0,0.9477694630622864,1.0,0.02948341891169548
matched_detected,BraTS-GLI-01426-000,1,20379,1.0,0.779729962348938,1.0,0.08411739021539688
matched_detected,BraTS-GLI-01426-000,12,11,0.9988698363304138,0.7672218084335327,0.9999613761901855,0.20568165183067322
matched_detected,BraTS-GLI-01333-000,1,1083,1.0,0.9445151686668396,0.9999988079071045,0.016155051067471504
matched_detected,BraTS-GLI-00624-000,1,14366,1.0,0.72701495885849,0.9999998807907104,0.015733566135168076
matched_detected,BraTS-GLI-00481-001,1,43965,1.0,0.998339056968689,1.0,0.14413414895534515
matched_detected,BraTS-GLI-00584-000,1,7154,1.0,0.9535908102989197,0.9999964237213135,0.03113018162548542
matched_detected,BraTS-GLI-00178-000,1,32443,1.0,0.9709805846214294,1.0,0.031224926933646202
matched_detected,BraTS-GLI-01390-000,1,14612,1.0,0.894733726978302,0.999996542930603,0.018087781965732574
matched_detected,BraTS-GLI-01390-000,2,7,0.9986096620559692,0.68764728307724,0.9958533048629761,0.08931268751621246
matched_detected,BraTS-GLI-00201-000,1,35947,1.0,0.8357955813407898,1.0,0.0148183424025774
matched_detected,BraTS-GLI-00619-001,1,11159,1.0,0.7725535035133362,1.0,0.08570697158575058
matched_detected,BraTS-GLI-00052-000,1,49688,1.0,0.8478795289993286,1.0,0.05861888825893402
matched_detected,BraTS-GLI-00231-000,1,9127,1.0,0.8421874046325684,1.0,0.025099746882915497
matched_detected,BraTS-GLI-00657-000,1,53419,1.0,0.8438746929168701,1.0,0.00482357619330287
matched_detected,BraTS-GLI-00657-000,8,15,0.9971259236335754,0.5252069234848022,0.9068632125854492,0.008538486436009407
matched_detected,BraTS-GLI-00622-000,1,6645,1.0,0.9510412216186523,1.0,0.030375584959983826
matched_detected,BraTS-GLI-00780-000,1,30843,1.0,0.9631376266479492,0.9999995231628418,0.019537704065442085
matched_detected,BraTS-GLI-01127-000,1,22758,1.0,0.929684042930603,1.0,0.05147135630249977
matched_detected,BraTS-GLI-01346-000,1,29434,1.0,0.9570388197898865,1.0,0.023692458868026733
matched_detected,BraTS-GLI-00589-000,1,43764,1.0,0.967865526676178,1.0,0.06427515298128128
matched_detected,BraTS-GLI-01257-000,1,2614,1.0,0.9730804562568665,1.0,0.12984777987003326
matched_detected,BraTS-GLI-01474-000,1,26382,1.0,0.8066737651824951,0.9999895095825195,0.07098069787025452
matched_detected,BraTS-GLI-00356-000,1,11490,1.0,0.9408920407295227,1.0,0.04085301235318184
matched_detected,BraTS-GLI-01372-000,1,1888,1.0,0.9742167592048645,1.0,0.034562647342681885
matched_detected,BraTS-GLI-01096-000,1,21426,1.0,0.9672263860702515,0.9999998807907104,0.0295752864331007
matched_detected,BraTS-GLI-01096-000,3,712,1.0,0.9374610185623169,0.9989449381828308,0.009668801911175251
matched_detected,BraTS-GLI-00281-000,1,7752,1.0,0.9399144053459167,0.9999970197677612,0.013952148146927357
matched_detected,BraTS-GLI-00024-001,1,1494,1.0,0.9107192158699036,1.0,0.051951292902231216
matched_detected,BraTS-GLI-00353-000,1,40090,1.0,0.9739562273025513,1.0,0.025888895615935326
matched_detected,BraTS-GLI-00353-000,2,8,0.9999983310699463,0.9889159202575684,0.9992914199829102,0.04206567257642746
matched_detected,BraTS-GLI-01495-000,1,3842,1.0,0.9903626441955566,1.0,0.18771059811115265
matched_detected,BraTS-GLI-00547-001,1,10268,1.0,0.9387128949165344,1.0,0.07427998632192612
matched_detected,BraTS-GLI-01531-000,1,128,1.0,0.9999704360961914,1.0,0.35307300090789795
matched_detected,BraTS-GLI-01531-000,4,618,1.0,1.0,1.0,0.5125447511672974
matched_detected,BraTS-GLI-01531-000,5,8,0.9999924898147583,0.9999425411224365,0.9999936819076538,0.6249672174453735
matched_detected,BraTS-GLI-01531-000,9,296,1.0,0.9979503750801086,1.0,0.280361145734787
matched_detected,BraTS-GLI-01531-000,10,48,0.9999933242797852,0.9474332928657532,0.9999936819076538,0.4585883915424347
matched_detected,BraTS-GLI-00477-001,1,45489,1.0,0.9457347393035889,1.0,0.015068416483700275
matched_detected,BraTS-GLI-00477-001,2,3492,1.0,0.9182396531105042,1.0,0.06682012975215912
matched_detected,BraTS-GLI-00477-001,3,5054,1.0,0.9505314230918884,1.0,0.009422823786735535
matched_detected,BraTS-GLI-00477-001,4,249,1.0,0.9924193024635315,0.9999998807907104,0.17763325572013855
matched_detected,BraTS-GLI-00285-000,1,1249,1.0,0.9758648872375488,1.0,0.033957164734601974
matched_detected,BraTS-GLI-00036-000,1,23271,1.0,0.9125792980194092,1.0,0.11240935325622559
matched_detected,BraTS-GLI-00796-000,1,29610,1.0,0.9785959124565125,0.9999998807907104,0.05864594504237175
matched_detected,BraTS-GLI-01048-000,2,25707,1.0,0.922852635383606,1.0,0.0947422906756401
matched_detected,BraTS-GLI-00483-001,1,25745,1.0,0.8980642557144165,1.0,0.006784817669540644
matched_detected,BraTS-GLI-00577-000,1,28230,1.0,0.9173356890678406,1.0,0.02175208181142807
matched_detected,BraTS-GLI-01180-000,1,28561,1.0,0.6857572793960571,0.9999595880508423,0.001711017917841673
matched_detected,BraTS-GLI-01367-000,2,828,0.9999998807907104,0.6143567562103271,0.9999998807907104,0.045328278094530106
matched_detected,BraTS-GLI-01367-000,3,3957,1.0,0.9802368879318237,1.0,0.32238420844078064
matched_detected,BraTS-GLI-01367-000,6,230,0.9999994039535522,0.6677260398864746,0.9923880100250244,0.0036868511233478785
matched_detected,BraTS-GLI-00819-000,1,41590,1.0,0.9424996972084045,0.9999995231628418,0.025419875979423523
matched_detected,BraTS-GLI-00031-001,1,11311,1.0,0.8754977583885193,0.9999659061431885,0.026662439107894897
matched_detected,BraTS-GLI-00758-000,1,10802,1.0,0.9522453546524048,1.0,0.017603080719709396
matched_detected,BraTS-GLI-01381-000,1,41716,1.0,0.9938582181930542,0.9999971389770508,0.061892200261354446
matched_detected,BraTS-GLI-01343-000,1,59175,1.0,0.9781696200370789,1.0,0.03687922656536102
matched_detected,BraTS-GLI-01432-000,1,1969,1.0,0.576537549495697,0.9999997615814209,0.038079697638750076
matched_detected,BraTS-GLI-01432-000,18,215,1.0,0.6566684246063232,0.999976396560669,0.03119755908846855
matched_detected,BraTS-GLI-01432-000,28,1919,1.0,0.8894345760345459,0.9999998807907104,0.11039625108242035
matched_detected,BraTS-GLI-01099-000,2,1193,1.0,0.8976672291755676,0.9999983310699463,0.015896305441856384
matched_detected,BraTS-GLI-00185-000,1,16073,1.0,0.8917523622512817,1.0,0.045327965170145035
matched_detected,BraTS-GLI-01254-000,1,37183,1.0,0.9611801505088806,1.0,0.08676834404468536
matched_detected,BraTS-GLI-01120-000,1,33979,1.0,0.9019976854324341,1.0,0.006930793635547161
matched_detected,BraTS-GLI-01360-000,1,66318,1.0,0.9759807586669922,1.0,0.0706280842423439
matched_detected,BraTS-GLI-01175-000,1,11764,1.0,0.9259408116340637,0.9999966621398926,0.017287444323301315
matched_detected,BraTS-GLI-01175-000,2,83771,1.0,0.9504808783531189,0.9999998807907104,0.045731671154499054
matched_detected,BraTS-GLI-01211-000,1,5073,1.0,0.9885852932929993,1.0,0.2758618891239166
matched_detected,BraTS-GLI-01211-000,11,687,1.0,0.9955408573150635,1.0,0.3094445466995239
matched_detected,BraTS-GLI-00170-000,1,250,1.0,0.7775877714157104,0.0002555172541178763,6.589496024389518e-07
matched_detected,BraTS-GLI-01441-000,1,29913,1.0,0.7935612797737122,0.9999983310699463,0.022614166140556335
matched_detected,BraTS-GLI-00618-000,1,31870,1.0,0.955578088760376,1.0,0.01892293058335781
matched_detected,BraTS-GLI-01347-000,1,309,1.0,0.7398011684417725,0.9991724491119385,0.0024102632887661457
matched_detected,BraTS-GLI-00108-000,4,2164,1.0,0.7785972356796265,1.0,0.022189829498529434
matched_detected,BraTS-GLI-00703-001,1,35637,1.0,0.9667717218399048,1.0,0.065854012966156
matched_detected,BraTS-GLI-00703-001,2,7,0.9999721050262451,0.9996143579483032,0.9994931221008301,0.34443187713623047
matched_detected,BraTS-GLI-01404-000,1,3708,1.0,0.7017914652824402,0.9998038411140442,0.012470274232327938
matched_detected,BraTS-GLI-00056-001,1,35797,1.0,0.8727647662162781,1.0,0.016401059925556183
matched_detected,BraTS-GLI-00167-000,3,1931,1.0,0.8684186935424805,1.0,0.024255186319351196
matched_detected,BraTS-GLI-00167-000,5,401,1.0,0.7967402935028076,0.17614303529262543,0.0001981704554054886
matched_detected,BraTS-GLI-00512-000,1,41008,1.0,0.7917386293411255,1.0,0.19090339541435242
matched_detected,BraTS-GLI-00512-000,5,6,0.9990154504776001,0.6334161162376404,0.9999905824661255,0.2509373426437378
matched_detected,BraTS-GLI-00512-000,17,5,0.9999997615814209,0.9999987483024597,1.0,0.970710813999176
matched_detected,BraTS-GLI-00251-000,1,3179,1.0,0.7953087687492371,0.9999791383743286,0.013748721219599247
matched_detected,BraTS-GLI-00009-001,1,1101,1.0,0.947235107421875,1.0,0.03725624829530716
matched_detected,BraTS-GLI-01312-000,1,18244,1.0,0.9533311724662781,0.9999997615814209,0.00838269479572773
matched_detected,BraTS-GLI-00557-000,1,5272,1.0,0.749468207359314,0.996619701385498,0.0014327123062685132
matched_detected,BraTS-GLI-00314-000,1,191,0.9999991655349731,0.8479593992233276,0.9159839153289795,0.005852146074175835
matched_detected,BraTS-GLI-00314-000,2,12245,1.0,0.960927426815033,0.9999854564666748,0.010365378111600876
matched_detected,BraTS-GLI-00314-000,3,167,1.0,0.7068217396736145,0.014752278104424477,2.52337285928661e-05
matched_detected,BraTS-GLI-01194-000,1,27893,1.0,0.7845704555511475,1.0,0.15065446496009827
matched_detected,BraTS-GLI-01392-000,1,20039,1.0,0.9944284558296204,1.0,0.04404261335730553
matched_detected,BraTS-GLI-01392-000,3,6,0.996595561504364,0.9586188197135925,0.982994794845581,0.021657729521393776
matched_detected,BraTS-GLI-01178-000,1,16906,1.0,0.984244704246521,0.9999979734420776,0.07609935104846954
matched_detected,BraTS-GLI-01478-000,1,894,1.0,0.9996048212051392,1.0,0.27605822682380676
matched_detected,BraTS-GLI-01478-000,4,239,1.0,0.9957177639007568,0.9999924898147583,0.16225819289684296
matched_detected,BraTS-GLI-00737-000,1,12465,1.0,0.8461264371871948,0.9999619722366333,0.014179687947034836
matched_detected,BraTS-GLI-00448-000,1,22339,1.0,0.9545595645904541,1.0,0.03147030621767044
matched_detected,BraTS-GLI-01373-000,1,22005,1.0,0.9676726460456848,1.0,0.02979208156466484
matched_detected,BraTS-GLI-00327-000,1,19190,1.0,0.9302086234092712,0.9999998807907104,0.02456687018275261
matched_detected,BraTS-GLI-00166-000,1,4813,1.0,0.983177661895752,0.9999908208847046,0.05136080086231232
matched_detected,BraTS-GLI-00166-000,2,23090,1.0,0.9751818776130676,1.0,0.07207194715738297
matched_detected,BraTS-GLI-00166-000,3,78,1.0,0.8837951421737671,0.9197080135345459,0.01033732295036316
matched_detected,BraTS-GLI-00166-000,4,1077,1.0,0.9475154876708984,1.0,0.014717320911586285
matched_detected,BraTS-GLI-00580-000,2,33160,1.0,0.8980900049209595,1.0,0.0672181025147438
matched_detected,BraTS-GLI-00759-000,1,58828,1.0,0.8738049864768982,0.9999502897262573,0.011712219566106796
matched_detected,BraTS-GLI-01537-000,1,31352,1.0,0.9726850390434265,0.9999996423721313,0.07011821866035461
matched_detected,BraTS-GLI-01475-000,1,42937,1.0,0.8621447086334229,1.0,0.06379131227731705
matched_detected,BraTS-GLI-00663-000,1,24355,1.0,0.92842698097229,0.9998010993003845,0.0051888939924538136
matched_detected,BraTS-GLI-01226-000,1,15503,1.0,0.8010998368263245,1.0,0.021495232358574867
matched_detected,BraTS-GLI-01226-000,6,2748,1.0,0.7202978730201721,0.9999997615814209,0.06721414625644684
matched_detected,BraTS-GLI-01226-000,9,4981,1.0,0.6074236631393433,0.9977014660835266,0.0010519128991290927
matched_detected,BraTS-GLI-00599-000,1,24588,1.0,0.9491289854049683,1.0,0.032938700169324875
matched_detected,BraTS-GLI-01425-000,1,47510,1.0,0.9708876013755798,1.0,0.11824126541614532
matched_detected,BraTS-GLI-00159-000,1,24080,1.0,0.9478065371513367,1.0,0.05461980774998665
matched_detected,BraTS-GLI-00159-000,3,17,1.0,0.9472085237503052,0.9999752044677734,0.04841340333223343
matched_detected,BraTS-GLI-00511-001,1,38038,1.0,0.9543883204460144,1.0,0.01513508427888155
matched_detected,BraTS-GLI-01252-000,1,2263,1.0,0.6759722828865051,1.0,0.047250960022211075
matched_detected,BraTS-GLI-01470-000,1,10910,1.0,0.948903501033783,1.0,0.07975759357213974
matched_detected,BraTS-GLI-00781-000,1,46200,1.0,0.990843653678894,1.0,0.046416882425546646
matched_detected,BraTS-GLI-00570-000,1,13153,1.0,0.8413758277893066,0.9999998807907104,0.03057214617729187
matched_detected,BraTS-GLI-00570-000,5,1499,1.0,0.6325675249099731,1.0,0.08950414508581161
matched_detected,BraTS-GLI-00221-000,1,5490,1.0,0.90654456615448,0.9999186992645264,0.0226072259247303
matched_detected,BraTS-GLI-00729-001,1,3119,1.0,0.93330317735672,0.9999997615814209,0.01646501198410988
matched_detected,BraTS-GLI-00156-000,1,36505,1.0,0.9919368624687195,1.0,0.0399320013821125
matched_detected,BraTS-GLI-00156-000,2,6,0.999981164932251,0.9999325275421143,0.9993413090705872,0.07871051132678986
matched_detected,BraTS-GLI-00156-000,3,6,1.0,0.9999897480010986,0.9999464750289917,0.08867081999778748
matched_detected,BraTS-GLI-01050-000,1,6792,1.0,0.9482125043869019,1.0,0.07018612325191498
matched_detected,BraTS-GLI-01279-000,2,2384,1.0,0.7634389996528625,0.6834150552749634,0.000536868057679385
matched_detected,BraTS-GLI-00238-000,1,5929,1.0,0.9688131809234619,0.9999995231628418,0.008591256104409695
matched_detected,BraTS-GLI-00238-000,2,19751,1.0,0.9782494902610779,1.0,0.03825036808848381
matched_detected,BraTS-GLI-01181-000,1,25007,1.0,0.9878138303756714,0.9999996423721313,0.1082259863615036
matched_detected,BraTS-GLI-00350-000,1,14484,1.0,0.899745523929596,1.0,0.015002589672803879
matched_detected,BraTS-GLI-00510-001,1,12095,1.0,0.8668305277824402,1.0,0.017314529046416283
matched_detected,BraTS-GLI-00131-000,1,15350,1.0,0.9243695139884949,1.0,0.1205749437212944
matched_detected,BraTS-GLI-00243-000,1,1625,1.0,0.9210054278373718,0.9998962879180908,0.012643996626138687
matched_detected,BraTS-GLI-01134-000,1,28639,1.0,0.9404794573783875,1.0,0.015412388369441032
matched_detected,BraTS-GLI-01134-000,2,8,0.9854191541671753,0.4801509380340576,0.6955505013465881,0.009835374541580677
matched_detected,BraTS-GLI-01134-000,3,15,0.9983432292938232,0.5228556990623474,0.6217762231826782,0.008136707358062267
matched_detected,BraTS-GLI-00305-000,1,3810,1.0,0.8739452362060547,0.9999662637710571,0.004601278342306614
matched_detected,BraTS-GLI-01485-000,1,689,1.0,0.5836971998214722,0.9972736239433289,0.00407266104593873
matched_detected,BraTS-GLI-01473-000,7,68973,1.0,0.8882213830947876,1.0,0.28911957144737244
matched_detected,BraTS-GLI-01473-000,13,14,0.9999890327453613,0.9996991157531738,0.9999998807907104,0.7656862139701843
matched_detected,BraTS-GLI-00495-001,1,27122,1.0,0.9521875977516174,1.0,0.015929069370031357
matched_detected,BraTS-GLI-01153-000,1,185,0.9999996423721313,0.7240933775901794,0.33989331126213074,0.0006290492019616067
matched_detected,BraTS-GLI-01153-000,2,46075,1.0,0.8936924934387207,1.0,0.05040789768099785
matched_detected,BraTS-GLI-00270-000,1,4855,1.0,0.9839654564857483,0.9999884366989136,0.0537656769156456
matched_detected,BraTS-GLI-00760-000,1,44886,1.0,0.8524980545043945,0.9999743700027466,0.014718509279191494
matched_detected,BraTS-GLI-00002-000,1,23647,1.0,0.6411963105201721,1.0,0.03704007342457771
matched_detected,BraTS-GLI-00118-000,1,42295,1.0,0.955269455909729,1.0,0.03564825281500816
matched_detected,BraTS-GLI-00839-000,1,469,1.0,0.6882921457290649,0.998397171497345,0.008916015736758709
matched_detected,BraTS-GLI-00839-000,2,129,1.0,0.9236302375793457,0.9998995065689087,0.013685259968042374
matched_detected,BraTS-GLI-01249-000,3,6489,1.0,0.8939563632011414,1.0,0.14866335690021515
matched_detected,BraTS-GLI-01423-000,1,4678,1.0,0.9538165926933289,1.0,0.0706135481595993
matched_detected,BraTS-GLI-00549-001,1,12243,1.0,0.9839575290679932,1.0,0.026925208047032356
matched_detected,BraTS-GLI-00788-000,2,3082,1.0,0.9299590587615967,1.0,0.02062772586941719
matched_detected,BraTS-GLI-00772-000,1,4757,1.0,0.8709560036659241,0.9992369413375854,0.0040216874331235886
matched_detected,BraTS-GLI-00772-000,2,5,0.997866690158844,0.797897458076477,0.3309551775455475,0.005763527937233448
matched_detected,BraTS-GLI-01009-000,1,12089,1.0,0.9383848905563354,1.0,0.11436343193054199
matched_detected,BraTS-GLI-01270-000,1,35200,1.0,0.9041340947151184,1.0,0.17106811702251434
matched_detected,BraTS-GLI-01270-000,17,8,0.9999998807907104,0.7363283634185791,1.0,0.08192265033721924
matched_detected,BraTS-GLI-01270-000,75,8,0.9999827146530151,0.7689589858055115,0.9999995231628418,0.13286304473876953
matched_detected,BraTS-GLI-01270-000,86,10,0.9999796152114868,0.9830611348152161,0.9997865557670593,0.03755495324730873
matched_detected,BraTS-GLI-00744-000,1,8521,1.0,0.9063717722892761,0.9999920129776001,0.023017078638076782
matched_detected,BraTS-GLI-00751-000,1,15222,1.0,0.9523837566375732,1.0,0.034104347229003906
matched_detected,BraTS-GLI-01451-000,1,8564,1.0,0.8694563508033752,1.0,0.01337722409516573
matched_detected,BraTS-GLI-01094-000,1,7663,1.0,0.8737685680389404,0.9767681360244751,0.002415463561192155
matched_detected,BraTS-GLI-00767-001,1,25420,1.0,0.5930886268615723,0.9999959468841553,0.005980631336569786
matched_detected,BraTS-GLI-01310-000,1,7006,1.0,0.9574289321899414,1.0,0.03523930534720421
matched_detected,BraTS-GLI-00809-000,1,50230,1.0,0.970558226108551,1.0,0.045152630656957626
matched_detected,BraTS-GLI-00691-001,1,10819,1.0,0.5133809447288513,0.9986658096313477,0.004900538362562656
matched_detected,BraTS-GLI-01407-000,1,4728,1.0,0.9507736563682556,0.9999998807907104,0.010822753421962261
matched_detected,BraTS-GLI-00636-000,1,9735,1.0,0.9155302047729492,0.9983037710189819,0.004477826878428459
matched_detected,BraTS-GLI-01357-000,1,17740,1.0,0.9443315267562866,1.0,0.012966650538146496
matched_detected,BraTS-GLI-01357-000,2,98,0.9999997615814209,0.7007544636726379,0.004673654679208994,1.5998575690900907e-05
matched_detected,BraTS-GLI-01357-000,3,52,0.9999996423721313,0.6638320684432983,0.9998793601989746,0.017581459134817123
matched_detected,BraTS-GLI-00652-000,1,23182,1.0,0.8153125047683716,1.0,0.05131594464182854
matched_detected,BraTS-GLI-00652-000,2,58,0.999997615814209,0.9035211801528931,0.9656893014907837,0.014218754135072231
matched_detected,BraTS-GLI-00652-000,6,2413,1.0,0.9236247539520264,0.9979604482650757,0.009342043660581112
matched_detected,BraTS-GLI-01047-000,1,19827,1.0,0.9137312173843384,1.0,0.09483955800533295
matched_detected,BraTS-GLI-01047-000,35,13,0.9999958276748657,0.881715714931488,0.9998132586479187,0.1762157827615738
matched_detected,BraTS-GLI-01047-000,41,34,0.9998595714569092,0.6167232394218445,0.9874172210693359,0.027893053367733955
matched_detected,BraTS-GLI-01454-000,1,170,0.999880313873291,0.7934271693229675,0.7911926507949829,0.00463578337803483
matched_detected,BraTS-GLI-01454-000,3,25237,1.0,0.9130601286888123,1.0,0.2477276474237442
matched_detected,BraTS-GLI-01454-000,5,26,0.9999996423721313,0.9999920725822449,0.9999991655349731,0.5670387744903564
matched_detected,BraTS-GLI-00594-000,1,30930,1.0,0.9512471556663513,1.0,0.03510601446032524
matched_detected,BraTS-GLI-00100-000,1,25210,1.0,0.9123123288154602,1.0,0.057177040725946426
matched_detected,BraTS-GLI-01318-000,1,25069,1.0,0.9882398247718811,0.9999984502792358,0.10818309336900711
matched_detected,BraTS-GLI-00682-000,1,12396,1.0,0.8315065503120422,0.9999977350234985,0.007226739078760147
high_contrast_missed,BraTS-GLI-01012-000,4,72,1.8032078230589832e-07,7.96001131675439e-09,,
high_contrast_missed,BraTS-GLI-00085-000,1,1123,1.0,0.364968866109848,,
high_contrast_missed,BraTS-GLI-01233-000,27,229,0.9999957084655762,0.3578298091888428,,
high_contrast_missed,BraTS-GLI-00064-000,100,157,0.3339667022228241,0.007755392696708441,,
high_contrast_missed,BraTS-GLI-01282-000,4,217,1.1221371096326038e-05,3.1811333656150964e-07,,
high_contrast_missed,BraTS-GLI-01135-000,6,447,1.0,0.4493732452392578,,
high_contrast_missed,BraTS-GLI-01135-000,9,14,0.001612881664186716,0.00031141797080636024,,
high_contrast_missed,BraTS-GLI-00608-000,12,43,0.9994165897369385,0.4577818214893341,,
high_contrast_missed,BraTS-GLI-00053-000,5,17,0.9962814450263977,0.2858402132987976,,
high_contrast_missed,BraTS-GLI-01167-000,4,68,1.2177742974017747e-06,2.3133283377774205e-07,,
high_contrast_missed,BraTS-GLI-01521-000,1,57,9.942337442225835e-08,4.427218414093659e-08,,
high_contrast_missed,BraTS-GLI-01521-000,3,25,1.89746707235372e-08,3.4249054703394677e-09,,
high_contrast_missed,BraTS-GLI-01521-000,6,144,0.9987288117408752,0.17353999614715576,,
high_contrast_missed,BraTS-GLI-01521-000,10,670,0.9999997615814209,0.302068829536438,,
high_contrast_missed,BraTS-GLI-01387-000,9,46,3.941434272292099e-07,3.282427840645141e-08,,
high_contrast_missed,BraTS-GLI-01058-000,2,287,0.9999984502792358,0.49339061975479126,,
high_contrast_missed,BraTS-GLI-01256-000,24,14,0.9999979734420776,0.9996735453605652,,
high_contrast_missed,BraTS-GLI-01422-000,17,8,3.865738108288497e-06,8.114791398838861e-07,,
high_contrast_missed,BraTS-GLI-01422-000,45,6,1.722832962514076e-06,6.143672521830013e-07,,
high_contrast_missed,BraTS-GLI-00650-000,1,143,3.19190673891967e-10,5.805163988403805e-11,,
high_contrast_missed,BraTS-GLI-00391-000,23,5,0.00570738734677434,0.0011518358951434493,,
high_contrast_missed,BraTS-GLI-00391-000,54,5,0.9999923706054688,0.8133447766304016,,
high_contrast_missed,BraTS-GLI-00012-000,20,29,1.1033774853785872e-06,1.7461590573475405e-07,,
high_contrast_missed,BraTS-GLI-00160-000,7,13,0.003743712790310383,0.0005241293110884726,,
high_contrast_missed,BraTS-GLI-00602-000,1,143,1.7855711575975874e-08,7.067987084496963e-09,,
high_contrast_missed,BraTS-GLI-00602-000,2,73,1.364589508057179e-08,4.6109209783651295e-09,,
high_contrast_missed,BraTS-GLI-00379-000,2,146,4.867389824525503e-11,5.483992166627205e-12,,
high_contrast_missed,BraTS-GLI-00379-000,3,89,0.14419910311698914,0.005450259894132614,,
high_contrast_missed,BraTS-GLI-00379-000,4,36,0.9662490487098694,0.18352532386779785,,
high_contrast_missed,BraTS-GLI-00379-000,5,120,0.01193931419402361,0.000575006240978837,,
high_contrast_missed,BraTS-GLI-00414-000,89,6,5.290700210025534e-05,1.6369511286029592e-05,,
high_contrast_missed,BraTS-GLI-01518-000,2,12,0.08259221166372299,0.015313569456338882,,
high_contrast_missed,BraTS-GLI-01215-000,1,5,3.1158693403199322e-09,1.0130328798041432e-09,,
high_contrast_missed,BraTS-GLI-01215-000,6,8,1.5194195901457874e-09,5.901055755153095e-10,,
high_contrast_missed,BraTS-GLI-01053-000,67,15,0.589493989944458,0.06379899382591248,,
high_contrast_missed,BraTS-GLI-01272-000,5,5,0.005684546194970608,0.0013589079026132822,,
high_contrast_missed,BraTS-GLI-01210-000,3,23,0.03402538597583771,0.0046293302439153194,,
high_contrast_missed,BraTS-GLI-00401-000,9,6,0.9929208159446716,0.4260903596878052,,
high_contrast_missed,BraTS-GLI-00613-001,1,26,4.557612101052655e-07,6.475656277871167e-08,,
high_contrast_missed,BraTS-GLI-00613-001,3,21,3.186943615673954e-07,1.3993334846418293e-07,,
high_contrast_missed,BraTS-GLI-00613-001,4,538,1.0,0.4829278588294983,,
high_contrast_missed,BraTS-GLI-01261-000,26,6,0.7096492648124695,0.1292722374200821,,
high_contrast_missed,BraTS-GLI-01261-000,31,6,0.18818701803684235,0.05198097601532936,,
high_contrast_missed,BraTS-GLI-01261-000,41,7,0.9967362284660339,0.2836240231990814,,
high_contrast_missed,BraTS-GLI-00373-000,2,15,0.1748337298631668,0.013075226917862892,,
high_contrast_missed,BraTS-GLI-00532-000,5,9,0.003708623116835952,0.001045598415657878,,
high_contrast_missed,BraTS-GLI-00532-000,26,6,0.0013629819732159376,0.0002729965199250728,,
high_contrast_missed,BraTS-GLI-00532-000,30,8,0.0035863853991031647,0.0010309816570952535,,
high_contrast_missed,BraTS-GLI-00532-000,34,6,0.0008739841287024319,0.0003751474432647228,,
high_contrast_missed,BraTS-GLI-01051-000,12,31,0.0003825190360657871,6.345524889184162e-05,,
high_contrast_missed,BraTS-GLI-01051-000,22,12,0.827545702457428,0.2221250981092453,,
high_contrast_missed,BraTS-GLI-00638-000,2,57,0.32962849736213684,0.022621488198637962,,
high_contrast_missed,BraTS-GLI-01391-000,7,38,0.9895836114883423,0.1842948943376541,,
high_contrast_missed,BraTS-GLI-01391-000,13,57,0.00035130776814185083,3.373039362486452e-05,,
high_contrast_missed,BraTS-GLI-00412-000,1,18,0.21509398519992828,0.02419147826731205,,
high_contrast_missed,BraTS-GLI-01106-000,2,486,0.999982476234436,0.4723970293998718,,
high_contrast_missed,BraTS-GLI-00300-000,4,14,0.17825573682785034,0.042336370795965195,,
high_contrast_missed,BraTS-GLI-00591-000,3,5,0.9200398921966553,0.39240318536758423,,
high_contrast_missed,BraTS-GLI-00568-000,4,94,0.9999866485595703,0.30913543701171875,,
high_contrast_missed,BraTS-GLI-00568-000,9,27,1.9653425624710508e-06,3.963007202401059e-07,,
high_contrast_missed,BraTS-GLI-01302-000,5,156,0.999995231628418,0.33021292090415955,,
high_contrast_missed,BraTS-GLI-01302-000,7,505,1.0,0.232309952378273,,
high_contrast_missed,BraTS-GLI-00732-001,1,818,0.993186354637146,0.05185119807720184,,
high_contrast_missed,BraTS-GLI-00008-000,3,28,5.900686664972454e-05,5.413294729805784e-06,,
high_contrast_missed,BraTS-GLI-00283-000,3,12,0.9394243955612183,0.3431410491466522,,
high_contrast_missed,BraTS-GLI-00283-000,5,57,1.3106138396778988e-09,2.0935772560015664e-10,,
high_contrast_missed,BraTS-GLI-00283-000,7,70,3.775674564665543e-11,2.9110125768228023e-12,,
high_contrast_missed,BraTS-GLI-01377-000,2,6,0.08881359547376633,0.023325657472014427,,
high_contrast_missed,BraTS-GLI-00668-000,1,159,0.5611379742622375,0.028688769787549973,,
high_contrast_missed,BraTS-GLI-01379-000,13,6,0.9844154715538025,0.2551558315753937,,
high_contrast_missed,BraTS-GLI-00008-001,2,27,0.0008009188459254801,0.0001252796791959554,,
high_contrast_missed,BraTS-GLI-00400-000,12,5,0.9708049297332764,0.4083409309387207,,
high_contrast_missed,BraTS-GLI-01514-000,36,8,0.0015115890419110656,0.00038873913581483066,,
high_contrast_missed,BraTS-GLI-01514-000,53,6,2.4587131974840304e-07,1.42130303970589e-07,,
high_contrast_missed,BraTS-GLI-01246-000,25,14,0.010813417844474316,0.0016219379613175988,,
high_contrast_missed,BraTS-GLI-01246-000,76,46,0.010276232846081257,0.0003827635373454541,,
high_contrast_missed,BraTS-GLI-00597-000,9,15,3.022952796527534e-06,1.0893878652495914e-06,,
high_contrast_missed,BraTS-GLI-01334-000,3,41,0.7513649463653564,0.04085351899266243,,
high_contrast_missed,BraTS-GLI-00659-000,3,193,0.9997519850730896,0.21476297080516815,,
high_contrast_missed,BraTS-GLI-01207-000,4,9,0.9996824264526367,0.43266814947128296,,
high_contrast_missed,BraTS-GLI-01212-000,16,29,0.002381988102570176,0.00013109284918755293,,
high_contrast_missed,BraTS-GLI-00192-000,3,5,1.357779183308594e-06,3.8023614479243406e-07,,
high_contrast_missed,BraTS-GLI-01222-000,16,7,2.7353011319064535e-05,6.04669685344561e-06,,
high_contrast_missed,BraTS-GLI-01501-000,17,20,0.04690037667751312,0.0032628600019961596,,
high_contrast_missed,BraTS-GLI-00087-000,19,241,0.9999816417694092,0.292695552110672,,
high_contrast_missed,BraTS-GLI-01399-000,2,14,0.06111224368214607,0.008396546356379986,,
high_contrast_missed,BraTS-GLI-00109-000,13,8,0.8209506273269653,0.18831859529018402,,
high_contrast_missed,BraTS-GLI-01476-000,1,204,8.000083084880316e-07,1.1826701751260771e-07,,
high_contrast_missed,BraTS-GLI-01476-000,2,20,4.685052772401832e-06,1.0199288453804911e-06,,
high_contrast_missed,BraTS-GLI-00296-000,2,105,0.04248712584376335,0.0009705889970064163,,
high_contrast_missed,BraTS-GLI-01504-000,8,91,4.1630079294918687e-07,7.038061511366323e-08,,
high_contrast_missed,BraTS-GLI-01430-000,106,8,1.0024115759676988e-08,2.673730570279531e-09,,
high_contrast_missed,BraTS-GLI-00321-000,1,104,0.5373643636703491,0.01929599978029728,,
high_contrast_missed,BraTS-GLI-01208-000,3,130,0.0105758560821414,0.000550044933333993,,
high_contrast_missed,BraTS-GLI-00284-000,1,20,0.00010831187682924792,1.996375431190245e-05,,
high_contrast_missed,BraTS-GLI-00088-000,5,283,1.0,0.5027838349342346,,
high_contrast_missed,BraTS-GLI-00162-000,2,77,0.9999980926513672,0.37361329793930054,,
high_contrast_missed,BraTS-GLI-01070-000,17,135,0.9999974966049194,0.31430092453956604,,
high_contrast_missed,BraTS-GLI-01154-000,2,104,1.4725594610354165e-07,5.401153302386774e-09,,
high_contrast_missed,BraTS-GLI-00469-001,5,11,9.639440577302594e-06,9.807480410017888e-07,,
high_contrast_missed,BraTS-GLI-01479-000,3,180,0.9998974800109863,0.08666878193616867,,
high_contrast_missed,BraTS-GLI-01479-000,5,19,1.3620914387502125e-06,3.096302805261075e-07,,
high_contrast_missed,BraTS-GLI-01122-000,3,94,0.9996868371963501,0.15404018759727478,,
high_contrast_missed,BraTS-GLI-00440-000,3,154,3.625041244958993e-06,3.117937410479499e-07,,
high_contrast_missed,BraTS-GLI-00602-001,1,110,2.3724819886439263e-09,9.925137378630211e-10,,
high_contrast_missed,BraTS-GLI-00602-001,7,143,3.7658705309695506e-07,2.271147181431843e-08,,
high_contrast_missed,BraTS-GLI-01344-000,2,36,0.9981531500816345,0.23301845788955688,,
high_contrast_missed,BraTS-GLI-01232-000,8,35,0.2924051284790039,0.0083877919241786,,
high_contrast_missed,BraTS-GLI-01232-000,9,14,4.296435651696129e-09,4.558213528849109e-10,,
high_contrast_missed,BraTS-GLI-01221-000,208,8,0.972734808921814,0.3975072503089905,,
high_contrast_missed,BraTS-GLI-00019-000,2,319,0.999297022819519,0.07822459191083908,,
high_contrast_missed,BraTS-GLI-01274-000,3,5,3.889308042293038e-10,1.027274584841642e-10,,
high_contrast_missed,BraTS-GLI-00658-000,5,13,0.9580877423286438,0.3253069221973419,,
high_contrast_missed,BraTS-GLI-01027-001,1,136,2.0676977907641003e-09,3.104241030893462e-10,,
high_contrast_missed,BraTS-GLI-01263-000,101,6,2.0511972564918324e-08,3.5338330039991206e-09,,
high_contrast_missed,BraTS-GLI-00538-000,2,309,0.9979605674743652,0.08897842466831207,,
high_contrast_missed,BraTS-GLI-01290-000,2,17,3.7608458569593495e-07,1.711612895860526e-07,,
high_contrast_missed,BraTS-GLI-01163-000,2,5,1.5365401850431226e-05,5.528439487534342e-06,,
high_contrast_missed,BraTS-GLI-01163-000,8,58,2.626057380439306e-07,1.724031761796141e-08,,
high_contrast_missed,BraTS-GLI-01163-000,11,36,0.9997139573097229,0.31412094831466675,,
high_contrast_missed,BraTS-GLI-01163-000,14,10,6.290268629527418e-06,1.513359848104301e-06,,
high_contrast_missed,BraTS-GLI-01056-000,17,8,0.889291524887085,0.24855613708496094,,
high_contrast_missed,BraTS-GLI-01283-000,3,5,6.432737190176804e-16,1.6815348361473614e-16,,
high_contrast_missed,BraTS-GLI-00677-000,2,101,2.7057663487539685e-07,2.487485417645985e-08,,
high_contrast_missed,BraTS-GLI-01049-000,1,44,2.1556066087669024e-07,4.634241790313354e-08,,
high_contrast_missed,BraTS-GLI-01049-000,11,34,0.9959650039672852,0.3956756591796875,,
high_contrast_missed,BraTS-GLI-01049-000,15,6,1.7933190292751533e-06,7.006335067671898e-07,,
high_contrast_missed,BraTS-GLI-00236-000,3,57,3.463145326065842e-09,7.19703574514341e-10,,
high_contrast_missed,BraTS-GLI-00236-000,4,65,5.968723780824803e-05,2.7571038572204998e-06,,
high_contrast_missed,BraTS-GLI-01497-000,17,7,2.6946292564389296e-05,8.712308954272885e-06,,
high_contrast_missed,BraTS-GLI-00689-001,6,33,5.414669431047514e-06,5.083542191641754e-07,,
high_contrast_missed,BraTS-GLI-01245-000,57,953,0.9999744892120361,0.23814234137535095,,
high_contrast_missed,BraTS-GLI-01498-000,10,74,0.9636284112930298,0.14936943352222443,,
high_contrast_missed,BraTS-GLI-01498-000,36,92,0.9988195300102234,0.16807401180267334,,
high_contrast_missed,BraTS-GLI-01498-000,62,33,0.9999426603317261,0.7233548760414124,,
high_contrast_missed,BraTS-GLI-01498-000,127,124,0.9956492781639099,0.17204898595809937,,
high_contrast_missed,BraTS-GLI-00033-000,1,3817,1.0,0.3695634603500366,,
high_contrast_missed,BraTS-GLI-01123-000,3,16,0.9829328060150146,0.19998840987682343,,
high_contrast_missed,BraTS-GLI-01057-000,3,147,3.110772740910761e-05,8.90646788320737e-07,,
high_contrast_missed,BraTS-GLI-01429-000,57,7,1.525559234494267e-08,6.086053438991712e-09,,
high_contrast_missed,BraTS-GLI-01240-000,11,15,9.937993127095979e-06,2.0726852199004497e-06,,
high_contrast_missed,BraTS-GLI-01259-000,14,10,4.1461691580479965e-05,1.3969061910756864e-05,,
high_contrast_missed,BraTS-GLI-00230-000,30,5,0.00843450054526329,0.003960690926760435,,
high_contrast_missed,BraTS-GLI-01519-000,2,363,2.441227309191163e-07,1.0118874627096375e-08,,
high_contrast_missed,BraTS-GLI-01519-000,4,61,1.0401291916650734e-07,4.0920941302147185e-08,,
high_contrast_missed,BraTS-GLI-00619-001,8,29,5.576133332851896e-09,3.5251701557825754e-09,,
high_contrast_missed,BraTS-GLI-00619-001,9,30,8.688346930796342e-09,4.276562215466129e-09,,
high_contrast_missed,BraTS-GLI-01257-000,2,5,0.9719209671020508,0.5731499195098877,,
high_contrast_missed,BraTS-GLI-01474-000,5,6,3.872395737403167e-09,1.6792139900800862e-09,,
high_contrast_missed,BraTS-GLI-00170-000,2,83,0.9993176460266113,0.1670728474855423,,
high_contrast_missed,BraTS-GLI-00314-000,4,120,0.9901548624038696,0.08480948954820633,,
high_contrast_missed,BraTS-GLI-01478-000,7,17,0.0002488309983164072,3.496399222058244e-05,,
high_contrast_missed,BraTS-GLI-01279-000,1,8,1.4771828205084603e-07,8.438487242301562e-08,,
high_contrast_missed,BraTS-GLI-00243-000,3,37,0.0029527025762945414,0.00023313150450121611,,
high_contrast_missed,BraTS-GLI-00243-000,7,78,0.0006743212579749525,4.031577191199176e-05,,
high_contrast_missed,BraTS-GLI-00839-000,5,77,0.9999877214431763,0.33521345257759094,,
high_contrast_missed,BraTS-GLI-00406-000,6,21,2.7379900302548776e-07,7.019567505039959e-08,,
high_contrast_missed,BraTS-GLI-01047-000,25,5,0.001371101476252079,0.0004175754147581756,,
high_contrast_missed,BraTS-GLI-01047-000,33,22,0.14122644066810608,0.010124079883098602,,
ordinary_missed,BraTS-GLI-01365-000,2,2717,1.0,0.20924244821071625,,
ordinary_missed,BraTS-GLI-01405-000,2,227,0.002435432281345129,3.82024263672065e-05,,
ordinary_missed,BraTS-GLI-01405-000,4,36,1.0846455467117266e-07,1.8117184197308234e-08,,
ordinary_missed,BraTS-GLI-01012-000,3,180,4.699022611021064e-06,1.1610421069008225e-07,,
ordinary_missed,BraTS-GLI-00237-000,2,225,1.0,0.7741321921348572,,
ordinary_missed,BraTS-GLI-01304-000,3,31,9.579078323440626e-06,1.076340254257957e-06,,
ordinary_missed,BraTS-GLI-00054-000,32,6,0.5032094717025757,0.15981151163578033,,
ordinary_missed,BraTS-GLI-00258-000,1,3205,0.9999998807907104,0.40435728430747986,,
ordinary_missed,BraTS-GLI-00523-000,2,300,0.6430480480194092,0.013339859433472157,,
ordinary_missed,BraTS-GLI-00537-000,3,5,4.347133598052574e-15,2.028335165164775e-15,,
ordinary_missed,BraTS-GLI-01414-000,1,5,8.274760148196947e-06,1.9553231140889693e-06,,
ordinary_missed,BraTS-GLI-01414-000,2,9,2.233363005643696e-08,6.787546524833488e-09,,
ordinary_missed,BraTS-GLI-01414-000,9,6,1.7990223755148804e-09,5.851739093287733e-10,,
ordinary_missed,BraTS-GLI-01414-000,16,5,3.6691747595796187e-07,1.5698415722908976e-07,,
ordinary_missed,BraTS-GLI-01414-000,44,14,2.3842902010073885e-05,3.063558096982888e-06,,
ordinary_missed,BraTS-GLI-01275-000,12,15,0.20211085677146912,0.02274683490395546,,
ordinary_missed,BraTS-GLI-01269-000,1,21179,1.0,0.36799728870391846,,
ordinary_missed,BraTS-GLI-01269-000,2,7,4.775854733386764e-13,2.4051978941494467e-13,,
ordinary_missed,BraTS-GLI-00087-001,3,7,5.532407158170827e-05,9.496356142335571e-06,,
ordinary_missed,BraTS-GLI-01413-000,3,7,5.933871558179427e-13,2.849771200269524e-13,,
ordinary_missed,BraTS-GLI-01233-000,7,15,1.3117984963173512e-05,1.7141784383056802e-06,,
ordinary_missed,BraTS-GLI-01233-000,9,5,5.932468058467144e-13,2.8274092594114675e-13,,
ordinary_missed,BraTS-GLI-01233-000,10,29,7.229749598991475e-08,5.1667439215918876e-09,,
ordinary_missed,BraTS-GLI-01233-000,17,5,1.4291762218121562e-10,3.8698839271988916e-11,,
ordinary_missed,BraTS-GLI-01233-000,21,5,2.938171581035043e-11,6.012408453048845e-12,,
ordinary_missed,BraTS-GLI-00621-000,1,6,1.2564528410752285e-11,7.27635226377421e-12,,
ordinary_missed,BraTS-GLI-00621-000,2,3779,0.9999984502792358,0.3227531313896179,,
ordinary_missed,BraTS-GLI-00380-000,1,979,2.2623344193561934e-05,1.756744296699253e-07,,
ordinary_missed,BraTS-GLI-00064-000,9,5,1.0529224020450201e-10,2.6429025634655545e-11,,
ordinary_missed,BraTS-GLI-00064-000,10,7,9.284466528924895e-10,2.092741813175536e-10,,
ordinary_missed,BraTS-GLI-00064-000,18,6,1.8906408383312368e-10,9.745101947622459e-11,,
ordinary_missed,BraTS-GLI-00064-000,19,5,2.577480173737712e-10,1.148778988602217e-10,,
ordinary_missed,BraTS-GLI-00064-000,23,9,1.7973519339520294e-09,5.998854191169301e-10,,
ordinary_missed,BraTS-GLI-00064-000,28,21,9.570694237126531e-10,2.0155456470494215e-10,,
ordinary_missed,BraTS-GLI-00064-000,37,50,2.9273581958477735e-07,2.176265034847802e-08,,
ordinary_missed,BraTS-GLI-00064-000,48,24,2.5537982395462677e-08,3.3379050634607665e-09,,
ordinary_missed,BraTS-GLI-00064-000,78,6,1.7675983343679036e-08,5.330976993178638e-09,,
ordinary_missed,BraTS-GLI-00064-000,97,6,1.1360263840742846e-08,3.1682219070461315e-09,,
ordinary_missed,BraTS-GLI-01113-000,5,5,2.3131738089432474e-06,5.250601589068538e-07,,
ordinary_missed,BraTS-GLI-01282-000,5,7,1.1377760712749652e-12,5.049521456350348e-13,,
ordinary_missed,BraTS-GLI-01282-000,6,5,1.671847903172985e-11,6.528742824141176e-12,,
ordinary_missed,BraTS-GLI-01431-000,1,149,3.112532431259751e-05,5.008936341255321e-07,,
ordinary_missed,BraTS-GLI-01431-000,2,73,0.928777813911438,0.022972943261265755,,
ordinary_missed,BraTS-GLI-01431-000,4,6,0.001548099797219038,0.0007864546496421099,,
ordinary_missed,BraTS-GLI-01431-000,5,34,3.579897907002305e-07,2.245092112218572e-08,,
ordinary_missed,BraTS-GLI-00725-000,4,249,3.5517169294507767e-07,6.761837312296848e-08,,
ordinary_missed,BraTS-GLI-00725-000,5,395,0.00023053221229929477,8.776905815466307e-06,,
ordinary_missed,BraTS-GLI-00254-000,12,9,0.3725428581237793,0.06948038190603256,,
ordinary_missed,BraTS-GLI-00132-000,3,5,4.95481401685538e-07,2.733861492743017e-07,,
ordinary_missed,BraTS-GLI-01458-000,3,32,7.097987562293406e-13,5.006198499366357e-14,,
ordinary_missed,BraTS-GLI-01493-000,2,16,0.0008571207290515304,0.00024678889894858,,
ordinary_missed,BraTS-GLI-01493-000,3,9,0.030261985957622528,0.005971329286694527,,
ordinary_missed,BraTS-GLI-01401-000,5,10,8.198667273973115e-06,1.1558138339751167e-06,,
ordinary_missed,BraTS-GLI-00540-000,1,157,8.34069346922206e-09,2.349157979253391e-09,,
ordinary_missed,BraTS-GLI-00645-001,3,6,1.5762020577625435e-09,5.525503943282217e-10,,
ordinary_missed,BraTS-GLI-01135-000,2,45,0.9999936819076538,0.3008515536785126,,
ordinary_missed,BraTS-GLI-01135-000,5,5,0.0031648173462599516,0.0008204688201658428,,
ordinary_missed,BraTS-GLI-01135-000,12,23,0.47133758664131165,0.04266960918903351,,
ordinary_missed,BraTS-GLI-00608-000,4,6,0.003559713950380683,0.0007274282979778945,,
ordinary_missed,BraTS-GLI-00608-000,6,16,0.9529430270195007,0.2641480267047882,,
ordinary_missed,BraTS-GLI-01167-000,1,9666,0.821394681930542,0.0013595216441899538,,
ordinary_missed,BraTS-GLI-00530-000,1,2768,0.9999997615814209,0.048806823790073395,,
ordinary_missed,BraTS-GLI-01521-000,2,30,7.200828266995529e-10,2.032248952454907e-10,,
ordinary_missed,BraTS-GLI-01521-000,9,23,1.2261250503797783e-06,4.045835453325708e-07,,
ordinary_missed,BraTS-GLI-01387-000,2,854,1.0,0.6292109489440918,,
ordinary_missed,BraTS-GLI-01469-000,6,7,1.4999601205545332e-07,1.22101241117889e-07,,
ordinary_missed,BraTS-GLI-01206-000,8,12,0.9998908042907715,0.4181024730205536,,
ordinary_missed,BraTS-GLI-01296-000,4,66,0.00039015134098008275,8.704017091076821e-06,,
ordinary_missed,BraTS-GLI-01296-000,7,7,2.4476497628711513e-07,7.3751387219545e-08,,
ordinary_missed,BraTS-GLI-01296-000,8,12,1.3402239387727555e-12,3.710150676267121e-13,,
ordinary_missed,BraTS-GLI-01296-000,9,6,9.03368769763005e-14,3.366631721123635e-14,,
ordinary_missed,BraTS-GLI-01490-000,1,44,8.810402185588373e-09,3.861170494445787e-09,,
ordinary_missed,BraTS-GLI-01490-000,2,52,2.947642407935547e-10,3.5864696629195336e-11,,
ordinary_missed,BraTS-GLI-01395-000,1,88,4.375546723167645e-06,4.616076410002279e-07,,
ordinary_missed,BraTS-GLI-00138-000,7,2522,5.5566928836014995e-09,1.3815862343058427e-10,,
ordinary_missed,BraTS-GLI-00028-000,2,8600,0.9999997615814209,0.06327761709690094,,
ordinary_missed,BraTS-GLI-00028-000,5,8,7.833461523887308e-08,3.429275352573313e-08,,
ordinary_missed,BraTS-GLI-01077-000,1,184,2.1487529011210427e-05,5.451531706057722e-07,,
ordinary_missed,BraTS-GLI-01317-000,7,5,2.826481271256398e-10,1.1212821643402648e-10,,
ordinary_missed,BraTS-GLI-01317-000,12,6,7.125252388107128e-09,3.4503868651114544e-09,,
ordinary_missed,BraTS-GLI-01035-000,1,800,2.0345987650216557e-07,2.2589910386727752e-08,,
ordinary_missed,BraTS-GLI-01034-000,2,5,4.807119591276887e-09,1.0161258501284465e-09,,
ordinary_missed,BraTS-GLI-00540-001,1,664,0.00029701198218390346,3.0586404591304017e-06,,
ordinary_missed,BraTS-GLI-00540-001,2,6,2.2444533342991235e-08,8.56670911986157e-09,,
ordinary_missed,BraTS-GLI-00540-001,3,8,8.249926963799226e-08,3.553719807314337e-08,,
ordinary_missed,BraTS-GLI-00806-000,7,33,1.3674494766746648e-05,3.057106823689537e-06,,
ordinary_missed,BraTS-GLI-00806-000,10,8,0.2133735567331314,0.06828960031270981,,
ordinary_missed,BraTS-GLI-00806-000,12,5,5.640816147511885e-10,3.7756517357045993e-10,,
ordinary_missed,BraTS-GLI-00806-000,22,5,8.24921075892604e-10,3.194093323166669e-10,,
ordinary_missed,BraTS-GLI-01228-000,1,7064,1.0,0.38350600004196167,,
ordinary_missed,BraTS-GLI-01228-000,5,8,1.905437585492109e-09,6.164045940337814e-10,,
ordinary_missed,BraTS-GLI-01228-000,7,11,5.941236835838026e-08,1.1814780265240188e-08,,
ordinary_missed,BraTS-GLI-01228-000,16,8,4.866171821049647e-07,9.193938410589908e-08,,
ordinary_missed,BraTS-GLI-01228-000,17,6,1.6950878034549532e-08,3.953316340954416e-09,,
ordinary_missed,BraTS-GLI-01228-000,34,57,2.752534783212468e-05,2.4323023808392463e-06,,
ordinary_missed,BraTS-GLI-01228-000,54,6,8.934939010885046e-09,3.3692295620113555e-09,,
ordinary_missed,BraTS-GLI-00120-000,3,12,0.7816250324249268,0.21208059787750244,,
ordinary_missed,BraTS-GLI-00120-000,4,347,5.408061838352296e-07,3.387247105024471e-08,,
ordinary_missed,BraTS-GLI-00120-000,14,6,2.8912944927128592e-08,1.2751974587388304e-08,,
ordinary_missed,BraTS-GLI-00120-000,19,30,1.3514589625174267e-07,4.6719726753963187e-08,,
ordinary_missed,BraTS-GLI-00239-000,1,440,0.999998927116394,0.46354249119758606,,
ordinary_missed,BraTS-GLI-00239-000,5,16,1.725444121802866e-06,5.485344445332885e-07,,
ordinary_missed,BraTS-GLI-00239-000,18,16,0.011232150718569756,0.001091709011234343,,
ordinary_missed,BraTS-GLI-00239-000,25,17,0.9751043319702148,0.3665299117565155,,
ordinary_missed,BraTS-GLI-00239-000,27,6,0.0011162221198901534,0.0003104186325799674,,
ordinary_missed,BraTS-GLI-00239-000,47,16,0.49235138297080994,0.051532138139009476,,
ordinary_missed,BraTS-GLI-00239-000,56,7,0.003300909884274006,0.0005802251980639994,,
ordinary_missed,BraTS-GLI-01418-000,25,5,3.917161302524619e-05,2.822448732331395e-05,,
ordinary_missed,BraTS-GLI-01418-000,35,11,7.813212050677976e-07,1.2228461798713397e-07,,
ordinary_missed,BraTS-GLI-00112-000,21,20,0.9990336894989014,0.4776177406311035,,
ordinary_missed,BraTS-GLI-00112-000,22,5,0.06347309052944183,0.013032046146690845,,
ordinary_missed,BraTS-GLI-01438-000,5,61,1.1732549864973407e-06,1.3056173031600338e-07,,
ordinary_missed,BraTS-GLI-01438-000,8,7,9.596345051932076e-09,2.5496349476128444e-09,,
ordinary_missed,BraTS-GLI-00606-000,10,19,1.4166291748551885e-06,1.737180781447023e-07,,
ordinary_missed,BraTS-GLI-00606-000,58,1038,0.9993240833282471,0.17994536459445953,,
ordinary_missed,BraTS-GLI-00606-000,59,1090,1.5482509496678176e-08,4.29572111215748e-09,,
ordinary_missed,BraTS-GLI-00429-000,3,107,0.9999251365661621,0.7883307337760925,,
ordinary_missed,BraTS-GLI-01237-000,19,5,0.9960134029388428,0.2984151244163513,,
ordinary_missed,BraTS-GLI-01237-000,32,7,2.9355138320141805e-09,6.553576015200235e-10,,
ordinary_missed,BraTS-GLI-01237-000,56,5,0.358185350894928,0.07285203039646149,,
ordinary_missed,BraTS-GLI-01237-000,96,11,3.5678366511193715e-11,1.2191838684449952e-11,,
ordinary_missed,BraTS-GLI-01455-000,4,5,1.5687818821774613e-09,4.3021800011366906e-10,,
ordinary_missed,BraTS-GLI-00694-000,2,78,8.20236212284442e-10,1.7774313965102095e-10,,
ordinary_missed,BraTS-GLI-01443-000,11,20,0.0017432906897738576,0.0001797183940652758,,
ordinary_missed,BraTS-GLI-01443-000,18,6,0.0012078109430149198,0.00021805183496326208,,
ordinary_missed,BraTS-GLI-01496-000,1,104,5.287451858748682e-05,2.665171450644266e-06,,
ordinary_missed,BraTS-GLI-01496-000,2,22,1.086400743588456e-06,2.770634637272451e-07,,
ordinary_missed,BraTS-GLI-01217-000,4,19,4.806443598681653e-07,1.4082910126944626e-07,,
ordinary_missed,BraTS-GLI-01217-000,6,12,0.0017398743657395244,0.000217079374124296,,
ordinary_missed,BraTS-GLI-01217-000,17,7,1.659995541558601e-05,4.186523710814072e-06,,
ordinary_missed,BraTS-GLI-01217-000,25,9,0.9870581030845642,0.37232333421707153,,
ordinary_missed,BraTS-GLI-00795-000,3,28,6.635269861766241e-14,6.154009034542397e-15,,
ordinary_missed,BraTS-GLI-00795-000,4,26,3.881363139961527e-14,5.416339899239888e-15,,
ordinary_missed,BraTS-GLI-00795-000,5,87,9.486764707133943e-10,2.418879263554885e-10,,
ordinary_missed,BraTS-GLI-01370-000,2,37,1.032849695548066e-06,5.65948425901297e-08,,
ordinary_missed,BraTS-GLI-01370-000,3,18,2.0772311017935863e-06,4.4560388801073714e-07,,
ordinary_missed,BraTS-GLI-01370-000,4,298,0.8768334984779358,0.01562550663948059,,
ordinary_missed,BraTS-GLI-01370-000,6,30,0.00796705111861229,0.0006467553321272135,,
ordinary_missed,BraTS-GLI-01370-000,11,8,1.0854448646568926e-06,2.084579051597757e-07,,
ordinary_missed,BraTS-GLI-01112-000,3,14,0.00018054680549539626,1.4656639905297197e-05,,
ordinary_missed,BraTS-GLI-01112-000,14,14,1.0551269724601298e-06,3.6613101883631316e-07,,
ordinary_missed,BraTS-GLI-01112-000,16,18,1.3318945093487855e-05,8.566855740355095e-07,,
ordinary_missed,BraTS-GLI-01422-000,4,625,2.0648927602451295e-05,3.5481974691720097e-07,,
ordinary_missed,BraTS-GLI-01422-000,18,10,3.2721844678285095e-10,1.3325068826119946e-10,,
ordinary_missed,BraTS-GLI-01102-000,2,479,1.8702849047258496e-08,1.638140179061054e-09,,
ordinary_missed,BraTS-GLI-01298-000,2,7,3.870197131522479e-12,5.896753354703299e-13,,
ordinary_missed,BraTS-GLI-00271-000,6,7,1.9807097628721237e-10,6.876060137939177e-11,,
ordinary_missed,BraTS-GLI-00656-000,1,4558,1.0,0.3209547698497772,,
ordinary_missed,BraTS-GLI-00656-000,2,162,1.0944412451863172e-06,1.5083986681929673e-07,,
ordinary_missed,BraTS-GLI-00656-000,5,44,2.4467842649755767e-06,4.1499990288684785e-07,,
ordinary_missed,BraTS-GLI-00656-000,7,9,5.812397785298629e-10,4.3480019584762886e-10,,
ordinary_missed,BraTS-GLI-00331-000,1,8,3.614777313032391e-07,1.5680086562497308e-07,,
ordinary_missed,BraTS-GLI-00331-000,2,398,3.63930524827083e-07,5.5859317171780276e-08,,
ordinary_missed,BraTS-GLI-01205-000,1,2507,0.9999998807907104,0.2974036633968353,,
ordinary_missed,BraTS-GLI-01457-000,5,22,1.1772422112699132e-05,1.1355360811649007e-06,,
ordinary_missed,BraTS-GLI-00012-000,4,5,6.7158705263636875e-09,4.91980900463318e-09,,
ordinary_missed,BraTS-GLI-00012-000,6,6,9.74305969236866e-09,2.518057096168036e-09,,
ordinary_missed,BraTS-GLI-00012-000,9,5,8.321641153941073e-09,3.5096596739947472e-09,,
ordinary_missed,BraTS-GLI-00012-000,28,20,1.0378299748481368e-06,2.2002772936957626e-07,,
ordinary_missed,BraTS-GLI-00012-000,30,44,0.0001299684663536027,1.6022495401557535e-05,,
ordinary_missed,BraTS-GLI-00012-000,32,12,0.00020769963157363236,3.7095021980348974e-05,,
ordinary_missed,BraTS-GLI-00160-000,4,421,1.0,0.44196781516075134,,
ordinary_missed,BraTS-GLI-00160-000,5,349,0.00018064890173263848,1.6966902194326394e-06,,
ordinary_missed,BraTS-GLI-00160-000,6,140,2.5996992917498574e-05,7.103031975930207e-07,,
ordinary_missed,BraTS-GLI-00808-000,2,15,0.004116768017411232,0.0006142774946056306,,
ordinary_missed,BraTS-GLI-00290-000,8,6,3.407262454402371e-07,1.062655670125423e-07,,
ordinary_missed,BraTS-GLI-00414-000,5,62,0.9825572371482849,0.11387917399406433,,
ordinary_missed,BraTS-GLI-00414-000,6,42,0.1370134800672531,0.005144765134900808,,
ordinary_missed,BraTS-GLI-00414-000,9,11,0.0005746210226789117,9.57006195676513e-05,,
ordinary_missed,BraTS-GLI-00414-000,12,7,1.1167388436206238e-07,4.286691179800073e-08,,
ordinary_missed,BraTS-GLI-00414-000,15,23,0.00046575284795835614,3.538468081387691e-05,,
ordinary_missed,BraTS-GLI-00414-000,16,11,0.0004320042207837105,5.220587263465859e-05,,
ordinary_missed,BraTS-GLI-00414-000,22,5,4.9220630899071693e-05,1.0636560546117835e-05,,
ordinary_missed,BraTS-GLI-00414-000,25,12,1.0763716318251682e-06,1.4531146064200584e-07,,
ordinary_missed,BraTS-GLI-00414-000,28,6,0.9674360752105713,0.4722999334335327,,
ordinary_missed,BraTS-GLI-00414-000,30,5,0.002260758075863123,0.0010509071871638298,,
ordinary_missed,BraTS-GLI-00414-000,31,32,0.686177670955658,0.08055328577756882,,
ordinary_missed,BraTS-GLI-00414-000,32,8,0.004084235522896051,0.0005767334951087832,,
ordinary_missed,BraTS-GLI-00414-000,35,8,0.7011900544166565,0.1936018466949463,,
ordinary_missed,BraTS-GLI-00414-000,52,6,0.979672908782959,0.3365345001220703,,
ordinary_missed,BraTS-GLI-00414-000,53,9,0.9099840521812439,0.3769690692424774,,
ordinary_missed,BraTS-GLI-00414-000,58,13,3.9161577660706826e-06,6.97439077157469e-07,,
ordinary_missed,BraTS-GLI-00414-000,64,6,0.0034511431585997343,0.0012037839042022824,,
ordinary_missed,BraTS-GLI-00414-000,72,27,1.0,0.3353557288646698,,
ordinary_missed,BraTS-GLI-00414-000,80,7,1.8145956346415915e-05,4.243287094141124e-06,,
ordinary_missed,BraTS-GLI-00414-000,82,9,6.669959839200601e-05,7.936845577205531e-06,,
ordinary_missed,BraTS-GLI-00269-000,5,18,2.3840820873033408e-08,5.932603741598541e-09,,
ordinary_missed,BraTS-GLI-01518-000,1,30,1.7708484847389627e-06,3.5787149954558117e-07,,
ordinary_missed,BraTS-GLI-01518-000,3,30,6.754018500032544e-07,1.5777209227962885e-07,,
ordinary_missed,BraTS-GLI-01518-000,4,6,2.0810369960599928e-07,1.5196535230188601e-07,,
ordinary_missed,BraTS-GLI-01518-000,5,27,6.71314523970068e-07,1.5304510725400178e-07,,
ordinary_missed,BraTS-GLI-01518-000,7,5,1.330396202092743e-07,3.5229184902618726e-08,,
ordinary_missed,BraTS-GLI-01518-000,9,41,0.9999957084655762,0.5676469206809998,,
ordinary_missed,BraTS-GLI-01518-000,13,18,4.5716053136857226e-05,9.811355994315818e-06,,
ordinary_missed,BraTS-GLI-01518-000,14,45,3.4519375731179025e-06,3.646336779183912e-07,,
ordinary_missed,BraTS-GLI-01003-000,10,29,2.929846232291311e-06,3.058763979879586e-07,,
ordinary_missed,BraTS-GLI-01003-000,23,6,2.1032717256730393e-07,8.45208703026401e-08,,
ordinary_missed,BraTS-GLI-01003-000,24,68,2.9557177185779437e-05,1.5260222880897345e-06,,
ordinary_missed,BraTS-GLI-01003-000,26,29,4.413730839147867e-11,1.5593849128636705e-11,,
ordinary_missed,BraTS-GLI-01003-000,32,157,0.016486583277583122,0.0003201940271537751,,
ordinary_missed,BraTS-GLI-01003-000,39,6,3.8678574232342555e-12,2.4533422168793173e-12,,
ordinary_missed,BraTS-GLI-00147-000,4,5,2.7589642286329763e-06,1.3694788094653632e-06,,
ordinary_missed,BraTS-GLI-01084-000,2,5,9.881284495349973e-05,2.1785739590995945e-05,,
ordinary_missed,BraTS-GLI-00518-001,2,40,0.9993909597396851,0.42838889360427856,,
ordinary_missed,BraTS-GLI-01351-000,3,21,0.9483532905578613,0.1307702362537384,,
ordinary_missed,BraTS-GLI-01348-000,7,13,4.602997538682985e-09,1.9205563805968495e-09,,
ordinary_missed,BraTS-GLI-00152-000,6,9,0.003954517189413309,0.00047782150795683265,,
ordinary_missed,BraTS-GLI-00152-000,7,5,0.026971016079187393,0.0060527753084897995,,
ordinary_missed,BraTS-GLI-00152-000,39,10,0.002135932445526123,0.00022095427266322076,,
ordinary_missed,BraTS-GLI-00152-000,40,5,8.229960046790552e-10,2.1664285643208103e-10,,
ordinary_missed,BraTS-GLI-00464-000,1,9168,0.9999997615814209,0.3489952087402344,,
ordinary_missed,BraTS-GLI-00388-000,10,14,1.770327884287326e-08,1.4299860184863178e-09,,
ordinary_missed,BraTS-GLI-01053-000,2,17,0.9154382944107056,0.29025202989578247,,
ordinary_missed,BraTS-GLI-01053-000,6,31,0.5825077295303345,0.04005641117691994,,
ordinary_missed,BraTS-GLI-01053-000,9,7,0.0012497950810939074,0.000259971187915653,,
ordinary_missed,BraTS-GLI-01053-000,18,5,0.001611979678273201,0.0004858258180320263,,
ordinary_missed,BraTS-GLI-01053-000,27,101,0.9999626874923706,0.4825192093849182,,
ordinary_missed,BraTS-GLI-01053-000,34,76,0.9779978394508362,0.10624098777770996,,
ordinary_missed,BraTS-GLI-01053-000,37,154,9.723215771373361e-05,3.4231438803544734e-06,,
ordinary_missed,BraTS-GLI-01053-000,42,6,9.483147550781723e-06,4.712740064860554e-06,,
ordinary_missed,BraTS-GLI-01053-000,47,193,8.621524898444477e-07,5.6581974661185086e-08,,
ordinary_missed,BraTS-GLI-01053-000,50,8,8.31117503707901e-08,2.063045734246316e-08,,
ordinary_missed,BraTS-GLI-01053-000,59,53,4.437772531673545e-06,9.980196864489699e-07,,
ordinary_missed,BraTS-GLI-01053-000,60,9,0.8975319266319275,0.34640252590179443,,
ordinary_missed,BraTS-GLI-01053-000,63,27,3.184279364631948e-07,1.0737890221435009e-07,,
ordinary_missed,BraTS-GLI-01053-000,66,8,2.0185169091746502e-07,1.1461813187452208e-07,,
ordinary_missed,BraTS-GLI-01053-000,69,15,4.958278623234946e-06,1.2604343737621093e-06,,
ordinary_missed,BraTS-GLI-01053-000,70,6,0.3276402950286865,0.05860726907849312,,
ordinary_missed,BraTS-GLI-00753-000,1,586,1.2148635164521693e-07,1.8325211570413558e-08,,
ordinary_missed,BraTS-GLI-00753-000,2,892,2.962372747106201e-08,2.7162967430882645e-09,,
ordinary_missed,BraTS-GLI-00753-000,3,820,7.831295507909619e-12,6.923056420672646e-14,,
ordinary_missed,BraTS-GLI-00177-000,4,6,0.0028704390861094,0.0005259868339635432,,
ordinary_missed,BraTS-GLI-00746-000,1,9343,1.0,0.3533329367637634,,
ordinary_missed,BraTS-GLI-01188-000,2,239,0.9999885559082031,0.48404109477996826,,
ordinary_missed,BraTS-GLI-01462-000,10,6,0.9345913529396057,0.4812411963939667,,
ordinary_missed,BraTS-GLI-01462-000,15,287,5.662986495735822e-06,3.4955286309923395e-07,,
ordinary_missed,BraTS-GLI-00485-001,1,17,9.295173981627158e-07,6.065920956643822e-07,,
ordinary_missed,BraTS-GLI-00485-001,4,81,0.0008641073945909739,3.519414531183429e-05,,
ordinary_missed,BraTS-GLI-01272-000,1,14,2.227863865611468e-10,8.605706425246495e-11,,
ordinary_missed,BraTS-GLI-00456-000,4,37,0.9998471736907959,0.32397958636283875,,
ordinary_missed,BraTS-GLI-01292-000,3,5,8.080688189693319e-07,2.248074935096156e-07,,
ordinary_missed,BraTS-GLI-01292-000,11,20,4.963562787452247e-06,1.2481210660553188e-06,,
ordinary_missed,BraTS-GLI-01299-000,5,484,0.9999994039535522,0.11470580101013184,,
ordinary_missed,BraTS-GLI-01352-000,11,10,7.437124249776161e-09,2.8455595657561616e-09,,
ordinary_missed,BraTS-GLI-01352-000,21,10,4.1672297612649345e-08,1.522884574001182e-08,,
ordinary_missed,BraTS-GLI-01196-000,1,404,0.9960501790046692,0.061452895402908325,,
ordinary_missed,BraTS-GLI-01196-000,2,85,6.062653483240865e-05,2.929813490482047e-06,,
ordinary_missed,BraTS-GLI-01238-000,10,21,4.08072355639888e-06,3.896971350059175e-07,,
ordinary_missed,BraTS-GLI-01238-000,15,5,0.9996750354766846,0.3149029612541199,,
ordinary_missed,BraTS-GLI-00775-001,2,148,0.9522637724876404,0.04599184915423393,,
ordinary_missed,BraTS-GLI-01170-000,2,6,8.118179017913008e-09,5.182484219545813e-09,,
ordinary_missed,BraTS-GLI-00999-000,1,12,0.9824864864349365,0.23091916739940643,,
ordinary_missed,BraTS-GLI-00999-000,10,11,0.9465994238853455,0.31831666827201843,,
ordinary_missed,BraTS-GLI-00999-000,56,20,0.9199399948120117,0.134343683719635,,
ordinary_missed,BraTS-GLI-00999-000,79,5,1.9520687146723503e-06,9.334597734778072e-07,,
ordinary_missed,BraTS-GLI-00999-000,88,14,1.8910996857357532e-07,4.939117204116883e-08,,
ordinary_missed,BraTS-GLI-00793-000,2,282,1.0,0.45951709151268005,,
ordinary_missed,BraTS-GLI-00061-000,2,750,1.0,0.1774684488773346,,
ordinary_missed,BraTS-GLI-00401-000,7,5,0.11813173443078995,0.0534377321600914,,
ordinary_missed,BraTS-GLI-00397-000,3,10,0.00011788525443989784,3.676778942462988e-05,,
ordinary_missed,BraTS-GLI-00477-000,5,238,0.026226039975881577,0.000608076574280858,,
ordinary_missed,BraTS-GLI-00139-000,3,1749,0.9999997615814209,0.3808116912841797,,
ordinary_missed,BraTS-GLI-00139-000,5,17,0.9901884198188782,0.08275339752435684,,
ordinary_missed,BraTS-GLI-00139-000,7,8,9.683265300708399e-11,2.538606651281139e-11,,
ordinary_missed,BraTS-GLI-00493-000,2,5,1.1714305969690031e-08,8.169660503654086e-09,,
ordinary_missed,BraTS-GLI-00613-001,2,15,4.170546219484095e-07,2.0315023618877603e-07,,
ordinary_missed,BraTS-GLI-01261-000,23,5,0.0022668433375656605,0.000462016963865608,,
ordinary_missed,BraTS-GLI-01261-000,24,14,0.996299684047699,0.26243236660957336,,
ordinary_missed,BraTS-GLI-01261-000,25,6,0.003155068028718233,0.000830439617857337,,
ordinary_missed,BraTS-GLI-01261-000,30,6,0.004227520432323217,0.001422575325705111,,
ordinary_missed,BraTS-GLI-00150-000,2,7,7.308919691695337e-08,1.2053511966314545e-08,,
ordinary_missed,BraTS-GLI-00373-000,3,88,0.999971866607666,0.12301085144281387,,
ordinary_missed,BraTS-GLI-01410-000,2,13,0.9999979734420776,0.39869725704193115,,
ordinary_missed,BraTS-GLI-00154-000,25,7,9.87346915337639e-09,2.3564792339669793e-09,,
ordinary_missed,BraTS-GLI-00151-000,1,543,3.5642249258671654e-06,7.55128866103405e-08,,
ordinary_missed,BraTS-GLI-00151-000,3,106,0.0031898270826786757,7.071840082062408e-05,,
ordinary_missed,BraTS-GLI-00151-000,4,37,7.746954793219629e-07,1.2119332382098946e-07,,
ordinary_missed,BraTS-GLI-00151-000,5,20,6.196234636490772e-08,1.856111353504275e-08,,
ordinary_missed,BraTS-GLI-00151-000,6,9,2.1892350332564092e-07,8.263188533419452e-08,,
ordinary_missed,BraTS-GLI-00151-000,7,9,1.0031637032170693e-07,4.0894814645753286e-08,,
ordinary_missed,BraTS-GLI-00151-000,9,96,0.9976049661636353,0.3666606843471527,,
ordinary_missed,BraTS-GLI-00151-000,10,9,4.239259610017143e-09,5.223498855677633e-10,,
ordinary_missed,BraTS-GLI-00151-000,16,48,1.8596667317183346e-08,1.7191595924614944e-09,,
ordinary_missed,BraTS-GLI-00532-000,6,6,3.662271375048931e-09,1.4462825381755806e-09,,
ordinary_missed,BraTS-GLI-00532-000,9,6,1.3730751561524812e-05,7.335985628742492e-06,,
ordinary_missed,BraTS-GLI-00532-000,11,6,8.712894668860827e-06,6.015167400619248e-06,,
ordinary_missed,BraTS-GLI-00532-000,12,5,3.791460922997203e-09,2.085984718291911e-09,,
ordinary_missed,BraTS-GLI-00532-000,13,5,7.477556778212602e-07,1.9186202848686662e-07,,
ordinary_missed,BraTS-GLI-00532-000,22,65,0.0021392288617789745,6.316550570772961e-05,,
ordinary_missed,BraTS-GLI-00532-000,35,43,0.9936929941177368,0.281198114156723,,
ordinary_missed,BraTS-GLI-00532-000,37,27,0.0013510648859664798,0.00015467969933524728,,
ordinary_missed,BraTS-GLI-01216-000,43,5,0.9990492463111877,0.4309057593345642,,
ordinary_missed,BraTS-GLI-01216-000,80,8,0.23813167214393616,0.031677719205617905,,
ordinary_missed,BraTS-GLI-01216-000,81,9,0.9734852313995361,0.16928093135356903,,
ordinary_missed,BraTS-GLI-00280-000,19,23,2.580147224762186e-07,1.1263780130832401e-08,,
ordinary_missed,BraTS-GLI-01080-000,2,184,0.9547967314720154,0.041484393179416656,,
ordinary_missed,BraTS-GLI-01080-000,4,11,0.9771143794059753,0.25872984528541565,,
ordinary_missed,BraTS-GLI-00344-000,4,30,7.774741970933974e-05,8.310987141157966e-06,,
ordinary_missed,BraTS-GLI-00612-000,8,2094,1.0,0.31855037808418274,,
ordinary_missed,BraTS-GLI-00612-000,12,11,7.807052782027313e-10,7.752912201119955e-11,,
ordinary_missed,BraTS-GLI-00612-000,13,10,6.156640353083276e-08,2.9463123496498156e-08,,
ordinary_missed,BraTS-GLI-00612-000,22,10,2.6889786113315495e-06,5.401395810622489e-07,,
ordinary_missed,BraTS-GLI-00539-000,3,5,0.0030493189115077257,0.0011198316933587193,,
ordinary_missed,BraTS-GLI-00539-000,5,8,0.7441824674606323,0.3757297396659851,,
ordinary_missed,BraTS-GLI-00734-001,2,34,0.5583403706550598,0.07900915294885635,,
ordinary_missed,BraTS-GLI-01119-000,2,25,1.4827538734607515e-06,2.813682158375741e-07,,
ordinary_missed,BraTS-GLI-01119-000,3,14,5.901469535274373e-07,1.9380625815301755e-07,,
ordinary_missed,BraTS-GLI-01051-000,2,12,2.4299268261529505e-05,3.239137186028529e-06,,
ordinary_missed,BraTS-GLI-01051-000,8,8,0.0007364109624177217,0.00010995095362886786,,
ordinary_missed,BraTS-GLI-01051-000,10,5,4.053379598190077e-06,9.112909538089298e-07,,
ordinary_missed,BraTS-GLI-01051-000,21,19,1.630897168070078e-05,2.047316002062871e-06,,
ordinary_missed,BraTS-GLI-01051-000,31,5,0.40476369857788086,0.08613289892673492,,
ordinary_missed,BraTS-GLI-01051-000,42,68,0.999782145023346,0.286277174949646,,
ordinary_missed,BraTS-GLI-01051-000,117,23,1.9285784219391644e-05,1.7931309912455617e-06,,
ordinary_missed,BraTS-GLI-01051-000,124,6,0.0001479478960391134,6.770629988750443e-05,,
ordinary_missed,BraTS-GLI-00638-000,1,179,1.0013820883614244e-07,8.132442275154972e-09,,
ordinary_missed,BraTS-GLI-01391-000,2,47,3.267062857048586e-05,1.955570269274176e-06,,
ordinary_missed,BraTS-GLI-01391-000,9,432,1.0,0.24987655878067017,,
ordinary_missed,BraTS-GLI-00588-000,1,1345,1.0,0.2836501896381378,,
ordinary_missed,BraTS-GLI-01448-000,4,7,9.473826168004962e-08,1.8184922012665083e-08,,
ordinary_missed,BraTS-GLI-00043-000,2,11216,1.0,0.16633640229701996,,
ordinary_missed,BraTS-GLI-00043-000,4,41,6.107401162580572e-08,6.305395761074806e-09,,
ordinary_missed,BraTS-GLI-00117-000,1,7124,1.0,0.36297181248664856,,
ordinary_missed,BraTS-GLI-00117-000,2,189,5.4100266424939036e-05,1.7685113107290817e-06,,
ordinary_missed,BraTS-GLI-00117-000,8,9,2.7595538085734006e-06,1.2740447346004657e-06,,
ordinary_missed,BraTS-GLI-00117-000,9,5,3.863707206619438e-06,1.5605555745423771e-06,,
ordinary_missed,BraTS-GLI-00568-000,6,22,0.8642124533653259,0.11449529975652695,,
ordinary_missed,BraTS-GLI-00568-000,8,9,8.873772458173335e-05,1.4048007869860157e-05,,
ordinary_missed,BraTS-GLI-01235-000,15,5,0.3573078513145447,0.08909256011247635,,
ordinary_missed,BraTS-GLI-01302-000,6,27,4.116284557653671e-08,2.1157644525260366e-09,,
ordinary_missed,BraTS-GLI-00528-000,10,10,3.2199071142713365e-07,7.812366931148063e-08,,
ordinary_missed,BraTS-GLI-00008-000,2,57,6.880373257445171e-05,1.9033867602047394e-06,,
ordinary_missed,BraTS-GLI-00645-000,3,119,1.0564423291725689e-07,4.31204183470868e-09,,
ordinary_missed,BraTS-GLI-00283-000,8,5,6.019472039042739e-06,1.9400270048208768e-06,,
ordinary_missed,BraTS-GLI-00732-000,1,402,0.8403947949409485,0.020786326378583908,,
ordinary_missed,BraTS-GLI-01377-000,3,26,0.5562968254089355,0.0760745257139206,,
ordinary_missed,BraTS-GLI-00556-001,6,12,2.1873901800972817e-07,3.3467880911075554e-08,,
ordinary_missed,BraTS-GLI-00014-001,1,20052,0.9999991655349731,0.42166686058044434,,
ordinary_missed,BraTS-GLI-00014-001,7,5,1.7934923546292225e-09,5.391187496428529e-10,,
ordinary_missed,BraTS-GLI-00014-001,9,7,4.5799108949751144e-10,2.975747981359689e-10,,
ordinary_missed,BraTS-GLI-00014-001,51,9,5.9894991188969016e-09,3.8551624115257255e-09,,
ordinary_missed,BraTS-GLI-00014-001,55,7,1.6922998113955146e-08,1.1979902403425058e-08,,
ordinary_missed,BraTS-GLI-00014-001,62,6,1.7246639671952835e-08,1.0511906900489976e-08,,
ordinary_missed,BraTS-GLI-00014-001,69,148,3.736969844680971e-08,3.5472831338978494e-09,,
ordinary_missed,BraTS-GLI-01460-000,3,18,2.4888373673093156e-07,4.3160056861779594e-08,,
ordinary_missed,BraTS-GLI-00382-000,1,11,1.9081426216871478e-06,5.492790364769462e-07,,
ordinary_missed,BraTS-GLI-01419-000,3,6,1.9885779797195e-15,3.3172968059184884e-16,,
ordinary_missed,BraTS-GLI-01419-000,7,9,0.5081804990768433,0.07978308945894241,,
ordinary_missed,BraTS-GLI-01419-000,23,6,7.091715409357491e-11,2.525402630071394e-11,,
ordinary_missed,BraTS-GLI-01409-000,6,51,1.0317199183873527e-07,7.943686597400301e-09,,
ordinary_missed,BraTS-GLI-01409-000,18,5,2.230761310784146e-06,9.152008715318516e-07,,
ordinary_missed,BraTS-GLI-01409-000,21,8,1.6433246230462828e-07,3.4388232705850896e-08,,
ordinary_missed,BraTS-GLI-01409-000,41,6,2.4509295144525822e-06,1.626066932658432e-06,,
ordinary_missed,BraTS-GLI-01149-000,1,39,3.0509229986819264e-07,1.2577581287587236e-07,,
ordinary_missed,BraTS-GLI-01149-000,4,20,3.9417690800291894e-07,2.631283848586463e-07,,
ordinary_missed,BraTS-GLI-01079-000,3,32,0.9974925518035889,0.4745524227619171,,
ordinary_missed,BraTS-GLI-01079-000,4,5,0.00040166519465856254,0.00011352057481417432,,
ordinary_missed,BraTS-GLI-01079-000,5,5,0.0026576232630759478,0.0013260293053463101,,
ordinary_missed,BraTS-GLI-01079-000,13,5,0.0018887959886342287,0.0007249508053064346,,
ordinary_missed,BraTS-GLI-01363-000,1,3345,1.0,0.4565478563308716,,
ordinary_missed,BraTS-GLI-01514-000,1,5,4.896327254755306e-08,1.2606423460681526e-08,,
ordinary_missed,BraTS-GLI-01514-000,11,42,1.3133815146559868e-09,3.3714541575191603e-11,,
ordinary_missed,BraTS-GLI-01514-000,12,6,0.0064476351253688335,0.0021907109767198563,,
ordinary_missed,BraTS-GLI-01514-000,21,184,2.859483458905743e-07,4.77370054596804e-09,,
ordinary_missed,BraTS-GLI-01514-000,23,7,5.6030334235401824e-05,8.670749593875371e-06,,
ordinary_missed,BraTS-GLI-01514-000,30,10,0.28842923045158386,0.07640688866376877,,
ordinary_missed,BraTS-GLI-01514-000,34,16,1.005869484926869e-10,9.57144606628102e-12,,
ordinary_missed,BraTS-GLI-01514-000,37,13,6.104084598890225e-11,3.858775798892822e-11,,
ordinary_missed,BraTS-GLI-01514-000,57,5,1.9213399968243117e-11,9.165274442168858e-12,,
ordinary_missed,BraTS-GLI-01246-000,15,5,0.07093147188425064,0.027981499210000038,,
ordinary_missed,BraTS-GLI-01246-000,65,5,0.26715943217277527,0.08210822194814682,,
ordinary_missed,BraTS-GLI-00025-000,1,4498,1.0,0.16883200407028198,,
ordinary_missed,BraTS-GLI-01503-000,17,27,1.798797200081026e-07,6.517693407204206e-08,,
ordinary_missed,BraTS-GLI-01151-000,2,178,0.9870895743370056,0.1536349207162857,,
ordinary_missed,BraTS-GLI-00640-000,8,9,6.2522791388630594e-09,2.6624367155392292e-09,,
ordinary_missed,BraTS-GLI-00640-000,28,42,3.216201704958621e-08,3.278278759566433e-09,,
ordinary_missed,BraTS-GLI-00640-000,33,22,3.4442704244241895e-10,1.0714019255120277e-10,,
ordinary_missed,BraTS-GLI-01325-000,9,5,2.7391547519073356e-07,2.2312367775612074e-07,,
ordinary_missed,BraTS-GLI-01663-000,5,26,1.0669664334272966e-05,1.3655901511810953e-06,,
ordinary_missed,BraTS-GLI-00587-000,4,29,0.9949424862861633,0.26551270484924316,,
ordinary_missed,BraTS-GLI-00587-000,6,164,9.699869406176731e-05,3.7099844121257775e-06,,
ordinary_missed,BraTS-GLI-00587-000,7,9,1.1319529136244455e-07,4.470982162274595e-08,,
ordinary_missed,BraTS-GLI-00051-000,2,6,5.875414288425418e-08,4.2744535022620767e-08,,
ordinary_missed,BraTS-GLI-00407-000,10,8,1.963105011881794e-09,7.099575372038203e-10,,
ordinary_missed,BraTS-GLI-00111-000,4,6,2.826902045782731e-10,7.18118550735447e-11,,
ordinary_missed,BraTS-GLI-00111-000,6,686,0.9999988079071045,0.12764973938465118,,
ordinary_missed,BraTS-GLI-00111-000,21,8,2.1063423005784898e-08,3.6410603421188625e-09,,
ordinary_missed,BraTS-GLI-00111-000,28,7,4.535893882717801e-11,9.171408424379912e-12,,
ordinary_missed,BraTS-GLI-00111-000,29,9,6.8632647308441985e-12,1.491350012233772e-12,,
ordinary_missed,BraTS-GLI-00111-000,32,21,1.1943771527356262e-09,2.1354078227897588e-10,,
ordinary_missed,BraTS-GLI-00111-000,36,33,1.6099185873308386e-10,3.287820016240062e-11,,
ordinary_missed,BraTS-GLI-00111-000,40,19,4.772179096335094e-08,6.3394010041406545e-09,,
ordinary_missed,BraTS-GLI-00111-000,41,12,5.94326740599449e-11,1.2915711035399458e-11,,
ordinary_missed,BraTS-GLI-00111-000,43,22,0.9871337413787842,0.15458990633487701,,
ordinary_missed,BraTS-GLI-00111-000,46,41,1.6694821081131295e-09,8.719599348117058e-11,,
ordinary_missed,BraTS-GLI-00111-000,56,268,0.9999995231628418,0.48089030385017395,,
ordinary_missed,BraTS-GLI-00111-000,57,39,7.404634629892826e-07,1.033564132058018e-07,,
ordinary_missed,BraTS-GLI-00111-000,60,7,6.65979582592513e-09,1.5400993813585728e-09,,
ordinary_missed,BraTS-GLI-00111-000,63,19,0.9936860203742981,0.24687568843364716,,
ordinary_missed,BraTS-GLI-00111-000,64,48,2.8005251806462184e-06,1.491178522883274e-07,,
ordinary_missed,BraTS-GLI-01193-000,15,10,2.540070340728562e-07,5.3082636952694884e-08,,
ordinary_missed,BraTS-GLI-01193-000,18,10,4.5416314264912216e-08,2.1783986170476055e-08,,
ordinary_missed,BraTS-GLI-00597-000,1,73,3.055372621574293e-11,3.547554611182946e-12,,
ordinary_missed,BraTS-GLI-00597-000,3,81,2.1506458072750867e-11,3.787346304628958e-12,,
ordinary_missed,BraTS-GLI-00597-000,5,9,3.9147957409113587e-07,2.1730157584443077e-07,,
ordinary_missed,BraTS-GLI-00597-000,8,61,3.644045705186727e-07,8.209891433352823e-08,,
ordinary_missed,BraTS-GLI-00597-000,15,24,2.0273451699966832e-13,6.218946391927174e-14,,
ordinary_missed,BraTS-GLI-00684-000,1,824,0.9999836683273315,0.4498301148414612,,
ordinary_missed,BraTS-GLI-00684-000,2,1837,0.8413280844688416,0.00353539758361876,,
ordinary_missed,BraTS-GLI-00684-000,3,264,0.0005011838511563838,7.731817277090158e-06,,
ordinary_missed,BraTS-GLI-01528-000,1,4629,0.002577219158411026,1.3663382105733035e-06,,
ordinary_missed,BraTS-GLI-01528-000,18,6,2.9320684546974007e-08,1.4017591531967355e-08,,
ordinary_missed,BraTS-GLI-01528-000,19,15,2.5405157089153363e-08,1.4092884192962174e-08,,
ordinary_missed,BraTS-GLI-01157-000,9,8,0.2532769441604614,0.036688148975372314,,
ordinary_missed,BraTS-GLI-01334-000,2,6,8.428667541693358e-09,3.2637057501005984e-09,,
ordinary_missed,BraTS-GLI-00659-000,5,6,5.580008632932731e-07,2.447752365242195e-07,,
ordinary_missed,BraTS-GLI-01140-000,9,18,1.0,0.9999892115592957,,
ordinary_missed,BraTS-GLI-00690-000,2,142,8.410408190684393e-05,1.6355754723917926e-06,,
ordinary_missed,BraTS-GLI-01366-000,1,612,0.9999892711639404,0.04140662029385567,,
ordinary_missed,BraTS-GLI-01213-000,19,6,1.814695949065026e-09,4.89195961517197e-10,,
ordinary_missed,BraTS-GLI-01213-000,29,12,0.08601603657007217,0.00877159833908081,,
ordinary_missed,BraTS-GLI-01213-000,32,5,1.4755800137322694e-08,4.7456634177933665e-09,,
ordinary_missed,BraTS-GLI-01213-000,34,5,5.10314634993847e-09,1.2863548004560243e-09,,
ordinary_missed,BraTS-GLI-01213-000,42,5,0.0022236090153455734,0.0004449285042937845,,
ordinary_missed,BraTS-GLI-01213-000,69,5,0.0033328006975352764,0.0007086319383233786,,
ordinary_missed,BraTS-GLI-01213-000,77,12,3.008678959304234e-06,4.999416773898702e-07,,
ordinary_missed,BraTS-GLI-01213-000,78,8,0.0014600916765630245,0.00027803221018984914,,
ordinary_missed,BraTS-GLI-01213-000,81,6,8.331311619258486e-06,1.4195646826919983e-06,,
ordinary_missed,BraTS-GLI-01213-000,92,7,1.0095040081647966e-10,1.803358851137915e-11,,
ordinary_missed,BraTS-GLI-00061-001,1,2814,1.0,0.26168063282966614,,
ordinary_missed,BraTS-GLI-00061-001,2,611,0.9999836683273315,0.07104095816612244,,
ordinary_missed,BraTS-GLI-01242-000,12,5,4.299657518913591e-09,1.287679518569007e-09,,
ordinary_missed,BraTS-GLI-01242-000,14,5,1.1014572010026313e-07,5.7982031620440466e-08,,
ordinary_missed,BraTS-GLI-01416-000,66,6,0.20866507291793823,0.07588189840316772,,
ordinary_missed,BraTS-GLI-00455-000,1,516,0.9472016096115112,0.039221081882715225,,
ordinary_missed,BraTS-GLI-00747-000,1,1062,1.0,0.381453275680542,,
ordinary_missed,BraTS-GLI-01212-000,17,7,4.126307118212935e-08,6.66038824093107e-09,,
ordinary_missed,BraTS-GLI-01241-000,33,12,1.826509185868727e-13,4.080459928279545e-14,,
ordinary_missed,BraTS-GLI-01241-000,36,8,0.3962589204311371,0.08329324424266815,,
ordinary_missed,BraTS-GLI-00654-000,2,2345,0.9999406337738037,0.007645627949386835,,
ordinary_missed,BraTS-GLI-01202-000,8,9,0.9792312383651733,0.24929159879684448,,
ordinary_missed,BraTS-GLI-01202-000,12,5,7.747466042928863e-06,4.3200825530220754e-06,,
ordinary_missed,BraTS-GLI-01202-000,19,5,0.9994257688522339,0.414994478225708,,
ordinary_missed,BraTS-GLI-01172-000,2,263,3.34476579766374e-09,1.7017383335815595e-10,,
ordinary_missed,BraTS-GLI-00116-000,5,5,3.766302547614231e-11,2.0672210471195385e-11,,
ordinary_missed,BraTS-GLI-00116-000,9,9,2.859882330952246e-09,3.76216280351116e-10,,
ordinary_missed,BraTS-GLI-00116-000,12,12,6.275675445976958e-08,1.2582056285737053e-08,,
ordinary_missed,BraTS-GLI-00116-000,14,37,0.9999414682388306,0.085769422352314,,
ordinary_missed,BraTS-GLI-01182-000,1,3469,0.9999971389770508,0.4014594852924347,,
ordinary_missed,BraTS-GLI-01182-000,2,11,4.2739742411868065e-07,2.3111948621590273e-07,,
ordinary_missed,BraTS-GLI-01182-000,3,250,0.0015557840233668685,3.63775143341627e-05,,
ordinary_missed,BraTS-GLI-01182-000,5,266,0.00012226105900481343,4.734870344691444e-06,,
ordinary_missed,BraTS-GLI-01508-000,1,5,2.0126190065639094e-06,9.207586799675482e-07,,
ordinary_missed,BraTS-GLI-01508-000,3,1253,0.9999988079071045,0.2728080153465271,,
ordinary_missed,BraTS-GLI-01508-000,4,8,5.030950092077546e-07,2.079526524312314e-07,,
ordinary_missed,BraTS-GLI-01508-000,6,19,7.906383814315632e-08,1.9034878562251834e-08,,
ordinary_missed,BraTS-GLI-00218-000,2,23,0.9467877745628357,0.12679769098758698,,
ordinary_missed,BraTS-GLI-01506-000,2,87,5.4148626077221707e-05,1.3158867204765556e-06,,
ordinary_missed,BraTS-GLI-01506-000,3,44,0.0033878860995173454,0.0006363525753840804,,
ordinary_missed,BraTS-GLI-01506-000,6,23,0.001549595152027905,0.00029779880424030125,,
ordinary_missed,BraTS-GLI-01036-000,5,8,2.3519968958551907e-11,5.632292809226724e-12,,
ordinary_missed,BraTS-GLI-01165-000,3,281,7.842295985938108e-07,1.252247372462989e-08,,
ordinary_missed,BraTS-GLI-01133-000,1,183,0.0012701275991275907,2.0665533156716265e-05,,
ordinary_missed,BraTS-GLI-00102-000,1,1035,0.9940010905265808,0.02705148421227932,,
ordinary_missed,BraTS-GLI-01664-000,1,2514,1.0,0.14047715067863464,,
ordinary_missed,BraTS-GLI-01664-000,4,3529,0.9999997615814209,0.014399264007806778,,
ordinary_missed,BraTS-GLI-01664-000,5,5,1.802921360649634e-05,1.0406065484858118e-05,,
ordinary_missed,BraTS-GLI-01664-000,6,1710,1.0,0.2037794440984726,,
ordinary_missed,BraTS-GLI-01664-000,7,12,0.00012991642870474607,4.215424996800721e-05,,
ordinary_missed,BraTS-GLI-01664-000,8,59,0.0002419906813884154,1.1367270417395048e-05,,
ordinary_missed,BraTS-GLI-01664-000,10,319,2.496461320333765e-06,2.7978893868407795e-08,,
ordinary_missed,BraTS-GLI-01664-000,11,87,1.8022342729295815e-08,7.131206736232798e-10,,
ordinary_missed,BraTS-GLI-00387-000,6,401,6.727807644324457e-09,5.912150768949687e-10,,
ordinary_missed,BraTS-GLI-00387-000,10,6,2.6384991969052862e-09,1.671625060595261e-09,,
ordinary_missed,BraTS-GLI-00387-000,11,6,6.4995564486025614e-09,4.212727500174651e-09,,
ordinary_missed,BraTS-GLI-00387-000,12,191,3.8716741812550026e-08,7.147903158255531e-09,,
ordinary_missed,BraTS-GLI-00387-000,13,9,7.38366834340809e-09,3.165296913465454e-09,,
ordinary_missed,BraTS-GLI-00387-000,14,8,1.0501918445982028e-08,5.792757828970707e-09,,
ordinary_missed,BraTS-GLI-01322-000,2,265,7.569130957563175e-06,2.1482891554569505e-07,,
ordinary_missed,BraTS-GLI-00292-000,1,243,0.9999986886978149,0.41024062037467957,,
ordinary_missed,BraTS-GLI-00292-000,5,47,3.384146509688435e-07,3.599734910153529e-08,,
ordinary_missed,BraTS-GLI-00292-000,6,2173,1.0,0.477893590927124,,
ordinary_missed,BraTS-GLI-00292-000,10,9,2.464815054281644e-07,4.8958842313595596e-08,,
ordinary_missed,BraTS-GLI-00292-000,38,8,6.39824335735284e-08,1.2060377585498827e-08,,
ordinary_missed,BraTS-GLI-00292-000,42,6,1.2310162844642036e-07,5.775428846277464e-08,,
ordinary_missed,BraTS-GLI-00292-000,46,6,0.008577084168791771,0.0019132361048832536,,
ordinary_missed,BraTS-GLI-00292-000,55,14,1.7040762134712395e-09,1.6792570112222904e-10,,
ordinary_missed,BraTS-GLI-01501-000,5,137,0.9581121206283569,0.051421552896499634,,
ordinary_missed,BraTS-GLI-01501-000,7,241,0.7276461720466614,0.034221332520246506,,
ordinary_missed,BraTS-GLI-01501-000,8,25,0.8621885776519775,0.06285618245601654,,
ordinary_missed,BraTS-GLI-01501-000,9,46,0.0004180121177341789,1.745136614772491e-05,,
ordinary_missed,BraTS-GLI-01501-000,10,28,0.7830725312232971,0.04511011019349098,,
ordinary_missed,BraTS-GLI-01501-000,13,146,0.8871933817863464,0.026869362220168114,,
ordinary_missed,BraTS-GLI-01501-000,15,13,0.9586662650108337,0.19554108381271362,,
ordinary_missed,BraTS-GLI-01501-000,16,31,0.037217747420072556,0.003559471108019352,,
ordinary_missed,BraTS-GLI-01501-000,18,214,0.9999995231628418,0.28780949115753174,,
ordinary_missed,BraTS-GLI-00390-000,1,435,0.9951056241989136,0.02974545769393444,,
ordinary_missed,BraTS-GLI-00390-000,3,6,3.096882039699267e-07,1.9730687483843212e-07,,
ordinary_missed,BraTS-GLI-01141-000,3,11,1.8307182159116309e-10,6.043378991682502e-11,,
ordinary_missed,BraTS-GLI-01141-000,7,9,0.0069764526560902596,0.0010113768512383103,,
ordinary_missed,BraTS-GLI-01141-000,8,7,8.540775031651293e-11,2.603984042282015e-11,,
ordinary_missed,BraTS-GLI-01141-000,9,11,3.224898570408641e-09,4.4274653387965657e-10,,
ordinary_missed,BraTS-GLI-00310-000,22,5,1.3373174366938106e-13,3.001134971504331e-14,,
ordinary_missed,BraTS-GLI-00310-000,28,8,0.9984719157218933,0.23378722369670868,,
ordinary_missed,BraTS-GLI-00310-000,46,8,0.09860192239284515,0.012325240299105644,,
ordinary_missed,BraTS-GLI-00310-000,51,7,0.9995729327201843,0.44456225633621216,,
ordinary_missed,BraTS-GLI-00099-001,4,447,0.0021637154277414083,3.250774534535594e-05,,
ordinary_missed,BraTS-GLI-01138-000,1,496,0.0012152588460594416,8.735308256291319e-06,,
ordinary_missed,BraTS-GLI-00087-000,6,117,3.010074749454361e-07,7.594435658120346e-08,,
ordinary_missed,BraTS-GLI-00087-000,18,765,0.9981367588043213,0.02164408564567566,,
ordinary_missed,BraTS-GLI-01399-000,3,42,8.059597433884846e-09,4.667493058718719e-10,,
ordinary_missed,BraTS-GLI-01243-000,5,13,2.2421436235431358e-11,6.696331423389212e-12,,
ordinary_missed,BraTS-GLI-01243-000,28,31,0.9993058443069458,0.223506897687912,,
ordinary_missed,BraTS-GLI-01388-000,7,13,0.11115127056837082,0.018649082630872726,,
ordinary_missed,BraTS-GLI-00109-000,4,10,9.604012030095532e-10,2.0649779108872224e-10,,
ordinary_missed,BraTS-GLI-00109-000,5,8,0.18626078963279724,0.05392257124185562,,
ordinary_missed,BraTS-GLI-00109-000,6,17,0.28027644753456116,0.03312060236930847,,
ordinary_missed,BraTS-GLI-00109-000,14,8,0.0012285589473322034,0.00022997292398940772,,
ordinary_missed,BraTS-GLI-01445-000,4,5,6.171719246772511e-10,3.4915753621689305e-10,,
ordinary_missed,BraTS-GLI-00296-000,3,198,2.7221050302728145e-08,3.461613218291859e-09,,
ordinary_missed,BraTS-GLI-00483-000,6,7,0.03760123252868652,0.009019250981509686,,
ordinary_missed,BraTS-GLI-01289-000,2,13,0.0009944286430254579,0.0002404977276455611,,
ordinary_missed,BraTS-GLI-00157-000,5,5,3.7889552118031133e-07,1.5718961776656215e-07,,
ordinary_missed,BraTS-GLI-01059-000,5,14,1.0,0.37497326731681824,,
ordinary_missed,BraTS-GLI-00727-001,3,8,8.551890459784772e-06,4.01948818762321e-06,,
ordinary_missed,BraTS-GLI-00466-000,4,2432,1.0,0.3117353320121765,,
ordinary_missed,BraTS-GLI-01430-000,24,144,1.7187222738357377e-06,2.5281727289439004e-07,,
ordinary_missed,BraTS-GLI-01430-000,27,8,0.42083296179771423,0.05546553060412407,,
ordinary_missed,BraTS-GLI-01430-000,50,8,8.01164276253985e-07,5.288279680826236e-07,,
ordinary_missed,BraTS-GLI-01430-000,55,6,0.9880148768424988,0.3227523863315582,,
ordinary_missed,BraTS-GLI-01430-000,60,5,0.0013629476306959987,0.0003294898779131472,,
ordinary_missed,BraTS-GLI-01430-000,65,11,4.901943000817921e-12,8.314652677303414e-13,,
ordinary_missed,BraTS-GLI-01430-000,69,10,8.558579622786056e-08,2.1274939143722804e-08,,
ordinary_missed,BraTS-GLI-01430-000,88,7,0.006103177089244127,0.0015174858272075653,,
ordinary_missed,BraTS-GLI-01430-000,94,6,6.18578408981274e-12,1.3233037712487294e-12,,
ordinary_missed,BraTS-GLI-01209-000,16,12,8.823808173019643e-08,1.0929162463924058e-08,,
ordinary_missed,BraTS-GLI-01209-000,42,8,4.263702351181564e-07,1.2729231002595043e-07,,
ordinary_missed,BraTS-GLI-01209-000,56,6,1.1126731806143653e-05,4.061864274262916e-06,,
ordinary_missed,BraTS-GLI-01327-000,6,6,0.994576096534729,0.6224541068077087,,
ordinary_missed,BraTS-GLI-01208-000,2,5,6.226599111869291e-07,2.4740759840824467e-07,,
ordinary_missed,BraTS-GLI-00284-000,7,24,2.0342493371572345e-05,2.6279624307790073e-06,,
ordinary_missed,BraTS-GLI-00284-000,8,5,6.359923077070562e-07,3.2275639227918873e-07,,
ordinary_missed,BraTS-GLI-00284-000,14,8,5.824055619996216e-07,1.1024291524108776e-07,,
ordinary_missed,BraTS-GLI-00088-000,4,5,0.48011764883995056,0.14410065114498138,,
ordinary_missed,BraTS-GLI-00162-000,3,62,0.8753490447998047,0.06588349491357803,,
ordinary_missed,BraTS-GLI-01070-000,2,8,0.00032466297852806747,0.00011493074271129444,,
ordinary_missed,BraTS-GLI-01070-000,6,5,1.1393364047762589e-06,3.4766128464980284e-07,,
ordinary_missed,BraTS-GLI-01070-000,7,21,0.03274289891123772,0.0031696083024144173,,
ordinary_missed,BraTS-GLI-01070-000,8,6,3.5252404018137895e-07,1.0467464761632073e-07,,
ordinary_missed,BraTS-GLI-01070-000,11,7,5.834652370140248e-07,2.6046404855151195e-07,,
ordinary_missed,BraTS-GLI-01070-000,13,7,3.793221026171523e-08,1.2209559585585339e-08,,
ordinary_missed,BraTS-GLI-01070-000,21,8,0.25687846541404724,0.043282650411129,,
ordinary_missed,BraTS-GLI-01154-000,1,5077,0.9999963045120239,0.2734629809856415,,
ordinary_missed,BraTS-GLI-00615-000,1,4845,1.0,0.5070494413375854,,
ordinary_missed,BraTS-GLI-00498-000,1,11654,1.0,0.2378038763999939,,
ordinary_missed,BraTS-GLI-00469-001,3,8,2.7370177122065797e-05,8.969487680587918e-06,,
ordinary_missed,BraTS-GLI-00469-001,4,36,0.00024256053438875824,1.3730301361647435e-05,,
ordinary_missed,BraTS-GLI-01479-000,13,85,0.00045425377902574837,1.7698130250209942e-05,,
ordinary_missed,BraTS-GLI-01479-000,15,104,0.999920129776001,0.17107847332954407,,
ordinary_missed,BraTS-GLI-00583-000,5,6,0.04122008755803108,0.013724252581596375,,
ordinary_missed,BraTS-GLI-01142-000,9,9,0.012651397846639156,0.0024910166393965483,,
ordinary_missed,BraTS-GLI-00203-000,2,10,0.9982032775878906,0.6562048196792603,,
ordinary_missed,BraTS-GLI-00134-000,6,189,0.9999992847442627,0.17840589582920074,,
ordinary_missed,BraTS-GLI-00134-000,8,157,0.9999977350234985,0.2981671094894409,,
ordinary_missed,BraTS-GLI-00134-000,10,24,1.3527294413506752e-06,4.986548560736992e-07,,
ordinary_missed,BraTS-GLI-00134-000,14,12,7.079984061419964e-05,1.3901000784244388e-05,,
ordinary_missed,BraTS-GLI-00134-000,15,710,0.9999990463256836,0.2523840367794037,,
ordinary_missed,BraTS-GLI-00134-000,16,102,0.9998887777328491,0.35946157574653625,,
ordinary_missed,BraTS-GLI-00134-000,19,164,0.4545884430408478,0.005864889360964298,,
ordinary_missed,BraTS-GLI-00134-000,21,6,3.126112278550863e-05,1.002225235424703e-05,,
ordinary_missed,BraTS-GLI-00134-000,25,13,3.056812784052454e-05,3.6194769563735463e-06,,
ordinary_missed,BraTS-GLI-00134-000,26,9,8.76451376825571e-05,1.6883663192857057e-05,,
ordinary_missed,BraTS-GLI-00641-001,16,5,1.0418998996897244e-08,3.721603247797134e-09,,
ordinary_missed,BraTS-GLI-00641-001,31,41,1.4274314175111158e-08,6.9395480473133375e-09,,
ordinary_missed,BraTS-GLI-00312-000,6,9,0.005759233608841896,0.0012818840332329273,,
ordinary_missed,BraTS-GLI-00142-000,7,6,2.779029602553246e-16,7.517357188133322e-17,,
ordinary_missed,BraTS-GLI-00142-000,14,7,4.760287650174e-12,1.6598563886208173e-12,,
ordinary_missed,BraTS-GLI-00142-000,20,7,3.304482021349031e-08,8.385695693391426e-09,,
ordinary_missed,BraTS-GLI-01027-000,2,398,9.681192381094661e-08,6.78286049549115e-09,,
ordinary_missed,BraTS-GLI-01027-000,5,225,1.6586851415922865e-05,3.155227545903472e-07,,
ordinary_missed,BraTS-GLI-01461-000,2,128,0.0005394724430516362,5.483003860717872e-06,,
ordinary_missed,BraTS-GLI-00529-000,1,13104,1.0,0.5073965191841125,,
ordinary_missed,BraTS-GLI-00191-000,1,1098,1.2970908755960409e-05,1.233314463888746e-07,,
ordinary_missed,BraTS-GLI-01082-000,40,6,9.452488569650086e-09,1.6419433590542099e-09,,
ordinary_missed,BraTS-GLI-01082-000,41,6,0.9922406673431396,0.674274742603302,,
ordinary_missed,BraTS-GLI-01150-000,6,8,0.14129264652729034,0.019176732748746872,,
ordinary_missed,BraTS-GLI-00774-001,3,5,0.010371572338044643,0.00450917100533843,,
ordinary_missed,BraTS-GLI-00204-000,3,4480,1.0,0.24999339878559113,,
ordinary_missed,BraTS-GLI-00204-000,7,289,1.6301193284107285e-07,3.611837939843099e-09,,
ordinary_missed,BraTS-GLI-01064-000,3,215,1.1381839613022748e-05,2.3941922222547873e-07,,
ordinary_missed,BraTS-GLI-01064-000,4,181,1.4561245507138665e-06,5.5823900169116314e-08,,
ordinary_missed,BraTS-GLI-01064-000,5,393,0.391912579536438,0.003399530192837119,,
ordinary_missed,BraTS-GLI-01064-000,6,116,3.759372702916153e-05,1.434085220353154e-06,,
ordinary_missed,BraTS-GLI-01064-000,7,314,0.9998456239700317,0.08397550880908966,,
ordinary_missed,BraTS-GLI-00602-001,2,162,1.107399238975404e-08,2.1753858714390617e-09,,
ordinary_missed,BraTS-GLI-00602-001,5,10,1.0741871975250561e-10,6.20764759040604e-11,,
ordinary_missed,BraTS-GLI-00602-001,6,9,4.190219837774123e-10,1.31545691006707e-10,,
ordinary_missed,BraTS-GLI-00602-001,8,8,7.904103149769526e-09,4.895681637862026e-09,,
ordinary_missed,BraTS-GLI-00602-001,12,11,4.4955356104381394e-10,1.5097122163520993e-10,,
ordinary_missed,BraTS-GLI-00602-001,13,8,3.2172371433603075e-09,1.1707654845594107e-09,,
ordinary_missed,BraTS-GLI-00602-001,15,5,0.09076104313135147,0.033712372183799744,,
ordinary_missed,BraTS-GLI-00220-000,3,6,0.05337468907237053,0.008906804956495762,,
ordinary_missed,BraTS-GLI-00220-000,15,67,1.523931587144034e-05,3.236743282286625e-07,,
ordinary_missed,BraTS-GLI-00113-000,1,1644,1.0,0.2933698296546936,,
ordinary_missed,BraTS-GLI-00113-000,2,6,0.0002499683469068259,8.792709559202194e-05,,
ordinary_missed,BraTS-GLI-01232-000,13,423,0.6085798144340515,0.005899086594581604,,
ordinary_missed,BraTS-GLI-01500-000,6,7,8.466147960461967e-08,3.457878960944072e-08,,
ordinary_missed,BraTS-GLI-01500-000,7,53,2.1050696830116067e-07,7.27289020119315e-08,,
ordinary_missed,BraTS-GLI-01500-000,13,10,1.0765413094304677e-07,3.9851840938354144e-08,,
ordinary_missed,BraTS-GLI-01500-000,16,7,1.4689449301386048e-07,4.4277964406091996e-08,,
ordinary_missed,BraTS-GLI-01500-000,17,18,5.490623493642488e-07,1.2222571399433946e-07,,
ordinary_missed,BraTS-GLI-01500-000,18,190,1.3572068837675033e-06,1.048667712666429e-07,,
ordinary_missed,BraTS-GLI-01500-000,26,72,2.5297909814980812e-05,1.3368163536142674e-06,,
ordinary_missed,BraTS-GLI-01500-000,27,12,4.658960506276344e-07,1.2931766946167045e-07,,
ordinary_missed,BraTS-GLI-01500-000,28,98,2.137704768756521e-06,1.1490492823895693e-07,,
ordinary_missed,BraTS-GLI-01500-000,34,15,2.157062652941022e-07,5.1706003034723835e-08,,
ordinary_missed,BraTS-GLI-00576-000,3,62,1.1694330481759607e-07,2.0881838480590886e-08,,
ordinary_missed,BraTS-GLI-00022-001,2,217,0.9999936819076538,0.170388862490654,,
ordinary_missed,BraTS-GLI-01446-000,9,13,0.00017894961638376117,2.5235562134184875e-05,,
ordinary_missed,BraTS-GLI-01221-000,78,8,8.925969685602553e-11,1.9963856956461967e-11,,
ordinary_missed,BraTS-GLI-01221-000,99,13,2.330881265777407e-08,4.194683711489233e-09,,
ordinary_missed,BraTS-GLI-01221-000,391,5,0.9890523552894592,0.714840829372406,,
ordinary_missed,BraTS-GLI-01396-000,3,100,0.03642839938402176,0.0005916901864111423,,
ordinary_missed,BraTS-GLI-01110-000,1,3333,0.504675567150116,0.0005420355009846389,,
ordinary_missed,BraTS-GLI-01110-000,2,9,9.863705230372943e-08,4.490843963367297e-08,,
ordinary_missed,BraTS-GLI-01192-000,1,3313,1.0,0.45092010498046875,,
ordinary_missed,BraTS-GLI-00341-000,2,10,1.2807080338461674e-06,2.307808699697489e-07,,
ordinary_missed,BraTS-GLI-01223-000,37,5,1.0489025648041661e-08,2.3018063011193135e-09,,
ordinary_missed,BraTS-GLI-00834-000,6,11,5.465254360181859e-10,8.010252877665991e-11,,
ordinary_missed,BraTS-GLI-01274-000,8,6,1.885840447357623e-06,3.171290643422253e-07,,
ordinary_missed,BraTS-GLI-01274-000,21,13,4.7158621896414843e-07,7.789298450688875e-08,,
ordinary_missed,BraTS-GLI-01274-000,22,8,4.0597538664144395e-09,1.0579770393093213e-09,,
ordinary_missed,BraTS-GLI-01143-000,7,7,0.15333807468414307,0.051601409912109375,,
ordinary_missed,BraTS-GLI-01267-000,6,8,6.218410248948203e-07,1.0207941869566639e-07,,
ordinary_missed,BraTS-GLI-01267-000,23,24,2.1268604086799314e-06,2.4964697331597563e-07,,
ordinary_missed,BraTS-GLI-01267-000,24,9,1.8380781341420516e-08,2.6745168302255706e-09,,
ordinary_missed,BraTS-GLI-01267-000,36,5,1.0866820776556096e-09,2.785413011352489e-10,,
ordinary_missed,BraTS-GLI-00820-000,8,20,1.6499940613812214e-07,8.023047826100083e-08,,
ordinary_missed,BraTS-GLI-01037-000,12,8,0.540753185749054,0.07982861250638962,,
ordinary_missed,BraTS-GLI-00502-000,6,13,3.3883825107695886e-14,5.807963041304072e-15,,
ordinary_missed,BraTS-GLI-00803-000,2,126,4.523097595665604e-05,9.70251335274952e-07,,
ordinary_missed,BraTS-GLI-01027-001,6,135,0.0007072843727655709,9.43896247918019e-06,,
ordinary_missed,BraTS-GLI-00526-000,8,6,0.015365161001682281,0.0028343091253191233,,
ordinary_missed,BraTS-GLI-00485-000,1,1972,1.0,0.3270699381828308,,
ordinary_missed,BraTS-GLI-00485-000,2,77,0.0006020105793140829,1.3460444279189687e-05,,
ordinary_missed,BraTS-GLI-00084-000,3,33,7.454869046341628e-05,8.68257393449312e-06,,
ordinary_missed,BraTS-GLI-00084-000,5,5,1.0364997251599561e-06,6.180520131238154e-07,,
ordinary_missed,BraTS-GLI-00610-001,1,42,3.815275704255328e-06,4.25924866931382e-07,,
ordinary_missed,BraTS-GLI-00610-001,2,5,0.001404707320034504,0.0006319826352410018,,
ordinary_missed,BraTS-GLI-00610-001,7,45,8.303929462272208e-06,7.185520871644258e-07,,
ordinary_missed,BraTS-GLI-00610-001,16,7,8.278778977910406e-07,4.0087346064865415e-07,,
ordinary_missed,BraTS-GLI-00610-001,29,6,2.6831452615283524e-08,1.3090102335411302e-08,,
ordinary_missed,BraTS-GLI-00610-001,43,9,1.9992604904928157e-08,8.21573209464077e-09,,
ordinary_missed,BraTS-GLI-01177-000,3,38,0.012795643880963326,0.0005551166832447052,,
ordinary_missed,BraTS-GLI-01177-000,4,15,2.7415328531787964e-06,1.1465266425148002e-06,,
ordinary_missed,BraTS-GLI-01177-000,7,143,0.9999703168869019,0.19384562969207764,,
ordinary_missed,BraTS-GLI-00525-000,1,1231,0.9297260046005249,0.003487245412543416,,
ordinary_missed,BraTS-GLI-01203-000,3,129,0.005532522220164537,5.858737858943641e-05,,
ordinary_missed,BraTS-GLI-01263-000,11,6,5.017132593820861e-07,1.1249579756622552e-07,,
ordinary_missed,BraTS-GLI-01263-000,17,9,0.9983105659484863,0.5243837833404541,,
ordinary_missed,BraTS-GLI-01263-000,29,6,0.3633829951286316,0.08451428264379501,,
ordinary_missed,BraTS-GLI-01263-000,30,6,0.0014682203764095902,0.000292630196781829,,
ordinary_missed,BraTS-GLI-01263-000,61,17,0.7548888325691223,0.102774977684021,,
ordinary_missed,BraTS-GLI-00014-000,1,2557,0.9999901056289673,0.1420501172542572,,
ordinary_missed,BraTS-GLI-01219-000,1,313,1.3285757631820161e-05,2.868992510229873e-07,,
ordinary_missed,BraTS-GLI-01219-000,2,21,1.9667363915232272e-07,9.636984543703875e-08,,
ordinary_missed,BraTS-GLI-01468-000,3,13,2.013189259741921e-06,2.1761212565252208e-07,,
ordinary_missed,BraTS-GLI-01522-000,3,8,1.7260921580941613e-08,7.28719928844157e-09,,
ordinary_missed,BraTS-GLI-00184-000,3,36,0.0018062122398987412,0.00015318175428546965,,
ordinary_missed,BraTS-GLI-01271-000,5,5,2.1128964817762608e-06,4.5505211687668634e-07,,
ordinary_missed,BraTS-GLI-01271-000,7,9,0.0014201196609064937,0.00047237551189027727,,
ordinary_missed,BraTS-GLI-01271-000,12,10,5.3315872550196985e-11,9.035278601687846e-12,,
ordinary_missed,BraTS-GLI-01271-000,22,5,0.00526429433375597,0.0018197469180449843,,
ordinary_missed,BraTS-GLI-01271-000,24,5,8.784168130659964e-07,1.791451467170191e-07,,
ordinary_missed,BraTS-GLI-01271-000,31,5,6.180448375303627e-10,2.820812194936906e-10,,
ordinary_missed,BraTS-GLI-00432-000,1,1879,0.9999995231628418,0.2697198688983917,,
ordinary_missed,BraTS-GLI-00432-000,2,373,4.3568741148192203e-07,2.7988823703140042e-08,,
ordinary_missed,BraTS-GLI-00017-000,1,1296,1.0,0.49574071168899536,,
ordinary_missed,BraTS-GLI-01290-000,3,5,3.9775673599251604e-07,2.0448494808533724e-07,,
ordinary_missed,BraTS-GLI-01163-000,4,8,8.0383276424012e-11,3.961112687855817e-11,,
ordinary_missed,BraTS-GLI-01163-000,10,6,5.697449523722753e-06,1.249690399163228e-06,,
ordinary_missed,BraTS-GLI-01163-000,12,28,0.1732889860868454,0.006869930308312178,,
ordinary_missed,BraTS-GLI-01163-000,15,8,9.72127054410521e-06,3.1143499654717743e-06,,
ordinary_missed,BraTS-GLI-01163-000,16,18,1.0599690085655311e-06,2.5972602202273265e-07,,
ordinary_missed,BraTS-GLI-01163-000,17,12,1.6454902151963324e-06,3.0985933108240715e-07,,
ordinary_missed,BraTS-GLI-01163-000,18,12,2.0923471311107278e-05,2.4266621494462015e-06,,
ordinary_missed,BraTS-GLI-01144-000,2,6,5.865767889190465e-05,2.0662351744249463e-05,,
ordinary_missed,BraTS-GLI-01056-000,21,8,0.0003748286690097302,8.757773321121931e-05,,
ordinary_missed,BraTS-GLI-01056-000,29,5,0.0021467397455126047,0.00072255521081388,,
ordinary_missed,BraTS-GLI-01056-000,30,6,0.9222755432128906,0.34905433654785156,,
ordinary_missed,BraTS-GLI-01056-000,45,17,0.9979990124702454,0.4309109151363373,,
ordinary_missed,BraTS-GLI-01056-000,50,6,0.0009629628621041775,0.00024261127691715956,,
ordinary_missed,BraTS-GLI-01060-000,4,13,0.0015032284427434206,0.00013109706924296916,,
ordinary_missed,BraTS-GLI-01060-000,6,40,4.215292210574262e-05,5.022354343964253e-06,,
ordinary_missed,BraTS-GLI-00021-001,3,37,0.9999557733535767,0.21370062232017517,,
ordinary_missed,BraTS-GLI-00021-001,4,6,0.7642506957054138,0.21423538029193878,,
ordinary_missed,BraTS-GLI-01456-000,3,27,7.238075454552018e-07,8.382353655633779e-08,,
ordinary_missed,BraTS-GLI-01456-000,12,13,3.071390324294043e-07,5.9508174388156476e-08,,
ordinary_missed,BraTS-GLI-01456-000,16,12,4.42105545062077e-07,9.294031855233698e-08,,
ordinary_missed,BraTS-GLI-01456-000,17,9,3.429580601732596e-07,7.784066013982738e-08,,
ordinary_missed,BraTS-GLI-01361-000,2,12,2.508395091638249e-08,2.2713557701337095e-09,,
ordinary_missed,BraTS-GLI-00442-000,15,6,0.6231104135513306,0.2233673334121704,,
ordinary_missed,BraTS-GLI-00442-000,19,7,0.697414755821228,0.18384376168251038,,
ordinary_missed,BraTS-GLI-00442-000,31,101,0.9938331842422485,0.07024616003036499,,
ordinary_missed,BraTS-GLI-00543-000,1,9654,1.0,0.19545938074588776,,
ordinary_missed,BraTS-GLI-00543-000,3,21,1.9477936348266667e-06,3.2768534197202825e-07,,
ordinary_missed,BraTS-GLI-00543-000,6,6,1.0147249440706219e-06,5.344267606233188e-07,,
ordinary_missed,BraTS-GLI-00543-000,7,5,6.108041361585492e-07,3.12735011220866e-07,,
ordinary_missed,BraTS-GLI-00543-000,17,15,1.1335339422657853e-06,3.043527385671041e-07,,
ordinary_missed,BraTS-GLI-00543-000,23,5,1.6949297787505202e-06,8.07214462383854e-07,,
ordinary_missed,BraTS-GLI-00543-000,30,10,4.7136364855759894e-07,2.149841265008945e-07,,
ordinary_missed,BraTS-GLI-01523-000,1,1368,1.0,0.35676446557044983,,
ordinary_missed,BraTS-GLI-01523-000,2,27,0.00020558513642754406,2.4884251615731046e-05,,
ordinary_missed,BraTS-GLI-01523-000,5,7,1.7242782632820308e-05,4.12590770793031e-06,,
ordinary_missed,BraTS-GLI-01523-000,7,444,0.9999998807907104,0.28829121589660645,,
ordinary_missed,BraTS-GLI-01523-000,8,6,3.142676234801911e-07,1.385840420198292e-07,,
ordinary_missed,BraTS-GLI-00267-000,1,573,0.9942924976348877,0.06937948614358902,,
ordinary_missed,BraTS-GLI-00267-000,3,19,1.5029715996206505e-06,4.0050048255579895e-07,,
ordinary_missed,BraTS-GLI-01294-000,3,183,0.9999998807907104,0.3596786856651306,,
ordinary_missed,BraTS-GLI-01345-000,3,17,4.4189069740241393e-05,1.4621745322074275e-05,,
ordinary_missed,BraTS-GLI-00099-000,4,201,0.0006506090867333114,1.5820327462279238e-05,,
ordinary_missed,BraTS-GLI-01173-000,1,40,1.3291677305460325e-06,3.162946597967675e-07,,
ordinary_missed,BraTS-GLI-01283-000,5,10,2.560316403332763e-10,4.429953626150507e-11,,
ordinary_missed,BraTS-GLI-00545-000,2,8,0.00019733681983780116,5.373731255531311e-05,,
ordinary_missed,BraTS-GLI-00171-000,2,11,1.7023020291162538e-06,6.270325343393779e-07,,
ordinary_missed,BraTS-GLI-00171-000,3,2489,0.9999998807907104,0.43436235189437866,,
ordinary_missed,BraTS-GLI-00171-000,7,31,2.7029318516724743e-06,2.59804693314436e-07,,
ordinary_missed,BraTS-GLI-00171-000,11,23,1.3977014212684935e-08,2.094189266443891e-09,,
ordinary_missed,BraTS-GLI-00171-000,12,23,8.808446523289604e-07,1.605152135653043e-07,,
ordinary_missed,BraTS-GLI-00171-000,17,62,9.636110007704701e-07,9.363333930423323e-08,,
ordinary_missed,BraTS-GLI-00340-000,7,6,6.926356155290136e-10,2.769014739723019e-10,,
ordinary_missed,BraTS-GLI-00293-000,1,792,1.0,0.3976146876811981,,
ordinary_missed,BraTS-GLI-00293-000,6,79,2.3340546704275766e-06,2.0097307640298823e-07,,
ordinary_missed,BraTS-GLI-00293-000,7,21,1.6117763834699872e-07,3.715102181445218e-08,,
ordinary_missed,BraTS-GLI-00677-000,3,563,3.4178770874859765e-05,7.470677587662067e-07,,
ordinary_missed,BraTS-GLI-00677-000,7,24,7.256653589138296e-07,2.529317555399757e-07,,
ordinary_missed,BraTS-GLI-00124-000,1,29,5.647999429259087e-13,1.821322227150285e-13,,
ordinary_missed,BraTS-GLI-00124-000,3,10,2.623386592404131e-07,3.746828625139642e-08,,
ordinary_missed,BraTS-GLI-01049-000,13,5,5.20372900325583e-08,2.1461236343611745e-08,,
ordinary_missed,BraTS-GLI-00136-000,4,28,1.0073492973106113e-07,5.208571796089245e-09,,
ordinary_missed,BraTS-GLI-01128-000,4,6,3.5976884191768477e-06,1.094670437851164e-06,,
ordinary_missed,BraTS-GLI-01311-000,1,49913,1.0,0.9781441688537598,,
ordinary_missed,BraTS-GLI-00753-001,1,800,9.343187201693581e-08,6.2622600438544396e-09,,
ordinary_missed,BraTS-GLI-01121-000,6,41,0.8275830745697021,0.11751533299684525,,
ordinary_missed,BraTS-GLI-01447-000,6,9,6.82978281929536e-07,1.7064076018868946e-07,,
ordinary_missed,BraTS-GLI-01447-000,8,28,1.073037856258452e-05,3.93422595834636e-07,,
ordinary_missed,BraTS-GLI-01072-000,14,11,2.0971627634480683e-07,3.978582441277467e-08,,
ordinary_missed,BraTS-GLI-00236-000,5,8,2.1401916350249905e-10,7.758832465398768e-11,,
ordinary_missed,BraTS-GLI-00328-000,20,37,0.9996403455734253,0.049199268221855164,,
ordinary_missed,BraTS-GLI-00550-001,5,14,0.002485683187842369,0.00020127221068833023,,
ordinary_missed,BraTS-GLI-00550-001,9,9,6.777156613679836e-07,1.9370061465906474e-07,,
ordinary_missed,BraTS-GLI-00550-001,12,39,0.9896356463432312,0.283732533454895,,
ordinary_missed,BraTS-GLI-00550-001,14,5,0.00033632214763201773,0.00010018046305049211,,
ordinary_missed,BraTS-GLI-00550-001,16,7,0.00022139147040434182,6.721680983901024e-05,,
ordinary_missed,BraTS-GLI-01081-000,5,71,0.8996708393096924,0.03641995042562485,,
ordinary_missed,BraTS-GLI-01230-000,1,9175,1.0,0.4404352307319641,,
ordinary_missed,BraTS-GLI-01230-000,13,7,0.00044415314914658666,0.00010372853284934536,,
ordinary_missed,BraTS-GLI-01230-000,16,12,0.00873187743127346,0.0011993538355454803,,
ordinary_missed,BraTS-GLI-01230-000,22,5,3.250272273547239e-09,1.6390618862160977e-09,,
ordinary_missed,BraTS-GLI-01230-000,24,19,3.286975669425374e-08,8.835117526473368e-09,,
ordinary_missed,BraTS-GLI-01230-000,31,5,8.500249350618105e-06,2.4000621579034487e-06,,
ordinary_missed,BraTS-GLI-01497-000,1,10,0.6730063557624817,0.09066890925168991,,
ordinary_missed,BraTS-GLI-01497-000,4,11,0.9940099716186523,0.36595362424850464,,
ordinary_missed,BraTS-GLI-01497-000,7,70,0.9753944873809814,0.09417730569839478,,
ordinary_missed,BraTS-GLI-01497-000,8,41,3.3947129850275815e-05,3.5180696613679174e-06,,
ordinary_missed,BraTS-GLI-01497-000,12,7,0.00014821335207670927,5.15550455020275e-05,,
ordinary_missed,BraTS-GLI-01497-000,15,14,0.972146213054657,0.4133668541908264,,
ordinary_missed,BraTS-GLI-01497-000,18,48,0.0004458973417058587,1.7901906176120974e-05,,
ordinary_missed,BraTS-GLI-01497-000,19,62,4.0695627831155434e-05,1.6593468217251939e-06,,
ordinary_missed,BraTS-GLI-01497-000,23,23,0.00032743034535087645,5.745178714278154e-05,,
ordinary_missed,BraTS-GLI-01497-000,26,11,6.001892529639008e-07,1.0058803923129744e-07,,
ordinary_missed,BraTS-GLI-01497-000,31,14,1.2685574368731523e-08,1.8483010677528e-09,,
ordinary_missed,BraTS-GLI-01497-000,33,22,3.4540076399025565e-07,5.592747953642174e-08,,
ordinary_missed,BraTS-GLI-00838-000,4,6,2.713401414666805e-08,1.401855254101747e-08,,
ordinary_missed,BraTS-GLI-00838-000,16,6,0.00017430134175810963,4.9637241318123415e-05,,
ordinary_missed,BraTS-GLI-01245-000,1,705,1.0,0.25683295726776123,,
ordinary_missed,BraTS-GLI-01245-000,6,5,5.6464858062099665e-05,2.7346794013283215e-05,,
ordinary_missed,BraTS-GLI-01245-000,31,94,0.003909444436430931,0.0001654707593843341,,
ordinary_missed,BraTS-GLI-01245-000,33,5,1.6482230421388522e-05,1.3321710866875947e-05,,
ordinary_missed,BraTS-GLI-01245-000,36,16,5.994426828692667e-05,2.5791334337554872e-05,,
ordinary_missed,BraTS-GLI-01245-000,44,6,0.00027037705876864493,8.87022542883642e-05,,
ordinary_missed,BraTS-GLI-00457-000,6,5,0.00934874638915062,0.002524529816582799,,
ordinary_missed,BraTS-GLI-00457-000,7,6,0.0008436175994575024,0.0003097383596468717,,
ordinary_missed,BraTS-GLI-01498-000,1,28,2.9251643809402594e-06,1.362447790143051e-07,,
ordinary_missed,BraTS-GLI-01498-000,12,6,0.003080944996327162,0.0007157344371080399,,
ordinary_missed,BraTS-GLI-01498-000,14,9,0.010187875479459763,0.0012125816429033875,,
ordinary_missed,BraTS-GLI-01498-000,16,7,2.7983307518297806e-05,5.0697376536845695e-06,,
ordinary_missed,BraTS-GLI-01498-000,24,32,1.1990845649734183e-08,7.818942160398024e-10,,
ordinary_missed,BraTS-GLI-01498-000,39,6,4.313995688454142e-11,1.0932975878785722e-11,,
ordinary_missed,BraTS-GLI-01498-000,46,10,1.017708441963805e-07,2.3159909545711344e-08,,
ordinary_missed,BraTS-GLI-01498-000,76,15,8.507329766871408e-06,1.355144718218071e-06,,
ordinary_missed,BraTS-GLI-01498-000,77,8,8.094317438533949e-10,1.1288646406537595e-10,,
ordinary_missed,BraTS-GLI-01498-000,78,33,0.3830752670764923,0.04026693105697632,,
ordinary_missed,BraTS-GLI-01498-000,84,15,3.248699442792713e-08,6.466954527439839e-09,,
ordinary_missed,BraTS-GLI-01498-000,135,20,0.9933028221130371,0.6302497386932373,,
ordinary_missed,BraTS-GLI-01498-000,185,37,1.683880668679194e-06,3.270077684192074e-07,,
ordinary_missed,BraTS-GLI-01498-000,196,5,0.20658962428569794,0.09974069148302078,,
ordinary_missed,BraTS-GLI-00155-000,1,1054,0.9999799728393555,0.18331047892570496,,
ordinary_missed,BraTS-GLI-00155-000,2,6,2.8181782241176734e-08,1.076735145488783e-08,,
ordinary_missed,BraTS-GLI-00155-000,3,76,9.12644372874638e-06,1.1819462315543205e-06,,
ordinary_missed,BraTS-GLI-01123-000,1,65,3.104859388258774e-06,3.596272506456444e-07,,
ordinary_missed,BraTS-GLI-01200-000,22,7,3.3671383903310925e-08,1.1492931051293453e-08,,
ordinary_missed,BraTS-GLI-00613-000,6,26,1.5252166463142203e-07,3.916550639360139e-08,,
ordinary_missed,BraTS-GLI-01415-000,10,6,1.8947681201808564e-09,1.2177103769772657e-09,,
ordinary_missed,BraTS-GLI-01412-000,8,14,0.9997853636741638,0.2675646245479584,,
ordinary_missed,BraTS-GLI-01281-000,16,6,0.9996247291564941,0.4638190269470215,,
ordinary_missed,BraTS-GLI-00207-000,9,40,5.458074156194925e-06,4.630151693163498e-07,,
ordinary_missed,BraTS-GLI-00207-000,12,7,8.508246537530795e-06,2.0336399302323116e-06,,
ordinary_missed,BraTS-GLI-00207-000,13,16,0.7494124174118042,0.14241182804107666,,
ordinary_missed,BraTS-GLI-00207-000,14,8,0.9916805624961853,0.1824595034122467,,
ordinary_missed,BraTS-GLI-00207-000,16,36,0.0005969705525785685,4.263922164682299e-05,,
ordinary_missed,BraTS-GLI-00304-000,19,14,0.9999994039535522,0.33562642335891724,,
ordinary_missed,BraTS-GLI-00304-000,41,5,0.5826065540313721,0.15475371479988098,,
ordinary_missed,BraTS-GLI-00304-000,56,30,0.00011337330943206325,1.810912181099411e-05,,
ordinary_missed,BraTS-GLI-00304-000,60,5,3.801350885623833e-06,1.8174436036133557e-06,,
ordinary_missed,BraTS-GLI-01429-000,21,2046,1.0,0.7291359305381775,,
ordinary_missed,BraTS-GLI-01429-000,52,6,1.385888293015114e-08,9.053237270961745e-09,,
ordinary_missed,BraTS-GLI-01488-000,1,11276,1.0,0.40217041969299316,,
ordinary_missed,BraTS-GLI-01532-000,1,15471,1.0,0.47631531953811646,,
ordinary_missed,BraTS-GLI-00172-000,1,224,1.3905639661970781e-06,7.975248905722765e-08,,
ordinary_missed,BraTS-GLI-00172-000,18,5,0.23039139807224274,0.046145543456077576,,
ordinary_missed,BraTS-GLI-00172-000,20,25,0.0004749998333863914,8.002351387403905e-05,,
ordinary_missed,BraTS-GLI-00172-000,29,14,0.7820051312446594,0.0790371224284172,,
ordinary_missed,BraTS-GLI-00172-000,30,65,0.9999996423721313,0.22682389616966248,,
ordinary_missed,BraTS-GLI-00172-000,32,5,0.00041300198063254356,8.498453826177865e-05,,
ordinary_missed,BraTS-GLI-00757-000,1,181,7.762512410636191e-09,4.746695814183965e-10,,
ordinary_missed,BraTS-GLI-00757-000,4,5,2.9713392857289023e-10,6.380210942902309e-11,,
ordinary_missed,BraTS-GLI-00757-000,5,48,0.00013063570077065378,1.4069049029785674e-05,,
ordinary_missed,BraTS-GLI-01152-000,1,2857,1.0,0.46681106090545654,,
ordinary_missed,BraTS-GLI-01240-000,1,76,3.64136831194628e-05,2.1358619051170535e-06,,
ordinary_missed,BraTS-GLI-00366-000,2,64,0.04888709634542465,0.0015019014244899154,,
ordinary_missed,BraTS-GLI-00366-000,3,6,0.07834766805171967,0.02465873956680298,,
ordinary_missed,BraTS-GLI-00366-000,4,7,0.009160022251307964,0.0033591873943805695,,
ordinary_missed,BraTS-GLI-01472-000,9,5,4.427731255418621e-05,9.61474324867595e-06,,
ordinary_missed,BraTS-GLI-01472-000,17,5,1.2359737411316019e-05,3.04699733533198e-06,,
ordinary_missed,BraTS-GLI-01259-000,1,202,3.625202182888643e-08,4.5818290828059105e-10,,
ordinary_missed,BraTS-GLI-01259-000,5,12,4.2800343824644926e-10,1.226649198882157e-10,,
ordinary_missed,BraTS-GLI-01259-000,6,11,3.452127259606641e-07,9.063280259624662e-08,,
ordinary_missed,BraTS-GLI-01259-000,10,12,3.8111008393570955e-07,9.8532886738667e-08,,
ordinary_missed,BraTS-GLI-01259-000,15,92,0.09434241056442261,0.0021712002344429493,,
ordinary_missed,BraTS-GLI-01259-000,19,7,1.082581801981064e-09,3.9530906326135096e-10,,
ordinary_missed,BraTS-GLI-01489-000,1,57,0.9996232986450195,0.34448620676994324,,
ordinary_missed,BraTS-GLI-01489-000,2,79,0.9994551539421082,0.3905101418495178,,
ordinary_missed,BraTS-GLI-01489-000,4,20,0.9579939842224121,0.22978749871253967,,
ordinary_missed,BraTS-GLI-01489-000,5,16,0.9983593821525574,0.4321518540382385,,
ordinary_missed,BraTS-GLI-01489-000,6,232,0.9999849796295166,0.3933086395263672,,
ordinary_missed,BraTS-GLI-01489-000,9,67,0.9997135996818542,0.38559824228286743,,
ordinary_missed,BraTS-GLI-01489-000,10,66,0.00013590927119366825,5.40485370947863e-06,,
ordinary_missed,BraTS-GLI-01489-000,12,10,8.018857577951621e-09,2.7229019039509694e-09,,
ordinary_missed,BraTS-GLI-01489-000,21,5,0.567074716091156,0.11345374584197998,,
ordinary_missed,BraTS-GLI-01489-000,24,45,0.9993492960929871,0.29912662506103516,,
ordinary_missed,BraTS-GLI-01489-000,27,10,0.00016647124721203,1.6660516848787665e-05,,
ordinary_missed,BraTS-GLI-01091-000,2,157,0.07422465085983276,0.0012483617756515741,,
ordinary_missed,BraTS-GLI-01225-000,1,458,1.0,0.4860116243362427,,
ordinary_missed,BraTS-GLI-01525-000,11,36,0.9084553718566895,0.10167941451072693,,
ordinary_missed,BraTS-GLI-00201-000,12,5,3.1910577291682785e-08,8.88946072308272e-09,,
ordinary_missed,BraTS-GLI-00201-000,18,7,5.041084216728109e-10,1.6584404682884468e-10,,
ordinary_missed,BraTS-GLI-00619-001,4,8,9.78588987621265e-10,4.910027939786232e-10,,
ordinary_missed,BraTS-GLI-00052-000,4,107,3.304344318166841e-07,4.664600261605756e-09,,
ordinary_missed,BraTS-GLI-01474-000,6,8,3.6682606951998764e-10,2.0891992302818352e-10,,
ordinary_missed,BraTS-GLI-01495-000,3,241,1.393739580635156e-06,3.168671867115336e-07,,
ordinary_missed,BraTS-GLI-01531-000,3,24,2.711407796596177e-05,3.6762023682967992e-06,,
ordinary_missed,BraTS-GLI-01531-000,6,25,4.865568371315021e-06,9.988767715185531e-07,,
ordinary_missed,BraTS-GLI-01531-000,12,42,1.0943348343062098e-06,1.292262936658517e-07,,
ordinary_missed,BraTS-GLI-01048-000,1,439,1.0854583898378678e-08,4.845069900838439e-10,,
ordinary_missed,BraTS-GLI-01367-000,1,10,2.6526141283511606e-08,6.4940444133299025e-09,,
ordinary_missed,BraTS-GLI-01367-000,4,86,0.00018955758423544466,3.447631343078683e-06,,
ordinary_missed,BraTS-GLI-01527-000,1,8,4.376313142984145e-07,9.232692832483735e-08,,
ordinary_missed,BraTS-GLI-01527-000,3,74,0.09014669805765152,0.003006527666002512,,
ordinary_missed,BraTS-GLI-01527-000,5,10,8.247138794104103e-06,1.4775084764551139e-06,,
ordinary_missed,BraTS-GLI-01527-000,7,20,4.464548965188442e-06,6.99616180099838e-07,,
ordinary_missed,BraTS-GLI-00819-000,2,6,8.438300937996246e-06,1.8185716044172295e-06,,
ordinary_missed,BraTS-GLI-01432-000,8,215,0.9998998641967773,0.1873633861541748,,
ordinary_missed,BraTS-GLI-01432-000,14,7,5.881860488443635e-06,1.2282849866096512e-06,,
ordinary_missed,BraTS-GLI-01432-000,15,6,0.005134225357323885,0.001246106345206499,,
ordinary_missed,BraTS-GLI-01432-000,16,9,8.032480400288478e-05,1.7993856090470217e-05,,
ordinary_missed,BraTS-GLI-01432-000,23,6,2.8612303140107542e-05,5.911848802497843e-06,,
ordinary_missed,BraTS-GLI-01432-000,24,5,5.672661700373283e-06,3.023237013621838e-06,,
ordinary_missed,BraTS-GLI-01432-000,47,7,1.1938374200326507e-07,7.276089064589542e-08,,
ordinary_missed,BraTS-GLI-01432-000,83,11,0.003102067159488797,0.0004193627100903541,,
ordinary_missed,BraTS-GLI-01432-000,124,5,0.001000585500150919,0.00043319063843227923,,
ordinary_missed,BraTS-GLI-01432-000,136,5,0.0005834517069160938,0.00020743727509398013,,
ordinary_missed,BraTS-GLI-01432-000,176,5,1.939872709044721e-05,6.963648957025725e-06,,
ordinary_missed,BraTS-GLI-01432-000,243,6,5.243105988483876e-06,2.377812961640302e-06,,
ordinary_missed,BraTS-GLI-01099-000,5,11,1.2517139325041171e-08,5.994112761698034e-09,,
ordinary_missed,BraTS-GLI-01099-000,8,7,6.969218604990779e-12,2.832547781397854e-12,,
ordinary_missed,BraTS-GLI-00185-000,2,45,1.1317511194874896e-07,3.581013530151722e-08,,
ordinary_missed,BraTS-GLI-00185-000,3,16,2.9658727029868714e-08,1.6646275469156535e-08,,
ordinary_missed,BraTS-GLI-00185-000,4,9,3.115327729119599e-07,7.001369795034407e-08,,
ordinary_missed,BraTS-GLI-00185-000,5,80,0.8997328281402588,0.038487423211336136,,
ordinary_missed,BraTS-GLI-00185-000,7,22,5.742901620919838e-08,1.0287450002977039e-08,,
ordinary_missed,BraTS-GLI-00185-000,8,40,2.3547599425910448e-07,4.1797910910190694e-08,,
ordinary_missed,BraTS-GLI-00185-000,9,8,2.18405807572708e-06,8.418700190304662e-07,,
ordinary_missed,BraTS-GLI-00185-000,10,42,2.366643093409948e-05,1.2342179616098292e-06,,
ordinary_missed,BraTS-GLI-00108-000,1,1052,1.0,0.2509298026561737,,
ordinary_missed,BraTS-GLI-00167-000,1,938,1.0,0.43841299414634705,,
ordinary_missed,BraTS-GLI-00167-000,2,59,0.006847369950264692,0.0002884859568439424,,
ordinary_missed,BraTS-GLI-00167-000,4,83,0.0031711345072835684,0.00013994004984851927,,
ordinary_missed,BraTS-GLI-00512-000,11,7,7.979274657459942e-14,3.64977857235816e-14,,
ordinary_missed,BraTS-GLI-00512-000,22,7,2.1929820182009507e-09,9.811448320462546e-10,,
ordinary_missed,BraTS-GLI-00512-000,26,9,1.512760761102072e-08,9.98729277057464e-09,,
ordinary_missed,BraTS-GLI-01478-000,2,66,4.8959416744764894e-05,2.500304162822431e-06,,
ordinary_missed,BraTS-GLI-01478-000,6,55,5.343373459254508e-07,7.686250569349795e-08,,
ordinary_missed,BraTS-GLI-00327-000,2,9,0.00020822590158786625,5.392677485360764e-05,,
ordinary_missed,BraTS-GLI-01475-000,7,6,0.9615563750267029,0.22876226902008057,,
ordinary_missed,BraTS-GLI-01475-000,21,9,2.669793843779189e-07,3.524994340864396e-08,,
ordinary_missed,BraTS-GLI-00159-000,2,25,0.9999920129776001,0.5633623003959656,,
ordinary_missed,BraTS-GLI-00159-000,8,10,0.00012120854808017612,1.4563032891601324e-05,,
ordinary_missed,BraTS-GLI-01252-000,8,7,1.8396464440684213e-07,2.743834137675094e-08,,
ordinary_missed,BraTS-GLI-00570-000,6,12,5.6758778232968154e-11,1.1488297292638894e-11,,
ordinary_missed,BraTS-GLI-00570-000,8,8,0.09882445633411407,0.03175525739789009,,
ordinary_missed,BraTS-GLI-01050-000,2,86,0.0004276471445336938,1.68487513292348e-05,,
ordinary_missed,BraTS-GLI-01279-000,3,8,6.515085715363966e-08,1.1731125404423892e-08,,
ordinary_missed,BraTS-GLI-00131-000,2,19,3.9061315293409393e-10,6.218327935902934e-11,,
ordinary_missed,BraTS-GLI-00243-000,2,318,0.9995558857917786,0.1316799372434616,,
ordinary_missed,BraTS-GLI-00243-000,4,747,1.0,0.5266740918159485,,
ordinary_missed,BraTS-GLI-00243-000,5,103,0.08910225331783295,0.004888080060482025,,
ordinary_missed,BraTS-GLI-00243-000,6,49,3.1295094231609255e-05,4.262574293534271e-06,,
ordinary_missed,BraTS-GLI-01473-000,10,53,0.9998358488082886,0.5014775991439819,,
ordinary_missed,BraTS-GLI-01473-000,38,22,4.971009730070364e-06,9.386294550495222e-07,,
ordinary_missed,BraTS-GLI-01473-000,54,6,2.722364217735973e-12,8.30305008775456e-13,,
ordinary_missed,BraTS-GLI-00788-000,1,86,0.00019024872744921595,8.597000487498008e-06,,
ordinary_missed,BraTS-GLI-00406-000,2,13203,1.0,0.9775450825691223,,
ordinary_missed,BraTS-GLI-00406-000,5,12,2.3318728281651602e-08,1.1225108842438658e-08,,
ordinary_missed,BraTS-GLI-01009-000,3,5,0.9978112578392029,0.23026323318481445,,
ordinary_missed,BraTS-GLI-01270-000,5,5,1.425389415331789e-14,4.070415133964646e-15,,
ordinary_missed,BraTS-GLI-01270-000,94,8,0.9986308217048645,0.31089818477630615,,
ordinary_missed,BraTS-GLI-00767-001,2,56,0.9998555183410645,0.3562465310096741,,
ordinary_missed,BraTS-GLI-00809-000,2,20,0.9996955394744873,0.4947270452976227,,
ordinary_missed,BraTS-GLI-00652-000,7,130,0.06244611740112305,0.0016448496608063579,,
ordinary_missed,BraTS-GLI-01047-000,4,24,0.005647987127304077,0.0003229377616662532,,
ordinary_missed,BraTS-GLI-01047-000,9,19,0.9999492168426514,0.5356041193008423,,
ordinary_missed,BraTS-GLI-01047-000,11,6,0.11822406202554703,0.022337034344673157,,
ordinary_missed,BraTS-GLI-01047-000,12,11,4.052208623761544e-06,8.214190074795624e-07,,
ordinary_missed,BraTS-GLI-01047-000,14,6,9.949637387762778e-06,3.5722111988434335e-06,,
ordinary_missed,BraTS-GLI-01047-000,16,9,0.998488187789917,0.5247277617454529,,
ordinary_missed,BraTS-GLI-01047-000,23,7,0.018792154267430305,0.0037150252610445023,,
ordinary_missed,BraTS-GLI-01047-000,24,8,0.07925394922494888,0.019445424899458885,,
ordinary_missed,BraTS-GLI-01047-000,27,18,5.638047696265858e-06,1.5903708572295727e-06,,
ordinary_missed,BraTS-GLI-01047-000,38,15,2.851749059118447e-06,3.587274193250778e-07,,
ordinary_missed,BraTS-GLI-01047-000,50,45,0.03294939175248146,0.0013786198105663061,,
ordinary_missed,BraTS-GLI-01047-000,51,10,2.402406153123593e-06,4.826958956982708e-07,,
ordinary_missed,BraTS-GLI-01047-000,52,6,0.0032695948611944914,0.0007322619203478098,,
ordinary_missed,BraTS-GLI-01047-000,53,25,0.9412257671356201,0.0459369421005249,,
ordinary_missed,BraTS-GLI-01047-000,54,8,0.0025323815643787384,0.0008740548510104418,,
ordinary_missed,BraTS-GLI-01047-000,63,6,0.9996201992034912,0.9320923686027527,,
ordinary_missed,BraTS-GLI-01454-000,2,29,0.0007315758848562837,5.026859071222134e-05,,
ordinary_missed,BraTS-GLI-00100-000,4,6,1.975798902265069e-08,7.481104624673662e-09,,
ordinary_missed,BraTS-GLI-00100-000,5,18,5.877716646729425e-10,4.0131217793337726e-11,,
