group,subject_id,comp_id,size,condition,max_prob,mean_prob,recovered,sep_D1
G2A,BraTS-GLI-01405-000,4,36,baseline,1.0846455467117266e-07,1.8117184197308234e-08,0,1.1533115810079275
G2A,BraTS-GLI-01405-000,4,36,target_rescue,1.3195628883848885e-25,6.422296896447052e-27,0,0.9875124458379595
G2A,BraTS-GLI-01405-000,4,36,random_rescue,0.0213568564504385,0.000920227961614728,0,0.9931111863128045
G2A,BraTS-GLI-01405-000,4,36,dead_rescue,1.514558789494913e-06,5.33598694119064e-08,0,0.9852539533890713
G2A,BraTS-GLI-01405-000,4,36,shuffled_rescue,4.087093453664415e-28,2.531715259286889e-29,0,0.9476138127725072
G2A,BraTS-GLI-01012-000,3,180,baseline,4.699022611021064e-06,1.1610421069008225e-07,0,1.7997367559804092
G2A,BraTS-GLI-01012-000,3,180,target_rescue,1.3270702083900687e-06,9.517744814502294e-09,0,2.766581726074219
G2A,BraTS-GLI-01012-000,3,180,random_rescue,4.8771244820500215e-09,9.869574602028308e-11,0,1.317612361907959
G2A,BraTS-GLI-01012-000,3,180,dead_rescue,0.003950882237404585,0.00011632103269221261,0,0.8292783626251464
G2A,BraTS-GLI-01012-000,3,180,shuffled_rescue,1.820118397091908e-19,2.3355400166788554e-21,0,1.3655028343200684
G2A,BraTS-GLI-01304-000,3,31,baseline,9.579078323440626e-06,1.076340254257957e-06,0,0.9460513877700732
G2A,BraTS-GLI-01304-000,3,31,target_rescue,5.001549847026554e-13,2.464207901316587e-14,0,1.2253230421150307
G2A,BraTS-GLI-01304-000,3,31,random_rescue,3.876826290549751e-11,3.4757246993727398e-12,0,0.7582380709080753
G2A,BraTS-GLI-01304-000,3,31,dead_rescue,1.141964730777545e-06,1.447386779318549e-07,0,1.0211106892137505
G2A,BraTS-GLI-01304-000,3,31,shuffled_rescue,6.080530196917507e-15,2.834141536568551e-16,0,1.0861890508521905
G2A,BraTS-GLI-01414-000,1,5,baseline,8.274760148196947e-06,1.9553231140889693e-06,0,0.9894914647196619
G2A,BraTS-GLI-01414-000,1,5,target_rescue,5.114896359322222e-21,1.023230293715373e-21,0,1.0173579939054769
G2A,BraTS-GLI-01414-000,1,5,random_rescue,4.112243098125523e-12,8.392002370793961e-13,0,0.8230516314506531
G2A,BraTS-GLI-01414-000,1,5,dead_rescue,1.2594725262715656e-09,2.7546070979767023e-10,0,0.9187145018060701
G2A,BraTS-GLI-01414-000,1,5,shuffled_rescue,2.0105692842658134e-22,4.069276501798896e-23,0,0.9876637743721787
G2A,BraTS-GLI-01414-000,2,9,baseline,2.233363005643696e-08,6.787546524833488e-09,0,0.4550564903884349
G2A,BraTS-GLI-01414-000,2,9,target_rescue,2.0730126464763176e-32,2.7240310991940587e-33,0,0.35810391802239544
G2A,BraTS-GLI-01414-000,2,9,random_rescue,8.054156842331184e-13,1.8872463270966366e-13,0,0.45329200206244
G2A,BraTS-GLI-01414-000,2,9,dead_rescue,8.263998374502535e-10,2.654090003328946e-10,0,0.6720465802827369
G2A,BraTS-GLI-01414-000,2,9,shuffled_rescue,5.2244688465243177e-33,1.2966098500558272e-33,0,0.3540059872422143
G2A,BraTS-GLI-01414-000,9,6,baseline,1.7990223755148804e-09,5.851739093287733e-10,0,0.4802578568650158
G2A,BraTS-GLI-01414-000,9,6,target_rescue,3.685149728765119e-20,1.2844476707594753e-20,0,0.528650922472003
G2A,BraTS-GLI-01414-000,9,6,random_rescue,1.0025693469861707e-10,4.2216955625784536e-11,0,0.39396625286461584
G2A,BraTS-GLI-01414-000,9,6,dead_rescue,1.7646011388205984e-11,5.9440299904345295e-12,0,0.39760429075649584
G2A,BraTS-GLI-01414-000,9,6,shuffled_rescue,4.22402946350986e-20,8.544637594972828e-21,0,0.5311223401532248
G2A,BraTS-GLI-01414-000,16,5,baseline,3.6691747595796187e-07,1.5698415722908976e-07,0,0.6238552956690155
G2A,BraTS-GLI-01414-000,16,5,target_rescue,1.1631441608619475e-15,2.752963751788271e-16,0,0.741538781143458
G2A,BraTS-GLI-01414-000,16,5,random_rescue,6.787347073267114e-11,2.9339374679748786e-11,0,0.668344520003632
G2A,BraTS-GLI-01414-000,16,5,dead_rescue,9.991998894953724e-11,4.111357088110168e-11,0,0.3804149748391641
G2A,BraTS-GLI-01414-000,16,5,shuffled_rescue,8.150836585772562e-17,2.949884221297217e-17,0,0.7259712462682139
G2A,BraTS-GLI-01414-000,44,14,baseline,2.3842902010073885e-05,3.063558096982888e-06,0,0.49532602558467137
G2A,BraTS-GLI-01414-000,44,14,target_rescue,5.69094563140915e-11,7.002373507425386e-12,0,0.7314305406313598
G2A,BraTS-GLI-01414-000,44,14,random_rescue,9.122826938323669e-10,8.615081564800064e-11,0,0.5482375144958496
G2A,BraTS-GLI-01414-000,44,14,dead_rescue,1.1407455535739075e-10,1.8824492312163876e-11,0,0.6271463019663509
G2A,BraTS-GLI-01414-000,44,14,shuffled_rescue,3.1433529824181905e-12,2.501304285223993e-13,0,0.5426231493672781
G2A,BraTS-GLI-00087-001,3,7,baseline,5.532407158170827e-05,9.496356142335571e-06,0,1.166478101401151
G2A,BraTS-GLI-00087-001,3,7,target_rescue,4.238141210048153e-14,6.978768403415698e-15,0,1.178222346526473
G2A,BraTS-GLI-00087-001,3,7,random_rescue,0.0009946475038304925,0.0002333927695872262,0,0.8525296487337106
G2A,BraTS-GLI-00087-001,3,7,dead_rescue,2.721035707509145e-05,4.332000116846757e-06,0,0.8191495356521106
G2A,BraTS-GLI-00087-001,3,7,shuffled_rescue,1.1922052260075321e-14,2.1002652030456103e-15,0,1.0382025249966027
G2A,BraTS-GLI-01413-000,3,7,baseline,5.933871558179427e-13,2.849771200269524e-13,0,0.6754441103327082
G2A,BraTS-GLI-01413-000,3,7,target_rescue,0.0,0.0,0,0.8402252419258377
G2A,BraTS-GLI-01413-000,3,7,random_rescue,6.957975184516615e-14,1.9787872105854823e-14,0,0.7743608037418951
G2A,BraTS-GLI-01413-000,3,7,dead_rescue,7.3728956522245426e-06,2.3195077574200695e-06,0,0.5366811026217844
G2A,BraTS-GLI-01413-000,3,7,shuffled_rescue,0.0,0.0,0,0.8290522746677784
G2A,BraTS-GLI-01233-000,7,15,baseline,1.3117984963173512e-05,1.7141784383056802e-06,0,0.8544157423159656
G2A,BraTS-GLI-01233-000,7,15,target_rescue,3.829308820684532e-25,2.5798793029295262e-26,0,0.7574749479684807
G2A,BraTS-GLI-01233-000,7,15,random_rescue,0.9999359846115112,0.4534256160259247,1,0.5698504330202431
G2A,BraTS-GLI-01233-000,7,15,dead_rescue,1.8990328953805147e-06,2.2801282284490298e-07,0,0.5854933817143156
G2A,BraTS-GLI-01233-000,7,15,shuffled_rescue,1.1588107852712138e-26,1.0907108461433539e-27,0,0.7331427423191209
G2A,BraTS-GLI-00621-000,1,6,baseline,1.2564528410752285e-11,7.27635226377421e-12,0,0.9865860939025879
G2A,BraTS-GLI-00621-000,1,6,target_rescue,4.599595518752375e-34,1.059112259690597e-34,0,0.541056382318255
G2A,BraTS-GLI-00621-000,1,6,random_rescue,0.04103318974375725,0.009737743996083736,0,0.8493546929021143
G2A,BraTS-GLI-00621-000,1,6,dead_rescue,1.5940935554681346e-05,7.60817738409969e-06,0,0.8037461330741468
G2A,BraTS-GLI-00621-000,1,6,shuffled_rescue,1.5200641170606957e-34,5.107840934728286e-35,0,0.5304052198818345
G2A,BraTS-GLI-00064-000,19,5,baseline,2.577480173737712e-10,1.148778988602217e-10,0,0.7126550972051464
G2A,BraTS-GLI-00064-000,19,5,target_rescue,8.733333075382277e-33,3.475329211738923e-33,0,0.599325325049196
G2A,BraTS-GLI-00064-000,19,5,random_rescue,6.82442158339569e-11,2.3100393126140872e-11,0,0.3749316446952041
G2A,BraTS-GLI-00064-000,19,5,dead_rescue,2.071634313746684e-12,6.214157335406034e-13,0,0.38491405442271065
G2A,BraTS-GLI-00064-000,19,5,shuffled_rescue,1.3025936489473904e-32,3.5889014351535414e-33,0,0.5923045560227267
G2A,BraTS-GLI-00064-000,78,6,baseline,1.7675983343679036e-08,5.330976993178638e-09,0,0.40647614893554634
G2A,BraTS-GLI-00064-000,78,6,target_rescue,2.4063577912464984e-27,4.0251870837557606e-28,0,0.3573886708932851
G2A,BraTS-GLI-00064-000,78,6,random_rescue,2.264714430528711e-13,4.8471396032123346e-14,0,0.31223663212258856
G2A,BraTS-GLI-00064-000,78,6,dead_rescue,4.6226335825849674e-07,7.770686494268375e-08,0,0.209398805610453
G2A,BraTS-GLI-00064-000,78,6,shuffled_rescue,4.818511090881647e-28,8.035456395644784e-29,0,0.3581940211909599
G2A,BraTS-GLI-01113-000,5,5,baseline,2.3131738089432474e-06,5.250601589068538e-07,0,0.47826621241447165
G2A,BraTS-GLI-01113-000,5,5,target_rescue,2.5858285341250325e-16,8.280951434382663e-17,0,0.4803656179893359
G2A,BraTS-GLI-01113-000,5,5,random_rescue,2.6894147708844685e-07,7.800359469456453e-08,0,0.43853135397860177
G2A,BraTS-GLI-01113-000,5,5,dead_rescue,3.8429748966395394e-11,1.3328964668102294e-11,0,0.42416655839630885
G2A,BraTS-GLI-01113-000,5,5,shuffled_rescue,3.857209370783772e-17,9.023887837450228e-18,0,0.46971609369628364
G2A,BraTS-GLI-01282-000,5,7,baseline,1.1377760712749652e-12,5.049521456350348e-13,0,0.8345660814335771
G2A,BraTS-GLI-01282-000,5,7,target_rescue,3.3221745435162196e-36,8.675009658993228e-37,0,1.3332079327203812
G2A,BraTS-GLI-01282-000,5,7,random_rescue,6.06112122297775e-12,1.6862159455191539e-12,0,0.7369990385109741
G2A,BraTS-GLI-01282-000,5,7,dead_rescue,4.4898328610543103e-08,1.2842881425001451e-08,0,1.0398695019217212
G2A,BraTS-GLI-01282-000,5,7,shuffled_rescue,1.705964875223394e-36,5.137563295756996e-37,0,1.3291440313509526
G2A,BraTS-GLI-01282-000,6,5,baseline,1.671847903172985e-11,6.528742824141176e-12,0,0.40275643345548695
G2A,BraTS-GLI-01282-000,6,5,target_rescue,3.016577580754229e-36,6.603279338382948e-37,0,0.5661450677165647
G2A,BraTS-GLI-01282-000,6,5,random_rescue,2.971735474344671e-14,1.664202900920203e-14,0,0.6691371018582114
G2A,BraTS-GLI-01282-000,6,5,dead_rescue,1.2030871232582285e-07,6.602622448781403e-08,0,0.29496650937138585
G2A,BraTS-GLI-01282-000,6,5,shuffled_rescue,2.178369537319356e-36,4.777108076505864e-37,0,0.5642786859101453
G2A,BraTS-GLI-01431-000,1,149,baseline,3.112532431259751e-05,5.008936341255321e-07,0,0.8032715857431226
G2A,BraTS-GLI-01431-000,1,149,target_rescue,1.3967848079283145e-19,2.853007728903264e-21,0,1.5417136596402188
G2A,BraTS-GLI-01431-000,1,149,random_rescue,0.9996103644371033,0.1939980685710907,1,0.7052409814540648
G2A,BraTS-GLI-01431-000,1,149,dead_rescue,0.012001603841781616,0.00028530589770525694,0,0.2943491227382337
G2A,BraTS-GLI-01431-000,1,149,shuffled_rescue,1.6117214630215595e-22,1.4169821318876061e-24,0,0.7042272620637651
G2A,BraTS-GLI-01431-000,4,6,baseline,0.001548099797219038,0.0007864546496421099,0,0.7033716804848152
G2A,BraTS-GLI-01431-000,4,6,target_rescue,4.929264028202818e-12,9.993667135152484e-13,0,0.7812369384389319
G2A,BraTS-GLI-01431-000,4,6,random_rescue,0.0029741148464381695,0.0007596631185151637,0,0.9133606851185543
G2A,BraTS-GLI-01431-000,4,6,dead_rescue,4.823990096269881e-10,1.6703965988185132e-10,0,0.4380428806898336
G2A,BraTS-GLI-01431-000,4,6,shuffled_rescue,7.863217455633675e-13,1.4564879250583695e-13,0,0.7651755820493337
G2A,BraTS-GLI-01431-000,5,34,baseline,3.579897907002305e-07,2.245092112218572e-08,0,0.40311636627488795
G2A,BraTS-GLI-01431-000,5,34,target_rescue,1.8505798612430296e-27,6.251555960565708e-29,0,0.4022230569685165
G2A,BraTS-GLI-01431-000,5,34,random_rescue,1.0293867092059372e-07,3.952513427663007e-09,0,0.3153451755846899
G2A,BraTS-GLI-01431-000,5,34,dead_rescue,0.016545331105589867,0.0008046981529332697,0,0.29356911051921736
G2A,BraTS-GLI-01431-000,5,34,shuffled_rescue,8.208418747272233e-29,2.932491839143247e-30,0,0.38890476913216204
G2A,BraTS-GLI-00725-000,5,395,baseline,0.00023053221229929477,8.776905815466307e-06,0,1.1415757966648254
G2A,BraTS-GLI-00725-000,5,395,target_rescue,9.595140681994963e-08,1.8390066136575456e-09,0,1.8026905635671864
G2A,BraTS-GLI-00725-000,5,395,random_rescue,5.7683806176100916e-08,1.2042487007590807e-09,0,1.4347788428359074
G2A,BraTS-GLI-00725-000,5,395,dead_rescue,2.5801791707635857e-06,1.544910759321283e-07,0,1.3717740168645383
G2A,BraTS-GLI-00725-000,5,395,shuffled_rescue,6.615029704559738e-13,1.2793547518846326e-14,0,1.4777488789505646
G2A,BraTS-GLI-00132-000,3,5,baseline,4.95481401685538e-07,2.733861492743017e-07,0,0.9609355142355906
G2A,BraTS-GLI-00132-000,3,5,target_rescue,1.152238165608903e-19,2.3402925085712707e-20,0,1.0347516570741968
G2A,BraTS-GLI-00132-000,3,5,random_rescue,1.9981778223154834e-06,5.83646851737285e-07,0,0.7497340736156292
G2A,BraTS-GLI-00132-000,3,5,dead_rescue,9.660336672823178e-07,5.412811105998117e-07,0,0.9494315986091082
G2A,BraTS-GLI-00132-000,3,5,shuffled_rescue,8.185473672739029e-20,1.7042893298918733e-20,0,1.0311738490687439
G2A,BraTS-GLI-01493-000,2,16,baseline,0.0008571207290515304,0.00024678889894858,0,0.6681583999010665
G2A,BraTS-GLI-01493-000,2,16,target_rescue,5.129124110681005e-05,4.08965979659115e-06,0,0.712840874982519
G2A,BraTS-GLI-01493-000,2,16,random_rescue,0.0009567153756506741,0.0001499643112765625,0,0.3895694591743849
G2A,BraTS-GLI-01493-000,2,16,dead_rescue,4.530522801360348e-08,7.510205790595137e-09,0,0.7825705359740458
G2A,BraTS-GLI-01493-000,2,16,shuffled_rescue,1.5182768038357608e-06,2.426875482797186e-07,0,0.6843407336165335
G2A,BraTS-GLI-01401-000,5,10,baseline,8.198667273973115e-06,1.1558138339751167e-06,0,0.789684787245674
G2A,BraTS-GLI-01401-000,5,10,target_rescue,8.489436931213845e-11,1.1709267236370557e-11,0,0.74996688339665
G2A,BraTS-GLI-01401-000,5,10,random_rescue,8.97772224561777e-07,1.0609252143467529e-07,0,0.7892445672920639
G2A,BraTS-GLI-01401-000,5,10,dead_rescue,3.6158496485693746e-17,1.1145652430763047e-17,0,0.7935563723246256
G2A,BraTS-GLI-01401-000,5,10,shuffled_rescue,3.527586642931846e-12,6.577135212328111e-13,0,0.7456031041703642
G2A,BraTS-GLI-00540-000,1,157,baseline,8.34069346922206e-09,2.349157979253391e-09,0,0.3435073368571841
G2A,BraTS-GLI-00540-000,1,157,target_rescue,8.145498766452379e-30,1.4908924626055403e-30,0,0.26791767881241185
G2A,BraTS-GLI-00540-000,1,157,random_rescue,3.89430532266033e-09,7.554452063907036e-10,0,0.23025155989724438
G2A,BraTS-GLI-00540-000,1,157,dead_rescue,2.1318932340363972e-05,2.5640115381975193e-06,0,0.24761439762346568
G2A,BraTS-GLI-00540-000,1,157,shuffled_rescue,5.861390239075804e-30,1.0949295415197544e-30,0,0.2727146906445392
G2A,BraTS-GLI-01135-000,5,5,baseline,0.0031648173462599516,0.0008204688201658428,0,1.9211750010615614
G2A,BraTS-GLI-01135-000,5,5,target_rescue,1.4982260836404748e-06,3.7804596786372713e-07,0,2.736129537740751
G2A,BraTS-GLI-01135-000,5,5,random_rescue,6.254274194361642e-05,1.4133574950392358e-05,0,1.9117230107782743
G2A,BraTS-GLI-01135-000,5,5,dead_rescue,1.4063791020646477e-08,3.6750775755933773e-09,0,1.8145893847054761
G2A,BraTS-GLI-01135-000,5,5,shuffled_rescue,1.072570853466459e-06,2.752095724645187e-07,0,2.694406950488202
G2A,BraTS-GLI-01135-000,9,14,baseline,0.001612881664186716,0.00031141797080636024,0,1.8407102306396572
G2A,BraTS-GLI-01135-000,9,14,target_rescue,0.0002735160815063864,2.632014911796432e-05,0,1.912278455574344
G2A,BraTS-GLI-01135-000,9,14,random_rescue,4.036304168501814e-13,3.9312296636322824e-14,0,1.62427598675716
G2A,BraTS-GLI-01135-000,9,14,dead_rescue,2.3465716267887307e-14,8.377570894489185e-15,0,1.1640446585606625
G2A,BraTS-GLI-01135-000,9,14,shuffled_rescue,7.157897198339924e-05,8.576460459153168e-06,0,1.8363003299868603
G2A,BraTS-GLI-00608-000,4,6,baseline,0.003559713950380683,0.0007274282979778945,0,1.8673226890409564
G2A,BraTS-GLI-00608-000,4,6,target_rescue,8.9906198805223e-12,1.9931545563317554e-12,0,1.7596365189326655
G2A,BraTS-GLI-00608-000,4,6,random_rescue,0.0002937963290605694,6.207115075085312e-05,0,1.5347917049149444
G2A,BraTS-GLI-00608-000,4,6,dead_rescue,5.459422027342953e-05,1.278320632991381e-05,0,1.3032277932157428
G2A,BraTS-GLI-00608-000,4,6,shuffled_rescue,6.168970716202704e-12,1.324248436601616e-12,0,1.6960204643010748
G2A,BraTS-GLI-01521-000,2,30,baseline,7.200828266995529e-10,2.032248952454907e-10,0,0.6538052533974287
G2A,BraTS-GLI-01521-000,2,30,target_rescue,8.032389683219313e-20,4.338743258599626e-21,0,0.7933705789543495
G2A,BraTS-GLI-01521-000,2,30,random_rescue,4.733646252752521e-10,8.124455275204667e-11,0,0.6177888768664234
G2A,BraTS-GLI-01521-000,2,30,dead_rescue,7.845988147892058e-05,3.155647937091999e-05,0,0.48328549305580265
G2A,BraTS-GLI-01521-000,2,30,shuffled_rescue,5.972946479918676e-20,3.2416523600905168e-21,0,0.7763769962196486
G2A,BraTS-GLI-01521-000,3,25,baseline,1.89746707235372e-08,3.4249054703394677e-09,0,0.9295550868234808
G2A,BraTS-GLI-01521-000,3,25,target_rescue,9.216891739107633e-17,1.04269797166035e-17,0,2.9737990678189536
G2A,BraTS-GLI-01521-000,3,25,random_rescue,4.700156296166824e-06,1.3934326261733077e-06,0,1.2081243930195538
G2A,BraTS-GLI-01521-000,3,25,dead_rescue,0.00018909957725554705,6.202427903190255e-05,0,0.5544018880302012
G2A,BraTS-GLI-01521-000,3,25,shuffled_rescue,1.2872070186209209e-17,2.3323507151984064e-18,0,1.5165626688312661
G2A,BraTS-GLI-01521-000,9,23,baseline,1.2261250503797783e-06,4.045835453325708e-07,0,1.2716666238287595
G2A,BraTS-GLI-01521-000,9,23,target_rescue,1.51915472827393e-18,1.9643596966164615e-19,0,1.6991155890841518
G2A,BraTS-GLI-01521-000,9,23,random_rescue,9.478051232747475e-09,8.8597984504446e-10,0,0.9941458885728474
G2A,BraTS-GLI-01521-000,9,23,dead_rescue,2.7251496703684097e-07,5.3180222892024176e-08,0,1.39481057981451
G2A,BraTS-GLI-01521-000,9,23,shuffled_rescue,6.653273711669073e-19,7.105971954084358e-20,0,1.6462430696086294
G2A,BraTS-GLI-01387-000,9,46,baseline,3.941434272292099e-07,3.282427840645141e-08,0,0.30279204116192726
G2A,BraTS-GLI-01387-000,9,46,target_rescue,1.2896499238083932e-24,1.274365226079767e-25,0,0.503275001858898
G2A,BraTS-GLI-01387-000,9,46,random_rescue,1.555688355914242e-10,1.7420951833879705e-11,0,0.7523362234768455
G2A,BraTS-GLI-01387-000,9,46,dead_rescue,0.00015108702064026147,3.399396882741712e-05,0,0.491396834232977
G2A,BraTS-GLI-01387-000,9,46,shuffled_rescue,2.5407696130306897e-25,5.523949801301141e-26,0,0.44780306778840756
G2A,BraTS-GLI-01469-000,6,7,baseline,1.4999601205545332e-07,1.22101241117889e-07,0,1.3674233213247762
G2A,BraTS-GLI-01469-000,6,7,target_rescue,5.025401038183433e-31,1.805229596697628e-31,0,1.2233312606811524
G2A,BraTS-GLI-01469-000,6,7,random_rescue,5.2868017519358546e-05,2.7691001378116198e-05,0,1.1549798671323395
G2A,BraTS-GLI-01469-000,6,7,dead_rescue,4.928925889657876e-08,2.3637742430082653e-08,0,0.40431005307235607
G2A,BraTS-GLI-01469-000,6,7,shuffled_rescue,3.213429863834404e-31,1.1560241676918776e-31,0,1.1138247489929198
G2A,BraTS-GLI-01296-000,7,7,baseline,2.4476497628711513e-07,7.3751387219545e-08,0,1.0560267048973122
G2A,BraTS-GLI-01296-000,7,7,target_rescue,5.679403298277769e-24,9.979538129609512e-25,0,1.6890558622114278
G2A,BraTS-GLI-01296-000,7,7,random_rescue,0.9919413328170776,0.2600141763687134,1,1.1393459484786523
G2A,BraTS-GLI-01296-000,7,7,dead_rescue,1.4031926411917084e-06,2.4988480618048925e-07,0,1.2182764777341122
G2A,BraTS-GLI-01296-000,7,7,shuffled_rescue,2.0038368613107315e-24,5.138234166281548e-25,0,1.6766291537507618
G2A,BraTS-GLI-01296-000,9,6,baseline,9.03368769763005e-14,3.366631721123635e-14,0,0.4986698489714593
G2A,BraTS-GLI-01296-000,9,6,target_rescue,9.498983973950682e-33,2.6220152709449695e-33,0,0.562615047525645
G2A,BraTS-GLI-01296-000,9,6,random_rescue,2.808266224272738e-20,6.758283304924528e-21,0,0.4989891561742914
G2A,BraTS-GLI-01296-000,9,6,dead_rescue,1.1972686024819268e-06,5.425812332759961e-07,0,0.4503864049911499
G2A,BraTS-GLI-01296-000,9,6,shuffled_rescue,6.0141068093472047e-33,1.6316429132779607e-33,0,0.5608233817084385
G2A,BraTS-GLI-01490-000,2,52,baseline,2.947642407935547e-10,3.5864696629195336e-11,0,0.38744484229924164
G2A,BraTS-GLI-01490-000,2,52,target_rescue,4.3702128721401223e-11,5.604222381300206e-12,0,0.3900543928146362
G2A,BraTS-GLI-01490-000,2,52,random_rescue,7.3932290844958e-11,1.2562196075038834e-11,0,0.36608525398915026
G2A,BraTS-GLI-01490-000,2,52,dead_rescue,4.735874539751883e-11,6.207199251123674e-12,0,0.35745311451754924
G2A,BraTS-GLI-01490-000,2,52,shuffled_rescue,1.6497156071770824e-11,2.532273869759738e-12,0,0.3900964975357056
G2A,BraTS-GLI-01395-000,1,88,baseline,4.375546723167645e-06,4.616076410002279e-07,0,1.6465867833302317
G2A,BraTS-GLI-01395-000,1,88,target_rescue,4.369629311162804e-11,7.672817459516978e-13,0,2.0756968431010887
G2A,BraTS-GLI-01395-000,1,88,random_rescue,1.459016826625692e-13,3.3728515264069706e-15,0,1.0634449005126954
G2A,BraTS-GLI-01395-000,1,88,dead_rescue,2.514268771847128e-06,2.3246133196153096e-07,0,1.282654044944144
G2A,BraTS-GLI-01395-000,1,88,shuffled_rescue,2.330812070585296e-14,9.08138009948344e-16,0,1.2379125924025267
G2A,BraTS-GLI-00138-000,7,2522,baseline,5.5566928836014995e-09,1.3815862343058427e-10,0,3.07458055176316
G2A,BraTS-GLI-00138-000,7,2522,target_rescue,4.1711409568598974e-20,6.475310466876396e-23,0,0.7925387360471147
G2A,BraTS-GLI-00138-000,7,2522,random_rescue,1.6868083548615687e-05,6.900196325432262e-08,0,1.3551084525947499
G2A,BraTS-GLI-00138-000,7,2522,dead_rescue,0.000341221020789817,1.0908610420301557e-05,0,0.492678327540269
G2A,BraTS-GLI-00138-000,7,2522,shuffled_rescue,1.2411624896613706e-24,1.6881392260136326e-27,0,0.7581990326909691
G2A,BraTS-GLI-00028-000,5,8,baseline,7.833461523887308e-08,3.429275352573313e-08,0,0.43153756647218977
G2A,BraTS-GLI-00028-000,5,8,target_rescue,2.8513725858896294e-33,3.587195728565651e-34,0,0.32732934773912276
G2A,BraTS-GLI-00028-000,5,8,random_rescue,1.7905845695054268e-08,3.912517421156281e-09,0,0.2833088805029215
G2A,BraTS-GLI-00028-000,5,8,dead_rescue,2.7929479529120727e-07,1.1842460878597194e-07,0,0.28334486304134754
G2A,BraTS-GLI-00028-000,5,8,shuffled_rescue,7.238522594780201e-35,1.0013637751204556e-35,0,0.32562894748860893
G2A,BraTS-GLI-01077-000,1,184,baseline,2.1487529011210427e-05,5.451531706057722e-07,0,1.0882482984713964
G2A,BraTS-GLI-01077-000,1,184,target_rescue,9.293377178920537e-10,6.015564782413385e-12,0,1.1183841705322266
G2A,BraTS-GLI-01077-000,1,184,random_rescue,0.00017874056356959045,2.6169793727603974e-06,0,0.8236315068588743
G2A,BraTS-GLI-01077-000,1,184,dead_rescue,0.00025442332844249904,7.656863090232946e-06,0,0.7035555439268176
G2A,BraTS-GLI-01077-000,1,184,shuffled_rescue,5.693781114042396e-18,3.798019169582833e-20,0,1.0335063934326172
G2A,BraTS-GLI-01317-000,7,5,baseline,2.826481271256398e-10,1.1212821643402648e-10,0,0.27713951992766045
G2A,BraTS-GLI-01317-000,7,5,target_rescue,3.569398669788265e-28,7.148531952480435e-29,0,0.3652146611364909
G2A,BraTS-GLI-01317-000,7,5,random_rescue,5.547879595724226e-07,2.5729116259753937e-07,0,0.34510265083599995
G2A,BraTS-GLI-01317-000,7,5,dead_rescue,1.5040727344151072e-11,4.482484695922384e-12,0,0.26361221414387803
G2A,BraTS-GLI-01317-000,7,5,shuffled_rescue,3.05299708768446e-29,6.731550214390647e-30,0,0.36837812695015326
G2A,BraTS-GLI-01317-000,12,6,baseline,7.125252388107128e-09,3.4503868651114544e-09,0,0.22489597255068777
G2A,BraTS-GLI-01317-000,12,6,target_rescue,8.351452429682548e-32,2.264483925430769e-32,0,0.24271867275238038
G2A,BraTS-GLI-01317-000,12,6,random_rescue,1.613121303201126e-10,8.83356512937361e-11,0,0.16558557748794556
G2A,BraTS-GLI-01317-000,12,6,dead_rescue,1.7450875813840305e-11,1.0903320780963899e-11,0,0.293311894326845
G2A,BraTS-GLI-01317-000,12,6,shuffled_rescue,2.4142590973304092e-32,5.335485104409867e-33,0,0.25917222499847414
G2A,BraTS-GLI-01035-000,1,800,baseline,2.0345987650216557e-07,2.2589910386727752e-08,0,0.540078191938243
G2A,BraTS-GLI-01035-000,1,800,target_rescue,9.21465267945043e-22,9.873924248327165e-24,0,0.6017520803769055
G2A,BraTS-GLI-01035-000,1,800,random_rescue,1.0293867092059372e-07,9.100780684612175e-10,0,0.5986240337554354
G2A,BraTS-GLI-01035-000,1,800,dead_rescue,0.00020542857237160206,8.009809789655264e-06,0,0.7594905822027462
G2A,BraTS-GLI-01035-000,1,800,shuffled_rescue,6.440813816149353e-24,9.376304577034123e-26,0,0.5663271287575553
G2A,BraTS-GLI-01034-000,2,5,baseline,4.807119591276887e-09,1.0161258501284465e-09,0,0.6096343847806804
G2A,BraTS-GLI-01034-000,2,5,target_rescue,1.6061798689292268e-36,3.2123596930169027e-37,0,0.5121580527361801
G2A,BraTS-GLI-01034-000,2,5,random_rescue,3.8567085636209697e-10,7.721827344209231e-11,0,0.6603308816743169
G2A,BraTS-GLI-01034-000,2,5,dead_rescue,8.82604524576891e-07,2.484369190369762e-07,0,0.5298305357594734
G2A,BraTS-GLI-01034-000,2,5,shuffled_rescue,6.8842600833857145e-37,1.376851971835592e-37,0,0.49843158370975527
G2A,BraTS-GLI-00806-000,7,33,baseline,1.3674494766746648e-05,3.057106823689537e-06,0,0.6148931708070529
G2A,BraTS-GLI-00806-000,7,33,target_rescue,1.5578752510236882e-08,1.6663628255031426e-09,0,0.7336584809695927
G2A,BraTS-GLI-00806-000,7,33,random_rescue,1.507308060798447e-20,1.0675873491925497e-21,0,0.47394949886588744
G2A,BraTS-GLI-00806-000,7,33,dead_rescue,8.12280576134583e-10,9.5862144611214e-11,0,0.49726993053822927
G2A,BraTS-GLI-00806-000,7,33,shuffled_rescue,7.323302408934751e-09,1.0666151295524173e-09,0,0.7205041775661946
G2A,BraTS-GLI-00806-000,10,8,baseline,0.2133735567331314,0.06828960031270981,0,0.4234999623593024
G2A,BraTS-GLI-00806-000,10,8,target_rescue,0.11926889419555664,0.027485789731144905,0,0.43260874200042754
G2A,BraTS-GLI-00806-000,10,8,random_rescue,0.1198936253786087,0.028154367581009865,0,0.5302365563908317
G2A,BraTS-GLI-00806-000,10,8,dead_rescue,0.0005738124018535018,0.00024194730212911963,0,0.6168341596967247
G2A,BraTS-GLI-00806-000,10,8,shuffled_rescue,0.03478531539440155,0.010914208367466927,0,0.4347109944268501
G2A,BraTS-GLI-01228-000,5,8,baseline,1.905437585492109e-09,6.164045940337814e-10,0,0.5610734991575554
G2A,BraTS-GLI-01228-000,5,8,target_rescue,2.8589189521998496e-19,3.715064263253702e-20,0,0.606194170908953
G2A,BraTS-GLI-01228-000,5,8,random_rescue,2.5900814018499016e-14,8.350548002372931e-15,0,0.6581039257485914
G2A,BraTS-GLI-01228-000,5,8,dead_rescue,5.5805773007235396e-14,2.0236416709007443e-14,0,0.604829685183629
G2A,BraTS-GLI-01228-000,5,8,shuffled_rescue,1.5340613759421422e-20,2.0454219668520447e-21,0,0.6076320276932645
G2A,BraTS-GLI-01228-000,16,8,baseline,4.866171821049647e-07,9.193938410589908e-08,0,0.35020501613616944
G2A,BraTS-GLI-01228-000,16,8,target_rescue,5.331740787560513e-33,9.269570088340388e-34,0,0.4060626050385654
G2A,BraTS-GLI-01228-000,16,8,random_rescue,6.096413738415629e-12,2.6323381408649427e-12,0,0.4183528713197262
G2A,BraTS-GLI-01228-000,16,8,dead_rescue,5.647890247928444e-06,7.920609164102643e-07,0,0.26716477192835614
G2A,BraTS-GLI-01228-000,16,8,shuffled_rescue,5.8834017557693513e-33,7.610200018391415e-34,0,0.40666794403229733
G2A,BraTS-GLI-01228-000,17,6,baseline,1.6950878034549532e-08,3.953316340954416e-09,0,0.5719524383544922
G2A,BraTS-GLI-01228-000,17,6,target_rescue,8.991788114128459e-23,4.236632396208447e-23,0,0.5982747554779053
G2A,BraTS-GLI-01228-000,17,6,random_rescue,1.7471935009893969e-10,4.673091080764635e-11,0,0.5264858428877327
G2A,BraTS-GLI-01228-000,17,6,dead_rescue,3.1379239484596866e-13,6.29244649007904e-14,0,0.5006598556548972
G2A,BraTS-GLI-01228-000,17,6,shuffled_rescue,7.281605198102792e-23,3.205666292642762e-23,0,0.5952059745788574
G2A,BraTS-GLI-01228-000,54,6,baseline,8.934939010885046e-09,3.3692295620113555e-09,0,0.6736264965930495
G2A,BraTS-GLI-01228-000,54,6,target_rescue,4.3108039314283635e-15,9.102029703946315e-16,0,0.5899611724271625
G2A,BraTS-GLI-01228-000,54,6,random_rescue,3.9196941590928513e-13,6.61699495652264e-14,0,0.5665485418979523
G2A,BraTS-GLI-01228-000,54,6,dead_rescue,1.373086888634134e-05,2.5089364044106333e-06,0,0.6686137973577013
G2A,BraTS-GLI-01228-000,54,6,shuffled_rescue,1.8320687374400076e-15,3.0608184058634384e-16,0,0.5787740688023021
G2A,BraTS-GLI-00239-000,5,16,baseline,1.725444121802866e-06,5.485344445332885e-07,0,2.1776802358770175
G2A,BraTS-GLI-00239-000,5,16,target_rescue,5.905890902616306e-17,6.471490535700465e-18,0,1.1976489067077636
G2A,BraTS-GLI-00239-000,5,16,random_rescue,6.868899199430345e-11,5.5836646070672735e-12,0,0.5198739196117935
G2A,BraTS-GLI-00239-000,5,16,dead_rescue,1.6145689230029348e-09,3.2368191460463436e-10,0,0.5696444179051858
G2A,BraTS-GLI-00239-000,5,16,shuffled_rescue,1.3068742303011042e-17,1.8490263949466815e-18,0,1.1870250701904297
G2A,BraTS-GLI-00239-000,27,6,baseline,0.0011162221198901534,0.0003104186325799674,0,0.6135749340057373
G2A,BraTS-GLI-00239-000,27,6,target_rescue,1.693353806331288e-05,3.99351529267733e-06,0,0.8233308259252062
G2A,BraTS-GLI-00239-000,27,6,random_rescue,4.727116031943979e-09,1.0597985822258238e-09,0,0.6401673173029663
G2A,BraTS-GLI-00239-000,27,6,dead_rescue,4.000803244252893e-08,1.2839059593261481e-08,0,0.5546540675744596
G2A,BraTS-GLI-00239-000,27,6,shuffled_rescue,5.30233774043154e-05,1.141192205977859e-05,0,0.8216546034391843
G2A,BraTS-GLI-00239-000,56,7,baseline,0.003300909884274006,0.0005802251980639994,0,1.2119275093078614
G2A,BraTS-GLI-00239-000,56,7,target_rescue,5.527760471579768e-09,8.342158630547658e-10,0,1.1565016562339079
G2A,BraTS-GLI-00239-000,56,7,random_rescue,0.0038321453612297773,0.0011792812729254365,0,0.6836443234731938
G2A,BraTS-GLI-00239-000,56,7,dead_rescue,4.241048401354419e-08,8.380776073124707e-09,0,0.7295130222873204
G2A,BraTS-GLI-00239-000,56,7,shuffled_rescue,1.3200769366505938e-09,2.1168430897056112e-10,0,1.1535089392890843
G2A,BraTS-GLI-01418-000,35,11,baseline,7.813212050677976e-07,1.2228461798713397e-07,0,0.856643320025713
G2A,BraTS-GLI-01418-000,35,11,target_rescue,4.036573592741677e-13,3.688128158451688e-14,0,0.6537987948440072
G2A,BraTS-GLI-01418-000,35,11,random_rescue,0.001319975359365344,0.00012607709504663944,0,0.7354443648370609
G2A,BraTS-GLI-01418-000,35,11,dead_rescue,7.147822179831564e-05,1.1782570254581515e-05,0,0.4828704732851341
G2A,BraTS-GLI-01418-000,35,11,shuffled_rescue,3.082669007754314e-14,2.834240215906906e-15,0,0.6325727707589851
G2A,BraTS-GLI-01438-000,5,61,baseline,1.1732549864973407e-06,1.3056173031600338e-07,0,1.113451388111026
G2A,BraTS-GLI-01438-000,5,61,target_rescue,5.925831435450392e-20,1.5333921189719271e-21,0,1.1743992609519855
G2A,BraTS-GLI-01438-000,5,61,random_rescue,3.3817723306128755e-05,8.950456731326994e-07,0,0.8287232259696516
G2A,BraTS-GLI-01438-000,5,61,dead_rescue,2.2278369215200655e-05,1.965559704331099e-06,0,0.7836359334889722
G2A,BraTS-GLI-01438-000,5,61,shuffled_rescue,4.1295929328298393e-22,1.0306937098951126e-23,0,1.1032182419904948
G2A,BraTS-GLI-01438-000,8,7,baseline,9.596345051932076e-09,2.5496349476128444e-09,0,0.6579443126497584
G2A,BraTS-GLI-01438-000,8,7,target_rescue,2.7334744758343827e-22,5.41450017754439e-23,0,0.48375091552734373
G2A,BraTS-GLI-01438-000,8,7,random_rescue,7.956179660408014e-13,1.9215466891264743e-13,0,0.5956984298943943
G2A,BraTS-GLI-01438-000,8,7,dead_rescue,6.853506420156918e-07,2.261214575582926e-07,0,0.5490082857031763
G2A,BraTS-GLI-01438-000,8,7,shuffled_rescue,5.827034041296631e-23,1.4931603390234004e-23,0,0.4725665092468262
G2A,BraTS-GLI-00606-000,10,19,baseline,1.4166291748551885e-06,1.737180781447023e-07,0,0.4466304315847732
G2A,BraTS-GLI-00606-000,10,19,target_rescue,3.261191101251165e-19,3.3862305660780365e-20,0,0.30368100332374515
G2A,BraTS-GLI-00606-000,10,19,random_rescue,1.077009187611111e-06,7.33262410790303e-08,0,0.42084012971596135
G2A,BraTS-GLI-00606-000,10,19,dead_rescue,0.002090725116431713,0.00022195135534275323,0,0.4785419490968566
G2A,BraTS-GLI-00606-000,10,19,shuffled_rescue,8.443048668200092e-21,6.273216293644532e-22,0,0.31332853662083837
G2A,BraTS-GLI-00606-000,59,1090,baseline,1.5482509496678176e-08,4.29572111215748e-09,0,0.5556070981025557
G2A,BraTS-GLI-00606-000,59,1090,target_rescue,1.0809627264115936e-19,3.87863368590271e-22,0,1.5238939113764338
G2A,BraTS-GLI-00606-000,59,1090,random_rescue,9.089021091313043e-08,9.34282962106181e-09,0,0.8709104984382631
G2A,BraTS-GLI-00606-000,59,1090,dead_rescue,0.00020025887351948768,3.553767237463035e-05,0,0.932903325215491
G2A,BraTS-GLI-00606-000,59,1090,shuffled_rescue,1.203512328022661e-25,1.2851801537562724e-28,0,1.4303713559291822
G2A,BraTS-GLI-01237-000,32,7,baseline,2.9355138320141805e-09,6.553576015200235e-10,0,0.5076162268153431
G2A,BraTS-GLI-01237-000,32,7,target_rescue,1.1706004160238117e-22,2.2597141511109345e-23,0,0.4680836958505562
G2A,BraTS-GLI-01237-000,32,7,random_rescue,9.579241824059197e-21,3.2162636102297858e-21,0,0.4244098480110074
G2A,BraTS-GLI-01237-000,32,7,dead_rescue,0.0012962184846401215,0.0001878000475699082,0,0.4730292457060604
G2A,BraTS-GLI-01237-000,32,7,shuffled_rescue,2.0726277726109745e-22,3.475097001655567e-23,0,0.4741856522142943
G2A,BraTS-GLI-01237-000,96,11,baseline,3.5678366511193715e-11,1.2191838684449952e-11,0,1.2252499303955982
G2A,BraTS-GLI-01237-000,96,11,target_rescue,4.755528388433413e-21,8.194936994570645e-22,0,1.4240373487038722
G2A,BraTS-GLI-01237-000,96,11,random_rescue,5.274874981253674e-10,7.594062184645978e-11,0,1.034914512732946
G2A,BraTS-GLI-01237-000,96,11,dead_rescue,0.0018059889553114772,0.00025722564896568656,0,0.5599980504849521
G2A,BraTS-GLI-01237-000,96,11,shuffled_rescue,1.6577362512522424e-19,1.525343506208944e-20,0,1.3142709584421137
G2A,BraTS-GLI-01455-000,4,5,baseline,1.5687818821774613e-09,4.3021800011366906e-10,0,1.081055310301064
G2A,BraTS-GLI-01455-000,4,5,target_rescue,1.9029376510433442e-29,6.64885559740352e-30,0,0.7188748017432461
G2A,BraTS-GLI-01455-000,4,5,random_rescue,9.492131169963614e-08,4.691043287152752e-08,0,1.0064692054316142
G2A,BraTS-GLI-01455-000,4,5,dead_rescue,8.325752531845865e-09,3.5965233013968145e-09,0,1.0896996922477207
G2A,BraTS-GLI-01455-000,4,5,shuffled_rescue,2.7066310380225797e-30,1.4840870085911157e-30,0,0.7160485641202726
G2A,BraTS-GLI-00694-000,2,78,baseline,8.20236212284442e-10,1.7774313965102095e-10,0,1.3325428507648993
G2A,BraTS-GLI-00694-000,2,78,target_rescue,2.5101829663687316e-17,5.491854229001743e-19,0,1.8161693572998048
G2A,BraTS-GLI-00694-000,2,78,random_rescue,3.130158461317478e-07,1.6351751952470295e-08,0,0.7942398975209308
G2A,BraTS-GLI-00694-000,2,78,dead_rescue,9.042547753779218e-05,7.559003734058933e-06,0,0.8649267742532657
G2A,BraTS-GLI-00694-000,2,78,shuffled_rescue,4.375834917761492e-22,1.7496762906124704e-23,0,1.5395988464355468
G2A,BraTS-GLI-01443-000,11,20,baseline,0.0017432906897738576,0.0001797183940652758,0,0.5286688804626465
G2A,BraTS-GLI-01443-000,11,20,target_rescue,4.819043926927724e-13,5.0856905085871e-14,0,0.3903809387867196
G2A,BraTS-GLI-01443-000,11,20,random_rescue,1.460212128989724e-08,9.384171217874382e-10,0,0.4939983078195513
G2A,BraTS-GLI-01443-000,11,20,dead_rescue,0.00020791996212210506,1.6258843970717862e-05,0,0.5767483656919679
G2A,BraTS-GLI-01443-000,11,20,shuffled_rescue,2.6714955659971895e-13,2.0764623066783436e-14,0,0.3287575526165941
G2A,BraTS-GLI-01443-000,18,6,baseline,0.0012078109430149198,0.00021805183496326208,0,0.4329741299152374
G2A,BraTS-GLI-01443-000,18,6,target_rescue,3.9803037710402223e-13,6.779003221399002e-14,0,0.2882716873683659
G2A,BraTS-GLI-01443-000,18,6,random_rescue,4.211900886730291e-05,7.0671339926775545e-06,0,0.5441139436806122
G2A,BraTS-GLI-01443-000,18,6,dead_rescue,0.0003428286872804165,6.360552652040496e-05,0,0.6148004134496053
G2A,BraTS-GLI-01443-000,18,6,shuffled_rescue,7.706742823120408e-14,1.4957827660397154e-14,0,0.3039107812705153
G2A,BraTS-GLI-01496-000,2,22,baseline,1.086400743588456e-06,2.770634637272451e-07,0,1.1826169967651368
G2A,BraTS-GLI-01496-000,2,22,target_rescue,1.4311997956482316e-22,6.877538651762831e-24,0,0.9457669068974821
G2A,BraTS-GLI-01496-000,2,22,random_rescue,1.0625669181335562e-12,2.162352870545281e-13,0,0.7613188113353622
G2A,BraTS-GLI-01496-000,2,22,dead_rescue,3.3437963509186375e-09,4.854556201472349e-10,0,1.0265233385329182
G2A,BraTS-GLI-01496-000,2,22,shuffled_rescue,3.188006812975439e-25,4.585595132308881e-26,0,0.9185033531291221
G2A,BraTS-GLI-01217-000,4,19,baseline,4.806443598681653e-07,1.4082910126944626e-07,0,1.1921516418457032
G2A,BraTS-GLI-01217-000,4,19,target_rescue,1.5621232223399453e-28,2.2683113879342922e-29,0,1.020946979522705
G2A,BraTS-GLI-01217-000,4,19,random_rescue,2.059759572148323e-05,2.7730270630854648e-06,0,0.7689735862734713
G2A,BraTS-GLI-01217-000,4,19,dead_rescue,4.7386743062816095e-06,8.147299581651168e-07,0,1.000978681708876
G2A,BraTS-GLI-01217-000,4,19,shuffled_rescue,6.02992355368427e-29,4.397379545522156e-30,0,0.9834979057312012
G2A,BraTS-GLI-01217-000,6,12,baseline,0.0017398743657395244,0.000217079374124296,0,0.6370564955769309
G2A,BraTS-GLI-01217-000,6,12,target_rescue,1.69852848759121e-15,1.5575282862270457e-16,0,0.652769876016755
G2A,BraTS-GLI-01217-000,6,12,random_rescue,1.959347084467991e-15,4.770522381462926e-16,0,0.39861711615229084
G2A,BraTS-GLI-01217-000,6,12,dead_rescue,6.640037497618323e-08,7.881355124084166e-09,0,0.37715054113354635
G2A,BraTS-GLI-01217-000,6,12,shuffled_rescue,1.8794749215665646e-16,2.165801042147182e-17,0,0.6582452777388318
G2A,BraTS-GLI-00795-000,5,87,baseline,9.486764707133943e-10,2.418879263554885e-10,0,0.19927277681666436
G2A,BraTS-GLI-00795-000,5,87,target_rescue,9.554562746090577e-23,1.831667574315793e-24,0,0.2163718658889945
G2A,BraTS-GLI-00795-000,5,87,random_rescue,3.4814852823555897e-12,3.000313485070766e-13,0,0.2589473485946655
G2A,BraTS-GLI-00795-000,5,87,dead_rescue,2.6073961635120213e-05,3.0661176424473524e-06,0,0.3023812070598289
G2A,BraTS-GLI-00795-000,5,87,shuffled_rescue,2.462665579488502e-24,3.556323627692317e-26,0,0.2135805782859435
G2A,BraTS-GLI-01370-000,3,18,baseline,2.0772311017935863e-06,4.4560388801073714e-07,0,2.4382503872829893
G2A,BraTS-GLI-01370-000,3,18,target_rescue,3.5423518594094707e-20,2.895174956994645e-21,0,1.8776572094786015
G2A,BraTS-GLI-01370-000,3,18,random_rescue,0.07913495600223541,0.010199104435741901,0,1.7674415176481042
G2A,BraTS-GLI-01370-000,3,18,dead_rescue,8.816994522931054e-06,1.0111716619576328e-06,0,1.3609214069805202
G2A,BraTS-GLI-01370-000,3,18,shuffled_rescue,1.0451372513541736e-21,1.5071491779012484e-22,0,1.798481165871877
G2A,BraTS-GLI-01370-000,6,30,baseline,0.00796705111861229,0.0006467553321272135,0,3.6310019057655336
G2A,BraTS-GLI-01370-000,6,30,target_rescue,2.0810529122172738e-07,7.038356120148137e-09,0,3.0988545405682575
G2A,BraTS-GLI-01370-000,6,30,random_rescue,0.0001319241855526343,1.2172652532171924e-05,0,2.4385416507720947
G2A,BraTS-GLI-01370-000,6,30,dead_rescue,0.00016028073150664568,6.141730409581214e-06,0,2.3412331529386368
G2A,BraTS-GLI-01370-000,6,30,shuffled_rescue,6.2174852939744785e-12,3.055946609046428e-13,0,2.321487236022949
G2A,BraTS-GLI-01370-000,11,8,baseline,1.0854448646568926e-06,2.084579051597757e-07,0,0.6480925667446308
G2A,BraTS-GLI-01370-000,11,8,target_rescue,4.465657488367776e-33,5.681944340063978e-34,0,0.6265295653649073
G2A,BraTS-GLI-01370-000,11,8,random_rescue,6.932125273806378e-08,1.2385345193877129e-08,0,0.6359581780019855
G2A,BraTS-GLI-01370-000,11,8,dead_rescue,2.780284058534477e-10,7.545046531998167e-11,0,0.3179618599658689
G2A,BraTS-GLI-01370-000,11,8,shuffled_rescue,7.943873273421937e-34,1.03571785581057e-34,0,0.6344521131169185
G2A,BraTS-GLI-01112-000,14,14,baseline,1.0551269724601298e-06,3.6613101883631316e-07,0,0.35997810577607364
G2A,BraTS-GLI-01112-000,14,14,target_rescue,1.9545746824674785e-17,1.4409003403991164e-18,0,0.4242405083271912
G2A,BraTS-GLI-01112-000,14,14,random_rescue,6.556784106511013e-16,1.524446090983049e-16,0,0.21735774804386235
G2A,BraTS-GLI-01112-000,14,14,dead_rescue,1.3774342555450403e-08,3.19596393794086e-09,0,0.3044234785872483
G2A,BraTS-GLI-01112-000,14,14,shuffled_rescue,1.122729272737898e-19,2.1358147536178694e-20,0,0.37730741742500884
G2A,BraTS-GLI-01422-000,4,625,baseline,2.0648927602451295e-05,3.5481974691720097e-07,0,2.1801822341080945
G2A,BraTS-GLI-01422-000,4,625,target_rescue,1.8697691574827598e-14,4.037312067299433e-17,0,4.936441763228789
G2A,BraTS-GLI-01422-000,4,625,random_rescue,0.006280654575675726,2.9941349566797726e-05,0,1.6748897003347134
G2A,BraTS-GLI-01422-000,4,625,dead_rescue,0.06784340739250183,0.0005854203482158482,0,1.253068276320978
G2A,BraTS-GLI-01422-000,4,625,shuffled_rescue,4.618318027180332e-20,1.456943924191321e-22,0,1.7757448196411132
G2A,BraTS-GLI-01422-000,17,8,baseline,3.865738108288497e-06,8.114791398838861e-07,0,2.0964162264492567
G2A,BraTS-GLI-01422-000,17,8,target_rescue,2.710182718630399e-24,3.484024155950262e-25,0,2.3914273270400153
G2A,BraTS-GLI-01422-000,17,8,random_rescue,0.00010006209777202457,1.7568299881531857e-05,0,1.88825125515559
G2A,BraTS-GLI-01422-000,17,8,dead_rescue,9.033848336059691e-09,2.4888260341526802e-09,0,1.3890607137086204
G2A,BraTS-GLI-01422-000,17,8,shuffled_rescue,3.0118226184033783e-25,5.072648640400022e-26,0,2.2360803341880913
G2A,BraTS-GLI-01422-000,18,10,baseline,3.2721844678285095e-10,1.3325068826119946e-10,0,0.8862405022871958
G2A,BraTS-GLI-01422-000,18,10,target_rescue,2.43636337110295e-38,3.220392664489614e-39,0,0.7875350506402359
G2A,BraTS-GLI-01422-000,18,10,random_rescue,3.827407454082277e-06,8.245430649367336e-07,0,0.7383005075518888
G2A,BraTS-GLI-01422-000,18,10,dead_rescue,0.009736371226608753,0.002999701304361224,0,0.7545574453098506
G2A,BraTS-GLI-01422-000,18,10,shuffled_rescue,0.0,0.0,0,0.7787690066406566
G2A,BraTS-GLI-01422-000,45,6,baseline,1.722832962514076e-06,6.143672521830013e-07,0,1.834635485333346
G2A,BraTS-GLI-01422-000,45,6,target_rescue,2.6620349877106873e-24,7.530439084146162e-25,0,1.5816074422388033
G2A,BraTS-GLI-01422-000,45,6,random_rescue,1.9441461812555358e-20,6.286422809696342e-21,0,1.1054377555847168
G2A,BraTS-GLI-01422-000,45,6,dead_rescue,1.5616630832937517e-07,5.259038360350132e-08,0,1.4156560549399801
G2A,BraTS-GLI-01422-000,45,6,shuffled_rescue,6.714266335272201e-25,2.1982969909045e-25,0,1.5865532996924836
G2A,BraTS-GLI-01102-000,2,479,baseline,1.8702849047258496e-08,1.638140179061054e-09,0,0.7887563390995425
G2A,BraTS-GLI-01102-000,2,479,target_rescue,3.245379156101302e-20,2.1904193470188725e-22,0,0.9984753608703614
G2A,BraTS-GLI-01102-000,2,479,random_rescue,6.513116157513821e-10,1.629500701039177e-11,0,0.8106799511092925
G2A,BraTS-GLI-01102-000,2,479,dead_rescue,9.196187602356076e-05,6.420503723347792e-06,0,0.594578529483535
G2A,BraTS-GLI-01102-000,2,479,shuffled_rescue,1.4577402082776601e-24,5.039536589089359e-27,0,0.9432155886836286
G2A,BraTS-GLI-00650-000,1,143,baseline,3.19190673891967e-10,5.805163988403805e-11,0,1.5961864471435547
G2A,BraTS-GLI-00650-000,1,143,target_rescue,5.53032178775967e-17,6.444817993451116e-19,0,1.889237121265814
G2A,BraTS-GLI-00650-000,1,143,random_rescue,3.9922363725963805e-07,9.498955400033537e-09,0,1.3402237514450726
G2A,BraTS-GLI-00650-000,1,143,dead_rescue,7.079351689753821e-06,2.0907286568672134e-07,0,1.8371538438119448
G2A,BraTS-GLI-00650-000,1,143,shuffled_rescue,3.2760130711509287e-21,4.1692627282694866e-23,0,1.8452365181405963
G2A,BraTS-GLI-00656-000,5,44,baseline,2.4467842649755767e-06,4.1499990288684785e-07,0,2.308703848397433
G2A,BraTS-GLI-00656-000,5,44,target_rescue,2.1336249157307574e-18,5.104146080974587e-20,0,1.7456611440744543
G2A,BraTS-GLI-00656-000,5,44,random_rescue,0.0008542951545678079,9.12979303393513e-05,0,1.4241032581402433
G2A,BraTS-GLI-00656-000,5,44,dead_rescue,2.8266599656490143e-06,1.8723990535818302e-07,0,1.2398100447552336
G2A,BraTS-GLI-00656-000,5,44,shuffled_rescue,1.682185383713837e-19,4.735101308609258e-21,0,1.6764906806619129
G2A,BraTS-GLI-00656-000,7,9,baseline,5.812397785298629e-10,4.3480019584762886e-10,0,0.29315808237941354
G2A,BraTS-GLI-00656-000,7,9,target_rescue,1.1374341400354357e-18,4.764320445927799e-19,0,0.32569588670956084
G2A,BraTS-GLI-00656-000,7,9,random_rescue,8.88698351020345e-11,5.826836235733879e-11,0,0.42458752805310596
G2A,BraTS-GLI-00656-000,7,9,dead_rescue,1.0061118604909325e-09,7.843734550760928e-10,0,0.569430410861969
G2A,BraTS-GLI-00656-000,7,9,shuffled_rescue,7.545073673674743e-19,3.590657656218919e-19,0,0.3077916625515855
G2A,BraTS-GLI-00331-000,1,8,baseline,3.614777313032391e-07,1.5680086562497308e-07,0,0.48557079139313636
G2A,BraTS-GLI-00331-000,1,8,target_rescue,3.7542842042934875e-25,6.809783832347657e-26,0,0.7096426333659465
G2A,BraTS-GLI-00331-000,1,8,random_rescue,0.02231237292289734,0.006616770755499601,0,0.46753499540602145
G2A,BraTS-GLI-00331-000,1,8,dead_rescue,3.5926655073126312e-06,1.74757019522076e-06,0,0.7682956483473458
G2A,BraTS-GLI-00331-000,1,8,shuffled_rescue,5.13680244536833e-26,1.4278385465988225e-26,0,0.7204577516190079
G2A,BraTS-GLI-01457-000,5,22,baseline,1.1772422112699132e-05,1.1355360811649007e-06,0,1.0995604501569078
G2A,BraTS-GLI-01457-000,5,22,target_rescue,1.3975420647127645e-11,6.853640376579262e-13,0,1.4438168723356835
G2A,BraTS-GLI-01457-000,5,22,random_rescue,0.024918723851442337,0.002118070609867573,0,1.206898135430047
G2A,BraTS-GLI-01457-000,5,22,dead_rescue,1.5187477401923388e-05,9.516268733023026e-07,0,1.5147677419273249
G2A,BraTS-GLI-01457-000,5,22,shuffled_rescue,1.12430782728528e-13,8.64137845887859e-15,0,1.2283827350049363
G2A,BraTS-GLI-00012-000,4,5,baseline,6.7158705263636875e-09,4.91980900463318e-09,0,0.861125127511559
G2A,BraTS-GLI-00012-000,4,5,target_rescue,1.9746223837620028e-24,5.67455900206642e-25,0,0.7037758058652968
G2A,BraTS-GLI-00012-000,4,5,random_rescue,1.925367934272411e-15,4.4116001109977964e-16,0,0.6284606012399323
G2A,BraTS-GLI-00012-000,4,5,dead_rescue,2.401126586448754e-08,8.56635740120737e-09,0,0.5922626988631172
G2A,BraTS-GLI-00012-000,4,5,shuffled_rescue,1.1818883687115821e-24,3.320408980788701e-25,0,0.7035836600962517
G2A,BraTS-GLI-00012-000,6,6,baseline,9.74305969236866e-09,2.518057096168036e-09,0,0.8056102798775407
G2A,BraTS-GLI-00012-000,6,6,target_rescue,2.699291479358699e-21,5.153269078107069e-22,0,0.8616440024990628
G2A,BraTS-GLI-00012-000,6,6,random_rescue,0.06903661042451859,0.037795696407556534,0,0.5328126813984627
G2A,BraTS-GLI-00012-000,6,6,dead_rescue,1.3932648812442494e-07,6.279351083549045e-08,0,0.6880693940543788
G2A,BraTS-GLI-00012-000,6,6,shuffled_rescue,3.4272524236708445e-21,6.484067580230818e-22,0,0.8675930421048353
G2A,BraTS-GLI-00012-000,9,5,baseline,8.321641153941073e-09,3.5096596739947472e-09,0,0.8180923782961644
G2A,BraTS-GLI-00012-000,9,5,target_rescue,1.8987130105619465e-26,4.5483724531621156e-27,0,0.8495424269820843
G2A,BraTS-GLI-00012-000,9,5,random_rescue,7.7657623387406e-11,1.5914918688464397e-11,0,0.5831602576280868
G2A,BraTS-GLI-00012-000,9,5,dead_rescue,2.39738255913835e-06,5.428915414995572e-07,0,0.5931425464139766
G2A,BraTS-GLI-00012-000,9,5,shuffled_rescue,8.676713144000183e-26,1.8073673858948243e-26,0,0.8494587207945066
G2A,BraTS-GLI-00012-000,28,20,baseline,1.0378299748481368e-06,2.2002772936957626e-07,0,0.7374389073949595
G2A,BraTS-GLI-00012-000,28,20,target_rescue,1.0914378269194617e-26,9.375401932187787e-28,0,0.7771701943560938
G2A,BraTS-GLI-00012-000,28,20,random_rescue,8.85310655576177e-05,5.248257821222069e-06,0,0.8352105906452573
G2A,BraTS-GLI-00012-000,28,20,dead_rescue,6.062577995180618e-07,9.809300394181264e-08,0,0.7359548840533419
G2A,BraTS-GLI-00012-000,28,20,shuffled_rescue,6.903067366243421e-28,9.195408491815866e-29,0,0.7739486802553632
G2A,BraTS-GLI-00012-000,30,44,baseline,0.0001299684663536027,1.6022495401557535e-05,0,2.2458920112262977
G2A,BraTS-GLI-00012-000,30,44,target_rescue,2.6509092230370124e-12,1.5355109490768765e-13,0,3.3638353646287213
G2A,BraTS-GLI-00012-000,30,44,random_rescue,2.0792605937458575e-05,1.2444731964933453e-06,0,1.456603176731412
G2A,BraTS-GLI-00012-000,30,44,dead_rescue,6.626672075071838e-06,6.767696163478831e-07,0,1.8301840169067756
G2A,BraTS-GLI-00012-000,30,44,shuffled_rescue,1.916253648001718e-14,8.10061494353867e-16,0,1.5597974276856366
G2A,BraTS-GLI-00012-000,32,12,baseline,0.00020769963157363236,3.7095021980348974e-05,0,2.898717059917821
G2A,BraTS-GLI-00012-000,32,12,target_rescue,3.589932306502855e-15,4.3903721418506235e-16,0,2.3423530817254217
G2A,BraTS-GLI-00012-000,32,12,random_rescue,5.988542284285359e-07,6.58564829336683e-08,0,2.5814650126408343
G2A,BraTS-GLI-00012-000,32,12,dead_rescue,2.2733775040251203e-05,4.858343800151488e-06,0,2.709683116541369
G2A,BraTS-GLI-00012-000,32,12,shuffled_rescue,1.368955723459985e-16,2.547557467985715e-17,0,2.1995882233388575
G2A,BraTS-GLI-00160-000,5,349,baseline,0.00018064890173263848,1.6966902194326394e-06,0,1.245618532166568
G2A,BraTS-GLI-00160-000,5,349,target_rescue,4.40462777362427e-09,1.4496679898168274e-11,0,1.3143215991255992
G2A,BraTS-GLI-00160-000,5,349,random_rescue,5.870698960058936e-15,6.566235141317799e-17,0,1.4187278747558594
G2A,BraTS-GLI-00160-000,5,349,dead_rescue,2.313395981445865e-07,5.613856490782609e-09,0,1.1210470637592536
G2A,BraTS-GLI-00160-000,5,349,shuffled_rescue,1.571354775601992e-16,3.222070938348965e-18,0,1.1794360661739645
G2A,BraTS-GLI-00160-000,7,13,baseline,0.003743712790310383,0.0005241293110884726,0,3.4485268541371896
G2A,BraTS-GLI-00160-000,7,13,target_rescue,1.1324373438981183e-08,1.2197739485131365e-09,0,3.452033508570578
G2A,BraTS-GLI-00160-000,7,13,random_rescue,2.182360248070836e-07,1.7984048028552024e-08,0,3.24114025675218
G2A,BraTS-GLI-00160-000,7,13,dead_rescue,0.00025240611284971237,2.117709482263308e-05,0,4.64378416379921
G2A,BraTS-GLI-00160-000,7,13,shuffled_rescue,1.3616216487655208e-10,2.1571938679798563e-11,0,3.03476692302652
G2A,BraTS-GLI-00602-000,2,73,baseline,1.364589508057179e-08,4.6109209783651295e-09,0,0.5613372603893441
G2A,BraTS-GLI-00602-000,2,73,target_rescue,1.725168911572531e-25,6.358177681180545e-27,0,0.7698490071553001
G2A,BraTS-GLI-00602-000,2,73,random_rescue,7.199942465146991e-12,2.104598179758499e-12,0,0.5891845633043012
G2A,BraTS-GLI-00602-000,2,73,dead_rescue,6.559858320542844e-06,1.155224026661017e-06,0,0.40292842618705216
G2A,BraTS-GLI-00602-000,2,73,shuffled_rescue,1.1795901056643943e-26,3.672182662025295e-28,0,0.7347198545532516
G2A,BraTS-GLI-00290-000,8,6,baseline,3.407262454402371e-07,1.062655670125423e-07,0,0.5243321393206478
G2A,BraTS-GLI-00290-000,8,6,target_rescue,2.8815540728197065e-24,4.802620196688189e-25,0,0.47502013854694053
G2A,BraTS-GLI-00290-000,8,6,random_rescue,8.312435739732393e-10,1.5999913893782747e-10,0,0.5137402177730903
G2A,BraTS-GLI-00290-000,8,6,dead_rescue,0.00015392742352560163,2.7024487280868925e-05,0,0.3784299526824878
G2A,BraTS-GLI-00290-000,8,6,shuffled_rescue,2.2308645895236046e-26,3.718201506191964e-27,0,0.4845063682268695
G2A,BraTS-GLI-00414-000,9,11,baseline,0.0005746210226789117,9.57006195676513e-05,0,3.3900607071171014
G2A,BraTS-GLI-00414-000,9,11,target_rescue,1.9200188035028987e-06,1.7612636327157816e-07,0,1.003520521874287
G2A,BraTS-GLI-00414-000,9,11,random_rescue,1.633236388443038e-05,1.8488143496142584e-06,0,1.2599938673544862
G2A,BraTS-GLI-00414-000,9,11,dead_rescue,1.670057827141136e-05,1.855498453551263e-06,0,1.199170768652438
G2A,BraTS-GLI-00414-000,9,11,shuffled_rescue,8.935436568435762e-08,8.130040640708103e-09,0,0.949847540168002
G2A,BraTS-GLI-00414-000,12,7,baseline,1.1167388436206238e-07,4.286691179800073e-08,0,1.17944747458593
G2A,BraTS-GLI-00414-000,12,7,target_rescue,1.2475746861629433e-18,1.7928625374143443e-19,0,0.8087143053334727
G2A,BraTS-GLI-00414-000,12,7,random_rescue,3.4006960586961906e-22,6.905401218935237e-23,0,0.7504132586896615
G2A,BraTS-GLI-00414-000,12,7,dead_rescue,6.585706273654068e-07,1.7381262296112254e-07,0,1.2263548721187252
G2A,BraTS-GLI-00414-000,12,7,shuffled_rescue,4.714567600034266e-19,6.750282998216849e-20,0,0.7934261394786715
G2A,BraTS-GLI-00414-000,15,23,baseline,0.00046575284795835614,3.538468081387691e-05,0,0.5790097021859202
G2A,BraTS-GLI-00414-000,15,23,target_rescue,1.705910968041735e-08,9.030248770969251e-10,0,0.5720572376213263
G2A,BraTS-GLI-00414-000,15,23,random_rescue,0.0003098370798397809,3.068518344662152e-05,0,0.7052895296453561
G2A,BraTS-GLI-00414-000,15,23,dead_rescue,2.1208177436449205e-09,2.6822197241038737e-10,0,0.6921168594342725
G2A,BraTS-GLI-00414-000,15,23,shuffled_rescue,9.175944032380201e-11,9.144148112316675e-12,0,0.5704350208881053
G2A,BraTS-GLI-00414-000,16,11,baseline,0.0004320042207837105,5.220587263465859e-05,0,0.5921522974872332
G2A,BraTS-GLI-00414-000,16,11,target_rescue,4.1956388940889155e-07,3.844785467777001e-08,0,0.6979297732872397
G2A,BraTS-GLI-00414-000,16,11,random_rescue,0.0007351706153713167,7.709531200816855e-05,0,0.6787262834310883
G2A,BraTS-GLI-00414-000,16,11,dead_rescue,5.733691068599001e-07,1.8801523538058973e-07,0,0.6376628540532311
G2A,BraTS-GLI-00414-000,16,11,shuffled_rescue,2.2531430943217856e-08,2.101113949493083e-09,0,0.6709272752909233
G2A,BraTS-GLI-00414-000,22,5,baseline,4.9220630899071693e-05,1.0636560546117835e-05,0,0.6391026764875465
G2A,BraTS-GLI-00414-000,22,5,target_rescue,3.8049900036307704e-11,7.623527677191877e-12,0,0.7927165937576021
G2A,BraTS-GLI-00414-000,22,5,random_rescue,2.4000710747702596e-14,5.223938906369916e-15,0,0.6271061011007875
G2A,BraTS-GLI-00414-000,22,5,dead_rescue,2.1150540874259605e-08,5.339950259752868e-09,0,0.6955645793890717
G2A,BraTS-GLI-00414-000,22,5,shuffled_rescue,4.5088585642893975e-12,9.495941359627391e-13,0,0.8037621726341151
G2A,BraTS-GLI-00414-000,25,12,baseline,1.0763716318251682e-06,1.4531146064200584e-07,0,0.9754878894469601
G2A,BraTS-GLI-00414-000,25,12,target_rescue,1.0070904526982005e-10,8.854958433168747e-12,0,0.8105285983810089
G2A,BraTS-GLI-00414-000,25,12,random_rescue,0.0008659752202220261,0.00022626633290201426,0,0.7473360538482666
G2A,BraTS-GLI-00414-000,25,12,dead_rescue,5.546627562580397e-06,1.030229896059609e-06,0,0.4720411671623667
G2A,BraTS-GLI-00414-000,25,12,shuffled_rescue,6.826253538122495e-12,8.120961043391051e-13,0,0.7324804013960409
G2A,BraTS-GLI-00414-000,32,8,baseline,0.004084235522896051,0.0005767334951087832,0,3.3614016338068335
G2A,BraTS-GLI-00414-000,32,8,target_rescue,4.259071829437744e-06,8.885940019354166e-07,0,2.318185929850936
G2A,BraTS-GLI-00414-000,32,8,random_rescue,1.6387374444093439e-06,2.761548500984645e-07,0,1.8173956051241784
G2A,BraTS-GLI-00414-000,32,8,dead_rescue,1.6483205911299592e-07,7.505751398184657e-08,0,1.6565717919309164
G2A,BraTS-GLI-00414-000,32,8,shuffled_rescue,6.593701982637867e-06,1.3863875665265368e-06,0,2.3140490402980416
G2A,BraTS-GLI-00414-000,58,13,baseline,3.9161577660706826e-06,6.97439077157469e-07,0,3.8377739537032545
G2A,BraTS-GLI-00414-000,58,13,target_rescue,2.8932538483750605e-15,3.1444610565202285e-16,0,3.3839462310252473
G2A,BraTS-GLI-00414-000,58,13,random_rescue,0.0201868936419487,0.003617859212681651,0,1.3750181198120117
G2A,BraTS-GLI-00414-000,58,13,dead_rescue,5.5280370503396625e-08,9.345781926128893e-09,0,1.3476366039420782
G2A,BraTS-GLI-00414-000,58,13,shuffled_rescue,3.176042150563013e-15,2.853872904377044e-16,0,3.0304480023034865
G2A,BraTS-GLI-00414-000,80,7,baseline,1.8145956346415915e-05,4.243287094141124e-06,0,0.3820296445711231
G2A,BraTS-GLI-00414-000,80,7,target_rescue,4.38028899176629e-13,1.0657729717202316e-13,0,0.4435525191413433
G2A,BraTS-GLI-00414-000,80,7,random_rescue,7.05697948433226e-06,2.4967562239908148e-06,0,0.3614532709121704
G2A,BraTS-GLI-00414-000,80,7,dead_rescue,1.2913311531193017e-09,5.244399359227714e-10,0,0.2840148040888535
G2A,BraTS-GLI-00414-000,80,7,shuffled_rescue,5.187026481077994e-14,1.7842196768430227e-14,0,0.44247929038045786
G2A,BraTS-GLI-00414-000,89,6,baseline,5.290700210025534e-05,1.6369511286029592e-05,0,1.135765892693076
G2A,BraTS-GLI-00414-000,89,6,target_rescue,7.044517053023114e-11,1.5449813303702875e-11,0,0.887274705390715
G2A,BraTS-GLI-00414-000,89,6,random_rescue,0.0017358118202537298,0.0004106889246031642,0,2.3373925371041766
G2A,BraTS-GLI-00414-000,89,6,dead_rescue,3.52041524820379e-08,1.1266432231593626e-08,0,0.6217185234306493
G2A,BraTS-GLI-00414-000,89,6,shuffled_rescue,5.662955521179569e-11,1.0880910755739492e-11,0,0.8761381314190304
G2A,BraTS-GLI-01518-000,1,30,baseline,1.7708484847389627e-06,3.5787149954558117e-07,0,2.143579148391408
G2A,BraTS-GLI-01518-000,1,30,target_rescue,2.0338235068747032e-18,2.1068922219412394e-19,0,1.9479692218603866
G2A,BraTS-GLI-01518-000,1,30,random_rescue,5.546726411509439e-10,4.968141870120846e-11,0,1.3461422343797347
G2A,BraTS-GLI-01518-000,1,30,dead_rescue,8.893377525964752e-06,9.383044243804761e-07,0,1.0880010282804993
G2A,BraTS-GLI-01518-000,1,30,shuffled_rescue,2.9376215685690902e-19,2.9436424094527106e-20,0,1.8068758229967963
G2A,BraTS-GLI-01518-000,4,6,baseline,2.0810369960599928e-07,1.5196535230188601e-07,0,2.028781699762458
G2A,BraTS-GLI-01518-000,4,6,target_rescue,9.260245684328584e-23,3.4846217082252056e-23,0,1.8918750382629195
G2A,BraTS-GLI-01518-000,4,6,random_rescue,1.860473060333323e-11,1.5557595142712266e-11,0,0.7964882453945392
G2A,BraTS-GLI-01518-000,4,6,dead_rescue,1.0406471773194426e-07,6.008119868283757e-08,0,0.6969424165562208
G2A,BraTS-GLI-01518-000,4,6,shuffled_rescue,7.499691159605297e-23,2.484707378699554e-23,0,1.9554791218724397
G2A,BraTS-GLI-01518-000,5,27,baseline,6.71314523970068e-07,1.5304510725400178e-07,0,1.5918468214977264
G2A,BraTS-GLI-01518-000,5,27,target_rescue,6.838887773143523e-14,3.679935486379255e-15,0,2.064129056914726
G2A,BraTS-GLI-01518-000,5,27,random_rescue,0.0009163923095911741,0.00013052848225925118,0,1.0098392303019024
G2A,BraTS-GLI-01518-000,5,27,dead_rescue,2.668341936296059e-10,6.207298564042674e-11,0,1.320998706254155
G2A,BraTS-GLI-01518-000,5,27,shuffled_rescue,4.764510565119788e-16,4.97133794521471e-17,0,1.7190877739236259
G2A,BraTS-GLI-01518-000,7,5,baseline,1.330396202092743e-07,3.5229184902618726e-08,0,0.932211113330961
G2A,BraTS-GLI-01518-000,7,5,target_rescue,2.037885700353784e-25,7.891413206209146e-26,0,1.6497206822704598
G2A,BraTS-GLI-01518-000,7,5,random_rescue,1.1535676656525967e-13,5.781460650933906e-14,0,0.5533929389620011
G2A,BraTS-GLI-01518-000,7,5,dead_rescue,1.406950377713656e-05,6.8187241595296655e-06,0,0.33476969599723816
G2A,BraTS-GLI-01518-000,7,5,shuffled_rescue,1.2512304009199636e-25,5.556936513091023e-26,0,1.626964609612269
G2A,BraTS-GLI-01518-000,13,18,baseline,4.5716053136857226e-05,9.811355994315818e-06,0,0.532419047492285
G2A,BraTS-GLI-01518-000,13,18,target_rescue,7.007071758380334e-07,9.396202216294114e-08,0,0.8372091009493238
G2A,BraTS-GLI-01518-000,13,18,random_rescue,0.001293821376748383,0.0005705448566004634,0,0.5357575991060111
G2A,BraTS-GLI-01518-000,13,18,dead_rescue,3.013997940115587e-08,8.971529297241432e-09,0,0.8559395923512402
G2A,BraTS-GLI-01518-000,13,18,shuffled_rescue,2.1926724880216852e-09,3.455095376470041e-10,0,0.805848353849235
G2A,BraTS-GLI-01518-000,14,45,baseline,3.4519375731179025e-06,3.646336779183912e-07,0,2.342716818429183
G2A,BraTS-GLI-01518-000,14,45,target_rescue,1.2117053194149463e-10,4.214051850526257e-12,0,2.6201199037391296
G2A,BraTS-GLI-01518-000,14,45,random_rescue,8.35687872662071e-15,9.9965335539383e-16,0,1.7426978770018973
G2A,BraTS-GLI-01518-000,14,45,dead_rescue,1.2853365073672851e-11,2.9751192828775253e-12,0,1.7295546351294093
G2A,BraTS-GLI-01518-000,14,45,shuffled_rescue,1.7045528400219667e-14,8.341062715671341e-16,0,1.8045454649126564
G2A,BraTS-GLI-01003-000,23,6,baseline,2.1032717256730393e-07,8.45208703026401e-08,0,0.8495842905806745
G2A,BraTS-GLI-01003-000,23,6,target_rescue,6.238919398275909e-22,1.0605866314881584e-22,0,0.6171311852476924
G2A,BraTS-GLI-01003-000,23,6,random_rescue,4.581491775041725e-14,2.2628593606115882e-14,0,0.5276775360107422
G2A,BraTS-GLI-01003-000,23,6,dead_rescue,4.111574636311843e-09,1.5453078816562993e-09,0,0.6688941173855687
G2A,BraTS-GLI-01003-000,23,6,shuffled_rescue,1.946674958822022e-22,3.381145876654279e-23,0,0.6064942906461342
G2A,BraTS-GLI-01003-000,26,29,baseline,4.413730839147867e-11,1.5593849128636705e-11,0,1.1117096900939942
G2A,BraTS-GLI-01003-000,26,29,target_rescue,1.393039735027986e-25,8.057799686708603e-27,0,1.1624307830971834
G2A,BraTS-GLI-01003-000,26,29,random_rescue,0.006416723132133484,0.0008320049964822829,0,0.8688023695172818
G2A,BraTS-GLI-01003-000,26,29,dead_rescue,9.322510595666245e-05,1.9161891032126732e-05,0,0.910241650145858
G2A,BraTS-GLI-01003-000,26,29,shuffled_rescue,1.4733981912888514e-26,1.0737727737649542e-27,0,1.140112296762673
G2A,BraTS-GLI-01084-000,2,5,baseline,9.881284495349973e-05,2.1785739590995945e-05,0,0.7853309264327498
G2A,BraTS-GLI-01084-000,2,5,target_rescue,4.251527725880993e-20,8.591275556560474e-21,0,0.6983613240411278
G2A,BraTS-GLI-01084-000,2,5,random_rescue,1.901898372125288e-08,4.9228403575796165e-09,0,0.5270858914872053
G2A,BraTS-GLI-01084-000,2,5,dead_rescue,6.119988960051614e-10,1.5513705597935967e-10,0,0.4793748407960404
G2A,BraTS-GLI-01084-000,2,5,shuffled_rescue,6.758578553473247e-22,2.278660444352681e-22,0,0.7230320881417849
G2A,BraTS-GLI-01348-000,7,13,baseline,4.602997538682985e-09,1.9205563805968495e-09,0,0.5433488243418906
G2A,BraTS-GLI-01348-000,7,13,target_rescue,1.6193557279682046e-31,1.5535170240626175e-32,0,0.543567073830631
G2A,BraTS-GLI-01348-000,7,13,random_rescue,4.044058641738957e-06,2.0257609776308527e-06,0,0.5231696756188743
G2A,BraTS-GLI-01348-000,7,13,dead_rescue,5.713541195717653e-09,2.7555888681973784e-09,0,0.5038029104672193
G2A,BraTS-GLI-01348-000,7,13,shuffled_rescue,5.708588113386815e-34,6.630231818878515e-35,0,0.5421834418449578
G2A,BraTS-GLI-00152-000,6,9,baseline,0.003954517189413309,0.00047782150795683265,0,0.5185350650975891
G2A,BraTS-GLI-00152-000,6,9,target_rescue,1.2106933511280005e-10,1.3452152586301835e-11,0,0.46476249607851067
G2A,BraTS-GLI-00152-000,6,9,random_rescue,1.0324217036838945e-09,1.1673972899473029e-10,0,0.44249064941589544
G2A,BraTS-GLI-00152-000,6,9,dead_rescue,1.2062400855938904e-06,2.5069411435652e-07,0,0.5678820806854212
G2A,BraTS-GLI-00152-000,6,9,shuffled_rescue,1.6523747973194725e-13,1.8359722040741343e-14,0,0.44494111043886814
G2A,BraTS-GLI-01215-000,1,5,baseline,3.1158693403199322e-09,1.0130328798041432e-09,0,0.4790616989135742
G2A,BraTS-GLI-01215-000,1,5,target_rescue,1.8209648708364994e-35,3.697561461104587e-36,0,1.1074859475606391
G2A,BraTS-GLI-01215-000,1,5,random_rescue,2.898235991477538e-11,1.4080653309989088e-11,0,0.4525628566741943
G2A,BraTS-GLI-01215-000,1,5,dead_rescue,1.0422378409202793e-06,3.671303545615956e-07,0,0.3005345982431623
G2A,BraTS-GLI-01215-000,1,5,shuffled_rescue,3.577877209469092e-36,8.33492685312808e-37,0,1.1137230114941628
G2A,BraTS-GLI-01215-000,6,8,baseline,1.5194195901457874e-09,5.901055755153095e-10,0,2.1708301544189452
G2A,BraTS-GLI-01215-000,6,8,target_rescue,0.0,0.0,0,1.3516005472660253
G2A,BraTS-GLI-01215-000,6,8,random_rescue,2.1176765585551038e-07,2.7132314173172745e-08,0,1.7844724388677506
G2A,BraTS-GLI-01215-000,6,8,dead_rescue,0.0035945929121226072,0.0011384953977540135,0,1.030518426271778
G2A,BraTS-GLI-01215-000,6,8,shuffled_rescue,0.0,0.0,0,1.357299428735041
G2A,BraTS-GLI-01053-000,9,7,baseline,0.0012497950810939074,0.000259971187915653,0,0.6792002651085768
G2A,BraTS-GLI-01053-000,9,7,target_rescue,6.902647342599266e-09,1.9829384800829075e-09,0,0.919899264228373
G2A,BraTS-GLI-01053-000,9,7,random_rescue,1.4486262189805643e-10,4.4549208072508506e-11,0,0.7089635440829524
G2A,BraTS-GLI-01053-000,9,7,dead_rescue,1.416411691934627e-06,4.7073379505491175e-07,0,0.7247398527436506
G2A,BraTS-GLI-01053-000,9,7,shuffled_rescue,4.53465265337627e-09,1.1749322625931313e-09,0,0.9043821388256343
G2A,BraTS-GLI-01053-000,18,5,baseline,0.001611979678273201,0.0004858258180320263,0,1.2356692811311956
G2A,BraTS-GLI-01053-000,18,5,target_rescue,6.297473760241701e-07,1.5714230983121524e-07,0,1.3142958600209247
G2A,BraTS-GLI-01053-000,18,5,random_rescue,2.5217113553549497e-12,1.4937180181986975e-12,0,1.4113909366918942
G2A,BraTS-GLI-01053-000,18,5,dead_rescue,5.537146435807827e-11,2.532089815598937e-11,0,1.0254889329274495
G2A,BraTS-GLI-01053-000,18,5,shuffled_rescue,3.0472651246782334e-07,9.86720323226109e-08,0,1.2937798980817816
G2A,BraTS-GLI-01053-000,37,154,baseline,9.723215771373361e-05,3.4231438803544734e-06,0,0.8436161154940182
G2A,BraTS-GLI-01053-000,37,154,target_rescue,1.4645264627688448e-06,2.0808736067579048e-08,0,1.4999396398423221
G2A,BraTS-GLI-01053-000,37,154,random_rescue,6.387865596479969e-07,1.693503648425576e-08,0,0.5131115155430217
G2A,BraTS-GLI-01053-000,37,154,dead_rescue,0.00014706641377415508,6.2218232415034436e-06,0,0.39538877389367233
G2A,BraTS-GLI-01053-000,37,154,shuffled_rescue,1.358887030677991e-10,3.744728485632898e-12,0,1.3057358023570698
G2A,BraTS-GLI-01053-000,42,6,baseline,9.483147550781723e-06,4.712740064860554e-06,0,0.812972591309294
G2A,BraTS-GLI-01053-000,42,6,target_rescue,1.0449528353717596e-08,3.3962626044825583e-09,0,1.1207234859466553
G2A,BraTS-GLI-01053-000,42,6,random_rescue,2.1340270892902195e-15,9.281572101402257e-16,0,0.7678038913102668
G2A,BraTS-GLI-01053-000,42,6,dead_rescue,2.1431859065224046e-10,1.2478058863951702e-10,0,0.9851652919143183
G2A,BraTS-GLI-01053-000,42,6,shuffled_rescue,5.27984989062702e-09,2.002031651571201e-09,0,1.102288842201233
G2A,BraTS-GLI-01053-000,50,8,baseline,8.31117503707901e-08,2.063045734246316e-08,0,1.2243008560256816
G2A,BraTS-GLI-01053-000,50,8,target_rescue,3.5298759078206396e-19,5.54397319918809e-20,0,1.263016007275075
G2A,BraTS-GLI-01053-000,50,8,random_rescue,0.003453705692663789,0.001251912908628583,0,1.0117749238781948
G2A,BraTS-GLI-01053-000,50,8,dead_rescue,5.829751899000257e-06,2.2908525352249853e-06,0,0.38824201692526167
G2A,BraTS-GLI-01053-000,50,8,shuffled_rescue,8.653336074486972e-20,1.9587231392885088e-20,0,1.2440670285678794
G2A,BraTS-GLI-01053-000,59,53,baseline,4.437772531673545e-06,9.980196864489699e-07,0,2.3072400012548715
G2A,BraTS-GLI-01053-000,59,53,target_rescue,3.042933189376878e-18,6.394199192853816e-20,0,1.5241755281476668
G2A,BraTS-GLI-01053-000,59,53,random_rescue,0.001586658414453268,8.690184768056497e-05,0,1.3635419236949937
G2A,BraTS-GLI-01053-000,59,53,dead_rescue,0.00012041586160194129,7.861644007789437e-06,0,0.6772822333728179
G2A,BraTS-GLI-01053-000,59,53,shuffled_rescue,9.554680860656194e-21,2.591680703979868e-22,0,1.3493072538088862
G2A,BraTS-GLI-01053-000,63,27,baseline,3.184279364631948e-07,1.0737890221435009e-07,0,0.4967041969299316
G2A,BraTS-GLI-01053-000,63,27,target_rescue,1.208962574589069e-29,8.220826325244032e-31,0,0.5112989484487435
G2A,BraTS-GLI-01053-000,63,27,random_rescue,3.9768653437022294e-07,1.0857262111585442e-07,0,0.3875867703952378
G2A,BraTS-GLI-01053-000,63,27,dead_rescue,7.479871419491246e-05,2.109656088578049e-05,0,0.2389163557846526
G2A,BraTS-GLI-01053-000,63,27,shuffled_rescue,2.2647553764637327e-30,1.7892475755038481e-31,0,0.46557178055775655
G2A,BraTS-GLI-01053-000,66,8,baseline,2.0185169091746502e-07,1.1461813187452208e-07,0,0.5271130084991456
G2A,BraTS-GLI-01053-000,66,8,target_rescue,2.2700068081384606e-29,2.9649292766157697e-30,0,0.5488563901353005
G2A,BraTS-GLI-01053-000,66,8,random_rescue,2.1042453226982616e-05,6.947572728677187e-06,0,0.39701357754061123
G2A,BraTS-GLI-01053-000,66,8,dead_rescue,6.323022535070777e-05,2.724151090660598e-05,0,0.3007585285475365
G2A,BraTS-GLI-01053-000,66,8,shuffled_rescue,6.727041582298181e-30,8.989266730681655e-31,0,0.5376125194815335
G2A,BraTS-GLI-01053-000,69,15,baseline,4.958278623234946e-06,1.2604343737621093e-06,0,1.4209907085143834
G2A,BraTS-GLI-01053-000,69,15,target_rescue,1.0745472674362263e-15,1.1254419567560502e-16,0,2.0231708921844715
G2A,BraTS-GLI-01053-000,69,15,random_rescue,2.375175522841694e-13,5.6299413644499835e-14,0,0.6763264656066894
G2A,BraTS-GLI-01053-000,69,15,dead_rescue,1.0985932163976031e-07,3.659594227656271e-08,0,0.9686484985260553
G2A,BraTS-GLI-01053-000,69,15,shuffled_rescue,2.1141905305775894e-16,2.4428327628418065e-17,0,1.6182313919067384
G2A,BraTS-GLI-00753-000,1,586,baseline,1.2148635164521693e-07,1.8325211570413558e-08,0,0.6770573111179431
G2A,BraTS-GLI-00753-000,1,586,target_rescue,2.0251606343954705e-25,5.712692245483452e-27,0,0.7117709522500656
G2A,BraTS-GLI-00753-000,1,586,random_rescue,9.555260476190597e-07,3.015441052411916e-08,0,1.295520019414951
G2A,BraTS-GLI-00753-000,1,586,dead_rescue,0.00013566391135100275,7.624896625202382e-06,0,0.8519709416807096
G2A,BraTS-GLI-00753-000,1,586,shuffled_rescue,1.5112704480872597e-26,3.6251249712466234e-28,0,0.6514519762129448
G2A,BraTS-GLI-01462-000,15,287,baseline,5.662986495735822e-06,3.4955286309923395e-07,0,1.6925611127766453
G2A,BraTS-GLI-01462-000,15,287,target_rescue,1.9244343716156388e-16,2.085259665314782e-18,0,1.2444257571994057
G2A,BraTS-GLI-01462-000,15,287,random_rescue,0.00043004538747482,7.337050192290917e-06,0,1.1753237487855077
G2A,BraTS-GLI-01462-000,15,287,dead_rescue,3.3573094242456136e-06,2.0307291492827062e-07,0,1.5847274742164847
G2A,BraTS-GLI-01462-000,15,287,shuffled_rescue,6.094593134216191e-18,4.950334107892339e-20,0,1.0282442092895507
G2A,BraTS-GLI-00485-001,4,81,baseline,0.0008641073945909739,3.519414531183429e-05,0,2.4038706488340202
G2A,BraTS-GLI-00485-001,4,81,target_rescue,1.781376704457216e-05,2.655451964983513e-07,0,2.656190697952531
G2A,BraTS-GLI-00485-001,4,81,random_rescue,7.681894009792245e-11,2.9513010958714947e-12,0,0.9293103277631434
G2A,BraTS-GLI-00485-001,4,81,dead_rescue,2.4345104066014756e-07,2.2528915621933265e-08,0,1.3263613948684045
G2A,BraTS-GLI-00485-001,4,81,shuffled_rescue,4.284730393839392e-14,1.5786020689080387e-15,0,1.7695221754023656
G2A,BraTS-GLI-01272-000,5,5,baseline,0.005684546194970608,0.0013589079026132822,0,1.567478077164218
G2A,BraTS-GLI-01272-000,5,5,target_rescue,6.800820757241199e-12,1.3601689219377988e-12,0,1.1101516666209665
G2A,BraTS-GLI-01272-000,5,5,random_rescue,0.999757707118988,0.9644495248794556,1,0.8703422586488039
G2A,BraTS-GLI-01272-000,5,5,dead_rescue,0.9948004484176636,0.5024943351745605,1,1.0995145084850444
G2A,BraTS-GLI-01272-000,5,5,shuffled_rescue,6.685239167802948e-12,1.3370543821417114e-12,0,1.1078072225993059
G2A,BraTS-GLI-01196-000,2,85,baseline,6.062653483240865e-05,2.929813490482047e-06,0,2.6858248892748136
G2A,BraTS-GLI-01196-000,2,85,target_rescue,3.882528076815106e-09,4.588870949895352e-11,0,1.5275878598178627
G2A,BraTS-GLI-01196-000,2,85,random_rescue,2.51431071518482e-08,3.546916926833177e-10,0,1.238139651908844
G2A,BraTS-GLI-01196-000,2,85,dead_rescue,6.6484235894392896e-09,2.413841349024892e-10,0,0.6296789412805799
G2A,BraTS-GLI-01196-000,2,85,shuffled_rescue,1.382958199646155e-18,5.333140370684809e-20,0,1.071783405392955
G2A,BraTS-GLI-00999-000,79,5,baseline,1.9520687146723503e-06,9.334597734778072e-07,0,1.4989995606775972
G2A,BraTS-GLI-00999-000,79,5,target_rescue,1.1966354047770676e-19,3.9521956191224875e-20,0,1.6083417892456056
G2A,BraTS-GLI-00999-000,79,5,random_rescue,1.7246582501684316e-05,3.790100890910253e-06,0,1.2170048733084795
G2A,BraTS-GLI-00999-000,79,5,dead_rescue,9.3473368906416e-05,4.880303458776325e-05,0,1.255621781173945
G2A,BraTS-GLI-00999-000,79,5,shuffled_rescue,1.1474702448593592e-19,2.945235055249302e-20,0,1.595175075531006
G2A,BraTS-GLI-00999-000,88,14,baseline,1.8910996857357532e-07,4.939117204116883e-08,0,1.0816754735514684
G2A,BraTS-GLI-00999-000,88,14,target_rescue,3.367174392716346e-21,7.166739982108902e-22,0,0.9984062656461717
G2A,BraTS-GLI-00999-000,88,14,random_rescue,5.7087831351054774e-08,6.069842850564555e-09,0,0.49008518787153205
G2A,BraTS-GLI-00999-000,88,14,dead_rescue,1.2109127283110865e-06,1.8806069590482366e-07,0,0.4355631001913282
G2A,BraTS-GLI-00999-000,88,14,shuffled_rescue,1.7482337038305363e-21,2.83384484601138e-22,0,0.9860080735441455
G2A,BraTS-GLI-00397-000,3,10,baseline,0.00011788525443989784,3.676778942462988e-05,0,1.0908189558097028
G2A,BraTS-GLI-00397-000,3,10,target_rescue,7.362975793512305e-07,1.3498680573320598e-07,0,1.051992194719273
G2A,BraTS-GLI-00397-000,3,10,random_rescue,1.5258752605581936e-17,2.555225845854388e-18,0,1.326875235327046
G2A,BraTS-GLI-00397-000,3,10,dead_rescue,9.096533307151582e-15,2.3494961774457156e-15,0,1.1383547111957177
G2A,BraTS-GLI-00397-000,3,10,shuffled_rescue,2.505376244243962e-07,4.575659318106773e-08,0,1.0255779218205254
G2A,BraTS-GLI-00613-001,1,26,baseline,4.557612101052655e-07,6.475656277871167e-08,0,3.1205448135237277
G2A,BraTS-GLI-00613-001,1,26,target_rescue,2.8225312712071293e-11,2.1023135489406375e-12,0,3.4246618417860346
G2A,BraTS-GLI-00613-001,1,26,random_rescue,1.6663508001492602e-21,1.200811138121135e-22,0,2.49170878928577
G2A,BraTS-GLI-00613-001,1,26,dead_rescue,0.01876979134976864,0.003449799958616495,0,2.170956947343653
G2A,BraTS-GLI-00613-001,1,26,shuffled_rescue,3.4942116474562246e-12,2.1688004853397808e-13,0,2.5053278163634407
G2A,BraTS-GLI-00613-001,2,15,baseline,4.170546219484095e-07,2.0315023618877603e-07,0,1.723723793029785
G2A,BraTS-GLI-00613-001,2,15,target_rescue,2.1262685723611246e-21,2.608272278973966e-22,0,1.6896146724855354
G2A,BraTS-GLI-00613-001,2,15,random_rescue,1.1013978564733407e-06,1.3625789563320723e-07,0,1.3850403382069485
G2A,BraTS-GLI-00613-001,2,15,dead_rescue,1.8541560393714462e-06,8.098805892586824e-07,0,1.470897331076216
G2A,BraTS-GLI-00613-001,2,15,shuffled_rescue,1.9792775071839754e-22,3.3568890349074573e-23,0,1.6474791830339732
G2A,BraTS-GLI-00613-001,3,21,baseline,3.186943615673954e-07,1.3993334846418293e-07,0,3.092701881711816
G2A,BraTS-GLI-00613-001,3,21,target_rescue,7.929461919388721e-19,6.935484213723497e-20,0,2.954611878386975
G2A,BraTS-GLI-00613-001,3,21,random_rescue,3.824338818958495e-06,1.4045074294699589e-06,0,2.6520645257639224
G2A,BraTS-GLI-00613-001,3,21,dead_rescue,6.715670315315947e-05,1.7373196897096932e-05,0,1.9019623074313687
G2A,BraTS-GLI-00613-001,3,21,shuffled_rescue,9.940760626099357e-20,7.876541424113507e-21,0,2.902469156178975
G2A,BraTS-GLI-01261-000,23,5,baseline,0.0022668433375656605,0.000462016963865608,0,1.0812838831706402
G2A,BraTS-GLI-01261-000,23,5,target_rescue,1.4982847460487392e-06,3.035410429674812e-07,0,0.9375004763257857
G2A,BraTS-GLI-01261-000,23,5,random_rescue,2.1470737010531593e-07,4.351915450229171e-08,0,1.1768862394872757
G2A,BraTS-GLI-01261-000,23,5,dead_rescue,2.6130235128429824e-12,5.318139591897753e-13,0,1.1483794053395588
G2A,BraTS-GLI-01261-000,23,5,shuffled_rescue,1.5719416524007102e-07,3.307240348249252e-08,0,0.9019549734752216
G2A,BraTS-GLI-01261-000,25,6,baseline,0.003155068028718233,0.000830439617857337,0,1.6701867177386969
G2A,BraTS-GLI-01261-000,25,6,target_rescue,8.546147682864103e-07,1.6029905225423136e-07,0,1.6741804940017069
G2A,BraTS-GLI-01261-000,25,6,random_rescue,1.5123345065148897e-06,3.05308589076958e-07,0,2.145705223083496
G2A,BraTS-GLI-01261-000,25,6,dead_rescue,4.328724878543966e-11,8.52686758007204e-12,0,1.2637059688568115
G2A,BraTS-GLI-01261-000,25,6,shuffled_rescue,1.3509604457340174e-07,3.1046429427306066e-08,0,1.6435604151879564
G2A,BraTS-GLI-01261-000,30,6,baseline,0.004227520432323217,0.001422575325705111,0,2.1892099779861978
G2A,BraTS-GLI-01261-000,30,6,target_rescue,4.002105015388224e-06,7.237884460664645e-07,0,2.018101475248907
G2A,BraTS-GLI-01261-000,30,6,random_rescue,9.064223980767561e-13,3.8072374571561374e-13,0,2.1992630419118844
G2A,BraTS-GLI-01261-000,30,6,dead_rescue,1.1667973011386668e-11,4.743212333319091e-12,0,1.7284196217854817
G2A,BraTS-GLI-01261-000,30,6,shuffled_rescue,1.2727597322736983e-06,2.3513904068295233e-07,0,2.0628576070532114
G2A,BraTS-GLI-00151-000,4,37,baseline,7.746954793219629e-07,1.2119332382098946e-07,0,0.5069963262478225
G2A,BraTS-GLI-00151-000,4,37,target_rescue,6.517977424381455e-17,2.7972528960279628e-18,0,0.7144901833467948
G2A,BraTS-GLI-00151-000,4,37,random_rescue,1.8261380245015698e-15,1.1418930571274028e-16,0,0.576671961197399
G2A,BraTS-GLI-00151-000,4,37,dead_rescue,6.086706694219401e-10,7.332268819881804e-11,0,0.603449006155611
G2A,BraTS-GLI-00151-000,4,37,shuffled_rescue,5.865202715465435e-19,4.534867781835949e-20,0,0.7005329290001354
G2A,BraTS-GLI-00151-000,7,9,baseline,1.0031637032170693e-07,4.0894814645753286e-08,0,1.1811081221345026
G2A,BraTS-GLI-00151-000,7,9,target_rescue,3.350661541244315e-19,3.725688041128753e-20,0,0.934665285444808
G2A,BraTS-GLI-00151-000,7,9,random_rescue,1.5022619948013016e-07,4.234034634009731e-08,0,1.0006161764189114
G2A,BraTS-GLI-00151-000,7,9,dead_rescue,1.65188414058548e-08,7.1658732281321136e-09,0,1.1010864254304822
G2A,BraTS-GLI-00151-000,7,9,shuffled_rescue,6.4804774426967214e-21,7.251315968568182e-22,0,0.8640178226085025
G2A,BraTS-GLI-00532-000,5,9,baseline,0.003708623116835952,0.001045598415657878,0,4.424182786792168
G2A,BraTS-GLI-00532-000,5,9,target_rescue,1.3013035093933922e-08,2.0219423912948287e-09,0,20.00066925093057
G2A,BraTS-GLI-00532-000,5,9,random_rescue,0.0007447968819178641,0.00015264219837263227,0,2.699814251687512
G2A,BraTS-GLI-00532-000,5,9,dead_rescue,0.004043623339384794,0.0011130592320114374,0,21.38314059943112
G2A,BraTS-GLI-00532-000,5,9,shuffled_rescue,1.6366863420103073e-08,2.174934898846459e-09,0,3.769806067846257
G2A,BraTS-GLI-00532-000,11,6,baseline,8.712894668860827e-06,6.015167400619248e-06,0,0.47038970395555235
G2A,BraTS-GLI-00532-000,11,6,target_rescue,9.077221167712421e-16,1.963653585260289e-16,0,0.5791822732156959
G2A,BraTS-GLI-00532-000,11,6,random_rescue,2.6924895792035386e-05,9.900038094201591e-06,0,0.4442915957112353
G2A,BraTS-GLI-00532-000,11,6,dead_rescue,2.8301536461605714e-11,8.185717728648179e-12,0,0.43110797541764506
G2A,BraTS-GLI-00532-000,11,6,shuffled_rescue,1.0150654904460363e-16,5.3947488705956986e-17,0,0.5812032988954903
G2A,BraTS-GLI-00532-000,22,65,baseline,0.0021392288617789745,6.316550570772961e-05,0,3.7106504577927493
G2A,BraTS-GLI-00532-000,22,65,target_rescue,1.501512336687938e-08,2.7076596520458907e-10,0,3.6453003374009305
G2A,BraTS-GLI-00532-000,22,65,random_rescue,0.9837532043457031,0.02005126141011715,1,4.362762426518216
G2A,BraTS-GLI-00532-000,22,65,dead_rescue,0.0026348987594246864,4.275321771274321e-05,0,1.4172641426651915
G2A,BraTS-GLI-00532-000,22,65,shuffled_rescue,5.736461110815438e-13,1.7698058865861857e-14,0,3.0676424540568727
G2A,BraTS-GLI-00532-000,26,6,baseline,0.0013629819732159376,0.0002729965199250728,0,3.1055515075446793
G2A,BraTS-GLI-00532-000,26,6,target_rescue,1.734181027945869e-11,4.34578501656846e-12,0,6.48986448472653
G2A,BraTS-GLI-00532-000,26,6,random_rescue,1.0378495517615439e-16,3.822686491610504e-17,0,3.709708242533702
G2A,BraTS-GLI-00532-000,26,6,dead_rescue,0.00023329794930759817,5.683312701876275e-05,0,3.450501142688211
G2A,BraTS-GLI-00532-000,26,6,shuffled_rescue,1.0453638822627287e-11,2.306502428287005e-12,0,6.075181022679621
G2A,BraTS-GLI-00532-000,30,8,baseline,0.0035863853991031647,0.0010309816570952535,0,4.556328763918569
G2A,BraTS-GLI-00532-000,30,8,target_rescue,1.8309251892389966e-09,2.3013255190384996e-10,0,3.103659237745542
G2A,BraTS-GLI-00532-000,30,8,random_rescue,0.2045605331659317,0.028217263519763947,0,5.205033563628306
G2A,BraTS-GLI-00532-000,30,8,dead_rescue,0.00011238746083108708,1.536239324195776e-05,0,2.4417123507392953
G2A,BraTS-GLI-00532-000,30,8,shuffled_rescue,2.1790008686295437e-10,2.852620049897947e-11,0,3.0191510539409996
G2A,BraTS-GLI-00532-000,34,6,baseline,0.0008739841287024319,0.0003751474432647228,0,4.601663850061646
G2A,BraTS-GLI-00532-000,34,6,target_rescue,5.563323952628707e-07,1.84108856160492e-07,0,2.1440643564984656
G2A,BraTS-GLI-00532-000,34,6,random_rescue,6.06710658817601e-14,3.188075820589713e-14,0,2.2314670298496093
G2A,BraTS-GLI-00532-000,34,6,dead_rescue,1.6691769744170415e-08,8.075070390134442e-09,0,1.673335255660047
G2A,BraTS-GLI-00532-000,34,6,shuffled_rescue,7.743335572740762e-07,1.8702223769651027e-07,0,2.142740383497243
G2A,BraTS-GLI-00532-000,37,27,baseline,0.0013510648859664798,0.00015467969933524728,0,4.42534057259948
G2A,BraTS-GLI-00532-000,37,27,target_rescue,7.069816732041545e-09,3.1696931190872135e-10,0,5.319207000732422
G2A,BraTS-GLI-00532-000,37,27,random_rescue,9.665924727286779e-10,1.2048168018807814e-10,0,2.7379125465720895
G2A,BraTS-GLI-00532-000,37,27,dead_rescue,5.984613380860537e-06,6.480338470282732e-07,0,2.84320268932631
G2A,BraTS-GLI-00532-000,37,27,shuffled_rescue,1.5011758502936345e-10,5.7877092875247005e-12,0,2.845723533630371
G2A,BraTS-GLI-00612-000,22,10,baseline,2.6889786113315495e-06,5.401395810622489e-07,0,1.5702689562846441
G2A,BraTS-GLI-00612-000,22,10,target_rescue,1.997585988766301e-13,2.906962187241777e-14,0,4.597775522821354
G2A,BraTS-GLI-00612-000,22,10,random_rescue,6.4355847040342695e-12,1.1479137952685736e-12,0,1.2187479553853582
G2A,BraTS-GLI-00612-000,22,10,dead_rescue,7.378883992714691e-07,1.3404186915977334e-07,0,1.4849480302522178
G2A,BraTS-GLI-00612-000,22,10,shuffled_rescue,9.643604952135412e-14,2.001386049618227e-14,0,5.4776045116172964
G2A,BraTS-GLI-00539-000,3,5,baseline,0.0030493189115077257,0.0011198316933587193,0,3.51206636428833
G2A,BraTS-GLI-00539-000,3,5,target_rescue,8.947892524702183e-07,1.9312672350224602e-07,0,3.1268849436832147
G2A,BraTS-GLI-00539-000,3,5,random_rescue,1.4917894986865576e-05,6.390146154444665e-06,0,2.3346488516707176
G2A,BraTS-GLI-00539-000,3,5,dead_rescue,4.025064015422686e-07,1.0492654212157504e-07,0,1.2501810244653915
G2A,BraTS-GLI-00539-000,3,5,shuffled_rescue,6.830017582615255e-07,1.4290444028119964e-07,0,3.178555683856031
G2A,BraTS-GLI-01119-000,3,14,baseline,5.901469535274373e-07,1.9380625815301755e-07,0,1.239732496780428
G2A,BraTS-GLI-01119-000,3,14,target_rescue,2.2339003205845004e-15,3.1106578244798815e-16,0,0.9982067108154297
G2A,BraTS-GLI-01119-000,3,14,random_rescue,2.3288353986572474e-05,4.304626145312795e-06,0,0.9361276491204316
G2A,BraTS-GLI-01119-000,3,14,dead_rescue,2.4763817663142618e-09,8.041452503881885e-10,0,1.110107310317569
G2A,BraTS-GLI-01119-000,3,14,shuffled_rescue,4.374797058835189e-16,4.1986304847207496e-17,0,0.9758431434631347
G2A,BraTS-GLI-01051-000,8,8,baseline,0.0007364109624177217,0.00010995095362886786,0,2.1759394770770033
G2A,BraTS-GLI-01051-000,8,8,target_rescue,1.5441867619661598e-12,1.9340555361662543e-13,0,2.5272948007618
G2A,BraTS-GLI-01051-000,8,8,random_rescue,0.0021825325675308704,0.0002730362175498158,0,1.8345573447805728
G2A,BraTS-GLI-01051-000,8,8,dead_rescue,2.2515787350130267e-06,3.0489471214423247e-07,0,1.50062792791867
G2A,BraTS-GLI-01051-000,8,8,shuffled_rescue,1.350646465736417e-14,1.715963178502782e-15,0,2.351386627940236
G2A,BraTS-GLI-01051-000,10,5,baseline,4.053379598190077e-06,9.112909538089298e-07,0,2.3560551159901424
G2A,BraTS-GLI-01051-000,10,5,target_rescue,6.298560086417801e-29,2.198774032196145e-29,0,2.230276870727539
G2A,BraTS-GLI-01051-000,10,5,random_rescue,9.556281383993337e-07,1.9120864180877106e-07,0,1.0760238781738005
G2A,BraTS-GLI-01051-000,10,5,dead_rescue,5.91914556480333e-07,1.1997180138223484e-07,0,0.7158032655789804
G2A,BraTS-GLI-01051-000,10,5,shuffled_rescue,9.115330130287568e-29,2.9434038497584273e-29,0,1.5567623138427735
G2A,BraTS-GLI-01051-000,21,19,baseline,1.630897168070078e-05,2.047316002062871e-06,0,1.9787327385995699
G2A,BraTS-GLI-01051-000,21,19,target_rescue,8.485055549268435e-21,8.160441180036161e-22,0,2.2434168621573725
G2A,BraTS-GLI-01051-000,21,19,random_rescue,0.9378530383110046,0.13882815837860107,1,1.5454603267039435
G2A,BraTS-GLI-01051-000,21,19,dead_rescue,0.0007007982349023223,5.49921824131161e-05,0,0.5750904909007477
G2A,BraTS-GLI-01051-000,21,19,shuffled_rescue,1.6269428939083718e-21,1.4163950852677678e-22,0,1.8353044976024009
G2A,BraTS-GLI-01051-000,117,23,baseline,1.9285784219391644e-05,1.7931309912455617e-06,0,1.5291757218535058
G2A,BraTS-GLI-01051-000,117,23,target_rescue,5.250718262961307e-12,2.771550621383928e-13,0,1.0607604638683004
G2A,BraTS-GLI-01051-000,117,23,random_rescue,3.657006857338274e-07,1.8269380674951208e-08,0,0.7276310412456205
G2A,BraTS-GLI-01051-000,117,23,dead_rescue,6.511709216283634e-05,4.190606887277681e-06,0,0.5021658232573925
G2A,BraTS-GLI-01051-000,117,23,shuffled_rescue,8.969291780645816e-13,4.1102023043762537e-14,0,0.9213170030541817
G2A,BraTS-GLI-01051-000,124,6,baseline,0.0001479478960391134,6.770629988750443e-05,0,1.001447582244873
G2A,BraTS-GLI-01051-000,124,6,target_rescue,2.192245679693422e-13,4.645801904529061e-14,0,0.8826300905660674
G2A,BraTS-GLI-01051-000,124,6,random_rescue,7.449956683558412e-06,2.8350095817586407e-06,0,0.5336405285483902
G2A,BraTS-GLI-01051-000,124,6,dead_rescue,8.037132829485927e-06,2.1090611426188843e-06,0,0.8874525765505917
G2A,BraTS-GLI-01051-000,124,6,shuffled_rescue,1.0679696059792687e-12,1.820177987282498e-13,0,0.8426686406587672
G2A,BraTS-GLI-00638-000,1,179,baseline,1.0013820883614244e-07,8.132442275154972e-09,0,0.7028645515441895
G2A,BraTS-GLI-00638-000,1,179,target_rescue,1.730625209631913e-19,1.261459723769387e-21,0,1.3608888580476872
G2A,BraTS-GLI-00638-000,1,179,random_rescue,1.040881579683628e-05,3.2762812907094485e-07,0,1.4975957946419172
G2A,BraTS-GLI-00638-000,1,179,dead_rescue,7.820988685125485e-06,2.28516142897206e-07,0,1.1830359126258687
G2A,BraTS-GLI-00638-000,1,179,shuffled_rescue,2.978839752310409e-22,8.484151703997669e-24,0,1.27794928771477
G2A,BraTS-GLI-01391-000,2,47,baseline,3.267062857048586e-05,1.955570269274176e-06,0,2.1487896704582408
G2A,BraTS-GLI-01391-000,2,47,target_rescue,1.148354523451689e-12,2.5056798202602835e-14,0,3.5301854441952387
G2A,BraTS-GLI-01391-000,2,47,random_rescue,8.667088695801795e-05,2.869386662496254e-06,0,0.7938308629610135
G2A,BraTS-GLI-01391-000,2,47,dead_rescue,0.0005511703202500939,3.69502704415936e-05,0,0.729589933230987
G2A,BraTS-GLI-01391-000,2,47,shuffled_rescue,5.67341985646925e-19,1.8481841829114348e-20,0,2.0326193202573157
G2A,BraTS-GLI-00043-000,4,41,baseline,6.107401162580572e-08,6.305395761074806e-09,0,0.307976102773164
G2A,BraTS-GLI-00043-000,4,41,target_rescue,2.0844121024549477e-20,3.0260510453821946e-21,0,0.3260771544863526
G2A,BraTS-GLI-00043-000,4,41,random_rescue,4.672834341690191e-10,2.9635648102210865e-11,0,0.4146421282133436
G2A,BraTS-GLI-00043-000,4,41,dead_rescue,1.0349621333560766e-11,1.4332194285537891e-12,0,0.2643764415067326
G2A,BraTS-GLI-00043-000,4,41,shuffled_rescue,3.114413846914283e-20,3.3713179698179973e-21,0,0.32929507153502696
G2A,BraTS-GLI-00117-000,2,189,baseline,5.4100266424939036e-05,1.7685113107290817e-06,0,3.270312823249438
G2A,BraTS-GLI-00117-000,2,189,target_rescue,3.707676654585157e-08,4.720362989374394e-10,0,1.4289302236714025
G2A,BraTS-GLI-00117-000,2,189,random_rescue,1.0375122982964058e-10,3.509016428121514e-12,0,0.5810746084767384
G2A,BraTS-GLI-00117-000,2,189,dead_rescue,1.3304536423675017e-06,1.2000927540611883e-07,0,0.6558303840259321
G2A,BraTS-GLI-00117-000,2,189,shuffled_rescue,1.7447280997541829e-15,2.8315758870062075e-17,0,1.3612239284552554
G2A,BraTS-GLI-00117-000,8,9,baseline,2.7595538085734006e-06,1.2740447346004657e-06,0,2.715399424973892
G2A,BraTS-GLI-00117-000,8,9,target_rescue,7.666033307944623e-17,1.7891029911905332e-17,0,1.631640562048421
G2A,BraTS-GLI-00117-000,8,9,random_rescue,8.933577191783115e-06,1.9839910692098783e-06,0,2.1464865192119698
G2A,BraTS-GLI-00117-000,8,9,dead_rescue,1.6059424012837553e-08,6.774012906163307e-09,0,1.284574836362009
G2A,BraTS-GLI-00117-000,8,9,shuffled_rescue,4.5649728961527246e-17,9.929997196872453e-18,0,1.4899788588012701
G2A,BraTS-GLI-00568-000,8,9,baseline,8.873772458173335e-05,1.4048007869860157e-05,0,1.9575006400183759
G2A,BraTS-GLI-00568-000,8,9,target_rescue,5.312994510488223e-13,6.84235925297455e-14,0,1.9119287490844727
G2A,BraTS-GLI-00568-000,8,9,random_rescue,1.105006086632443e-09,2.5109700430014925e-10,0,2.015219266933571
G2A,BraTS-GLI-00568-000,8,9,dead_rescue,3.427753085816221e-07,6.308182776137983e-08,0,1.8575672117706745
G2A,BraTS-GLI-00568-000,8,9,shuffled_rescue,1.0868991253895621e-14,1.5881922818159703e-15,0,1.5406229972839356
G2A,BraTS-GLI-00008-000,2,57,baseline,6.880373257445171e-05,1.9033867602047394e-06,0,0.9156116904565437
G2A,BraTS-GLI-00008-000,2,57,target_rescue,1.1585415145211044e-18,3.4154972501259283e-20,0,1.1840958807180868
G2A,BraTS-GLI-00008-000,2,57,random_rescue,1.4490909557365872e-13,5.603824289367523e-15,0,0.7556146647757986
G2A,BraTS-GLI-00008-000,2,57,dead_rescue,0.006009591277688742,0.0003150619741063565,0,0.564125136320908
G2A,BraTS-GLI-00008-000,2,57,shuffled_rescue,1.5974387724704406e-25,6.579056038340506e-27,0,1.0201103881625295
G2A,BraTS-GLI-00645-000,3,119,baseline,1.0564423291725689e-07,4.31204183470868e-09,0,0.3965753647937937
G2A,BraTS-GLI-00645-000,3,119,target_rescue,5.63968449879869e-22,9.624424110084769e-24,0,0.33760144999466724
G2A,BraTS-GLI-00645-000,3,119,random_rescue,8.688251540434067e-08,1.1579017744622888e-09,0,0.38922186706552375
G2A,BraTS-GLI-00645-000,3,119,dead_rescue,0.00022909176186658442,1.3651711014972534e-05,0,0.282741379737854
G2A,BraTS-GLI-00645-000,3,119,shuffled_rescue,2.4223063353949097e-22,5.752306667694674e-24,0,0.34734543368060217
G2A,BraTS-GLI-00283-000,5,57,baseline,1.3106138396778988e-09,2.0935772560015664e-10,0,2.7234698767192946
G2A,BraTS-GLI-00283-000,5,57,target_rescue,1.9028867904676873e-14,3.572228841449207e-16,0,6.876513507945799
G2A,BraTS-GLI-00283-000,5,57,random_rescue,2.4876677323995566e-13,2.310134302276924e-14,0,3.1522735595703124
G2A,BraTS-GLI-00283-000,5,57,dead_rescue,7.223784450616222e-06,1.4949615660952986e-06,0,2.1255909815579255
G2A,BraTS-GLI-00283-000,5,57,shuffled_rescue,1.906792139434016e-18,6.143694006690667e-20,0,7.2674320730322615
G2A,BraTS-GLI-00283-000,7,70,baseline,3.775674564665543e-11,2.9110125768228023e-12,0,2.3039763408743195
G2A,BraTS-GLI-00283-000,7,70,target_rescue,2.4930435282648185e-25,4.166170885326491e-27,0,2.6369913860341287
G2A,BraTS-GLI-00283-000,7,70,random_rescue,6.378473305090893e-10,3.7012112125145435e-11,0,2.136596836479483
G2A,BraTS-GLI-00283-000,7,70,dead_rescue,0.00024453990045003593,2.4050232241279446e-05,0,1.2823636470348483
G2A,BraTS-GLI-00283-000,7,70,shuffled_rescue,7.836916641112934e-30,2.695754376873517e-31,0,2.5110007284306093
G2A,BraTS-GLI-00014-001,7,5,baseline,1.7934923546292225e-09,5.391187496428529e-10,0,0.5369144571957022
G2A,BraTS-GLI-00014-001,7,5,target_rescue,1.8454047671118396e-28,3.7843301645400714e-29,0,0.41204925431977824
G2A,BraTS-GLI-00014-001,7,5,random_rescue,3.025919358828899e-13,9.359262768005722e-14,0,0.3697603363483492
G2A,BraTS-GLI-00014-001,7,5,dead_rescue,1.5865545321958052e-08,9.399690803491012e-09,0,0.3667357944894259
G2A,BraTS-GLI-00014-001,7,5,shuffled_rescue,8.701825147137229e-29,1.8091785665257126e-29,0,0.416121726898765
G2A,BraTS-GLI-00014-001,9,7,baseline,4.5799108949751144e-10,2.975747981359689e-10,0,0.36820817488468566
G2A,BraTS-GLI-00014-001,9,7,target_rescue,1.2701413003290274e-30,1.995287402469933e-31,0,0.21403897440084757
G2A,BraTS-GLI-00014-001,9,7,random_rescue,4.513158239054932e-13,2.015796790556454e-13,0,0.4047205638182674
G2A,BraTS-GLI-00014-001,9,7,dead_rescue,6.223251602932578e-08,2.381537278495216e-08,0,0.40907015787871226
G2A,BraTS-GLI-00014-001,9,7,shuffled_rescue,2.17413275537692e-31,3.687517843942648e-32,0,0.21737884088767886
G2A,BraTS-GLI-00014-001,55,7,baseline,1.6922998113955146e-08,1.1979902403425058e-08,0,0.7276185205637453
G2A,BraTS-GLI-00014-001,55,7,target_rescue,6.854735191324051e-27,2.1878040315294126e-27,0,1.0507322175618243
G2A,BraTS-GLI-00014-001,55,7,random_rescue,2.0983150980646847e-11,9.944358704550016e-12,0,0.5667229904462995
G2A,BraTS-GLI-00014-001,55,7,dead_rescue,1.3212615890267898e-08,5.208551367985592e-09,0,0.5187118294335996
G2A,BraTS-GLI-00014-001,55,7,shuffled_rescue,5.692278543630914e-27,1.7655088392975233e-27,0,1.046292332000168
G2A,BraTS-GLI-01419-000,23,6,baseline,7.091715409357491e-11,2.525402630071394e-11,0,0.6018272199624463
G2A,BraTS-GLI-01419-000,23,6,target_rescue,0.0,0.0,0,0.5635275363922119
G2A,BraTS-GLI-01419-000,23,6,random_rescue,0.005697215907275677,0.0015114954439923167,0,0.7762918162458136
G2A,BraTS-GLI-01419-000,23,6,dead_rescue,0.004784038756042719,0.0015826692106202245,0,0.5774142776942173
G2A,BraTS-GLI-01419-000,23,6,shuffled_rescue,0.0,0.0,0,0.5323751449584961
G2A,BraTS-GLI-00008-001,2,27,baseline,0.0008009188459254801,0.0001252796791959554,0,5.339523014724898
G2A,BraTS-GLI-00008-001,2,27,target_rescue,6.377189976092268e-08,2.730630166425385e-09,0,35.63083204485563
G2A,BraTS-GLI-00008-001,2,27,random_rescue,0.0030473696533590555,0.0002261446206830442,0,3.516737095605892
G2A,BraTS-GLI-00008-001,2,27,dead_rescue,5.681589391315356e-05,8.180887562048156e-06,0,4.0917715099877725
G2A,BraTS-GLI-00008-001,2,27,shuffled_rescue,1.6157195373289746e-11,8.446884684765177e-13,0,2.707845687866211
G2A,BraTS-GLI-01514-000,23,7,baseline,5.6030334235401824e-05,8.670749593875371e-06,0,0.4274278046963718
G2A,BraTS-GLI-01514-000,23,7,target_rescue,4.23934535208597e-14,6.072108571839431e-15,0,0.5814705774952834
G2A,BraTS-GLI-01514-000,23,7,random_rescue,1.0071477422644215e-22,1.5291216677931675e-23,0,0.7856684673155425
G2A,BraTS-GLI-01514-000,23,7,dead_rescue,2.97802580462303e-06,7.085819788699155e-07,0,0.6852051615715027
G2A,BraTS-GLI-01514-000,23,7,shuffled_rescue,3.1621880796777217e-15,4.540741401114147e-16,0,0.5769489246674196
G2A,BraTS-GLI-01514-000,34,16,baseline,1.005869484926869e-10,9.57144606628102e-12,0,0.44006050822354725
G2A,BraTS-GLI-01514-000,34,16,target_rescue,3.375196365278746e-30,2.7793600019825314e-31,0,0.4328611843009146
G2A,BraTS-GLI-01514-000,34,16,random_rescue,2.7411303490101736e-28,3.34145414788472e-29,0,0.43357172012329104
G2A,BraTS-GLI-01514-000,34,16,dead_rescue,2.4739429704823124e-07,7.916645472505479e-08,0,0.3507044561577694
G2A,BraTS-GLI-01514-000,34,16,shuffled_rescue,3.922322217507394e-30,2.659610981871044e-31,0,0.43295339054502385
G2A,BraTS-GLI-01514-000,36,8,baseline,0.0015115890419110656,0.00038873913581483066,0,0.6561210715787142
G2A,BraTS-GLI-01514-000,36,8,target_rescue,2.9802257090914743e-15,6.193950661411937e-16,0,0.568465996358177
G2A,BraTS-GLI-01514-000,36,8,random_rescue,4.934054206873206e-11,8.160529543776995e-12,0,0.98730749015172
G2A,BraTS-GLI-01514-000,36,8,dead_rescue,6.400110663662417e-08,2.6863490987238947e-08,0,0.8453684103918775
G2A,BraTS-GLI-01514-000,36,8,shuffled_rescue,4.072831136628011e-16,8.439279097581233e-17,0,0.5556110877752534
G2A,BraTS-GLI-01514-000,53,6,baseline,2.4587131974840304e-07,1.42130303970589e-07,0,1.773986042396597
G2A,BraTS-GLI-01514-000,53,6,target_rescue,3.0652775090710434e-19,5.2990353262883356e-20,0,1.368954849243164
G2A,BraTS-GLI-01514-000,53,6,random_rescue,8.964821608969942e-05,4.544690818875097e-05,0,0.9174027482060677
G2A,BraTS-GLI-01514-000,53,6,dead_rescue,4.4486904471341404e-07,1.0335833167118835e-07,0,0.774978162202314
G2A,BraTS-GLI-01514-000,53,6,shuffled_rescue,5.50419485901224e-20,9.517427036935764e-21,0,1.3022693634033202
G2A,BraTS-GLI-01503-000,17,27,baseline,1.798797200081026e-07,6.517693407204206e-08,0,1.4955352274801155
G2A,BraTS-GLI-01503-000,17,27,target_rescue,3.6506208555550094e-26,3.949713307760876e-27,0,1.3578269905816616
G2A,BraTS-GLI-01503-000,17,27,random_rescue,1.7648532093517133e-06,1.057420675465437e-07,0,1.1800274511198083
G2A,BraTS-GLI-01503-000,17,27,dead_rescue,8.746320418140385e-06,2.406444991720491e-06,0,1.1493895076182912
G2A,BraTS-GLI-01503-000,17,27,shuffled_rescue,1.7926321729275154e-26,1.5871400893525633e-27,0,1.33666619457355
G2A,BraTS-GLI-01325-000,9,5,baseline,2.7391547519073356e-07,2.2312367775612074e-07,0,0.7078934268403819
G2A,BraTS-GLI-01325-000,9,5,target_rescue,1.386301767079671e-18,3.545764754918076e-19,0,1.0702274096276434
G2A,BraTS-GLI-01325-000,9,5,random_rescue,3.2282647666193043e-09,1.1619418760488998e-09,0,0.5369888472670088
G2A,BraTS-GLI-01325-000,9,5,dead_rescue,1.164452978485997e-09,3.981605323222226e-10,0,0.6537752892182348
G2A,BraTS-GLI-01325-000,9,5,shuffled_rescue,1.8473650026863688e-18,4.622818794441415e-19,0,1.0725343246414107
G2A,BraTS-GLI-00051-000,2,6,baseline,5.875414288425418e-08,4.2744535022620767e-08,0,0.5743815244990116
G2A,BraTS-GLI-00051-000,2,6,target_rescue,5.465454284123261e-17,1.5089069737806483e-17,0,0.7793438884212432
G2A,BraTS-GLI-00051-000,2,6,random_rescue,7.581224053865299e-05,4.207788151688874e-05,0,0.7499848675268558
G2A,BraTS-GLI-00051-000,2,6,dead_rescue,1.2263578810234321e-06,2.7042145234190684e-07,0,0.760025033853693
G2A,BraTS-GLI-00051-000,2,6,shuffled_rescue,2.4484830681700337e-17,6.733900763733418e-18,0,0.7811500534803631
G2A,BraTS-GLI-00111-000,4,6,baseline,2.826902045782731e-10,7.18118550735447e-11,0,1.3451284985148106
G2A,BraTS-GLI-00111-000,4,6,target_rescue,4.5750562125416007e-29,9.61128342204074e-30,0,1.1399105405943084
G2A,BraTS-GLI-00111-000,4,6,random_rescue,1.326302117377054e-05,4.425391125550959e-06,0,1.0084700558434299
G2A,BraTS-GLI-00111-000,4,6,dead_rescue,1.7074746210710146e-05,4.738205007015495e-06,0,1.009222502760662
G2A,BraTS-GLI-00111-000,4,6,shuffled_rescue,1.8150339954097574e-29,3.0991297302367183e-30,0,1.1247919896015073
G2A,BraTS-GLI-00111-000,21,8,baseline,2.1063423005784898e-08,3.6410603421188625e-09,0,0.5991065502166748
G2A,BraTS-GLI-00111-000,21,8,target_rescue,9.449138471224586e-27,2.016654148498502e-27,0,0.7741470540600087
G2A,BraTS-GLI-00111-000,21,8,random_rescue,5.949343631073134e-07,7.655111744497844e-08,0,0.6111713678985385
G2A,BraTS-GLI-00111-000,21,8,dead_rescue,2.5004092094604857e-05,7.168835509219207e-06,0,0.4269782302231735
G2A,BraTS-GLI-00111-000,21,8,shuffled_rescue,4.7279114944377825e-27,1.2830939142181392e-27,0,0.7919831160703783
G2A,BraTS-GLI-00111-000,28,7,baseline,4.535893882717801e-11,9.171408424379912e-12,0,1.145151870823231
G2A,BraTS-GLI-00111-000,28,7,target_rescue,3.182111191722675e-34,5.057341169362858e-35,0,1.004282569885254
G2A,BraTS-GLI-00111-000,28,7,random_rescue,2.008835508604534e-06,6.042150744178798e-07,0,1.048697757143262
G2A,BraTS-GLI-00111-000,28,7,dead_rescue,2.1447463950607926e-05,1.3933096852269955e-05,0,1.018519992808063
G2A,BraTS-GLI-00111-000,28,7,shuffled_rescue,1.4839524255082061e-33,2.158982030931072e-34,0,0.9444250106811524
G2A,BraTS-GLI-00111-000,29,9,baseline,6.8632647308441985e-12,1.491350012233772e-12,0,0.8832938173686753
G2A,BraTS-GLI-00111-000,29,9,target_rescue,5.744126613690034e-35,8.53214322239496e-36,0,0.9201393127441406
G2A,BraTS-GLI-00111-000,29,9,random_rescue,4.86601402371889e-06,7.840336593289976e-07,0,0.6843696000572228
G2A,BraTS-GLI-00111-000,29,9,dead_rescue,4.4850683480035514e-05,1.0536738045630045e-05,0,0.7369402589574962
G2A,BraTS-GLI-00111-000,29,9,shuffled_rescue,4.769444924513469e-36,9.988450072721193e-37,0,0.8456172943115234
G2A,BraTS-GLI-00111-000,32,21,baseline,1.1943771527356262e-09,2.1354078227897588e-10,0,0.5877281015891929
G2A,BraTS-GLI-00111-000,32,21,target_rescue,1.1305250181046879e-27,6.19318102395133e-29,0,0.7406133575212764
G2A,BraTS-GLI-00111-000,32,21,random_rescue,2.0284802195569924e-15,1.7392417350059187e-16,0,0.5820005798476331
G2A,BraTS-GLI-00111-000,32,21,dead_rescue,3.177957114530727e-05,6.647730515396688e-06,0,0.3551926501192565
G2A,BraTS-GLI-00111-000,32,21,shuffled_rescue,9.88656588762252e-28,5.240802647920766e-29,0,0.7272625911873791
G2A,BraTS-GLI-00111-000,41,12,baseline,5.94326740599449e-11,1.2915711035399458e-11,0,0.8458094713379352
G2A,BraTS-GLI-00111-000,41,12,target_rescue,3.683943449527193e-26,3.0955880293284252e-27,0,0.681210722533526
G2A,BraTS-GLI-00111-000,41,12,random_rescue,3.651834390439035e-10,5.257745280817794e-11,0,0.6056549072265625
G2A,BraTS-GLI-00111-000,41,12,dead_rescue,1.7698132069199346e-05,4.2487595237616915e-06,0,0.540243642991501
G2A,BraTS-GLI-00111-000,41,12,shuffled_rescue,2.2491237150287578e-27,2.141648783374432e-28,0,0.6406931012337928
G2A,BraTS-GLI-00111-000,60,7,baseline,6.65979582592513e-09,1.5400993813585728e-09,0,0.40803588339182806
G2A,BraTS-GLI-00111-000,60,7,target_rescue,1.7873724052863204e-28,4.7342758503096316e-29,0,0.6677805075976291
G2A,BraTS-GLI-00111-000,60,7,random_rescue,3.4682902432645353e-19,7.520161320070119e-20,0,0.6832396069567889
G2A,BraTS-GLI-00111-000,60,7,dead_rescue,2.4157861844287254e-07,1.1519660603198645e-07,0,0.2887326661041063
G2A,BraTS-GLI-00111-000,60,7,shuffled_rescue,1.118957232857342e-28,2.86211335607138e-29,0,0.6657011322360041
G2A,BraTS-GLI-00597-000,5,9,baseline,3.9147957409113587e-07,2.1730157584443077e-07,0,1.5591218342104707
G2A,BraTS-GLI-00597-000,5,9,target_rescue,4.361743524500775e-26,5.290794180006096e-27,0,1.3402267463363688
G2A,BraTS-GLI-00597-000,5,9,random_rescue,1.166742731584236e-05,4.3359032133594155e-06,0,0.8960450439931785
G2A,BraTS-GLI-00597-000,5,9,dead_rescue,0.00027596578001976013,0.00013878900790587068,0,0.7723355643987158
G2A,BraTS-GLI-00597-000,5,9,shuffled_rescue,2.8582406118797713e-28,4.9579972893276215e-29,0,1.1781613432441518
G2A,BraTS-GLI-00597-000,9,15,baseline,3.022952796527534e-06,1.0893878652495914e-06,0,2.915841424024111
G2A,BraTS-GLI-00597-000,9,15,target_rescue,3.5464160228304263e-23,3.5474218993706736e-24,0,2.6124421996070994
G2A,BraTS-GLI-00597-000,9,15,random_rescue,0.11143062263727188,0.024974554777145386,0,2.0925728546782385
G2A,BraTS-GLI-00597-000,9,15,dead_rescue,6.130652036517859e-05,1.7273159755859524e-05,0,2.04008047236437
G2A,BraTS-GLI-00597-000,9,15,shuffled_rescue,3.791460753566225e-24,4.71479088869121e-25,0,2.5301439857565615
G2A,BraTS-GLI-01334-000,2,6,baseline,8.428667541693358e-09,3.2637057501005984e-09,0,1.9599205264115775
G2A,BraTS-GLI-01334-000,2,6,target_rescue,2.921248372975372e-28,5.152971816513201e-29,0,1.5823987007141114
G2A,BraTS-GLI-01334-000,2,6,random_rescue,1.8051876660152288e-10,3.18468064419708e-11,0,1.6468175066560633
G2A,BraTS-GLI-01334-000,2,6,dead_rescue,0.00013469651457853615,3.183289663866162e-05,0,1.6116948243237494
G2A,BraTS-GLI-01334-000,2,6,shuffled_rescue,1.506962783173372e-28,4.6129142776437314e-29,0,1.5949682235717773
G2A,BraTS-GLI-01212-000,16,29,baseline,0.002381988102570176,0.00013109284918755293,0,7.505490828968902
G2A,BraTS-GLI-01212-000,16,29,target_rescue,3.297619244335692e-08,1.1387847331789658e-09,0,15.33723202357521
G2A,BraTS-GLI-01212-000,16,29,random_rescue,0.7244168519973755,0.1325385868549347,1,4.337039650740015
G2A,BraTS-GLI-01212-000,16,29,dead_rescue,1.1983836884610355e-05,1.517292957942118e-06,0,2.2150905932299945
G2A,BraTS-GLI-01212-000,16,29,shuffled_rescue,1.0385620044083693e-13,3.763644787941082e-15,0,5.720758056640625
G2A,BraTS-GLI-01212-000,17,7,baseline,4.126307118212935e-08,6.66038824093107e-09,0,0.9935152887674248
G2A,BraTS-GLI-01212-000,17,7,target_rescue,8.608446057625422e-31,1.2402623263110693e-31,0,0.8961856852378707
G2A,BraTS-GLI-01212-000,17,7,random_rescue,0.11209558695554733,0.019911466166377068,0,1.0323936852341127
G2A,BraTS-GLI-01212-000,17,7,dead_rescue,0.016239313408732414,0.005357034970074892,0,0.6333747604283999
G2A,BraTS-GLI-01212-000,17,7,shuffled_rescue,1.951403001009103e-30,2.7933751860285154e-31,0,0.8629070368555848
G2A,BraTS-GLI-00116-000,12,12,baseline,6.275675445976958e-08,1.2582056285737053e-08,0,0.6232538596467834
G2A,BraTS-GLI-00116-000,12,12,target_rescue,1.2590222571682245e-22,1.0842063260590515e-23,0,0.7072381172505283
G2A,BraTS-GLI-00116-000,12,12,random_rescue,2.229203932557766e-09,5.256800550412777e-10,0,0.6001662612089085
G2A,BraTS-GLI-00116-000,12,12,dead_rescue,1.8212318764199154e-07,7.165277082776811e-08,0,0.5597094893455505
G2A,BraTS-GLI-00116-000,12,12,shuffled_rescue,4.093516619694527e-23,3.592803095095775e-24,0,0.693790687537882
G2A,BraTS-GLI-01506-000,2,87,baseline,5.4148626077221707e-05,1.3158867204765556e-06,0,0.8755764813669327
G2A,BraTS-GLI-01506-000,2,87,target_rescue,4.557184639960958e-14,5.391337180702836e-16,0,0.9367548973129158
G2A,BraTS-GLI-01506-000,2,87,random_rescue,6.379647743415262e-08,2.1481023626535034e-09,0,0.7233728408813477
G2A,BraTS-GLI-01506-000,2,87,dead_rescue,1.775774649104278e-06,9.370819498144556e-08,0,0.5459570731660695
G2A,BraTS-GLI-01506-000,2,87,shuffled_rescue,1.2597888350879013e-18,2.873593459383967e-20,0,0.9280563609471688
G2A,BraTS-GLI-01506-000,3,44,baseline,0.0033878860995173454,0.0006363525753840804,0,1.551444214898735
G2A,BraTS-GLI-01506-000,3,44,target_rescue,1.8128233636449664e-10,5.681934523577015e-12,0,1.0894393136159959
G2A,BraTS-GLI-01506-000,3,44,random_rescue,3.450300880558643e-07,7.316166517057354e-08,0,1.6840376242038653
G2A,BraTS-GLI-01506-000,3,44,dead_rescue,4.233436357026221e-07,1.2620429856724513e-07,0,0.7507304145275157
G2A,BraTS-GLI-01506-000,3,44,shuffled_rescue,3.452516744717471e-11,1.2982012383491726e-12,0,1.0491243130889967
G2A,BraTS-GLI-01165-000,3,281,baseline,7.842295985938108e-07,1.252247372462989e-08,0,0.8788057699370111
G2A,BraTS-GLI-01165-000,3,281,target_rescue,5.583117582972602e-19,5.998631003393945e-21,0,1.3864394812264356
G2A,BraTS-GLI-01165-000,3,281,random_rescue,0.0011126311728730798,1.5739411537651904e-05,0,0.6134640216827393
G2A,BraTS-GLI-01165-000,3,281,dead_rescue,0.00017091383051592857,4.363110747362953e-06,0,1.2384952275177075
G2A,BraTS-GLI-01165-000,3,281,shuffled_rescue,1.2653699661259324e-27,8.841262776037419e-30,0,1.243956749171561
G2A,BraTS-GLI-01222-000,16,7,baseline,2.7353011319064535e-05,6.04669685344561e-06,0,1.4522996164016098
G2A,BraTS-GLI-01222-000,16,7,target_rescue,2.7928458157244762e-12,4.0125511962564586e-13,0,1.0638199203715455
G2A,BraTS-GLI-01222-000,16,7,random_rescue,0.09688546508550644,0.020385505631566048,0,1.2008136936344884
G2A,BraTS-GLI-01222-000,16,7,dead_rescue,0.0004642500134650618,0.00013353981194086373,0,1.693136391226348
G2A,BraTS-GLI-01222-000,16,7,shuffled_rescue,2.6487865720237203e-12,3.793698753577768e-13,0,1.0546735161256926
G2A,BraTS-GLI-00387-000,13,9,baseline,7.38366834340809e-09,3.165296913465454e-09,0,0.23027803897857665
G2A,BraTS-GLI-00387-000,13,9,target_rescue,6.839104717371739e-23,1.813904872199022e-23,0,0.38271569019684964
G2A,BraTS-GLI-00387-000,13,9,random_rescue,1.0960686580574475e-08,4.685329457743137e-09,0,0.2256656077447256
G2A,BraTS-GLI-00387-000,13,9,dead_rescue,1.0441648328196607e-06,3.2259245585919416e-07,0,0.18203247618239995
G2A,BraTS-GLI-00387-000,13,9,shuffled_rescue,4.2257795634187787e-23,1.4565707614287152e-23,0,0.3924798941339792
G2A,BraTS-GLI-00292-000,10,9,baseline,2.464815054281644e-07,4.8958842313595596e-08,0,1.2634841291577485
G2A,BraTS-GLI-00292-000,10,9,target_rescue,1.1287593756058522e-25,1.2579107431548234e-26,0,1.7961301803588867
G2A,BraTS-GLI-00292-000,10,9,random_rescue,1.2250873059060918e-12,4.140576228238435e-13,0,0.7085862572568717
G2A,BraTS-GLI-00292-000,10,9,dead_rescue,0.00588298961520195,0.0016400732565671206,0,0.5718869909132482
G2A,BraTS-GLI-00292-000,10,9,shuffled_rescue,2.222276444196994e-27,4.091745537445082e-28,0,1.2261938095092773
G2A,BraTS-GLI-01501-000,9,46,baseline,0.0004180121177341789,1.745136614772491e-05,0,0.6455119967646862
G2A,BraTS-GLI-01501-000,9,46,target_rescue,5.510867140401388e-07,6.037453914586877e-08,0,0.861522102355957
G2A,BraTS-GLI-01501-000,9,46,random_rescue,6.969208789572986e-15,2.0675194122305715e-16,0,0.9286344172344809
G2A,BraTS-GLI-01501-000,9,46,dead_rescue,8.414311025717325e-08,3.3112848019101193e-09,0,0.841783604013655
G2A,BraTS-GLI-01501-000,9,46,shuffled_rescue,3.30344619214884e-07,1.2282110439798544e-08,0,0.8239416122436524
G2A,BraTS-GLI-01399-000,3,42,baseline,8.059597433884846e-09,4.667493058718719e-10,0,0.7707059191676158
G2A,BraTS-GLI-01399-000,3,42,target_rescue,6.744447968616682e-27,7.3671264456158445e-28,0,0.4969655341185489
G2A,BraTS-GLI-01399-000,3,42,random_rescue,1.0852630111912731e-05,9.305473440690548e-07,0,0.5400717546728752
G2A,BraTS-GLI-01399-000,3,42,dead_rescue,0.00017643262981437147,4.445633021532558e-05,0,0.6179344478767924
G2A,BraTS-GLI-01399-000,3,42,shuffled_rescue,2.2949978255601062e-27,1.0615871501914488e-28,0,0.466689654468142
G2A,BraTS-GLI-00109-000,4,10,baseline,9.604012030095532e-10,2.0649779108872224e-10,0,0.550969357364834
G2A,BraTS-GLI-00109-000,4,10,target_rescue,3.419474489607448e-18,3.4194876210996724e-19,0,0.7192027256889784
G2A,BraTS-GLI-00109-000,4,10,random_rescue,3.51553171640262e-06,3.8965686144365463e-07,0,0.4778565518706944
G2A,BraTS-GLI-00109-000,4,10,dead_rescue,5.720578428736189e-06,6.357647066579375e-07,0,0.4398836795309063
G2A,BraTS-GLI-00109-000,4,10,shuffled_rescue,2.236367281244213e-20,2.2373765385267556e-21,0,0.7137469237080933
G2A,BraTS-GLI-00109-000,14,8,baseline,0.0012285589473322034,0.00022997292398940772,0,1.0129901590705497
G2A,BraTS-GLI-00109-000,14,8,target_rescue,8.584802912992018e-08,1.5856020496585188e-08,0,0.6918717109389506
G2A,BraTS-GLI-00109-000,14,8,random_rescue,0.01464913785457611,0.0025681196711957455,0,1.7173914284289276
G2A,BraTS-GLI-00109-000,14,8,dead_rescue,0.0059247808530926704,0.0017788407858461142,0,0.5323938369750977
G2A,BraTS-GLI-00109-000,14,8,shuffled_rescue,3.5988573898748655e-08,7.675767577097758e-09,0,0.6721575221147407
G2A,BraTS-GLI-01445-000,4,5,baseline,6.171719246772511e-10,3.4915753621689305e-10,0,0.48022078343732244
G2A,BraTS-GLI-01445-000,4,5,target_rescue,4.3276651044987937e-35,9.411994717281007e-36,0,0.6167894029201791
G2A,BraTS-GLI-01445-000,4,5,random_rescue,4.317854873647775e-08,2.122471798315928e-08,0,0.41232111374467234
G2A,BraTS-GLI-01445-000,4,5,dead_rescue,7.288063041954729e-09,2.7604187824437076e-09,0,0.37786938099833856
G2A,BraTS-GLI-01445-000,4,5,shuffled_rescue,1.631393447892366e-35,3.3858032692546535e-36,0,0.6125483668598241
G2A,BraTS-GLI-01476-000,2,20,baseline,4.685052772401832e-06,1.0199288453804911e-06,0,1.907672967013153
G2A,BraTS-GLI-01476-000,2,20,target_rescue,5.494787350818209e-12,5.733188446557791e-13,0,3.6722159775656347
G2A,BraTS-GLI-01476-000,2,20,random_rescue,4.0998947292703036e-11,5.6153818574211645e-12,0,1.226340958641393
G2A,BraTS-GLI-01476-000,2,20,dead_rescue,6.044182931930209e-09,1.0770599967457883e-09,0,1.28089169006389
G2A,BraTS-GLI-01476-000,2,20,shuffled_rescue,1.543480187410351e-12,1.1981946467995441e-13,0,3.2747659186520246
G2A,BraTS-GLI-01504-000,8,91,baseline,4.1630079294918687e-07,7.038061511366323e-08,0,4.627308855278991
G2A,BraTS-GLI-01504-000,8,91,target_rescue,4.576425542605766e-18,1.1506763452148264e-19,0,1.979607880157611
G2A,BraTS-GLI-01504-000,8,91,random_rescue,0.003912624437361956,0.00032542800181545317,0,1.0666824149806466
G2A,BraTS-GLI-01504-000,8,91,dead_rescue,6.447908731388452e-07,8.231111081613562e-08,0,0.8331212085257959
G2A,BraTS-GLI-01504-000,8,91,shuffled_rescue,1.6775305116545034e-22,6.974733415034206e-24,0,1.8133349862712915
G2A,BraTS-GLI-01430-000,88,7,baseline,0.006103177089244127,0.0015174858272075653,0,0.8908961425176883
G2A,BraTS-GLI-01430-000,88,7,target_rescue,0.002781196031719446,0.0004105551925022155,0,0.9231239299868175
G2A,BraTS-GLI-01430-000,88,7,random_rescue,1.590371279114322e-09,4.2394851518245957e-10,0,1.0631815311963713
G2A,BraTS-GLI-01430-000,88,7,dead_rescue,0.00014962325803935528,3.438514977460727e-05,0,1.2204744680889599
G2A,BraTS-GLI-01430-000,88,7,shuffled_rescue,0.0004499829956330359,6.760546239092946e-05,0,0.92055001087114
G2A,BraTS-GLI-01430-000,106,8,baseline,1.0024115759676988e-08,2.673730570279531e-09,0,1.2086292597512445
G2A,BraTS-GLI-01430-000,106,8,target_rescue,4.788032993724148e-31,5.988130441309146e-32,0,0.7937473450295119
G2A,BraTS-GLI-01430-000,106,8,random_rescue,1.4196212261285979e-10,2.071515875501362e-11,0,0.9671007203714941
G2A,BraTS-GLI-01430-000,106,8,dead_rescue,0.0002012542390730232,5.164790854905732e-05,0,0.9701390266418457
G2A,BraTS-GLI-01430-000,106,8,shuffled_rescue,1.3351839359503506e-32,1.6799032011929543e-33,0,0.7882675277335573
G2A,BraTS-GLI-01209-000,42,8,baseline,4.263702351181564e-07,1.2729231002595043e-07,0,0.8851136787053622
G2A,BraTS-GLI-01209-000,42,8,target_rescue,1.707691496891095e-12,2.9724315999020423e-13,0,1.3729959726333618
G2A,BraTS-GLI-01209-000,42,8,random_rescue,3.4683396317632184e-21,5.066186912106338e-22,0,0.4230182468891144
G2A,BraTS-GLI-01209-000,42,8,dead_rescue,1.8212509625414874e-11,3.5513792427666058e-12,0,0.4918129841486613
G2A,BraTS-GLI-01209-000,42,8,shuffled_rescue,1.4374857641025196e-12,3.11112463916019e-13,0,1.31271132587935
G2A,BraTS-GLI-01209-000,56,6,baseline,1.1126731806143653e-05,4.061864274262916e-06,0,1.1976896435607707
G2A,BraTS-GLI-01209-000,56,6,target_rescue,4.007013870829714e-15,1.3530374068124553e-15,0,1.4177861329077464
G2A,BraTS-GLI-01209-000,56,6,random_rescue,1.2787572379029805e-13,3.3485025055469617e-14,0,0.9094649251839289
G2A,BraTS-GLI-01209-000,56,6,dead_rescue,2.272621557608545e-08,5.357378984882644e-09,0,0.9146198431650797
G2A,BraTS-GLI-01209-000,56,6,shuffled_rescue,3.1014634406561136e-15,1.078572685638934e-15,0,1.3922275500153045
G2A,BraTS-GLI-01208-000,2,5,baseline,6.226599111869291e-07,2.4740759840824467e-07,0,0.9155260974893838
G2A,BraTS-GLI-01208-000,2,5,target_rescue,1.657663889857265e-30,8.394766575323908e-31,0,0.8931056022644043
G2A,BraTS-GLI-01208-000,2,5,random_rescue,8.671350388017757e-19,2.716480777163691e-19,0,1.0682460240560923
G2A,BraTS-GLI-01208-000,2,5,dead_rescue,1.4134320736047812e-07,7.816878166977403e-08,0,0.588842151780921
G2A,BraTS-GLI-01208-000,2,5,shuffled_rescue,2.3846966134114665e-30,8.802081010256714e-31,0,0.8906953811645508
G2A,BraTS-GLI-00284-000,14,8,baseline,5.824055619996216e-07,1.1024291524108776e-07,0,0.4970646172063181
G2A,BraTS-GLI-00284-000,14,8,target_rescue,6.403075874802276e-20,8.324026748459088e-21,0,0.6933715970525306
G2A,BraTS-GLI-00284-000,14,8,random_rescue,6.510504635404146e-11,1.6175588646305528e-11,0,1.0633818626403808
G2A,BraTS-GLI-00284-000,14,8,dead_rescue,2.340203991479939e-06,5.483311156240234e-07,0,0.5164414377407482
G2A,BraTS-GLI-00284-000,14,8,shuffled_rescue,1.683365537803403e-20,2.191317361029827e-21,0,0.6812762927413712
G2A,BraTS-GLI-01070-000,6,5,baseline,1.1393364047762589e-06,3.4766128464980284e-07,0,1.5862339191446617
G2A,BraTS-GLI-01070-000,6,5,target_rescue,3.244314972922213e-12,1.0021357658637764e-12,0,0.7385246155523626
G2A,BraTS-GLI-01070-000,6,5,random_rescue,2.5688535743029206e-09,5.623435050949865e-10,0,0.5855222694694103
G2A,BraTS-GLI-01070-000,6,5,dead_rescue,3.528685920173302e-05,9.217650585924275e-06,0,0.7531725914976032
G2A,BraTS-GLI-01070-000,6,5,shuffled_rescue,6.178163449582774e-13,2.2536722379777607e-13,0,0.7327035727611108
G2A,BraTS-GLI-00469-001,3,8,baseline,2.7370177122065797e-05,8.969487680587918e-06,0,3.3710042207323934
G2A,BraTS-GLI-00469-001,3,8,target_rescue,2.995232780418527e-32,4.143809706506526e-33,0,1.4518214391524014
G2A,BraTS-GLI-00469-001,3,8,random_rescue,1.0219873729511164e-05,1.9888348106178455e-06,0,1.7872456312179565
G2A,BraTS-GLI-00469-001,3,8,dead_rescue,3.4346703614573926e-07,5.710946737735867e-08,0,1.2644089705952404
G2A,BraTS-GLI-00469-001,3,8,shuffled_rescue,1.0468975360311407e-35,2.5386138219152506e-36,0,1.425831612526866
G2A,BraTS-GLI-00469-001,5,11,baseline,9.639440577302594e-06,9.807480410017888e-07,0,1.6140451507932858
G2A,BraTS-GLI-00469-001,5,11,target_rescue,1.0086746614325673e-21,9.180513303827361e-23,0,1.4157645327748385
G2A,BraTS-GLI-00469-001,5,11,random_rescue,0.8185120820999146,0.07526742666959763,1,2.147722284771876
G2A,BraTS-GLI-00469-001,5,11,dead_rescue,1.595339504945059e-08,1.6548735715105067e-09,0,1.0639277321877767
G2A,BraTS-GLI-00469-001,5,11,shuffled_rescue,1.0029222561572595e-23,1.2425868766333603e-24,0,1.2823915424912278
G2A,BraTS-GLI-01479-000,5,19,baseline,1.3620914387502125e-06,3.096302805261075e-07,0,4.274094736865365
G2A,BraTS-GLI-01479-000,5,19,target_rescue,1.4831753895446393e-20,9.0566098875613e-22,0,3.063385581970215
G2A,BraTS-GLI-01479-000,5,19,random_rescue,9.070651572073984e-07,7.441897054150104e-08,0,2.869050520304062
G2A,BraTS-GLI-01479-000,5,19,dead_rescue,2.67069793835617e-07,3.7596311841525676e-08,0,0.7122050523757935
G2A,BraTS-GLI-01479-000,5,19,shuffled_rescue,5.23123287979044e-24,3.896017857058415e-25,0,3.156845474243164
G2A,BraTS-GLI-00142-000,20,7,baseline,3.304482021349031e-08,8.385695693391426e-09,0,1.0470622400881198
G2A,BraTS-GLI-00142-000,20,7,target_rescue,1.012098988786034e-25,2.9111623645234634e-26,0,0.7393662494393545
G2A,BraTS-GLI-00142-000,20,7,random_rescue,3.9174483101867e-11,1.2221806899859189e-11,0,0.6218382623254097
G2A,BraTS-GLI-00142-000,20,7,dead_rescue,3.777717250130763e-09,8.158676512159957e-10,0,0.30387302778171915
G2A,BraTS-GLI-00142-000,20,7,shuffled_rescue,5.434783867107879e-26,1.409596292239982e-26,0,0.7375888125292511
G2A,BraTS-GLI-01027-000,2,398,baseline,9.681192381094661e-08,6.78286049549115e-09,0,1.1116458070838984
G2A,BraTS-GLI-01027-000,2,398,target_rescue,8.012949976937342e-14,6.645338224772898e-16,0,1.366024750154582
G2A,BraTS-GLI-01027-000,2,398,random_rescue,1.9899340508722219e-10,8.419433553119582e-12,0,0.997585934960442
G2A,BraTS-GLI-01027-000,2,398,dead_rescue,3.218896017642692e-05,1.240720280293317e-06,0,1.0246733943472928
G2A,BraTS-GLI-01027-000,2,398,shuffled_rescue,2.4409012961114952e-17,3.921372736923745e-19,0,1.277910809302981
G2A,BraTS-GLI-00440-000,3,154,baseline,3.625041244958993e-06,3.117937410479499e-07,0,1.0879935532579932
G2A,BraTS-GLI-00440-000,3,154,target_rescue,4.852752574779906e-11,9.390827959004922e-13,0,1.432758832680562
G2A,BraTS-GLI-00440-000,3,154,random_rescue,7.507053867428226e-10,3.6671013448064116e-11,0,1.1880789392699738
G2A,BraTS-GLI-00440-000,3,154,dead_rescue,1.5679646821809e-05,1.6268527360807639e-06,0,0.7808250398988765
G2A,BraTS-GLI-00440-000,3,154,shuffled_rescue,3.848000545048254e-14,1.110117463144105e-15,0,1.352355374517924
G2A,BraTS-GLI-00191-000,1,1098,baseline,1.2970908755960409e-05,1.233314463888746e-07,0,0.6437467486280745
G2A,BraTS-GLI-00191-000,1,1098,target_rescue,9.471116868553509e-08,1.2185626119265436e-10,0,0.6127503871917724
G2A,BraTS-GLI-00191-000,1,1098,random_rescue,0.10677210986614227,0.00037601692019961774,0,0.5716458134982053
G2A,BraTS-GLI-00191-000,1,1098,dead_rescue,6.244681117095752e-06,8.077508795167887e-08,0,0.47597176951074616
G2A,BraTS-GLI-00191-000,1,1098,shuffled_rescue,2.651837530700315e-25,4.297665004133993e-28,0,0.5168766975402832
G2A,BraTS-GLI-00602-001,7,143,baseline,3.7658705309695506e-07,2.271147181431843e-08,0,1.7047966316019876
G2A,BraTS-GLI-00602-001,7,143,target_rescue,2.471566659857153e-18,3.530533839525046e-20,0,1.3370276239816432
G2A,BraTS-GLI-00602-001,7,143,random_rescue,0.00030476320534944534,9.857124496193137e-06,0,1.448316880430708
G2A,BraTS-GLI-00602-001,7,143,dead_rescue,5.2477535064099357e-05,1.8012265172728803e-06,0,1.0397182468399713
G2A,BraTS-GLI-00602-001,7,143,shuffled_rescue,2.1747627063038153e-24,6.553400340365335e-26,0,1.24286886758999
G2A,BraTS-GLI-01232-000,9,14,baseline,4.296435651696129e-09,4.558213528849109e-10,0,1.6009281273874654
G2A,BraTS-GLI-01232-000,9,14,target_rescue,1.4344693356191781e-28,1.2001697263816413e-29,0,0.9056577427020779
G2A,BraTS-GLI-01232-000,9,14,random_rescue,9.367557396444681e-09,1.1562010238108655e-09,0,0.9323172569274902
G2A,BraTS-GLI-01232-000,9,14,dead_rescue,0.3092886507511139,0.050946712493896484,0,0.9335091956149508
G2A,BraTS-GLI-01232-000,9,14,shuffled_rescue,6.451420544250708e-29,6.0347213009633095e-30,0,0.886370203533206
G2A,BraTS-GLI-01221-000,208,8,baseline,0.972734808921814,0.3975072503089905,1,1.1093926285130649
G2A,BraTS-GLI-01221-000,208,8,target_rescue,0.6046584844589233,0.07922680675983429,1,1.042560281330432
G2A,BraTS-GLI-01221-000,208,8,random_rescue,0.9843260645866394,0.2812274098396301,1,1.235452442777906
G2A,BraTS-GLI-01221-000,208,8,dead_rescue,0.0005208801012486219,9.315875649917871e-05,0,1.194826089166537
G2A,BraTS-GLI-01221-000,208,8,shuffled_rescue,0.030156344175338745,0.005014657974243164,0,0.9664557794084062
G2A,BraTS-GLI-01274-000,3,5,baseline,3.889308042293038e-10,1.027274584841642e-10,0,2.071154845092049
G2A,BraTS-GLI-01274-000,3,5,target_rescue,0.0,0.0,0,1.588966598790801
G2A,BraTS-GLI-01274-000,3,5,random_rescue,6.560998133995943e-28,2.44121876028036e-28,0,1.654771635251905
G2A,BraTS-GLI-01274-000,3,5,dead_rescue,0.8986775875091553,0.5141202807426453,1,2.122895422256916
G2A,BraTS-GLI-01274-000,3,5,shuffled_rescue,0.0,0.0,0,1.5674486225829631
G2A,BraTS-GLI-01274-000,22,8,baseline,4.0597538664144395e-09,1.0579770393093213e-09,0,0.3119062423010235
G2A,BraTS-GLI-01274-000,22,8,target_rescue,1.600568346382752e-17,2.00071043297844e-18,0,0.2798374511603469
G2A,BraTS-GLI-01274-000,22,8,random_rescue,0.012662123888731003,0.0019876451697200537,0,0.3761238990057268
G2A,BraTS-GLI-01274-000,22,8,dead_rescue,1.1457122894853455e-07,2.1686156870259765e-08,0,0.39794286699055675
G2A,BraTS-GLI-01274-000,22,8,shuffled_rescue,1.0693121769969986e-17,1.3366402212462483e-18,0,0.2661119928828944
G2A,BraTS-GLI-00820-000,8,20,baseline,1.6499940613812214e-07,8.023047826100083e-08,0,1.6886119842529297
G2A,BraTS-GLI-00820-000,8,20,target_rescue,3.760470985886608e-20,2.4961112024325268e-21,0,1.2729114188657733
G2A,BraTS-GLI-00820-000,8,20,random_rescue,7.996201125956184e-18,1.1881681255330334e-18,0,0.6477213865907403
G2A,BraTS-GLI-00820-000,8,20,dead_rescue,9.081603735694443e-08,3.2693503015934766e-08,0,1.1272935707793321
G2A,BraTS-GLI-00820-000,8,20,shuffled_rescue,9.097754852893711e-21,6.455589827770085e-22,0,1.2630210255647212
G2A,BraTS-GLI-00803-000,2,126,baseline,4.523097595665604e-05,9.70251335274952e-07,0,2.6896659876736115
G2A,BraTS-GLI-00803-000,2,126,target_rescue,1.008089655317717e-14,1.917323530023439e-16,0,1.6119747410516607
G2A,BraTS-GLI-00803-000,2,126,random_rescue,5.243453442015718e-19,8.367665372532662e-21,0,1.0462282849008373
G2A,BraTS-GLI-00803-000,2,126,dead_rescue,4.381637666028837e-07,8.548755481285752e-09,0,1.1617803375252744
G2A,BraTS-GLI-00803-000,2,126,shuffled_rescue,3.473036181426768e-23,5.2537722135744145e-25,0,1.3504813547982517
G2A,BraTS-GLI-01027-001,1,136,baseline,2.0676977907641003e-09,3.104241030893462e-10,0,0.5045266645233997
G2A,BraTS-GLI-01027-001,1,136,target_rescue,3.8040917638149097e-10,7.409236418842724e-11,0,0.5337512811820863
G2A,BraTS-GLI-01027-001,1,136,random_rescue,4.2250020149126044e-10,7.391944695234187e-11,0,0.5490803983108747
G2A,BraTS-GLI-01027-001,1,136,dead_rescue,3.350069943675038e-10,6.702625260368578e-11,0,0.5297227303636233
G2A,BraTS-GLI-01027-001,1,136,shuffled_rescue,1.0812302164708854e-09,5.3579612968590595e-11,0,0.5338180389241518
G2A,BraTS-GLI-01027-001,6,135,baseline,0.0007072843727655709,9.43896247918019e-06,0,2.5605520020709656
G2A,BraTS-GLI-01027-001,6,135,target_rescue,2.42130280270203e-08,1.9157925246204854e-10,0,2.0767208550649348
G2A,BraTS-GLI-01027-001,6,135,random_rescue,4.735733000416076e-06,4.91485145914794e-08,0,1.9913721943647795
G2A,BraTS-GLI-01027-001,6,135,dead_rescue,0.02889578975737095,0.002005640184506774,0,0.43617878141979627
G2A,BraTS-GLI-01027-001,6,135,shuffled_rescue,4.008102042538562e-21,1.1729892130625658e-22,0,1.6912927102547568
G2A,BraTS-GLI-01219-000,1,313,baseline,1.3285757631820161e-05,2.868992510229873e-07,0,2.3217136383056642
G2A,BraTS-GLI-01219-000,1,313,target_rescue,4.562409824937497e-11,1.9412051718674384e-13,0,1.9769145947076396
G2A,BraTS-GLI-01219-000,1,313,random_rescue,2.5701569761338305e-09,2.2825649356739142e-11,0,0.8851455545390369
G2A,BraTS-GLI-01219-000,1,313,dead_rescue,0.00013568279973696917,6.682860657747369e-06,0,1.4617770460560913
G2A,BraTS-GLI-01219-000,1,313,shuffled_rescue,6.659633812724165e-23,5.163830237465641e-25,0,1.9125848692215681
G2A,BraTS-GLI-01163-000,2,5,baseline,1.5365401850431226e-05,5.528439487534342e-06,0,3.705058727452503
G2A,BraTS-GLI-01163-000,2,5,target_rescue,2.6416723575463244e-16,6.994487058515692e-17,0,1.0641983613973782
G2A,BraTS-GLI-01163-000,2,5,random_rescue,1.0063602928767068e-07,2.611200500268751e-08,0,1.1270591036650561
G2A,BraTS-GLI-01163-000,2,5,dead_rescue,3.0861992854624987e-06,9.187353384731978e-07,0,1.174224147345243
G2A,BraTS-GLI-01163-000,2,5,shuffled_rescue,7.413810057309444e-17,1.5594455585380456e-17,0,1.00906082004552
G2A,BraTS-GLI-01163-000,4,8,baseline,8.0383276424012e-11,3.961112687855817e-11,0,0.5027935520123304
G2A,BraTS-GLI-01163-000,4,8,target_rescue,3.4993445871549555e-36,6.855801393133435e-37,0,0.8020536100756405
G2A,BraTS-GLI-01163-000,4,8,random_rescue,2.752052562712707e-17,6.227995860325068e-18,0,0.963441645830257
G2A,BraTS-GLI-01163-000,4,8,dead_rescue,2.7698789040186966e-07,1.0210028733581566e-07,0,0.6161810808662773
G2A,BraTS-GLI-01163-000,4,8,shuffled_rescue,4.589615687225729e-37,2.26531824610635e-37,0,0.7791044688346834
G2A,BraTS-GLI-01056-000,29,5,baseline,0.0021467397455126047,0.00072255521081388,0,1.3970752523584897
G2A,BraTS-GLI-01056-000,29,5,target_rescue,1.7220212811253077e-08,5.13537123936203e-09,0,1.2314538441444718
G2A,BraTS-GLI-01056-000,29,5,random_rescue,1.024445623443171e-06,2.375043379743147e-07,0,2.464130114408611
G2A,BraTS-GLI-01056-000,29,5,dead_rescue,5.509206175702275e-07,1.9804231499165326e-07,0,0.8023851019914973
G2A,BraTS-GLI-01056-000,29,5,shuffled_rescue,4.845691403687624e-09,1.649109293566653e-09,0,1.2315924459688485
G2A,BraTS-GLI-01060-000,4,13,baseline,0.0015032284427434206,0.00013109706924296916,0,1.3587620820197062
G2A,BraTS-GLI-01060-000,4,13,target_rescue,8.018541580235346e-15,6.823126205236839e-16,0,1.4484319080182528
G2A,BraTS-GLI-01060-000,4,13,random_rescue,0.044568877667188644,0.005565233528614044,0,0.8945214833504456
G2A,BraTS-GLI-01060-000,4,13,dead_rescue,0.9787131547927856,0.19939318299293518,1,1.0360677666527047
G2A,BraTS-GLI-01060-000,4,13,shuffled_rescue,3.711399372237963e-15,6.578556559024592e-16,0,1.3934304915416602
G2A,BraTS-GLI-00543-000,23,5,baseline,1.6949297787505202e-06,8.07214462383854e-07,0,1.7791746285306136
G2A,BraTS-GLI-00543-000,23,5,target_rescue,5.6967867949574e-23,1.2513334508060888e-23,0,1.589985466003418
G2A,BraTS-GLI-00543-000,23,5,random_rescue,1.0800159543578047e-05,2.8639137781283353e-06,0,1.4537837894694126
G2A,BraTS-GLI-00543-000,23,5,dead_rescue,3.488090897008078e-06,1.3866495010006474e-06,0,1.41518309004892
G2A,BraTS-GLI-00543-000,23,5,shuffled_rescue,1.139520227213972e-23,4.1332528845540484e-24,0,1.5817214965820312
G2A,BraTS-GLI-01345-000,3,17,baseline,4.4189069740241393e-05,1.4621745322074275e-05,0,1.0708987328923183
G2A,BraTS-GLI-01345-000,3,17,target_rescue,8.283404895337299e-06,1.0929096561085316e-06,0,1.5966810979728967
G2A,BraTS-GLI-01345-000,3,17,random_rescue,1.8217685436049404e-30,1.9779930593828953e-31,0,1.147381302492645
G2A,BraTS-GLI-01345-000,3,17,dead_rescue,1.1627217201201634e-13,1.619152606587536e-14,0,1.0602740540386018
G2A,BraTS-GLI-01345-000,3,17,shuffled_rescue,1.7471721776018967e-06,5.459372118821193e-07,0,1.5976417680209856
G2A,BraTS-GLI-00677-000,3,563,baseline,3.4178770874859765e-05,7.470677587662067e-07,0,1.0239048079434991
G2A,BraTS-GLI-00677-000,3,563,target_rescue,3.703460593751373e-10,2.7024706257539055e-12,0,1.309766295259951
G2A,BraTS-GLI-00677-000,3,563,random_rescue,5.241531107458286e-05,5.17725936788338e-07,0,1.138238106953414
G2A,BraTS-GLI-00677-000,3,563,dead_rescue,0.00046253521577455103,3.2256252779916395e-06,0,0.6254752630188769
G2A,BraTS-GLI-00677-000,3,563,shuffled_rescue,5.005705707343609e-19,6.230314680226601e-21,0,1.2829486972795596
G2A,BraTS-GLI-00236-000,4,65,baseline,5.968723780824803e-05,2.7571038572204998e-06,0,2.1520874464800697
G2A,BraTS-GLI-00236-000,4,65,target_rescue,1.7432809045203612e-06,9.638192466354667e-08,0,2.223603223653978
G2A,BraTS-GLI-00236-000,4,65,random_rescue,1.75128960222537e-07,6.301953181520048e-09,0,2.1461026727039916
G2A,BraTS-GLI-00236-000,4,65,dead_rescue,0.00020886077254544944,1.4735114746144973e-05,0,2.0327453399158038
G2A,BraTS-GLI-00236-000,4,65,shuffled_rescue,1.5877805736863593e-08,8.496999215346079e-10,0,2.149907054945263
G2A,BraTS-GLI-00550-001,5,14,baseline,0.002485683187842369,0.00020127221068833023,0,1.1995099862529233
G2A,BraTS-GLI-00550-001,5,14,target_rescue,2.5648437258496415e-06,2.550687838720478e-07,0,1.0352131463034118
G2A,BraTS-GLI-00550-001,5,14,random_rescue,1.0161566900424024e-11,1.9678705279885245e-12,0,0.9201787616666732
G2A,BraTS-GLI-00550-001,5,14,dead_rescue,0.0013263020664453506,0.0002357651392230764,0,0.9724007438949912
G2A,BraTS-GLI-00550-001,5,14,shuffled_rescue,3.64107563655125e-07,2.8085489489626525e-08,0,1.015930287112781
G2A,BraTS-GLI-01230-000,16,12,baseline,0.00873187743127346,0.0011993538355454803,0,1.2706111156345767
G2A,BraTS-GLI-01230-000,16,12,target_rescue,1.586713369761128e-05,1.3520643733500037e-06,0,1.0637033072047213
G2A,BraTS-GLI-01230-000,16,12,random_rescue,0.0,0.0,0,0.9356447356506667
G2A,BraTS-GLI-01230-000,16,12,dead_rescue,6.481339076547243e-11,9.985688491365163e-12,0,0.9557758164766307
G2A,BraTS-GLI-01230-000,16,12,shuffled_rescue,6.976652457524324e-06,5.986763085275015e-07,0,1.0440208201531422
G2A,BraTS-GLI-01497-000,17,7,baseline,2.6946292564389296e-05,8.712308954272885e-06,0,1.8757843139097605
G2A,BraTS-GLI-01497-000,17,7,target_rescue,1.159711839364072e-13,2.498410922320126e-14,0,1.3221211247685243
G2A,BraTS-GLI-01497-000,17,7,random_rescue,2.1112943215939595e-07,5.6749946963918774e-08,0,1.0503253026888357
G2A,BraTS-GLI-01497-000,17,7,dead_rescue,1.3559490071202163e-05,5.602839337370824e-06,0,1.165445440460898
G2A,BraTS-GLI-01497-000,17,7,shuffled_rescue,7.495574121238122e-15,2.512921020223066e-15,0,1.3396319000431216
G2A,BraTS-GLI-00689-001,6,33,baseline,5.414669431047514e-06,5.083542191641754e-07,0,2.317663992836812
G2A,BraTS-GLI-00689-001,6,33,target_rescue,9.628417485293276e-19,3.172595663249732e-20,0,2.6729907989501953
G2A,BraTS-GLI-00689-001,6,33,random_rescue,5.846178652291201e-09,4.235458095358524e-10,0,1.1890196914231035
G2A,BraTS-GLI-00689-001,6,33,dead_rescue,1.3022282473684754e-05,1.0920872455244535e-06,0,1.4304679981626582
G2A,BraTS-GLI-00689-001,6,33,shuffled_rescue,1.9191280622294491e-22,1.05564490701071e-23,0,2.48399658203125
G2A,BraTS-GLI-01498-000,1,28,baseline,2.9251643809402594e-06,1.362447790143051e-07,0,1.5015373441784796
G2A,BraTS-GLI-01498-000,1,28,target_rescue,1.8973028475238995e-17,7.205673713525993e-19,0,1.7501612955413928
G2A,BraTS-GLI-01498-000,1,28,random_rescue,3.718461448443122e-05,3.0819824132777285e-06,0,0.6420237548568762
G2A,BraTS-GLI-01498-000,1,28,dead_rescue,0.008437185548245907,0.0006025600014254451,0,0.6540063972683604
G2A,BraTS-GLI-01498-000,1,28,shuffled_rescue,1.666340764929778e-18,5.959679924610004e-20,0,1.653163693295018
G2A,BraTS-GLI-01498-000,77,8,baseline,8.094317438533949e-10,1.1288646406537595e-10,0,0.8233887164835072
G2A,BraTS-GLI-01498-000,77,8,target_rescue,1.9007948637946314e-24,4.39685233375546e-25,0,0.9826072070580869
G2A,BraTS-GLI-01498-000,77,8,random_rescue,6.728512857989699e-09,8.435917520088765e-10,0,0.7236806914591626
G2A,BraTS-GLI-01498-000,77,8,dead_rescue,7.008929514995543e-06,1.558427584313904e-06,0,0.7300594067959405
G2A,BraTS-GLI-01498-000,77,8,shuffled_rescue,6.221342900859359e-26,1.2568612654095279e-26,0,0.9787336674023296
G2A,BraTS-GLI-01498-000,127,124,baseline,0.9956492781639099,0.17204898595809937,1,1.72107589259916
G2A,BraTS-GLI-01498-000,127,124,target_rescue,0.9950065612792969,0.11603942513465881,1,1.2358704669364518
G2A,BraTS-GLI-01498-000,127,124,random_rescue,0.5762425065040588,0.015362672507762909,1,0.7629099492078466
G2A,BraTS-GLI-01498-000,127,124,dead_rescue,0.01576637104153633,0.0006274858606047928,0,1.0659648844083605
G2A,BraTS-GLI-01498-000,127,124,shuffled_rescue,0.00811596680432558,0.00027716797194443643,0,1.196787681862583
G2A,BraTS-GLI-00613-000,6,26,baseline,1.5252166463142203e-07,3.916550639360139e-08,0,1.0075954219366472
G2A,BraTS-GLI-00613-000,6,26,target_rescue,1.6391110690960886e-11,1.1092083198119274e-12,0,1.9532821127371438
G2A,BraTS-GLI-00613-000,6,26,random_rescue,4.905085759787653e-08,4.555912980208632e-09,0,1.2757057828409548
G2A,BraTS-GLI-00613-000,6,26,dead_rescue,0.0008796791080385447,9.659242641646415e-05,0,1.0296208099587192
G2A,BraTS-GLI-00613-000,6,26,shuffled_rescue,3.0039254503982926e-12,3.633169611515219e-13,0,1.723972664874227
G2A,BraTS-GLI-00207-000,9,40,baseline,5.458074156194925e-06,4.630151693163498e-07,0,1.52916190603278
G2A,BraTS-GLI-00207-000,9,40,target_rescue,9.62078054028788e-19,4.101868134850276e-20,0,1.3200627449762552
G2A,BraTS-GLI-00207-000,9,40,random_rescue,5.492769572512657e-10,2.449889423272733e-11,0,1.0167233224308438
G2A,BraTS-GLI-00207-000,9,40,dead_rescue,5.061503543402068e-06,1.990104294691264e-07,0,0.6749559842836088
G2A,BraTS-GLI-00207-000,9,40,shuffled_rescue,2.8245429415292796e-20,1.051063830806467e-21,0,1.119586702290637
G2A,BraTS-GLI-01259-000,14,10,baseline,4.1461691580479965e-05,1.3969061910756864e-05,0,3.211263049181938
G2A,BraTS-GLI-01259-000,14,10,target_rescue,2.6425196338777415e-23,4.165839150826918e-24,0,3.0580570538268304
G2A,BraTS-GLI-01259-000,14,10,random_rescue,0.5648316740989685,0.11542407423257828,1,1.8812927245473108
G2A,BraTS-GLI-01259-000,14,10,dead_rescue,0.00027924421010538936,4.6765162551309913e-05,0,1.3467916569987552
G2A,BraTS-GLI-01259-000,14,10,shuffled_rescue,5.259065075817995e-24,1.0155007418986216e-24,0,2.775101853147393
G2A,BraTS-GLI-00230-000,30,5,baseline,0.00843450054526329,0.003960690926760435,0,2.6039501236850557
G2A,BraTS-GLI-00230-000,30,5,target_rescue,2.086875952045375e-07,9.58038199883049e-08,0,2.216362790516598
G2A,BraTS-GLI-00230-000,30,5,random_rescue,1.1095753656154006e-11,2.478650097670343e-12,0,1.9934344265882256
G2A,BraTS-GLI-00230-000,30,5,dead_rescue,2.760171646798426e-08,8.593453948435581e-09,0,1.6304536674145198
G2A,BraTS-GLI-00230-000,30,5,shuffled_rescue,1.4594135677725717e-07,5.494457511190376e-08,0,2.180234304193431
G2A,BraTS-GLI-01519-000,2,363,baseline,2.441227309191163e-07,1.0118874627096375e-08,0,0.6760649769311737
G2A,BraTS-GLI-01519-000,2,363,target_rescue,1.6181995770622278e-18,1.3623041072114683e-20,0,1.1583674430847168
G2A,BraTS-GLI-01519-000,2,363,random_rescue,0.010354939848184586,0.0003886978083755821,0,0.7873707508864977
G2A,BraTS-GLI-01519-000,2,363,dead_rescue,2.294570549565833e-05,1.381612719342229e-06,0,0.5798769196029737
G2A,BraTS-GLI-01519-000,2,363,shuffled_rescue,8.306800858102496e-27,2.0059658150861362e-28,0,1.1102436065673829
G2A,BraTS-GLI-01474-000,5,6,baseline,3.872395737403167e-09,1.6792139900800862e-09,0,1.9928121113066892
G2A,BraTS-GLI-01474-000,5,6,target_rescue,3.426682334670082e-18,1.5105781060926739e-18,0,1.1822817106506283
G2A,BraTS-GLI-01474-000,5,6,random_rescue,0.00036705745151266456,0.0001436936727259308,0,0.8978618621826172
G2A,BraTS-GLI-01474-000,5,6,dead_rescue,1.4524336620524991e-05,6.655329798377352e-06,0,1.0982116626043046
G2A,BraTS-GLI-01474-000,5,6,shuffled_rescue,1.657964734047066e-18,8.14078847132012e-19,0,1.1751641660148173
G2A,BraTS-GLI-01478-000,7,17,baseline,0.0002488309983164072,3.496399222058244e-05,0,2.470074910814729
G2A,BraTS-GLI-01478-000,7,17,target_rescue,4.080862167285537e-13,1.284037844584071e-13,0,4.696052158474366
G2A,BraTS-GLI-01478-000,7,17,random_rescue,5.600827535090502e-07,8.613221780251479e-08,0,1.8218806982040405
G2A,BraTS-GLI-01478-000,7,17,dead_rescue,2.74425860880001e-06,9.444742090636282e-07,0,2.287270232277759
G2A,BraTS-GLI-01478-000,7,17,shuffled_rescue,8.472895779085277e-13,1.4209163359812926e-13,0,5.391747349286948
G2A,BraTS-GLI-00406-000,5,12,baseline,2.3318728281651602e-08,1.1225108842438658e-08,0,0.5977736531045331
G2A,BraTS-GLI-00406-000,5,12,target_rescue,1.0141300952869392e-21,9.897775931113066e-23,0,0.8266420243671134
G2A,BraTS-GLI-00406-000,5,12,random_rescue,6.007644468702944e-13,1.263054060212515e-13,0,0.5808701013602027
G2A,BraTS-GLI-00406-000,5,12,dead_rescue,4.706786000951979e-07,1.074031672487763e-07,0,0.5218361020088196
G2A,BraTS-GLI-00406-000,5,12,shuffled_rescue,5.080335542649148e-23,8.489272200133458e-24,0,0.8147622069240044
G2A,BraTS-GLI-00406-000,6,21,baseline,2.7379900302548776e-07,7.019567505039959e-08,0,1.3504433115171572
G2A,BraTS-GLI-00406-000,6,21,target_rescue,1.529422055928456e-20,7.540039564750051e-22,0,1.1262116953783128
G2A,BraTS-GLI-00406-000,6,21,random_rescue,5.382562449085526e-05,8.849263394949958e-06,0,0.9340527767602653
G2A,BraTS-GLI-00406-000,6,21,dead_rescue,1.9644211590730265e-07,5.520590562468897e-08,0,1.1245486673194307
G2A,BraTS-GLI-00406-000,6,21,shuffled_rescue,2.0527675366788752e-22,1.0534596045310668e-23,0,1.0899446833765998
G2A,BraTS-GLI-01047-000,4,24,baseline,0.005647987127304077,0.0003229377616662532,0,1.402677059173584
G2A,BraTS-GLI-01047-000,4,24,target_rescue,1.1565161273097146e-08,5.213578457841095e-10,0,1.3488597758686525
G2A,BraTS-GLI-01047-000,4,24,random_rescue,0.9999240636825562,0.25112485885620117,1,1.276133390983706
G2A,BraTS-GLI-01047-000,4,24,dead_rescue,0.00029411635478027165,1.264621732843807e-05,0,1.0623772349248615
G2A,BraTS-GLI-01047-000,4,24,shuffled_rescue,2.942154853080581e-10,2.4799523545837587e-11,0,1.2420160446366573
G2B,BraTS-GLI-00237-000,2,225,baseline,1.0,0.7741321921348572,1,1.7725261594218968
G2B,BraTS-GLI-00237-000,2,225,target_rescue,1.0,0.6635354161262512,1,2.1096734144194498
G2B,BraTS-GLI-00237-000,2,225,random_rescue,1.0,0.6022588610649109,1,7.966054438276517
G2B,BraTS-GLI-00237-000,2,225,dead_rescue,0.9931761622428894,0.029087424278259277,1,2.03878954785443
G2B,BraTS-GLI-00237-000,2,225,shuffled_rescue,0.9999998807907104,0.701454758644104,1,2.1468590220623303
G2B,BraTS-GLI-00258-000,1,3205,baseline,0.9999998807907104,0.40435728430747986,1,6.606070711775991
G2B,BraTS-GLI-00258-000,1,3205,target_rescue,0.9999998807907104,0.3764704167842865,1,14.415100736271793
G2B,BraTS-GLI-00258-000,1,3205,random_rescue,0.9999946355819702,0.2091173529624939,1,5.861747297890484
G2B,BraTS-GLI-00258-000,1,3205,dead_rescue,0.9352399706840515,0.04348517209291458,1,6.496246383777418
G2B,BraTS-GLI-00258-000,1,3205,shuffled_rescue,0.9997984766960144,0.07140188664197922,1,3.1551755286501098
G2B,BraTS-GLI-00085-000,1,1123,baseline,1.0,0.364968866109848,1,7.475478428492206
G2B,BraTS-GLI-00085-000,1,1123,target_rescue,1.0,0.2669884264469147,1,10.334051747558506
G2B,BraTS-GLI-00085-000,1,1123,random_rescue,0.9934605360031128,0.017887767404317856,1,4.826292456693183
G2B,BraTS-GLI-00085-000,1,1123,dead_rescue,0.9970173835754395,0.05045640096068382,1,14.990235799032599
G2B,BraTS-GLI-00085-000,1,1123,shuffled_rescue,0.9981583952903748,0.03317181393504143,1,9.021026013979098
G2B,BraTS-GLI-00621-000,2,3779,baseline,0.9999984502792358,0.3227531313896179,1,1.0311972487408867
G2B,BraTS-GLI-00621-000,2,3779,target_rescue,0.999997615814209,0.3005511164665222,1,1.299325130842461
G2B,BraTS-GLI-00621-000,2,3779,random_rescue,0.9994309544563293,0.1282331943511963,1,0.7737116144757074
G2B,BraTS-GLI-00621-000,2,3779,dead_rescue,0.9998471736907959,0.14393803477287292,1,0.602438977860827
G2B,BraTS-GLI-00621-000,2,3779,shuffled_rescue,0.9703702330589294,0.008054099977016449,1,1.0031142978158958
G2B,BraTS-GLI-01135-000,2,45,baseline,0.9999936819076538,0.3008515536785126,1,1.947869789772963
G2B,BraTS-GLI-01135-000,2,45,target_rescue,0.9999692440032959,0.2358643263578415,1,2.1448710209127406
G2B,BraTS-GLI-01135-000,2,45,random_rescue,0.9999995231628418,0.12630534172058105,1,1.9111664295196533
G2B,BraTS-GLI-01135-000,2,45,dead_rescue,0.0077460273168981075,0.0001723017921904102,0,1.2234704361130702
G2B,BraTS-GLI-01135-000,2,45,shuffled_rescue,0.9939242005348206,0.13772207498550415,1,1.9635256092556443
G2B,BraTS-GLI-01135-000,6,447,baseline,1.0,0.4493732452392578,1,5.564393198193093
G2B,BraTS-GLI-01135-000,6,447,target_rescue,1.0,0.42377573251724243,1,4.60762892757766
G2B,BraTS-GLI-01135-000,6,447,random_rescue,1.0,0.10498271882534027,1,5.836232249151161
G2B,BraTS-GLI-01135-000,6,447,dead_rescue,0.2571728527545929,0.0008998487028293312,0,1.753079173347825
G2B,BraTS-GLI-01135-000,6,447,shuffled_rescue,0.9999992847442627,0.4182455837726593,1,4.257274384952356
G2B,BraTS-GLI-00608-000,6,16,baseline,0.9529430270195007,0.2641480267047882,1,3.928611139883479
G2B,BraTS-GLI-00608-000,6,16,target_rescue,0.0012195087037980556,0.0001448572875233367,0,15.15717304980272
G2B,BraTS-GLI-00608-000,6,16,random_rescue,0.950245201587677,0.16669881343841553,1,2.9702941216025005
G2B,BraTS-GLI-00608-000,6,16,dead_rescue,0.0193929560482502,0.0018787682056427002,0,2.278787447657834
G2B,BraTS-GLI-00608-000,6,16,shuffled_rescue,1.0863243915082421e-05,1.0998485322488705e-06,0,17.843464713516077
G2B,BraTS-GLI-00608-000,12,43,baseline,0.9994165897369385,0.4577818214893341,1,28.540985274705
G2B,BraTS-GLI-00608-000,12,43,target_rescue,0.9814534187316895,0.2766362428665161,1,10.861588629320241
G2B,BraTS-GLI-00608-000,12,43,random_rescue,0.949326753616333,0.04621114209294319,1,2.949039083633948
G2B,BraTS-GLI-00608-000,12,43,dead_rescue,0.609027624130249,0.02808077447116375,1,2.5643118286740534
G2B,BraTS-GLI-00608-000,12,43,shuffled_rescue,0.9745100736618042,0.17448285222053528,1,8.228548299253667
G2B,BraTS-GLI-00053-000,5,17,baseline,0.9962814450263977,0.2858402132987976,1,5.400436473552544
G2B,BraTS-GLI-00053-000,5,17,target_rescue,0.3038111925125122,0.03569021821022034,0,5.374547579861566
G2B,BraTS-GLI-00053-000,5,17,random_rescue,1.5905662564819067e-08,1.4056382724447758e-09,0,5.4801812171936035
G2B,BraTS-GLI-00053-000,5,17,dead_rescue,0.0005597413401119411,4.4777378207072616e-05,0,2.263551870981852
G2B,BraTS-GLI-00053-000,5,17,shuffled_rescue,0.05385546386241913,0.006380957551300526,0,5.088300870474591
G2B,BraTS-GLI-00530-000,1,2768,baseline,0.9999997615814209,0.048806823790073395,1,2.0907083613753987
G2B,BraTS-GLI-00530-000,1,2768,target_rescue,0.9999996423721313,0.035442523658275604,1,9.816119641899435
G2B,BraTS-GLI-00530-000,1,2768,random_rescue,0.999777615070343,0.014991297386586666,1,0.91561745439476
G2B,BraTS-GLI-00530-000,1,2768,dead_rescue,0.9999585151672363,0.021951492875814438,1,4.706655082475264
G2B,BraTS-GLI-00530-000,1,2768,shuffled_rescue,5.363982251671258e-15,4.551098926610618e-18,0,1.8459877014160155
G2B,BraTS-GLI-01521-000,6,144,baseline,0.9987288117408752,0.17353999614715576,1,2.8625330235849376
G2B,BraTS-GLI-01521-000,6,144,target_rescue,0.9986947178840637,0.08988355100154877,1,6.85650062478453
G2B,BraTS-GLI-01521-000,6,144,random_rescue,2.9055615691220282e-09,5.152769183558448e-11,0,2.0302431869822533
G2B,BraTS-GLI-01521-000,6,144,dead_rescue,0.0011178533313795924,9.260079968953505e-05,0,1.3223965506290547
G2B,BraTS-GLI-01521-000,6,144,shuffled_rescue,0.00020641933951992542,4.1055254769162275e-06,0,9.088196874214457
G2B,BraTS-GLI-01521-000,10,670,baseline,0.9999997615814209,0.302068829536438,1,4.13206664015291
G2B,BraTS-GLI-01521-000,10,670,target_rescue,0.9999997615814209,0.24751724302768707,1,6.72210621350569
G2B,BraTS-GLI-01521-000,10,670,random_rescue,0.12054111063480377,0.0012763072736561298,0,2.510013106961726
G2B,BraTS-GLI-01521-000,10,670,dead_rescue,0.9995751976966858,0.11901502311229706,1,5.313165033085472
G2B,BraTS-GLI-01521-000,10,670,shuffled_rescue,0.9813904762268066,0.02983279712498188,1,7.956623476496297
G2B,BraTS-GLI-00028-000,2,8600,baseline,0.9999997615814209,0.06327761709690094,1,1.0655775671529015
G2B,BraTS-GLI-00028-000,2,8600,target_rescue,0.9999997615814209,0.05419930815696716,1,6.8632768611267165
G2B,BraTS-GLI-00028-000,2,8600,random_rescue,1.0,0.052854686975479126,1,1.4782735129127123
G2B,BraTS-GLI-00028-000,2,8600,dead_rescue,0.999990701675415,0.03083164244890213,1,0.9622502685743541
G2B,BraTS-GLI-00028-000,2,8600,shuffled_rescue,1.5698950657245386e-13,5.519264037331061e-17,0,1.0976887770982875
G2B,BraTS-GLI-01058-000,2,287,baseline,0.9999984502792358,0.49339061975479126,1,1.8160360730720477
G2B,BraTS-GLI-01058-000,2,287,target_rescue,0.99997878074646,0.33427613973617554,1,2.112041832306794
G2B,BraTS-GLI-01058-000,2,287,random_rescue,0.9672262072563171,0.08296424895524979,1,1.540916431380141
G2B,BraTS-GLI-01058-000,2,287,dead_rescue,0.7064264416694641,0.012557161040604115,1,1.2144572977943697
G2B,BraTS-GLI-01058-000,2,287,shuffled_rescue,0.9981905817985535,0.2103264182806015,1,2.0509092469767283
G2B,BraTS-GLI-01228-000,1,7064,baseline,1.0,0.38350600004196167,1,1.2782882075029234
G2B,BraTS-GLI-01228-000,1,7064,target_rescue,1.0,0.3155108392238617,1,1.7421314860061974
G2B,BraTS-GLI-01228-000,1,7064,random_rescue,0.9999997615814209,0.017402347177267075,1,1.3851871120973394
G2B,BraTS-GLI-01228-000,1,7064,dead_rescue,0.9999650716781616,0.010067044757306576,1,1.0444954522808245
G2B,BraTS-GLI-01228-000,1,7064,shuffled_rescue,0.9999997615814209,0.1147201806306839,1,1.4850863677861974
G2B,BraTS-GLI-00239-000,1,440,baseline,0.999998927116394,0.46354249119758606,1,1.6959313312675883
G2B,BraTS-GLI-00239-000,1,440,target_rescue,0.9999953508377075,0.2530509829521179,1,3.435294335868579
G2B,BraTS-GLI-00239-000,1,440,random_rescue,0.9999877214431763,0.20701546967029572,1,2.3433887396593787
G2B,BraTS-GLI-00239-000,1,440,dead_rescue,0.4483010768890381,0.005302577745169401,0,3.0444114048918087
G2B,BraTS-GLI-00239-000,1,440,shuffled_rescue,0.9988033771514893,0.15406133234500885,1,4.613616487860707
G2B,BraTS-GLI-00239-000,25,17,baseline,0.9751043319702148,0.3665299117565155,1,1.4351984189213587
G2B,BraTS-GLI-00239-000,25,17,target_rescue,0.3234633505344391,0.036195337772369385,0,17.367917670991005
G2B,BraTS-GLI-00239-000,25,17,random_rescue,0.11737792938947678,0.01038421131670475,0,1.7066414635424805
G2B,BraTS-GLI-00239-000,25,17,dead_rescue,4.167527731624432e-05,4.080256530869519e-06,0,0.7295987150280896
G2B,BraTS-GLI-00239-000,25,17,shuffled_rescue,0.08753048628568649,0.0075705270282924175,0,9.078918762246172
G2B,BraTS-GLI-00606-000,58,1038,baseline,0.9993240833282471,0.17994536459445953,1,0.9290366585550476
G2B,BraTS-GLI-00606-000,58,1038,target_rescue,0.9990695118904114,0.15922105312347412,1,1.3496403916280153
G2B,BraTS-GLI-00606-000,58,1038,random_rescue,0.9992091059684753,0.10344535112380981,1,0.6799718856811523
G2B,BraTS-GLI-00606-000,58,1038,dead_rescue,0.9275644421577454,0.029723212122917175,1,0.6637969482455568
G2B,BraTS-GLI-00606-000,58,1038,shuffled_rescue,0.01819690316915512,6.0754897276638076e-05,0,1.1420734119611144
G2B,BraTS-GLI-00656-000,1,4558,baseline,1.0,0.3209547698497772,1,1.5352353718864284
G2B,BraTS-GLI-00656-000,1,4558,target_rescue,1.0,0.2545393705368042,1,2.564897609824117
G2B,BraTS-GLI-00656-000,1,4558,random_rescue,1.0,0.05648190528154373,1,1.231412982940674
G2B,BraTS-GLI-00656-000,1,4558,dead_rescue,0.9999923706054688,0.0395733080804348,1,3.2174445514382013
G2B,BraTS-GLI-00656-000,1,4558,shuffled_rescue,0.9973899722099304,0.028751563280820847,1,2.275164469144334
G2B,BraTS-GLI-01205-000,1,2507,baseline,0.9999998807907104,0.2974036633968353,1,1.3399392670604078
G2B,BraTS-GLI-01205-000,1,2507,target_rescue,0.9999998807907104,0.27659836411476135,1,1.563329449579426
G2B,BraTS-GLI-01205-000,1,2507,random_rescue,1.0,0.20858244597911835,1,1.291568930604698
G2B,BraTS-GLI-01205-000,1,2507,dead_rescue,0.9992188215255737,0.06855563074350357,1,0.9927935132482466
G2B,BraTS-GLI-01205-000,1,2507,shuffled_rescue,0.9963979721069336,0.033777423202991486,1,1.2240183220349536
G2B,BraTS-GLI-00391-000,23,5,baseline,0.00570738734677434,0.0011518358951434493,0,0.7711588920423416
G2B,BraTS-GLI-00391-000,23,5,target_rescue,2.7978417804774836e-08,5.595683472137125e-09,0,0.8209110100736379
G2B,BraTS-GLI-00391-000,23,5,random_rescue,3.023444667370201e-13,6.294363495045266e-14,0,0.5134905338287353
G2B,BraTS-GLI-00391-000,23,5,dead_rescue,0.017112500965595245,0.0045122066512703896,0,0.44238280722902723
G2B,BraTS-GLI-00391-000,23,5,shuffled_rescue,9.112792742627107e-10,1.8225629339063687e-10,0,0.8138336704292939
G2B,BraTS-GLI-00160-000,4,421,baseline,1.0,0.44196781516075134,1,5.615541714622617
G2B,BraTS-GLI-00160-000,4,421,target_rescue,1.0,0.37937459349632263,1,9.25989102692982
G2B,BraTS-GLI-00160-000,4,421,random_rescue,1.0,0.22304457426071167,1,7.523183319320256
G2B,BraTS-GLI-00160-000,4,421,dead_rescue,0.9999346733093262,0.15608976781368256,1,7.3475730632006915
G2B,BraTS-GLI-00160-000,4,421,shuffled_rescue,0.99992835521698,0.22925636172294617,1,4.644788729850416
G2B,BraTS-GLI-00379-000,3,89,baseline,0.14419910311698914,0.005450259894132614,0,2.5742813526915698
G2B,BraTS-GLI-00379-000,3,89,target_rescue,0.039310213178396225,0.0005507674068212509,0,4.444169246147586
G2B,BraTS-GLI-00379-000,3,89,random_rescue,7.040905620669946e-05,3.257903472331236e-06,0,1.2696070393254506
G2B,BraTS-GLI-00379-000,3,89,dead_rescue,1.0115461464010878e-06,1.0033825503796834e-07,0,1.3871912956237793
G2B,BraTS-GLI-00379-000,3,89,shuffled_rescue,1.0402482786275868e-07,2.161434364822412e-09,0,4.81145523263367
G2B,BraTS-GLI-00379-000,5,120,baseline,0.01193931419402361,0.000575006240978837,0,2.7137533115109376
G2B,BraTS-GLI-00379-000,5,120,target_rescue,0.000231476646149531,5.741088443755871e-06,0,2.3393558502197265
G2B,BraTS-GLI-00379-000,5,120,random_rescue,1.1162044379064984e-11,9.071886579621602e-13,0,2.079949617863019
G2B,BraTS-GLI-00379-000,5,120,dead_rescue,1.277280603062536e-06,7.83065416953832e-08,0,1.430987684987789
G2B,BraTS-GLI-00379-000,5,120,shuffled_rescue,8.929627171028187e-08,7.948064983942515e-10,0,2.3462366104125976
G2B,BraTS-GLI-00414-000,5,62,baseline,0.9825572371482849,0.11387917399406433,1,1.279670190519616
G2B,BraTS-GLI-00414-000,5,62,target_rescue,0.8601741194725037,0.05356042459607124,1,1.4422323121098644
G2B,BraTS-GLI-00414-000,5,62,random_rescue,1.367493922543872e-07,2.9460127670688507e-09,0,0.8638132599517415
G2B,BraTS-GLI-00414-000,5,62,dead_rescue,0.008624997921288013,0.00032618659315630794,0,1.0012606382369995
G2B,BraTS-GLI-00414-000,5,62,shuffled_rescue,0.0014851035084575415,3.884518810082227e-05,0,1.262563151709548
G2B,BraTS-GLI-00414-000,52,6,baseline,0.979672908782959,0.3365345001220703,1,1.0137244465749737
G2B,BraTS-GLI-00414-000,52,6,target_rescue,0.9045660495758057,0.19576828181743622,1,0.9840907096862793
G2B,BraTS-GLI-00414-000,52,6,random_rescue,3.990800745423684e-10,8.850850607977634e-11,0,0.8714252132643265
G2B,BraTS-GLI-00414-000,52,6,dead_rescue,0.002138918498530984,0.0006361947162076831,0,1.0036366630964344
G2B,BraTS-GLI-00414-000,52,6,shuffled_rescue,0.1736859232187271,0.029983503744006157,0,0.8998665809631348
G2B,BraTS-GLI-01351-000,3,21,baseline,0.9483532905578613,0.1307702362537384,1,6.112439199362846
G2B,BraTS-GLI-01351-000,3,21,target_rescue,1.5030676649985253e-06,9.622154806265826e-08,0,1.0153704975265117
G2B,BraTS-GLI-01351-000,3,21,random_rescue,5.288120879772332e-14,3.4097677633471548e-15,0,0.78781495807469
G2B,BraTS-GLI-01351-000,3,21,dead_rescue,5.7934112618340805e-08,3.5317779811805394e-09,0,0.607877503841363
G2B,BraTS-GLI-01351-000,3,21,shuffled_rescue,6.401450480808535e-09,3.13292891629402e-10,0,0.9723802281832886
G2B,BraTS-GLI-00464-000,1,9168,baseline,0.9999997615814209,0.3489952087402344,1,2.5544256995806736
G2B,BraTS-GLI-00464-000,1,9168,target_rescue,0.9999997615814209,0.32792502641677856,1,4.260537214750151
G2B,BraTS-GLI-00464-000,1,9168,random_rescue,1.0,0.4133198857307434,1,2.1199079594658206
G2B,BraTS-GLI-00464-000,1,9168,dead_rescue,0.9999879598617554,0.21609382331371307,1,2.8748032717877825
G2B,BraTS-GLI-00464-000,1,9168,shuffled_rescue,0.9824910759925842,0.009869941510260105,1,1.8139421269216442
G2B,BraTS-GLI-01053-000,2,17,baseline,0.9154382944107056,0.29025202989578247,1,0.8511811166203682
G2B,BraTS-GLI-01053-000,2,17,target_rescue,0.049162112176418304,0.004743925761431456,0,0.9362841844519743
G2B,BraTS-GLI-01053-000,2,17,random_rescue,0.0015668492997065187,0.00012008407793473452,0,0.7452010346490311
G2B,BraTS-GLI-01053-000,2,17,dead_rescue,0.009502596221864223,0.002060042694211006,0,0.5917051696284448
G2B,BraTS-GLI-01053-000,2,17,shuffled_rescue,0.006519148126244545,0.0007661280105821788,0,0.9409963602083182
G2B,BraTS-GLI-01053-000,27,101,baseline,0.9999626874923706,0.4825192093849182,1,2.106424386105561
G2B,BraTS-GLI-01053-000,27,101,target_rescue,0.9999418258666992,0.32109320163726807,1,2.1555459365444403
G2B,BraTS-GLI-01053-000,27,101,random_rescue,0.9988844990730286,0.09659849107265472,1,2.4538890854363844
G2B,BraTS-GLI-01053-000,27,101,dead_rescue,0.00011498510866658762,1.6838469036883907e-06,0,2.099425951639811
G2B,BraTS-GLI-01053-000,27,101,shuffled_rescue,0.9975911378860474,0.22253377735614777,1,2.0991298827862543
G2B,BraTS-GLI-01053-000,34,76,baseline,0.9779978394508362,0.10624098777770996,1,0.7601697833098525
G2B,BraTS-GLI-01053-000,34,76,target_rescue,0.9738214612007141,0.09314575046300888,1,0.8999057295074795
G2B,BraTS-GLI-01053-000,34,76,random_rescue,0.5420554280281067,0.010760382749140263,1,0.7079224635909793
G2B,BraTS-GLI-01053-000,34,76,dead_rescue,4.797611109097488e-05,9.02968054106168e-07,0,0.5336310846429536
G2B,BraTS-GLI-01053-000,34,76,shuffled_rescue,0.11478368192911148,0.012379549443721771,0,0.8536255826860086
G2B,BraTS-GLI-01053-000,60,9,baseline,0.8975319266319275,0.34640252590179443,1,2.0027235732830992
G2B,BraTS-GLI-01053-000,60,9,target_rescue,0.12623044848442078,0.017282720655202866,0,1.4656142556391782
G2B,BraTS-GLI-01053-000,60,9,random_rescue,9.444614297045685e-16,1.2175734657311044e-16,0,1.215107683815513
G2B,BraTS-GLI-01053-000,60,9,dead_rescue,0.022814109921455383,0.0076965573243796825,0,4.433401356610341
G2B,BraTS-GLI-01053-000,60,9,shuffled_rescue,0.022798938676714897,0.003133716993033886,0,1.4063603079625147
G2B,BraTS-GLI-00746-000,1,9343,baseline,1.0,0.3533329367637634,1,1.4178183323434201
G2B,BraTS-GLI-00746-000,1,9343,target_rescue,1.0,0.29980263113975525,1,2.452477573203803
G2B,BraTS-GLI-00746-000,1,9343,random_rescue,0.9980214834213257,0.06008800491690636,1,1.0824470520019531
G2B,BraTS-GLI-00746-000,1,9343,dead_rescue,0.9997557997703552,0.0359056293964386,1,1.3432380553483003
G2B,BraTS-GLI-00746-000,1,9343,shuffled_rescue,0.9991926550865173,0.03586485609412193,1,1.8618631640148204
G2B,BraTS-GLI-01188-000,2,239,baseline,0.9999885559082031,0.48404109477996826,1,2.4510659553850656
G2B,BraTS-GLI-01188-000,2,239,target_rescue,0.9999823570251465,0.36132997274398804,1,2.626309822534206
G2B,BraTS-GLI-01188-000,2,239,random_rescue,0.9999998807907104,0.5393534302711487,1,2.3262673680665444
G2B,BraTS-GLI-01188-000,2,239,dead_rescue,0.0023486530408263206,7.711818034294993e-05,0,1.8346749544143677
G2B,BraTS-GLI-01188-000,2,239,shuffled_rescue,0.9858594536781311,0.04609033092856407,1,2.113325423681427
G2B,BraTS-GLI-00456-000,4,37,baseline,0.9998471736907959,0.32397958636283875,1,0.8874561370408408
G2B,BraTS-GLI-00456-000,4,37,target_rescue,0.9565533995628357,0.07980024814605713,1,0.8913373554792627
G2B,BraTS-GLI-00456-000,4,37,random_rescue,0.023590615019202232,0.0011155343381687999,0,3.9412111351851222
G2B,BraTS-GLI-00456-000,4,37,dead_rescue,0.9993250370025635,0.21924026310443878,1,1.1095473231254895
G2B,BraTS-GLI-00456-000,4,37,shuffled_rescue,0.0003850075008813292,1.1974087101407349e-05,0,0.7255646102162274
G2B,BraTS-GLI-01299-000,5,484,baseline,0.9999994039535522,0.11470580101013184,1,3.7822318679124307
G2B,BraTS-GLI-01299-000,5,484,target_rescue,0.9999994039535522,0.07980548590421677,1,15.916004889007471
G2B,BraTS-GLI-01299-000,5,484,random_rescue,0.7435435652732849,0.002900432562455535,1,1.8008319647674471
G2B,BraTS-GLI-01299-000,5,484,dead_rescue,0.8829037547111511,0.011307521723210812,1,2.3264406225621563
G2B,BraTS-GLI-01299-000,5,484,shuffled_rescue,2.2013927036823588e-07,1.0439863418199025e-09,0,3.9139037050269425
G2B,BraTS-GLI-01196-000,1,404,baseline,0.9960501790046692,0.061452895402908325,1,2.131477575613556
G2B,BraTS-GLI-01196-000,1,404,target_rescue,0.9957634210586548,0.04069818928837776,1,6.007966995239258
G2B,BraTS-GLI-01196-000,1,404,random_rescue,0.9605804681777954,0.047099869698286057,1,0.858084547572696
G2B,BraTS-GLI-01196-000,1,404,dead_rescue,0.00019616243662312627,1.4830243344476912e-06,0,0.8575559062819943
G2B,BraTS-GLI-01196-000,1,404,shuffled_rescue,2.177033510061821e-12,6.615522982666901e-15,0,1.639658546447754
G2B,BraTS-GLI-00999-000,10,11,baseline,0.9465994238853455,0.31831666827201843,1,1.4527869754975633
G2B,BraTS-GLI-00999-000,10,11,target_rescue,0.000258146901614964,3.13160999212414e-05,0,1.4780312110949134
G2B,BraTS-GLI-00999-000,10,11,random_rescue,0.12991675734519958,0.018133239820599556,0,1.0472755054315048
G2B,BraTS-GLI-00999-000,10,11,dead_rescue,0.4435908794403076,0.045561350882053375,0,1.568499704634425
G2B,BraTS-GLI-00999-000,10,11,shuffled_rescue,2.5342435037600808e-05,2.6564187010080786e-06,0,1.448102603817756
G2B,BraTS-GLI-00793-000,2,282,baseline,1.0,0.45951709151268005,1,3.447109971892828
G2B,BraTS-GLI-00793-000,2,282,target_rescue,1.0,0.3518480956554413,1,6.11940289916876
G2B,BraTS-GLI-00793-000,2,282,random_rescue,0.9977567791938782,0.04777338355779648,1,1.475084138528518
G2B,BraTS-GLI-00793-000,2,282,dead_rescue,0.9959853291511536,0.14469462633132935,1,1.7162316349529574
G2B,BraTS-GLI-00793-000,2,282,shuffled_rescue,0.9916925430297852,0.0577172227203846,1,3.327223949220065
G2B,BraTS-GLI-00061-000,2,750,baseline,1.0,0.1774684488773346,1,1.8936123152040538
G2B,BraTS-GLI-00061-000,2,750,target_rescue,1.0,0.12402366101741791,1,2.221330649008044
G2B,BraTS-GLI-00061-000,2,750,random_rescue,0.9999516010284424,0.03152529522776604,1,1.4214599206554595
G2B,BraTS-GLI-00061-000,2,750,dead_rescue,0.9938495755195618,0.02015562914311886,1,3.6957745797734978
G2B,BraTS-GLI-00061-000,2,750,shuffled_rescue,0.00039672834100201726,8.492394272252568e-07,0,2.2973541408147167
G2B,BraTS-GLI-00401-000,9,6,baseline,0.9929208159446716,0.4260903596878052,1,3.074143349167036
G2B,BraTS-GLI-00401-000,9,6,target_rescue,0.9207346439361572,0.1660030335187912,1,2.7040525615317144
G2B,BraTS-GLI-00401-000,9,6,random_rescue,0.9856923818588257,0.2606472373008728,1,4.31677770614624
G2B,BraTS-GLI-00401-000,9,6,dead_rescue,0.004230416379868984,0.0007154455524869263,0,1.4809734026590984
G2B,BraTS-GLI-00401-000,9,6,shuffled_rescue,0.8911738395690918,0.15787705779075623,1,2.401696240327978
G2B,BraTS-GLI-00139-000,3,1749,baseline,0.9999997615814209,0.3808116912841797,1,2.2785789313323397
G2B,BraTS-GLI-00139-000,3,1749,target_rescue,0.9999997615814209,0.3408202528953552,1,2.9002013083530236
G2B,BraTS-GLI-00139-000,3,1749,random_rescue,0.9993495345115662,0.024840617552399635,1,1.1039016873059797
G2B,BraTS-GLI-00139-000,3,1749,dead_rescue,0.700506329536438,0.004203118849545717,1,2.732629519809631
G2B,BraTS-GLI-00139-000,3,1749,shuffled_rescue,0.9977328777313232,0.10608231276273727,1,2.5767007955456642
G2B,BraTS-GLI-01261-000,24,14,baseline,0.996299684047699,0.26243236660957336,1,1.8582874573982333
G2B,BraTS-GLI-01261-000,24,14,target_rescue,0.2971193194389343,0.025859860703349113,0,1.6980490930957408
G2B,BraTS-GLI-01261-000,24,14,random_rescue,0.0004672897339332849,6.54289688100107e-05,0,1.8275524262918446
G2B,BraTS-GLI-01261-000,24,14,dead_rescue,1.0092638946801458e-09,1.6577510197901546e-10,0,1.8142143885294597
G2B,BraTS-GLI-01261-000,24,14,shuffled_rescue,0.008355959318578243,0.0006135102594271302,0,1.6337879630826864
G2B,BraTS-GLI-01261-000,41,7,baseline,0.9967362284660339,0.2836240231990814,1,1.4794240047883755
G2B,BraTS-GLI-01261-000,41,7,target_rescue,0.6831639409065247,0.0981372743844986,1,1.3833606494409438
G2B,BraTS-GLI-01261-000,41,7,random_rescue,1.6329410696888647e-12,2.4128678113681523e-13,0,1.5583136361059071
G2B,BraTS-GLI-01261-000,41,7,dead_rescue,1.6996533247493062e-07,2.5105709511308305e-08,0,1.2088522574294938
G2B,BraTS-GLI-01261-000,41,7,shuffled_rescue,0.20419399440288544,0.02924889326095581,0,1.26733450379196
G2B,BraTS-GLI-01410-000,2,13,baseline,0.9999979734420776,0.39869725704193115,1,0.8506190299987793
G2B,BraTS-GLI-01410-000,2,13,target_rescue,0.9998055100440979,0.2966606020927429,1,1.302642775114741
G2B,BraTS-GLI-01410-000,2,13,random_rescue,0.08774976432323456,0.006752359215170145,0,1.056073024189664
G2B,BraTS-GLI-01410-000,2,13,dead_rescue,5.35670885426498e-09,4.3823283890631615e-10,0,1.157923146861414
G2B,BraTS-GLI-01410-000,2,13,shuffled_rescue,0.19138671457767487,0.023840736597776413,0,1.1752400417945112
G2B,BraTS-GLI-01216-000,81,9,baseline,0.9734852313995361,0.16928093135356903,1,1.2461549515805666
G2B,BraTS-GLI-01216-000,81,9,target_rescue,0.16608299314975739,0.028717998415231705,0,0.6525439883194794
G2B,BraTS-GLI-01216-000,81,9,random_rescue,6.128603899924201e-07,6.853942124962487e-08,0,0.6902804854658298
G2B,BraTS-GLI-01216-000,81,9,dead_rescue,0.0010943933157250285,0.00012281161616556346,0,1.0228962350894097
G2B,BraTS-GLI-01216-000,81,9,shuffled_rescue,0.019689906388521194,0.002922353334724903,0,0.6471456219469078
G2B,BraTS-GLI-01080-000,4,11,baseline,0.9771143794059753,0.25872984528541565,1,1.3173420946957586
G2B,BraTS-GLI-01080-000,4,11,target_rescue,0.20607739686965942,0.041946057230234146,0,1.494618984198467
G2B,BraTS-GLI-01080-000,4,11,random_rescue,0.0987687036395073,0.009819302707910538,0,2.0034726898101174
G2B,BraTS-GLI-01080-000,4,11,dead_rescue,6.244221003726125e-05,7.5224361353321e-06,0,0.7469199427765846
G2B,BraTS-GLI-01080-000,4,11,shuffled_rescue,0.13005328178405762,0.019745945930480957,0,1.3737166404724122
G2B,BraTS-GLI-00734-001,2,34,baseline,0.5583403706550598,0.07900915294885635,1,1.4852670488621103
G2B,BraTS-GLI-00734-001,2,34,target_rescue,0.1310555636882782,0.012494862079620361,0,2.9243192335846655
G2B,BraTS-GLI-00734-001,2,34,random_rescue,6.474009950352411e-08,5.284004345185167e-09,0,1.0222437065714944
G2B,BraTS-GLI-00734-001,2,34,dead_rescue,1.1643796824500896e-05,1.5625950027242652e-06,0,1.2660399180386732
G2B,BraTS-GLI-00734-001,2,34,shuffled_rescue,0.028176892548799515,0.003140754532068968,0,2.4371165267092034
G2B,BraTS-GLI-01391-000,9,432,baseline,1.0,0.24987655878067017,1,0.9296287912186622
G2B,BraTS-GLI-01391-000,9,432,target_rescue,1.0,0.20737631618976593,1,1.1537738918875415
G2B,BraTS-GLI-01391-000,9,432,random_rescue,1.0,0.28981640934944153,1,0.9863881716636741
G2B,BraTS-GLI-01391-000,9,432,dead_rescue,0.2976413071155548,0.0011229492956772447,0,4.5701854750072295
G2B,BraTS-GLI-01391-000,9,432,shuffled_rescue,0.17408490180969238,0.0007963995449244976,0,0.8717876678592528
G2B,BraTS-GLI-00588-000,1,1345,baseline,1.0,0.2836501896381378,1,2.1113113099752754
G2B,BraTS-GLI-00588-000,1,1345,target_rescue,1.0,0.22992825508117676,1,6.32294641510643
G2B,BraTS-GLI-00588-000,1,1345,random_rescue,1.0,0.12095347046852112,1,3.4853680545603227
G2B,BraTS-GLI-00588-000,1,1345,dead_rescue,0.9999957084655762,0.06101158633828163,1,1.722106096281508
G2B,BraTS-GLI-00588-000,1,1345,shuffled_rescue,0.0009443486924283206,1.3498269026968046e-06,0,1.9633099540309662
G2B,BraTS-GLI-01106-000,2,486,baseline,0.999982476234436,0.4723970293998718,1,2.856217813622069
G2B,BraTS-GLI-01106-000,2,486,target_rescue,0.9999825954437256,0.41476818919181824,1,4.0519582894906545
G2B,BraTS-GLI-01106-000,2,486,random_rescue,0.9866064786911011,0.051423732191324234,1,3.9041959939387985
G2B,BraTS-GLI-01106-000,2,486,dead_rescue,0.9997711777687073,0.14827878773212433,1,2.846519991416745
G2B,BraTS-GLI-01106-000,2,486,shuffled_rescue,0.9957427382469177,0.22594158351421356,1,3.52375506026514
G2B,BraTS-GLI-00043-000,2,11216,baseline,1.0,0.16633640229701996,1,1.7313256076320913
G2B,BraTS-GLI-00043-000,2,11216,target_rescue,1.0,0.15108753740787506,1,4.3482095980720015
G2B,BraTS-GLI-00043-000,2,11216,random_rescue,1.0,0.15892978012561798,1,1.8457525947893139
G2B,BraTS-GLI-00043-000,2,11216,dead_rescue,1.0,0.09539662301540375,1,5.401906689401249
G2B,BraTS-GLI-00043-000,2,11216,shuffled_rescue,0.0011906464351341128,1.1012887313199826e-07,0,0.5669171328794901
G2B,BraTS-GLI-00591-000,3,5,baseline,0.9200398921966553,0.39240318536758423,1,2.9295491047211684
G2B,BraTS-GLI-00591-000,3,5,target_rescue,0.15256422758102417,0.0340132862329483,0,3.5565259100345616
G2B,BraTS-GLI-00591-000,3,5,random_rescue,0.9785937070846558,0.3656598925590515,1,3.102873967631371
G2B,BraTS-GLI-00591-000,3,5,dead_rescue,0.0029695257544517517,0.000653183669783175,0,1.6691594123840332
G2B,BraTS-GLI-00591-000,3,5,shuffled_rescue,0.08778068423271179,0.0201600082218647,0,3.256573349430981
G2B,BraTS-GLI-00117-000,1,7124,baseline,1.0,0.36297181248664856,1,1.5118778211318415
G2B,BraTS-GLI-00117-000,1,7124,target_rescue,1.0,0.32725125551223755,1,1.6411655368607785
G2B,BraTS-GLI-00117-000,1,7124,random_rescue,1.0,0.25507062673568726,1,1.4570684633816142
G2B,BraTS-GLI-00117-000,1,7124,dead_rescue,0.9994533658027649,0.07395859807729721,1,1.4204707365808806
G2B,BraTS-GLI-00117-000,1,7124,shuffled_rescue,0.9997439980506897,0.02809537574648857,1,1.2901748971143858
G2B,BraTS-GLI-00568-000,4,94,baseline,0.9999866485595703,0.30913543701171875,1,8.320633630204577
G2B,BraTS-GLI-00568-000,4,94,target_rescue,0.9999858140945435,0.17133842408657074,1,4.195569801614169
G2B,BraTS-GLI-00568-000,4,94,random_rescue,8.585546424910717e-07,1.422484707802596e-08,0,4.239997690630042
G2B,BraTS-GLI-00568-000,4,94,dead_rescue,0.026480676606297493,0.0005211775423958898,0,1.755161156913415
G2B,BraTS-GLI-00568-000,4,94,shuffled_rescue,0.02255086414515972,0.000606193148996681,0,3.394746785628511
G2B,BraTS-GLI-01302-000,5,156,baseline,0.999995231628418,0.33021292090415955,1,2.4746200352491217
G2B,BraTS-GLI-01302-000,5,156,target_rescue,0.9999934434890747,0.21894195675849915,1,3.121685876855979
G2B,BraTS-GLI-01302-000,5,156,random_rescue,0.9999973773956299,0.3584706485271454,1,3.6724752052004956
G2B,BraTS-GLI-01302-000,5,156,dead_rescue,0.9817665219306946,0.0691416934132576,1,1.5042343059065963
G2B,BraTS-GLI-01302-000,5,156,shuffled_rescue,0.01856112666428089,0.00012630723358597606,0,1.8740091965324739
G2B,BraTS-GLI-01302-000,7,505,baseline,1.0,0.232309952378273,1,1.9686551374181658
G2B,BraTS-GLI-01302-000,7,505,target_rescue,1.0,0.16129909455776215,1,2.1641315985029133
G2B,BraTS-GLI-01302-000,7,505,random_rescue,1.0,0.2807372510433197,1,1.2608774774707097
G2B,BraTS-GLI-01302-000,7,505,dead_rescue,0.9954109787940979,0.05032176151871681,1,2.236407268433555
G2B,BraTS-GLI-01302-000,7,505,shuffled_rescue,2.125483788972815e-08,4.6384805718613364e-11,0,1.1634311205304544
G2B,BraTS-GLI-00732-001,1,818,baseline,0.993186354637146,0.05185119807720184,1,3.6155553340759474
G2B,BraTS-GLI-00732-001,1,818,target_rescue,0.9927381873130798,0.045959118753671646,1,4.221274049258055
G2B,BraTS-GLI-00732-001,1,818,random_rescue,0.6188457608222961,0.007290902081876993,1,3.1727573394775392
G2B,BraTS-GLI-00732-001,1,818,dead_rescue,0.41807499527931213,0.004253271035850048,0,2.2222927337674756
G2B,BraTS-GLI-00732-001,1,818,shuffled_rescue,1.622863237571437e-06,5.195786911826872e-09,0,4.166695808044052
G2B,BraTS-GLI-00732-000,1,402,baseline,0.8403947949409485,0.020786326378583908,1,2.3703665667415605
G2B,BraTS-GLI-00732-000,1,402,target_rescue,0.8515257239341736,0.012656056322157383,1,7.276026517919298
G2B,BraTS-GLI-00732-000,1,402,random_rescue,0.002747871447354555,2.544615199440159e-05,0,1.3098380450653269
G2B,BraTS-GLI-00732-000,1,402,dead_rescue,0.030699150636792183,0.00037185323890298605,0,1.2102446092219925
G2B,BraTS-GLI-00732-000,1,402,shuffled_rescue,2.6674531472536955e-09,2.365111578805923e-11,0,2.700523572338822
G2B,BraTS-GLI-00014-001,1,20052,baseline,0.9999991655349731,0.42166686058044434,1,19.62777574500421
G2B,BraTS-GLI-00014-001,1,20052,target_rescue,0.9999980926513672,0.4148504436016083,1,67.10771864402261
G2B,BraTS-GLI-00014-001,1,20052,random_rescue,0.9999998807907104,0.22904963791370392,1,1.3564822760227504
G2B,BraTS-GLI-00014-001,1,20052,dead_rescue,0.9999545812606812,0.18530941009521484,1,0.8869558319701762
G2B,BraTS-GLI-00014-001,1,20052,shuffled_rescue,0.9964344501495361,0.10196663439273834,1,21.91377584945912
G2B,BraTS-GLI-01379-000,13,6,baseline,0.9844154715538025,0.2551558315753937,1,0.6747369071196765
G2B,BraTS-GLI-01379-000,13,6,target_rescue,0.9449451565742493,0.17044059932231903,1,0.9897559261573563
G2B,BraTS-GLI-01379-000,13,6,random_rescue,0.7651841044425964,0.14719292521476746,1,0.7550435662269592
G2B,BraTS-GLI-01379-000,13,6,dead_rescue,0.007254472933709621,0.0012812743661925197,0,0.7518919139256094
G2B,BraTS-GLI-01379-000,13,6,shuffled_rescue,0.9254422187805176,0.1586277037858963,1,1.0299581111380327
G2B,BraTS-GLI-00400-000,12,5,baseline,0.9708049297332764,0.4083409309387207,1,1.003996496574441
G2B,BraTS-GLI-00400-000,12,5,target_rescue,0.9408281445503235,0.22849634289741516,1,0.9790242165419429
G2B,BraTS-GLI-00400-000,12,5,random_rescue,8.504031256961753e-09,2.0805257516798292e-09,0,1.1296105679376311
G2B,BraTS-GLI-00400-000,12,5,dead_rescue,3.73764699190815e-08,9.795028788062154e-09,0,1.175018310546875
G2B,BraTS-GLI-00400-000,12,5,shuffled_rescue,0.9066454172134399,0.20998838543891907,1,0.9743664294952084
G2B,BraTS-GLI-00025-000,1,4498,baseline,1.0,0.16883200407028198,1,3.909657080957569
G2B,BraTS-GLI-00025-000,1,4498,target_rescue,1.0,0.16108198463916779,1,10.858007588159413
G2B,BraTS-GLI-00025-000,1,4498,random_rescue,0.999868631362915,0.03807550296187401,1,4.343043822219025
G2B,BraTS-GLI-00025-000,1,4498,dead_rescue,0.9999760389328003,0.058939918875694275,1,6.333880781997252
G2B,BraTS-GLI-00025-000,1,4498,shuffled_rescue,8.618499691692705e-07,4.2670128541644203e-10,0,1.506684641727319
G2B,BraTS-GLI-01151-000,2,178,baseline,0.9870895743370056,0.1536349207162857,1,4.272982921927648
G2B,BraTS-GLI-01151-000,2,178,target_rescue,0.9861836433410645,0.09997661411762238,1,6.038130197206908
G2B,BraTS-GLI-01151-000,2,178,random_rescue,0.8476842045783997,0.08611321449279785,1,1.584874775104925
G2B,BraTS-GLI-01151-000,2,178,dead_rescue,7.048887346172705e-05,5.128156772116199e-06,0,1.1431958406126879
G2B,BraTS-GLI-01151-000,2,178,shuffled_rescue,0.001677780644968152,2.0031529857078567e-05,0,7.008859580220904
G2B,BraTS-GLI-00659-000,3,193,baseline,0.9997519850730896,0.21476297080516815,1,5.3687553399630215
G2B,BraTS-GLI-00659-000,3,193,target_rescue,0.9997221827507019,0.13440640270709991,1,9.67391391794106
G2B,BraTS-GLI-00659-000,3,193,random_rescue,0.235471710562706,0.004925880115479231,0,6.346236784359436
G2B,BraTS-GLI-00659-000,3,193,dead_rescue,0.061644259840250015,0.000579888466745615,0,2.0899228775244603
G2B,BraTS-GLI-00659-000,3,193,shuffled_rescue,0.11764539778232574,0.0017409150023013353,0,5.595409421146628
G2B,BraTS-GLI-01207-000,4,9,baseline,0.9996824264526367,0.43266814947128296,1,2.4761265610804983
G2B,BraTS-GLI-01207-000,4,9,target_rescue,0.9802875518798828,0.1846560388803482,1,2.192701819680037
G2B,BraTS-GLI-01207-000,4,9,random_rescue,0.9999998807907104,0.443448543548584,1,2.7956155141194663
G2B,BraTS-GLI-01207-000,4,9,dead_rescue,1.7061412282970423e-09,2.0004199685619284e-10,0,2.645748774210612
G2B,BraTS-GLI-01207-000,4,9,shuffled_rescue,0.865967869758606,0.11848089098930359,1,2.152105076061576
G2B,BraTS-GLI-01366-000,1,612,baseline,0.9999892711639404,0.04140662029385567,1,1.262961566338502
G2B,BraTS-GLI-01366-000,1,612,target_rescue,0.9999822378158569,0.01995442621409893,1,1.4344940789546299
G2B,BraTS-GLI-01366-000,1,612,random_rescue,0.09307783097028732,0.0004278162377886474,0,0.9573319615291004
G2B,BraTS-GLI-01366-000,1,612,dead_rescue,0.048037316650152206,0.0002071802446153015,0,1.0882044383844636
G2B,BraTS-GLI-01366-000,1,612,shuffled_rescue,1.9912263605779886e-16,5.882600391698957e-19,0,0.9390444119668654
G2B,BraTS-GLI-00061-001,1,2814,baseline,1.0,0.26168063282966614,1,1.5431765074340833
G2B,BraTS-GLI-00061-001,1,2814,target_rescue,1.0,0.1991170048713684,1,2.90452042647398
G2B,BraTS-GLI-00061-001,1,2814,random_rescue,0.999997615814209,0.02248564176261425,1,3.3155460357666016
G2B,BraTS-GLI-00061-001,1,2814,dead_rescue,0.9961460828781128,0.004660012200474739,1,2.5656401722620004
G2B,BraTS-GLI-00061-001,1,2814,shuffled_rescue,0.936758816242218,0.002883642679080367,1,2.0643335653612
G2B,BraTS-GLI-00654-000,2,2345,baseline,0.9999406337738037,0.007645627949386835,1,1.1550552473824032
G2B,BraTS-GLI-00654-000,2,2345,target_rescue,0.9999351501464844,0.005471305456012487,1,1.8136241912841797
G2B,BraTS-GLI-00654-000,2,2345,random_rescue,0.6151067614555359,0.00035481504164636135,1,0.7245657943577298
G2B,BraTS-GLI-00654-000,2,2345,dead_rescue,0.0024367175064980984,1.013103701552609e-05,0,0.6844044546072175
G2B,BraTS-GLI-00654-000,2,2345,shuffled_rescue,3.280972195022182e-17,2.8708821810558685e-20,0,1.1215800285339355
G2B,BraTS-GLI-01508-000,3,1253,baseline,0.9999988079071045,0.2728080153465271,1,4.565463326485016
G2B,BraTS-GLI-01508-000,3,1253,target_rescue,0.9999988079071045,0.2372542768716812,1,3.6763947433324002
G2B,BraTS-GLI-01508-000,3,1253,random_rescue,0.9135683178901672,0.020309310406446457,1,16.351511513061595
G2B,BraTS-GLI-01508-000,3,1253,dead_rescue,0.6590855717658997,0.0058822729624807835,1,1.019630774059574
G2B,BraTS-GLI-01508-000,3,1253,shuffled_rescue,0.023390624672174454,5.019498348701745e-05,0,1.6046402733123057
G2B,BraTS-GLI-01664-000,1,2514,baseline,1.0,0.14047715067863464,1,1.4360222901288664
G2B,BraTS-GLI-01664-000,1,2514,target_rescue,1.0,0.11399048566818237,1,2.133682615295103
G2B,BraTS-GLI-01664-000,1,2514,random_rescue,0.976597249507904,0.00125911645591259,1,0.808999589285127
G2B,BraTS-GLI-01664-000,1,2514,dead_rescue,1.0,0.04863874986767769,1,1.5589767981235403
G2B,BraTS-GLI-01664-000,1,2514,shuffled_rescue,0.00040289791650138795,1.7289184484070574e-07,0,0.8061241084948986
G2B,BraTS-GLI-01664-000,4,3529,baseline,0.9999997615814209,0.014399264007806778,1,1.0371033187188974
G2B,BraTS-GLI-01664-000,4,3529,target_rescue,0.9999998807907104,0.011556125245988369,1,3.0926740716628167
G2B,BraTS-GLI-01664-000,4,3529,random_rescue,0.0023466763086616993,7.069485263855313e-07,0,0.6343318013589792
G2B,BraTS-GLI-01664-000,4,3529,dead_rescue,0.9875882267951965,0.003229261375963688,1,1.2534457926554645
G2B,BraTS-GLI-01664-000,4,3529,shuffled_rescue,1.0608511681955979e-13,6.813394723115173e-17,0,0.900897824166061
G2B,BraTS-GLI-01664-000,6,1710,baseline,1.0,0.2037794440984726,1,3.26403029605049
G2B,BraTS-GLI-01664-000,6,1710,target_rescue,1.0,0.17401081323623657,1,7.747299698605829
G2B,BraTS-GLI-01664-000,6,1710,random_rescue,1.0,0.1585802584886551,1,4.0881349828510265
G2B,BraTS-GLI-01664-000,6,1710,dead_rescue,0.9999998807907104,0.06762789189815521,1,4.989519504899473
G2B,BraTS-GLI-01664-000,6,1710,shuffled_rescue,0.0001185553046525456,1.6478087161431176e-07,0,1.7101718081144337
G2B,BraTS-GLI-01501-000,8,25,baseline,0.8621885776519775,0.06285618245601654,1,3.8715557400920497
G2B,BraTS-GLI-01501-000,8,25,target_rescue,0.24032096564769745,0.009706568904221058,0,1.9666152666820709
G2B,BraTS-GLI-01501-000,8,25,random_rescue,2.5456252164264385e-14,1.252443879875653e-15,0,1.9828856011457399
G2B,BraTS-GLI-01501-000,8,25,dead_rescue,9.4456363513018e-06,5.1446500037855e-07,0,2.1258608621742225
G2B,BraTS-GLI-01501-000,8,25,shuffled_rescue,0.00027932622469961643,1.1804611858678982e-05,0,1.848933458328247
G2B,BraTS-GLI-01501-000,15,13,baseline,0.9586662650108337,0.19554108381271362,1,3.2116380120132915
G2B,BraTS-GLI-01501-000,15,13,target_rescue,0.7871970534324646,0.07334000617265701,1,6.647542890083816
G2B,BraTS-GLI-01501-000,15,13,random_rescue,0.00023611172218807042,2.5140632715192623e-05,0,7.6273666807719716
G2B,BraTS-GLI-01501-000,15,13,dead_rescue,1.1506588180054678e-06,1.8847751448447525e-07,0,2.3022023836771646
G2B,BraTS-GLI-01501-000,15,13,shuffled_rescue,0.5271299481391907,0.04190652072429657,1,6.586185392537431
G2B,BraTS-GLI-00310-000,51,7,baseline,0.9995729327201843,0.44456225633621216,1,1.975306501425397
G2B,BraTS-GLI-00310-000,51,7,target_rescue,0.9936909675598145,0.414752721786499,1,1.6664036199514893
G2B,BraTS-GLI-00310-000,51,7,random_rescue,6.71197056267836e-11,9.816086311842387e-12,0,1.3567338088939291
G2B,BraTS-GLI-00310-000,51,7,dead_rescue,0.0002500827831681818,5.424560731626116e-05,0,1.8809644381205242
G2B,BraTS-GLI-00310-000,51,7,shuffled_rescue,0.9920468330383301,0.39338651299476624,1,1.6060238699929124
G2B,BraTS-GLI-00087-000,19,241,baseline,0.9999816417694092,0.292695552110672,1,10.038882336612952
G2B,BraTS-GLI-00087-000,19,241,target_rescue,0.9999761581420898,0.18206338584423065,1,5.393600082397461
G2B,BraTS-GLI-00087-000,19,241,random_rescue,1.0043986975460939e-07,2.291659972897264e-09,0,5.543055239391865
G2B,BraTS-GLI-00087-000,19,241,dead_rescue,0.41836991906166077,0.008567537181079388,0,3.1537221251538985
G2B,BraTS-GLI-00087-000,19,241,shuffled_rescue,6.06353793841663e-08,4.285638233181288e-10,0,3.6197135925292967
G2B,BraTS-GLI-00466-000,4,2432,baseline,1.0,0.3117353320121765,1,1.9299319386896716
G2B,BraTS-GLI-00466-000,4,2432,target_rescue,1.0,0.26751548051834106,1,2.9517555295379734
G2B,BraTS-GLI-00466-000,4,2432,random_rescue,1.0,0.4458402693271637,1,1.520885638774853
G2B,BraTS-GLI-00466-000,4,2432,dead_rescue,0.9999998807907104,0.15870630741119385,1,1.7463223879625294
G2B,BraTS-GLI-00466-000,4,2432,shuffled_rescue,0.6301689147949219,0.0007093314197845757,1,2.022527591676724
G2B,BraTS-GLI-00088-000,5,283,baseline,1.0,0.5027838349342346,1,7.961348187910481
G2B,BraTS-GLI-00088-000,5,283,target_rescue,0.9999998807907104,0.3396560549736023,1,17.42889533328475
G2B,BraTS-GLI-00088-000,5,283,random_rescue,0.9999626874923706,0.1332864612340927,1,2.3998903839849763
G2B,BraTS-GLI-00088-000,5,283,dead_rescue,0.9337281584739685,0.04048530384898186,1,2.034676943712714
G2B,BraTS-GLI-00088-000,5,283,shuffled_rescue,0.9555261731147766,0.023359743878245354,1,12.526693694846168
G2B,BraTS-GLI-01070-000,17,135,baseline,0.9999974966049194,0.31430092453956604,1,4.5253020421786445
G2B,BraTS-GLI-01070-000,17,135,target_rescue,0.9995163679122925,0.10007066279649734,1,4.394739217623355
G2B,BraTS-GLI-01070-000,17,135,random_rescue,0.9988928437232971,0.14757463335990906,1,3.1182918132797224
G2B,BraTS-GLI-01070-000,17,135,dead_rescue,0.024985847994685173,0.0005049558239988983,0,1.8327578158811244
G2B,BraTS-GLI-01070-000,17,135,shuffled_rescue,0.00011668055958580226,1.5140248024181346e-06,0,3.7937172541541933
G2B,BraTS-GLI-01154-000,1,5077,baseline,0.9999963045120239,0.2734629809856415,1,1.716274630854063
G2B,BraTS-GLI-01154-000,1,5077,target_rescue,0.9999936819076538,0.2460084855556488,1,3.106002897291057
G2B,BraTS-GLI-01154-000,1,5077,random_rescue,0.9927924871444702,0.05678350478410721,1,1.2873736997005858
G2B,BraTS-GLI-01154-000,1,5077,dead_rescue,0.9729931354522705,0.01227740477770567,1,1.1690449255599786
G2B,BraTS-GLI-01154-000,1,5077,shuffled_rescue,0.22133386135101318,0.0005274617578834295,0,1.9593093751703121
G2B,BraTS-GLI-00615-000,1,4845,baseline,1.0,0.5070494413375854,1,1.8755947090396257
G2B,BraTS-GLI-00615-000,1,4845,target_rescue,1.0,0.45576122403144836,1,2.646971956596467
G2B,BraTS-GLI-00615-000,1,4845,random_rescue,1.0,0.4420070946216583,1,1.284123420715332
G2B,BraTS-GLI-00615-000,1,4845,dead_rescue,1.0,0.2810479998588562,1,2.4770931972469734
G2B,BraTS-GLI-00615-000,1,4845,shuffled_rescue,0.9999966621398926,0.3385999798774719,1,2.187296763256125
G2B,BraTS-GLI-00498-000,1,11654,baseline,1.0,0.2378038763999939,1,1.228062758986569
G2B,BraTS-GLI-00498-000,1,11654,target_rescue,1.0,0.21190476417541504,1,2.6325289701077743
G2B,BraTS-GLI-00498-000,1,11654,random_rescue,1.0,0.17930714786052704,1,7.3940713647377905
G2B,BraTS-GLI-00498-000,1,11654,dead_rescue,0.9999936819076538,0.10728418827056885,1,2.5353381724063513
G2B,BraTS-GLI-00498-000,1,11654,shuffled_rescue,0.0005305398954078555,2.390882514191617e-07,0,0.842201823841069
G2B,BraTS-GLI-01122-000,3,94,baseline,0.9996868371963501,0.15404018759727478,1,1.902182370689209
G2B,BraTS-GLI-01122-000,3,94,target_rescue,0.9980769157409668,0.06949443370103836,1,3.404932116687729
G2B,BraTS-GLI-01122-000,3,94,random_rescue,6.990642577875406e-05,9.508744938102609e-07,0,1.2746935844421388
G2B,BraTS-GLI-01122-000,3,94,dead_rescue,0.5144572854042053,0.023055650293827057,1,1.6079114838674722
G2B,BraTS-GLI-01122-000,3,94,shuffled_rescue,4.479574727156432e-06,5.566744221141562e-08,0,2.4251268270006308
G2B,BraTS-GLI-00203-000,2,10,baseline,0.9982032775878906,0.6562048196792603,1,1.430197048187256
G2B,BraTS-GLI-00203-000,2,10,target_rescue,0.9879777431488037,0.4366437792778015,1,1.550918385593359
G2B,BraTS-GLI-00203-000,2,10,random_rescue,1.6470461616791e-07,3.2617858636285746e-08,0,1.0483487514158523
G2B,BraTS-GLI-00203-000,2,10,dead_rescue,6.504379143734695e-06,7.187505275396688e-07,0,1.585487698405107
G2B,BraTS-GLI-00203-000,2,10,shuffled_rescue,0.9747841358184814,0.3455449044704437,1,1.4893577245187917
G2B,BraTS-GLI-00529-000,1,13104,baseline,1.0,0.5073965191841125,1,1.3718943267762707
G2B,BraTS-GLI-00529-000,1,13104,target_rescue,1.0,0.44541749358177185,1,1.839315443674978
G2B,BraTS-GLI-00529-000,1,13104,random_rescue,0.999983549118042,0.027525652199983597,1,4.190309811309007
G2B,BraTS-GLI-00529-000,1,13104,dead_rescue,1.0,0.1808028668165207,1,1.541769508512772
G2B,BraTS-GLI-00529-000,1,13104,shuffled_rescue,0.9999996423721313,0.3708033561706543,1,1.6630294684430957
G2B,BraTS-GLI-01344-000,2,36,baseline,0.9981531500816345,0.23301845788955688,1,4.1849394542142475
G2B,BraTS-GLI-01344-000,2,36,target_rescue,0.8425248861312866,0.028965506702661514,1,34.05019671404978
G2B,BraTS-GLI-01344-000,2,36,random_rescue,0.012690597213804722,0.0004876042949035764,0,2.487181501055132
G2B,BraTS-GLI-01344-000,2,36,dead_rescue,0.0035357098095119,0.0002721101336646825,0,4.498578610591072
G2B,BraTS-GLI-01344-000,2,36,shuffled_rescue,0.0005406839773058891,2.388571374467574e-05,0,18.544756399420745
G2B,BraTS-GLI-00113-000,1,1644,baseline,1.0,0.2933698296546936,1,2.357495235247169
G2B,BraTS-GLI-00113-000,1,1644,target_rescue,1.0,0.26155221462249756,1,3.2569260552583374
G2B,BraTS-GLI-00113-000,1,1644,random_rescue,0.009721780195832253,1.1797469596785959e-05,0,1.3245820405529767
G2B,BraTS-GLI-00113-000,1,1644,dead_rescue,0.6676421165466309,0.002534551080316305,1,9.178357779178528
G2B,BraTS-GLI-00113-000,1,1644,shuffled_rescue,0.3599328398704529,0.0008855067426338792,0,2.1363568270267708
G2B,BraTS-GLI-00022-001,2,217,baseline,0.9999936819076538,0.170388862490654,1,2.257754757289732
G2B,BraTS-GLI-00022-001,2,217,target_rescue,0.9999525547027588,0.09304994344711304,1,3.454158541595508
G2B,BraTS-GLI-00022-001,2,217,random_rescue,0.9463567137718201,0.020892120897769928,1,0.880755335172186
G2B,BraTS-GLI-00022-001,2,217,dead_rescue,0.40128520131111145,0.01663048192858696,0,1.8582450728370887
G2B,BraTS-GLI-00022-001,2,217,shuffled_rescue,4.5803480452910605e-10,2.4409987919860043e-12,0,2.0312657898265374
G2B,BraTS-GLI-00019-000,2,319,baseline,0.999297022819519,0.07822459191083908,1,6.039995316061867
G2B,BraTS-GLI-00019-000,2,319,target_rescue,0.9985154271125793,0.029691526666283607,1,6.870687101822588
G2B,BraTS-GLI-00019-000,2,319,random_rescue,7.211996688738509e-08,3.996087905022705e-10,0,2.8801174808652807
G2B,BraTS-GLI-00019-000,2,319,dead_rescue,0.17240481078624725,0.003166334005072713,0,2.134627116754405
G2B,BraTS-GLI-00019-000,2,319,shuffled_rescue,3.948653036489613e-12,2.7385705126683167e-14,0,4.40351566871709
G2B,BraTS-GLI-00658-000,5,13,baseline,0.9580877423286438,0.3253069221973419,1,6.672744915252366
G2B,BraTS-GLI-00658-000,5,13,target_rescue,0.09694312512874603,0.00794126931577921,0,4.233029083314299
G2B,BraTS-GLI-00658-000,5,13,random_rescue,3.021062548214104e-05,3.244698518756195e-06,0,4.690885169578682
G2B,BraTS-GLI-00658-000,5,13,dead_rescue,8.337288818438537e-06,1.0771159395517316e-06,0,1.7418937683105469
G2B,BraTS-GLI-00658-000,5,13,shuffled_rescue,0.0630773976445198,0.0051171863451600075,0,4.063663484591328
G2B,BraTS-GLI-00014-000,1,2557,baseline,0.9999901056289673,0.1420501172542572,1,2.496497164216255
G2B,BraTS-GLI-00014-000,1,2557,target_rescue,0.9999765157699585,0.1196879968047142,1,3.495779560739022
G2B,BraTS-GLI-00014-000,1,2557,random_rescue,0.9999988079071045,0.08822310715913773,1,1.7088070679716334
G2B,BraTS-GLI-00014-000,1,2557,dead_rescue,0.9993126392364502,0.049925558269023895,1,1.494081211436502
G2B,BraTS-GLI-00014-000,1,2557,shuffled_rescue,1.3869488668660779e-08,2.6476909206762933e-11,0,1.8784550472607242
G2B,BraTS-GLI-01163-000,11,36,baseline,0.9997139573097229,0.31412094831466675,1,5.2440125771724455
G2B,BraTS-GLI-01163-000,11,36,target_rescue,0.9996644258499146,0.18826381862163544,1,1.6879770277077506
G2B,BraTS-GLI-01163-000,11,36,random_rescue,4.95553103974089e-05,2.6255092961946502e-06,0,2.158027422724954
G2B,BraTS-GLI-01163-000,11,36,dead_rescue,3.885263140546158e-05,5.8736613937071525e-06,0,1.150073230274732
G2B,BraTS-GLI-01163-000,11,36,shuffled_rescue,0.996378481388092,0.07241623103618622,1,1.48096909333968
G2B,BraTS-GLI-00543-000,1,9654,baseline,1.0,0.19545938074588776,1,1.9489961637435522
G2B,BraTS-GLI-00543-000,1,9654,target_rescue,1.0,0.16455808281898499,1,6.93856045890291
G2B,BraTS-GLI-00543-000,1,9654,random_rescue,1.0,0.1629343330860138,1,11.880154147731677
G2B,BraTS-GLI-00543-000,1,9654,dead_rescue,0.9998750686645508,0.023400621488690376,1,0.6835008170572152
G2B,BraTS-GLI-00543-000,1,9654,shuffled_rescue,0.07240046560764313,1.2484253602451645e-05,0,1.5362621380625825
G2B,BraTS-GLI-01523-000,1,1368,baseline,1.0,0.35676446557044983,1,1.3672874215540007
G2B,BraTS-GLI-01523-000,1,1368,target_rescue,1.0,0.30439823865890503,1,2.070902117176543
G2B,BraTS-GLI-01523-000,1,1368,random_rescue,1.0,0.3827553987503052,1,2.9998650550842285
G2B,BraTS-GLI-01523-000,1,1368,dead_rescue,0.999996542930603,0.13468709588050842,1,1.9835140507458586
G2B,BraTS-GLI-01523-000,1,1368,shuffled_rescue,0.9991866946220398,0.03301379829645157,1,1.305635193621769
G2B,BraTS-GLI-00171-000,3,2489,baseline,0.9999998807907104,0.43436235189437866,1,5.896955777104708
G2B,BraTS-GLI-00171-000,3,2489,target_rescue,0.9999998807907104,0.3890720307826996,1,13.63978246388147
G2B,BraTS-GLI-00171-000,3,2489,random_rescue,0.9999963045120239,0.20657427608966827,1,9.240988906722698
G2B,BraTS-GLI-00171-000,3,2489,dead_rescue,0.9999614953994751,0.18013760447502136,1,5.891279189925372
G2B,BraTS-GLI-00171-000,3,2489,shuffled_rescue,0.9994764924049377,0.1341845542192459,1,8.89362037594808
G2B,BraTS-GLI-00293-000,1,792,baseline,1.0,0.3976146876811981,1,3.7442962550245906
G2B,BraTS-GLI-00293-000,1,792,target_rescue,1.0,0.334474116563797,1,4.204352729324153
G2B,BraTS-GLI-00293-000,1,792,random_rescue,0.9999996423721313,0.2034984678030014,1,2.1815153491604793
G2B,BraTS-GLI-00293-000,1,792,dead_rescue,0.9999866485595703,0.12461092323064804,1,3.542571079652584
G2B,BraTS-GLI-00293-000,1,792,shuffled_rescue,0.9947717785835266,0.03567066416144371,1,4.29685683823577
G2B,BraTS-GLI-01049-000,11,34,baseline,0.9959650039672852,0.3956756591796875,1,2.3451129014484366
G2B,BraTS-GLI-01049-000,11,34,target_rescue,0.9735865592956543,0.11402209848165512,1,3.2844131009479556
G2B,BraTS-GLI-01049-000,11,34,random_rescue,0.999797523021698,0.9015704393386841,1,1.8540523048979174
G2B,BraTS-GLI-01049-000,11,34,dead_rescue,0.013287953101098537,0.0012811273336410522,0,1.567644385820088
G2B,BraTS-GLI-01049-000,11,34,shuffled_rescue,0.457241028547287,0.028289148584008217,0,3.1163433390121553
G2B,BraTS-GLI-00328-000,20,37,baseline,0.9996403455734253,0.049199268221855164,1,1.8864843269975466
G2B,BraTS-GLI-00328-000,20,37,target_rescue,0.9816820025444031,0.02654368430376053,1,1.3067360914773154
G2B,BraTS-GLI-00328-000,20,37,random_rescue,0.9954635500907898,0.3246386647224426,1,1.3716818141966367
G2B,BraTS-GLI-00328-000,20,37,dead_rescue,3.4318494726903737e-05,4.4231869651412126e-06,0,1.7262481283644877
G2B,BraTS-GLI-00328-000,20,37,shuffled_rescue,0.019787775352597237,0.0005348063423298299,0,1.2029873819404506
G2B,BraTS-GLI-01230-000,1,9175,baseline,1.0,0.4404352307319641,1,0.8561768424083782
G2B,BraTS-GLI-01230-000,1,9175,target_rescue,1.0,0.3911970555782318,1,1.0818656967894604
G2B,BraTS-GLI-01230-000,1,9175,random_rescue,1.0,0.3824257552623749,1,0.7925200118472514
G2B,BraTS-GLI-01230-000,1,9175,dead_rescue,1.0,0.11088572442531586,1,0.6688015155179319
G2B,BraTS-GLI-01230-000,1,9175,shuffled_rescue,0.9999996423721313,0.21782700717449188,1,0.9628748704321929
G2B,BraTS-GLI-01245-000,57,953,baseline,0.9999744892120361,0.23814234137535095,1,1.8592026863494189
G2B,BraTS-GLI-01245-000,57,953,target_rescue,0.9999723434448242,0.2170601636171341,1,1.9182190638578893
G2B,BraTS-GLI-01245-000,57,953,random_rescue,0.9999994039535522,0.3228967785835266,1,1.1234407766896362
G2B,BraTS-GLI-01245-000,57,953,dead_rescue,0.6396824717521667,0.02121821604669094,1,0.8140943943215738
G2B,BraTS-GLI-01245-000,57,953,shuffled_rescue,0.9342210292816162,0.03405427187681198,1,1.4536358700088508
G2B,BraTS-GLI-01498-000,36,92,baseline,0.9988195300102234,0.16807401180267334,1,0.8887162955785326
G2B,BraTS-GLI-01498-000,36,92,target_rescue,0.9923842549324036,0.10557886958122253,1,1.0694794186740397
G2B,BraTS-GLI-01498-000,36,92,random_rescue,0.5122827887535095,0.007739570923149586,1,1.1183652170640281
G2B,BraTS-GLI-01498-000,36,92,dead_rescue,0.028139859437942505,0.0004383307241369039,0,1.0428758875821644
G2B,BraTS-GLI-01498-000,36,92,shuffled_rescue,0.03315918892621994,0.0006369079346768558,0,0.9438745276345697
G2B,BraTS-GLI-00033-000,1,3817,baseline,1.0,0.3695634603500366,1,4.6752019517791785
G2B,BraTS-GLI-00033-000,1,3817,target_rescue,1.0,0.3325328230857849,1,12.41636374196249
G2B,BraTS-GLI-00033-000,1,3817,random_rescue,0.999998927116394,0.10061823576688766,1,2.3387253810076674
G2B,BraTS-GLI-00033-000,1,3817,dead_rescue,1.0,0.19585421681404114,1,25.527901869179626
G2B,BraTS-GLI-00033-000,1,3817,shuffled_rescue,0.9999841451644897,0.04508136212825775,1,6.737692558730091
G2B,BraTS-GLI-01488-000,1,11276,baseline,1.0,0.40217041969299316,1,4.682318960227454
G2B,BraTS-GLI-01488-000,1,11276,target_rescue,1.0,0.39245861768722534,1,5.995535942547138
G2B,BraTS-GLI-01488-000,1,11276,random_rescue,1.0,0.30799242854118347,1,4.505486192239537
G2B,BraTS-GLI-01488-000,1,11276,dead_rescue,0.9999814033508301,0.1530715674161911,1,4.265274709020501
G2B,BraTS-GLI-01488-000,1,11276,shuffled_rescue,0.9999496936798096,0.12102069705724716,1,4.133077805859574
G2B,BraTS-GLI-01532-000,1,15471,baseline,1.0,0.47631531953811646,1,2.2676729147902055
G2B,BraTS-GLI-01532-000,1,15471,target_rescue,1.0,0.43545517325401306,1,3.719842144734976
G2B,BraTS-GLI-01532-000,1,15471,random_rescue,0.9999997615814209,0.08525240421295166,1,4.1398849461928275
G2B,BraTS-GLI-01532-000,1,15471,dead_rescue,1.0,0.2361445426940918,1,6.782019181970879
G2B,BraTS-GLI-01532-000,1,15471,shuffled_rescue,1.0,0.41296494007110596,1,2.490427361045403
G2B,BraTS-GLI-01152-000,1,2857,baseline,1.0,0.46681106090545654,1,2.842517321965564
G2B,BraTS-GLI-01152-000,1,2857,target_rescue,1.0,0.4229501783847809,1,5.890091147954627
G2B,BraTS-GLI-01152-000,1,2857,random_rescue,1.0,0.409258097410202,1,2.6541446862097935
G2B,BraTS-GLI-01152-000,1,2857,dead_rescue,0.9999803304672241,0.07608367502689362,1,4.545905676219074
G2B,BraTS-GLI-01152-000,1,2857,shuffled_rescue,0.9999980926513672,0.09181425720453262,1,2.3896150264245564
G2B,BraTS-GLI-01225-000,1,458,baseline,1.0,0.4860116243362427,1,2.8388214492620736
G2B,BraTS-GLI-01225-000,1,458,target_rescue,1.0,0.31541329622268677,1,5.317882619622817
G2B,BraTS-GLI-01225-000,1,458,random_rescue,0.9999796152114868,0.10149466246366501,1,1.7663463501253573
G2B,BraTS-GLI-01225-000,1,458,dead_rescue,0.9996641874313354,0.07347607612609863,1,2.0970082245321464
G2B,BraTS-GLI-01225-000,1,458,shuffled_rescue,0.9981910586357117,0.08138839900493622,1,5.316765871954986
G2B,BraTS-GLI-01432-000,47,7,baseline,1.1938374200326507e-07,7.276089064589542e-08,0,0.32238798778468425
G2B,BraTS-GLI-01432-000,47,7,target_rescue,1.4841416290378717e-11,3.795815224638677e-12,0,0.4119462475119917
G2B,BraTS-GLI-01432-000,47,7,random_rescue,8.743952093936969e-06,2.685784465938923e-06,0,0.3150504845421157
G2B,BraTS-GLI-01432-000,47,7,dead_rescue,1.647699043871853e-08,6.7902452549617465e-09,0,0.3824566003977594
G2B,BraTS-GLI-01432-000,47,7,shuffled_rescue,6.33188000729451e-13,1.2729087803340505e-13,0,0.3936505829825509
G2B,BraTS-GLI-00167-000,1,938,baseline,1.0,0.43841299414634705,1,3.9448723532765837
G2B,BraTS-GLI-00167-000,1,938,target_rescue,1.0,0.36589333415031433,1,6.874275745388325
G2B,BraTS-GLI-00167-000,1,938,random_rescue,1.0,0.2525491416454315,1,5.633230587690235
G2B,BraTS-GLI-00167-000,1,938,dead_rescue,0.9999845027923584,0.18587437272071838,1,3.0354732169243746
G2B,BraTS-GLI-00167-000,1,938,shuffled_rescue,0.9999995231628418,0.2777940630912781,1,6.366859323608858
G2B,BraTS-GLI-00243-000,2,318,baseline,0.9995558857917786,0.1316799372434616,1,3.191830914236637
G2B,BraTS-GLI-00243-000,2,318,target_rescue,0.9995470643043518,0.08904098719358444,1,4.346004970549076
G2B,BraTS-GLI-00243-000,2,318,random_rescue,0.07833878695964813,0.0014799634227529168,0,2.397211654621973
G2B,BraTS-GLI-00243-000,2,318,dead_rescue,1.2346531548246276e-05,1.6044830886130512e-07,0,2.205560822396029
G2B,BraTS-GLI-00243-000,2,318,shuffled_rescue,1.490907038714795e-06,2.8660020134907427e-08,0,3.4815315944384477
G2B,BraTS-GLI-00243-000,4,747,baseline,1.0,0.5266740918159485,1,15.401880651735912
G2B,BraTS-GLI-00243-000,4,747,target_rescue,1.0,0.4911472797393799,1,13.891486550454477
G2B,BraTS-GLI-00243-000,4,747,random_rescue,1.0,0.3017149269580841,1,7.146913921447377
G2B,BraTS-GLI-00243-000,4,747,dead_rescue,0.6288242340087891,0.01834292896091938,1,3.2019805718096355
G2B,BraTS-GLI-00243-000,4,747,shuffled_rescue,0.9999176263809204,0.5515875816345215,1,23.15168937539465
G2B,BraTS-GLI-01047-000,16,9,baseline,0.998488187789917,0.5247277617454529,1,1.5290718167601955
G2B,BraTS-GLI-01047-000,16,9,target_rescue,0.9932496547698975,0.33059847354888916,1,1.276526879035046
G2B,BraTS-GLI-01047-000,16,9,random_rescue,0.28675326704978943,0.06200060620903969,0,1.7638071507792465
G2B,BraTS-GLI-01047-000,16,9,dead_rescue,8.913581405067816e-05,1.8371898477198556e-05,0,1.1686249037043246
G2B,BraTS-GLI-01047-000,16,9,shuffled_rescue,0.9824460744857788,0.2514568567276001,1,1.2165173594091863
