group,subject_id,comp_id,fold,alpha,max_prob,recovered,fp_shell
detected,BraTS-GLI-00105-000,14,0,0.0,0.7659552693367004,1,0.1417824774980545
detected,BraTS-GLI-00105-000,14,0,0.1,0.7754719853401184,1,0.1419479250907898
detected,BraTS-GLI-00105-000,14,0,0.2,0.7847105264663696,1,0.14233851432800293
detected,BraTS-GLI-00105-000,14,0,0.3,0.7977874875068665,1,0.14308097958564758
detected,BraTS-GLI-00105-000,14,0,0.4,0.8385136723518372,1,0.1443338841199875
detected,BraTS-GLI-00105-000,14,0,0.5,0.8723497986793518,1,0.14626632630825043
detected,BraTS-GLI-00105-000,14,0,0.6,0.8999423980712891,1,0.1490091234445572
detected,BraTS-GLI-00105-000,14,0,0.7,0.9221031069755554,1,0.15256890654563904
detected,BraTS-GLI-00105-000,14,0,0.8,0.9396846294403076,1,0.15669822692871094
detected,BraTS-GLI-00105-000,14,0,0.9,0.9534981846809387,1,0.1608256697654724
detected,BraTS-GLI-00105-000,14,0,1.0,0.9642683267593384,1,0.16491669416427612
detected,BraTS-GLI-01473-000,13,0,0.0,0.9999890327453613,1,0.7656947374343872
detected,BraTS-GLI-01473-000,13,0,0.1,0.9999715089797974,1,0.766461968421936
detected,BraTS-GLI-01473-000,13,0,0.2,0.9999262094497681,1,0.7672072052955627
detected,BraTS-GLI-01473-000,13,0,0.3,0.9998086094856262,1,0.767861545085907
detected,BraTS-GLI-01473-000,13,0,0.4,0.9995037317276001,1,0.7682878375053406
detected,BraTS-GLI-01473-000,13,0,0.5,0.9987139701843262,1,0.7682072520256042
detected,BraTS-GLI-01473-000,13,0,0.6,0.9966714382171631,1,0.7670422196388245
detected,BraTS-GLI-01473-000,13,0,0.7,0.9914133548736572,1,0.7635759711265564
detected,BraTS-GLI-01473-000,13,0,0.8,0.9780318140983582,1,0.7552346587181091
detected,BraTS-GLI-01473-000,13,0,0.9,0.944953978061676,1,0.7367098331451416
detected,BraTS-GLI-01473-000,13,0,1.0,0.879181444644928,1,0.6983597278594971
detected,BraTS-GLI-01023-000,2,0,0.0,0.999957799911499,1,0.2531490623950958
detected,BraTS-GLI-01023-000,2,0,0.1,0.9998795986175537,1,0.2447691559791565
detected,BraTS-GLI-01023-000,2,0,0.2,0.9996569156646729,1,0.23476295173168182
detected,BraTS-GLI-01023-000,2,0,0.3,0.9990227222442627,1,0.2227814942598343
detected,BraTS-GLI-01023-000,2,0,0.4,0.9972195625305176,1,0.2084067314863205
detected,BraTS-GLI-01023-000,2,0,0.5,0.9921157956123352,1,0.1911281794309616
detected,BraTS-GLI-01023-000,2,0,0.6,0.9778521060943604,1,0.17037007212638855
detected,BraTS-GLI-01023-000,2,0,0.7,0.9393605589866638,1,0.1457412838935852
detected,BraTS-GLI-01023-000,2,0,0.8,0.8446035385131836,1,0.11777552962303162
detected,BraTS-GLI-01023-000,2,0,0.9,0.6560008525848389,1,0.08895456790924072
detected,BraTS-GLI-01023-000,2,0,1.0,0.4008696675300598,0,0.06339982151985168
detected,BraTS-GLI-01414-000,40,0,0.0,1.0,1,0.002168262144550681
detected,BraTS-GLI-01414-000,40,0,0.1,1.0,1,0.0021457511465996504
detected,BraTS-GLI-01414-000,40,0,0.2,1.0,1,0.0021222305949777365
detected,BraTS-GLI-01414-000,40,0,0.3,1.0,1,0.002101629739627242
detected,BraTS-GLI-01414-000,40,0,0.4,1.0,1,0.002095708856359124
detected,BraTS-GLI-01414-000,40,0,0.5,1.0,1,0.002140860306099057
detected,BraTS-GLI-01414-000,40,0,0.6,0.9999992847442627,1,0.002358143450692296
detected,BraTS-GLI-01414-000,40,0,0.7,0.9999879598617554,1,0.0031878226436674595
detected,BraTS-GLI-01414-000,40,0,0.8,0.9998010993003845,1,0.006378595717251301
detected,BraTS-GLI-01414-000,40,0,0.9,0.9976058006286621,1,0.019375788047909737
detected,BraTS-GLI-01414-000,40,0,1.0,0.9737319350242615,1,0.07460328936576843
detected,BraTS-GLI-00513-000,2,0,0.0,0.9981808662414551,1,0.047114621847867966
detected,BraTS-GLI-00513-000,2,0,0.1,0.9972363114356995,1,0.046888209879398346
detected,BraTS-GLI-00513-000,2,0,0.2,0.9958034157752991,1,0.04670355096459389
detected,BraTS-GLI-00513-000,2,0,0.3,0.9936321377754211,1,0.04659747704863548
detected,BraTS-GLI-00513-000,2,0,0.4,0.9903484582901001,1,0.046628810465335846
detected,BraTS-GLI-00513-000,2,0,0.5,0.9853964447975159,1,0.04689372330904007
detected,BraTS-GLI-00513-000,2,0,0.6,0.9779600501060486,1,0.047555018216371536
detected,BraTS-GLI-00513-000,2,0,0.7,0.9668643474578857,1,0.048900727182626724
detected,BraTS-GLI-00513-000,2,0,0.8,0.950465738773346,1,0.051469847559928894
detected,BraTS-GLI-00513-000,2,0,0.9,0.9265676736831665,1,0.05634993687272072
detected,BraTS-GLI-00513-000,2,0,1.0,0.8924446702003479,1,0.06597355008125305
detected,BraTS-GLI-01507-000,4,0,0.0,0.9994482398033142,1,0.1847580373287201
detected,BraTS-GLI-01507-000,4,0,0.1,0.9988744854927063,1,0.1844639778137207
detected,BraTS-GLI-01507-000,4,0,0.2,0.9977056384086609,1,0.18426546454429626
detected,BraTS-GLI-01507-000,4,0,0.3,0.995328426361084,1,0.1841706782579422
detected,BraTS-GLI-01507-000,4,0,0.4,0.9905117154121399,1,0.18417125940322876
detected,BraTS-GLI-01507-000,4,0,0.5,0.98082435131073,1,0.1842261552810669
detected,BraTS-GLI-01507-000,4,0,0.6,0.961629331111908,1,0.1842416524887085
detected,BraTS-GLI-01507-000,4,0,0.7,0.9246955513954163,1,0.18407045304775238
detected,BraTS-GLI-01507-000,4,0,0.8,0.8574798703193665,1,0.18362654745578766
detected,BraTS-GLI-01507-000,4,0,0.9,0.7467026114463806,1,0.1833655685186386
detected,BraTS-GLI-01507-000,4,0,1.0,0.5909010171890259,1,0.18543577194213867
detected,BraTS-GLI-01226-000,6,0,0.0,1.0,1,0.06721522659063339
detected,BraTS-GLI-01226-000,6,0,0.1,1.0,1,0.06722425669431686
detected,BraTS-GLI-01226-000,6,0,0.2,1.0,1,0.067235566675663
detected,BraTS-GLI-01226-000,6,0,0.3,1.0,1,0.06725390255451202
detected,BraTS-GLI-01226-000,6,0,0.4,1.0,1,0.06728865206241608
detected,BraTS-GLI-01226-000,6,0,0.5,1.0,1,0.0673600435256958
detected,BraTS-GLI-01226-000,6,0,0.6,0.9999991655349731,1,0.06752238422632217
detected,BraTS-GLI-01226-000,6,0,0.7,0.999987006187439,1,0.06797676533460617
detected,BraTS-GLI-01226-000,6,0,0.8,0.9998165965080261,1,0.0696902796626091
detected,BraTS-GLI-01226-000,6,0,0.9,0.9975195527076721,1,0.0779777467250824
detected,BraTS-GLI-01226-000,6,0,1.0,0.9839684963226318,1,0.12194519490003586
detected,BraTS-GLI-01291-000,6,0,0.0,0.9999998807907104,1,0.4897902011871338
detected,BraTS-GLI-01291-000,6,0,0.1,0.9999995231628418,1,0.4906998574733734
detected,BraTS-GLI-01291-000,6,0,0.2,0.9999982118606567,1,0.49178043007850647
detected,BraTS-GLI-01291-000,6,0,0.3,0.9999926090240479,1,0.4930391013622284
detected,BraTS-GLI-01291-000,6,0,0.4,0.9999697208404541,1,0.4944516718387604
detected,BraTS-GLI-01291-000,6,0,0.5,0.9998894929885864,1,0.4959232807159424
detected,BraTS-GLI-01291-000,6,0,0.6,0.9995983242988586,1,0.49721816182136536
detected,BraTS-GLI-01291-000,6,0,0.7,0.9985401630401611,1,0.49785855412483215
detected,BraTS-GLI-01291-000,6,0,0.8,0.994709849357605,1,0.4971074163913727
detected,BraTS-GLI-01291-000,6,0,0.9,0.981020450592041,1,0.4947972595691681
detected,BraTS-GLI-01291-000,6,0,1.0,0.9342483282089233,1,0.4964798390865326
detected,BraTS-GLI-01086-000,3,0,0.0,0.9995453953742981,1,0.45060646533966064
detected,BraTS-GLI-01086-000,3,0,0.1,0.9990444779396057,1,0.4501707851886749
detected,BraTS-GLI-01086-000,3,0,0.2,0.9979928731918335,1,0.44963690638542175
detected,BraTS-GLI-01086-000,3,0,0.3,0.9957886338233948,1,0.44896215200424194
detected,BraTS-GLI-01086-000,3,0,0.4,0.9915944933891296,1,0.4480701684951782
detected,BraTS-GLI-01086-000,3,0,0.5,0.9837881326675415,1,0.4468073546886444
detected,BraTS-GLI-01086-000,3,0,0.6,0.9689587354660034,1,0.4448099136352539
detected,BraTS-GLI-01086-000,3,0,0.7,0.9413726925849915,1,0.4410344660282135
detected,BraTS-GLI-01086-000,3,0,0.8,0.8920037746429443,1,0.43194669485092163
detected,BraTS-GLI-01086-000,3,0,0.9,0.8094760179519653,1,0.40522250533103943
detected,BraTS-GLI-01086-000,3,0,1.0,0.6909470558166504,1,0.33529409766197205
detected,BraTS-GLI-01086-000,5,0,0.0,0.9999560117721558,1,0.34500399231910706
detected,BraTS-GLI-01086-000,5,0,0.1,0.9998947381973267,1,0.34452641010284424
detected,BraTS-GLI-01086-000,5,0,0.2,0.999748170375824,1,0.3439546525478363
detected,BraTS-GLI-01086-000,5,0,0.3,0.9993973970413208,1,0.34324854612350464
detected,BraTS-GLI-01086-000,5,0,0.4,0.9985591769218445,1,0.34234434366226196
detected,BraTS-GLI-01086-000,5,0,0.5,0.9965588450431824,1,0.341127872467041
detected,BraTS-GLI-01086-000,5,0,0.6,0.9918041229248047,1,0.3393479585647583
detected,BraTS-GLI-01086-000,5,0,0.7,0.9806073904037476,1,0.33629095554351807
detected,BraTS-GLI-01086-000,5,0,0.8,0.954811692237854,1,0.3295097351074219
detected,BraTS-GLI-01086-000,5,0,0.9,0.8982625603675842,1,0.31053128838539124
detected,BraTS-GLI-01086-000,5,0,1.0,0.786752462387085,1,0.263454794883728
detected,BraTS-GLI-01037-000,24,0,0.0,0.9992184638977051,1,0.1905822902917862
detected,BraTS-GLI-01037-000,24,0,0.1,0.998607337474823,1,0.1929030567407608
detected,BraTS-GLI-01037-000,24,0,0.2,0.9975195527076721,1,0.19568461179733276
detected,BraTS-GLI-01037-000,24,0,0.3,0.9955860376358032,1,0.19906406104564667
detected,BraTS-GLI-01037-000,24,0,0.4,0.9921571016311646,1,0.20323947072029114
detected,BraTS-GLI-01037-000,24,0,0.5,0.9861014485359192,1,0.2085132598876953
detected,BraTS-GLI-01037-000,24,0,0.6,0.9754856824874878,1,0.21537965536117554
detected,BraTS-GLI-01037-000,24,0,0.7,0.9571141600608826,1,0.22471080720424652
detected,BraTS-GLI-01037-000,24,0,0.8,0.9260188937187195,1,0.2381880134344101
detected,BraTS-GLI-01037-000,24,0,0.9,0.8753145933151245,1,0.25937697291374207
detected,BraTS-GLI-01037-000,24,0,1.0,0.7974597215652466,1,0.296345591545105
detected,BraTS-GLI-01501-000,4,0,0.0,0.9998106360435486,1,0.41276708245277405
detected,BraTS-GLI-01501-000,4,0,0.1,0.9996218681335449,1,0.4139246344566345
detected,BraTS-GLI-01501-000,4,0,0.2,0.9992455244064331,1,0.4154109060764313
detected,BraTS-GLI-01501-000,4,0,0.3,0.9984949827194214,1,0.41734951734542847
detected,BraTS-GLI-01501-000,4,0,0.4,0.9970000386238098,1,0.4199257493019104
detected,BraTS-GLI-01501-000,4,0,0.5,0.99402916431427,1,0.42343050241470337
detected,BraTS-GLI-01501-000,4,0,0.6,0.9881508350372314,1,0.42834603786468506
detected,BraTS-GLI-01501-000,4,0,0.7,0.9769462943077087,1,0.4355241358280182
detected,BraTS-GLI-01501-000,4,0,0.8,0.9583274126052856,1,0.4465862810611725
detected,BraTS-GLI-01501-000,4,0,0.9,0.9269850850105286,1,0.4648550748825073
detected,BraTS-GLI-01501-000,4,0,1.0,0.8751410841941833,1,0.4971926212310791
detected,BraTS-GLI-01458-000,30,0,0.0,0.9986966252326965,1,0.19601580500602722
detected,BraTS-GLI-01458-000,30,0,0.1,0.9978373646736145,1,0.19461753964424133
detected,BraTS-GLI-01458-000,30,0,0.2,0.9964136481285095,1,0.19303040206432343
detected,BraTS-GLI-01458-000,30,0,0.3,0.9940582513809204,1,0.19126677513122559
detected,BraTS-GLI-01458-000,30,0,0.4,0.990171492099762,1,0.18934884667396545
detected,BraTS-GLI-01458-000,30,0,0.5,0.9837835431098938,1,0.1873108446598053
detected,BraTS-GLI-01458-000,30,0,0.6,0.9733554720878601,1,0.1852327585220337
detected,BraTS-GLI-01458-000,30,0,0.7,0.9565179347991943,1,0.18339455127716064
detected,BraTS-GLI-01458-000,30,0,0.8,0.9298076033592224,1,0.18280869722366333
detected,BraTS-GLI-01458-000,30,0,0.9,0.8886005878448486,1,0.1868438422679901
detected,BraTS-GLI-01458-000,30,0,1.0,0.8276857137680054,1,0.20583078265190125
detected,BraTS-GLI-01454-000,5,0,0.0,0.9999996423721313,1,0.567033052444458
detected,BraTS-GLI-01454-000,5,0,0.1,0.9999988079071045,1,0.5676711201667786
detected,BraTS-GLI-01454-000,5,0,0.2,0.9999957084655762,1,0.5683887600898743
detected,BraTS-GLI-01454-000,5,0,0.3,0.9999847412109375,1,0.569170355796814
detected,BraTS-GLI-01454-000,5,0,0.4,0.9999455213546753,1,0.569959819316864
detected,BraTS-GLI-01454-000,5,0,0.5,0.999804675579071,1,0.5706078410148621
detected,BraTS-GLI-01454-000,5,0,0.6,0.9993005990982056,1,0.5707573890686035
detected,BraTS-GLI-01454-000,5,0,0.7,0.9974986910820007,1,0.569611668586731
detected,BraTS-GLI-01454-000,5,0,0.8,0.9910959005355835,1,0.5655522346496582
detected,BraTS-GLI-01454-000,5,0,0.9,0.968815803527832,1,0.5560427308082581
detected,BraTS-GLI-01454-000,5,0,1.0,0.8966019749641418,1,0.5409598350524902
detected,BraTS-GLI-00612-001,1,0,0.0,1.0,1,0.05878198891878128
detected,BraTS-GLI-00612-001,1,0,0.1,1.0,1,0.0590759702026844
detected,BraTS-GLI-00612-001,1,0,0.2,1.0,1,0.05947713553905487
detected,BraTS-GLI-00612-001,1,0,0.3,1.0,1,0.06005721166729927
detected,BraTS-GLI-00612-001,1,0,0.4,0.9999998807907104,1,0.06093559414148331
detected,BraTS-GLI-00612-001,1,0,0.5,0.9999991655349731,1,0.06229820102453232
detected,BraTS-GLI-00612-001,1,0,0.6,0.999992847442627,1,0.06445346772670746
detected,BraTS-GLI-00612-001,1,0,0.7,0.9999352693557739,1,0.06811079382896423
detected,BraTS-GLI-00612-001,1,0,0.8,0.9994112253189087,1,0.07548882812261581
detected,BraTS-GLI-00612-001,1,0,0.9,0.9946622252464294,1,0.09486740827560425
detected,BraTS-GLI-00612-001,1,0,1.0,0.9842411875724792,1,0.15909868478775024
detected,BraTS-GLI-01072-000,16,0,0.0,0.9962778687477112,1,0.0566386952996254
detected,BraTS-GLI-01072-000,16,0,0.1,0.9943231344223022,1,0.05645893141627312
detected,BraTS-GLI-01072-000,16,0,0.2,0.9913506507873535,1,0.056240592151880264
detected,BraTS-GLI-01072-000,16,0,0.3,0.9868425726890564,1,0.05601991340517998
detected,BraTS-GLI-01072-000,16,0,0.4,0.9800320863723755,1,0.055888477712869644
detected,BraTS-GLI-01072-000,16,0,0.5,0.9698042273521423,1,0.05604085698723793
detected,BraTS-GLI-01072-000,16,0,0.6,0.9545802474021912,1,0.05686989426612854
detected,BraTS-GLI-01072-000,16,0,0.7,0.9322173595428467,1,0.05917086452245712
detected,BraTS-GLI-01072-000,16,0,0.8,0.8999972343444824,1,0.0646020770072937
detected,BraTS-GLI-01072-000,16,0,0.9,0.854846179485321,1,0.07687702029943466
detected,BraTS-GLI-01072-000,16,0,1.0,0.7939761281013489,1,0.10542019456624985
detected,BraTS-GLI-01281-000,7,0,0.0,0.9996263980865479,1,0.10375210642814636
detected,BraTS-GLI-01281-000,7,0,0.1,0.9992826581001282,1,0.10473734140396118
detected,BraTS-GLI-01281-000,7,0,0.2,0.9986230134963989,1,0.10602100193500519
detected,BraTS-GLI-01281-000,7,0,0.3,0.9973586201667786,1,0.10773194581270218
detected,BraTS-GLI-01281-000,7,0,0.4,0.994938850402832,1,0.11008177697658539
detected,BraTS-GLI-01281-000,7,0,0.5,0.9903239011764526,1,0.11343463510274887
detected,BraTS-GLI-01281-000,7,0,0.6,0.9815788269042969,1,0.11844468861818314
detected,BraTS-GLI-01281-000,7,0,0.7,0.9652077555656433,1,0.12633219361305237
detected,BraTS-GLI-01281-000,7,0,0.8,0.9352473020553589,1,0.13944488763809204
detected,BraTS-GLI-01281-000,7,0,0.9,0.8826246857643127,1,0.16235370934009552
detected,BraTS-GLI-01281-000,7,0,1.0,0.7965406179428101,1,0.20360247790813446
detected,BraTS-GLI-01302-000,3,0,0.0,1.0,1,0.4631347060203552
detected,BraTS-GLI-01302-000,3,0,0.1,1.0,1,0.46097272634506226
detected,BraTS-GLI-01302-000,3,0,0.2,1.0,1,0.4584234058856964
detected,BraTS-GLI-01302-000,3,0,0.3,1.0,1,0.4553149938583374
detected,BraTS-GLI-01302-000,3,0,0.4,1.0,1,0.4513779580593109
detected,BraTS-GLI-01302-000,3,0,0.5,0.9999995231628418,1,0.44615811109542847
detected,BraTS-GLI-01302-000,3,0,0.6,0.9999951124191284,1,0.4387974739074707
detected,BraTS-GLI-01302-000,3,0,0.7,0.9999446868896484,1,0.4274905323982239
detected,BraTS-GLI-01302-000,3,0,0.8,0.999376118183136,1,0.4082624316215515
detected,BraTS-GLI-01302-000,3,0,0.9,0.9930106997489929,1,0.37335607409477234
detected,BraTS-GLI-01302-000,3,0,1.0,0.9264761805534363,1,0.3169165253639221
detected,BraTS-GLI-01426-000,12,0,0.0,0.998870313167572,1,0.2056799679994583
detected,BraTS-GLI-01426-000,12,0,0.1,0.9980541467666626,1,0.20571619272232056
detected,BraTS-GLI-01426-000,12,0,0.2,0.9966500401496887,1,0.2058171182870865
detected,BraTS-GLI-01426-000,12,0,0.3,0.9942384958267212,1,0.2060042917728424
detected,BraTS-GLI-01426-000,12,0,0.4,0.9901082515716553,1,0.20629993081092834
detected,BraTS-GLI-01426-000,12,0,0.5,0.9830678105354309,1,0.20672401785850525
detected,BraTS-GLI-01426-000,12,0,0.6,0.9711622595787048,1,0.20729923248291016
detected,BraTS-GLI-01426-000,12,0,0.7,0.9512999057769775,1,0.20810985565185547
detected,BraTS-GLI-01426-000,12,0,0.8,0.9188998341560364,1,0.20964151620864868
detected,BraTS-GLI-01426-000,12,0,0.9,0.8679364919662476,1,0.21459273993968964
detected,BraTS-GLI-01426-000,12,0,1.0,0.7943562269210815,1,0.23786163330078125
detected,BraTS-GLI-01037-000,19,0,0.0,1.0,1,0.058522675186395645
detected,BraTS-GLI-01037-000,19,0,0.1,1.0,1,0.05936311557888985
detected,BraTS-GLI-01037-000,19,0,0.2,1.0,1,0.06041419133543968
detected,BraTS-GLI-01037-000,19,0,0.3,0.9999998807907104,1,0.0617627315223217
detected,BraTS-GLI-01037-000,19,0,0.4,0.9999990463256836,1,0.06354839354753494
detected,BraTS-GLI-01037-000,19,0,0.5,0.9999924898147583,1,0.06600812077522278
detected,BraTS-GLI-01037-000,19,0,0.6,0.999943733215332,1,0.06957221031188965
detected,BraTS-GLI-01037-000,19,0,0.7,0.9995790123939514,1,0.07510140538215637
detected,BraTS-GLI-01037-000,19,0,0.8,0.9973772764205933,1,0.08458521217107773
detected,BraTS-GLI-01037-000,19,0,0.9,0.9858177304267883,1,0.10361280292272568
detected,BraTS-GLI-01037-000,19,0,1.0,0.9270379543304443,1,0.15092197060585022
detected,BraTS-GLI-01252-000,1,0,0.0,1.0,1,0.04725079610943794
detected,BraTS-GLI-01252-000,1,0,0.1,1.0,1,0.04722438380122185
detected,BraTS-GLI-01252-000,1,0,0.2,1.0,1,0.0472075529396534
detected,BraTS-GLI-01252-000,1,0,0.3,1.0,1,0.04721379652619362
detected,BraTS-GLI-01252-000,1,0,0.4,1.0,1,0.047274570912122726
detected,BraTS-GLI-01252-000,1,0,0.5,1.0,1,0.047464679926633835
detected,BraTS-GLI-01252-000,1,0,0.6,1.0,1,0.047973401844501495
detected,BraTS-GLI-01252-000,1,0,0.7,0.9999985694885254,1,0.04934971407055855
detected,BraTS-GLI-01252-000,1,0,0.8,0.9999620914459229,1,0.05353053659200668
detected,BraTS-GLI-01252-000,1,0,0.9,0.9990361928939819,1,0.06796799600124359
detected,BraTS-GLI-01252-000,1,0,1.0,0.9789649844169617,1,0.12075343728065491
detected,BraTS-GLI-01037-000,29,0,0.0,0.9999918937683105,1,0.048216257244348526
detected,BraTS-GLI-01037-000,29,0,0.1,0.999980092048645,1,0.04898292198777199
detected,BraTS-GLI-01037-000,29,0,0.2,0.9999514818191528,1,0.050015781074762344
detected,BraTS-GLI-01037-000,29,0,0.3,0.9998812675476074,1,0.051446668803691864
detected,BraTS-GLI-01037-000,29,0,0.4,0.9997099041938782,1,0.05348297581076622
detected,BraTS-GLI-01037-000,29,0,0.5,0.9992910623550415,1,0.05645706132054329
detected,BraTS-GLI-01037-000,29,0,0.6,0.9982683658599854,1,0.06091580539941788
detected,BraTS-GLI-01037-000,29,0,0.7,0.995776891708374,1,0.06779327243566513
detected,BraTS-GLI-01037-000,29,0,0.8,0.9897372126579285,1,0.07876572757959366
detected,BraTS-GLI-01037-000,29,0,0.9,0.9752748608589172,1,0.09701009839773178
detected,BraTS-GLI-01037-000,29,0,1.0,0.9421485662460327,1,0.12878131866455078
detected,BraTS-GLI-01070-000,4,0,0.0,0.9998655319213867,1,0.04746600240468979
detected,BraTS-GLI-01070-000,4,0,0.1,0.9997337460517883,1,0.048714663833379745
detected,BraTS-GLI-01070-000,4,0,0.2,0.9994762539863586,1,0.050136931240558624
detected,BraTS-GLI-01070-000,4,0,0.3,0.9990127086639404,1,0.05178944021463394
detected,BraTS-GLI-01070-000,4,0,0.4,0.9981397390365601,1,0.053761567920446396
detected,BraTS-GLI-01070-000,4,0,0.5,0.9964976906776428,1,0.05620412155985832
detected,BraTS-GLI-01070-000,4,0,0.6,0.9934154748916626,1,0.059391286224126816
detected,BraTS-GLI-01070-000,4,0,0.7,0.9895346760749817,1,0.06386043131351471
detected,BraTS-GLI-01070-000,4,0,0.8,0.984396755695343,1,0.07074109464883804
detected,BraTS-GLI-01070-000,4,0,0.9,0.9767955541610718,1,0.08256637305021286
detected,BraTS-GLI-01070-000,4,0,1.0,0.9656206369400024,1,0.10534817725419998
detected,BraTS-GLI-01414-000,27,0,0.0,1.0,1,0.003854901297017932
detected,BraTS-GLI-01414-000,27,0,0.1,1.0,1,0.0038748979568481445
detected,BraTS-GLI-01414-000,27,0,0.2,1.0,1,0.003919650800526142
detected,BraTS-GLI-01414-000,27,0,0.3,1.0,1,0.004007014911621809
detected,BraTS-GLI-01414-000,27,0,0.4,1.0,1,0.004167189821600914
detected,BraTS-GLI-01414-000,27,0,0.5,0.9999998807907104,1,0.004454942420125008
detected,BraTS-GLI-01414-000,27,0,0.6,0.999998927116394,1,0.004993819631636143
detected,BraTS-GLI-01414-000,27,0,0.7,0.9999885559082031,1,0.006196566391736269
detected,BraTS-GLI-01414-000,27,0,0.8,0.9998799562454224,1,0.010030587203800678
detected,BraTS-GLI-01414-000,27,0,0.9,0.9988487958908081,1,0.027545135468244553
detected,BraTS-GLI-01414-000,27,0,1.0,0.993727445602417,1,0.11638664454221725
detected,BraTS-GLI-01458-000,6,0,0.0,0.9999998807907104,1,0.35951104760169983
detected,BraTS-GLI-01458-000,6,0,0.1,0.9999996423721313,1,0.3579041361808777
detected,BraTS-GLI-01458-000,6,0,0.2,0.9999986886978149,1,0.3560134470462799
detected,BraTS-GLI-01458-000,6,0,0.3,0.9999953508377075,1,0.3537404239177704
detected,BraTS-GLI-01458-000,6,0,0.4,0.9999833106994629,1,0.35094526410102844
detected,BraTS-GLI-01458-000,6,0,0.5,0.9999406337738037,1,0.3474242389202118
detected,BraTS-GLI-01458-000,6,0,0.6,0.999788224697113,1,0.34284669160842896
detected,BraTS-GLI-01458-000,6,0,0.7,0.9992456436157227,1,0.33659204840660095
detected,BraTS-GLI-01458-000,6,0,0.8,0.9974985718727112,1,0.32745715975761414
detected,BraTS-GLI-01458-000,6,0,0.9,0.991895854473114,1,0.3135286271572113
detected,BraTS-GLI-01458-000,6,0,1.0,0.974070131778717,1,0.29389622807502747
detected,BraTS-GLI-01379-000,4,0,0.0,0.9999672174453735,1,0.21192863583564758
detected,BraTS-GLI-01379-000,4,0,0.1,0.9999163150787354,1,0.21356776356697083
detected,BraTS-GLI-01379-000,4,0,0.2,0.9997867941856384,1,0.21543635427951813
detected,BraTS-GLI-01379-000,4,0,0.3,0.9994563460350037,1,0.21764038503170013
detected,BraTS-GLI-01379-000,4,0,0.4,0.9986149072647095,1,0.22036191821098328
detected,BraTS-GLI-01379-000,4,0,0.5,0.9964756369590759,1,0.22387756407260895
detected,BraTS-GLI-01379-000,4,0,0.6,0.9910620450973511,1,0.22854048013687134
detected,BraTS-GLI-01379-000,4,0,0.7,0.9775204062461853,1,0.2347792536020279
detected,BraTS-GLI-01379-000,4,0,0.8,0.9446090459823608,1,0.2433784306049347
detected,BraTS-GLI-01379-000,4,0,0.9,0.8699250221252441,1,0.2568199038505554
detected,BraTS-GLI-01379-000,4,0,1.0,0.7239695191383362,1,0.28769078850746155
detected,BraTS-GLI-00144-000,6,0,0.0,0.9999986886978149,1,0.4327847361564636
detected,BraTS-GLI-00144-000,6,0,0.1,0.9999958276748657,1,0.4329240918159485
detected,BraTS-GLI-00144-000,6,0,0.2,0.9999866485595703,1,0.43318402767181396
detected,BraTS-GLI-00144-000,6,0,0.3,0.9999566078186035,1,0.43360620737075806
detected,BraTS-GLI-00144-000,6,0,0.4,0.9998594522476196,1,0.43422839045524597
detected,BraTS-GLI-00144-000,6,0,0.5,0.9995449185371399,1,0.43504342436790466
detected,BraTS-GLI-00144-000,6,0,0.6,0.9985275268554688,1,0.43587592244148254
detected,BraTS-GLI-00144-000,6,0,0.7,0.9952468276023865,1,0.43605414032936096
detected,BraTS-GLI-00144-000,6,0,0.8,0.9847670197486877,1,0.43365153670310974
detected,BraTS-GLI-00144-000,6,0,0.9,0.9522896409034729,1,0.4244078993797302
detected,BraTS-GLI-00144-000,6,0,1.0,0.8603855967521667,1,0.4048043191432953
detected,BraTS-GLI-00105-000,12,0,0.0,1.0,1,0.7860476970672607
detected,BraTS-GLI-00105-000,12,0,0.1,0.9999997615814209,1,0.7817081212997437
detected,BraTS-GLI-00105-000,12,0,0.2,0.9999986886978149,1,0.7763500213623047
detected,BraTS-GLI-00105-000,12,0,0.3,0.9999934434890747,1,0.769516110420227
detected,BraTS-GLI-00105-000,12,0,0.4,0.9999678134918213,1,0.7604228258132935
detected,BraTS-GLI-00105-000,12,0,0.5,0.9998433589935303,1,0.7476507425308228
detected,BraTS-GLI-00105-000,12,0,0.6,0.9992374181747437,1,0.7284919023513794
detected,BraTS-GLI-00105-000,12,0,0.7,0.9962944388389587,1,0.6975829601287842
detected,BraTS-GLI-00105-000,12,0,0.8,0.9821962118148804,1,0.644421398639679
detected,BraTS-GLI-00105-000,12,0,0.9,0.9188289642333984,1,0.552029550075531
detected,BraTS-GLI-00105-000,12,0,1.0,0.7198870778083801,1,0.4126616418361664
detected,BraTS-GLI-01328-000,7,0,0.0,0.9999998807907104,1,0.15787357091903687
detected,BraTS-GLI-01328-000,7,0,0.1,0.9999994039535522,1,0.15780943632125854
detected,BraTS-GLI-01328-000,7,0,0.2,0.999997615814209,1,0.15773656964302063
detected,BraTS-GLI-01328-000,7,0,0.3,0.9999896287918091,1,0.15765336155891418
detected,BraTS-GLI-01328-000,7,0,0.4,0.9999558925628662,1,0.15756307542324066
detected,BraTS-GLI-01328-000,7,0,0.5,0.9998113512992859,1,0.15748193860054016
detected,BraTS-GLI-01328-000,7,0,0.6,0.9991936087608337,1,0.15745724737644196
detected,BraTS-GLI-01328-000,7,0,0.7,0.9965600371360779,1,0.15763631463050842
detected,BraTS-GLI-01328-000,7,0,0.8,0.9862037897109985,1,0.15858498215675354
detected,BraTS-GLI-01328-000,7,0,0.9,0.9563718438148499,1,0.1627720594406128
detected,BraTS-GLI-01328-000,7,0,1.0,0.8739104866981506,1,0.18208345770835876
detected,BraTS-GLI-00608-000,10,0,0.0,0.9121391177177429,1,0.006351421121507883
detected,BraTS-GLI-00608-000,10,0,0.1,0.9070495963096619,1,0.0063298544846475124
detected,BraTS-GLI-00608-000,10,0,0.2,0.9016972184181213,1,0.00640833517536521
detected,BraTS-GLI-00608-000,10,0,0.3,0.89607173204422,1,0.006633010692894459
detected,BraTS-GLI-00608-000,10,0,0.4,0.8901637196540833,1,0.0070795477367937565
detected,BraTS-GLI-00608-000,10,0,0.5,0.8839631676673889,1,0.007876036688685417
detected,BraTS-GLI-00608-000,10,0,0.6,0.8774608373641968,1,0.009246651083230972
detected,BraTS-GLI-00608-000,10,0,0.7,0.8706474304199219,1,0.011598440818488598
detected,BraTS-GLI-00608-000,10,0,0.8,0.8635141253471375,1,0.015705157071352005
detected,BraTS-GLI-00608-000,10,0,0.9,0.856052577495575,1,0.0231334138661623
detected,BraTS-GLI-00608-000,10,0,1.0,0.8482547402381897,1,0.03735717013478279
detected,BraTS-GLI-00137-000,2,0,0.0,0.9999550580978394,1,0.03468369320034981
detected,BraTS-GLI-00137-000,2,0,0.1,0.9998973608016968,1,0.035438936203718185
detected,BraTS-GLI-00137-000,2,0,0.2,0.9997653365135193,1,0.03638231381773949
detected,BraTS-GLI-00137-000,2,0,0.3,0.9994639754295349,1,0.037578340619802475
detected,BraTS-GLI-00137-000,2,0,0.4,0.9987755417823792,1,0.039125412702560425
detected,BraTS-GLI-00137-000,2,0,0.5,0.997205913066864,1,0.041179440915584564
detected,BraTS-GLI-00137-000,2,0,0.6,0.9936370849609375,1,0.043996743857860565
detected,BraTS-GLI-00137-000,2,0,0.7,0.9855753183364868,1,0.04801422730088234
detected,BraTS-GLI-00137-000,2,0,0.8,0.9676321148872375,1,0.05400589480996132
detected,BraTS-GLI-00137-000,2,0,0.9,0.9327898621559143,1,0.06339983642101288
detected,BraTS-GLI-00137-000,2,0,1.0,0.8757766485214233,1,0.07893235981464386
detected,BraTS-GLI-00134-000,5,0,0.0,1.0,1,0.007978945039212704
detected,BraTS-GLI-00134-000,5,0,0.1,1.0,1,0.008152201771736145
detected,BraTS-GLI-00134-000,5,0,0.2,1.0,1,0.008387250825762749
detected,BraTS-GLI-00134-000,5,0,0.3,1.0,1,0.008716330863535404
detected,BraTS-GLI-00134-000,5,0,0.4,1.0,1,0.009195889346301556
detected,BraTS-GLI-00134-000,5,0,0.5,0.9999998807907104,1,0.009933643974363804
detected,BraTS-GLI-00134-000,5,0,0.6,0.9999982118606567,1,0.011158935725688934
detected,BraTS-GLI-00134-000,5,0,0.7,0.9999668598175049,1,0.013432842679321766
detected,BraTS-GLI-00134-000,5,0,0.8,0.9994687438011169,1,0.018396485596895218
detected,BraTS-GLI-00134-000,5,0,0.9,0.994140088558197,1,0.032087210565805435
detected,BraTS-GLI-00134-000,5,0,1.0,0.9386454820632935,1,0.0833454430103302
detected,BraTS-GLI-00171-000,18,0,0.0,0.999998927116394,1,0.0012207797262817621
detected,BraTS-GLI-00171-000,18,0,0.1,0.999996542930603,1,0.0012417607940733433
detected,BraTS-GLI-00171-000,18,0,0.2,0.99998939037323,1,0.001280997064895928
detected,BraTS-GLI-00171-000,18,0,0.3,0.9999672174453735,1,0.0013543447712436318
detected,BraTS-GLI-00171-000,18,0,0.4,0.9998986721038818,1,0.0014940514229238033
detected,BraTS-GLI-00171-000,18,0,0.5,0.9996861219406128,1,0.001772146439179778
detected,BraTS-GLI-00171-000,18,0,0.6,0.9990286827087402,1,0.002372432267293334
detected,BraTS-GLI-00171-000,18,0,0.7,0.9969979524612427,1,0.003847400890663266
detected,BraTS-GLI-00171-000,18,0,0.8,0.9907608032226562,1,0.008158566430211067
detected,BraTS-GLI-00171-000,18,0,0.9,0.9728624820709229,1,0.02325391210615635
detected,BraTS-GLI-00171-000,18,0,1.0,0.9521406888961792,1,0.0825604721903801
detected,BraTS-GLI-01174-000,10,0,0.0,0.9999997615814209,1,0.5838624238967896
detected,BraTS-GLI-01174-000,10,0,0.1,0.9999992847442627,1,0.5817093253135681
detected,BraTS-GLI-01174-000,10,0,0.2,0.9999971389770508,1,0.5791274905204773
detected,BraTS-GLI-01174-000,10,0,0.3,0.9999891519546509,1,0.575956404209137
detected,BraTS-GLI-01174-000,10,0,0.4,0.9999591112136841,1,0.5719303488731384
detected,BraTS-GLI-01174-000,10,0,0.5,0.9998465776443481,1,0.5665801763534546
detected,BraTS-GLI-01174-000,10,0,0.6,0.9994246959686279,1,0.5590288639068604
detected,BraTS-GLI-01174-000,10,0,0.7,0.9978448152542114,1,0.5475730299949646
detected,BraTS-GLI-01174-000,10,0,0.8,0.9919620156288147,1,0.5289177298545837
detected,BraTS-GLI-01174-000,10,0,0.9,0.9704959392547607,1,0.49744343757629395
detected,BraTS-GLI-01174-000,10,0,1.0,0.8976202607154846,1,0.4486907720565796
detected,BraTS-GLI-01664-000,3,0,0.0,0.9999997615814209,1,0.06481833010911942
detected,BraTS-GLI-01664-000,3,0,0.1,0.9999990463256836,1,0.06542907655239105
detected,BraTS-GLI-01664-000,3,0,0.2,0.9999969005584717,1,0.06618008762598038
detected,BraTS-GLI-01664-000,3,0,0.3,0.9999891519546509,1,0.06714129447937012
detected,BraTS-GLI-01664-000,3,0,0.4,0.999962568283081,1,0.06843502074480057
detected,BraTS-GLI-01664-000,3,0,0.5,0.9998699426651001,1,0.07028385996818542
detected,BraTS-GLI-01664-000,3,0,0.6,0.9995489716529846,1,0.07312849909067154
detected,BraTS-GLI-01664-000,3,0,0.7,0.9984371066093445,1,0.07797884196043015
detected,BraTS-GLI-01664-000,3,0,0.8,0.9945982694625854,1,0.08764486014842987
detected,BraTS-GLI-01664-000,3,0,0.9,0.9815052151679993,1,0.11144886165857315
detected,BraTS-GLI-01664-000,3,0,1.0,0.9436697363853455,1,0.18236219882965088
detected,BraTS-GLI-00136-000,5,0,0.0,0.9999256134033203,1,0.3176661729812622
detected,BraTS-GLI-00136-000,5,0,0.1,0.9998358488082886,1,0.3189985156059265
detected,BraTS-GLI-00136-000,5,0,0.2,0.9996376037597656,1,0.32054510712623596
detected,BraTS-GLI-00136-000,5,0,0.3,0.9992002844810486,1,0.322348415851593
detected,BraTS-GLI-00136-000,5,0,0.4,0.9982359409332275,1,0.3244505226612091
detected,BraTS-GLI-00136-000,5,0,0.5,0.9961135387420654,1,0.3268747627735138
detected,BraTS-GLI-00136-000,5,0,0.6,0.9914593696594238,1,0.32960429787635803
detected,BraTS-GLI-00136-000,5,0,0.7,0.9839932918548584,1,0.3326133191585541
detected,BraTS-GLI-00136-000,5,0,0.8,0.9786741733551025,1,0.33617374300956726
detected,BraTS-GLI-00136-000,5,0,0.9,0.9716386198997498,1,0.34223341941833496
detected,BraTS-GLI-00136-000,5,0,1.0,0.9623709917068481,1,0.3588218092918396
detected,BraTS-GLI-01501-000,11,0,0.0,0.9999871253967285,1,0.14927636086940765
detected,BraTS-GLI-01501-000,11,0,0.1,0.9999674558639526,1,0.15027810633182526
detected,BraTS-GLI-01501-000,11,0,0.2,0.9999178647994995,1,0.15148310363292694
detected,BraTS-GLI-01501-000,11,0,0.3,0.999792754650116,1,0.1529587358236313
detected,BraTS-GLI-01501-000,11,0,0.4,0.9994767308235168,1,0.1548108160495758
detected,BraTS-GLI-01501-000,11,0,0.5,0.9986796975135803,1,0.15722110867500305
detected,BraTS-GLI-01501-000,11,0,0.6,0.9966723918914795,1,0.1605464667081833
detected,BraTS-GLI-01501-000,11,0,0.7,0.9916394352912903,1,0.1656244695186615
detected,BraTS-GLI-01501-000,11,0,0.8,0.9791528582572937,1,0.17481030523777008
detected,BraTS-GLI-01501-000,11,0,0.9,0.9489769339561462,1,0.19560803472995758
detected,BraTS-GLI-01501-000,11,0,1.0,0.89089435338974,1,0.2521820068359375
detected,BraTS-GLI-01328-000,3,0,0.0,0.9999939203262329,1,0.20443759858608246
detected,BraTS-GLI-01328-000,3,0,0.1,0.9999837875366211,1,0.2053312063217163
detected,BraTS-GLI-01328-000,3,0,0.2,0.9999573230743408,1,0.20642532408237457
detected,BraTS-GLI-01328-000,3,0,0.3,0.9998871088027954,1,0.20775742828845978
detected,BraTS-GLI-01328-000,3,0,0.4,0.9997017979621887,1,0.20937322080135345
detected,BraTS-GLI-01328-000,3,0,0.5,0.9992126226425171,1,0.21135510504245758
detected,BraTS-GLI-01328-000,3,0,0.6,0.9979222416877747,1,0.213899627327919
detected,BraTS-GLI-01328-000,3,0,0.7,0.9945284724235535,1,0.21749722957611084
detected,BraTS-GLI-01328-000,3,0,0.8,0.9888797998428345,1,0.22333618998527527
detected,BraTS-GLI-01328-000,3,0,0.9,0.9778866767883301,1,0.23435088992118835
detected,BraTS-GLI-01328-000,3,0,1.0,0.9565043449401855,1,0.2593758702278137
detected,BraTS-GLI-00134-000,1,0,0.0,1.0,1,0.0675748959183693
detected,BraTS-GLI-00134-000,1,0,0.1,0.9999998807907104,1,0.06848165392875671
detected,BraTS-GLI-00134-000,1,0,0.2,0.9999995231628418,1,0.06955524533987045
detected,BraTS-GLI-00134-000,1,0,0.3,0.9999979734420776,1,0.07084846496582031
detected,BraTS-GLI-00134-000,1,0,0.4,0.9999909400939941,1,0.07244135439395905
detected,BraTS-GLI-00134-000,1,0,0.5,0.9999593496322632,1,0.07445992529392242
detected,BraTS-GLI-00134-000,1,0,0.6,0.9998341798782349,1,0.07711654156446457
detected,BraTS-GLI-00134-000,1,0,0.7,0.9993438124656677,1,0.08081825822591782
detected,BraTS-GLI-00134-000,1,0,0.8,0.9983459711074829,1,0.08652262389659882
detected,BraTS-GLI-00134-000,1,0,0.9,0.995973527431488,1,0.09705691784620285
detected,BraTS-GLI-00134-000,1,0,1.0,0.9902319312095642,1,0.12092482298612595
detected,BraTS-GLI-01507-000,1,0,0.0,1.0,1,0.24974457919597626
detected,BraTS-GLI-01507-000,1,0,0.1,1.0,1,0.24802084267139435
detected,BraTS-GLI-01507-000,1,0,0.2,1.0,1,0.24599456787109375
detected,BraTS-GLI-01507-000,1,0,0.3,0.9999997615814209,1,0.24357441067695618
detected,BraTS-GLI-01507-000,1,0,0.4,0.9999984502792358,1,0.24062523245811462
detected,BraTS-GLI-01507-000,1,0,0.5,0.9999884366989136,1,0.23693369328975677
detected,BraTS-GLI-01507-000,1,0,0.6,0.999915361404419,1,0.2321440428495407
detected,BraTS-GLI-01507-000,1,0,0.7,0.9993799924850464,1,0.22565779089927673
detected,BraTS-GLI-01507-000,1,0,0.8,0.9955716133117676,1,0.2165852189064026
detected,BraTS-GLI-01507-000,1,0,0.9,0.9773145318031311,1,0.20432713627815247
detected,BraTS-GLI-01507-000,1,0,1.0,0.8919554352760315,1,0.1916685849428177
detected,BraTS-GLI-01429-000,1,0,0.0,1.0,1,0.1372983455657959
detected,BraTS-GLI-01429-000,1,0,0.1,1.0,1,0.1366991102695465
detected,BraTS-GLI-01429-000,1,0,0.2,1.0,1,0.1359797716140747
detected,BraTS-GLI-01429-000,1,0,0.3,0.9999997615814209,1,0.13509443402290344
detected,BraTS-GLI-01429-000,1,0,0.4,0.9999986886978149,1,0.13397064805030823
detected,BraTS-GLI-01429-000,1,0,0.5,0.9999918937683105,1,0.13249291479587555
detected,BraTS-GLI-01429-000,1,0,0.6,0.9999496936798096,1,0.1304856240749359
detected,BraTS-GLI-01429-000,1,0,0.7,0.9996901750564575,1,0.12774233520030975
detected,BraTS-GLI-01429-000,1,0,0.8,0.9980924725532532,1,0.12437748908996582
detected,BraTS-GLI-01429-000,1,0,0.9,0.988353431224823,1,0.12298424541950226
detected,BraTS-GLI-01429-000,1,0,1.0,0.9322655200958252,1,0.14020757377147675
detected,BraTS-GLI-01037-000,23,0,0.0,0.9992744326591492,1,0.06050916016101837
detected,BraTS-GLI-01037-000,23,0,0.1,0.9987510442733765,1,0.061969589442014694
detected,BraTS-GLI-01037-000,23,0,0.2,0.9978510141372681,1,0.06391161680221558
detected,BraTS-GLI-01037-000,23,0,0.3,0.9963046312332153,1,0.06662824004888535
detected,BraTS-GLI-01037-000,23,0,0.4,0.9936528205871582,1,0.07061564922332764
detected,BraTS-GLI-01037-000,23,0,0.5,0.9895239472389221,1,0.07669853419065475
detected,BraTS-GLI-01037-000,23,0,0.6,0.9856182932853699,1,0.08621791005134583
detected,BraTS-GLI-01037-000,23,0,0.7,0.9802855253219604,1,0.10140445828437805
detected,BraTS-GLI-01037-000,23,0,0.8,0.9730294942855835,1,0.12616696953773499
detected,BraTS-GLI-01037-000,23,0,0.9,0.9632030725479126,1,0.16688577830791473
detected,BraTS-GLI-01037-000,23,0,1.0,0.949980616569519,1,0.23520945012569427
detected,BraTS-GLI-01264-000,1,0,0.0,1.0,1,0.02003261260688305
detected,BraTS-GLI-01264-000,1,0,0.1,1.0,1,0.019790414720773697
detected,BraTS-GLI-01264-000,1,0,0.2,1.0,1,0.019528008997440338
detected,BraTS-GLI-01264-000,1,0,0.3,1.0,1,0.019245430827140808
detected,BraTS-GLI-01264-000,1,0,0.4,1.0,1,0.018946358934044838
detected,BraTS-GLI-01264-000,1,0,0.5,1.0,1,0.01864367350935936
detected,BraTS-GLI-01264-000,1,0,0.6,1.0,1,0.018375959247350693
detected,BraTS-GLI-01264-000,1,0,0.7,0.9999997615814209,1,0.018269754946231842
detected,BraTS-GLI-01264-000,1,0,0.8,0.9999898672103882,1,0.01884002797305584
detected,BraTS-GLI-01264-000,1,0,0.9,0.9995549321174622,1,0.022839047014713287
detected,BraTS-GLI-01264-000,1,0,1.0,0.9848390817642212,1,0.04860949143767357
detected,BraTS-GLI-00683-001,35,0,0.0,0.9991648197174072,1,0.004304592031985521
detected,BraTS-GLI-00683-001,35,0,0.1,0.9985673427581787,1,0.004394865129143
detected,BraTS-GLI-00683-001,35,0,0.2,0.9975438714027405,1,0.004516897723078728
detected,BraTS-GLI-00683-001,35,0,0.3,0.9957922697067261,1,0.00468307314440608
detected,BraTS-GLI-00683-001,35,0,0.4,0.9928003549575806,1,0.0049134474247694016
detected,BraTS-GLI-00683-001,35,0,0.5,0.9877073168754578,1,0.0052413782104849815
detected,BraTS-GLI-00683-001,35,0,0.6,0.9790873527526855,1,0.005723597016185522
detected,BraTS-GLI-00683-001,35,0,0.7,0.9646392464637756,1,0.0064586857333779335
detected,BraTS-GLI-00683-001,35,0,0.8,0.9408124089241028,1,0.007622197736054659
detected,BraTS-GLI-00683-001,35,0,0.9,0.9025527834892273,1,0.009537599049508572
detected,BraTS-GLI-00683-001,35,0,1.0,0.8436709046363831,1,0.012833686545491219
detected,BraTS-GLI-01291-000,19,0,0.0,1.0,1,0.45807284116744995
detected,BraTS-GLI-01291-000,19,0,0.1,1.0,1,0.4574826955795288
detected,BraTS-GLI-01291-000,19,0,0.2,0.9999998807907104,1,0.4567386209964752
detected,BraTS-GLI-01291-000,19,0,0.3,0.9999992847442627,1,0.4557762145996094
detected,BraTS-GLI-01291-000,19,0,0.4,0.9999954700469971,1,0.45448267459869385
detected,BraTS-GLI-01291-000,19,0,0.5,0.9999730587005615,1,0.452638179063797
detected,BraTS-GLI-01291-000,19,0,0.6,0.9998384714126587,1,0.44976508617401123
detected,BraTS-GLI-01291-000,19,0,0.7,0.9990323781967163,1,0.4447253346443176
detected,BraTS-GLI-01291-000,19,0,0.8,0.9942253232002258,1,0.4347071945667267
detected,BraTS-GLI-01291-000,19,0,0.9,0.9688923358917236,1,0.41359588503837585
detected,BraTS-GLI-01291-000,19,0,1.0,0.8822094798088074,1,0.3760281503200531
detected,BraTS-GLI-00105-000,10,0,0.0,1.0,1,0.6784886717796326
detected,BraTS-GLI-00105-000,10,0,0.1,1.0,1,0.6778296828269958
detected,BraTS-GLI-00105-000,10,0,0.2,0.9999997615814209,1,0.6769980788230896
detected,BraTS-GLI-00105-000,10,0,0.3,0.9999986886978149,1,0.6759126782417297
detected,BraTS-GLI-00105-000,10,0,0.4,0.9999923706054688,1,0.6744296550750732
detected,BraTS-GLI-00105-000,10,0,0.5,0.9999574422836304,1,0.6722633838653564
detected,BraTS-GLI-00105-000,10,0,0.6,0.9997606873512268,1,0.6687629818916321
detected,BraTS-GLI-00105-000,10,0,0.7,0.9986572265625,1,0.6622399687767029
detected,BraTS-GLI-00105-000,10,0,0.8,0.9925028085708618,1,0.6478988528251648
detected,BraTS-GLI-00105-000,10,0,0.9,0.9593809247016907,1,0.6122756004333496
detected,BraTS-GLI-00105-000,10,0,1.0,0.8231404423713684,1,0.5285097360610962
detected,BraTS-GLI-00499-000,2,0,0.0,0.997590184211731,1,0.01709591969847679
detected,BraTS-GLI-00499-000,2,0,0.1,0.9968222379684448,1,0.01855330355465412
detected,BraTS-GLI-00499-000,2,0,0.2,0.9958106279373169,1,0.020206943154335022
detected,BraTS-GLI-00499-000,2,0,0.3,0.994478702545166,1,0.02209702879190445
detected,BraTS-GLI-00499-000,2,0,0.4,0.9927265644073486,1,0.024282949045300484
detected,BraTS-GLI-00499-000,2,0,0.5,0.9904237389564514,1,0.026860035955905914
detected,BraTS-GLI-00499-000,2,0,0.6,0.9874010682106018,1,0.029993776232004166
detected,BraTS-GLI-00499-000,2,0,0.7,0.9834402799606323,1,0.03399267420172691
detected,BraTS-GLI-00499-000,2,0,0.8,0.9782615900039673,1,0.0394764170050621
detected,BraTS-GLI-00499-000,2,0,0.9,0.9715104699134827,1,0.047808948904275894
detected,BraTS-GLI-00499-000,2,0,1.0,0.9627424478530884,1,0.06235150992870331
detected,BraTS-GLI-00683-001,2,0,0.0,0.9970563650131226,1,0.022580454126000404
detected,BraTS-GLI-00683-001,2,0,0.1,0.9952220320701599,1,0.022778820246458054
detected,BraTS-GLI-00683-001,2,0,0.2,0.9922537207603455,1,0.023050673305988312
detected,BraTS-GLI-00683-001,2,0,0.3,0.9874643087387085,1,0.023422714322805405
detected,BraTS-GLI-00683-001,2,0,0.4,0.9797740578651428,1,0.02393381856381893
detected,BraTS-GLI-00683-001,2,0,0.5,0.9675211906433105,1,0.024642635136842728
detected,BraTS-GLI-00683-001,2,0,0.6,0.948237955570221,1,0.025641655549407005
detected,BraTS-GLI-00683-001,2,0,0.7,0.9184705018997192,1,0.027084726840257645
detected,BraTS-GLI-00683-001,2,0,0.8,0.8738618493080139,1,0.02924429439008236
detected,BraTS-GLI-00683-001,2,0,0.9,0.8098971843719482,1,0.03263963758945465
detected,BraTS-GLI-00683-001,2,0,1.0,0.7237499356269836,1,0.0383463129401207
detected,BraTS-GLI-01070-000,28,0,0.0,1.0,1,0.07765564322471619
detected,BraTS-GLI-01070-000,28,0,0.1,0.9999998807907104,1,0.07711116224527359
detected,BraTS-GLI-01070-000,28,0,0.2,0.9999996423721313,1,0.07656706869602203
detected,BraTS-GLI-01070-000,28,0,0.3,0.9999984502792358,1,0.07607171684503555
detected,BraTS-GLI-01070-000,28,0,0.4,0.9999927282333374,1,0.07570464164018631
detected,BraTS-GLI-01070-000,28,0,0.5,0.9999666213989258,1,0.0755956843495369
detected,BraTS-GLI-01070-000,28,0,0.6,0.9998465776443481,1,0.07596338540315628
detected,BraTS-GLI-01070-000,28,0,0.7,0.9992964267730713,1,0.07720217853784561
detected,BraTS-GLI-01070-000,28,0,0.8,0.9967795014381409,1,0.08010314404964447
detected,BraTS-GLI-01070-000,28,0,0.9,0.9853886961936951,1,0.08643000572919846
detected,BraTS-GLI-01070-000,28,0,1.0,0.9555334448814392,1,0.10036136209964752
detected,BraTS-GLI-01291-000,12,0,0.0,0.9999998807907104,1,0.6819057464599609
detected,BraTS-GLI-01291-000,12,0,0.1,0.9999996423721313,1,0.6804470419883728
detected,BraTS-GLI-01291-000,12,0,0.2,0.9999986886978149,1,0.6786489486694336
detected,BraTS-GLI-01291-000,12,0,0.3,0.9999940395355225,1,0.6763468980789185
detected,BraTS-GLI-01291-000,12,0,0.4,0.9999741315841675,1,0.6732598543167114
detected,BraTS-GLI-01291-000,12,0,0.5,0.9998869895935059,1,0.6688912510871887
detected,BraTS-GLI-01291-000,12,0,0.6,0.9995070695877075,1,0.6623340249061584
detected,BraTS-GLI-01291-000,12,0,0.7,0.9978511333465576,1,0.6518932580947876
detected,BraTS-GLI-01291-000,12,0,0.8,0.9906848073005676,1,0.6344484686851501
detected,BraTS-GLI-01291-000,12,0,0.9,0.9612939953804016,1,0.6050215363502502
detected,BraTS-GLI-01291-000,12,0,1.0,0.8816179633140564,1,0.5598534941673279
detected,BraTS-GLI-01037-000,26,0,0.0,0.9999988079071045,1,0.16616328060626984
detected,BraTS-GLI-01037-000,26,0,0.1,0.9999964237213135,1,0.16718825697898865
detected,BraTS-GLI-01037-000,26,0,0.2,0.9999891519546509,1,0.16850456595420837
detected,BraTS-GLI-01037-000,26,0,0.3,0.9999678134918213,1,0.17019516229629517
detected,BraTS-GLI-01037-000,26,0,0.4,0.9999039173126221,1,0.17236851155757904
detected,BraTS-GLI-01037-000,26,0,0.5,0.9997138381004333,1,0.1751721352338791
detected,BraTS-GLI-01037-000,26,0,0.6,0.9991480112075806,1,0.17882387340068817
detected,BraTS-GLI-01037-000,26,0,0.7,0.997465968132019,1,0.18369612097740173
detected,BraTS-GLI-01037-000,26,0,0.8,0.9924877882003784,1,0.1905718594789505
detected,BraTS-GLI-01037-000,26,0,0.9,0.977946400642395,1,0.20154115557670593
detected,BraTS-GLI-01037-000,26,0,1.0,0.9370429515838623,1,0.22416779398918152
detected,BraTS-GLI-01291-000,16,0,0.0,0.9999995231628418,1,0.7118561267852783
detected,BraTS-GLI-01291-000,16,0,0.1,0.9999984502792358,1,0.7123340368270874
detected,BraTS-GLI-01291-000,16,0,0.2,0.9999943971633911,1,0.7128142714500427
detected,BraTS-GLI-01291-000,16,0,0.3,0.9999797344207764,1,0.7132622599601746
detected,BraTS-GLI-01291-000,16,0,0.4,0.9999264478683472,1,0.7135913968086243
detected,BraTS-GLI-01291-000,16,0,0.5,0.9997329115867615,1,0.7135915756225586
detected,BraTS-GLI-01291-000,16,0,0.6,0.9990642666816711,1,0.7127561569213867
detected,BraTS-GLI-01291-000,16,0,0.7,0.9968935251235962,1,0.7098634839057922
detected,BraTS-GLI-01291-000,16,0,0.8,0.9897398948669434,1,0.7020028233528137
detected,BraTS-GLI-01291-000,16,0,0.9,0.9666628241539001,1,0.682765543460846
detected,BraTS-GLI-01291-000,16,0,1.0,0.8970783352851868,1,0.64227294921875
detected,BraTS-GLI-01232-000,6,0,0.0,1.0,1,0.20471219718456268
detected,BraTS-GLI-01232-000,6,0,0.1,1.0,1,0.20460350811481476
detected,BraTS-GLI-01232-000,6,0,0.2,1.0,1,0.20447179675102234
detected,BraTS-GLI-01232-000,6,0,0.3,1.0,1,0.20429925620555878
detected,BraTS-GLI-01232-000,6,0,0.4,1.0,1,0.20405283570289612
detected,BraTS-GLI-01232-000,6,0,0.5,1.0,1,0.20366798341274261
detected,BraTS-GLI-01232-000,6,0,0.6,0.9999997615814209,1,0.20300538837909698
detected,BraTS-GLI-01232-000,6,0,0.7,0.9999966621398926,1,0.2017088234424591
detected,BraTS-GLI-01232-000,6,0,0.8,0.9999381303787231,1,0.19870199263095856
detected,BraTS-GLI-01232-000,6,0,0.9,0.9988653659820557,1,0.1908431202173233
detected,BraTS-GLI-01232-000,6,0,1.0,0.9807893633842468,1,0.17976106703281403
detected,BraTS-GLI-00470-000,2,0,0.0,0.999997615814209,1,0.21716485917568207
detected,BraTS-GLI-00470-000,2,0,0.1,0.9999923706054688,1,0.21410715579986572
detected,BraTS-GLI-00470-000,2,0,0.2,0.9999755620956421,1,0.21043241024017334
detected,BraTS-GLI-00470-000,2,0,0.3,0.9999220371246338,1,0.2059548795223236
detected,BraTS-GLI-00470-000,2,0,0.4,0.9997511506080627,1,0.20040783286094666
detected,BraTS-GLI-00470-000,2,0,0.5,0.9992055296897888,1,0.19337201118469238
detected,BraTS-GLI-00470-000,2,0,0.6,0.9975812435150146,1,0.1840970516204834
detected,BraTS-GLI-00470-000,2,0,0.7,0.9931738972663879,1,0.17114371061325073
detected,BraTS-GLI-00470-000,2,0,0.8,0.9808897972106934,1,0.15210822224617004
detected,BraTS-GLI-00470-000,2,0,0.9,0.9549962878227234,1,0.1252121776342392
detected,BraTS-GLI-00470-000,2,0,1.0,0.899320662021637,1,0.0956486314535141
detected,BraTS-GLI-01501-000,3,0,0.0,0.9996553659439087,1,0.1596544235944748
detected,BraTS-GLI-01501-000,3,0,0.1,0.9993792772293091,1,0.16081055998802185
detected,BraTS-GLI-01501-000,3,0,0.2,0.9988825917243958,1,0.16239675879478455
detected,BraTS-GLI-01501-000,3,0,0.3,0.997989296913147,1,0.16464011371135712
detected,BraTS-GLI-01501-000,3,0,0.4,0.9963841438293457,1,0.16790719330310822
detected,BraTS-GLI-01501-000,3,0,0.5,0.9935059547424316,1,0.17280001938343048
detected,BraTS-GLI-01501-000,3,0,0.6,0.9883637428283691,1,0.18033000826835632
detected,BraTS-GLI-01501-000,3,0,0.7,0.9792348146438599,1,0.19225634634494781
detected,BraTS-GLI-01501-000,3,0,0.8,0.96321040391922,1,0.21181602776050568
detected,BraTS-GLI-01501-000,3,0,0.9,0.9356329441070557,1,0.2454913705587387
detected,BraTS-GLI-01501-000,3,0,1.0,0.8993765115737915,1,0.30725333094596863
detected,BraTS-GLI-01520-000,1,0,0.0,1.0,1,9.075619345821906e-06
detected,BraTS-GLI-01520-000,1,0,0.1,0.9999998807907104,1,1.650908961892128e-05
detected,BraTS-GLI-01520-000,1,0,0.2,0.9999996423721313,1,3.08060334646143e-05
detected,BraTS-GLI-01520-000,1,0,0.3,0.9999985694885254,1,5.957092434982769e-05
detected,BraTS-GLI-01520-000,1,0,0.4,0.9999933242797852,1,0.00012143750063842162
detected,BraTS-GLI-01520-000,1,0,0.5,0.999969482421875,1,0.00026884020189754665
detected,BraTS-GLI-01520-000,1,0,0.6,0.9998600482940674,1,0.0006779543473385274
detected,BraTS-GLI-01520-000,1,0,0.7,0.999357283115387,1,0.0020630841609090567
detected,BraTS-GLI-01520-000,1,0,0.8,0.9970543384552002,1,0.007802327163517475
detected,BraTS-GLI-01520-000,1,0,0.9,0.9866089224815369,1,0.03497595340013504
detected,BraTS-GLI-01520-000,1,0,1.0,0.9464869499206543,1,0.15549813210964203
detected,BraTS-GLI-00392-000,2,0,0.0,0.9999945163726807,1,0.05118319392204285
detected,BraTS-GLI-00392-000,2,0,0.1,0.999983549118042,1,0.050426580011844635
detected,BraTS-GLI-00392-000,2,0,0.2,0.9999504089355469,1,0.04971464350819588
detected,BraTS-GLI-00392-000,2,0,0.3,0.9998507499694824,1,0.04906279221177101
detected,BraTS-GLI-00392-000,2,0,0.4,0.999550998210907,1,0.04849175736308098
detected,BraTS-GLI-00392-000,2,0,0.5,0.9986502528190613,1,0.048032671213150024
detected,BraTS-GLI-00392-000,2,0,0.6,0.9959490299224854,1,0.0477408729493618
detected,BraTS-GLI-00392-000,2,0,0.7,0.9879079461097717,1,0.04773227497935295
detected,BraTS-GLI-00392-000,2,0,0.8,0.9688397645950317,1,0.048274196684360504
detected,BraTS-GLI-00392-000,2,0,0.9,0.9270820021629333,1,0.05000041797757149
detected,BraTS-GLI-00392-000,2,0,1.0,0.8386823534965515,1,0.054445214569568634
detected,BraTS-GLI-00149-000,1,0,0.0,1.0,1,0.22007474303245544
detected,BraTS-GLI-00149-000,1,0,0.1,1.0,1,0.219944030046463
detected,BraTS-GLI-00149-000,1,0,0.2,0.9999998807907104,1,0.21972356736660004
detected,BraTS-GLI-00149-000,1,0,0.3,0.999998927116394,1,0.2193482369184494
detected,BraTS-GLI-00149-000,1,0,0.4,0.9999927282333374,1,0.2186981737613678
detected,BraTS-GLI-00149-000,1,0,0.5,0.9999510049819946,1,0.21754944324493408
detected,BraTS-GLI-00149-000,1,0,0.6,0.9997144341468811,1,0.21548806130886078
detected,BraTS-GLI-00149-000,1,0,0.7,0.9983477592468262,1,0.21183209121227264
detected,BraTS-GLI-00149-000,1,0,0.8,0.9905000329017639,1,0.20604823529720306
detected,BraTS-GLI-00149-000,1,0,0.9,0.9473432302474976,1,0.2017231285572052
detected,BraTS-GLI-00149-000,1,0,1.0,0.8867391347885132,1,0.228085458278656
detected,BraTS-GLI-00705-000,1,0,0.0,1.0,1,0.01460509467869997
detected,BraTS-GLI-00705-000,1,0,0.1,1.0,1,0.014551041647791862
detected,BraTS-GLI-00705-000,1,0,0.2,1.0,1,0.014490555971860886
detected,BraTS-GLI-00705-000,1,0,0.3,1.0,1,0.014424940571188927
detected,BraTS-GLI-00705-000,1,0,0.4,1.0,1,0.01435767114162445
detected,BraTS-GLI-00705-000,1,0,0.5,0.9999994039535522,1,0.01430122647434473
detected,BraTS-GLI-00705-000,1,0,0.6,0.9999936819076538,1,0.014307371340692043
detected,BraTS-GLI-00705-000,1,0,0.7,0.9999333620071411,1,0.01460174098610878
detected,BraTS-GLI-00705-000,1,0,0.8,0.999357283115387,1,0.016209371387958527
detected,BraTS-GLI-00705-000,1,0,0.9,0.9939197301864624,1,0.02414846047759056
detected,BraTS-GLI-00705-000,1,0,1.0,0.9639176726341248,1,0.06533294916152954
detected,BraTS-GLI-00691-001,1,0,0.0,1.0,1,0.004900548607110977
detected,BraTS-GLI-00691-001,1,0,0.1,1.0,1,0.004892911296337843
detected,BraTS-GLI-00691-001,1,0,0.2,1.0,1,0.0049028294160962105
detected,BraTS-GLI-00691-001,1,0,0.3,1.0,1,0.004942354746162891
detected,BraTS-GLI-00691-001,1,0,0.4,1.0,1,0.00503326253965497
detected,BraTS-GLI-00691-001,1,0,0.5,1.0,1,0.005218469072133303
detected,BraTS-GLI-00691-001,1,0,0.6,0.9999998807907104,1,0.005593867041170597
detected,BraTS-GLI-00691-001,1,0,0.7,0.9999977350234985,1,0.0064161913469433784
detected,BraTS-GLI-00691-001,1,0,0.8,0.9999451637268066,1,0.00855821929872036
detected,BraTS-GLI-00691-001,1,0,0.9,0.9988154172897339,1,0.015886807814240456
detected,BraTS-GLI-00691-001,1,0,1.0,0.9955814480781555,1,0.049560029059648514
detected,BraTS-GLI-01454-000,1,0,0.0,0.9998804330825806,1,0.004636027850210667
detected,BraTS-GLI-01454-000,1,0,0.1,0.9997493624687195,1,0.005230161361396313
detected,BraTS-GLI-01454-000,1,0,0.2,0.9994750618934631,1,0.0060293786227703094
detected,BraTS-GLI-01454-000,1,0,0.3,0.9989004135131836,1,0.007135380059480667
detected,BraTS-GLI-01454-000,1,0,0.4,0.9976983666419983,1,0.008717598393559456
detected,BraTS-GLI-01454-000,1,0,0.5,0.9951884746551514,1,0.011073514819145203
detected,BraTS-GLI-01454-000,1,0,0.6,0.9899695515632629,1,0.014766152016818523
detected,BraTS-GLI-01454-000,1,0,0.7,0.9793457984924316,1,0.020998753607273102
detected,BraTS-GLI-01454-000,1,0,0.8,0.9587794542312622,1,0.03289587050676346
detected,BraTS-GLI-01454-000,1,0,0.9,0.9194195866584778,1,0.06089155003428459
detected,BraTS-GLI-01454-000,1,0,1.0,0.8640163540840149,1,0.14680838584899902
detected,BraTS-GLI-00383-000,2,0,0.0,1.0,1,0.04350149631500244
detected,BraTS-GLI-00383-000,2,0,0.1,1.0,1,0.04334620013833046
detected,BraTS-GLI-00383-000,2,0,0.2,1.0,1,0.043206654489040375
detected,BraTS-GLI-00383-000,2,0,0.3,1.0,1,0.043107300996780396
detected,BraTS-GLI-00383-000,2,0,0.4,0.9999998807907104,1,0.04309675097465515
detected,BraTS-GLI-00383-000,2,0,0.5,0.9999986886978149,1,0.04327426478266716
detected,BraTS-GLI-00383-000,2,0,0.6,0.9999881982803345,1,0.04385468736290932
detected,BraTS-GLI-00383-000,2,0,0.7,0.9998973608016968,1,0.045353617519140244
detected,BraTS-GLI-00383-000,2,0,0.8,0.999112069606781,1,0.04923907294869423
detected,BraTS-GLI-00383-000,2,0,0.9,0.9923624992370605,1,0.0610741525888443
detected,BraTS-GLI-00383-000,2,0,1.0,0.9433403611183167,1,0.11260556429624557
detected,BraTS-GLI-01429-000,26,0,0.0,0.9855989217758179,1,7.898428293628967e-07
detected,BraTS-GLI-01429-000,26,0,0.1,0.9810030460357666,1,1.8756797999230912e-06
detected,BraTS-GLI-01429-000,26,0,0.2,0.9749777317047119,1,4.5217943807074334e-06
detected,BraTS-GLI-01429-000,26,0,0.3,0.9671053290367126,1,1.117976808018284e-05
detected,BraTS-GLI-01429-000,26,0,0.4,0.9568657875061035,1,2.883495471905917e-05
detected,BraTS-GLI-01429-000,26,0,0.5,0.9436245560646057,1,7.967939018271863e-05
detected,BraTS-GLI-01429-000,26,0,0.6,0.9295821785926819,1,0.00024475250393152237
detected,BraTS-GLI-01429-000,26,0,0.7,0.922464907169342,1,0.0008677092846482992
detected,BraTS-GLI-01429-000,26,0,0.8,0.9276019930839539,1,0.0035841523203998804
detected,BraTS-GLI-01429-000,26,0,0.9,0.9324236512184143,1,0.0165117084980011
detected,BraTS-GLI-01429-000,26,0,1.0,0.9369460344314575,1,0.07721268385648727
detected,BraTS-GLI-00382-000,7,0,0.0,0.9999955892562866,1,0.07971525937318802
detected,BraTS-GLI-00382-000,7,0,0.1,0.9999872446060181,1,0.07891380041837692
detected,BraTS-GLI-00382-000,7,0,0.2,0.9999634027481079,1,0.07798535376787186
detected,BraTS-GLI-00382-000,7,0,0.3,0.9998944997787476,1,0.07689863443374634
detected,BraTS-GLI-00382-000,7,0,0.4,0.9996964931488037,1,0.0756082534790039
detected,BraTS-GLI-00382-000,7,0,0.5,0.9991266131401062,1,0.07404880225658417
detected,BraTS-GLI-00382-000,7,0,0.6,0.9974894523620605,1,0.07213042676448822
detected,BraTS-GLI-00382-000,7,0,0.7,0.9928058981895447,1,0.06974595785140991
detected,BraTS-GLI-00382-000,7,0,0.8,0.9795640110969543,1,0.0668189600110054
detected,BraTS-GLI-00382-000,7,0,0.9,0.9433392286300659,1,0.06345272809267044
detected,BraTS-GLI-00382-000,7,0,1.0,0.852566659450531,1,0.06025198474526405
detected,BraTS-GLI-00301-000,3,0,0.0,1.0,1,0.1302533745765686
detected,BraTS-GLI-00301-000,3,0,0.1,1.0,1,0.1289488822221756
detected,BraTS-GLI-00301-000,3,0,0.2,0.9999997615814209,1,0.127528116106987
detected,BraTS-GLI-00301-000,3,0,0.3,0.9999991655349731,1,0.12598960101604462
detected,BraTS-GLI-00301-000,3,0,0.4,0.9999960660934448,1,0.12431974709033966
detected,BraTS-GLI-00301-000,3,0,0.5,0.9999821186065674,1,0.12247788906097412
detected,BraTS-GLI-00301-000,3,0,0.6,0.9999185800552368,1,0.12037425488233566
detected,BraTS-GLI-00301-000,3,0,0.7,0.9996304512023926,1,0.11784723401069641
detected,BraTS-GLI-00301-000,3,0,0.8,0.9983232617378235,1,0.11466773599386215
detected,BraTS-GLI-00301-000,3,0,0.9,0.9924277663230896,1,0.11066681891679764
detected,BraTS-GLI-00301-000,3,0,1.0,0.966498613357544,1,0.10631567984819412
detected,BraTS-GLI-01291-000,23,0,0.0,1.0,1,0.36053377389907837
detected,BraTS-GLI-01291-000,23,0,0.1,1.0,1,0.3609095811843872
detected,BraTS-GLI-01291-000,23,0,0.2,1.0,1,0.3613486588001251
detected,BraTS-GLI-01291-000,23,0,0.3,1.0,1,0.3618566393852234
detected,BraTS-GLI-01291-000,23,0,0.4,0.9999998807907104,1,0.36242911219596863
detected,BraTS-GLI-01291-000,23,0,0.5,0.9999991655349731,1,0.3630324900150299
detected,BraTS-GLI-01291-000,23,0,0.6,0.9999920129776001,1,0.36355459690093994
detected,BraTS-GLI-01291-000,23,0,0.7,0.9999251365661621,1,0.36367174983024597
detected,BraTS-GLI-01291-000,23,0,0.8,0.9992940425872803,1,0.36252638697624207
detected,BraTS-GLI-01291-000,23,0,0.9,0.9933809041976929,1,0.3583386540412903
detected,BraTS-GLI-01291-000,23,0,1.0,0.9408664107322693,1,0.35164114832878113
detected,BraTS-GLI-00725-001,2,0,0.0,0.9999997615814209,1,0.00015051636728458107
detected,BraTS-GLI-00725-001,2,0,0.1,0.9999990463256836,1,0.00018952823302242905
detected,BraTS-GLI-00725-001,2,0,0.2,0.999996542930603,1,0.0002455943322274834
detected,BraTS-GLI-00725-001,2,0,0.3,0.9999868869781494,1,0.00033134763361886144
detected,BraTS-GLI-00725-001,2,0,0.4,0.9999504089355469,1,0.0004725079343188554
detected,BraTS-GLI-00725-001,2,0,0.5,0.9998131394386292,1,0.0007263560546562076
detected,BraTS-GLI-00725-001,2,0,0.6,0.9992953538894653,1,0.0012387322494760156
detected,BraTS-GLI-00725-001,2,0,0.7,0.9973471164703369,1,0.0024578010197728872
detected,BraTS-GLI-00725-001,2,0,0.8,0.9900667667388916,1,0.006096942350268364
detected,BraTS-GLI-00725-001,2,0,0.9,0.9635362029075623,1,0.020068923011422157
detected,BraTS-GLI-00725-001,2,0,1.0,0.9035283923149109,1,0.08312971144914627
detected,BraTS-GLI-00207-000,23,0,0.0,1.0,1,0.0427560992538929
detected,BraTS-GLI-00207-000,23,0,0.1,1.0,1,0.04182096943259239
detected,BraTS-GLI-00207-000,23,0,0.2,0.9999998807907104,1,0.0408795028924942
detected,BraTS-GLI-00207-000,23,0,0.3,0.9999996423721313,1,0.03995557501912117
detected,BraTS-GLI-00207-000,23,0,0.4,0.9999978542327881,1,0.0390828438103199
detected,BraTS-GLI-00207-000,23,0,0.5,0.9999873638153076,1,0.0383114218711853
detected,BraTS-GLI-00207-000,23,0,0.6,0.999927282333374,1,0.03772439807653427
detected,BraTS-GLI-00207-000,23,0,0.7,0.9995819926261902,1,0.037484362721443176
detected,BraTS-GLI-00207-000,23,0,0.8,0.9975988268852234,1,0.037949949502944946
detected,BraTS-GLI-00207-000,23,0,0.9,0.9863371253013611,1,0.03990716114640236
detected,BraTS-GLI-00207-000,23,0,1.0,0.9261651039123535,1,0.04518420621752739
detected,BraTS-GLI-01291-000,24,0,0.0,0.9999997615814209,1,0.4876518249511719
detected,BraTS-GLI-01291-000,24,0,0.1,0.999998927116394,1,0.48821693658828735
detected,BraTS-GLI-01291-000,24,0,0.2,0.9999960660934448,1,0.4887237846851349
detected,BraTS-GLI-01291-000,24,0,0.3,0.9999852180480957,1,0.48909667134284973
detected,BraTS-GLI-01291-000,24,0,0.4,0.9999444484710693,1,0.4891989529132843
detected,BraTS-GLI-01291-000,24,0,0.5,0.9997921586036682,1,0.48877283930778503
detected,BraTS-GLI-01291-000,24,0,0.6,0.9992227554321289,1,0.4873049557209015
detected,BraTS-GLI-01291-000,24,0,0.7,0.9970976114273071,1,0.48372510075569153
detected,BraTS-GLI-01291-000,24,0,0.8,0.9892240166664124,1,0.47578272223472595
detected,BraTS-GLI-01291-000,24,0,0.9,0.9608307480812073,1,0.45923465490341187
detected,BraTS-GLI-01291-000,24,0,1.0,0.8676345348358154,1,0.42991235852241516
detected,BraTS-GLI-01291-000,14,0,0.0,0.9999998807907104,1,0.3546292185783386
detected,BraTS-GLI-01291-000,14,0,0.1,0.9999996423721313,1,0.35593894124031067
detected,BraTS-GLI-01291-000,14,0,0.2,0.9999985694885254,1,0.35748809576034546
detected,BraTS-GLI-01291-000,14,0,0.3,0.9999940395355225,1,0.3593430817127228
detected,BraTS-GLI-01291-000,14,0,0.4,0.9999749660491943,1,0.36159101128578186
detected,BraTS-GLI-01291-000,14,0,0.5,0.9998940229415894,1,0.364339679479599
detected,BraTS-GLI-01291-000,14,0,0.6,0.9995525479316711,1,0.3677045404911041
detected,BraTS-GLI-01291-000,14,0,0.7,0.9981122016906738,1,0.37175095081329346
detected,BraTS-GLI-01291-000,14,0,0.8,0.9920720458030701,1,0.37632063031196594
detected,BraTS-GLI-01291-000,14,0,0.9,0.9702329635620117,1,0.38064292073249817
detected,BraTS-GLI-01291-000,14,0,1.0,0.9073857665061951,1,0.3832986652851105
detected,BraTS-GLI-01247-000,1,0,0.0,0.9999998807907104,1,0.12734854221343994
detected,BraTS-GLI-01247-000,1,0,0.1,0.9999995231628418,1,0.1279398798942566
detected,BraTS-GLI-01247-000,1,0,0.2,0.9999979734420776,1,0.12865102291107178
detected,BraTS-GLI-01247-000,1,0,0.3,0.9999920129776001,1,0.1295291930437088
detected,BraTS-GLI-01247-000,1,0,0.4,0.9999703168869019,1,0.13064926862716675
detected,BraTS-GLI-01247-000,1,0,0.5,0.999889612197876,1,0.13213719427585602
detected,BraTS-GLI-01247-000,1,0,0.6,0.9995893836021423,1,0.13422714173793793
detected,BraTS-GLI-01247-000,1,0,0.7,0.9984733462333679,1,0.13743844628334045
detected,BraTS-GLI-01247-000,1,0,0.8,0.9943406581878662,1,0.143292635679245
detected,BraTS-GLI-01247-000,1,0,0.9,0.9792532920837402,1,0.15789607167243958
detected,BraTS-GLI-01247-000,1,0,1.0,0.9269014000892639,1,0.21078388392925262
detected,BraTS-GLI-01663-000,1,0,0.0,1.0,1,0.021050211042165756
detected,BraTS-GLI-01663-000,1,0,0.1,1.0,1,0.021163463592529297
detected,BraTS-GLI-01663-000,1,0,0.2,1.0,1,0.021316058933734894
detected,BraTS-GLI-01663-000,1,0,0.3,1.0,1,0.02152830734848976
detected,BraTS-GLI-01663-000,1,0,0.4,1.0,1,0.021831247955560684
detected,BraTS-GLI-01663-000,1,0,0.5,1.0,1,0.022275354713201523
detected,BraTS-GLI-01663-000,1,0,0.6,0.9999998807907104,1,0.022960074245929718
detected,BraTS-GLI-01663-000,1,0,0.7,0.9999974966049194,1,0.02416464313864708
detected,BraTS-GLI-01663-000,1,0,0.8,0.9999396800994873,1,0.027026843279600143
detected,BraTS-GLI-01663-000,1,0,0.9,0.9985136389732361,1,0.03755957633256912
detected,BraTS-GLI-01663-000,1,0,1.0,0.9769001007080078,1,0.09093432128429413
detected,BraTS-GLI-01507-000,2,0,0.0,1.0,1,0.14636623859405518
detected,BraTS-GLI-01507-000,2,0,0.1,1.0,1,0.14584216475486755
detected,BraTS-GLI-01507-000,2,0,0.2,1.0,1,0.145247682929039
detected,BraTS-GLI-01507-000,2,0,0.3,0.9999998807907104,1,0.14456909894943237
detected,BraTS-GLI-01507-000,2,0,0.4,0.9999992847442627,1,0.14379045367240906
detected,BraTS-GLI-01507-000,2,0,0.5,0.9999947547912598,1,0.14289718866348267
detected,BraTS-GLI-01507-000,2,0,0.6,0.9999619722366333,1,0.14189279079437256
detected,BraTS-GLI-01507-000,2,0,0.7,0.9997246861457825,1,0.14085857570171356
detected,BraTS-GLI-01507-000,2,0,0.8,0.9981281161308289,1,0.14016099274158478
detected,BraTS-GLI-01507-000,2,0,0.9,0.9909590482711792,1,0.14124657213687897
detected,BraTS-GLI-01507-000,2,0,1.0,0.958256185054779,1,0.14977328479290009
detected,BraTS-GLI-00683-001,24,0,0.0,0.9996135830879211,1,0.020690442994236946
detected,BraTS-GLI-00683-001,24,0,0.1,0.999243974685669,1,0.02080230414867401
detected,BraTS-GLI-00683-001,24,0,0.2,0.9985212683677673,1,0.02096446231007576
detected,BraTS-GLI-00683-001,24,0,0.3,0.9971098303794861,1,0.021197602152824402
detected,BraTS-GLI-00683-001,24,0,0.4,0.9943585991859436,1,0.02153218351304531
detected,BraTS-GLI-00683-001,24,0,0.5,0.9890174865722656,1,0.022014636546373367
detected,BraTS-GLI-00683-001,24,0,0.6,0.9787275195121765,1,0.022719336673617363
detected,BraTS-GLI-00683-001,24,0,0.7,0.9591941833496094,1,0.02377261593937874
detected,BraTS-GLI-00683-001,24,0,0.8,0.9231332540512085,1,0.025405477732419968
detected,BraTS-GLI-00683-001,24,0,0.9,0.8867839574813843,1,0.028079679235816002
detected,BraTS-GLI-00683-001,24,0,1.0,0.8562188148498535,1,0.03282346576452255
G2A,BraTS-GLI-01012-000,3,0,0.0,4.701698799181031e-06,0,2.574932489451953e-10
G2A,BraTS-GLI-01012-000,3,0,0.1,1.4979367733758409e-05,0,1.4066539044677029e-09
G2A,BraTS-GLI-01012-000,3,0,0.2,4.772240572492592e-05,0,7.81651010584028e-09
G2A,BraTS-GLI-01012-000,3,0,0.3,0.00015202692884486169,0,4.443231560458116e-08
G2A,BraTS-GLI-01012-000,3,0,0.4,0.0004841935005970299,0,2.605550264433987e-07
G2A,BraTS-GLI-01012-000,3,0,0.5,0.0015410005580633879,0,1.5954520904415403e-06
G2A,BraTS-GLI-01012-000,3,0,0.6,0.004893115255981684,0,1.0368756193201989e-05
G2A,BraTS-GLI-01012-000,3,0,0.7,0.015424392186105251,0,7.29165185475722e-05
G2A,BraTS-GLI-01012-000,3,0,0.8,0.04753890261054039,0,0.0005652609397657216
G2A,BraTS-GLI-01012-000,3,0,0.9,0.13771477341651917,0,0.004878929816186428
G2A,BraTS-GLI-01012-000,3,0,1.0,0.3666483759880066,0,0.045480646193027496
G2A,BraTS-GLI-01414-000,1,0,0.0,8.304578841489274e-06,0,2.7749094897444593e-06
G2A,BraTS-GLI-01414-000,1,0,0.1,2.7612159101408906e-05,0,7.288357664947398e-06
G2A,BraTS-GLI-01414-000,1,0,0.2,9.180407505482435e-05,0,1.93431133084232e-05
G2A,BraTS-GLI-01414-000,1,0,0.3,0.00030518247513100505,0,5.1978338888147846e-05
G2A,BraTS-GLI-01414-000,1,0,0.4,0.0010140080703422427,0,0.00014177100092638284
G2A,BraTS-GLI-01414-000,1,0,0.5,0.0033636349253356457,0,0.000393621128750965
G2A,BraTS-GLI-01414-000,1,0,0.6,0.011097265407443047,0,0.0011159535497426987
G2A,BraTS-GLI-01414-000,1,0,0.7,0.03597017377614975,0,0.003239352023229003
G2A,BraTS-GLI-01414-000,1,0,0.8,0.1103702187538147,0,0.009644042700529099
G2A,BraTS-GLI-01414-000,1,0,0.9,0.29203957319259644,0,0.029582185670733452
G2A,BraTS-GLI-01414-000,1,0,1.0,0.5783408880233765,1,0.09496574103832245
G2A,BraTS-GLI-01414-000,2,0,0.0,2.2332438120997722e-08,0,3.553219301011268e-07
G2A,BraTS-GLI-01414-000,2,0,0.1,1.0509075565323656e-07,0,1.0247835007248796e-06
G2A,BraTS-GLI-01414-000,2,0,0.2,4.94530695505091e-07,0,2.9994253054610454e-06
G2A,BraTS-GLI-01414-000,2,0,0.3,2.3271359168575145e-06,0,8.962001629697625e-06
G2A,BraTS-GLI-01414-000,2,0,0.4,1.0950835530820768e-05,0,2.758280788839329e-05
G2A,BraTS-GLI-01414-000,2,0,0.5,5.1529852498788387e-05,0,8.860930392984301e-05
G2A,BraTS-GLI-01414-000,2,0,0.6,0.00024244008818641305,0,0.0003024445322807878
G2A,BraTS-GLI-01414-000,2,0,0.7,0.0011398406932130456,0,0.0011189751094207168
G2A,BraTS-GLI-01414-000,2,0,0.8,0.005341244395822287,0,0.004556228406727314
G2A,BraTS-GLI-01414-000,2,0,0.9,0.024646755307912827,0,0.02035881206393242
G2A,BraTS-GLI-01414-000,2,0,1.0,0.11572765558958054,0,0.0939730703830719
G2A,BraTS-GLI-01414-000,9,0,0.0,1.8031822701658484e-09,0,2.799166898270755e-09
G2A,BraTS-GLI-01414-000,9,0,0.1,1.0840369490949797e-08,0,1.2969128881934466e-08
G2A,BraTS-GLI-01414-000,9,0,0.2,6.516987838267596e-08,0,6.115882200674605e-08
G2A,BraTS-GLI-01414-000,9,0,0.3,3.917880917470029e-07,0,2.943131391930365e-07
G2A,BraTS-GLI-01414-000,9,0,0.4,2.355339802306844e-06,0,1.4496818039333448e-06
G2A,BraTS-GLI-01414-000,9,0,0.5,1.4159649253997486e-05,0,7.334675501624588e-06
G2A,BraTS-GLI-01414-000,9,0,0.6,8.511867781635374e-05,0,3.827690670732409e-05
G2A,BraTS-GLI-01414-000,9,0,0.7,0.000511497724801302,0,0.0002070285117952153
G2A,BraTS-GLI-01414-000,9,0,0.8,0.0030919313430786133,0,0.0011661440366879106
G2A,BraTS-GLI-01414-000,9,0,0.9,0.020511964336037636,0,0.006843686569482088
G2A,BraTS-GLI-01414-000,9,0,1.0,0.12388088554143906,0,0.04068845510482788
G2A,BraTS-GLI-01414-000,16,0,0.0,3.657216325336776e-07,0,3.299339823570335e-08
G2A,BraTS-GLI-01414-000,16,0,0.1,1.0736148396972567e-06,0,1.041258457235017e-07
G2A,BraTS-GLI-01414-000,16,0,0.2,3.151700184389483e-06,0,3.300673654393904e-07
G2A,BraTS-GLI-01414-000,16,0,0.3,9.252102245227434e-06,0,1.05139508832508e-06
G2A,BraTS-GLI-01414-000,16,0,0.4,2.716001108638011e-05,0,3.367433009771048e-06
G2A,BraTS-GLI-01414-000,16,0,0.5,7.972681487444788e-05,0,1.0852175364561845e-05
G2A,BraTS-GLI-01414-000,16,0,0.6,0.00023401039652526379,0,3.522237966535613e-05
G2A,BraTS-GLI-01414-000,16,0,0.7,0.0006866512703709304,0,0.00011527026072144508
G2A,BraTS-GLI-01414-000,16,0,0.8,0.0020130600314587355,0,0.00038094408228062093
G2A,BraTS-GLI-01414-000,16,0,0.9,0.005886618979275227,0,0.0012735172640532255
G2A,BraTS-GLI-01414-000,16,0,1.0,0.017086086794734,0,0.004312574863433838
G2A,BraTS-GLI-01414-000,44,0,0.0,2.3909004084998742e-05,0,1.849184911861812e-07
G2A,BraTS-GLI-01414-000,44,0,0.1,6.988256791373715e-05,0,5.690462216989545e-07
G2A,BraTS-GLI-01414-000,44,0,0.2,0.00020423838577698916,0,1.8092124491886352e-06
G2A,BraTS-GLI-01414-000,44,0,0.3,0.0005967518081888556,0,5.968087862129323e-06
G2A,BraTS-GLI-01414-000,44,0,0.4,0.0017423018580302596,0,2.0503201085375622e-05
G2A,BraTS-GLI-01414-000,44,0,0.5,0.005075719673186541,0,7.358559378189966e-05
G2A,BraTS-GLI-01414-000,44,0,0.6,0.014692873694002628,0,0.0002765181998256594
G2A,BraTS-GLI-01414-000,44,0,0.7,0.04176697880029678,0,0.001089183846488595
G2A,BraTS-GLI-01414-000,44,0,0.8,0.11300797015428543,0,0.004489786457270384
G2A,BraTS-GLI-01414-000,44,0,0.9,0.2713526487350464,0,0.019116947427392006
G2A,BraTS-GLI-01414-000,44,0,1.0,0.5211963057518005,1,0.07930309325456619
G2A,BraTS-GLI-01413-000,3,0,0.0,5.931054258834223e-13,0,1.5394306922961176e-12
G2A,BraTS-GLI-01413-000,3,0,0.1,7.706486490621778e-12,0,1.4382741525542642e-11
G2A,BraTS-GLI-01413-000,3,0,0.2,1.0013366524841416e-10,0,1.388065218321799e-10
G2A,BraTS-GLI-01413-000,3,0,0.3,1.3010844623906337e-09,0,1.390618287189227e-09
G2A,BraTS-GLI-01413-000,3,0,0.4,1.690551165722809e-08,0,1.4517523183599224e-08
G2A,BraTS-GLI-01413-000,3,0,0.5,2.196613309024542e-07,0,1.5823876253762137e-07
G2A,BraTS-GLI-01413-000,3,0,0.6,2.8541485335153993e-06,0,1.8002402839556453e-06
G2A,BraTS-GLI-01413-000,3,0,0.7,3.70840061805211e-05,0,2.1324725821614265e-05
G2A,BraTS-GLI-01413-000,3,0,0.8,0.00048163457540795207,0,0.000261907436652109
G2A,BraTS-GLI-01413-000,3,0,0.9,0.006222153548151255,0,0.0033083201851695776
G2A,BraTS-GLI-01413-000,3,0,1.0,0.07523296773433685,0,0.040999721735715866
G2A,BraTS-GLI-00621-000,1,0,0.0,1.2588156211856827e-11,0,1.9418447752550527e-11
G2A,BraTS-GLI-00621-000,1,0,0.1,1.233736585115608e-10,0,1.60219920664062e-10
G2A,BraTS-GLI-00621-000,1,0,0.2,1.2513480251996612e-09,0,1.3415940580685515e-09
G2A,BraTS-GLI-00621-000,1,0,0.3,1.269215843535676e-08,0,1.141380323588237e-08
G2A,BraTS-GLI-00621-000,1,0,0.4,1.2873385912826052e-07,0,9.876325179902778e-08
G2A,BraTS-GLI-00621-000,1,0,0.5,1.305718683397572e-06,0,8.699438467374421e-07
G2A,BraTS-GLI-00621-000,1,0,0.6,1.3243469766166527e-05,0,7.80523714638548e-06
G2A,BraTS-GLI-00621-000,1,0,0.7,0.00013430944818537682,0,7.135171472327784e-05
G2A,BraTS-GLI-00621-000,1,0,0.8,0.0013606015127152205,0,0.0006642410298809409
G2A,BraTS-GLI-00621-000,1,0,0.9,0.01363073755055666,0,0.006263966206461191
G2A,BraTS-GLI-00621-000,1,0,1.0,0.1229332908987999,0,0.05708709731698036
G2A,BraTS-GLI-01113-000,5,0,0.0,2.312476908628014e-06,0,0.05943945795297623
G2A,BraTS-GLI-01113-000,5,0,0.1,8.836431334202643e-06,0,0.0593130961060524
G2A,BraTS-GLI-01113-000,5,0,0.2,3.376506720087491e-05,0,0.05921369418501854
G2A,BraTS-GLI-01113-000,5,0,0.3,0.00012901129957754165,0,0.05916661396622658
G2A,BraTS-GLI-01113-000,5,0,0.4,0.0004928006092086434,0,0.059213247150182724
G2A,BraTS-GLI-01113-000,5,0,0.5,0.0018804827705025673,0,0.05942893400788307
G2A,BraTS-GLI-01113-000,5,0,0.6,0.0071478127501904964,0,0.05998950079083443
G2A,BraTS-GLI-01113-000,5,0,0.7,0.026773393154144287,0,0.06147334724664688
G2A,BraTS-GLI-01113-000,5,0,0.8,0.0951220914721489,0,0.06633103638887405
G2A,BraTS-GLI-01113-000,5,0,0.9,0.2865765392780304,0,0.085316963493824
G2A,BraTS-GLI-01113-000,5,0,1.0,0.6350515484809875,1,0.15997955203056335
G2A,BraTS-GLI-00608-000,4,0,0.0,0.003564034355804324,0,7.730620382062625e-06
G2A,BraTS-GLI-00608-000,4,0,0.1,0.006025837734341621,0,1.6506166502949782e-05
G2A,BraTS-GLI-00608-000,4,0,0.2,0.01017073355615139,0,3.5532084439182654e-05
G2A,BraTS-GLI-00608-000,4,0,0.3,0.017117617651820183,0,7.72297935327515e-05
G2A,BraTS-GLI-00608-000,4,0,0.4,0.028671978041529655,0,0.00016979215433821082
G2A,BraTS-GLI-00608-000,4,0,0.5,0.0476473830640316,0,0.0003783851279877126
G2A,BraTS-GLI-00608-000,4,0,0.6,0.07817026972770691,0,0.0008567495970055461
G2A,BraTS-GLI-00608-000,4,0,0.7,0.12566611170768738,0,0.001975569175556302
G2A,BraTS-GLI-00608-000,4,0,0.8,0.19588783383369446,0,0.0046472507528960705
G2A,BraTS-GLI-00608-000,4,0,0.9,0.2922336757183075,0,0.011150941252708435
G2A,BraTS-GLI-00608-000,4,0,1.0,0.4117045998573303,0,0.027182556688785553
G2A,BraTS-GLI-01455-000,4,0,0.0,1.5685843735013805e-09,0,0.007184616290032864
G2A,BraTS-GLI-01455-000,4,0,0.1,1.2143232197558973e-08,0,0.0070375413633883
G2A,BraTS-GLI-01455-000,4,0,0.2,9.400674372272988e-08,0,0.006882187910377979
G2A,BraTS-GLI-01455-000,4,0,0.3,7.277535019056813e-07,0,0.0067307730205357075
G2A,BraTS-GLI-01455-000,4,0,0.4,5.633876753563527e-06,0,0.0066118803806602955
G2A,BraTS-GLI-01455-000,4,0,0.5,4.361304672784172e-05,0,0.0065911514684557915
G2A,BraTS-GLI-01455-000,4,0,0.6,0.00033753167372196913,0,0.006825301330536604
G2A,BraTS-GLI-01455-000,4,0,0.7,0.0026070706080645323,0,0.00774949137121439
G2A,BraTS-GLI-01455-000,4,0,0.8,0.01983405463397503,0,0.01105827558785677
G2A,BraTS-GLI-01455-000,4,0,0.9,0.13543617725372314,0,0.026267796754837036
G2A,BraTS-GLI-01455-000,4,0,1.0,0.5480690002441406,1,0.10485679656267166
G2A,BraTS-GLI-00694-000,2,0,0.0,8.193887790497456e-10,0,1.5218308557773952e-10
G2A,BraTS-GLI-00694-000,2,0,0.1,5.720695028799128e-09,0,1.0054517218804904e-09
G2A,BraTS-GLI-00694-000,2,0,0.2,3.9940101004276585e-08,0,6.727073120771365e-09
G2A,BraTS-GLI-00694-000,2,0,0.3,2.788487449834065e-07,0,4.567164779700761e-08
G2A,BraTS-GLI-00694-000,2,0,0.4,1.9468279788270593e-06,0,3.154524961246352e-07
G2A,BraTS-GLI-00694-000,2,0,0.5,1.3591974493465386e-05,0,2.223682031399221e-06
G2A,BraTS-GLI-00694-000,2,0,0.6,9.48871165746823e-05,0,1.605970464879647e-05
G2A,BraTS-GLI-00694-000,2,0,0.7,0.0006620957865379751,0,0.00011935554357478395
G2A,BraTS-GLI-00694-000,2,0,0.8,0.00530923530459404,0,0.0009165910887531936
G2A,BraTS-GLI-00694-000,2,0,0.9,0.042596377432346344,0,0.007266172207891941
G2A,BraTS-GLI-00694-000,2,0,1.0,0.27053144574165344,0,0.05719238519668579
G2A,BraTS-GLI-01457-000,5,0,0.0,1.1822387023130432e-05,0,2.0000275924303423e-07
G2A,BraTS-GLI-01457-000,5,0,0.1,4.5345601392909884e-05,0,7.358961511272355e-07
G2A,BraTS-GLI-01457-000,5,0,0.2,0.0001739095605444163,0,2.775341727101477e-06
G2A,BraTS-GLI-01457-000,5,0,0.3,0.0006667362758889794,0,1.0698164260247722e-05
G2A,BraTS-GLI-01457-000,5,0,0.4,0.002552574034780264,0,4.203668504487723e-05
G2A,BraTS-GLI-01457-000,5,0,0.5,0.009720549918711185,0,0.00016789637447800487
G2A,BraTS-GLI-01457-000,5,0,0.6,0.036284931004047394,0,0.0006780683761462569
G2A,BraTS-GLI-01457-000,5,0,0.7,0.126193568110466,0,0.002725092926993966
G2A,BraTS-GLI-01457-000,5,0,0.8,0.3564765751361847,0,0.010402366518974304
G2A,BraTS-GLI-01457-000,5,0,0.9,0.6799761056900024,1,0.03519101068377495
G2A,BraTS-GLI-01457-000,5,0,1.0,0.8907099962234497,1,0.10983958840370178
G2A,BraTS-GLI-00012-000,4,0,0.0,6.720727085962608e-09,0,1.979717900724154e-08
G2A,BraTS-GLI-00012-000,4,0,0.1,4.254619412336069e-08,0,1.0303372732778371e-07
G2A,BraTS-GLI-00012-000,4,0,0.2,2.693416263355175e-07,0,5.420419597612636e-07
G2A,BraTS-GLI-00012-000,4,0,0.3,1.768087713571731e-06,0,2.8833906071668025e-06
G2A,BraTS-GLI-00012-000,4,0,0.4,1.2471889931475744e-05,0,1.5515424820478074e-05
G2A,BraTS-GLI-00012-000,4,0,0.5,8.796967449598014e-05,0,8.448622247669846e-05
G2A,BraTS-GLI-00012-000,4,0,0.6,0.0006202050135470927,0,0.0004653843934647739
G2A,BraTS-GLI-00012-000,4,0,0.7,0.004358542151749134,0,0.002579477382823825
G2A,BraTS-GLI-00012-000,4,0,0.8,0.029954606667160988,0,0.013968597166240215
G2A,BraTS-GLI-00012-000,4,0,0.9,0.17886309325695038,0,0.06667131930589676
G2A,BraTS-GLI-00012-000,4,0,1.0,0.60575932264328,1,0.23197272419929504
G2A,BraTS-GLI-00012-000,6,0,0.0,9.757882502015036e-09,0,1.697062685934725e-07
G2A,BraTS-GLI-00012-000,6,0,0.1,6.418509457262189e-08,0,6.503109375444183e-07
G2A,BraTS-GLI-00012-000,6,0,0.2,4.221928975312039e-07,0,2.5361475763929775e-06
G2A,BraTS-GLI-00012-000,6,0,0.3,2.777078179860837e-06,0,1.0087053851748351e-05
G2A,BraTS-GLI-00012-000,6,0,0.4,1.8266626284457743e-05,0,4.103207174921408e-05
G2A,BraTS-GLI-00012-000,6,0,0.5,0.00012014106323476881,0,0.00017115035734605044
G2A,BraTS-GLI-00012-000,6,0,0.6,0.0007897290633991361,0,0.0007310883374884725
G2A,BraTS-GLI-00012-000,6,0,0.7,0.005171861033886671,0,0.003158056177198887
G2A,BraTS-GLI-00012-000,6,0,0.8,0.03306536003947258,0,0.013520102016627789
G2A,BraTS-GLI-00012-000,6,0,0.9,0.20106756687164307,0,0.05658061429858208
G2A,BraTS-GLI-00012-000,6,0,1.0,0.6786660552024841,1,0.1958223581314087
G2A,BraTS-GLI-00012-000,9,0,0.0,8.329977596588378e-09,0,8.514416727223306e-09
G2A,BraTS-GLI-00012-000,9,0,0.1,5.5558899703100906e-08,0,4.234304995520688e-08
G2A,BraTS-GLI-00012-000,9,0,0.2,3.705634128436941e-07,0,2.1550860651586845e-07
G2A,BraTS-GLI-00012-000,9,0,0.3,2.4715616291359765e-06,0,1.126186475630675e-06
G2A,BraTS-GLI-00012-000,9,0,0.4,1.64844768733019e-05,0,6.0599527387239505e-06
G2A,BraTS-GLI-00012-000,9,0,0.5,0.00010993713658535853,0,3.365007432876155e-05
G2A,BraTS-GLI-00012-000,9,0,0.6,0.000732797256205231,0,0.00019302596047054976
G2A,BraTS-GLI-00012-000,9,0,0.7,0.00486735301092267,0,0.001142331282608211
G2A,BraTS-GLI-00012-000,9,0,0.8,0.031592220067977905,0,0.006897123530507088
G2A,BraTS-GLI-00012-000,9,0,0.9,0.17870308458805084,0,0.03988152742385864
G2A,BraTS-GLI-00012-000,9,0,1.0,0.5920445322990417,1,0.17819420993328094
G2A,BraTS-GLI-00012-000,28,0,0.0,1.0379487775935559e-06,0,9.910107223731757e-08
G2A,BraTS-GLI-00012-000,28,0,0.1,3.7586446524073835e-06,0,4.212191697661183e-07
G2A,BraTS-GLI-00012-000,28,0,0.2,1.3610755559056997e-05,0,1.8025067447524634e-06
G2A,BraTS-GLI-00012-000,28,0,0.3,4.928591806674376e-05,0,7.770973752485588e-06
G2A,BraTS-GLI-00012-000,28,0,0.4,0.00017845242109615356,0,3.3774165785871446e-05
G2A,BraTS-GLI-00012-000,28,0,0.5,0.0008254124550148845,0,0.00014802590885665268
G2A,BraTS-GLI-00012-000,28,0,0.6,0.004024979658424854,0,0.0006533268024213612
G2A,BraTS-GLI-00012-000,28,0,0.7,0.01938646472990513,0,0.0028799744322896004
G2A,BraTS-GLI-00012-000,28,0,0.8,0.08818467706441879,0,0.01229697186499834
G2A,BraTS-GLI-00012-000,28,0,0.9,0.3211689293384552,0,0.047390881925821304
G2A,BraTS-GLI-00012-000,28,0,1.0,0.6982953548431396,1,0.15298375487327576
G2A,BraTS-GLI-00012-000,30,0,0.0,0.00013015748118050396,0,9.487910688221746e-07
G2A,BraTS-GLI-00012-000,30,0,0.1,0.00041817931924015284,0,3.2645170904288534e-06
G2A,BraTS-GLI-00012-000,30,0,0.2,0.0013427013764157891,0,1.126788993133232e-05
G2A,BraTS-GLI-00012-000,30,0,0.3,0.004302379675209522,0,3.900575393345207e-05
G2A,BraTS-GLI-00012-000,30,0,0.4,0.013696528971195221,0,0.00013515360478777438
G2A,BraTS-GLI-00012-000,30,0,0.5,0.04272250086069107,0,0.00046520488103851676
G2A,BraTS-GLI-00012-000,30,0,0.6,0.12543775141239166,0,0.0015535426791757345
G2A,BraTS-GLI-00012-000,30,0,0.7,0.31551501154899597,0,0.004772697575390339
G2A,BraTS-GLI-00012-000,30,0,0.8,0.5970031023025513,1,0.012935828417539597
G2A,BraTS-GLI-00012-000,30,0,0.9,0.8264174461364746,1,0.034402213990688324
G2A,BraTS-GLI-00012-000,30,0,1.0,0.9386530518531799,1,0.10391271114349365
G2A,BraTS-GLI-00012-000,32,0,0.0,0.00020735255384352058,0,1.918865791594726e-06
G2A,BraTS-GLI-00012-000,32,0,0.1,0.0006768554449081421,0,6.5688323047652375e-06
G2A,BraTS-GLI-00012-000,32,0,0.2,0.0022070978302508593,0,2.2546471882378682e-05
G2A,BraTS-GLI-00012-000,32,0,0.3,0.007172089535742998,0,7.755532715236768e-05
G2A,BraTS-GLI-00012-000,32,0,0.4,0.02304813824594021,0,0.00026669923681765795
G2A,BraTS-GLI-00012-000,32,0,0.5,0.07153511047363281,0,0.0009086943464353681
G2A,BraTS-GLI-00012-000,32,0,0.6,0.20103518664836884,0,0.002983532380312681
G2A,BraTS-GLI-00012-000,32,0,0.7,0.4510745406150818,0,0.008838281966745853
G2A,BraTS-GLI-00012-000,32,0,0.8,0.7285301089286804,1,0.021967746317386627
G2A,BraTS-GLI-00012-000,32,0,0.9,0.8975859880447388,1,0.04927872121334076
G2A,BraTS-GLI-00012-000,32,0,1.0,0.9662418365478516,1,0.11942104250192642
G2A,BraTS-GLI-01084-000,2,0,0.0,9.906059131026268e-05,0,0.008570404723286629
G2A,BraTS-GLI-01084-000,2,0,0.1,0.00029683340108022094,0,0.008600783534348011
G2A,BraTS-GLI-01084-000,2,0,0.2,0.0008891039178706706,0,0.008639032952487469
G2A,BraTS-GLI-01084-000,2,0,0.3,0.002659982768818736,0,0.008692093193531036
G2A,BraTS-GLI-01084-000,2,0,0.4,0.00793003011494875,0,0.008782407268881798
G2A,BraTS-GLI-01084-000,2,0,0.5,0.023396365344524384,0,0.008991695940494537
G2A,BraTS-GLI-01084-000,2,0,0.6,0.06699047982692719,0,0.009638410061597824
G2A,BraTS-GLI-01084-000,2,0,0.7,0.17708395421504974,0,0.011991132982075214
G2A,BraTS-GLI-01084-000,2,0,0.8,0.39207613468170166,0,0.020819170400500298
G2A,BraTS-GLI-01084-000,2,0,0.9,0.6590452790260315,1,0.050778552889823914
G2A,BraTS-GLI-01084-000,2,0,1.0,0.8527930378913879,1,0.13137362897396088
G2A,BraTS-GLI-01348-000,7,0,0.0,4.597566771735728e-09,0,8.67739569088144e-09
G2A,BraTS-GLI-01348-000,7,0,0.1,2.5516509793988007e-08,0,3.8036112925965426e-08
G2A,BraTS-GLI-01348-000,7,0,0.2,1.4161656736177974e-07,0,1.707539070139319e-07
G2A,BraTS-GLI-01348-000,7,0,0.3,7.859719062253134e-07,0,7.875771075305238e-07
G2A,BraTS-GLI-01348-000,7,0,0.4,4.362126674095634e-06,0,3.744278501471854e-06
G2A,BraTS-GLI-01348-000,7,0,0.5,2.4209361072280444e-05,0,1.8406402887194417e-05
G2A,BraTS-GLI-01348-000,7,0,0.6,0.00013434697757475078,0,9.383204451296479e-05
G2A,BraTS-GLI-01348-000,7,0,0.7,0.0007451706333085895,0,0.0004971661837771535
G2A,BraTS-GLI-01348-000,7,0,0.8,0.004147208295762539,0,0.0027389058377593756
G2A,BraTS-GLI-01348-000,7,0,0.9,0.02387496829032898,0,0.015563244931399822
G2A,BraTS-GLI-01348-000,7,0,1.0,0.12560874223709106,0,0.08665125072002411
G2A,BraTS-GLI-01215-000,1,0,0.0,3.113136859411725e-09,0,1.207666189273482e-09
G2A,BraTS-GLI-01215-000,1,0,0.1,1.8150879910194817e-08,0,6.428908516653564e-09
G2A,BraTS-GLI-01215-000,1,0,0.2,1.058269489817576e-07,0,3.5063678183178126e-08
G2A,BraTS-GLI-01215-000,1,0,0.3,6.170142228256736e-07,0,1.9622169133981515e-07
G2A,BraTS-GLI-01215-000,1,0,0.4,3.597424438339658e-06,0,1.1282551213298575e-06
G2A,BraTS-GLI-01215-000,1,0,0.5,2.0974133803974837e-05,0,6.675023541902192e-06
G2A,BraTS-GLI-01215-000,1,0,0.6,0.00012227517436258495,0,4.0697890653973445e-05
G2A,BraTS-GLI-01215-000,1,0,0.7,0.0007965348195284605,0,0.00025620125234127045
G2A,BraTS-GLI-01215-000,1,0,0.8,0.00558731472119689,0,0.0016676951199769974
G2A,BraTS-GLI-01215-000,1,0,0.9,0.03809386119246483,0,0.011155541986227036
G2A,BraTS-GLI-01215-000,1,0,1.0,0.21821922063827515,0,0.07224651426076889
G2A,BraTS-GLI-01215-000,6,0,0.0,1.5231976790985868e-09,0,7.523702494349749e-11
G2A,BraTS-GLI-01215-000,6,0,0.1,9.848379889376702e-09,0,5.138210412702904e-10
G2A,BraTS-GLI-01215-000,6,0,0.2,6.367527305428666e-08,0,3.5784435414853988e-09
G2A,BraTS-GLI-01215-000,6,0,0.3,4.1169727182932547e-07,0,2.5438001927113874e-08
G2A,BraTS-GLI-01215-000,6,0,0.4,3.0283199521363713e-06,0,1.847738815285993e-07
G2A,BraTS-GLI-01215-000,6,0,0.5,2.2947257093619555e-05,0,1.3732199022342684e-06
G2A,BraTS-GLI-01215-000,6,0,0.6,0.00017386130639351904,0,1.0459332770551555e-05
G2A,BraTS-GLI-01215-000,6,0,0.7,0.0013159660156816244,0,8.181112934835255e-05
G2A,BraTS-GLI-01215-000,6,0,0.8,0.009886424988508224,0,0.0006582821370102465
G2A,BraTS-GLI-01215-000,6,0,0.9,0.07034213095903397,0,0.005427737720310688
G2A,BraTS-GLI-01215-000,6,0,1.0,0.36441895365715027,0,0.04391856491565704
G2A,BraTS-GLI-00613-001,1,0,0.0,4.5732818421129195e-07,0,3.4340194576820693e-10
G2A,BraTS-GLI-00613-001,1,0,0.1,1.762777515068592e-06,0,1.8688168790248483e-09
G2A,BraTS-GLI-00613-001,1,0,0.2,6.794623459427385e-06,0,1.0399435979024929e-08
G2A,BraTS-GLI-00613-001,1,0,0.3,2.6189518393948674e-05,0,5.959760329687924e-08
G2A,BraTS-GLI-00613-001,1,0,0.4,0.00010094042954733595,0,3.550349845227174e-07
G2A,BraTS-GLI-00613-001,1,0,0.5,0.00038896501064300537,0,2.223387582489522e-06
G2A,BraTS-GLI-00613-001,1,0,0.6,0.001510455273091793,0,1.4809062122367322e-05
G2A,BraTS-GLI-00613-001,1,0,0.7,0.006208870094269514,0,0.00010587916767690331
G2A,BraTS-GLI-00613-001,1,0,0.8,0.025153983384370804,0,0.0008149922359734774
G2A,BraTS-GLI-00613-001,1,0,0.9,0.09630445390939713,0,0.006693881470710039
G2A,BraTS-GLI-00613-001,1,0,1.0,0.3056166470050812,0,0.055757828056812286
G2A,BraTS-GLI-00613-001,2,0,0.0,4.1808922901509504e-07,0,3.6065554098740904e-08
G2A,BraTS-GLI-00613-001,2,0,0.1,1.92934317055915e-06,0,1.634311388443166e-07
G2A,BraTS-GLI-00613-001,2,0,0.2,8.953544238465838e-06,0,7.453177772731578e-07
G2A,BraTS-GLI-00613-001,2,0,0.3,4.2580173612805083e-05,0,3.4220738598378375e-06
G2A,BraTS-GLI-00613-001,2,0,0.4,0.00020247163774911314,0,1.582532058819197e-05
G2A,BraTS-GLI-00613-001,2,0,0.5,0.0009621892240829766,0,7.373141124844551e-05
G2A,BraTS-GLI-00613-001,2,0,0.6,0.004559527616947889,0,0.00034592676092870533
G2A,BraTS-GLI-00613-001,2,0,0.7,0.021319251507520676,0,0.0016275636153295636
G2A,BraTS-GLI-00613-001,2,0,0.8,0.09387411177158356,0,0.007525942288339138
G2A,BraTS-GLI-00613-001,2,0,0.9,0.33007365465164185,0,0.03203100338578224
G2A,BraTS-GLI-00613-001,2,0,1.0,0.7008857131004333,1,0.11589354276657104
G2A,BraTS-GLI-00613-001,3,0,0.0,3.188417849742109e-07,0,1.0853509202490841e-08
G2A,BraTS-GLI-00613-001,3,0,0.1,1.5678739373470307e-06,0,5.185251694683757e-08
G2A,BraTS-GLI-00613-001,3,0,0.2,7.709817509748973e-06,0,2.489245503056736e-07
G2A,BraTS-GLI-00613-001,3,0,0.3,3.791119161178358e-05,0,1.2013019841106143e-06
G2A,BraTS-GLI-00613-001,3,0,0.4,0.0001863970246631652,0,5.830886038893368e-06
G2A,BraTS-GLI-00613-001,3,0,0.5,0.0009159218170680106,0,2.8480353648774326e-05
G2A,BraTS-GLI-00613-001,3,0,0.6,0.00448785861954093,0,0.00014004521653987467
G2A,BraTS-GLI-00613-001,3,0,0.7,0.0216873437166214,0,0.0006930230301804841
G2A,BraTS-GLI-00613-001,3,0,0.8,0.09829461574554443,0,0.0034366881009191275
G2A,BraTS-GLI-00613-001,3,0,0.9,0.3489774465560913,0,0.016732405871152878
G2A,BraTS-GLI-00613-001,3,0,1.0,0.7249688506126404,1,0.07483413070440292
G2A,BraTS-GLI-01261-000,23,0,0.0,0.002273133024573326,0,0.019473174586892128
G2A,BraTS-GLI-01261-000,23,0,0.1,0.004346160683780909,0,0.019423287361860275
G2A,BraTS-GLI-01261-000,23,0,0.2,0.008294005878269672,0,0.019406910985708237
G2A,BraTS-GLI-01261-000,23,0,0.3,0.01577110029757023,0,0.01944020763039589
G2A,BraTS-GLI-01261-000,23,0,0.4,0.02978636883199215,0,0.0195442046970129
G2A,BraTS-GLI-01261-000,23,0,0.5,0.05555348843336105,0,0.0197483878582716
G2A,BraTS-GLI-01261-000,23,0,0.6,0.10128401964902878,0,0.02010498195886612
G2A,BraTS-GLI-01261-000,23,0,0.7,0.17758066952228546,0,0.020740587264299393
G2A,BraTS-GLI-01261-000,23,0,0.8,0.2926369607448578,0,0.022021042183041573
G2A,BraTS-GLI-01261-000,23,0,0.9,0.44216078519821167,0,0.025016630068421364
G2A,BraTS-GLI-01261-000,23,0,1.0,0.602960467338562,1,0.0326574482023716
G2A,BraTS-GLI-01261-000,25,0,0.0,0.003160871332511306,0,4.032368815387599e-05
G2A,BraTS-GLI-01261-000,25,0,0.1,0.005532498471438885,0,6.549959653057158e-05
G2A,BraTS-GLI-01261-000,25,0,0.2,0.00966632179915905,0,0.00010679809929570183
G2A,BraTS-GLI-01261-000,25,0,0.3,0.01683660037815571,0,0.0001750725059537217
G2A,BraTS-GLI-01261-000,25,0,0.4,0.02916899509727955,0,0.0002892887277994305
G2A,BraTS-GLI-01261-000,25,0,0.5,0.05007445067167282,0,0.00048405915731564164
G2A,BraTS-GLI-01261-000,25,0,0.6,0.08465635031461716,0,0.0008271982660517097
G2A,BraTS-GLI-01261-000,25,0,0.7,0.13961082696914673,0,0.0014668406220152974
G2A,BraTS-GLI-01261-000,25,0,0.8,0.22160252928733826,0,0.002776854205876589
G2A,BraTS-GLI-01261-000,25,0,0.9,0.3331044614315033,0,0.005859903059899807
G2A,BraTS-GLI-01261-000,25,0,1.0,0.46704694628715515,0,0.01442099828273058
G2A,BraTS-GLI-01261-000,30,0,0.0,0.004213712643831968,0,3.901065429090522e-05
G2A,BraTS-GLI-01261-000,30,0,0.1,0.006320315413177013,0,6.344778375932947e-05
G2A,BraTS-GLI-01261-000,30,0,0.2,0.009470080956816673,0,0.00010364145418861881
G2A,BraTS-GLI-01261-000,30,0,0.3,0.014167144894599915,0,0.00017034346819855273
G2A,BraTS-GLI-01261-000,30,0,0.4,0.021144211292266846,0,0.00028253559139557183
G2A,BraTS-GLI-01261-000,30,0,0.5,0.031447701156139374,0,0.0004752886015921831
G2A,BraTS-GLI-01261-000,30,0,0.6,0.046799320727586746,0,0.0008181335870176554
G2A,BraTS-GLI-01261-000,30,0,0.7,0.07149307429790497,0,0.0014638055581599474
G2A,BraTS-GLI-01261-000,30,0,0.8,0.10774374008178711,0,0.0027948638889938593
G2A,BraTS-GLI-01261-000,30,0,0.9,0.15922333300113678,0,0.005914440844208002
G2A,BraTS-GLI-01261-000,30,0,1.0,0.2354239672422409,0,0.014422276988625526
G2A,BraTS-GLI-00532-000,5,0,0.0,0.0037077406886965036,0,4.835411800740985e-06
G2A,BraTS-GLI-00532-000,5,0,0.1,0.008574198000133038,0,1.1654755326162558e-05
G2A,BraTS-GLI-00532-000,5,0,0.2,0.020059341564774513,0,2.8690412364085205e-05
G2A,BraTS-GLI-00532-000,5,0,0.3,0.04621180146932602,0,7.266027387231588e-05
G2A,BraTS-GLI-00532-000,5,0,0.4,0.10288097709417343,0,0.00019082876679021865
G2A,BraTS-GLI-00532-000,5,0,0.5,0.2134883999824524,0,0.0005234439158812165
G2A,BraTS-GLI-00532-000,5,0,0.6,0.3911609649658203,0,0.001504329266026616
G2A,BraTS-GLI-00532-000,5,0,0.7,0.6032810211181641,1,0.004496462643146515
G2A,BraTS-GLI-00532-000,5,0,0.8,0.7825766801834106,1,0.013689041137695312
G2A,BraTS-GLI-00532-000,5,0,0.9,0.8949504494667053,1,0.04278098791837692
G2A,BraTS-GLI-00532-000,5,0,1.0,0.9604922533035278,1,0.14493893086910248
G2A,BraTS-GLI-00532-000,11,0,0.0,8.707147571840324e-06,0,2.830626726790797e-06
G2A,BraTS-GLI-00532-000,11,0,0.1,2.414797927485779e-05,0,7.169511718529975e-06
G2A,BraTS-GLI-00532-000,11,0,0.2,6.696900527458638e-05,0,1.8303537217434496e-05
G2A,BraTS-GLI-00532-000,11,0,0.3,0.0001857094030128792,0,4.717588672065176e-05
G2A,BraTS-GLI-00532-000,11,0,0.4,0.0005148760974407196,0,0.0001230225752806291
G2A,BraTS-GLI-00532-000,11,0,0.5,0.0014266511425375938,0,0.0003255937190260738
G2A,BraTS-GLI-00532-000,11,0,0.6,0.003946683369576931,0,0.000878812454175204
G2A,BraTS-GLI-00532-000,11,0,0.7,0.010869642719626427,0,0.0024392991326749325
G2A,BraTS-GLI-00532-000,11,0,0.8,0.029575685039162636,0,0.007070083636790514
G2A,BraTS-GLI-00532-000,11,0,0.9,0.07793734967708588,0,0.021968984976410866
G2A,BraTS-GLI-00532-000,11,0,1.0,0.18990372121334076,0,0.07430988550186157
G2A,BraTS-GLI-00532-000,22,0,0.0,0.0021450172644108534,0,7.357063402935182e-09
G2A,BraTS-GLI-00532-000,22,0,0.1,0.0053068664856255054,0,3.162296380310181e-08
G2A,BraTS-GLI-00532-000,22,0,0.2,0.013068361207842827,0,1.407262288921629e-07
G2A,BraTS-GLI-00532-000,22,0,0.3,0.03181828185915947,0,6.513822086162691e-07
G2A,BraTS-GLI-00532-000,22,0,0.4,0.07541409879922867,0,3.147803909087088e-06
G2A,BraTS-GLI-00532-000,22,0,0.5,0.1683560013771057,0,1.5918876670184545e-05
G2A,BraTS-GLI-00532-000,22,0,0.6,0.33441218733787537,0,8.430187881458551e-05
G2A,BraTS-GLI-00532-000,22,0,0.7,0.5549594759941101,1,0.00046693539479747415
G2A,BraTS-GLI-00532-000,22,0,0.8,0.75579434633255,1,0.0026940074749290943
G2A,BraTS-GLI-00532-000,22,0,0.9,0.8848094940185547,1,0.015968386083841324
G2A,BraTS-GLI-00532-000,22,0,1.0,0.9501599669456482,1,0.09120798856019974
G2A,BraTS-GLI-00532-000,26,0,0.0,0.0013624096754938364,0,8.203629477065988e-06
G2A,BraTS-GLI-00532-000,26,0,0.1,0.0035745862405747175,0,2.2193080440047197e-05
G2A,BraTS-GLI-00532-000,26,0,0.2,0.009345095604658127,0,6.0915303038200364e-05
G2A,BraTS-GLI-00532-000,26,0,0.3,0.024204766377806664,0,0.0001703558664303273
G2A,BraTS-GLI-00532-000,26,0,0.4,0.06123238801956177,0,0.0004876599705312401
G2A,BraTS-GLI-00532-000,26,0,0.5,0.14640502631664276,0,0.0014336806489154696
G2A,BraTS-GLI-00532-000,26,0,0.6,0.3140338063240051,0,0.004314068704843521
G2A,BraTS-GLI-00532-000,26,0,0.7,0.6289116740226746,1,0.012894249521195889
G2A,BraTS-GLI-00532-000,26,0,0.8,0.8625259399414062,1,0.034536078572273254
G2A,BraTS-GLI-00532-000,26,0,0.9,0.9587234854698181,1,0.07614588737487793
G2A,BraTS-GLI-00532-000,26,0,1.0,0.9885038733482361,1,0.16715455055236816
G2A,BraTS-GLI-00532-000,30,0,0.0,0.0035933516919612885,0,1.577683519826678e-06
G2A,BraTS-GLI-00532-000,30,0,0.1,0.009536023251712322,0,4.770935447595548e-06
G2A,BraTS-GLI-00532-000,30,0,0.2,0.025059444829821587,0,1.4596764231100678e-05
G2A,BraTS-GLI-00532-000,30,0,0.3,0.06421468406915665,0,4.525117401499301e-05
G2A,BraTS-GLI-00532-000,30,0,0.4,0.15483354032039642,0,0.00014233782712835819
G2A,BraTS-GLI-00532-000,30,0,0.5,0.3284485340118408,0,0.0004545841657090932
G2A,BraTS-GLI-00532-000,30,0,0.6,0.5662975311279297,1,0.0014713592827320099
G2A,BraTS-GLI-00532-000,30,0,0.7,0.7770803570747375,1,0.004782404750585556
G2A,BraTS-GLI-00532-000,30,0,0.8,0.9029730558395386,1,0.015195713378489017
G2A,BraTS-GLI-00532-000,30,0,0.9,0.9613085389137268,1,0.04520121216773987
G2A,BraTS-GLI-00532-000,30,0,1.0,0.9851478934288025,1,0.1288558691740036
G2A,BraTS-GLI-00532-000,34,0,0.0,0.000872710021212697,0,8.386022045669961e-07
G2A,BraTS-GLI-00532-000,34,0,0.1,0.0019753528758883476,0,2.422917987132678e-06
G2A,BraTS-GLI-00532-000,34,0,0.2,0.004464925732463598,0,7.0901905928622e-06
G2A,BraTS-GLI-00532-000,34,0,0.3,0.010060533881187439,0,2.10772250284208e-05
G2A,BraTS-GLI-00532-000,34,0,0.4,0.022510185837745667,0,6.389905320247635e-05
G2A,BraTS-GLI-00532-000,34,0,0.5,0.0495942048728466,0,0.000198520821868442
G2A,BraTS-GLI-00532-000,34,0,0.6,0.10574018210172653,0,0.0006355285295285285
G2A,BraTS-GLI-00532-000,34,0,0.7,0.21131664514541626,0,0.002106992993503809
G2A,BraTS-GLI-00532-000,34,0,0.8,0.37777483463287354,0,0.007248872425407171
G2A,BraTS-GLI-00532-000,34,0,0.9,0.5790807008743286,1,0.025735903531312943
G2A,BraTS-GLI-00532-000,34,0,1.0,0.7571291327476501,1,0.09176070243120193
G2A,BraTS-GLI-00532-000,37,0,0.0,0.001353233470581472,0,3.228396678878198e-07
G2A,BraTS-GLI-00532-000,37,0,0.1,0.0033821030519902706,0,1.0770631888590287e-06
G2A,BraTS-GLI-00532-000,37,0,0.2,0.008427122607827187,0,3.633720552898012e-06
G2A,BraTS-GLI-00532-000,37,0,0.3,0.02084033563733101,0,1.242709367943462e-05
G2A,BraTS-GLI-00532-000,37,0,0.4,0.050605133175849915,0,4.320423977333121e-05
G2A,BraTS-GLI-00532-000,37,0,0.5,0.11776809394359589,0,0.00015312815958168358
G2A,BraTS-GLI-00532-000,37,0,0.6,0.2505455017089844,0,0.0005541284335777164
G2A,BraTS-GLI-00532-000,37,0,0.7,0.4697275161743164,0,0.002041941974312067
G2A,BraTS-GLI-00532-000,37,0,0.8,0.7021316289901733,1,0.007590508088469505
G2A,BraTS-GLI-00532-000,37,0,0.9,0.8624961376190186,1,0.028111612424254417
G2A,BraTS-GLI-00532-000,37,0,1.0,0.9434748888015747,1,0.10246868431568146
G2A,BraTS-GLI-00539-000,3,0,0.0,0.003047690261155367,0,1.1781161447288468e-05
G2A,BraTS-GLI-00539-000,3,0,0.1,0.004971742630004883,0,2.269146170874592e-05
G2A,BraTS-GLI-00539-000,3,0,0.2,0.008100604638457298,0,4.432632340467535e-05
G2A,BraTS-GLI-00539-000,3,0,0.3,0.013172483071684837,0,8.80628140293993e-05
G2A,BraTS-GLI-00539-000,3,0,0.4,0.02135157212615013,0,0.00017850828589871526
G2A,BraTS-GLI-00539-000,3,0,0.5,0.03443203866481781,0,0.00037052383413538337
G2A,BraTS-GLI-00539-000,3,0,0.6,0.05507493019104004,0,0.0007904480444267392
G2A,BraTS-GLI-00539-000,3,0,0.7,0.08697893470525742,0,0.0017389825079590082
G2A,BraTS-GLI-00539-000,3,0,0.8,0.1347292810678482,0,0.003954456653445959
G2A,BraTS-GLI-00539-000,3,0,0.9,0.20286937057971954,0,0.009294725954532623
G2A,BraTS-GLI-00539-000,3,0,1.0,0.2937711775302887,0,0.02246928960084915
G2A,BraTS-GLI-00043-000,4,0,0.0,6.098135685306261e-08,0,1.0882132528422517e-06
G2A,BraTS-GLI-00043-000,4,0,0.1,2.727728940499219e-07,0,2.4320022475876613e-06
G2A,BraTS-GLI-00043-000,4,0,0.2,1.2201248864585068e-06,0,5.566144409385743e-06
G2A,BraTS-GLI-00043-000,4,0,0.3,5.457667612063233e-06,0,1.3174856576370075e-05
G2A,BraTS-GLI-00043-000,4,0,0.4,2.4411961931036785e-05,0,3.269309308961965e-05
G2A,BraTS-GLI-00043-000,4,0,0.5,0.00010918680345639586,0,8.664636698085815e-05
G2A,BraTS-GLI-00043-000,4,0,0.6,0.0004882137291133404,0,0.0002514343068469316
G2A,BraTS-GLI-00043-000,4,0,0.7,0.002180107170715928,0,0.00082474818918854
G2A,BraTS-GLI-00043-000,4,0,0.8,0.009678457863628864,0,0.0031653395853936672
G2A,BraTS-GLI-00043-000,4,0,0.9,0.04188438132405281,0,0.01447369810193777
G2A,BraTS-GLI-00043-000,4,0,1.0,0.1635587215423584,0,0.07496321201324463
G2A,BraTS-GLI-01334-000,2,0,0.0,8.446353838564846e-09,0,3.4282324201662107e-10
G2A,BraTS-GLI-01334-000,2,0,0.1,5.484630705154814e-08,0,2.116352648684483e-09
G2A,BraTS-GLI-01334-000,2,0,0.2,3.561427774911863e-07,0,1.3214462413202455e-08
G2A,BraTS-GLI-01334-000,2,0,0.3,2.312602646270534e-06,0,8.367541681764123e-08
G2A,BraTS-GLI-01334-000,2,0,0.4,1.501662700320594e-05,0,5.390284059103578e-07
G2A,BraTS-GLI-01334-000,2,0,0.5,9.750216122483835e-05,0,3.545894060152932e-06
G2A,BraTS-GLI-01334-000,2,0,0.6,0.0006327893934212625,0,2.3921598767628893e-05
G2A,BraTS-GLI-01334-000,2,0,0.7,0.0040947748348116875,0,0.00016619564848951995
G2A,BraTS-GLI-01334-000,2,0,0.8,0.02600434422492981,0,0.0011903122067451477
G2A,BraTS-GLI-01334-000,2,0,0.9,0.14775176346302032,0,0.008645065128803253
G2A,BraTS-GLI-01334-000,2,0,1.0,0.5295790433883667,1,0.059246327728033066
G2A,BraTS-GLI-01501-000,9,0,0.0,0.0004166425787843764,0,4.313160673063976e-07
G2A,BraTS-GLI-01501-000,9,0,0.1,0.0008783273515291512,0,1.334362536908884e-06
G2A,BraTS-GLI-01501-000,9,0,0.2,0.001850657630711794,0,4.168667601334164e-06
G2A,BraTS-GLI-01501-000,9,0,0.3,0.0038951870519667864,0,1.3162948562239762e-05
G2A,BraTS-GLI-01501-000,9,0,0.4,0.008179921656847,0,4.2052364733535796e-05
G2A,BraTS-GLI-01501-000,9,0,0.5,0.01709698885679245,0,0.00013609106827061623
G2A,BraTS-GLI-01501-000,9,0,0.6,0.03538789227604866,0,0.0004467236576601863
G2A,BraTS-GLI-01501-000,9,0,0.7,0.07181715220212936,0,0.0014890410238876939
G2A,BraTS-GLI-01501-000,9,0,0.8,0.14029352366924286,0,0.005039208568632603
G2A,BraTS-GLI-01501-000,9,0,0.9,0.2560497522354126,0,0.017226170748472214
G2A,BraTS-GLI-01501-000,9,0,1.0,0.4205901324748993,0,0.058220524340867996
G2A,BraTS-GLI-01476-000,2,0,0.0,4.691352387453662e-06,0,9.088931562928337e-08
G2A,BraTS-GLI-01476-000,2,0,0.1,1.847885869210586e-05,0,3.6522433788377384e-07
G2A,BraTS-GLI-01476-000,2,0,0.2,7.278385601239279e-05,0,1.4764610796191846e-06
G2A,BraTS-GLI-01476-000,2,0,0.3,0.0002866323629859835,0,6.006408057146473e-06
G2A,BraTS-GLI-01476-000,2,0,0.4,0.001128087635152042,0,2.4595123250037432e-05
G2A,BraTS-GLI-01476-000,2,0,0.5,0.004428825806826353,0,0.00010139377263840288
G2A,BraTS-GLI-01476-000,2,0,0.6,0.017220886424183846,0,0.0004207839665468782
G2A,BraTS-GLI-01476-000,2,0,0.7,0.06456489115953445,0,0.0017556201200932264
G2A,BraTS-GLI-01476-000,2,0,0.8,0.21375800669193268,0,0.00732065225020051
G2A,BraTS-GLI-01476-000,2,0,0.9,0.517118513584137,1,0.02983795292675495
G2A,BraTS-GLI-01476-000,2,0,1.0,0.8083650469779968,1,0.11130432784557343
G2A,BraTS-GLI-01504-000,8,0,0.0,4.157045339070464e-07,0,1.878627386986409e-08
G2A,BraTS-GLI-01504-000,8,0,0.1,1.631001055102388e-06,0,8.613380941824289e-08
G2A,BraTS-GLI-01504-000,8,0,0.2,6.3991551542130765e-06,0,3.9710610622023523e-07
G2A,BraTS-GLI-01504-000,8,0,0.3,2.5106453904299997e-05,0,1.8417035789752845e-06
G2A,BraTS-GLI-01504-000,8,0,0.4,9.849730849964544e-05,0,8.59636020322796e-06
G2A,BraTS-GLI-01504-000,8,0,0.5,0.0003940559399779886,0,4.0403279854217544e-05
G2A,BraTS-GLI-01504-000,8,0,0.6,0.0016596326604485512,0,0.00019131242879666388
G2A,BraTS-GLI-01504-000,8,0,0.7,0.006961517035961151,0,0.0009127944358624518
G2A,BraTS-GLI-01504-000,8,0,0.8,0.028713732957839966,0,0.0043813446536660194
G2A,BraTS-GLI-01504-000,8,0,0.9,0.11084689944982529,0,0.0209412332624197
G2A,BraTS-GLI-01504-000,8,0,1.0,0.344570130109787,0,0.09491611272096634
G2A,BraTS-GLI-01070-000,6,0,0.0,1.1426890296206693e-06,0,0.04446590319275856
G2A,BraTS-GLI-01070-000,6,0,0.1,4.957422788720578e-06,0,0.0440998338162899
G2A,BraTS-GLI-01070-000,6,0,0.2,2.150688123947475e-05,0,0.04365533962845802
G2A,BraTS-GLI-01070-000,6,0,0.3,9.32987459236756e-05,0,0.04311985522508621
G2A,BraTS-GLI-01070-000,6,0,0.4,0.00040464059566147625,0,0.04248563572764397
G2A,BraTS-GLI-01070-000,6,0,0.5,0.0017531233606860042,0,0.0417630672454834
G2A,BraTS-GLI-01070-000,6,0,0.6,0.007561490871012211,0,0.04102861136198044
G2A,BraTS-GLI-01070-000,6,0,0.7,0.03199700638651848,0,0.04063570126891136
G2A,BraTS-GLI-01070-000,6,0,0.8,0.12541869282722473,0,0.042265456169843674
G2A,BraTS-GLI-01070-000,6,0,0.9,0.38353201746940613,0,0.054342396557331085
G2A,BraTS-GLI-01070-000,6,0,1.0,0.7296644449234009,1,0.11547854542732239
G2A,BraTS-GLI-01232-000,9,0,0.0,4.302963763080925e-09,0,0.024712350219488144
G2A,BraTS-GLI-01232-000,9,0,0.1,3.186465846738429e-08,0,0.025055047124624252
G2A,BraTS-GLI-01232-000,9,0,0.2,2.3596625453592424e-07,0,0.025450609624385834
G2A,BraTS-GLI-01232-000,9,0,0.3,1.7473955722380197e-06,0,0.0259108766913414
G2A,BraTS-GLI-01232-000,9,0,0.4,1.2939774023834616e-05,0,0.026451459154486656
G2A,BraTS-GLI-01232-000,9,0,0.5,9.581463382346556e-05,0,0.027096940204501152
G2A,BraTS-GLI-01232-000,9,0,0.6,0.0007090988219715655,0,0.027900677174329758
G2A,BraTS-GLI-01232-000,9,0,0.7,0.005227326415479183,0,0.029037291184067726
G2A,BraTS-GLI-01232-000,9,0,0.8,0.03745565935969353,0,0.03138004243373871
G2A,BraTS-GLI-01232-000,9,0,0.9,0.22370055317878723,0,0.04083600640296936
G2A,BraTS-GLI-01232-000,9,0,1.0,0.6844891905784607,1,0.09252315759658813
G2A,BraTS-GLI-00803-000,2,0,0.0,4.516115950536914e-05,0,7.997426720862677e-09
G2A,BraTS-GLI-00803-000,2,0,0.1,0.0001514210453024134,0,3.961974215371811e-08
G2A,BraTS-GLI-00803-000,2,0,0.2,0.0005075738881714642,0,1.9760034319915576e-07
G2A,BraTS-GLI-00803-000,2,0,0.3,0.0016999972285702825,0,9.919066314978409e-07
G2A,BraTS-GLI-00803-000,2,0,0.4,0.005677822511643171,0,5.010416316508781e-06
G2A,BraTS-GLI-00803-000,2,0,0.5,0.018788209185004234,0,2.5464298232691363e-05
G2A,BraTS-GLI-00803-000,2,0,0.6,0.060334209352731705,0,0.00013018876779824495
G2A,BraTS-GLI-00803-000,2,0,0.7,0.17716248333454132,0,0.000669286644551903
G2A,BraTS-GLI-00803-000,2,0,0.8,0.41927334666252136,0,0.0034528332762420177
G2A,BraTS-GLI-00803-000,2,0,0.9,0.7076868414878845,1,0.01769699715077877
G2A,BraTS-GLI-00803-000,2,0,1.0,0.8903294801712036,1,0.08587024360895157
G2A,BraTS-GLI-00550-001,5,0,0.0,0.002485895762220025,0,6.252891762414947e-05
G2A,BraTS-GLI-00550-001,5,0,0.1,0.0055964491330087185,0,0.00011359191557858139
G2A,BraTS-GLI-00550-001,5,0,0.2,0.012550195679068565,0,0.00021347202709876
G2A,BraTS-GLI-00550-001,5,0,0.3,0.027901744470000267,0,0.00042107223998755217
G2A,BraTS-GLI-00550-001,5,0,0.4,0.060873910784721375,0,0.000889364629983902
G2A,BraTS-GLI-00550-001,5,0,0.5,0.1276918649673462,0,0.0020525145810097456
G2A,BraTS-GLI-00550-001,5,0,0.6,0.2484491467475891,0,0.00519535643979907
G2A,BraTS-GLI-00550-001,5,0,0.7,0.4274459481239319,0,0.01393621414899826
G2A,BraTS-GLI-00550-001,5,0,0.8,0.6276953816413879,1,0.03696024417877197
G2A,BraTS-GLI-00550-001,5,0,0.9,0.7919902801513672,1,0.08916907012462616
G2A,BraTS-GLI-00550-001,5,0,1.0,0.9073023200035095,1,0.1867157369852066
G2A,BraTS-GLI-00207-000,9,0,0.0,5.4527772590518e-06,0,3.925838498730627e-08
G2A,BraTS-GLI-00207-000,9,0,0.1,2.167563980037812e-05,0,1.5059363533964643e-07
G2A,BraTS-GLI-00207-000,9,0,0.2,8.615981641924009e-05,0,5.868548100806947e-07
G2A,BraTS-GLI-00207-000,9,0,0.3,0.0003424166643526405,0,2.3291097477340372e-06
G2A,BraTS-GLI-00207-000,9,0,0.4,0.0013597944052889943,0,9.440195753995795e-06
G2A,BraTS-GLI-00207-000,9,0,0.5,0.005383707117289305,0,3.918751826859079e-05
G2A,BraTS-GLI-00207-000,9,0,0.6,0.021064024418592453,0,0.00016704188601579517
G2A,BraTS-GLI-00207-000,9,0,0.7,0.07879597693681717,0,0.0007323410245589912
G2A,BraTS-GLI-00207-000,9,0,0.8,0.2537446618080139,0,0.003298091934993863
G2A,BraTS-GLI-00207-000,9,0,0.9,0.5747702121734619,1,0.015111880376935005
G2A,BraTS-GLI-00207-000,9,0,1.0,0.8430926203727722,1,0.06790968030691147
G2A,BraTS-GLI-01259-000,14,0,0.0,4.157163857598789e-05,0,5.081482868263265e-06
G2A,BraTS-GLI-01259-000,14,0,0.1,0.00015077429998200387,0,7.3212954703194555e-06
G2A,BraTS-GLI-01259-000,14,0,0.2,0.0005466778529807925,0,1.0655730875441805e-05
G2A,BraTS-GLI-01259-000,14,0,0.3,0.0019800891168415546,0,1.6026353478082456e-05
G2A,BraTS-GLI-01259-000,14,0,0.4,0.0074509186670184135,0,2.660790050867945e-05
G2A,BraTS-GLI-01259-000,14,0,0.5,0.027748744934797287,0,5.612131644738838e-05
G2A,BraTS-GLI-01259-000,14,0,0.6,0.09788861870765686,0,0.0001712255470920354
G2A,BraTS-GLI-01259-000,14,0,0.7,0.2920616865158081,0,0.0007119213114492595
G2A,BraTS-GLI-01259-000,14,0,0.8,0.6106685996055603,1,0.0034234479535371065
G2A,BraTS-GLI-01259-000,14,0,0.9,0.8563919067382812,1,0.01663939468562603
G2A,BraTS-GLI-01259-000,14,0,1.0,0.9577570557594299,1,0.07398936152458191
G2A,BraTS-GLI-00406-000,5,0,0.0,2.328099846238274e-08,0,8.504818183041607e-09
G2A,BraTS-GLI-00406-000,5,0,0.1,1.1071526984096636e-07,0,4.105566375756098e-08
G2A,BraTS-GLI-00406-000,5,0,0.2,5.265169988888374e-07,0,2.0014513779642584e-07
G2A,BraTS-GLI-00406-000,5,0,0.3,2.503910081941285e-06,0,9.859800229605753e-07
G2A,BraTS-GLI-00406-000,5,0,0.4,1.1907499356311746e-05,0,4.911566975351889e-06
G2A,BraTS-GLI-00406-000,5,0,0.5,5.662484545609914e-05,0,2.4755248887231573e-05
G2A,BraTS-GLI-00406-000,5,0,0.6,0.0002692285052035004,0,0.00012630847049877048
G2A,BraTS-GLI-00406-000,5,0,0.7,0.0012790535110980272,0,0.0006525009521283209
G2A,BraTS-GLI-00406-000,5,0,0.8,0.006118152290582657,0,0.003407529555261135
G2A,BraTS-GLI-00406-000,5,0,0.9,0.030185554176568985,0,0.017809780314564705
G2A,BraTS-GLI-00406-000,5,0,1.0,0.13990537822246552,0,0.0885259136557579
G2A,BraTS-GLI-00406-000,6,0,0.0,2.7482579412207997e-07,0,7.231591325762565e-09
G2A,BraTS-GLI-00406-000,6,0,0.1,1.091668423214287e-06,0,3.4405328364073284e-08
G2A,BraTS-GLI-00406-000,6,0,0.2,4.367109340819297e-06,0,1.6649778444843832e-07
G2A,BraTS-GLI-00406-000,6,0,0.3,1.7470039892941713e-05,0,8.203547849916504e-07
G2A,BraTS-GLI-00406-000,6,0,0.4,6.988369568716735e-05,0,4.118619926885003e-06
G2A,BraTS-GLI-00406-000,6,0,0.5,0.0002795052423607558,0,2.1082523744553328e-05
G2A,BraTS-GLI-00406-000,6,0,0.6,0.0011172008235007524,0,0.00011006783461198211
G2A,BraTS-GLI-00406-000,6,0,0.7,0.00445433659479022,0,0.0005859679076820612
G2A,BraTS-GLI-00406-000,6,0,0.8,0.017584187909960747,0,0.003174167824909091
G2A,BraTS-GLI-00406-000,6,0,0.9,0.0668187215924263,0,0.017302868887782097
G2A,BraTS-GLI-00406-000,6,0,1.0,0.22266234457492828,0,0.08991695940494537
G2B,BraTS-GLI-00621-000,2,0,0.0,0.9999984502792358,1,0.02246435545384884
G2B,BraTS-GLI-00621-000,2,0,0.1,0.9999946355819702,1,0.02265208587050438
G2B,BraTS-GLI-00621-000,2,0,0.2,0.9999819993972778,1,0.022880297154188156
G2B,BraTS-GLI-00621-000,2,0,0.3,0.99993896484375,1,0.023164262995123863
G2B,BraTS-GLI-00621-000,2,0,0.4,0.9997933506965637,1,0.023529723286628723
G2B,BraTS-GLI-00621-000,2,0,0.5,0.9993005990982056,1,0.024028221145272255
G2B,BraTS-GLI-00621-000,2,0,0.6,0.9976358413696289,1,0.02479288913309574
G2B,BraTS-GLI-00621-000,2,0,0.7,0.9924440979957581,1,0.02627861313521862
G2B,BraTS-GLI-00621-000,2,0,0.8,0.9803205728530884,1,0.030401306226849556
G2B,BraTS-GLI-00621-000,2,0,0.9,0.9562521576881409,1,0.04569985717535019
G2B,BraTS-GLI-00621-000,2,0,1.0,0.934241533279419,1,0.10792503505945206
G2B,BraTS-GLI-00608-000,6,0,0.0,0.9528651237487793,1,4.320236257626675e-05
G2B,BraTS-GLI-00608-000,6,0,0.1,0.9490692615509033,1,7.277142140083015e-05
G2B,BraTS-GLI-00608-000,6,0,0.2,0.9449855089187622,1,0.0001243433216586709
G2B,BraTS-GLI-00608-000,6,0,0.3,0.9405946731567383,1,0.00021632813150063157
G2B,BraTS-GLI-00608-000,6,0,0.4,0.9358772039413452,1,0.0003849611966870725
G2B,BraTS-GLI-00608-000,6,0,0.5,0.9308127164840698,1,0.0007045550155453384
G2B,BraTS-GLI-00608-000,6,0,0.6,0.9253801703453064,1,0.0013346413616091013
G2B,BraTS-GLI-00608-000,6,0,0.7,0.9195578098297119,1,0.002634876873344183
G2B,BraTS-GLI-00608-000,6,0,0.8,0.913323700428009,1,0.0054568760097026825
G2B,BraTS-GLI-00608-000,6,0,0.9,0.9066556096076965,1,0.011906360276043415
G2B,BraTS-GLI-00608-000,6,0,1.0,0.899530827999115,1,0.0273326076567173
G2B,BraTS-GLI-00608-000,12,0,0.0,0.9994188547134399,1,1.925321703311056e-05
G2B,BraTS-GLI-00608-000,12,0,0.1,0.9991256594657898,1,3.4632146707735956e-05
G2B,BraTS-GLI-00608-000,12,0,0.2,0.9986845850944519,1,6.292100442806259e-05
G2B,BraTS-GLI-00608-000,12,0,0.3,0.9980217218399048,1,0.00011569901835173368
G2B,BraTS-GLI-00608-000,12,0,0.4,0.9970257878303528,1,0.0002159300638595596
G2B,BraTS-GLI-00608-000,12,0,0.5,0.9956381916999817,1,0.00041073051397688687
G2B,BraTS-GLI-00608-000,12,0,0.6,0.9936898946762085,1,0.0008014235063455999
G2B,BraTS-GLI-00608-000,12,0,0.7,0.9908795356750488,1,0.0016207703156396747
G2B,BraTS-GLI-00608-000,12,0,0.8,0.9868341088294983,1,0.003454209305346012
G2B,BraTS-GLI-00608-000,12,0,0.9,0.9810286164283752,1,0.007952024228870869
G2B,BraTS-GLI-00608-000,12,0,1.0,0.9727339744567871,1,0.02035522274672985
G2B,BraTS-GLI-00464-000,1,0,0.0,0.9999997615814209,1,0.0010428277309983969
G2B,BraTS-GLI-00464-000,1,0,0.1,0.999998927116394,1,0.0010454041184857488
G2B,BraTS-GLI-00464-000,1,0,0.2,0.9999958276748657,1,0.0010517295449972153
G2B,BraTS-GLI-00464-000,1,0,0.3,0.9999834299087524,1,0.0010646652663126588
G2B,BraTS-GLI-00464-000,1,0,0.4,0.9999337196350098,1,0.0010897837346419692
G2B,BraTS-GLI-00464-000,1,0,0.5,0.9997352957725525,1,0.0011398219503462315
G2B,BraTS-GLI-00464-000,1,0,0.6,0.9989439845085144,1,0.001252619898878038
G2B,BraTS-GLI-00464-000,1,0,0.7,0.995796799659729,1,0.0015822318382561207
G2B,BraTS-GLI-00464-000,1,0,0.8,0.9834266901016235,1,0.002951700473204255
G2B,BraTS-GLI-00464-000,1,0,0.9,0.9497391581535339,1,0.010690364055335522
G2B,BraTS-GLI-00464-000,1,0,1.0,0.8957728147506714,1,0.06220455467700958
G2B,BraTS-GLI-01261-000,24,0,0.0,0.9963067770004272,1,0.00013119562936481088
G2B,BraTS-GLI-01261-000,24,0,0.1,0.9949729442596436,1,0.0001973712060134858
G2B,BraTS-GLI-01261-000,24,0,0.2,0.9931608438491821,1,0.00029825454112142324
G2B,BraTS-GLI-01261-000,24,0,0.3,0.99070143699646,1,0.00045326867257244885
G2B,BraTS-GLI-01261-000,24,0,0.4,0.9873690009117126,1,0.0006942155305296183
G2B,BraTS-GLI-01261-000,24,0,0.5,0.9828627705574036,1,0.0010754524264484644
G2B,BraTS-GLI-01261-000,24,0,0.6,0.9767869114875793,1,0.0016962052322924137
G2B,BraTS-GLI-01261-000,24,0,0.7,0.9686256647109985,1,0.0027553874533623457
G2B,BraTS-GLI-01261-000,24,0,0.8,0.957719087600708,1,0.004702490288764238
G2B,BraTS-GLI-01261-000,24,0,0.9,0.9432434439659119,1,0.00870027020573616
G2B,BraTS-GLI-01261-000,24,0,1.0,0.9301589727401733,1,0.018214430660009384
G2B,BraTS-GLI-01261-000,41,0,0.0,0.9967358708381653,1,0.012486463412642479
G2B,BraTS-GLI-01261-000,41,0,0.1,0.995416522026062,1,0.012269730679690838
G2B,BraTS-GLI-01261-000,41,0,0.2,0.9935674071311951,1,0.012041558511555195
G2B,BraTS-GLI-01261-000,41,0,0.3,0.9909790754318237,1,0.011816754005849361
G2B,BraTS-GLI-01261-000,41,0,0.4,0.9873625040054321,1,0.011622156947851181
G2B,BraTS-GLI-01261-000,41,0,0.5,0.9823218584060669,1,0.01150535698980093
G2B,BraTS-GLI-01261-000,41,0,0.6,0.9753209948539734,1,0.011553303338587284
G2B,BraTS-GLI-01261-000,41,0,0.7,0.9656444191932678,1,0.011937531642615795
G2B,BraTS-GLI-01261-000,41,0,0.8,0.952359139919281,1,0.013040048070251942
G2B,BraTS-GLI-01261-000,41,0,0.9,0.9342860579490662,1,0.01585172303020954
G2B,BraTS-GLI-01261-000,41,0,1.0,0.9100046753883362,1,0.023414669558405876
G2B,BraTS-GLI-01106-000,2,0,0.0,0.999982476234436,1,0.001709318719804287
G2B,BraTS-GLI-01106-000,2,0,0.1,0.999953031539917,1,0.0018075209809467196
G2B,BraTS-GLI-01106-000,2,0,0.2,0.9998741149902344,1,0.0019352396484464407
G2B,BraTS-GLI-01106-000,2,0,0.3,0.9996626377105713,1,0.002107521751895547
G2B,BraTS-GLI-01106-000,2,0,0.4,0.9990960359573364,1,0.0023509368766099215
G2B,BraTS-GLI-01106-000,2,0,0.5,0.9975806474685669,1,0.0027180754113942385
G2B,BraTS-GLI-01106-000,2,0,0.6,0.99354088306427,1,0.0033331916201859713
G2B,BraTS-GLI-01106-000,2,0,0.7,0.9834237098693848,1,0.004573228303343058
G2B,BraTS-GLI-01106-000,2,0,0.8,0.9599087238311768,1,0.007955772802233696
G2B,BraTS-GLI-01106-000,2,0,0.9,0.9157246351242065,1,0.02119898982346058
G2B,BraTS-GLI-01106-000,2,0,1.0,0.8428140878677368,1,0.08665572851896286
G2B,BraTS-GLI-00043-000,2,0,0.0,1.0,1,0.00012890237849205732
G2B,BraTS-GLI-00043-000,2,0,0.1,1.0,1,0.0001355761050945148
G2B,BraTS-GLI-00043-000,2,0,0.2,1.0,1,0.00015054745017550886
G2B,BraTS-GLI-00043-000,2,0,0.3,1.0,1,0.0001842461060732603
G2B,BraTS-GLI-00043-000,2,0,0.4,1.0,1,0.0002613447140902281
G2B,BraTS-GLI-00043-000,2,0,0.5,1.0,1,0.0004432987479958683
G2B,BraTS-GLI-00043-000,2,0,0.6,0.9999995231628418,1,0.0008951108320616186
G2B,BraTS-GLI-00043-000,2,0,0.7,0.999993085861206,1,0.002119573066011071
G2B,BraTS-GLI-00043-000,2,0,0.8,0.9999370574951172,1,0.006035813596099615
G2B,BraTS-GLI-00043-000,2,0,0.9,0.9995447993278503,1,0.022096795961260796
G2B,BraTS-GLI-00043-000,2,0,1.0,0.9975417852401733,1,0.10206559300422668
G2B,BraTS-GLI-01302-000,5,0,0.0,0.999995231628418,1,0.0034292067866772413
G2B,BraTS-GLI-01302-000,5,0,0.1,0.999985933303833,1,0.0033861843403428793
G2B,BraTS-GLI-01302-000,5,0,0.2,0.9999580383300781,1,0.0033411341719329357
G2B,BraTS-GLI-01302-000,5,0,0.3,0.9998749494552612,1,0.003297707298770547
G2B,BraTS-GLI-01302-000,5,0,0.4,0.9996273517608643,1,0.0032644220627844334
G2B,BraTS-GLI-01302-000,5,0,0.5,0.9988905787467957,1,0.0032631498761475086
G2B,BraTS-GLI-01302-000,5,0,0.6,0.9967014193534851,1,0.003359785070642829
G2B,BraTS-GLI-01302-000,5,0,0.7,0.9902349710464478,1,0.003793475916609168
G2B,BraTS-GLI-01302-000,5,0,0.8,0.976550281047821,1,0.005591969471424818
G2B,BraTS-GLI-01302-000,5,0,0.9,0.9588098526000977,1,0.013778747990727425
G2B,BraTS-GLI-01302-000,5,0,1.0,0.9286291599273682,1,0.0547465980052948
G2B,BraTS-GLI-01302-000,7,0,0.0,1.0,1,0.005211150273680687
G2B,BraTS-GLI-01302-000,7,0,0.1,1.0,1,0.0052511305548250675
G2B,BraTS-GLI-01302-000,7,0,0.2,1.0,1,0.005304400343447924
G2B,BraTS-GLI-01302-000,7,0,0.3,0.9999998807907104,1,0.005376871209591627
G2B,BraTS-GLI-01302-000,7,0,0.4,0.9999988079071045,1,0.005479293875396252
G2B,BraTS-GLI-01302-000,7,0,0.5,0.9999920129776001,1,0.005633538588881493
G2B,BraTS-GLI-01302-000,7,0,0.6,0.9999490976333618,1,0.005890210624784231
G2B,BraTS-GLI-01302-000,7,0,0.7,0.9996742010116577,1,0.006394011899828911
G2B,BraTS-GLI-01302-000,7,0,0.8,0.9979304075241089,1,0.00775871379300952
G2B,BraTS-GLI-01302-000,7,0,0.9,0.990196943283081,1,0.013972089625895023
G2B,BraTS-GLI-01302-000,7,0,1.0,0.9641198515892029,1,0.05652264133095741
G2B,BraTS-GLI-00732-000,1,0,0.0,0.8403221368789673,1,6.869013802202062e-09
G2B,BraTS-GLI-00732-000,1,0,0.1,0.8424610495567322,1,2.7823489290312864e-08
G2B,BraTS-GLI-00732-000,1,0,0.2,0.8445765376091003,1,1.1772139174581753e-07
G2B,BraTS-GLI-00732-000,1,0,0.3,0.8466688394546509,1,5.237607751951145e-07
G2B,BraTS-GLI-00732-000,1,0,0.4,0.8487380146980286,1,2.4622743239888223e-06
G2B,BraTS-GLI-00732-000,1,0,0.5,0.8507843017578125,1,1.2255156434548553e-05
G2B,BraTS-GLI-00732-000,1,0,0.6,0.8528076410293579,1,6.450308865169063e-05
G2B,BraTS-GLI-00732-000,1,0,0.7,0.8548080921173096,1,0.0003576700109988451
G2B,BraTS-GLI-00732-000,1,0,0.8,0.8567859530448914,1,0.00207643024623394
G2B,BraTS-GLI-00732-000,1,0,0.9,0.8587414622306824,1,0.012453095987439156
G2B,BraTS-GLI-00732-000,1,0,1.0,0.8606745004653931,1,0.07316715270280838
G2B,BraTS-GLI-01379-000,13,0,0.0,0.9844153523445129,1,0.12935489416122437
G2B,BraTS-GLI-01379-000,13,0,0.1,0.9775787591934204,1,0.1262974888086319
G2B,BraTS-GLI-01379-000,13,0,0.2,0.9678407907485962,1,0.12270907312631607
G2B,BraTS-GLI-01379-000,13,0,0.3,0.9540722966194153,1,0.11848330497741699
G2B,BraTS-GLI-01379-000,13,0,0.4,0.9348061084747314,1,0.1135299801826477
G2B,BraTS-GLI-01379-000,13,0,0.5,0.9082352519035339,1,0.10783284157514572
G2B,BraTS-GLI-01379-000,13,0,0.6,0.8723141551017761,1,0.10155395418405533
G2B,BraTS-GLI-01379-000,13,0,0.7,0.8250406980514526,1,0.09520592540502548
G2B,BraTS-GLI-01379-000,13,0,0.8,0.7649803757667542,1,0.08999364078044891
G2B,BraTS-GLI-01379-000,13,0,0.9,0.6919993758201599,1,0.0888761505484581
G2B,BraTS-GLI-01379-000,13,0,1.0,0.6079695224761963,1,0.10093722492456436
G2B,BraTS-GLI-01207-000,4,0,0.0,0.9996821880340576,1,0.003628131467849016
G2B,BraTS-GLI-01207-000,4,0,0.1,0.9995061159133911,1,0.003914022818207741
G2B,BraTS-GLI-01207-000,4,0,0.2,0.9992327690124512,1,0.0042386590503156185
G2B,BraTS-GLI-01207-000,4,0,0.3,0.9988082647323608,1,0.004623135086148977
G2B,BraTS-GLI-01207-000,4,0,0.4,0.9981492757797241,1,0.00510091008618474
G2B,BraTS-GLI-01207-000,4,0,0.5,0.9971269965171814,1,0.005724690854549408
G2B,BraTS-GLI-01207-000,4,0,0.6,0.9955424666404724,1,0.00657754298299551
G2B,BraTS-GLI-01207-000,4,0,0.7,0.9930903315544128,1,0.007791465613991022
G2B,BraTS-GLI-01207-000,4,0,0.8,0.989303469657898,1,0.009580833837389946
G2B,BraTS-GLI-01207-000,4,0,0.9,0.9834758043289185,1,0.012316019274294376
G2B,BraTS-GLI-01207-000,4,0,1.0,0.9745548963546753,1,0.016764795407652855
G2B,BraTS-GLI-00061-001,1,0,0.0,1.0,1,0.0007850864203646779
G2B,BraTS-GLI-00061-001,1,0,0.1,1.0,1,0.0007974835461936891
G2B,BraTS-GLI-00061-001,1,0,0.2,1.0,1,0.0008236294379457831
G2B,BraTS-GLI-00061-001,1,0,0.3,0.9999998807907104,1,0.0008729168912395835
G2B,BraTS-GLI-00061-001,1,0,0.4,0.9999990463256836,1,0.0009652109001763165
G2B,BraTS-GLI-00061-001,1,0,0.5,0.999992847442627,1,0.0011483950074762106
G2B,BraTS-GLI-00061-001,1,0,0.6,0.999948263168335,1,0.0015539381420239806
G2B,BraTS-GLI-00061-001,1,0,0.7,0.9996262788772583,1,0.0025939822662621737
G2B,BraTS-GLI-00061-001,1,0,0.8,0.9974324107170105,1,0.005777349229902029
G2B,BraTS-GLI-00061-001,1,0,0.9,0.994454562664032,1,0.017723524942994118
G2B,BraTS-GLI-00061-001,1,0,1.0,0.9883042573928833,1,0.06972953677177429
G2B,BraTS-GLI-01508-000,3,0,0.0,0.9999988079071045,1,0.0003146590606775135
G2B,BraTS-GLI-01508-000,3,0,0.1,0.9999963045120239,1,0.000399063341319561
G2B,BraTS-GLI-01508-000,3,0,0.2,0.9999881982803345,1,0.0005153053207322955
G2B,BraTS-GLI-01508-000,3,0,0.3,0.999962329864502,1,0.0006817294633947313
G2B,BraTS-GLI-01508-000,3,0,0.4,0.9998799562454224,1,0.0009352936176583171
G2B,BraTS-GLI-01508-000,3,0,0.5,0.9996169805526733,1,0.00136369199026376
G2B,BraTS-GLI-01508-000,3,0,0.6,0.9987785220146179,1,0.0022164948750287294
G2B,BraTS-GLI-01508-000,3,0,0.7,0.9961124062538147,1,0.004336867015808821
G2B,BraTS-GLI-01508-000,3,0,0.8,0.9876982569694519,1,0.010977190919220448
G2B,BraTS-GLI-01508-000,3,0,0.9,0.9711936116218567,1,0.03550375625491142
G2B,BraTS-GLI-01508-000,3,0,1.0,0.9396559000015259,1,0.12835349142551422
G2B,BraTS-GLI-01664-000,1,0,0.0,1.0,1,0.0013795552076771855
G2B,BraTS-GLI-01664-000,1,0,0.1,1.0,1,0.0013906850945204496
G2B,BraTS-GLI-01664-000,1,0,0.2,0.9999998807907104,1,0.001406730036251247
G2B,BraTS-GLI-01664-000,1,0,0.3,0.9999992847442627,1,0.0014312869170680642
G2B,BraTS-GLI-01664-000,1,0,0.4,0.9999964237213135,1,0.001472343923524022
G2B,BraTS-GLI-01664-000,1,0,0.5,0.9999819993972778,1,0.001551405293866992
G2B,BraTS-GLI-01664-000,1,0,0.6,0.9999101161956787,1,0.0017398776253685355
G2B,BraTS-GLI-01664-000,1,0,0.7,0.9995525479316711,1,0.002326017478480935
G2B,BraTS-GLI-01664-000,1,0,0.8,0.998030960559845,1,0.004676715470850468
G2B,BraTS-GLI-01664-000,1,0,0.9,0.9916306138038635,1,0.01601146161556244
G2B,BraTS-GLI-01664-000,1,0,1.0,0.9651516675949097,1,0.07316505163908005
G2B,BraTS-GLI-01664-000,4,0,0.0,0.9999997615814209,1,1.3753502514646243e-07
G2B,BraTS-GLI-01664-000,4,0,0.1,0.9999992847442627,1,4.0255031308333855e-07
G2B,BraTS-GLI-01664-000,4,0,0.2,0.9999974966049194,1,1.2175462416053051e-06
G2B,BraTS-GLI-01664-000,4,0,0.3,0.9999905824661255,1,3.8482517084048595e-06
G2B,BraTS-GLI-01664-000,4,0,0.4,0.9999649524688721,1,1.287940722249914e-05
G2B,BraTS-GLI-01664-000,4,0,0.5,0.9998693466186523,1,4.624930443242192e-05
G2B,BraTS-GLI-01664-000,4,0,0.6,0.9995133876800537,1,0.0001799339515855536
G2B,BraTS-GLI-01664-000,4,0,0.7,0.9981887936592102,1,0.0007609859458170831
G2B,BraTS-GLI-01664-000,4,0,0.8,0.9932830333709717,1,0.0034837727434933186
G2B,BraTS-GLI-01664-000,4,0,0.9,0.975416898727417,1,0.016993379220366478
G2B,BraTS-GLI-01664-000,4,0,1.0,0.9213659763336182,1,0.0834784284234047
G2B,BraTS-GLI-01664-000,6,0,0.0,1.0,1,2.1574905986199155e-05
G2B,BraTS-GLI-01664-000,6,0,0.1,1.0,1,3.494974589557387e-05
G2B,BraTS-GLI-01664-000,6,0,0.2,1.0,1,5.729105760110542e-05
G2B,BraTS-GLI-01664-000,6,0,0.3,0.9999997615814209,1,9.592646529199556e-05
G2B,BraTS-GLI-01664-000,6,0,0.4,0.9999982118606567,1,0.00016708559996914119
G2B,BraTS-GLI-01664-000,6,0,0.5,0.9999891519546509,1,0.00031300538103096187
G2B,BraTS-GLI-01664-000,6,0,0.6,0.9999328851699829,1,0.0006637786282226443
G2B,BraTS-GLI-01664-000,6,0,0.7,0.9995835423469543,1,0.0016861176118254662
G2B,BraTS-GLI-01664-000,6,0,0.8,0.9974203109741211,1,0.005309304688125849
G2B,BraTS-GLI-01664-000,6,0,0.9,0.9852295517921448,1,0.02065274305641651
G2B,BraTS-GLI-01664-000,6,0,1.0,0.9649999141693115,1,0.09039227664470673
G2B,BraTS-GLI-01501-000,8,0,0.0,0.8620828986167908,1,2.281993602082366e-06
G2B,BraTS-GLI-01501-000,8,0,0.1,0.875929594039917,1,5.518254511116538e-06
G2B,BraTS-GLI-01501-000,8,0,0.2,0.8885658383369446,1,1.3527055671147536e-05
G2B,BraTS-GLI-01501-000,8,0,0.3,0.900061845779419,1,3.3673321013338864e-05
G2B,BraTS-GLI-01501-000,8,0,0.4,0.9104915261268616,1,8.52722441777587e-05
G2B,BraTS-GLI-01501-000,8,0,0.5,0.9199295043945312,1,0.0002200072049163282
G2B,BraTS-GLI-01501-000,8,0,0.6,0.9284505248069763,1,0.0005789108108729124
G2B,BraTS-GLI-01501-000,8,0,0.7,0.9361276626586914,1,0.0015534252161160111
G2B,BraTS-GLI-01501-000,8,0,0.8,0.9430316686630249,1,0.004241098649799824
G2B,BraTS-GLI-01501-000,8,0,0.9,0.9492298364639282,1,0.011702765710651875
G2B,BraTS-GLI-01501-000,8,0,1.0,0.954785943031311,1,0.032145898789167404
G2B,BraTS-GLI-01501-000,15,0,0.0,0.9587365984916687,1,7.950266444822773e-05
G2B,BraTS-GLI-01501-000,15,0,0.1,0.9548016786575317,1,0.00013097812188789248
G2B,BraTS-GLI-01501-000,15,0,0.2,0.9505108594894409,1,0.00021899219427723438
G2B,BraTS-GLI-01501-000,15,0,0.3,0.9458358883857727,1,0.0003730302560143173
G2B,BraTS-GLI-01501-000,15,0,0.4,0.9407467842102051,1,0.000650615431368351
G2B,BraTS-GLI-01501-000,15,0,0.5,0.9352123737335205,1,0.0011693581473082304
G2B,BraTS-GLI-01501-000,15,0,0.6,0.9291998147964478,1,0.0021824990399181843
G2B,BraTS-GLI-01501-000,15,0,0.7,0.9226754307746887,1,0.004264641087502241
G2B,BraTS-GLI-01501-000,15,0,0.8,0.9156044721603394,1,0.008781715296208858
G2B,BraTS-GLI-01501-000,15,0,0.9,0.9079513549804688,1,0.01908385567367077
G2B,BraTS-GLI-01501-000,15,0,1.0,0.8996802568435669,1,0.04337034747004509
G2B,BraTS-GLI-01070-000,17,0,0.0,0.9999974966049194,1,3.6816545616602525e-05
G2B,BraTS-GLI-01070-000,17,0,0.1,0.999992847442627,1,5.074445653008297e-05
G2B,BraTS-GLI-01070-000,17,0,0.2,0.9999799728393555,1,7.100459333742037e-05
G2B,BraTS-GLI-01070-000,17,0,0.3,0.9999444484710693,1,0.00010249780461890623
G2B,BraTS-GLI-01070-000,17,0,0.4,0.999860405921936,1,0.00015754392370581627
G2B,BraTS-GLI-01070-000,17,0,0.5,0.9996799230575562,1,0.0002720401098486036
G2B,BraTS-GLI-01070-000,17,0,0.6,0.9992660880088806,1,0.0005629062070511281
G2B,BraTS-GLI-01070-000,17,0,0.7,0.9983879327774048,1,0.0014432147145271301
G2B,BraTS-GLI-01070-000,17,0,0.8,0.9966115355491638,1,0.004483366850763559
G2B,BraTS-GLI-01070-000,17,0,0.9,0.9928919076919556,1,0.016213681548833847
G2B,BraTS-GLI-01070-000,17,0,1.0,0.9884494543075562,1,0.06478394567966461
G2B,BraTS-GLI-00203-000,2,0,0.0,0.9982048273086548,1,0.02007586881518364
G2B,BraTS-GLI-00203-000,2,0,0.1,0.9971029162406921,1,0.020900001749396324
G2B,BraTS-GLI-00203-000,2,0,0.2,0.9953278303146362,1,0.02196316421031952
G2B,BraTS-GLI-00203-000,2,0,0.3,0.9924733638763428,1,0.023399991914629936
G2B,BraTS-GLI-00203-000,2,0,0.4,0.987896203994751,1,0.02542784996330738
G2B,BraTS-GLI-00203-000,2,0,0.5,0.9814715385437012,1,0.028407534584403038
G2B,BraTS-GLI-00203-000,2,0,0.6,0.9719263911247253,1,0.03299032524228096
G2B,BraTS-GLI-00203-000,2,0,0.7,0.9576758146286011,1,0.04051867127418518
G2B,BraTS-GLI-00203-000,2,0,0.8,0.936663031578064,1,0.054154880344867706
G2B,BraTS-GLI-00203-000,2,0,0.9,0.9062394499778748,1,0.08252579718828201
G2B,BraTS-GLI-00203-000,2,0,1.0,0.8633341789245605,1,0.15499643981456757
G2B,BraTS-GLI-01523-000,1,0,0.0,1.0,1,0.008135799318552017
G2B,BraTS-GLI-01523-000,1,0,0.1,1.0,1,0.008241022005677223
G2B,BraTS-GLI-01523-000,1,0,0.2,1.0,1,0.00837264396250248
G2B,BraTS-GLI-01523-000,1,0,0.3,0.9999995231628418,1,0.008544091135263443
G2B,BraTS-GLI-01523-000,1,0,0.4,0.9999967813491821,1,0.008780507370829582
G2B,BraTS-GLI-01523-000,1,0,0.5,0.9999750852584839,1,0.00913528073579073
G2B,BraTS-GLI-01523-000,1,0,0.6,0.9998084902763367,1,0.009741696529090405
G2B,BraTS-GLI-01523-000,1,0,0.7,0.9985276460647583,1,0.010999538004398346
G2B,BraTS-GLI-01523-000,1,0,0.8,0.9907048344612122,1,0.014325462281703949
G2B,BraTS-GLI-01523-000,1,0,0.9,0.9500579833984375,1,0.02536366879940033
G2B,BraTS-GLI-01523-000,1,0,1.0,0.9393866062164307,1,0.06734705716371536
G2B,BraTS-GLI-00171-000,3,0,0.0,0.9999998807907104,1,0.0006189541891217232
G2B,BraTS-GLI-00171-000,3,0,0.1,0.9999996423721313,1,0.000654118659440428
G2B,BraTS-GLI-00171-000,3,0,0.2,0.9999985694885254,1,0.0006994836730882525
G2B,BraTS-GLI-00171-000,3,0,0.3,0.9999934434890747,1,0.0007601777324452996
G2B,BraTS-GLI-00171-000,3,0,0.4,0.9999704360961914,1,0.0008471927721984684
G2B,BraTS-GLI-00171-000,3,0,0.5,0.9998670816421509,1,0.0009895027615129948
G2B,BraTS-GLI-00171-000,3,0,0.6,0.9994025230407715,1,0.001280841650441289
G2B,BraTS-GLI-00171-000,3,0,0.7,0.9973185658454895,1,0.00208238884806633
G2B,BraTS-GLI-00171-000,3,0,0.8,0.9891504645347595,1,0.004985298961400986
G2B,BraTS-GLI-00171-000,3,0,0.9,0.961846649646759,1,0.01766306534409523
G2B,BraTS-GLI-00171-000,3,0,1.0,0.925632894039154,1,0.07785540074110031
detected,BraTS-GLI-01221-000,127,1,0.0,0.9935613870620728,1,0.08895423263311386
detected,BraTS-GLI-01221-000,127,1,0.1,0.9908458590507507,1,0.08850163966417313
detected,BraTS-GLI-01221-000,127,1,0.2,0.9869999289512634,1,0.08800186961889267
detected,BraTS-GLI-01221-000,127,1,0.3,0.9815682768821716,1,0.08745956420898438
detected,BraTS-GLI-01221-000,127,1,0.4,0.9739270210266113,1,0.08689422905445099
detected,BraTS-GLI-01221-000,127,1,0.5,0.9632366895675659,1,0.08635979890823364
detected,BraTS-GLI-01221-000,127,1,0.6,0.9483955502510071,1,0.0859919935464859
detected,BraTS-GLI-01221-000,127,1,0.7,0.9280108213424683,1,0.08613032847642899
detected,BraTS-GLI-01221-000,127,1,0.8,0.9177591800689697,1,0.08765893429517746
detected,BraTS-GLI-01221-000,127,1,0.9,0.9213312864303589,1,0.0930643230676651
detected,BraTS-GLI-01221-000,127,1,1.0,0.9247609972953796,1,0.11012119799852371
detected,BraTS-GLI-00512-000,5,1,0.0,0.9990172386169434,1,0.2509329915046692
detected,BraTS-GLI-00512-000,5,1,0.1,0.9983657002449036,1,0.25005725026130676
detected,BraTS-GLI-00512-000,5,1,0.2,0.9972831010818481,1,0.24888204038143158
detected,BraTS-GLI-00512-000,5,1,0.3,0.9954866766929626,1,0.24730314314365387
detected,BraTS-GLI-00512-000,5,1,0.4,0.9925113916397095,1,0.24515961110591888
detected,BraTS-GLI-00512-000,5,1,0.5,0.9875991344451904,1,0.24217770993709564
detected,BraTS-GLI-00512-000,5,1,0.6,0.9795312881469727,1,0.2378789782524109
detected,BraTS-GLI-00512-000,5,1,0.7,0.9663928747177124,1,0.2315978705883026
detected,BraTS-GLI-00512-000,5,1,0.8,0.9452924132347107,1,0.2232888787984848
detected,BraTS-GLI-00512-000,5,1,0.9,0.9121481776237488,1,0.21694007515907288
detected,BraTS-GLI-00512-000,5,1,1.0,0.8618581295013428,1,0.23432952165603638
detected,BraTS-GLI-00526-000,7,1,0.0,0.9999808073043823,1,0.46295323967933655
detected,BraTS-GLI-00526-000,7,1,0.1,0.9999456405639648,1,0.45927873253822327
detected,BraTS-GLI-00526-000,7,1,0.2,0.9998461008071899,1,0.45449647307395935
detected,BraTS-GLI-00526-000,7,1,0.3,0.999563992023468,1,0.448047399520874
detected,BraTS-GLI-00526-000,7,1,0.4,0.998765230178833,1,0.4389858543872833
detected,BraTS-GLI-00526-000,7,1,0.5,0.9965080618858337,1,0.4256938695907593
detected,BraTS-GLI-00526-000,7,1,0.6,0.9901661276817322,1,0.4054754674434662
detected,BraTS-GLI-00526-000,7,1,0.7,0.9726222157478333,1,0.3742370903491974
detected,BraTS-GLI-00526-000,7,1,0.8,0.9261152148246765,1,0.32713818550109863
detected,BraTS-GLI-00526-000,7,1,0.9,0.8155853152275085,1,0.26210010051727295
detected,BraTS-GLI-00526-000,7,1,1.0,0.6094371676445007,1,0.18704135715961456
detected,BraTS-GLI-01286-000,6,1,0.0,0.2431766241788864,0,0.0901920273900032
detected,BraTS-GLI-01286-000,6,1,0.1,0.37685897946357727,0,0.09266632050275803
detected,BraTS-GLI-01286-000,6,1,0.2,0.5323393940925598,1,0.09578973799943924
detected,BraTS-GLI-01286-000,6,1,0.3,0.6817830204963684,1,0.10017135739326477
detected,BraTS-GLI-01286-000,6,1,0.4,0.8012967109680176,1,0.1068885400891304
detected,BraTS-GLI-01286-000,6,1,0.5,0.8835883736610413,1,0.11707606166601181
detected,BraTS-GLI-01286-000,6,1,0.6,0.9345818758010864,1,0.13132067024707794
detected,BraTS-GLI-01286-000,6,1,0.7,0.9641442894935608,1,0.15140579640865326
detected,BraTS-GLI-01286-000,6,1,0.8,0.9806244969367981,1,0.18226592242717743
detected,BraTS-GLI-01286-000,6,1,0.9,0.9896116256713867,1,0.23056454956531525
detected,BraTS-GLI-01286-000,6,1,1.0,0.9944537281990051,1,0.31178903579711914
detected,BraTS-GLI-00378-000,1,1,0.0,1.0,1,0.048417869955301285
detected,BraTS-GLI-00378-000,1,1,0.1,1.0,1,0.048425450921058655
detected,BraTS-GLI-00378-000,1,1,0.2,1.0,1,0.04849301278591156
detected,BraTS-GLI-00378-000,1,1,0.3,1.0,1,0.048655107617378235
detected,BraTS-GLI-00378-000,1,1,0.4,1.0,1,0.04897184669971466
detected,BraTS-GLI-00378-000,1,1,0.5,1.0,1,0.04955528676509857
detected,BraTS-GLI-00378-000,1,1,0.6,1.0,1,0.050635915249586105
detected,BraTS-GLI-00378-000,1,1,0.7,0.9999997615814209,1,0.05278404802083969
detected,BraTS-GLI-00378-000,1,1,0.8,0.9999911785125732,1,0.05785030871629715
detected,BraTS-GLI-00378-000,1,1,0.9,0.9996596574783325,1,0.07350640743970871
detected,BraTS-GLI-00378-000,1,1,1.0,0.991081714630127,1,0.1344142109155655
detected,BraTS-GLI-01430-000,29,1,0.0,0.9999971389770508,1,0.6180149912834167
detected,BraTS-GLI-01430-000,29,1,0.1,0.9999908208847046,1,0.6168938279151917
detected,BraTS-GLI-01430-000,29,1,0.2,0.9999703168869019,1,0.6155269742012024
detected,BraTS-GLI-01430-000,29,1,0.3,0.9999037981033325,1,0.6137884855270386
detected,BraTS-GLI-01430-000,29,1,0.4,0.9996888637542725,1,0.6114728450775146
detected,BraTS-GLI-01430-000,29,1,0.5,0.9989938139915466,1,0.6082167029380798
detected,BraTS-GLI-01430-000,29,1,0.6,0.9967509508132935,1,0.6033069491386414
detected,BraTS-GLI-01430-000,29,1,0.7,0.989561140537262,1,0.5951738953590393
detected,BraTS-GLI-01430-000,29,1,0.8,0.966988205909729,1,0.5800955891609192
detected,BraTS-GLI-01430-000,29,1,0.9,0.9005109667778015,1,0.549303412437439
detected,BraTS-GLI-01430-000,29,1,1.0,0.7366271018981934,1,0.48594796657562256
detected,BraTS-GLI-01221-000,467,1,0.0,0.9999996423721313,1,0.12858766317367554
detected,BraTS-GLI-01221-000,467,1,0.1,0.9999988079071045,1,0.12842193245887756
detected,BraTS-GLI-01221-000,467,1,0.2,0.9999955892562866,1,0.12829533219337463
detected,BraTS-GLI-01221-000,467,1,0.3,0.9999839067459106,1,0.1282321810722351
detected,BraTS-GLI-01221-000,467,1,0.4,0.9999417066574097,1,0.12826547026634216
detected,BraTS-GLI-01221-000,467,1,0.5,0.999789297580719,1,0.12843814492225647
detected,BraTS-GLI-01221-000,467,1,0.6,0.9992387294769287,1,0.1288081407546997
detected,BraTS-GLI-01221-000,467,1,0.7,0.9972535967826843,1,0.12947385013103485
detected,BraTS-GLI-01221-000,467,1,0.8,0.9901427030563354,1,0.13066886365413666
detected,BraTS-GLI-01221-000,467,1,0.9,0.9652616381645203,1,0.13305820524692535
detected,BraTS-GLI-01221-000,467,1,1.0,0.8985118269920349,1,0.13858291506767273
detected,BraTS-GLI-00011-000,2,1,0.0,0.9999992847442627,1,0.18375065922737122
detected,BraTS-GLI-00011-000,2,1,0.1,0.9999978542327881,1,0.18556855618953705
detected,BraTS-GLI-00011-000,2,1,0.2,0.9999935626983643,1,0.18770171701908112
detected,BraTS-GLI-00011-000,2,1,0.3,0.9999802112579346,1,0.19027425348758698
detected,BraTS-GLI-00011-000,2,1,0.4,0.9999396800994873,1,0.19348284602165222
detected,BraTS-GLI-00011-000,2,1,0.5,0.9998207688331604,1,0.19763456284999847
detected,BraTS-GLI-00011-000,2,1,0.6,0.9995421171188354,1,0.2031933069229126
detected,BraTS-GLI-00011-000,2,1,0.7,0.9988306164741516,1,0.21116170287132263
detected,BraTS-GLI-00011-000,2,1,0.8,0.9970170259475708,1,0.22429169714450836
detected,BraTS-GLI-00011-000,2,1,0.9,0.9924123883247375,1,0.24818632006645203
detected,BraTS-GLI-00011-000,2,1,1.0,0.9808361530303955,1,0.29722943902015686
detected,BraTS-GLI-00099-000,2,1,0.0,0.9999983310699463,1,0.021515976637601852
detected,BraTS-GLI-00099-000,2,1,0.1,0.9999943971633911,1,0.02183390036225319
detected,BraTS-GLI-00099-000,2,1,0.2,0.9999814033508301,1,0.022245928645133972
detected,BraTS-GLI-00099-000,2,1,0.3,0.9999382495880127,1,0.022791380062699318
detected,BraTS-GLI-00099-000,2,1,0.4,0.9997957348823547,1,0.023537471890449524
detected,BraTS-GLI-00099-000,2,1,0.5,0.9993239641189575,1,0.024613671004772186
detected,BraTS-GLI-00099-000,2,1,0.6,0.9978050589561462,1,0.026311086490750313
detected,BraTS-GLI-00099-000,2,1,0.7,0.9934163093566895,1,0.029424933716654778
detected,BraTS-GLI-00099-000,2,1,0.8,0.9804240465164185,1,0.036653805524110794
detected,BraTS-GLI-00099-000,2,1,0.9,0.9433864951133728,1,0.05910565331578255
detected,BraTS-GLI-00099-000,2,1,1.0,0.8530531525611877,1,0.14541767537593842
detected,BraTS-GLI-01351-000,6,1,0.0,0.9999744892120361,1,0.00013651818153448403
detected,BraTS-GLI-01351-000,6,1,0.1,0.999936580657959,1,0.00018933277169708163
detected,BraTS-GLI-01351-000,6,1,0.2,0.9998424053192139,1,0.0002668025845196098
detected,BraTS-GLI-01351-000,6,1,0.3,0.99960857629776,1,0.0003831343201454729
detected,BraTS-GLI-01351-000,6,1,0.4,0.9990284442901611,1,0.0005626245983876288
detected,BraTS-GLI-01351-000,6,1,0.5,0.997590184211731,1,0.0008485278231091797
detected,BraTS-GLI-01351-000,6,1,0.6,0.9940357208251953,1,0.0013218428939580917
detected,BraTS-GLI-01351-000,6,1,0.7,0.9853160977363586,1,0.00214485009200871
detected,BraTS-GLI-01351-000,6,1,0.8,0.9643058180809021,1,0.003673889208585024
detected,BraTS-GLI-01351-000,6,1,0.9,0.9158021211624146,1,0.006791430991142988
detected,BraTS-GLI-01351-000,6,1,1.0,0.8140951991081238,1,0.014013738371431828
detected,BraTS-GLI-01391-000,11,1,0.0,1.0,1,0.06655769050121307
detected,BraTS-GLI-01391-000,11,1,0.1,1.0,1,0.06735522300004959
detected,BraTS-GLI-01391-000,11,1,0.2,1.0,1,0.06833211332559586
detected,BraTS-GLI-01391-000,11,1,0.3,1.0,1,0.06955782324075699
detected,BraTS-GLI-01391-000,11,1,0.4,1.0,1,0.0711437538266182
detected,BraTS-GLI-01391-000,11,1,0.5,0.9999996423721313,1,0.0732782706618309
detected,BraTS-GLI-01391-000,11,1,0.6,0.9999958276748657,1,0.07630734890699387
detected,BraTS-GLI-01391-000,11,1,0.7,0.9999567270278931,1,0.0809582844376564
detected,BraTS-GLI-01391-000,11,1,0.8,0.9995586276054382,1,0.08912326395511627
detected,BraTS-GLI-01391-000,11,1,0.9,0.9960987567901611,1,0.10756278783082962
detected,BraTS-GLI-01391-000,11,1,1.0,0.9685991406440735,1,0.16996556520462036
detected,BraTS-GLI-01300-000,8,1,0.0,1.0,1,0.1852279007434845
detected,BraTS-GLI-01300-000,8,1,0.1,1.0,1,0.18533095717430115
detected,BraTS-GLI-01300-000,8,1,0.2,1.0,1,0.18553118407726288
detected,BraTS-GLI-01300-000,8,1,0.3,0.9999996423721313,1,0.18587292730808258
detected,BraTS-GLI-01300-000,8,1,0.4,0.9999978542327881,1,0.18640682101249695
detected,BraTS-GLI-01300-000,8,1,0.5,0.9999853372573853,1,0.1871676743030548
detected,BraTS-GLI-01300-000,8,1,0.6,0.9999120235443115,1,0.1880960464477539
detected,BraTS-GLI-01300-000,8,1,0.7,0.999509334564209,1,0.18881109356880188
detected,BraTS-GLI-01300-000,8,1,0.8,0.9978047013282776,1,0.18812069296836853
detected,BraTS-GLI-01300-000,8,1,0.9,0.990523636341095,1,0.184496209025383
detected,BraTS-GLI-01300-000,8,1,1.0,0.970122754573822,1,0.1916923224925995
detected,BraTS-GLI-00291-000,2,1,0.0,1.0,1,0.0006895073456689715
detected,BraTS-GLI-00291-000,2,1,0.1,1.0,1,0.0007356497808359563
detected,BraTS-GLI-00291-000,2,1,0.2,1.0,1,0.0007977817440405488
detected,BraTS-GLI-00291-000,2,1,0.3,0.9999996423721313,1,0.0008820878574624658
detected,BraTS-GLI-00291-000,2,1,0.4,0.9999977350234985,1,0.0010008116951212287
detected,BraTS-GLI-00291-000,2,1,0.5,0.9999843835830688,1,0.001185928238555789
detected,BraTS-GLI-00291-000,2,1,0.6,0.9998939037322998,1,0.001544891158118844
detected,BraTS-GLI-00291-000,2,1,0.7,0.9992825388908386,1,0.0025182729586958885
detected,BraTS-GLI-00291-000,2,1,0.8,0.9951643943786621,1,0.0062040602788329124
detected,BraTS-GLI-00291-000,2,1,0.9,0.9681622385978699,1,0.023580389097332954
detected,BraTS-GLI-00291-000,2,1,1.0,0.8871199488639832,1,0.1096528097987175
detected,BraTS-GLI-01003-000,22,1,0.0,0.9999904632568359,1,0.20809048414230347
detected,BraTS-GLI-01003-000,22,1,0.1,0.9999734163284302,1,0.20726697146892548
detected,BraTS-GLI-01003-000,22,1,0.2,0.999925971031189,1,0.20632027089595795
detected,BraTS-GLI-01003-000,22,1,0.3,0.999794065952301,1,0.20525801181793213
detected,BraTS-GLI-01003-000,22,1,0.4,0.999427080154419,1,0.20412138104438782
detected,BraTS-GLI-01003-000,22,1,0.5,0.9984068274497986,1,0.2030343860387802
detected,BraTS-GLI-01003-000,22,1,0.6,0.9955782294273376,1,0.20233289897441864
detected,BraTS-GLI-01003-000,22,1,0.7,0.9877896308898926,1,0.20292970538139343
detected,BraTS-GLI-01003-000,22,1,0.8,0.9670639038085938,1,0.20749451220035553
detected,BraTS-GLI-01003-000,22,1,0.9,0.9203324913978577,1,0.22485032677650452
detected,BraTS-GLI-01003-000,22,1,1.0,0.8705044388771057,1,0.2834502160549164
detected,BraTS-GLI-00774-001,4,1,0.0,0.9661327600479126,1,0.3375631272792816
detected,BraTS-GLI-00774-001,4,1,0.1,0.9574023485183716,1,0.33774593472480774
detected,BraTS-GLI-00774-001,4,1,0.2,0.9465458989143372,1,0.3379995822906494
detected,BraTS-GLI-00774-001,4,1,0.3,0.9331158399581909,1,0.33833885192871094
detected,BraTS-GLI-00774-001,4,1,0.4,0.9166089296340942,1,0.33876103162765503
detected,BraTS-GLI-00774-001,4,1,0.5,0.8964800834655762,1,0.3392028510570526
detected,BraTS-GLI-00774-001,4,1,0.6,0.872170090675354,1,0.33941739797592163
detected,BraTS-GLI-00774-001,4,1,0.7,0.8431501388549805,1,0.3386247158050537
detected,BraTS-GLI-00774-001,4,1,0.8,0.8089849352836609,1,0.3345770835876465
detected,BraTS-GLI-00774-001,4,1,0.9,0.7694130539894104,1,0.3222847580909729
detected,BraTS-GLI-00774-001,4,1,1.0,0.7244356870651245,1,0.304104208946228
detected,BraTS-GLI-01430-000,81,1,0.0,0.9999945163726807,1,0.10744034498929977
detected,BraTS-GLI-01430-000,81,1,0.1,0.9999845027923584,1,0.10782036930322647
detected,BraTS-GLI-01430-000,81,1,0.2,0.9999569654464722,1,0.10828536748886108
detected,BraTS-GLI-01430-000,81,1,0.3,0.9998799562454224,1,0.10887639224529266
detected,BraTS-GLI-01430-000,81,1,0.4,0.9996656179428101,1,0.10966387391090393
detected,BraTS-GLI-01430-000,81,1,0.5,0.9990683197975159,1,0.11077571660280228
detected,BraTS-GLI-01430-000,81,1,0.6,0.9974072575569153,1,0.11245955526828766
detected,BraTS-GLI-01430-000,81,1,0.7,0.9928062558174133,1,0.1152358204126358
detected,BraTS-GLI-01430-000,81,1,0.8,0.9802020192146301,1,0.12035127729177475
detected,BraTS-GLI-01430-000,81,1,0.9,0.946699321269989,1,0.1315847933292389
detected,BraTS-GLI-01430-000,81,1,1.0,0.8691071271896362,1,0.16398459672927856
detected,BraTS-GLI-01124-000,4,1,0.0,0.9999985694885254,1,0.0014982025604695082
detected,BraTS-GLI-01124-000,4,1,0.1,0.9999960660934448,1,0.0019416261930018663
detected,BraTS-GLI-01124-000,4,1,0.2,0.9999889135360718,1,0.0025346563197672367
detected,BraTS-GLI-01124-000,4,1,0.3,0.9999693632125854,1,0.0033400149550288916
detected,BraTS-GLI-01124-000,4,1,0.4,0.9999150037765503,1,0.0044540525414049625
detected,BraTS-GLI-01124-000,4,1,0.5,0.9997643828392029,1,0.006028168834745884
detected,BraTS-GLI-01124-000,4,1,0.6,0.9993467926979065,1,0.00830523669719696
detected,BraTS-GLI-01124-000,4,1,0.7,0.9981905817985535,1,0.01168445311486721
detected,BraTS-GLI-01124-000,4,1,0.8,0.9949979782104492,1,0.016852205619215965
detected,BraTS-GLI-01124-000,4,1,0.9,0.9862494468688965,1,0.025122884660959244
detected,BraTS-GLI-01124-000,4,1,1.0,0.9650306701660156,1,0.03967589884996414
detected,BraTS-GLI-01276-000,1,1,0.0,1.0,1,0.05508292466402054
detected,BraTS-GLI-01276-000,1,1,0.1,1.0,1,0.0550093874335289
detected,BraTS-GLI-01276-000,1,1,0.2,1.0,1,0.0549345538020134
detected,BraTS-GLI-01276-000,1,1,0.3,1.0,1,0.0548592284321785
detected,BraTS-GLI-01276-000,1,1,0.4,1.0,1,0.05478580296039581
detected,BraTS-GLI-01276-000,1,1,0.5,1.0,1,0.05472169443964958
detected,BraTS-GLI-01276-000,1,1,0.6,1.0,1,0.054691094905138016
detected,BraTS-GLI-01276-000,1,1,0.7,0.9999991655349731,1,0.05478598177433014
detected,BraTS-GLI-01276-000,1,1,0.8,0.9999806880950928,1,0.05545134097337723
detected,BraTS-GLI-01276-000,1,1,0.9,0.9995672106742859,1,0.05943264439702034
detected,BraTS-GLI-01276-000,1,1,1.0,0.9944313168525696,1,0.08625847101211548
detected,BraTS-GLI-01198-000,7,1,0.0,0.9980044960975647,1,0.027487723156809807
detected,BraTS-GLI-01198-000,7,1,0.1,0.9967601895332336,1,0.02816510573029518
detected,BraTS-GLI-01198-000,7,1,0.2,0.9947441816329956,1,0.029120177030563354
detected,BraTS-GLI-01198-000,7,1,0.3,0.9914843440055847,1,0.03047022968530655
detected,BraTS-GLI-01198-000,7,1,0.4,0.9862306714057922,1,0.03239131346344948
detected,BraTS-GLI-01198-000,7,1,0.5,0.9778084754943848,1,0.03515484929084778
detected,BraTS-GLI-01198-000,7,1,0.6,0.9644201993942261,1,0.03919222950935364
detected,BraTS-GLI-01198-000,7,1,0.7,0.9434221386909485,1,0.045213788747787476
detected,BraTS-GLI-01198-000,7,1,0.8,0.9111733436584473,1,0.054436419159173965
detected,BraTS-GLI-01198-000,7,1,0.9,0.8667522072792053,1,0.06903567910194397
detected,BraTS-GLI-01198-000,7,1,1.0,0.830905556678772,1,0.09305618703365326
detected,BraTS-GLI-01243-000,24,1,0.0,1.0,1,0.05229645222425461
detected,BraTS-GLI-01243-000,24,1,0.1,1.0,1,0.05190487205982208
detected,BraTS-GLI-01243-000,24,1,0.2,1.0,1,0.05150565505027771
detected,BraTS-GLI-01243-000,24,1,0.3,1.0,1,0.05110182613134384
detected,BraTS-GLI-01243-000,24,1,0.4,0.9999996423721313,1,0.05069471150636673
detected,BraTS-GLI-01243-000,24,1,0.5,0.9999974966049194,1,0.050283029675483704
detected,BraTS-GLI-01243-000,24,1,0.6,0.9999828338623047,1,0.04986393079161644
detected,BraTS-GLI-01243-000,24,1,0.7,0.9998823404312134,1,0.04944524168968201
detected,BraTS-GLI-01243-000,24,1,0.8,0.9991944432258606,1,0.049104154109954834
detected,BraTS-GLI-01243-000,24,1,0.9,0.9955723285675049,1,0.049232568591833115
detected,BraTS-GLI-01243-000,24,1,1.0,0.9810076355934143,1,0.05152060464024544
detected,BraTS-GLI-00292-000,26,1,0.0,0.999995231628418,1,0.18036364018917084
detected,BraTS-GLI-00292-000,26,1,0.1,0.9999864101409912,1,0.1811273843050003
detected,BraTS-GLI-00292-000,26,1,0.2,0.9999610185623169,1,0.1820496767759323
detected,BraTS-GLI-00292-000,26,1,0.3,0.9998881816864014,1,0.18319165706634521
detected,BraTS-GLI-00292-000,26,1,0.4,0.9996799230575562,1,0.18465042114257812
detected,BraTS-GLI-00292-000,26,1,0.5,0.9990936517715454,1,0.18659192323684692
detected,BraTS-GLI-00292-000,26,1,0.6,0.9974362254142761,1,0.18933026492595673
detected,BraTS-GLI-00292-000,26,1,0.7,0.9927696585655212,1,0.1935465931892395
detected,BraTS-GLI-00292-000,26,1,0.8,0.9797812700271606,1,0.2009759098291397
detected,BraTS-GLI-00292-000,26,1,0.9,0.9447592496871948,1,0.21679210662841797
detected,BraTS-GLI-00292-000,26,1,1.0,0.865863561630249,1,0.25720667839050293
detected,BraTS-GLI-00220-000,11,1,0.0,1.0,1,0.11035259813070297
detected,BraTS-GLI-00220-000,11,1,0.1,1.0,1,0.11079559475183487
detected,BraTS-GLI-00220-000,11,1,0.2,1.0,1,0.11134745925664902
detected,BraTS-GLI-00220-000,11,1,0.3,0.9999998807907104,1,0.11205299198627472
detected,BraTS-GLI-00220-000,11,1,0.4,0.9999995231628418,1,0.11298495531082153
detected,BraTS-GLI-00220-000,11,1,0.5,0.9999967813491821,1,0.11427254974842072
detected,BraTS-GLI-00220-000,11,1,0.6,0.9999780654907227,1,0.11617463827133179
detected,BraTS-GLI-00220-000,11,1,0.7,0.9998515844345093,1,0.11930462718009949
detected,BraTS-GLI-00220-000,11,1,0.8,0.9990000128746033,1,0.1254892498254776
detected,BraTS-GLI-00220-000,11,1,0.9,0.9933748841285706,1,0.14175699651241302
detected,BraTS-GLI-00220-000,11,1,1.0,0.9627038836479187,1,0.1998889297246933
detected,BraTS-GLI-01045-000,3,1,0.0,1.0,1,0.02155597135424614
detected,BraTS-GLI-01045-000,3,1,0.1,0.9999998807907104,1,0.021842259913682938
detected,BraTS-GLI-01045-000,3,1,0.2,0.9999996423721313,1,0.02220010571181774
detected,BraTS-GLI-01045-000,3,1,0.3,0.9999984502792358,1,0.022654542699456215
detected,BraTS-GLI-01045-000,3,1,0.4,0.9999932050704956,1,0.023241816088557243
detected,BraTS-GLI-01045-000,3,1,0.5,0.9999712705612183,1,0.024016208946704865
detected,BraTS-GLI-01045-000,3,1,0.6,0.9998778104782104,1,0.02506403438746929
detected,BraTS-GLI-01045-000,3,1,0.7,0.9994812607765198,1,0.026537131518125534
detected,BraTS-GLI-01045-000,3,1,0.8,0.9978002905845642,1,0.028744561597704887
detected,BraTS-GLI-01045-000,3,1,0.9,0.9920956492424011,1,0.03243136405944824
detected,BraTS-GLI-01045-000,3,1,1.0,0.9739542007446289,1,0.03968818485736847
detected,BraTS-GLI-01221-000,177,1,0.0,0.3832186162471771,0,0.02932780608534813
detected,BraTS-GLI-01221-000,177,1,0.1,0.399689644575119,0,0.029306380078196526
detected,BraTS-GLI-01221-000,177,1,0.2,0.41639071702957153,0,0.029312830418348312
detected,BraTS-GLI-01221-000,177,1,0.3,0.43328607082366943,0,0.02938099391758442
detected,BraTS-GLI-01221-000,177,1,0.4,0.45033779740333557,0,0.02957172878086567
detected,BraTS-GLI-01221-000,177,1,0.5,0.467507004737854,0,0.029995257034897804
detected,BraTS-GLI-01221-000,177,1,0.6,0.4847536087036133,0,0.030854614451527596
detected,BraTS-GLI-01221-000,177,1,0.7,0.5020365118980408,1,0.03253386914730072
detected,BraTS-GLI-01221-000,177,1,0.8,0.5193145275115967,1,0.03578798100352287
detected,BraTS-GLI-01221-000,177,1,0.9,0.5365465879440308,1,0.04219368100166321
detected,BraTS-GLI-01221-000,177,1,1.0,0.5536917448043823,1,0.05536307021975517
detected,BraTS-GLI-00325-000,2,1,0.0,1.0,1,0.4426362216472626
detected,BraTS-GLI-00325-000,2,1,0.1,0.9999998807907104,1,0.4437626898288727
detected,BraTS-GLI-00325-000,2,1,0.2,0.9999992847442627,1,0.44489961862564087
detected,BraTS-GLI-00325-000,2,1,0.3,0.999996542930603,1,0.44590476155281067
detected,BraTS-GLI-00325-000,2,1,0.4,0.9999840259552002,1,0.446508526802063
detected,BraTS-GLI-00325-000,2,1,0.5,0.9999263286590576,1,0.44624653458595276
detected,BraTS-GLI-00325-000,2,1,0.6,0.9996620416641235,1,0.4443359375
detected,BraTS-GLI-00325-000,2,1,0.7,0.9985673427581787,1,0.43944498896598816
detected,BraTS-GLI-00325-000,2,1,0.8,0.9939694404602051,1,0.4295056164264679
detected,BraTS-GLI-00325-000,2,1,0.9,0.9749841690063477,1,0.413202702999115
detected,BraTS-GLI-00325-000,2,1,1.0,0.9021151065826416,1,0.4001710116863251
detected,BraTS-GLI-01089-000,8,1,0.0,0.9998656511306763,1,0.08097417652606964
detected,BraTS-GLI-01089-000,8,1,0.1,0.9997199177742004,1,0.08118550479412079
detected,BraTS-GLI-01089-000,8,1,0.2,0.9994162321090698,1,0.08139454573392868
detected,BraTS-GLI-01089-000,8,1,0.3,0.9987834095954895,1,0.0816011056303978
detected,BraTS-GLI-01089-000,8,1,0.4,0.9974664449691772,1,0.08183729648590088
detected,BraTS-GLI-01089-000,8,1,0.5,0.9947314262390137,1,0.08219750970602036
detected,BraTS-GLI-01089-000,8,1,0.6,0.9890762567520142,1,0.08289247751235962
detected,BraTS-GLI-01089-000,8,1,0.7,0.982671856880188,1,0.08434680849313736
detected,BraTS-GLI-01089-000,8,1,0.8,0.9800631999969482,1,0.08732965588569641
detected,BraTS-GLI-01089-000,8,1,0.9,0.9770709872245789,1,0.0930718407034874
detected,BraTS-GLI-01089-000,8,1,1.0,0.9736418724060059,1,0.10387565940618515
detected,BraTS-GLI-00291-000,3,1,0.0,1.0,1,0.16633372008800507
detected,BraTS-GLI-00291-000,3,1,0.1,1.0,1,0.16639186441898346
detected,BraTS-GLI-00291-000,3,1,0.2,1.0,1,0.1665007770061493
detected,BraTS-GLI-00291-000,3,1,0.3,1.0,1,0.1666933298110962
detected,BraTS-GLI-00291-000,3,1,0.4,1.0,1,0.16702859103679657
detected,BraTS-GLI-00291-000,3,1,0.5,1.0,1,0.16762104630470276
detected,BraTS-GLI-00291-000,3,1,0.6,1.0,1,0.16871777176856995
detected,BraTS-GLI-00291-000,3,1,0.7,1.0,1,0.17094753682613373
detected,BraTS-GLI-00291-000,3,1,0.8,0.9999960660934448,1,0.17631931602954865
detected,BraTS-GLI-00291-000,3,1,0.9,0.999775230884552,1,0.19286029040813446
detected,BraTS-GLI-00291-000,3,1,1.0,0.9926361441612244,1,0.2567814588546753
detected,BraTS-GLI-01237-000,49,1,0.0,0.9999998807907104,1,0.13616661727428436
detected,BraTS-GLI-01237-000,49,1,0.1,0.9999996423721313,1,0.13524296879768372
detected,BraTS-GLI-01237-000,49,1,0.2,0.9999986886978149,1,0.13401058316230774
detected,BraTS-GLI-01237-000,49,1,0.3,0.9999940395355225,1,0.13234619796276093
detected,BraTS-GLI-01237-000,49,1,0.4,0.9999734163284302,1,0.1300876885652542
detected,BraTS-GLI-01237-000,49,1,0.5,0.9998819828033447,1,0.12703381478786469
detected,BraTS-GLI-01237-000,49,1,0.6,0.9994770884513855,1,0.12295197695493698
detected,BraTS-GLI-01237-000,49,1,0.7,0.9976863861083984,1,0.11759870499372482
detected,BraTS-GLI-01237-000,49,1,0.8,0.9898273944854736,1,0.11077461391687393
detected,BraTS-GLI-01237-000,49,1,0.9,0.9564386606216431,1,0.10257777571678162
detected,BraTS-GLI-01237-000,49,1,1.0,0.8320544362068176,1,0.09456689655780792
detected,BraTS-GLI-01430-000,104,1,0.0,1.0,1,0.06056318059563637
detected,BraTS-GLI-01430-000,104,1,0.1,0.9999997615814209,1,0.06057889759540558
detected,BraTS-GLI-01430-000,104,1,0.2,0.9999990463256836,1,0.06060725823044777
detected,BraTS-GLI-01430-000,104,1,0.3,0.9999959468841553,1,0.0606655552983284
detected,BraTS-GLI-01430-000,104,1,0.4,0.9999821186065674,1,0.060788217931985855
detected,BraTS-GLI-01430-000,104,1,0.5,0.9999200105667114,1,0.06104103848338127
detected,BraTS-GLI-01430-000,104,1,0.6,0.9996427297592163,1,0.06155597046017647
detected,BraTS-GLI-01430-000,104,1,0.7,0.9985309839248657,1,0.06268032640218735
detected,BraTS-GLI-01430-000,104,1,0.8,0.9942356944084167,1,0.06577392667531967
detected,BraTS-GLI-01430-000,104,1,0.9,0.980851411819458,1,0.07726301997900009
detected,BraTS-GLI-01430-000,104,1,1.0,0.9456166625022888,1,0.12563087046146393
detected,BraTS-GLI-00537-000,7,1,0.0,1.0,1,1.0
detected,BraTS-GLI-00537-000,7,1,0.1,1.0,1,1.0
detected,BraTS-GLI-00537-000,7,1,0.2,1.0,1,1.0
detected,BraTS-GLI-00537-000,7,1,0.3,1.0,1,1.0
detected,BraTS-GLI-00537-000,7,1,0.4,1.0,1,1.0
detected,BraTS-GLI-00537-000,7,1,0.5,1.0,1,1.0
detected,BraTS-GLI-00537-000,7,1,0.6,0.9999994039535522,1,0.9999985098838806
detected,BraTS-GLI-00537-000,7,1,0.7,0.9999897480010986,1,0.999980092048645
detected,BraTS-GLI-00537-000,7,1,0.8,0.9998243451118469,1,0.9997227787971497
detected,BraTS-GLI-00537-000,7,1,0.9,0.9972411394119263,1,0.9960785508155823
detected,BraTS-GLI-00537-000,7,1,1.0,0.9590387940406799,1,0.9466198086738586
detected,BraTS-GLI-01390-000,2,1,0.0,0.9986122846603394,1,0.08930200338363647
detected,BraTS-GLI-01390-000,2,1,0.1,0.9975766539573669,1,0.08757229894399643
detected,BraTS-GLI-01390-000,2,1,0.2,0.9957712292671204,1,0.08579733222723007
detected,BraTS-GLI-01390-000,2,1,0.3,0.9926307201385498,1,0.0840238481760025
detected,BraTS-GLI-01390-000,2,1,0.4,0.9871879816055298,1,0.08233074098825455
detected,BraTS-GLI-01390-000,2,1,0.5,0.9778152704238892,1,0.08085089921951294
detected,BraTS-GLI-01390-000,2,1,0.6,0.961850643157959,1,0.07980737835168839
detected,BraTS-GLI-01390-000,2,1,0.7,0.9351593852043152,1,0.07957220822572708
detected,BraTS-GLI-01390-000,2,1,0.8,0.8918923735618591,1,0.0807671770453453
detected,BraTS-GLI-01390-000,2,1,0.9,0.8251524567604065,1,0.0844724178314209
detected,BraTS-GLI-01390-000,2,1,1.0,0.741675615310669,1,0.09276829659938812
detected,BraTS-GLI-01003-000,18,1,0.0,1.0,1,0.37364059686660767
detected,BraTS-GLI-01003-000,18,1,0.1,1.0,1,0.3724871575832367
detected,BraTS-GLI-01003-000,18,1,0.2,1.0,1,0.37110140919685364
detected,BraTS-GLI-01003-000,18,1,0.3,0.9999997615814209,1,0.36939412355422974
detected,BraTS-GLI-01003-000,18,1,0.4,0.9999986886978149,1,0.36722272634506226
detected,BraTS-GLI-01003-000,18,1,0.5,0.9999922513961792,1,0.364351749420166
detected,BraTS-GLI-01003-000,18,1,0.6,0.999956488609314,1,0.3603845536708832
detected,BraTS-GLI-01003-000,18,1,0.7,0.9997548460960388,1,0.3546542823314667
detected,BraTS-GLI-01003-000,18,1,0.8,0.9986189603805542,1,0.3461190462112427
detected,BraTS-GLI-01003-000,18,1,0.9,0.9924692511558533,1,0.3337593376636505
detected,BraTS-GLI-01003-000,18,1,1.0,0.961212158203125,1,0.3201881945133209
detected,BraTS-GLI-01430-000,28,1,0.0,0.9999669790267944,1,0.24570821225643158
detected,BraTS-GLI-01430-000,28,1,0.1,0.9999134540557861,1,0.24242481589317322
detected,BraTS-GLI-01430-000,28,1,0.2,0.9997735619544983,1,0.23851284384727478
detected,BraTS-GLI-01430-000,28,1,0.3,0.9994078874588013,1,0.2338314652442932
detected,BraTS-GLI-01430-000,28,1,0.4,0.9984523057937622,1,0.22822195291519165
detected,BraTS-GLI-01430-000,28,1,0.5,0.9959606528282166,1,0.22152802348136902
detected,BraTS-GLI-01430-000,28,1,0.6,0.9894997477531433,1,0.2136431485414505
detected,BraTS-GLI-01430-000,28,1,0.7,0.9729855060577393,1,0.20460382103919983
detected,BraTS-GLI-01430-000,28,1,0.8,0.9322758913040161,1,0.1947474330663681
detected,BraTS-GLI-01430-000,28,1,0.9,0.8402887582778931,1,0.18501968681812286
detected,BraTS-GLI-01430-000,28,1,1.0,0.6826972961425781,1,0.1778476983308792
detected,BraTS-GLI-01198-000,16,1,0.0,0.9571435451507568,1,0.0008038368541747332
detected,BraTS-GLI-01198-000,16,1,0.1,0.9496004581451416,1,0.0010669060284271836
detected,BraTS-GLI-01198-000,16,1,0.2,0.9408119916915894,1,0.0014411021256819367
detected,BraTS-GLI-01198-000,16,1,0.3,0.9306029677391052,1,0.0019898233003914356
detected,BraTS-GLI-01198-000,16,1,0.4,0.9187849760055542,1,0.0028223916888237
detected,BraTS-GLI-01198-000,16,1,0.5,0.9051596522331238,1,0.004131984896957874
detected,BraTS-GLI-01198-000,16,1,0.6,0.8895231485366821,1,0.006266436073929071
detected,BraTS-GLI-01198-000,16,1,0.7,0.8716741800308228,1,0.009861858561635017
detected,BraTS-GLI-01198-000,16,1,0.8,0.8514232039451599,1,0.01610376499593258
detected,BraTS-GLI-01198-000,16,1,0.9,0.8286048173904419,1,0.02727331407368183
detected,BraTS-GLI-01198-000,16,1,1.0,0.8378985524177551,1,0.04796285927295685
detected,BraTS-GLI-01136-000,3,1,0.0,1.0,1,0.02246575802564621
detected,BraTS-GLI-01136-000,3,1,0.1,1.0,1,0.022284867241978645
detected,BraTS-GLI-01136-000,3,1,0.2,1.0,1,0.02212102711200714
detected,BraTS-GLI-01136-000,3,1,0.3,0.9999998807907104,1,0.021993201225996017
detected,BraTS-GLI-01136-000,3,1,0.4,0.9999994039535522,1,0.021931927651166916
detected,BraTS-GLI-01136-000,3,1,0.5,0.9999959468841553,1,0.02198653109371662
detected,BraTS-GLI-01136-000,3,1,0.6,0.9999735355377197,1,0.022237306460738182
detected,BraTS-GLI-01136-000,3,1,0.7,0.9998284578323364,1,0.022817442193627357
detected,BraTS-GLI-01136-000,3,1,0.8,0.9988873600959778,1,0.023955553770065308
detected,BraTS-GLI-01136-000,3,1,0.9,0.9928190112113953,1,0.026072634384036064
detected,BraTS-GLI-01136-000,3,1,1.0,0.9551428556442261,1,0.030070621520280838
detected,BraTS-GLI-01353-000,3,1,0.0,0.9999998807907104,1,0.03735748678445816
detected,BraTS-GLI-01353-000,3,1,0.1,0.9999995231628418,1,0.0374826043844223
detected,BraTS-GLI-01353-000,3,1,0.2,0.9999985694885254,1,0.03765090927481651
detected,BraTS-GLI-01353-000,3,1,0.3,0.9999949932098389,1,0.0378827229142189
detected,BraTS-GLI-01353-000,3,1,0.4,0.9999833106994629,1,0.038209907710552216
detected,BraTS-GLI-01353-000,3,1,0.5,0.9999433755874634,1,0.03868275135755539
detected,BraTS-GLI-01353-000,3,1,0.6,0.9998088479042053,1,0.03938080742955208
detected,BraTS-GLI-01353-000,3,1,0.7,0.9994043111801147,1,0.04043335095047951
detected,BraTS-GLI-01353-000,3,1,0.8,0.998451828956604,1,0.042078714817762375
detected,BraTS-GLI-01353-000,3,1,0.9,0.99598228931427,1,0.04492238536477089
detected,BraTS-GLI-01353-000,3,1,1.0,0.9896144270896912,1,0.05120168253779411
detected,BraTS-GLI-00060-000,6,1,0.0,0.9849026799201965,1,0.0016563826939091086
detected,BraTS-GLI-00060-000,6,1,0.1,0.9811983108520508,1,0.001926667639054358
detected,BraTS-GLI-00060-000,6,1,0.2,0.9766067862510681,1,0.0022670866455882788
detected,BraTS-GLI-00060-000,6,1,0.3,0.9709271788597107,1,0.002710144966840744
detected,BraTS-GLI-00060-000,6,1,0.4,0.9639195203781128,1,0.003310668980702758
detected,BraTS-GLI-00060-000,6,1,0.5,0.9553004503250122,1,0.0041646030731499195
detected,BraTS-GLI-00060-000,6,1,0.6,0.9447405934333801,1,0.005446556024253368
detected,BraTS-GLI-00060-000,6,1,0.7,0.9318639039993286,1,0.00748978927731514
detected,BraTS-GLI-00060-000,6,1,0.8,0.9162525534629822,1,0.01097176130861044
detected,BraTS-GLI-00060-000,6,1,0.9,0.9016918540000916,1,0.017392273992300034
detected,BraTS-GLI-00060-000,6,1,1.0,0.8917024731636047,1,0.030438946560025215
detected,BraTS-GLI-00454-000,4,1,0.0,0.985273540019989,1,0.016397397965192795
detected,BraTS-GLI-00454-000,4,1,0.1,0.9814351797103882,1,0.016443446278572083
detected,BraTS-GLI-00454-000,4,1,0.2,0.9766199588775635,1,0.0165286622941494
detected,BraTS-GLI-00454-000,4,1,0.3,0.9705932140350342,1,0.016668666154146194
detected,BraTS-GLI-00454-000,4,1,0.4,0.9630717039108276,1,0.016887811943888664
detected,BraTS-GLI-00454-000,4,1,0.5,0.9537182450294495,1,0.017226148396730423
detected,BraTS-GLI-00454-000,4,1,0.6,0.9421378374099731,1,0.017753461375832558
detected,BraTS-GLI-00454-000,4,1,0.7,0.9278790950775146,1,0.018600409850478172
detected,BraTS-GLI-00454-000,4,1,0.8,0.9104405641555786,1,0.020032061263918877
detected,BraTS-GLI-00454-000,4,1,0.9,0.89888596534729,1,0.022638903930783272
detected,BraTS-GLI-00454-000,4,1,1.0,0.896480917930603,1,0.02788323536515236
detected,BraTS-GLI-01418-000,11,1,0.0,0.9993987083435059,1,0.060071319341659546
detected,BraTS-GLI-01418-000,11,1,0.1,0.9988653659820557,1,0.06006145477294922
detected,BraTS-GLI-01418-000,11,1,0.2,0.9978602528572083,1,0.059978045523166656
detected,BraTS-GLI-01418-000,11,1,0.3,0.995968222618103,1,0.059785064309835434
detected,BraTS-GLI-01418-000,11,1,0.4,0.9924159049987793,1,0.05943894013762474
detected,BraTS-GLI-01418-000,11,1,0.5,0.9857785701751709,1,0.05890031158924103
detected,BraTS-GLI-01418-000,11,1,0.6,0.9748790264129639,1,0.058170679956674576
detected,BraTS-GLI-01418-000,11,1,0.7,0.9636088013648987,1,0.05739086866378784
detected,BraTS-GLI-01418-000,11,1,0.8,0.9475544691085815,1,0.057094912976026535
detected,BraTS-GLI-01418-000,11,1,0.9,0.924968957901001,1,0.05886933207511902
detected,BraTS-GLI-01418-000,11,1,1.0,0.8937476277351379,1,0.06697287410497665
detected,BraTS-GLI-01045-000,4,1,0.0,0.9998279809951782,1,0.01648041605949402
detected,BraTS-GLI-01045-000,4,1,0.1,0.9996479749679565,1,0.017343342304229736
detected,BraTS-GLI-01045-000,4,1,0.2,0.9992799162864685,1,0.018437964841723442
detected,BraTS-GLI-01045-000,4,1,0.3,0.9985274076461792,1,0.01986175961792469
detected,BraTS-GLI-01045-000,4,1,0.4,0.9969907999038696,1,0.0217730812728405
detected,BraTS-GLI-01045-000,4,1,0.5,0.9938608407974243,1,0.02443644031882286
detected,BraTS-GLI-01045-000,4,1,0.6,0.987515926361084,1,0.028301360085606575
detected,BraTS-GLI-01045-000,4,1,0.7,0.9747800230979919,1,0.0341365672647953
detected,BraTS-GLI-01045-000,4,1,0.8,0.9497129917144775,1,0.04325089603662491
detected,BraTS-GLI-01045-000,4,1,0.9,0.9155141711235046,1,0.057864487171173096
detected,BraTS-GLI-01045-000,4,1,1.0,0.8649196028709412,1,0.08184795081615448
detected,BraTS-GLI-00512-000,17,1,0.0,0.9999997615814209,1,0.9707122445106506
detected,BraTS-GLI-00512-000,17,1,0.1,0.9999991655349731,1,0.967503011226654
detected,BraTS-GLI-00512-000,17,1,0.2,0.9999963045120239,1,0.9632933139801025
detected,BraTS-GLI-00512-000,17,1,0.3,0.9999837875366211,1,0.9574602842330933
detected,BraTS-GLI-00512-000,17,1,0.4,0.9999287128448486,1,0.9488522410392761
detected,BraTS-GLI-00512-000,17,1,0.5,0.9996869564056396,1,0.9352748394012451
detected,BraTS-GLI-00512-000,17,1,0.6,0.9986270666122437,1,0.9124348163604736
detected,BraTS-GLI-00512-000,17,1,0.7,0.9939996004104614,1,0.8718244433403015
detected,BraTS-GLI-00512-000,17,1,0.8,0.9741783738136292,1,0.7971706390380859
detected,BraTS-GLI-00512-000,17,1,0.9,0.8957492113113403,1,0.6635075211524963
detected,BraTS-GLI-00512-000,17,1,1.0,0.6637216806411743,1,0.46181899309158325
detected,BraTS-GLI-00292-000,28,1,0.0,1.0,1,0.16743402183055878
detected,BraTS-GLI-00292-000,28,1,0.1,1.0,1,0.167238250374794
detected,BraTS-GLI-00292-000,28,1,0.2,0.9999998807907104,1,0.16704416275024414
detected,BraTS-GLI-00292-000,28,1,0.3,0.9999992847442627,1,0.1668616235256195
detected,BraTS-GLI-00292-000,28,1,0.4,0.9999961853027344,1,0.1667046695947647
detected,BraTS-GLI-00292-000,28,1,0.5,0.9999791383743286,1,0.16659404337406158
detected,BraTS-GLI-00292-000,28,1,0.6,0.9998873472213745,1,0.16656494140625
detected,BraTS-GLI-00292-000,28,1,0.7,0.99940025806427,1,0.1666930466890335
detected,BraTS-GLI-00292-000,28,1,0.8,0.9968133568763733,1,0.16719046235084534
detected,BraTS-GLI-00292-000,28,1,0.9,0.9832550287246704,1,0.16876232624053955
detected,BraTS-GLI-00292-000,28,1,1.0,0.9171538352966309,1,0.17390753328800201
detected,BraTS-GLI-00691-000,2,1,0.0,1.0,1,0.055939070880413055
detected,BraTS-GLI-00691-000,2,1,0.1,1.0,1,0.055459339171648026
detected,BraTS-GLI-00691-000,2,1,0.2,1.0,1,0.05492598935961723
detected,BraTS-GLI-00691-000,2,1,0.3,1.0,1,0.05433628708124161
detected,BraTS-GLI-00691-000,2,1,0.4,0.9999998807907104,1,0.05369146168231964
detected,BraTS-GLI-00691-000,2,1,0.5,0.9999988079071045,1,0.0530029758810997
detected,BraTS-GLI-00691-000,2,1,0.6,0.9999897480010986,1,0.052308183163404465
detected,BraTS-GLI-00691-000,2,1,0.7,0.9999139308929443,1,0.051711611449718475
detected,BraTS-GLI-00691-000,2,1,0.8,0.9992830157279968,1,0.0514984093606472
detected,BraTS-GLI-00691-000,2,1,0.9,0.9940500259399414,1,0.05246837064623833
detected,BraTS-GLI-00691-000,2,1,1.0,0.9543284177780151,1,0.05700952187180519
detected,BraTS-GLI-01300-000,2,1,0.0,0.9997103810310364,1,0.013970785774290562
detected,BraTS-GLI-01300-000,2,1,0.1,0.9994631409645081,1,0.014459923841059208
detected,BraTS-GLI-01300-000,2,1,0.2,0.9990050196647644,1,0.01509894896298647
detected,BraTS-GLI-01300-000,2,1,0.3,0.9981564879417419,1,0.0159895122051239
detected,BraTS-GLI-01300-000,2,1,0.4,0.9965870380401611,1,0.01730915531516075
detected,BraTS-GLI-01300-000,2,1,0.5,0.9936895370483398,1,0.019366508349776268
detected,BraTS-GLI-01300-000,2,1,0.6,0.9886490106582642,1,0.022709397599101067
detected,BraTS-GLI-01300-000,2,1,0.7,0.9806978702545166,1,0.028434300795197487
detected,BraTS-GLI-01300-000,2,1,0.8,0.9673608541488647,1,0.039493147283792496
detected,BraTS-GLI-01300-000,2,1,0.9,0.9526652097702026,1,0.06694495677947998
detected,BraTS-GLI-01300-000,2,1,1.0,0.9397435784339905,1,0.1574193239212036
detected,BraTS-GLI-01237-000,71,1,0.0,0.9999995231628418,1,0.39870572090148926
detected,BraTS-GLI-01237-000,71,1,0.1,0.9999982118606567,1,0.3967806398868561
detected,BraTS-GLI-01237-000,71,1,0.2,0.9999933242797852,1,0.39440760016441345
detected,BraTS-GLI-01237-000,71,1,0.3,0.999974250793457,1,0.39135271310806274
detected,BraTS-GLI-01237-000,71,1,0.4,0.9999006986618042,1,0.38724425435066223
detected,BraTS-GLI-01237-000,71,1,0.5,0.9996174573898315,1,0.381477952003479
detected,BraTS-GLI-01237-000,71,1,0.6,0.9985285997390747,1,0.3730292320251465
detected,BraTS-GLI-01237-000,71,1,0.7,0.9943566918373108,1,0.3600332736968994
detected,BraTS-GLI-01237-000,71,1,0.8,0.9786102771759033,1,0.338792622089386
detected,BraTS-GLI-01237-000,71,1,0.9,0.9223566651344299,1,0.3017895221710205
detected,BraTS-GLI-01237-000,71,1,1.0,0.7889664173126221,1,0.23843809962272644
detected,BraTS-GLI-01237-000,70,1,0.0,1.0,1,0.44658082723617554
detected,BraTS-GLI-01237-000,70,1,0.1,1.0,1,0.4437873065471649
detected,BraTS-GLI-01237-000,70,1,0.2,0.9999997615814209,1,0.4405113458633423
detected,BraTS-GLI-01237-000,70,1,0.3,0.9999986886978149,1,0.436597615480423
detected,BraTS-GLI-01237-000,70,1,0.4,0.9999926090240479,1,0.43179988861083984
detected,BraTS-GLI-01237-000,70,1,0.5,0.99996018409729,1,0.4256923198699951
detected,BraTS-GLI-01237-000,70,1,0.6,0.9997848868370056,1,0.4174734950065613
detected,BraTS-GLI-01237-000,70,1,0.7,0.9988375306129456,1,0.40550896525382996
detected,BraTS-GLI-01237-000,70,1,0.8,0.9937456846237183,1,0.386121541261673
detected,BraTS-GLI-01237-000,70,1,0.9,0.9670867323875427,1,0.35055649280548096
detected,BraTS-GLI-01237-000,70,1,1.0,0.8466104865074158,1,0.2839861214160919
detected,BraTS-GLI-01059-000,6,1,0.0,1.0,1,0.3210858106613159
detected,BraTS-GLI-01059-000,6,1,0.1,1.0,1,0.32085371017456055
detected,BraTS-GLI-01059-000,6,1,0.2,0.9999997615814209,1,0.32059594988822937
detected,BraTS-GLI-01059-000,6,1,0.3,0.9999988079071045,1,0.3203076720237732
detected,BraTS-GLI-01059-000,6,1,0.4,0.9999938011169434,1,0.3199787735939026
detected,BraTS-GLI-01059-000,6,1,0.5,0.9999686479568481,1,0.31958863139152527
detected,BraTS-GLI-01059-000,6,1,0.6,0.9998400211334229,1,0.31908756494522095
detected,BraTS-GLI-01059-000,6,1,0.7,0.9991851449012756,1,0.31834328174591064
detected,BraTS-GLI-01059-000,6,1,0.8,0.9958600401878357,1,0.3170895576477051
detected,BraTS-GLI-01059-000,6,1,0.9,0.9792486429214478,1,0.3155611455440521
detected,BraTS-GLI-01059-000,6,1,1.0,0.9208127856254578,1,0.32060736417770386
detected,BraTS-GLI-01003-000,31,1,0.0,1.0,1,0.3815654218196869
detected,BraTS-GLI-01003-000,31,1,0.1,1.0,1,0.3827274441719055
detected,BraTS-GLI-01003-000,31,1,0.2,1.0,1,0.3839954733848572
detected,BraTS-GLI-01003-000,31,1,0.3,1.0,1,0.38538694381713867
detected,BraTS-GLI-01003-000,31,1,0.4,0.9999997615814209,1,0.38693732023239136
detected,BraTS-GLI-01003-000,31,1,0.5,0.9999983310699463,1,0.38872167468070984
detected,BraTS-GLI-01003-000,31,1,0.6,0.999987006187439,1,0.39089691638946533
detected,BraTS-GLI-01003-000,31,1,0.7,0.9999008178710938,1,0.39378246665000916
detected,BraTS-GLI-01003-000,31,1,0.8,0.9992433786392212,1,0.3979819416999817
detected,BraTS-GLI-01003-000,31,1,0.9,0.9942560791969299,1,0.404458224773407
detected,BraTS-GLI-01003-000,31,1,1.0,0.9583069682121277,1,0.41424137353897095
detected,BraTS-GLI-00133-000,8,1,0.0,0.999932050704956,1,0.37546539306640625
detected,BraTS-GLI-00133-000,8,1,0.1,0.9998375177383423,1,0.37473902106285095
detected,BraTS-GLI-00133-000,8,1,0.2,0.9996117949485779,1,0.37360888719558716
detected,BraTS-GLI-00133-000,8,1,0.3,0.9990723133087158,1,0.37185391783714294
detected,BraTS-GLI-00133-000,8,1,0.4,0.9977849721908569,1,0.3691110610961914
detected,BraTS-GLI-00133-000,8,1,0.5,0.9947205781936646,1,0.3647680878639221
detected,BraTS-GLI-00133-000,8,1,0.6,0.9874699115753174,1,0.35777193307876587
detected,BraTS-GLI-00133-000,8,1,0.7,0.9705560207366943,1,0.3463100790977478
detected,BraTS-GLI-00133-000,8,1,0.8,0.9323747158050537,1,0.32745084166526794
detected,BraTS-GLI-00133-000,8,1,0.9,0.8522206544876099,1,0.29792529344558716
detected,BraTS-GLI-00133-000,8,1,1.0,0.7069252133369446,1,0.2645353078842163
detected,BraTS-GLI-01003-000,21,1,0.0,1.0,1,0.24970510601997375
detected,BraTS-GLI-01003-000,21,1,0.1,1.0,1,0.25076645612716675
detected,BraTS-GLI-01003-000,21,1,0.2,1.0,1,0.25210335850715637
detected,BraTS-GLI-01003-000,21,1,0.3,0.9999996423721313,1,0.2538250684738159
detected,BraTS-GLI-01003-000,21,1,0.4,0.9999980926513672,1,0.25610312819480896
detected,BraTS-GLI-01003-000,21,1,0.5,0.9999871253967285,1,0.25922268629074097
detected,BraTS-GLI-01003-000,21,1,0.6,0.999915361404419,1,0.26369625329971313
detected,BraTS-GLI-01003-000,21,1,0.7,0.9994451403617859,1,0.27055564522743225
detected,BraTS-GLI-01003-000,21,1,0.8,0.9963696002960205,1,0.28222978115081787
detected,BraTS-GLI-01003-000,21,1,0.9,0.977519154548645,1,0.30552905797958374
detected,BraTS-GLI-01003-000,21,1,1.0,0.8765575289726257,1,0.36139434576034546
detected,BraTS-GLI-00274-000,13,1,0.0,1.0,1,0.13793107867240906
detected,BraTS-GLI-00274-000,13,1,0.1,1.0,1,0.1381058543920517
detected,BraTS-GLI-00274-000,13,1,0.2,1.0,1,0.13825300335884094
detected,BraTS-GLI-00274-000,13,1,0.3,1.0,1,0.13833825290203094
detected,BraTS-GLI-00274-000,13,1,0.4,0.9999998807907104,1,0.1383092701435089
detected,BraTS-GLI-00274-000,13,1,0.5,0.999998927116394,1,0.13808216154575348
detected,BraTS-GLI-00274-000,13,1,0.6,0.9999904632568359,1,0.1375117003917694
detected,BraTS-GLI-00274-000,13,1,0.7,0.9999179840087891,1,0.13633115589618683
detected,BraTS-GLI-00274-000,13,1,0.8,0.9992914199829102,1,0.13402292132377625
detected,BraTS-GLI-00274-000,13,1,0.9,0.9939087629318237,1,0.12945419549942017
detected,BraTS-GLI-00274-000,13,1,1.0,0.9496978521347046,1,0.1200583428144455
detected,BraTS-GLI-01003-000,15,1,0.0,1.0,1,0.2199927419424057
detected,BraTS-GLI-01003-000,15,1,0.1,1.0,1,0.22086165845394135
detected,BraTS-GLI-01003-000,15,1,0.2,1.0,1,0.2219802439212799
detected,BraTS-GLI-01003-000,15,1,0.3,1.0,1,0.22345669567584991
detected,BraTS-GLI-01003-000,15,1,0.4,0.9999996423721313,1,0.22546233236789703
detected,BraTS-GLI-01003-000,15,1,0.5,0.9999973773956299,1,0.2282790094614029
detected,BraTS-GLI-01003-000,15,1,0.6,0.9999775886535645,1,0.2323974370956421
detected,BraTS-GLI-01003-000,15,1,0.7,0.9998119473457336,1,0.2387668490409851
detected,BraTS-GLI-01003-000,15,1,0.8,0.9984240531921387,1,0.24961668252944946
detected,BraTS-GLI-01003-000,15,1,0.9,0.9869306087493896,1,0.2718912661075592
detected,BraTS-GLI-01003-000,15,1,1.0,0.9071847796440125,1,0.33194684982299805
detected,BraTS-GLI-00159-000,3,1,0.0,1.0,1,0.048411332070827484
detected,BraTS-GLI-00159-000,3,1,0.1,1.0,1,0.048289135098457336
detected,BraTS-GLI-00159-000,3,1,0.2,0.9999997615814209,1,0.048121821135282516
detected,BraTS-GLI-00159-000,3,1,0.3,0.9999988079071045,1,0.04787042737007141
detected,BraTS-GLI-00159-000,3,1,0.4,0.9999935626983643,1,0.04746850207448006
detected,BraTS-GLI-00159-000,3,1,0.5,0.9999666213989258,1,0.04680775851011276
detected,BraTS-GLI-00159-000,3,1,0.6,0.9998272061347961,1,0.04572567343711853
detected,BraTS-GLI-00159-000,3,1,0.7,0.9991058707237244,1,0.04402214288711548
detected,BraTS-GLI-00159-000,3,1,0.8,0.9953889846801758,1,0.04159136116504669
detected,BraTS-GLI-00159-000,3,1,0.9,0.9860495924949646,1,0.03886749595403671
detected,BraTS-GLI-00159-000,3,1,1.0,0.9647355079650879,1,0.03795377537608147
detected,BraTS-GLI-01498-000,61,1,0.0,4.665679114168597e-07,0,8.538874496366589e-09
detected,BraTS-GLI-01498-000,61,1,0.1,2.2806630113336723e-06,0,4.1677093776115726e-08
detected,BraTS-GLI-01498-000,61,1,0.2,1.1148176781716757e-05,0,2.0542077550089743e-07
detected,BraTS-GLI-01498-000,61,1,0.3,5.449185846373439e-05,0,1.0233261491521262e-06
detected,BraTS-GLI-01498-000,61,1,0.4,0.00026630947832018137,0,5.157060058991192e-06
detected,BraTS-GLI-01498-000,61,1,0.5,0.001300422940403223,0,2.6315241484553553e-05
detected,BraTS-GLI-01498-000,61,1,0.6,0.007067358121275902,0,0.00013605815183836967
detected,BraTS-GLI-01498-000,61,1,0.7,0.03799402713775635,0,0.0007122539100237191
detected,BraTS-GLI-01498-000,61,1,0.8,0.17975500226020813,0,0.0037455481942743063
detected,BraTS-GLI-01498-000,61,1,0.9,0.5487388372421265,1,0.01902977004647255
detected,BraTS-GLI-01498-000,61,1,1.0,0.8709247708320618,1,0.08310839533805847
detected,BraTS-GLI-00537-000,4,1,0.0,1.0,1,0.19346123933792114
detected,BraTS-GLI-00537-000,4,1,0.1,1.0,1,0.1935436874628067
detected,BraTS-GLI-00537-000,4,1,0.2,1.0,1,0.19365273416042328
detected,BraTS-GLI-00537-000,4,1,0.3,1.0,1,0.19379879534244537
detected,BraTS-GLI-00537-000,4,1,0.4,1.0,1,0.19399860501289368
detected,BraTS-GLI-00537-000,4,1,0.5,1.0,1,0.1942819207906723
detected,BraTS-GLI-00537-000,4,1,0.6,1.0,1,0.19471082091331482
detected,BraTS-GLI-00537-000,4,1,0.7,1.0,1,0.19545084238052368
detected,BraTS-GLI-00537-000,4,1,0.8,0.9999994039535522,1,0.19713380932807922
detected,BraTS-GLI-00537-000,4,1,0.9,0.9999693632125854,1,0.20326203107833862
detected,BraTS-GLI-00537-000,4,1,1.0,0.9987214207649231,1,0.23702776432037354
detected,BraTS-GLI-01339-000,3,1,0.0,0.9999681711196899,1,0.0031256682705134153
detected,BraTS-GLI-01339-000,3,1,0.1,0.9999344348907471,1,0.0035570531617850065
detected,BraTS-GLI-01339-000,3,1,0.2,0.9998646974563599,1,0.004068517126142979
detected,BraTS-GLI-01339-000,3,1,0.3,0.9997207522392273,1,0.004681245423853397
detected,BraTS-GLI-01339-000,3,1,0.4,0.9994242191314697,1,0.0054267835803329945
detected,BraTS-GLI-01339-000,3,1,0.5,0.9988125562667847,1,0.006355640012770891
detected,BraTS-GLI-01339-000,3,1,0.6,0.9975529313087463,1,0.007554435171186924
detected,BraTS-GLI-01339-000,3,1,0.7,0.9949641227722168,1,0.00918237678706646
detected,BraTS-GLI-01339-000,3,1,0.8,0.989664614200592,1,0.011558432132005692
detected,BraTS-GLI-01339-000,3,1,0.9,0.9801070690155029,1,0.015425323508679867
detected,BraTS-GLI-01339-000,3,1,1.0,0.9703375697135925,1,0.022971024736762047
detected,BraTS-GLI-01294-000,5,1,0.0,0.9570308327674866,1,0.0016551456646993756
detected,BraTS-GLI-01294-000,5,1,0.1,0.9547789096832275,1,0.0024794640485197306
detected,BraTS-GLI-01294-000,5,1,0.2,0.9571337103843689,1,0.0038227003533393145
detected,BraTS-GLI-01294-000,5,1,0.3,0.9609118700027466,1,0.006053745746612549
detected,BraTS-GLI-01294-000,5,1,0.4,0.9643694162368774,1,0.009770633652806282
detected,BraTS-GLI-01294-000,5,1,0.5,0.9675314426422119,1,0.015827862545847893
detected,BraTS-GLI-01294-000,5,1,0.6,0.970421552658081,1,0.025191321969032288
detected,BraTS-GLI-01294-000,5,1,0.7,0.9730614423751831,1,0.038713593035936356
detected,BraTS-GLI-01294-000,5,1,0.8,0.9754717350006104,1,0.05789992958307266
detected,BraTS-GLI-01294-000,5,1,0.9,0.9776713848114014,1,0.0892229899764061
detected,BraTS-GLI-01294-000,5,1,1.0,0.9796778559684753,1,0.15975143015384674
detected,BraTS-GLI-00686-000,13,1,0.0,0.9999657869338989,1,0.12878064811229706
detected,BraTS-GLI-00686-000,13,1,0.1,0.9999157190322876,1,0.12821443378925323
detected,BraTS-GLI-00686-000,13,1,0.2,0.9997929930686951,1,0.12763693928718567
detected,BraTS-GLI-00686-000,13,1,0.3,0.9994910955429077,1,0.127049058675766
detected,BraTS-GLI-00686-000,13,1,0.4,0.9987738728523254,1,0.12644462287425995
detected,BraTS-GLI-00686-000,13,1,0.5,0.9974560141563416,1,0.12580788135528564
detected,BraTS-GLI-00686-000,13,1,0.6,0.9947291016578674,1,0.12512224912643433
detected,BraTS-GLI-00686-000,13,1,0.7,0.9891111254692078,1,0.12442722916603088
detected,BraTS-GLI-00686-000,13,1,0.8,0.97763991355896,1,0.12402860820293427
detected,BraTS-GLI-00686-000,13,1,0.9,0.9546381831169128,1,0.12511508166790009
detected,BraTS-GLI-00686-000,13,1,1.0,0.910149335861206,1,0.13118314743041992
detected,BraTS-GLI-00184-000,8,1,0.0,0.9999997615814209,1,0.0955023393034935
detected,BraTS-GLI-00184-000,8,1,0.1,0.9999991655349731,1,0.0951656624674797
detected,BraTS-GLI-00184-000,8,1,0.2,0.9999969005584717,1,0.09479649364948273
detected,BraTS-GLI-00184-000,8,1,0.3,0.9999878406524658,1,0.09434526413679123
detected,BraTS-GLI-00184-000,8,1,0.4,0.999951958656311,1,0.09372477233409882
detected,BraTS-GLI-00184-000,8,1,0.5,0.9998101592063904,1,0.09279675781726837
detected,BraTS-GLI-00184-000,8,1,0.6,0.9992491602897644,1,0.09136728197336197
detected,BraTS-GLI-00184-000,8,1,0.7,0.9970359802246094,1,0.08921461552381516
detected,BraTS-GLI-00184-000,8,1,0.8,0.9883750677108765,1,0.08620209246873856
detected,BraTS-GLI-00184-000,8,1,0.9,0.9555367231369019,1,0.0826164186000824
detected,BraTS-GLI-00184-000,8,1,1.0,0.8445267081260681,1,0.08006763458251953
detected,BraTS-GLI-00378-000,3,1,0.0,1.0,1,0.0005275258445180953
detected,BraTS-GLI-00378-000,3,1,0.1,1.0,1,0.0006944433553144336
detected,BraTS-GLI-00378-000,3,1,0.2,1.0,1,0.0009148389217443764
detected,BraTS-GLI-00378-000,3,1,0.3,1.0,1,0.0012071109376847744
detected,BraTS-GLI-00378-000,3,1,0.4,0.9999998807907104,1,0.0015994749264791608
detected,BraTS-GLI-00378-000,3,1,0.5,0.9999988079071045,1,0.002142837503924966
detected,BraTS-GLI-00378-000,3,1,0.6,0.9999921321868896,1,0.002953833434730768
detected,BraTS-GLI-00378-000,3,1,0.7,0.9999533891677856,1,0.00438679801300168
detected,BraTS-GLI-00378-000,3,1,0.8,0.9997426867485046,1,0.007856765761971474
detected,BraTS-GLI-00378-000,3,1,0.9,0.9985802173614502,1,0.020391782745718956
detected,BraTS-GLI-00378-000,3,1,1.0,0.9941830039024353,1,0.07974869757890701
detected,BraTS-GLI-01391-000,3,1,0.0,1.0,1,0.0009902619058266282
detected,BraTS-GLI-01391-000,3,1,0.1,1.0,1,0.001262678299099207
detected,BraTS-GLI-01391-000,3,1,0.2,0.9999998807907104,1,0.001621374161913991
detected,BraTS-GLI-01391-000,3,1,0.3,0.9999992847442627,1,0.002111186506226659
detected,BraTS-GLI-01391-000,3,1,0.4,0.9999961853027344,1,0.0028305226005613804
detected,BraTS-GLI-01391-000,3,1,0.5,0.9999804496765137,1,0.004020662512630224
detected,BraTS-GLI-01391-000,3,1,0.6,0.9998985528945923,1,0.006261409260332584
detected,BraTS-GLI-01391-000,3,1,0.7,0.9994732737541199,1,0.0106638353317976
detected,BraTS-GLI-01391-000,3,1,0.8,0.9972688555717468,1,0.019113441929221153
detected,BraTS-GLI-01391-000,3,1,0.9,0.9895971417427063,1,0.03893795982003212
detected,BraTS-GLI-01391-000,3,1,1.0,0.9813847541809082,1,0.11268536746501923
detected,BraTS-GLI-01300-000,9,1,0.0,1.0,1,0.36846959590911865
detected,BraTS-GLI-01300-000,9,1,0.1,1.0,1,0.3687542676925659
detected,BraTS-GLI-01300-000,9,1,0.2,0.9999997615814209,1,0.3690835237503052
detected,BraTS-GLI-01300-000,9,1,0.3,0.9999984502792358,1,0.36945199966430664
detected,BraTS-GLI-01300-000,9,1,0.4,0.9999918937683105,1,0.36983391642570496
detected,BraTS-GLI-01300-000,9,1,0.5,0.9999574422836304,1,0.37015241384506226
detected,BraTS-GLI-01300-000,9,1,0.6,0.9997766613960266,1,0.3701985478401184
detected,BraTS-GLI-01300-000,9,1,0.7,0.998826801776886,1,0.3694104552268982
detected,BraTS-GLI-01300-000,9,1,0.8,0.9946383833885193,1,0.3663380444049835
detected,BraTS-GLI-01300-000,9,1,0.9,0.9777167439460754,1,0.35828328132629395
detected,BraTS-GLI-01300-000,9,1,1.0,0.9231643676757812,1,0.3492719829082489
detected,BraTS-GLI-00274-000,15,1,0.0,0.9874302744865417,1,0.02393769845366478
detected,BraTS-GLI-00274-000,15,1,0.1,0.9855573773384094,1,0.02451690286397934
detected,BraTS-GLI-00274-000,15,1,0.2,0.9834101796150208,1,0.025169428437948227
detected,BraTS-GLI-00274-000,15,1,0.3,0.9809500575065613,1,0.02590160071849823
detected,BraTS-GLI-00274-000,15,1,0.4,0.9781332015991211,1,0.026725225150585175
detected,BraTS-GLI-00274-000,15,1,0.5,0.974910318851471,1,0.02767149545252323
detected,BraTS-GLI-00274-000,15,1,0.6,0.9712264537811279,1,0.02882308140397072
detected,BraTS-GLI-00274-000,15,1,0.7,0.9670200943946838,1,0.03038504719734192
detected,BraTS-GLI-00274-000,15,1,0.8,0.9622226357460022,1,0.03283926099538803
detected,BraTS-GLI-00274-000,15,1,0.9,0.9567584991455078,1,0.03726735711097717
detected,BraTS-GLI-00274-000,15,1,1.0,0.9505446553230286,1,0.046043578535318375
detected,BraTS-GLI-00526-000,13,1,0.0,0.9999994039535522,1,0.9152187705039978
detected,BraTS-GLI-00526-000,13,1,0.1,0.9999978542327881,1,0.9137208461761475
detected,BraTS-GLI-00526-000,13,1,0.2,0.9999916553497314,1,0.9117650389671326
detected,BraTS-GLI-00526-000,13,1,0.3,0.9999668598175049,1,0.9090338945388794
detected,BraTS-GLI-00526-000,13,1,0.4,0.9998694658279419,1,0.9048845171928406
detected,BraTS-GLI-00526-000,13,1,0.5,0.9994853734970093,1,0.897921085357666
detected,BraTS-GLI-00526-000,13,1,0.6,0.9979738593101501,1,0.8849276900291443
detected,BraTS-GLI-00526-000,13,1,0.7,0.9920579791069031,1,0.8582473993301392
detected,BraTS-GLI-00526-000,13,1,0.8,0.9693989753723145,1,0.800197184085846
detected,BraTS-GLI-00526-000,13,1,0.9,0.8893070220947266,1,0.6777334213256836
detected,BraTS-GLI-00526-000,13,1,1.0,0.6707811951637268,1,0.4682178795337677
detected,BraTS-GLI-01003-000,25,1,0.0,1.0,1,0.18406422436237335
detected,BraTS-GLI-01003-000,25,1,0.1,1.0,1,0.18476523458957672
detected,BraTS-GLI-01003-000,25,1,0.2,1.0,1,0.18560107052326202
detected,BraTS-GLI-01003-000,25,1,0.3,0.9999998807907104,1,0.18659694492816925
detected,BraTS-GLI-01003-000,25,1,0.4,0.9999988079071045,1,0.18778862059116364
detected,BraTS-GLI-01003-000,25,1,0.5,0.9999909400939941,1,0.18924036622047424
detected,BraTS-GLI-01003-000,25,1,0.6,0.9999340772628784,1,0.1911008656024933
detected,BraTS-GLI-01003-000,25,1,0.7,0.9995205402374268,1,0.1937883347272873
detected,BraTS-GLI-01003-000,25,1,0.8,0.9965219497680664,1,0.19867286086082458
detected,BraTS-GLI-01003-000,25,1,0.9,0.9762518405914307,1,0.2110441029071808
detected,BraTS-GLI-01003-000,25,1,1.0,0.8705402612686157,1,0.2559053599834442
detected,BraTS-GLI-00009-001,1,1,0.0,1.0,1,0.03725780174136162
detected,BraTS-GLI-00009-001,1,1,0.1,1.0,1,0.037620704621076584
detected,BraTS-GLI-00009-001,1,1,0.2,1.0,1,0.03807741776108742
detected,BraTS-GLI-00009-001,1,1,0.3,1.0,1,0.03867170587182045
detected,BraTS-GLI-00009-001,1,1,0.4,1.0,1,0.03947533667087555
detected,BraTS-GLI-00009-001,1,1,0.5,1.0,1,0.040609270334243774
detected,BraTS-GLI-00009-001,1,1,0.6,0.9999997615814209,1,0.04230264946818352
detected,BraTS-GLI-00009-001,1,1,0.7,0.9999949932098389,1,0.045114666223526
detected,BraTS-GLI-00009-001,1,1,0.8,0.9998989105224609,1,0.05088459327816963
detected,BraTS-GLI-00009-001,1,1,0.9,0.9983944296836853,1,0.06759436428546906
detected,BraTS-GLI-00009-001,1,1,1.0,0.9835419654846191,1,0.13492044806480408
detected,BraTS-GLI-00291-000,1,1,0.0,1.0,1,0.013607291504740715
detected,BraTS-GLI-00291-000,1,1,0.1,1.0,1,0.013869225047528744
detected,BraTS-GLI-00291-000,1,1,0.2,1.0,1,0.01420734915882349
detected,BraTS-GLI-00291-000,1,1,0.3,1.0,1,0.014666386879980564
detected,BraTS-GLI-00291-000,1,1,0.4,1.0,1,0.015330253168940544
detected,BraTS-GLI-00291-000,1,1,0.5,1.0,1,0.01636769436299801
detected,BraTS-GLI-00291-000,1,1,0.6,0.9999991655349731,1,0.018149711191654205
detected,BraTS-GLI-00291-000,1,1,0.7,0.9999881982803345,1,0.021601086482405663
detected,BraTS-GLI-00291-000,1,1,0.8,0.999823272228241,1,0.02948964387178421
detected,BraTS-GLI-00291-000,1,1,0.9,0.9973523616790771,1,0.05232340097427368
detected,BraTS-GLI-00291-000,1,1,1.0,0.9691134095191956,1,0.13731259107589722
detected,BraTS-GLI-00378-000,2,1,0.0,0.9990156888961792,1,0.053356703370809555
detected,BraTS-GLI-00378-000,2,1,0.1,0.9982976317405701,1,0.05326726660132408
detected,BraTS-GLI-00378-000,2,1,0.2,0.9970571994781494,1,0.05321457237005234
detected,BraTS-GLI-00378-000,2,1,0.3,0.994917631149292,1,0.05323892459273338
detected,BraTS-GLI-00378-000,2,1,0.4,0.9912363290786743,1,0.053407952189445496
detected,BraTS-GLI-00378-000,2,1,0.5,0.9849287867546082,1,0.05383661016821861
detected,BraTS-GLI-00378-000,2,1,0.6,0.974199652671814,1,0.05472547188401222
detected,BraTS-GLI-00378-000,2,1,0.7,0.9561723470687866,1,0.056440919637680054
detected,BraTS-GLI-00378-000,2,1,0.8,0.9264994859695435,1,0.05969761312007904
detected,BraTS-GLI-00378-000,2,1,0.9,0.9042266011238098,1,0.06601730734109879
detected,BraTS-GLI-00378-000,2,1,1.0,0.8844722509384155,1,0.07899891585111618
detected,BraTS-GLI-00613-000,5,1,0.0,1.0,1,0.00892728753387928
detected,BraTS-GLI-00613-000,5,1,0.1,1.0,1,0.008658104576170444
detected,BraTS-GLI-00613-000,5,1,0.2,1.0,1,0.008379886858165264
detected,BraTS-GLI-00613-000,5,1,0.3,1.0,1,0.008099468424916267
detected,BraTS-GLI-00613-000,5,1,0.4,0.9999996423721313,1,0.00783134251832962
detected,BraTS-GLI-00613-000,5,1,0.5,0.9999969005584717,1,0.007606483064591885
detected,BraTS-GLI-00613-000,5,1,0.6,0.999976634979248,1,0.007496178150177002
detected,BraTS-GLI-00613-000,5,1,0.7,0.9998410940170288,1,0.007689984980970621
detected,BraTS-GLI-00613-000,5,1,0.8,0.9989432692527771,1,0.008791841566562653
detected,BraTS-GLI-00613-000,5,1,0.9,0.9930083751678467,1,0.013285034336149693
detected,BraTS-GLI-00613-000,5,1,1.0,0.9552368521690369,1,0.03619714826345444
detected,BraTS-GLI-01003-000,14,1,0.0,0.9998769760131836,1,0.15440332889556885
detected,BraTS-GLI-01003-000,14,1,0.1,0.9997691512107849,1,0.15776783227920532
detected,BraTS-GLI-01003-000,14,1,0.2,0.9995667338371277,1,0.16171404719352722
detected,BraTS-GLI-01003-000,14,1,0.3,0.999187171459198,1,0.16652755439281464
detected,BraTS-GLI-01003-000,14,1,0.4,0.9984752535820007,1,0.1726999282836914
detected,BraTS-GLI-01003-000,14,1,0.5,0.9971415400505066,1,0.18102046847343445
detected,BraTS-GLI-01003-000,14,1,0.6,0.9946478009223938,1,0.19263379275798798
detected,BraTS-GLI-01003-000,14,1,0.7,0.990000307559967,1,0.20903441309928894
detected,BraTS-GLI-01003-000,14,1,0.8,0.9813925623893738,1,0.2322690188884735
detected,BraTS-GLI-01003-000,14,1,0.9,0.9708894491195679,1,0.26601141691207886
detected,BraTS-GLI-01003-000,14,1,1.0,0.9601961970329285,1,0.3178713917732239
detected,BraTS-GLI-00694-001,1,1,0.0,1.0,1,0.029338667169213295
detected,BraTS-GLI-00694-001,1,1,0.1,1.0,1,0.029304610565304756
detected,BraTS-GLI-00694-001,1,1,0.2,1.0,1,0.029260562732815742
detected,BraTS-GLI-00694-001,1,1,0.3,0.9999998807907104,1,0.029198184609413147
detected,BraTS-GLI-00694-001,1,1,0.4,0.9999992847442627,1,0.029102344065904617
detected,BraTS-GLI-00694-001,1,1,0.5,0.999995231628418,1,0.028948072344064713
detected,BraTS-GLI-00694-001,1,1,0.6,0.999969482421875,1,0.028707288205623627
detected,BraTS-GLI-00694-001,1,1,0.7,0.9998026490211487,1,0.0284283384680748
detected,BraTS-GLI-00694-001,1,1,0.8,0.9987241625785828,1,0.028772329911589622
detected,BraTS-GLI-00694-001,1,1,0.9,0.9920083284378052,1,0.03436245024204254
detected,BraTS-GLI-00694-001,1,1,1.0,0.9521083831787109,1,0.07252005487680435
detected,BraTS-GLI-00613-000,1,1,0.0,1.0,1,0.027271514758467674
detected,BraTS-GLI-00613-000,1,1,0.1,1.0,1,0.026952410116791725
detected,BraTS-GLI-00613-000,1,1,0.2,1.0,1,0.026610083878040314
detected,BraTS-GLI-00613-000,1,1,0.3,1.0,1,0.026247955858707428
detected,BraTS-GLI-00613-000,1,1,0.4,0.9999998807907104,1,0.02587648294866085
detected,BraTS-GLI-00613-000,1,1,0.5,0.9999990463256836,1,0.025523116812109947
detected,BraTS-GLI-00613-000,1,1,0.6,0.9999899864196777,1,0.02526099607348442
detected,BraTS-GLI-00613-000,1,1,0.7,0.999901533126831,1,0.025309458374977112
detected,BraTS-GLI-00613-000,1,1,0.8,0.9992362260818481,1,0.026483820751309395
detected,BraTS-GLI-00613-000,1,1,0.9,0.9946390986442566,1,0.032769523561000824
detected,BraTS-GLI-00613-000,1,1,1.0,0.9698492288589478,1,0.06832712888717651
detected,BraTS-GLI-00814-000,2,1,0.0,1.0,1,0.49961477518081665
detected,BraTS-GLI-00814-000,2,1,0.1,1.0,1,0.5002699494361877
detected,BraTS-GLI-00814-000,2,1,0.2,1.0,1,0.5010977983474731
detected,BraTS-GLI-00814-000,2,1,0.3,0.9999998807907104,1,0.5021420121192932
detected,BraTS-GLI-00814-000,2,1,0.4,0.9999995231628418,1,0.5034440159797668
detected,BraTS-GLI-00814-000,2,1,0.5,0.9999972581863403,1,0.5050255656242371
detected,BraTS-GLI-00814-000,2,1,0.6,0.9999828338623047,1,0.5068464279174805
detected,BraTS-GLI-00814-000,2,1,0.7,0.9998906850814819,1,0.5087112784385681
detected,BraTS-GLI-00814-000,2,1,0.8,0.999306321144104,1,0.5101529955863953
detected,BraTS-GLI-00814-000,2,1,0.9,0.9956114888191223,1,0.511074960231781
detected,BraTS-GLI-00814-000,2,1,1.0,0.9732295274734497,1,0.5181287527084351
detected,BraTS-GLI-00156-000,2,1,0.0,0.9999812841415405,1,0.07872284948825836
detected,BraTS-GLI-00156-000,2,1,0.1,0.9999613761901855,1,0.07830855250358582
detected,BraTS-GLI-00156-000,2,1,0.2,0.9999203681945801,1,0.07788684964179993
detected,BraTS-GLI-00156-000,2,1,0.3,0.9998359680175781,1,0.0774623453617096
detected,BraTS-GLI-00156-000,2,1,0.4,0.9996621608734131,1,0.0770447850227356
detected,BraTS-GLI-00156-000,2,1,0.5,0.9993044137954712,1,0.07665863633155823
detected,BraTS-GLI-00156-000,2,1,0.6,0.9985682964324951,1,0.07636522501707077
detected,BraTS-GLI-00156-000,2,1,0.7,0.9970555305480957,1,0.07630927860736847
detected,BraTS-GLI-00156-000,2,1,0.8,0.9939540028572083,1,0.07681148499250412
detected,BraTS-GLI-00156-000,2,1,0.9,0.9876260161399841,1,0.0785597562789917
detected,BraTS-GLI-00156-000,2,1,1.0,0.9748424291610718,1,0.0830485001206398
detected,BraTS-GLI-01218-000,1,1,0.0,1.0,1,0.12762312591075897
detected,BraTS-GLI-01218-000,1,1,0.1,1.0,1,0.1275457739830017
detected,BraTS-GLI-01218-000,1,1,0.2,1.0,1,0.12748201191425323
detected,BraTS-GLI-01218-000,1,1,0.3,1.0,1,0.12744350731372833
detected,BraTS-GLI-01218-000,1,1,0.4,1.0,1,0.12744677066802979
detected,BraTS-GLI-01218-000,1,1,0.5,1.0,1,0.12751545011997223
detected,BraTS-GLI-01218-000,1,1,0.6,0.9999998807907104,1,0.12769785523414612
detected,BraTS-GLI-01218-000,1,1,0.7,0.9999974966049194,1,0.12816956639289856
detected,BraTS-GLI-01218-000,1,1,0.8,0.9999538660049438,1,0.1297796070575714
detected,BraTS-GLI-01218-000,1,1,0.9,0.9993112087249756,1,0.1372382491827011
detected,BraTS-GLI-01218-000,1,1,1.0,0.9898031949996948,1,0.18003186583518982
detected,BraTS-GLI-01059-000,3,1,0.0,0.9999966621398926,1,0.005379224196076393
detected,BraTS-GLI-01059-000,3,1,0.1,0.9999901056289673,1,0.005774911027401686
detected,BraTS-GLI-01059-000,3,1,0.2,0.9999715089797974,1,0.006307999603450298
detected,BraTS-GLI-01059-000,3,1,0.3,0.9999173879623413,1,0.007038259878754616
detected,BraTS-GLI-01059-000,3,1,0.4,0.9997605681419373,1,0.008070023730397224
detected,BraTS-GLI-01059-000,3,1,0.5,0.9993140697479248,1,0.009606189094483852
detected,BraTS-GLI-01059-000,3,1,0.6,0.9980666041374207,1,0.012072783894836903
detected,BraTS-GLI-01059-000,3,1,0.7,0.9945628046989441,1,0.016408530995249748
detected,BraTS-GLI-01059-000,3,1,0.8,0.9851704239845276,1,0.025117134675383568
detected,BraTS-GLI-01059-000,3,1,0.9,0.9756331443786621,1,0.04771531745791435
detected,BraTS-GLI-01059-000,3,1,1.0,0.9670229554176331,1,0.12551499903202057
detected,BraTS-GLI-01296-000,2,1,0.0,0.9999998807907104,1,0.03964240103960037
detected,BraTS-GLI-01296-000,2,1,0.1,0.9999996423721313,1,0.039235182106494904
detected,BraTS-GLI-01296-000,2,1,0.2,0.9999985694885254,1,0.03876534476876259
detected,BraTS-GLI-01296-000,2,1,0.3,0.9999936819076538,1,0.03822706267237663
detected,BraTS-GLI-01296-000,2,1,0.4,0.9999715089797974,1,0.037618450820446014
detected,BraTS-GLI-01296-000,2,1,0.5,0.9998719692230225,1,0.03694258630275726
detected,BraTS-GLI-01296-000,2,1,0.6,0.9994237422943115,1,0.036208249628543854
detected,BraTS-GLI-01296-000,2,1,0.7,0.9980633854866028,1,0.035444583743810654
detected,BraTS-GLI-01296-000,2,1,0.8,0.9939456582069397,1,0.03479862958192825
detected,BraTS-GLI-01296-000,2,1,0.9,0.9812366962432861,1,0.034922391176223755
detected,BraTS-GLI-01296-000,2,1,1.0,0.94336998462677,1,0.038071975111961365
detected,BraTS-GLI-00156-000,3,1,0.0,1.0,1,0.08868877589702606
detected,BraTS-GLI-00156-000,3,1,0.1,1.0,1,0.08818753808736801
detected,BraTS-GLI-00156-000,3,1,0.2,0.9999998807907104,1,0.08767420798540115
detected,BraTS-GLI-00156-000,3,1,0.3,0.9999995231628418,1,0.08715731650590897
detected,BraTS-GLI-00156-000,3,1,0.4,0.9999973773956299,1,0.08664865046739578
detected,BraTS-GLI-00156-000,3,1,0.5,0.9999842643737793,1,0.08616531640291214
detected,BraTS-GLI-00156-000,3,1,0.6,0.9999076128005981,1,0.08573535829782486
detected,BraTS-GLI-00156-000,3,1,0.7,0.9994568228721619,1,0.08541618287563324
detected,BraTS-GLI-00156-000,3,1,0.8,0.9968138337135315,1,0.08535309135913849
detected,BraTS-GLI-00156-000,3,1,0.9,0.981547474861145,1,0.08596504479646683
detected,BraTS-GLI-00156-000,3,1,1.0,0.9236647486686707,1,0.08853252977132797
detected,BraTS-GLI-00686-000,12,1,0.0,1.0,1,0.4238147735595703
detected,BraTS-GLI-00686-000,12,1,0.1,0.9999998807907104,1,0.42133328318595886
detected,BraTS-GLI-00686-000,12,1,0.2,0.9999996423721313,1,0.41815510392189026
detected,BraTS-GLI-00686-000,12,1,0.3,0.9999984502792358,1,0.4139344394207001
detected,BraTS-GLI-00686-000,12,1,0.4,0.9999922513961792,1,0.408084511756897
detected,BraTS-GLI-00686-000,12,1,0.5,0.999962329864502,1,0.3995780944824219
detected,BraTS-GLI-00686-000,12,1,0.6,0.999817430973053,1,0.38659608364105225
detected,BraTS-GLI-00686-000,12,1,0.7,0.9991139769554138,1,0.36601996421813965
detected,BraTS-GLI-00686-000,12,1,0.8,0.9969782829284668,1,0.33319830894470215
detected,BraTS-GLI-00686-000,12,1,0.9,0.9906842708587646,1,0.28395071625709534
detected,BraTS-GLI-00686-000,12,1,1.0,0.9769880771636963,1,0.22217190265655518
G2A,BraTS-GLI-01304-000,3,1,0.0,9.580685400578659e-06,0,1.0758942892152845e-07
G2A,BraTS-GLI-01304-000,3,1,0.1,3.0840204999549314e-05,0,4.2678962586251146e-07
G2A,BraTS-GLI-01304-000,3,1,0.2,9.927004430210218e-05,0,1.714525637908082e-06
G2A,BraTS-GLI-01304-000,3,1,0.3,0.0003194870369043201,0,6.985802883718861e-06
G2A,BraTS-GLI-01304-000,3,1,0.4,0.0010277227265760303,0,2.89198196696816e-05
G2A,BraTS-GLI-01304-000,3,1,0.5,0.003404787974432111,0,0.00012186781532363966
G2A,BraTS-GLI-01304-000,3,1,0.6,0.014413983561098576,0,0.0005233222036622465
G2A,BraTS-GLI-01304-000,3,1,0.7,0.05891641601920128,0,0.0022824553307145834
G2A,BraTS-GLI-01304-000,3,1,0.8,0.21135325729846954,0,0.009911006316542625
G2A,BraTS-GLI-01304-000,3,1,0.9,0.53428053855896,1,0.04061492905020714
G2A,BraTS-GLI-01304-000,3,1,1.0,0.8308218717575073,1,0.14970184862613678
G2A,BraTS-GLI-00087-001,3,1,0.0,5.543249426409602e-05,0,6.210669312167738e-07
G2A,BraTS-GLI-00087-001,3,1,0.1,0.00018303084652870893,0,2.1679345536540495e-06
G2A,BraTS-GLI-00087-001,3,1,0.2,0.0006041672895662487,0,7.631474545632955e-06
G2A,BraTS-GLI-00087-001,3,1,0.3,0.0019923655781894922,0,2.7119625883642584e-05
G2A,BraTS-GLI-00087-001,3,1,0.4,0.006549334619194269,0,9.73891801550053e-05
G2A,BraTS-GLI-00087-001,3,1,0.5,0.02130657434463501,0,0.0003535849100444466
G2A,BraTS-GLI-00087-001,3,1,0.6,0.06707052141427994,0,0.0012956698192283511
G2A,BraTS-GLI-00087-001,3,1,0.7,0.19186024367809296,0,0.004751632455736399
G2A,BraTS-GLI-00087-001,3,1,0.8,0.4394608438014984,0,0.017028233036398888
G2A,BraTS-GLI-00087-001,3,1,0.9,0.7213699817657471,1,0.05729752779006958
G2A,BraTS-GLI-00087-001,3,1,1.0,0.8952836394309998,1,0.17274634540081024
G2A,BraTS-GLI-00725-000,5,1,0.0,0.0002301639033248648,0,1.672507288219549e-08
G2A,BraTS-GLI-00725-000,5,1,0.1,0.0004995986237190664,0,7.23850348549604e-08
G2A,BraTS-GLI-00725-000,5,1,0.2,0.0010956127662211657,0,3.171585092331952e-07
G2A,BraTS-GLI-00725-000,5,1,0.3,0.002400957513600588,0,1.4094487141846912e-06
G2A,BraTS-GLI-00725-000,5,1,0.4,0.005253346171230078,0,6.367887635860825e-06
G2A,BraTS-GLI-00725-000,5,1,0.5,0.011455521918833256,0,2.9342216294026002e-05
G2A,BraTS-GLI-00725-000,5,1,0.6,0.024797555059194565,0,0.00013850147661287338
G2A,BraTS-GLI-00725-000,5,1,0.7,0.05284803360700607,0,0.0006738417432643473
G2A,BraTS-GLI-00725-000,5,1,0.8,0.11069352924823761,0,0.003405411960557103
G2A,BraTS-GLI-00725-000,5,1,0.9,0.2261200249195099,0,0.017950182780623436
G2A,BraTS-GLI-00725-000,5,1,1.0,0.5365517735481262,1,0.0955084040760994
G2A,BraTS-GLI-00540-000,1,1,0.0,8.348269631142102e-09,0,4.0345606855396454e-09
G2A,BraTS-GLI-00540-000,1,1,0.1,4.216303750581574e-08,0,2.0925227772750077e-08
G2A,BraTS-GLI-00540-000,1,1,0.2,2.129444851561857e-07,0,1.0948846096425768e-07
G2A,BraTS-GLI-00540-000,1,1,0.3,1.0754757795439218e-06,0,5.781390655101859e-07
G2A,BraTS-GLI-00540-000,1,1,0.4,5.431674708233913e-06,0,3.081805743931909e-06
G2A,BraTS-GLI-00540-000,1,1,0.5,2.7432135539129376e-05,0,1.6589478036621585e-05
G2A,BraTS-GLI-00540-000,1,1,0.6,0.00014220441516954452,0,9.020791912917048e-05
G2A,BraTS-GLI-00540-000,1,1,0.7,0.0007428210810758173,0,0.0004955357289873064
G2A,BraTS-GLI-00540-000,1,1,0.8,0.003870392916724086,0,0.0027465971652418375
G2A,BraTS-GLI-00540-000,1,1,0.9,0.01990399695932865,0,0.015231288969516754
G2A,BraTS-GLI-00540-000,1,1,1.0,0.09596028178930283,0,0.08058348298072815
G2A,BraTS-GLI-01469-000,6,1,0.0,1.499495283496799e-07,0,5.580477591138333e-08
G2A,BraTS-GLI-01469-000,6,1,0.1,6.921541739757231e-07,0,2.1548127904225112e-07
G2A,BraTS-GLI-01469-000,6,1,0.2,3.2100329008244444e-06,0,8.451630719719105e-07
G2A,BraTS-GLI-01469-000,6,1,0.3,1.4887196812196635e-05,0,3.3746669032552745e-06
G2A,BraTS-GLI-01469-000,6,1,0.4,6.903942266944796e-05,0,1.3752089216723107e-05
G2A,BraTS-GLI-01469-000,6,1,0.5,0.00032010808354243636,0,5.7357039622729644e-05
G2A,BraTS-GLI-01469-000,6,1,0.6,0.0015047774650156498,0,0.0002456071088090539
G2A,BraTS-GLI-01469-000,6,1,0.7,0.007091796491295099,0,0.0010828034719452262
G2A,BraTS-GLI-01469-000,6,1,0.8,0.032742347568273544,0,0.004912178497761488
G2A,BraTS-GLI-01469-000,6,1,0.9,0.13825133442878723,0,0.02257167547941208
G2A,BraTS-GLI-01469-000,6,1,1.0,0.4319288730621338,0,0.09863174706697464
G2A,BraTS-GLI-01296-000,7,1,0.0,2.443983078137535e-07,0,4.223405980496864e-08
G2A,BraTS-GLI-01296-000,7,1,0.1,1.1746567452064482e-06,0,1.9706125442553457e-07
G2A,BraTS-GLI-01296-000,7,1,0.2,5.645747478411067e-06,0,9.289234412790393e-07
G2A,BraTS-GLI-01296-000,7,1,0.3,2.7134743504575454e-05,0,4.4249618440517224e-06
G2A,BraTS-GLI-01296-000,7,1,0.4,0.00013040483463555574,0,2.1303323592292145e-05
G2A,BraTS-GLI-01296-000,7,1,0.5,0.0006264570984058082,0,0.00010364360059611499
G2A,BraTS-GLI-01296-000,7,1,0.6,0.0030230828560888767,0,0.0005090467748232186
G2A,BraTS-GLI-01296-000,7,1,0.7,0.01609640195965767,0,0.0025116191245615482
G2A,BraTS-GLI-01296-000,7,1,0.8,0.08110599219799042,0,0.012172611430287361
G2A,BraTS-GLI-01296-000,7,1,0.9,0.32258981466293335,0,0.05337328091263771
G2A,BraTS-GLI-01296-000,7,1,1.0,0.7198308706283569,1,0.1809079796075821
G2A,BraTS-GLI-01296-000,9,1,0.0,9.020722672526196e-14,0,1.6751591433439295e-11
G2A,BraTS-GLI-01296-000,9,1,0.1,1.4458615511456219e-12,0,9.075437623629057e-11
G2A,BraTS-GLI-01296-000,9,1,0.2,2.3174502247758078e-11,0,5.138493519574183e-10
G2A,BraTS-GLI-01296-000,9,1,0.3,3.7144540221412115e-10,0,3.103891810241066e-09
G2A,BraTS-GLI-01296-000,9,1,0.4,5.953598503083413e-09,0,2.0624636221100445e-08
G2A,BraTS-GLI-01296-000,9,1,0.5,9.54254133489485e-08,0,1.5671560049668187e-07
G2A,BraTS-GLI-01296-000,9,1,0.6,1.5294917830033228e-06,0,1.406843693985138e-06
G2A,BraTS-GLI-01296-000,9,1,0.7,2.451444925100077e-05,0,1.4989629562478513e-05
G2A,BraTS-GLI-01296-000,9,1,0.8,0.0003927774087060243,0,0.00018433009972795844
G2A,BraTS-GLI-01296-000,9,1,0.9,0.006258575711399317,0,0.0025054560974240303
G2A,BraTS-GLI-01296-000,9,1,1.0,0.09168970584869385,0,0.03486727178096771
G2A,BraTS-GLI-01418-000,35,1,0.0,7.828778620933008e-07,0,0.007409874815493822
G2A,BraTS-GLI-01418-000,35,1,0.1,3.600516720325686e-06,0,0.007584394421428442
G2A,BraTS-GLI-01418-000,35,1,0.2,1.65588608069811e-05,0,0.007785897236317396
G2A,BraTS-GLI-01418-000,35,1,0.3,7.615104550495744e-05,0,0.008026065304875374
G2A,BraTS-GLI-01418-000,35,1,0.4,0.0003501288592815399,0,0.008328179828822613
G2A,BraTS-GLI-01418-000,35,1,0.5,0.0016082474030554295,0,0.008744773454964161
G2A,BraTS-GLI-01418-000,35,1,0.6,0.007353904657065868,0,0.009413852356374264
G2A,BraTS-GLI-01418-000,35,1,0.7,0.03294914960861206,0,0.010777704417705536
G2A,BraTS-GLI-01418-000,35,1,0.8,0.135470911860466,0,0.014596294611692429
G2A,BraTS-GLI-01418-000,35,1,0.9,0.41883179545402527,0,0.02905951626598835
G2A,BraTS-GLI-01418-000,35,1,1.0,0.7682198882102966,1,0.09139199554920197
G2A,BraTS-GLI-01237-000,32,1,0.0,2.951953792518225e-09,0,0.011240094900131226
G2A,BraTS-GLI-01237-000,32,1,0.1,1.9903458436942856e-08,0,0.011562198400497437
G2A,BraTS-GLI-01237-000,32,1,0.2,1.3419845856788015e-07,0,0.012054294347763062
G2A,BraTS-GLI-01237-000,32,1,0.3,9.04827402337105e-07,0,0.012809475883841515
G2A,BraTS-GLI-01237-000,32,1,0.4,6.100734026404098e-06,0,0.013979879207909107
G2A,BraTS-GLI-01237-000,32,1,0.5,4.113261093152687e-05,0,0.015812110155820847
G2A,BraTS-GLI-01237-000,32,1,0.6,0.00027726966072805226,0,0.0186961367726326
G2A,BraTS-GLI-01237-000,32,1,0.7,0.001866507576778531,0,0.023233411833643913
G2A,BraTS-GLI-01237-000,32,1,0.8,0.01245142426341772,0,0.030459152534604073
G2A,BraTS-GLI-01237-000,32,1,0.9,0.07835102826356888,0,0.04374251887202263
G2A,BraTS-GLI-01237-000,32,1,1.0,0.3643486201763153,0,0.08648718148469925
G2A,BraTS-GLI-01237-000,96,1,0.0,3.5686058275086197e-11,0,8.621480265813553e-12
G2A,BraTS-GLI-01237-000,96,1,0.1,3.459492414759069e-10,0,6.457681611671262e-11
G2A,BraTS-GLI-01237-000,96,1,0.2,3.3537093102609106e-09,0,4.997014468877126e-10
G2A,BraTS-GLI-01237-000,96,1,0.3,3.25116680244264e-08,0,4.012329579694551e-09
G2A,BraTS-GLI-01237-000,96,1,0.4,3.1517527077085106e-07,0,3.358102418360431e-08
G2A,BraTS-GLI-01237-000,96,1,0.5,3.0553767373930896e-06,0,2.9424663239296933e-07
G2A,BraTS-GLI-01237-000,96,1,0.6,2.96187172352802e-05,0,2.7101384603156475e-06
G2A,BraTS-GLI-01237-000,96,1,0.7,0.0002870570751838386,0,2.6326712031732313e-05
G2A,BraTS-GLI-01237-000,96,1,0.8,0.002775870030745864,0,0.0002703150676097721
G2A,BraTS-GLI-01237-000,96,1,0.9,0.026275813579559326,0,0.0029242264572530985
G2A,BraTS-GLI-01237-000,96,1,1.0,0.20735414326190948,0,0.03178078681230545
G2A,BraTS-GLI-00602-000,2,1,0.0,1.365685697862773e-08,0,6.7909913248342946e-09
G2A,BraTS-GLI-00602-000,2,1,0.1,6.614680359007252e-08,0,3.4708673268823986e-08
G2A,BraTS-GLI-00602-000,2,1,0.2,3.203810479135427e-07,0,1.7790536332995543e-07
G2A,BraTS-GLI-00602-000,2,1,0.3,1.5517593965341803e-06,0,9.145649642050557e-07
G2A,BraTS-GLI-00602-000,2,1,0.4,7.515880497521721e-06,0,4.715634077001596e-06
G2A,BraTS-GLI-00602-000,2,1,0.5,3.6402085243025795e-05,0,2.438856608932838e-05
G2A,BraTS-GLI-00602-000,2,1,0.6,0.00017628833302296698,0,0.00012651631550397724
G2A,BraTS-GLI-00602-000,2,1,0.7,0.0008532720967195928,0,0.0006580962217412889
G2A,BraTS-GLI-00602-000,2,1,0.8,0.00411930400878191,0,0.0034263599663972855
G2A,BraTS-GLI-00602-000,2,1,0.9,0.021148569881916046,0,0.01768629066646099
G2A,BraTS-GLI-00602-000,2,1,1.0,0.10415324568748474,0,0.08631017059087753
G2A,BraTS-GLI-01518-000,1,1,0.0,1.7681990129858605e-06,0,1.8477230412372592e-08
G2A,BraTS-GLI-01518-000,1,1,0.1,7.059044946799986e-06,0,8.450944477544908e-08
G2A,BraTS-GLI-01518-000,1,1,0.2,2.8180813387734815e-05,0,3.902902392383112e-07
G2A,BraTS-GLI-01518-000,1,1,0.3,0.00011249521776335314,0,1.8213681869383436e-06
G2A,BraTS-GLI-01518-000,1,1,0.4,0.0004489568527787924,0,8.595120561949443e-06
G2A,BraTS-GLI-01518-000,1,1,0.5,0.0017899420345202088,0,4.1044691897695884e-05
G2A,BraTS-GLI-01518-000,1,1,0.6,0.007274311035871506,0,0.0001984451519092545
G2A,BraTS-GLI-01518-000,1,1,0.7,0.02970098704099655,0,0.0009711583843454719
G2A,BraTS-GLI-01518-000,1,1,0.8,0.11337270587682724,0,0.004793089814484119
G2A,BraTS-GLI-01518-000,1,1,0.9,0.3481767773628235,0,0.02342837117612362
G2A,BraTS-GLI-01518-000,1,1,1.0,0.6905341148376465,1,0.10535280406475067
G2A,BraTS-GLI-01518-000,4,1,0.0,2.0761031294114218e-07,0,2.958350897586115e-08
G2A,BraTS-GLI-01518-000,4,1,0.1,8.782283771324728e-07,0,1.3353341898891813e-07
G2A,BraTS-GLI-01518-000,4,1,0.2,3.7150500702409772e-06,0,6.073070721868135e-07
G2A,BraTS-GLI-01518-000,4,1,0.3,1.5715126210125163e-05,0,2.783437366815633e-06
G2A,BraTS-GLI-01518-000,4,1,0.4,6.647437840001658e-05,0,1.2857989531767089e-05
G2A,BraTS-GLI-01518-000,4,1,0.5,0.0002811382000800222,0,5.987213444313966e-05
G2A,BraTS-GLI-01518-000,4,1,0.6,0.0011881844839081168,0,0.0002809958823490888
G2A,BraTS-GLI-01518-000,4,1,0.7,0.0050293393433094025,0,0.0013281734427437186
G2A,BraTS-GLI-01518-000,4,1,0.8,0.021670106798410416,0,0.006297506857663393
G2A,BraTS-GLI-01518-000,4,1,0.9,0.08888651430606842,0,0.02941536158323288
G2A,BraTS-GLI-01518-000,4,1,1.0,0.30054569244384766,0,0.1257411688566208
G2A,BraTS-GLI-01518-000,5,1,0.0,6.725634875692776e-07,0,2.4837284229306533e-08
G2A,BraTS-GLI-01518-000,5,1,0.1,2.8630001907004043e-06,0,1.1641495234471222e-07
G2A,BraTS-GLI-01518-000,5,1,0.2,1.218723537022015e-05,0,5.48948321466014e-07
G2A,BraTS-GLI-01518-000,5,1,0.3,5.1877115765819326e-05,0,2.6046332095575053e-06
G2A,BraTS-GLI-01518-000,5,1,0.4,0.00022079596237745136,0,1.2436899851309136e-05
G2A,BraTS-GLI-01518-000,5,1,0.5,0.0009392196661792696,0,5.976641477900557e-05
G2A,BraTS-GLI-01518-000,5,1,0.6,0.004009902942925692,0,0.0002890044415835291
G2A,BraTS-GLI-01518-000,5,1,0.7,0.017471954226493835,0,0.0014045885764062405
G2A,BraTS-GLI-01518-000,5,1,0.8,0.07282428443431854,0,0.00682347035035491
G2A,BraTS-GLI-01518-000,5,1,0.9,0.2575664222240448,0,0.03235936537384987
G2A,BraTS-GLI-01518-000,5,1,1.0,0.6051052808761597,1,0.1376066505908966
G2A,BraTS-GLI-01518-000,7,1,0.0,1.331411567662144e-07,0,1.7147771202985496e-08
G2A,BraTS-GLI-01518-000,7,1,0.1,5.54364305571653e-07,0,7.546199753960536e-08
G2A,BraTS-GLI-01518-000,7,1,0.2,2.3082179723132867e-06,0,3.335125597914157e-07
G2A,BraTS-GLI-01518-000,7,1,0.3,9.610719644115306e-06,0,1.4811745359111228e-06
G2A,BraTS-GLI-01518-000,7,1,0.4,4.0015198464971036e-05,0,6.615351139771519e-06
G2A,BraTS-GLI-01518-000,7,1,0.5,0.0001665914460318163,0,2.9747789085377008e-05
G2A,BraTS-GLI-01518-000,7,1,0.6,0.000693276640959084,0,0.00013491488061845303
G2A,BraTS-GLI-01518-000,7,1,0.7,0.002880298998206854,0,0.0006186662358231843
G2A,BraTS-GLI-01518-000,7,1,0.8,0.01188448816537857,0,0.00287675391882658
G2A,BraTS-GLI-01518-000,7,1,0.9,0.047690678387880325,0,0.013556047342717648
G2A,BraTS-GLI-01518-000,7,1,1.0,0.1725383996963501,0,0.06326421350240707
G2A,BraTS-GLI-01518-000,13,1,0.0,4.562942194752395e-05,0,2.867443527065916e-06
G2A,BraTS-GLI-01518-000,13,1,0.1,0.00011218157305847853,0,7.544626896560658e-06
G2A,BraTS-GLI-01518-000,13,1,0.2,0.00027577532455325127,0,2.00589911401039e-05
G2A,BraTS-GLI-01518-000,13,1,0.3,0.0006777759408578277,0,5.4006675782147795e-05
G2A,BraTS-GLI-01518-000,13,1,0.4,0.0016647997545078397,0,0.00014769342669751495
G2A,BraTS-GLI-01518-000,13,1,0.5,0.004083326086401939,0,0.0004119483637623489
G2A,BraTS-GLI-01518-000,13,1,0.6,0.00998021475970745,0,0.001178175676614046
G2A,BraTS-GLI-01518-000,13,1,0.7,0.024186234921216965,0,0.0034762672148644924
G2A,BraTS-GLI-01518-000,13,1,0.8,0.057440146803855896,0,0.010633002035319805
G2A,BraTS-GLI-01518-000,13,1,0.9,0.1379614770412445,0,0.0336170457303524
G2A,BraTS-GLI-01518-000,13,1,1.0,0.30903303623199463,0,0.10638724267482758
G2A,BraTS-GLI-01518-000,14,1,0.0,3.4522499845479615e-06,0,1.5834526578828445e-08
G2A,BraTS-GLI-01518-000,14,1,0.1,1.3843878150510136e-05,0,7.679815183792016e-08
G2A,BraTS-GLI-01518-000,14,1,0.2,5.551354115596041e-05,0,3.744029299923568e-07
G2A,BraTS-GLI-01518-000,14,1,0.3,0.0002225799107691273,0,1.8346775050304132e-06
G2A,BraTS-GLI-01518-000,14,1,0.4,0.0008919791434891522,0,9.036322808242403e-06
G2A,BraTS-GLI-01518-000,14,1,0.5,0.003567385720089078,0,4.4729866203852e-05
G2A,BraTS-GLI-01518-000,14,1,0.6,0.014153731055557728,0,0.00022246409207582474
G2A,BraTS-GLI-01518-000,14,1,0.7,0.054439105093479156,0,0.0011104935547336936
G2A,BraTS-GLI-01518-000,14,1,0.8,0.1875712275505066,0,0.005537558346986771
G2A,BraTS-GLI-01518-000,14,1,0.9,0.48074886202812195,0,0.027027467265725136
G2A,BraTS-GLI-01518-000,14,1,1.0,0.7878114581108093,1,0.1198071837425232
G2A,BraTS-GLI-01003-000,23,1,0.0,2.1003752692649869e-07,0,2.8527132656108733e-08
G2A,BraTS-GLI-01003-000,23,1,0.1,8.443843171335175e-07,0,1.2819243977446604e-07
G2A,BraTS-GLI-01003-000,23,1,0.2,3.3945493669307325e-06,0,5.797618314318242e-07
G2A,BraTS-GLI-01003-000,23,1,0.3,1.3646510524267796e-05,0,2.640011416588095e-06
G2A,BraTS-GLI-01003-000,23,1,0.4,5.485897418111563e-05,0,1.2110182069591247e-05
G2A,BraTS-GLI-01003-000,23,1,0.5,0.00022050540428608656,0,5.5995009461184964e-05
G2A,BraTS-GLI-01003-000,23,1,0.6,0.0008858774090185761,0,0.0002611508243717253
G2A,BraTS-GLI-01003-000,23,1,0.7,0.003551869187504053,0,0.0012289645383134484
G2A,BraTS-GLI-01003-000,23,1,0.8,0.014127546921372414,0,0.005825167056173086
G2A,BraTS-GLI-01003-000,23,1,0.9,0.05447091534733772,0,0.027456454932689667
G2A,BraTS-GLI-01003-000,23,1,1.0,0.18804632127285004,0,0.12110527604818344
G2A,BraTS-GLI-01003-000,26,1,0.0,4.430955255485536e-11,0,1.2329811650835243e-11
G2A,BraTS-GLI-01003-000,26,1,0.1,4.1166967057471027e-10,0,1.0758583607328731e-10
G2A,BraTS-GLI-01003-000,26,1,0.2,3.824727201617861e-09,0,9.453910987389236e-10
G2A,BraTS-GLI-01003-000,26,1,0.3,3.5534647224721994e-08,0,8.366999537656739e-09
G2A,BraTS-GLI-01003-000,26,1,0.4,3.3014433142852795e-07,0,7.459057371761446e-08
G2A,BraTS-GLI-01003-000,26,1,0.5,3.067288162128534e-06,0,6.699211780869518e-07
G2A,BraTS-GLI-01003-000,26,1,0.6,2.849673546734266e-05,0,6.0627562561421655e-06
G2A,BraTS-GLI-01003-000,26,1,0.7,0.00026469421572983265,0,5.529652116820216e-05
G2A,BraTS-GLI-01003-000,26,1,0.8,0.0024538286961615086,0,0.0005081163835711777
G2A,BraTS-GLI-01003-000,26,1,0.9,0.02234342321753502,0,0.004679781384766102
G2A,BraTS-GLI-01003-000,26,1,1.0,0.17514337599277496,0,0.04126858338713646
G2A,BraTS-GLI-01462-000,15,1,0.0,5.674739895766834e-06,0,2.6606478797930322e-08
G2A,BraTS-GLI-01462-000,15,1,0.1,2.0426843548193574e-05,0,1.1384629061694795e-07
G2A,BraTS-GLI-01462-000,15,1,0.2,7.352596730925143e-05,0,4.936028972224449e-07
G2A,BraTS-GLI-01462-000,15,1,0.3,0.0002646180219016969,0,2.172806716771447e-06
G2A,BraTS-GLI-01462-000,15,1,0.4,0.0009580621845088899,0,9.732811122376006e-06
G2A,BraTS-GLI-01462-000,15,1,0.5,0.003914723172783852,0,4.447540413821116e-05
G2A,BraTS-GLI-01462-000,15,1,0.6,0.01585109531879425,0,0.00020783452782779932
G2A,BraTS-GLI-01462-000,15,1,0.7,0.06192021444439888,0,0.0009944761404767632
G2A,BraTS-GLI-01462-000,15,1,0.8,0.21291588246822357,0,0.004857593681663275
G2A,BraTS-GLI-01462-000,15,1,0.9,0.5257552266120911,1,0.023836756125092506
G2A,BraTS-GLI-01462-000,15,1,1.0,0.8333393335342407,1,0.11116009205579758
G2A,BraTS-GLI-00397-000,3,1,0.0,0.00011728046229109168,0,2.7944866815232672e-05
G2A,BraTS-GLI-00397-000,3,1,0.1,0.00021401054982561618,0,4.480592906475067e-05
G2A,BraTS-GLI-00397-000,3,1,0.2,0.0003904906625393778,0,7.34222267055884e-05
G2A,BraTS-GLI-00397-000,3,1,0.3,0.0007123991381376982,0,0.00012359775428194553
G2A,BraTS-GLI-00397-000,3,1,0.4,0.0013416205765679479,0,0.00021499315334949642
G2A,BraTS-GLI-00397-000,3,1,0.5,0.0025917855091392994,0,0.0003888900682795793
G2A,BraTS-GLI-00397-000,3,1,0.6,0.005222532898187637,0,0.0007362859905697405
G2A,BraTS-GLI-00397-000,3,1,0.7,0.010774738155305386,0,0.0014683573972433805
G2A,BraTS-GLI-00397-000,3,1,0.8,0.02209850586950779,0,0.0031025796197354794
G2A,BraTS-GLI-00397-000,3,1,0.9,0.04478423669934273,0,0.006981346290558577
G2A,BraTS-GLI-00397-000,3,1,1.0,0.0886475145816803,0,0.01678721234202385
G2A,BraTS-GLI-00151-000,4,1,0.0,7.739023999420169e-07,0,1.795861770403917e-08
G2A,BraTS-GLI-00151-000,4,1,0.1,2.828442347890814e-06,0,8.146068353198643e-08
G2A,BraTS-GLI-00151-000,4,1,0.2,1.033727494359482e-05,0,3.733913729320193e-07
G2A,BraTS-GLI-00151-000,4,1,0.3,3.777949677896686e-05,0,1.7320567167189438e-06
G2A,BraTS-GLI-00151-000,4,1,0.4,0.00013806187780573964,0,8.145871106535196e-06
G2A,BraTS-GLI-00151-000,4,1,0.5,0.0005044018034823239,0,3.892988752340898e-05
G2A,BraTS-GLI-00151-000,4,1,0.6,0.0018818671815097332,0,0.00018958168220706284
G2A,BraTS-GLI-00151-000,4,1,0.7,0.007130943238735199,0,0.0009435133542865515
G2A,BraTS-GLI-00151-000,4,1,0.8,0.027123531326651573,0,0.004804563708603382
G2A,BraTS-GLI-00151-000,4,1,0.9,0.10837823152542114,0,0.024786680936813354
G2A,BraTS-GLI-00151-000,4,1,1.0,0.3463836908340454,0,0.12150181084871292
G2A,BraTS-GLI-00151-000,7,1,0.0,1.004846978958085e-07,0,1.7924717710116056e-08
G2A,BraTS-GLI-00151-000,7,1,0.1,4.323508733250492e-07,0,8.431199916003607e-08
G2A,BraTS-GLI-00151-000,7,1,0.2,1.8602522686705925e-06,0,4.0061200934360386e-07
G2A,BraTS-GLI-00151-000,7,1,0.3,8.803517630440183e-06,0,1.923942363646347e-06
G2A,BraTS-GLI-00151-000,7,1,0.4,4.2920091800624505e-05,0,9.343791134597268e-06
G2A,BraTS-GLI-00151-000,7,1,0.5,0.00020922254770994186,0,4.591271135723218e-05
G2A,BraTS-GLI-00151-000,7,1,0.6,0.0010192381450906396,0,0.00022833044931758195
G2A,BraTS-GLI-00151-000,7,1,0.7,0.0049497466534376144,0,0.0011487269075587392
G2A,BraTS-GLI-00151-000,7,1,0.8,0.023678291589021683,0,0.005821588449180126
G2A,BraTS-GLI-00151-000,7,1,0.9,0.10574036091566086,0,0.029078802093863487
G2A,BraTS-GLI-00151-000,7,1,1.0,0.36568185687065125,0,0.131050243973732
G2A,BraTS-GLI-00612-000,22,1,0.0,2.682902959350031e-06,0,3.4372149571026966e-08
G2A,BraTS-GLI-00612-000,22,1,0.1,9.678064088802785e-06,0,1.439939154579406e-07
G2A,BraTS-GLI-00612-000,22,1,0.2,3.4911110560642555e-05,0,6.102995371293218e-07
G2A,BraTS-GLI-00612-000,22,1,0.3,0.00012592463463079184,0,2.61996115114016e-06
G2A,BraTS-GLI-00612-000,22,1,0.4,0.00045410310849547386,0,1.1404413271520752e-05
G2A,BraTS-GLI-00612-000,22,1,0.5,0.0016361660091206431,0,5.038502422394231e-05
G2A,BraTS-GLI-00612-000,22,1,0.6,0.00587712274864316,0,0.0002260854816995561
G2A,BraTS-GLI-00612-000,22,1,0.7,0.020880788564682007,0,0.0010301896836608648
G2A,BraTS-GLI-00612-000,22,1,0.8,0.0714348554611206,0,0.0047526611015200615
G2A,BraTS-GLI-00612-000,22,1,0.9,0.21722954511642456,0,0.021900037303566933
G2A,BraTS-GLI-00612-000,22,1,1.0,0.5002710819244385,1,0.09562291204929352
G2A,BraTS-GLI-00638-000,1,1,0.0,9.993556915333102e-08,0,5.085231680190816e-10
G2A,BraTS-GLI-00638-000,1,1,0.1,4.4345554783831176e-07,0,3.112366364632635e-09
G2A,BraTS-GLI-00638-000,1,1,0.2,1.9677900127135217e-06,0,1.9287627495145898e-08
G2A,BraTS-GLI-00638-000,1,1,0.3,8.731843990972266e-06,0,1.2120715098262735e-07
G2A,BraTS-GLI-00638-000,1,1,0.4,3.874566391459666e-05,0,7.739308784948662e-07
G2A,BraTS-GLI-00638-000,1,1,0.5,0.00017190774087794125,0,5.034794867242454e-06
G2A,BraTS-GLI-00638-000,1,1,0.6,0.0007954449392855167,0,3.3496613468742e-05
G2A,BraTS-GLI-00638-000,1,1,0.7,0.0036985750775784254,0,0.00022907090897206217
G2A,BraTS-GLI-00638-000,1,1,0.8,0.017016777768731117,0,0.001619586255401373
G2A,BraTS-GLI-00638-000,1,1,0.9,0.07469695806503296,0,0.01183570921421051
G2A,BraTS-GLI-00638-000,1,1,1.0,0.2734929919242859,0,0.0848739966750145
G2A,BraTS-GLI-01391-000,2,1,0.0,3.2694628316676244e-05,0,8.027285502976156e-09
G2A,BraTS-GLI-01391-000,2,1,0.1,0.00010772898531286046,0,3.579891938443325e-08
G2A,BraTS-GLI-01391-000,2,1,0.2,0.0003549056709744036,0,1.6201900621126697e-07
G2A,BraTS-GLI-01391-000,2,1,0.3,0.0011685503413900733,0,7.469084266631398e-07
G2A,BraTS-GLI-01391-000,2,1,0.4,0.003840361488983035,0,3.5240532270108815e-06
G2A,BraTS-GLI-01391-000,2,1,0.5,0.012544382363557816,0,1.7120588381658308e-05
G2A,BraTS-GLI-01391-000,2,1,0.6,0.04017999395728111,0,8.627498027635738e-05
G2A,BraTS-GLI-01391-000,2,1,0.7,0.1212235540151596,0,0.0004544842231553048
G2A,BraTS-GLI-01391-000,2,1,0.8,0.31250953674316406,0,0.0025141278747469187
G2A,BraTS-GLI-01391-000,2,1,0.9,0.5996648073196411,1,0.014464381150901318
G2A,BraTS-GLI-01391-000,2,1,1.0,0.8335167169570923,1,0.08217673748731613
G2A,BraTS-GLI-00008-000,2,1,0.0,6.896704144310206e-05,0,0.0003797280660364777
G2A,BraTS-GLI-00008-000,2,1,0.1,0.0002093155198963359,0,0.0004666890308726579
G2A,BraTS-GLI-00008-000,2,1,0.2,0.0006350916810333729,0,0.0005720338085666299
G2A,BraTS-GLI-00008-000,2,1,0.3,0.001925287302583456,0,0.000699882279150188
G2A,BraTS-GLI-00008-000,2,1,0.4,0.0058212620206177235,0,0.000856288243085146
G2A,BraTS-GLI-00008-000,2,1,0.5,0.017463138327002525,0,0.0010520651703700423
G2A,BraTS-GLI-00008-000,2,1,0.6,0.051188644021749496,0,0.0013160614762455225
G2A,BraTS-GLI-00008-000,2,1,0.7,0.1407179981470108,0,0.0017760014161467552
G2A,BraTS-GLI-00008-000,2,1,0.8,0.3320371210575104,0,0.003201509127393365
G2A,BraTS-GLI-00008-000,2,1,0.9,0.6014156341552734,1,0.010755830444395542
G2A,BraTS-GLI-00008-000,2,1,1.0,0.8311333656311035,1,0.057695068418979645
G2A,BraTS-GLI-00051-000,2,1,0.0,5.871145347668971e-08,0,8.97000154509442e-06
G2A,BraTS-GLI-00051-000,2,1,0.1,2.653131048191426e-07,0,1.5567502487101592e-05
G2A,BraTS-GLI-00051-000,2,1,0.2,1.1989299082415528e-06,0,2.7117210265714675e-05
G2A,BraTS-GLI-00051-000,2,1,0.3,5.417866759671597e-06,0,4.775869092554785e-05
G2A,BraTS-GLI-00051-000,2,1,0.4,2.553702870500274e-05,0,8.678683661855757e-05
G2A,BraTS-GLI-00051-000,2,1,0.5,0.00012158141180407256,0,0.00017113213834818453
G2A,BraTS-GLI-00051-000,2,1,0.6,0.0005786377587355673,0,0.0004027826653327793
G2A,BraTS-GLI-00051-000,2,1,0.7,0.0027491669170558453,0,0.0012430682545527816
G2A,BraTS-GLI-00051-000,2,1,0.8,0.012956017628312111,0,0.004961323458701372
G2A,BraTS-GLI-00051-000,2,1,0.9,0.05882268399000168,0,0.022850055247545242
G2A,BraTS-GLI-00051-000,2,1,1.0,0.22933779656887054,0,0.10460790246725082
G2A,BraTS-GLI-00597-000,5,1,0.0,3.918811160019686e-07,0,2.16217230786242e-08
G2A,BraTS-GLI-00597-000,5,1,0.1,1.653758886277501e-06,0,9.498581476918844e-08
G2A,BraTS-GLI-00597-000,5,1,0.2,6.978914825594984e-06,0,4.193081792891462e-07
G2A,BraTS-GLI-00597-000,5,1,0.3,2.945076812466141e-05,0,1.8609524659041199e-06
G2A,BraTS-GLI-00597-000,5,1,0.4,0.00012427204637788236,0,8.309060831379611e-06
G2A,BraTS-GLI-00597-000,5,1,0.5,0.0005242254701443017,0,3.7356036045821384e-05
G2A,BraTS-GLI-00597-000,5,1,0.6,0.002208532765507698,0,0.00016928974946495146
G2A,BraTS-GLI-00597-000,5,1,0.7,0.009254327975213528,0,0.0007741532172076404
G2A,BraTS-GLI-00597-000,5,1,0.8,0.0379236601293087,0,0.003571373177692294
G2A,BraTS-GLI-00597-000,5,1,0.9,0.1426234096288681,0,0.016496043652296066
G2A,BraTS-GLI-00597-000,5,1,1.0,0.4124561846256256,0,0.0734226256608963
G2A,BraTS-GLI-00597-000,9,1,0.0,3.0300504931801697e-06,0,5.646236900247459e-08
G2A,BraTS-GLI-00597-000,9,1,0.1,1.2802641322195996e-05,0,2.416299196283944e-07
G2A,BraTS-GLI-00597-000,9,1,0.2,5.409216828411445e-05,0,1.039654534906731e-06
G2A,BraTS-GLI-00597-000,9,1,0.3,0.0002285136579303071,0,4.499193892115727e-06
G2A,BraTS-GLI-00597-000,9,1,0.4,0.0009648196282796562,0,1.9589109797379933e-05
G2A,BraTS-GLI-00597-000,9,1,0.5,0.004063969012349844,0,8.579684799769893e-05
G2A,BraTS-GLI-00597-000,9,1,0.6,0.016949178650975227,0,0.0003772740892600268
G2A,BraTS-GLI-00597-000,9,1,0.7,0.06790273636579514,0,0.0016511741559952497
G2A,BraTS-GLI-00597-000,9,1,0.8,0.2354980707168579,0,0.007001986727118492
G2A,BraTS-GLI-00597-000,9,1,0.9,0.5897271633148193,1,0.027688680216670036
G2A,BraTS-GLI-00597-000,9,1,1.0,0.8702530264854431,1,0.10028921812772751
G2A,BraTS-GLI-00116-000,12,1,0.0,6.287428533369166e-08,0,5.0870796464153045e-09
G2A,BraTS-GLI-00116-000,12,1,0.1,3.170540026076196e-07,0,2.659520426107065e-08
G2A,BraTS-GLI-00116-000,12,1,0.2,1.5987959613994462e-06,0,1.3994250025461952e-07
G2A,BraTS-GLI-00116-000,12,1,0.3,8.062143933784682e-06,0,7.422776775456441e-07
G2A,BraTS-GLI-00116-000,12,1,0.4,4.065338725922629e-05,0,3.976691004936583e-06
G2A,BraTS-GLI-00116-000,12,1,0.5,0.00020496801880653948,0,2.157397466362454e-05
G2A,BraTS-GLI-00116-000,12,1,0.6,0.0010327297495678067,0,0.00011886170250363648
G2A,BraTS-GLI-00116-000,12,1,0.7,0.00518606323748827,0,0.000665972416754812
G2A,BraTS-GLI-00116-000,12,1,0.8,0.02561456896364689,0,0.0037651953753083944
G2A,BraTS-GLI-00116-000,12,1,0.9,0.11704560369253159,0,0.02076011151075363
G2A,BraTS-GLI-00116-000,12,1,1.0,0.4006459414958954,0,0.10591796040534973
G2A,BraTS-GLI-01165-000,3,1,0.0,7.837114708308945e-07,0,1.82881265686774e-08
G2A,BraTS-GLI-01165-000,3,1,0.1,2.9428538255160674e-06,0,6.852148715097428e-08
G2A,BraTS-GLI-01165-000,3,1,0.2,1.15558723337017e-05,0,2.614142431411892e-07
G2A,BraTS-GLI-01165-000,3,1,0.3,4.939724749419838e-05,0,1.0187238785874797e-06
G2A,BraTS-GLI-01165-000,3,1,0.4,0.0002111297071678564,0,4.070197974215262e-06
G2A,BraTS-GLI-01165-000,3,1,0.5,0.0009019149583764374,0,1.6750038412283175e-05
G2A,BraTS-GLI-01165-000,3,1,0.6,0.0038441577926278114,0,7.146467396523803e-05
G2A,BraTS-GLI-01165-000,3,1,0.7,0.01622874289751053,0,0.0003194335731677711
G2A,BraTS-GLI-01165-000,3,1,0.8,0.06587380170822144,0,0.001521871192380786
G2A,BraTS-GLI-01165-000,3,1,0.9,0.23162975907325745,0,0.007928329519927502
G2A,BraTS-GLI-01165-000,3,1,1.0,0.5980864763259888,1,0.0465078167617321
G2A,BraTS-GLI-00292-000,10,1,0.0,2.466498756348301e-07,0,6.7752079502270135e-09
G2A,BraTS-GLI-00292-000,10,1,0.1,1.1088353630839265e-06,0,3.050185526376481e-08
G2A,BraTS-GLI-00292-000,10,1,0.2,4.98484814670519e-06,0,1.3943727594778466e-07
G2A,BraTS-GLI-00292-000,10,1,0.3,2.2409436496673152e-05,0,6.487952077804948e-07
G2A,BraTS-GLI-00292-000,10,1,0.4,0.00010073570592794567,0,3.0814910587650957e-06
G2A,BraTS-GLI-00292-000,10,1,0.5,0.0004527073469944298,0,1.4992639989941381e-05
G2A,BraTS-GLI-00292-000,10,1,0.6,0.002031970303505659,0,7.505248504457995e-05
G2A,BraTS-GLI-00292-000,10,1,0.7,0.009070479311048985,0,0.00038861375651322305
G2A,BraTS-GLI-00292-000,10,1,0.8,0.03952397033572197,0,0.0020921314135193825
G2A,BraTS-GLI-00292-000,10,1,0.9,0.1561148315668106,0,0.011692087166011333
G2A,BraTS-GLI-00292-000,10,1,1.0,0.45404812693595886,0,0.06522379070520401
G2A,BraTS-GLI-01399-000,3,1,0.0,8.056278311130427e-09,0,2.4857365943375953e-08
G2A,BraTS-GLI-01399-000,3,1,0.1,4.079074500396018e-08,0,9.203883877262342e-08
G2A,BraTS-GLI-01399-000,3,1,0.2,2.0653267540637898e-07,0,3.4529747949818557e-07
G2A,BraTS-GLI-01399-000,3,1,0.3,1.0457224561832845e-06,0,1.3164610663807252e-06
G2A,BraTS-GLI-01399-000,3,1,0.4,5.29470480614691e-06,0,5.124284598423401e-06
G2A,BraTS-GLI-01399-000,3,1,0.5,2.680775651242584e-05,0,2.0517911252682097e-05
G2A,BraTS-GLI-01399-000,3,1,0.6,0.00013571890303865075,0,8.554301894037053e-05
G2A,BraTS-GLI-01399-000,3,1,0.7,0.0007031714776530862,0,0.0003783658321481198
G2A,BraTS-GLI-01399-000,3,1,0.8,0.0040377285331487656,0,0.0018201764905825257
G2A,BraTS-GLI-01399-000,3,1,0.9,0.02282411977648735,0,0.00973255094140768
G2A,BraTS-GLI-01399-000,3,1,1.0,0.11860889941453934,0,0.05702360346913338
G2A,BraTS-GLI-01430-000,88,1,0.0,0.006106998771429062,0,0.008445381186902523
G2A,BraTS-GLI-01430-000,88,1,0.1,0.010073192417621613,0,0.008594317361712456
G2A,BraTS-GLI-01430-000,88,1,0.2,0.01657228358089924,0,0.008828647434711456
G2A,BraTS-GLI-01430-000,88,1,0.3,0.027149513363838196,0,0.00920572318136692
G2A,BraTS-GLI-01430-000,88,1,0.4,0.04417438432574272,0,0.009830407798290253
G2A,BraTS-GLI-01430-000,88,1,0.5,0.0710950493812561,0,0.01090923324227333
G2A,BraTS-GLI-01430-000,88,1,0.6,0.11249072849750519,0,0.012890944257378578
G2A,BraTS-GLI-01430-000,88,1,0.7,0.1734878420829773,0,0.016875719651579857
G2A,BraTS-GLI-01430-000,88,1,0.8,0.25794705748558044,0,0.025947846472263336
G2A,BraTS-GLI-01430-000,88,1,0.9,0.3653483986854553,0,0.04987258091568947
G2A,BraTS-GLI-01430-000,88,1,1.0,0.4880563020706177,0,0.12087924778461456
G2A,BraTS-GLI-01430-000,106,1,0.0,1.0009118867060351e-08,0,0.0066979387775063515
G2A,BraTS-GLI-01430-000,106,1,0.1,5.7433833688946834e-08,0,0.006669339258223772
G2A,BraTS-GLI-01430-000,106,1,0.2,3.2956393170024967e-07,0,0.0066151064820587635
G2A,BraTS-GLI-01430-000,106,1,0.3,1.8910845938080456e-06,0,0.006517437752336264
G2A,BraTS-GLI-01430-000,106,1,0.4,1.0851232218556106e-05,0,0.0063505326397717
G2A,BraTS-GLI-01430-000,106,1,0.5,6.738449883414432e-05,0,0.006085988599807024
G2A,BraTS-GLI-01430-000,106,1,0.6,0.00042611989192664623,0,0.005729626398533583
G2A,BraTS-GLI-01430-000,106,1,0.7,0.002689523622393608,0,0.005508156958967447
G2A,BraTS-GLI-01430-000,106,1,0.8,0.018832989037036896,0,0.006866488605737686
G2A,BraTS-GLI-01430-000,106,1,0.9,0.14054450392723083,0,0.01808425784111023
G2A,BraTS-GLI-01430-000,106,1,1.0,0.5821443200111389,1,0.07973974943161011
G2A,BraTS-GLI-01208-000,2,1,0.0,6.227977564776666e-07,0,4.562417927900242e-07
G2A,BraTS-GLI-01208-000,2,1,0.1,2.375110398133984e-06,0,1.0325463790650247e-06
G2A,BraTS-GLI-01208-000,2,1,0.2,9.057710485649295e-06,0,2.4569494598836172e-06
G2A,BraTS-GLI-01208-000,2,1,0.3,3.454179750406183e-05,0,6.319859949144302e-06
G2A,BraTS-GLI-01208-000,2,1,0.4,0.0001317165297223255,0,1.811126094253268e-05
G2A,BraTS-GLI-01208-000,2,1,0.5,0.0005021313554607332,0,5.893724664929323e-05
G2A,BraTS-GLI-01208-000,2,1,0.6,0.0019122371450066566,0,0.00021700834622606635
G2A,BraTS-GLI-01208-000,2,1,0.7,0.00725352531298995,0,0.0008837652276270092
G2A,BraTS-GLI-01208-000,2,1,0.8,0.027108952403068542,0,0.003865329548716545
G2A,BraTS-GLI-01208-000,2,1,0.9,0.09605669975280762,0,0.01756381057202816
G2A,BraTS-GLI-01208-000,2,1,1.0,0.288383424282074,0,0.07796226441860199
G2A,BraTS-GLI-01479-000,5,1,0.0,1.362230477752746e-06,0,2.753152428258687e-10
G2A,BraTS-GLI-01479-000,5,1,0.1,7.919355084595736e-06,0,1.6902590438405696e-09
G2A,BraTS-GLI-01479-000,5,1,0.2,4.6037876018090174e-05,0,1.0556983731646596e-08
G2A,BraTS-GLI-01479-000,5,1,0.3,0.0002675850992091,0,6.717342415640815e-08
G2A,BraTS-GLI-01479-000,5,1,0.4,0.0015536219580098987,0,4.36160945582742e-07
G2A,BraTS-GLI-01479-000,5,1,0.5,0.00896503683179617,0,2.89592412627826e-06
G2A,BraTS-GLI-01479-000,5,1,0.6,0.049962759017944336,0,1.971346136997454e-05
G2A,BraTS-GLI-01479-000,5,1,0.7,0.2341489940881729,0,0.00013802283501718193
G2A,BraTS-GLI-01479-000,5,1,0.8,0.6399539113044739,1,0.0009959419257938862
G2A,BraTS-GLI-01479-000,5,1,0.9,0.9117633700370789,1,0.007325854152441025
G2A,BraTS-GLI-01479-000,5,1,1.0,0.9836260676383972,1,0.05109858885407448
G2A,BraTS-GLI-00142-000,20,1,0.0,3.306499607447222e-08,0,0.057306546717882156
G2A,BraTS-GLI-00142-000,20,1,0.1,1.8509602739413822e-07,0,0.05713061988353729
G2A,BraTS-GLI-00142-000,20,1,0.2,1.036154685607471e-06,0,0.05694178491830826
G2A,BraTS-GLI-00142-000,20,1,0.3,5.800304734293604e-06,0,0.05673470348119736
G2A,BraTS-GLI-00142-000,20,1,0.4,3.246883352403529e-05,0,0.05649584159255028
G2A,BraTS-GLI-00142-000,20,1,0.5,0.00018173146236222237,0,0.05619494244456291
G2A,BraTS-GLI-00142-000,20,1,0.6,0.0010164715349674225,0,0.05577286705374718
G2A,BraTS-GLI-00142-000,20,1,0.7,0.005663674790412188,0,0.055159974843263626
G2A,BraTS-GLI-00142-000,20,1,0.8,0.03090020641684532,0,0.05461762472987175
G2A,BraTS-GLI-00142-000,20,1,0.9,0.15145866572856903,0,0.05752816051244736
G2A,BraTS-GLI-00142-000,20,1,1.0,0.4997979700565338,0,0.088261179625988
G2A,BraTS-GLI-00602-001,7,1,0.0,3.7637130390066886e-07,0,3.421530836433817e-10
G2A,BraTS-GLI-00602-001,7,1,0.1,1.6155776165760471e-06,0,2.1544115380578432e-09
G2A,BraTS-GLI-00602-001,7,1,0.2,6.9348420765891206e-06,0,1.3851905400485975e-08
G2A,BraTS-GLI-00602-001,7,1,0.3,2.976723772007972e-05,0,9.115682075844234e-08
G2A,BraTS-GLI-00602-001,7,1,0.4,0.00012776369112543762,0,6.154456286822096e-07
G2A,BraTS-GLI-00602-001,7,1,0.5,0.0005481967236846685,0,4.272574642527616e-06
G2A,BraTS-GLI-00602-001,7,1,0.6,0.002348902402445674,0,3.056140121771023e-05
G2A,BraTS-GLI-00602-001,7,1,0.7,0.010005315765738487,0,0.00022560119396075606
G2A,BraTS-GLI-00602-001,7,1,0.8,0.04157823696732521,0,0.0017188475467264652
G2A,BraTS-GLI-00602-001,7,1,0.9,0.15717218816280365,0,0.013395242393016815
G2A,BraTS-GLI-00602-001,7,1,1.0,0.4474011957645416,0,0.0993448793888092
G2A,BraTS-GLI-01221-000,208,1,0.0,0.9727310538291931,1,0.024970103055238724
G2A,BraTS-GLI-01221-000,208,1,0.1,0.9657633900642395,1,0.02581176720559597
G2A,BraTS-GLI-01221-000,208,1,0.2,0.9570938348770142,1,0.026869526132941246
G2A,BraTS-GLI-01221-000,208,1,0.3,0.946351170539856,1,0.028226623311638832
G2A,BraTS-GLI-01221-000,208,1,0.4,0.933106541633606,1,0.030012913048267365
G2A,BraTS-GLI-01221-000,208,1,0.5,0.9168793559074402,1,0.03244391083717346
G2A,BraTS-GLI-01221-000,208,1,0.6,0.8971496820449829,1,0.035903867334127426
G2A,BraTS-GLI-01221-000,208,1,0.7,0.8733835816383362,1,0.041130125522613525
G2A,BraTS-GLI-01221-000,208,1,0.8,0.8450741171836853,1,0.04963606968522072
G2A,BraTS-GLI-01221-000,208,1,0.9,0.8117989897727966,1,0.06471112370491028
G2A,BraTS-GLI-01221-000,208,1,1.0,0.7732943296432495,1,0.0938628613948822
G2A,BraTS-GLI-01345-000,3,1,0.0,4.409187022247352e-05,0,8.9338004727324e-07
G2A,BraTS-GLI-01345-000,3,1,0.1,8.788079867372289e-05,0,2.168722176065785e-06
G2A,BraTS-GLI-01345-000,3,1,0.2,0.00017514951468911022,0,5.335638434189605e-06
G2A,BraTS-GLI-01345-000,3,1,0.3,0.0003490497183520347,0,1.3329226021596696e-05
G2A,BraTS-GLI-01345-000,3,1,0.4,0.0006954888813197613,0,3.3884694857988507e-05
G2A,BraTS-GLI-01345-000,3,1,0.5,0.0013853011187165976,0,8.787397382548079e-05
G2A,BraTS-GLI-01345-000,3,1,0.6,0.002757404698058963,0,0.00023311341647058725
G2A,BraTS-GLI-01345-000,3,1,0.7,0.005481088533997536,0,0.0006344248540699482
G2A,BraTS-GLI-01345-000,3,1,0.8,0.010865818709135056,0,0.0017760805785655975
G2A,BraTS-GLI-01345-000,3,1,0.9,0.021426646038889885,0,0.005122797563672066
G2A,BraTS-GLI-01345-000,3,1,1.0,0.04181791841983795,0,0.015193706378340721
G2A,BraTS-GLI-01230-000,16,1,0.0,0.008733280934393406,0,0.00012760571553371847
G2A,BraTS-GLI-01230-000,16,1,0.1,0.012429180555045605,0,0.00018090866797138005
G2A,BraTS-GLI-01230-000,16,1,0.2,0.017661290243268013,0,0.0002588084025774151
G2A,BraTS-GLI-01230-000,16,1,0.3,0.025040073320269585,0,0.0003748545132111758
G2A,BraTS-GLI-01230-000,16,1,0.4,0.03539052978157997,0,0.0005524168373085558
G2A,BraTS-GLI-01230-000,16,1,0.5,0.04980090260505676,0,0.0008344943635165691
G2A,BraTS-GLI-01230-000,16,1,0.6,0.06965523958206177,0,0.0013064495287835598
G2A,BraTS-GLI-01230-000,16,1,0.7,0.09662008285522461,0,0.0021527737844735384
G2A,BraTS-GLI-01230-000,16,1,0.8,0.13253647089004517,0,0.0038097656797617674
G2A,BraTS-GLI-01230-000,16,1,0.9,0.17915621399879456,0,0.007407879922538996
G2A,BraTS-GLI-01230-000,16,1,1.0,0.2376812994480133,0,0.016142262145876884
G2A,BraTS-GLI-01498-000,1,1,0.0,2.929709353338694e-06,0,1.9936573281142955e-08
G2A,BraTS-GLI-01498-000,1,1,0.1,1.1991382962150965e-05,0,7.99557611230739e-08
G2A,BraTS-GLI-01498-000,1,1,0.2,4.907964466838166e-05,0,3.2344209444090666e-07
G2A,BraTS-GLI-01498-000,1,1,0.3,0.00020085589494556189,0,1.3225557040641434e-06
G2A,BraTS-GLI-01498-000,1,1,0.4,0.0008216058486141264,0,5.483190307131736e-06
G2A,BraTS-GLI-01498-000,1,1,0.5,0.003354366635903716,0,2.3154345399234444e-05
G2A,BraTS-GLI-01498-000,1,1,0.6,0.01358865574002266,0,0.00010026302334154025
G2A,BraTS-GLI-01498-000,1,1,0.7,0.05337586998939514,0,0.0004493012384045869
G2A,BraTS-GLI-01498-000,1,1,0.8,0.18751345574855804,0,0.002102073049172759
G2A,BraTS-GLI-01498-000,1,1,0.9,0.48576533794403076,0,0.010282279923558235
G2A,BraTS-GLI-01498-000,1,1,1.0,0.7945119142532349,1,0.05283278599381447
G2A,BraTS-GLI-01498-000,77,1,0.0,8.098672843459553e-10,0,0.00012827958562411368
G2A,BraTS-GLI-01498-000,77,1,0.1,6.64649668635775e-09,0,0.0001798637240426615
G2A,BraTS-GLI-01498-000,77,1,0.2,5.4546994476822874e-08,0,0.0002522070426493883
G2A,BraTS-GLI-01498-000,77,1,0.3,4.4766048290512117e-07,0,0.0003539476601872593
G2A,BraTS-GLI-01498-000,77,1,0.4,3.6738806556968484e-06,0,0.0004980749217793345
G2A,BraTS-GLI-01498-000,77,1,0.5,3.0150329621392302e-05,0,0.0007061267970129848
G2A,BraTS-GLI-01498-000,77,1,0.6,0.00024738660431466997,0,0.001023599412292242
G2A,BraTS-GLI-01498-000,77,1,0.7,0.002026658970862627,0,0.0016046905657276511
G2A,BraTS-GLI-01498-000,77,1,0.8,0.016393126919865608,0,0.0032999254763126373
G2A,BraTS-GLI-01498-000,77,1,0.9,0.12032131850719452,0,0.01169275026768446
G2A,BraTS-GLI-01498-000,77,1,1.0,0.5288634896278381,1,0.055656734853982925
G2A,BraTS-GLI-01498-000,127,1,0.0,0.9956521391868591,1,0.0026239892467856407
G2A,BraTS-GLI-01498-000,127,1,0.1,0.9925200939178467,1,0.002847169991582632
G2A,BraTS-GLI-01498-000,127,1,0.2,0.9871610403060913,1,0.0031316373497247696
G2A,BraTS-GLI-01498-000,127,1,0.3,0.9780473113059998,1,0.003509754780679941
G2A,BraTS-GLI-01498-000,127,1,0.4,0.9627085328102112,1,0.004042109474539757
G2A,BraTS-GLI-01498-000,127,1,0.5,0.9373388290405273,1,0.004854012746363878
G2A,BraTS-GLI-01498-000,127,1,0.6,0.8965644240379333,1,0.0062387073412537575
G2A,BraTS-GLI-01498-000,127,1,0.7,0.8374088406562805,1,0.008989500813186169
G2A,BraTS-GLI-01498-000,127,1,0.8,0.7556266784667969,1,0.015595651231706142
G2A,BraTS-GLI-01498-000,127,1,0.9,0.6500948667526245,1,0.03481625020503998
G2A,BraTS-GLI-01498-000,127,1,1.0,0.6921597719192505,1,0.09781530499458313
G2A,BraTS-GLI-00613-000,6,1,0.0,1.527590853811489e-07,0,6.192114376801783e-09
G2A,BraTS-GLI-00613-000,6,1,0.1,6.35353273992223e-07,0,2.9173216731237517e-08
G2A,BraTS-GLI-00613-000,6,1,0.2,2.64254549620091e-06,0,1.3922102937158343e-07
G2A,BraTS-GLI-00613-000,6,1,0.3,1.0990728696924634e-05,0,6.742228038092435e-07
G2A,BraTS-GLI-00613-000,6,1,0.4,5.130954014020972e-05,0,3.321814801893197e-06
G2A,BraTS-GLI-00613-000,6,1,0.5,0.00024051924992818385,0,1.6710144336684607e-05
G2A,BraTS-GLI-00613-000,6,1,0.6,0.0011266726069152355,0,8.627797069493681e-05
G2A,BraTS-GLI-00613-000,6,1,0.7,0.005260540172457695,0,0.00046075586578808725
G2A,BraTS-GLI-00613-000,6,1,0.8,0.024194570258259773,0,0.0025707907043397427
G2A,BraTS-GLI-00613-000,6,1,0.9,0.10414230078458786,0,0.015082369558513165
G2A,BraTS-GLI-00613-000,6,1,1.0,0.35713571310043335,0,0.08990965038537979
G2B,BraTS-GLI-00237-000,2,1,0.0,1.0,1,0.041388217359781265
G2B,BraTS-GLI-00237-000,2,1,0.1,1.0,1,0.04204180836677551
G2B,BraTS-GLI-00237-000,2,1,0.2,1.0,1,0.04284600168466568
G2B,BraTS-GLI-00237-000,2,1,0.3,0.9999997615814209,1,0.043886277824640274
G2B,BraTS-GLI-00237-000,2,1,0.4,0.9999988079071045,1,0.04532164707779884
G2B,BraTS-GLI-00237-000,2,1,0.5,0.9999926090240479,1,0.047457799315452576
G2B,BraTS-GLI-00237-000,2,1,0.6,0.9999539852142334,1,0.05091289058327675
G2B,BraTS-GLI-00237-000,2,1,0.7,0.9997112154960632,1,0.057042140513658524
G2B,BraTS-GLI-00237-000,2,1,0.8,0.9981911778450012,1,0.06923651695251465
G2B,BraTS-GLI-00237-000,2,1,0.9,0.9917771816253662,1,0.09790853410959244
G2B,BraTS-GLI-00237-000,2,1,1.0,0.9738643169403076,1,0.18123342096805573
G2B,BraTS-GLI-00391-000,23,1,0.0,0.005714806262403727,0,0.11460117995738983
G2B,BraTS-GLI-00391-000,23,1,0.1,0.009260931983590126,0,0.11351349949836731
G2B,BraTS-GLI-00391-000,23,1,0.2,0.014974336139857769,0,0.11219413578510284
G2B,BraTS-GLI-00391-000,23,1,0.3,0.02412671037018299,0,0.11058299243450165
G2B,BraTS-GLI-00391-000,23,1,0.4,0.03865354135632515,0,0.10860896110534668
G2B,BraTS-GLI-00391-000,23,1,0.5,0.061376966536045074,0,0.10619443655014038
G2B,BraTS-GLI-00391-000,23,1,0.6,0.09612315893173218,0,0.10327775776386261
G2B,BraTS-GLI-00391-000,23,1,0.7,0.1474495381116867,0,0.09993645548820496
G2B,BraTS-GLI-00391-000,23,1,0.8,0.2195262610912323,0,0.09708160161972046
G2B,BraTS-GLI-00391-000,23,1,0.9,0.39862900972366333,0,0.09979177266359329
G2B,BraTS-GLI-00391-000,23,1,1.0,0.6736619472503662,1,0.1329478621482849
G2B,BraTS-GLI-00379-000,3,1,0.0,0.14444532990455627,0,1.0789975135594432e-08
G2B,BraTS-GLI-00379-000,3,1,0.1,0.19942337274551392,0,4.017910981701789e-08
G2B,BraTS-GLI-00379-000,3,1,0.2,0.26875361800193787,0,1.5486361348848732e-07
G2B,BraTS-GLI-00379-000,3,1,0.3,0.35160112380981445,0,6.247416877158685e-07
G2B,BraTS-GLI-00379-000,3,1,0.4,0.44446468353271484,0,2.6725033421826083e-06
G2B,BraTS-GLI-00379-000,3,1,0.5,0.5413764715194702,1,1.22887304314645e-05
G2B,BraTS-GLI-00379-000,3,1,0.6,0.6352559328079224,1,6.14572927588597e-05
G2B,BraTS-GLI-00379-000,3,1,0.7,0.7198623418807983,1,0.00033651303965598345
G2B,BraTS-GLI-00379-000,3,1,0.8,0.795024037361145,1,0.002008700044825673
G2B,BraTS-GLI-00379-000,3,1,0.9,0.8782671689987183,1,0.01269889809191227
G2B,BraTS-GLI-00379-000,3,1,1.0,0.9428994655609131,1,0.07954868674278259
G2B,BraTS-GLI-00379-000,5,1,0.0,0.011954320594668388,0,1.4504909273682642e-08
G2B,BraTS-GLI-00379-000,5,1,0.1,0.021419428288936615,0,6.223186943543624e-08
G2B,BraTS-GLI-00379-000,5,1,0.2,0.03808984532952309,0,2.7192572815692984e-07
G2B,BraTS-GLI-00379-000,5,1,0.3,0.06684830784797668,0,1.2139583986936486e-06
G2B,BraTS-GLI-00379-000,5,1,0.4,0.11473003029823303,0,5.558421889872989e-06
G2B,BraTS-GLI-00379-000,5,1,0.5,0.1899278312921524,0,2.622412830532994e-05
G2B,BraTS-GLI-00379-000,5,1,0.6,0.330902636051178,0,0.00012815564696211368
G2B,BraTS-GLI-00379-000,5,1,0.7,0.5371238589286804,1,0.0006521661416627467
G2B,BraTS-GLI-00379-000,5,1,0.8,0.7313815951347351,1,0.0034662296529859304
G2B,BraTS-GLI-00379-000,5,1,0.9,0.8646566867828369,1,0.019082071259617805
G2B,BraTS-GLI-00379-000,5,1,1.0,0.9374614953994751,1,0.10249815881252289
G2B,BraTS-GLI-01351-000,3,1,0.0,0.948250949382782,1,0.04412784427404404
G2B,BraTS-GLI-01351-000,3,1,0.1,0.9414515495300293,1,0.044515617191791534
G2B,BraTS-GLI-01351-000,3,1,0.2,0.9338209629058838,1,0.04503168165683746
G2B,BraTS-GLI-01351-000,3,1,0.3,0.9293829798698425,1,0.04575765132904053
G2B,BraTS-GLI-01351-000,3,1,0.4,0.9321674108505249,1,0.04684056341648102
G2B,BraTS-GLI-01351-000,3,1,0.5,0.9348498582839966,1,0.04854576289653778
G2B,BraTS-GLI-01351-000,3,1,0.6,0.9374334216117859,1,0.05135098844766617
G2B,BraTS-GLI-01351-000,3,1,0.7,0.9399210214614868,1,0.05615977942943573
G2B,BraTS-GLI-01351-000,3,1,0.8,0.9601355195045471,1,0.0652032196521759
G2B,BraTS-GLI-01351-000,3,1,0.9,0.9751635193824768,1,0.08689576387405396
G2B,BraTS-GLI-01351-000,3,1,1.0,0.9867175817489624,1,0.1583845168352127
G2B,BraTS-GLI-00456-000,4,1,0.0,0.999847412109375,1,0.0183258093893528
G2B,BraTS-GLI-00456-000,4,1,0.1,0.9997040629386902,1,0.018165061250329018
G2B,BraTS-GLI-00456-000,4,1,0.2,0.9994262456893921,1,0.018094461411237717
G2B,BraTS-GLI-00456-000,4,1,0.3,0.998887836933136,1,0.018185770139098167
G2B,BraTS-GLI-00456-000,4,1,0.4,0.9978454113006592,1,0.018541032448410988
G2B,BraTS-GLI-00456-000,4,1,0.5,0.9961982369422913,1,0.01931620202958584
G2B,BraTS-GLI-00456-000,4,1,0.6,0.9949241876602173,1,0.020800041034817696
G2B,BraTS-GLI-00456-000,4,1,0.7,0.9940778017044067,1,0.023650208488106728
G2B,BraTS-GLI-00456-000,4,1,0.8,0.9930911064147949,1,0.029624368995428085
G2B,BraTS-GLI-00456-000,4,1,0.9,0.9919415712356567,1,0.04360853508114815
G2B,BraTS-GLI-00456-000,4,1,1.0,0.9906026124954224,1,0.07839163392782211
G2B,BraTS-GLI-00793-000,2,1,0.0,1.0,1,0.0010125624248757958
G2B,BraTS-GLI-00793-000,2,1,0.1,1.0,1,0.001177930273115635
G2B,BraTS-GLI-00793-000,2,1,0.2,1.0,1,0.0013813356636092067
G2B,BraTS-GLI-00793-000,2,1,0.3,0.9999997615814209,1,0.001635282183997333
G2B,BraTS-GLI-00793-000,2,1,0.4,0.999998927116394,1,0.0019609290175139904
G2B,BraTS-GLI-00793-000,2,1,0.5,0.999993085861206,1,0.002405585953965783
G2B,BraTS-GLI-00793-000,2,1,0.6,0.9999592304229736,1,0.003119410015642643
G2B,BraTS-GLI-00793-000,2,1,0.7,0.9997579455375671,1,0.0047055319882929325
G2B,BraTS-GLI-00793-000,2,1,0.8,0.9985652565956116,1,0.009497486986219883
G2B,BraTS-GLI-00793-000,2,1,0.9,0.9915458559989929,1,0.024754595011472702
G2B,BraTS-GLI-00793-000,2,1,1.0,0.951840341091156,1,0.07920344918966293
G2B,BraTS-GLI-00139-000,3,1,0.0,0.9999997615814209,1,0.01010645367205143
G2B,BraTS-GLI-00139-000,3,1,0.1,0.9999991655349731,1,0.010231121443212032
G2B,BraTS-GLI-00139-000,3,1,0.2,0.9999964237213135,1,0.010387197136878967
G2B,BraTS-GLI-00139-000,3,1,0.3,0.9999853372573853,1,0.01059185341000557
G2B,BraTS-GLI-00139-000,3,1,0.4,0.9999417066574097,1,0.010878710076212883
G2B,BraTS-GLI-00139-000,3,1,0.5,0.999771773815155,1,0.011323786340653896
G2B,BraTS-GLI-00139-000,3,1,0.6,0.9991071820259094,1,0.012131896801292896
G2B,BraTS-GLI-00139-000,3,1,0.7,0.9967323541641235,1,0.01396874524652958
G2B,BraTS-GLI-00139-000,3,1,0.8,0.9897722601890564,1,0.01940484158694744
G2B,BraTS-GLI-00139-000,3,1,0.9,0.9684564471244812,1,0.03973427042365074
G2B,BraTS-GLI-00139-000,3,1,1.0,0.9110949635505676,1,0.1252555251121521
G2B,BraTS-GLI-00734-001,2,1,0.0,0.5582852959632874,1,0.00010795408161357045
G2B,BraTS-GLI-00734-001,2,1,0.1,0.6066624522209167,1,0.0002292333374498412
G2B,BraTS-GLI-00734-001,2,1,0.2,0.653033971786499,1,0.0004915674799121916
G2B,BraTS-GLI-00734-001,2,1,0.3,0.6966720223426819,1,0.001066448981873691
G2B,BraTS-GLI-00734-001,2,1,0.4,0.7370317578315735,1,0.002345255808904767
G2B,BraTS-GLI-00734-001,2,1,0.5,0.7737653851509094,1,0.005237608216702938
G2B,BraTS-GLI-00734-001,2,1,0.6,0.8067134022712708,1,0.011885106563568115
G2B,BraTS-GLI-00734-001,2,1,0.7,0.8358806371688843,1,0.02719786949455738
G2B,BraTS-GLI-00734-001,2,1,0.8,0.8614027500152588,1,0.06113167107105255
G2B,BraTS-GLI-00734-001,2,1,0.9,0.88350909948349,1,0.13131128251552582
G2B,BraTS-GLI-00734-001,2,1,1.0,0.9071548581123352,1,0.26917406916618347
G2B,BraTS-GLI-01391-000,9,1,0.0,1.0,1,0.018901998177170753
G2B,BraTS-GLI-01391-000,9,1,0.1,1.0,1,0.019119884818792343
G2B,BraTS-GLI-01391-000,9,1,0.2,1.0,1,0.0193935614079237
G2B,BraTS-GLI-01391-000,9,1,0.3,0.9999998807907104,1,0.019746186211705208
G2B,BraTS-GLI-01391-000,9,1,0.4,0.9999990463256836,1,0.020215243101119995
G2B,BraTS-GLI-01391-000,9,1,0.5,0.9999948740005493,1,0.020868180319666862
G2B,BraTS-GLI-01391-000,9,1,0.6,0.9999709129333496,1,0.021847384050488472
G2B,BraTS-GLI-01391-000,9,1,0.7,0.9998350143432617,1,0.02353212982416153
G2B,BraTS-GLI-01391-000,9,1,0.8,0.9991555213928223,1,0.02730935998260975
G2B,BraTS-GLI-01391-000,9,1,0.9,0.9956898093223572,1,0.04042257368564606
G2B,BraTS-GLI-01391-000,9,1,1.0,0.9783084988594055,1,0.11038725823163986
G2B,BraTS-GLI-00591-000,3,1,0.0,0.9200926423072815,1,0.004006615839898586
G2B,BraTS-GLI-00591-000,3,1,0.1,0.9028952121734619,1,0.004374521318823099
G2B,BraTS-GLI-00591-000,3,1,0.2,0.8824694156646729,1,0.004783096257597208
G2B,BraTS-GLI-00591-000,3,1,0.3,0.8584208488464355,1,0.00525943236425519
G2B,BraTS-GLI-00591-000,3,1,0.4,0.8303972482681274,1,0.005853651091456413
G2B,BraTS-GLI-00591-000,3,1,0.5,0.8269593119621277,1,0.00665671331807971
G2B,BraTS-GLI-00591-000,3,1,0.6,0.827373206615448,1,0.007831689901649952
G2B,BraTS-GLI-00591-000,3,1,0.7,0.8277862071990967,1,0.009671076200902462
G2B,BraTS-GLI-00591-000,3,1,0.8,0.8281984925270081,1,0.012723577208817005
G2B,BraTS-GLI-00591-000,3,1,0.9,0.8286098837852478,1,0.018170462921261787
G2B,BraTS-GLI-00591-000,3,1,1.0,0.8290206789970398,1,0.029105117544531822
G2B,BraTS-GLI-00466-000,4,1,0.0,1.0,1,0.001994038699194789
G2B,BraTS-GLI-00466-000,4,1,0.1,1.0,1,0.0020588652696460485
G2B,BraTS-GLI-00466-000,4,1,0.2,1.0,1,0.002133455593138933
G2B,BraTS-GLI-00466-000,4,1,0.3,1.0,1,0.002222258597612381
G2B,BraTS-GLI-00466-000,4,1,0.4,0.9999998807907104,1,0.002335665747523308
G2B,BraTS-GLI-00466-000,4,1,0.5,0.9999990463256836,1,0.0025025370996445417
G2B,BraTS-GLI-00466-000,4,1,0.6,0.9999921321868896,1,0.002817583968862891
G2B,BraTS-GLI-00466-000,4,1,0.7,0.9999465942382812,1,0.003647876437753439
G2B,BraTS-GLI-00466-000,4,1,0.8,0.9996436834335327,1,0.0066204131580889225
G2B,BraTS-GLI-00466-000,4,1,0.9,0.9976257681846619,1,0.01946290396153927
G2B,BraTS-GLI-00466-000,4,1,1.0,0.984357476234436,1,0.07804407179355621
G2B,BraTS-GLI-00088-000,5,1,0.0,1.0,1,3.4743752319599253e-09
G2B,BraTS-GLI-00088-000,5,1,0.1,0.9999998807907104,1,1.5148328813552325e-08
G2B,BraTS-GLI-00088-000,5,1,0.2,0.9999992847442627,1,6.84626613178807e-08
G2B,BraTS-GLI-00088-000,5,1,0.3,0.9999970197677612,1,3.21847636541861e-07
G2B,BraTS-GLI-00088-000,5,1,0.4,0.9999872446060181,1,1.5780419744260143e-06
G2B,BraTS-GLI-00088-000,5,1,0.5,0.9999455213546753,1,8.085333320195787e-06
G2B,BraTS-GLI-00088-000,5,1,0.6,0.9997664093971252,1,4.3350664782337844e-05
G2B,BraTS-GLI-00088-000,5,1,0.7,0.9990406632423401,1,0.0002434884663671255
G2B,BraTS-GLI-00088-000,5,1,0.8,0.9962564706802368,1,0.0014328736579045653
G2B,BraTS-GLI-00088-000,5,1,0.9,0.9888749122619629,1,0.008782648481428623
G2B,BraTS-GLI-00088-000,5,1,1.0,0.9769836068153381,1,0.0537286251783371
G2B,BraTS-GLI-01154-000,1,1,0.0,0.9999963045120239,1,0.0017789964331313968
G2B,BraTS-GLI-01154-000,1,1,0.1,0.9999897480010986,1,0.00175717833917588
G2B,BraTS-GLI-01154-000,1,1,0.2,0.999971866607666,1,0.0017389417625963688
G2B,BraTS-GLI-01154-000,1,1,0.3,0.999922513961792,1,0.0017272065160796046
G2B,BraTS-GLI-01154-000,1,1,0.4,0.9997866749763489,1,0.0017268292140215635
G2B,BraTS-GLI-01154-000,1,1,0.5,0.9994125366210938,1,0.0017466240096837282
G2B,BraTS-GLI-01154-000,1,1,0.6,0.9983837604522705,1,0.0018062618328258395
G2B,BraTS-GLI-01154-000,1,1,0.7,0.995560884475708,1,0.0019730357453227043
G2B,BraTS-GLI-01154-000,1,1,0.8,0.9878679513931274,1,0.002634388394653797
G2B,BraTS-GLI-01154-000,1,1,0.9,0.9672812223434448,1,0.0069261095486581326
G2B,BraTS-GLI-01154-000,1,1,1.0,0.9438889026641846,1,0.04341147094964981
G2B,BraTS-GLI-00022-001,2,1,0.0,0.9999936819076538,1,0.000442355900304392
G2B,BraTS-GLI-00022-001,2,1,0.1,0.9999833106994629,1,0.00046723216655664146
G2B,BraTS-GLI-00022-001,2,1,0.2,0.9999558925628662,1,0.0004928290727548301
G2B,BraTS-GLI-00022-001,2,1,0.3,0.9998832941055298,1,0.000519582477863878
G2B,BraTS-GLI-00022-001,2,1,0.4,0.9996912479400635,1,0.0005491228657774627
G2B,BraTS-GLI-00022-001,2,1,0.5,0.9991832375526428,1,0.0005874432390555739
G2B,BraTS-GLI-00022-001,2,1,0.6,0.9978413581848145,1,0.0006580884801223874
G2B,BraTS-GLI-00022-001,2,1,0.7,0.9946097135543823,1,0.0008648114744573832
G2B,BraTS-GLI-00022-001,2,1,0.8,0.9888943433761597,1,0.00173769926186651
G2B,BraTS-GLI-00022-001,2,1,0.9,0.978471577167511,1,0.006465389393270016
G2B,BraTS-GLI-00022-001,2,1,1.0,0.9622811675071716,1,0.03688856214284897
G2B,BraTS-GLI-00019-000,2,1,0.0,0.9992973804473877,1,9.33113053491752e-09
G2B,BraTS-GLI-00019-000,2,1,0.1,0.9988203644752502,1,4.168292022654896e-08
G2B,BraTS-GLI-00019-000,2,1,0.2,0.9980199337005615,1,1.9063146794451313e-07
G2B,BraTS-GLI-00019-000,2,1,0.3,0.996732234954834,1,8.918260050450044e-07
G2B,BraTS-GLI-00019-000,2,1,0.4,0.9946905970573425,1,4.263262326276163e-06
G2B,BraTS-GLI-00019-000,2,1,0.5,0.9913846254348755,1,2.0799738194909878e-05
G2B,BraTS-GLI-00019-000,2,1,0.6,0.9860490560531616,1,0.0001034381493809633
G2B,BraTS-GLI-00019-000,2,1,0.7,0.9832127690315247,1,0.000523575465194881
G2B,BraTS-GLI-00019-000,2,1,0.8,0.9816630482673645,1,0.002690108260139823
G2B,BraTS-GLI-00019-000,2,1,0.9,0.979973316192627,1,0.013897817581892014
G2B,BraTS-GLI-00019-000,2,1,1.0,0.9781312346458435,1,0.06922239065170288
G2B,BraTS-GLI-00328-000,20,1,0.0,0.9996404647827148,1,0.039029184728860855
G2B,BraTS-GLI-00328-000,20,1,0.1,0.9993509650230408,1,0.03935227170586586
G2B,BraTS-GLI-00328-000,20,1,0.2,0.9988284707069397,1,0.03972527012228966
G2B,BraTS-GLI-00328-000,20,1,0.3,0.9978861212730408,1,0.040177904069423676
G2B,BraTS-GLI-00328-000,20,1,0.4,0.9961888194084167,1,0.040782008320093155
G2B,BraTS-GLI-00328-000,20,1,0.5,0.9931378960609436,1,0.04174431413412094
G2B,BraTS-GLI-00328-000,20,1,0.6,0.9876751899719238,1,0.043723974376916885
G2B,BraTS-GLI-00328-000,20,1,0.7,0.977959930896759,1,0.04876263067126274
G2B,BraTS-GLI-00328-000,20,1,0.8,0.9618059396743774,1,0.0620732344686985
G2B,BraTS-GLI-00328-000,20,1,0.9,0.9830027222633362,1,0.09536603093147278
G2B,BraTS-GLI-00328-000,20,1,1.0,0.9969141483306885,1,0.18253812193870544
G2B,BraTS-GLI-01230-000,1,1,0.0,1.0,1,0.04618727043271065
G2B,BraTS-GLI-01230-000,1,1,0.1,1.0,1,0.04610259458422661
G2B,BraTS-GLI-01230-000,1,1,0.2,1.0,1,0.04601190984249115
G2B,BraTS-GLI-01230-000,1,1,0.3,1.0,1,0.045917920768260956
G2B,BraTS-GLI-01230-000,1,1,0.4,1.0,1,0.04582783207297325
G2B,BraTS-GLI-01230-000,1,1,0.5,0.9999996423721313,1,0.04576065391302109
G2B,BraTS-GLI-01230-000,1,1,0.6,0.9999961853027344,1,0.045771390199661255
G2B,BraTS-GLI-01230-000,1,1,0.7,0.999955415725708,1,0.04605250433087349
G2B,BraTS-GLI-01230-000,1,1,0.8,0.9995036125183105,1,0.04746494069695473
G2B,BraTS-GLI-01230-000,1,1,0.9,0.9946685433387756,1,0.05487396568059921
G2B,BraTS-GLI-01230-000,1,1,1.0,0.9536551237106323,1,0.09894087165594101
G2B,BraTS-GLI-01498-000,36,1,0.0,0.9988195300102234,1,0.04036451503634453
G2B,BraTS-GLI-01498-000,36,1,0.1,0.9979962110519409,1,0.04017704352736473
G2B,BraTS-GLI-01498-000,36,1,0.2,0.9966008067131042,1,0.03994404524564743
G2B,BraTS-GLI-01498-000,36,1,0.3,0.994239091873169,1,0.039658322930336
G2B,BraTS-GLI-01498-000,36,1,0.4,0.9902526140213013,1,0.03931964933872223
G2B,BraTS-GLI-01498-000,36,1,0.5,0.9835531711578369,1,0.03894945606589317
G2B,BraTS-GLI-01498-000,36,1,0.6,0.9759677648544312,1,0.03862977400422096
G2B,BraTS-GLI-01498-000,36,1,0.7,0.9653051495552063,1,0.038619011640548706
G2B,BraTS-GLI-01498-000,36,1,0.8,0.9501531720161438,1,0.039772018790245056
G2B,BraTS-GLI-01498-000,36,1,0.9,0.9288718104362488,1,0.045563146471977234
G2B,BraTS-GLI-01498-000,36,1,1.0,0.9023287296295166,1,0.07510804384946823
detected,BraTS-GLI-01153-000,1,2,0.0,0.9999996423721313,1,0.0006298112566582859
detected,BraTS-GLI-01153-000,1,2,0.1,0.999998927116394,1,0.0007552168099209666
detected,BraTS-GLI-01153-000,1,2,0.2,0.9999959468841553,1,0.0009246553527191281
detected,BraTS-GLI-01153-000,1,2,0.3,0.999985933303833,1,0.00116814230568707
detected,BraTS-GLI-01153-000,1,2,0.4,0.9999501705169678,1,0.0015427805483341217
detected,BraTS-GLI-01153-000,1,2,0.5,0.9998238682746887,1,0.002162111224606633
detected,BraTS-GLI-01153-000,1,2,0.6,0.999377965927124,1,0.0032690069638192654
detected,BraTS-GLI-01153-000,1,2,0.7,0.9978060126304626,1,0.005457573104649782
detected,BraTS-GLI-01153-000,1,2,0.8,0.9924226403236389,1,0.010544118471443653
detected,BraTS-GLI-01153-000,1,2,0.9,0.9781429767608643,1,0.025791257619857788
detected,BraTS-GLI-01153-000,1,2,1.0,0.9567038416862488,1,0.08571092039346695
detected,BraTS-GLI-01308-000,1,2,0.0,1.0,1,0.033921290189027786
detected,BraTS-GLI-01308-000,1,2,0.1,1.0,1,0.03402914106845856
detected,BraTS-GLI-01308-000,1,2,0.2,1.0,1,0.034177884459495544
detected,BraTS-GLI-01308-000,1,2,0.3,1.0,1,0.03439241647720337
detected,BraTS-GLI-01308-000,1,2,0.4,1.0,1,0.03471556305885315
detected,BraTS-GLI-01308-000,1,2,0.5,0.9999995231628418,1,0.03522377461194992
detected,BraTS-GLI-01308-000,1,2,0.6,0.999994158744812,1,0.03606690838932991
detected,BraTS-GLI-01308-000,1,2,0.7,0.9999386072158813,1,0.03759071230888367
detected,BraTS-GLI-01308-000,1,2,0.8,0.9993602633476257,1,0.040832068771123886
detected,BraTS-GLI-01308-000,1,2,0.9,0.993365466594696,1,0.05062471330165863
detected,BraTS-GLI-01308-000,1,2,1.0,0.9348658919334412,1,0.09881076216697693
detected,BraTS-GLI-00177-000,2,2,0.0,0.9999998807907104,1,0.150635227560997
detected,BraTS-GLI-00177-000,2,2,0.1,0.9999997615814209,1,0.15076114237308502
detected,BraTS-GLI-00177-000,2,2,0.2,0.9999991655349731,1,0.15100692212581635
detected,BraTS-GLI-00177-000,2,2,0.3,0.9999967813491821,1,0.1514110565185547
detected,BraTS-GLI-00177-000,2,2,0.4,0.999988317489624,1,0.15203063189983368
detected,BraTS-GLI-00177-000,2,2,0.5,0.9999569654464722,1,0.15296366810798645
detected,BraTS-GLI-00177-000,2,2,0.6,0.999841570854187,1,0.15443825721740723
detected,BraTS-GLI-00177-000,2,2,0.7,0.9994176626205444,1,0.15724289417266846
detected,BraTS-GLI-00177-000,2,2,0.8,0.9978614449501038,1,0.16474269330501556
detected,BraTS-GLI-00177-000,2,2,0.9,0.9921784400939941,1,0.1876640021800995
detected,BraTS-GLI-00177-000,2,2,1.0,0.9718208312988281,1,0.24516086280345917
detected,BraTS-GLI-01053-000,13,2,0.0,1.0,1,0.6930744051933289
detected,BraTS-GLI-01053-000,13,2,0.1,1.0,1,0.6916690468788147
detected,BraTS-GLI-01053-000,13,2,0.2,0.9999998807907104,1,0.6899457573890686
detected,BraTS-GLI-01053-000,13,2,0.3,0.9999991655349731,1,0.6877986788749695
detected,BraTS-GLI-01053-000,13,2,0.4,0.9999953508377075,1,0.6850448250770569
detected,BraTS-GLI-01053-000,13,2,0.5,0.999974250793457,1,0.6813260316848755
detected,BraTS-GLI-01053-000,13,2,0.6,0.9998584985733032,1,0.6758546233177185
detected,BraTS-GLI-01053-000,13,2,0.7,0.9992228746414185,1,0.6667255163192749
detected,BraTS-GLI-01053-000,13,2,0.8,0.9957424998283386,1,0.6489421725273132
detected,BraTS-GLI-01053-000,13,2,0.9,0.9770317673683167,1,0.6087691783905029
detected,BraTS-GLI-01053-000,13,2,1.0,0.8855432868003845,1,0.5138024687767029
detected,BraTS-GLI-00124-000,26,2,0.0,1.0,1,0.9473980665206909
detected,BraTS-GLI-00124-000,26,2,0.1,1.0,1,0.9474890828132629
detected,BraTS-GLI-00124-000,26,2,0.2,1.0,1,0.9475868940353394
detected,BraTS-GLI-00124-000,26,2,0.3,0.9999998807907104,1,0.9476764798164368
detected,BraTS-GLI-00124-000,26,2,0.4,0.9999991655349731,1,0.9477185606956482
detected,BraTS-GLI-00124-000,26,2,0.5,0.9999924898147583,1,0.9476038813591003
detected,BraTS-GLI-00124-000,26,2,0.6,0.9999353885650635,1,0.9469699859619141
detected,BraTS-GLI-00124-000,26,2,0.7,0.9994502663612366,1,0.9443374276161194
detected,BraTS-GLI-00124-000,26,2,0.8,0.9958983063697815,1,0.932576596736908
detected,BraTS-GLI-00124-000,26,2,0.9,0.974841296672821,1,0.8763519525527954
detected,BraTS-GLI-00124-000,26,2,1.0,0.8607920408248901,1,0.6605283617973328
detected,BraTS-GLI-01053-000,48,2,0.0,1.0,1,0.26356056332588196
detected,BraTS-GLI-01053-000,48,2,0.1,1.0,1,0.2634064555168152
detected,BraTS-GLI-01053-000,48,2,0.2,0.9999998807907104,1,0.2632329761981964
detected,BraTS-GLI-01053-000,48,2,0.3,0.9999995231628418,1,0.26304349303245544
detected,BraTS-GLI-01053-000,48,2,0.4,0.9999970197677612,1,0.2628478407859802
detected,BraTS-GLI-01053-000,48,2,0.5,0.9999818801879883,1,0.26266664266586304
detected,BraTS-GLI-01053-000,48,2,0.6,0.9998877048492432,1,0.2625380754470825
detected,BraTS-GLI-01053-000,48,2,0.7,0.9993059635162354,1,0.2625257670879364
detected,BraTS-GLI-01053-000,48,2,0.8,0.9957209229469299,1,0.262719988822937
detected,BraTS-GLI-01053-000,48,2,0.9,0.9740967750549316,1,0.2632390260696411
detected,BraTS-GLI-01053-000,48,2,1.0,0.8888375759124756,1,0.26481741666793823
detected,BraTS-GLI-00494-001,4,2,0.0,1.0,1,0.7898547649383545
detected,BraTS-GLI-00494-001,4,2,0.1,0.9999998807907104,1,0.7875059843063354
detected,BraTS-GLI-00494-001,4,2,0.2,0.9999996423721313,1,0.7846007347106934
detected,BraTS-GLI-00494-001,4,2,0.3,0.9999977350234985,1,0.7809228897094727
detected,BraTS-GLI-00494-001,4,2,0.4,0.9999880790710449,1,0.7761112451553345
detected,BraTS-GLI-00494-001,4,2,0.5,0.9999352693557739,1,0.7694984078407288
detected,BraTS-GLI-00494-001,4,2,0.6,0.999650239944458,1,0.7597235441207886
detected,BraTS-GLI-00494-001,4,2,0.7,0.9981123208999634,1,0.7437039017677307
detected,BraTS-GLI-00494-001,4,2,0.8,0.9898806810379028,1,0.7137203812599182
detected,BraTS-GLI-00494-001,4,2,0.9,0.9476372599601746,1,0.6496835947036743
detected,BraTS-GLI-00494-001,4,2,1.0,0.7803869247436523,1,0.5116976499557495
detected,BraTS-GLI-00999-000,8,2,0.0,0.999997615814209,1,0.10811062902212143
detected,BraTS-GLI-00999-000,8,2,0.1,0.9999929666519165,1,0.10789305716753006
detected,BraTS-GLI-00999-000,8,2,0.2,0.9999791383743286,1,0.10773764550685883
detected,BraTS-GLI-00999-000,8,2,0.3,0.9999387264251709,1,0.10770007222890854
detected,BraTS-GLI-00999-000,8,2,0.4,0.999819815158844,1,0.10787510126829147
detected,BraTS-GLI-00999-000,8,2,0.5,0.9994705319404602,1,0.10842541605234146
detected,BraTS-GLI-00999-000,8,2,0.6,0.9984446167945862,1,0.10963761806488037
detected,BraTS-GLI-00999-000,8,2,0.7,0.9954406023025513,1,0.11204387992620468
detected,BraTS-GLI-00999-000,8,2,0.8,0.9867120981216431,1,0.11672911047935486
detected,BraTS-GLI-00999-000,8,2,0.9,0.9619125127792358,1,0.1262052059173584
detected,BraTS-GLI-00999-000,8,2,1.0,0.9101693034172058,1,0.14680422842502594
detected,BraTS-GLI-01506-000,15,2,0.0,0.9999899864196777,1,0.31923288106918335
detected,BraTS-GLI-01506-000,15,2,0.1,0.9999715089797974,1,0.3179459869861603
detected,BraTS-GLI-01506-000,15,2,0.2,0.9999195337295532,1,0.3164428770542145
detected,BraTS-GLI-01506-000,15,2,0.3,0.9997723698616028,1,0.3146447241306305
detected,BraTS-GLI-01506-000,15,2,0.4,0.999356210231781,1,0.3124251961708069
detected,BraTS-GLI-01506-000,15,2,0.5,0.9981809854507446,1,0.30957138538360596
detected,BraTS-GLI-01506-000,15,2,0.6,0.9948711395263672,1,0.30571448802948
detected,BraTS-GLI-01506-000,15,2,0.7,0.9856258034706116,1,0.30024459958076477
detected,BraTS-GLI-01506-000,15,2,0.8,0.9603783488273621,1,0.2923927903175354
detected,BraTS-GLI-01506-000,15,2,0.9,0.8963128328323364,1,0.2823631465435028
detected,BraTS-GLI-01506-000,15,2,1.0,0.7980608940124512,1,0.27595987915992737
detected,BraTS-GLI-00657-000,8,2,0.0,0.9971358776092529,1,0.00853807758539915
detected,BraTS-GLI-00657-000,8,2,0.1,0.995726466178894,1,0.008609499782323837
detected,BraTS-GLI-00657-000,8,2,0.2,0.9936277866363525,1,0.008742458187043667
detected,BraTS-GLI-00657-000,8,2,0.3,0.9905085563659668,1,0.00896954070776701
detected,BraTS-GLI-00657-000,8,2,0.4,0.9858840107917786,1,0.009340832009911537
detected,BraTS-GLI-00657-000,8,2,0.5,0.9790537357330322,1,0.009935594163835049
detected,BraTS-GLI-00657-000,8,2,0.6,0.9690226316452026,1,0.010885447263717651
detected,BraTS-GLI-00657-000,8,2,0.7,0.9544112682342529,1,0.012425108812749386
detected,BraTS-GLI-00657-000,8,2,0.8,0.9333818554878235,1,0.015013699419796467
detected,BraTS-GLI-00657-000,8,2,0.9,0.9036312699317932,1,0.019647909328341484
detected,BraTS-GLI-00657-000,8,2,1.0,0.862551212310791,1,0.0287172831594944
detected,BraTS-GLI-00654-001,4,2,0.0,1.0,1,0.02136242762207985
detected,BraTS-GLI-00654-001,4,2,0.1,0.9999997615814209,1,0.02190563455224037
detected,BraTS-GLI-00654-001,4,2,0.2,0.999998927116394,1,0.022598931565880775
detected,BraTS-GLI-00654-001,4,2,0.3,0.9999957084655762,1,0.02349436841905117
detected,BraTS-GLI-00654-001,4,2,0.4,0.9999818801879883,1,0.02466690167784691
detected,BraTS-GLI-00654-001,4,2,0.5,0.999923825263977,1,0.026228545233607292
detected,BraTS-GLI-00654-001,4,2,0.6,0.9996792078018188,1,0.02835657075047493
detected,BraTS-GLI-00654-001,4,2,0.7,0.9986500144004822,1,0.03135646507143974
detected,BraTS-GLI-00654-001,4,2,0.8,0.9943379759788513,1,0.03582029789686203
detected,BraTS-GLI-00654-001,4,2,0.9,0.9765754342079163,1,0.04307176545262337
detected,BraTS-GLI-00654-001,4,2,1.0,0.9436711668968201,1,0.05654871091246605
detected,BraTS-GLI-00284-000,4,2,0.0,1.0,1,0.05940810963511467
detected,BraTS-GLI-00284-000,4,2,0.1,1.0,1,0.05956262722611427
detected,BraTS-GLI-00284-000,4,2,0.2,1.0,1,0.05976201966404915
detected,BraTS-GLI-00284-000,4,2,0.3,1.0,1,0.06001938879489899
detected,BraTS-GLI-00284-000,4,2,0.4,1.0,1,0.0603543259203434
detected,BraTS-GLI-00284-000,4,2,0.5,1.0,1,0.06080004200339317
detected,BraTS-GLI-00284-000,4,2,0.6,0.9999994039535522,1,0.06142237037420273
detected,BraTS-GLI-00284-000,4,2,0.7,0.9999915361404419,1,0.0623859204351902
detected,BraTS-GLI-00284-000,4,2,0.8,0.9998672008514404,1,0.06432515382766724
detected,BraTS-GLI-00284-000,4,2,0.9,0.9979288578033447,1,0.07145991176366806
detected,BraTS-GLI-00284-000,4,2,1.0,0.9685890674591064,1,0.11940671503543854
detected,BraTS-GLI-01079-000,6,2,0.0,0.897852897644043,1,0.013328954577445984
detected,BraTS-GLI-01079-000,6,2,0.1,0.8862109780311584,1,0.013806488364934921
detected,BraTS-GLI-01079-000,6,2,0.2,0.8734294176101685,1,0.014378083869814873
detected,BraTS-GLI-01079-000,6,2,0.3,0.8594398498535156,1,0.015070454217493534
detected,BraTS-GLI-01079-000,6,2,0.4,0.8441798686981201,1,0.015927404165267944
detected,BraTS-GLI-01079-000,6,2,0.5,0.8275954723358154,1,0.01702655479311943
detected,BraTS-GLI-01079-000,6,2,0.6,0.8096439838409424,1,0.01851591467857361
detected,BraTS-GLI-01079-000,6,2,0.7,0.7902970314025879,1,0.020697489380836487
detected,BraTS-GLI-01079-000,6,2,0.8,0.7695434093475342,1,0.024230126291513443
detected,BraTS-GLI-01079-000,6,2,0.9,0.7473922967910767,1,0.030718578025698662
detected,BraTS-GLI-01079-000,6,2,1.0,0.7238759398460388,1,0.046444930136203766
detected,BraTS-GLI-00654-000,7,2,0.0,0.9999983310699463,1,0.0277739018201828
detected,BraTS-GLI-00654-000,7,2,0.1,0.9999946355819702,1,0.027803467586636543
detected,BraTS-GLI-00654-000,7,2,0.2,0.9999818801879883,1,0.02785448171198368
detected,BraTS-GLI-00654-000,7,2,0.3,0.9999390840530396,1,0.02794044092297554
detected,BraTS-GLI-00654-000,7,2,0.4,0.9997956156730652,1,0.02808579057455063
detected,BraTS-GLI-00654-000,7,2,0.5,0.9993140697479248,1,0.02833779715001583
detected,BraTS-GLI-00654-000,7,2,0.6,0.9977009892463684,1,0.02879495732486248
detected,BraTS-GLI-00654-000,7,2,0.7,0.9929081201553345,1,0.0296798013150692
detected,BraTS-GLI-00654-000,7,2,0.8,0.983084499835968,1,0.03153758868575096
detected,BraTS-GLI-00654-000,7,2,0.9,0.9601990580558777,1,0.03582005202770233
detected,BraTS-GLI-00654-000,7,2,1.0,0.9092108011245728,1,0.04679228737950325
detected,BraTS-GLI-00304-000,24,2,0.0,0.9999996423721313,1,0.6076343059539795
detected,BraTS-GLI-00304-000,24,2,0.1,0.9999985694885254,1,0.6074559092521667
detected,BraTS-GLI-00304-000,24,2,0.2,0.9999935626983643,1,0.6072281002998352
detected,BraTS-GLI-00304-000,24,2,0.3,0.9999725818634033,1,0.6069270968437195
detected,BraTS-GLI-00304-000,24,2,0.4,0.9998819828033447,1,0.6065163016319275
detected,BraTS-GLI-00304-000,24,2,0.5,0.9994933605194092,1,0.605914831161499
detected,BraTS-GLI-00304-000,24,2,0.6,0.9978266358375549,1,0.6048587560653687
detected,BraTS-GLI-00304-000,24,2,0.7,0.990728497505188,1,0.6022312045097351
detected,BraTS-GLI-00304-000,24,2,0.8,0.9613447785377502,1,0.592905580997467
detected,BraTS-GLI-00304-000,24,2,0.9,0.8526842594146729,1,0.5543450117111206
detected,BraTS-GLI-00304-000,24,2,1.0,0.6659330129623413,1,0.4272972047328949
detected,BraTS-GLI-00388-000,5,2,0.0,1.0,1,0.1939314305782318
detected,BraTS-GLI-00388-000,5,2,0.1,0.9999998807907104,1,0.19431307911872864
detected,BraTS-GLI-00388-000,5,2,0.2,0.9999995231628418,1,0.19475755095481873
detected,BraTS-GLI-00388-000,5,2,0.3,0.9999977350234985,1,0.195280060172081
detected,BraTS-GLI-00388-000,5,2,0.4,0.9999884366989136,1,0.1959032416343689
detected,BraTS-GLI-00388-000,5,2,0.5,0.9999432563781738,1,0.1966668963432312
detected,BraTS-GLI-00388-000,5,2,0.6,0.9997227787971497,1,0.19765999913215637
detected,BraTS-GLI-00388-000,5,2,0.7,0.9986478686332703,1,0.1991480588912964
detected,BraTS-GLI-00388-000,5,2,0.8,0.9934313893318176,1,0.202154278755188
detected,BraTS-GLI-00388-000,5,2,0.9,0.9695559740066528,1,0.21153202652931213
detected,BraTS-GLI-00388-000,5,2,1.0,0.8784067630767822,1,0.2530824840068817
detected,BraTS-GLI-00290-000,14,2,0.0,4.636032826965675e-05,0,1.944409291354532e-07
detected,BraTS-GLI-00290-000,14,2,0.1,0.00015263147361110896,0,7.153080900934583e-07
detected,BraTS-GLI-00290-000,14,2,0.2,0.0005023836274631321,0,2.6521033760218415e-06
detected,BraTS-GLI-00290-000,14,2,0.3,0.0016522634541615844,0,9.926219718181528e-06
detected,BraTS-GLI-00290-000,14,2,0.4,0.005419772583991289,0,3.757526064873673e-05
detected,BraTS-GLI-00290-000,14,2,0.5,0.0176263228058815,0,0.000144158853800036
detected,BraTS-GLI-00290-000,14,2,0.6,0.05578283220529556,0,0.000561454042326659
detected,BraTS-GLI-00290-000,14,2,0.7,0.16284631192684174,0,0.002218357054516673
detected,BraTS-GLI-00290-000,14,2,0.8,0.3904283046722412,0,0.00881974957883358
detected,BraTS-GLI-00290-000,14,2,0.9,0.6783448457717896,1,0.03440714254975319
detected,BraTS-GLI-00290-000,14,2,1.0,0.8741174340248108,1,0.12503552436828613
detected,BraTS-GLI-01053-000,15,2,0.0,0.9999985694885254,1,0.5872238278388977
detected,BraTS-GLI-01053-000,15,2,0.1,0.9999948740005493,1,0.5863063335418701
detected,BraTS-GLI-01053-000,15,2,0.2,0.9999812841415405,1,0.5851343870162964
detected,BraTS-GLI-01053-000,15,2,0.3,0.9999312162399292,1,0.5835718512535095
detected,BraTS-GLI-01053-000,15,2,0.4,0.999747097492218,1,0.5813726782798767
detected,BraTS-GLI-01053-000,15,2,0.5,0.999075174331665,1,0.5780482888221741
detected,BraTS-GLI-01053-000,15,2,0.6,0.9967960715293884,1,0.5725181698799133
detected,BraTS-GLI-01053-000,15,2,0.7,0.9890589118003845,1,0.5621258020401001
detected,BraTS-GLI-01053-000,15,2,0.8,0.9693400859832764,1,0.5399193167686462
detected,BraTS-GLI-01053-000,15,2,0.9,0.9170628786087036,1,0.4892770051956177
detected,BraTS-GLI-01053-000,15,2,1.0,0.7945420145988464,1,0.38975459337234497
detected,BraTS-GLI-01412-000,5,2,0.0,0.9999942779541016,1,0.1682075560092926
detected,BraTS-GLI-01412-000,5,2,0.1,0.9999831914901733,1,0.1690569818019867
detected,BraTS-GLI-01412-000,5,2,0.2,0.9999501705169678,1,0.1700746715068817
detected,BraTS-GLI-01412-000,5,2,0.3,0.9998528957366943,1,0.17132975161075592
detected,BraTS-GLI-01412-000,5,2,0.4,0.9995655417442322,1,0.17293432354927063
detected,BraTS-GLI-01412-000,5,2,0.5,0.9987176656723022,1,0.1750759482383728
detected,BraTS-GLI-01412-000,5,2,0.6,0.9962217807769775,1,0.1780891716480255
detected,BraTS-GLI-01412-000,5,2,0.7,0.9889215230941772,1,0.18266965448856354
detected,BraTS-GLI-01412-000,5,2,0.8,0.9679696559906006,1,0.1907440423965454
detected,BraTS-GLI-01412-000,5,2,0.9,0.9109604954719543,1,0.20972056686878204
detected,BraTS-GLI-01412-000,5,2,1.0,0.80380779504776,1,0.2725370228290558
detected,BraTS-GLI-00304-000,25,2,0.0,0.9999998807907104,1,0.877614438533783
detected,BraTS-GLI-00304-000,25,2,0.1,0.9999995231628418,1,0.8747892379760742
detected,BraTS-GLI-00304-000,25,2,0.2,0.9999978542327881,1,0.8712144494056702
detected,BraTS-GLI-00304-000,25,2,0.3,0.9999892711639404,1,0.8665319681167603
detected,BraTS-GLI-00304-000,25,2,0.4,0.9999462366104126,1,0.8602138161659241
detected,BraTS-GLI-00304-000,25,2,0.5,0.9997313618659973,1,0.8514531850814819
detected,BraTS-GLI-00304-000,25,2,0.6,0.9986943602561951,1,0.8387681841850281
detected,BraTS-GLI-00304-000,25,2,0.7,0.9940551519393921,1,0.8184831142425537
detected,BraTS-GLI-00304-000,25,2,0.8,0.973373293876648,1,0.7793038487434387
detected,BraTS-GLI-00304-000,25,2,0.9,0.8887887001037598,1,0.6853715777397156
detected,BraTS-GLI-00304-000,25,2,1.0,0.6359897255897522,1,0.4658474028110504
detected,BraTS-GLI-01135-000,14,2,0.0,0.9999998807907104,1,0.5310989022254944
detected,BraTS-GLI-01135-000,14,2,0.1,0.9999997615814209,1,0.5302943587303162
detected,BraTS-GLI-01135-000,14,2,0.2,0.9999988079071045,1,0.5293225049972534
detected,BraTS-GLI-01135-000,14,2,0.3,0.9999951124191284,1,0.5281088352203369
detected,BraTS-GLI-01135-000,14,2,0.4,0.999980092048645,1,0.526534378528595
detected,BraTS-GLI-01135-000,14,2,0.5,0.9999192953109741,1,0.5244097709655762
detected,BraTS-GLI-01135-000,14,2,0.6,0.9996722936630249,1,0.5214126706123352
detected,BraTS-GLI-01135-000,14,2,0.7,0.9986692667007446,1,0.5168984532356262
detected,BraTS-GLI-01135-000,14,2,0.8,0.9948758482933044,1,0.5092733502388
detected,BraTS-GLI-01135-000,14,2,0.9,0.9809572696685791,1,0.4939894378185272
detected,BraTS-GLI-01135-000,14,2,1.0,0.9318227767944336,1,0.4587847888469696
detected,BraTS-GLI-01079-000,19,2,0.0,0.999991774559021,1,0.04175843298435211
detected,BraTS-GLI-01079-000,19,2,0.1,0.9999783039093018,1,0.04193393141031265
detected,BraTS-GLI-01079-000,19,2,0.2,0.9999462366104126,1,0.04215535148978233
detected,BraTS-GLI-01079-000,19,2,0.3,0.9998677968978882,1,0.042444679886102676
detected,BraTS-GLI-01079-000,19,2,0.4,0.9996747970581055,1,0.04283292591571808
detected,BraTS-GLI-01079-000,19,2,0.5,0.9991999268531799,1,0.04336433857679367
detected,BraTS-GLI-01079-000,19,2,0.6,0.9980329871177673,1,0.044106245040893555
detected,BraTS-GLI-01079-000,19,2,0.7,0.9951726794242859,1,0.045176781713962555
detected,BraTS-GLI-01079-000,19,2,0.8,0.9882016777992249,1,0.04682960733771324
detected,BraTS-GLI-01079-000,19,2,0.9,0.9714534282684326,1,0.049729201942682266
detected,BraTS-GLI-01079-000,19,2,1.0,0.932552695274353,1,0.0558953620493412
detected,BraTS-GLI-01135-000,10,2,0.0,0.9999709129333496,1,0.19767647981643677
detected,BraTS-GLI-01135-000,10,2,0.1,0.999933123588562,1,0.19847051799297333
detected,BraTS-GLI-01135-000,10,2,0.2,0.9998462200164795,1,0.19977636635303497
detected,BraTS-GLI-01135-000,10,2,0.3,0.9996465444564819,1,0.2018371969461441
detected,BraTS-GLI-01135-000,10,2,0.4,0.9991875290870667,1,0.2050243318080902
detected,BraTS-GLI-01135-000,10,2,0.5,0.9981333613395691,1,0.21003715693950653
detected,BraTS-GLI-01135-000,10,2,0.6,0.9959354400634766,1,0.21839185059070587
detected,BraTS-GLI-01135-000,10,2,0.7,0.9940549731254578,1,0.23289699852466583
detected,BraTS-GLI-01135-000,10,2,0.8,0.9913119673728943,1,0.2582116425037384
detected,BraTS-GLI-01135-000,10,2,0.9,0.9873195886611938,1,0.2995504140853882
detected,BraTS-GLI-01135-000,10,2,1.0,0.9868661761283875,1,0.35534438490867615
detected,BraTS-GLI-00999-000,58,2,0.0,0.9983818531036377,1,0.06782015413045883
detected,BraTS-GLI-00999-000,58,2,0.1,0.9973146319389343,1,0.06825623661279678
detected,BraTS-GLI-00999-000,58,2,0.2,0.9955466985702515,1,0.06879735738039017
detected,BraTS-GLI-00999-000,58,2,0.3,0.9926234483718872,1,0.06950274854898453
detected,BraTS-GLI-00999-000,58,2,0.4,0.9878047704696655,1,0.07047341763973236
detected,BraTS-GLI-00999-000,58,2,0.5,0.9799022674560547,1,0.0718880221247673
detected,BraTS-GLI-00999-000,58,2,0.6,0.9670493602752686,1,0.0740770623087883
detected,BraTS-GLI-00999-000,58,2,0.7,0.946426510810852,1,0.0776834636926651
detected,BraTS-GLI-00999-000,58,2,0.8,0.9140434265136719,1,0.08402137458324432
detected,BraTS-GLI-00999-000,58,2,0.9,0.8648809194564819,1,0.09588119387626648
detected,BraTS-GLI-00999-000,58,2,1.0,0.7939388155937195,1,0.11922395974397659
detected,BraTS-GLI-01143-000,2,2,0.0,0.9999998807907104,1,0.7487461566925049
detected,BraTS-GLI-01143-000,2,2,0.1,0.9999995231628418,1,0.7476769685745239
detected,BraTS-GLI-01143-000,2,2,0.2,0.9999977350234985,1,0.7462567687034607
detected,BraTS-GLI-01143-000,2,2,0.3,0.9999902248382568,1,0.7442800998687744
detected,BraTS-GLI-01143-000,2,2,0.4,0.9999585151672363,1,0.7413617968559265
detected,BraTS-GLI-01143-000,2,2,0.5,0.9998226761817932,1,0.7367327809333801
detected,BraTS-GLI-01143-000,2,2,0.6,0.9992437362670898,1,0.7287716865539551
detected,BraTS-GLI-01143-000,2,2,0.7,0.9970141649246216,1,0.7139572501182556
detected,BraTS-GLI-01143-000,2,2,0.8,0.9882887601852417,1,0.6848313212394714
detected,BraTS-GLI-01143-000,2,2,0.9,0.955797016620636,1,0.6281102895736694
detected,BraTS-GLI-01143-000,2,2,1.0,0.8574467897415161,1,0.5329978466033936
detected,BraTS-GLI-01087-000,4,2,0.0,0.9999940395355225,1,0.049899835139513016
detected,BraTS-GLI-01087-000,4,2,0.1,0.9999839067459106,1,0.04970703274011612
detected,BraTS-GLI-01087-000,4,2,0.2,0.9999568462371826,1,0.04948214069008827
detected,BraTS-GLI-01087-000,4,2,0.3,0.9998842477798462,1,0.04922410473227501
detected,BraTS-GLI-01087-000,4,2,0.4,0.9996899366378784,1,0.04893730208277702
detected,BraTS-GLI-01087-000,4,2,0.5,0.9991694688796997,1,0.04864002391695976
detected,BraTS-GLI-01087-000,4,2,0.6,0.9977771639823914,1,0.04838462546467781
detected,BraTS-GLI-01087-000,4,2,0.7,0.99406498670578,1,0.04830694943666458
detected,BraTS-GLI-01087-000,4,2,0.8,0.9842516183853149,1,0.04874943941831589
detected,BraTS-GLI-01087-000,4,2,0.9,0.9588831663131714,1,0.050578076392412186
detected,BraTS-GLI-01087-000,4,2,1.0,0.8969286680221558,1,0.05601923167705536
detected,BraTS-GLI-00654-000,4,2,0.0,0.9999988079071045,1,0.1320178210735321
detected,BraTS-GLI-00654-000,4,2,0.1,0.9999961853027344,1,0.12958623468875885
detected,BraTS-GLI-00654-000,4,2,0.2,0.9999871253967285,1,0.12694495916366577
detected,BraTS-GLI-00654-000,4,2,0.3,0.9999568462371826,1,0.12406603246927261
detected,BraTS-GLI-00654-000,4,2,0.4,0.9998550415039062,1,0.12090326100587845
detected,BraTS-GLI-00654-000,4,2,0.5,0.9995143413543701,1,0.1173805296421051
detected,BraTS-GLI-00654-000,4,2,0.6,0.9983730316162109,1,0.1133866235613823
detected,BraTS-GLI-00654-000,4,2,0.7,0.9945647716522217,1,0.10882637649774551
detected,BraTS-GLI-00654-000,4,2,0.8,0.9820035099983215,1,0.10388366132974625
detected,BraTS-GLI-00654-000,4,2,0.9,0.9421016573905945,1,0.09981652349233627
detected,BraTS-GLI-00654-000,4,2,1.0,0.8291237354278564,1,0.10066244006156921
detected,BraTS-GLI-01506-000,14,2,0.0,0.9999979734420776,1,0.18737301230430603
detected,BraTS-GLI-01506-000,14,2,0.1,0.9999932050704956,1,0.1861930936574936
detected,BraTS-GLI-01506-000,14,2,0.2,0.9999769926071167,1,0.18473757803440094
detected,BraTS-GLI-01506-000,14,2,0.3,0.999922513961792,1,0.18291115760803223
detected,BraTS-GLI-01506-000,14,2,0.4,0.999738872051239,1,0.18057425320148468
detected,BraTS-GLI-01506-000,14,2,0.5,0.9991205334663391,1,0.17752623558044434
detected,BraTS-GLI-01506-000,14,2,0.6,0.9970424771308899,1,0.173496812582016
detected,BraTS-GLI-01506-000,14,2,0.7,0.9901028871536255,1,0.16818761825561523
detected,BraTS-GLI-01506-000,14,2,0.8,0.9674115180969238,1,0.161539226770401
detected,BraTS-GLI-01506-000,14,2,0.9,0.9076987504959106,1,0.15497124195098877
detected,BraTS-GLI-01506-000,14,2,1.0,0.7898313999176025,1,0.15555205941200256
detected,BraTS-GLI-00999-000,6,2,0.0,0.9995394945144653,1,0.03203924000263214
detected,BraTS-GLI-00999-000,6,2,0.1,0.9991733431816101,1,0.032240137457847595
detected,BraTS-GLI-00999-000,6,2,0.2,0.9985166192054749,1,0.032516609877347946
detected,BraTS-GLI-00999-000,6,2,0.3,0.9973395466804504,1,0.03290540352463722
detected,BraTS-GLI-00999-000,6,2,0.4,0.9952327609062195,1,0.033476486802101135
detected,BraTS-GLI-00999-000,6,2,0.5,0.9914719462394714,1,0.03436934947967529
detected,BraTS-GLI-00999-000,6,2,0.6,0.9848382472991943,1,0.03587425872683525
detected,BraTS-GLI-00999-000,6,2,0.7,0.9756832122802734,1,0.03862437978386879
detected,BraTS-GLI-00999-000,6,2,0.8,0.9612176418304443,1,0.04408302530646324
detected,BraTS-GLI-00999-000,6,2,0.9,0.9386876225471497,1,0.05594099313020706
detected,BraTS-GLI-00999-000,6,2,1.0,0.9043713808059692,1,0.08573048561811447
detected,BraTS-GLI-00999-000,53,2,0.0,0.999997615814209,1,0.4891689419746399
detected,BraTS-GLI-00999-000,53,2,0.1,0.9999927282333374,1,0.4888265132904053
detected,BraTS-GLI-00999-000,53,2,0.2,0.9999779462814331,1,0.4883424639701843
detected,BraTS-GLI-00999-000,53,2,0.3,0.9999326467514038,1,0.4876447021961212
detected,BraTS-GLI-00999-000,53,2,0.4,0.9997941851615906,1,0.4866057336330414
detected,BraTS-GLI-00999-000,53,2,0.5,0.9993719458580017,1,0.4849790930747986
detected,BraTS-GLI-00999-000,53,2,0.6,0.9980847835540771,1,0.4822455048561096
detected,BraTS-GLI-00999-000,53,2,0.7,0.9941752552986145,1,0.4772246479988098
detected,BraTS-GLI-00999-000,53,2,0.8,0.9824252724647522,1,0.4671216905117035
detected,BraTS-GLI-00999-000,53,2,0.9,0.9482077360153198,1,0.44552627205848694
detected,BraTS-GLI-00999-000,53,2,1.0,0.8570627570152283,1,0.40070024132728577
detected,BraTS-GLI-00152-000,25,2,0.0,1.0,1,0.4222816228866577
detected,BraTS-GLI-00152-000,25,2,0.1,1.0,1,0.42088109254837036
detected,BraTS-GLI-00152-000,25,2,0.2,0.9999998807907104,1,0.41910654306411743
detected,BraTS-GLI-00152-000,25,2,0.3,0.9999995231628418,1,0.41676175594329834
detected,BraTS-GLI-00152-000,25,2,0.4,0.9999971389770508,1,0.41353943943977356
detected,BraTS-GLI-00152-000,25,2,0.5,0.9999831914901733,1,0.4089512526988983
detected,BraTS-GLI-00152-000,25,2,0.6,0.9999022483825684,1,0.40220949053764343
detected,BraTS-GLI-00152-000,25,2,0.7,0.9994325041770935,1,0.39200693368911743
detected,BraTS-GLI-00152-000,25,2,0.8,0.9967108964920044,1,0.37597328424453735
detected,BraTS-GLI-00152-000,25,2,0.9,0.9811832904815674,1,0.3499119281768799
detected,BraTS-GLI-00152-000,25,2,1.0,0.8997271656990051,1,0.31371086835861206
detected,BraTS-GLI-00216-000,5,2,0.0,0.9999998807907104,1,0.0715581625699997
detected,BraTS-GLI-00216-000,5,2,0.1,0.9999996423721313,1,0.07168892025947571
detected,BraTS-GLI-00216-000,5,2,0.2,0.999998927116394,1,0.07183662056922913
detected,BraTS-GLI-00216-000,5,2,0.3,0.9999963045120239,1,0.0720042884349823
detected,BraTS-GLI-00216-000,5,2,0.4,0.9999876022338867,1,0.0721985250711441
detected,BraTS-GLI-00216-000,5,2,0.5,0.9999576807022095,1,0.0724353939294815
detected,BraTS-GLI-00216-000,5,2,0.6,0.9998561143875122,1,0.07275498658418655
detected,BraTS-GLI-00216-000,5,2,0.7,0.9995112419128418,1,0.0732571929693222
detected,BraTS-GLI-00216-000,5,2,0.8,0.9983406066894531,1,0.07418809831142426
detected,BraTS-GLI-00216-000,5,2,0.9,0.9943822622299194,1,0.07615062594413757
detected,BraTS-GLI-00216-000,5,2,1.0,0.9811594486236572,1,0.08062776923179626
detected,BraTS-GLI-01053-000,30,2,0.0,0.9993883371353149,1,0.18325255811214447
detected,BraTS-GLI-01053-000,30,2,0.1,0.9988480806350708,1,0.18259437382221222
detected,BraTS-GLI-01053-000,30,2,0.2,0.9978317618370056,1,0.18194060027599335
detected,BraTS-GLI-01053-000,30,2,0.3,0.995922327041626,1,0.18133044242858887
detected,BraTS-GLI-01053-000,30,2,0.4,0.992344319820404,1,0.18083103001117706
detected,BraTS-GLI-01053-000,30,2,0.5,0.9856716394424438,1,0.18056222796440125
detected,BraTS-GLI-01053-000,30,2,0.6,0.973339319229126,1,0.18075193464756012
detected,BraTS-GLI-01053-000,30,2,0.7,0.9509211778640747,1,0.1818724125623703
detected,BraTS-GLI-01053-000,30,2,0.8,0.911368727684021,1,0.1850196123123169
detected,BraTS-GLI-01053-000,30,2,0.9,0.8451327085494995,1,0.19318678975105286
detected,BraTS-GLI-01053-000,30,2,1.0,0.7433372139930725,1,0.21670842170715332
detected,BraTS-GLI-00401-000,11,2,0.0,0.9999959468841553,1,0.3212945759296417
detected,BraTS-GLI-00401-000,11,2,0.1,0.9999871253967285,1,0.3187330961227417
detected,BraTS-GLI-00401-000,11,2,0.2,0.9999592304229736,1,0.31558144092559814
detected,BraTS-GLI-00401-000,11,2,0.3,0.999870777130127,1,0.3116212487220764
detected,BraTS-GLI-00401-000,11,2,0.4,0.9995905756950378,1,0.30650436878204346
detected,BraTS-GLI-00401-000,11,2,0.5,0.9987038373947144,1,0.2996547222137451
detected,BraTS-GLI-00401-000,11,2,0.6,0.9959047436714172,1,0.29011210799217224
detected,BraTS-GLI-00401-000,11,2,0.7,0.987138032913208,1,0.2763403654098511
detected,BraTS-GLI-00401-000,11,2,0.8,0.9603524804115295,1,0.25621113181114197
detected,BraTS-GLI-00401-000,11,2,0.9,0.8890662789344788,1,0.22794532775878906
detected,BraTS-GLI-00401-000,11,2,1.0,0.7500144839286804,1,0.1936868578195572
detected,BraTS-GLI-00227-000,1,2,0.0,1.0,1,0.03048744425177574
detected,BraTS-GLI-00227-000,1,2,0.1,1.0,1,0.03049548901617527
detected,BraTS-GLI-00227-000,1,2,0.2,1.0,1,0.03051598370075226
detected,BraTS-GLI-00227-000,1,2,0.3,1.0,1,0.03055286593735218
detected,BraTS-GLI-00227-000,1,2,0.4,1.0,1,0.030614499002695084
detected,BraTS-GLI-00227-000,1,2,0.5,1.0,1,0.030724799260497093
detected,BraTS-GLI-00227-000,1,2,0.6,1.0,1,0.03095940686762333
detected,BraTS-GLI-00227-000,1,2,0.7,0.9999996423721313,1,0.03157526254653931
detected,BraTS-GLI-00227-000,1,2,0.8,0.9999874830245972,1,0.033495474606752396
detected,BraTS-GLI-00227-000,1,2,0.9,0.9996172189712524,1,0.04092848673462868
detected,BraTS-GLI-00227-000,1,2,1.0,0.9883880019187927,1,0.08169066160917282
detected,BraTS-GLI-00310-000,100,2,0.0,0.764313817024231,1,0.13474899530410767
detected,BraTS-GLI-00310-000,100,2,0.1,0.7857194542884827,1,0.135105699300766
detected,BraTS-GLI-00310-000,100,2,0.2,0.8069032430648804,1,0.1355106234550476
detected,BraTS-GLI-00310-000,100,2,0.3,0.8459075689315796,1,0.1359996795654297
detected,BraTS-GLI-00310-000,100,2,0.4,0.8782223463058472,1,0.13665474951267242
detected,BraTS-GLI-00310-000,100,2,0.5,0.9045252799987793,1,0.13763609528541565
detected,BraTS-GLI-00310-000,100,2,0.6,0.9256281852722168,1,0.1392185091972351
detected,BraTS-GLI-00310-000,100,2,0.7,0.9423637986183167,1,0.141866996884346
detected,BraTS-GLI-00310-000,100,2,0.8,0.9555144906044006,1,0.1467740684747696
detected,BraTS-GLI-00310-000,100,2,0.9,0.9657735824584961,1,0.1595820039510727
detected,BraTS-GLI-00310-000,100,2,1.0,0.9737318158149719,1,0.21513287723064423
detected,BraTS-GLI-00194-000,5,2,0.0,0.9999997615814209,1,0.06699880212545395
detected,BraTS-GLI-00194-000,5,2,0.1,0.9999992847442627,1,0.06736862659454346
detected,BraTS-GLI-00194-000,5,2,0.2,0.999997615814209,1,0.06779888272285461
detected,BraTS-GLI-00194-000,5,2,0.3,0.9999920129776001,1,0.06830915808677673
detected,BraTS-GLI-00194-000,5,2,0.4,0.9999738931655884,1,0.06892996281385422
detected,BraTS-GLI-00194-000,5,2,0.5,0.9999146461486816,1,0.06971060484647751
detected,BraTS-GLI-00194-000,5,2,0.6,0.9997206330299377,1,0.07073480635881424
detected,BraTS-GLI-00194-000,5,2,0.7,0.9990862607955933,1,0.07215404510498047
detected,BraTS-GLI-00194-000,5,2,0.8,0.9970149993896484,1,0.07427218556404114
detected,BraTS-GLI-00194-000,5,2,0.9,0.9902938604354858,1,0.07780348509550095
detected,BraTS-GLI-00194-000,5,2,1.0,0.9689112901687622,1,0.084806889295578
detected,BraTS-GLI-00304-000,50,2,0.0,0.9999957084655762,1,0.1637537181377411
detected,BraTS-GLI-00304-000,50,2,0.1,0.9999868869781494,1,0.161717489361763
detected,BraTS-GLI-00304-000,50,2,0.2,0.9999594688415527,1,0.15955014526844025
detected,BraTS-GLI-00304-000,50,2,0.3,0.9998749494552612,1,0.157253235578537
detected,BraTS-GLI-00304-000,50,2,0.4,0.9996144771575928,1,0.15480393171310425
detected,BraTS-GLI-00304-000,50,2,0.5,0.9988129138946533,1,0.15212193131446838
detected,BraTS-GLI-00304-000,50,2,0.6,0.9963496923446655,1,0.14898717403411865
detected,BraTS-GLI-00304-000,50,2,0.7,0.9888331890106201,1,0.14482393860816956
detected,BraTS-GLI-00304-000,50,2,0.8,0.9663613438606262,1,0.13819493353366852
detected,BraTS-GLI-00304-000,50,2,0.9,0.9030997157096863,1,0.1261921525001526
detected,BraTS-GLI-00304-000,50,2,1.0,0.7514641880989075,1,0.10683298110961914
detected,BraTS-GLI-01053-000,53,2,0.0,0.9999986886978149,1,0.05200723931193352
detected,BraTS-GLI-01053-000,53,2,0.1,0.9999955892562866,1,0.051344674080610275
detected,BraTS-GLI-01053-000,53,2,0.2,0.9999858140945435,1,0.050677333027124405
detected,BraTS-GLI-01053-000,53,2,0.3,0.999954342842102,1,0.05004566162824631
detected,BraTS-GLI-01053-000,53,2,0.4,0.999852180480957,1,0.04952322319149971
detected,BraTS-GLI-01053-000,53,2,0.5,0.9995222091674805,1,0.04925146698951721
detected,BraTS-GLI-01053-000,53,2,0.6,0.998456597328186,1,0.049531109631061554
detected,BraTS-GLI-01053-000,53,2,0.7,0.9950265288352966,1,0.051075514405965805
detected,BraTS-GLI-01053-000,53,2,0.8,0.9840940833091736,1,0.055750537663698196
detected,BraTS-GLI-01053-000,53,2,0.9,0.950330376625061,1,0.0688738226890564
detected,BraTS-GLI-01053-000,53,2,1.0,0.8835408687591553,1,0.10615286231040955
detected,BraTS-GLI-01053-000,44,2,0.0,0.9835575819015503,1,0.00016588180733378977
detected,BraTS-GLI-01053-000,44,2,0.1,0.980529248714447,1,0.0002827980206348002
detected,BraTS-GLI-01053-000,44,2,0.2,0.9769560694694519,1,0.0004860227054450661
detected,BraTS-GLI-01053-000,44,2,0.3,0.972745418548584,1,0.0008430646266788244
detected,BraTS-GLI-01053-000,44,2,0.4,0.9677907824516296,1,0.0014780708588659763
detected,BraTS-GLI-01053-000,44,2,0.5,0.9619707465171814,1,0.002623313805088401
detected,BraTS-GLI-01053-000,44,2,0.6,0.9551476240158081,1,0.004721564240753651
detected,BraTS-GLI-01053-000,44,2,0.7,0.9471677541732788,1,0.00863371230661869
detected,BraTS-GLI-01053-000,44,2,0.8,0.9378603100776672,1,0.016067398712038994
detected,BraTS-GLI-01053-000,44,2,0.9,0.9270395040512085,1,0.030473755672574043
detected,BraTS-GLI-01053-000,44,2,1.0,0.9145063161849976,1,0.0589052177965641
detected,BraTS-GLI-01143-000,9,2,0.0,0.9999998807907104,1,0.549464762210846
detected,BraTS-GLI-01143-000,9,2,0.1,0.9999996423721313,1,0.54780513048172
detected,BraTS-GLI-01143-000,9,2,0.2,0.9999984502792358,1,0.5458308458328247
detected,BraTS-GLI-01143-000,9,2,0.3,0.9999926090240479,1,0.543478786945343
detected,BraTS-GLI-01143-000,9,2,0.4,0.9999655485153198,1,0.5406313538551331
detected,BraTS-GLI-01143-000,9,2,0.5,0.9998401403427124,1,0.5370158553123474
detected,BraTS-GLI-01143-000,9,2,0.6,0.9992578625679016,1,0.5319414138793945
detected,BraTS-GLI-01143-000,9,2,0.7,0.9965618252754211,1,0.5236302614212036
detected,BraTS-GLI-01143-000,9,2,0.8,0.984226405620575,1,0.5077003240585327
detected,BraTS-GLI-01143-000,9,2,0.9,0.9307118058204651,1,0.4749649465084076
detected,BraTS-GLI-01143-000,9,2,1.0,0.7582070827484131,1,0.4158003032207489
detected,BraTS-GLI-00388-000,6,2,0.0,0.9998576641082764,1,0.1541171669960022
detected,BraTS-GLI-00388-000,6,2,0.1,0.9996888637542725,1,0.15598571300506592
detected,BraTS-GLI-00388-000,6,2,0.2,0.9993199110031128,1,0.158321812748909
detected,BraTS-GLI-00388-000,6,2,0.3,0.9985143542289734,1,0.16128268837928772
detected,BraTS-GLI-00388-000,6,2,0.4,0.9967576861381531,1,0.16511283814907074
detected,BraTS-GLI-00388-000,6,2,0.5,0.9929386973381042,1,0.1702229082584381
detected,BraTS-GLI-00388-000,6,2,0.6,0.9846903085708618,1,0.1773710548877716
detected,BraTS-GLI-00388-000,6,2,0.7,0.9671260714530945,1,0.18812763690948486
detected,BraTS-GLI-00388-000,6,2,0.8,0.9308265447616577,1,0.20621736347675323
detected,BraTS-GLI-00388-000,6,2,0.9,0.8602374196052551,1,0.24158063530921936
detected,BraTS-GLI-00388-000,6,2,1.0,0.7674700617790222,1,0.31950584053993225
detected,BraTS-GLI-00703-001,2,2,0.0,0.9999722242355347,1,0.34444737434387207
detected,BraTS-GLI-00703-001,2,2,0.1,0.9999301433563232,1,0.34126436710357666
detected,BraTS-GLI-00703-001,2,2,0.2,0.9998248219490051,1,0.33771029114723206
detected,BraTS-GLI-00703-001,2,2,0.3,0.999560534954071,1,0.33369261026382446
detected,BraTS-GLI-00703-001,2,2,0.4,0.998897910118103,1,0.3290693461894989
detected,BraTS-GLI-00703-001,2,2,0.5,0.9972389936447144,1,0.3236269950866699
detected,BraTS-GLI-00703-001,2,2,0.6,0.993100643157959,1,0.3170631229877472
detected,BraTS-GLI-00703-001,2,2,0.7,0.9828656315803528,1,0.3089984953403473
detected,BraTS-GLI-00703-001,2,2,0.8,0.9580881595611572,1,0.29907020926475525
detected,BraTS-GLI-00703-001,2,2,0.9,0.9010868072509766,1,0.28718486428260803
detected,BraTS-GLI-00703-001,2,2,1.0,0.7840360403060913,1,0.2739955484867096
detected,BraTS-GLI-00304-000,16,2,0.0,1.0,1,0.5606219172477722
detected,BraTS-GLI-00304-000,16,2,0.1,1.0,1,0.559402346611023
detected,BraTS-GLI-00304-000,16,2,0.2,0.9999998807907104,1,0.5580237507820129
detected,BraTS-GLI-00304-000,16,2,0.3,0.9999992847442627,1,0.5564437508583069
detected,BraTS-GLI-00304-000,16,2,0.4,0.9999947547912598,1,0.5545858144760132
detected,BraTS-GLI-00304-000,16,2,0.5,0.9999645948410034,1,0.5522826910018921
detected,BraTS-GLI-00304-000,16,2,0.6,0.9997603297233582,1,0.5490952134132385
detected,BraTS-GLI-00304-000,16,2,0.7,0.9983811378479004,1,0.5436362028121948
detected,BraTS-GLI-00304-000,16,2,0.8,0.9891506433486938,1,0.5307427048683167
detected,BraTS-GLI-00304-000,16,2,0.9,0.9404584169387817,1,0.4903615415096283
detected,BraTS-GLI-00304-000,16,2,1.0,0.7732394933700562,1,0.37430229783058167
detected,BraTS-GLI-01225-000,5,2,0.0,0.9997593760490417,1,0.028662513941526413
detected,BraTS-GLI-01225-000,5,2,0.1,0.9995719790458679,1,0.028829680755734444
detected,BraTS-GLI-01225-000,5,2,0.2,0.9992388486862183,1,0.029066460207104683
detected,BraTS-GLI-01225-000,5,2,0.3,0.9986464381217957,1,0.029394065961241722
detected,BraTS-GLI-01225-000,5,2,0.4,0.99759441614151,1,0.029837699607014656
detected,BraTS-GLI-01225-000,5,2,0.5,0.995728075504303,1,0.03042834997177124
detected,BraTS-GLI-01225-000,5,2,0.6,0.9924249649047852,1,0.031214090064167976
detected,BraTS-GLI-01225-000,5,2,0.7,0.9866020083427429,1,0.032304588705301285
detected,BraTS-GLI-01225-000,5,2,0.8,0.9764091372489929,1,0.03400617465376854
detected,BraTS-GLI-01225-000,5,2,0.9,0.9587859511375427,1,0.03716776892542839
detected,BraTS-GLI-01225-000,5,2,1.0,0.9289554357528687,1,0.04406184330582619
detected,BraTS-GLI-00646-000,2,2,0.0,0.9999998807907104,1,0.006286471150815487
detected,BraTS-GLI-00646-000,2,2,0.1,0.9999996423721313,1,0.006421341560781002
detected,BraTS-GLI-00646-000,2,2,0.2,0.9999986886978149,1,0.006621852517127991
detected,BraTS-GLI-00646-000,2,2,0.3,0.9999945163726807,1,0.006956140510737896
detected,BraTS-GLI-00646-000,2,2,0.4,0.9999808073043823,1,0.007560244761407375
detected,BraTS-GLI-00646-000,2,2,0.5,0.9999324083328247,1,0.008687769994139671
detected,BraTS-GLI-00646-000,2,2,0.6,0.9997623562812805,1,0.010784030891954899
detected,BraTS-GLI-00646-000,2,2,0.7,0.9991639852523804,1,0.014715999364852905
detected,BraTS-GLI-00646-000,2,2,0.8,0.9970640540122986,1,0.022779498249292374
detected,BraTS-GLI-00646-000,2,2,0.9,0.9897435307502747,1,0.04325852170586586
detected,BraTS-GLI-00646-000,2,2,1.0,0.9683164954185486,1,0.1099206879734993
detected,BraTS-GLI-01506-000,13,2,0.0,1.0,1,0.22700096666812897
detected,BraTS-GLI-01506-000,13,2,0.1,1.0,1,0.22662872076034546
detected,BraTS-GLI-01506-000,13,2,0.2,0.9999997615814209,1,0.22623009979724884
detected,BraTS-GLI-01506-000,13,2,0.3,0.9999985694885254,1,0.22579117119312286
detected,BraTS-GLI-01506-000,13,2,0.4,0.9999921321868896,1,0.22529157996177673
detected,BraTS-GLI-01506-000,13,2,0.5,0.9999581575393677,1,0.22470003366470337
detected,BraTS-GLI-01506-000,13,2,0.6,0.9997765421867371,1,0.22396540641784668
detected,BraTS-GLI-01506-000,13,2,0.7,0.9988079071044922,1,0.22300313413143158
detected,BraTS-GLI-01506-000,13,2,0.8,0.9937977194786072,1,0.22170490026474
detected,BraTS-GLI-01506-000,13,2,0.9,0.9713495969772339,1,0.22016942501068115
detected,BraTS-GLI-01506-000,13,2,1.0,0.8776551485061646,1,0.2202407866716385
detected,BraTS-GLI-00314-000,1,2,0.0,0.9999991655349731,1,0.005852129310369492
detected,BraTS-GLI-00314-000,1,2,0.1,0.9999969005584717,1,0.006006041541695595
detected,BraTS-GLI-00314-000,1,2,0.2,0.9999892711639404,1,0.006200424861162901
detected,BraTS-GLI-00314-000,1,2,0.3,0.9999626874923706,1,0.006460158154368401
detected,BraTS-GLI-00314-000,1,2,0.4,0.9998700618743896,1,0.006829968187958002
detected,BraTS-GLI-00314-000,1,2,0.5,0.9995471835136414,1,0.007396172732114792
detected,BraTS-GLI-00314-000,1,2,0.6,0.9984232187271118,1,0.008345069363713264
detected,BraTS-GLI-00314-000,1,2,0.7,0.9945242404937744,1,0.010156022384762764
detected,BraTS-GLI-00314-000,1,2,0.8,0.9832495450973511,1,0.014413648284971714
detected,BraTS-GLI-00314-000,1,2,0.9,0.9584337472915649,1,0.028071187436580658
detected,BraTS-GLI-00314-000,1,2,1.0,0.9206444025039673,1,0.08771779388189316
detected,BraTS-GLI-00999-000,7,2,0.0,0.9999918937683105,1,0.37095457315444946
detected,BraTS-GLI-00999-000,7,2,0.1,0.9999788999557495,1,0.3716360926628113
detected,BraTS-GLI-00999-000,7,2,0.2,0.9999446868896484,1,0.37244272232055664
detected,BraTS-GLI-00999-000,7,2,0.3,0.9998555183410645,1,0.3734446167945862
detected,BraTS-GLI-00999-000,7,2,0.4,0.9996225833892822,1,0.37475743889808655
detected,BraTS-GLI-00999-000,7,2,0.5,0.9990143775939941,1,0.37655946612358093
detected,BraTS-GLI-00999-000,7,2,0.6,0.9974283576011658,1,0.37911510467529297
detected,BraTS-GLI-00999-000,7,2,0.7,0.9933072924613953,1,0.38284236192703247
detected,BraTS-GLI-00999-000,7,2,0.8,0.9826961755752563,1,0.38853079080581665
detected,BraTS-GLI-00999-000,7,2,0.9,0.9560070633888245,1,0.3977251350879669
detected,BraTS-GLI-00999-000,7,2,1.0,0.8926495313644409,1,0.4137894809246063
detected,BraTS-GLI-01135-000,16,2,0.0,1.0,1,0.40574342012405396
detected,BraTS-GLI-01135-000,16,2,0.1,1.0,1,0.4057193994522095
detected,BraTS-GLI-01135-000,16,2,0.2,1.0,1,0.40565478801727295
detected,BraTS-GLI-01135-000,16,2,0.3,1.0,1,0.40551987290382385
detected,BraTS-GLI-01135-000,16,2,0.4,0.9999996423721313,1,0.40526270866394043
detected,BraTS-GLI-01135-000,16,2,0.5,0.9999974966049194,1,0.404790997505188
detected,BraTS-GLI-01135-000,16,2,0.6,0.9999799728393555,1,0.40393099188804626
detected,BraTS-GLI-01135-000,16,2,0.7,0.9998403787612915,1,0.4023101329803467
detected,BraTS-GLI-01135-000,16,2,0.8,0.9987264275550842,1,0.39891770482063293
detected,BraTS-GLI-01135-000,16,2,0.9,0.9899181723594666,1,0.3901790380477905
detected,BraTS-GLI-01135-000,16,2,1.0,0.9247804880142212,1,0.36151960492134094
detected,BraTS-GLI-01505-000,6,2,0.0,0.9999998807907104,1,0.00305515481159091
detected,BraTS-GLI-01505-000,6,2,0.1,0.9999995231628418,1,0.003165341215208173
detected,BraTS-GLI-01505-000,6,2,0.2,0.9999984502792358,1,0.003303968347609043
detected,BraTS-GLI-01505-000,6,2,0.3,0.9999943971633911,1,0.003482966450974345
detected,BraTS-GLI-01505-000,6,2,0.4,0.9999803304672241,1,0.0037252658512443304
detected,BraTS-GLI-01505-000,6,2,0.5,0.999930739402771,1,0.004081948194652796
detected,BraTS-GLI-01505-000,6,2,0.6,0.9997562766075134,1,0.0046882545575499535
detected,BraTS-GLI-01505-000,6,2,0.7,0.999143123626709,1,0.005976464599370956
detected,BraTS-GLI-01505-000,6,2,0.8,0.9972344040870667,1,0.009588808752596378
detected,BraTS-GLI-01505-000,6,2,0.9,0.9923017024993896,1,0.02254304476082325
detected,BraTS-GLI-01505-000,6,2,1.0,0.9801896214485168,1,0.07474032044410706
detected,BraTS-GLI-01432-000,18,2,0.0,1.0,1,0.031196732074022293
detected,BraTS-GLI-01432-000,18,2,0.1,0.9999997615814209,1,0.03155633062124252
detected,BraTS-GLI-01432-000,18,2,0.2,0.999998927116394,1,0.0320206955075264
detected,BraTS-GLI-01432-000,18,2,0.3,0.9999949932098389,1,0.0326358899474144
detected,BraTS-GLI-01432-000,18,2,0.4,0.9999772310256958,1,0.033480383455753326
detected,BraTS-GLI-01432-000,18,2,0.5,0.9998959302902222,1,0.034703079611063004
detected,BraTS-GLI-01432-000,18,2,0.6,0.9995256662368774,1,0.03662707656621933
detected,BraTS-GLI-01432-000,18,2,0.7,0.997840166091919,1,0.04006853699684143
detected,BraTS-GLI-01432-000,18,2,0.8,0.9902241826057434,1,0.047435976564884186
detected,BraTS-GLI-01432-000,18,2,0.9,0.9624544978141785,1,0.06680566817522049
detected,BraTS-GLI-01432-000,18,2,1.0,0.9115036129951477,1,0.1258382648229599
detected,BraTS-GLI-01143-000,6,2,0.0,0.9999995231628418,1,0.6513656973838806
detected,BraTS-GLI-01143-000,6,2,0.1,0.9999983310699463,1,0.650465726852417
detected,BraTS-GLI-01143-000,6,2,0.2,0.9999938011169434,1,0.6493526697158813
detected,BraTS-GLI-01143-000,6,2,0.3,0.9999765157699585,1,0.6478899717330933
detected,BraTS-GLI-01143-000,6,2,0.4,0.9999105930328369,1,0.6458413600921631
detected,BraTS-GLI-01143-000,6,2,0.5,0.9996592998504639,1,0.6427773237228394
detected,BraTS-GLI-01143-000,6,2,0.6,0.9987107515335083,1,0.6378676891326904
detected,BraTS-GLI-01143-000,6,2,0.7,0.995184600353241,1,0.6293947696685791
detected,BraTS-GLI-01143-000,6,2,0.8,0.9821859002113342,1,0.6136278510093689
detected,BraTS-GLI-01143-000,6,2,0.9,0.9373134970664978,1,0.5827049016952515
detected,BraTS-GLI-01143-000,6,2,1.0,0.805444061756134,1,0.5243399739265442
detected,BraTS-GLI-00608-001,9,2,0.0,0.9999691247940063,1,0.05599808692932129
detected,BraTS-GLI-00608-001,9,2,0.1,0.9999250173568726,1,0.05558745935559273
detected,BraTS-GLI-00608-001,9,2,0.2,0.9998395442962646,1,0.05507579445838928
detected,BraTS-GLI-00608-001,9,2,0.3,0.9996621608734131,1,0.054445456713438034
detected,BraTS-GLI-00608-001,9,2,0.4,0.9992886781692505,1,0.05369206517934799
detected,BraTS-GLI-00608-001,9,2,0.5,0.9985034465789795,1,0.05283988639712334
detected,BraTS-GLI-00608-001,9,2,0.6,0.9968536496162415,1,0.05196588486433029
detected,BraTS-GLI-00608-001,9,2,0.7,0.9933971166610718,1,0.051242295652627945
detected,BraTS-GLI-00608-001,9,2,0.8,0.9861961603164673,1,0.051038291305303574
detected,BraTS-GLI-00608-001,9,2,0.9,0.9713682532310486,1,0.05223207175731659
detected,BraTS-GLI-00608-001,9,2,1.0,0.9415565729141235,1,0.05729115009307861
detected,BraTS-GLI-01047-000,41,2,0.0,0.9998596906661987,1,0.027893155813217163
detected,BraTS-GLI-01047-000,41,2,0.1,0.9997135996818542,1,0.028099598363041878
detected,BraTS-GLI-01047-000,41,2,0.2,0.9994155168533325,1,0.028405314311385155
detected,BraTS-GLI-01047-000,41,2,0.3,0.9988073110580444,1,0.02886226214468479
detected,BraTS-GLI-01047-000,41,2,0.4,0.9975675344467163,1,0.029558971524238586
detected,BraTS-GLI-01047-000,41,2,0.5,0.9950456619262695,1,0.030654024332761765
detected,BraTS-GLI-01047-000,41,2,0.6,0.9899356961250305,1,0.032448142766952515
detected,BraTS-GLI-01047-000,41,2,0.7,0.9796625971794128,1,0.03554863855242729
detected,BraTS-GLI-01047-000,41,2,0.8,0.9593343138694763,1,0.04126362502574921
detected,BraTS-GLI-01047-000,41,2,0.9,0.920339047908783,1,0.0525749996304512
detected,BraTS-GLI-01047-000,41,2,1.0,0.8498048186302185,1,0.07648345082998276
detected,BraTS-GLI-01053-000,29,2,0.0,0.999994158744812,1,0.21384207904338837
detected,BraTS-GLI-01053-000,29,2,0.1,0.9999834299087524,1,0.2138526737689972
detected,BraTS-GLI-01053-000,29,2,0.2,0.9999527931213379,1,0.2138228714466095
detected,BraTS-GLI-01053-000,29,2,0.3,0.9998655319213867,1,0.21372254192829132
detected,BraTS-GLI-01053-000,29,2,0.4,0.9996168613433838,1,0.21348893642425537
detected,BraTS-GLI-01053-000,29,2,0.5,0.9989087581634521,1,0.21298666298389435
detected,BraTS-GLI-01053-000,29,2,0.6,0.996895432472229,1,0.21192567050457
detected,BraTS-GLI-01053-000,29,2,0.7,0.9912002682685852,1,0.20973774790763855
detected,BraTS-GLI-01053-000,29,2,0.8,0.9753162264823914,1,0.20564475655555725
detected,BraTS-GLI-01053-000,29,2,0.9,0.9327067732810974,1,0.2005682736635208
detected,BraTS-GLI-01053-000,29,2,1.0,0.829409658908844,1,0.20774289965629578
detected,BraTS-GLI-00401-000,14,2,0.0,0.9999984502792358,1,0.003364372765645385
detected,BraTS-GLI-00401-000,14,2,0.1,0.9999953508377075,1,0.0033788590226322412
detected,BraTS-GLI-00401-000,14,2,0.2,0.999985933303833,1,0.003401072695851326
detected,BraTS-GLI-00401-000,14,2,0.3,0.9999575614929199,1,0.00344036053866148
detected,BraTS-GLI-00401-000,14,2,0.4,0.9998728036880493,1,0.003517251228913665
detected,BraTS-GLI-00401-000,14,2,0.5,0.9996182918548584,1,0.0036766238044947386
detected,BraTS-GLI-00401-000,14,2,0.6,0.9988549947738647,1,0.0040181842632591724
detected,BraTS-GLI-00401-000,14,2,0.7,0.9965709447860718,1,0.0047729285433888435
detected,BraTS-GLI-00401-000,14,2,0.8,0.9897767305374146,1,0.006514461245387793
detected,BraTS-GLI-00401-000,14,2,0.9,0.9699274897575378,1,0.01080533117055893
detected,BraTS-GLI-00401-000,14,2,1.0,0.9286397695541382,1,0.022347616031765938
detected,BraTS-GLI-00730-000,2,2,0.0,0.9999994039535522,1,0.0025898877065628767
detected,BraTS-GLI-00730-000,2,2,0.1,0.9999980926513672,1,0.0026288062799721956
detected,BraTS-GLI-00730-000,2,2,0.2,0.9999933242797852,1,0.0026941103860735893
detected,BraTS-GLI-00730-000,2,2,0.3,0.9999768733978271,1,0.002801063470542431
detected,BraTS-GLI-00730-000,2,2,0.4,0.9999202489852905,1,0.002976360497996211
detected,BraTS-GLI-00730-000,2,2,0.5,0.9997244477272034,1,0.0032688023056834936
detected,BraTS-GLI-00730-000,2,2,0.6,0.9990481734275818,1,0.0037723430432379246
detected,BraTS-GLI-00730-000,2,2,0.7,0.9972367286682129,1,0.004680538084357977
detected,BraTS-GLI-00730-000,2,2,0.8,0.9927858114242554,1,0.006432477384805679
detected,BraTS-GLI-00730-000,2,2,0.9,0.9812999367713928,1,0.010174459777772427
detected,BraTS-GLI-00730-000,2,2,1.0,0.9524040222167969,1,0.01950320042669773
detected,BraTS-GLI-00736-001,2,2,0.0,1.0,1,0.0448150597512722
detected,BraTS-GLI-00736-001,2,2,0.1,1.0,1,0.04572850465774536
detected,BraTS-GLI-00736-001,2,2,0.2,1.0,1,0.04686948284506798
detected,BraTS-GLI-00736-001,2,2,0.3,0.9999997615814209,1,0.04831599071621895
detected,BraTS-GLI-00736-001,2,2,0.4,0.9999984502792358,1,0.050195079296827316
detected,BraTS-GLI-00736-001,2,2,0.5,0.9999901056289673,1,0.05273966118693352
detected,BraTS-GLI-00736-001,2,2,0.6,0.9999351501464844,1,0.056434426456689835
detected,BraTS-GLI-00736-001,2,2,0.7,0.9995861649513245,1,0.06242597475647926
detected,BraTS-GLI-00736-001,2,2,0.8,0.9973911046981812,1,0.0738241970539093
detected,BraTS-GLI-00736-001,2,2,0.9,0.9837448596954346,1,0.10056775063276291
detected,BraTS-GLI-00736-001,2,2,1.0,0.9168735146522522,1,0.18000245094299316
detected,BraTS-GLI-00608-001,14,2,0.0,0.9888834357261658,1,0.00017862235836219043
detected,BraTS-GLI-00608-001,14,2,0.1,0.9873017072677612,1,0.00026024889666587114
detected,BraTS-GLI-00608-001,14,2,0.2,0.985498309135437,1,0.0003840127610601485
detected,BraTS-GLI-00608-001,14,2,0.3,0.9834430813789368,1,0.0005752902943640947
detected,BraTS-GLI-00608-001,14,2,0.4,0.9811021685600281,1,0.0008778151823207736
detected,BraTS-GLI-00608-001,14,2,0.5,0.9784374237060547,1,0.0013700091512873769
detected,BraTS-GLI-00608-001,14,2,0.6,0.9754064679145813,1,0.0021995084825903177
detected,BraTS-GLI-00608-001,14,2,0.7,0.9719617366790771,1,0.0036618297453969717
detected,BraTS-GLI-00608-001,14,2,0.8,0.9680501818656921,1,0.006397161167114973
detected,BraTS-GLI-00608-001,14,2,0.9,0.9636134505271912,1,0.011943060904741287
detected,BraTS-GLI-00608-001,14,2,1.0,0.9585869908332825,1,0.02450176514685154
detected,BraTS-GLI-00654-001,2,2,0.0,1.0,1,0.004546021576970816
detected,BraTS-GLI-00654-001,2,2,0.1,1.0,1,0.004658884834498167
detected,BraTS-GLI-00654-001,2,2,0.2,1.0,1,0.004817688837647438
detected,BraTS-GLI-00654-001,2,2,0.3,1.0,1,0.005046050995588303
detected,BraTS-GLI-00654-001,2,2,0.4,1.0,1,0.005385504569858313
detected,BraTS-GLI-00654-001,2,2,0.5,0.9999997615814209,1,0.005915416870266199
detected,BraTS-GLI-00654-001,2,2,0.6,0.9999979734420776,1,0.0068014017306268215
detected,BraTS-GLI-00654-001,2,2,0.7,0.9999798536300659,1,0.00844283401966095
detected,BraTS-GLI-00654-001,2,2,0.8,0.9998026490211487,1,0.012054513208568096
detected,BraTS-GLI-00654-001,2,2,0.9,0.9980738162994385,1,0.022411741316318512
detected,BraTS-GLI-00654-001,2,2,1.0,0.9848948121070862,1,0.061402156949043274
detected,BraTS-GLI-01047-000,35,2,0.0,0.9999958276748657,1,0.17620974779129028
detected,BraTS-GLI-01047-000,35,2,0.1,0.9999873638153076,1,0.17469316720962524
detected,BraTS-GLI-01047-000,35,2,0.2,0.9999620914459229,1,0.17298951745033264
detected,BraTS-GLI-01047-000,35,2,0.3,0.999886155128479,1,0.17107081413269043
detected,BraTS-GLI-01047-000,35,2,0.4,0.999658465385437,1,0.16892576217651367
detected,BraTS-GLI-01047-000,35,2,0.5,0.998975396156311,1,0.16659998893737793
detected,BraTS-GLI-01047-000,35,2,0.6,0.9969301819801331,1,0.16429093480110168
detected,BraTS-GLI-01047-000,35,2,0.7,0.9908398985862732,1,0.16257469356060028
detected,BraTS-GLI-01047-000,35,2,0.8,0.9729946255683899,1,0.16302165389060974
detected,BraTS-GLI-01047-000,35,2,0.9,0.9230827689170837,1,0.17021319270133972
detected,BraTS-GLI-01047-000,35,2,1.0,0.7998950481414795,1,0.1992628574371338
detected,BraTS-GLI-00216-000,4,2,0.0,1.0,1,0.03692123666405678
detected,BraTS-GLI-00216-000,4,2,0.1,1.0,1,0.037394218146800995
detected,BraTS-GLI-00216-000,4,2,0.2,1.0,1,0.03795810043811798
detected,BraTS-GLI-00216-000,4,2,0.3,0.9999998807907104,1,0.038636159151792526
detected,BraTS-GLI-00216-000,4,2,0.4,0.9999992847442627,1,0.03945990279316902
detected,BraTS-GLI-00216-000,4,2,0.5,0.9999954700469971,1,0.04047471657395363
detected,BraTS-GLI-00216-000,4,2,0.6,0.9999727010726929,1,0.041752588003873825
detected,BraTS-GLI-00216-000,4,2,0.7,0.9998370409011841,1,0.04342246800661087
detected,BraTS-GLI-00216-000,4,2,0.8,0.9990259408950806,1,0.04574701935052872
detected,BraTS-GLI-00216-000,4,2,0.9,0.9942014813423157,1,0.0493294931948185
detected,BraTS-GLI-00216-000,4,2,1.0,0.966289222240448,1,0.05572329834103584
detected,BraTS-GLI-01146-000,2,2,0.0,0.9999034404754639,1,0.07592090219259262
detected,BraTS-GLI-01146-000,2,2,0.1,0.9998196959495544,1,0.07796729356050491
detected,BraTS-GLI-01146-000,2,2,0.2,0.9996628761291504,1,0.08053826540708542
detected,BraTS-GLI-01146-000,2,2,0.3,0.9993699193000793,1,0.08382821083068848
detected,BraTS-GLI-01146-000,2,2,0.4,0.9988226294517517,1,0.08810484409332275
detected,BraTS-GLI-01146-000,2,2,0.5,0.9978012442588806,1,0.09377508610486984
detected,BraTS-GLI-01146-000,2,2,0.6,0.9958975315093994,1,0.10158032923936844
detected,BraTS-GLI-01146-000,2,2,0.7,0.9923577904701233,1,0.11308273673057556
detected,BraTS-GLI-01146-000,2,2,0.8,0.987514853477478,1,0.13173824548721313
detected,BraTS-GLI-01146-000,2,2,0.9,0.9800435304641724,1,0.16517230868339539
detected,BraTS-GLI-01146-000,2,2,1.0,0.9682449698448181,1,0.23180435597896576
detected,BraTS-GLI-01505-000,4,2,0.0,1.0,1,0.02638252079486847
detected,BraTS-GLI-01505-000,4,2,0.1,1.0,1,0.026411661878228188
detected,BraTS-GLI-01505-000,4,2,0.2,1.0,1,0.026470966637134552
detected,BraTS-GLI-01505-000,4,2,0.3,0.9999998807907104,1,0.026582270860671997
detected,BraTS-GLI-01505-000,4,2,0.4,0.9999995231628418,1,0.026784807443618774
detected,BraTS-GLI-01505-000,4,2,0.5,0.9999971389770508,1,0.02715946175158024
detected,BraTS-GLI-01505-000,4,2,0.6,0.9999796152114868,1,0.027906421571969986
detected,BraTS-GLI-01505-000,4,2,0.7,0.9998576641082764,1,0.029625196009874344
detected,BraTS-GLI-01505-000,4,2,0.8,0.9990068078041077,1,0.034430328756570816
detected,BraTS-GLI-01505-000,4,2,0.9,0.99310302734375,1,0.05065504461526871
detected,BraTS-GLI-01505-000,4,2,1.0,0.9630304574966431,1,0.11044605076313019
detected,BraTS-GLI-01157-000,5,2,0.0,0.9999749660491943,1,0.029595283791422844
detected,BraTS-GLI-01157-000,5,2,0.1,0.9999381303787231,1,0.030200695618987083
detected,BraTS-GLI-01157-000,5,2,0.2,0.999847412109375,1,0.0309431292116642
detected,BraTS-GLI-01157-000,5,2,0.3,0.9996232986450195,1,0.03185482323169708
detected,BraTS-GLI-01157-000,5,2,0.4,0.9990705847740173,1,0.0329803004860878
detected,BraTS-GLI-01157-000,5,2,0.5,0.9977083206176758,1,0.03438715636730194
detected,BraTS-GLI-01157-000,5,2,0.6,0.9943609833717346,1,0.03619087487459183
detected,BraTS-GLI-01157-000,5,2,0.7,0.986539900302887,1,0.038614071905612946
detected,BraTS-GLI-01157-000,5,2,0.8,0.9764201641082764,1,0.04213506355881691
detected,BraTS-GLI-01157-000,5,2,0.9,0.9590082168579102,1,0.047892577946186066
detected,BraTS-GLI-01157-000,5,2,1.0,0.9296650886535645,1,0.05891003459692001
detected,BraTS-GLI-01087-000,5,2,0.0,0.9996656179428101,1,0.04353100433945656
detected,BraTS-GLI-01087-000,5,2,0.1,0.9993554949760437,1,0.04317036643624306
detected,BraTS-GLI-01087-000,5,2,0.2,0.9987583160400391,1,0.042759474366903305
detected,BraTS-GLI-01087-000,5,2,0.3,0.9976087808609009,1,0.04228837788105011
detected,BraTS-GLI-01087-000,5,2,0.4,0.9954001307487488,1,0.04174765571951866
detected,BraTS-GLI-01087-000,5,2,0.5,0.9911694526672363,1,0.04113249108195305
detected,BraTS-GLI-01087-000,5,2,0.6,0.9831138849258423,1,0.04045337811112404
detected,BraTS-GLI-01087-000,5,2,0.7,0.9679471254348755,1,0.03976426273584366
detected,BraTS-GLI-01087-000,5,2,0.8,0.9399893879890442,1,0.039240866899490356
detected,BraTS-GLI-01087-000,5,2,0.9,0.8910938501358032,1,0.039413802325725555
detected,BraTS-GLI-01087-000,5,2,1.0,0.8356459140777588,1,0.04190216585993767
detected,BraTS-GLI-00401-000,6,2,0.0,0.9999963045120239,1,0.02056475728750229
detected,BraTS-GLI-00401-000,6,2,0.1,0.9999904632568359,1,0.020614366978406906
detected,BraTS-GLI-00401-000,6,2,0.2,0.9999749660491943,1,0.02075275219976902
detected,BraTS-GLI-00401-000,6,2,0.3,0.9999344348907471,1,0.02102343551814556
detected,BraTS-GLI-00401-000,6,2,0.4,0.9998282194137573,1,0.021493420004844666
detected,BraTS-GLI-00401-000,6,2,0.5,0.9995502829551697,1,0.022270312532782555
detected,BraTS-GLI-00401-000,6,2,0.6,0.9988231062889099,1,0.023538028821349144
detected,BraTS-GLI-00401-000,6,2,0.7,0.9969238638877869,1,0.025639871135354042
detected,BraTS-GLI-00401-000,6,2,0.8,0.9919840693473816,1,0.02929665520787239
detected,BraTS-GLI-00401-000,6,2,0.9,0.9792764186859131,1,0.0362447127699852
detected,BraTS-GLI-00401-000,6,2,1.0,0.947489321231842,1,0.051254019141197205
detected,BraTS-GLI-00999-000,52,2,0.0,0.9964427351951599,1,0.03761750087141991
detected,BraTS-GLI-00999-000,52,2,0.1,0.9943841695785522,1,0.03795233741402626
detected,BraTS-GLI-00999-000,52,2,0.2,0.9911448359489441,1,0.03834301978349686
detected,BraTS-GLI-00999-000,52,2,0.3,0.9860631823539734,1,0.0388203002512455
detected,BraTS-GLI-00999-000,52,2,0.4,0.9781297445297241,1,0.03944157063961029
detected,BraTS-GLI-00999-000,52,2,0.5,0.9658366441726685,1,0.04031898453831673
detected,BraTS-GLI-00999-000,52,2,0.6,0.9470081925392151,1,0.041682906448841095
detected,BraTS-GLI-00999-000,52,2,0.7,0.9186764359474182,1,0.04403015971183777
detected,BraTS-GLI-00999-000,52,2,0.8,0.877161979675293,1,0.04848118871450424
detected,BraTS-GLI-00999-000,52,2,0.9,0.832495927810669,1,0.05764688178896904
detected,BraTS-GLI-00999-000,52,2,1.0,0.7995089888572693,1,0.07764860987663269
detected,BraTS-GLI-00021-001,2,2,0.0,0.9999994039535522,1,0.26882466673851013
detected,BraTS-GLI-00021-001,2,2,0.1,0.9999980926513672,1,0.26971447467803955
detected,BraTS-GLI-00021-001,2,2,0.2,0.9999935626983643,1,0.27080273628234863
detected,BraTS-GLI-00021-001,2,2,0.3,0.9999788999557495,1,0.2721417546272278
detected,BraTS-GLI-00021-001,2,2,0.4,0.9999306201934814,1,0.2737930119037628
detected,BraTS-GLI-00021-001,2,2,0.5,0.9997723698616028,1,0.27582859992980957
detected,BraTS-GLI-00021-001,2,2,0.6,0.9992528557777405,1,0.2783542573451996
detected,BraTS-GLI-00021-001,2,2,0.7,0.9975506663322449,1,0.2816462218761444
detected,BraTS-GLI-00021-001,2,2,0.8,0.9920012950897217,1,0.2867216467857361
detected,BraTS-GLI-00021-001,2,2,0.9,0.9742037057876587,1,0.2973195016384125
detected,BraTS-GLI-00021-001,2,2,1.0,0.9557252526283264,1,0.3301338255405426
detected,BraTS-GLI-00115-000,5,2,0.0,1.0,1,0.04038524627685547
detected,BraTS-GLI-00115-000,5,2,0.1,1.0,1,0.04002024978399277
detected,BraTS-GLI-00115-000,5,2,0.2,1.0,1,0.03963784500956535
detected,BraTS-GLI-00115-000,5,2,0.3,1.0,1,0.03924862667918205
detected,BraTS-GLI-00115-000,5,2,0.4,1.0,1,0.03887461870908737
detected,BraTS-GLI-00115-000,5,2,0.5,1.0,1,0.03856011480093002
detected,BraTS-GLI-00115-000,5,2,0.6,0.9999992847442627,1,0.03839350864291191
detected,BraTS-GLI-00115-000,5,2,0.7,0.9999881982803345,1,0.03855409845709801
detected,BraTS-GLI-00115-000,5,2,0.8,0.9998043179512024,1,0.03942278400063515
detected,BraTS-GLI-00115-000,5,2,0.9,0.9969684481620789,1,0.04188252240419388
detected,BraTS-GLI-00115-000,5,2,1.0,0.9648119807243347,1,0.04825397580862045
detected,BraTS-GLI-00555-001,1,2,0.0,1.0,1,0.05909029021859169
detected,BraTS-GLI-00555-001,1,2,0.1,1.0,1,0.05921783298254013
detected,BraTS-GLI-00555-001,1,2,0.2,1.0,1,0.059403128921985626
detected,BraTS-GLI-00555-001,1,2,0.3,1.0,1,0.059678275138139725
detected,BraTS-GLI-00555-001,1,2,0.4,1.0,1,0.06009894609451294
detected,BraTS-GLI-00555-001,1,2,0.5,1.0,1,0.06076928228139877
detected,BraTS-GLI-00555-001,1,2,0.6,1.0,1,0.061904244124889374
detected,BraTS-GLI-00555-001,1,2,0.7,0.9999997615814209,1,0.06400952488183975
detected,BraTS-GLI-00555-001,1,2,0.8,0.9999934434890747,1,0.06850781291723251
detected,BraTS-GLI-00555-001,1,2,0.9,0.9997865557670593,1,0.08053196966648102
detected,BraTS-GLI-00555-001,1,2,1.0,0.9930475354194641,1,0.12422684580087662
detected,BraTS-GLI-00401-000,13,2,0.0,0.9999983310699463,1,0.01143919862806797
detected,BraTS-GLI-00401-000,13,2,0.1,0.999995231628418,1,0.011649343185126781
detected,BraTS-GLI-00401-000,13,2,0.2,0.9999868869781494,1,0.011912585236132145
detected,BraTS-GLI-00401-000,13,2,0.3,0.9999637603759766,1,0.012258694507181644
detected,BraTS-GLI-00401-000,13,2,0.4,0.9998993873596191,1,0.0127384839579463
detected,BraTS-GLI-00401-000,13,2,0.5,0.999721348285675,1,0.013441553339362144
detected,BraTS-GLI-00401-000,13,2,0.6,0.9992282390594482,1,0.01453466434031725
detected,BraTS-GLI-00401-000,13,2,0.7,0.9978639483451843,1,0.016353435814380646
detected,BraTS-GLI-00401-000,13,2,0.8,0.9941025376319885,1,0.01964285410940647
detected,BraTS-GLI-00401-000,13,2,0.9,0.9838248491287231,1,0.026246661320328712
detected,BraTS-GLI-00401-000,13,2,1.0,0.9564211368560791,1,0.041224054992198944
detected,BraTS-GLI-01662-000,7,2,0.0,1.0,1,0.0505371056497097
detected,BraTS-GLI-01662-000,7,2,0.1,1.0,1,0.05020274594426155
detected,BraTS-GLI-01662-000,7,2,0.2,0.9999998807907104,1,0.04987657815217972
detected,BraTS-GLI-01662-000,7,2,0.3,0.9999995231628418,1,0.04957681521773338
detected,BraTS-GLI-01662-000,7,2,0.4,0.9999971389770508,1,0.04933507740497589
detected,BraTS-GLI-01662-000,7,2,0.5,0.9999825954437256,1,0.04920683801174164
detected,BraTS-GLI-01662-000,7,2,0.6,0.9998941421508789,1,0.04929203540086746
detected,BraTS-GLI-01662-000,7,2,0.7,0.9993565678596497,1,0.049783334136009216
detected,BraTS-GLI-01662-000,7,2,0.8,0.9960983991622925,1,0.05109180510044098
detected,BraTS-GLI-01662-000,7,2,0.9,0.9767276644706726,1,0.054185234010219574
detected,BraTS-GLI-01662-000,7,2,1.0,0.9172746539115906,1,0.06153447926044464
detected,BraTS-GLI-01401-000,2,2,0.0,0.9999901056289673,1,0.08505327254533768
detected,BraTS-GLI-01401-000,2,2,0.1,0.9999804496765137,1,0.0871380940079689
detected,BraTS-GLI-01401-000,2,2,0.2,0.9999613761901855,1,0.08950367569923401
detected,BraTS-GLI-01401-000,2,2,0.3,0.9999234676361084,1,0.09228700399398804
detected,BraTS-GLI-01401-000,2,2,0.4,0.999848484992981,1,0.09571568667888641
detected,BraTS-GLI-01401-000,2,2,0.5,0.9997003078460693,1,0.10015518963336945
detected,BraTS-GLI-01401-000,2,2,0.6,0.9994069337844849,1,0.10619235783815384
detected,BraTS-GLI-01401-000,2,2,0.7,0.9988265633583069,1,0.11481393873691559
detected,BraTS-GLI-01401-000,2,2,0.8,0.9980747699737549,1,0.12784530222415924
detected,BraTS-GLI-01401-000,2,2,0.9,0.9968476891517639,1,0.14967377483844757
detected,BraTS-GLI-01401-000,2,2,1.0,0.9948425889015198,1,0.19727765023708344
detected,BraTS-GLI-01054-000,1,2,0.0,1.0,1,0.03868443891406059
detected,BraTS-GLI-01054-000,1,2,0.1,1.0,1,0.03844809532165527
detected,BraTS-GLI-01054-000,1,2,0.2,1.0,1,0.038194406777620316
detected,BraTS-GLI-01054-000,1,2,0.3,1.0,1,0.03793695941567421
detected,BraTS-GLI-01054-000,1,2,0.4,1.0,1,0.03770750015974045
detected,BraTS-GLI-01054-000,1,2,0.5,1.0,1,0.037577077746391296
detected,BraTS-GLI-01054-000,1,2,0.6,0.9999994039535522,1,0.03771251067519188
detected,BraTS-GLI-01054-000,1,2,0.7,0.9999885559082031,1,0.03855888545513153
detected,BraTS-GLI-01054-000,1,2,0.8,0.9998323917388916,1,0.04159410670399666
detected,BraTS-GLI-01054-000,1,2,0.9,0.9978427886962891,1,0.05347287654876709
detected,BraTS-GLI-01054-000,1,2,1.0,0.9769391417503357,1,0.11234940588474274
detected,BraTS-GLI-00608-001,12,2,0.0,0.9999388456344604,1,0.041051752865314484
detected,BraTS-GLI-00608-001,12,2,0.1,0.9998682737350464,1,0.04116538166999817
detected,BraTS-GLI-00608-001,12,2,0.2,0.9997161030769348,1,0.04132384434342384
detected,BraTS-GLI-00608-001,12,2,0.3,0.9993882179260254,1,0.041541438549757004
detected,BraTS-GLI-00608-001,12,2,0.4,0.99868243932724,1,0.04183647781610489
detected,BraTS-GLI-00608-001,12,2,0.5,0.9971646666526794,1,0.04223461076617241
detected,BraTS-GLI-00608-001,12,2,0.6,0.9939092397689819,1,0.04277846962213516
detected,BraTS-GLI-00608-001,12,2,0.7,0.9869645833969116,1,0.04355432838201523
detected,BraTS-GLI-00608-001,12,2,0.8,0.9723224639892578,1,0.044762544333934784
detected,BraTS-GLI-00608-001,12,2,0.9,0.9421964883804321,1,0.046899888664484024
detected,BraTS-GLI-00608-001,12,2,1.0,0.9292281270027161,1,0.051241569221019745
detected,BraTS-GLI-00401-000,2,2,0.0,0.9994087219238281,1,0.00011754719889722764
detected,BraTS-GLI-00401-000,2,2,0.1,0.9990530610084534,1,0.00018400103726889938
detected,BraTS-GLI-00401-000,2,2,0.2,0.9984838366508484,1,0.0002894758654292673
detected,BraTS-GLI-00401-000,2,2,0.3,0.9975729584693909,1,0.00045804851106368005
detected,BraTS-GLI-00401-000,2,2,0.4,0.996117353439331,1,0.0007298054406419396
detected,BraTS-GLI-00401-000,2,2,0.5,0.9937940835952759,1,0.0011729666730389
detected,BraTS-GLI-00401-000,2,2,0.6,0.9900943636894226,1,0.0019075678428635001
detected,BraTS-GLI-00401-000,2,2,0.7,0.9842240810394287,1,0.003156034741550684
detected,BraTS-GLI-00401-000,2,2,0.8,0.9749630093574524,1,0.005364265292882919
detected,BraTS-GLI-00401-000,2,2,0.9,0.9604834318161011,1,0.009529744274914265
detected,BraTS-GLI-00401-000,2,2,1.0,0.9513745307922363,1,0.01819685287773609
detected,BraTS-GLI-01347-000,1,2,0.0,1.0,1,0.0024094192776829004
detected,BraTS-GLI-01347-000,1,2,0.1,1.0,1,0.002456578193232417
detected,BraTS-GLI-01347-000,1,2,0.2,1.0,1,0.0025319259148091078
detected,BraTS-GLI-01347-000,1,2,0.3,0.9999998807907104,1,0.002646474400535226
detected,BraTS-GLI-01347-000,1,2,0.4,0.9999994039535522,1,0.0028192789759486914
detected,BraTS-GLI-01347-000,1,2,0.5,0.9999963045120239,1,0.0030917946714907885
detected,BraTS-GLI-01347-000,1,2,0.6,0.9999765157699585,1,0.0035813292488455772
detected,BraTS-GLI-01347-000,1,2,0.7,0.9998520612716675,1,0.004690628033131361
detected,BraTS-GLI-01347-000,1,2,0.8,0.9990662932395935,1,0.007934105582535267
detected,BraTS-GLI-01347-000,1,2,0.9,0.9941309094429016,1,0.020001424476504326
detected,BraTS-GLI-01347-000,1,2,1.0,0.9704697728157043,1,0.07896280288696289
detected,BraTS-GLI-00177-000,18,2,0.0,0.9999953508377075,1,0.013299738988280296
detected,BraTS-GLI-00177-000,18,2,0.1,0.9999868869781494,1,0.014073568396270275
detected,BraTS-GLI-00177-000,18,2,0.2,0.9999632835388184,1,0.014987928792834282
detected,BraTS-GLI-00177-000,18,2,0.3,0.9998975992202759,1,0.016075387597084045
detected,BraTS-GLI-00177-000,18,2,0.4,0.9997139573097229,1,0.017382360994815826
detected,BraTS-GLI-00177-000,18,2,0.5,0.9992020726203918,1,0.018979748710989952
detected,BraTS-GLI-00177-000,18,2,0.6,0.9977753758430481,1,0.020984141156077385
detected,BraTS-GLI-00177-000,18,2,0.7,0.9943139553070068,1,0.023602807894349098
detected,BraTS-GLI-00177-000,18,2,0.8,0.989654004573822,1,0.027237175032496452
detected,BraTS-GLI-00177-000,18,2,0.9,0.9812473654747009,1,0.0327463336288929
detected,BraTS-GLI-00177-000,18,2,1.0,0.966242790222168,1,0.0421798974275589
detected,BraTS-GLI-00251-000,1,2,0.0,1.0,1,0.013746727257966995
detected,BraTS-GLI-00251-000,1,2,0.1,1.0,1,0.013491371646523476
detected,BraTS-GLI-00251-000,1,2,0.2,1.0,1,0.013222973793745041
detected,BraTS-GLI-00251-000,1,2,0.3,1.0,1,0.01294909231364727
detected,BraTS-GLI-00251-000,1,2,0.4,1.0,1,0.012685813009738922
detected,BraTS-GLI-00251-000,1,2,0.5,1.0,1,0.012466919608414173
detected,BraTS-GLI-00251-000,1,2,0.6,0.9999996423721313,1,0.012367000803351402
detected,BraTS-GLI-00251-000,1,2,0.7,0.999996542930603,1,0.012573308311402798
detected,BraTS-GLI-00251-000,1,2,0.8,0.9999643564224243,1,0.013699261471629143
detected,BraTS-GLI-00251-000,1,2,0.9,0.9996376037597656,1,0.01885029301047325
detected,BraTS-GLI-00251-000,1,2,1.0,0.996323823928833,1,0.052336253225803375
detected,BraTS-GLI-00216-000,3,2,0.0,0.9999958276748657,1,0.02109667658805847
detected,BraTS-GLI-00216-000,3,2,0.1,0.9999902248382568,1,0.02176486700773239
detected,BraTS-GLI-00216-000,3,2,0.2,0.9999772310256958,1,0.022542523220181465
detected,BraTS-GLI-00216-000,3,2,0.3,0.9999538660049438,1,0.023464646190404892
detected,BraTS-GLI-00216-000,3,2,0.4,0.9999065399169922,1,0.024579916149377823
detected,BraTS-GLI-00216-000,3,2,0.5,0.9998107552528381,1,0.02595471777021885
detected,BraTS-GLI-00216-000,3,2,0.6,0.9996167421340942,1,0.027684694156050682
detected,BraTS-GLI-00216-000,3,2,0.7,0.9992239475250244,1,0.02993100695312023
detected,BraTS-GLI-00216-000,3,2,0.8,0.9984294772148132,1,0.0330129899084568
detected,BraTS-GLI-00216-000,3,2,0.9,0.9968242645263672,1,0.037589989602565765
detected,BraTS-GLI-00216-000,3,2,1.0,0.9936397671699524,1,0.04505060240626335
detected,BraTS-GLI-01367-000,2,2,0.0,0.9999998807907104,1,0.04532851278781891
detected,BraTS-GLI-01367-000,2,2,0.1,0.9999996423721313,1,0.0453789196908474
detected,BraTS-GLI-01367-000,2,2,0.2,0.9999985694885254,1,0.04543420672416687
detected,BraTS-GLI-01367-000,2,2,0.3,0.9999945163726807,1,0.04549296945333481
detected,BraTS-GLI-01367-000,2,2,0.4,0.9999784231185913,1,0.04555247724056244
detected,BraTS-GLI-01367-000,2,2,0.5,0.9999144077301025,1,0.04560943320393562
detected,BraTS-GLI-01367-000,2,2,0.6,0.9996606111526489,1,0.04567209631204605
detected,BraTS-GLI-01367-000,2,2,0.7,0.9986547231674194,1,0.04585055261850357
detected,BraTS-GLI-01367-000,2,2,0.8,0.9946847558021545,1,0.046957336366176605
detected,BraTS-GLI-01367-000,2,2,0.9,0.9792410731315613,1,0.05444096773862839
detected,BraTS-GLI-01367-000,2,2,1.0,0.9294417500495911,1,0.10244297236204147
detected,BraTS-GLI-01506-000,11,2,0.0,0.9999995231628418,1,0.3287985324859619
detected,BraTS-GLI-01506-000,11,2,0.1,0.9999982118606567,1,0.3261072337627411
detected,BraTS-GLI-01506-000,11,2,0.2,0.9999926090240479,1,0.32289355993270874
detected,BraTS-GLI-01506-000,11,2,0.3,0.9999690055847168,1,0.3189573585987091
detected,BraTS-GLI-01506-000,11,2,0.4,0.999870777130127,1,0.3139705955982208
detected,BraTS-GLI-01506-000,11,2,0.5,0.9994617104530334,1,0.3073650896549225
detected,BraTS-GLI-01506-000,11,2,0.6,0.9977604150772095,1,0.2981184720993042
detected,BraTS-GLI-01506-000,11,2,0.7,0.9907324314117432,1,0.2844046950340271
detected,BraTS-GLI-01506-000,11,2,0.8,0.9624791145324707,1,0.26338842511177063
detected,BraTS-GLI-01506-000,11,2,0.9,0.8679166436195374,1,0.2328723967075348
detected,BraTS-GLI-01506-000,11,2,1.0,0.6691792011260986,1,0.19824379682540894
G2A,BraTS-GLI-01233-000,7,2,0.0,1.3139871043676976e-05,0,1.7841045307775971e-09
G2A,BraTS-GLI-01233-000,7,2,0.1,3.958037996198982e-05,0,8.809180052082866e-09
G2A,BraTS-GLI-01233-000,7,2,0.2,0.00011921873374376446,0,4.428147093449297e-08
G2A,BraTS-GLI-01233-000,7,2,0.3,0.0003590378910303116,0,2.2742534611097653e-07
G2A,BraTS-GLI-01233-000,7,2,0.4,0.0010807522339746356,0,1.198460950035951e-06
G2A,BraTS-GLI-01233-000,7,2,0.5,0.0033654849976301193,0,6.512348591058981e-06
G2A,BraTS-GLI-01233-000,7,2,0.6,0.011528817936778069,0,3.67014181392733e-05
G2A,BraTS-GLI-01233-000,7,2,0.7,0.03872380778193474,0,0.000215777603443712
G2A,BraTS-GLI-01233-000,7,2,0.8,0.12214154750108719,0,0.0013242610730230808
G2A,BraTS-GLI-01233-000,7,2,0.9,0.32458004355430603,0,0.008267299272119999
G2A,BraTS-GLI-01233-000,7,2,1.0,0.6240326166152954,1,0.04937218874692917
G2A,BraTS-GLI-01282-000,5,2,0.0,1.1424013861630056e-12,0,3.775530235672342e-12
G2A,BraTS-GLI-01282-000,5,2,0.1,1.5766514829818057e-11,0,3.377005619586981e-11
G2A,BraTS-GLI-01282-000,5,2,0.2,2.1759649637687062e-10,0,3.1261015998040875e-10
G2A,BraTS-GLI-01282-000,5,2,0.3,3.0030935516123236e-09,0,3.0177820242727194e-09
G2A,BraTS-GLI-01282-000,5,2,0.4,4.144622778312623e-08,0,3.0597917088925897e-08
G2A,BraTS-GLI-01282-000,5,2,0.5,5.720075364479271e-07,0,3.2756082646301365e-07
G2A,BraTS-GLI-01282-000,5,2,0.6,7.894327609392349e-06,0,3.709668590090587e-06
G2A,BraTS-GLI-01282-000,5,2,0.7,0.00011335462477291003,0,4.4358865125104785e-05
G2A,BraTS-GLI-01282-000,5,2,0.8,0.0016606925055384636,0,0.0005568170454353094
G2A,BraTS-GLI-01282-000,5,2,0.9,0.023826520889997482,0,0.007225219625979662
G2A,BraTS-GLI-01282-000,5,2,1.0,0.26370033621788025,0,0.08648701757192612
G2A,BraTS-GLI-01282-000,6,2,0.0,1.6796657814621696e-11,0,0.010660979896783829
G2A,BraTS-GLI-01282-000,6,2,0.1,1.6885064180183207e-10,0,0.010408504866063595
G2A,BraTS-GLI-01282-000,6,2,0.2,1.6973937810860207e-09,0,0.010146143846213818
G2A,BraTS-GLI-01282-000,6,2,0.3,1.7063308987985693e-08,0,0.00987475086003542
G2A,BraTS-GLI-01282-000,6,2,0.4,1.7153098497146857e-07,0,0.009597647935152054
G2A,BraTS-GLI-01282-000,6,2,0.5,1.7243404499822645e-06,0,0.009323326870799065
G2A,BraTS-GLI-01282-000,6,2,0.6,1.7333908544969745e-05,0,0.009072445333003998
G2A,BraTS-GLI-01282-000,6,2,0.7,0.00017422442033421248,0,0.008909417316317558
G2A,BraTS-GLI-01282-000,6,2,0.8,0.0017486579017713666,0,0.009195920079946518
G2A,BraTS-GLI-01282-000,6,2,0.9,0.01730469986796379,0,0.013363570906221867
G2A,BraTS-GLI-01282-000,6,2,1.0,0.15039774775505066,0,0.05922861024737358
G2A,BraTS-GLI-00132-000,3,2,0.0,4.95092194796598e-07,0,5.011835213508675e-08
G2A,BraTS-GLI-00132-000,3,2,0.1,1.974135784621467e-06,0,2.0456805316371174e-07
G2A,BraTS-GLI-00132-000,3,2,0.2,7.871646630519535e-06,0,8.482544444632367e-07
G2A,BraTS-GLI-00132-000,3,2,0.3,3.1441075407201424e-05,0,3.5795890198642155e-06
G2A,BraTS-GLI-00132-000,3,2,0.4,0.00012614300067070872,0,1.54022727656411e-05
G2A,BraTS-GLI-00132-000,3,2,0.5,0.0005059470422565937,0,6.77059288136661e-05
G2A,BraTS-GLI-00132-000,3,2,0.6,0.0021374912466853857,0,0.0003045602352358401
G2A,BraTS-GLI-00132-000,3,2,0.7,0.009772111661732197,0,0.0014018790097907186
G2A,BraTS-GLI-00132-000,3,2,0.8,0.043487392365932465,0,0.006557461805641651
G2A,BraTS-GLI-00132-000,3,2,0.9,0.1731817126274109,0,0.030241984874010086
G2A,BraTS-GLI-00132-000,3,2,1.0,0.4910849630832672,0,0.12652988731861115
G2A,BraTS-GLI-01401-000,5,2,0.0,8.220722520491108e-06,0,0.0006580715999007225
G2A,BraTS-GLI-01401-000,5,2,0.1,1.6872572814463638e-05,0,0.0007294314564205706
G2A,BraTS-GLI-01401-000,5,2,0.2,3.462973108980805e-05,0,0.0008144942112267017
G2A,BraTS-GLI-01401-000,5,2,0.3,7.107373676262796e-05,0,0.000918637786526233
G2A,BraTS-GLI-01401-000,5,2,0.4,0.0001458653568988666,0,0.0010503190569579601
G2A,BraTS-GLI-01401-000,5,2,0.5,0.00029933740734122694,0,0.0012232803273946047
G2A,BraTS-GLI-01401-000,5,2,0.6,0.0006141865160316229,0,0.0014608127530664206
G2A,BraTS-GLI-01401-000,5,2,0.7,0.0012597811874002218,0,0.0018046266632154584
G2A,BraTS-GLI-01401-000,5,2,0.8,0.0025822327006608248,0,0.002335465047508478
G2A,BraTS-GLI-01401-000,5,2,0.9,0.005285576451569796,0,0.0032287570647895336
G2A,BraTS-GLI-01401-000,5,2,1.0,0.010788444429636002,0,0.004936452955007553
G2A,BraTS-GLI-01135-000,5,2,0.0,0.0031660650856792927,0,9.51287347561447e-06
G2A,BraTS-GLI-01135-000,5,2,0.1,0.0049245525151491165,0,1.8057275156024843e-05
G2A,BraTS-GLI-01135-000,5,2,0.2,0.007652237080037594,0,3.484101762296632e-05
G2A,BraTS-GLI-01135-000,5,2,0.3,0.011872745119035244,0,6.855429091956466e-05
G2A,BraTS-GLI-01135-000,5,2,0.4,0.018377915024757385,0,0.00013809133088216186
G2A,BraTS-GLI-01135-000,5,2,0.5,0.02834508568048477,0,0.00028609411674551666
G2A,BraTS-GLI-01135-000,5,2,0.6,0.04347846657037735,0,0.0006130358087830245
G2A,BraTS-GLI-01135-000,5,2,0.7,0.0661415234208107,0,0.0013675502268597484
G2A,BraTS-GLI-01135-000,5,2,0.8,0.0993901789188385,0,0.0031989947892725468
G2A,BraTS-GLI-01135-000,5,2,0.9,0.14672666788101196,0,0.007900087162852287
G2A,BraTS-GLI-01135-000,5,2,1.0,0.21131804585456848,0,0.020674465224146843
G2A,BraTS-GLI-01135-000,9,2,0.0,0.0016167092835530639,0,7.524524789914722e-07
G2A,BraTS-GLI-01135-000,9,2,0.1,0.0025400416925549507,0,1.8056189219350927e-06
G2A,BraTS-GLI-01135-000,9,2,0.2,0.003988598007708788,0,4.387406988826115e-06
G2A,BraTS-GLI-01135-000,9,2,0.3,0.0062580653466284275,0,1.0817296242748853e-05
G2A,BraTS-GLI-01135-000,9,2,0.4,0.009806121699512005,0,2.7130297894473188e-05
G2A,BraTS-GLI-01135-000,9,2,0.5,0.015334739349782467,0,6.943269545445219e-05
G2A,BraTS-GLI-01135-000,9,2,0.6,0.023905090987682343,0,0.00018201545753981918
G2A,BraTS-GLI-01135-000,9,2,0.7,0.037084899842739105,0,0.0004910379648208618
G2A,BraTS-GLI-01135-000,9,2,0.8,0.057106129825115204,0,0.0013708054320886731
G2A,BraTS-GLI-01135-000,9,2,0.9,0.08696015179157257,0,0.003983194008469582
G2A,BraTS-GLI-01135-000,9,2,1.0,0.13026514649391174,0,0.012097818776965141
G2A,BraTS-GLI-00806-000,7,2,0.0,1.3633100024890155e-05,0,2.0153979676251765e-06
G2A,BraTS-GLI-00806-000,7,2,0.1,3.201678191544488e-05,0,5.052854703535559e-06
G2A,BraTS-GLI-00806-000,7,2,0.2,7.518810161855072e-05,0,1.2837899703299627e-05
G2A,BraTS-GLI-00806-000,7,2,0.3,0.00017656154523137957,0,3.3066808100556955e-05
G2A,BraTS-GLI-00806-000,7,2,0.4,0.0004145560960751027,0,8.637439896119758e-05
G2A,BraTS-GLI-00806-000,7,2,0.5,0.0009730412275530398,0,0.00022888139938004315
G2A,BraTS-GLI-00806-000,7,2,0.6,0.00228219386190176,0,0.0006154098082333803
G2A,BraTS-GLI-00806-000,7,2,0.7,0.005343289114534855,0,0.0016788591165095568
G2A,BraTS-GLI-00806-000,7,2,0.8,0.012458938173949718,0,0.004642551299184561
G2A,BraTS-GLI-00806-000,7,2,0.9,0.029409270733594894,0,0.012969854287803173
G2A,BraTS-GLI-00806-000,7,2,1.0,0.0709821879863739,0,0.03623573109507561
G2A,BraTS-GLI-00806-000,10,2,0.0,0.2132575809955597,0,0.18938612937927246
G2A,BraTS-GLI-00806-000,10,2,0.1,0.2359670251607895,0,0.18861912190914154
G2A,BraTS-GLI-00806-000,10,2,0.2,0.2602947950363159,0,0.18790572881698608
G2A,BraTS-GLI-00806-000,10,2,0.3,0.2861911356449127,0,0.18732216954231262
G2A,BraTS-GLI-00806-000,10,2,0.4,0.3135716915130615,0,0.1870066225528717
G2A,BraTS-GLI-00806-000,10,2,0.5,0.3423156440258026,0,0.1872197538614273
G2A,BraTS-GLI-00806-000,10,2,0.6,0.37226542830467224,0,0.18847313523292542
G2A,BraTS-GLI-00806-000,10,2,0.7,0.40322914719581604,0,0.19180601835250854
G2A,BraTS-GLI-00806-000,10,2,0.8,0.43498358130455017,0,0.19937817752361298
G2A,BraTS-GLI-00806-000,10,2,0.9,0.4672805964946747,0,0.21567629277706146
G2A,BraTS-GLI-00806-000,10,2,1.0,0.49985411763191223,0,0.2495535910129547
G2A,BraTS-GLI-01217-000,4,2,0.0,4.799472321792564e-07,0,1.1233452390513321e-08
G2A,BraTS-GLI-01217-000,4,2,0.1,2.0808276985917473e-06,0,4.744435599945973e-08
G2A,BraTS-GLI-01217-000,4,2,0.2,9.021452569868416e-06,0,2.045283764573469e-07
G2A,BraTS-GLI-01217-000,4,2,0.3,3.9111699152272195e-05,0,9.025001190821058e-07
G2A,BraTS-GLI-01217-000,4,2,0.4,0.00016954843886196613,0,4.087934485141886e-06
G2A,BraTS-GLI-01217-000,4,2,0.5,0.0007346683996729553,0,1.9058545149164274e-05
G2A,BraTS-GLI-01217-000,4,2,0.6,0.0031773988157510757,0,9.165604569716379e-05
G2A,BraTS-GLI-01217-000,4,2,0.7,0.013631281442940235,0,0.0004551784077193588
G2A,BraTS-GLI-01217-000,4,2,0.8,0.05652875080704689,0,0.00232981750741601
G2A,BraTS-GLI-01217-000,4,2,0.9,0.2062024623155594,0,0.012152441777288914
G2A,BraTS-GLI-01217-000,4,2,1.0,0.52968430519104,1,0.06175118684768677
G2A,BraTS-GLI-01217-000,6,2,0.0,0.001739567145705223,0,0.012778893113136292
G2A,BraTS-GLI-01217-000,6,2,0.1,0.003566626226529479,0,0.012838071212172508
G2A,BraTS-GLI-01217-000,6,2,0.2,0.007298600394278765,0,0.012917134910821915
G2A,BraTS-GLI-01217-000,6,2,0.3,0.01487727090716362,0,0.013024844229221344
G2A,BraTS-GLI-01217-000,6,2,0.4,0.03008691407740116,0,0.013179458677768707
G2A,BraTS-GLI-01217-000,6,2,0.5,0.05990051478147507,0,0.013427511788904667
G2A,BraTS-GLI-01217-000,6,2,0.6,0.11573173105716705,0,0.013906207866966724
G2A,BraTS-GLI-01217-000,6,2,0.7,0.21187341213226318,0,0.015064146369695663
G2A,BraTS-GLI-01217-000,6,2,0.8,0.3557509183883667,0,0.01850520446896553
G2A,BraTS-GLI-01217-000,6,2,0.9,0.5314485430717468,1,0.0304713174700737
G2A,BraTS-GLI-01217-000,6,2,1.0,0.6996803879737854,1,0.07594350725412369
G2A,BraTS-GLI-01422-000,4,2,0.0,2.064678119495511e-05,0,9.133541922778932e-09
G2A,BraTS-GLI-01422-000,4,2,0.1,7.514000026276335e-05,0,4.0511764609618695e-08
G2A,BraTS-GLI-01422-000,4,2,0.2,0.00027341858367435634,0,1.8310349503281032e-07
G2A,BraTS-GLI-01422-000,4,2,0.3,0.000994391622953117,0,8.442742682746029e-07
G2A,BraTS-GLI-01422-000,4,2,0.4,0.0036096263211220503,0,3.976555490226019e-06
G2A,BraTS-GLI-01422-000,4,2,0.5,0.013013285584747791,0,1.9159977455274202e-05
G2A,BraTS-GLI-01422-000,4,2,0.6,0.04578917846083641,0,9.457176201976836e-05
G2A,BraTS-GLI-01422-000,4,2,0.7,0.14868055284023285,0,0.00047848382382653654
G2A,BraTS-GLI-01422-000,4,2,0.8,0.41934943199157715,0,0.002474976936355233
G2A,BraTS-GLI-01422-000,4,2,0.9,0.7700891494750977,1,0.012954022735357285
G2A,BraTS-GLI-01422-000,4,2,1.0,0.9395208954811096,1,0.06614454090595245
G2A,BraTS-GLI-01422-000,17,2,0.0,3.872815341310343e-06,0,4.31601065997711e-09
G2A,BraTS-GLI-01422-000,17,2,0.1,1.2611912097781897e-05,0,2.143394617348804e-08
G2A,BraTS-GLI-01422-000,17,2,0.2,4.1070135921472684e-05,0,1.085621832430661e-07
G2A,BraTS-GLI-01422-000,17,2,0.3,0.00013373461843002588,0,5.606916602118872e-07
G2A,BraTS-GLI-01422-000,17,2,0.4,0.00043538230238482356,0,2.9511893444578163e-06
G2A,BraTS-GLI-01422-000,17,2,0.5,0.0014164539752528071,0,1.581727701704949e-05
G2A,BraTS-GLI-01422-000,17,2,0.6,0.004598056431859732,0,8.62297965795733e-05
G2A,BraTS-GLI-01422-000,17,2,0.7,0.014820045791566372,0,0.0004774520348291844
G2A,BraTS-GLI-01422-000,17,2,0.8,0.04670048505067825,0,0.002676764503121376
G2A,BraTS-GLI-01422-000,17,2,0.9,0.1375836730003357,0,0.01502519752830267
G2A,BraTS-GLI-01422-000,17,2,1.0,0.34190043807029724,0,0.08017047494649887
G2A,BraTS-GLI-01422-000,18,2,0.0,3.2798513904808146e-10,0,1.2012238426173383e-10
G2A,BraTS-GLI-01422-000,18,2,0.1,2.2875152883017336e-09,0,7.276955704682564e-10
G2A,BraTS-GLI-01422-000,18,2,0.2,1.5954125132111585e-08,0,4.508753814747024e-09
G2A,BraTS-GLI-01422-000,18,2,0.3,1.112711913719977e-07,0,2.8663345474910784e-08
G2A,BraTS-GLI-01422-000,18,2,0.4,7.760538665024797e-07,0,1.8773145882278186e-07
G2A,BraTS-GLI-01422-000,18,2,0.5,5.412526661530137e-06,0,1.2734682286463794e-06
G2A,BraTS-GLI-01422-000,18,2,0.6,3.774812648771331e-05,0,9.007125299831387e-06
G2A,BraTS-GLI-01422-000,18,2,0.7,0.0002632129762787372,0,6.695134652545676e-05
G2A,BraTS-GLI-01422-000,18,2,0.8,0.0018328819423913956,0,0.0005271155387163162
G2A,BraTS-GLI-01422-000,18,2,0.9,0.012644865550100803,0,0.004407836124300957
G2A,BraTS-GLI-01422-000,18,2,1.0,0.08199642598628998,0,0.03807345777750015
G2A,BraTS-GLI-01422-000,45,2,0.0,1.7193976873386418e-06,0,8.207639012880463e-09
G2A,BraTS-GLI-01422-000,45,2,0.1,6.006443982187193e-06,0,3.713762453116942e-08
G2A,BraTS-GLI-01422-000,45,2,0.2,2.0982295609428547e-05,0,1.705010532759843e-07
G2A,BraTS-GLI-01422-000,45,2,0.3,7.329473737627268e-05,0,7.952397709232173e-07
G2A,BraTS-GLI-01422-000,45,2,0.4,0.0002559978747740388,0,3.773363005166175e-06
G2A,BraTS-GLI-01422-000,45,2,0.5,0.0008937214151956141,0,1.824221180868335e-05
G2A,BraTS-GLI-01422-000,45,2,0.6,0.003115143394097686,0,8.999881538329646e-05
G2A,BraTS-GLI-01422-000,45,2,0.7,0.01108510047197342,0,0.00045376046909950674
G2A,BraTS-GLI-01422-000,45,2,0.8,0.03955363854765892,0,0.0023384010419249535
G2A,BraTS-GLI-01422-000,45,2,0.9,0.1314184069633484,0,0.012240009382367134
G2A,BraTS-GLI-01422-000,45,2,1.0,0.3572752773761749,0,0.06261714547872543
G2A,BraTS-GLI-00160-000,5,2,0.0,0.00018030715000350028,0,0.000730961502995342
G2A,BraTS-GLI-00160-000,5,2,0.1,0.0004962728708051145,0,0.0007278079283423722
G2A,BraTS-GLI-00160-000,5,2,0.2,0.0013651704648509622,0,0.0007234147051349282
G2A,BraTS-GLI-00160-000,5,2,0.3,0.00374967185780406,0,0.0007180186803452671
G2A,BraTS-GLI-00160-000,5,2,0.4,0.010256334207952023,0,0.0007144936244003475
G2A,BraTS-GLI-00160-000,5,2,0.5,0.02773936092853546,0,0.0007282287697307765
G2A,BraTS-GLI-00160-000,5,2,0.6,0.07283112406730652,0,0.0008336848695762455
G2A,BraTS-GLI-00160-000,5,2,0.7,0.1778162568807602,0,0.0013881089398637414
G2A,BraTS-GLI-00160-000,5,2,0.8,0.37321874499320984,0,0.004105864092707634
G2A,BraTS-GLI-00160-000,5,2,0.9,0.6211298704147339,1,0.017214922234416008
G2A,BraTS-GLI-00160-000,5,2,1.0,0.8435828685760498,1,0.07878237217664719
G2A,BraTS-GLI-00160-000,7,2,0.0,0.003745164256542921,0,6.691642283840338e-06
G2A,BraTS-GLI-00160-000,7,2,0.1,0.009954091161489487,0,1.704007627267856e-05
G2A,BraTS-GLI-00160-000,7,2,0.2,0.02618594653904438,0,4.370643728179857e-05
G2A,BraTS-GLI-00160-000,7,2,0.3,0.06709283590316772,0,0.00011300657934043556
G2A,BraTS-GLI-00160-000,7,2,0.4,0.16131743788719177,0,0.00029439711943268776
G2A,BraTS-GLI-00160-000,7,2,0.5,0.3396872282028198,0,0.0007698500412516296
G2A,BraTS-GLI-00160-000,7,2,0.6,0.5791002511978149,1,0.0020015835762023926
G2A,BraTS-GLI-00160-000,7,2,0.7,0.7863143682479858,1,0.005103933159261942
G2A,BraTS-GLI-00160-000,7,2,0.8,0.907762885093689,1,0.012778684496879578
G2A,BraTS-GLI-00160-000,7,2,0.9,0.9633989930152893,1,0.03324652463197708
G2A,BraTS-GLI-00160-000,7,2,1.0,0.9859939813613892,1,0.0975368544459343
G2A,BraTS-GLI-00290-000,8,2,0.0,3.4037938689834846e-07,0,0.023602556437253952
G2A,BraTS-GLI-00290-000,8,2,0.1,1.3789413060294464e-06,0,0.02374129369854927
G2A,BraTS-GLI-00290-000,8,2,0.2,5.586329734796891e-06,0,0.02389838546514511
G2A,BraTS-GLI-00290-000,8,2,0.3,2.2630942112300545e-05,0,0.024090785533189774
G2A,BraTS-GLI-00290-000,8,2,0.4,9.498452709522098e-05,0,0.024351095780730247
G2A,BraTS-GLI-00290-000,8,2,0.5,0.0004021469794679433,0,0.024746786803007126
G2A,BraTS-GLI-00290-000,8,2,0.6,0.0017009241273626685,0,0.025437600910663605
G2A,BraTS-GLI-00290-000,8,2,0.7,0.007164189592003822,0,0.026890212669968605
G2A,BraTS-GLI-00290-000,8,2,0.8,0.029653849080204964,0,0.03087640553712845
G2A,BraTS-GLI-00290-000,8,2,0.9,0.11459403485059738,0,0.04593295603990555
G2A,BraTS-GLI-00290-000,8,2,1.0,0.35405993461608887,0,0.11666044592857361
G2A,BraTS-GLI-00152-000,6,2,0.0,0.003956136293709278,0,0.024678247049450874
G2A,BraTS-GLI-00152-000,6,2,0.1,0.00857741292566061,0,0.024907538667321205
G2A,BraTS-GLI-00152-000,6,2,0.2,0.0184966828674078,0,0.02530372515320778
G2A,BraTS-GLI-00152-000,6,2,0.3,0.03943072631955147,0,0.02598225325345993
G2A,BraTS-GLI-00152-000,6,2,0.4,0.08207617700099945,0,0.027166564017534256
G2A,BraTS-GLI-00152-000,6,2,0.5,0.16301652789115906,0,0.029314842075109482
G2A,BraTS-GLI-00152-000,6,2,0.6,0.29787468910217285,0,0.033326156437397
G2A,BraTS-GLI-00152-000,6,2,0.7,0.4802790582180023,0,0.040655430406332016
G2A,BraTS-GLI-00152-000,6,2,0.8,0.668096661567688,1,0.0536627359688282
G2A,BraTS-GLI-00152-000,6,2,0.9,0.8142859935760498,1,0.08203370124101639
G2A,BraTS-GLI-00152-000,6,2,1.0,0.9052198529243469,1,0.17537584900856018
G2A,BraTS-GLI-01053-000,9,2,0.0,0.0012479840079322457,0,5.88670536671998e-06
G2A,BraTS-GLI-01053-000,9,2,0.1,0.002507636556401849,0,1.4418355931411497e-05
G2A,BraTS-GLI-01053-000,9,2,0.2,0.0050323111936450005,0,3.583400757634081e-05
G2A,BraTS-GLI-01053-000,9,2,0.3,0.010073150508105755,0,9.052399400388822e-05
G2A,BraTS-GLI-01053-000,9,2,0.4,0.02006153017282486,0,0.00023286785290110856
G2A,BraTS-GLI-01053-000,9,2,0.5,0.03955851122736931,0,0.0006111456314101815
G2A,BraTS-GLI-01053-000,9,2,0.6,0.0765240266919136,0,0.001639309455640614
G2A,BraTS-GLI-01053-000,9,2,0.7,0.1428929567337036,0,0.004500844050198793
G2A,BraTS-GLI-01053-000,9,2,0.8,0.25116777420043945,0,0.012650803662836552
G2A,BraTS-GLI-01053-000,9,2,0.9,0.40291815996170044,0,0.03625493124127388
G2A,BraTS-GLI-01053-000,9,2,1.0,0.5758480429649353,1,0.10342929512262344
G2A,BraTS-GLI-01053-000,18,2,0.0,0.0016120318323373795,0,1.3326471162145026e-05
G2A,BraTS-GLI-01053-000,18,2,0.1,0.002654628362506628,0,2.674215102160815e-05
G2A,BraTS-GLI-01053-000,18,2,0.2,0.004368583206087351,0,5.428872464108281e-05
G2A,BraTS-GLI-01053-000,18,2,0.3,0.007181184366345406,0,0.00011167363845743239
G2A,BraTS-GLI-01053-000,18,2,0.4,0.011783172376453876,0,0.00023317945306189358
G2A,BraTS-GLI-01053-000,18,2,0.5,0.01927703246474266,0,0.0004951758310198784
G2A,BraTS-GLI-01053-000,18,2,0.6,0.03138545900583267,0,0.0010715414537116885
G2A,BraTS-GLI-01053-000,18,2,0.7,0.050706326961517334,0,0.0023671251256018877
G2A,BraTS-GLI-01053-000,18,2,0.8,0.08092733472585678,0,0.005344657227396965
G2A,BraTS-GLI-01053-000,18,2,0.9,0.12675513327121735,0,0.012329953722655773
G2A,BraTS-GLI-01053-000,18,2,1.0,0.19308239221572876,0,0.02894752100110054
G2A,BraTS-GLI-01053-000,37,2,0.0,9.718265937408432e-05,0,2.48714435713282e-08
G2A,BraTS-GLI-01053-000,37,2,0.1,0.0002302771754330024,0,1.0571285002924924e-07
G2A,BraTS-GLI-01053-000,37,2,0.2,0.0005455482751131058,0,4.550354333332507e-07
G2A,BraTS-GLI-01053-000,37,2,0.3,0.0014368402771651745,0,1.985894186873338e-06
G2A,BraTS-GLI-01053-000,37,2,0.4,0.0040056221187114716,0,8.800034265732393e-06
G2A,BraTS-GLI-01053-000,37,2,0.5,0.01111574750393629,0,3.9667360397288576e-05
G2A,BraTS-GLI-01053-000,37,2,0.6,0.030460616573691368,0,0.0001823200873332098
G2A,BraTS-GLI-01053-000,37,2,0.7,0.08072344213724136,0,0.0008567057666368783
G2A,BraTS-GLI-01053-000,37,2,0.8,0.19706657528877258,0,0.004118580836802721
G2A,BraTS-GLI-01053-000,37,2,0.9,0.406874418258667,0,0.02008192054927349
G2A,BraTS-GLI-01053-000,37,2,1.0,0.6572192311286926,1,0.09562870860099792
G2A,BraTS-GLI-01053-000,42,2,0.0,9.477705134486314e-06,0,2.2604524474445498e-06
G2A,BraTS-GLI-01053-000,42,2,0.1,2.4613069399492815e-05,0,5.943499218119541e-06
G2A,BraTS-GLI-01053-000,42,2,0.2,6.3917032093741e-05,0,1.5805197108420543e-05
G2A,BraTS-GLI-01053-000,42,2,0.3,0.00016597419744357467,0,4.254916711943224e-05
G2A,BraTS-GLI-01053-000,42,2,0.4,0.0004309175710659474,0,0.00011607538181124255
G2A,BraTS-GLI-01053-000,42,2,0.5,0.0011183145688846707,0,0.00032116781221702695
G2A,BraTS-GLI-01053-000,42,2,0.6,0.00289906095713377,0,0.0009018253185786307
G2A,BraTS-GLI-01053-000,42,2,0.7,0.00749410642310977,0,0.0025693101342767477
G2A,BraTS-GLI-01053-000,42,2,0.8,0.019231870770454407,0,0.0074095167219638824
G2A,BraTS-GLI-01053-000,42,2,0.9,0.04845653101801872,0,0.021454785019159317
G2A,BraTS-GLI-01053-000,42,2,1.0,0.11680205911397934,0,0.060960687696933746
G2A,BraTS-GLI-01053-000,50,2,0.0,8.30930488859849e-08,0,3.3623779316371838e-09
G2A,BraTS-GLI-01053-000,50,2,0.1,4.1906761794052727e-07,0,1.7111995376239975e-08
G2A,BraTS-GLI-01053-000,50,2,0.2,2.1135033421160188e-06,0,8.818144436872899e-08
G2A,BraTS-GLI-01053-000,50,2,0.3,1.0659045983629767e-05,0,4.608763504165836e-07
G2A,BraTS-GLI-01053-000,50,2,0.4,5.375498585635796e-05,0,2.4486412257829215e-06
G2A,BraTS-GLI-01053-000,50,2,0.5,0.000271046330453828,0,1.3267056601762306e-05
G2A,BraTS-GLI-01053-000,50,2,0.6,0.0013654857175424695,0,7.360522431554273e-05
G2A,BraTS-GLI-01053-000,50,2,0.7,0.006889601703733206,0,0.00042004327406175435
G2A,BraTS-GLI-01053-000,50,2,0.8,0.03649734705686569,0,0.002470733830705285
G2A,BraTS-GLI-01053-000,50,2,0.9,0.17138510942459106,0,0.01479317620396614
G2A,BraTS-GLI-01053-000,50,2,1.0,0.530375063419342,1,0.08454243093729019
G2A,BraTS-GLI-01053-000,59,2,0.0,4.442709723662119e-06,0,7.578473315561496e-08
G2A,BraTS-GLI-01053-000,59,2,0.1,1.473090196668636e-05,0,2.902012568029022e-07
G2A,BraTS-GLI-01053-000,59,2,0.2,5.157454506843351e-05,0,1.1251519254074083e-06
G2A,BraTS-GLI-01053-000,59,2,0.3,0.0001969458389794454,0,4.422803158377064e-06
G2A,BraTS-GLI-01053-000,59,2,0.4,0.0007517618359997869,0,1.7654245311859995e-05
G2A,BraTS-GLI-01053-000,59,2,0.5,0.0028650695458054543,0,7.169358286773786e-05
G2A,BraTS-GLI-01053-000,59,2,0.6,0.010854651220142841,0,0.00029683078173547983
G2A,BraTS-GLI-01053-000,59,2,0.7,0.040225330740213394,0,0.0012553817359730601
G2A,BraTS-GLI-01053-000,59,2,0.8,0.13798163831233978,0,0.00542262801900506
G2A,BraTS-GLI-01053-000,59,2,0.9,0.37939655780792236,0,0.023687124252319336
G2A,BraTS-GLI-01053-000,59,2,1.0,0.7001339197158813,1,0.09984876215457916
G2A,BraTS-GLI-01053-000,63,2,0.0,3.180879843966977e-07,0,5.3642210673388036e-08
G2A,BraTS-GLI-01053-000,63,2,0.1,1.1931754215765977e-06,0,2.1414021489363222e-07
G2A,BraTS-GLI-01053-000,63,2,0.2,4.475688456295757e-06,0,8.669064754940337e-07
G2A,BraTS-GLI-01053-000,63,2,0.3,1.678848457231652e-05,0,3.5593391203292413e-06
G2A,BraTS-GLI-01053-000,63,2,0.4,6.60106452414766e-05,0,1.4824956451775506e-05
G2A,BraTS-GLI-01053-000,63,2,0.5,0.00026324234204366803,0,6.2665538280271e-05
G2A,BraTS-GLI-01053-000,63,2,0.6,0.0010491596767678857,0,0.00026898138457909226
G2A,BraTS-GLI-01053-000,63,2,0.7,0.004171664360910654,0,0.0011728033423423767
G2A,BraTS-GLI-01053-000,63,2,0.8,0.016434473916888237,0,0.005186447408050299
G2A,BraTS-GLI-01053-000,63,2,0.9,0.06248260661959648,0,0.023023240268230438
G2A,BraTS-GLI-01053-000,63,2,1.0,0.21000580489635468,0,0.09795296937227249
G2A,BraTS-GLI-01053-000,66,2,0.0,2.0170236325611768e-07,0,8.412792595891005e-08
G2A,BraTS-GLI-01053-000,66,2,0.1,7.973470701472252e-07,0,3.391143366116012e-07
G2A,BraTS-GLI-01053-000,66,2,0.2,3.1519798540102784e-06,0,1.3751424603469786e-06
G2A,BraTS-GLI-01053-000,66,2,0.3,1.2459941899578553e-05,0,5.6114731705747545e-06
G2A,BraTS-GLI-01053-000,66,2,0.4,4.925350003759377e-05,0,2.3050095478538424e-05
G2A,BraTS-GLI-01053-000,66,2,0.5,0.00019467536185402423,0,9.533861884847283e-05
G2A,BraTS-GLI-01053-000,66,2,0.6,0.0007691269856877625,0,0.0003971367550548166
G2A,BraTS-GLI-01053-000,66,2,0.7,0.0030335390474647284,0,0.0016652795020490885
G2A,BraTS-GLI-01053-000,66,2,0.8,0.011885394342243671,0,0.0070075588300824165
G2A,BraTS-GLI-01053-000,66,2,0.9,0.04619215428829193,0,0.029189568012952805
G2A,BraTS-GLI-01053-000,66,2,1.0,0.1665133535861969,0,0.11411459743976593
G2A,BraTS-GLI-01053-000,69,2,0.0,4.949717549607158e-06,0,5.325558305457889e-08
G2A,BraTS-GLI-01053-000,69,2,0.1,1.5858980987104587e-05,0,2.195373554059188e-07
G2A,BraTS-GLI-01053-000,69,2,0.2,5.0811126129701734e-05,0,9.125581073021749e-07
G2A,BraTS-GLI-01053-000,69,2,0.3,0.00016278312250506133,0,3.82681901101023e-06
G2A,BraTS-GLI-01053-000,69,2,0.4,0.0005504489527083933,0,1.619863360247109e-05
G2A,BraTS-GLI-01053-000,69,2,0.5,0.00190178700722754,0,6.925143679836765e-05
G2A,BraTS-GLI-01053-000,69,2,0.6,0.006818415131419897,0,0.0002991473884321749
G2A,BraTS-GLI-01053-000,69,2,0.7,0.024138445034623146,0,0.0013053786242380738
G2A,BraTS-GLI-01053-000,69,2,0.8,0.08182963728904724,0,0.005734493024647236
G2A,BraTS-GLI-01053-000,69,2,0.9,0.2430606633424759,0,0.024947350844740868
G2A,BraTS-GLI-01053-000,69,2,1.0,0.5363854169845581,1,0.10108296573162079
G2A,BraTS-GLI-00999-000,79,2,0.0,1.9499161680869292e-06,0,8.590205879954738e-08
G2A,BraTS-GLI-00999-000,79,2,0.1,8.318062100443058e-06,0,3.1361992114398163e-07
G2A,BraTS-GLI-00999-000,79,2,0.2,3.548288077581674e-05,0,1.1931031167478068e-06
G2A,BraTS-GLI-00999-000,79,2,0.3,0.00015134815475903451,0,4.7177136366372e-06
G2A,BraTS-GLI-00999-000,79,2,0.4,0.0006453145761042833,0,1.935424006660469e-05
G2A,BraTS-GLI-00999-000,79,2,0.5,0.0027470497880131006,0,8.230185630964115e-05
G2A,BraTS-GLI-00999-000,79,2,0.6,0.011614389717578888,0,0.00036246509989723563
G2A,BraTS-GLI-00999-000,79,2,0.7,0.047734979540109634,0,0.0016459750477224588
G2A,BraTS-GLI-00999-000,79,2,0.8,0.1761678159236908,0,0.007547319401055574
G2A,BraTS-GLI-00999-000,79,2,0.9,0.4770458936691284,0,0.03281962871551514
G2A,BraTS-GLI-00999-000,79,2,1.0,0.7955594658851624,1,0.12494409829378128
G2A,BraTS-GLI-00999-000,88,2,0.0,1.8864668049900502e-07,0,6.9756853626756765e-09
G2A,BraTS-GLI-00999-000,88,2,0.1,7.602826030961296e-07,0,3.3206823957243614e-08
G2A,BraTS-GLI-00999-000,88,2,0.2,3.0640662771475036e-06,0,1.6006673320134723e-07
G2A,BraTS-GLI-00999-000,88,2,0.3,1.31679953483399e-05,0,7.824447152415814e-07
G2A,BraTS-GLI-00999-000,88,2,0.4,6.695865886285901e-05,0,3.884979832946556e-06
G2A,BraTS-GLI-00999-000,88,2,0.5,0.00034040663740597665,0,1.9627030269475654e-05
G2A,BraTS-GLI-00999-000,88,2,0.6,0.0017286407528445125,0,0.00010106376430485398
G2A,BraTS-GLI-00999-000,88,2,0.7,0.008728882297873497,0,0.0005310653359629214
G2A,BraTS-GLI-00999-000,88,2,0.8,0.04285995289683342,0,0.0028431727550923824
G2A,BraTS-GLI-00999-000,88,2,0.9,0.18547683954238892,0,0.015257772989571095
G2A,BraTS-GLI-00999-000,88,2,1.0,0.5366010069847107,1,0.07655111700296402
G2A,BraTS-GLI-01119-000,3,2,0.0,5.890909733352601e-07,0,5.6294179984206494e-08
G2A,BraTS-GLI-01119-000,3,2,0.1,2.330298229935579e-06,0,2.322184116110293e-07
G2A,BraTS-GLI-01119-000,3,2,0.2,9.218035302183125e-06,0,9.683620874056942e-07
G2A,BraTS-GLI-01119-000,3,2,0.3,3.6463305150391534e-05,0,4.089171397936298e-06
G2A,BraTS-GLI-01119-000,3,2,0.4,0.0001499493228038773,0,1.7518668755656108e-05
G2A,BraTS-GLI-01119-000,3,2,0.5,0.0006223879754543304,0,7.628369348822162e-05
G2A,BraTS-GLI-01119-000,3,2,0.6,0.002616802230477333,0,0.0003380300186108798
G2A,BraTS-GLI-01119-000,3,2,0.7,0.011907916516065598,0,0.001522338599897921
G2A,BraTS-GLI-01119-000,3,2,0.8,0.05245278775691986,0,0.006902093067765236
G2A,BraTS-GLI-01119-000,3,2,0.9,0.20272429287433624,0,0.030599523335695267
G2A,BraTS-GLI-01119-000,3,2,1.0,0.5387358665466309,1,0.1253906935453415
G2A,BraTS-GLI-01419-000,23,2,0.0,7.090403958409652e-11,0,1.3494154404991576e-10
G2A,BraTS-GLI-01419-000,23,2,0.1,5.743936437596631e-10,0,7.387201961250867e-10
G2A,BraTS-GLI-01419-000,23,2,0.2,4.65315475040029e-09,0,4.226275773788757e-09
G2A,BraTS-GLI-01419-000,23,2,0.3,3.7695205179488767e-08,0,2.5325931574116112e-08
G2A,BraTS-GLI-01419-000,23,2,0.4,3.0536853046214674e-07,0,1.589414750924334e-07
G2A,BraTS-GLI-01419-000,23,2,0.5,2.4737853436818114e-06,0,1.0428625500935595e-06
G2A,BraTS-GLI-01419-000,23,2,0.6,2.0039748051203787e-05,0,7.141593414417002e-06
G2A,BraTS-GLI-01419-000,23,2,0.7,0.0001623190619284287,0,5.105549280415289e-05
G2A,BraTS-GLI-01419-000,23,2,0.8,0.0013528050621971488,0,0.00038247834891080856
G2A,BraTS-GLI-01419-000,23,2,0.9,0.01192325446754694,0,0.003019036492332816
G2A,BraTS-GLI-01419-000,23,2,1.0,0.097060926258564,0,0.02474239096045494
G2A,BraTS-GLI-00008-001,2,2,0.0,0.0008020625682547688,0,8.227591763443343e-08
G2A,BraTS-GLI-00008-001,2,2,0.1,0.002309217117726803,0,3.192473911894922e-07
G2A,BraTS-GLI-00008-001,2,2,0.2,0.006629666313529015,0,1.2455568594305078e-06
G2A,BraTS-GLI-00008-001,2,2,0.3,0.01888052187860012,0,4.8940046326606534e-06
G2A,BraTS-GLI-00008-001,2,2,0.4,0.05257149040699005,0,1.9407651052461006e-05
G2A,BraTS-GLI-00008-001,2,2,0.5,0.13792991638183594,0,7.78928297222592e-05
G2A,BraTS-GLI-00008-001,2,2,0.6,0.315699964761734,0,0.0003172426950186491
G2A,BraTS-GLI-00008-001,2,2,0.7,0.5708651542663574,1,0.001310264808125794
G2A,BraTS-GLI-00008-001,2,2,0.8,0.8108744621276855,1,0.005422411486506462
G2A,BraTS-GLI-00008-001,2,2,0.9,0.9373533129692078,1,0.022016631439328194
G2A,BraTS-GLI-00008-001,2,2,1.0,0.9812088012695312,1,0.08949538320302963
G2A,BraTS-GLI-01325-000,9,2,0.0,2.735429802669387e-07,0,9.295490599470213e-08
G2A,BraTS-GLI-01325-000,9,2,0.1,1.1148166549901362e-06,0,3.957786418595788e-07
G2A,BraTS-GLI-01325-000,9,2,0.2,4.543387603916926e-06,0,1.6920766938710585e-06
G2A,BraTS-GLI-01325-000,9,2,0.3,1.8709804862737656e-05,0,7.267006822075928e-06
G2A,BraTS-GLI-01325-000,9,2,0.4,7.854005525587127e-05,0,3.136651866952889e-05
G2A,BraTS-GLI-01325-000,9,2,0.5,0.00032963286503218114,0,0.0001361363974865526
G2A,BraTS-GLI-01325-000,9,2,0.6,0.0013823596527799964,0,0.0005943418364040554
G2A,BraTS-GLI-01325-000,9,2,0.7,0.005777682177722454,0,0.0026082980912178755
G2A,BraTS-GLI-01325-000,9,2,0.8,0.024894947186112404,0,0.01144181378185749
G2A,BraTS-GLI-01325-000,9,2,0.9,0.10126207768917084,0,0.04886120930314064
G2A,BraTS-GLI-01325-000,9,2,1.0,0.33210518956184387,0,0.18441995978355408
G2A,BraTS-GLI-01506-000,2,2,0.0,5.407432036008686e-05,0,2.748444103417569e-06
G2A,BraTS-GLI-01506-000,2,2,0.1,0.00016268335457425565,0,6.156137715151999e-06
G2A,BraTS-GLI-01506-000,2,2,0.2,0.0004893278819508851,0,1.3946675608167425e-05
G2A,BraTS-GLI-01506-000,2,2,0.3,0.0014708632370457053,0,3.206488327123225e-05
G2A,BraTS-GLI-01506-000,2,2,0.4,0.00441255746409297,0,7.519806240452453e-05
G2A,BraTS-GLI-01506-000,2,2,0.5,0.013160024769604206,0,0.00018140330212190747
G2A,BraTS-GLI-01506-000,2,2,0.6,0.038576580584049225,0,0.0004568856384139508
G2A,BraTS-GLI-01506-000,2,2,0.7,0.10772288590669632,0,0.001235729898326099
G2A,BraTS-GLI-01506-000,2,2,0.8,0.26869332790374756,0,0.0037833035457879305
G2A,BraTS-GLI-01506-000,2,2,0.9,0.5711272954940796,1,0.014116859994828701
G2A,BraTS-GLI-01506-000,2,2,1.0,0.850693941116333,1,0.06477070599794388
G2A,BraTS-GLI-01506-000,3,2,0.0,0.003385917516425252,0,7.5133255450055e-05
G2A,BraTS-GLI-01506-000,3,2,0.1,0.006438490003347397,0,0.00014880888920743018
G2A,BraTS-GLI-01506-000,3,2,0.2,0.01220936980098486,0,0.0002966787724290043
G2A,BraTS-GLI-01506-000,3,2,0.3,0.023032836616039276,0,0.0005953871877864003
G2A,BraTS-GLI-01506-000,3,2,0.4,0.0442659892141819,0,0.0012022018199786544
G2A,BraTS-GLI-01506-000,3,2,0.5,0.08859840780496597,0,0.0024396164808422327
G2A,BraTS-GLI-01506-000,3,2,0.6,0.17451459169387817,0,0.004965827334672213
G2A,BraTS-GLI-01506-000,3,2,0.7,0.3149546682834625,0,0.010122815147042274
G2A,BraTS-GLI-01506-000,3,2,0.8,0.49996256828308105,0,0.020724916830658913
G2A,BraTS-GLI-01506-000,3,2,0.9,0.6849807500839233,1,0.0431392528116703
G2A,BraTS-GLI-01506-000,3,2,1.0,0.8278239965438843,1,0.09334709495306015
G2A,BraTS-GLI-00284-000,14,2,0.0,5.824305731039203e-07,0,6.619983849986966e-08
G2A,BraTS-GLI-00284-000,14,2,0.1,2.2148053631099174e-06,0,2.1426211560537922e-07
G2A,BraTS-GLI-00284-000,14,2,0.2,8.422197424806654e-06,0,7.119122642507136e-07
G2A,BraTS-GLI-00284-000,14,2,0.3,3.202630614396185e-05,0,2.446352027618559e-06
G2A,BraTS-GLI-00284-000,14,2,0.4,0.00012177576718386263,0,8.767966392042581e-06
G2A,BraTS-GLI-00284-000,14,2,0.5,0.0004629185423254967,0,3.308393570478074e-05
G2A,BraTS-GLI-00284-000,14,2,0.6,0.0017580604180693626,0,0.00013278925325721502
G2A,BraTS-GLI-00284-000,14,2,0.7,0.006652601528912783,0,0.0005740012275055051
G2A,BraTS-GLI-00284-000,14,2,0.8,0.024834804236888885,0,0.002715617883950472
G2A,BraTS-GLI-00284-000,14,2,0.9,0.08829374611377716,0,0.014322446659207344
G2A,BraTS-GLI-00284-000,14,2,1.0,0.2691504955291748,0,0.0830748900771141
G2A,BraTS-GLI-01060-000,4,2,0.0,0.0015059836441650987,0,0.00016043847426772118
G2A,BraTS-GLI-01060-000,4,2,0.1,0.003728824434801936,0,0.000220170957618393
G2A,BraTS-GLI-01060-000,4,2,0.2,0.009202328510582447,0,0.00030611437978222966
G2A,BraTS-GLI-01060-000,4,2,0.3,0.022528696805238724,0,0.00043599188211373985
G2A,BraTS-GLI-01060-000,4,2,0.4,0.05409989133477211,0,0.0006500576273538172
G2A,BraTS-GLI-01060-000,4,2,0.5,0.12428861111402512,0,0.0010551097802817822
G2A,BraTS-GLI-01060-000,4,2,0.6,0.2604643702507019,0,0.001970023615285754
G2A,BraTS-GLI-01060-000,4,2,0.7,0.49105843901634216,0,0.004378223326057196
G2A,BraTS-GLI-01060-000,4,2,0.8,0.7993861436843872,1,0.011082937940955162
G2A,BraTS-GLI-01060-000,4,2,0.9,0.9427133798599243,1,0.032105281949043274
G2A,BraTS-GLI-01060-000,4,2,1.0,0.9854990243911743,1,0.10544691979885101
G2A,BraTS-GLI-00677-000,3,2,0.0,3.420224675210193e-05,0,3.734492537432743e-08
G2A,BraTS-GLI-00677-000,3,2,0.1,9.198985935654491e-05,0,1.5340837933308649e-07
G2A,BraTS-GLI-00677-000,3,2,0.2,0.00024739038781262934,0,6.405189196811989e-07
G2A,BraTS-GLI-00677-000,3,2,0.3,0.0006651382427662611,0,2.720503744058078e-06
G2A,BraTS-GLI-00677-000,3,2,0.4,0.0017870399169623852,0,1.1764154805860016e-05
G2A,BraTS-GLI-00677-000,3,2,0.5,0.005213850177824497,0,5.1833249017363414e-05
G2A,BraTS-GLI-00677-000,3,2,0.6,0.015299550257623196,0,0.00023283572227228433
G2A,BraTS-GLI-00677-000,3,2,0.7,0.044031545519828796,0,0.0010659282561391592
G2A,BraTS-GLI-00677-000,3,2,0.8,0.12013807147741318,0,0.004951246548444033
G2A,BraTS-GLI-00677-000,3,2,0.9,0.33930736780166626,0,0.022893156856298447
G2A,BraTS-GLI-00677-000,3,2,1.0,0.6990722417831421,1,0.09924936294555664
G2A,BraTS-GLI-01047-000,4,2,0.0,0.005648768972605467,0,5.856644929735921e-05
G2A,BraTS-GLI-01047-000,4,2,0.1,0.012551437132060528,0,8.86855777935125e-05
G2A,BraTS-GLI-01047-000,4,2,0.2,0.027654379606246948,0,0.00014142159488983452
G2A,BraTS-GLI-01047-000,4,2,0.3,0.05982936918735504,0,0.0002453032648190856
G2A,BraTS-GLI-01047-000,4,2,0.4,0.1246403232216835,0,0.0004785092896781862
G2A,BraTS-GLI-01047-000,4,2,0.5,0.24161599576473236,0,0.001064335461705923
G2A,BraTS-GLI-01047-000,4,2,0.6,0.4161792993545532,0,0.002642703475430608
G2A,BraTS-GLI-01047-000,4,2,0.7,0.6146461963653564,1,0.007004401180893183
G2A,BraTS-GLI-01047-000,4,2,0.8,0.7811271548271179,1,0.019193807616829872
G2A,BraTS-GLI-01047-000,4,2,0.9,0.88870769739151,1,0.05422256886959076
G2A,BraTS-GLI-01047-000,4,2,1.0,0.9469982385635376,1,0.1574896275997162
G2B,BraTS-GLI-00258-000,1,2,0.0,0.9999998807907104,1,0.0004705434839706868
G2B,BraTS-GLI-00258-000,1,2,0.1,0.9999996423721313,1,0.0005150660290382802
G2B,BraTS-GLI-00258-000,1,2,0.2,0.9999984502792358,1,0.0005783882224932313
G2B,BraTS-GLI-00258-000,1,2,0.3,0.9999938011169434,1,0.0006710966117680073
G2B,BraTS-GLI-00258-000,1,2,0.4,0.9999760389328003,1,0.0008134020026773214
G2B,BraTS-GLI-00258-000,1,2,0.5,0.9999065399169922,1,0.001050399849191308
G2B,BraTS-GLI-00258-000,1,2,0.6,0.9996359348297119,1,0.0015068320790305734
G2B,BraTS-GLI-00258-000,1,2,0.7,0.9985826015472412,1,0.0026257059071213007
G2B,BraTS-GLI-00258-000,1,2,0.8,0.9944989085197449,1,0.0063835810869932175
G2B,BraTS-GLI-00258-000,1,2,0.9,0.9788984060287476,1,0.023159746080636978
G2B,BraTS-GLI-00258-000,1,2,1.0,0.9225033521652222,1,0.1095183715224266
G2B,BraTS-GLI-00085-000,1,2,0.0,1.0,1,0.0003154124424327165
G2B,BraTS-GLI-00085-000,1,2,0.1,1.0,1,0.0003184543747920543
G2B,BraTS-GLI-00085-000,1,2,0.2,0.9999998807907104,1,0.00032218635897152126
G2B,BraTS-GLI-00085-000,1,2,0.3,0.9999996423721313,1,0.00032767021912150085
G2B,BraTS-GLI-00085-000,1,2,0.4,0.9999978542327881,1,0.0003385866875760257
G2B,BraTS-GLI-00085-000,1,2,0.5,0.9999873638153076,1,0.00036928633926436305
G2B,BraTS-GLI-00085-000,1,2,0.6,0.9999295473098755,1,0.0004825510550290346
G2B,BraTS-GLI-00085-000,1,2,0.7,0.9996094107627869,1,0.0009806950110942125
G2B,BraTS-GLI-00085-000,1,2,0.8,0.9982342720031738,1,0.0034292901400476694
G2B,BraTS-GLI-00085-000,1,2,0.9,0.9921383261680603,1,0.016367480158805847
G2B,BraTS-GLI-00085-000,1,2,1.0,0.9859517812728882,1,0.08460970222949982
G2B,BraTS-GLI-01135-000,2,2,0.0,0.9999935626983643,1,0.0013543670065701008
G2B,BraTS-GLI-01135-000,2,2,0.1,0.9999834299087524,1,0.0014541613636538386
G2B,BraTS-GLI-01135-000,2,2,0.2,0.9999569654464722,1,0.0015949251828715205
G2B,BraTS-GLI-01135-000,2,2,0.3,0.9998883008956909,1,0.0017917415825650096
G2B,BraTS-GLI-01135-000,2,2,0.4,0.9997100234031677,1,0.0020678217988461256
G2B,BraTS-GLI-01135-000,2,2,0.5,0.9992475509643555,1,0.0024626334197819233
G2B,BraTS-GLI-01135-000,2,2,0.6,0.9980486631393433,1,0.003052548738196492
G2B,BraTS-GLI-01135-000,2,2,0.7,0.9949498176574707,1,0.004007293842732906
G2B,BraTS-GLI-01135-000,2,2,0.8,0.9869935512542725,1,0.0057541364803910255
G2B,BraTS-GLI-01135-000,2,2,0.9,0.9669191837310791,1,0.009482811205089092
G2B,BraTS-GLI-01135-000,2,2,1.0,0.9184229373931885,1,0.01876898668706417
G2B,BraTS-GLI-01135-000,6,2,0.0,1.0,1,0.00014047135482542217
G2B,BraTS-GLI-01135-000,6,2,0.1,1.0,1,0.00017806653340812773
G2B,BraTS-GLI-01135-000,6,2,0.2,1.0,1,0.00023026076087262481
G2B,BraTS-GLI-01135-000,6,2,0.3,1.0,1,0.0003053047403227538
G2B,BraTS-GLI-01135-000,6,2,0.4,1.0,1,0.00041824535583145916
G2B,BraTS-GLI-01135-000,6,2,0.5,0.9999998807907104,1,0.0005988597986288369
G2B,BraTS-GLI-01135-000,6,2,0.6,0.9999984502792358,1,0.0009118238231167197
G2B,BraTS-GLI-01135-000,6,2,0.7,0.9999762773513794,1,0.0015122857876121998
G2B,BraTS-GLI-01135-000,6,2,0.8,0.9996428489685059,1,0.002811189042404294
G2B,BraTS-GLI-01135-000,6,2,0.9,0.9946585297584534,1,0.006002031732350588
G2B,BraTS-GLI-01135-000,6,2,1.0,0.9446963667869568,1,0.014826738275587559
G2B,BraTS-GLI-01058-000,2,2,0.0,0.9999984502792358,1,0.04024483636021614
G2B,BraTS-GLI-01058-000,2,2,0.1,0.9999954700469971,1,0.04030882939696312
G2B,BraTS-GLI-01058-000,2,2,0.2,0.9999864101409912,1,0.04038477689027786
G2B,BraTS-GLI-01058-000,2,2,0.3,0.999958872795105,1,0.040484633296728134
G2B,BraTS-GLI-01058-000,2,2,0.4,0.9998762607574463,1,0.04063340649008751
G2B,BraTS-GLI-01058-000,2,2,0.5,0.9996274709701538,1,0.040884748101234436
G2B,BraTS-GLI-01058-000,2,2,0.6,0.9988791346549988,1,0.041359663009643555
G2B,BraTS-GLI-01058-000,2,2,0.7,0.9966323971748352,1,0.04235842823982239
G2B,BraTS-GLI-01058-000,2,2,0.8,0.990172266960144,1,0.0447826012969017
G2B,BraTS-GLI-01058-000,2,2,0.9,0.9760197997093201,1,0.05246998742222786
G2B,BraTS-GLI-01058-000,2,2,1.0,0.9426668882369995,1,0.0900760069489479
G2B,BraTS-GLI-01205-000,1,2,0.0,0.9999998807907104,1,0.015959925949573517
G2B,BraTS-GLI-01205-000,1,2,0.1,0.9999996423721313,1,0.01589972712099552
G2B,BraTS-GLI-01205-000,1,2,0.2,0.9999985694885254,1,0.01585611328482628
G2B,BraTS-GLI-01205-000,1,2,0.3,0.9999933242797852,1,0.01584434136748314
G2B,BraTS-GLI-01205-000,1,2,0.4,0.9999688863754272,1,0.01589304395020008
G2B,BraTS-GLI-01205-000,1,2,0.5,0.999854326248169,1,0.016061773523688316
G2B,BraTS-GLI-01205-000,1,2,0.6,0.999319314956665,1,0.016497274860739708
G2B,BraTS-GLI-01205-000,1,2,0.7,0.9968241453170776,1,0.01766148768365383
G2B,BraTS-GLI-01205-000,1,2,0.8,0.9853493571281433,1,0.02146996557712555
G2B,BraTS-GLI-01205-000,1,2,0.9,0.9457072019577026,1,0.037718452513217926
G2B,BraTS-GLI-01205-000,1,2,1.0,0.8513810634613037,1,0.11694968491792679
G2B,BraTS-GLI-00160-000,4,2,0.0,1.0,1,0.00011065308353863657
G2B,BraTS-GLI-00160-000,4,2,0.1,1.0,1,0.00015287208952941
G2B,BraTS-GLI-00160-000,4,2,0.2,1.0,1,0.00021492427913472056
G2B,BraTS-GLI-00160-000,4,2,0.3,0.9999996423721313,1,0.00031363984453491867
G2B,BraTS-GLI-00160-000,4,2,0.4,0.9999977350234985,1,0.0004899289924651384
G2B,BraTS-GLI-00160-000,4,2,0.5,0.999984860420227,1,0.0008473278721794486
G2B,BraTS-GLI-00160-000,4,2,0.6,0.9999010562896729,1,0.0016417228616774082
G2B,BraTS-GLI-00160-000,4,2,0.7,0.9993718266487122,1,0.0034678922966122627
G2B,BraTS-GLI-00160-000,4,2,0.8,0.9963735938072205,1,0.007963188923895359
G2B,BraTS-GLI-00160-000,4,2,0.9,0.9794743061065674,1,0.022557994350790977
G2B,BraTS-GLI-00160-000,4,2,1.0,0.9693342447280884,1,0.08509975671768188
G2B,BraTS-GLI-01053-000,2,2,0.0,0.9153058528900146,1,0.0628049299120903
G2B,BraTS-GLI-01053-000,2,2,0.1,0.894453227519989,1,0.06258989125490189
G2B,BraTS-GLI-01053-000,2,2,0.2,0.8692000508308411,1,0.062397271394729614
G2B,BraTS-GLI-01053-000,2,2,0.3,0.8389925360679626,1,0.06225990131497383
G2B,BraTS-GLI-01053-000,2,2,0.4,0.8033866286277771,1,0.06224166974425316
G2B,BraTS-GLI-01053-000,2,2,0.5,0.7621391415596008,1,0.0624682754278183
G2B,BraTS-GLI-01053-000,2,2,0.6,0.7243807315826416,1,0.06319183856248856
G2B,BraTS-GLI-01053-000,2,2,0.7,0.6837009787559509,1,0.06493400037288666
G2B,BraTS-GLI-01053-000,2,2,0.8,0.6400009989738464,1,0.06883307546377182
G2B,BraTS-GLI-01053-000,2,2,0.9,0.6060894727706909,1,0.07768996059894562
G2B,BraTS-GLI-01053-000,2,2,1.0,0.5920384526252747,1,0.1012648344039917
G2B,BraTS-GLI-01053-000,27,2,0.0,0.9999626874923706,1,0.0015814004000276327
G2B,BraTS-GLI-01053-000,27,2,0.1,0.9999176263809204,1,0.0019019756000488997
G2B,BraTS-GLI-01053-000,27,2,0.2,0.9998180270195007,1,0.0023318224120885134
G2B,BraTS-GLI-01053-000,27,2,0.3,0.99959796667099,1,0.0029275931883603334
G2B,BraTS-GLI-01053-000,27,2,0.4,0.9991117119789124,1,0.0037862861063331366
G2B,BraTS-GLI-01053-000,27,2,0.5,0.9980389475822449,1,0.005081357900053263
G2B,BraTS-GLI-01053-000,27,2,0.6,0.9956761002540588,1,0.007136885542422533
G2B,BraTS-GLI-01053-000,27,2,0.7,0.9904932379722595,1,0.01058430690318346
G2B,BraTS-GLI-01053-000,27,2,0.8,0.9792277216911316,1,0.016700219362974167
G2B,BraTS-GLI-01053-000,27,2,0.9,0.9552159309387207,1,0.02813585102558136
G2B,BraTS-GLI-01053-000,27,2,1.0,0.9061091542243958,1,0.05042870342731476
G2B,BraTS-GLI-01053-000,34,2,0.0,0.9779690504074097,1,0.023089079186320305
G2B,BraTS-GLI-01053-000,34,2,0.1,0.9721694588661194,1,0.024011969566345215
G2B,BraTS-GLI-01053-000,34,2,0.2,0.9648977518081665,1,0.025194305926561356
G2B,BraTS-GLI-01053-000,34,2,0.3,0.9558125734329224,1,0.026747573167085648
G2B,BraTS-GLI-01053-000,34,2,0.4,0.9445112943649292,1,0.02884988859295845
G2B,BraTS-GLI-01053-000,34,2,0.5,0.9305294752120972,1,0.03180118650197983
G2B,BraTS-GLI-01053-000,34,2,0.6,0.9133478999137878,1,0.036138005554676056
G2B,BraTS-GLI-01053-000,34,2,0.7,0.8924081325531006,1,0.04288545623421669
G2B,BraTS-GLI-01053-000,34,2,0.8,0.8671444654464722,1,0.054137811064720154
G2B,BraTS-GLI-01053-000,34,2,0.9,0.837031900882721,1,0.07444256544113159
G2B,BraTS-GLI-01053-000,34,2,1.0,0.8016552329063416,1,0.11401250958442688
G2B,BraTS-GLI-01053-000,60,2,0.0,0.8976049423217773,1,0.01173996552824974
G2B,BraTS-GLI-01053-000,60,2,0.1,0.8903043866157532,1,0.012127489782869816
G2B,BraTS-GLI-01053-000,60,2,0.2,0.8825514316558838,1,0.012605638243258
G2B,BraTS-GLI-01053-000,60,2,0.3,0.8743278384208679,1,0.013215291313827038
G2B,BraTS-GLI-01053-000,60,2,0.4,0.8656161427497864,1,0.014025860466063023
G2B,BraTS-GLI-01053-000,60,2,0.5,0.8563997745513916,1,0.015167484991252422
G2B,BraTS-GLI-01053-000,60,2,0.6,0.846663236618042,1,0.01691594533622265
G2B,BraTS-GLI-01053-000,60,2,0.7,0.8363925814628601,1,0.019932903349399567
G2B,BraTS-GLI-01053-000,60,2,0.8,0.8255758881568909,1,0.02598303183913231
G2B,BraTS-GLI-01053-000,60,2,0.9,0.8142029643058777,1,0.0401277057826519
G2B,BraTS-GLI-01053-000,60,2,1.0,0.8022659420967102,1,0.07692701369524002
G2B,BraTS-GLI-00999-000,10,2,0.0,0.9465615153312683,1,0.008973490446805954
G2B,BraTS-GLI-00999-000,10,2,0.1,0.9461021423339844,1,0.009369525127112865
G2B,BraTS-GLI-00999-000,10,2,0.2,0.9456390738487244,1,0.009882237762212753
G2B,BraTS-GLI-00999-000,10,2,0.3,0.945172131061554,1,0.010571273975074291
G2B,BraTS-GLI-00999-000,10,2,0.4,0.9447015523910522,1,0.011543521657586098
G2B,BraTS-GLI-00999-000,10,2,0.5,0.9442270994186401,1,0.013002431951463223
G2B,BraTS-GLI-00999-000,10,2,0.6,0.9437487721443176,1,0.01535575371235609
G2B,BraTS-GLI-00999-000,10,2,0.7,0.9432666301727295,1,0.01945982500910759
G2B,BraTS-GLI-00999-000,10,2,0.8,0.9427806735038757,1,0.02723420411348343
G2B,BraTS-GLI-00999-000,10,2,0.9,0.9422907829284668,1,0.04358910396695137
G2B,BraTS-GLI-00999-000,10,2,1.0,0.9417969584465027,1,0.08458734303712845
G2B,BraTS-GLI-00401-000,9,2,0.0,0.9929202198982239,1,0.003046173369511962
G2B,BraTS-GLI-00401-000,9,2,0.1,0.9908798933029175,1,0.003520204219967127
G2B,BraTS-GLI-00401-000,9,2,0.2,0.9882584810256958,1,0.004087453708052635
G2B,BraTS-GLI-00401-000,9,2,0.3,0.9848951697349548,1,0.004780749790370464
G2B,BraTS-GLI-00401-000,9,2,0.4,0.9805872440338135,1,0.005656225606799126
G2B,BraTS-GLI-00401-000,9,2,0.5,0.975081741809845,1,0.006816935259848833
G2B,BraTS-GLI-00401-000,9,2,0.6,0.9680658578872681,1,0.00846414640545845
G2B,BraTS-GLI-00401-000,9,2,0.7,0.9591572284698486,1,0.011011820286512375
G2B,BraTS-GLI-00401-000,9,2,0.8,0.9478972554206848,1,0.0153494942933321
G2B,BraTS-GLI-00401-000,9,2,0.9,0.9342246055603027,1,0.023464364930987358
G2B,BraTS-GLI-00401-000,9,2,1.0,0.9383765459060669,1,0.03996766358613968
G2B,BraTS-GLI-01366-000,1,2,0.0,0.9999892711639404,1,0.0005850957822985947
G2B,BraTS-GLI-01366-000,1,2,0.1,0.9999746084213257,1,0.0006041534943506122
G2B,BraTS-GLI-01366-000,1,2,0.2,0.9999396800994873,1,0.0006289240554906428
G2B,BraTS-GLI-01366-000,1,2,0.3,0.9998569488525391,1,0.0006626844988204539
G2B,BraTS-GLI-01366-000,1,2,0.4,0.9996604919433594,1,0.0007124311523512006
G2B,BraTS-GLI-01366-000,1,2,0.5,0.999194324016571,1,0.0007964505930431187
G2B,BraTS-GLI-01366-000,1,2,0.6,0.998089611530304,1,0.0009786732262000442
G2B,BraTS-GLI-01366-000,1,2,0.7,0.9954772591590881,1,0.0015532909892499447
G2B,BraTS-GLI-01366-000,1,2,0.8,0.9893302321434021,1,0.0041173589415848255
G2B,BraTS-GLI-01366-000,1,2,0.9,0.9750383496284485,1,0.017887135967612267
G2B,BraTS-GLI-01366-000,1,2,1.0,0.9545820355415344,1,0.09211334586143494
G2B,BraTS-GLI-00654-000,2,2,0.0,0.9999405145645142,1,4.133910547210462e-09
G2B,BraTS-GLI-00654-000,2,2,0.1,0.9998637437820435,1,1.7760667603283764e-08
G2B,BraTS-GLI-00654-000,2,2,0.2,0.999687910079956,1,7.875999585849058e-08
G2B,BraTS-GLI-00654-000,2,2,0.3,0.9992850422859192,1,3.614897536863282e-07
G2B,BraTS-GLI-00654-000,2,2,0.4,0.9983626008033752,1,1.7232316622539656e-06
G2B,BraTS-GLI-00654-000,2,2,0.5,0.9962551593780518,1,8.570794307161123e-06
G2B,BraTS-GLI-00654-000,2,2,0.6,0.9914583563804626,1,4.47426391474437e-05
G2B,BraTS-GLI-00654-000,2,2,0.7,0.9806365370750427,1,0.0002470426552463323
G2B,BraTS-GLI-00654-000,2,2,0.8,0.9674562215805054,1,0.00145522051025182
G2B,BraTS-GLI-00654-000,2,2,0.9,0.9516391754150391,1,0.00917910598218441
G2B,BraTS-GLI-00654-000,2,2,1.0,0.9287010431289673,1,0.05971848964691162
G2B,BraTS-GLI-00310-000,51,2,0.0,0.9995725750923157,1,0.03923974558711052
G2B,BraTS-GLI-00310-000,51,2,0.1,0.9992408752441406,1,0.039504338055849075
G2B,BraTS-GLI-00310-000,51,2,0.2,0.9986520409584045,1,0.03978147357702255
G2B,BraTS-GLI-00310-000,51,2,0.3,0.9976075887680054,1,0.040060292929410934
G2B,BraTS-GLI-00310-000,51,2,0.4,0.9957576394081116,1,0.0403190441429615
G2B,BraTS-GLI-00310-000,51,2,0.5,0.9924877882003784,1,0.040519312024116516
G2B,BraTS-GLI-00310-000,51,2,0.6,0.9867311716079712,1,0.040606267750263214
G2B,BraTS-GLI-00310-000,51,2,0.7,0.977504551410675,1,0.04054269194602966
G2B,BraTS-GLI-00310-000,51,2,0.8,0.9626340866088867,1,0.04045558720827103
G2B,BraTS-GLI-00310-000,51,2,0.9,0.9385513663291931,1,0.04110845550894737
G2B,BraTS-GLI-00310-000,51,2,1.0,0.9005506634712219,1,0.04548636078834534
G2B,BraTS-GLI-01344-000,2,2,0.0,0.9981544613838196,1,1.7974365391637548e-06
G2B,BraTS-GLI-01344-000,2,2,0.1,0.9979267120361328,1,4.811369308299618e-06
G2B,BraTS-GLI-01344-000,2,2,0.2,0.9976708292961121,1,1.299079849559348e-05
G2B,BraTS-GLI-01344-000,2,2,0.3,0.9973835349082947,1,3.542790000210516e-05
G2B,BraTS-GLI-01344-000,2,2,0.4,0.9970608353614807,1,9.768813470145687e-05
G2B,BraTS-GLI-01344-000,2,2,0.5,0.9966984391212463,1,0.0002723796933423728
G2B,BraTS-GLI-01344-000,2,2,0.6,0.9962916374206543,1,0.0007671796483919024
G2B,BraTS-GLI-01344-000,2,2,0.7,0.9958348274230957,1,0.002186916768550873
G2B,BraTS-GLI-01344-000,2,2,0.8,0.9964332580566406,1,0.006463336758315563
G2B,BraTS-GLI-01344-000,2,2,0.9,0.9973112344741821,1,0.021481076255440712
G2B,BraTS-GLI-01344-000,2,2,1.0,0.9979735016822815,1,0.08940787613391876
G2B,BraTS-GLI-00658-000,5,2,0.0,0.9581509828567505,1,2.966029023809824e-05
G2B,BraTS-GLI-00658-000,5,2,0.1,0.9478421807289124,1,4.974890543962829e-05
G2B,BraTS-GLI-00658-000,5,2,0.2,0.9351659417152405,1,8.397669444093481e-05
G2B,BraTS-GLI-00658-000,5,2,0.3,0.9196699857711792,1,0.00014286476653069258
G2B,BraTS-GLI-00658-000,5,2,0.4,0.9008630514144897,1,0.00024541979655623436
G2B,BraTS-GLI-00658-000,5,2,0.5,0.8782358765602112,1,0.00042682536877691746
G2B,BraTS-GLI-00658-000,5,2,0.6,0.8512967824935913,1,0.0007543556275777519
G2B,BraTS-GLI-00658-000,5,2,0.7,0.819621741771698,1,0.0013624557759612799
G2B,BraTS-GLI-00658-000,5,2,0.8,0.8221490383148193,1,0.002536616986617446
G2B,BraTS-GLI-00658-000,5,2,0.9,0.8260862231254578,1,0.004934609401971102
G2B,BraTS-GLI-00658-000,5,2,1.0,0.8299541473388672,1,0.010234644636511803
G2B,BraTS-GLI-00033-000,1,2,0.0,1.0,1,0.00016200904792640358
G2B,BraTS-GLI-00033-000,1,2,0.1,1.0,1,0.00016393777332268655
G2B,BraTS-GLI-00033-000,1,2,0.2,1.0,1,0.00016736121324356645
G2B,BraTS-GLI-00033-000,1,2,0.3,1.0,1,0.00017390538414474577
G2B,BraTS-GLI-00033-000,1,2,0.4,1.0,1,0.00018793130584526807
G2B,BraTS-GLI-00033-000,1,2,0.5,1.0,1,0.000224031406105496
G2B,BraTS-GLI-00033-000,1,2,0.6,0.9999998807907104,1,0.00034238508669659495
G2B,BraTS-GLI-00033-000,1,2,0.7,0.9999979734420776,1,0.000832260528113693
G2B,BraTS-GLI-00033-000,1,2,0.8,0.9999481439590454,1,0.003218050580471754
G2B,BraTS-GLI-00033-000,1,2,0.9,0.9986421465873718,1,0.015950441360473633
G2B,BraTS-GLI-00033-000,1,2,1.0,0.9729660749435425,1,0.08522217720746994
G2B,BraTS-GLI-01152-000,1,2,0.0,1.0,1,0.001907423255033791
G2B,BraTS-GLI-01152-000,1,2,0.1,1.0,1,0.001932923449203372
G2B,BraTS-GLI-01152-000,1,2,0.2,1.0,1,0.0019654433708637953
G2B,BraTS-GLI-01152-000,1,2,0.3,1.0,1,0.0020083722192794085
G2B,BraTS-GLI-01152-000,1,2,0.4,1.0,1,0.0020681731402873993
G2B,BraTS-GLI-01152-000,1,2,0.5,0.9999998807907104,1,0.002161168260499835
G2B,BraTS-GLI-01152-000,1,2,0.6,0.9999985694885254,1,0.0023445943370461464
G2B,BraTS-GLI-01152-000,1,2,0.7,0.9999853372573853,1,0.0028787683695554733
G2B,BraTS-GLI-01152-000,1,2,0.8,0.9998515844345093,1,0.005159019026905298
G2B,BraTS-GLI-01152-000,1,2,0.9,0.9985870122909546,1,0.017328450456261635
G2B,BraTS-GLI-01152-000,1,2,1.0,0.9872270226478577,1,0.08375826478004456
G2B,BraTS-GLI-01225-000,1,2,0.0,1.0,1,0.0016677348176017404
G2B,BraTS-GLI-01225-000,1,2,0.1,1.0,1,0.0017329027177765965
G2B,BraTS-GLI-01225-000,1,2,0.2,0.9999998807907104,1,0.001827424275688827
G2B,BraTS-GLI-01225-000,1,2,0.3,0.9999996423721313,1,0.001973110716789961
G2B,BraTS-GLI-01225-000,1,2,0.4,0.9999980926513672,1,0.002211520215496421
G2B,BraTS-GLI-01225-000,1,2,0.5,0.9999898672103882,1,0.0026227785274386406
G2B,BraTS-GLI-01225-000,1,2,0.6,0.999946117401123,1,0.0033643783535808325
G2B,BraTS-GLI-01225-000,1,2,0.7,0.9997127652168274,1,0.004782897885888815
G2B,BraTS-GLI-01225-000,1,2,0.8,0.9988203644752502,1,0.007956234738230705
G2B,BraTS-GLI-01225-000,1,2,0.9,0.996535062789917,1,0.018233105540275574
G2B,BraTS-GLI-01225-000,1,2,1.0,0.9898672103881836,1,0.06759296357631683
G2B,BraTS-GLI-01432-000,47,2,0.0,1.1919523501546792e-07,0,1.5691563248765306e-07
G2B,BraTS-GLI-01432-000,47,2,0.1,4.769840415974613e-07,0,5.181215669836092e-07
G2B,BraTS-GLI-01432-000,47,2,0.2,1.908746980916476e-06,0,1.7574307094037067e-06
G2B,BraTS-GLI-01432-000,47,2,0.3,7.63819207350025e-06,0,6.134632712928578e-06
G2B,BraTS-GLI-01432-000,47,2,0.4,3.0565093766199425e-05,0,2.2059308321331628e-05
G2B,BraTS-GLI-01432-000,47,2,0.5,0.0001223014114657417,0,8.171653462341055e-05
G2B,BraTS-GLI-01432-000,47,2,0.6,0.0004892346332781017,0,0.00031155836768448353
G2B,BraTS-GLI-01432-000,47,2,0.7,0.001954902894794941,0,0.0012200884521007538
G2B,BraTS-GLI-01432-000,47,2,0.8,0.007777311839163303,0,0.004887087270617485
G2B,BraTS-GLI-01432-000,47,2,0.9,0.030412541702389717,0,0.01979736052453518
G2B,BraTS-GLI-01432-000,47,2,1.0,0.11152131110429764,0,0.077983058989048
G2B,BraTS-GLI-01047-000,16,2,0.0,0.9984880685806274,1,0.04383223131299019
G2B,BraTS-GLI-01047-000,16,2,0.1,0.9974427223205566,1,0.04448539763689041
G2B,BraTS-GLI-01047-000,16,2,0.2,0.995677649974823,1,0.04527343064546585
G2B,BraTS-GLI-01047-000,16,2,0.3,0.9927031993865967,1,0.04623600095510483
G2B,BraTS-GLI-01047-000,16,2,0.4,0.9877070784568787,1,0.047436606138944626
G2B,BraTS-GLI-01047-000,16,2,0.5,0.9793612360954285,1,0.048990461975336075
G2B,BraTS-GLI-01047-000,16,2,0.6,0.9655469059944153,1,0.05113344267010689
G2B,BraTS-GLI-01047-000,16,2,0.7,0.943024218082428,1,0.05439506471157074
G2B,BraTS-GLI-01047-000,16,2,0.8,0.9071930050849915,1,0.06003337725996971
G2B,BraTS-GLI-01047-000,16,2,0.9,0.8523561358451843,1,0.07111535966396332
G2B,BraTS-GLI-01047-000,16,2,1.0,0.773217499256134,1,0.095064677298069
detected,BraTS-GLI-00109-000,7,3,0.0,0.9999798536300659,1,0.10475786030292511
detected,BraTS-GLI-00109-000,7,3,0.1,0.9999457597732544,1,0.1034679040312767
detected,BraTS-GLI-00109-000,7,3,0.2,0.999854564666748,1,0.10200291126966476
detected,BraTS-GLI-00109-000,7,3,0.3,0.9996098875999451,1,0.10035257786512375
detected,BraTS-GLI-00109-000,7,3,0.4,0.9989535808563232,1,0.09852878749370575
detected,BraTS-GLI-00109-000,7,3,0.5,0.9971967935562134,1,0.09659674018621445
detected,BraTS-GLI-00109-000,7,3,0.6,0.992512583732605,1,0.09475129842758179
detected,BraTS-GLI-00109-000,7,3,0.7,0.980156421661377,1,0.0935305580496788
detected,BraTS-GLI-00109-000,7,3,0.8,0.948468029499054,1,0.09454859793186188
detected,BraTS-GLI-00109-000,7,3,0.9,0.8774198889732361,1,0.10365861654281616
detected,BraTS-GLI-00109-000,7,3,1.0,0.7505295276641846,1,0.1463465690612793
detected,BraTS-GLI-01216-000,82,3,0.0,0.9984883069992065,1,0.1495373249053955
detected,BraTS-GLI-01216-000,82,3,0.1,0.9973757266998291,1,0.1484757661819458
detected,BraTS-GLI-01216-000,82,3,0.2,0.9954479336738586,1,0.14721298217773438
detected,BraTS-GLI-01216-000,82,3,0.3,0.9921149611473083,1,0.14572757482528687
detected,BraTS-GLI-01216-000,82,3,0.4,0.9863752722740173,1,0.14400379359722137
detected,BraTS-GLI-01216-000,82,3,0.5,0.9765560626983643,1,0.14204251766204834
detected,BraTS-GLI-01216-000,82,3,0.6,0.9599477648735046,1,0.1399063915014267
detected,BraTS-GLI-01216-000,82,3,0.7,0.9457844495773315,1,0.13785488903522491
detected,BraTS-GLI-01216-000,82,3,0.8,0.9277790784835815,1,0.13674063980579376
detected,BraTS-GLI-01216-000,82,3,0.9,0.9043983221054077,1,0.13988827168941498
detected,BraTS-GLI-01216-000,82,3,1.0,0.874472439289093,1,0.1653866320848465
detected,BraTS-GLI-01082-000,33,3,0.0,0.9839438199996948,1,0.03275962546467781
detected,BraTS-GLI-01082-000,33,3,0.1,0.9788211584091187,1,0.03267678618431091
detected,BraTS-GLI-01082-000,33,3,0.2,0.972110390663147,1,0.03272396698594093
detected,BraTS-GLI-01082-000,33,3,0.3,0.9633529782295227,1,0.03294850140810013
detected,BraTS-GLI-01082-000,33,3,0.4,0.9529599547386169,1,0.03342065215110779
detected,BraTS-GLI-01082-000,33,3,0.5,0.9410760402679443,1,0.03425513952970505
detected,BraTS-GLI-01082-000,33,3,0.6,0.9264218211174011,1,0.035655677318573
detected,BraTS-GLI-01082-000,33,3,0.7,0.9084777235984802,1,0.038005705922842026
detected,BraTS-GLI-01082-000,33,3,0.8,0.8866923451423645,1,0.04205075278878212
detected,BraTS-GLI-01082-000,33,3,0.9,0.8605177998542786,1,0.0492706298828125
detected,BraTS-GLI-01082-000,33,3,1.0,0.829459547996521,1,0.06265927851200104
detected,BraTS-GLI-01134-000,2,3,0.0,0.9854114055633545,1,0.009835271164774895
detected,BraTS-GLI-01134-000,2,3,0.1,0.9799937009811401,1,0.010227891616523266
detected,BraTS-GLI-01134-000,2,3,0.2,0.9726199507713318,1,0.01073249988257885
detected,BraTS-GLI-01134-000,2,3,0.3,0.9626321792602539,1,0.011396550573408604
detected,BraTS-GLI-01134-000,2,3,0.4,0.9491915106773376,1,0.012292482890188694
detected,BraTS-GLI-01134-000,2,3,0.5,0.931261420249939,1,0.013535472564399242
detected,BraTS-GLI-01134-000,2,3,0.6,0.9076195955276489,1,0.015317940153181553
detected,BraTS-GLI-01134-000,2,3,0.7,0.8769212961196899,1,0.01798092946410179
detected,BraTS-GLI-01134-000,2,3,0.8,0.8378444314002991,1,0.02217373065650463
detected,BraTS-GLI-01134-000,2,3,0.9,0.789341151714325,1,0.029243826866149902
detected,BraTS-GLI-01134-000,2,3,1.0,0.730988085269928,1,0.042268142104148865
detected,BraTS-GLI-00353-000,2,3,0.0,0.9999983310699463,1,0.04207266494631767
detected,BraTS-GLI-00353-000,2,3,0.1,0.9999945163726807,1,0.04161989688873291
detected,BraTS-GLI-00353-000,2,3,0.2,0.9999825954437256,1,0.04118815436959267
detected,BraTS-GLI-00353-000,2,3,0.3,0.999944806098938,1,0.040813371539115906
detected,BraTS-GLI-00353-000,2,3,0.4,0.999824583530426,1,0.04055050387978554
detected,BraTS-GLI-00353-000,2,3,0.5,0.9994428753852844,1,0.04047975316643715
detected,BraTS-GLI-00353-000,2,3,0.6,0.9982323050498962,1,0.04071379452943802
detected,BraTS-GLI-00353-000,2,3,0.7,0.99440598487854,1,0.041411373764276505
detected,BraTS-GLI-00353-000,2,3,0.8,0.9824428558349609,1,0.04283027723431587
detected,BraTS-GLI-00353-000,2,3,0.9,0.9567370414733887,1,0.04554014280438423
detected,BraTS-GLI-00353-000,2,3,1.0,0.9268248081207275,1,0.05115872249007225
detected,BraTS-GLI-00111-000,44,3,0.0,1.0,1,0.30662912130355835
detected,BraTS-GLI-00111-000,44,3,0.1,1.0,1,0.3053419888019562
detected,BraTS-GLI-00111-000,44,3,0.2,1.0,1,0.3037986159324646
detected,BraTS-GLI-00111-000,44,3,0.3,0.9999998807907104,1,0.3019048273563385
detected,BraTS-GLI-00111-000,44,3,0.4,0.9999991655349731,1,0.2995191514492035
detected,BraTS-GLI-00111-000,44,3,0.5,0.9999945163726807,1,0.2964186370372772
detected,BraTS-GLI-00111-000,44,3,0.6,0.9999619722366333,1,0.29222917556762695
detected,BraTS-GLI-00111-000,44,3,0.7,0.999735414981842,1,0.286283403635025
detected,BraTS-GLI-00111-000,44,3,0.8,0.998200535774231,1,0.2773986756801605
detected,BraTS-GLI-00111-000,44,3,0.9,0.989543080329895,1,0.2641161382198334
detected,BraTS-GLI-00111-000,44,3,1.0,0.9451964497566223,1,0.25011706352233887
detected,BraTS-GLI-00352-000,2,3,0.0,0.9999998807907104,1,0.6055058240890503
detected,BraTS-GLI-00352-000,2,3,0.1,0.9999995231628418,1,0.6055517792701721
detected,BraTS-GLI-00352-000,2,3,0.2,0.9999977350234985,1,0.6054953932762146
detected,BraTS-GLI-00352-000,2,3,0.3,0.9999903440475464,1,0.6052241921424866
detected,BraTS-GLI-00352-000,2,3,0.4,0.9999579191207886,1,0.6045078039169312
detected,BraTS-GLI-00352-000,2,3,0.5,0.9998168349266052,1,0.6028587222099304
detected,BraTS-GLI-00352-000,2,3,0.6,0.9992019534111023,1,0.5992162227630615
detected,BraTS-GLI-00352-000,2,3,0.7,0.9965305924415588,1,0.5912041068077087
detected,BraTS-GLI-00352-000,2,3,0.8,0.985051155090332,1,0.5734425187110901
detected,BraTS-GLI-00352-000,2,3,0.9,0.9379540681838989,1,0.534794807434082
detected,BraTS-GLI-00352-000,2,3,1.0,0.7889864444732666,1,0.46435287594795227
detected,BraTS-GLI-00414-000,51,3,0.0,0.9878973960876465,1,0.05189676955342293
detected,BraTS-GLI-00414-000,51,3,0.1,0.9826856851577759,1,0.05173758044838905
detected,BraTS-GLI-00414-000,51,3,0.2,0.9752858281135559,1,0.05162913352251053
detected,BraTS-GLI-00414-000,51,3,0.3,0.964836597442627,1,0.05162457376718521
detected,BraTS-GLI-00414-000,51,3,0.4,0.9501949548721313,1,0.0518246628344059
detected,BraTS-GLI-00414-000,51,3,0.5,0.9298996329307556,1,0.052422478795051575
detected,BraTS-GLI-00414-000,51,3,0.6,0.9021854400634766,1,0.05379714071750641
detected,BraTS-GLI-00414-000,51,3,0.7,0.8651039004325867,1,0.0567200742661953
detected,BraTS-GLI-00414-000,51,3,0.8,0.832802414894104,1,0.06283126026391983
detected,BraTS-GLI-00414-000,51,3,0.9,0.7997392416000366,1,0.07579363137483597
detected,BraTS-GLI-00414-000,51,3,1.0,0.762006402015686,1,0.10425736010074615
detected,BraTS-GLI-00109-000,10,3,0.0,0.9999902248382568,1,0.19522471725940704
detected,BraTS-GLI-00109-000,10,3,0.1,0.9999710321426392,1,0.19303125143051147
detected,BraTS-GLI-00109-000,10,3,0.2,0.9999136924743652,1,0.19045545160770416
detected,BraTS-GLI-00109-000,10,3,0.3,0.9997434020042419,1,0.18737982213497162
detected,BraTS-GLI-00109-000,10,3,0.4,0.9992565512657166,1,0.18363063037395477
detected,BraTS-GLI-00109-000,10,3,0.5,0.9978531002998352,1,0.17895515263080597
detected,BraTS-GLI-00109-000,10,3,0.6,0.9938170313835144,1,0.1730203628540039
detected,BraTS-GLI-00109-000,10,3,0.7,0.9823275804519653,1,0.1655200719833374
detected,BraTS-GLI-00109-000,10,3,0.8,0.9505502581596375,1,0.15667346119880676
detected,BraTS-GLI-00109-000,10,3,0.9,0.8692392110824585,1,0.14923059940338135
detected,BraTS-GLI-00109-000,10,3,1.0,0.7097834348678589,1,0.15958832204341888
detected,BraTS-GLI-01216-000,46,3,0.0,1.0,1,0.9691095948219299
detected,BraTS-GLI-01216-000,46,3,0.1,1.0,1,0.9680535793304443
detected,BraTS-GLI-01216-000,46,3,0.2,1.0,1,0.9666879177093506
detected,BraTS-GLI-01216-000,46,3,0.3,0.9999996423721313,1,0.9648445844650269
detected,BraTS-GLI-01216-000,46,3,0.4,0.9999972581863403,1,0.9622130393981934
detected,BraTS-GLI-01216-000,46,3,0.5,0.9999790191650391,1,0.9581578969955444
detected,BraTS-GLI-01216-000,46,3,0.6,0.9998573064804077,1,0.9511826038360596
detected,BraTS-GLI-01216-000,46,3,0.7,0.9990363121032715,1,0.9371260404586792
detected,BraTS-GLI-01216-000,46,3,0.8,0.9935200810432434,1,0.902617871761322
detected,BraTS-GLI-01216-000,46,3,0.9,0.9577654600143433,1,0.8040962219238281
detected,BraTS-GLI-01216-000,46,3,1.0,0.7703317999839783,1,0.5576096773147583
detected,BraTS-GLI-01216-000,20,3,0.0,1.0,1,1.0
detected,BraTS-GLI-01216-000,20,3,0.1,1.0,1,1.0
detected,BraTS-GLI-01216-000,20,3,0.2,1.0,1,0.9999995827674866
detected,BraTS-GLI-01216-000,20,3,0.3,1.0,1,0.9999979138374329
detected,BraTS-GLI-01216-000,20,3,0.4,0.9999995231628418,1,0.9999876022338867
detected,BraTS-GLI-01216-000,20,3,0.5,0.9999949932098389,1,0.9999265670776367
detected,BraTS-GLI-01216-000,20,3,0.6,0.9999512434005737,1,0.9995548129081726
detected,BraTS-GLI-01216-000,20,3,0.7,0.9995225667953491,1,0.997240424156189
detected,BraTS-GLI-01216-000,20,3,0.8,0.99534672498703,1,0.9827584028244019
detected,BraTS-GLI-01216-000,20,3,0.9,0.9562506079673767,1,0.8986289501190186
detected,BraTS-GLI-01216-000,20,3,1.0,0.6982580423355103,1,0.5764085650444031
detected,BraTS-GLI-01478-000,4,3,0.0,1.0,1,0.16225816309452057
detected,BraTS-GLI-01478-000,4,3,0.1,0.9999998807907104,1,0.16268794238567352
detected,BraTS-GLI-01478-000,4,3,0.2,0.9999994039535522,1,0.16320328414440155
detected,BraTS-GLI-01478-000,4,3,0.3,0.9999969005584717,1,0.16383732855319977
detected,BraTS-GLI-01478-000,4,3,0.4,0.9999840259552002,1,0.16464893519878387
detected,BraTS-GLI-01478-000,4,3,0.5,0.9999212026596069,1,0.16575299203395844
detected,BraTS-GLI-01478-000,4,3,0.6,0.9996246099472046,1,0.16739919781684875
detected,BraTS-GLI-01478-000,4,3,0.7,0.9982126951217651,1,0.1702156811952591
detected,BraTS-GLI-01478-000,4,3,0.8,0.9915338158607483,1,0.17608843743801117
detected,BraTS-GLI-01478-000,4,3,0.9,0.9634696245193481,1,0.1916188895702362
detected,BraTS-GLI-01478-000,4,3,1.0,0.93586665391922,1,0.24079184234142303
detected,BraTS-GLI-00352-000,5,3,0.0,1.0,1,0.5235679745674133
detected,BraTS-GLI-00352-000,5,3,0.1,1.0,1,0.5233614444732666
detected,BraTS-GLI-00352-000,5,3,0.2,0.9999997615814209,1,0.5231648087501526
detected,BraTS-GLI-00352-000,5,3,0.3,0.9999988079071045,1,0.5229511857032776
detected,BraTS-GLI-00352-000,5,3,0.4,0.9999934434890747,1,0.5226409435272217
detected,BraTS-GLI-00352-000,5,3,0.5,0.9999657869338989,1,0.52201908826828
detected,BraTS-GLI-00352-000,5,3,0.6,0.9998212456703186,1,0.5205079317092896
detected,BraTS-GLI-00352-000,5,3,0.7,0.999065101146698,1,0.5164946913719177
detected,BraTS-GLI-00352-000,5,3,0.8,0.9951285123825073,1,0.5052758455276489
detected,BraTS-GLI-00352-000,5,3,0.9,0.9750300645828247,1,0.47354474663734436
detected,BraTS-GLI-00352-000,5,3,1.0,0.8818542957305908,1,0.39734596014022827
detected,BraTS-GLI-00122-000,2,3,0.0,1.0,1,0.6349614858627319
detected,BraTS-GLI-00122-000,2,3,0.1,1.0,1,0.6332493424415588
detected,BraTS-GLI-00122-000,2,3,0.2,1.0,1,0.6311318278312683
detected,BraTS-GLI-00122-000,2,3,0.3,1.0,1,0.6284546852111816
detected,BraTS-GLI-00122-000,2,3,0.4,1.0,1,0.6249814629554749
detected,BraTS-GLI-00122-000,2,3,0.5,0.9999994039535522,1,0.620307981967926
detected,BraTS-GLI-00122-000,2,3,0.6,0.9999929666519165,1,0.6136372089385986
detected,BraTS-GLI-00122-000,2,3,0.7,0.9999219179153442,1,0.60312420129776
detected,BraTS-GLI-00122-000,2,3,0.8,0.9991286396980286,1,0.5838201642036438
detected,BraTS-GLI-00122-000,2,3,0.9,0.9904454946517944,1,0.5412363409996033
detected,BraTS-GLI-00122-000,2,3,1.0,0.9076943397521973,1,0.4399195611476898
detected,BraTS-GLI-01211-000,11,3,0.0,1.0,1,0.30944737792015076
detected,BraTS-GLI-01211-000,11,3,0.1,1.0,1,0.30945414304733276
detected,BraTS-GLI-01211-000,11,3,0.2,1.0,1,0.3094726800918579
detected,BraTS-GLI-01211-000,11,3,0.3,1.0,1,0.3095113933086395
detected,BraTS-GLI-01211-000,11,3,0.4,1.0,1,0.30958324670791626
detected,BraTS-GLI-01211-000,11,3,0.5,1.0,1,0.3097096383571625
detected,BraTS-GLI-01211-000,11,3,0.6,1.0,1,0.309924840927124
detected,BraTS-GLI-01211-000,11,3,0.7,0.9999998807907104,1,0.3102441728115082
detected,BraTS-GLI-01211-000,11,3,0.8,0.9999946355819702,1,0.31059730052948
detected,BraTS-GLI-01211-000,11,3,0.9,0.9997195601463318,1,0.3115712106227875
detected,BraTS-GLI-01211-000,11,3,1.0,0.990230143070221,1,0.3192213177680969
detected,BraTS-GLI-01042-000,8,3,0.0,1.0,1,0.02709808759391308
detected,BraTS-GLI-01042-000,8,3,0.1,1.0,1,0.02696983329951763
detected,BraTS-GLI-01042-000,8,3,0.2,1.0,1,0.026860758662223816
detected,BraTS-GLI-01042-000,8,3,0.3,0.9999998807907104,1,0.02678634598851204
detected,BraTS-GLI-01042-000,8,3,0.4,0.9999985694885254,1,0.02676980197429657
detected,BraTS-GLI-01042-000,8,3,0.5,0.9999896287918091,1,0.0268475953489542
detected,BraTS-GLI-01042-000,8,3,0.6,0.9999350309371948,1,0.027082284912467003
detected,BraTS-GLI-01042-000,8,3,0.7,0.9995939135551453,1,0.027594825252890587
detected,BraTS-GLI-01042-000,8,3,0.8,0.9974676370620728,1,0.028650851920247078
detected,BraTS-GLI-01042-000,8,3,0.9,0.9847395420074463,1,0.030905790627002716
detected,BraTS-GLI-01042-000,8,3,1.0,0.9329644441604614,1,0.03616325929760933
detected,BraTS-GLI-01514-000,50,3,0.0,0.9999998807907104,1,0.4868308901786804
detected,BraTS-GLI-01514-000,50,3,0.1,0.9999995231628418,1,0.4851415157318115
detected,BraTS-GLI-01514-000,50,3,0.2,0.9999980926513672,1,0.4830719530582428
detected,BraTS-GLI-01514-000,50,3,0.3,0.9999910593032837,1,0.48043292760849
detected,BraTS-GLI-01514-000,50,3,0.4,0.9999589920043945,1,0.476894736289978
detected,BraTS-GLI-01514-000,50,3,0.5,0.9998108744621277,1,0.4718526005744934
detected,BraTS-GLI-01514-000,50,3,0.6,0.9991289973258972,1,0.4641402065753937
detected,BraTS-GLI-01514-000,50,3,0.7,0.9959973096847534,1,0.45142486691474915
detected,BraTS-GLI-01514-000,50,3,0.8,0.9818112254142761,1,0.4290989935398102
detected,BraTS-GLI-01514-000,50,3,0.9,0.9213207364082336,1,0.3894902765750885
detected,BraTS-GLI-01514-000,50,3,1.0,0.7320791482925415,1,0.32782575488090515
detected,BraTS-GLI-01216-000,42,3,0.0,1.0,1,0.9996358752250671
detected,BraTS-GLI-01216-000,42,3,0.1,1.0,1,0.9994245767593384
detected,BraTS-GLI-01216-000,42,3,0.2,1.0,1,0.9990823864936829
detected,BraTS-GLI-01216-000,42,3,0.3,0.9999997615814209,1,0.9985125660896301
detected,BraTS-GLI-01216-000,42,3,0.4,0.9999980926513672,1,0.9975184798240662
detected,BraTS-GLI-01216-000,42,3,0.5,0.9999850988388062,1,0.9956430792808533
detected,BraTS-GLI-01216-000,42,3,0.6,0.9998849630355835,1,0.9916688203811646
detected,BraTS-GLI-01216-000,42,3,0.7,0.9991098046302795,1,0.9818433523178101
detected,BraTS-GLI-01216-000,42,3,0.8,0.9931500554084778,1,0.9528177380561829
detected,BraTS-GLI-01216-000,42,3,0.9,0.9493136405944824,1,0.8545427918434143
detected,BraTS-GLI-01216-000,42,3,1.0,0.7075503468513489,1,0.5705795288085938
detected,BraTS-GLI-01658-000,7,3,0.0,0.9962853193283081,1,0.29863351583480835
detected,BraTS-GLI-01658-000,7,3,0.1,0.993833065032959,1,0.2969155013561249
detected,BraTS-GLI-01658-000,7,3,0.2,0.9897783398628235,1,0.294642835855484
detected,BraTS-GLI-01658-000,7,3,0.3,0.9831029176712036,1,0.2915867269039154
detected,BraTS-GLI-01658-000,7,3,0.4,0.9721908569335938,1,0.28741100430488586
detected,BraTS-GLI-01658-000,7,3,0.5,0.9545573592185974,1,0.2816356122493744
detected,BraTS-GLI-01658-000,7,3,0.6,0.9265869855880737,1,0.2736397683620453
detected,BraTS-GLI-01658-000,7,3,0.7,0.8835016489028931,1,0.26286280155181885
detected,BraTS-GLI-01658-000,7,3,0.8,0.8200410008430481,1,0.24972473084926605
detected,BraTS-GLI-01658-000,7,3,0.9,0.7324786186218262,1,0.23927395045757294
detected,BraTS-GLI-01658-000,7,3,1.0,0.6480856537818909,1,0.25758272409439087
detected,BraTS-GLI-00022-000,5,3,0.0,0.9999548196792603,1,0.009114840067923069
detected,BraTS-GLI-00022-000,5,3,0.1,0.999911904335022,1,0.00977642647922039
detected,BraTS-GLI-00022-000,5,3,0.2,0.9998281002044678,1,0.01063511986285448
detected,BraTS-GLI-00022-000,5,3,0.3,0.9996647834777832,1,0.01176900789141655
detected,BraTS-GLI-00022-000,5,3,0.4,0.9993461966514587,1,0.013295639306306839
detected,BraTS-GLI-00022-000,5,3,0.5,0.9987254738807678,1,0.015397606417536736
detected,BraTS-GLI-00022-000,5,3,0.6,0.9975169897079468,1,0.01837143488228321
detected,BraTS-GLI-00022-000,5,3,0.7,0.9951679706573486,1,0.022732991725206375
detected,BraTS-GLI-00022-000,5,3,0.8,0.9906173348426819,1,0.02948075160384178
detected,BraTS-GLI-00022-000,5,3,0.9,0.9818595051765442,1,0.04084907844662666
detected,BraTS-GLI-00022-000,5,3,1.0,0.9652140736579895,1,0.06262137740850449
detected,BraTS-GLI-01446-000,4,3,0.0,1.0,1,0.2296200394630432
detected,BraTS-GLI-01446-000,4,3,0.1,1.0,1,0.2323645055294037
detected,BraTS-GLI-01446-000,4,3,0.2,1.0,1,0.23568090796470642
detected,BraTS-GLI-01446-000,4,3,0.3,1.0,1,0.23970411717891693
detected,BraTS-GLI-01446-000,4,3,0.4,0.9999998807907104,1,0.24460187554359436
detected,BraTS-GLI-01446-000,4,3,0.5,0.9999988079071045,1,0.2506084740161896
detected,BraTS-GLI-01446-000,4,3,0.6,0.9999903440475464,1,0.258118212223053
detected,BraTS-GLI-01446-000,4,3,0.7,0.9999300241470337,1,0.26790621876716614
detected,BraTS-GLI-01446-000,4,3,0.8,0.999496579170227,1,0.2816287875175476
detected,BraTS-GLI-01446-000,4,3,0.9,0.9964300990104675,1,0.3033978044986725
detected,BraTS-GLI-01446-000,4,3,1.0,0.979033887386322,1,0.3490538001060486
detected,BraTS-GLI-00414-000,61,3,0.0,0.9999964237213135,1,0.02360294759273529
detected,BraTS-GLI-00414-000,61,3,0.1,0.9999890327453613,1,0.024033822119235992
detected,BraTS-GLI-00414-000,61,3,0.2,0.999967098236084,1,0.024579335004091263
detected,BraTS-GLI-00414-000,61,3,0.3,0.9999008178710938,1,0.025300495326519012
detected,BraTS-GLI-00414-000,61,3,0.4,0.9997009038925171,1,0.02630307525396347
detected,BraTS-GLI-00414-000,61,3,0.5,0.9990986585617065,1,0.02777908742427826
detected,BraTS-GLI-00414-000,61,3,0.6,0.9972866773605347,1,0.030094943940639496
detected,BraTS-GLI-00414-000,61,3,0.7,0.9918620586395264,1,0.03399234265089035
detected,BraTS-GLI-00414-000,61,3,0.8,0.9758550524711609,1,0.04109882935881615
detected,BraTS-GLI-00414-000,61,3,0.9,0.9305672645568848,1,0.05546428635716438
detected,BraTS-GLI-00414-000,61,3,1.0,0.8163226842880249,1,0.08907771855592728
detected,BraTS-GLI-01149-000,3,3,0.0,0.9999996423721313,1,0.023626746609807014
detected,BraTS-GLI-01149-000,3,3,0.1,0.9999988079071045,1,0.02358034998178482
detected,BraTS-GLI-01149-000,3,3,0.2,0.9999953508377075,1,0.02352719008922577
detected,BraTS-GLI-01149-000,3,3,0.3,0.9999814033508301,1,0.02346685901284218
detected,BraTS-GLI-01149-000,3,3,0.4,0.9999265670776367,1,0.023402826860547066
detected,BraTS-GLI-01149-000,3,3,0.5,0.9997096657752991,1,0.023353898897767067
detected,BraTS-GLI-01149-000,3,3,0.6,0.998853325843811,1,0.023401575163006783
detected,BraTS-GLI-01149-000,3,3,0.7,0.9957026839256287,1,0.023907355964183807
detected,BraTS-GLI-01149-000,3,3,0.8,0.9871420860290527,1,0.026606904342770576
detected,BraTS-GLI-01149-000,3,3,0.9,0.9621760845184326,1,0.04042563587427139
detected,BraTS-GLI-01149-000,3,3,1.0,0.89394211769104,1,0.11011113226413727
detected,BraTS-GLI-01514-000,32,3,0.0,0.9999958276748657,1,0.07158403098583221
detected,BraTS-GLI-01514-000,32,3,0.1,0.9999879598617554,1,0.07366692274808884
detected,BraTS-GLI-01514-000,32,3,0.2,0.9999654293060303,1,0.07617134600877762
detected,BraTS-GLI-01514-000,32,3,0.3,0.9999005794525146,1,0.07925179600715637
detected,BraTS-GLI-01514-000,32,3,0.4,0.999714195728302,1,0.08315647393465042
detected,BraTS-GLI-01514-000,32,3,0.5,0.9991785883903503,1,0.08829264342784882
detected,BraTS-GLI-01514-000,32,3,0.6,0.9978187084197998,1,0.0953318178653717
detected,BraTS-GLI-01514-000,32,3,0.7,0.994507372379303,1,0.10542506724596024
detected,BraTS-GLI-01514-000,32,3,0.8,0.9898938536643982,1,0.12098753452301025
detected,BraTS-GLI-01514-000,32,3,0.9,0.9814774394035339,1,0.14938899874687195
detected,BraTS-GLI-01514-000,32,3,1.0,0.9662903547286987,1,0.21799612045288086
detected,BraTS-GLI-00109-000,9,3,0.0,0.9999464750289917,1,0.03885212168097496
detected,BraTS-GLI-00109-000,9,3,0.1,0.9998618364334106,1,0.0386623777449131
detected,BraTS-GLI-00109-000,9,3,0.2,0.9996432065963745,1,0.03848368674516678
detected,BraTS-GLI-00109-000,9,3,0.3,0.9990792274475098,1,0.03832597658038139
detected,BraTS-GLI-00109-000,9,3,0.4,0.9976256489753723,1,0.038215313106775284
detected,BraTS-GLI-00109-000,9,3,0.5,0.9938910007476807,1,0.038214221596717834
detected,BraTS-GLI-00109-000,9,3,0.6,0.9843743443489075,1,0.03846600279211998
detected,BraTS-GLI-00109-000,9,3,0.7,0.9628279805183411,1,0.039300087839365005
detected,BraTS-GLI-00109-000,9,3,0.8,0.9143190979957581,1,0.041543200612068176
detected,BraTS-GLI-00109-000,9,3,0.9,0.8146909475326538,1,0.047800060361623764
detected,BraTS-GLI-00109-000,9,3,1.0,0.6564683318138123,1,0.06938855350017548
detected,BraTS-GLI-00297-000,2,3,0.0,0.9999685287475586,1,0.07682186365127563
detected,BraTS-GLI-00297-000,2,3,0.1,0.9999276399612427,1,0.07711322605609894
detected,BraTS-GLI-00297-000,2,3,0.2,0.9998338222503662,1,0.07747355848550797
detected,BraTS-GLI-00297-000,2,3,0.3,0.9996458292007446,1,0.0779275968670845
detected,BraTS-GLI-00297-000,2,3,0.4,0.9992764592170715,1,0.07851391285657883
detected,BraTS-GLI-00297-000,2,3,0.5,0.9985225796699524,1,0.07929603010416031
detected,BraTS-GLI-00297-000,2,3,0.6,0.9969854950904846,1,0.08038583397865295
detected,BraTS-GLI-00297-000,2,3,0.7,0.9938591122627258,1,0.08199857920408249
detected,BraTS-GLI-00297-000,2,3,0.8,0.9875310063362122,1,0.08459454029798508
detected,BraTS-GLI-00297-000,2,3,0.9,0.9748470783233643,1,0.08927921950817108
detected,BraTS-GLI-00297-000,2,3,1.0,0.9499147534370422,1,0.09900633990764618
detected,BraTS-GLI-01056-000,19,3,0.0,0.9999929666519165,1,0.050615787506103516
detected,BraTS-GLI-01056-000,19,3,0.1,0.999981164932251,1,0.05087665468454361
detected,BraTS-GLI-01056-000,19,3,0.2,0.9999501705169678,1,0.05119673162698746
detected,BraTS-GLI-01056-000,19,3,0.3,0.9998677968978882,1,0.05160106346011162
detected,BraTS-GLI-01056-000,19,3,0.4,0.9996495246887207,1,0.0521295964717865
detected,BraTS-GLI-01056-000,19,3,0.5,0.9990708827972412,1,0.052849337458610535
detected,BraTS-GLI-01056-000,19,3,0.6,0.9975396394729614,1,0.05388040840625763
detected,BraTS-GLI-01056-000,19,3,0.7,0.9935008883476257,1,0.055454712361097336
detected,BraTS-GLI-01056-000,19,3,0.8,0.983597457408905,1,0.05805765092372894
detected,BraTS-GLI-01056-000,19,3,0.9,0.9617736339569092,1,0.0627887099981308
detected,BraTS-GLI-01056-000,19,3,1.0,0.9134674072265625,1,0.0723058432340622
detected,BraTS-GLI-00111-000,16,3,0.0,1.0,1,0.4261843264102936
detected,BraTS-GLI-00111-000,16,3,0.1,1.0,1,0.42272987961769104
detected,BraTS-GLI-00111-000,16,3,0.2,1.0,1,0.41865450143814087
detected,BraTS-GLI-00111-000,16,3,0.3,0.9999997615814209,1,0.4137454330921173
detected,BraTS-GLI-00111-000,16,3,0.4,0.9999984502792358,1,0.4076627492904663
detected,BraTS-GLI-00111-000,16,3,0.5,0.9999898672103882,1,0.3998381793498993
detected,BraTS-GLI-00111-000,16,3,0.6,0.9999316930770874,1,0.38930755853652954
detected,BraTS-GLI-00111-000,16,3,0.7,0.9995388984680176,1,0.37448304891586304
detected,BraTS-GLI-00111-000,16,3,0.8,0.996892511844635,1,0.3529832065105438
detected,BraTS-GLI-00111-000,16,3,0.9,0.9793718457221985,1,0.32194915413856506
detected,BraTS-GLI-00111-000,16,3,1.0,0.8754147291183472,1,0.28070083260536194
detected,BraTS-GLI-00054-000,18,3,0.0,0.9999929666519165,1,0.12893420457839966
detected,BraTS-GLI-00054-000,18,3,0.1,0.9999790191650391,1,0.12766797840595245
detected,BraTS-GLI-00054-000,18,3,0.2,0.9999401569366455,1,0.126220241189003
detected,BraTS-GLI-00054-000,18,3,0.3,0.9998471736907959,1,0.12454549968242645
detected,BraTS-GLI-00054-000,18,3,0.4,0.9996098875999451,1,0.12258534878492355
detected,BraTS-GLI-00054-000,18,3,0.5,0.9990044236183167,1,0.1202734038233757
detected,BraTS-GLI-00054-000,18,3,0.6,0.9974617958068848,1,0.11755430698394775
detected,BraTS-GLI-00054-000,18,3,0.7,0.9935448169708252,1,0.11443633586168289
detected,BraTS-GLI-00054-000,18,3,0.8,0.9836815595626831,1,0.11113195866346359
detected,BraTS-GLI-00054-000,18,3,0.9,0.9593639373779297,1,0.10847800970077515
detected,BraTS-GLI-00054-000,18,3,1.0,0.9024038314819336,1,0.10923128575086594
detected,BraTS-GLI-00054-000,13,3,0.0,0.9958546161651611,1,0.028432421386241913
detected,BraTS-GLI-00054-000,13,3,0.1,0.9941038489341736,1,0.02948058769106865
detected,BraTS-GLI-00054-000,13,3,0.2,0.9916198253631592,1,0.03079283982515335
detected,BraTS-GLI-00054-000,13,3,0.3,0.9881020784378052,1,0.03243829682469368
detected,BraTS-GLI-00054-000,13,3,0.4,0.9831326603889465,1,0.03451370447874069
detected,BraTS-GLI-00054-000,13,3,0.5,0.9761378765106201,1,0.03716353699564934
detected,BraTS-GLI-00054-000,13,3,0.6,0.9663416743278503,1,0.04062122479081154
detected,BraTS-GLI-00054-000,13,3,0.7,0.9527184963226318,1,0.04529895260930061
detected,BraTS-GLI-00054-000,13,3,0.8,0.9339581727981567,1,0.0519944429397583
detected,BraTS-GLI-00054-000,13,3,0.9,0.9084694385528564,1,0.06239407882094383
detected,BraTS-GLI-00054-000,13,3,1.0,0.8775267601013184,1,0.08033169060945511
detected,BraTS-GLI-01497-000,9,3,0.0,0.9999998807907104,1,0.005304855760186911
detected,BraTS-GLI-01497-000,9,3,0.1,0.9999996423721313,1,0.005382663104683161
detected,BraTS-GLI-01497-000,9,3,0.2,0.9999986886978149,1,0.0054922462441027164
detected,BraTS-GLI-01497-000,9,3,0.3,0.9999942779541016,1,0.005658110603690147
detected,BraTS-GLI-01497-000,9,3,0.4,0.999975323677063,1,0.005929460749030113
detected,BraTS-GLI-01497-000,9,3,0.5,0.9998931884765625,1,0.006408586632460356
detected,BraTS-GLI-01497-000,9,3,0.6,0.9995378255844116,1,0.007315289229154587
detected,BraTS-GLI-01497-000,9,3,0.7,0.9980030655860901,1,0.009140108712017536
detected,BraTS-GLI-01497-000,9,3,0.8,0.9914153218269348,1,0.013046681880950928
detected,BraTS-GLI-01497-000,9,3,0.9,0.9668605923652649,1,0.022132452577352524
detected,BraTS-GLI-01497-000,9,3,1.0,0.8831347227096558,1,0.04604342207312584
detected,BraTS-GLI-01112-000,6,3,0.0,0.9999673366546631,1,0.0020836833864450455
detected,BraTS-GLI-01112-000,6,3,0.1,0.9999257326126099,1,0.0025982800871133804
detected,BraTS-GLI-01112-000,6,3,0.2,0.9998346567153931,1,0.0033506990876048803
detected,BraTS-GLI-01112-000,6,3,0.3,0.9996325969696045,1,0.004496121313422918
detected,BraTS-GLI-01112-000,6,3,0.4,0.999183714389801,1,0.006299174856394529
detected,BraTS-GLI-01112-000,6,3,0.5,0.9981874823570251,1,0.009216111153364182
detected,BraTS-GLI-01112-000,6,3,0.6,0.9959803819656372,1,0.014047753997147083
detected,BraTS-GLI-01112-000,6,3,0.7,0.9911092519760132,1,0.02226816676557064
detected,BraTS-GLI-01112-000,6,3,0.8,0.9804511666297913,1,0.03698498010635376
detected,BraTS-GLI-01112-000,6,3,0.9,0.9575635194778442,1,0.06670483201742172
detected,BraTS-GLI-01112-000,6,3,1.0,0.9344882965087891,1,0.14249491691589355
detected,BraTS-GLI-00166-000,3,3,0.0,1.0,1,0.010338292457163334
detected,BraTS-GLI-00166-000,3,3,0.1,1.0,1,0.010732821188867092
detected,BraTS-GLI-00166-000,3,3,0.2,0.9999997615814209,1,0.011254793033003807
detected,BraTS-GLI-00166-000,3,3,0.3,0.9999985694885254,1,0.01196249108761549
detected,BraTS-GLI-00166-000,3,3,0.4,0.9999923706054688,1,0.012949569150805473
detected,BraTS-GLI-00166-000,3,3,0.5,0.9999610185623169,1,0.014380306005477905
detected,BraTS-GLI-00166-000,3,3,0.6,0.9998003840446472,1,0.01658238284289837
detected,BraTS-GLI-00166-000,3,3,0.7,0.9989773035049438,1,0.020325664430856705
detected,BraTS-GLI-00166-000,3,3,0.8,0.9947777986526489,1,0.027803314849734306
detected,BraTS-GLI-00166-000,3,3,0.9,0.9737879633903503,1,0.04679076746106148
detected,BraTS-GLI-00166-000,3,3,1.0,0.9067206978797913,1,0.1105026826262474
detected,BraTS-GLI-01056-000,38,3,0.0,1.0,1,0.01211862824857235
detected,BraTS-GLI-01056-000,38,3,0.1,0.9999997615814209,1,0.01211201399564743
detected,BraTS-GLI-01056-000,38,3,0.2,0.999998927116394,1,0.012148181907832623
detected,BraTS-GLI-01056-000,38,3,0.3,0.9999951124191284,1,0.012257839553058147
detected,BraTS-GLI-01056-000,38,3,0.4,0.9999778270721436,1,0.012498821131885052
detected,BraTS-GLI-01056-000,38,3,0.5,0.9998998641967773,1,0.012987000867724419
detected,BraTS-GLI-01056-000,38,3,0.6,0.99954754114151,1,0.013968798331916332
detected,BraTS-GLI-01056-000,38,3,0.7,0.9979591369628906,1,0.015995677560567856
detected,BraTS-GLI-01056-000,38,3,0.8,0.9908447861671448,1,0.020366406068205833
detected,BraTS-GLI-01056-000,38,3,0.9,0.9599272012710571,1,0.030662942677736282
detected,BraTS-GLI-01056-000,38,3,1.0,0.914058268070221,1,0.06232324242591858
detected,BraTS-GLI-01056-000,18,3,0.0,0.9844790101051331,1,0.010038917884230614
detected,BraTS-GLI-01056-000,18,3,0.1,0.9797630906105042,1,0.010922864079475403
detected,BraTS-GLI-01056-000,18,3,0.2,0.9736526012420654,1,0.01212763600051403
detected,BraTS-GLI-01056-000,18,3,0.3,0.9657614827156067,1,0.013778026215732098
detected,BraTS-GLI-01056-000,18,3,0.4,0.9556148648262024,1,0.016052503138780594
detected,BraTS-GLI-01056-000,18,3,0.5,0.9426396489143372,1,0.0192111749202013
detected,BraTS-GLI-01056-000,18,3,0.6,0.9261646866798401,1,0.02364474907517433
detected,BraTS-GLI-01056-000,18,3,0.7,0.9054323434829712,1,0.029968461021780968
detected,BraTS-GLI-01056-000,18,3,0.8,0.8796351552009583,1,0.03922063112258911
detected,BraTS-GLI-01056-000,18,3,0.9,0.8639946579933167,1,0.05332186073064804
detected,BraTS-GLI-01056-000,18,3,1.0,0.8517913222312927,1,0.0762169137597084
detected,BraTS-GLI-01061-000,2,3,0.0,0.9999767541885376,1,0.056929707527160645
detected,BraTS-GLI-01061-000,2,3,0.1,0.9999443292617798,1,0.057267945259809494
detected,BraTS-GLI-01061-000,2,3,0.2,0.9998666048049927,1,0.05774824321269989
detected,BraTS-GLI-01061-000,2,3,0.3,0.9996802806854248,1,0.05841735005378723
detected,BraTS-GLI-01061-000,2,3,0.4,0.9992340803146362,1,0.05933929607272148
detected,BraTS-GLI-01061-000,2,3,0.5,0.9981663823127747,1,0.060605376958847046
detected,BraTS-GLI-01061-000,2,3,0.6,0.9956164360046387,1,0.06235628202557564
detected,BraTS-GLI-01061-000,2,3,0.7,0.989557683467865,1,0.0648353099822998
detected,BraTS-GLI-01061-000,2,3,0.8,0.9753322005271912,1,0.0685267373919487
detected,BraTS-GLI-01061-000,2,3,0.9,0.9428468942642212,1,0.07453539967536926
detected,BraTS-GLI-01061-000,2,3,1.0,0.892693042755127,1,0.0856780931353569
detected,BraTS-GLI-01241-000,14,3,0.0,0.99997878074646,1,0.07146238535642624
detected,BraTS-GLI-01241-000,14,3,0.1,0.9999527931213379,1,0.07151937484741211
detected,BraTS-GLI-01241-000,14,3,0.2,0.9998949766159058,1,0.07161461561918259
detected,BraTS-GLI-01241-000,14,3,0.3,0.9997667670249939,1,0.07175488024950027
detected,BraTS-GLI-01241-000,14,3,0.4,0.9994818568229675,1,0.07194879651069641
detected,BraTS-GLI-01241-000,14,3,0.5,0.9988491535186768,1,0.07220818102359772
detected,BraTS-GLI-01241-000,14,3,0.6,0.9974462985992432,1,0.07255012542009354
detected,BraTS-GLI-01241-000,14,3,0.7,0.9943428039550781,1,0.07300567626953125
detected,BraTS-GLI-01241-000,14,3,0.8,0.9875150918960571,1,0.07366997003555298
detected,BraTS-GLI-01241-000,14,3,0.9,0.9726734161376953,1,0.07496237754821777
detected,BraTS-GLI-01241-000,14,3,1.0,0.9412383437156677,1,0.07877591997385025
detected,BraTS-GLI-01056-000,13,3,0.0,0.9999799728393555,1,0.08842671662569046
detected,BraTS-GLI-01056-000,13,3,0.1,0.999953031539917,1,0.08859650045633316
detected,BraTS-GLI-01056-000,13,3,0.2,0.999889612197876,1,0.08886228501796722
detected,BraTS-GLI-01056-000,13,3,0.3,0.9997411370277405,1,0.08925753831863403
detected,BraTS-GLI-01056-000,13,3,0.4,0.9993926286697388,1,0.08983107656240463
detected,BraTS-GLI-01056-000,13,3,0.5,0.9985755681991577,1,0.09065822511911392
detected,BraTS-GLI-01056-000,13,3,0.6,0.9966631531715393,1,0.0918639749288559
detected,BraTS-GLI-01056-000,13,3,0.7,0.9922033548355103,1,0.09367416054010391
detected,BraTS-GLI-01056-000,13,3,0.8,0.9818910956382751,1,0.09653512388467789
detected,BraTS-GLI-01056-000,13,3,0.9,0.9585097432136536,1,0.10141429305076599
detected,BraTS-GLI-01056-000,13,3,1.0,0.9221974015235901,1,0.11061347275972366
detected,BraTS-GLI-00053-000,4,3,0.0,0.9999759197235107,1,0.0047873398289084435
detected,BraTS-GLI-00053-000,4,3,0.1,0.999955415725708,1,0.004807349760085344
detected,BraTS-GLI-00053-000,4,3,0.2,0.9999173879623413,1,0.004840204492211342
detected,BraTS-GLI-00053-000,4,3,0.3,0.9998470544815063,1,0.004897266160696745
detected,BraTS-GLI-00053-000,4,3,0.4,0.9997168183326721,1,0.005001240409910679
detected,BraTS-GLI-00053-000,4,3,0.5,0.99947589635849,1,0.005198008846491575
detected,BraTS-GLI-00053-000,4,3,0.6,0.9990297555923462,1,0.005581407342106104
detected,BraTS-GLI-00053-000,4,3,0.7,0.9982048273086548,1,0.006347333081066608
detected,BraTS-GLI-00053-000,4,3,0.8,0.9966806769371033,1,0.007923819124698639
detected,BraTS-GLI-00053-000,4,3,0.9,0.9938704967498779,1,0.011344389989972115
detected,BraTS-GLI-00053-000,4,3,1.0,0.9887082576751709,1,0.019566558301448822
detected,BraTS-GLI-01216-000,41,3,0.0,1.0,1,0.9902335405349731
detected,BraTS-GLI-01216-000,41,3,0.1,1.0,1,0.9896377325057983
detected,BraTS-GLI-01216-000,41,3,0.2,1.0,1,0.988910973072052
detected,BraTS-GLI-01216-000,41,3,0.3,0.9999997615814209,1,0.9879828691482544
detected,BraTS-GLI-01216-000,41,3,0.4,0.9999977350234985,1,0.9867020845413208
detected,BraTS-GLI-01216-000,41,3,0.5,0.9999830722808838,1,0.9846961498260498
detected,BraTS-GLI-01216-000,41,3,0.6,0.9998773336410522,1,0.9809064269065857
detected,BraTS-GLI-01216-000,41,3,0.7,0.9991249442100525,1,0.9719010591506958
detected,BraTS-GLI-01216-000,41,3,0.8,0.993787944316864,1,0.9453150629997253
detected,BraTS-GLI-01216-000,41,3,0.9,0.9572905898094177,1,0.8565166592597961
detected,BraTS-GLI-01216-000,41,3,1.0,0.7584735155105591,1,0.6025815606117249
detected,BraTS-GLI-00352-000,3,3,0.0,1.0,1,0.5725066065788269
detected,BraTS-GLI-00352-000,3,3,0.1,1.0,1,0.5723676085472107
detected,BraTS-GLI-00352-000,3,3,0.2,1.0,1,0.5721997022628784
detected,BraTS-GLI-00352-000,3,3,0.3,0.9999998807907104,1,0.5719723701477051
detected,BraTS-GLI-00352-000,3,3,0.4,0.9999991655349731,1,0.5716134905815125
detected,BraTS-GLI-00352-000,3,3,0.5,0.9999935626983643,1,0.5709425806999207
detected,BraTS-GLI-00352-000,3,3,0.6,0.9999507665634155,1,0.5694794058799744
detected,BraTS-GLI-00352-000,3,3,0.7,0.9996205568313599,1,0.5658677816390991
detected,BraTS-GLI-00352-000,3,3,0.8,0.9970845580101013,1,0.556098997592926
detected,BraTS-GLI-00352-000,3,3,0.9,0.97797030210495,1,0.5286145806312561
detected,BraTS-GLI-00352-000,3,3,1.0,0.8758068680763245,1,0.4610861837863922
detected,BraTS-GLI-00054-000,22,3,0.0,0.9999057054519653,1,0.08277598768472672
detected,BraTS-GLI-00054-000,22,3,0.1,0.9998106360435486,1,0.08096816390752792
detected,BraTS-GLI-00054-000,22,3,0.2,0.9996196031570435,1,0.07887767255306244
detected,BraTS-GLI-00054-000,22,3,0.3,0.9992363452911377,1,0.07649409770965576
detected,BraTS-GLI-00054-000,22,3,0.4,0.9984673857688904,1,0.07383335381746292
detected,BraTS-GLI-00054-000,22,3,0.5,0.996926486492157,1,0.0709560364484787
detected,BraTS-GLI-00054-000,22,3,0.6,0.9938459992408752,1,0.06800080090761185
detected,BraTS-GLI-00054-000,22,3,0.7,0.9877158999443054,1,0.06525661796331406
detected,BraTS-GLI-00054-000,22,3,0.8,0.9756292104721069,1,0.06333386152982712
detected,BraTS-GLI-00054-000,22,3,0.9,0.9523844718933105,1,0.06358757615089417
detected,BraTS-GLI-00054-000,22,3,1.0,0.926450788974762,1,0.06924206018447876
detected,BraTS-GLI-00414-000,23,3,0.0,1.0,1,0.02434936724603176
detected,BraTS-GLI-00414-000,23,3,0.1,1.0,1,0.024656834080815315
detected,BraTS-GLI-00414-000,23,3,0.2,1.0,1,0.025042390450835228
detected,BraTS-GLI-00414-000,23,3,0.3,0.9999996423721313,1,0.025537921115756035
detected,BraTS-GLI-00414-000,23,3,0.4,0.9999979734420776,1,0.0262005478143692
detected,BraTS-GLI-00414-000,23,3,0.5,0.999987006187439,1,0.027142543345689774
detected,BraTS-GLI-00414-000,23,3,0.6,0.9999152421951294,1,0.02860744297504425
detected,BraTS-GLI-00414-000,23,3,0.7,0.9994457364082336,1,0.03118995763361454
detected,BraTS-GLI-00414-000,23,3,0.8,0.9963846206665039,1,0.03660370782017708
detected,BraTS-GLI-00414-000,23,3,0.9,0.9773119688034058,1,0.05107414349913597
detected,BraTS-GLI-00414-000,23,3,1.0,0.888435959815979,1,0.1028464064002037
detected,BraTS-GLI-00111-000,25,3,0.0,1.0,1,0.35077229142189026
detected,BraTS-GLI-00111-000,25,3,0.1,1.0,1,0.349725604057312
detected,BraTS-GLI-00111-000,25,3,0.2,1.0,1,0.34852588176727295
detected,BraTS-GLI-00111-000,25,3,0.3,1.0,1,0.34712234139442444
detected,BraTS-GLI-00111-000,25,3,0.4,0.9999997615814209,1,0.34543558955192566
detected,BraTS-GLI-00111-000,25,3,0.5,0.9999973773956299,1,0.34333011507987976
detected,BraTS-GLI-00111-000,25,3,0.6,0.9999758005142212,1,0.3405398428440094
detected,BraTS-GLI-00111-000,25,3,0.7,0.9997813105583191,1,0.33644020557403564
detected,BraTS-GLI-00111-000,25,3,0.8,0.9981287121772766,1,0.3293152153491974
detected,BraTS-GLI-00111-000,25,3,0.9,0.985450267791748,1,0.3142685890197754
detected,BraTS-GLI-00111-000,25,3,1.0,0.8958386182785034,1,0.2810925841331482
detected,BraTS-GLI-00443-000,3,3,0.0,0.9999810457229614,1,0.02769528329372406
detected,BraTS-GLI-00443-000,3,3,0.1,0.9999516010284424,1,0.027740564197301865
detected,BraTS-GLI-00443-000,3,3,0.2,0.9998767375946045,1,0.02790205366909504
detected,BraTS-GLI-00443-000,3,3,0.3,0.9996860027313232,1,0.02824351191520691
detected,BraTS-GLI-00443-000,3,3,0.4,0.999200165271759,1,0.02886362187564373
detected,BraTS-GLI-00443-000,3,3,0.5,0.9979640245437622,1,0.02992228791117668
detected,BraTS-GLI-00443-000,3,3,0.6,0.9948270916938782,1,0.031700484454631805
detected,BraTS-GLI-00443-000,3,3,0.7,0.9869204759597778,1,0.03475094959139824
detected,BraTS-GLI-00443-000,3,3,0.8,0.9673261642456055,1,0.04030982404947281
detected,BraTS-GLI-00443-000,3,3,0.9,0.9207349419593811,1,0.05152339115738869
detected,BraTS-GLI-00443-000,3,3,1.0,0.8781019449234009,1,0.07720315456390381
detected,BraTS-GLI-01299-000,3,3,0.0,0.9999994039535522,1,0.1608107089996338
detected,BraTS-GLI-01299-000,3,3,0.1,0.9999978542327881,1,0.16139523684978485
detected,BraTS-GLI-01299-000,3,3,0.2,0.9999920129776001,1,0.1620950847864151
detected,BraTS-GLI-01299-000,3,3,0.3,0.9999697208404541,1,0.16293497383594513
detected,BraTS-GLI-01299-000,3,3,0.4,0.999884843826294,1,0.16394975781440735
detected,BraTS-GLI-01299-000,3,3,0.5,0.9995625615119934,1,0.16519208252429962
detected,BraTS-GLI-01299-000,3,3,0.6,0.998392641544342,1,0.16675671935081482
detected,BraTS-GLI-01299-000,3,3,0.7,0.9941250085830688,1,0.16889432072639465
detected,BraTS-GLI-01299-000,3,3,0.8,0.9795281887054443,1,0.1725545972585678
detected,BraTS-GLI-01299-000,3,3,0.9,0.9610083103179932,1,0.1818445920944214
detected,BraTS-GLI-01299-000,3,3,1.0,0.9424607157707214,1,0.21411167085170746
detected,BraTS-GLI-00395-000,1,3,0.0,1.0,1,0.06676347553730011
detected,BraTS-GLI-00395-000,1,3,0.1,1.0,1,0.06696437299251556
detected,BraTS-GLI-00395-000,1,3,0.2,1.0,1,0.06724241375923157
detected,BraTS-GLI-00395-000,1,3,0.3,1.0,1,0.06763225048780441
detected,BraTS-GLI-00395-000,1,3,0.4,0.9999997615814209,1,0.06820131838321686
detected,BraTS-GLI-00395-000,1,3,0.5,0.9999977350234985,1,0.06909268349409103
detected,BraTS-GLI-00395-000,1,3,0.6,0.999980092048645,1,0.07062119990587234
detected,BraTS-GLI-00395-000,1,3,0.7,0.9998268485069275,1,0.07346753031015396
detected,BraTS-GLI-00395-000,1,3,0.8,0.9985756874084473,1,0.07933183759450912
detected,BraTS-GLI-00395-000,1,3,0.9,0.9909963607788086,1,0.09490349143743515
detected,BraTS-GLI-00395-000,1,3,1.0,0.9812104105949402,1,0.15313073992729187
detected,BraTS-GLI-00570-000,5,3,0.0,1.0,1,0.08950556814670563
detected,BraTS-GLI-00570-000,5,3,0.1,0.9999998807907104,1,0.08959607034921646
detected,BraTS-GLI-00570-000,5,3,0.2,0.9999995231628418,1,0.08970486372709274
detected,BraTS-GLI-00570-000,5,3,0.3,0.9999972581863403,1,0.08983446657657623
detected,BraTS-GLI-00570-000,5,3,0.4,0.9999860525131226,1,0.08998643606901169
detected,BraTS-GLI-00570-000,5,3,0.5,0.9999287128448486,1,0.09016279131174088
detected,BraTS-GLI-00570-000,5,3,0.6,0.9996353387832642,1,0.09038437157869339
detected,BraTS-GLI-00570-000,5,3,0.7,0.9981359243392944,1,0.09080913662910461
detected,BraTS-GLI-00570-000,5,3,0.8,0.9905282258987427,1,0.09243838489055634
detected,BraTS-GLI-00570-000,5,3,0.9,0.9612950682640076,1,0.10135645419359207
detected,BraTS-GLI-00570-000,5,3,1.0,0.9508959054946899,1,0.15286891162395477
detected,BraTS-GLI-00795-000,2,3,0.0,0.9999964237213135,1,0.008615288883447647
detected,BraTS-GLI-00795-000,2,3,0.1,0.9999896287918091,1,0.009084002114832401
detected,BraTS-GLI-00795-000,2,3,0.2,0.9999693632125854,1,0.009674367494881153
detected,BraTS-GLI-00795-000,2,3,0.3,0.999909520149231,1,0.010449378751218319
detected,BraTS-GLI-00795-000,2,3,0.4,0.9997333884239197,1,0.011521346867084503
detected,BraTS-GLI-00795-000,2,3,0.5,0.9992139339447021,1,0.013102773576974869
detected,BraTS-GLI-00795-000,2,3,0.6,0.9976855516433716,1,0.015630429610610008
detected,BraTS-GLI-00795-000,2,3,0.7,0.9932049512863159,1,0.020136645063757896
detected,BraTS-GLI-00795-000,2,3,0.8,0.9802224040031433,1,0.02968660555779934
detected,BraTS-GLI-00795-000,2,3,0.9,0.9500904679298401,1,0.05631008371710777
detected,BraTS-GLI-00795-000,2,3,1.0,0.9251710176467896,1,0.15451958775520325
detected,BraTS-GLI-00111-000,22,3,0.0,0.99998939037323,1,0.13571776449680328
detected,BraTS-GLI-00111-000,22,3,0.1,0.9999697208404541,1,0.13652648031711578
detected,BraTS-GLI-00111-000,22,3,0.2,0.9999138116836548,1,0.13745102286338806
detected,BraTS-GLI-00111-000,22,3,0.3,0.9997550845146179,1,0.1385059654712677
detected,BraTS-GLI-00111-000,22,3,0.4,0.9993041753768921,1,0.1397121548652649
detected,BraTS-GLI-00111-000,22,3,0.5,0.998024582862854,1,0.14111517369747162
detected,BraTS-GLI-00111-000,22,3,0.6,0.9944049119949341,1,0.1428462266921997
detected,BraTS-GLI-00111-000,22,3,0.7,0.9843742251396179,1,0.14531375467777252
detected,BraTS-GLI-00111-000,22,3,0.8,0.9614570736885071,1,0.14981654286384583
detected,BraTS-GLI-00111-000,22,3,0.9,0.9249342679977417,1,0.1606409251689911
detected,BraTS-GLI-00111-000,22,3,1.0,0.8882664442062378,1,0.1927153766155243
detected,BraTS-GLI-01145-000,3,3,0.0,1.0,1,0.24522976577281952
detected,BraTS-GLI-01145-000,3,3,0.1,1.0,1,0.24643556773662567
detected,BraTS-GLI-01145-000,3,3,0.2,1.0,1,0.24794991314411163
detected,BraTS-GLI-01145-000,3,3,0.3,1.0,1,0.2498524934053421
detected,BraTS-GLI-01145-000,3,3,0.4,0.9999998807907104,1,0.2522202432155609
detected,BraTS-GLI-01145-000,3,3,0.5,0.9999984502792358,1,0.2550836503505707
detected,BraTS-GLI-01145-000,3,3,0.6,0.9999849796295166,1,0.25832822918891907
detected,BraTS-GLI-01145-000,3,3,0.7,0.9998737573623657,1,0.2615039348602295
detected,BraTS-GLI-01145-000,3,3,0.8,0.9989405274391174,1,0.2634930908679962
detected,BraTS-GLI-01145-000,3,3,0.9,0.9912176132202148,1,0.262204110622406
detected,BraTS-GLI-01145-000,3,3,1.0,0.9429274797439575,1,0.2560393512248993
detected,BraTS-GLI-00485-001,5,3,0.0,0.9999991655349731,1,0.00926576741039753
detected,BraTS-GLI-00485-001,5,3,0.1,0.999997615814209,1,0.009811929427087307
detected,BraTS-GLI-00485-001,5,3,0.2,0.9999934434890747,1,0.010458833537995815
detected,BraTS-GLI-00485-001,5,3,0.3,0.9999814033508301,1,0.011247215792536736
detected,BraTS-GLI-00485-001,5,3,0.4,0.9999477863311768,1,0.012264472432434559
detected,BraTS-GLI-00485-001,5,3,0.5,0.9998531341552734,1,0.013723144307732582
detected,BraTS-GLI-00485-001,5,3,0.6,0.99958735704422,1,0.01615655981004238
detected,BraTS-GLI-00485-001,5,3,0.7,0.99903404712677,1,0.02083956077694893
detected,BraTS-GLI-00485-001,5,3,0.8,0.9981765747070312,1,0.03060864843428135
detected,BraTS-GLI-00485-001,5,3,0.9,0.9966656565666199,1,0.05286353453993797
detected,BraTS-GLI-00485-001,5,3,1.0,0.9967103004455566,1,0.12008576095104218
detected,BraTS-GLI-01521-000,7,3,0.0,1.0,1,0.1489366739988327
detected,BraTS-GLI-01521-000,7,3,0.1,1.0,1,0.14917345345020294
detected,BraTS-GLI-01521-000,7,3,0.2,0.9999998807907104,1,0.14950458705425262
detected,BraTS-GLI-01521-000,7,3,0.3,0.9999994039535522,1,0.14996707439422607
detected,BraTS-GLI-01521-000,7,3,0.4,0.9999960660934448,1,0.15062180161476135
detected,BraTS-GLI-01521-000,7,3,0.5,0.9999755620956421,1,0.15158304572105408
detected,BraTS-GLI-01521-000,7,3,0.6,0.9998482465744019,1,0.15310138463974
detected,BraTS-GLI-01521-000,7,3,0.7,0.9991337656974792,1,0.15582500398159027
detected,BraTS-GLI-01521-000,7,3,0.8,0.9955028891563416,1,0.1617429554462433
detected,BraTS-GLI-01521-000,7,3,0.9,0.9782886505126953,1,0.1780114620923996
detected,BraTS-GLI-01521-000,7,3,1.0,0.9107182025909424,1,0.2321757674217224
detected,BraTS-GLI-00555-000,1,3,0.0,1.0,1,0.004121000412851572
detected,BraTS-GLI-00555-000,1,3,0.1,1.0,1,0.004129635635763407
detected,BraTS-GLI-00555-000,1,3,0.2,1.0,1,0.004154191818088293
detected,BraTS-GLI-00555-000,1,3,0.3,1.0,1,0.004203868098556995
detected,BraTS-GLI-00555-000,1,3,0.4,0.9999997615814209,1,0.004294383339583874
detected,BraTS-GLI-00555-000,1,3,0.5,0.9999974966049194,1,0.004455682821571827
detected,BraTS-GLI-00555-000,1,3,0.6,0.9999771118164062,1,0.004755440633744001
detected,BraTS-GLI-00555-000,1,3,0.7,0.9997897744178772,1,0.005388332065194845
detected,BraTS-GLI-00555-000,1,3,0.8,0.9980760812759399,1,0.007107868324965239
detected,BraTS-GLI-00555-000,1,3,0.9,0.987923800945282,1,0.013877796940505505
detected,BraTS-GLI-00555-000,1,3,1.0,0.9300636649131775,1,0.05232009291648865
detected,BraTS-GLI-00414-000,37,3,0.0,0.9999998807907104,1,0.03121955133974552
detected,BraTS-GLI-00414-000,37,3,0.1,0.9999997615814209,1,0.03120492771267891
detected,BraTS-GLI-00414-000,37,3,0.2,0.9999988079071045,1,0.0312810093164444
detected,BraTS-GLI-00414-000,37,3,0.3,0.9999951124191284,1,0.03150491788983345
detected,BraTS-GLI-00414-000,37,3,0.4,0.9999793767929077,1,0.03197765722870827
detected,BraTS-GLI-00414-000,37,3,0.5,0.9999133348464966,1,0.03288945555686951
detected,BraTS-GLI-00414-000,37,3,0.6,0.9996347427368164,1,0.03462330251932144
detected,BraTS-GLI-00414-000,37,3,0.7,0.9985490441322327,1,0.03800930082798004
detected,BraTS-GLI-00414-000,37,3,0.8,0.9952261447906494,1,0.04502156004309654
detected,BraTS-GLI-00414-000,37,3,0.9,0.9844117760658264,1,0.061058785766363144
detected,BraTS-GLI-00414-000,37,3,1.0,0.9503223896026611,1,0.10409817844629288
detected,BraTS-GLI-00053-000,2,3,0.0,0.9956194758415222,1,0.02421783097088337
detected,BraTS-GLI-00053-000,2,3,0.1,0.9934385418891907,1,0.024408891797065735
detected,BraTS-GLI-00053-000,2,3,0.2,0.9901824593544006,1,0.024690870195627213
detected,BraTS-GLI-00053-000,2,3,0.3,0.9853343963623047,1,0.02511441335082054
detected,BraTS-GLI-00053-000,2,3,0.4,0.9781452417373657,1,0.025760287418961525
detected,BraTS-GLI-00053-000,2,3,0.5,0.9718106389045715,1,0.026761045679450035
detected,BraTS-GLI-00053-000,2,3,0.6,0.9660504460334778,1,0.028342874720692635
detected,BraTS-GLI-00053-000,2,3,0.7,0.959162712097168,1,0.030910344794392586
detected,BraTS-GLI-00053-000,2,3,0.8,0.9509485363960266,1,0.03522353246808052
detected,BraTS-GLI-00053-000,2,3,0.9,0.9411834478378296,1,0.04278098791837692
detected,BraTS-GLI-00053-000,2,3,1.0,0.9296181201934814,1,0.05675499141216278
detected,BraTS-GLI-01262-000,10,3,0.0,1.0,1,0.4191158711910248
detected,BraTS-GLI-01262-000,10,3,0.1,0.9999997615814209,1,0.4184960126876831
detected,BraTS-GLI-01262-000,10,3,0.2,0.9999990463256836,1,0.41772809624671936
detected,BraTS-GLI-01262-000,10,3,0.3,0.9999955892562866,1,0.41673269867897034
detected,BraTS-GLI-01262-000,10,3,0.4,0.99997878074646,1,0.4153665602207184
detected,BraTS-GLI-01262-000,10,3,0.5,0.9999057054519653,1,0.4133619964122772
detected,BraTS-GLI-01262-000,10,3,0.6,0.9995976090431213,1,0.4102025032043457
detected,BraTS-GLI-01262-000,10,3,0.7,0.9982837438583374,1,0.40485548973083496
detected,BraTS-GLI-01262-000,10,3,0.8,0.9927111864089966,1,0.3951890468597412
detected,BraTS-GLI-01262-000,10,3,0.9,0.9695965647697449,1,0.3767608404159546
detected,BraTS-GLI-01262-000,10,3,1.0,0.8818997144699097,1,0.34279996156692505
detected,BraTS-GLI-00576-000,2,3,0.0,0.9999300241470337,1,0.11338898539543152
detected,BraTS-GLI-00576-000,2,3,0.1,0.9998435974121094,1,0.11310642212629318
detected,BraTS-GLI-00576-000,2,3,0.2,0.9996507167816162,1,0.11282499134540558
detected,BraTS-GLI-00576-000,2,3,0.3,0.9992198944091797,1,0.11256466805934906
detected,BraTS-GLI-00576-000,2,3,0.4,0.9982587695121765,1,0.11237077414989471
detected,BraTS-GLI-00576-000,2,3,0.5,0.9961178302764893,1,0.11234435439109802
detected,BraTS-GLI-00576-000,2,3,0.6,0.9913671612739563,1,0.1127108559012413
detected,BraTS-GLI-00576-000,2,3,0.7,0.9809144735336304,1,0.11398115754127502
detected,BraTS-GLI-00576-000,2,3,0.8,0.9583377242088318,1,0.11735790222883224
detected,BraTS-GLI-00576-000,2,3,0.9,0.9114646315574646,1,0.12585392594337463
detected,BraTS-GLI-00576-000,2,3,1.0,0.8216692805290222,1,0.14750197529792786
detected,BraTS-GLI-01521-000,4,3,0.0,0.9999983310699463,1,0.00019385360064916313
detected,BraTS-GLI-01521-000,4,3,0.1,0.9999946355819702,1,0.0002666708023753017
detected,BraTS-GLI-01521-000,4,3,0.2,0.9999819993972778,1,0.00037196598714217544
detected,BraTS-GLI-01521-000,4,3,0.3,0.9999401569366455,1,0.0005297300522215664
detected,BraTS-GLI-01521-000,4,3,0.4,0.9998006224632263,1,0.0007787697250023484
detected,BraTS-GLI-01521-000,4,3,0.5,0.9993360638618469,1,0.00120317202527076
detected,BraTS-GLI-01521-000,4,3,0.6,0.99779212474823,1,0.0020117578096687794
detected,BraTS-GLI-01521-000,4,3,0.7,0.9927694797515869,1,0.003815102856606245
detected,BraTS-GLI-01521-000,4,3,0.8,0.9772148728370667,1,0.008740545250475407
detected,BraTS-GLI-01521-000,4,3,0.9,0.9491791725158691,1,0.025407245382666588
detected,BraTS-GLI-01521-000,4,3,1.0,0.9255653619766235,1,0.09042192250490189
detected,BraTS-GLI-00054-000,12,3,0.0,0.9999778270721436,1,0.1802385300397873
detected,BraTS-GLI-00054-000,12,3,0.1,0.9999549388885498,1,0.17785128951072693
detected,BraTS-GLI-00054-000,12,3,0.2,0.9999080896377563,1,0.17516618967056274
detected,BraTS-GLI-00054-000,12,3,0.3,0.999812662601471,1,0.1720910221338272
detected,BraTS-GLI-00054-000,12,3,0.4,0.9996182918548584,1,0.1684827208518982
detected,BraTS-GLI-00054-000,12,3,0.5,0.9992222785949707,1,0.16411249339580536
detected,BraTS-GLI-00054-000,12,3,0.6,0.9984164237976074,1,0.15862061083316803
detected,BraTS-GLI-00054-000,12,3,0.7,0.9967779517173767,1,0.15149877965450287
detected,BraTS-GLI-00054-000,12,3,0.8,0.9934552311897278,1,0.14224186539649963
detected,BraTS-GLI-00054-000,12,3,0.9,0.9867516756057739,1,0.13097693026065826
detected,BraTS-GLI-00054-000,12,3,1.0,0.9733662009239197,1,0.11979378759860992
detected,BraTS-GLI-01134-000,3,3,0.0,0.998346209526062,1,0.008130942471325397
detected,BraTS-GLI-01134-000,3,3,0.1,0.9971717000007629,1,0.008266466669738293
detected,BraTS-GLI-01134-000,3,3,0.2,0.9951671361923218,1,0.008497657254338264
detected,BraTS-GLI-01134-000,3,3,0.3,0.9917536973953247,1,0.008871164172887802
detected,BraTS-GLI-01134-000,3,3,0.4,0.9859634041786194,1,0.009461223147809505
detected,BraTS-GLI-01134-000,3,3,0.5,0.9762046933174133,1,0.010390168987214565
detected,BraTS-GLI-01134-000,3,3,0.6,0.9599372148513794,1,0.011868014931678772
detected,BraTS-GLI-01134-000,3,3,0.7,0.9333083629608154,1,0.014273298904299736
detected,BraTS-GLI-01134-000,3,3,0.8,0.8909897804260254,1,0.018329927697777748
detected,BraTS-GLI-01134-000,3,3,0.9,0.8268014788627625,1,0.025525502860546112
detected,BraTS-GLI-01134-000,3,3,1.0,0.736015796661377,1,0.039178043603897095
detected,BraTS-GLI-00352-000,4,3,0.0,1.0,1,0.6300778388977051
detected,BraTS-GLI-00352-000,4,3,0.1,1.0,1,0.6297793388366699
detected,BraTS-GLI-00352-000,4,3,0.2,0.9999998807907104,1,0.6294134855270386
detected,BraTS-GLI-00352-000,4,3,0.3,0.9999991655349731,1,0.628948986530304
detected,BraTS-GLI-00352-000,4,3,0.4,0.9999953508377075,1,0.6283274292945862
detected,BraTS-GLI-00352-000,4,3,0.5,0.9999746084213257,1,0.627424418926239
detected,BraTS-GLI-00352-000,4,3,0.6,0.9998618364334106,1,0.6259251832962036
detected,BraTS-GLI-00352-000,4,3,0.7,0.9992484450340271,1,0.6228886246681213
detected,BraTS-GLI-00352-000,4,3,0.8,0.9959214925765991,1,0.6151279211044312
detected,BraTS-GLI-00352-000,4,3,0.9,0.978188157081604,1,0.5915651917457581
detected,BraTS-GLI-00352-000,4,3,1.0,0.8933764100074768,1,0.5228139758110046
detected,BraTS-GLI-01216-000,4,3,0.0,1.0,1,0.5290754437446594
detected,BraTS-GLI-01216-000,4,3,0.1,1.0,1,0.5284184813499451
detected,BraTS-GLI-01216-000,4,3,0.2,1.0,1,0.5276429653167725
detected,BraTS-GLI-01216-000,4,3,0.3,1.0,1,0.5267084240913391
detected,BraTS-GLI-01216-000,4,3,0.4,0.9999997615814209,1,0.5255459547042847
detected,BraTS-GLI-01216-000,4,3,0.5,0.9999974966049194,1,0.5240068435668945
detected,BraTS-GLI-01216-000,4,3,0.6,0.999980092048645,1,0.5217078924179077
detected,BraTS-GLI-01216-000,4,3,0.7,0.999850869178772,1,0.517561137676239
detected,BraTS-GLI-01216-000,4,3,0.8,0.9988861680030823,1,0.5076212882995605
detected,BraTS-GLI-01216-000,4,3,0.9,0.9940695762634277,1,0.4749300181865692
detected,BraTS-GLI-01216-000,4,3,1.0,0.9895581603050232,1,0.38705113530158997
detected,BraTS-GLI-00414-000,44,3,0.0,0.9999697208404541,1,0.04940120130777359
detected,BraTS-GLI-00414-000,44,3,0.1,0.9999284744262695,1,0.04970669001340866
detected,BraTS-GLI-00414-000,44,3,0.2,0.9998308420181274,1,0.05011243373155594
detected,BraTS-GLI-00414-000,44,3,0.3,0.9996005892753601,1,0.05066671594977379
detected,BraTS-GLI-00414-000,44,3,0.4,0.9990563988685608,1,0.05145282298326492
detected,BraTS-GLI-00414-000,44,3,0.5,0.9977729916572571,1,0.05261920392513275
detected,BraTS-GLI-00414-000,44,3,0.6,0.9947530031204224,1,0.054438505321741104
detected,BraTS-GLI-00414-000,44,3,0.7,0.9876881241798401,1,0.05742718279361725
detected,BraTS-GLI-00414-000,44,3,0.8,0.9713844656944275,1,0.06260176002979279
detected,BraTS-GLI-00414-000,44,3,0.9,0.9349136352539062,1,0.07206114381551743
detected,BraTS-GLI-00414-000,44,3,1.0,0.8587213158607483,1,0.0903705507516861
detected,BraTS-GLI-00607-001,1,3,0.0,1.0,1,8.036641520448029e-05
detected,BraTS-GLI-00607-001,1,3,0.1,1.0,1,0.0001250683853868395
detected,BraTS-GLI-00607-001,1,3,0.2,0.9999998807907104,1,0.0001961201342055574
detected,BraTS-GLI-00607-001,1,3,0.3,0.9999990463256836,1,0.0003103392955381423
detected,BraTS-GLI-00607-001,1,3,0.4,0.9999946355819702,1,0.0004972551832906902
detected,BraTS-GLI-00607-001,1,3,0.5,0.9999713897705078,1,0.0008133206283673644
detected,BraTS-GLI-00607-001,1,3,0.6,0.9998494386672974,1,0.001384373870678246
detected,BraTS-GLI-00607-001,1,3,0.7,0.9992786049842834,1,0.0025640095118433237
detected,BraTS-GLI-00607-001,1,3,0.8,0.9966844916343689,1,0.005650758743286133
detected,BraTS-GLI-00607-001,1,3,0.9,0.9856507182121277,1,0.016702968627214432
detected,BraTS-GLI-00607-001,1,3,1.0,0.9527435898780823,1,0.06855550408363342
detected,BraTS-GLI-00054-000,33,3,0.0,1.0,1,0.3823655843734741
detected,BraTS-GLI-00054-000,33,3,0.1,0.9999997615814209,1,0.37659668922424316
detected,BraTS-GLI-00054-000,33,3,0.2,0.999998927116394,1,0.3704396188259125
detected,BraTS-GLI-00054-000,33,3,0.3,0.9999948740005493,1,0.3638574779033661
detected,BraTS-GLI-00054-000,33,3,0.4,0.9999765157699585,1,0.35676509141921997
detected,BraTS-GLI-00054-000,33,3,0.5,0.9998917579650879,1,0.3489725589752197
detected,BraTS-GLI-00054-000,33,3,0.6,0.9995018243789673,1,0.34007173776626587
detected,BraTS-GLI-00054-000,33,3,0.7,0.9977103471755981,1,0.32921573519706726
detected,BraTS-GLI-00054-000,33,3,0.8,0.9895450472831726,1,0.3147675096988678
detected,BraTS-GLI-00054-000,33,3,0.9,0.9536144733428955,1,0.29415225982666016
detected,BraTS-GLI-00054-000,33,3,1.0,0.8170324563980103,1,0.2660955488681793
detected,BraTS-GLI-00111-000,17,3,0.0,1.0,1,0.4682501256465912
detected,BraTS-GLI-00111-000,17,3,0.1,1.0,1,0.4676317274570465
detected,BraTS-GLI-00111-000,17,3,0.2,0.9999998807907104,1,0.46692779660224915
detected,BraTS-GLI-00111-000,17,3,0.3,0.9999992847442627,1,0.46608689427375793
detected,BraTS-GLI-00111-000,17,3,0.4,0.9999960660934448,1,0.46500876545906067
detected,BraTS-GLI-00111-000,17,3,0.5,0.9999791383743286,1,0.4634931683540344
detected,BraTS-GLI-00111-000,17,3,0.6,0.9998908042907715,1,0.46111607551574707
detected,BraTS-GLI-00111-000,17,3,0.7,0.9994282126426697,1,0.4569009244441986
detected,BraTS-GLI-00111-000,17,3,0.8,0.997010350227356,1,0.4483763873577118
detected,BraTS-GLI-00111-000,17,3,0.9,0.9845271110534668,1,0.42904967069625854
detected,BraTS-GLI-00111-000,17,3,1.0,0.9238966107368469,1,0.38594651222229004
detected,BraTS-GLI-00111-000,23,3,0.0,0.9999998807907104,1,0.36012643575668335
detected,BraTS-GLI-00111-000,23,3,0.1,0.9999997615814209,1,0.3600187301635742
detected,BraTS-GLI-00111-000,23,3,0.2,0.9999988079071045,1,0.3598281443119049
detected,BraTS-GLI-00111-000,23,3,0.3,0.9999945163726807,1,0.35950785875320435
detected,BraTS-GLI-00111-000,23,3,0.4,0.9999761581420898,1,0.35898134112358093
detected,BraTS-GLI-00111-000,23,3,0.5,0.999895453453064,1,0.3581213057041168
detected,BraTS-GLI-00111-000,23,3,0.6,0.9995419979095459,1,0.3567073941230774
detected,BraTS-GLI-00111-000,23,3,0.7,0.9979943037033081,1,0.3543345034122467
detected,BraTS-GLI-00111-000,23,3,0.8,0.9912631511688232,1,0.35023537278175354
detected,BraTS-GLI-00111-000,23,3,0.9,0.9627845287322998,1,0.3432500958442688
detected,BraTS-GLI-00111-000,23,3,1.0,0.8660090565681458,1,0.3347703814506531
detected,BraTS-GLI-01145-000,2,3,0.0,0.9994687438011169,1,0.22523874044418335
detected,BraTS-GLI-01145-000,2,3,0.1,0.999007523059845,1,0.2235022336244583
detected,BraTS-GLI-01145-000,2,3,0.2,0.9981465339660645,1,0.22151537239551544
detected,BraTS-GLI-01145-000,2,3,0.3,0.9965409636497498,1,0.21924668550491333
detected,BraTS-GLI-01145-000,2,3,0.4,0.993553876876831,1,0.21668751537799835
detected,BraTS-GLI-01145-000,2,3,0.5,0.988018274307251,1,0.21389393508434296
detected,BraTS-GLI-01145-000,2,3,0.6,0.9778348803520203,1,0.21108293533325195
detected,BraTS-GLI-01145-000,2,3,0.7,0.9593524932861328,1,0.20885606110095978
detected,BraTS-GLI-01145-000,2,3,0.8,0.9266154766082764,1,0.20878662168979645
detected,BraTS-GLI-01145-000,2,3,0.9,0.8710559010505676,1,0.21543695032596588
detected,BraTS-GLI-01145-000,2,3,1.0,0.7832706570625305,1,0.24628576636314392
detected,BraTS-GLI-00469-001,2,3,0.0,1.0,1,0.006568818353116512
detected,BraTS-GLI-00469-001,2,3,0.1,1.0,1,0.006872278638184071
detected,BraTS-GLI-00469-001,2,3,0.2,1.0,1,0.007268690504133701
detected,BraTS-GLI-00469-001,2,3,0.3,1.0,1,0.007797388359904289
detected,BraTS-GLI-00469-001,2,3,0.4,1.0,1,0.008517589420080185
detected,BraTS-GLI-00469-001,2,3,0.5,1.0,1,0.009524497203528881
detected,BraTS-GLI-00469-001,2,3,0.6,0.9999992847442627,1,0.010992061346769333
detected,BraTS-GLI-00469-001,2,3,0.7,0.9999912977218628,1,0.013326865620911121
detected,BraTS-GLI-00469-001,2,3,0.8,0.9998998641967773,1,0.01795055903494358
detected,BraTS-GLI-00469-001,2,3,0.9,0.9988538026809692,1,0.032462507486343384
detected,BraTS-GLI-00469-001,2,3,1.0,0.9882068037986755,1,0.10480405390262604
detected,BraTS-GLI-01497-000,3,3,0.0,0.9999985694885254,1,0.008272221311926842
detected,BraTS-GLI-01497-000,3,3,0.1,0.9999954700469971,1,0.008414201438426971
detected,BraTS-GLI-01497-000,3,3,0.2,0.9999854564666748,1,0.008601846173405647
detected,BraTS-GLI-01497-000,3,3,0.3,0.9999537467956543,1,0.008857759647071362
detected,BraTS-GLI-01497-000,3,3,0.4,0.9998527765274048,1,0.009221090003848076
detected,BraTS-GLI-01497-000,3,3,0.5,0.9995317459106445,1,0.009764007292687893
detected,BraTS-GLI-01497-000,3,3,0.6,0.9985114932060242,1,0.01062759943306446
detected,BraTS-GLI-01497-000,3,3,0.7,0.9952784776687622,1,0.012102263979613781
detected,BraTS-GLI-01497-000,3,3,0.8,0.9851279854774475,1,0.014811443164944649
detected,BraTS-GLI-01497-000,3,3,0.9,0.9541605114936829,1,0.02013503573834896
detected,BraTS-GLI-01497-000,3,3,1.0,0.867390513420105,1,0.031169608235359192
detected,BraTS-GLI-01056-000,9,3,0.0,1.0,1,0.0923694372177124
detected,BraTS-GLI-01056-000,9,3,0.1,1.0,1,0.09120456874370575
detected,BraTS-GLI-01056-000,9,3,0.2,1.0,1,0.08983393758535385
detected,BraTS-GLI-01056-000,9,3,0.3,1.0,1,0.08821640908718109
detected,BraTS-GLI-01056-000,9,3,0.4,0.9999996423721313,1,0.08631187677383423
detected,BraTS-GLI-01056-000,9,3,0.5,0.9999969005584717,1,0.08408866822719574
detected,BraTS-GLI-01056-000,9,3,0.6,0.9999740123748779,1,0.0815342590212822
detected,BraTS-GLI-01056-000,9,3,0.7,0.9997850060462952,1,0.07867556065320969
detected,BraTS-GLI-01056-000,9,3,0.8,0.9982205033302307,1,0.07565229386091232
detected,BraTS-GLI-01056-000,9,3,0.9,0.9854394197463989,1,0.07304469496011734
detected,BraTS-GLI-01056-000,9,3,1.0,0.9228638410568237,1,0.07306762039661407
detected,BraTS-GLI-01241-000,19,3,0.0,0.9999741315841675,1,0.04595590755343437
detected,BraTS-GLI-01241-000,19,3,0.1,0.9999364614486694,1,0.04472408443689346
detected,BraTS-GLI-01241-000,19,3,0.2,0.9998432397842407,1,0.04341122880578041
detected,BraTS-GLI-01241-000,19,3,0.3,0.9996140599250793,1,0.042031239718198776
detected,BraTS-GLI-01241-000,19,3,0.4,0.9990494847297668,1,0.040611423552036285
detected,BraTS-GLI-01241-000,19,3,0.5,0.9976612329483032,1,0.03919728100299835
detected,BraTS-GLI-01241-000,19,3,0.6,0.9942628741264343,1,0.03785938769578934
detected,BraTS-GLI-01241-000,19,3,0.7,0.9870681762695312,1,0.03671352192759514
detected,BraTS-GLI-01241-000,19,3,0.8,0.9711132049560547,1,0.03599518910050392
detected,BraTS-GLI-01241-000,19,3,0.9,0.9367349147796631,1,0.03632833808660507
detected,BraTS-GLI-01241-000,19,3,1.0,0.8670441508293152,1,0.03963674604892731
detected,BraTS-GLI-01521-000,8,3,0.0,0.9999936819076538,1,0.08262785524129868
detected,BraTS-GLI-01521-000,8,3,0.1,0.9999821186065674,1,0.08321792632341385
detected,BraTS-GLI-01521-000,8,3,0.2,0.9999490976333618,1,0.0840090811252594
detected,BraTS-GLI-01521-000,8,3,0.3,0.9998550415039062,1,0.08508607745170593
detected,BraTS-GLI-01521-000,8,3,0.4,0.9995871186256409,1,0.08659248054027557
detected,BraTS-GLI-01521-000,8,3,0.5,0.998824417591095,1,0.08879837393760681
detected,BraTS-GLI-01521-000,8,3,0.6,0.9968162178993225,1,0.09226906299591064
detected,BraTS-GLI-01521-000,8,3,0.7,0.9915487170219421,1,0.09830868244171143
detected,BraTS-GLI-01521-000,8,3,0.8,0.9777604937553406,1,0.11024785786867142
detected,BraTS-GLI-01521-000,8,3,0.9,0.9427754878997803,1,0.1379184126853943
detected,BraTS-GLI-01521-000,8,3,1.0,0.883841335773468,1,0.21557466685771942
detected,BraTS-GLI-00370-000,3,3,0.0,0.9999996423721313,1,0.05464918538928032
detected,BraTS-GLI-00370-000,3,3,0.1,0.9999986886978149,1,0.05459849536418915
detected,BraTS-GLI-00370-000,3,3,0.2,0.9999957084655762,1,0.05455724895000458
detected,BraTS-GLI-00370-000,3,3,0.3,0.9999862909317017,1,0.05453386530280113
detected,BraTS-GLI-00370-000,3,3,0.4,0.9999560117721558,1,0.054545219987630844
detected,BraTS-GLI-00370-000,3,3,0.5,0.9998587369918823,1,0.05462578311562538
detected,BraTS-GLI-00370-000,3,3,0.6,0.9995465874671936,1,0.05484896898269653
detected,BraTS-GLI-00370-000,3,3,0.7,0.9985461235046387,1,0.05537979304790497
detected,BraTS-GLI-00370-000,3,3,0.8,0.9953480362892151,1,0.05661216750741005
detected,BraTS-GLI-00370-000,3,3,0.9,0.9852193593978882,1,0.059545744210481644
detected,BraTS-GLI-00370-000,3,3,1.0,0.9540560245513916,1,0.06685122847557068
detected,BraTS-GLI-00400-000,4,3,0.0,0.9999356269836426,1,0.01630294695496559
detected,BraTS-GLI-00400-000,4,3,0.1,0.9998766183853149,1,0.017733195796608925
detected,BraTS-GLI-00400-000,4,3,0.2,0.9997634291648865,1,0.019407624378800392
detected,BraTS-GLI-00400-000,4,3,0.3,0.999546468257904,1,0.021398507058620453
detected,BraTS-GLI-00400-000,4,3,0.4,0.9991306662559509,1,0.023822883144021034
detected,BraTS-GLI-00400-000,4,3,0.5,0.9983344674110413,1,0.026871537789702415
detected,BraTS-GLI-00400-000,4,3,0.6,0.9968113303184509,1,0.030851172283291817
detected,BraTS-GLI-00400-000,4,3,0.7,0.9939036965370178,1,0.03624773398041725
detected,BraTS-GLI-00400-000,4,3,0.8,0.9883756637573242,1,0.04386061802506447
detected,BraTS-GLI-00400-000,4,3,0.9,0.9779461622238159,1,0.05523699149489403
detected,BraTS-GLI-00400-000,4,3,1.0,0.9636116027832031,1,0.07418499141931534
detected,BraTS-GLI-00485-001,2,3,0.0,1.0,1,0.0031298582907766104
detected,BraTS-GLI-00485-001,2,3,0.1,1.0,1,0.0032705969642847776
detected,BraTS-GLI-00485-001,2,3,0.2,1.0,1,0.0034702455159276724
detected,BraTS-GLI-00485-001,2,3,0.3,1.0,1,0.0037627937272191048
detected,BraTS-GLI-00485-001,2,3,0.4,0.9999998807907104,1,0.004209795501083136
detected,BraTS-GLI-00485-001,2,3,0.5,0.9999992847442627,1,0.004931758623570204
detected,BraTS-GLI-00485-001,2,3,0.6,0.9999926090240479,1,0.006195733789354563
detected,BraTS-GLI-00485-001,2,3,0.7,0.9999262094497681,1,0.008720120415091515
detected,BraTS-GLI-00485-001,2,3,0.8,0.9992634654045105,1,0.014975795522332191
detected,BraTS-GLI-00485-001,2,3,0.9,0.9926922917366028,1,0.03541354462504387
detected,BraTS-GLI-00485-001,2,3,1.0,0.9560526609420776,1,0.11553124338388443
detected,BraTS-GLI-01056-000,6,3,0.0,0.9999983310699463,1,0.1674896627664566
detected,BraTS-GLI-01056-000,6,3,0.1,0.9999947547912598,1,0.16660161316394806
detected,BraTS-GLI-01056-000,6,3,0.2,0.9999837875366211,1,0.16568239033222198
detected,BraTS-GLI-01056-000,6,3,0.3,0.9999494552612305,1,0.16474370658397675
detected,BraTS-GLI-01056-000,6,3,0.4,0.9998420476913452,1,0.1638060212135315
detected,BraTS-GLI-01056-000,6,3,0.5,0.9995071887969971,1,0.16290871798992157
detected,BraTS-GLI-01056-000,6,3,0.6,0.9984630346298218,1,0.16214261949062347
detected,BraTS-GLI-01056-000,6,3,0.7,0.9952168464660645,1,0.16176007688045502
detected,BraTS-GLI-01056-000,6,3,0.8,0.9852159023284912,1,0.1625625342130661
detected,BraTS-GLI-01056-000,6,3,0.9,0.95855313539505,1,0.16736632585525513
detected,BraTS-GLI-01056-000,6,3,1.0,0.9277088642120361,1,0.1869794726371765
detected,BraTS-GLI-01202-000,18,3,0.0,0.9999959468841553,1,0.023121746256947517
detected,BraTS-GLI-01202-000,18,3,0.1,0.9999879598617554,1,0.022713087499141693
detected,BraTS-GLI-01202-000,18,3,0.2,0.999963641166687,1,0.02230285108089447
detected,BraTS-GLI-01202-000,18,3,0.3,0.9998905658721924,1,0.02189667522907257
detected,BraTS-GLI-01202-000,18,3,0.4,0.9996708631515503,1,0.02150258794426918
detected,BraTS-GLI-01202-000,18,3,0.5,0.9990103244781494,1,0.021132342517375946
detected,BraTS-GLI-01202-000,18,3,0.6,0.9970281720161438,1,0.020804505795240402
detected,BraTS-GLI-01202-000,18,3,0.7,0.9911106824874878,1,0.020551934838294983
detected,BraTS-GLI-01202-000,18,3,0.8,0.9737212061882019,1,0.020441792905330658
detected,BraTS-GLI-01202-000,18,3,0.9,0.9255215525627136,1,0.0206332765519619
detected,BraTS-GLI-01202-000,18,3,1.0,0.8266333341598511,1,0.02155439928174019
detected,BraTS-GLI-01394-000,1,3,0.0,1.0,1,0.05906091630458832
detected,BraTS-GLI-01394-000,1,3,0.1,1.0,1,0.05991515889763832
detected,BraTS-GLI-01394-000,1,3,0.2,1.0,1,0.06089846417307854
detected,BraTS-GLI-01394-000,1,3,0.3,1.0,1,0.06206949055194855
detected,BraTS-GLI-01394-000,1,3,0.4,1.0,1,0.06354720145463943
detected,BraTS-GLI-01394-000,1,3,0.5,0.9999998807907104,1,0.06556503474712372
detected,BraTS-GLI-01394-000,1,3,0.6,0.9999988079071045,1,0.06855502724647522
detected,BraTS-GLI-01394-000,1,3,0.7,0.999990701675415,1,0.07328331470489502
detected,BraTS-GLI-01394-000,1,3,0.8,0.9999277591705322,1,0.0814613550901413
detected,BraTS-GLI-01394-000,1,3,0.9,0.9994416832923889,1,0.09993351995944977
detected,BraTS-GLI-01394-000,1,3,1.0,0.9961712956428528,1,0.16848380863666534
detected,BraTS-GLI-01497-000,2,3,0.0,1.0,1,0.1064889058470726
detected,BraTS-GLI-01497-000,2,3,0.1,1.0,1,0.1064862534403801
detected,BraTS-GLI-01497-000,2,3,0.2,1.0,1,0.10649006813764572
detected,BraTS-GLI-01497-000,2,3,0.3,1.0,1,0.10649824142456055
detected,BraTS-GLI-01497-000,2,3,0.4,0.9999997615814209,1,0.1065010353922844
detected,BraTS-GLI-01497-000,2,3,0.5,0.9999977350234985,1,0.10646732896566391
detected,BraTS-GLI-01497-000,2,3,0.6,0.9999794960021973,1,0.10630973428487778
detected,BraTS-GLI-01497-000,2,3,0.7,0.9998125433921814,1,0.10581453889608383
detected,BraTS-GLI-01497-000,2,3,0.8,0.9982932209968567,1,0.10466177016496658
detected,BraTS-GLI-01497-000,2,3,0.9,0.9915862083435059,1,0.1040620505809784
detected,BraTS-GLI-01497-000,2,3,1.0,0.9638338088989258,1,0.12069300562143326
detected,BraTS-GLI-00111-000,38,3,0.0,1.0,1,0.2723376154899597
detected,BraTS-GLI-00111-000,38,3,0.1,0.9999998807907104,1,0.27097055315971375
detected,BraTS-GLI-00111-000,38,3,0.2,0.9999996423721313,1,0.2693483829498291
detected,BraTS-GLI-00111-000,38,3,0.3,0.9999983310699463,1,0.2673521339893341
detected,BraTS-GLI-00111-000,38,3,0.4,0.9999912977218628,1,0.26478201150894165
detected,BraTS-GLI-00111-000,38,3,0.5,0.9999542236328125,1,0.26130110025405884
detected,BraTS-GLI-00111-000,38,3,0.6,0.9997608065605164,1,0.2563456594944
detected,BraTS-GLI-00111-000,38,3,0.7,0.9988425374031067,1,0.24899713695049286
detected,BraTS-GLI-00111-000,38,3,0.8,0.9944477081298828,1,0.23784981667995453
detected,BraTS-GLI-00111-000,38,3,0.9,0.9738047122955322,1,0.2211439460515976
detected,BraTS-GLI-00111-000,38,3,1.0,0.8852664828300476,1,0.19820046424865723
detected,BraTS-GLI-00111-000,52,3,0.0,0.9999998807907104,1,0.23036567866802216
detected,BraTS-GLI-00111-000,52,3,0.1,0.9999997615814209,1,0.22907808423042297
detected,BraTS-GLI-00111-000,52,3,0.2,0.9999986886978149,1,0.22748178243637085
detected,BraTS-GLI-00111-000,52,3,0.3,0.999994158744812,1,0.22550971806049347
detected,BraTS-GLI-00111-000,52,3,0.4,0.9999732971191406,1,0.22308208048343658
detected,BraTS-GLI-00111-000,52,3,0.5,0.9998784065246582,1,0.22010798752307892
detected,BraTS-GLI-00111-000,52,3,0.6,0.9994457364082336,1,0.21649949252605438
detected,BraTS-GLI-00111-000,52,3,0.7,0.9974773526191711,1,0.21222949028015137
detected,BraTS-GLI-00111-000,52,3,0.8,0.990344226360321,1,0.20758111774921417
detected,BraTS-GLI-00111-000,52,3,0.9,0.9666129946708679,1,0.20423321425914764
detected,BraTS-GLI-00111-000,52,3,1.0,0.8909776210784912,1,0.2093186229467392
detected,BraTS-GLI-00443-000,2,3,0.0,0.9999994039535522,1,0.08863354474306107
detected,BraTS-GLI-00443-000,2,3,0.1,0.9999977350234985,1,0.08956185728311539
detected,BraTS-GLI-00443-000,2,3,0.2,0.9999924898147583,1,0.09068045765161514
detected,BraTS-GLI-00443-000,2,3,0.3,0.9999747276306152,1,0.09205630421638489
detected,BraTS-GLI-00443-000,2,3,0.4,0.9999147653579712,1,0.0938066765666008
detected,BraTS-GLI-00443-000,2,3,0.5,0.9997121691703796,1,0.09615825861692429
detected,BraTS-GLI-00443-000,2,3,0.6,0.9990283250808716,1,0.09959708899259567
detected,BraTS-GLI-00443-000,2,3,0.7,0.996724545955658,1,0.10529746115207672
detected,BraTS-GLI-00443-000,2,3,0.8,0.9890193343162537,1,0.11650402098894119
detected,BraTS-GLI-00443-000,2,3,0.9,0.9651302099227905,1,0.14333400130271912
detected,BraTS-GLI-00443-000,2,3,1.0,0.9000201225280762,1,0.2181832641363144
detected,BraTS-GLI-01145-000,4,3,0.0,0.9999998807907104,1,0.46035611629486084
detected,BraTS-GLI-01145-000,4,3,0.1,0.9999995231628418,1,0.45915356278419495
detected,BraTS-GLI-01145-000,4,3,0.2,0.9999982118606567,1,0.4577890634536743
detected,BraTS-GLI-01145-000,4,3,0.3,0.9999924898147583,1,0.45617255568504333
detected,BraTS-GLI-01145-000,4,3,0.4,0.9999688863754272,1,0.4541286826133728
detected,BraTS-GLI-01145-000,4,3,0.5,0.9998716115951538,1,0.4513111710548401
detected,BraTS-GLI-01145-000,4,3,0.6,0.9994694590568542,1,0.4470195472240448
detected,BraTS-GLI-01145-000,4,3,0.7,0.9978113770484924,1,0.4398041367530823
detected,BraTS-GLI-01145-000,4,3,0.8,0.9910171031951904,1,0.42665696144104004
detected,BraTS-GLI-01145-000,4,3,0.9,0.9638952612876892,1,0.4018268287181854
detected,BraTS-GLI-01145-000,4,3,1.0,0.8659600019454956,1,0.35789942741394043
detected,BraTS-GLI-01056-000,20,3,0.0,0.9999938011169434,1,0.019151845946907997
detected,BraTS-GLI-01056-000,20,3,0.1,0.9999818801879883,1,0.01913898065686226
detected,BraTS-GLI-01056-000,20,3,0.2,0.9999468326568604,1,0.019172346219420433
detected,BraTS-GLI-01056-000,20,3,0.3,0.9998444318771362,1,0.019281134009361267
detected,BraTS-GLI-01056-000,20,3,0.4,0.9995449185371399,1,0.019514184445142746
detected,BraTS-GLI-01056-000,20,3,0.5,0.9986690282821655,1,0.019956454634666443
detected,BraTS-GLI-01056-000,20,3,0.6,0.9961134195327759,1,0.02076319046318531
detected,BraTS-GLI-01056-000,20,3,0.7,0.9887064695358276,1,0.022235577926039696
detected,BraTS-GLI-01056-000,20,3,0.8,0.972372829914093,1,0.02500016987323761
detected,BraTS-GLI-01056-000,20,3,0.9,0.9496117234230042,1,0.030462920665740967
detected,BraTS-GLI-01056-000,20,3,1.0,0.9098371863365173,1,0.042018525302410126
detected,BraTS-GLI-01216-000,30,3,0.0,1.0,1,0.9555655121803284
detected,BraTS-GLI-01216-000,30,3,0.1,1.0,1,0.9542819261550903
detected,BraTS-GLI-01216-000,30,3,0.2,1.0,1,0.9525812268257141
detected,BraTS-GLI-01216-000,30,3,0.3,1.0,1,0.9502735137939453
detected,BraTS-GLI-01216-000,30,3,0.4,1.0,1,0.9470333456993103
detected,BraTS-GLI-01216-000,30,3,0.5,0.9999992847442627,1,0.9422332048416138
detected,BraTS-GLI-01216-000,30,3,0.6,0.999990701675415,1,0.9344596862792969
detected,BraTS-GLI-01216-000,30,3,0.7,0.9998817443847656,1,0.9199475049972534
detected,BraTS-GLI-01216-000,30,3,0.8,0.9984966516494751,1,0.8870867490768433
detected,BraTS-GLI-01216-000,30,3,0.9,0.9811902046203613,1,0.7983934283256531
detected,BraTS-GLI-01216-000,30,3,1.0,0.8040742874145508,1,0.5714592337608337
detected,BraTS-GLI-01056-000,40,3,0.0,0.9867449402809143,1,0.0008781664073467255
detected,BraTS-GLI-01056-000,40,3,0.1,0.9833995699882507,1,0.0011815542820841074
detected,BraTS-GLI-01056-000,40,3,0.2,0.9792277216911316,1,0.0016071496065706015
detected,BraTS-GLI-01056-000,40,3,0.3,0.9740350246429443,1,0.0022151973098516464
detected,BraTS-GLI-01056-000,40,3,0.4,0.9675872325897217,1,0.0031030818354338408
detected,BraTS-GLI-01056-000,40,3,0.5,0.959604799747467,1,0.004433585796505213
detected,BraTS-GLI-01056-000,40,3,0.6,0.9497584700584412,1,0.006489035673439503
detected,BraTS-GLI-01056-000,40,3,0.7,0.9376679062843323,1,0.009779472835361958
detected,BraTS-GLI-01056-000,40,3,0.8,0.9229041337966919,1,0.015270024538040161
detected,BraTS-GLI-01056-000,40,3,0.9,0.9049976468086243,1,0.024891206994652748
detected,BraTS-GLI-01056-000,40,3,1.0,0.883457362651825,1,0.04275988042354584
detected,BraTS-GLI-01522-000,1,3,0.0,1.0,1,0.03359478712081909
detected,BraTS-GLI-01522-000,1,3,0.1,1.0,1,0.033432282507419586
detected,BraTS-GLI-01522-000,1,3,0.2,1.0,1,0.03325295448303223
detected,BraTS-GLI-01522-000,1,3,0.3,1.0,1,0.03305916488170624
detected,BraTS-GLI-01522-000,1,3,0.4,1.0,1,0.032861609011888504
detected,BraTS-GLI-01522-000,1,3,0.5,1.0,1,0.03269503638148308
detected,BraTS-GLI-01522-000,1,3,0.6,0.9999990463256836,1,0.03267150744795799
detected,BraTS-GLI-01522-000,1,3,0.7,0.9999810457229614,1,0.033199552446603775
detected,BraTS-GLI-01522-000,1,3,0.8,0.999646782875061,1,0.03606937453150749
detected,BraTS-GLI-01522-000,1,3,0.9,0.9934508800506592,1,0.0505191795527935
detected,BraTS-GLI-01522-000,1,3,1.0,0.920466423034668,1,0.12512166798114777
detected,BraTS-GLI-01027-000,3,3,0.0,1.0,1,0.015564658679068089
detected,BraTS-GLI-01027-000,3,3,0.1,1.0,1,0.015642650425434113
detected,BraTS-GLI-01027-000,3,3,0.2,1.0,1,0.01574348658323288
detected,BraTS-GLI-01027-000,3,3,0.3,1.0,1,0.01587679423391819
detected,BraTS-GLI-01027-000,3,3,0.4,1.0,1,0.016058551147580147
detected,BraTS-GLI-01027-000,3,3,0.5,0.9999994039535522,1,0.01631973497569561
detected,BraTS-GLI-01027-000,3,3,0.6,0.9999933242797852,1,0.016737356781959534
detected,BraTS-GLI-01027-000,3,3,0.7,0.9999233484268188,1,0.017571963369846344
detected,BraTS-GLI-01027-000,3,3,0.8,0.9991219639778137,1,0.019981635734438896
detected,BraTS-GLI-01027-000,3,3,0.9,0.9926438927650452,1,0.030188417062163353
detected,BraTS-GLI-01027-000,3,3,1.0,0.9482728838920593,1,0.08386902511119843
detected,BraTS-GLI-00675-000,1,3,0.0,1.0,1,0.004808741621673107
detected,BraTS-GLI-00675-000,1,3,0.1,1.0,1,0.004730843473225832
detected,BraTS-GLI-00675-000,1,3,0.2,1.0,1,0.004661899525672197
detected,BraTS-GLI-00675-000,1,3,0.3,1.0,1,0.004613685887306929
detected,BraTS-GLI-00675-000,1,3,0.4,1.0,1,0.004607411567121744
detected,BraTS-GLI-00675-000,1,3,0.5,0.9999996423721313,1,0.004683499224483967
detected,BraTS-GLI-00675-000,1,3,0.6,0.9999949932098389,1,0.0049293688498437405
detected,BraTS-GLI-00675-000,1,3,0.7,0.9999345541000366,1,0.005582732614129782
detected,BraTS-GLI-00675-000,1,3,0.8,0.9992138147354126,1,0.007532073650509119
detected,BraTS-GLI-00675-000,1,3,0.9,0.9925121068954468,1,0.015336739830672741
detected,BraTS-GLI-00675-000,1,3,1.0,0.9469610452651978,1,0.058127280324697495
detected,BraTS-GLI-01034-000,1,3,0.0,1.0,1,0.03548312187194824
detected,BraTS-GLI-01034-000,1,3,0.1,1.0,1,0.03565865010023117
detected,BraTS-GLI-01034-000,1,3,0.2,1.0,1,0.03586847707629204
detected,BraTS-GLI-01034-000,1,3,0.3,1.0,1,0.03612392395734787
detected,BraTS-GLI-01034-000,1,3,0.4,1.0,1,0.036442581564188004
detected,BraTS-GLI-01034-000,1,3,0.5,1.0,1,0.03685740754008293
detected,BraTS-GLI-01034-000,1,3,0.6,0.9999992847442627,1,0.037451934069395065
detected,BraTS-GLI-01034-000,1,3,0.7,0.9999886751174927,1,0.03852298855781555
detected,BraTS-GLI-01034-000,1,3,0.8,0.999832034111023,1,0.04145270586013794
detected,BraTS-GLI-01034-000,1,3,0.9,0.9980145692825317,1,0.053870342671871185
detected,BraTS-GLI-01034-000,1,3,1.0,0.9809860587120056,1,0.11889707297086716
detected,BraTS-GLI-00054-000,23,3,0.0,1.0,1,0.2562843859195709
detected,BraTS-GLI-00054-000,23,3,0.1,1.0,1,0.2549115717411041
detected,BraTS-GLI-00054-000,23,3,0.2,1.0,1,0.2532975673675537
detected,BraTS-GLI-00054-000,23,3,0.3,0.9999997615814209,1,0.25137192010879517
detected,BraTS-GLI-00054-000,23,3,0.4,0.9999983310699463,1,0.24903236329555511
detected,BraTS-GLI-00054-000,23,3,0.5,0.9999896287918091,1,0.24612270295619965
detected,BraTS-GLI-00054-000,23,3,0.6,0.9999343156814575,1,0.2423967570066452
detected,BraTS-GLI-00054-000,23,3,0.7,0.9995823502540588,1,0.23746921122074127
detected,BraTS-GLI-00054-000,23,3,0.8,0.9973492622375488,1,0.23079907894134521
detected,BraTS-GLI-00054-000,23,3,0.9,0.9833744764328003,1,0.2219420224428177
detected,BraTS-GLI-00054-000,23,3,1.0,0.9330652356147766,1,0.2120569497346878
detected,BraTS-GLI-01216-000,28,3,0.0,1.0,1,0.9967669248580933
detected,BraTS-GLI-01216-000,28,3,0.1,1.0,1,0.9956939816474915
detected,BraTS-GLI-01216-000,28,3,0.2,1.0,1,0.9942453503608704
detected,BraTS-GLI-01216-000,28,3,0.3,1.0,1,0.992260754108429
detected,BraTS-GLI-01216-000,28,3,0.4,0.9999997615814209,1,0.9894611239433289
detected,BraTS-GLI-01216-000,28,3,0.5,0.9999973773956299,1,0.985274076461792
detected,BraTS-GLI-01216-000,28,3,0.6,0.9999735355377197,1,0.9782903790473938
detected,BraTS-GLI-01216-000,28,3,0.7,0.9997300505638123,1,0.9643789529800415
detected,BraTS-GLI-01216-000,28,3,0.8,0.9972562193870544,1,0.9296660423278809
detected,BraTS-GLI-01216-000,28,3,0.9,0.9727339744567871,1,0.8265232443809509
detected,BraTS-GLI-01216-000,28,3,1.0,0.7817180156707764,1,0.5562040209770203
G2A,BraTS-GLI-01493-000,2,3,0.0,0.0008557570981793106,0,0.016145482659339905
G2A,BraTS-GLI-01493-000,2,3,0.1,0.0014087021118029952,0,0.016304899007081985
G2A,BraTS-GLI-01493-000,2,3,0.2,0.0023181007709354162,0,0.01653071492910385
G2A,BraTS-GLI-01493-000,2,3,0.3,0.004068871960043907,0,0.016868455335497856
G2A,BraTS-GLI-01493-000,2,3,0.4,0.007438413333147764,0,0.01740596815943718
G2A,BraTS-GLI-01493-000,2,3,0.5,0.013560369610786438,0,0.01833096146583557
G2A,BraTS-GLI-01493-000,2,3,0.6,0.024595951661467552,0,0.020088274031877518
G2A,BraTS-GLI-01493-000,2,3,0.7,0.044209882616996765,0,0.023828988894820213
G2A,BraTS-GLI-01493-000,2,3,0.8,0.07821077108383179,0,0.032705411314964294
G2A,BraTS-GLI-01493-000,2,3,0.9,0.13467639684677124,0,0.055265046656131744
G2A,BraTS-GLI-01493-000,2,3,1.0,0.22208653390407562,0,0.11055690050125122
G2A,BraTS-GLI-01521-000,2,3,0.0,7.205486207695344e-10,0,6.283735309864369e-09
G2A,BraTS-GLI-01521-000,2,3,0.1,4.745309922782326e-09,0,2.6850642598219565e-08
G2A,BraTS-GLI-01521-000,2,3,0.2,3.125096270650829e-08,0,1.1630878304913495e-07
G2A,BraTS-GLI-01521-000,2,3,0.3,2.0580891657573375e-07,0,5.133371701049327e-07
G2A,BraTS-GLI-01521-000,2,3,0.4,1.3553883491113083e-06,0,2.326508820260642e-06
G2A,BraTS-GLI-01521-000,2,3,0.5,8.926082955440506e-06,0,1.0952663615171332e-05
G2A,BraTS-GLI-01521-000,2,3,0.6,5.878131923964247e-05,0,5.440867244033143e-05
G2A,BraTS-GLI-01521-000,2,3,0.7,0.0003869874053634703,0,0.00029045226983726025
G2A,BraTS-GLI-01521-000,2,3,0.8,0.002658810233697295,0,0.0016917319735512137
G2A,BraTS-GLI-01521-000,2,3,0.9,0.019515259191393852,0,0.010756924748420715
G2A,BraTS-GLI-01521-000,2,3,1.0,0.12937606871128082,0,0.07091074436903
G2A,BraTS-GLI-01521-000,3,3,0.0,1.8967613257814264e-08,0,7.104734023322123e-10
G2A,BraTS-GLI-01521-000,3,3,0.1,9.491986219245518e-08,0,3.6963168081882714e-09
G2A,BraTS-GLI-01521-000,3,3,0.2,4.750080506710219e-07,0,1.964517437613722e-08
G2A,BraTS-GLI-01521-000,3,3,0.3,2.3770817279000767e-06,0,1.071726032364495e-07
G2A,BraTS-GLI-01521-000,3,3,0.4,1.1895535863004625e-05,0,6.036766535544302e-07
G2A,BraTS-GLI-01521-000,3,3,0.5,5.9526086261030287e-05,0,3.5352616123418557e-06
G2A,BraTS-GLI-01521-000,3,3,0.6,0.0002978161792270839,0,2.1688110791728832e-05
G2A,BraTS-GLI-01521-000,3,3,0.7,0.0014885879354551435,0,0.00014040697715245187
G2A,BraTS-GLI-01521-000,3,3,0.8,0.007405214477330446,0,0.0009643585071898997
G2A,BraTS-GLI-01521-000,3,3,0.9,0.03599076718091965,0,0.007015181239694357
G2A,BraTS-GLI-01521-000,3,3,1.0,0.1576826572418213,0,0.05210500583052635
G2A,BraTS-GLI-01521-000,9,3,0.0,1.2254773764652782e-06,0,2.4483258087570903e-08
G2A,BraTS-GLI-01521-000,9,3,0.1,4.301122316974215e-06,0,1.0705115016662603e-07
G2A,BraTS-GLI-01521-000,9,3,0.2,1.5095754861249588e-05,0,4.7391247903760814e-07
G2A,BraTS-GLI-01521-000,9,3,0.3,5.2980412874603644e-05,0,2.1266978365019895e-06
G2A,BraTS-GLI-01521-000,9,3,0.4,0.00018592362175695598,0,9.686058547231369e-06
G2A,BraTS-GLI-01521-000,9,3,0.5,0.0006522430921904743,0,4.4827513193013147e-05
G2A,BraTS-GLI-01521-000,9,3,0.6,0.0023586584720760584,0,0.00021102611208334565
G2A,BraTS-GLI-01521-000,9,3,0.7,0.008844248950481415,0,0.0010107257403433323
G2A,BraTS-GLI-01521-000,9,3,0.8,0.03258085250854492,0,0.004911924712359905
G2A,BraTS-GLI-01521-000,9,3,0.9,0.11277438700199127,0,0.023860784247517586
G2A,BraTS-GLI-01521-000,9,3,1.0,0.3242051303386688,0,0.10890080779790878
G2A,BraTS-GLI-01387-000,9,3,0.0,3.944228126329108e-07,0,1.9652921068313844e-08
G2A,BraTS-GLI-01387-000,9,3,0.1,1.5501058214795194e-06,0,8.84674591361545e-08
G2A,BraTS-GLI-01387-000,9,3,0.2,6.091990144341253e-06,0,4.0406339962828497e-07
G2A,BraTS-GLI-01387-000,9,3,0.3,2.394144939898979e-05,0,1.8732722537606605e-06
G2A,BraTS-GLI-01387-000,9,3,0.4,9.408486221218482e-05,0,8.818390597298276e-06
G2A,BraTS-GLI-01387-000,9,3,0.5,0.00036965764593333006,0,4.216313027427532e-05
G2A,BraTS-GLI-01387-000,9,3,0.6,0.0014512069756165147,0,0.00020477324142120779
G2A,BraTS-GLI-01387-000,9,3,0.7,0.005679185036569834,0,0.0010097442427650094
G2A,BraTS-GLI-01387-000,9,3,0.8,0.02195424772799015,0,0.005041223019361496
G2A,BraTS-GLI-01387-000,9,3,0.9,0.08106682449579239,0,0.025136828422546387
G2A,BraTS-GLI-01387-000,9,3,1.0,0.2574462890625,0,0.11747044324874878
G2A,BraTS-GLI-01035-000,1,3,0.0,2.0350198326468671e-07,0,4.9416950531622206e-09
G2A,BraTS-GLI-01035-000,1,3,0.1,8.125190333885257e-07,0,2.5528223090987012e-08
G2A,BraTS-GLI-01035-000,1,3,0.2,3.2441164421470603e-06,0,1.3319083791429875e-07
G2A,BraTS-GLI-01035-000,1,3,0.3,1.2952564247825649e-05,0,7.022386512289813e-07
G2A,BraTS-GLI-01035-000,1,3,0.4,5.1713424909394234e-05,0,3.744447894860059e-06
G2A,BraTS-GLI-01035-000,1,3,0.5,0.00020644314645323902,0,2.0216326447553e-05
G2A,BraTS-GLI-01035-000,1,3,0.6,0.0008237509755417705,0,0.00011074984649894759
G2A,BraTS-GLI-01035-000,1,3,0.7,0.0032808817923069,0,0.0006182448123581707
G2A,BraTS-GLI-01035-000,1,3,0.8,0.01297213789075613,0,0.0035500533413141966
G2A,BraTS-GLI-01035-000,1,3,0.9,0.049858029931783676,0,0.021358756348490715
G2A,BraTS-GLI-01035-000,1,3,1.0,0.3035668730735779,0,0.1278885304927826
G2A,BraTS-GLI-01034-000,2,3,0.0,4.8207637881603205e-09,0,6.332728844427038e-06
G2A,BraTS-GLI-01034-000,2,3,0.1,2.7750100883849882e-08,0,1.2692343261733185e-05
G2A,BraTS-GLI-01034-000,2,3,0.2,1.5973891720477695e-07,0,2.5454915885347873e-05
G2A,BraTS-GLI-01034-000,2,3,0.3,9.195139227813343e-07,0,5.1128339691786095e-05
G2A,BraTS-GLI-01034-000,2,3,0.4,5.293018602969823e-06,0,0.0001030875209835358
G2A,BraTS-GLI-01034-000,2,3,0.5,3.046775054826867e-05,0,0.00020994678197894245
G2A,BraTS-GLI-01034-000,2,3,0.6,0.00017535756342113018,0,0.0004394752613734454
G2A,BraTS-GLI-01034-000,2,3,0.7,0.0010085789253935218,0,0.0009917591232806444
G2A,BraTS-GLI-01034-000,2,3,0.8,0.005778016522526741,0,0.0026962796691805124
G2A,BraTS-GLI-01034-000,2,3,0.9,0.03237069398164749,0,0.010308480821549892
G2A,BraTS-GLI-01034-000,2,3,1.0,0.16147537529468536,0,0.056411031633615494
G2A,BraTS-GLI-01438-000,5,3,0.0,1.1735728548956104e-06,0,1.5555750465523488e-08
G2A,BraTS-GLI-01438-000,5,3,0.1,4.527720648184186e-06,0,6.99637681123022e-08
G2A,BraTS-GLI-01438-000,5,3,0.2,1.7468075384385884e-05,0,3.171133187152009e-07
G2A,BraTS-GLI-01438-000,5,3,0.3,6.738976662745699e-05,0,1.4500992620014586e-06
G2A,BraTS-GLI-01438-000,5,3,0.4,0.000259944936260581,0,6.699366622342495e-06
G2A,BraTS-GLI-01438-000,5,3,0.5,0.001002143369987607,0,3.132506026304327e-05
G2A,BraTS-GLI-01438-000,5,3,0.6,0.003855301532894373,0,0.00014855894551146775
G2A,BraTS-GLI-01438-000,5,3,0.7,0.014999995008111,0,0.0007161140092648566
G2A,BraTS-GLI-01438-000,5,3,0.8,0.06347398459911346,0,0.003509404370561242
G2A,BraTS-GLI-01438-000,5,3,0.9,0.23174159228801727,0,0.017319628968834877
G2A,BraTS-GLI-01438-000,5,3,1.0,0.5731075406074524,1,0.08234327286481857
G2A,BraTS-GLI-01438-000,8,3,0.0,9.620921836983598e-09,0,2.9357634545590372e-08
G2A,BraTS-GLI-01438-000,8,3,0.1,4.773162132210018e-08,0,9.841102155405679e-08
G2A,BraTS-GLI-01438-000,8,3,0.2,2.3680667027292657e-07,0,3.472362664069806e-07
G2A,BraTS-GLI-01438-000,8,3,0.3,1.1748483075280092e-06,0,1.3024424561081105e-06
G2A,BraTS-GLI-01438-000,8,3,0.4,5.828645953442901e-06,0,5.225359473115532e-06
G2A,BraTS-GLI-01438-000,8,3,0.5,2.8916512746945955e-05,0,2.2447471565101296e-05
G2A,BraTS-GLI-01438-000,8,3,0.6,0.00014344480587169528,0,0.00010291211947333068
G2A,BraTS-GLI-01438-000,8,3,0.7,0.0007112564635463059,0,0.0005006715073250234
G2A,BraTS-GLI-01438-000,8,3,0.8,0.0035187839530408382,0,0.0025677508674561977
G2A,BraTS-GLI-01438-000,8,3,0.9,0.018594663590192795,0,0.013726425357162952
G2A,BraTS-GLI-01438-000,8,3,1.0,0.10433555394411087,0,0.07318096607923508
G2A,BraTS-GLI-01443-000,11,3,0.0,0.0017402207013219595,0,6.107937952037901e-05
G2A,BraTS-GLI-01443-000,11,3,0.1,0.002850324148312211,0,0.00010143663530470803
G2A,BraTS-GLI-01443-000,11,3,0.2,0.004665264394134283,0,0.00017072765331249684
G2A,BraTS-GLI-01443-000,11,3,0.3,0.007627026177942753,0,0.0002920367114711553
G2A,BraTS-GLI-01443-000,11,3,0.4,0.012445562519133091,0,0.0005094115622341633
G2A,BraTS-GLI-01443-000,11,3,0.5,0.020246203988790512,0,0.0009097611182369292
G2A,BraTS-GLI-01443-000,11,3,0.6,0.03277387097477913,0,0.0016708963084965944
G2A,BraTS-GLI-01443-000,11,3,0.7,0.05263682082295418,0,0.0031706492882221937
G2A,BraTS-GLI-01443-000,11,3,0.8,0.08349864929914474,0,0.006242348812520504
G2A,BraTS-GLI-01443-000,11,3,0.9,0.12997275590896606,0,0.012784793972969055
G2A,BraTS-GLI-01443-000,11,3,1.0,0.19676047563552856,0,0.02720906212925911
G2A,BraTS-GLI-01443-000,18,3,0.0,0.0012081727618351579,0,2.217424480477348e-05
G2A,BraTS-GLI-01443-000,18,3,0.1,0.0018516576383262873,0,3.990763070760295e-05
G2A,BraTS-GLI-01443-000,18,3,0.2,0.0028368940111249685,0,7.277126132976264e-05
G2A,BraTS-GLI-01443-000,18,3,0.3,0.004344073124229908,0,0.0001347938523394987
G2A,BraTS-GLI-01443-000,18,3,0.4,0.0066466485150158405,0,0.0002543538575991988
G2A,BraTS-GLI-01443-000,18,3,0.5,0.010157261975109577,0,0.000490464037284255
G2A,BraTS-GLI-01443-000,18,3,0.6,0.01549316942691803,0,0.0009694165200926363
G2A,BraTS-GLI-01443-000,18,3,0.7,0.02356548234820366,0,0.0019693304784595966
G2A,BraTS-GLI-01443-000,18,3,0.8,0.035691145807504654,0,0.004119114484637976
G2A,BraTS-GLI-01443-000,18,3,0.9,0.05371289327740669,0,0.00887115765362978
G2A,BraTS-GLI-01443-000,18,3,1.0,0.08007877320051193,0,0.019608594477176666
G2A,BraTS-GLI-00795-000,5,3,0.0,9.51018930273051e-10,0,2.8920987826808187e-10
G2A,BraTS-GLI-00795-000,5,3,0.1,5.937699221192361e-09,0,1.8970804926965457e-09
G2A,BraTS-GLI-00795-000,5,3,0.2,3.7072098280077626e-08,0,1.25160450892281e-08
G2A,BraTS-GLI-00795-000,5,3,0.3,2.3146053251821286e-07,0,8.309570631581664e-08
G2A,BraTS-GLI-00795-000,5,3,0.4,1.4451248944169492e-06,0,5.555427264880564e-07
G2A,BraTS-GLI-00795-000,5,3,0.5,9.022595804708544e-06,0,3.7435750073200325e-06
G2A,BraTS-GLI-00795-000,5,3,0.6,5.633003092953004e-05,0,2.5457993615418673e-05
G2A,BraTS-GLI-00795-000,5,3,0.7,0.0003515932767186314,0,0.0001749928342178464
G2A,BraTS-GLI-00795-000,5,3,0.8,0.0021911384537816048,0,0.0012175928568467498
G2A,BraTS-GLI-00795-000,5,3,0.9,0.013525022193789482,0,0.008547079749405384
G2A,BraTS-GLI-00795-000,5,3,1.0,0.07885164767503738,0,0.05791228264570236
G2A,BraTS-GLI-01112-000,14,3,0.0,1.0550585329838214e-06,0,4.543556713088037e-07
G2A,BraTS-GLI-01112-000,14,3,0.1,2.953898274427047e-06,0,1.2900945876026526e-06
G2A,BraTS-GLI-01112-000,14,3,0.2,8.270120815723203e-06,0,3.7227177926979493e-06
G2A,BraTS-GLI-01112-000,14,3,0.3,2.5394158001290634e-05,0,1.0963323802570812e-05
G2A,BraTS-GLI-01112-000,14,3,0.4,8.486476144753397e-05,0,3.314089553896338e-05
G2A,BraTS-GLI-01112-000,14,3,0.5,0.00028357040719129145,0,0.00010361912427470088
G2A,BraTS-GLI-01112-000,14,3,0.6,0.0009470900986343622,0,0.000338295241817832
G2A,BraTS-GLI-01112-000,14,3,0.7,0.003224060870707035,0,0.0011653057299554348
G2A,BraTS-GLI-01112-000,14,3,0.8,0.011463760398328304,0,0.004269166849553585
G2A,BraTS-GLI-01112-000,14,3,0.9,0.039918214082717896,0,0.016572175547480583
G2A,BraTS-GLI-01112-000,14,3,1.0,0.14412175118923187,0,0.06501808017492294
G2A,BraTS-GLI-01102-000,2,3,0.0,1.8731265427618382e-08,0,1.1123153509373651e-09
G2A,BraTS-GLI-01102-000,2,3,0.1,9.575158799179917e-08,0,6.4846998881762374e-09
G2A,BraTS-GLI-01102-000,2,3,0.2,4.894670269095514e-07,0,3.810026072414985e-08
G2A,BraTS-GLI-01102-000,2,3,0.3,2.5020742668857565e-06,0,2.2578466030154232e-07
G2A,BraTS-GLI-01102-000,2,3,0.4,1.2790096661774442e-05,0,1.350881575490348e-06
G2A,BraTS-GLI-01102-000,2,3,0.5,6.915981066413224e-05,0,8.170107321348041e-06
G2A,BraTS-GLI-01102-000,2,3,0.6,0.00038072094321250916,0,5.0024456868413836e-05
G2A,BraTS-GLI-01102-000,2,3,0.7,0.002259509637951851,0,0.00031063181813806295
G2A,BraTS-GLI-01102-000,2,3,0.8,0.013840660452842712,0,0.0019585180561989546
G2A,BraTS-GLI-01102-000,2,3,0.9,0.08002050966024399,0,0.012472733855247498
G2A,BraTS-GLI-01102-000,2,3,1.0,0.3502524197101593,0,0.07659919559955597
G2A,BraTS-GLI-00656-000,5,3,0.0,2.448448640279821e-06,0,2.7278421299570255e-08
G2A,BraTS-GLI-00656-000,5,3,0.1,8.8809365479392e-06,0,1.190625766867015e-07
G2A,BraTS-GLI-00656-000,5,3,0.2,3.221211227355525e-05,0,5.241761300567305e-07
G2A,BraTS-GLI-00656-000,5,3,0.3,0.00011682962940540165,0,2.3288503143703565e-06
G2A,BraTS-GLI-00656-000,5,3,0.4,0.00042363328975625336,0,1.0446755368320737e-05
G2A,BraTS-GLI-00656-000,5,3,0.5,0.0015348909655585885,0,4.733637615572661e-05
G2A,BraTS-GLI-00656-000,5,3,0.6,0.005544989835470915,0,0.00021672988077625632
G2A,BraTS-GLI-00656-000,5,3,0.7,0.019823957234621048,0,0.0010024404618889093
G2A,BraTS-GLI-00656-000,5,3,0.8,0.06834579259157181,0,0.004672583658248186
G2A,BraTS-GLI-00656-000,5,3,0.9,0.21016637980937958,0,0.02168850041925907
G2A,BraTS-GLI-00656-000,5,3,1.0,0.491134911775589,0,0.09528237581253052
G2A,BraTS-GLI-00656-000,7,3,0.0,5.811877090700079e-10,0,6.0061849938009e-10
G2A,BraTS-GLI-00656-000,7,3,0.1,3.97264399154551e-09,0,4.046782464683929e-09
G2A,BraTS-GLI-00656-000,7,3,0.2,2.7154621662361933e-08,0,2.7334049690352913e-08
G2A,BraTS-GLI-00656-000,7,3,0.3,1.8561253511961695e-07,0,1.8511188670800038e-07
G2A,BraTS-GLI-00656-000,7,3,0.4,1.2687326034210855e-06,0,1.2570639000841766e-06
G2A,BraTS-GLI-00656-000,7,3,0.5,8.729229193704668e-06,0,8.561188224120997e-06
G2A,BraTS-GLI-00656-000,7,3,0.6,6.050404044799507e-05,0,5.848100772709586e-05
G2A,BraTS-GLI-00656-000,7,3,0.7,0.0004192370397504419,0,0.00040064475615508854
G2A,BraTS-GLI-00656-000,7,3,0.8,0.0028987608384341,0,0.002748360624536872
G2A,BraTS-GLI-00656-000,7,3,0.9,0.01975332200527191,0,0.018657198175787926
G2A,BraTS-GLI-00656-000,7,3,1.0,0.12256117165088654,0,0.11625782400369644
G2A,BraTS-GLI-00414-000,9,3,0.0,0.0005757388425990939,0,0.010846282355487347
G2A,BraTS-GLI-00414-000,9,3,0.1,0.00139697699341923,0,0.011243116110563278
G2A,BraTS-GLI-00414-000,9,3,0.2,0.0033856569789350033,0,0.011724921874701977
G2A,BraTS-GLI-00414-000,9,3,0.3,0.00818216148763895,0,0.01231778971850872
G2A,BraTS-GLI-00414-000,9,3,0.4,0.01964002288877964,0,0.013067303225398064
G2A,BraTS-GLI-00414-000,9,3,0.5,0.04639237001538277,0,0.01406626496464014
G2A,BraTS-GLI-00414-000,9,3,0.6,0.1056576520204544,0,0.015534908510744572
G2A,BraTS-GLI-00414-000,9,3,0.7,0.2229335606098175,0,0.018088268116116524
G2A,BraTS-GLI-00414-000,9,3,0.8,0.4106159508228302,0,0.023811139166355133
G2A,BraTS-GLI-00414-000,9,3,0.9,0.6285058856010437,1,0.04152186959981918
G2A,BraTS-GLI-00414-000,9,3,1.0,0.8042458891868591,1,0.11478579789400101
G2A,BraTS-GLI-00414-000,12,3,0.0,1.1159106350078218e-07,0,6.483642955856794e-09
G2A,BraTS-GLI-00414-000,12,3,0.1,5.155278017809906e-07,0,2.8409788299654792e-08
G2A,BraTS-GLI-00414-000,12,3,0.2,2.3816292014089413e-06,0,1.2651683789499657e-07
G2A,BraTS-GLI-00414-000,12,3,0.3,1.1002537576132454e-05,0,5.754712901762105e-07
G2A,BraTS-GLI-00414-000,12,3,0.4,5.0827409722842276e-05,0,2.6928721581498394e-06
G2A,BraTS-GLI-00414-000,12,3,0.5,0.00023476908972952515,0,1.3095041140331887e-05
G2A,BraTS-GLI-00414-000,12,3,0.6,0.0010836641304194927,0,6.70524823362939e-05
G2A,BraTS-GLI-00414-000,12,3,0.7,0.004986741580069065,0,0.000366927677532658
G2A,BraTS-GLI-00414-000,12,3,0.8,0.02262924797832966,0,0.0021714605391025543
G2A,BraTS-GLI-00414-000,12,3,0.9,0.09662742912769318,0,0.01385907456278801
G2A,BraTS-GLI-00414-000,12,3,1.0,0.33072182536125183,0,0.08950072526931763
G2A,BraTS-GLI-00414-000,15,3,0.0,0.00046463956823572516,0,0.0010374514386057854
G2A,BraTS-GLI-00414-000,15,3,0.1,0.0009650453575886786,0,0.001119788154028356
G2A,BraTS-GLI-00414-000,15,3,0.2,0.0020032941829413176,0,0.0012277687201276422
G2A,BraTS-GLI-00414-000,15,3,0.3,0.004153904039412737,0,0.0013765760231763124
G2A,BraTS-GLI-00414-000,15,3,0.4,0.008593391627073288,0,0.0015955790877342224
G2A,BraTS-GLI-00414-000,15,3,0.5,0.017693301662802696,0,0.001948169432580471
G2A,BraTS-GLI-00414-000,15,3,0.6,0.03607877716422081,0,0.0025908558163791895
G2A,BraTS-GLI-00414-000,15,3,0.7,0.07216551899909973,0,0.003974548541009426
G2A,BraTS-GLI-00414-000,15,3,0.8,0.1391366869211197,0,0.0076338122598826885
G2A,BraTS-GLI-00414-000,15,3,0.9,0.2514176368713379,0,0.019722674041986465
G2A,BraTS-GLI-00414-000,15,3,1.0,0.4110438823699951,0,0.06713223457336426
G2A,BraTS-GLI-00414-000,16,3,0.0,0.0004311232187319547,0,0.0003869069623760879
G2A,BraTS-GLI-00414-000,16,3,0.1,0.0008990810019895434,0,0.0005003300029784441
G2A,BraTS-GLI-00414-000,16,3,0.2,0.0018740223022177815,0,0.0006550076068378985
G2A,BraTS-GLI-00414-000,16,3,0.3,0.0039020420517772436,0,0.0008753612055443227
G2A,BraTS-GLI-00414-000,16,3,0.4,0.008106905966997147,0,0.00121043692342937
G2A,BraTS-GLI-00414-000,16,3,0.5,0.016766691580414772,0,0.0017686332575976849
G2A,BraTS-GLI-00414-000,16,3,0.6,0.03435642644762993,0,0.0028149676509201527
G2A,BraTS-GLI-00414-000,16,3,0.7,0.0691024512052536,0,0.005076929461210966
G2A,BraTS-GLI-00414-000,16,3,0.8,0.13410824537277222,0,0.010863718576729298
G2A,BraTS-GLI-00414-000,16,3,0.9,0.2442227005958557,0,0.028999652713537216
G2A,BraTS-GLI-00414-000,16,3,1.0,0.4027020037174225,0,0.09930259734392166
G2A,BraTS-GLI-00414-000,22,3,0.0,4.908427581540309e-05,0,2.0162819055258296e-05
G2A,BraTS-GLI-00414-000,22,3,0.1,0.00012966037320438772,0,4.010230622952804e-05
G2A,BraTS-GLI-00414-000,22,3,0.2,0.00034246317227371037,0,8.102762512862682e-05
G2A,BraTS-GLI-00414-000,22,3,0.3,0.0009042093297466636,0,0.00016709508781787008
G2A,BraTS-GLI-00414-000,22,3,0.4,0.00238519674167037,0,0.0003538132004905492
G2A,BraTS-GLI-00414-000,22,3,0.5,0.006276626139879227,0,0.0007752504316158593
G2A,BraTS-GLI-00414-000,22,3,0.6,0.016412444412708282,0,0.0017759514739736915
G2A,BraTS-GLI-00414-000,22,3,0.7,0.04222071170806885,0,0.0043144747614860535
G2A,BraTS-GLI-00414-000,22,3,0.8,0.10430813580751419,0,0.011348283849656582
G2A,BraTS-GLI-00414-000,22,3,0.9,0.23527009785175323,0,0.03328752517700195
G2A,BraTS-GLI-00414-000,22,3,1.0,0.4483526349067688,0,0.11123134940862656
G2A,BraTS-GLI-00414-000,25,3,0.0,1.0740295692812651e-06,0,0.0002847560681402683
G2A,BraTS-GLI-00414-000,25,3,0.1,4.038085080537712e-06,0,0.00035816506715491414
G2A,BraTS-GLI-00414-000,25,3,0.2,1.5182048628048506e-05,0,0.00045214634155854583
G2A,BraTS-GLI-00414-000,25,3,0.3,5.70784650335554e-05,0,0.0005753244622610509
G2A,BraTS-GLI-00414-000,25,3,0.4,0.00021456772810779512,0,0.0007441997295245528
G2A,BraTS-GLI-00414-000,25,3,0.5,0.0008062453125603497,0,0.0009959590388461947
G2A,BraTS-GLI-00414-000,25,3,0.6,0.003024559235200286,0,0.0014316432643681765
G2A,BraTS-GLI-00414-000,25,3,0.7,0.011277483776211739,0,0.002392181660979986
G2A,BraTS-GLI-00414-000,25,3,0.8,0.04159243404865265,0,0.0053302329033613205
G2A,BraTS-GLI-00414-000,25,3,0.9,0.16212141513824463,0,0.017822416499257088
G2A,BraTS-GLI-00414-000,25,3,1.0,0.46314170956611633,0,0.08211715519428253
G2A,BraTS-GLI-00414-000,32,3,0.0,0.004089568741619587,0,0.00012418495316524059
G2A,BraTS-GLI-00414-000,32,3,0.1,0.008107822388410568,0,0.00019798779976554215
G2A,BraTS-GLI-00414-000,32,3,0.2,0.01601075381040573,0,0.0003139350446872413
G2A,BraTS-GLI-00414-000,32,3,0.3,0.031373292207717896,0,0.000493977393489331
G2A,BraTS-GLI-00414-000,32,3,0.4,0.06056899577379227,0,0.0007699395646341145
G2A,BraTS-GLI-00414-000,32,3,0.5,0.11374364048242569,0,0.0011911776382476091
G2A,BraTS-GLI-00414-000,32,3,0.6,0.20348908007144928,0,0.0018610487459227443
G2A,BraTS-GLI-00414-000,32,3,0.7,0.33711063861846924,0,0.003129755612462759
G2A,BraTS-GLI-00414-000,32,3,0.8,0.5030585527420044,1,0.00661869440227747
G2A,BraTS-GLI-00414-000,32,3,0.9,0.6683351993560791,1,0.020804235711693764
G2A,BraTS-GLI-00414-000,32,3,1.0,0.8004480004310608,1,0.09037765860557556
G2A,BraTS-GLI-00414-000,58,3,0.0,3.912469765054993e-06,0,1.1537253818971749e-08
G2A,BraTS-GLI-00414-000,58,3,0.1,1.2954887097293977e-05,0,5.031220240425682e-08
G2A,BraTS-GLI-00414-000,58,3,0.2,4.289505159249529e-05,0,2.2410689837215614e-07
G2A,BraTS-GLI-00414-000,58,3,0.3,0.0001420203916495666,0,1.021914044940786e-06
G2A,BraTS-GLI-00414-000,58,3,0.4,0.0004701044235844165,0,4.780217750521842e-06
G2A,BraTS-GLI-00414-000,58,3,0.5,0.001560740638524294,0,2.297855644428637e-05
G2A,BraTS-GLI-00414-000,58,3,0.6,0.005487444810569286,0,0.00011365745012881234
G2A,BraTS-GLI-00414-000,58,3,0.7,0.01910441741347313,0,0.0005787130794487894
G2A,BraTS-GLI-00414-000,58,3,0.8,0.06432595103979111,0,0.0030278859194368124
G2A,BraTS-GLI-00414-000,58,3,0.9,0.19527971744537354,0,0.01610860414803028
G2A,BraTS-GLI-00414-000,58,3,1.0,0.46519437432289124,0,0.08286725729703903
G2A,BraTS-GLI-00414-000,80,3,0.0,1.8115819329977967e-05,0,0.029842298477888107
G2A,BraTS-GLI-00414-000,80,3,0.1,3.981137342634611e-05,0,0.029893595725297928
G2A,BraTS-GLI-00414-000,80,3,0.2,8.748731488594785e-05,0,0.029940830543637276
G2A,BraTS-GLI-00414-000,80,3,0.3,0.00019224621064495295,0,0.029993169009685516
G2A,BraTS-GLI-00414-000,80,3,0.4,0.00042239209869876504,0,0.030068768188357353
G2A,BraTS-GLI-00414-000,80,3,0.5,0.0009278017096221447,0,0.030201125890016556
G2A,BraTS-GLI-00414-000,80,3,0.6,0.002036718651652336,0,0.030461737886071205
G2A,BraTS-GLI-00414-000,80,3,0.7,0.004465104080736637,0,0.031052256003022194
G2A,BraTS-GLI-00414-000,80,3,0.8,0.009760532528162003,0,0.03262397646903992
G2A,BraTS-GLI-00414-000,80,3,0.9,0.021202392876148224,0,0.03721468523144722
G2A,BraTS-GLI-00414-000,80,3,1.0,0.04867934063076973,0,0.05075181648135185
G2A,BraTS-GLI-00414-000,89,3,0.0,5.286882515065372e-05,0,0.006688304245471954
G2A,BraTS-GLI-00414-000,89,3,0.1,0.00015775377687532455,0,0.006710418034344912
G2A,BraTS-GLI-00414-000,89,3,0.2,0.000470618688268587,0,0.006774520967155695
G2A,BraTS-GLI-00414-000,89,3,0.3,0.0014031047467142344,0,0.006921206600964069
G2A,BraTS-GLI-00414-000,89,3,0.4,0.004175497218966484,0,0.007240125443786383
G2A,BraTS-GLI-00414-000,89,3,0.5,0.012358074076473713,0,0.007944663055241108
G2A,BraTS-GLI-00414-000,89,3,0.6,0.03599616885185242,0,0.00957228522747755
G2A,BraTS-GLI-00414-000,89,3,0.7,0.100258469581604,0,0.0135304881259799
G2A,BraTS-GLI-00414-000,89,3,0.8,0.2495471090078354,0,0.023653598502278328
G2A,BraTS-GLI-00414-000,89,3,0.9,0.4980745315551758,0,0.05128812789916992
G2A,BraTS-GLI-00414-000,89,3,1.0,0.7475569844245911,1,0.13509486615657806
G2A,BraTS-GLI-00485-001,4,3,0.0,0.0008627610513940454,0,8.342408364114817e-08
G2A,BraTS-GLI-00485-001,4,3,0.1,0.0019241065019741654,0,2.673141352715902e-07
G2A,BraTS-GLI-00485-001,4,3,0.2,0.004285486880689859,0,8.809275868770783e-07
G2A,BraTS-GLI-00485-001,4,3,0.3,0.009517261758446693,0,3.020780468432349e-06
G2A,BraTS-GLI-00485-001,4,3,0.4,0.02100135013461113,0,1.0937084880424663e-05
G2A,BraTS-GLI-00485-001,4,3,0.5,0.04570338502526283,0,4.2451516492292285e-05
G2A,BraTS-GLI-00485-001,4,3,0.6,0.09659355878829956,0,0.0001786400971468538
G2A,BraTS-GLI-00485-001,4,3,0.7,0.19270645081996918,0,0.0008169850334525108
G2A,BraTS-GLI-00485-001,4,3,0.8,0.34765172004699707,0,0.004024514462798834
G2A,BraTS-GLI-00485-001,4,3,0.9,0.5433319807052612,1,0.02083652652800083
G2A,BraTS-GLI-00485-001,4,3,1.0,0.7264937162399292,1,0.10520855337381363
G2A,BraTS-GLI-01272-000,5,3,0.0,0.005689059384167194,0,0.09420689940452576
G2A,BraTS-GLI-01272-000,5,3,0.1,0.010539901442825794,0,0.09429359436035156
G2A,BraTS-GLI-01272-000,5,3,0.2,0.019446002319455147,0,0.09441783279180527
G2A,BraTS-GLI-01272-000,5,3,0.3,0.03560684621334076,0,0.09459549933671951
G2A,BraTS-GLI-01272-000,5,3,0.4,0.06431738287210464,0,0.09485246241092682
G2A,BraTS-GLI-01272-000,5,3,0.5,0.11345452815294266,0,0.09524360299110413
G2A,BraTS-GLI-01272-000,5,3,0.6,0.19241175055503845,0,0.09592727571725845
G2A,BraTS-GLI-01272-000,5,3,0.7,0.30981308221817017,0,0.09746570885181427
G2A,BraTS-GLI-01272-000,5,3,0.8,0.5211005806922913,1,0.10197968035936356
G2A,BraTS-GLI-01272-000,5,3,0.9,0.7726613879203796,1,0.11632467061281204
G2A,BraTS-GLI-01272-000,5,3,1.0,0.9309008121490479,1,0.15819719433784485
G2A,BraTS-GLI-01196-000,2,3,0.0,6.077814396121539e-05,0,1.3410235624178313e-06
G2A,BraTS-GLI-01196-000,2,3,0.1,0.0001915530883707106,0,2.6152449663641164e-06
G2A,BraTS-GLI-01196-000,2,3,0.2,0.0006224458338692784,0,5.187730039324379e-06
G2A,BraTS-GLI-01196-000,2,3,0.3,0.0020206624176353216,0,1.0678866601665504e-05
G2A,BraTS-GLI-01196-000,2,3,0.4,0.006539175286889076,0,2.3843369490350597e-05
G2A,BraTS-GLI-01196-000,2,3,0.5,0.02094968780875206,0,6.238825881155208e-05
G2A,BraTS-GLI-01196-000,2,3,0.6,0.06503795087337494,0,0.000206621247343719
G2A,BraTS-GLI-01196-000,2,3,0.7,0.18443086743354797,0,0.0008666473440825939
G2A,BraTS-GLI-01196-000,2,3,0.8,0.42367932200431824,0,0.004262228030711412
G2A,BraTS-GLI-01196-000,2,3,0.9,0.7050029039382935,1,0.02250727079808712
G2A,BraTS-GLI-01196-000,2,3,1.0,0.8859637975692749,1,0.11427447944879532
G2A,BraTS-GLI-01514-000,23,3,0.0,5.606556078419089e-05,0,0.0004375157004687935
G2A,BraTS-GLI-01514-000,23,3,0.1,0.00013033310824539512,0,0.0006339460960589349
G2A,BraTS-GLI-01514-000,23,3,0.2,0.00030294942553155124,0,0.000933698145672679
G2A,BraTS-GLI-01514-000,23,3,0.3,0.0007040224154479802,0,0.0014013363979756832
G2A,BraTS-GLI-01514-000,23,3,0.4,0.0016352043021470308,0,0.0021491588559001684
G2A,BraTS-GLI-01514-000,23,3,0.5,0.0037933543790131807,0,0.0033784108236432076
G2A,BraTS-GLI-01514-000,23,3,0.6,0.00877479836344719,0,0.0054617468267679214
G2A,BraTS-GLI-01514-000,23,3,0.7,0.020165467634797096,0,0.009116752073168755
G2A,BraTS-GLI-01514-000,23,3,0.8,0.045661360025405884,0,0.015812408179044724
G2A,BraTS-GLI-01514-000,23,3,0.9,0.10009945183992386,0,0.02907588705420494
G2A,BraTS-GLI-01514-000,23,3,1.0,0.20546619594097137,0,0.06292582303285599
G2A,BraTS-GLI-01514-000,34,3,0.0,1.0097389591123829e-10,0,1.7469329804953304e-07
G2A,BraTS-GLI-01514-000,34,3,0.1,7.919960243185642e-10,0,4.91437219807267e-07
G2A,BraTS-GLI-01514-000,34,3,0.2,6.212077074962963e-09,0,1.3965609468868934e-06
G2A,BraTS-GLI-01514-000,34,3,0.3,4.872496361940648e-08,0,4.020317192043876e-06
G2A,BraTS-GLI-01514-000,34,3,0.4,3.821783423063607e-07,0,1.1777779036492575e-05
G2A,BraTS-GLI-01514-000,34,3,0.5,2.997640876856167e-06,0,3.542297417880036e-05
G2A,BraTS-GLI-01514-000,34,3,0.6,2.35117749980418e-05,0,0.00011152469232911244
G2A,BraTS-GLI-01514-000,34,3,0.7,0.00018438679398968816,0,0.0003847817424684763
G2A,BraTS-GLI-01514-000,34,3,0.8,0.0014444297412410378,0,0.0015987007645890117
G2A,BraTS-GLI-01514-000,34,3,0.9,0.011218613013625145,0,0.008943524211645126
G2A,BraTS-GLI-01514-000,34,3,1.0,0.08172006160020828,0,0.06330236792564392
G2A,BraTS-GLI-01514-000,36,3,0.0,0.0015105206985026598,0,4.249167250236496e-05
G2A,BraTS-GLI-01514-000,36,3,0.1,0.0028218813240528107,0,8.969785994850099e-05
G2A,BraTS-GLI-01514-000,36,3,0.2,0.0052656931802630424,0,0.00019091925059910864
G2A,BraTS-GLI-01514-000,36,3,0.3,0.009805088862776756,0,0.00041021217475645244
G2A,BraTS-GLI-01514-000,36,3,0.4,0.018186232075095177,0,0.0008907426381483674
G2A,BraTS-GLI-01514-000,36,3,0.5,0.033489078283309937,0,0.001956555061042309
G2A,BraTS-GLI-01514-000,36,3,0.6,0.060870178043842316,0,0.004350304137915373
G2A,BraTS-GLI-01514-000,36,3,0.7,0.10813374072313309,0,0.009802445769309998
G2A,BraTS-GLI-01514-000,36,3,0.8,0.18487156927585602,0,0.022490518167614937
G2A,BraTS-GLI-01514-000,36,3,0.9,0.2989247739315033,0,0.053149376064538956
G2A,BraTS-GLI-01514-000,36,3,1.0,0.47735580801963806,0,0.12915565073490143
G2A,BraTS-GLI-01514-000,53,3,0.0,2.4553693833695434e-07,0,8.455069178125996e-08
G2A,BraTS-GLI-01514-000,53,3,0.1,1.0496801223780494e-06,0,3.3525449794069573e-07
G2A,BraTS-GLI-01514-000,53,3,0.2,4.487399110075785e-06,0,1.3381708185988828e-06
G2A,BraTS-GLI-01514-000,53,3,0.3,1.91835224541137e-05,0,5.3802659749635495e-06
G2A,BraTS-GLI-01514-000,53,3,0.4,8.261509356088936e-05,0,2.180568662879523e-05
G2A,BraTS-GLI-01514-000,53,3,0.5,0.000369134679203853,0,8.915888611227274e-05
G2A,BraTS-GLI-01514-000,53,3,0.6,0.0016477014869451523,0,0.0003680568770505488
G2A,BraTS-GLI-01514-000,53,3,0.7,0.00732238357886672,0,0.0015340643003582954
G2A,BraTS-GLI-01514-000,53,3,0.8,0.03191588819026947,0,0.0064353933557868
G2A,BraTS-GLI-01514-000,53,3,0.9,0.12842467427253723,0,0.026754016056656837
G2A,BraTS-GLI-01514-000,53,3,1.0,0.3970661163330078,0,0.10440422594547272
G2A,BraTS-GLI-00111-000,4,3,0.0,2.835742196616309e-10,0,2.0777997378207402e-11
G2A,BraTS-GLI-00111-000,4,3,0.1,2.38424480158983e-09,0,1.6450776851861804e-10
G2A,BraTS-GLI-00111-000,4,3,0.2,2.0046215354341257e-08,0,1.339056976412678e-09
G2A,BraTS-GLI-00111-000,4,3,0.3,1.6854504281127447e-07,0,1.1219960960318076e-08
G2A,BraTS-GLI-00111-000,4,3,0.4,1.4170926760925795e-06,0,9.686021229526887e-08
G2A,BraTS-GLI-00111-000,4,3,0.5,1.1914542483282275e-05,0,8.61949388308858e-07
G2A,BraTS-GLI-00111-000,4,3,0.6,0.00010016625310527161,0,7.908044608484488e-06
G2A,BraTS-GLI-00111-000,4,3,0.7,0.0008415546617470682,0,7.478184852516279e-05
G2A,BraTS-GLI-00111-000,4,3,0.8,0.007669361773878336,0,0.0007274880772456527
G2A,BraTS-GLI-00111-000,4,3,0.9,0.07110397517681122,0,0.007171844132244587
G2A,BraTS-GLI-00111-000,4,3,1.0,0.43121790885925293,0,0.06453913450241089
G2A,BraTS-GLI-00111-000,21,3,0.0,2.1074914258178978e-08,0,1.3235067264361078e-08
G2A,BraTS-GLI-00111-000,21,3,0.1,1.0444093589967451e-07,0,5.747136455624968e-08
G2A,BraTS-GLI-00111-000,21,3,0.2,5.175771207177604e-07,0,2.5306798079327564e-07
G2A,BraTS-GLI-00111-000,21,3,0.3,2.564951273598126e-06,0,1.1320208841425483e-06
G2A,BraTS-GLI-00111-000,21,3,0.4,1.271099790756125e-05,0,5.1578026614151895e-06
G2A,BraTS-GLI-00111-000,21,3,0.5,6.298871448962018e-05,0,2.4032353394431993e-05
G2A,BraTS-GLI-00111-000,21,3,0.6,0.0003120750479865819,0,0.00011516091763041914
G2A,BraTS-GLI-00111-000,21,3,0.7,0.0015446424949914217,0,0.0005716891027987003
G2A,BraTS-GLI-00111-000,21,3,0.8,0.007608291693031788,0,0.002961412537842989
G2A,BraTS-GLI-00111-000,21,3,0.9,0.036602821201086044,0,0.01599659025669098
G2A,BraTS-GLI-00111-000,21,3,1.0,0.15845048427581787,0,0.08630415797233582
G2A,BraTS-GLI-00111-000,28,3,0.0,4.54326229415436e-11,0,4.783674012465156e-10
G2A,BraTS-GLI-00111-000,28,3,0.1,3.9483935565520767e-10,0,2.7590738582716767e-09
G2A,BraTS-GLI-00111-000,28,3,0.2,3.4314135977098204e-09,0,1.6086366017020737e-08
G2A,BraTS-GLI-00111-000,28,3,0.3,2.9821240588034925e-08,0,9.503546749556335e-08
G2A,BraTS-GLI-00111-000,28,3,0.4,2.5916662593772344e-07,0,5.708173489438195e-07
G2A,BraTS-GLI-00111-000,28,3,0.5,2.2523238385474542e-06,0,3.5025989291170845e-06
G2A,BraTS-GLI-00111-000,28,3,0.6,1.9573855752241798e-05,0,2.211345054092817e-05
G2A,BraTS-GLI-00111-000,28,3,0.7,0.0001700842403806746,0,0.00014514452777802944
G2A,BraTS-GLI-00111-000,28,3,0.8,0.0014762135688215494,0,0.001004183548502624
G2A,BraTS-GLI-00111-000,28,3,0.9,0.012946545146405697,0,0.0074096801690757275
G2A,BraTS-GLI-00111-000,28,3,1.0,0.116364486515522,0,0.0565444640815258
G2A,BraTS-GLI-00111-000,29,3,0.0,6.85468348748941e-12,0,3.3351088557509456e-10
G2A,BraTS-GLI-00111-000,29,3,0.1,7.175132710202092e-11,0,1.6326018315027113e-09
G2A,BraTS-GLI-00111-000,29,3,0.2,7.510577160196874e-10,0,8.288265185285582e-09
G2A,BraTS-GLI-00111-000,29,3,0.3,7.861688189336746e-09,0,4.411212373156559e-08
G2A,BraTS-GLI-00111-000,29,3,0.4,8.22922956444927e-08,0,2.495542048563948e-07
G2A,BraTS-GLI-00111-000,29,3,0.5,8.613947102276143e-07,0,1.5264836292772088e-06
G2A,BraTS-GLI-00111-000,29,3,0.6,9.016566764330491e-06,0,1.028835595207056e-05
G2A,BraTS-GLI-00111-000,29,3,0.7,0.0001124958653235808,0,7.765258487779647e-05
G2A,BraTS-GLI-00111-000,29,3,0.8,0.0014418743085116148,0,0.000660441757645458
G2A,BraTS-GLI-00111-000,29,3,0.9,0.01819486729800701,0,0.006249099038541317
G2A,BraTS-GLI-00111-000,29,3,1.0,0.19214387238025665,0,0.06058131903409958
G2A,BraTS-GLI-00111-000,32,3,0.0,1.1962604240522978e-09,0,8.194402489891672e-09
G2A,BraTS-GLI-00111-000,32,3,0.1,7.46307193821849e-09,0,3.58477620920894e-08
G2A,BraTS-GLI-00111-000,32,3,0.2,4.655953134147239e-08,0,1.5873229131102562e-07
G2A,BraTS-GLI-00111-000,32,3,0.3,2.9046881877548003e-07,0,7.140718025766546e-07
G2A,BraTS-GLI-00111-000,32,3,0.4,1.812130790312949e-06,0,3.2813395591801964e-06
G2A,BraTS-GLI-00111-000,32,3,0.5,1.130516375269508e-05,0,1.5523761248914525e-05
G2A,BraTS-GLI-00111-000,32,3,0.6,7.052484579617158e-05,0,7.64298893045634e-05
G2A,BraTS-GLI-00111-000,32,3,0.7,0.0004398175224196166,0,0.00039689172990620136
G2A,BraTS-GLI-00111-000,32,3,0.8,0.00351581908762455,0,0.002202659146860242
G2A,BraTS-GLI-00111-000,32,3,0.9,0.02874610759317875,0,0.013105619698762894
G2A,BraTS-GLI-00111-000,32,3,1.0,0.19889581203460693,0,0.07963983714580536
G2A,BraTS-GLI-00111-000,41,3,0.0,5.957283971680383e-11,0,0.0003845174505840987
G2A,BraTS-GLI-00111-000,41,3,0.1,5.743377995415244e-10,0,0.0005369967548176646
G2A,BraTS-GLI-00111-000,41,3,0.2,5.537130753907604e-09,0,0.0007531240698881447
G2A,BraTS-GLI-00111-000,41,3,0.3,5.338300823609643e-08,0,0.0010617480147629976
G2A,BraTS-GLI-00111-000,41,3,0.4,5.146607691131067e-07,0,0.0015070298686623573
G2A,BraTS-GLI-00111-000,41,3,0.5,4.961783361068228e-06,0,0.002159716095775366
G2A,BraTS-GLI-00111-000,41,3,0.6,4.783403346664272e-05,0,0.0031433857511729
G2A,BraTS-GLI-00111-000,41,3,0.7,0.0004609735624399036,0,0.004718277603387833
G2A,BraTS-GLI-00111-000,41,3,0.8,0.004426572471857071,0,0.007699944078922272
G2A,BraTS-GLI-00111-000,41,3,0.9,0.0411040261387825,0,0.016651587560772896
G2A,BraTS-GLI-00111-000,41,3,1.0,0.29241976141929626,0,0.06858322769403458
G2A,BraTS-GLI-00111-000,60,3,0.0,6.670168417599598e-09,0,1.1684092804387092e-08
G2A,BraTS-GLI-00111-000,60,3,0.1,3.6112968615498175e-08,0,5.240246281346117e-08
G2A,BraTS-GLI-00111-000,60,3,0.2,1.9551957564090117e-07,0,2.373513154907414e-07
G2A,BraTS-GLI-00111-000,60,3,0.3,1.058561792888213e-06,0,1.0874218787648715e-06
G2A,BraTS-GLI-00111-000,60,3,0.4,5.731139026465826e-06,0,5.05045954923844e-06
G2A,BraTS-GLI-00111-000,60,3,0.5,3.10282084683422e-05,0,2.3858316126279533e-05
G2A,BraTS-GLI-00111-000,60,3,0.6,0.00016796700947452337,0,0.00011524463479872793
G2A,BraTS-GLI-00111-000,60,3,0.7,0.0009087164653465152,0,0.0005740083870477974
G2A,BraTS-GLI-00111-000,60,3,0.8,0.0049002342857420444,0,0.002983749145641923
G2A,BraTS-GLI-00111-000,60,3,0.9,0.025968674570322037,0,0.01635737530887127
G2A,BraTS-GLI-00111-000,60,3,1.0,0.15362390875816345,0,0.0917799100279808
G2A,BraTS-GLI-00109-000,4,3,0.0,9.584888438496364e-10,0,0.007230289746075869
G2A,BraTS-GLI-00109-000,4,3,0.1,6.309578193253174e-09,0,0.007243861444294453
G2A,BraTS-GLI-00109-000,4,3,0.2,4.1534779171570335e-08,0,0.007240620907396078
G2A,BraTS-GLI-00109-000,4,3,0.3,2.7341673103364883e-07,0,0.00721946032717824
G2A,BraTS-GLI-00109-000,4,3,0.4,1.7998521570916637e-06,0,0.007186387199908495
G2A,BraTS-GLI-00109-000,4,3,0.5,1.1848018402815796e-05,0,0.007162169087678194
G2A,BraTS-GLI-00109-000,4,3,0.6,7.798837759764865e-05,0,0.007198691368103027
G2A,BraTS-GLI-00109-000,4,3,0.7,0.000513160543050617,0,0.00743573484942317
G2A,BraTS-GLI-00109-000,4,3,0.8,0.003368398640304804,0,0.00843168143182993
G2A,BraTS-GLI-00109-000,4,3,0.9,0.02176433801651001,0,0.013758912682533264
G2A,BraTS-GLI-00109-000,4,3,1.0,0.14449022710323334,0,0.05208186060190201
G2A,BraTS-GLI-00109-000,14,3,0.0,0.0012285941047593951,0,0.031477171927690506
G2A,BraTS-GLI-00109-000,14,3,0.1,0.0022032326087355614,0,0.031045928597450256
G2A,BraTS-GLI-00109-000,14,3,0.2,0.003947988152503967,0,0.030523816123604774
G2A,BraTS-GLI-00109-000,14,3,0.3,0.007064644247293472,0,0.029908278957009315
G2A,BraTS-GLI-00109-000,14,3,0.4,0.012610542587935925,0,0.02921525575220585
G2A,BraTS-GLI-00109-000,14,3,0.5,0.022411823272705078,0,0.028505653142929077
G2A,BraTS-GLI-00109-000,14,3,0.6,0.039525970816612244,0,0.02794969081878662
G2A,BraTS-GLI-00109-000,14,3,0.7,0.06894253939390182,0,0.02800029143691063
G2A,BraTS-GLI-00109-000,14,3,0.8,0.13106782734394073,0,0.02995465323328972
G2A,BraTS-GLI-00109-000,14,3,0.9,0.2350427508354187,0,0.038364727050065994
G2A,BraTS-GLI-00109-000,14,3,1.0,0.4413664937019348,0,0.07448863238096237
G2A,BraTS-GLI-01209-000,42,3,0.0,4.2563814872664807e-07,0,8.467473833206896e-09
G2A,BraTS-GLI-01209-000,42,3,0.1,1.2684664625339792e-06,0,2.9738790985334163e-08
G2A,BraTS-GLI-01209-000,42,3,0.2,3.7802096812811214e-06,0,1.0546436612912657e-07
G2A,BraTS-GLI-01209-000,42,3,0.3,1.1265503417234868e-05,0,3.7830915289305267e-07
G2A,BraTS-GLI-01209-000,42,3,0.4,3.357216337462887e-05,0,1.3753798384641414e-06
G2A,BraTS-GLI-01209-000,42,3,0.5,0.00010004339856095612,0,5.079647507955087e-06
G2A,BraTS-GLI-01209-000,42,3,0.6,0.00031531843706034124,0,1.910607716126833e-05
G2A,BraTS-GLI-01209-000,42,3,0.7,0.001034142100252211,0,7.337690476560965e-05
G2A,BraTS-GLI-01209-000,42,3,0.8,0.00338609772734344,0,0.0002884161949623376
G2A,BraTS-GLI-01209-000,42,3,0.9,0.011028081178665161,0,0.0011619753204286098
G2A,BraTS-GLI-01209-000,42,3,1.0,0.03530603274703026,0,0.004791387356817722
G2A,BraTS-GLI-01209-000,56,3,0.0,1.1127995094284415e-05,0,1.7781096062208235e-07
G2A,BraTS-GLI-01209-000,56,3,0.1,2.688199674594216e-05,0,4.984864290236146e-07
G2A,BraTS-GLI-01209-000,56,3,0.2,6.493756518466398e-05,0,1.4076822481001727e-06
G2A,BraTS-GLI-01209-000,56,3,0.3,0.00015685816470067948,0,4.007958068541484e-06
G2A,BraTS-GLI-01209-000,56,3,0.4,0.00037884499761275947,0,1.1518335668370128e-05
G2A,BraTS-GLI-01209-000,56,3,0.5,0.0009147025411948562,0,3.345534423715435e-05
G2A,BraTS-GLI-01209-000,56,3,0.6,0.0022068279795348644,0,9.835549280978739e-05
G2A,BraTS-GLI-01209-000,56,3,0.7,0.005314534064382315,0,0.000293165649054572
G2A,BraTS-GLI-01209-000,56,3,0.8,0.012742686085402966,0,0.0008874303894117475
G2A,BraTS-GLI-01209-000,56,3,0.9,0.030237600207328796,0,0.0027312019374221563
G2A,BraTS-GLI-01209-000,56,3,1.0,0.07004766911268234,0,0.008536847308278084
G2A,BraTS-GLI-00469-001,3,3,0.0,2.7439697078079917e-05,0,1.870508903323298e-08
G2A,BraTS-GLI-00469-001,3,3,0.1,8.767731196712703e-05,0,7.180144478979855e-08
G2A,BraTS-GLI-00469-001,3,3,0.2,0.00028011586982756853,0,2.8308588184700056e-07
G2A,BraTS-GLI-00469-001,3,3,0.3,0.0008945491281338036,0,1.1546993619049317e-06
G2A,BraTS-GLI-00469-001,3,3,0.4,0.0028528976254165173,0,4.916821126244031e-06
G2A,BraTS-GLI-00469-001,3,3,0.5,0.009059595875442028,0,2.2081079805502668e-05
G2A,BraTS-GLI-00469-001,3,3,0.6,0.028385035693645477,0,0.0001056622713804245
G2A,BraTS-GLI-00469-001,3,3,0.7,0.08538246154785156,0,0.0005430313758552074
G2A,BraTS-GLI-00469-001,3,3,0.8,0.22976602613925934,0,0.003003977704793215
G2A,BraTS-GLI-00469-001,3,3,0.9,0.48802703619003296,0,0.017674583941698074
G2A,BraTS-GLI-00469-001,3,3,1.0,0.7535234689712524,1,0.10299740731716156
G2A,BraTS-GLI-00469-001,5,3,0.0,9.634937669034116e-06,0,8.269712914454885e-09
G2A,BraTS-GLI-00469-001,5,3,0.1,3.1864754419075325e-05,0,3.7046245182636994e-08
G2A,BraTS-GLI-00469-001,5,3,0.2,0.00010537759953876957,0,1.701246929997069e-07
G2A,BraTS-GLI-00469-001,5,3,0.3,0.00034842800232581794,0,8.041824912652373e-07
G2A,BraTS-GLI-00469-001,5,3,0.4,0.0011514208745211363,0,3.9271326386369765e-06
G2A,BraTS-GLI-00469-001,5,3,0.5,0.003797979326918721,0,1.986390634556301e-05
G2A,BraTS-GLI-00469-001,5,3,0.6,0.012451847083866596,0,0.00010419304453535005
G2A,BraTS-GLI-00469-001,5,3,0.7,0.040031567215919495,0,0.0005663700867444277
G2A,BraTS-GLI-00469-001,5,3,0.8,0.12120091170072556,0,0.0031772623769938946
G2A,BraTS-GLI-00469-001,5,3,0.9,0.3132471740245819,0,0.018113961443305016
G2A,BraTS-GLI-00469-001,5,3,1.0,0.6013619303703308,1,0.09838815778493881
G2A,BraTS-GLI-01027-000,2,3,0.0,9.663426681072451e-08,0,2.939460674866723e-09
G2A,BraTS-GLI-01027-000,2,3,0.1,3.913116017884022e-07,0,1.5429547417511458e-08
G2A,BraTS-GLI-01027-000,2,3,0.2,1.584572942192608e-06,0,8.207439350371715e-08
G2A,BraTS-GLI-01027-000,2,3,0.3,6.416534688469255e-06,0,4.430673641309113e-07
G2A,BraTS-GLI-01027-000,2,3,0.4,2.598256651253905e-05,0,2.4313580979651306e-06
G2A,BraTS-GLI-01027-000,2,3,0.5,0.0001052056104526855,0,1.3586829481937457e-05
G2A,BraTS-GLI-01027-000,2,3,0.6,0.0004258821427356452,0,7.745982293272391e-05
G2A,BraTS-GLI-01027-000,2,3,0.7,0.001722329412586987,0,0.0004512640298344195
G2A,BraTS-GLI-01027-000,2,3,0.8,0.007107110228389502,0,0.0026868709828704596
G2A,BraTS-GLI-01027-000,2,3,0.9,0.02919379621744156,0,0.016216810792684555
G2A,BraTS-GLI-01027-000,2,3,1.0,0.1286051869392395,0,0.09382893145084381
G2A,BraTS-GLI-00440-000,3,3,0.0,3.622127906055539e-06,0,4.688869381652694e-08
G2A,BraTS-GLI-00440-000,3,3,0.1,1.1764241207856685e-05,0,1.9495102776545536e-07
G2A,BraTS-GLI-00440-000,3,3,0.2,3.82081198040396e-05,0,8.221039138334163e-07
G2A,BraTS-GLI-00440-000,3,3,0.3,0.00012408578186295927,0,3.518749736031168e-06
G2A,BraTS-GLI-00440-000,3,3,0.4,0.0004029061528854072,0,1.5298595826607198e-05
G2A,BraTS-GLI-00440-000,3,3,0.5,0.001307417289353907,0,6.761895929230377e-05
G2A,BraTS-GLI-00440-000,3,3,0.6,0.004233927000313997,0,0.00030404634890146554
G2A,BraTS-GLI-00440-000,3,3,0.7,0.013621739111840725,0,0.0013908538967370987
G2A,BraTS-GLI-00440-000,3,3,0.8,0.04292769357562065,0,0.006454309914261103
G2A,BraTS-GLI-00440-000,3,3,0.9,0.13371115922927856,0,0.02991991862654686
G2A,BraTS-GLI-00440-000,3,3,1.0,0.38029107451438904,0,0.12959012389183044
G2A,BraTS-GLI-00191-000,1,3,0.0,1.2960509593540337e-05,0,2.5829278715860937e-09
G2A,BraTS-GLI-00191-000,1,3,0.1,4.163305493420921e-05,0,1.2546043315353472e-08
G2A,BraTS-GLI-00191-000,1,3,0.2,0.0001337293942924589,0,6.298710530927565e-08
G2A,BraTS-GLI-00191-000,1,3,0.3,0.00042946363100782037,0,3.271136392868357e-07
G2A,BraTS-GLI-00191-000,1,3,0.4,0.0013954624300822616,0,1.7579940276846173e-06
G2A,BraTS-GLI-00191-000,1,3,0.5,0.004626787733286619,0,9.778021194506437e-06
G2A,BraTS-GLI-00191-000,1,3,0.6,0.016679681837558746,0,5.628363214782439e-05
G2A,BraTS-GLI-00191-000,1,3,0.7,0.05829191207885742,0,0.00033524419995956123
G2A,BraTS-GLI-00191-000,1,3,0.8,0.19311188161373138,0,0.002064304193481803
G2A,BraTS-GLI-00191-000,1,3,0.9,0.4864582121372223,0,0.013039722107350826
G2A,BraTS-GLI-00191-000,1,3,1.0,0.789440393447876,1,0.08026450872421265
G2A,BraTS-GLI-01219-000,1,3,0.0,1.3274474440549966e-05,0,2.329740844686512e-08
G2A,BraTS-GLI-01219-000,1,3,0.1,4.3767289753304794e-05,0,1.027985732093839e-07
G2A,BraTS-GLI-01219-000,1,3,0.2,0.0001442949433112517,0,4.5603442799801996e-07
G2A,BraTS-GLI-01219-000,1,3,0.3,0.000475611217552796,0,2.0343006781331496e-06
G2A,BraTS-GLI-01219-000,1,3,0.4,0.0015664733946323395,0,9.126753866439685e-06
G2A,BraTS-GLI-01219-000,1,3,0.5,0.005316000897437334,0,4.118829019716941e-05
G2A,BraTS-GLI-01219-000,1,3,0.6,0.018235892057418823,0,0.00018699205247685313
G2A,BraTS-GLI-01219-000,1,3,0.7,0.06064167991280556,0,0.0008537514950148761
G2A,BraTS-GLI-01219-000,1,3,0.8,0.1832517832517624,0,0.003912073560059071
G2A,BraTS-GLI-01219-000,1,3,0.9,0.4381372034549713,0,0.017817415297031403
G2A,BraTS-GLI-01219-000,1,3,1.0,0.7304720878601074,1,0.07743046432733536
G2A,BraTS-GLI-01056-000,29,3,0.0,0.0021436093375086784,0,6.524296168208821e-06
G2A,BraTS-GLI-01056-000,29,3,0.1,0.003841457888484001,0,1.4083266250963788e-05
G2A,BraTS-GLI-01056-000,29,3,0.2,0.0068748220801353455,0,3.074856067541987e-05
G2A,BraTS-GLI-01056-000,29,3,0.3,0.012273934669792652,0,6.801645940868184e-05
G2A,BraTS-GLI-01056-000,29,3,0.4,0.02182007022202015,0,0.00015270775475073606
G2A,BraTS-GLI-01056-000,29,3,0.5,0.03850136697292328,0,0.000348664412740618
G2A,BraTS-GLI-01056-000,29,3,0.6,0.06706107407808304,0,0.000811128702480346
G2A,BraTS-GLI-01056-000,29,3,0.7,0.11428781598806381,0,0.0019258320098742843
G2A,BraTS-GLI-01056-000,29,3,0.8,0.19185537099838257,0,0.00466998340561986
G2A,BraTS-GLI-01056-000,29,3,0.9,0.31220388412475586,0,0.011549387127161026
G2A,BraTS-GLI-01056-000,29,3,1.0,0.46464067697525024,0,0.02894432283937931
G2A,BraTS-GLI-01497-000,17,3,0.0,2.6903693651547655e-05,0,1.8998484847543295e-06
G2A,BraTS-GLI-01497-000,17,3,0.1,7.526162517024204e-05,0,4.9337654672854114e-06
G2A,BraTS-GLI-01497-000,17,3,0.2,0.00021052203373983502,0,1.3019649486523122e-05
G2A,BraTS-GLI-01497-000,17,3,0.3,0.0005887285806238651,0,3.5053177271038294e-05
G2A,BraTS-GLI-01497-000,17,3,0.4,0.001645273994654417,0,9.678176138550043e-05
G2A,BraTS-GLI-01497-000,17,3,0.5,0.004589212592691183,0,0.00027574331033974886
G2A,BraTS-GLI-01497-000,17,3,0.6,0.01273364294320345,0,0.0008162605226971209
G2A,BraTS-GLI-01497-000,17,3,0.7,0.034826237708330154,0,0.0025256515946239233
G2A,BraTS-GLI-01497-000,17,3,0.8,0.094269759953022,0,0.008184916339814663
G2A,BraTS-GLI-01497-000,17,3,0.9,0.24919092655181885,0,0.02752826362848282
G2A,BraTS-GLI-01497-000,17,3,1.0,0.5141755938529968,1,0.09234670549631119
G2A,BraTS-GLI-00689-001,6,3,0.0,5.4105503295431845e-06,0,9.891417818153059e-08
G2A,BraTS-GLI-00689-001,6,3,0.1,2.1829668185091577e-05,0,3.8015826930859475e-07
G2A,BraTS-GLI-00689-001,6,3,0.2,8.807056292425841e-05,0,1.4799392147324397e-06
G2A,BraTS-GLI-00689-001,6,3,0.3,0.0003552444977685809,0,5.846806743647903e-06
G2A,BraTS-GLI-00689-001,6,3,0.4,0.001431764685548842,0,2.3496571884606965e-05
G2A,BraTS-GLI-00689-001,6,3,0.5,0.006219090893864632,0,9.63066122494638e-05
G2A,BraTS-GLI-00689-001,6,3,0.6,0.026841016486287117,0,0.0004032501019537449
G2A,BraTS-GLI-00689-001,6,3,0.7,0.10838540643453598,0,0.001715709688141942
G2A,BraTS-GLI-00689-001,6,3,0.8,0.3488576114177704,0,0.0072306180372834206
G2A,BraTS-GLI-00689-001,6,3,0.9,0.7024959325790405,1,0.029380396008491516
G2A,BraTS-GLI-00689-001,6,3,1.0,0.9123352766036987,1,0.11979301273822784
G2A,BraTS-GLI-00230-000,30,3,0.0,0.008424931205809116,0,1.1637392844932037e-06
G2A,BraTS-GLI-00230-000,30,3,0.1,0.012788441963493824,0,2.593964381958358e-06
G2A,BraTS-GLI-00230-000,30,3,0.2,0.019367782399058342,0,5.8454838836041745e-06
G2A,BraTS-GLI-00230-000,30,3,0.3,0.029827259480953217,0,1.3363556718104519e-05
G2A,BraTS-GLI-00230-000,30,3,0.4,0.047269076108932495,0,3.114174251095392e-05
G2A,BraTS-GLI-00230-000,30,3,0.5,0.07413091510534286,0,7.44620556361042e-05
G2A,BraTS-GLI-00230-000,30,3,0.6,0.11442429572343826,0,0.0001842933997977525
G2A,BraTS-GLI-00230-000,30,3,0.7,0.17253750562667847,0,0.00047738468856550753
G2A,BraTS-GLI-00230-000,30,3,0.8,0.251773864030838,0,0.0013103801757097244
G2A,BraTS-GLI-00230-000,30,3,0.9,0.35192275047302246,0,0.003853728761896491
G2A,BraTS-GLI-00230-000,30,3,1.0,0.4670422673225403,0,0.012194126844406128
G2A,BraTS-GLI-01474-000,5,3,0.0,3.875543885811794e-09,0,0.01285555399954319
G2A,BraTS-GLI-01474-000,5,3,0.1,2.2561016166378067e-08,0,0.013992050662636757
G2A,BraTS-GLI-01474-000,5,3,0.2,1.325136196328458e-07,0,0.015237182378768921
G2A,BraTS-GLI-01474-000,5,3,0.3,7.884312935857452e-07,0,0.016627559438347816
G2A,BraTS-GLI-01474-000,5,3,0.4,4.6909990487620234e-06,0,0.018235284835100174
G2A,BraTS-GLI-01474-000,5,3,0.5,2.790999315038789e-05,0,0.020211050286889076
G2A,BraTS-GLI-01474-000,5,3,0.6,0.00016603656695224345,0,0.022899147123098373
G2A,BraTS-GLI-01474-000,5,3,0.7,0.0009870755020529032,0,0.02719069831073284
G2A,BraTS-GLI-01474-000,5,3,0.8,0.005844364408403635,0,0.03576764091849327
G2A,BraTS-GLI-01474-000,5,3,0.9,0.03737642243504524,0,0.057885102927684784
G2A,BraTS-GLI-01474-000,5,3,1.0,0.2050010710954666,0,0.12629061937332153
G2A,BraTS-GLI-01478-000,7,3,0.0,0.00024890221538953483,0,1.4757706594537012e-06
G2A,BraTS-GLI-01478-000,7,3,0.1,0.0007153786718845367,0,4.831267688132357e-06
G2A,BraTS-GLI-01478-000,7,3,0.2,0.00205429969355464,0,1.5977357179508545e-05
G2A,BraTS-GLI-01478-000,7,3,0.3,0.005884415004402399,0,5.34210485056974e-05
G2A,BraTS-GLI-01478-000,7,3,0.4,0.016735803335905075,0,0.0001806703075999394
G2A,BraTS-GLI-01478-000,7,3,0.5,0.04665893688797951,0,0.0006175389280542731
G2A,BraTS-GLI-01478-000,7,3,0.6,0.12337079644203186,0,0.002122987760230899
G2A,BraTS-GLI-01478-000,7,3,0.7,0.2880914807319641,0,0.007228506729006767
G2A,BraTS-GLI-01478-000,7,3,0.8,0.5378144383430481,1,0.023490801453590393
G2A,BraTS-GLI-01478-000,7,3,0.9,0.7699034214019775,1,0.068650022149086
G2A,BraTS-GLI-01478-000,7,3,1.0,0.9069221019744873,1,0.17533807456493378
G2B,BraTS-GLI-00053-000,5,3,0.0,0.9962926506996155,1,7.418847235385329e-05
G2B,BraTS-GLI-00053-000,5,3,0.1,0.995372474193573,1,0.00011495746002765372
G2B,BraTS-GLI-00053-000,5,3,0.2,0.9942250847816467,1,0.0001796990109141916
G2B,BraTS-GLI-00053-000,5,3,0.3,0.9927951693534851,1,0.0002838113286998123
G2B,BraTS-GLI-00053-000,5,3,0.4,0.9910145401954651,1,0.0004537472268566489
G2B,BraTS-GLI-00053-000,5,3,0.5,0.9887987971305847,1,0.0007361345342360437
G2B,BraTS-GLI-00053-000,5,3,0.6,0.9860444068908691,1,0.0012160047190263867
G2B,BraTS-GLI-00053-000,5,3,0.7,0.9826244711875916,1,0.0020564727019518614
G2B,BraTS-GLI-00053-000,5,3,0.8,0.9783848524093628,1,0.0035982392728328705
G2B,BraTS-GLI-00053-000,5,3,0.9,0.9731391072273254,1,0.0066674877889454365
G2B,BraTS-GLI-00053-000,5,3,1.0,0.9666637182235718,1,0.013780307024717331
G2B,BraTS-GLI-00530-000,1,3,0.0,0.9999997615814209,1,2.0651704790708436e-09
G2B,BraTS-GLI-00530-000,1,3,0.1,0.9999990463256836,1,9.033641390487901e-09
G2B,BraTS-GLI-00530-000,1,3,0.2,0.999996542930603,1,4.086586002927106e-08
G2B,BraTS-GLI-00530-000,1,3,0.3,0.9999878406524658,1,1.9202828127617977e-07
G2B,BraTS-GLI-00530-000,1,3,0.4,0.9999581575393677,1,9.4234746939037e-07
G2B,BraTS-GLI-00530-000,1,3,0.5,0.9998553991317749,1,4.8618576329317875e-06
G2B,BraTS-GLI-00530-000,1,3,0.6,0.9995005130767822,1,2.6591667847242206e-05
G2B,BraTS-GLI-00530-000,1,3,0.7,0.9982757568359375,1,0.00015572473057545722
G2B,BraTS-GLI-00530-000,1,3,0.8,0.9940654039382935,1,0.0009866715408861637
G2B,BraTS-GLI-00530-000,1,3,0.9,0.9797826409339905,1,0.00679984875023365
G2B,BraTS-GLI-00530-000,1,3,1.0,0.9480135440826416,1,0.04945247247815132
G2B,BraTS-GLI-01521-000,6,3,0.0,0.9987272620201111,1,3.442001457187871e-07
G2B,BraTS-GLI-01521-000,6,3,0.1,0.9978310465812683,1,9.468711823501508e-07
G2B,BraTS-GLI-01521-000,6,3,0.2,0.9963059425354004,1,2.700189725146629e-06
G2B,BraTS-GLI-01521-000,6,3,0.3,0.9937151074409485,1,8.037148290895857e-06
G2B,BraTS-GLI-01521-000,6,3,0.4,0.9893268346786499,1,2.5158917196677066e-05
G2B,BraTS-GLI-01521-000,6,3,0.5,0.9819300770759583,1,8.344957313966006e-05
G2B,BraTS-GLI-01521-000,6,3,0.6,0.9695649147033691,1,0.0002951302449218929
G2B,BraTS-GLI-01521-000,6,3,0.7,0.949176549911499,1,0.0011165851028636098
G2B,BraTS-GLI-01521-000,6,3,0.8,0.9163088798522949,1,0.004508288111537695
G2B,BraTS-GLI-01521-000,6,3,0.9,0.8841473460197449,1,0.019147813320159912
G2B,BraTS-GLI-01521-000,6,3,1.0,0.8974379897117615,1,0.08178643882274628
G2B,BraTS-GLI-01521-000,10,3,0.0,0.9999997615814209,1,0.0008918297244235873
G2B,BraTS-GLI-01521-000,10,3,0.1,0.999998927116394,1,0.0009452832164242864
G2B,BraTS-GLI-01521-000,10,3,0.2,0.9999957084655762,1,0.0010111904703080654
G2B,BraTS-GLI-01521-000,10,3,0.3,0.9999829530715942,1,0.001097008935175836
G2B,BraTS-GLI-01521-000,10,3,0.4,0.9999325275421143,1,0.0012191769201308489
G2B,BraTS-GLI-01521-000,10,3,0.5,0.9997374415397644,1,0.001420689164660871
G2B,BraTS-GLI-01521-000,10,3,0.6,0.9990932941436768,1,0.0018363624112680554
G2B,BraTS-GLI-01521-000,10,3,0.7,0.9968743324279785,1,0.002968617482110858
G2B,BraTS-GLI-01521-000,10,3,0.8,0.9894949793815613,1,0.006979373749345541
G2B,BraTS-GLI-01521-000,10,3,0.9,0.9653002619743347,1,0.024082109332084656
G2B,BraTS-GLI-01521-000,10,3,1.0,0.8914915919303894,1,0.10128209739923477
G2B,BraTS-GLI-00656-000,1,3,0.0,1.0,1,0.0017988698091357946
G2B,BraTS-GLI-00656-000,1,3,0.1,1.0,1,0.001837142393924296
G2B,BraTS-GLI-00656-000,1,3,0.2,1.0,1,0.0018879470881074667
G2B,BraTS-GLI-00656-000,1,3,0.3,1.0,1,0.0019573704339563847
G2B,BraTS-GLI-00656-000,1,3,0.4,1.0,1,0.002056898782029748
G2B,BraTS-GLI-00656-000,1,3,0.5,0.9999997615814209,1,0.00221306923776865
G2B,BraTS-GLI-00656-000,1,3,0.6,0.9999972581863403,1,0.0025060379412025213
G2B,BraTS-GLI-00656-000,1,3,0.7,0.9999687671661377,1,0.003251850139349699
G2B,BraTS-GLI-00656-000,1,3,0.8,0.9996662139892578,1,0.005973920226097107
G2B,BraTS-GLI-00656-000,1,3,0.9,0.9964481592178345,1,0.018961608409881592
G2B,BraTS-GLI-00656-000,1,3,1.0,0.9778645634651184,1,0.08683725446462631
G2B,BraTS-GLI-00414-000,5,3,0.0,0.9825271964073181,1,5.981916910968721e-05
G2B,BraTS-GLI-00414-000,5,3,0.1,0.9765511751174927,1,9.350503387395293e-05
G2B,BraTS-GLI-00414-000,5,3,0.2,0.9685964584350586,1,0.00014971286873333156
G2B,BraTS-GLI-00414-000,5,3,0.3,0.9580591917037964,1,0.0002475994115229696
G2B,BraTS-GLI-00414-000,5,3,0.4,0.9441897869110107,1,0.00042793393367901444
G2B,BraTS-GLI-00414-000,5,3,0.5,0.9260877966880798,1,0.0007854714640416205
G2B,BraTS-GLI-00414-000,5,3,0.6,0.9070676565170288,1,0.0015646988758817315
G2B,BraTS-GLI-00414-000,5,3,0.7,0.8929483890533447,1,0.003479604609310627
G2B,BraTS-GLI-00414-000,5,3,0.8,0.8769749402999878,1,0.008939600549638271
G2B,BraTS-GLI-00414-000,5,3,0.9,0.8589943647384644,1,0.027433963492512703
G2B,BraTS-GLI-00414-000,5,3,1.0,0.8388687968254089,1,0.10000985860824585
G2B,BraTS-GLI-00414-000,52,3,0.0,0.979678750038147,1,0.02068513259291649
G2B,BraTS-GLI-00414-000,52,3,0.1,0.972936749458313,1,0.021575279533863068
G2B,BraTS-GLI-00414-000,52,3,0.2,0.9640401601791382,1,0.02269713766872883
G2B,BraTS-GLI-00414-000,52,3,0.3,0.952362060546875,1,0.024135597050189972
G2B,BraTS-GLI-00414-000,52,3,0.4,0.9371387362480164,1,0.02602381259202957
G2B,BraTS-GLI-00414-000,52,3,0.5,0.9174721837043762,1,0.028581343591213226
G2B,BraTS-GLI-00414-000,52,3,0.6,0.8923596143722534,1,0.03219272568821907
G2B,BraTS-GLI-00414-000,52,3,0.7,0.8607650995254517,1,0.037590142339468
G2B,BraTS-GLI-00414-000,52,3,0.8,0.8217493295669556,1,0.046354711055755615
G2B,BraTS-GLI-00414-000,52,3,0.9,0.7746629118919373,1,0.06251220405101776
G2B,BraTS-GLI-00414-000,52,3,1.0,0.7193857431411743,1,0.0974884107708931
G2B,BraTS-GLI-01299-000,5,3,0.0,0.9999994039535522,1,7.690105121582747e-06
G2B,BraTS-GLI-01299-000,5,3,0.1,0.9999979734420776,1,1.2974456694792025e-05
G2B,BraTS-GLI-01299-000,5,3,0.2,0.999992847442627,1,2.217728615505621e-05
G2B,BraTS-GLI-01299-000,5,3,0.3,0.9999746084213257,1,3.873887180816382e-05
G2B,BraTS-GLI-01299-000,5,3,0.4,0.9999104738235474,1,7.043945515761152e-05
G2B,BraTS-GLI-01299-000,5,3,0.5,0.9996838569641113,1,0.00013872595445718616
G2B,BraTS-GLI-01299-000,5,3,0.6,0.998884379863739,1,0.00031870356178842485
G2B,BraTS-GLI-01299-000,5,3,0.7,0.9966033697128296,1,0.0009355215006507933
G2B,BraTS-GLI-01299-000,5,3,0.8,0.9903518557548523,1,0.0036167344078421593
G2B,BraTS-GLI-01299-000,5,3,0.9,0.9773808717727661,1,0.017137551680207253
G2B,BraTS-GLI-01299-000,5,3,1.0,0.9487339854240417,1,0.086786188185215
G2B,BraTS-GLI-01196-000,1,3,0.0,0.9960485100746155,1,1.1991527770760513e-08
G2B,BraTS-GLI-01196-000,1,3,0.1,0.9938942790031433,1,5.4420997486204215e-08
G2B,BraTS-GLI-01196-000,1,3,0.2,0.9905768632888794,1,2.5402181336176e-07
G2B,BraTS-GLI-01196-000,1,3,0.3,0.9854831695556641,1,1.2173118193459231e-06
G2B,BraTS-GLI-01196-000,1,3,0.4,0.977698028087616,1,5.979547950119013e-06
G2B,BraTS-GLI-01196-000,1,3,0.5,0.9658823609352112,1,3.0071028959355317e-05
G2B,BraTS-GLI-01196-000,1,3,0.6,0.948138952255249,1,0.00015470804646611214
G2B,BraTS-GLI-01196-000,1,3,0.7,0.9219136238098145,1,0.0008138117846101522
G2B,BraTS-GLI-01196-000,1,3,0.8,0.884048581123352,1,0.004368131514638662
G2B,BraTS-GLI-01196-000,1,3,0.9,0.8647603988647461,1,0.023620346561074257
G2B,BraTS-GLI-01196-000,1,3,1.0,0.85883629322052,1,0.1199982762336731
G2B,BraTS-GLI-01410-000,2,3,0.0,0.9999979734420776,1,0.057397760450839996
G2B,BraTS-GLI-01410-000,2,3,0.1,0.9999946355819702,1,0.058631088584661484
G2B,BraTS-GLI-01410-000,2,3,0.2,0.999985933303833,1,0.06012600287795067
G2B,BraTS-GLI-01410-000,2,3,0.3,0.9999626874923706,1,0.06199558079242706
G2B,BraTS-GLI-01410-000,2,3,0.4,0.9999011754989624,1,0.06440950185060501
G2B,BraTS-GLI-01410-000,2,3,0.5,0.9997380375862122,1,0.06762108206748962
G2B,BraTS-GLI-01410-000,2,3,0.6,0.999306321144104,1,0.0720101073384285
G2B,BraTS-GLI-01410-000,2,3,0.7,0.9981643557548523,1,0.07816771417856216
G2B,BraTS-GLI-01410-000,2,3,0.8,0.995151162147522,1,0.08712134510278702
G2B,BraTS-GLI-01410-000,2,3,0.9,0.987255334854126,1,0.10109315812587738
G2B,BraTS-GLI-01410-000,2,3,1.0,0.966929018497467,1,0.12710493803024292
G2B,BraTS-GLI-01216-000,81,3,0.0,0.9735167622566223,1,0.18454349040985107
G2B,BraTS-GLI-01216-000,81,3,0.1,0.9683319926261902,1,0.18303878605365753
G2B,BraTS-GLI-01216-000,81,3,0.2,0.9621715545654297,1,0.18132157623767853
G2B,BraTS-GLI-01216-000,81,3,0.3,0.9548685550689697,1,0.1793619692325592
G2B,BraTS-GLI-01216-000,81,3,0.4,0.9462344646453857,1,0.17713329195976257
G2B,BraTS-GLI-01216-000,81,3,0.5,0.9360592365264893,1,0.17463262379169464
G2B,BraTS-GLI-01216-000,81,3,0.6,0.9241126775741577,1,0.1719399094581604
G2B,BraTS-GLI-01216-000,81,3,0.7,0.9101482629776001,1,0.1693268120288849
G2B,BraTS-GLI-01216-000,81,3,0.8,0.8939093351364136,1,0.16743600368499756
G2B,BraTS-GLI-01216-000,81,3,0.9,0.8751380443572998,1,0.1685878038406372
G2B,BraTS-GLI-01216-000,81,3,1.0,0.8890111446380615,1,0.19006232917308807
G2B,BraTS-GLI-00588-000,1,3,0.0,1.0,1,0.00020360540656838566
G2B,BraTS-GLI-00588-000,1,3,0.1,1.0,1,0.0002147186896763742
G2B,BraTS-GLI-00588-000,1,3,0.2,1.0,1,0.00022865731443744153
G2B,BraTS-GLI-00588-000,1,3,0.3,0.9999998807907104,1,0.000247848714934662
G2B,BraTS-GLI-00588-000,1,3,0.4,0.9999994039535522,1,0.0002775273460429162
G2B,BraTS-GLI-00588-000,1,3,0.5,0.9999959468841553,1,0.0003305989666841924
G2B,BraTS-GLI-00588-000,1,3,0.6,0.9999690055847168,1,0.00044658055412583053
G2B,BraTS-GLI-00588-000,1,3,0.7,0.9997774958610535,1,0.0007835861761122942
G2B,BraTS-GLI-00588-000,1,3,0.8,0.9984921216964722,1,0.002150079468265176
G2B,BraTS-GLI-00588-000,1,3,0.9,0.9911947250366211,1,0.009538224898278713
G2B,BraTS-GLI-00588-000,1,3,1.0,0.9544866681098938,1,0.05668343976140022
G2B,BraTS-GLI-00732-001,1,3,0.0,0.9931880235671997,1,1.346562306103749e-10
G2B,BraTS-GLI-00732-001,1,3,0.1,0.9905412793159485,1,9.097996800377928e-10
G2B,BraTS-GLI-00732-001,1,3,0.2,0.9868797063827515,1,6.246368311479955e-09
G2B,BraTS-GLI-00732-001,1,3,0.3,0.9818376898765564,1,4.3618307188353356e-08
G2B,BraTS-GLI-00732-001,1,3,0.4,0.9749676585197449,1,3.10131980540973e-07
G2B,BraTS-GLI-00732-001,1,3,0.5,0.9655900597572327,1,2.2483118300442584e-06
G2B,BraTS-GLI-00732-001,1,3,0.6,0.9528692364692688,1,1.6647451047901995e-05
G2B,BraTS-GLI-00732-001,1,3,0.7,0.9357585906982422,1,0.0001261656143469736
G2B,BraTS-GLI-00732-001,1,3,0.8,0.9130033254623413,1,0.000980663113296032
G2B,BraTS-GLI-00732-001,1,3,0.9,0.8831936717033386,1,0.007799208164215088
G2B,BraTS-GLI-00732-001,1,3,1.0,0.9466803073883057,1,0.06095513328909874
G2B,BraTS-GLI-00400-000,12,3,0.0,0.9708552956581116,1,0.07799627631902695
G2B,BraTS-GLI-00400-000,12,3,0.1,0.965069055557251,1,0.07813963294029236
G2B,BraTS-GLI-00400-000,12,3,0.2,0.9581834673881531,1,0.07841544598340988
G2B,BraTS-GLI-00400-000,12,3,0.3,0.9500110745429993,1,0.07887393236160278
G2B,BraTS-GLI-00400-000,12,3,0.4,0.9403407573699951,1,0.07959163188934326
G2B,BraTS-GLI-00400-000,12,3,0.5,0.928939700126648,1,0.08069171011447906
G2B,BraTS-GLI-00400-000,12,3,0.6,0.9155555963516235,1,0.08238347619771957
G2B,BraTS-GLI-00400-000,12,3,0.7,0.899922251701355,1,0.08504162728786469
G2B,BraTS-GLI-00400-000,12,3,0.8,0.8817683458328247,1,0.08936906605958939
G2B,BraTS-GLI-00400-000,12,3,0.9,0.8608306646347046,1,0.09674882888793945
G2B,BraTS-GLI-00400-000,12,3,1.0,0.8368709683418274,1,0.11007115244865417
G2B,BraTS-GLI-00025-000,1,3,0.0,1.0,1,1.0728395864134654e-05
G2B,BraTS-GLI-00025-000,1,3,0.1,0.9999998807907104,1,1.677673208178021e-05
G2B,BraTS-GLI-00025-000,1,3,0.2,0.9999996423721313,1,2.6368335966253653e-05
G2B,BraTS-GLI-00025-000,1,3,0.3,0.9999980926513672,1,4.204415381536819e-05
G2B,BraTS-GLI-00025-000,1,3,0.4,0.9999897480010986,1,6.981901969993487e-05
G2B,BraTS-GLI-00025-000,1,3,0.5,0.9999444484710693,1,0.00012879475252702832
G2B,BraTS-GLI-00025-000,1,3,0.6,0.9996989965438843,1,0.00029621817520819604
G2B,BraTS-GLI-00025-000,1,3,0.7,0.9983716607093811,1,0.000934971496462822
G2B,BraTS-GLI-00025-000,1,3,0.8,0.991243839263916,1,0.003912025596946478
G2B,BraTS-GLI-00025-000,1,3,0.9,0.9555056691169739,1,0.019327271729707718
G2B,BraTS-GLI-00025-000,1,3,1.0,0.8964858055114746,1,0.0995868369936943
G2B,BraTS-GLI-00659-000,3,3,0.0,0.9997522234916687,1,5.212322093939292e-07
G2B,BraTS-GLI-00659-000,3,3,0.1,0.999527096748352,1,1.0319404282199685e-06
G2B,BraTS-GLI-00659-000,3,3,0.2,0.9990973472595215,1,2.125580749634537e-06
G2B,BraTS-GLI-00659-000,3,3,0.3,0.998278021812439,1,4.69781480205711e-06
G2B,BraTS-GLI-00659-000,3,3,0.4,0.9967173933982849,1,1.1696676665451378e-05
G2B,BraTS-GLI-00659-000,3,3,0.5,0.9937512278556824,1,3.472823664196767e-05
G2B,BraTS-GLI-00659-000,3,3,0.6,0.9881368279457092,1,0.0001269708591280505
G2B,BraTS-GLI-00659-000,3,3,0.7,0.9775916337966919,1,0.0005615259287878871
G2B,BraTS-GLI-00659-000,3,3,0.8,0.9580704569816589,1,0.002858913503587246
G2B,BraTS-GLI-00659-000,3,3,0.9,0.9228849411010742,1,0.0158720500767231
G2B,BraTS-GLI-00659-000,3,3,1.0,0.9003803730010986,1,0.08817033469676971
G2B,BraTS-GLI-00014-000,1,3,0.0,0.9999901056289673,1,0.0002311536081833765
G2B,BraTS-GLI-00014-000,1,3,0.1,0.9999711513519287,1,0.00023124428116716444
G2B,BraTS-GLI-00014-000,1,3,0.2,0.999915599822998,1,0.00023176804825197905
G2B,BraTS-GLI-00014-000,1,3,0.3,0.9997535347938538,1,0.00023433021851815283
G2B,BraTS-GLI-00014-000,1,3,0.4,0.9992802739143372,1,0.0002461551921442151
G2B,BraTS-GLI-00014-000,1,3,0.5,0.9978997707366943,1,0.00029959858511574566
G2B,BraTS-GLI-00014-000,1,3,0.6,0.9938876032829285,1,0.000540014123544097
G2B,BraTS-GLI-00014-000,1,3,0.7,0.982346773147583,1,0.0016247284365817904
G2B,BraTS-GLI-00014-000,1,3,0.8,0.9501094818115234,1,0.00653831334784627
G2B,BraTS-GLI-00014-000,1,3,0.9,0.8697462677955627,1,0.028561659157276154
G2B,BraTS-GLI-00014-000,1,3,1.0,0.8715612292289734,1,0.11947554349899292
G2B,BraTS-GLI-00293-000,1,3,0.0,1.0,1,0.001984676346182823
G2B,BraTS-GLI-00293-000,1,3,0.1,1.0,1,0.001979889115318656
G2B,BraTS-GLI-00293-000,1,3,0.2,1.0,1,0.0019828258082270622
G2B,BraTS-GLI-00293-000,1,3,0.3,0.9999996423721313,1,0.0019997241906821728
G2B,BraTS-GLI-00293-000,1,3,0.4,0.9999978542327881,1,0.002044283552095294
G2B,BraTS-GLI-00293-000,1,3,0.5,0.999985933303833,1,0.002151971682906151
G2B,BraTS-GLI-00293-000,1,3,0.6,0.9999103546142578,1,0.002436777576804161
G2B,BraTS-GLI-00293-000,1,3,0.7,0.9994290471076965,1,0.003355917287990451
G2B,BraTS-GLI-00293-000,1,3,0.8,0.9963703155517578,1,0.007073411252349615
G2B,BraTS-GLI-00293-000,1,3,0.9,0.9854778051376343,1,0.024732572957873344
G2B,BraTS-GLI-00293-000,1,3,1.0,0.9735485315322876,1,0.11051184684038162
detected,BraTS-GLI-01246-000,29,4,0.0,0.9999991655349731,1,0.562644362449646
detected,BraTS-GLI-01246-000,29,4,0.1,0.9999970197677612,1,0.5624018311500549
detected,BraTS-GLI-01246-000,29,4,0.2,0.9999898672103882,1,0.5620702505111694
detected,BraTS-GLI-01246-000,29,4,0.3,0.9999656677246094,1,0.5615792274475098
detected,BraTS-GLI-01246-000,29,4,0.4,0.999883770942688,1,0.5608050227165222
detected,BraTS-GLI-01246-000,29,4,0.5,0.9996071457862854,1,0.5595232844352722
detected,BraTS-GLI-01246-000,29,4,0.6,0.9986730813980103,1,0.5573043823242188
detected,BraTS-GLI-01246-000,29,4,0.7,0.9955278038978577,1,0.5532799959182739
detected,BraTS-GLI-01246-000,29,4,0.8,0.9850387573242188,1,0.5456640720367432
detected,BraTS-GLI-01246-000,29,4,0.9,0.9511564373970032,1,0.531362771987915
detected,BraTS-GLI-01246-000,29,4,1.0,0.8622375130653381,1,0.5102376341819763
detected,BraTS-GLI-01472-000,26,4,0.0,0.9999994039535522,1,0.7746601700782776
detected,BraTS-GLI-01472-000,26,4,0.1,0.999997615814209,1,0.772234320640564
detected,BraTS-GLI-01472-000,26,4,0.2,0.9999903440475464,1,0.7692604660987854
detected,BraTS-GLI-01472-000,26,4,0.3,0.999961256980896,1,0.7655840516090393
detected,BraTS-GLI-01472-000,26,4,0.4,0.9998446702957153,1,0.7609371542930603
detected,BraTS-GLI-01472-000,26,4,0.5,0.999377429485321,1,0.754750669002533
detected,BraTS-GLI-01472-000,26,4,0.6,0.99750816822052,1,0.7456172108650208
detected,BraTS-GLI-01472-000,26,4,0.7,0.9900828003883362,1,0.7297680974006653
detected,BraTS-GLI-01472-000,26,4,0.8,0.9613870978355408,1,0.696986198425293
detected,BraTS-GLI-01472-000,26,4,0.9,0.8612931966781616,1,0.6225593090057373
detected,BraTS-GLI-01472-000,26,4,1.0,0.6329986453056335,1,0.4758429229259491
detected,BraTS-GLI-01096-000,3,4,0.0,1.0,1,0.009670239873230457
detected,BraTS-GLI-01096-000,3,4,0.1,1.0,1,0.010092539712786674
detected,BraTS-GLI-01096-000,3,4,0.2,1.0,1,0.010609995573759079
detected,BraTS-GLI-01096-000,3,4,0.3,1.0,1,0.011257178150117397
detected,BraTS-GLI-01096-000,3,4,0.4,1.0,1,0.012089405208826065
detected,BraTS-GLI-01096-000,3,4,0.5,1.0,1,0.013209101743996143
detected,BraTS-GLI-01096-000,3,4,0.6,0.9999996423721313,1,0.014852804131805897
detected,BraTS-GLI-01096-000,3,4,0.7,0.9999946355819702,1,0.01772395148873329
detected,BraTS-GLI-01096-000,3,4,0.8,0.9999115467071533,1,0.024458523839712143
detected,BraTS-GLI-01096-000,3,4,0.9,0.9985275268554688,1,0.04691905155777931
detected,BraTS-GLI-01096-000,3,4,1.0,0.97708660364151,1,0.1422959864139557
detected,BraTS-GLI-01263-000,57,4,0.0,0.9999979734420776,1,0.2057793289422989
detected,BraTS-GLI-01263-000,57,4,0.1,0.999994158744812,1,0.20613494515419006
detected,BraTS-GLI-01263-000,57,4,0.2,0.9999829530715942,1,0.20657213032245636
detected,BraTS-GLI-01263-000,57,4,0.3,0.9999498128890991,1,0.20711936056613922
detected,BraTS-GLI-01263-000,57,4,0.4,0.9998526573181152,1,0.20780420303344727
detected,BraTS-GLI-01263-000,57,4,0.5,0.9995675683021545,1,0.2086353451013565
detected,BraTS-GLI-01263-000,57,4,0.6,0.9987313151359558,1,0.20956136286258698
detected,BraTS-GLI-01263-000,57,4,0.7,0.9962843060493469,1,0.21040022373199463
detected,BraTS-GLI-01263-000,57,4,0.8,0.9891679286956787,1,0.2107941210269928
detected,BraTS-GLI-01263-000,57,4,0.9,0.9688488245010376,1,0.21060460805892944
detected,BraTS-GLI-01263-000,57,4,1.0,0.9424835443496704,1,0.21424439549446106
detected,BraTS-GLI-01263-000,110,4,0.0,1.0,1,0.458465039730072
detected,BraTS-GLI-01263-000,110,4,0.1,0.9999998807907104,1,0.4556575417518616
detected,BraTS-GLI-01263-000,110,4,0.2,0.9999991655349731,1,0.45229947566986084
detected,BraTS-GLI-01263-000,110,4,0.3,0.9999958276748657,1,0.4481607675552368
detected,BraTS-GLI-01263-000,110,4,0.4,0.9999799728393555,1,0.44285646080970764
detected,BraTS-GLI-01263-000,110,4,0.5,0.999904990196228,1,0.4356878399848938
detected,BraTS-GLI-01263-000,110,4,0.6,0.9995504021644592,1,0.42528223991394043
detected,BraTS-GLI-01263-000,110,4,0.7,0.9978755712509155,1,0.40881669521331787
detected,BraTS-GLI-01263-000,110,4,0.8,0.9900230765342712,1,0.380746454000473
detected,BraTS-GLI-01263-000,110,4,0.9,0.954470694065094,1,0.3328007161617279
detected,BraTS-GLI-01263-000,110,4,1.0,0.8269328474998474,1,0.2627117335796356
detected,BraTS-GLI-01246-000,59,4,0.0,1.0,1,0.3719797730445862
detected,BraTS-GLI-01246-000,59,4,0.1,0.9999998807907104,1,0.3719508647918701
detected,BraTS-GLI-01246-000,59,4,0.2,0.9999992847442627,1,0.37182536721229553
detected,BraTS-GLI-01246-000,59,4,0.3,0.9999967813491821,1,0.3715645372867584
detected,BraTS-GLI-01246-000,59,4,0.4,0.9999849796295166,1,0.37110811471939087
detected,BraTS-GLI-01246-000,59,4,0.5,0.9999300241470337,1,0.3703511655330658
detected,BraTS-GLI-01246-000,59,4,0.6,0.9996758699417114,1,0.36909034848213196
detected,BraTS-GLI-01246-000,59,4,0.7,0.9984983205795288,1,0.3669261932373047
detected,BraTS-GLI-01246-000,59,4,0.8,0.993073582649231,1,0.36322450637817383
detected,BraTS-GLI-01246-000,59,4,0.9,0.9686663746833801,1,0.358218789100647
detected,BraTS-GLI-01246-000,59,4,1.0,0.8947927951812744,1,0.3620077967643738
detected,BraTS-GLI-01378-000,8,4,0.0,1.0,1,0.06827811896800995
detected,BraTS-GLI-01378-000,8,4,0.1,1.0,1,0.06815140694379807
detected,BraTS-GLI-01378-000,8,4,0.2,0.9999997615814209,1,0.06799375265836716
detected,BraTS-GLI-01378-000,8,4,0.3,0.9999990463256836,1,0.0677911788225174
detected,BraTS-GLI-01378-000,8,4,0.4,0.9999955892562866,1,0.06752631813287735
detected,BraTS-GLI-01378-000,8,4,0.5,0.9999783039093018,1,0.06718014925718307
detected,BraTS-GLI-01378-000,8,4,0.6,0.9998941421508789,1,0.06673841178417206
detected,BraTS-GLI-01378-000,8,4,0.7,0.9994828701019287,1,0.06620999425649643
detected,BraTS-GLI-01378-000,8,4,0.8,0.9974772334098816,1,0.06567542999982834
detected,BraTS-GLI-01378-000,8,4,0.9,0.9877886176109314,1,0.06541051715612411
detected,BraTS-GLI-01378-000,8,4,1.0,0.9430161714553833,1,0.06620044261217117
detected,BraTS-GLI-01206-000,19,4,0.0,1.0,1,0.5469173789024353
detected,BraTS-GLI-01206-000,19,4,0.1,1.0,1,0.5476428270339966
detected,BraTS-GLI-01206-000,19,4,0.2,0.9999998807907104,1,0.5485652685165405
detected,BraTS-GLI-01206-000,19,4,0.3,0.9999991655349731,1,0.5497221946716309
detected,BraTS-GLI-01206-000,19,4,0.4,0.9999951124191284,1,0.5511335730552673
detected,BraTS-GLI-01206-000,19,4,0.5,0.9999713897705078,1,0.5527513027191162
detected,BraTS-GLI-01206-000,19,4,0.6,0.9998308420181274,1,0.5543258190155029
detected,BraTS-GLI-01206-000,19,4,0.7,0.9990002512931824,1,0.5550398826599121
detected,BraTS-GLI-01206-000,19,4,0.8,0.9941121935844421,1,0.5524028539657593
detected,BraTS-GLI-01206-000,19,4,0.9,0.9690771698951721,1,0.5392206907272339
detected,BraTS-GLI-01206-000,19,4,1.0,0.8921232223510742,1,0.5057032108306885
detected,BraTS-GLI-00387-000,2,4,0.0,1.0,1,0.020712725818157196
detected,BraTS-GLI-00387-000,2,4,0.1,1.0,1,0.02086191438138485
detected,BraTS-GLI-00387-000,2,4,0.2,1.0,1,0.021063584834337234
detected,BraTS-GLI-00387-000,2,4,0.3,0.9999998807907104,1,0.021345913410186768
detected,BraTS-GLI-00387-000,2,4,0.4,0.9999995231628418,1,0.02175840176641941
detected,BraTS-GLI-00387-000,2,4,0.5,0.9999964237213135,1,0.022394999861717224
detected,BraTS-GLI-00387-000,2,4,0.6,0.9999737739562988,1,0.023454708978533745
detected,BraTS-GLI-00387-000,2,4,0.7,0.9998072981834412,1,0.025434305891394615
detected,BraTS-GLI-00387-000,2,4,0.8,0.9985865354537964,1,0.029913004487752914
detected,BraTS-GLI-00387-000,2,4,0.9,0.9898189902305603,1,0.04367304965853691
detected,BraTS-GLI-00387-000,2,4,1.0,0.965828537940979,1,0.10212571918964386
detected,BraTS-GLI-00550-000,1,4,0.0,1.0,1,0.10551910847425461
detected,BraTS-GLI-00550-000,1,4,0.1,1.0,1,0.10549033433198929
detected,BraTS-GLI-00550-000,1,4,0.2,1.0,1,0.10544182360172272
detected,BraTS-GLI-00550-000,1,4,0.3,0.9999998807907104,1,0.10535793006420135
detected,BraTS-GLI-00550-000,1,4,0.4,0.9999990463256836,1,0.10520631819963455
detected,BraTS-GLI-00550-000,1,4,0.5,0.9999916553497314,1,0.10491400212049484
detected,BraTS-GLI-00550-000,1,4,0.6,0.9999247789382935,1,0.10430274903774261
detected,BraTS-GLI-00550-000,1,4,0.7,0.9993323683738708,1,0.10292774438858032
detected,BraTS-GLI-00550-000,1,4,0.8,0.9961085915565491,1,0.0998959094285965
detected,BraTS-GLI-00550-000,1,4,0.9,0.9794089198112488,1,0.09636399149894714
detected,BraTS-GLI-00550-000,1,4,1.0,0.9243876338005066,1,0.12524311244487762
detected,BraTS-GLI-01263-000,22,4,0.0,1.0,1,0.10806972533464432
detected,BraTS-GLI-01263-000,22,4,0.1,1.0,1,0.10850382596254349
detected,BraTS-GLI-01263-000,22,4,0.2,1.0,1,0.10904834419488907
detected,BraTS-GLI-01263-000,22,4,0.3,1.0,1,0.10975241661071777
detected,BraTS-GLI-01263-000,22,4,0.4,1.0,1,0.1106988936662674
detected,BraTS-GLI-01263-000,22,4,0.5,0.9999998807907104,1,0.11203772574663162
detected,BraTS-GLI-01263-000,22,4,0.6,0.9999977350234985,1,0.11406548321247101
detected,BraTS-GLI-01263-000,22,4,0.7,0.9999693632125854,1,0.1174456924200058
detected,BraTS-GLI-01263-000,22,4,0.8,0.9996882677078247,1,0.12392237037420273
detected,BraTS-GLI-01263-000,22,4,0.9,0.9968348145484924,1,0.13885119557380676
detected,BraTS-GLI-01263-000,22,4,1.0,0.9720787405967712,1,0.1797703057527542
detected,BraTS-GLI-01049-000,2,4,0.0,1.0,1,0.02151918224990368
detected,BraTS-GLI-01049-000,2,4,0.1,1.0,1,0.021400123834609985
detected,BraTS-GLI-01049-000,2,4,0.2,1.0,1,0.021274784579873085
detected,BraTS-GLI-01049-000,2,4,0.3,1.0,1,0.021147549152374268
detected,BraTS-GLI-01049-000,2,4,0.4,0.9999995231628418,1,0.021032636985182762
detected,BraTS-GLI-01049-000,2,4,0.5,0.9999963045120239,1,0.020970767363905907
detected,BraTS-GLI-01049-000,2,4,0.6,0.9999675750732422,1,0.02108057029545307
detected,BraTS-GLI-01049-000,2,4,0.7,0.9997158646583557,1,0.021771565079689026
detected,BraTS-GLI-01049-000,2,4,0.8,0.9976958632469177,1,0.02462669648230076
detected,BraTS-GLI-01049-000,2,4,0.9,0.9852821230888367,1,0.036434419453144073
detected,BraTS-GLI-01049-000,2,4,1.0,0.9692297577857971,1,0.08936650305986404
detected,BraTS-GLI-01263-000,73,4,0.0,1.0,1,0.16605734825134277
detected,BraTS-GLI-01263-000,73,4,0.1,1.0,1,0.16575193405151367
detected,BraTS-GLI-01263-000,73,4,0.2,0.9999998807907104,1,0.16545319557189941
detected,BraTS-GLI-01263-000,73,4,0.3,0.9999995231628418,1,0.16517144441604614
detected,BraTS-GLI-01263-000,73,4,0.4,0.9999966621398926,1,0.16491568088531494
detected,BraTS-GLI-01263-000,73,4,0.5,0.9999784231185913,1,0.16468113660812378
detected,BraTS-GLI-01263-000,73,4,0.6,0.9998624324798584,1,0.16441814601421356
detected,BraTS-GLI-01263-000,73,4,0.7,0.9991814494132996,1,0.16396315395832062
detected,BraTS-GLI-01263-000,73,4,0.8,0.9955451488494873,1,0.16290733218193054
detected,BraTS-GLI-01263-000,73,4,0.9,0.9777897596359253,1,0.1603904366493225
detected,BraTS-GLI-01263-000,73,4,1.0,0.9377673864364624,1,0.15578031539916992
detected,BraTS-GLI-01531-000,5,4,0.0,0.9999924898147583,1,0.6249644160270691
detected,BraTS-GLI-01531-000,5,4,0.1,0.9999768733978271,1,0.62513667345047
detected,BraTS-GLI-01531-000,5,4,0.2,0.9999290704727173,1,0.6251771450042725
detected,BraTS-GLI-01531-000,5,4,0.3,0.999782383441925,1,0.6249338984489441
detected,BraTS-GLI-01531-000,5,4,0.4,0.9993323683738708,1,0.6241275668144226
detected,BraTS-GLI-01531-000,5,4,0.5,0.9979531764984131,1,0.6222372651100159
detected,BraTS-GLI-01531-000,5,4,0.6,0.9937432408332825,1,0.6182681918144226
detected,BraTS-GLI-01531-000,5,4,0.7,0.981038510799408,1,0.6102960109710693
detected,BraTS-GLI-01531-000,5,4,0.8,0.9442006349563599,1,0.5947349667549133
detected,BraTS-GLI-01531-000,5,4,0.9,0.873221755027771,1,0.5661696791648865
detected,BraTS-GLI-01531-000,5,4,1.0,0.769948422908783,1,0.521848201751709
detected,BraTS-GLI-01460-000,50,4,0.0,1.0,1,0.25072407722473145
detected,BraTS-GLI-01460-000,50,4,0.1,1.0,1,0.2511434257030487
detected,BraTS-GLI-01460-000,50,4,0.2,1.0,1,0.25163397192955017
detected,BraTS-GLI-01460-000,50,4,0.3,0.9999997615814209,1,0.2522026300430298
detected,BraTS-GLI-01460-000,50,4,0.4,0.9999984502792358,1,0.25285354256629944
detected,BraTS-GLI-01460-000,50,4,0.5,0.9999910593032837,1,0.2535916864871979
detected,BraTS-GLI-01460-000,50,4,0.6,0.9999479055404663,1,0.2544359266757965
detected,BraTS-GLI-01460-000,50,4,0.7,0.9996953010559082,1,0.25545331835746765
detected,BraTS-GLI-01460-000,50,4,0.8,0.9982182383537292,1,0.2568388879299164
detected,BraTS-GLI-01460-000,50,4,0.9,0.9926659464836121,1,0.2591516673564911
detected,BraTS-GLI-01460-000,50,4,1.0,0.9769974946975708,1,0.2644928991794586
detected,BraTS-GLI-00172-000,50,4,0.0,1.0,1,0.730610728263855
detected,BraTS-GLI-00172-000,50,4,0.1,1.0,1,0.728947103023529
detected,BraTS-GLI-00172-000,50,4,0.2,1.0,1,0.7269720435142517
detected,BraTS-GLI-00172-000,50,4,0.3,1.0,1,0.7245395183563232
detected,BraTS-GLI-00172-000,50,4,0.4,0.9999998807907104,1,0.7213191390037537
detected,BraTS-GLI-00172-000,50,4,0.5,0.9999990463256836,1,0.7165753841400146
detected,BraTS-GLI-00172-000,50,4,0.6,0.9999886751174927,1,0.708707332611084
detected,BraTS-GLI-00172-000,50,4,0.7,0.9998717308044434,1,0.6942706108093262
detected,BraTS-GLI-00172-000,50,4,0.8,0.9985561966896057,1,0.6656734347343445
detected,BraTS-GLI-00172-000,50,4,0.9,0.9839637875556946,1,0.604476273059845
detected,BraTS-GLI-00172-000,50,4,1.0,0.8448047637939453,1,0.46523627638816833
detected,BraTS-GLI-01081-000,2,4,0.0,0.9999891519546509,1,0.04977070167660713
detected,BraTS-GLI-01081-000,2,4,0.1,0.9999723434448242,1,0.04945632442831993
detected,BraTS-GLI-01081-000,2,4,0.2,0.9999290704727173,1,0.049170754849910736
detected,BraTS-GLI-01081-000,2,4,0.3,0.9998183846473694,1,0.04895289987325668
detected,BraTS-GLI-01081-000,2,4,0.4,0.9995348453521729,1,0.048861414194107056
detected,BraTS-GLI-01081-000,2,4,0.5,0.9988095760345459,1,0.04898563399910927
detected,BraTS-GLI-01081-000,2,4,0.6,0.9969568252563477,1,0.04946646839380264
detected,BraTS-GLI-01081-000,2,4,0.7,0.9922433495521545,1,0.05054015293717384
detected,BraTS-GLI-01081-000,2,4,0.8,0.981979489326477,1,0.05263903737068176
detected,BraTS-GLI-01081-000,2,4,0.9,0.9704856276512146,1,0.05664677545428276
detected,BraTS-GLI-01081-000,2,4,1.0,0.9520187973976135,1,0.06461362540721893
detected,BraTS-GLI-01246-000,62,4,0.0,1.0,1,0.3549952507019043
detected,BraTS-GLI-01246-000,62,4,0.1,0.9999998807907104,1,0.3553091287612915
detected,BraTS-GLI-01246-000,62,4,0.2,0.9999992847442627,1,0.3556707203388214
detected,BraTS-GLI-01246-000,62,4,0.3,0.9999969005584717,1,0.356119841337204
detected,BraTS-GLI-01246-000,62,4,0.4,0.9999864101409912,1,0.3567221164703369
detected,BraTS-GLI-01246-000,62,4,0.5,0.999940037727356,1,0.3575863242149353
detected,BraTS-GLI-01246-000,62,4,0.6,0.9997352957725525,1,0.3589361906051636
detected,BraTS-GLI-01246-000,62,4,0.7,0.998832643032074,1,0.3613257110118866
detected,BraTS-GLI-01246-000,62,4,0.8,0.9948663711547852,1,0.36618518829345703
detected,BraTS-GLI-01246-000,62,4,0.9,0.9777260422706604,1,0.3776228427886963
detected,BraTS-GLI-01246-000,62,4,1.0,0.9086133241653442,1,0.4104781746864319
detected,BraTS-GLI-00239-000,4,4,0.0,0.9996009469032288,1,0.012346334755420685
detected,BraTS-GLI-00239-000,4,4,0.1,0.9993056058883667,1,0.013034116476774216
detected,BraTS-GLI-00239-000,4,4,0.2,0.9987921118736267,1,0.013926070183515549
detected,BraTS-GLI-00239-000,4,4,0.3,0.9978995323181152,1,0.015122328884899616
detected,BraTS-GLI-00239-000,4,4,0.4,0.9963499307632446,1,0.01679050177335739
detected,BraTS-GLI-00239-000,4,4,0.5,0.9940779209136963,1,0.01922188140451908
detected,BraTS-GLI-00239-000,4,4,0.6,0.9904354810714722,1,0.022944742813706398
detected,BraTS-GLI-00239-000,4,4,0.7,0.9849604964256287,1,0.028973272070288658
detected,BraTS-GLI-00239-000,4,4,0.8,0.9775446653366089,1,0.03947340324521065
detected,BraTS-GLI-00239-000,4,4,0.9,0.967742383480072,1,0.06008744239807129
detected,BraTS-GLI-00239-000,4,4,1.0,0.9563813209533691,1,0.10987778753042221
detected,BraTS-GLI-01206-000,3,4,0.0,0.9999970197677612,1,0.41194823384284973
detected,BraTS-GLI-01206-000,3,4,0.1,0.999990701675415,1,0.41242700815200806
detected,BraTS-GLI-01206-000,3,4,0.2,0.9999711513519287,1,0.4129715859889984
detected,BraTS-GLI-01206-000,3,4,0.3,0.9999102354049683,1,0.4135171175003052
detected,BraTS-GLI-01206-000,3,4,0.4,0.9997206330299377,1,0.4138990342617035
detected,BraTS-GLI-01206-000,3,4,0.5,0.9991312623023987,1,0.4137437343597412
detected,BraTS-GLI-01206-000,3,4,0.6,0.9973016977310181,1,0.41223520040512085
detected,BraTS-GLI-01206-000,3,4,0.7,0.9916513562202454,1,0.4076220691204071
detected,BraTS-GLI-01206-000,3,4,0.8,0.9757364392280579,1,0.3963295817375183
detected,BraTS-GLI-01206-000,3,4,0.9,0.9375773668289185,1,0.37286293506622314
detected,BraTS-GLI-01206-000,3,4,1.0,0.8487110137939453,1,0.343749076128006
detected,BraTS-GLI-00477-001,4,4,0.0,1.0,1,0.17763970792293549
detected,BraTS-GLI-00477-001,4,4,0.1,1.0,1,0.17650344967842102
detected,BraTS-GLI-00477-001,4,4,0.2,0.9999998807907104,1,0.17525461316108704
detected,BraTS-GLI-00477-001,4,4,0.3,0.9999994039535522,1,0.17383982241153717
detected,BraTS-GLI-00477-001,4,4,0.4,0.9999958276748657,1,0.1721557378768921
detected,BraTS-GLI-00477-001,4,4,0.5,0.999970555305481,1,0.17000381648540497
detected,BraTS-GLI-00477-001,4,4,0.6,0.9997900128364563,1,0.16701576113700867
detected,BraTS-GLI-00477-001,4,4,0.7,0.9985063672065735,1,0.16257581114768982
detected,BraTS-GLI-00477-001,4,4,0.8,0.9904976487159729,1,0.15598464012145996
detected,BraTS-GLI-00477-001,4,4,0.9,0.9571419358253479,1,0.14816032350063324
detected,BraTS-GLI-00477-001,4,4,1.0,0.933017909526825,1,0.15107910335063934
detected,BraTS-GLI-00606-000,41,4,0.0,0.9678676724433899,1,0.007078659720718861
detected,BraTS-GLI-00606-000,41,4,0.1,0.9616304039955139,1,0.007551494054496288
detected,BraTS-GLI-00606-000,41,4,0.2,0.954239547252655,1,0.008126901462674141
detected,BraTS-GLI-00606-000,41,4,0.3,0.9455057382583618,1,0.008837580680847168
detected,BraTS-GLI-00606-000,41,4,0.4,0.9352182149887085,1,0.00973600335419178
detected,BraTS-GLI-00606-000,41,4,0.5,0.9231464862823486,1,0.010912138968706131
detected,BraTS-GLI-00606-000,41,4,0.6,0.9090439081192017,1,0.01253008097410202
detected,BraTS-GLI-00606-000,41,4,0.7,0.8926543593406677,1,0.014906487427651882
detected,BraTS-GLI-00606-000,41,4,0.8,0.8737220764160156,1,0.018683504313230515
detected,BraTS-GLI-00606-000,41,4,0.9,0.8520041704177856,1,0.02521602064371109
detected,BraTS-GLI-00606-000,41,4,1.0,0.8321366310119629,1,0.03743285685777664
detected,BraTS-GLI-01460-000,41,4,0.0,1.0,1,0.3974897265434265
detected,BraTS-GLI-01460-000,41,4,0.1,1.0,1,0.3969156742095947
detected,BraTS-GLI-01460-000,41,4,0.2,1.0,1,0.3962104618549347
detected,BraTS-GLI-01460-000,41,4,0.3,1.0,1,0.39535489678382874
detected,BraTS-GLI-01460-000,41,4,0.4,1.0,1,0.39432603120803833
detected,BraTS-GLI-01460-000,41,4,0.5,0.9999995231628418,1,0.3930831551551819
detected,BraTS-GLI-01460-000,41,4,0.6,0.9999946355819702,1,0.391520619392395
detected,BraTS-GLI-01460-000,41,4,0.7,0.9999420642852783,1,0.38932645320892334
detected,BraTS-GLI-01460-000,41,4,0.8,0.9993725419044495,1,0.3855704069137573
detected,BraTS-GLI-01460-000,41,4,0.9,0.993235170841217,1,0.37756720185279846
detected,BraTS-GLI-01460-000,41,4,1.0,0.9315084218978882,1,0.35883796215057373
detected,BraTS-GLI-01531-000,9,4,0.0,1.0,1,0.28035786747932434
detected,BraTS-GLI-01531-000,9,4,0.1,1.0,1,0.2807762026786804
detected,BraTS-GLI-01531-000,9,4,0.2,1.0,1,0.2812480330467224
detected,BraTS-GLI-01531-000,9,4,0.3,1.0,1,0.2817918360233307
detected,BraTS-GLI-01531-000,9,4,0.4,0.9999997615814209,1,0.2824401557445526
detected,BraTS-GLI-01531-000,9,4,0.5,0.9999980926513672,1,0.2832561731338501
detected,BraTS-GLI-01531-000,9,4,0.6,0.9999831914901733,1,0.28437912464141846
detected,BraTS-GLI-01531-000,9,4,0.7,0.9998495578765869,1,0.28616905212402344
detected,BraTS-GLI-01531-000,9,4,0.8,0.9986535310745239,1,0.28973448276519775
detected,BraTS-GLI-01531-000,9,4,0.9,0.9888709187507629,1,0.29910942912101746
detected,BraTS-GLI-01531-000,9,4,1.0,0.9558773040771484,1,0.33004868030548096
detected,BraTS-GLI-01270-000,75,4,0.0,0.9999827146530151,1,0.1328641027212143
detected,BraTS-GLI-01270-000,75,4,0.1,0.9999535083770752,1,0.13202720880508423
detected,BraTS-GLI-01270-000,75,4,0.2,0.9998748302459717,1,0.1310703605413437
detected,BraTS-GLI-01270-000,75,4,0.3,0.999663233757019,1,0.12994691729545593
detected,BraTS-GLI-01270-000,75,4,0.4,0.9990938901901245,1,0.12860174477100372
detected,BraTS-GLI-01270-000,75,4,0.5,0.9975640773773193,1,0.1269855946302414
detected,BraTS-GLI-01270-000,75,4,0.6,0.9934688806533813,1,0.12508843839168549
detected,BraTS-GLI-01270-000,75,4,0.7,0.9830350875854492,1,0.12300023436546326
detected,BraTS-GLI-01270-000,75,4,0.8,0.9676803350448608,1,0.12102335691452026
detected,BraTS-GLI-01270-000,75,4,0.9,0.9511048793792725,1,0.1200156956911087
detected,BraTS-GLI-01270-000,75,4,1.0,0.9266724586486816,1,0.12284625321626663
detected,BraTS-GLI-01246-000,60,4,0.0,1.0,1,0.3103351294994354
detected,BraTS-GLI-01246-000,60,4,0.1,0.9999998807907104,1,0.31081467866897583
detected,BraTS-GLI-01246-000,60,4,0.2,0.9999996423721313,1,0.3113418519496918
detected,BraTS-GLI-01246-000,60,4,0.3,0.9999983310699463,1,0.311896413564682
detected,BraTS-GLI-01246-000,60,4,0.4,0.9999918937683105,1,0.3124307096004486
detected,BraTS-GLI-01246-000,60,4,0.5,0.9999618530273438,1,0.3128386437892914
detected,BraTS-GLI-01246-000,60,4,0.6,0.9998204112052917,1,0.3128890097141266
detected,BraTS-GLI-01246-000,60,4,0.7,0.9991542100906372,1,0.31210196018218994
detected,BraTS-GLI-01246-000,60,4,0.8,0.9960261583328247,1,0.309635192155838
detected,BraTS-GLI-01246-000,60,4,0.9,0.9815433621406555,1,0.3051125407218933
detected,BraTS-GLI-01246-000,60,4,1.0,0.9185901880264282,1,0.3065830171108246
detected,BraTS-GLI-01263-000,76,4,0.0,0.9999988079071045,1,0.12188711762428284
detected,BraTS-GLI-01263-000,76,4,0.1,0.9999961853027344,1,0.12141932547092438
detected,BraTS-GLI-01263-000,76,4,0.2,0.9999874830245972,1,0.12090834230184555
detected,BraTS-GLI-01263-000,76,4,0.3,0.9999598264694214,1,0.12036192417144775
detected,BraTS-GLI-01263-000,76,4,0.4,0.9998708963394165,1,0.11979827284812927
detected,BraTS-GLI-01263-000,76,4,0.5,0.9995842576026917,1,0.11925224959850311
detected,BraTS-GLI-01263-000,76,4,0.6,0.9986628293991089,1,0.11878397315740585
detected,BraTS-GLI-01263-000,76,4,0.7,0.9961104989051819,1,0.11849614977836609
detected,BraTS-GLI-01263-000,76,4,0.8,0.9888471364974976,1,0.1186024397611618
detected,BraTS-GLI-01263-000,76,4,0.9,0.9684501886367798,1,0.11976753920316696
detected,BraTS-GLI-01263-000,76,4,1.0,0.9139941334724426,1,0.12436841428279877
detected,BraTS-GLI-01256-000,31,4,0.0,0.9999233484268188,1,0.20513948798179626
detected,BraTS-GLI-01256-000,31,4,0.1,0.9998239874839783,1,0.2029421031475067
detected,BraTS-GLI-01256-000,31,4,0.2,0.9995960593223572,1,0.20035964250564575
detected,BraTS-GLI-01256-000,31,4,0.3,0.9990730285644531,1,0.19722068309783936
detected,BraTS-GLI-01256-000,31,4,0.4,0.9978748559951782,1,0.19327549636363983
detected,BraTS-GLI-01256-000,31,4,0.5,0.9951353669166565,1,0.18818211555480957
detected,BraTS-GLI-01256-000,31,4,0.6,0.9889033436775208,1,0.1815262883901596
detected,BraTS-GLI-01256-000,31,4,0.7,0.9748890995979309,1,0.17293159663677216
detected,BraTS-GLI-01256-000,31,4,0.8,0.944175124168396,1,0.16235671937465668
detected,BraTS-GLI-01256-000,31,4,0.9,0.880499005317688,1,0.1506895273923874
detected,BraTS-GLI-01256-000,31,4,1.0,0.7624639272689819,1,0.1406378149986267
detected,BraTS-GLI-01263-000,75,4,0.0,1.0,1,0.14274859428405762
detected,BraTS-GLI-01263-000,75,4,0.1,1.0,1,0.1421850025653839
detected,BraTS-GLI-01263-000,75,4,0.2,1.0,1,0.14154863357543945
detected,BraTS-GLI-01263-000,75,4,0.3,0.9999996423721313,1,0.1408204287290573
detected,BraTS-GLI-01263-000,75,4,0.4,0.9999980926513672,1,0.13997700810432434
detected,BraTS-GLI-01263-000,75,4,0.5,0.9999892711639404,1,0.1389884054660797
detected,BraTS-GLI-01263-000,75,4,0.6,0.9999394416809082,1,0.1378113180398941
detected,BraTS-GLI-01263-000,75,4,0.7,0.999657392501831,1,0.1363721638917923
detected,BraTS-GLI-01263-000,75,4,0.8,0.9980645775794983,1,0.13454118371009827
detected,BraTS-GLI-01263-000,75,4,0.9,0.9891483187675476,1,0.13226290047168732
detected,BraTS-GLI-01263-000,75,4,1.0,0.9566982984542847,1,0.13135811686515808
detected,BraTS-GLI-01246-000,37,4,0.0,0.999951958656311,1,0.279809832572937
detected,BraTS-GLI-01246-000,37,4,0.1,0.9998890161514282,1,0.2808416485786438
detected,BraTS-GLI-01246-000,37,4,0.2,0.9997438788414001,1,0.28214046359062195
detected,BraTS-GLI-01246-000,37,4,0.3,0.9994088411331177,1,0.28380653262138367
detected,BraTS-GLI-01246-000,37,4,0.4,0.9986360669136047,1,0.2859910726547241
detected,BraTS-GLI-01246-000,37,4,0.5,0.9968564510345459,1,0.28892800211906433
detected,BraTS-GLI-01246-000,37,4,0.6,0.992771565914154,1,0.2929894030094147
detected,BraTS-GLI-01246-000,37,4,0.7,0.9834664463996887,1,0.298791766166687
detected,BraTS-GLI-01246-000,37,4,0.8,0.9626335501670837,1,0.3074241876602173
detected,BraTS-GLI-01246-000,37,4,0.9,0.9177460074424744,1,0.3209846615791321
detected,BraTS-GLI-01246-000,37,4,1.0,0.8559707999229431,1,0.3437917232513428
detected,BraTS-GLI-01263-000,106,4,0.0,0.9999990463256836,1,0.39057889580726624
detected,BraTS-GLI-01263-000,106,4,0.1,0.9999963045120239,1,0.3908221423625946
detected,BraTS-GLI-01263-000,106,4,0.2,0.9999866485595703,1,0.3910210430622101
detected,BraTS-GLI-01263-000,106,4,0.3,0.9999508857727051,1,0.3910972774028778
detected,BraTS-GLI-01263-000,106,4,0.4,0.999819815158844,1,0.39089399576187134
detected,BraTS-GLI-01263-000,106,4,0.5,0.9993390440940857,1,0.3900951147079468
detected,BraTS-GLI-01263-000,106,4,0.6,0.9975784420967102,1,0.38805171847343445
detected,BraTS-GLI-01263-000,106,4,0.7,0.9911696910858154,1,0.3833927810192108
detected,BraTS-GLI-01263-000,106,4,0.8,0.9683379530906677,1,0.3731398284435272
detected,BraTS-GLI-01263-000,106,4,0.9,0.8928543925285339,1,0.3513657748699188
detected,BraTS-GLI-01263-000,106,4,1.0,0.6942379474639893,1,0.3163518011569977
detected,BraTS-GLI-01263-000,92,4,0.0,0.9998689889907837,1,0.12894579768180847
detected,BraTS-GLI-01263-000,92,4,0.1,0.9997068047523499,1,0.1282578408718109
detected,BraTS-GLI-01263-000,92,4,0.2,0.9993439316749573,1,0.12738624215126038
detected,BraTS-GLI-01263-000,92,4,0.3,0.9985324144363403,1,0.1262647956609726
detected,BraTS-GLI-01263-000,92,4,0.4,0.9967204928398132,1,0.1248098686337471
detected,BraTS-GLI-01263-000,92,4,0.5,0.9926879405975342,1,0.12292474508285522
detected,BraTS-GLI-01263-000,92,4,0.6,0.9837775230407715,1,0.12051557004451752
detected,BraTS-GLI-01263-000,92,4,0.7,0.9643985033035278,1,0.11753285676240921
detected,BraTS-GLI-01263-000,92,4,0.8,0.9236657619476318,1,0.11406464129686356
detected,BraTS-GLI-01263-000,92,4,0.9,0.8647807240486145,1,0.11063086241483688
detected,BraTS-GLI-01263-000,92,4,1.0,0.8237173557281494,1,0.10958925634622574
detected,BraTS-GLI-00018-000,4,4,0.0,0.9999997615814209,1,0.036202289164066315
detected,BraTS-GLI-00018-000,4,4,0.1,0.9999991655349731,1,0.03594660386443138
detected,BraTS-GLI-00018-000,4,4,0.2,0.9999969005584717,1,0.03571196272969246
detected,BraTS-GLI-00018-000,4,4,0.3,0.999988317489624,1,0.035527534782886505
detected,BraTS-GLI-00018-000,4,4,0.4,0.9999551773071289,1,0.035444099456071854
detected,BraTS-GLI-00018-000,4,4,0.5,0.9998286962509155,1,0.03555205836892128
detected,BraTS-GLI-00018-000,4,4,0.6,0.9993454813957214,1,0.036018986254930496
detected,BraTS-GLI-00018-000,4,4,0.7,0.9975023865699768,1,0.037175972014665604
detected,BraTS-GLI-00018-000,4,4,0.8,0.991461992263794,1,0.03973972424864769
detected,BraTS-GLI-00018-000,4,4,0.9,0.978465735912323,1,0.04545339569449425
detected,BraTS-GLI-00018-000,4,4,1.0,0.9467501640319824,1,0.05911486968398094
detected,BraTS-GLI-01080-000,5,4,0.0,1.0,1,0.003684611525386572
detected,BraTS-GLI-01080-000,5,4,0.1,0.9999998807907104,1,0.0038161647971719503
detected,BraTS-GLI-01080-000,5,4,0.2,0.9999995231628418,1,0.0039878287352621555
detected,BraTS-GLI-01080-000,5,4,0.3,0.9999977350234985,1,0.004219787195324898
detected,BraTS-GLI-01080-000,5,4,0.4,0.9999886751174927,1,0.004547398537397385
detected,BraTS-GLI-01080-000,5,4,0.5,0.9999498128890991,1,0.005037762224674225
detected,BraTS-GLI-01080-000,5,4,0.6,0.9997773766517639,1,0.005835086572915316
detected,BraTS-GLI-01080-000,5,4,0.7,0.9990133047103882,1,0.007317746058106422
detected,BraTS-GLI-01080-000,5,4,0.8,0.9956395626068115,1,0.010802122764289379
detected,BraTS-GLI-01080-000,5,4,0.9,0.980949342250824,1,0.02247658185660839
detected,BraTS-GLI-01080-000,5,4,1.0,0.9207099676132202,1,0.07726206630468369
detected,BraTS-GLI-01228-000,59,4,0.0,1.0,1,0.07376605272293091
detected,BraTS-GLI-01228-000,59,4,0.1,1.0,1,0.07406654208898544
detected,BraTS-GLI-01228-000,59,4,0.2,0.9999998807907104,1,0.07444056123495102
detected,BraTS-GLI-01228-000,59,4,0.3,0.9999995231628418,1,0.07491795718669891
detected,BraTS-GLI-01228-000,59,4,0.4,0.9999972581863403,1,0.07554541528224945
detected,BraTS-GLI-01228-000,59,4,0.5,0.9999822378158569,1,0.07640229165554047
detected,BraTS-GLI-01228-000,59,4,0.6,0.9998862743377686,1,0.07764165848493576
detected,BraTS-GLI-01228-000,59,4,0.7,0.9993323683738708,1,0.07961888611316681
detected,BraTS-GLI-01228-000,59,4,0.8,0.9963271021842957,1,0.08342363685369492
detected,BraTS-GLI-01228-000,59,4,0.9,0.9814221858978271,1,0.09387759119272232
detected,BraTS-GLI-01228-000,59,4,1.0,0.9268919229507446,1,0.1403161883354187
detected,BraTS-GLI-00024-000,2,4,0.0,1.0,1,0.012403829023241997
detected,BraTS-GLI-00024-000,2,4,0.1,1.0,1,0.012422481551766396
detected,BraTS-GLI-00024-000,2,4,0.2,1.0,1,0.01244773343205452
detected,BraTS-GLI-00024-000,2,4,0.3,1.0,1,0.012484490871429443
detected,BraTS-GLI-00024-000,2,4,0.4,1.0,1,0.01254250854253769
detected,BraTS-GLI-00024-000,2,4,0.5,1.0,1,0.01264367625117302
detected,BraTS-GLI-00024-000,2,4,0.6,0.9999995231628418,1,0.01285075955092907
detected,BraTS-GLI-00024-000,2,4,0.7,0.9999901056289673,1,0.013403923250734806
detected,BraTS-GLI-00024-000,2,4,0.8,0.9998249411582947,1,0.015431823208928108
detected,BraTS-GLI-00024-000,2,4,0.9,0.9976060390472412,1,0.0249441247433424
detected,BraTS-GLI-00024-000,2,4,1.0,0.9816777110099792,1,0.07518571615219116
detected,BraTS-GLI-01222-000,3,4,0.0,1.0,1,0.3833867311477661
detected,BraTS-GLI-01222-000,3,4,0.1,1.0,1,0.3829573690891266
detected,BraTS-GLI-01222-000,3,4,0.2,1.0,1,0.3824595808982849
detected,BraTS-GLI-01222-000,3,4,0.3,1.0,1,0.3818725645542145
detected,BraTS-GLI-01222-000,3,4,0.4,1.0,1,0.3811573386192322
detected,BraTS-GLI-01222-000,3,4,0.5,1.0,1,0.38022953271865845
detected,BraTS-GLI-01222-000,3,4,0.6,0.9999991655349731,1,0.3788764178752899
detected,BraTS-GLI-01222-000,3,4,0.7,0.9999867677688599,1,0.37646353244781494
detected,BraTS-GLI-01222-000,3,4,0.8,0.9997952580451965,1,0.370828241109848
detected,BraTS-GLI-01222-000,3,4,0.9,0.99685138463974,1,0.35464009642601013
detected,BraTS-GLI-01222-000,3,4,1.0,0.953536331653595,1,0.317266047000885
detected,BraTS-GLI-01240-000,3,4,0.0,1.0,1,0.05662700533866882
detected,BraTS-GLI-01240-000,3,4,0.1,1.0,1,0.05672368034720421
detected,BraTS-GLI-01240-000,3,4,0.2,1.0,1,0.05685228854417801
detected,BraTS-GLI-01240-000,3,4,0.3,1.0,1,0.05702384561300278
detected,BraTS-GLI-01240-000,3,4,0.4,0.9999996423721313,1,0.05725209787487984
detected,BraTS-GLI-01240-000,3,4,0.5,0.9999970197677612,1,0.057553116232156754
detected,BraTS-GLI-01240-000,3,4,0.6,0.9999773502349854,1,0.057950254529714584
detected,BraTS-GLI-01240-000,3,4,0.7,0.99982750415802,1,0.0585356280207634
detected,BraTS-GLI-01240-000,3,4,0.8,0.9986863732337952,1,0.05995249003171921
detected,BraTS-GLI-01240-000,3,4,0.9,0.9900686144828796,1,0.0668049231171608
detected,BraTS-GLI-01240-000,3,4,1.0,0.9503851532936096,1,0.10992179811000824
detected,BraTS-GLI-01222-000,9,4,0.0,1.0,1,0.6091136932373047
detected,BraTS-GLI-01222-000,9,4,0.1,1.0,1,0.6079620718955994
detected,BraTS-GLI-01222-000,9,4,0.2,0.9999998807907104,1,0.6066298484802246
detected,BraTS-GLI-01222-000,9,4,0.3,0.9999995231628418,1,0.6050469875335693
detected,BraTS-GLI-01222-000,9,4,0.4,0.999996542930603,1,0.6031062602996826
detected,BraTS-GLI-01222-000,9,4,0.5,0.9999786615371704,1,0.6006268858909607
detected,BraTS-GLI-01222-000,9,4,0.6,0.9998691082000732,1,0.5972272753715515
detected,BraTS-GLI-01222-000,9,4,0.7,0.999196469783783,1,0.5917983651161194
detected,BraTS-GLI-01222-000,9,4,0.8,0.9950841069221497,1,0.5802512168884277
detected,BraTS-GLI-01222-000,9,4,0.9,0.9705451130867004,1,0.5468486547470093
detected,BraTS-GLI-01222-000,9,4,1.0,0.8589192032814026,1,0.44974613189697266
detected,BraTS-GLI-00772-000,2,4,0.0,0.9978691339492798,1,0.0057620941661298275
detected,BraTS-GLI-00772-000,2,4,0.1,0.9967842102050781,1,0.006053091958165169
detected,BraTS-GLI-00772-000,2,4,0.2,0.9951494336128235,1,0.006412828806787729
detected,BraTS-GLI-00772-000,2,4,0.3,0.9926895499229431,1,0.00686095654964447
detected,BraTS-GLI-00772-000,2,4,0.4,0.9889962673187256,1,0.007423875387758017
detected,BraTS-GLI-00772-000,2,4,0.5,0.9843646883964539,1,0.008138216100633144
detected,BraTS-GLI-00772-000,2,4,0.6,0.9793822765350342,1,0.009057092480361462
detected,BraTS-GLI-00772-000,2,4,0.7,0.972855806350708,1,0.01026271004229784
detected,BraTS-GLI-00772-000,2,4,0.8,0.9643388390541077,1,0.01189396996051073
detected,BraTS-GLI-00772-000,2,4,0.9,0.9532778859138489,1,0.01421342696994543
detected,BraTS-GLI-00772-000,2,4,1.0,0.939003050327301,1,0.01778959296643734
detected,BraTS-GLI-01263-000,66,4,0.0,1.0,1,0.12796437740325928
detected,BraTS-GLI-01263-000,66,4,0.1,1.0,1,0.12737536430358887
detected,BraTS-GLI-01263-000,66,4,0.2,1.0,1,0.1267048716545105
detected,BraTS-GLI-01263-000,66,4,0.3,1.0,1,0.12595230340957642
detected,BraTS-GLI-01263-000,66,4,0.4,1.0,1,0.12512622773647308
detected,BraTS-GLI-01263-000,66,4,0.5,0.9999998807907104,1,0.12424258142709732
detected,BraTS-GLI-01263-000,66,4,0.6,0.9999986886978149,1,0.1232997477054596
detected,BraTS-GLI-01263-000,66,4,0.7,0.9999860525131226,1,0.12223204970359802
detected,BraTS-GLI-01263-000,66,4,0.8,0.9998476505279541,1,0.12098436057567596
detected,BraTS-GLI-01263-000,66,4,0.9,0.9983440637588501,1,0.12016960233449936
detected,BraTS-GLI-01263-000,66,4,1.0,0.9822555780410767,1,0.12506933510303497
detected,BraTS-GLI-01163-000,7,4,0.0,0.9967330694198608,1,0.1833040714263916
detected,BraTS-GLI-01163-000,7,4,0.1,0.9947324991226196,1,0.18234825134277344
detected,BraTS-GLI-01163-000,7,4,0.2,0.9915174841880798,1,0.18130050599575043
detected,BraTS-GLI-01163-000,7,4,0.3,0.9863669276237488,1,0.18015189468860626
detected,BraTS-GLI-01163-000,7,4,0.4,0.978158175945282,1,0.17888706922531128
detected,BraTS-GLI-01163-000,7,4,0.5,0.9651809930801392,1,0.1774902045726776
detected,BraTS-GLI-01163-000,7,4,0.6,0.9449275732040405,1,0.17600882053375244
detected,BraTS-GLI-01163-000,7,4,0.7,0.9139437675476074,1,0.1748814880847931
detected,BraTS-GLI-01163-000,7,4,0.8,0.8679640889167786,1,0.1763322800397873
detected,BraTS-GLI-01163-000,7,4,0.9,0.8027204275131226,1,0.1896069049835205
detected,BraTS-GLI-01163-000,7,4,1.0,0.7509661912918091,1,0.24550102651119232
detected,BraTS-GLI-00650-000,4,4,0.0,1.0,1,0.009506539441645145
detected,BraTS-GLI-00650-000,4,4,0.1,0.9999997615814209,1,0.009504387155175209
detected,BraTS-GLI-00650-000,4,4,0.2,0.9999990463256836,1,0.009517855010926723
detected,BraTS-GLI-00650-000,4,4,0.3,0.9999954700469971,1,0.00956218782812357
detected,BraTS-GLI-00650-000,4,4,0.4,0.99997878074646,1,0.00966703612357378
detected,BraTS-GLI-00650-000,4,4,0.5,0.9998989105224609,1,0.009893575683236122
detected,BraTS-GLI-00650-000,4,4,0.6,0.9995195865631104,1,0.010379030369222164
detected,BraTS-GLI-00650-000,4,4,0.7,0.997719943523407,1,0.011471525765955448
detected,BraTS-GLI-00650-000,4,4,0.8,0.9892510175704956,1,0.014258378185331821
detected,BraTS-GLI-00650-000,4,4,0.9,0.9508729577064514,1,0.023748626932501793
detected,BraTS-GLI-00650-000,4,4,1.0,0.8854897022247314,1,0.07922632992267609
detected,BraTS-GLI-01027-001,2,4,0.0,1.0,1,0.023929286748170853
detected,BraTS-GLI-01027-001,2,4,0.1,1.0,1,0.024039817973971367
detected,BraTS-GLI-01027-001,2,4,0.2,1.0,1,0.02419440448284149
detected,BraTS-GLI-01027-001,2,4,0.3,0.9999998807907104,1,0.02441524714231491
detected,BraTS-GLI-01027-001,2,4,0.4,0.9999991655349731,1,0.02474208176136017
detected,BraTS-GLI-01027-001,2,4,0.5,0.9999945163726807,1,0.02525338903069496
detected,BraTS-GLI-01027-001,2,4,0.6,0.9999613761901855,1,0.026118848472833633
detected,BraTS-GLI-01027-001,2,4,0.7,0.9997275471687317,1,0.0277413260191679
detected,BraTS-GLI-01027-001,2,4,0.8,0.9982677698135376,1,0.03121977671980858
detected,BraTS-GLI-01027-001,2,4,0.9,0.9898063540458679,1,0.04045826196670532
detected,BraTS-GLI-01027-001,2,4,1.0,0.9423986673355103,1,0.0756976529955864
detected,BraTS-GLI-01246-000,33,4,0.0,1.0,1,0.2205401510000229
detected,BraTS-GLI-01246-000,33,4,0.1,0.9999998807907104,1,0.22147534787654877
detected,BraTS-GLI-01246-000,33,4,0.2,0.9999994039535522,1,0.22258992493152618
detected,BraTS-GLI-01246-000,33,4,0.3,0.9999973773956299,1,0.22394782304763794
detected,BraTS-GLI-01246-000,33,4,0.4,0.999987006187439,1,0.22565129399299622
detected,BraTS-GLI-01246-000,33,4,0.5,0.9999368190765381,1,0.22787541151046753
detected,BraTS-GLI-01246-000,33,4,0.6,0.9996927976608276,1,0.23094607889652252
detected,BraTS-GLI-01246-000,33,4,0.7,0.9985076785087585,1,0.235541433095932
detected,BraTS-GLI-01246-000,33,4,0.8,0.9933413863182068,1,0.24331778287887573
detected,BraTS-GLI-01246-000,33,4,0.9,0.9759112596511841,1,0.2594124376773834
detected,BraTS-GLI-01246-000,33,4,1.0,0.9166814684867859,1,0.3051029443740845
detected,BraTS-GLI-01263-000,35,4,0.0,0.989662766456604,1,0.0005234542186371982
detected,BraTS-GLI-01263-000,35,4,0.1,0.9883274435997009,1,0.0007952388841658831
detected,BraTS-GLI-01263-000,35,4,0.2,0.9868218898773193,1,0.0012154027353972197
detected,BraTS-GLI-01263-000,35,4,0.3,0.9851250648498535,1,0.0018705575494095683
detected,BraTS-GLI-01263-000,35,4,0.4,0.9832136631011963,1,0.0029033299069851637
detected,BraTS-GLI-01263-000,35,4,0.5,0.9810612201690674,1,0.004555497318506241
detected,BraTS-GLI-01263-000,35,4,0.6,0.9786388278007507,1,0.007254274096339941
detected,BraTS-GLI-01263-000,35,4,0.7,0.9759140610694885,1,0.011797470040619373
detected,BraTS-GLI-01263-000,35,4,0.8,0.972851574420929,1,0.019772522151470184
detected,BraTS-GLI-01263-000,35,4,0.9,0.9694117903709412,1,0.03452010825276375
detected,BraTS-GLI-01263-000,35,4,1.0,0.9655516147613525,1,0.06324190646409988
detected,BraTS-GLI-00283-000,2,4,0.0,0.9999992847442627,1,0.03650984168052673
detected,BraTS-GLI-00283-000,2,4,0.1,0.9999977350234985,1,0.0383635051548481
detected,BraTS-GLI-00283-000,2,4,0.2,0.9999926090240479,1,0.04060688987374306
detected,BraTS-GLI-00283-000,2,4,0.3,0.9999759197235107,1,0.0433368980884552
detected,BraTS-GLI-00283-000,2,4,0.4,0.9999212026596069,1,0.04667558893561363
detected,BraTS-GLI-00283-000,2,4,0.5,0.9997431635856628,1,0.050797440111637115
detected,BraTS-GLI-00283-000,2,4,0.6,0.9991626739501953,1,0.0560334175825119
detected,BraTS-GLI-00283-000,2,4,0.7,0.9972736239433289,1,0.06321272999048233
detected,BraTS-GLI-00283-000,2,4,0.8,0.9911602139472961,1,0.07471366971731186
detected,BraTS-GLI-00283-000,2,4,0.9,0.9790285229682922,1,0.09795469790697098
detected,BraTS-GLI-00283-000,2,4,1.0,0.9545683264732361,1,0.16180145740509033
detected,BraTS-GLI-01263-000,33,4,0.0,0.999790370464325,1,0.05975651741027832
detected,BraTS-GLI-01263-000,33,4,0.1,0.9996080994606018,1,0.06061132252216339
detected,BraTS-GLI-01263-000,33,4,0.2,0.9992675185203552,1,0.06172311678528786
detected,BraTS-GLI-01263-000,33,4,0.3,0.9986315369606018,1,0.06320501863956451
detected,BraTS-GLI-01263-000,33,4,0.4,0.9974448680877686,1,0.06524403393268585
detected,BraTS-GLI-01263-000,33,4,0.5,0.995233952999115,1,0.06816238164901733
detected,BraTS-GLI-01263-000,33,4,0.6,0.9911268353462219,1,0.07253719121217728
detected,BraTS-GLI-01263-000,33,4,0.7,0.9835388660430908,1,0.07943958044052124
detected,BraTS-GLI-01263-000,33,4,0.8,0.9696609973907471,1,0.09091770648956299
detected,BraTS-GLI-01263-000,33,4,0.9,0.9447402954101562,1,0.11095722764730453
detected,BraTS-GLI-01263-000,33,4,1.0,0.9064052104949951,1,0.14722175896167755
detected,BraTS-GLI-00061-000,1,4,0.0,1.0,1,0.036124199628829956
detected,BraTS-GLI-00061-000,1,4,0.1,1.0,1,0.035790108144283295
detected,BraTS-GLI-00061-000,1,4,0.2,1.0,1,0.035433921962976456
detected,BraTS-GLI-00061-000,1,4,0.3,1.0,1,0.035061247646808624
detected,BraTS-GLI-00061-000,1,4,0.4,0.9999998807907104,1,0.03468528017401695
detected,BraTS-GLI-00061-000,1,4,0.5,0.9999992847442627,1,0.034336235374212265
detected,BraTS-GLI-00061-000,1,4,0.6,0.9999915361404419,1,0.034089814871549606
detected,BraTS-GLI-00061-000,1,4,0.7,0.9999045133590698,1,0.03416945040225983
detected,BraTS-GLI-00061-000,1,4,0.8,0.9989253878593445,1,0.03540407121181488
detected,BraTS-GLI-00061-000,1,4,0.9,0.9958072900772095,1,0.04186138138175011
detected,BraTS-GLI-00061-000,1,4,1.0,0.9879636764526367,1,0.07832523435354233
detected,BraTS-GLI-00312-000,5,4,0.0,0.13901174068450928,0,0.02696346677839756
detected,BraTS-GLI-00312-000,5,4,0.1,0.17320358753204346,0,0.02727365680038929
detected,BraTS-GLI-00312-000,5,4,0.2,0.21371783316135406,0,0.027613215148448944
detected,BraTS-GLI-00312-000,5,4,0.3,0.26072046160697937,0,0.027999987825751305
detected,BraTS-GLI-00312-000,5,4,0.4,0.3139330744743347,0,0.02847457490861416
detected,BraTS-GLI-00312-000,5,4,0.5,0.3725334405899048,0,0.029130082577466965
detected,BraTS-GLI-00312-000,5,4,0.6,0.435134619474411,0,0.030185241252183914
detected,BraTS-GLI-00312-000,5,4,0.7,0.4998749792575836,0,0.03217357397079468
detected,BraTS-GLI-00312-000,5,4,0.8,0.5646195411682129,1,0.03645836189389229
detected,BraTS-GLI-00312-000,5,4,0.9,0.6272327899932861,1,0.04669732600450516
detected,BraTS-GLI-00312-000,5,4,1.0,0.6858516931533813,1,0.07343217730522156
detected,BraTS-GLI-01246-000,24,4,0.0,1.0,1,0.4362194240093231
detected,BraTS-GLI-01246-000,24,4,0.1,1.0,1,0.43512627482414246
detected,BraTS-GLI-01246-000,24,4,0.2,0.9999998807907104,1,0.4337664246559143
detected,BraTS-GLI-01246-000,24,4,0.3,0.9999990463256836,1,0.432048499584198
detected,BraTS-GLI-01246-000,24,4,0.4,0.9999945163726807,1,0.4298257529735565
detected,BraTS-GLI-01246-000,24,4,0.5,0.9999682903289795,1,0.4268355667591095
detected,BraTS-GLI-01246-000,24,4,0.6,0.9998183846473694,1,0.4225488305091858
detected,BraTS-GLI-01246-000,24,4,0.7,0.9989596605300903,1,0.4157905578613281
detected,BraTS-GLI-01246-000,24,4,0.8,0.994066596031189,1,0.4038088023662567
detected,BraTS-GLI-01246-000,24,4,0.9,0.9669216275215149,1,0.3806883990764618
detected,BraTS-GLI-01246-000,24,4,1.0,0.8493881225585938,1,0.3403807282447815
detected,BraTS-GLI-00084-001,1,4,0.0,1.0,1,0.0812884271144867
detected,BraTS-GLI-00084-001,1,4,0.1,1.0,1,0.08197692781686783
detected,BraTS-GLI-00084-001,1,4,0.2,0.9999997615814209,1,0.08282800763845444
detected,BraTS-GLI-00084-001,1,4,0.3,0.9999986886978149,1,0.08391081541776657
detected,BraTS-GLI-00084-001,1,4,0.4,0.9999923706054688,1,0.0853424072265625
detected,BraTS-GLI-00084-001,1,4,0.5,0.9999562501907349,1,0.0873393565416336
detected,BraTS-GLI-00084-001,1,4,0.6,0.9997493624687195,1,0.09035800397396088
detected,BraTS-GLI-00084-001,1,4,0.7,0.9985892176628113,1,0.09554171562194824
detected,BraTS-GLI-00084-001,1,4,0.8,0.9923335313796997,1,0.10629843175411224
detected,BraTS-GLI-00084-001,1,4,0.9,0.9737528562545776,1,0.13332103192806244
detected,BraTS-GLI-00084-001,1,4,1.0,0.957895040512085,1,0.20579925179481506
detected,BraTS-GLI-01489-000,8,4,0.0,1.0,1,0.037095896899700165
detected,BraTS-GLI-01489-000,8,4,0.1,1.0,1,0.037586361169815063
detected,BraTS-GLI-01489-000,8,4,0.2,1.0,1,0.038152728229761124
detected,BraTS-GLI-01489-000,8,4,0.3,1.0,1,0.038826651871204376
detected,BraTS-GLI-01489-000,8,4,0.4,0.9999998807907104,1,0.039665255695581436
detected,BraTS-GLI-01489-000,8,4,0.5,0.9999992847442627,1,0.040777839720249176
detected,BraTS-GLI-01489-000,8,4,0.6,0.9999926090240479,1,0.04238574951887131
detected,BraTS-GLI-01489-000,8,4,0.7,0.9999233484268188,1,0.04495929926633835
detected,BraTS-GLI-01489-000,8,4,0.8,0.9992759823799133,1,0.049534332007169724
detected,BraTS-GLI-01489-000,8,4,0.9,0.9945735335350037,1,0.05842844024300575
detected,BraTS-GLI-01489-000,8,4,1.0,0.9790992140769958,1,0.07671216130256653
detected,BraTS-GLI-01531-000,4,4,0.0,1.0,1,0.5125428438186646
detected,BraTS-GLI-01531-000,4,4,0.1,1.0,1,0.5122810006141663
detected,BraTS-GLI-01531-000,4,4,0.2,1.0,1,0.511960506439209
detected,BraTS-GLI-01531-000,4,4,0.3,1.0,1,0.5115514397621155
detected,BraTS-GLI-01531-000,4,4,0.4,1.0,1,0.5109961032867432
detected,BraTS-GLI-01531-000,4,4,0.5,0.9999998807907104,1,0.5101739764213562
detected,BraTS-GLI-01531-000,4,4,0.6,0.999998927116394,1,0.5088101625442505
detected,BraTS-GLI-01531-000,4,4,0.7,0.9999828338623047,1,0.5062146782875061
detected,BraTS-GLI-01531-000,4,4,0.8,0.9997110962867737,1,0.5004911422729492
detected,BraTS-GLI-01531-000,4,4,0.9,0.9956825971603394,1,0.486152321100235
detected,BraTS-GLI-01531-000,4,4,1.0,0.9481228590011597,1,0.44989919662475586
detected,BraTS-GLI-01263-000,8,4,0.0,1.0,1,0.059679463505744934
detected,BraTS-GLI-01263-000,8,4,0.1,1.0,1,0.0601058304309845
detected,BraTS-GLI-01263-000,8,4,0.2,1.0,1,0.06064459681510925
detected,BraTS-GLI-01263-000,8,4,0.3,1.0,1,0.06134422868490219
detected,BraTS-GLI-01263-000,8,4,0.4,1.0,1,0.06228318810462952
detected,BraTS-GLI-01263-000,8,4,0.5,0.9999995231628418,1,0.06359761953353882
detected,BraTS-GLI-01263-000,8,4,0.6,0.9999954700469971,1,0.06554654985666275
detected,BraTS-GLI-01263-000,8,4,0.7,0.9999569654464722,1,0.06868880987167358
detected,BraTS-GLI-01263-000,8,4,0.8,0.9995933175086975,1,0.07446126639842987
detected,BraTS-GLI-01263-000,8,4,0.9,0.9965829253196716,1,0.08755882829427719
detected,BraTS-GLI-01263-000,8,4,1.0,0.9782020449638367,1,0.1273157298564911
detected,BraTS-GLI-01270-000,86,4,0.0,0.9999797344207764,1,0.037551965564489365
detected,BraTS-GLI-01270-000,86,4,0.1,0.9999538660049438,1,0.03864447772502899
detected,BraTS-GLI-01270-000,86,4,0.2,0.9998950958251953,1,0.03990122675895691
detected,BraTS-GLI-01270-000,86,4,0.3,0.9997614026069641,1,0.0413643978536129
detected,BraTS-GLI-01270-000,86,4,0.4,0.9994575381278992,1,0.04308641329407692
detected,BraTS-GLI-01270-000,86,4,0.5,0.9987672567367554,1,0.04513251408934593
detected,BraTS-GLI-01270-000,86,4,0.6,0.9972010850906372,1,0.04758903756737709
detected,BraTS-GLI-01270-000,86,4,0.7,0.9936574101448059,1,0.05059504508972168
detected,BraTS-GLI-01270-000,86,4,0.8,0.985692024230957,1,0.05445915460586548
detected,BraTS-GLI-01270-000,86,4,0.9,0.968044638633728,1,0.060045596212148666
detected,BraTS-GLI-01270-000,86,4,1.0,0.9301729202270508,1,0.06982950866222382
detected,BraTS-GLI-00731-000,1,4,0.0,1.0,1,1.6501292776638365e-08
detected,BraTS-GLI-00731-000,1,4,0.1,1.0,1,6.195163848587981e-08
detected,BraTS-GLI-00731-000,1,4,0.2,1.0,1,2.3656768632918102e-07
detected,BraTS-GLI-00731-000,1,4,0.3,0.9999997615814209,1,9.229561896972882e-07
detected,BraTS-GLI-00731-000,1,4,0.4,0.9999985694885254,1,3.7018992316006916e-06
detected,BraTS-GLI-00731-000,1,4,0.5,0.9999889135360718,1,1.5392542991321534e-05
detected,BraTS-GLI-00731-000,1,4,0.6,0.9999164342880249,1,6.70545850880444e-05
detected,BraTS-GLI-00731-000,1,4,0.7,0.9993718266487122,1,0.00030973536195233464
detected,BraTS-GLI-00731-000,1,4,0.8,0.9959814548492432,1,0.0015369515167549253
detected,BraTS-GLI-00731-000,1,4,0.9,0.9917616844177246,1,0.008437213487923145
detected,BraTS-GLI-00731-000,1,4,1.0,0.983185350894928,1,0.05487177148461342
detected,BraTS-GLI-00838-000,13,4,0.0,1.0,1,0.004317109007388353
detected,BraTS-GLI-00838-000,13,4,0.1,1.0,1,0.0043420335277915
detected,BraTS-GLI-00838-000,13,4,0.2,1.0,1,0.004388179164379835
detected,BraTS-GLI-00838-000,13,4,0.3,1.0,1,0.00446919072419405
detected,BraTS-GLI-00838-000,13,4,0.4,1.0,1,0.004612164571881294
detected,BraTS-GLI-00838-000,13,4,0.5,1.0,1,0.004874884150922298
detected,BraTS-GLI-00838-000,13,4,0.6,0.9999998807907104,1,0.0053894962184131145
detected,BraTS-GLI-00838-000,13,4,0.7,0.9999972581863403,1,0.006480732001364231
detected,BraTS-GLI-00838-000,13,4,0.8,0.9999339580535889,1,0.009086093865334988
detected,BraTS-GLI-00838-000,13,4,0.9,0.9986785054206848,1,0.016900204122066498
detected,BraTS-GLI-00838-000,13,4,1.0,0.9818130731582642,1,0.05145777016878128
detected,BraTS-GLI-01051-000,71,4,0.0,1.0,1,0.02329237572848797
detected,BraTS-GLI-01051-000,71,4,0.1,1.0,1,0.023262348026037216
detected,BraTS-GLI-01051-000,71,4,0.2,1.0,1,0.023259121924638748
detected,BraTS-GLI-01051-000,71,4,0.3,1.0,1,0.023304691538214684
detected,BraTS-GLI-01051-000,71,4,0.4,1.0,1,0.023439107462763786
detected,BraTS-GLI-01051-000,71,4,0.5,0.9999995231628418,1,0.02374020591378212
detected,BraTS-GLI-01051-000,71,4,0.6,0.9999953508377075,1,0.024376649409532547
detected,BraTS-GLI-01051-000,71,4,0.7,0.99994957447052,1,0.025780394673347473
detected,BraTS-GLI-01051-000,71,4,0.8,0.9995291233062744,1,0.029341192916035652
detected,BraTS-GLI-01051-000,71,4,0.9,0.996335506439209,1,0.04073358327150345
detected,BraTS-GLI-01051-000,71,4,1.0,0.9788396954536438,1,0.08662588894367218
detected,BraTS-GLI-01531-000,10,4,0.0,0.9999933242797852,1,0.4585832953453064
detected,BraTS-GLI-01531-000,10,4,0.1,0.9999788999557495,1,0.45838484168052673
detected,BraTS-GLI-01531-000,10,4,0.2,0.9999334812164307,1,0.45799219608306885
detected,BraTS-GLI-01531-000,10,4,0.3,0.9997898936271667,1,0.4572799503803253
detected,BraTS-GLI-01531-000,10,4,0.4,0.9993364214897156,1,0.4560454487800598
detected,BraTS-GLI-01531-000,10,4,0.5,0.9979071617126465,1,0.4539608657360077
detected,BraTS-GLI-01531-000,10,4,0.6,0.9934187531471252,1,0.4504983127117157
detected,BraTS-GLI-01531-000,10,4,0.7,0.9795029163360596,1,0.444853812456131
detected,BraTS-GLI-01531-000,10,4,0.8,0.9379979968070984,1,0.4360789954662323
detected,BraTS-GLI-01531-000,10,4,0.9,0.8272701501846313,1,0.4243646264076233
detected,BraTS-GLI-01531-000,10,4,1.0,0.7642014026641846,1,0.4158359467983246
detected,BraTS-GLI-00283-000,4,4,0.0,1.0,1,0.00015039581921882927
detected,BraTS-GLI-00283-000,4,4,0.1,1.0,1,0.00020632123050745577
detected,BraTS-GLI-00283-000,4,4,0.2,1.0,1,0.00028684845892712474
detected,BraTS-GLI-00283-000,4,4,0.3,0.9999998807907104,1,0.00040682224789634347
detected,BraTS-GLI-00283-000,4,4,0.4,0.999998927116394,1,0.000594521698076278
detected,BraTS-GLI-00283-000,4,4,0.5,0.9999934434890747,1,0.0009085130877792835
detected,BraTS-GLI-00283-000,4,4,0.6,0.9999594688415527,1,0.0014808338601142168
detected,BraTS-GLI-00283-000,4,4,0.7,0.9997487664222717,1,0.0026387276593595743
detected,BraTS-GLI-00283-000,4,4,0.8,0.9984461665153503,1,0.0053288284689188
detected,BraTS-GLI-00283-000,4,4,0.9,0.9912465214729309,1,0.013421068899333477
detected,BraTS-GLI-00283-000,4,4,1.0,0.9543309211730957,1,0.05493272468447685
detected,BraTS-GLI-00416-000,2,4,0.0,0.9999997615814209,1,0.029987575486302376
detected,BraTS-GLI-00416-000,2,4,0.1,0.999998927116394,1,0.029795324429869652
detected,BraTS-GLI-00416-000,2,4,0.2,0.9999957084655762,1,0.02959061600267887
detected,BraTS-GLI-00416-000,2,4,0.3,0.9999831914901733,1,0.029381418600678444
detected,BraTS-GLI-00416-000,2,4,0.4,0.9999336004257202,1,0.029185602441430092
detected,BraTS-GLI-00416-000,2,4,0.5,0.9997379183769226,1,0.029040444642305374
detected,BraTS-GLI-00416-000,2,4,0.6,0.9989660978317261,1,0.029021911323070526
detected,BraTS-GLI-00416-000,2,4,0.7,0.9965351819992065,1,0.029285287484526634
detected,BraTS-GLI-00416-000,2,4,0.8,0.9909049868583679,1,0.030156711116433144
detected,BraTS-GLI-00416-000,2,4,0.9,0.9763428568840027,1,0.032357871532440186
detected,BraTS-GLI-00416-000,2,4,1.0,0.9398797154426575,1,0.03762176260352135
detected,BraTS-GLI-01246-000,52,4,0.0,0.9999990463256836,1,0.29785582423210144
detected,BraTS-GLI-01246-000,52,4,0.1,0.9999970197677612,1,0.29911354184150696
detected,BraTS-GLI-01246-000,52,4,0.2,0.9999903440475464,1,0.30055513978004456
detected,BraTS-GLI-01246-000,52,4,0.3,0.9999685287475586,1,0.3022844195365906
detected,BraTS-GLI-01246-000,52,4,0.4,0.9998974800109863,1,0.30448952317237854
detected,BraTS-GLI-01246-000,52,4,0.5,0.9996662139892578,1,0.30751073360443115
detected,BraTS-GLI-01246-000,52,4,0.6,0.9989140033721924,1,0.3119642734527588
detected,BraTS-GLI-01246-000,52,4,0.7,0.9964725375175476,1,0.31896594166755676
detected,BraTS-GLI-01246-000,52,4,0.8,0.9886053204536438,1,0.3305955231189728
detected,BraTS-GLI-01246-000,52,4,0.9,0.9651238918304443,1,0.3517470955848694
detected,BraTS-GLI-01246-000,52,4,1.0,0.9077414870262146,1,0.3995572328567505
detected,BraTS-GLI-01256-000,41,4,0.0,0.9999923706054688,1,0.33196815848350525
detected,BraTS-GLI-01256-000,41,4,0.1,0.9999783039093018,1,0.33055490255355835
detected,BraTS-GLI-01256-000,41,4,0.2,0.9999382495880127,1,0.3286701738834381
detected,BraTS-GLI-01256-000,41,4,0.3,0.9998237490653992,1,0.3261200487613678
detected,BraTS-GLI-01256-000,41,4,0.4,0.9994975328445435,1,0.32261720299720764
detected,BraTS-GLI-01256-000,41,4,0.5,0.9985682964324951,1,0.31773197650909424
detected,BraTS-GLI-01256-000,41,4,0.6,0.9959275126457214,1,0.31082993745803833
detected,BraTS-GLI-01256-000,41,4,0.7,0.9884721040725708,1,0.301034152507782
detected,BraTS-GLI-01256-000,41,4,0.8,0.9678093791007996,1,0.28736770153045654
detected,BraTS-GLI-01256-000,41,4,0.9,0.9133572578430176,1,0.2695200443267822
detected,BraTS-GLI-01256-000,41,4,1.0,0.7870621085166931,1,0.24994972348213196
detected,BraTS-GLI-01213-000,96,4,0.0,1.0,1,0.27041926980018616
detected,BraTS-GLI-01213-000,96,4,0.1,1.0,1,0.27083978056907654
detected,BraTS-GLI-01213-000,96,4,0.2,0.9999998807907104,1,0.2713317573070526
detected,BraTS-GLI-01213-000,96,4,0.3,0.9999992847442627,1,0.2718897759914398
detected,BraTS-GLI-01213-000,96,4,0.4,0.9999963045120239,1,0.2724955677986145
detected,BraTS-GLI-01213-000,96,4,0.5,0.9999822378158569,1,0.2731015682220459
detected,BraTS-GLI-01213-000,96,4,0.6,0.9999130964279175,1,0.2735912799835205
detected,BraTS-GLI-01213-000,96,4,0.7,0.9995755553245544,1,0.27369004487991333
detected,BraTS-GLI-01213-000,96,4,0.8,0.9979290962219238,1,0.27278780937194824
detected,BraTS-GLI-01213-000,96,4,0.9,0.9899590611457825,1,0.26970377564430237
detected,BraTS-GLI-01213-000,96,4,1.0,0.9551734924316406,1,0.2632346451282501
detected,BraTS-GLI-01408-000,2,4,0.0,1.0,1,0.026926394551992416
detected,BraTS-GLI-01408-000,2,4,0.1,0.9999998807907104,1,0.02776094526052475
detected,BraTS-GLI-01408-000,2,4,0.2,0.9999991655349731,1,0.02880341373383999
detected,BraTS-GLI-01408-000,2,4,0.3,0.999996542930603,1,0.03014989010989666
detected,BraTS-GLI-01408-000,2,4,0.4,0.999984860420227,1,0.03197534382343292
detected,BraTS-GLI-01408-000,2,4,0.5,0.9999334812164307,1,0.03459887579083443
detected,BraTS-GLI-01408-000,2,4,0.6,0.9997184872627258,1,0.038597408682107925
detected,BraTS-GLI-01408-000,2,4,0.7,0.9990509152412415,1,0.04505198448896408
detected,BraTS-GLI-01408-000,2,4,0.8,0.997041642665863,1,0.05633513256907463
detected,BraTS-GLI-01408-000,2,4,0.9,0.9914856553077698,1,0.07954657077789307
detected,BraTS-GLI-01408-000,2,4,1.0,0.9757483601570129,1,0.14317326247692108
detected,BraTS-GLI-01246-000,9,4,0.0,0.9968482851982117,1,0.03389430791139603
detected,BraTS-GLI-01246-000,9,4,0.1,0.9954343438148499,1,0.03557921200990677
detected,BraTS-GLI-01246-000,9,4,0.2,0.9933903217315674,1,0.03769881650805473
detected,BraTS-GLI-01246-000,9,4,0.3,0.9904398918151855,1,0.040420614182949066
detected,BraTS-GLI-01246-000,9,4,0.4,0.9861907958984375,1,0.04399468004703522
detected,BraTS-GLI-01246-000,9,4,0.5,0.9800911545753479,1,0.04881032556295395
detected,BraTS-GLI-01246-000,9,4,0.6,0.9713754653930664,1,0.055511679500341415
detected,BraTS-GLI-01246-000,9,4,0.7,0.959003746509552,1,0.06525572389364243
detected,BraTS-GLI-01246-000,9,4,0.8,0.9416064620018005,1,0.08031781762838364
detected,BraTS-GLI-01246-000,9,4,0.9,0.9174617528915405,1,0.10548531264066696
detected,BraTS-GLI-01246-000,9,4,1.0,0.8845576047897339,1,0.15082292258739471
detected,BraTS-GLI-01246-000,11,4,0.0,1.0,1,0.025361042469739914
detected,BraTS-GLI-01246-000,11,4,0.1,0.9999997615814209,1,0.025978663936257362
detected,BraTS-GLI-01246-000,11,4,0.2,0.999998927116394,1,0.02671545371413231
detected,BraTS-GLI-01246-000,11,4,0.3,0.9999949932098389,1,0.027608076110482216
detected,BraTS-GLI-01246-000,11,4,0.4,0.9999774694442749,1,0.028718069195747375
detected,BraTS-GLI-01246-000,11,4,0.5,0.9998985528945923,1,0.030161643400788307
detected,BraTS-GLI-01246-000,11,4,0.6,0.9995442032814026,1,0.03218349814414978
detected,BraTS-GLI-01246-000,11,4,0.7,0.9979556798934937,1,0.03536691144108772
detected,BraTS-GLI-01246-000,11,4,0.8,0.9908802509307861,1,0.04140639305114746
detected,BraTS-GLI-01246-000,11,4,0.9,0.9701974987983704,1,0.056946057826280594
detected,BraTS-GLI-01246-000,11,4,1.0,0.9193849563598633,1,0.11551569402217865
detected,BraTS-GLI-01270-000,17,4,0.0,0.9999998807907104,1,0.08192406594753265
detected,BraTS-GLI-01270-000,17,4,0.1,0.9999996423721313,1,0.08179260045289993
detected,BraTS-GLI-01270-000,17,4,0.2,0.9999985694885254,1,0.08161916583776474
detected,BraTS-GLI-01270-000,17,4,0.3,0.9999942779541016,1,0.08140085637569427
detected,BraTS-GLI-01270-000,17,4,0.4,0.9999758005142212,1,0.0811394527554512
detected,BraTS-GLI-01270-000,17,4,0.5,0.9998984336853027,1,0.08084294945001602
detected,BraTS-GLI-01270-000,17,4,0.6,0.9995742440223694,1,0.08052156120538712
detected,BraTS-GLI-01270-000,17,4,0.7,0.9982160925865173,1,0.08016134798526764
detected,BraTS-GLI-01270-000,17,4,0.8,0.9925582408905029,1,0.07963498681783676
detected,BraTS-GLI-01270-000,17,4,0.9,0.9714367389678955,1,0.07855924218893051
detected,BraTS-GLI-01270-000,17,4,1.0,0.9359987378120422,1,0.07680878043174744
detected,BraTS-GLI-01531-000,1,4,0.0,1.0,1,0.35306861996650696
detected,BraTS-GLI-01531-000,1,4,0.1,1.0,1,0.35417261719703674
detected,BraTS-GLI-01531-000,1,4,0.2,1.0,1,0.35544487833976746
detected,BraTS-GLI-01531-000,1,4,0.3,1.0,1,0.35692352056503296
detected,BraTS-GLI-01531-000,1,4,0.4,0.9999997615814209,1,0.3586621880531311
detected,BraTS-GLI-01531-000,1,4,0.5,0.9999977350234985,1,0.3607407212257385
detected,BraTS-GLI-01531-000,1,4,0.6,0.9999804496765137,1,0.36328691244125366
detected,BraTS-GLI-01531-000,1,4,0.7,0.9998378753662109,1,0.3665371537208557
detected,BraTS-GLI-01531-000,1,4,0.8,0.9988511800765991,1,0.3710882365703583
detected,BraTS-GLI-01531-000,1,4,0.9,0.9919074773788452,1,0.37923797965049744
detected,BraTS-GLI-01531-000,1,4,1.0,0.9474347233772278,1,0.40224912762641907
detected,BraTS-GLI-00568-000,5,4,0.0,0.9999982118606567,1,0.15888026356697083
detected,BraTS-GLI-00568-000,5,4,0.1,0.9999942779541016,1,0.15901333093643188
detected,BraTS-GLI-00568-000,5,4,0.2,0.9999821186065674,1,0.15919160842895508
detected,BraTS-GLI-00568-000,5,4,0.3,0.999943733215332,1,0.15944251418113708
detected,BraTS-GLI-00568-000,5,4,0.4,0.999823272228241,1,0.15980666875839233
detected,BraTS-GLI-00568-000,5,4,0.5,0.9994446635246277,1,0.16034464538097382
detected,BraTS-GLI-00568-000,5,4,0.6,0.9982561469078064,1,0.16116131842136383
detected,BraTS-GLI-00568-000,5,4,0.7,0.9945384860038757,1,0.1625245213508606
detected,BraTS-GLI-00568-000,5,4,0.8,0.9830295443534851,1,0.1654750555753708
detected,BraTS-GLI-00568-000,5,4,0.9,0.9485239386558533,1,0.17488905787467957
detected,BraTS-GLI-00568-000,5,4,1.0,0.9012669324874878,1,0.21333636343479156
detected,BraTS-GLI-01245-000,52,4,0.0,1.0,1,0.1368803083896637
detected,BraTS-GLI-01245-000,52,4,0.1,1.0,1,0.13715846836566925
detected,BraTS-GLI-01245-000,52,4,0.2,1.0,1,0.13750992715358734
detected,BraTS-GLI-01245-000,52,4,0.3,1.0,1,0.1379651129245758
detected,BraTS-GLI-01245-000,52,4,0.4,1.0,1,0.1385721117258072
detected,BraTS-GLI-01245-000,52,4,0.5,0.9999995231628418,1,0.13941329717636108
detected,BraTS-GLI-01245-000,52,4,0.6,0.999994158744812,1,0.14065024256706238
detected,BraTS-GLI-01245-000,52,4,0.7,0.999920129776001,1,0.1426716297864914
detected,BraTS-GLI-01245-000,52,4,0.8,0.9989137649536133,1,0.1467083841562271
detected,BraTS-GLI-01245-000,52,4,0.9,0.9854182004928589,1,0.15795309841632843
detected,BraTS-GLI-01245-000,52,4,1.0,0.8899965286254883,1,0.20199710130691528
detected,BraTS-GLI-00064-000,12,4,0.0,0.9997583031654358,1,0.030183782801032066
detected,BraTS-GLI-00064-000,12,4,0.1,0.9996034502983093,1,0.030622785910964012
detected,BraTS-GLI-00064-000,12,4,0.2,0.9993494153022766,1,0.03127017617225647
detected,BraTS-GLI-00064-000,12,4,0.3,0.9989327788352966,1,0.03218887373805046
detected,BraTS-GLI-00064-000,12,4,0.4,0.9982497096061707,1,0.03346404805779457
detected,BraTS-GLI-00064-000,12,4,0.5,0.997130811214447,1,0.035215988755226135
detected,BraTS-GLI-00064-000,12,4,0.6,0.9952999353408813,1,0.03762403875589371
detected,BraTS-GLI-00064-000,12,4,0.7,0.9923099279403687,1,0.04097503796219826
detected,BraTS-GLI-00064-000,12,4,0.8,0.9874415397644043,1,0.04576895758509636
detected,BraTS-GLI-00064-000,12,4,0.9,0.9795545339584351,1,0.052972663193941116
detected,BraTS-GLI-00064-000,12,4,1.0,0.9668806195259094,1,0.06468959152698517
detected,BraTS-GLI-01222-000,6,4,0.0,1.0,1,0.9445112943649292
detected,BraTS-GLI-01222-000,6,4,0.1,1.0,1,0.9439324736595154
detected,BraTS-GLI-01222-000,6,4,0.2,1.0,1,0.9432210922241211
detected,BraTS-GLI-01222-000,6,4,0.3,1.0,1,0.942314624786377
detected,BraTS-GLI-01222-000,6,4,0.4,0.9999997615814209,1,0.9411107301712036
detected,BraTS-GLI-01222-000,6,4,0.5,0.9999977350234985,1,0.9394121766090393
detected,BraTS-GLI-01222-000,6,4,0.6,0.999977707862854,1,0.9367079138755798
detected,BraTS-GLI-01222-000,6,4,0.7,0.9997745156288147,1,0.9311889410018921
detected,BraTS-GLI-01222-000,6,4,0.8,0.9977248311042786,1,0.9151670336723328
detected,BraTS-GLI-01222-000,6,4,0.9,0.9774661660194397,1,0.8555545210838318
detected,BraTS-GLI-01222-000,6,4,1.0,0.8426196575164795,1,0.6521251797676086
detected,BraTS-GLI-01395-000,2,4,0.0,1.0,1,0.0005509158363565803
detected,BraTS-GLI-01395-000,2,4,0.1,1.0,1,0.0005516191595233977
detected,BraTS-GLI-01395-000,2,4,0.2,1.0,1,0.0005553095834329724
detected,BraTS-GLI-01395-000,2,4,0.3,1.0,1,0.0005649327649734914
detected,BraTS-GLI-01395-000,2,4,0.4,0.9999996423721313,1,0.0005872606998309493
detected,BraTS-GLI-01395-000,2,4,0.5,0.9999974966049194,1,0.0006408404442481697
detected,BraTS-GLI-01395-000,2,4,0.6,0.9999796152114868,1,0.000790883437730372
detected,BraTS-GLI-01395-000,2,4,0.7,0.999832272529602,1,0.0013257241807878017
detected,BraTS-GLI-01395-000,2,4,0.8,0.9986847043037415,1,0.003715306054800749
detected,BraTS-GLI-01395-000,2,4,0.9,0.9898877739906311,1,0.01601618155837059
detected,BraTS-GLI-01395-000,2,4,1.0,0.9366922378540039,1,0.0812469944357872
detected,BraTS-GLI-01263-000,31,4,0.0,0.9999992847442627,1,0.0421723946928978
detected,BraTS-GLI-01263-000,31,4,0.1,0.9999978542327881,1,0.04325908049941063
detected,BraTS-GLI-01263-000,31,4,0.2,0.9999932050704956,1,0.044590115547180176
detected,BraTS-GLI-01263-000,31,4,0.3,0.9999780654907227,1,0.04624534398317337
detected,BraTS-GLI-01263-000,31,4,0.4,0.9999295473098755,1,0.048351261764764786
detected,BraTS-GLI-01263-000,31,4,0.5,0.9997734427452087,1,0.05112789571285248
detected,BraTS-GLI-01263-000,31,4,0.6,0.9992722868919373,1,0.055001333355903625
detected,BraTS-GLI-01263-000,31,4,0.7,0.9976646900177002,1,0.060904450714588165
detected,BraTS-GLI-01263-000,31,4,0.8,0.9925324320793152,1,0.07119463384151459
detected,BraTS-GLI-01263-000,31,4,0.9,0.9776715040206909,1,0.09296859055757523
detected,BraTS-GLI-01263-000,31,4,1.0,0.9418312311172485,1,0.15211616456508636
detected,BraTS-GLI-01660-000,1,4,0.0,1.0,1,0.04082775115966797
detected,BraTS-GLI-01660-000,1,4,0.1,1.0,1,0.04026788845658302
detected,BraTS-GLI-01660-000,1,4,0.2,1.0,1,0.03964218497276306
detected,BraTS-GLI-01660-000,1,4,0.3,1.0,1,0.03894396126270294
detected,BraTS-GLI-01660-000,1,4,0.4,1.0,1,0.0381711944937706
detected,BraTS-GLI-01660-000,1,4,0.5,0.9999998807907104,1,0.03733624890446663
detected,BraTS-GLI-01660-000,1,4,0.6,0.9999986886978149,1,0.03649364039301872
detected,BraTS-GLI-01660-000,1,4,0.7,0.9999755620956421,1,0.03582682088017464
detected,BraTS-GLI-01660-000,1,4,0.8,0.9995483756065369,1,0.03597640246152878
detected,BraTS-GLI-01660-000,1,4,0.9,0.9944781064987183,1,0.03969965875148773
detected,BraTS-GLI-01660-000,1,4,1.0,0.9417634010314941,1,0.0632358267903328
detected,BraTS-GLI-00607-000,1,4,0.0,1.0,1,6.15656390436925e-05
detected,BraTS-GLI-00607-000,1,4,0.1,1.0,1,8.378182974411175e-05
detected,BraTS-GLI-00607-000,1,4,0.2,1.0,1,0.00011536398233147338
detected,BraTS-GLI-00607-000,1,4,0.3,1.0,1,0.00016113602032419294
detected,BraTS-GLI-00607-000,1,4,0.4,1.0,1,0.00022916791203897446
detected,BraTS-GLI-00607-000,1,4,0.5,0.9999997615814209,1,0.0003340285911690444
detected,BraTS-GLI-00607-000,1,4,0.6,0.9999973773956299,1,0.0005057851667515934
detected,BraTS-GLI-00607-000,1,4,0.7,0.9999620914459229,1,0.0008233094122260809
detected,BraTS-GLI-00607-000,1,4,0.8,0.9995284080505371,1,0.0015869721537455916
detected,BraTS-GLI-00607-000,1,4,0.9,0.9946734309196472,1,0.004563374910503626
detected,BraTS-GLI-00607-000,1,4,1.0,0.964605987071991,1,0.024449972435832024
detected,BraTS-GLI-01280-000,12,4,0.0,0.9964777827262878,1,0.014081590808928013
detected,BraTS-GLI-01280-000,12,4,0.1,0.9951233267784119,1,0.014552480541169643
detected,BraTS-GLI-01280-000,12,4,0.2,0.9932515025138855,1,0.01509473193436861
detected,BraTS-GLI-01280-000,12,4,0.3,0.9906681180000305,1,0.015720581635832787
detected,BraTS-GLI-01280-000,12,4,0.4,0.9871085286140442,1,0.016448892652988434
detected,BraTS-GLI-01280-000,12,4,0.5,0.9822155237197876,1,0.017312543466687202
detected,BraTS-GLI-01280-000,12,4,0.6,0.9755114316940308,1,0.018374012783169746
detected,BraTS-GLI-01280-000,12,4,0.7,0.9663665890693665,1,0.01975916512310505
detected,BraTS-GLI-01280-000,12,4,0.8,0.9539679884910583,1,0.02173338271677494
detected,BraTS-GLI-01280-000,12,4,0.9,0.9372954964637756,1,0.024882009252905846
detected,BraTS-GLI-01280-000,12,4,1.0,0.9251609444618225,1,0.03057124838232994
detected,BraTS-GLI-00423-000,9,4,0.0,1.0,1,0.03353580832481384
detected,BraTS-GLI-00423-000,9,4,0.1,1.0,1,0.034037891775369644
detected,BraTS-GLI-00423-000,9,4,0.2,1.0,1,0.034686166793107986
detected,BraTS-GLI-00423-000,9,4,0.3,1.0,1,0.03553043678402901
detected,BraTS-GLI-00423-000,9,4,0.4,0.9999998807907104,1,0.03664381429553032
detected,BraTS-GLI-00423-000,9,4,0.5,0.9999984502792358,1,0.038140516728162766
detected,BraTS-GLI-00423-000,9,4,0.6,0.9999868869781494,1,0.04022285342216492
detected,BraTS-GLI-00423-000,9,4,0.7,0.9998875856399536,1,0.0433436781167984
detected,BraTS-GLI-00423-000,9,4,0.8,0.9990367889404297,1,0.048880837857723236
detected,BraTS-GLI-00423-000,9,4,0.9,0.9917939305305481,1,0.06237692013382912
detected,BraTS-GLI-00423-000,9,4,1.0,0.9449195265769958,1,0.11186693608760834
detected,BraTS-GLI-00606-000,32,4,0.0,0.9824533462524414,1,0.0059297773987054825
detected,BraTS-GLI-00606-000,32,4,0.1,0.9783703684806824,1,0.0063410610891878605
detected,BraTS-GLI-00606-000,32,4,0.2,0.9733630418777466,1,0.00684680650010705
detected,BraTS-GLI-00606-000,32,4,0.3,0.9672355055809021,1,0.007481148932129145
detected,BraTS-GLI-00606-000,32,4,0.4,0.9597565531730652,1,0.008297285065054893
detected,BraTS-GLI-00606-000,32,4,0.5,0.9506574273109436,1,0.009382897987961769
detected,BraTS-GLI-00606-000,32,4,0.6,0.9396305084228516,1,0.010891629382967949
detected,BraTS-GLI-00606-000,32,4,0.7,0.9263302683830261,1,0.013110712170600891
detected,BraTS-GLI-00606-000,32,4,0.8,0.9103794097900391,1,0.016614459455013275
detected,BraTS-GLI-00606-000,32,4,0.9,0.8913796544075012,1,0.022630564868450165
detected,BraTS-GLI-00606-000,32,4,1.0,0.8891299962997437,1,0.033949144184589386
detected,BraTS-GLI-01240-000,2,4,0.0,1.0,1,0.00574905052781105
detected,BraTS-GLI-01240-000,2,4,0.1,0.9999997615814209,1,0.005822710692882538
detected,BraTS-GLI-01240-000,2,4,0.2,0.9999990463256836,1,0.005920822266489267
detected,BraTS-GLI-01240-000,2,4,0.3,0.9999959468841553,1,0.006060631945729256
detected,BraTS-GLI-01240-000,2,4,0.4,0.999982476234436,1,0.006275348365306854
detected,BraTS-GLI-01240-000,2,4,0.5,0.9999240636825562,1,0.006632574368268251
detected,BraTS-GLI-01240-000,2,4,0.6,0.9996719360351562,1,0.007282566744834185
detected,BraTS-GLI-01240-000,2,4,0.7,0.9985833168029785,1,0.008615721017122269
detected,BraTS-GLI-01240-000,2,4,0.8,0.9942538142204285,1,0.011932128109037876
detected,BraTS-GLI-01240-000,2,4,0.9,0.9868517518043518,1,0.022917496040463448
detected,BraTS-GLI-01240-000,2,4,1.0,0.9757698178291321,1,0.07058056443929672
G2A,BraTS-GLI-01405-000,4,4,0.0,1.0858957466552965e-07,0,3.8899576892958976e-09
G2A,BraTS-GLI-01405-000,4,4,0.1,5.614893439087609e-07,0,1.8617512864693708e-08
G2A,BraTS-GLI-01405-000,4,4,0.2,2.9033114969934104e-06,0,9.066729234064042e-08
G2A,BraTS-GLI-01405-000,4,4,0.3,1.5012100448075216e-05,0,4.5027425699117885e-07
G2A,BraTS-GLI-01405-000,4,4,0.4,7.761881715850905e-05,0,2.2870319753565127e-06
G2A,BraTS-GLI-01405-000,4,4,0.5,0.00040121781057678163,0,1.193023217638256e-05
G2A,BraTS-GLI-01405-000,4,4,0.6,0.0020711272954940796,0,6.430120265576988e-05
G2A,BraTS-GLI-01405-000,4,4,0.7,0.01061756070703268,0,0.00036103391903452575
G2A,BraTS-GLI-01405-000,4,4,0.8,0.052572645246982574,0,0.0021308138966560364
G2A,BraTS-GLI-01405-000,4,4,0.9,0.2229534089565277,0,0.013234264217317104
G2A,BraTS-GLI-01405-000,4,4,1.0,0.5973606705665588,1,0.08274456113576889
G2A,BraTS-GLI-00064-000,19,4,0.0,2.5774066214623303e-10,0,7.225169074143167e-11
G2A,BraTS-GLI-00064-000,19,4,0.1,1.8830086379040267e-09,0,5.022705029666952e-10
G2A,BraTS-GLI-00064-000,19,4,0.2,1.375696268013371e-08,0,3.558874528408751e-09
G2A,BraTS-GLI-00064-000,19,4,0.3,1.0050617049728316e-07,0,2.5765604760863425e-08
G2A,BraTS-GLI-00064-000,19,4,0.4,7.342802064158604e-07,0,1.9116041016786767e-07
G2A,BraTS-GLI-00064-000,19,4,0.5,5.3645048865291756e-06,0,1.4586275938199833e-06
G2A,BraTS-GLI-00064-000,19,4,0.6,3.919089067494497e-05,0,1.1497384548420087e-05
G2A,BraTS-GLI-00064-000,19,4,0.7,0.0002862516848836094,0,9.412710642209277e-05
G2A,BraTS-GLI-00064-000,19,4,0.8,0.002087538130581379,0,0.0008051272016018629
G2A,BraTS-GLI-00064-000,19,4,0.9,0.015053054317831993,0,0.007197388913482428
G2A,BraTS-GLI-00064-000,19,4,1.0,0.10044106841087341,0,0.0637088418006897
G2A,BraTS-GLI-00064-000,78,4,0.0,1.7697169951702563e-08,0,3.369494606886292e-06
G2A,BraTS-GLI-00064-000,78,4,0.1,8.586243893660139e-08,0,6.949461294425419e-06
G2A,BraTS-GLI-00064-000,78,4,0.2,4.165823952462233e-07,0,1.4457610632234719e-05
G2A,BraTS-GLI-00064-000,78,4,0.3,2.0211532500979956e-06,0,3.0412455089390278e-05
G2A,BraTS-GLI-00064-000,78,4,0.4,9.806050002225675e-06,0,6.496206333395094e-05
G2A,BraTS-GLI-00064-000,78,4,0.5,4.757477290695533e-05,0,0.00014208299398887902
G2A,BraTS-GLI-00064-000,78,4,0.6,0.00023077873629517853,0,0.00032399193150922656
G2A,BraTS-GLI-00064-000,78,4,0.7,0.0011287927627563477,0,0.0008020285167731345
G2A,BraTS-GLI-00064-000,78,4,0.8,0.0069036479108035564,0,0.002336772857233882
G2A,BraTS-GLI-00064-000,78,4,0.9,0.04100951924920082,0,0.008904083631932735
G2A,BraTS-GLI-00064-000,78,4,1.0,0.20827113091945648,0,0.044732630252838135
G2A,BraTS-GLI-01431-000,1,4,0.0,3.117660162388347e-05,0,3.9216292435639843e-08
G2A,BraTS-GLI-01431-000,1,4,0.1,0.00010390285024186596,0,1.487705674207973e-07
G2A,BraTS-GLI-01431-000,1,4,0.2,0.00034621974918991327,0,5.729986582991842e-07
G2A,BraTS-GLI-01431-000,1,4,0.3,0.0011530047049745917,0,2.246913254566607e-06
G2A,BraTS-GLI-01431-000,1,4,0.4,0.0038326072972267866,0,8.997965778689831e-06
G2A,BraTS-GLI-01431-000,1,4,0.5,0.012660734355449677,0,3.6906472814735025e-05
G2A,BraTS-GLI-01431-000,1,4,0.6,0.040987078100442886,0,0.0001552359462948516
G2A,BraTS-GLI-01431-000,1,4,0.7,0.12468571960926056,0,0.0006660613580606878
G2A,BraTS-GLI-01431-000,1,4,0.8,0.32192784547805786,0,0.0028568983543664217
G2A,BraTS-GLI-01431-000,1,4,0.9,0.6127613186836243,1,0.012020226567983627
G2A,BraTS-GLI-01431-000,1,4,1.0,0.8824775218963623,1,0.053627245128154755
G2A,BraTS-GLI-01431-000,4,4,0.0,0.0015485641779378057,0,6.91643072059378e-05
G2A,BraTS-GLI-01431-000,4,4,0.1,0.002927654655650258,0,0.00013744630268774927
G2A,BraTS-GLI-01431-000,4,4,0.2,0.005528103094547987,0,0.00027542191674001515
G2A,BraTS-GLI-01431-000,4,4,0.3,0.010414249263703823,0,0.000557087711058557
G2A,BraTS-GLI-01431-000,4,4,0.4,0.019534287974238396,0,0.0011386009864509106
G2A,BraTS-GLI-01431-000,4,4,0.5,0.03658224642276764,0,0.002354001859202981
G2A,BraTS-GLI-01431-000,4,4,0.6,0.06982868909835815,0,0.004928034730255604
G2A,BraTS-GLI-01431-000,4,4,0.7,0.12923672795295715,0,0.010456538759171963
G2A,BraTS-GLI-01431-000,4,4,0.8,0.22686049342155457,0,0.02250579372048378
G2A,BraTS-GLI-01431-000,4,4,0.9,0.36713579297065735,0,0.049114033579826355
G2A,BraTS-GLI-01431-000,4,4,1.0,0.5342153906822205,1,0.10788851976394653
G2A,BraTS-GLI-01431-000,5,4,0.0,3.5740680459639407e-07,0,8.585267607941205e-08
G2A,BraTS-GLI-01431-000,5,4,0.1,1.4918983879397274e-06,0,3.053676778108638e-07
G2A,BraTS-GLI-01431-000,5,4,0.2,6.227488029253436e-06,0,1.0911047638728633e-06
G2A,BraTS-GLI-01431-000,5,4,0.3,2.599451363494154e-05,0,3.924259999621427e-06
G2A,BraTS-GLI-01431-000,5,4,0.4,0.00010849816317204386,0,1.424761921953177e-05
G2A,BraTS-GLI-01431-000,5,4,0.5,0.0004539748188108206,0,5.2410337957553566e-05
G2A,BraTS-GLI-01431-000,5,4,0.6,0.0018979684682562947,0,0.00019598694052547216
G2A,BraTS-GLI-01431-000,5,4,0.7,0.007898707874119282,0,0.0007454860024154186
G2A,BraTS-GLI-01431-000,5,4,0.8,0.03225855529308319,0,0.0029119595419615507
G2A,BraTS-GLI-01431-000,5,4,0.9,0.12247082591056824,0,0.0126741211861372
G2A,BraTS-GLI-01431-000,5,4,1.0,0.3688175082206726,0,0.06645030528306961
G2A,BraTS-GLI-01490-000,2,4,0.0,2.944456622966385e-10,0,2.322130959742097e-10
G2A,BraTS-GLI-01490-000,2,4,0.1,3.2126381555031003e-09,0,2.3573827334644193e-09
G2A,BraTS-GLI-01490-000,2,4,0.2,3.5773751960732625e-08,0,2.4099993112258744e-08
G2A,BraTS-GLI-01490-000,2,4,0.3,4.053693487549026e-07,0,2.483839409705979e-07
G2A,BraTS-GLI-01490-000,2,4,0.4,4.59341117675649e-06,0,2.5844358333415585e-06
G2A,BraTS-GLI-01490-000,2,4,0.5,5.204767512623221e-05,0,2.7200099793844856e-05
G2A,BraTS-GLI-01490-000,2,4,0.6,0.0005894599016755819,0,0.00029024164541624486
G2A,BraTS-GLI-01490-000,2,4,0.7,0.006639017723500729,0,0.0031388462521135807
G2A,BraTS-GLI-01490-000,2,4,0.8,0.07040105760097504,0,0.03306768834590912
G2A,BraTS-GLI-01490-000,2,4,0.9,0.46183428168296814,0,0.24679060280323029
G2A,BraTS-GLI-01490-000,2,4,1.0,0.9197772741317749,1,0.731226921081543
G2A,BraTS-GLI-01395-000,1,4,0.0,4.367954716144595e-06,0,3.010372040535003e-08
G2A,BraTS-GLI-01395-000,1,4,0.1,1.583300399943255e-05,0,1.2149270389727462e-07
G2A,BraTS-GLI-01395-000,1,4,0.2,5.7389675930608064e-05,0,4.97369740060094e-07
G2A,BraTS-GLI-01395-000,1,4,0.3,0.00020799710182473063,0,2.0702257188531803e-06
G2A,BraTS-GLI-01395-000,1,4,0.4,0.0007535452605225146,0,8.783806151768658e-06
G2A,BraTS-GLI-01395-000,1,4,0.5,0.0027260934002697468,0,3.8094014598755166e-05
G2A,BraTS-GLI-01395-000,1,4,0.6,0.009917681105434895,0,0.00016930160927586257
G2A,BraTS-GLI-01395-000,1,4,0.7,0.038398656994104385,0,0.0007724044844508171
G2A,BraTS-GLI-01395-000,1,4,0.8,0.13732518255710602,0,0.003613189095631242
G2A,BraTS-GLI-01395-000,1,4,0.9,0.38822141289711,0,0.017147589474916458
G2A,BraTS-GLI-01395-000,1,4,1.0,0.7166890501976013,1,0.07904762774705887
G2A,BraTS-GLI-00138-000,7,4,0.0,5.563820071330383e-09,0,5.624127830117231e-10
G2A,BraTS-GLI-00138-000,7,4,0.1,3.05573273351456e-08,0,3.2423743689946605e-09
G2A,BraTS-GLI-00138-000,7,4,0.2,1.678247087966156e-07,0,1.885000955326177e-08
G2A,BraTS-GLI-00138-000,7,4,0.3,9.217184242515941e-07,0,1.1079035999728148e-07
G2A,BraTS-GLI-00138-000,7,4,0.4,5.062188847659854e-06,0,6.608942726415989e-07
G2A,BraTS-GLI-00138-000,7,4,0.5,2.7801661417470314e-05,0,4.026192527817329e-06
G2A,BraTS-GLI-00138-000,7,4,0.6,0.00015267179696820676,0,2.5297376851085573e-05
G2A,BraTS-GLI-00138-000,7,4,0.7,0.0008379202918149531,0,0.00016644848801661283
G2A,BraTS-GLI-00138-000,7,4,0.8,0.004584725946187973,0,0.0011710884282365441
G2A,BraTS-GLI-00138-000,7,4,0.9,0.024821864441037178,0,0.00898350216448307
G2A,BraTS-GLI-00138-000,7,4,1.0,0.13441558182239532,0,0.07305367290973663
G2A,BraTS-GLI-00028-000,5,4,0.0,7.804202795114179e-08,0,9.51031466911445e-08
G2A,BraTS-GLI-00028-000,5,4,0.1,3.3227607332264597e-07,0,3.6672031455964316e-07
G2A,BraTS-GLI-00028-000,5,4,0.2,1.4147161664368468e-06,0,1.4308706113297376e-06
G2A,BraTS-GLI-00028-000,5,4,0.3,6.023348760209046e-06,0,5.654876531480113e-06
G2A,BraTS-GLI-00028-000,5,4,0.4,2.5644847482908517e-05,0,2.265890725539066e-05
G2A,BraTS-GLI-00028-000,5,4,0.5,0.0001091778467525728,0,9.213572775479406e-05
G2A,BraTS-GLI-00028-000,5,4,0.6,0.00046467658830806613,0,0.00038025109097361565
G2A,BraTS-GLI-00028-000,5,4,0.7,0.0019754432141780853,0,0.0015888952184468508
G2A,BraTS-GLI-00028-000,5,4,0.8,0.00835698377341032,0,0.006647016853094101
G2A,BraTS-GLI-00028-000,5,4,0.9,0.03463815152645111,0,0.02694699540734291
G2A,BraTS-GLI-00028-000,5,4,1.0,0.13252350687980652,0,0.10052413493394852
G2A,BraTS-GLI-01077-000,1,4,0.0,2.1494026441359892e-05,0,9.790676713805624e-09
G2A,BraTS-GLI-01077-000,1,4,0.1,6.907136412337422e-05,0,4.463441882762709e-08
G2A,BraTS-GLI-01077-000,1,4,0.2,0.00022193782206159085,0,2.0723841487324535e-07
G2A,BraTS-GLI-01077-000,1,4,0.3,0.0007128833676688373,0,9.821879984883708e-07
G2A,BraTS-GLI-01077-000,1,4,0.4,0.0022873603738844395,0,4.764971436088672e-06
G2A,BraTS-GLI-01077-000,1,4,0.5,0.0073137786239385605,0,2.374501127633266e-05
G2A,BraTS-GLI-01077-000,1,4,0.6,0.023129556328058243,0,0.00012204587255837396
G2A,BraTS-GLI-01077-000,1,4,0.7,0.070710189640522,0,0.0006498770671896636
G2A,BraTS-GLI-01077-000,1,4,0.8,0.1964835226535797,0,0.003594982670620084
G2A,BraTS-GLI-01077-000,1,4,0.9,0.44003826379776,0,0.020493991672992706
G2A,BraTS-GLI-01077-000,1,4,1.0,0.7163454294204712,1,0.11290428042411804
G2A,BraTS-GLI-01317-000,7,4,0.0,2.828385026187874e-10,0,6.038997980795102e-06
G2A,BraTS-GLI-01317-000,7,4,0.1,2.0247292731312427e-09,0,1.2961140782863367e-05
G2A,BraTS-GLI-01317-000,7,4,0.2,1.4494236033613106e-08,0,2.8317352189333178e-05
G2A,BraTS-GLI-01317-000,7,4,0.3,1.0375849512911373e-07,0,6.327113078441471e-05
G2A,BraTS-GLI-01317-000,7,4,0.4,7.427656782965641e-07,0,0.00014547034515999258
G2A,BraTS-GLI-01317-000,7,4,0.5,5.317146587913157e-06,0,0.00034714254434220493
G2A,BraTS-GLI-01317-000,7,4,0.6,3.8062142266426235e-05,0,0.0008712721173651516
G2A,BraTS-GLI-01317-000,7,4,0.7,0.00027240824420005083,0,0.0023522095289081335
G2A,BraTS-GLI-01317-000,7,4,0.8,0.0019467970123514533,0,0.007107276003807783
G2A,BraTS-GLI-01317-000,7,4,0.9,0.015140303410589695,0,0.025511659681797028
G2A,BraTS-GLI-01317-000,7,4,1.0,0.11290933191776276,0,0.11162759363651276
G2A,BraTS-GLI-01317-000,12,4,0.0,7.1424515191154114e-09,0,0.0013780989684164524
G2A,BraTS-GLI-01317-000,12,4,0.1,3.722805885786329e-08,0,0.0015852806391194463
G2A,BraTS-GLI-01317-000,12,4,0.2,1.9404096462949383e-07,0,0.001818303600884974
G2A,BraTS-GLI-01317-000,12,4,0.3,1.011385165838874e-06,0,0.002084101550281048
G2A,BraTS-GLI-01317-000,12,4,0.4,5.271543614071561e-06,0,0.0023994322400540113
G2A,BraTS-GLI-01317-000,12,4,0.5,2.7475858587422408e-05,0,0.0028079915791749954
G2A,BraTS-GLI-01317-000,12,4,0.6,0.00014319390174932778,0,0.003436059458181262
G2A,BraTS-GLI-01317-000,12,4,0.7,0.000745908881071955,0,0.004711799789220095
G2A,BraTS-GLI-01317-000,12,4,0.8,0.003875668626278639,0,0.008388623595237732
G2A,BraTS-GLI-01317-000,12,4,0.9,0.019876373931765556,0,0.022775566205382347
G2A,BraTS-GLI-01317-000,12,4,1.0,0.09559639543294907,0,0.08746270835399628
G2A,BraTS-GLI-01228-000,5,4,0.0,1.913256442165334e-09,0,1.0016395712852955e-08
G2A,BraTS-GLI-01228-000,5,4,0.1,1.1622125484223034e-08,0,4.355404570333121e-08
G2A,BraTS-GLI-01228-000,5,4,0.2,7.059888673666137e-08,0,1.912982270368957e-07
G2A,BraTS-GLI-01228-000,5,4,0.3,4.288533261842531e-07,0,8.496048167216941e-07
G2A,BraTS-GLI-01228-000,5,4,0.4,2.605074769235216e-06,0,3.821447080554208e-06
G2A,BraTS-GLI-01228-000,5,4,0.5,1.5824352885829285e-05,0,1.7450376617489383e-05
G2A,BraTS-GLI-01228-000,5,4,0.6,9.611771383788437e-05,0,8.120947313727811e-05
G2A,BraTS-GLI-01228-000,5,4,0.7,0.0006347367307171226,0,0.00038734317058697343
G2A,BraTS-GLI-01228-000,5,4,0.8,0.004251422826200724,0,0.0019062970532104373
G2A,BraTS-GLI-01228-000,5,4,0.9,0.02790038101375103,0,0.009697179310023785
G2A,BraTS-GLI-01228-000,5,4,1.0,0.16173240542411804,0,0.05017905309796333
G2A,BraTS-GLI-01228-000,16,4,0.0,4.864673428528477e-07,0,7.893170561601437e-08
G2A,BraTS-GLI-01228-000,16,4,0.1,1.5539393416474923e-06,0,2.3224387746267894e-07
G2A,BraTS-GLI-01228-000,16,4,0.2,4.963780611433322e-06,0,6.960250971133064e-07
G2A,BraTS-GLI-01228-000,16,4,0.3,1.5855819583521225e-05,0,2.1368207399063976e-06
G2A,BraTS-GLI-01228-000,16,4,0.4,5.064698416390456e-05,0,6.776936970709357e-06
G2A,BraTS-GLI-01228-000,16,4,0.5,0.00016176576900761575,0,2.2495039956993423e-05
G2A,BraTS-GLI-01228-000,16,4,0.6,0.0005165503825992346,0,7.979009387781844e-05
G2A,BraTS-GLI-01228-000,16,4,0.7,0.0016481666825711727,0,0.0003123952483292669
G2A,BraTS-GLI-01228-000,16,4,0.8,0.0052458238787949085,0,0.0014122584834694862
G2A,BraTS-GLI-01228-000,16,4,0.9,0.016566229984164238,0,0.007714675273746252
G2A,BraTS-GLI-01228-000,16,4,1.0,0.062051910907030106,0,0.050803292542696
G2A,BraTS-GLI-01228-000,17,4,0.0,1.695663343070919e-08,0,9.702374015319037e-09
G2A,BraTS-GLI-01228-000,17,4,0.1,8.19261387619008e-08,0,4.10746814338836e-08
G2A,BraTS-GLI-01228-000,17,4,0.2,3.9582758404321794e-07,0,1.762581263164975e-07
G2A,BraTS-GLI-01228-000,17,4,0.3,1.912444076879183e-06,0,7.677744520151464e-07
G2A,BraTS-GLI-01228-000,17,4,0.4,9.23994230106473e-06,0,3.4017855341517134e-06
G2A,BraTS-GLI-01228-000,17,4,0.5,4.4641419663093984e-05,0,1.537714160804171e-05
G2A,BraTS-GLI-01228-000,17,4,0.6,0.0002156487898901105,0,7.12377586751245e-05
G2A,BraTS-GLI-01228-000,17,4,0.7,0.0010410506511107087,0,0.0003404739545658231
G2A,BraTS-GLI-01228-000,17,4,0.8,0.005009868182241917,0,0.001692737452685833
G2A,BraTS-GLI-01228-000,17,4,0.9,0.02374941296875477,0,0.008799883536994457
G2A,BraTS-GLI-01228-000,17,4,1.0,0.10517512261867523,0,0.047124434262514114
G2A,BraTS-GLI-01228-000,54,4,0.0,8.93270613033792e-09,0,0.010053316131234169
G2A,BraTS-GLI-01228-000,54,4,0.1,5.917847545333643e-08,0,0.01049753837287426
G2A,BraTS-GLI-01228-000,54,4,0.2,4.3914141656387073e-07,0,0.0109996497631073
G2A,BraTS-GLI-01228-000,54,4,0.3,3.258702690800419e-06,0,0.011574183590710163
G2A,BraTS-GLI-01228-000,54,4,0.4,2.4181117623811588e-05,0,0.012261739000678062
G2A,BraTS-GLI-01228-000,54,4,0.5,0.00017941195983439684,0,0.013188508339226246
G2A,BraTS-GLI-01228-000,54,4,0.6,0.0013298202538862824,0,0.014796581119298935
G2A,BraTS-GLI-01228-000,54,4,0.7,0.009784569032490253,0,0.01894240453839302
G2A,BraTS-GLI-01228-000,54,4,0.8,0.06831598281860352,0,0.03472304344177246
G2A,BraTS-GLI-01228-000,54,4,0.9,0.35238224267959595,0,0.09944064915180206
G2A,BraTS-GLI-01228-000,54,4,1.0,0.8014976382255554,1,0.2560878098011017
G2A,BraTS-GLI-00239-000,5,4,0.0,1.719392685117782e-06,0,5.5000775489588705e-08
G2A,BraTS-GLI-00239-000,5,4,0.1,7.126667242118856e-06,0,2.0683226864548487e-07
G2A,BraTS-GLI-00239-000,5,4,0.2,2.957917058665771e-05,0,7.912713044788688e-07
G2A,BraTS-GLI-00239-000,5,4,0.3,0.00012275965127628297,0,3.0830058221908985e-06
G2A,BraTS-GLI-00239-000,5,4,0.4,0.0005093280924484134,0,1.2249198334757239e-05
G2A,BraTS-GLI-00239-000,5,4,0.5,0.0021106265485286713,0,4.9703539843903854e-05
G2A,BraTS-GLI-00239-000,5,4,0.6,0.0087024737149477,0,0.00020637264242395759
G2A,BraTS-GLI-00239-000,5,4,0.7,0.0351564884185791,0,0.0008788181003183126
G2A,BraTS-GLI-00239-000,5,4,0.8,0.13136926293373108,0,0.0038444651290774345
G2A,BraTS-GLI-00239-000,5,4,0.9,0.38564497232437134,0,0.017256682738661766
G2A,BraTS-GLI-00239-000,5,4,1.0,0.7226399779319763,1,0.08000791072845459
G2A,BraTS-GLI-00239-000,27,4,0.0,0.0011153834639117122,0,0.0012417654506862164
G2A,BraTS-GLI-00239-000,27,4,0.1,0.0020910953171551228,0,0.0016482658684253693
G2A,BraTS-GLI-00239-000,27,4,0.2,0.003916984889656305,0,0.0022034458816051483
G2A,BraTS-GLI-00239-000,27,4,0.3,0.007325493264943361,0,0.002975071081891656
G2A,BraTS-GLI-00239-000,27,4,0.4,0.01365936640650034,0,0.004076922778040171
G2A,BraTS-GLI-00239-000,27,4,0.5,0.02532998099923134,0,0.005719474051147699
G2A,BraTS-GLI-00239-000,27,4,0.6,0.04650189355015755,0,0.008339117281138897
G2A,BraTS-GLI-00239-000,27,4,0.7,0.08384788781404495,0,0.012950805947184563
G2A,BraTS-GLI-00239-000,27,4,0.8,0.1782047599554062,0,0.02218506671488285
G2A,BraTS-GLI-00239-000,27,4,0.9,0.34579068422317505,0,0.04385300353169441
G2A,BraTS-GLI-00239-000,27,4,1.0,0.5630061626434326,1,0.10715726763010025
G2A,BraTS-GLI-00239-000,56,4,0.0,0.0033014649525284767,0,6.63578384774155e-06
G2A,BraTS-GLI-00239-000,56,4,0.1,0.0063835070468485355,0,1.5658060874557123e-05
G2A,BraTS-GLI-00239-000,56,4,0.2,0.012307207100093365,0,3.731176184373908e-05
G2A,BraTS-GLI-00239-000,56,4,0.3,0.02359739877283573,0,9.001301077660173e-05
G2A,BraTS-GLI-00239-000,56,4,0.4,0.044775255024433136,0,0.00022056065790820867
G2A,BraTS-GLI-00239-000,56,4,0.5,0.08333729952573776,0,0.0005512202042154968
G2A,BraTS-GLI-00239-000,56,4,0.6,0.1498986929655075,0,0.0014125225134193897
G2A,BraTS-GLI-00239-000,56,4,0.7,0.2548428475856781,0,0.0037365283351391554
G2A,BraTS-GLI-00239-000,56,4,0.8,0.3987921178340912,0,0.010294824838638306
G2A,BraTS-GLI-00239-000,56,4,0.9,0.5626556277275085,1,0.029906118288636208
G2A,BraTS-GLI-00239-000,56,4,1.0,0.7138986587524414,1,0.0925707295536995
G2A,BraTS-GLI-00606-000,10,4,0.0,1.4183663097355748e-06,0,0.00041654278174974024
G2A,BraTS-GLI-00606-000,10,4,0.1,5.719137789128581e-06,0,0.0006017822888679802
G2A,BraTS-GLI-00606-000,10,4,0.2,2.306036913068965e-05,0,0.0008694424177519977
G2A,BraTS-GLI-00606-000,10,4,0.3,9.297794167650864e-05,0,0.0012568831443786621
G2A,BraTS-GLI-00606-000,10,4,0.4,0.00037480168975889683,0,0.0018214776646345854
G2A,BraTS-GLI-00606-000,10,4,0.5,0.001509566674940288,0,0.002659532241523266
G2A,BraTS-GLI-00606-000,10,4,0.6,0.006059161387383938,0,0.00396167254075408
G2A,BraTS-GLI-00606-000,10,4,0.7,0.023991070687770844,0,0.006208840291947126
G2A,BraTS-GLI-00606-000,10,4,0.8,0.09017714858055115,0,0.010924909263849258
G2A,BraTS-GLI-00606-000,10,4,0.9,0.285537451505661,0,0.023192450404167175
G2A,BraTS-GLI-00606-000,10,4,1.0,0.6170768141746521,1,0.05704314634203911
G2A,BraTS-GLI-00606-000,59,4,0.0,1.5483307080899067e-08,0,5.0762070102905454e-09
G2A,BraTS-GLI-00606-000,59,4,0.1,7.74512400880667e-08,0,2.785755803813572e-08
G2A,BraTS-GLI-00606-000,59,4,0.2,3.8873579910614353e-07,0,1.5325319679959648e-07
G2A,BraTS-GLI-00606-000,59,4,0.3,1.9511085156409536e-06,0,8.453214945802756e-07
G2A,BraTS-GLI-00606-000,59,4,0.4,9.792751370696351e-06,0,4.676052412833087e-06
G2A,BraTS-GLI-00606-000,59,4,0.5,4.914901001029648e-05,0,2.594805664557498e-05
G2A,BraTS-GLI-00606-000,59,4,0.6,0.0002466353471390903,0,0.00014448512229137123
G2A,BraTS-GLI-00606-000,59,4,0.7,0.0012366647133603692,0,0.0008073027711361647
G2A,BraTS-GLI-00606-000,59,4,0.8,0.006365509238094091,0,0.004517235793173313
G2A,BraTS-GLI-00606-000,59,4,0.9,0.032903507351875305,0,0.02497027814388275
G2A,BraTS-GLI-00606-000,59,4,1.0,0.1530389040708542,0,0.1267770528793335
G2A,BraTS-GLI-01496-000,2,4,0.0,1.085548433366057e-06,0,8.688150643365589e-08
G2A,BraTS-GLI-01496-000,2,4,0.1,4.020002961624414e-06,0,3.436363726905256e-07
G2A,BraTS-GLI-01496-000,2,4,0.2,1.488674297434045e-05,0,1.3676267371920403e-06
G2A,BraTS-GLI-01496-000,2,4,0.3,5.512652933248319e-05,0,5.47914487469825e-06
G2A,BraTS-GLI-01496-000,2,4,0.4,0.00020411457808222622,0,2.210878665209748e-05
G2A,BraTS-GLI-01496-000,2,4,0.5,0.0007554625044576824,0,8.990873902803287e-05
G2A,BraTS-GLI-01496-000,2,4,0.6,0.002791933948174119,0,0.00036868485040031374
G2A,BraTS-GLI-01496-000,2,4,0.7,0.012113268487155437,0,0.0015236993785947561
G2A,BraTS-GLI-01496-000,2,4,0.8,0.05123047158122063,0,0.006314149592071772
G2A,BraTS-GLI-01496-000,2,4,0.9,0.19210390746593475,0,0.025723811239004135
G2A,BraTS-GLI-01496-000,2,4,1.0,0.5115073919296265,1,0.09785550832748413
G2A,BraTS-GLI-01370-000,3,4,0.0,2.080002559523564e-06,0,9.08870401161721e-09
G2A,BraTS-GLI-01370-000,3,4,0.1,7.797908438078593e-06,0,4.152797572487543e-08
G2A,BraTS-GLI-01370-000,3,4,0.2,2.9233766326797195e-05,0,1.9199741529973835e-07
G2A,BraTS-GLI-01370-000,3,4,0.3,0.00010958890925394371,0,8.996747169476293e-07
G2A,BraTS-GLI-01370-000,3,4,0.4,0.0004107255954295397,0,4.280183929949999e-06
G2A,BraTS-GLI-01370-000,3,4,0.5,0.0015380774857476354,0,2.070939081022516e-05
G2A,BraTS-GLI-01370-000,3,4,0.6,0.005741983652114868,0,0.00010205662692897022
G2A,BraTS-GLI-01370-000,3,4,0.7,0.021213795989751816,0,0.0005126522155478597
G2A,BraTS-GLI-01370-000,3,4,0.8,0.07648063451051712,0,0.0026210846845060587
G2A,BraTS-GLI-01370-000,3,4,0.9,0.24037085473537445,0,0.013510088436305523
G2A,BraTS-GLI-01370-000,3,4,1.0,0.5473227500915527,1,0.0674213096499443
G2A,BraTS-GLI-01370-000,6,4,0.0,0.007955270819365978,0,1.2126556612201966e-06
G2A,BraTS-GLI-01370-000,6,4,0.1,0.017241865396499634,0,3.312059789095656e-06
G2A,BraTS-GLI-01370-000,6,4,0.2,0.036965180188417435,0,9.101349860429764e-06
G2A,BraTS-GLI-01370-000,6,4,0.3,0.07747175544500351,0,2.5235407520085573e-05
G2A,BraTS-GLI-01370-000,6,4,0.4,0.1552119106054306,0,7.091182487783954e-05
G2A,BraTS-GLI-01370-000,6,4,0.5,0.2867165505886078,0,0.0002032182674156502
G2A,BraTS-GLI-01370-000,6,4,0.6,0.4679253399372101,0,0.0005989678902551532
G2A,BraTS-GLI-01370-000,6,4,0.7,0.6580090522766113,1,0.0018384894356131554
G2A,BraTS-GLI-01370-000,6,4,0.8,0.8080430626869202,1,0.0060316999442875385
G2A,BraTS-GLI-01370-000,6,4,0.9,0.9020536541938782,1,0.022076576948165894
G2A,BraTS-GLI-01370-000,6,4,1.0,0.9527168273925781,1,0.08885382115840912
G2A,BraTS-GLI-01370-000,11,4,0.0,1.0854510037461296e-06,0,8.01905812863879e-08
G2A,BraTS-GLI-01370-000,11,4,0.1,4.22525863541523e-06,0,3.2937310834313394e-07
G2A,BraTS-GLI-01370-000,11,4,0.2,1.6447167581645772e-05,0,1.3575274806498783e-06
G2A,BraTS-GLI-01370-000,11,4,0.3,6.40198850305751e-05,0,5.617783699563006e-06
G2A,BraTS-GLI-01370-000,11,4,0.4,0.00024916004622355103,0,2.3358845282928087e-05
G2A,BraTS-GLI-01370-000,11,4,0.5,0.0009691917221061885,0,9.766150469658896e-05
G2A,BraTS-GLI-01370-000,11,4,0.6,0.003762168576940894,0,0.00041057670023292303
G2A,BraTS-GLI-01370-000,11,4,0.7,0.014487102627754211,0,0.001729396521113813
G2A,BraTS-GLI-01370-000,11,4,0.8,0.054124873131513596,0,0.007170810364186764
G2A,BraTS-GLI-01370-000,11,4,0.9,0.18216781318187714,0,0.027759471908211708
G2A,BraTS-GLI-01370-000,11,4,1.0,0.46439990401268005,0,0.09444660693407059
G2A,BraTS-GLI-00650-000,1,4,0.0,3.194263742400949e-10,0,2.4294097983323937e-11
G2A,BraTS-GLI-00650-000,1,4,0.1,2.278631727747893e-09,0,2.043986091493366e-10
G2A,BraTS-GLI-00650-000,1,4,0.2,1.625467938026759e-08,0,1.738399202366736e-09
G2A,BraTS-GLI-00650-000,1,4,0.3,1.2018291783988388e-07,0,1.4954030902458726e-08
G2A,BraTS-GLI-00650-000,1,4,0.4,9.409272934135515e-07,0,1.301864358538296e-07
G2A,BraTS-GLI-00650-000,1,4,0.5,7.674730113649275e-06,0,1.1478070973680587e-06
G2A,BraTS-GLI-00650-000,1,4,0.6,6.259625661186874e-05,0,1.0256618224957492e-05
G2A,BraTS-GLI-00650-000,1,4,0.7,0.0005103435250930488,0,9.29689995246008e-05
G2A,BraTS-GLI-00650-000,1,4,0.8,0.004147521685808897,0,0.0008551047067157924
G2A,BraTS-GLI-00650-000,1,4,0.9,0.03285446763038635,0,0.00793744157999754
G2A,BraTS-GLI-00650-000,1,4,1.0,0.21880227327346802,0,0.07027172297239304
G2A,BraTS-GLI-00331-000,1,4,0.0,3.6160150784780853e-07,0,8.35396960496837e-08
G2A,BraTS-GLI-00331-000,1,4,0.1,1.328564394498244e-06,0,3.335863141273876e-07
G2A,BraTS-GLI-00331-000,1,4,0.2,4.881282166024903e-06,0,1.3372443845582893e-06
G2A,BraTS-GLI-00331-000,1,4,0.3,1.793417686712928e-05,0,5.381963092077058e-06
G2A,BraTS-GLI-00331-000,1,4,0.4,6.58890203339979e-05,0,2.174863220716361e-05
G2A,BraTS-GLI-00331-000,1,4,0.5,0.00024204170040320605,0,8.824811084195971e-05
G2A,BraTS-GLI-00331-000,1,4,0.6,0.000888713460881263,0,0.00035951670724898577
G2A,BraTS-GLI-00331-000,1,4,0.7,0.0032574960496276617,0,0.0014695546124130487
G2A,BraTS-GLI-00331-000,1,4,0.8,0.012509994208812714,0,0.006009344011545181
G2A,BraTS-GLI-00331-000,1,4,0.9,0.04880395159125328,0,0.02429099567234516
G2A,BraTS-GLI-00331-000,1,4,1.0,0.17204834520816803,0,0.09282103925943375
G2A,BraTS-GLI-00753-000,1,4,0.0,1.2146121264322574e-07,0,1.079954614624512e-08
G2A,BraTS-GLI-00753-000,1,4,0.1,5.202320494390733e-07,0,5.2077155032748124e-08
G2A,BraTS-GLI-00753-000,1,4,0.2,2.2282097233983222e-06,0,2.549019484376913e-07
G2A,BraTS-GLI-00753-000,1,4,0.3,9.54360712057678e-06,0,1.2677809309025179e-06
G2A,BraTS-GLI-00753-000,1,4,0.4,4.087508568773046e-05,0,6.413984920072835e-06
G2A,BraTS-GLI-00753-000,1,4,0.5,0.00017504935385659337,0,3.3042902941815555e-05
G2A,BraTS-GLI-00753-000,1,4,0.6,0.0007493250886909664,0,0.00017349114932585508
G2A,BraTS-GLI-00753-000,1,4,0.7,0.0032015684992074966,0,0.0009286606800742447
G2A,BraTS-GLI-00753-000,1,4,0.8,0.013570060953497887,0,0.005056361202150583
G2A,BraTS-GLI-00753-000,1,4,0.9,0.055643077939748764,0,0.027576513588428497
G2A,BraTS-GLI-00753-000,1,4,1.0,0.20151282846927643,0,0.1387593299150467
G2A,BraTS-GLI-01051-000,8,4,0.0,0.0007367338403128088,0,9.969957091016113e-07
G2A,BraTS-GLI-01051-000,8,4,0.1,0.00207332125864923,0,3.4253462217748165e-06
G2A,BraTS-GLI-01051-000,8,4,0.2,0.005820624530315399,0,1.1797244951594621e-05
G2A,BraTS-GLI-01051-000,8,4,0.3,0.016230609267950058,0,4.0733877540333197e-05
G2A,BraTS-GLI-01051-000,8,4,0.4,0.04442654550075531,0,0.00014089922478888184
G2A,BraTS-GLI-01051-000,8,4,0.5,0.11583717912435532,0,0.0004864403454121202
G2A,BraTS-GLI-01051-000,8,4,0.6,0.2696424126625061,0,0.0016542930388823152
G2A,BraTS-GLI-01051-000,8,4,0.7,0.5098936557769775,1,0.005341113545000553
G2A,BraTS-GLI-01051-000,8,4,0.8,0.7456600069999695,1,0.01538063958287239
G2A,BraTS-GLI-01051-000,8,4,0.9,0.8920271396636963,1,0.03972778469324112
G2A,BraTS-GLI-01051-000,8,4,1.0,0.9588153958320618,1,0.10530135035514832
G2A,BraTS-GLI-01051-000,10,4,0.0,4.045474270242266e-06,0,1.6849224238058014e-08
G2A,BraTS-GLI-01051-000,10,4,0.1,1.697486368357204e-05,0,7.224561215934955e-08
G2A,BraTS-GLI-01051-000,10,4,0.2,7.122361421352252e-05,0,3.152195233724342e-07
G2A,BraTS-GLI-01051-000,10,4,0.3,0.000298790808301419,0,1.4039628695172723e-06
G2A,BraTS-GLI-01051-000,10,4,0.4,0.0012525473721325397,0,6.405622571037384e-06
G2A,BraTS-GLI-01051-000,10,4,0.5,0.005234810058027506,0,3.0050559871597216e-05
G2A,BraTS-GLI-01051-000,10,4,0.6,0.021604137495160103,0,0.00014548141916748136
G2A,BraTS-GLI-01051-000,10,4,0.7,0.08479716628789902,0,0.0007285401225090027
G2A,BraTS-GLI-01051-000,10,4,0.8,0.27994444966316223,0,0.003756055375561118
G2A,BraTS-GLI-01051-000,10,4,0.9,0.6199672222137451,1,0.01915697194635868
G2A,BraTS-GLI-01051-000,10,4,1.0,0.8725343346595764,1,0.08448226749897003
G2A,BraTS-GLI-01051-000,21,4,0.0,1.631534905754961e-05,0,6.771919203174548e-08
G2A,BraTS-GLI-01051-000,21,4,0.1,5.080633127363399e-05,0,2.493415252047271e-07
G2A,BraTS-GLI-01051-000,21,4,0.2,0.0001582004188094288,0,9.269667771150125e-07
G2A,BraTS-GLI-01051-000,21,4,0.3,0.0004924918175674975,0,3.4850486372306477e-06
G2A,BraTS-GLI-01051-000,21,4,0.4,0.0015320866368710995,0,1.3277423931867816e-05
G2A,BraTS-GLI-01051-000,21,4,0.5,0.004755714442580938,0,5.139070708537474e-05
G2A,BraTS-GLI-01051-000,21,4,0.6,0.01466248370707035,0,0.0002026462316280231
G2A,BraTS-GLI-01051-000,21,4,0.7,0.044287994503974915,0,0.0008156478870660067
G2A,BraTS-GLI-01051-000,21,4,0.8,0.1344863325357437,0,0.00334537448361516
G2A,BraTS-GLI-01051-000,21,4,0.9,0.3706728219985962,0,0.0139106884598732
G2A,BraTS-GLI-01051-000,21,4,1.0,0.6906581521034241,1,0.058642785996198654
G2A,BraTS-GLI-01051-000,117,4,0.0,1.9320596038596705e-05,0,1.4425396329897922e-05
G2A,BraTS-GLI-01051-000,117,4,0.1,5.963404328213073e-05,0,2.525836134736892e-05
G2A,BraTS-GLI-01051-000,117,4,0.2,0.00018404761794954538,0,4.443198849912733e-05
G2A,BraTS-GLI-01051-000,117,4,0.3,0.0005678772577084601,0,7.871067646192387e-05
G2A,BraTS-GLI-01051-000,117,4,0.4,0.0017507774755358696,0,0.00014112607459537685
G2A,BraTS-GLI-01051-000,117,4,0.5,0.005384412128478289,0,0.0002590867516119033
G2A,BraTS-GLI-01051-000,117,4,0.6,0.01643526740372181,0,0.0005007043946534395
G2A,BraTS-GLI-01051-000,117,4,0.7,0.04904821142554283,0,0.0010846664663404226
G2A,BraTS-GLI-01051-000,117,4,0.8,0.15872468054294586,0,0.0029389173723757267
G2A,BraTS-GLI-01051-000,117,4,0.9,0.41949495673179626,0,0.010918186977505684
G2A,BraTS-GLI-01051-000,117,4,1.0,0.7345933318138123,1,0.052636705338954926
G2A,BraTS-GLI-01051-000,124,4,0.0,0.00014791869034525007,0,0.0005442045512609184
G2A,BraTS-GLI-01051-000,124,4,0.1,0.0003322613483760506,0,0.000651754904538393
G2A,BraTS-GLI-01051-000,124,4,0.2,0.0007461672648787498,0,0.0007922640652395785
G2A,BraTS-GLI-01051-000,124,4,0.3,0.0016748218331485987,0,0.0009851334616541862
G2A,BraTS-GLI-01051-000,124,4,0.4,0.0037549070548266172,0,0.0012688946444541216
G2A,BraTS-GLI-01051-000,124,4,0.5,0.008396675810217857,0,0.001725660404190421
G2A,BraTS-GLI-01051-000,124,4,0.6,0.018669022247195244,0,0.002541213994845748
G2A,BraTS-GLI-01051-000,124,4,0.7,0.04098886996507645,0,0.004157016985118389
G2A,BraTS-GLI-01051-000,124,4,0.8,0.08761103451251984,0,0.007662024814635515
G2A,BraTS-GLI-01051-000,124,4,0.9,0.1774505227804184,0,0.015799980610609055
G2A,BraTS-GLI-01051-000,124,4,1.0,0.3264525234699249,0,0.03541744127869606
G2A,BraTS-GLI-00117-000,2,4,0.0,5.4017622460378334e-05,0,6.792468365546256e-09
G2A,BraTS-GLI-00117-000,2,4,0.1,0.00014201673911884427,0,3.059555808704317e-08
G2A,BraTS-GLI-00117-000,2,4,0.2,0.0003733200137503445,0,1.4060530872939125e-07
G2A,BraTS-GLI-00117-000,2,4,0.3,0.0009809783659875393,0,6.609388947254047e-07
G2A,BraTS-GLI-00117-000,2,4,0.4,0.002575181657448411,0,3.1863098683970748e-06
G2A,BraTS-GLI-00117-000,2,4,0.5,0.00674267066642642,0,1.5796511434018612e-05
G2A,BraTS-GLI-00117-000,2,4,0.6,0.01753593236207962,0,8.075566438492388e-05
G2A,BraTS-GLI-00117-000,2,4,0.7,0.05029822140932083,0,0.00042688893154263496
G2A,BraTS-GLI-00117-000,2,4,0.8,0.14353317022323608,0,0.002338601741939783
G2A,BraTS-GLI-00117-000,2,4,0.9,0.34653159976005554,0,0.013244915753602982
G2A,BraTS-GLI-00117-000,2,4,1.0,0.6265884041786194,1,0.07491140067577362
G2A,BraTS-GLI-00117-000,8,4,0.0,2.7580672394833528e-06,0,6.026859011853958e-08
G2A,BraTS-GLI-00117-000,8,4,0.1,9.462695743422955e-06,0,2.351462029537288e-07
G2A,BraTS-GLI-00117-000,8,4,0.2,3.2465148251503706e-05,0,9.284386806029943e-07
G2A,BraTS-GLI-00117-000,8,4,0.3,0.00011137714318465441,0,3.7179756873229053e-06
G2A,BraTS-GLI-00117-000,8,4,0.4,0.0003820243291556835,0,1.514250470791012e-05
G2A,BraTS-GLI-00117-000,8,4,0.5,0.0013094859896227717,0,6.29342976026237e-05
G2A,BraTS-GLI-00117-000,8,4,0.6,0.004478507209569216,0,0.0002679496246855706
G2A,BraTS-GLI-00117-000,8,4,0.7,0.015199980698525906,0,0.00117304059676826
G2A,BraTS-GLI-00117-000,8,4,0.8,0.05029191076755524,0,0.0052864705212414265
G2A,BraTS-GLI-00117-000,8,4,0.9,0.1609031707048416,0,0.02428366057574749
G2A,BraTS-GLI-00117-000,8,4,1.0,0.421244740486145,0,0.10802631825208664
G2A,BraTS-GLI-00568-000,8,4,0.0,8.866531425155699e-05,0,3.8683313619003457e-07
G2A,BraTS-GLI-00568-000,8,4,0.1,0.0002771266736090183,0,1.3357239367906004e-06
G2A,BraTS-GLI-00568-000,8,4,0.2,0.0008658209117129445,0,4.64380218545557e-06
G2A,BraTS-GLI-00568-000,8,4,0.3,0.002701690187677741,0,1.6274485460598953e-05
G2A,BraTS-GLI-00568-000,8,4,0.4,0.008397581055760384,0,5.7567864132579416e-05
G2A,BraTS-GLI-00568-000,8,4,0.5,0.025791393592953682,0,0.00020573263464029878
G2A,BraTS-GLI-00568-000,8,4,0.6,0.07643567025661469,0,0.0007419828325510025
G2A,BraTS-GLI-00568-000,8,4,0.7,0.20554393529891968,0,0.0026790411211550236
G2A,BraTS-GLI-00568-000,8,4,0.8,0.4471469819545746,0,0.009467666037380695
G2A,BraTS-GLI-00568-000,8,4,0.9,0.7165859937667847,1,0.0319577120244503
G2A,BraTS-GLI-00568-000,8,4,1.0,0.8876923322677612,1,0.1056031659245491
G2A,BraTS-GLI-00645-000,3,4,0.0,1.0569260666670743e-07,0,5.6667750492067626e-09
G2A,BraTS-GLI-00645-000,3,4,0.1,4.3863579435310385e-07,0,2.6496708827039583e-08
G2A,BraTS-GLI-00645-000,3,4,0.2,1.82037888407649e-06,0,1.2679598171416728e-07
G2A,BraTS-GLI-00645-000,3,4,0.3,7.5547291089606006e-06,0,6.222573460945569e-07
G2A,BraTS-GLI-00645-000,3,4,0.4,3.135218139505014e-05,0,3.137325620627962e-06
G2A,BraTS-GLI-00645-000,3,4,0.5,0.00013078826304990798,0,1.6275642337859608e-05
G2A,BraTS-GLI-00645-000,3,4,0.6,0.000548353826161474,0,8.699877071194351e-05
G2A,BraTS-GLI-00645-000,3,4,0.7,0.002296013757586479,0,0.0004798607260454446
G2A,BraTS-GLI-00645-000,3,4,0.8,0.009560360573232174,0,0.0027340922970324755
G2A,BraTS-GLI-00645-000,3,4,0.9,0.03891197592020035,0,0.016014810651540756
G2A,BraTS-GLI-00645-000,3,4,1.0,0.14516903460025787,0,0.09129246324300766
G2A,BraTS-GLI-00283-000,5,4,0.0,1.314867881241355e-09,0,2.3521193673325946e-12
G2A,BraTS-GLI-00283-000,5,4,0.1,9.049456295429081e-09,0,2.0602380912393414e-11
G2A,BraTS-GLI-00283-000,5,4,0.2,6.22817992734781e-08,0,1.8594276118832909e-10
G2A,BraTS-GLI-00283-000,5,4,0.3,4.286476951165241e-07,0,1.7409172992088884e-09
G2A,BraTS-GLI-00283-000,5,4,0.4,2.9501147764676716e-06,0,1.703870644576e-08
G2A,BraTS-GLI-00283-000,5,4,0.5,2.0548350221361034e-05,0,1.7573367472323298e-07
G2A,BraTS-GLI-00283-000,5,4,0.6,0.00014841233496554196,0,1.9244853319833055e-06
G2A,BraTS-GLI-00283-000,5,4,0.7,0.0010710704373195767,0,2.2508784240926616e-05
G2A,BraTS-GLI-00283-000,5,4,0.8,0.008086318150162697,0,0.0002819420478772372
G2A,BraTS-GLI-00283-000,5,4,0.9,0.05862357094883919,0,0.003767354181036353
G2A,BraTS-GLI-00283-000,5,4,1.0,0.3223594129085541,0,0.05103680491447449
G2A,BraTS-GLI-00283-000,7,4,0.0,3.786102334424335e-11,0,1.478758847144046e-12
G2A,BraTS-GLI-00283-000,7,4,0.1,3.6051128748937344e-10,0,1.2430775159222307e-11
G2A,BraTS-GLI-00283-000,7,4,0.2,3.432755857346592e-09,0,1.0883957624052698e-10
G2A,BraTS-GLI-00283-000,7,4,0.3,3.268651127541489e-08,0,1.0025688057524462e-09
G2A,BraTS-GLI-00283-000,7,4,0.4,3.1123758503781573e-07,0,9.814111301409412e-09
G2A,BraTS-GLI-00283-000,7,4,0.5,2.9635796181537444e-06,0,1.0297129904301983e-07
G2A,BraTS-GLI-00283-000,7,4,0.6,2.8218275474500842e-05,0,1.1647272231130046e-06
G2A,BraTS-GLI-00283-000,7,4,0.7,0.00026862777303904295,0,1.4247263607103378e-05
G2A,BraTS-GLI-00283-000,7,4,0.8,0.002552012912929058,0,0.00018894961976911873
G2A,BraTS-GLI-00283-000,7,4,0.9,0.02378285676240921,0,0.002729198196902871
G2A,BraTS-GLI-00283-000,7,4,1.0,0.2120073139667511,0,0.04216575250029564
G2A,BraTS-GLI-00014-001,7,4,0.0,1.7953202258169654e-09,0,5.804974279044472e-10
G2A,BraTS-GLI-00014-001,7,4,0.1,1.0998843613663212e-08,0,3.5061284986426244e-09
G2A,BraTS-GLI-00014-001,7,4,0.2,6.738315505572245e-08,0,2.1401826089118003e-08
G2A,BraTS-GLI-00014-001,7,4,0.3,4.128145860704535e-07,0,1.3221172423527605e-07
G2A,BraTS-GLI-00014-001,7,4,0.4,2.529055791455903e-06,0,8.281875238935754e-07
G2A,BraTS-GLI-00014-001,7,4,0.5,1.549380067444872e-05,0,5.275614057609346e-06
G2A,BraTS-GLI-00014-001,7,4,0.6,9.491354285273701e-05,0,3.432360244914889e-05
G2A,BraTS-GLI-00014-001,7,4,0.7,0.0005811944138258696,0,0.0002295883314218372
G2A,BraTS-GLI-00014-001,7,4,0.8,0.003550047054886818,0,0.0015932867536321282
G2A,BraTS-GLI-00014-001,7,4,0.9,0.021360227838158607,0,0.011548743583261967
G2A,BraTS-GLI-00014-001,7,4,1.0,0.11794591695070267,0,0.08413691818714142
G2A,BraTS-GLI-00014-001,9,4,0.0,4.575650136562359e-10,0,8.101848636421494e-10
G2A,BraTS-GLI-00014-001,9,4,0.1,3.1080580331632746e-09,0,4.840200684697038e-09
G2A,BraTS-GLI-00014-001,9,4,0.2,2.1111768333526015e-08,0,2.9193568451546525e-08
G2A,BraTS-GLI-00014-001,9,4,0.3,1.4340400866785785e-07,0,1.781522200872132e-07
G2A,BraTS-GLI-00014-001,9,4,0.4,9.740858786244644e-07,0,1.1030433597625233e-06
G2A,BraTS-GLI-00014-001,9,4,0.5,6.616548944293754e-06,0,6.954271611903096e-06
G2A,BraTS-GLI-00014-001,9,4,0.6,4.6306067815748975e-05,0,4.4842774514108896e-05
G2A,BraTS-GLI-00014-001,9,4,0.7,0.0003246577107347548,0,0.0002972357615362853
G2A,BraTS-GLI-00014-001,9,4,0.8,0.0022724149748682976,0,0.002033873926848173
G2A,BraTS-GLI-00014-001,9,4,0.9,0.015721790492534637,0,0.01430858951061964
G2A,BraTS-GLI-00014-001,9,4,1.0,0.10073503851890564,0,0.09742838889360428
G2A,BraTS-GLI-00014-001,55,4,0.0,1.692890627680299e-08,0,3.6064344843822482e-09
G2A,BraTS-GLI-00014-001,55,4,0.1,8.522074779193645e-08,0,1.958397888301988e-08
G2A,BraTS-GLI-00014-001,55,4,0.2,4.290043023047474e-07,0,1.0732523492151813e-07
G2A,BraTS-GLI-00014-001,55,4,0.3,2.159622226827196e-06,0,5.942981715634232e-07
G2A,BraTS-GLI-00014-001,55,4,0.4,1.0871523954847362e-05,0,3.3298624657618348e-06
G2A,BraTS-GLI-00014-001,55,4,0.5,5.4725369409425184e-05,0,1.8910153812612407e-05
G2A,BraTS-GLI-00014-001,55,4,0.6,0.00027906004106625915,0,0.0001090518562705256
G2A,BraTS-GLI-00014-001,55,4,0.7,0.001425345428287983,0,0.0006397939869202673
G2A,BraTS-GLI-00014-001,55,4,0.8,0.007246070541441441,0,0.0038192449137568474
G2A,BraTS-GLI-00014-001,55,4,0.9,0.035980552434921265,0,0.022940799593925476
G2A,BraTS-GLI-00014-001,55,4,1.0,0.16026721894741058,0,0.1285117268562317
G2A,BraTS-GLI-01503-000,17,4,0.0,1.8002886292833864e-07,0,2.287292133473784e-08
G2A,BraTS-GLI-01503-000,17,4,0.1,7.898137823758589e-07,0,1.0157223329088083e-07
G2A,BraTS-GLI-01503-000,17,4,0.2,3.465024747129064e-06,0,4.540565328170487e-07
G2A,BraTS-GLI-01503-000,17,4,0.3,1.5201418136712164e-05,0,2.044175516857649e-06
G2A,BraTS-GLI-01503-000,17,4,0.4,6.668752030236647e-05,0,9.272351235267706e-06
G2A,BraTS-GLI-01503-000,17,4,0.5,0.0002925023145508021,0,4.239395639160648e-05
G2A,BraTS-GLI-01503-000,17,4,0.6,0.001281982404179871,0,0.00019542074005585164
G2A,BraTS-GLI-01503-000,17,4,0.7,0.0055999369360506535,0,0.000907806446775794
G2A,BraTS-GLI-01503-000,17,4,0.8,0.024289343506097794,0,0.004234140273183584
G2A,BraTS-GLI-01503-000,17,4,0.9,0.1004086434841156,0,0.0194786936044693
G2A,BraTS-GLI-01503-000,17,4,1.0,0.33353129029273987,0,0.08293668180704117
G2A,BraTS-GLI-01212-000,16,4,0.0,0.0023839217610657215,0,3.2967739116429584e-07
G2A,BraTS-GLI-01212-000,16,4,0.1,0.005309542641043663,0,9.217517913384654e-07
G2A,BraTS-GLI-01212-000,16,4,0.2,0.011783166788518429,0,2.6182685815001605e-06
G2A,BraTS-GLI-01212-000,16,4,0.3,0.025943834334611893,0,7.5958359957439825e-06
G2A,BraTS-GLI-01212-000,16,4,0.4,0.05615534260869026,0,2.268281787110027e-05
G2A,BraTS-GLI-01212-000,16,4,0.5,0.1173110380768776,0,7.056327012833208e-05
G2A,BraTS-GLI-01212-000,16,4,0.6,0.22891488671302795,0,0.00023283214250113815
G2A,BraTS-GLI-01212-000,16,4,0.7,0.39873161911964417,0,0.000835131504572928
G2A,BraTS-GLI-01212-000,16,4,0.8,0.5969908237457275,1,0.0033440631814301014
G2A,BraTS-GLI-01212-000,16,4,0.9,0.7679260969161987,1,0.015186349861323833
G2A,BraTS-GLI-01212-000,16,4,1.0,0.8982977271080017,1,0.07572951912879944
G2A,BraTS-GLI-01212-000,17,4,0.0,4.1361808200690575e-08,0,1.0442635645091514e-09
G2A,BraTS-GLI-01212-000,17,4,0.1,2.1086181334339926e-07,0,5.3679176659215955e-09
G2A,BraTS-GLI-01212-000,17,4,0.2,1.0749712373581133e-06,0,2.792574171905926e-08
G2A,BraTS-GLI-01212-000,17,4,0.3,5.480178060679464e-06,0,1.4738428433247464e-07
G2A,BraTS-GLI-01212-000,17,4,0.4,2.7937287086388096e-05,0,7.916439130895014e-07
G2A,BraTS-GLI-01212-000,17,4,0.5,0.00014240795280784369,0,4.345765773905441e-06
G2A,BraTS-GLI-01212-000,17,4,0.6,0.0007255711243487895,0,2.4513641619705595e-05
G2A,BraTS-GLI-01212-000,17,4,0.7,0.003687991527840495,0,0.00014303076022770256
G2A,BraTS-GLI-01212-000,17,4,0.8,0.018521439284086227,0,0.0008691168040968478
G2A,BraTS-GLI-01212-000,17,4,0.9,0.08776114135980606,0,0.005508300382643938
G2A,BraTS-GLI-01212-000,17,4,1.0,0.32906076312065125,0,0.03565310686826706
G2A,BraTS-GLI-01222-000,16,4,0.0,2.7325842893333174e-05,0,0.033926501870155334
G2A,BraTS-GLI-01222-000,16,4,0.1,8.636761049274355e-05,0,0.03374408930540085
G2A,BraTS-GLI-01222-000,16,4,0.2,0.0002729435218498111,0,0.033609867095947266
G2A,BraTS-GLI-01222-000,16,4,0.3,0.0008622232126072049,0,0.033558983355760574
G2A,BraTS-GLI-01222-000,16,4,0.4,0.002720282878726721,0,0.03365796431899071
G2A,BraTS-GLI-01222-000,16,4,0.5,0.008548148907721043,0,0.03404678776860237
G2A,BraTS-GLI-01222-000,16,4,0.6,0.026529334485530853,0,0.0350639708340168
G2A,BraTS-GLI-01222-000,16,4,0.7,0.0793086439371109,0,0.0376717709004879
G2A,BraTS-GLI-01222-000,16,4,0.8,0.21400709450244904,0,0.04502132162451744
G2A,BraTS-GLI-01222-000,16,4,0.9,0.500878632068634,1,0.06802931427955627
G2A,BraTS-GLI-01222-000,16,4,1.0,0.7978399395942688,1,0.14286865293979645
G2A,BraTS-GLI-00387-000,13,4,0.0,7.382823241641745e-09,0,3.2507889713428995e-09
G2A,BraTS-GLI-00387-000,13,4,0.1,4.040473911004483e-08,0,1.8308222493601534e-08
G2A,BraTS-GLI-00387-000,13,4,0.2,2.2112651265615568e-07,0,1.0355221746749521e-07
G2A,BraTS-GLI-00387-000,13,4,0.3,1.2101829724997515e-06,0,5.886400913368561e-07
G2A,BraTS-GLI-00387-000,13,4,0.4,6.623057743126992e-06,0,3.3662661280686734e-06
G2A,BraTS-GLI-00387-000,13,4,0.5,3.624561577453278e-05,0,1.939375579240732e-05
G2A,BraTS-GLI-00387-000,13,4,0.6,0.000198332971194759,0,0.00011278728925390169
G2A,BraTS-GLI-00387-000,13,4,0.7,0.0010844753123819828,0,0.0006640054634772241
G2A,BraTS-GLI-00387-000,13,4,0.8,0.005906466860324144,0,0.003969080280512571
G2A,BraTS-GLI-00387-000,13,4,0.9,0.031492944806814194,0,0.0239738579839468
G2A,BraTS-GLI-00387-000,13,4,1.0,0.15107415616512299,0,0.13591501116752625
G2A,BraTS-GLI-01445-000,4,4,0.0,6.141411268423269e-10,0,6.225845394780549e-10
G2A,BraTS-GLI-01445-000,4,4,0.1,4.002473463771139e-09,0,3.516517521617857e-09
G2A,BraTS-GLI-01445-000,4,4,0.2,2.6084823190331008e-08,0,2.026798817666986e-08
G2A,BraTS-GLI-01445-000,4,4,0.3,1.6999983643017913e-07,0,1.195970895651044e-07
G2A,BraTS-GLI-01445-000,4,4,0.4,1.1260241308264085e-06,0,7.251371130223561e-07
G2A,BraTS-GLI-01445-000,4,4,0.5,8.091251402220223e-06,0,4.535767857305473e-06
G2A,BraTS-GLI-01445-000,4,4,0.6,5.813859752379358e-05,0,2.9398663173196837e-05
G2A,BraTS-GLI-01445-000,4,4,0.7,0.00041761802276596427,0,0.00019838700245600194
G2A,BraTS-GLI-01445-000,4,4,0.8,0.002993160393089056,0,0.0013996809720993042
G2A,BraTS-GLI-01445-000,4,4,0.9,0.021117059513926506,0,0.01029309630393982
G2A,BraTS-GLI-01445-000,4,4,1.0,0.13421031832695007,0,0.07438179105520248
G2A,BraTS-GLI-01274-000,3,4,0.0,3.8889147457865647e-10,0,1.291066475950231e-09
G2A,BraTS-GLI-01274-000,3,4,0.1,3.0266991135619037e-09,0,6.1834666276183725e-09
G2A,BraTS-GLI-01274-000,3,4,0.2,2.355641726126123e-08,0,3.0304700970873455e-08
G2A,BraTS-GLI-01274-000,3,4,0.3,1.8333659568270377e-07,0,1.5282009258044127e-07
G2A,BraTS-GLI-01274-000,3,4,0.4,1.4268823633756256e-06,0,7.979198244356667e-07
G2A,BraTS-GLI-01274-000,3,4,0.5,1.110513858293416e-05,0,4.34230241808109e-06
G2A,BraTS-GLI-01274-000,3,4,0.6,8.642337343189865e-05,0,2.4785855202935636e-05
G2A,BraTS-GLI-01274-000,3,4,0.7,0.0006722278776578605,0,0.00014914566418156028
G2A,BraTS-GLI-01274-000,3,4,0.8,0.005208112765103579,0,0.0009481470915488899
G2A,BraTS-GLI-01274-000,3,4,0.9,0.039151016622781754,0,0.006319169886410236
G2A,BraTS-GLI-01274-000,3,4,1.0,0.24076953530311584,0,0.04142758995294571
G2A,BraTS-GLI-01274-000,22,4,0.0,4.065906278327702e-09,0,0.0028366532642394304
G2A,BraTS-GLI-01274-000,22,4,0.1,2.0450015014716882e-08,0,0.003081856295466423
G2A,BraTS-GLI-01274-000,22,4,0.2,1.0391001126208721e-07,0,0.0033679050393402576
G2A,BraTS-GLI-01274-000,22,4,0.3,5.691838964594353e-07,0,0.003707953030243516
G2A,BraTS-GLI-01274-000,22,4,0.4,3.117793539786362e-06,0,0.004122624639421701
G2A,BraTS-GLI-01274-000,22,4,0.5,1.707803676254116e-05,0,0.0046473401598632336
G2A,BraTS-GLI-01274-000,22,4,0.6,9.354069334222004e-05,0,0.005355323199182749
G2A,BraTS-GLI-01274-000,22,4,0.7,0.000576438382267952,0,0.00646507553756237
G2A,BraTS-GLI-01274-000,22,4,0.8,0.004753650166094303,0,0.009008176624774933
G2A,BraTS-GLI-01274-000,22,4,0.9,0.038048937916755676,0,0.019585883244872093
G2A,BraTS-GLI-01274-000,22,4,1.0,0.2602914571762085,0,0.08075135946273804
G2A,BraTS-GLI-00820-000,8,4,0.0,1.6479243925004994e-07,0,1.027548179877158e-08
G2A,BraTS-GLI-00820-000,8,4,0.1,6.867835509183351e-07,0,4.960484289995293e-08
G2A,BraTS-GLI-00820-000,8,4,0.2,2.8622087029361865e-06,0,2.4123394837261003e-07
G2A,BraTS-GLI-00820-000,8,4,0.3,1.1928343155886978e-05,0,1.1835294344564318e-06
G2A,BraTS-GLI-00820-000,8,4,0.4,4.971026646671817e-05,0,5.869346750841942e-06
G2A,BraTS-GLI-00820-000,8,4,0.5,0.00020713816047646105,0,2.9499053198378533e-05
G2A,BraTS-GLI-00820-000,8,4,0.6,0.0008742784848436713,0,0.00015078215801622719
G2A,BraTS-GLI-00820-000,8,4,0.7,0.00389791838824749,0,0.000787271826993674
G2A,BraTS-GLI-00820-000,8,4,0.8,0.01719864271581173,0,0.004216092638671398
G2A,BraTS-GLI-00820-000,8,4,0.9,0.0725780576467514,0,0.023058567196130753
G2A,BraTS-GLI-00820-000,8,4,1.0,0.2592412829399109,0,0.12139498442411423
G2A,BraTS-GLI-01027-001,1,4,0.0,2.0667436650967375e-09,0,3.860947950240501e-10
G2A,BraTS-GLI-01027-001,1,4,0.1,2.1482918555193464e-08,0,4.160622513182943e-09
G2A,BraTS-GLI-01027-001,1,4,0.2,2.2330590354613378e-07,0,4.5444362939406346e-08
G2A,BraTS-GLI-01027-001,1,4,0.3,2.321168949492858e-06,0,5.033787147112889e-07
G2A,BraTS-GLI-01027-001,1,4,0.4,2.4127031792886555e-05,0,5.657732799591031e-06
G2A,BraTS-GLI-01027-001,1,4,0.5,0.00025073360302485526,0,6.455960101448e-05
G2A,BraTS-GLI-01027-001,1,4,0.6,0.0026739544700831175,0,0.0007476379978470504
G2A,BraTS-GLI-01027-001,1,4,0.7,0.033474843949079514,0,0.008682596497237682
G2A,BraTS-GLI-01027-001,1,4,0.8,0.3091050684452057,0,0.08937215059995651
G2A,BraTS-GLI-01027-001,1,4,0.9,0.8524942994117737,1,0.46375301480293274
G2A,BraTS-GLI-01027-001,1,4,1.0,0.986782431602478,1,0.8927518725395203
G2A,BraTS-GLI-01027-001,6,4,0.0,0.0007075651083141565,0,1.557182605083085e-09
G2A,BraTS-GLI-01027-001,6,4,0.1,0.0017955353250727057,0,7.548706548732298e-09
G2A,BraTS-GLI-01027-001,6,4,0.2,0.004548779688775539,0,3.718294649956988e-08
G2A,BraTS-GLI-01027-001,6,4,0.3,0.011475280858576298,0,1.8659865475001425e-07
G2A,BraTS-GLI-01027-001,6,4,0.4,0.028645344078540802,0,9.579325705999509e-07
G2A,BraTS-GLI-01027-001,6,4,0.5,0.0696951225399971,0,5.063831395091256e-06
G2A,BraTS-GLI-01027-001,6,4,0.6,0.15988776087760925,0,2.7861835405929014e-05
G2A,BraTS-GLI-01027-001,6,4,0.7,0.32590925693511963,0,0.00016226906154770404
G2A,BraTS-GLI-01027-001,6,4,0.8,0.5512130260467529,1,0.0010235954541713
G2A,BraTS-GLI-01027-001,6,4,0.9,0.7572921514511108,1,0.007141464855521917
G2A,BraTS-GLI-01027-001,6,4,1.0,0.8913552165031433,1,0.053826142102479935
G2A,BraTS-GLI-01163-000,2,4,0.0,1.539037657494191e-05,0,0.01330379769206047
G2A,BraTS-GLI-01163-000,2,4,0.1,5.079271795693785e-05,0,0.013331728987395763
G2A,BraTS-GLI-01163-000,2,4,0.2,0.00016761661390773952,0,0.013363484293222427
G2A,BraTS-GLI-01163-000,2,4,0.3,0.000552989193238318,0,0.013408023864030838
G2A,BraTS-GLI-01163-000,2,4,0.4,0.001822770107537508,0,0.013485430739820004
G2A,BraTS-GLI-01163-000,2,4,0.5,0.005990755744278431,0,0.013644976541399956
G2A,BraTS-GLI-01163-000,2,4,0.6,0.019503142684698105,0,0.014025339856743813
G2A,BraTS-GLI-01163-000,2,4,0.7,0.06160430610179901,0,0.015090448781847954
G2A,BraTS-GLI-01163-000,2,4,0.8,0.17808224260807037,0,0.01869702711701393
G2A,BraTS-GLI-01163-000,2,4,0.9,0.41693955659866333,0,0.03339475765824318
G2A,BraTS-GLI-01163-000,2,4,1.0,0.702387809753418,1,0.09937796741724014
G2A,BraTS-GLI-01163-000,4,4,0.0,8.036288301482841e-11,0,4.785633556103619e-10
G2A,BraTS-GLI-01163-000,4,4,0.1,7.01634805810869e-10,0,2.934774645524385e-09
G2A,BraTS-GLI-01163-000,4,4,0.2,6.125831397696402e-09,0,1.836728991122527e-08
G2A,BraTS-GLI-01163-000,4,4,0.3,5.34834967425013e-08,0,1.1758304907516504e-07
G2A,BraTS-GLI-01163-000,4,4,0.4,4.6695296873622283e-07,0,7.718219876551302e-07
G2A,BraTS-GLI-01163-000,4,4,0.5,4.076865025126608e-06,0,5.2081495596212335e-06
G2A,BraTS-GLI-01163-000,4,4,0.6,3.575530354282819e-05,0,3.6231398553354666e-05
G2A,BraTS-GLI-01163-000,4,4,0.7,0.0003152769641019404,0,0.000260683533269912
G2A,BraTS-GLI-01163-000,4,4,0.8,0.002773931948468089,0,0.0019450666150078177
G2A,BraTS-GLI-01163-000,4,4,0.9,0.0239468552172184,0,0.014962919056415558
G2A,BraTS-GLI-01163-000,4,4,1.0,0.17789891362190247,0,0.11025756597518921
G2A,BraTS-GLI-00543-000,23,4,0.0,1.6964256701612612e-06,0,4.757557547918623e-08
G2A,BraTS-GLI-00543-000,23,4,0.1,6.504533757833997e-06,0,2.0167213676813844e-07
G2A,BraTS-GLI-00543-000,23,4,0.2,2.493972351658158e-05,0,8.625156624475494e-07
G2A,BraTS-GLI-00543-000,23,4,0.3,9.561894694343209e-05,0,3.72150225302903e-06
G2A,BraTS-GLI-00543-000,23,4,0.4,0.0003665299736894667,0,1.619685281184502e-05
G2A,BraTS-GLI-00543-000,23,4,0.5,0.00140391883905977,0,7.108135469025001e-05
G2A,BraTS-GLI-00543-000,23,4,0.6,0.005361675750464201,0,0.00031422360916621983
G2A,BraTS-GLI-00543-000,23,4,0.7,0.020250413566827774,0,0.0013935158494859934
G2A,BraTS-GLI-00543-000,23,4,0.8,0.0734310895204544,0,0.006102323532104492
G2A,BraTS-GLI-00543-000,23,4,0.9,0.23305147886276245,0,0.025267696008086205
G2A,BraTS-GLI-00543-000,23,4,1.0,0.5381308794021606,1,0.09422840923070908
G2A,BraTS-GLI-00236-000,4,4,0.0,5.9713936934713274e-05,0,6.111041450651555e-09
G2A,BraTS-GLI-00236-000,4,4,0.1,0.0001537917269160971,0,2.388287789756305e-08
G2A,BraTS-GLI-00236-000,4,4,0.2,0.0003960277826990932,0,1.0012763596023433e-07
G2A,BraTS-GLI-00236-000,4,4,0.3,0.0010194183560088277,0,4.594792812895321e-07
G2A,BraTS-GLI-00236-000,4,4,0.4,0.0026215207763016224,0,2.3306042749027256e-06
G2A,BraTS-GLI-00236-000,4,4,0.5,0.006724521052092314,0,1.2993630662094802e-05
G2A,BraTS-GLI-00236-000,4,4,0.6,0.01713884435594082,0,7.828299567336217e-05
G2A,BraTS-GLI-00236-000,4,4,0.7,0.04298396408557892,0,0.0004996267962269485
G2A,BraTS-GLI-00236-000,4,4,0.8,0.10369144380092621,0,0.003317394992336631
G2A,BraTS-GLI-00236-000,4,4,0.9,0.22957052290439606,0,0.022347910329699516
G2A,BraTS-GLI-00236-000,4,4,1.0,0.434230774641037,0,0.13856534659862518
G2A,BraTS-GLI-01519-000,2,4,0.0,2.4441180812573293e-07,0,1.4912812096312678e-09
G2A,BraTS-GLI-01519-000,2,4,0.1,9.851009963313118e-07,0,7.432226833969935e-09
G2A,BraTS-GLI-01519-000,2,4,0.2,3.9704300434095785e-06,0,3.762944089658049e-08
G2A,BraTS-GLI-01519-000,2,4,0.3,1.600261020939797e-05,0,1.9408727780501067e-07
G2A,BraTS-GLI-01519-000,2,4,0.4,6.449539068853483e-05,0,1.0238333061352023e-06
G2A,BraTS-GLI-01519-000,2,4,0.5,0.000259897846262902,0,5.555215011554537e-06
G2A,BraTS-GLI-01519-000,2,4,0.6,0.0010466933017596602,0,3.126416777377017e-05
G2A,BraTS-GLI-01519-000,2,4,0.7,0.004205355886369944,0,0.00018469459610059857
G2A,BraTS-GLI-01519-000,2,4,0.8,0.01811947673559189,0,0.0011629294604063034
G2A,BraTS-GLI-01519-000,2,4,0.9,0.0819566622376442,0,0.007905703969299793
G2A,BraTS-GLI-01519-000,2,4,1.0,0.3103216290473938,0,0.056691668927669525
G2B,BraTS-GLI-00028-000,2,4,0.0,0.9999997615814209,1,3.4297947877348633e-06
G2B,BraTS-GLI-00028-000,2,4,0.1,0.9999991655349731,1,5.190268439037027e-06
G2B,BraTS-GLI-00028-000,2,4,0.2,0.9999960660934448,1,8.111205715977121e-06
G2B,BraTS-GLI-00028-000,2,4,0.3,0.9999823570251465,1,1.3341600606509019e-05
G2B,BraTS-GLI-00028-000,2,4,0.4,0.9999206066131592,1,2.3860067813075148e-05
G2B,BraTS-GLI-00028-000,2,4,0.5,0.9996432065963745,1,4.881740824203007e-05
G2B,BraTS-GLI-00028-000,2,4,0.6,0.9983987212181091,1,0.00012172778224339709
G2B,BraTS-GLI-00028-000,2,4,0.7,0.9929838180541992,1,0.0003885860205627978
G2B,BraTS-GLI-00028-000,2,4,0.8,0.9866480231285095,1,0.0016041808994486928
G2B,BraTS-GLI-00028-000,2,4,0.9,0.9764852523803711,1,0.008440036326646805
G2B,BraTS-GLI-00028-000,2,4,1.0,0.9589090347290039,1,0.055168718099594116
G2B,BraTS-GLI-01228-000,1,4,0.0,1.0,1,0.021537035703659058
G2B,BraTS-GLI-01228-000,1,4,0.1,1.0,1,0.02155333384871483
G2B,BraTS-GLI-01228-000,1,4,0.2,1.0,1,0.021583296358585358
G2B,BraTS-GLI-01228-000,1,4,0.3,1.0,1,0.021637514233589172
G2B,BraTS-GLI-01228-000,1,4,0.4,1.0,1,0.021734967827796936
G2B,BraTS-GLI-01228-000,1,4,0.5,1.0,1,0.021913042291998863
G2B,BraTS-GLI-01228-000,1,4,0.6,1.0,1,0.022259671241044998
G2B,BraTS-GLI-01228-000,1,4,0.7,0.9999986886978149,1,0.023044420406222343
G2B,BraTS-GLI-01228-000,1,4,0.8,0.9999499320983887,1,0.02532980591058731
G2B,BraTS-GLI-01228-000,1,4,0.9,0.9982479810714722,1,0.0338965468108654
G2B,BraTS-GLI-01228-000,1,4,1.0,0.9870044589042664,1,0.07240492105484009
G2B,BraTS-GLI-00239-000,1,4,0.0,0.999998927116394,1,0.0018187180394306779
G2B,BraTS-GLI-00239-000,1,4,0.1,0.9999969005584717,1,0.0019624861888587475
G2B,BraTS-GLI-00239-000,1,4,0.2,0.9999904632568359,1,0.0021691175643354654
G2B,BraTS-GLI-00239-000,1,4,0.3,0.9999713897705078,1,0.002473355969414115
G2B,BraTS-GLI-00239-000,1,4,0.4,0.9999136924743652,1,0.00293609662912786
G2B,BraTS-GLI-00239-000,1,4,0.5,0.999739944934845,1,0.003672096412628889
G2B,BraTS-GLI-00239-000,1,4,0.6,0.9992170333862305,1,0.004917990881949663
G2B,BraTS-GLI-00239-000,1,4,0.7,0.9976451992988586,1,0.007219911552965641
G2B,BraTS-GLI-00239-000,1,4,0.8,0.9931354522705078,1,0.012039175257086754
G2B,BraTS-GLI-00239-000,1,4,0.9,0.981433093547821,1,0.024181906133890152
G2B,BraTS-GLI-00239-000,1,4,1.0,0.9529825448989868,1,0.0643036738038063
G2B,BraTS-GLI-00239-000,25,4,0.0,0.975092887878418,1,0.0006624780362471938
G2B,BraTS-GLI-00239-000,25,4,0.1,0.9699662923812866,1,0.0009702687966637313
G2B,BraTS-GLI-00239-000,25,4,0.2,0.9638237357139587,1,0.0014446511631831527
G2B,BraTS-GLI-00239-000,25,4,0.3,0.9564810991287231,1,0.002194047439843416
G2B,BraTS-GLI-00239-000,25,4,0.4,0.9477291107177734,1,0.0034107621759176254
G2B,BraTS-GLI-00239-000,25,4,0.5,0.9373323321342468,1,0.005444897338747978
G2B,BraTS-GLI-00239-000,25,4,0.6,0.9250311255455017,1,0.00895090214908123
G2B,BraTS-GLI-00239-000,25,4,0.7,0.9105457067489624,1,0.015191114507615566
G2B,BraTS-GLI-00239-000,25,4,0.8,0.8935834765434265,1,0.02670353278517723
G2B,BraTS-GLI-00239-000,25,4,0.9,0.8738504648208618,1,0.048896584659814835
G2B,BraTS-GLI-00239-000,25,4,1.0,0.8510681986808777,1,0.09477633982896805
G2B,BraTS-GLI-00606-000,58,4,0.0,0.9993239641189575,1,0.002969426568597555
G2B,BraTS-GLI-00606-000,58,4,0.1,0.9987849593162537,1,0.003081809962168336
G2B,BraTS-GLI-00606-000,58,4,0.2,0.9978172779083252,1,0.0032306574285030365
G2B,BraTS-GLI-00606-000,58,4,0.3,0.9960818886756897,1,0.0034322196152061224
G2B,BraTS-GLI-00606-000,58,4,0.4,0.9929763674736023,1,0.0037136857863515615
G2B,BraTS-GLI-00606-000,58,4,0.5,0.987440824508667,1,0.004125939682126045
G2B,BraTS-GLI-00606-000,58,4,0.6,0.977640688419342,1,0.004785169847309589
G2B,BraTS-GLI-00606-000,58,4,0.7,0.9604990482330322,1,0.006055491976439953
G2B,BraTS-GLI-00606-000,58,4,0.8,0.9311417937278748,1,0.009568922221660614
G2B,BraTS-GLI-00606-000,58,4,0.9,0.8918010592460632,1,0.02484843134880066
G2B,BraTS-GLI-00606-000,58,4,1.0,0.8582960367202759,1,0.11109711974859238
G2B,BraTS-GLI-00746-000,1,4,0.0,1.0,1,0.009490985423326492
G2B,BraTS-GLI-00746-000,1,4,0.1,1.0,1,0.009539027698338032
G2B,BraTS-GLI-00746-000,1,4,0.2,1.0,1,0.009600341320037842
G2B,BraTS-GLI-00746-000,1,4,0.3,1.0,1,0.009680679999291897
G2B,BraTS-GLI-00746-000,1,4,0.4,0.9999998807907104,1,0.009790568612515926
G2B,BraTS-GLI-00746-000,1,4,0.5,0.9999988079071045,1,0.009952526539564133
G2B,BraTS-GLI-00746-000,1,4,0.6,0.9999868869781494,1,0.010225147940218449
G2B,BraTS-GLI-00746-000,1,4,0.7,0.9998698234558105,1,0.010800915770232677
G2B,BraTS-GLI-00746-000,1,4,0.8,0.9987194538116455,1,0.012495099566876888
G2B,BraTS-GLI-00746-000,1,4,0.9,0.9891800880432129,1,0.019704140722751617
G2B,BraTS-GLI-00746-000,1,4,1.0,0.934553861618042,1,0.060251444578170776
G2B,BraTS-GLI-01188-000,2,4,0.0,0.9999886751174927,1,0.007344590965658426
G2B,BraTS-GLI-01188-000,2,4,0.1,0.9999713897705078,1,0.007625792641192675
G2B,BraTS-GLI-01188-000,2,4,0.2,0.9999282360076904,1,0.007984020747244358
G2B,BraTS-GLI-01188-000,2,4,0.3,0.9998194575309753,1,0.008443975821137428
G2B,BraTS-GLI-01188-000,2,4,0.4,0.9995459914207458,1,0.009048853069543839
G2B,BraTS-GLI-01188-000,2,4,0.5,0.998859167098999,1,0.00988908763974905
G2B,BraTS-GLI-01188-000,2,4,0.6,0.9971358776092529,1,0.011188206262886524
G2B,BraTS-GLI-01188-000,2,4,0.7,0.9928283095359802,1,0.01358957588672638
G2B,BraTS-GLI-01188-000,2,4,0.8,0.9821584224700928,1,0.01923755183815956
G2B,BraTS-GLI-01188-000,2,4,0.9,0.9662680625915527,1,0.03624594956636429
G2B,BraTS-GLI-01188-000,2,4,1.0,0.9478694796562195,1,0.0968262255191803
G2B,BraTS-GLI-00061-000,2,4,0.0,1.0,1,0.0016957399202510715
G2B,BraTS-GLI-00061-000,2,4,0.1,1.0,1,0.0017269318923354149
G2B,BraTS-GLI-00061-000,2,4,0.2,0.9999998807907104,1,0.001761851366609335
G2B,BraTS-GLI-00061-000,2,4,0.3,0.9999991655349731,1,0.001803923980332911
G2B,BraTS-GLI-00061-000,2,4,0.4,0.9999960660934448,1,0.0018613204592838883
G2B,BraTS-GLI-00061-000,2,4,0.5,0.9999814033508301,1,0.0019563680980354548
G2B,BraTS-GLI-00061-000,2,4,0.6,0.9999125003814697,1,0.0021614169236272573
G2B,BraTS-GLI-00061-000,2,4,0.7,0.9995883107185364,1,0.002755342982709408
G2B,BraTS-GLI-00061-000,2,4,0.8,0.9980641007423401,1,0.004997010342776775
G2B,BraTS-GLI-00061-000,2,4,0.9,0.9909472465515137,1,0.015397018752992153
G2B,BraTS-GLI-00061-000,2,4,1.0,0.9681457281112671,1,0.06962986290454865
G2B,BraTS-GLI-01080-000,4,4,0.0,0.9770964980125427,1,0.008845753967761993
G2B,BraTS-GLI-01080-000,4,4,0.1,0.9706225991249084,1,0.008815786801278591
G2B,BraTS-GLI-01080-000,4,4,0.2,0.9623892307281494,1,0.008843068964779377
G2B,BraTS-GLI-01080-000,4,4,0.3,0.9519625306129456,1,0.008962483145296574
G2B,BraTS-GLI-01080-000,4,4,0.4,0.9388288855552673,1,0.009237651713192463
G2B,BraTS-GLI-01080-000,4,4,0.5,0.9223973751068115,1,0.009795386344194412
G2B,BraTS-GLI-01080-000,4,4,0.6,0.9020125865936279,1,0.010912573896348476
G2B,BraTS-GLI-01080-000,4,4,0.7,0.8769872784614563,1,0.013254108838737011
G2B,BraTS-GLI-01080-000,4,4,0.8,0.8466571569442749,1,0.0185873880982399
G2B,BraTS-GLI-01080-000,4,4,0.9,0.8104652762413025,1,0.03211631253361702
G2B,BraTS-GLI-01080-000,4,4,1.0,0.7917324304580688,1,0.06997168064117432
G2B,BraTS-GLI-00117-000,1,4,0.0,1.0,1,0.024573178961873055
G2B,BraTS-GLI-00117-000,1,4,0.1,1.0,1,0.024556724354624748
G2B,BraTS-GLI-00117-000,1,4,0.2,1.0,1,0.024534787982702255
G2B,BraTS-GLI-00117-000,1,4,0.3,1.0,1,0.02450352907180786
G2B,BraTS-GLI-00117-000,1,4,0.4,0.9999998807907104,1,0.024457700550556183
G2B,BraTS-GLI-00117-000,1,4,0.5,0.9999983310699463,1,0.024396009743213654
G2B,BraTS-GLI-00117-000,1,4,0.6,0.9999842643737793,1,0.02435464598238468
G2B,BraTS-GLI-00117-000,1,4,0.7,0.9998533725738525,1,0.02458694390952587
G2B,BraTS-GLI-00117-000,1,4,0.8,0.9986379742622375,1,0.026520708575844765
G2B,BraTS-GLI-00117-000,1,4,0.9,0.9874758124351501,1,0.03801834583282471
G2B,BraTS-GLI-00117-000,1,4,1.0,0.8944950103759766,1,0.10129506140947342
G2B,BraTS-GLI-00568-000,4,4,0.0,0.9999866485595703,1,2.9415816698019626e-06
G2B,BraTS-GLI-00568-000,4,4,0.1,0.9999675750732422,1,6.547707471327158e-06
G2B,BraTS-GLI-00568-000,4,4,0.2,0.9999208450317383,1,1.480568516853964e-05
G2B,BraTS-GLI-00568-000,4,4,0.3,0.9998070597648621,1,3.415521132410504e-05
G2B,BraTS-GLI-00568-000,4,4,0.4,0.9995294809341431,1,8.094802615232766e-05
G2B,BraTS-GLI-00568-000,4,4,0.5,0.9988530874252319,1,0.00019959153723903
G2B,BraTS-GLI-00568-000,4,4,0.6,0.9972077012062073,1,0.0005240213358774781
G2B,BraTS-GLI-00568-000,4,4,0.7,0.9932175278663635,1,0.0015231466386467218
G2B,BraTS-GLI-00568-000,4,4,0.8,0.9836190342903137,1,0.005149773322045803
G2B,BraTS-GLI-00568-000,4,4,0.9,0.9639372229576111,1,0.02084062248468399
G2B,BraTS-GLI-00568-000,4,4,1.0,0.9418360590934753,1,0.09542977809906006
G2B,BraTS-GLI-00014-001,1,4,0.0,0.9999991655349731,1,4.924893381996753e-09
G2B,BraTS-GLI-00014-001,1,4,0.1,0.999996542930603,1,2.0821921964397916e-08
G2B,BraTS-GLI-00014-001,1,4,0.2,0.9999861717224121,1,9.244531185004234e-08
G2B,BraTS-GLI-00014-001,1,4,0.3,0.9999456405639648,1,4.3067407773378363e-07
G2B,BraTS-GLI-00014-001,1,4,0.4,0.9997857213020325,1,2.1032074073445983e-06
G2B,BraTS-GLI-00014-001,1,4,0.5,0.9991563558578491,1,1.0762588317447808e-05
G2B,BraTS-GLI-00014-001,1,4,0.6,0.996684730052948,1,5.776636317023076e-05
G2B,BraTS-GLI-00014-001,1,4,0.7,0.9870645999908447,1,0.00032619331614114344
G2B,BraTS-GLI-00014-001,1,4,0.8,0.9533382058143616,1,0.0019480728078633547
G2B,BraTS-GLI-00014-001,1,4,0.9,0.8714507818222046,1,0.012344478629529476
G2B,BraTS-GLI-00014-001,1,4,1.0,0.8488043546676636,1,0.07996711879968643
G2B,BraTS-GLI-01151-000,2,4,0.0,0.9870907068252563,1,6.257590712266392e-07
G2B,BraTS-GLI-01151-000,2,4,0.1,0.9822680950164795,1,1.5122532204259187e-06
G2B,BraTS-GLI-01151-000,2,4,0.2,0.9756882190704346,1,3.797968702201615e-06
G2B,BraTS-GLI-01151-000,2,4,0.3,0.9667491316795349,1,1.0063457011710852e-05
G2B,BraTS-GLI-01151-000,2,4,0.4,0.9546762108802795,1,2.8642782126553357e-05
G2B,BraTS-GLI-01151-000,2,4,0.5,0.9384984374046326,1,8.909298048820347e-05
G2B,BraTS-GLI-01151-000,2,4,0.6,0.9170481562614441,1,0.00030616752337664366
G2B,BraTS-GLI-01151-000,2,4,0.7,0.889001190662384,1,0.001162513392046094
G2B,BraTS-GLI-01151-000,2,4,0.8,0.85299152135849,1,0.004818545654416084
G2B,BraTS-GLI-01151-000,2,4,0.9,0.8175572156906128,1,0.02118423767387867
G2B,BraTS-GLI-01151-000,2,4,1.0,0.8096972107887268,1,0.09243617951869965
G2B,BraTS-GLI-00087-000,19,4,0.0,0.9999816417694092,1,5.821568294095414e-08
G2B,BraTS-GLI-00087-000,19,4,0.1,0.999956488609314,1,2.1358422941375466e-07
G2B,BraTS-GLI-00087-000,19,4,0.2,0.9998984336853027,1,8.048079394029628e-07
G2B,BraTS-GLI-00087-000,19,4,0.3,0.9997629523277283,1,3.1142833449848695e-06
G2B,BraTS-GLI-00087-000,19,4,0.4,0.9994468092918396,1,1.2373843674140517e-05
G2B,BraTS-GLI-00087-000,19,4,0.5,0.9987099170684814,1,5.0467351684346795e-05
G2B,BraTS-GLI-00087-000,19,4,0.6,0.9969937801361084,1,0.00021109131921548396
G2B,BraTS-GLI-00087-000,19,4,0.7,0.9935060739517212,1,0.0009026903426274657
G2B,BraTS-GLI-00087-000,19,4,0.8,0.988405704498291,1,0.003911678679287434
G2B,BraTS-GLI-00087-000,19,4,0.9,0.9833475947380066,1,0.01686038076877594
G2B,BraTS-GLI-00087-000,19,4,1.0,0.9774951338768005,1,0.07030333578586578
G2B,BraTS-GLI-00615-000,1,4,0.0,1.0,1,0.003838758450001478
G2B,BraTS-GLI-00615-000,1,4,0.1,1.0,1,0.003837954020127654
G2B,BraTS-GLI-00615-000,1,4,0.2,1.0,1,0.003858923213556409
G2B,BraTS-GLI-00615-000,1,4,0.3,1.0,1,0.003915912937372923
G2B,BraTS-GLI-00615-000,1,4,0.4,0.9999998807907104,1,0.004033020697534084
G2B,BraTS-GLI-00615-000,1,4,0.5,0.999998927116394,1,0.004253561608493328
G2B,BraTS-GLI-00615-000,1,4,0.6,0.9999885559082031,1,0.004665499087423086
G2B,BraTS-GLI-00615-000,1,4,0.7,0.9998741149902344,1,0.005495233926922083
G2B,BraTS-GLI-00615-000,1,4,0.8,0.9986097812652588,1,0.007582324091345072
G2B,BraTS-GLI-00615-000,1,4,0.9,0.9858770370483398,1,0.015492921695113182
G2B,BraTS-GLI-00615-000,1,4,1.0,0.8905380368232727,1,0.0612490177154541
G2B,BraTS-GLI-00498-000,1,4,0.0,1.0,1,0.000992430024780333
G2B,BraTS-GLI-00498-000,1,4,0.1,0.9999998807907104,1,0.0010295172687619925
G2B,BraTS-GLI-00498-000,1,4,0.2,0.9999992847442627,1,0.0010808486258611083
G2B,BraTS-GLI-00498-000,1,4,0.3,0.9999963045120239,1,0.0011552069336175919
G2B,BraTS-GLI-00498-000,1,4,0.4,0.9999799728393555,1,0.0012701658997684717
G2B,BraTS-GLI-00498-000,1,4,0.5,0.9998904466629028,1,0.0014662487665191293
G2B,BraTS-GLI-00498-000,1,4,0.6,0.9994015693664551,1,0.0018561466131359339
G2B,BraTS-GLI-00498-000,1,4,0.7,0.9970800280570984,1,0.0028266916051506996
G2B,BraTS-GLI-00498-000,1,4,0.8,0.9889281988143921,1,0.005970224272459745
G2B,BraTS-GLI-00498-000,1,4,0.9,0.9730311036109924,1,0.018634529784321785
G2B,BraTS-GLI-00498-000,1,4,1.0,0.9447259306907654,1,0.07490628212690353
G2B,BraTS-GLI-01122-000,3,4,0.0,0.9996874332427979,1,6.290440796874464e-05
G2B,BraTS-GLI-01122-000,3,4,0.1,0.9994175434112549,1,9.020626021083444e-05
G2B,BraTS-GLI-01122-000,3,4,0.2,0.9989149570465088,1,0.00012900412548333406
G2B,BraTS-GLI-01122-000,3,4,0.3,0.9979795813560486,1,0.00018403104331810027
G2B,BraTS-GLI-01122-000,3,4,0.4,0.9962409734725952,1,0.0002623777254484594
G2B,BraTS-GLI-01122-000,3,4,0.5,0.9930168390274048,1,0.00037619483191519976
G2B,BraTS-GLI-01122-000,3,4,0.6,0.9870632290840149,1,0.0005520069971680641
G2B,BraTS-GLI-01122-000,3,4,0.7,0.9761555194854736,1,0.0008700413745827973
G2B,BraTS-GLI-01122-000,3,4,0.8,0.9564565420150757,1,0.0016794416587799788
G2B,BraTS-GLI-01122-000,3,4,0.9,0.9217875003814697,1,0.005184317007660866
G2B,BraTS-GLI-01122-000,3,4,1.0,0.8840752243995667,1,0.03063322976231575
G2B,BraTS-GLI-00529-000,1,4,0.0,1.0,1,0.013141472823917866
G2B,BraTS-GLI-00529-000,1,4,0.1,1.0,1,0.013085533864796162
G2B,BraTS-GLI-00529-000,1,4,0.2,1.0,1,0.013031168840825558
G2B,BraTS-GLI-00529-000,1,4,0.3,1.0,1,0.01298454962670803
G2B,BraTS-GLI-00529-000,1,4,0.4,1.0,1,0.012959192506968975
G2B,BraTS-GLI-00529-000,1,4,0.5,0.9999998807907104,1,0.012986262328922749
G2B,BraTS-GLI-00529-000,1,4,0.6,0.9999988079071045,1,0.013145452365279198
G2B,BraTS-GLI-00529-000,1,4,0.7,0.9999809265136719,1,0.013676664792001247
G2B,BraTS-GLI-00529-000,1,4,0.8,0.9997031092643738,1,0.015475905500352383
G2B,BraTS-GLI-00529-000,1,4,0.9,0.9953906536102295,1,0.022787433117628098
G2B,BraTS-GLI-00529-000,1,4,1.0,0.9756289720535278,1,0.06027045473456383
G2B,BraTS-GLI-00113-000,1,4,0.0,1.0,1,0.0006973501876927912
G2B,BraTS-GLI-00113-000,1,4,0.1,1.0,1,0.0007476143073290586
G2B,BraTS-GLI-00113-000,1,4,0.2,1.0,1,0.0008167983032763004
G2B,BraTS-GLI-00113-000,1,4,0.3,0.9999997615814209,1,0.0009140010224655271
G2B,BraTS-GLI-00113-000,1,4,0.4,0.9999980926513672,1,0.0010554301552474499
G2B,BraTS-GLI-00113-000,1,4,0.5,0.9999890327453613,1,0.0012758512748405337
G2B,BraTS-GLI-00113-000,1,4,0.6,0.9999358654022217,1,0.0016720981802791357
G2B,BraTS-GLI-00113-000,1,4,0.7,0.9996252059936523,1,0.0025964686647057533
G2B,BraTS-GLI-00113-000,1,4,0.8,0.9978110194206238,1,0.005610646214336157
G2B,BraTS-GLI-00113-000,1,4,0.9,0.987326443195343,1,0.018445543944835663
G2B,BraTS-GLI-00113-000,1,4,1.0,0.9301398992538452,1,0.07911769300699234
G2B,BraTS-GLI-01163-000,11,4,0.0,0.9997145533561707,1,0.029500391334295273
G2B,BraTS-GLI-01163-000,11,4,0.1,0.9994489550590515,1,0.029483173042535782
G2B,BraTS-GLI-01163-000,11,4,0.2,0.9989363551139832,1,0.02947176620364189
G2B,BraTS-GLI-01163-000,11,4,0.3,0.9979477524757385,1,0.029478147625923157
G2B,BraTS-GLI-01163-000,11,4,0.4,0.9960441589355469,1,0.02952701225876808
G2B,BraTS-GLI-01163-000,11,4,0.5,0.9923880100250244,1,0.029672686010599136
G2B,BraTS-GLI-01163-000,11,4,0.6,0.9863901138305664,1,0.030051158741116524
G2B,BraTS-GLI-01163-000,11,4,0.7,0.9772960543632507,1,0.03108009696006775
G2B,BraTS-GLI-01163-000,11,4,0.8,0.9722467064857483,1,0.03441932052373886
G2B,BraTS-GLI-01163-000,11,4,0.9,0.9671483635902405,1,0.048365358263254166
G2B,BraTS-GLI-01163-000,11,4,1.0,0.9611508846282959,1,0.117632195353508
G2B,BraTS-GLI-00543-000,1,4,0.0,1.0,1,0.00011695465218508616
G2B,BraTS-GLI-00543-000,1,4,0.1,1.0,1,0.00012029406934743747
G2B,BraTS-GLI-00543-000,1,4,0.2,0.9999998807907104,1,0.00012646862887777388
G2B,BraTS-GLI-00543-000,1,4,0.3,0.9999990463256836,1,0.0001387870725011453
G2B,BraTS-GLI-00543-000,1,4,0.4,0.9999942779541016,1,0.00016627248260192573
G2B,BraTS-GLI-00543-000,1,4,0.5,0.9999719858169556,1,0.0002368547866353765
G2B,BraTS-GLI-00543-000,1,4,0.6,0.9998807907104492,1,0.0004484722448978573
G2B,BraTS-GLI-00543-000,1,4,0.7,0.999492883682251,1,0.0011853929609060287
G2B,BraTS-GLI-00543-000,1,4,0.8,0.9978452920913696,1,0.004096356686204672
G2B,BraTS-GLI-00543-000,1,4,0.9,0.9908938407897949,1,0.01662207953631878
G2B,BraTS-GLI-00543-000,1,4,1.0,0.9766845703125,1,0.07111449539661407
G2B,BraTS-GLI-01049-000,11,4,0.0,0.995968222618103,1,0.0010006558150053024
G2B,BraTS-GLI-01049-000,11,4,0.1,0.9946662187576294,1,0.0014329104451462626
G2B,BraTS-GLI-01049-000,11,4,0.2,0.9929468035697937,1,0.002065749606117606
G2B,BraTS-GLI-01049-000,11,4,0.3,0.9906783103942871,1,0.00301229115575552
G2B,BraTS-GLI-01049-000,11,4,0.4,0.9876892566680908,1,0.00446460722014308
G2B,BraTS-GLI-01049-000,11,4,0.5,0.9837573170661926,1,0.006735870148986578
G2B,BraTS-GLI-01049-000,11,4,0.6,0.9785970449447632,1,0.010289828293025494
G2B,BraTS-GLI-01049-000,11,4,0.7,0.9718440771102905,1,0.015809156000614166
G2B,BraTS-GLI-01049-000,11,4,0.8,0.9630408883094788,1,0.0248822420835495
G2B,BraTS-GLI-01049-000,11,4,0.9,0.9627141952514648,1,0.04370175674557686
G2B,BraTS-GLI-01049-000,11,4,1.0,0.966486394405365,1,0.0996478721499443
G2B,BraTS-GLI-01245-000,57,4,0.0,0.9999744892120361,1,0.0018377414671704173
G2B,BraTS-GLI-01245-000,57,4,0.1,0.9999383687973022,1,0.0018725974950939417
G2B,BraTS-GLI-01245-000,57,4,0.2,0.9998507499694824,1,0.0019145600963383913
G2B,BraTS-GLI-01245-000,57,4,0.3,0.9996386766433716,1,0.001967392861843109
G2B,BraTS-GLI-01245-000,57,4,0.4,0.9991255402565002,1,0.0020401200745254755
G2B,BraTS-GLI-01245-000,57,4,0.5,0.9978849291801453,1,0.002158637624233961
G2B,BraTS-GLI-01245-000,57,4,0.6,0.9948935508728027,1,0.0024101343005895615
G2B,BraTS-GLI-01245-000,57,4,0.7,0.9877231121063232,1,0.0031485180370509624
G2B,BraTS-GLI-01245-000,57,4,0.8,0.9707801342010498,1,0.006199650000780821
G2B,BraTS-GLI-01245-000,57,4,0.9,0.9328199028968811,1,0.02345152385532856
G2B,BraTS-GLI-01245-000,57,4,1.0,0.9386430382728577,1,0.1284913420677185
G2B,BraTS-GLI-01488-000,1,4,0.0,1.0,1,0.0018164942739531398
G2B,BraTS-GLI-01488-000,1,4,0.1,1.0,1,0.0018244076054543257
G2B,BraTS-GLI-01488-000,1,4,0.2,1.0,1,0.0018367345910519361
G2B,BraTS-GLI-01488-000,1,4,0.3,0.9999998807907104,1,0.001856798306107521
G2B,BraTS-GLI-01488-000,1,4,0.4,0.9999991655349731,1,0.00189239124301821
G2B,BraTS-GLI-01488-000,1,4,0.5,0.9999933242797852,1,0.001966562820598483
G2B,BraTS-GLI-01488-000,1,4,0.6,0.9999486207962036,1,0.0021649287082254887
G2B,BraTS-GLI-01488-000,1,4,0.7,0.9996071457862854,1,0.0028654574416577816
G2B,BraTS-GLI-01488-000,1,4,0.8,0.9971554279327393,1,0.005936125759035349
G2B,BraTS-GLI-01488-000,1,4,0.9,0.9813795685768127,1,0.02120494283735752
G2B,BraTS-GLI-01488-000,1,4,1.0,0.8971565961837769,1,0.0984393060207367
G2B,BraTS-GLI-01532-000,1,4,0.0,1.0,1,0.004849812015891075
G2B,BraTS-GLI-01532-000,1,4,0.1,1.0,1,0.004921714775264263
G2B,BraTS-GLI-01532-000,1,4,0.2,1.0,1,0.005012936424463987
G2B,BraTS-GLI-01532-000,1,4,0.3,1.0,1,0.005134386010468006
G2B,BraTS-GLI-01532-000,1,4,0.4,1.0,1,0.0053067938424646854
G2B,BraTS-GLI-01532-000,1,4,0.5,1.0,1,0.005572792142629623
G2B,BraTS-GLI-01532-000,1,4,0.6,1.0,1,0.006029585842043161
G2B,BraTS-GLI-01532-000,1,4,0.7,0.9999996423721313,1,0.006933285854756832
G2B,BraTS-GLI-01532-000,1,4,0.8,0.9999831914901733,1,0.009120332077145576
G2B,BraTS-GLI-01532-000,1,4,0.9,0.9996318817138672,1,0.01618761382997036
G2B,BraTS-GLI-01532-000,1,4,1.0,0.9959999322891235,1,0.047187674790620804
G2B,BraTS-GLI-00167-000,1,4,0.0,1.0,1,0.0025546925608068705
G2B,BraTS-GLI-00167-000,1,4,0.1,1.0,1,0.002553797559812665
G2B,BraTS-GLI-00167-000,1,4,0.2,1.0,1,0.0025551505386829376
G2B,BraTS-GLI-00167-000,1,4,0.3,1.0,1,0.002561053028330207
G2B,BraTS-GLI-00167-000,1,4,0.4,1.0,1,0.0025779977440834045
G2B,BraTS-GLI-00167-000,1,4,0.5,0.9999996423721313,1,0.0026272209361195564
G2B,BraTS-GLI-00167-000,1,4,0.6,0.9999958276748657,1,0.0027881311252713203
G2B,BraTS-GLI-00167-000,1,4,0.7,0.9999512434005737,1,0.003394325030967593
G2B,BraTS-GLI-00167-000,1,4,0.8,0.9994285702705383,1,0.005978457164019346
G2B,BraTS-GLI-00167-000,1,4,0.9,0.993333637714386,1,0.017934245988726616
G2B,BraTS-GLI-00167-000,1,4,1.0,0.9525008201599121,1,0.07453353703022003
G2B,BraTS-GLI-00243-000,2,4,0.0,0.999555766582489,1,3.820078831040519e-08
G2B,BraTS-GLI-00243-000,2,4,0.1,0.9991956353187561,1,1.4213784993444278e-07
G2B,BraTS-GLI-00243-000,2,4,0.2,0.9985438585281372,1,5.444660473585827e-07
G2B,BraTS-GLI-00243-000,2,4,0.3,0.997365415096283,1,2.155711854356923e-06
G2B,BraTS-GLI-00243-000,2,4,0.4,0.9952375888824463,1,8.859173249220476e-06
G2B,BraTS-GLI-00243-000,2,4,0.5,0.9914064407348633,1,3.7944482755847275e-05
G2B,BraTS-GLI-00243-000,2,4,0.6,0.9845410585403442,1,0.0001699493295745924
G2B,BraTS-GLI-00243-000,2,4,0.7,0.9723439812660217,1,0.0007973143365234137
G2B,BraTS-GLI-00243-000,2,4,0.8,0.9510022401809692,1,0.003909251652657986
G2B,BraTS-GLI-00243-000,2,4,0.9,0.9146370887756348,1,0.019758034497499466
G2B,BraTS-GLI-00243-000,2,4,1.0,0.8703784942626953,1,0.09720214456319809
G2B,BraTS-GLI-00243-000,4,4,0.0,1.0,1,3.639338785887958e-07
G2B,BraTS-GLI-00243-000,4,4,0.1,0.9999997615814209,1,1.0142139217350632e-06
G2B,BraTS-GLI-00243-000,4,4,0.2,0.9999990463256836,1,2.931615426859935e-06
G2B,BraTS-GLI-00243-000,4,4,0.3,0.9999958276748657,1,8.862025424605235e-06
G2B,BraTS-GLI-00243-000,4,4,0.4,0.9999819993972778,1,2.826145828294102e-05
G2B,BraTS-GLI-00243-000,4,4,0.5,0.9999229907989502,1,9.585347288521007e-05
G2B,BraTS-GLI-00243-000,4,4,0.6,0.9996709823608398,1,0.0003477751452010125
G2B,BraTS-GLI-00243-000,4,4,0.7,0.9985955357551575,1,0.0013522725785151124
G2B,BraTS-GLI-00243-000,4,4,0.8,0.994025468826294,1,0.005619492847472429
G2B,BraTS-GLI-00243-000,4,4,0.9,0.9749578833580017,1,0.024680359289050102
G2B,BraTS-GLI-00243-000,4,4,1.0,0.901091456413269,1,0.10848288983106613
