subject_id,component_id,is_tp,A_C,mu_C,sigma_C,population
BraTS-GLI-00009-001,13,0,1,17.73833656311035,nan,distant_bg_FP
BraTS-GLI-00009-001,14,0,1,17.79991340637207,nan,distant_bg_FP
BraTS-GLI-00009-001,27,0,1,18.18893051147461,nan,distant_bg_FP
BraTS-GLI-00009-001,29,0,2,14.281970024108887,0.19039316193874845,distant_bg_FP
BraTS-GLI-00011-000,1,0,2,15.224198818206787,0.6562790305815617,distant_bg_FP
BraTS-GLI-00011-000,2,0,17,19.398307463702032,1.4588036656250973,distant_bg_FP
BraTS-GLI-00011-000,4,0,4,19.001562118530273,2.1644418273551698,distant_bg_FP
BraTS-GLI-00011-000,5,0,8,19.376014232635498,0.270324352632543,distant_bg_FP
BraTS-GLI-00011-000,21,0,1,15.460949897766113,nan,distant_bg_FP
BraTS-GLI-00011-000,22,0,1,17.74285888671875,nan,distant_bg_FP
BraTS-GLI-00011-000,23,0,6,20.886669794718426,0.7201376160607069,distant_bg_FP
BraTS-GLI-00011-000,31,0,1,17.176687240600586,nan,distant_bg_FP
BraTS-GLI-00011-000,38,0,1,15.770439147949219,nan,distant_bg_FP
BraTS-GLI-00011-000,39,0,2,19.21570110321045,0.21770297107465542,distant_bg_FP
BraTS-GLI-00011-000,43,0,1,20.453445434570312,nan,distant_bg_FP
BraTS-GLI-00011-000,49,0,3,24.48661740620931,1.4525563352801834,distant_bg_FP
BraTS-GLI-00011-000,53,0,1,22.473236083984375,nan,distant_bg_FP
BraTS-GLI-00011-000,55,0,1,19.49687957763672,nan,distant_bg_FP
BraTS-GLI-00011-000,65,0,1,19.894872665405273,nan,distant_bg_FP
BraTS-GLI-00011-000,121,0,1,17.239992141723633,nan,distant_bg_FP
BraTS-GLI-00011-000,129,0,6,15.056686878204346,1.114084844085614,distant_bg_FP
BraTS-GLI-00011-000,135,0,1,11.590012550354004,nan,distant_bg_FP
BraTS-GLI-00011-000,136,0,1,11.921165466308594,nan,distant_bg_FP
BraTS-GLI-00011-000,138,0,1,11.898516654968262,nan,distant_bg_FP
BraTS-GLI-00019-000,1,0,1,13.30584716796875,nan,distant_bg_FP
BraTS-GLI-00019-000,2,0,1,12.252151489257812,nan,distant_bg_FP
BraTS-GLI-00019-000,3,0,1,16.335281372070312,nan,distant_bg_FP
BraTS-GLI-00019-000,4,0,1,19.016538619995117,nan,distant_bg_FP
BraTS-GLI-00019-000,5,0,3,14.868215243021647,0.2777185469804838,distant_bg_FP
BraTS-GLI-00019-000,6,0,1,19.272506713867188,nan,distant_bg_FP
BraTS-GLI-00019-000,7,0,1,16.601806640625,nan,distant_bg_FP
BraTS-GLI-00019-000,8,0,1,15.688952445983887,nan,distant_bg_FP
BraTS-GLI-00019-000,9,0,3,16.216092427571613,0.3919961019869775,distant_bg_FP
BraTS-GLI-00019-000,10,0,1,12.10573959350586,nan,distant_bg_FP
BraTS-GLI-00019-000,11,0,1,13.313061714172363,nan,distant_bg_FP
BraTS-GLI-00019-000,12,0,1,15.507795333862305,nan,distant_bg_FP
BraTS-GLI-00019-000,13,0,1,14.663772583007812,nan,distant_bg_FP
BraTS-GLI-00019-000,14,0,1,18.22789192199707,nan,distant_bg_FP
BraTS-GLI-00019-000,16,0,21,16.159233229500906,0.4418917419507999,distant_bg_FP
BraTS-GLI-00019-000,17,0,1,15.826521873474121,nan,distant_bg_FP
BraTS-GLI-00019-000,20,0,1,16.679903030395508,nan,distant_bg_FP
BraTS-GLI-00019-000,22,0,5,16.739353561401366,0.19260047429958063,distant_bg_FP
BraTS-GLI-00019-000,24,0,1,17.159080505371094,nan,distant_bg_FP
BraTS-GLI-00019-000,26,0,12,16.161723295847576,0.22406002199744326,distant_bg_FP
BraTS-GLI-00019-000,35,0,1,16.570877075195312,nan,distant_bg_FP
BraTS-GLI-00019-000,49,0,1,15.750061988830566,nan,distant_bg_FP
BraTS-GLI-00019-000,50,0,3,16.374309539794922,0.2278965997830034,distant_bg_FP
BraTS-GLI-00019-000,53,0,2,18.70482349395752,0.3071298170702823,distant_bg_FP
BraTS-GLI-00019-000,72,0,1,23.074552536010742,nan,distant_bg_FP
BraTS-GLI-00019-000,80,0,1,17.32567024230957,nan,distant_bg_FP
BraTS-GLI-00019-000,81,0,1,24.983919143676758,nan,distant_bg_FP
BraTS-GLI-00019-000,82,0,4,22.952000617980957,2.02113942926004,distant_bg_FP
BraTS-GLI-00019-000,85,0,1,18.225399017333984,nan,distant_bg_FP
BraTS-GLI-00019-000,87,0,3,18.862999598185223,2.0371799213744994,distant_bg_FP
BraTS-GLI-00019-000,92,0,1,19.916542053222656,nan,distant_bg_FP
BraTS-GLI-00019-000,93,0,6,16.331918557484943,0.4658231603595239,distant_bg_FP
BraTS-GLI-00019-000,94,0,4,16.516829013824463,0.24731771431198846,distant_bg_FP
BraTS-GLI-00019-000,100,0,1,17.442020416259766,nan,distant_bg_FP
BraTS-GLI-00019-000,101,0,3,16.335514068603516,0.4407527560285285,distant_bg_FP
BraTS-GLI-00019-000,102,0,1,16.879833221435547,nan,distant_bg_FP
BraTS-GLI-00019-000,106,0,1,19.4990234375,nan,distant_bg_FP
BraTS-GLI-00019-000,107,0,1,16.563905715942383,nan,distant_bg_FP
BraTS-GLI-00019-000,111,0,3,18.070931752522785,0.6290449673940184,distant_bg_FP
BraTS-GLI-00019-000,119,0,1,18.996198654174805,nan,distant_bg_FP
BraTS-GLI-00019-000,123,0,1,17.59743881225586,nan,distant_bg_FP
BraTS-GLI-00019-000,137,0,2,11.544634342193604,0.02776229770151994,distant_bg_FP
BraTS-GLI-00019-000,138,0,1,15.132213592529297,nan,distant_bg_FP
BraTS-GLI-00019-000,139,0,1,14.269559860229492,nan,distant_bg_FP
BraTS-GLI-00019-000,140,0,3,15.981250445048014,0.30338750908529577,distant_bg_FP
BraTS-GLI-00021-001,1,0,5,20.537543106079102,0.7787294717546086,distant_bg_FP
BraTS-GLI-00021-001,2,0,4,16.793405771255493,2.2360828408111004,distant_bg_FP
BraTS-GLI-00021-001,4,0,1,14.348824501037598,nan,distant_bg_FP
BraTS-GLI-00021-001,6,0,1,15.691944122314453,nan,distant_bg_FP
BraTS-GLI-00021-001,7,0,1,14.858989715576172,nan,distant_bg_FP
BraTS-GLI-00021-001,10,0,5,15.310454940795898,0.2869264813747455,distant_bg_FP
BraTS-GLI-00021-001,12,0,2,13.666432857513428,0.132185329572111,distant_bg_FP
BraTS-GLI-00021-001,13,0,9,6.0764519638485375,1.5665267294869838,distant_bg_FP
BraTS-GLI-00021-001,26,0,2,16.059807777404785,0.08550617755974946,distant_bg_FP
BraTS-GLI-00021-001,27,0,1,15.319703102111816,nan,distant_bg_FP
BraTS-GLI-00021-001,30,0,1,16.07787322998047,nan,distant_bg_FP
BraTS-GLI-00021-001,31,0,1,16.513816833496094,nan,distant_bg_FP
BraTS-GLI-00021-001,39,0,5,15.556516075134278,0.7976363060946218,distant_bg_FP
BraTS-GLI-00021-001,55,0,2,16.309786319732666,1.14756427601098,distant_bg_FP
BraTS-GLI-00021-001,105,0,1,16.64923095703125,nan,distant_bg_FP
BraTS-GLI-00021-001,114,0,1,18.524198532104492,nan,distant_bg_FP
BraTS-GLI-00021-001,119,0,1,17.11650276184082,nan,distant_bg_FP
BraTS-GLI-00021-001,130,0,1,17.414024353027344,nan,distant_bg_FP
BraTS-GLI-00021-001,135,0,3,19.158047358194988,0.44285512789617554,distant_bg_FP
BraTS-GLI-00021-001,141,0,1,16.144649505615234,nan,distant_bg_FP
BraTS-GLI-00021-001,156,0,4,18.983357906341553,1.1661583517124317,distant_bg_FP
BraTS-GLI-00021-001,157,0,1,18.70669174194336,nan,distant_bg_FP
BraTS-GLI-00021-001,158,0,22,16.193218274550006,0.8872813036689989,distant_bg_FP
BraTS-GLI-00021-001,159,0,1,19.201948165893555,nan,distant_bg_FP
BraTS-GLI-00021-001,178,0,1,17.363534927368164,nan,distant_bg_FP
BraTS-GLI-00021-001,194,0,2,15.807663917541504,1.1544608491265147,distant_bg_FP
BraTS-GLI-00021-001,200,0,1,17.1293888092041,nan,distant_bg_FP
BraTS-GLI-00021-001,210,0,9,18.345713085598415,1.951118957929504,distant_bg_FP
BraTS-GLI-00021-001,211,0,2,17.11781406402588,0.3528911793094706,distant_bg_FP
BraTS-GLI-00021-001,248,0,1,18.40879249572754,nan,distant_bg_FP
BraTS-GLI-00021-001,255,0,1,17.260215759277344,nan,distant_bg_FP
BraTS-GLI-00021-001,259,0,3,16.79149119059245,0.12676758954013917,distant_bg_FP
BraTS-GLI-00021-001,272,0,1,13.538656234741211,nan,distant_bg_FP
BraTS-GLI-00021-001,278,0,1,11.92243766784668,nan,distant_bg_FP
BraTS-GLI-00021-001,279,0,222,17.44461304003054,1.3954637639308447,distant_bg_FP
BraTS-GLI-00021-001,286,0,1,15.213910102844238,nan,distant_bg_FP
BraTS-GLI-00021-001,287,0,3,18.707502365112305,1.9256171450735045,distant_bg_FP
BraTS-GLI-00021-001,290,0,1,18.57621955871582,nan,distant_bg_FP
BraTS-GLI-00021-001,292,0,1,14.881424903869629,nan,distant_bg_FP
BraTS-GLI-00021-001,297,0,1,17.286298751831055,nan,distant_bg_FP
BraTS-GLI-00021-001,298,0,1,21.038864135742188,nan,distant_bg_FP
BraTS-GLI-00021-001,300,0,1,15.741653442382812,nan,distant_bg_FP
BraTS-GLI-00021-001,302,0,12,17.00156807899475,1.0074546531621846,distant_bg_FP
BraTS-GLI-00021-001,303,0,1,19.066431045532227,nan,distant_bg_FP
BraTS-GLI-00021-001,308,0,13,15.970582815317007,0.4978621269676302,distant_bg_FP
BraTS-GLI-00021-001,312,0,7,17.722878319876536,0.376731962347765,distant_bg_FP
BraTS-GLI-00021-001,314,0,8,17.379597902297974,0.8737205111375912,distant_bg_FP
BraTS-GLI-00021-001,319,0,1,19.256872177124023,nan,distant_bg_FP
BraTS-GLI-00021-001,322,0,198,13.679567890937882,1.6820788632392394,distant_bg_FP
BraTS-GLI-00021-001,323,0,12,16.83154288927714,0.49826398458040005,distant_bg_FP
BraTS-GLI-00021-001,327,0,1,19.77442741394043,nan,distant_bg_FP
BraTS-GLI-00021-001,328,0,2,21.1820707321167,0.727686581552235,distant_bg_FP
BraTS-GLI-00021-001,330,0,2,20.751625061035156,1.641447790357398,distant_bg_FP
BraTS-GLI-00021-001,331,0,1,23.184268951416016,nan,distant_bg_FP
BraTS-GLI-00021-001,332,0,1,22.089200973510742,nan,distant_bg_FP
BraTS-GLI-00021-001,333,0,3,15.857471466064453,0.2989617955182143,distant_bg_FP
BraTS-GLI-00021-001,340,0,1,20.9190731048584,nan,distant_bg_FP
BraTS-GLI-00021-001,341,0,17,15.945058654336368,0.9138093969257362,distant_bg_FP
BraTS-GLI-00021-001,342,0,1,16.128955841064453,nan,distant_bg_FP
BraTS-GLI-00021-001,344,0,1,18.939725875854492,nan,distant_bg_FP
BraTS-GLI-00021-001,347,0,2,15.647749900817871,0.37438135160299335,distant_bg_FP
BraTS-GLI-00021-001,348,0,1,18.494701385498047,nan,distant_bg_FP
BraTS-GLI-00021-001,354,0,8,14.880083441734314,0.696040149345676,distant_bg_FP
BraTS-GLI-00021-001,358,0,2,15.910211086273193,0.7524210496567323,distant_bg_FP
BraTS-GLI-00021-001,361,0,7,17.08791732788086,0.6967707276900386,distant_bg_FP
BraTS-GLI-00021-001,362,0,2,20.698189735412598,0.1537179858889327,distant_bg_FP
BraTS-GLI-00021-001,369,0,26,15.736024893247164,0.914830830630911,distant_bg_FP
BraTS-GLI-00021-001,372,0,6,16.62301206588745,0.6501570843562753,distant_bg_FP
BraTS-GLI-00021-001,374,0,3,16.011372248331707,1.1566463407233996,distant_bg_FP
BraTS-GLI-00021-001,375,0,1,14.86892318725586,nan,distant_bg_FP
BraTS-GLI-00021-001,376,0,45,18.093261761135526,1.1135054777003726,distant_bg_FP
BraTS-GLI-00021-001,379,0,26,16.251811724442703,1.0564023744753037,distant_bg_FP
BraTS-GLI-00021-001,381,0,6,16.0257511138916,1.3229344163735,distant_bg_FP
BraTS-GLI-00021-001,384,0,14,16.51225028719221,1.0069085916263714,distant_bg_FP
BraTS-GLI-00021-001,385,0,1,17.55644989013672,nan,distant_bg_FP
BraTS-GLI-00021-001,388,0,1,16.815969467163086,nan,distant_bg_FP
BraTS-GLI-00021-001,389,0,1,16.83660316467285,nan,distant_bg_FP
BraTS-GLI-00021-001,392,0,2,17.700254440307617,0.17011951628064415,distant_bg_FP
BraTS-GLI-00021-001,393,0,1,14.946258544921875,nan,distant_bg_FP
BraTS-GLI-00021-001,398,0,2,18.00147819519043,0.33033148858813544,distant_bg_FP
BraTS-GLI-00021-001,400,0,4,16.601604461669922,0.4679606074405702,distant_bg_FP
BraTS-GLI-00021-001,402,0,4,15.942495107650757,0.352195869430578,distant_bg_FP
BraTS-GLI-00021-001,407,0,5,17.997154235839844,0.3173708767549369,distant_bg_FP
BraTS-GLI-00021-001,408,0,2,16.296622276306152,0.8886295488002992,distant_bg_FP
BraTS-GLI-00021-001,411,0,4,15.585237979888916,0.5279138736851873,distant_bg_FP
BraTS-GLI-00021-001,412,0,4,17.13735580444336,1.0746986119379551,distant_bg_FP
BraTS-GLI-00021-001,413,0,11,16.655937281521883,1.0018556076144307,distant_bg_FP
BraTS-GLI-00021-001,414,0,6,16.289287249247234,0.5399146866207661,distant_bg_FP
BraTS-GLI-00021-001,417,0,1,18.506471633911133,nan,distant_bg_FP
BraTS-GLI-00021-001,419,0,2,16.80032444000244,0.7004131872934414,distant_bg_FP
BraTS-GLI-00021-001,426,0,8,17.288300037384033,0.23857187367420044,distant_bg_FP
BraTS-GLI-00021-001,427,0,4,17.774019718170166,0.4986062533805498,distant_bg_FP
BraTS-GLI-00021-001,428,0,2,14.167552947998047,0.326023743495534,distant_bg_FP
BraTS-GLI-00021-001,429,0,1,20.278165817260742,nan,distant_bg_FP
BraTS-GLI-00021-001,437,0,4,16.71589946746826,0.2385332603647581,distant_bg_FP
BraTS-GLI-00021-001,438,0,3,17.436646779378254,0.4245229916414508,distant_bg_FP
BraTS-GLI-00021-001,442,0,5,18.416296005249023,1.1922110154934882,distant_bg_FP
BraTS-GLI-00021-001,443,0,1,16.604921340942383,nan,distant_bg_FP
BraTS-GLI-00021-001,454,0,4,15.543902158737183,0.626294570077539,distant_bg_FP
BraTS-GLI-00021-001,458,0,1,16.4917049407959,nan,distant_bg_FP
BraTS-GLI-00021-001,464,0,5,16.55042839050293,1.0049098915807635,distant_bg_FP
BraTS-GLI-00021-001,473,0,2,18.0747709274292,0.6878702851765993,distant_bg_FP
BraTS-GLI-00021-001,483,0,4,17.34936285018921,0.35468308045207947,distant_bg_FP
BraTS-GLI-00021-001,485,0,1,14.416982650756836,nan,distant_bg_FP
BraTS-GLI-00021-001,486,0,1,20.424209594726562,nan,distant_bg_FP
BraTS-GLI-00021-001,497,0,1,17.292221069335938,nan,distant_bg_FP
BraTS-GLI-00021-001,498,0,3,16.789084752400715,0.2718021985600171,distant_bg_FP
BraTS-GLI-00021-001,500,0,2,18.96576976776123,0.8419079127646386,distant_bg_FP
BraTS-GLI-00021-001,501,0,1,15.607807159423828,nan,distant_bg_FP
BraTS-GLI-00021-001,504,0,2,16.378167152404785,0.0645231161475098,distant_bg_FP
BraTS-GLI-00021-001,505,0,4,16.499348163604736,0.8908018182522176,distant_bg_FP
BraTS-GLI-00021-001,509,0,1,16.73296356201172,nan,distant_bg_FP
BraTS-GLI-00021-001,510,0,1,17.05500602722168,nan,distant_bg_FP
BraTS-GLI-00021-001,511,0,1,16.903974533081055,nan,distant_bg_FP
BraTS-GLI-00021-001,512,0,2,16.78350257873535,0.47715357571110967,distant_bg_FP
BraTS-GLI-00021-001,517,0,1,17.711956024169922,nan,distant_bg_FP
BraTS-GLI-00021-001,518,0,2,17.832250595092773,0.9715785927671957,distant_bg_FP
BraTS-GLI-00021-001,519,0,5,16.206005096435547,0.9030305692446443,distant_bg_FP
BraTS-GLI-00021-001,520,0,75,16.384182370503744,0.9301172977144498,distant_bg_FP
BraTS-GLI-00021-001,522,0,1,17.928050994873047,nan,distant_bg_FP
BraTS-GLI-00021-001,531,0,3,19.20660654703776,0.2791032905455913,distant_bg_FP
BraTS-GLI-00021-001,532,0,2,15.017809867858887,0.2289807933865945,distant_bg_FP
BraTS-GLI-00021-001,533,0,1,18.060466766357422,nan,distant_bg_FP
BraTS-GLI-00021-001,535,0,30,16.12936855951945,1.10632985405902,distant_bg_FP
BraTS-GLI-00021-001,536,0,1,15.579562187194824,nan,distant_bg_FP
BraTS-GLI-00021-001,537,0,2,15.103063106536865,0.3265180417348697,distant_bg_FP
BraTS-GLI-00021-001,538,0,2,13.385775089263916,0.7942873687439378,distant_bg_FP
BraTS-GLI-00021-001,540,0,1,14.7891263961792,nan,distant_bg_FP
BraTS-GLI-00021-001,544,0,7,14.893411636352539,0.6727587853849775,distant_bg_FP
BraTS-GLI-00021-001,548,0,13,14.631487332857573,1.0021368931964132,distant_bg_FP
BraTS-GLI-00021-001,550,0,3,14.179682731628418,0.8158183057620647,distant_bg_FP
BraTS-GLI-00021-001,551,0,1,16.53968620300293,nan,distant_bg_FP
BraTS-GLI-00021-001,552,0,1,15.198357582092285,nan,distant_bg_FP
BraTS-GLI-00021-001,553,0,1,17.27003288269043,nan,distant_bg_FP
BraTS-GLI-00021-001,556,0,1,17.195724487304688,nan,distant_bg_FP
BraTS-GLI-00021-001,557,0,1,17.641279220581055,nan,distant_bg_FP
BraTS-GLI-00021-001,558,0,1,17.334867477416992,nan,distant_bg_FP
BraTS-GLI-00021-001,559,0,2,16.860496520996094,0.22667316913692603,distant_bg_FP
BraTS-GLI-00021-001,561,0,1,16.104890823364258,nan,distant_bg_FP
BraTS-GLI-00021-001,563,0,1,13.715518951416016,nan,distant_bg_FP
BraTS-GLI-00021-001,564,0,3,17.549962361653645,0.5823849886111533,distant_bg_FP
BraTS-GLI-00021-001,567,0,1,15.237921714782715,nan,distant_bg_FP
BraTS-GLI-00021-001,569,0,1,15.748069763183594,nan,distant_bg_FP
BraTS-GLI-00021-001,572,0,2,14.69581937789917,0.9620695893935618,distant_bg_FP
BraTS-GLI-00021-001,573,0,1,17.880355834960938,nan,distant_bg_FP
BraTS-GLI-00021-001,574,0,1,16.83696174621582,nan,distant_bg_FP
BraTS-GLI-00021-001,575,0,1,15.384298324584961,nan,distant_bg_FP
BraTS-GLI-00021-001,577,0,2,16.432625770568848,0.539249033384392,distant_bg_FP
BraTS-GLI-00021-001,578,0,3,17.810564041137695,0.30319163163900575,distant_bg_FP
BraTS-GLI-00021-001,581,0,1,16.4755859375,nan,distant_bg_FP
BraTS-GLI-00021-001,582,0,1,18.600317001342773,nan,distant_bg_FP
BraTS-GLI-00021-001,583,0,1,18.60584831237793,nan,distant_bg_FP
BraTS-GLI-00021-001,584,0,1,15.205103874206543,nan,distant_bg_FP
BraTS-GLI-00021-001,585,0,1,15.932348251342773,nan,distant_bg_FP
BraTS-GLI-00021-001,586,0,1,17.21573829650879,nan,distant_bg_FP
BraTS-GLI-00021-001,587,0,1,13.957958221435547,nan,distant_bg_FP
BraTS-GLI-00021-001,589,0,2,13.574651718139648,0.1839827948676355,distant_bg_FP
BraTS-GLI-00021-001,591,0,7,12.984537397112165,1.0495045414834867,distant_bg_FP
BraTS-GLI-00021-001,592,0,2,14.07584524154663,0.03561577286564589,distant_bg_FP
BraTS-GLI-00021-001,593,0,2,11.626606464385986,0.5748162530805533,distant_bg_FP
BraTS-GLI-00021-001,594,0,1,16.138959884643555,nan,distant_bg_FP
BraTS-GLI-00022-000,1,0,3,22.853054682413738,0.7136010837658373,distant_bg_FP
BraTS-GLI-00022-000,4,0,3,16.665000279744465,0.34487846985128906,distant_bg_FP
BraTS-GLI-00022-000,20,0,1,15.522098541259766,nan,distant_bg_FP
BraTS-GLI-00022-000,78,0,3,17.316556930541992,0.38789029911687,distant_bg_FP
BraTS-GLI-00022-000,85,0,1,19.17493438720703,nan,distant_bg_FP
BraTS-GLI-00022-000,92,0,2,17.91182231903076,0.4707701826230437,distant_bg_FP
BraTS-GLI-00022-000,122,0,2,19.632144927978516,0.443395635927824,distant_bg_FP
BraTS-GLI-00022-000,174,0,1,22.442440032958984,nan,distant_bg_FP
BraTS-GLI-00022-000,205,0,1,18.886688232421875,nan,distant_bg_FP
BraTS-GLI-00022-000,212,0,1,18.590547561645508,nan,distant_bg_FP
BraTS-GLI-00022-000,221,0,2,15.182100772857666,0.12402839709870661,distant_bg_FP
BraTS-GLI-00022-000,222,0,1,18.35538673400879,nan,distant_bg_FP
BraTS-GLI-00022-000,232,0,8,16.386218428611755,3.0046622864871724,distant_bg_FP
BraTS-GLI-00022-000,233,0,1,16.966732025146484,nan,distant_bg_FP
BraTS-GLI-00022-000,234,0,1,18.121931076049805,nan,distant_bg_FP
BraTS-GLI-00022-000,242,0,1,18.054895401000977,nan,distant_bg_FP
BraTS-GLI-00022-000,243,0,1,17.415246963500977,nan,distant_bg_FP
BraTS-GLI-00022-000,244,0,2,20.287339210510254,0.05437010892862947,distant_bg_FP
BraTS-GLI-00022-000,256,0,4,15.778001546859741,0.9977688019466425,distant_bg_FP
BraTS-GLI-00022-000,257,0,1,18.49167251586914,nan,distant_bg_FP
BraTS-GLI-00022-000,262,0,1,16.651897430419922,nan,distant_bg_FP
BraTS-GLI-00022-000,264,0,3,18.548967361450195,0.5460720572638263,distant_bg_FP
BraTS-GLI-00022-000,272,0,1,19.841489791870117,nan,distant_bg_FP
BraTS-GLI-00022-001,9,0,5,15.491876602172852,0.46173657941934754,distant_bg_FP
BraTS-GLI-00033-000,4,0,1,20.113178253173828,nan,distant_bg_FP
BraTS-GLI-00033-000,5,0,1,18.44698143005371,nan,distant_bg_FP
BraTS-GLI-00033-000,10,0,1,18.05703353881836,nan,distant_bg_FP
BraTS-GLI-00033-000,13,0,1,17.284164428710938,nan,distant_bg_FP
BraTS-GLI-00033-000,14,0,1,17.948963165283203,nan,distant_bg_FP
BraTS-GLI-00033-000,70,0,1,17.02580451965332,nan,distant_bg_FP
BraTS-GLI-00033-000,82,0,1,18.201189041137695,nan,distant_bg_FP
BraTS-GLI-00033-000,86,0,3,14.167470296223959,0.2680132878360527,distant_bg_FP
BraTS-GLI-00033-000,88,0,1,16.56451416015625,nan,distant_bg_FP
BraTS-GLI-00033-000,90,0,17,14.704827981836656,1.475272195060508,distant_bg_FP
BraTS-GLI-00033-000,97,0,25,15.844491233825684,0.6778871725339626,distant_bg_FP
BraTS-GLI-00033-000,101,0,1,17.59501838684082,nan,distant_bg_FP
BraTS-GLI-00033-000,103,0,20,16.303284931182862,1.0123160560652014,distant_bg_FP
BraTS-GLI-00033-000,113,0,1,15.203014373779297,nan,distant_bg_FP
BraTS-GLI-00033-000,122,0,2,17.04618263244629,0.2681726420546927,distant_bg_FP
BraTS-GLI-00033-000,126,0,1,17.70082664489746,nan,distant_bg_FP
BraTS-GLI-00033-000,133,0,1,15.82321548461914,nan,distant_bg_FP
BraTS-GLI-00033-000,136,0,2,15.849030017852783,0.3919259045263202,distant_bg_FP
BraTS-GLI-00033-000,144,0,1,15.966071128845215,nan,distant_bg_FP
BraTS-GLI-00033-000,149,0,1,16.130935668945312,nan,distant_bg_FP
BraTS-GLI-00033-000,183,0,1,13.841179847717285,nan,distant_bg_FP
BraTS-GLI-00033-000,184,0,1,16.325557708740234,nan,distant_bg_FP
BraTS-GLI-00033-000,188,0,4,15.12813687324524,0.6981591192635875,distant_bg_FP
BraTS-GLI-00033-000,189,0,2,15.278348445892334,0.3293260333700595,distant_bg_FP
BraTS-GLI-00033-000,192,0,3,12.722490628560385,0.489368052055677,distant_bg_FP
BraTS-GLI-00033-000,197,0,1,16.041372299194336,nan,distant_bg_FP
BraTS-GLI-00033-000,207,0,1,10.591326713562012,nan,distant_bg_FP
BraTS-GLI-00033-000,208,0,1,10.508991241455078,nan,distant_bg_FP
BraTS-GLI-00033-000,216,0,2,14.749295234680176,0.69770769679383,distant_bg_FP
BraTS-GLI-00033-000,221,0,4,15.508573770523071,0.7187359179607656,distant_bg_FP
BraTS-GLI-00033-000,236,0,9,13.528936915927464,0.5909045807241784,distant_bg_FP
BraTS-GLI-00033-000,237,0,1,12.586220741271973,nan,distant_bg_FP
BraTS-GLI-00033-000,238,0,1,12.703081130981445,nan,distant_bg_FP
BraTS-GLI-00033-000,243,0,1,16.63532257080078,nan,distant_bg_FP
BraTS-GLI-00033-000,244,0,1,16.646625518798828,nan,distant_bg_FP
BraTS-GLI-00033-000,245,0,1,13.202543258666992,nan,distant_bg_FP
BraTS-GLI-00033-000,246,0,2,13.78238296508789,0.02313423656023569,distant_bg_FP
BraTS-GLI-00033-000,248,0,1,13.5137357711792,nan,distant_bg_FP
BraTS-GLI-00033-000,267,0,1,14.313688278198242,nan,distant_bg_FP
BraTS-GLI-00033-000,274,0,1,14.737278938293457,nan,distant_bg_FP
BraTS-GLI-00033-000,275,0,1,13.780928611755371,nan,distant_bg_FP
BraTS-GLI-00033-000,276,0,1,14.420217514038086,nan,distant_bg_FP
BraTS-GLI-00033-000,277,0,1,15.078469276428223,nan,distant_bg_FP
BraTS-GLI-00033-000,278,0,1,14.119706153869629,nan,distant_bg_FP
BraTS-GLI-00033-000,280,0,3,15.353041648864746,1.4767598053962936,distant_bg_FP
BraTS-GLI-00033-000,284,0,1,15.085296630859375,nan,distant_bg_FP
BraTS-GLI-00033-000,285,0,5,16.432524108886717,0.9686995947365411,distant_bg_FP
BraTS-GLI-00033-000,286,0,6,16.88540506362915,0.8881084447853349,distant_bg_FP
BraTS-GLI-00033-000,287,0,1,15.928735733032227,nan,distant_bg_FP
BraTS-GLI-00033-000,288,0,10,15.031326198577881,1.397721725855287,distant_bg_FP
BraTS-GLI-00033-000,289,0,6,14.833003520965576,1.6067161454365073,distant_bg_FP
BraTS-GLI-00043-000,5,0,13,16.4882844044612,1.1339584208735538,distant_bg_FP
BraTS-GLI-00043-000,7,0,46,17.46683410976244,1.4133271377556635,distant_bg_FP
BraTS-GLI-00043-000,11,0,1,13.314101219177246,nan,distant_bg_FP
BraTS-GLI-00043-000,12,0,1,12.847651481628418,nan,distant_bg_FP
BraTS-GLI-00043-000,28,0,1,17.248178482055664,nan,distant_bg_FP
BraTS-GLI-00043-000,29,0,4,16.981544017791748,0.5264255876829365,distant_bg_FP
BraTS-GLI-00043-000,32,0,1,14.371434211730957,nan,distant_bg_FP
BraTS-GLI-00043-000,40,0,1,21.47412109375,nan,distant_bg_FP
BraTS-GLI-00043-000,41,0,17,15.727323812596937,1.1025734972015817,distant_bg_FP
BraTS-GLI-00043-000,48,0,66,16.070740685318455,1.6782015211995214,distant_bg_FP
BraTS-GLI-00043-000,49,0,1,15.43592643737793,nan,distant_bg_FP
BraTS-GLI-00043-000,52,0,1,13.4260892868042,nan,distant_bg_FP
BraTS-GLI-00043-000,53,0,1,13.87728500366211,nan,distant_bg_FP
BraTS-GLI-00043-000,54,0,1,14.144046783447266,nan,distant_bg_FP
BraTS-GLI-00043-000,69,0,1,13.117683410644531,nan,distant_bg_FP
BraTS-GLI-00043-000,70,0,1,13.38646411895752,nan,distant_bg_FP
BraTS-GLI-00043-000,71,0,1,13.761462211608887,nan,distant_bg_FP
BraTS-GLI-00043-000,78,0,13,17.71381950378418,1.6328878357301726,distant_bg_FP
BraTS-GLI-00043-000,90,0,1,13.878768920898438,nan,distant_bg_FP
BraTS-GLI-00043-000,92,0,1,14.352524757385254,nan,distant_bg_FP
BraTS-GLI-00043-000,93,0,1,14.838019371032715,nan,distant_bg_FP
BraTS-GLI-00043-000,100,0,1,18.470136642456055,nan,distant_bg_FP
BraTS-GLI-00043-000,117,0,1,17.73504066467285,nan,distant_bg_FP
BraTS-GLI-00043-000,130,0,1,17.981033325195312,nan,distant_bg_FP
BraTS-GLI-00043-000,133,0,1,14.678423881530762,nan,distant_bg_FP
BraTS-GLI-00043-000,146,0,2,16.181278228759766,2.378215163302396,distant_bg_FP
BraTS-GLI-00043-000,148,0,2,14.964982986450195,0.687868936477447,distant_bg_FP
BraTS-GLI-00043-000,149,0,1,14.318717956542969,nan,distant_bg_FP
BraTS-GLI-00043-000,150,0,1,15.665200233459473,nan,distant_bg_FP
BraTS-GLI-00043-000,156,0,1,14.894350051879883,nan,distant_bg_FP
BraTS-GLI-00043-000,157,0,1,14.676179885864258,nan,distant_bg_FP
BraTS-GLI-00043-000,158,0,1,17.038450241088867,nan,distant_bg_FP
BraTS-GLI-00043-000,159,0,1,19.76853370666504,nan,distant_bg_FP
BraTS-GLI-00043-000,184,0,1,14.2592191696167,nan,distant_bg_FP
BraTS-GLI-00043-000,185,0,1,14.781083106994629,nan,distant_bg_FP
BraTS-GLI-00043-000,186,0,1,14.869789123535156,nan,distant_bg_FP
BraTS-GLI-00043-000,192,0,1,15.603286743164062,nan,distant_bg_FP
BraTS-GLI-00043-000,198,0,1,18.159713745117188,nan,distant_bg_FP
BraTS-GLI-00043-000,199,0,1,19.856298446655273,nan,distant_bg_FP
BraTS-GLI-00043-000,223,0,1,16.307926177978516,nan,distant_bg_FP
BraTS-GLI-00043-000,224,0,1,19.60007667541504,nan,distant_bg_FP
BraTS-GLI-00043-000,225,0,1,17.712862014770508,nan,distant_bg_FP
BraTS-GLI-00043-000,226,0,1,18.903549194335938,nan,distant_bg_FP
BraTS-GLI-00043-000,249,0,1,13.443049430847168,nan,distant_bg_FP
BraTS-GLI-00043-000,255,0,10,13.659035873413085,0.6177076783727816,distant_bg_FP
BraTS-GLI-00043-000,259,0,1,17.960891723632812,nan,distant_bg_FP
BraTS-GLI-00043-000,260,0,1,17.17250633239746,nan,distant_bg_FP
BraTS-GLI-00043-000,273,0,1,14.065604209899902,nan,distant_bg_FP
BraTS-GLI-00043-000,278,0,2,16.49750280380249,1.2166756666747798,distant_bg_FP
BraTS-GLI-00043-000,352,0,1,17.69252586364746,nan,distant_bg_FP
BraTS-GLI-00043-000,353,0,1,18.766185760498047,nan,distant_bg_FP
BraTS-GLI-00043-000,354,0,14,18.144824709211075,0.42765468475012314,distant_bg_FP
BraTS-GLI-00043-000,355,0,9,18.087622324625652,1.4125752088681647,distant_bg_FP
BraTS-GLI-00043-000,356,0,10,18.861380958557127,0.5151552212633704,distant_bg_FP
BraTS-GLI-00043-000,357,0,11,19.842141584916547,1.2588142284829125,distant_bg_FP
BraTS-GLI-00053-000,9,0,1,15.126166343688965,nan,distant_bg_FP
BraTS-GLI-00053-000,11,0,1,15.97378921508789,nan,distant_bg_FP
BraTS-GLI-00053-000,20,0,1,19.11940574645996,nan,distant_bg_FP
BraTS-GLI-00053-000,21,0,1,16.75905990600586,nan,distant_bg_FP
BraTS-GLI-00053-000,30,0,44,18.763298078016803,2.1894092216504015,distant_bg_FP
BraTS-GLI-00053-000,57,0,1,17.93023109436035,nan,distant_bg_FP
BraTS-GLI-00053-000,67,0,4,19.437934398651123,0.7059546791785131,distant_bg_FP
BraTS-GLI-00053-000,68,0,1,23.72722625732422,nan,distant_bg_FP
BraTS-GLI-00053-000,71,0,1,15.702634811401367,nan,distant_bg_FP
BraTS-GLI-00053-000,73,0,1,18.993606567382812,nan,distant_bg_FP
BraTS-GLI-00053-000,108,0,1,19.4721736907959,nan,distant_bg_FP
BraTS-GLI-00053-000,113,0,1,18.09291648864746,nan,distant_bg_FP
BraTS-GLI-00053-000,114,0,1,18.461435317993164,nan,distant_bg_FP
BraTS-GLI-00053-000,118,0,1,18.631669998168945,nan,distant_bg_FP
BraTS-GLI-00053-000,121,0,1,19.4197998046875,nan,distant_bg_FP
BraTS-GLI-00053-000,123,0,1,18.469270706176758,nan,distant_bg_FP
BraTS-GLI-00053-000,126,0,2,17.810043334960938,1.3124002633622986,distant_bg_FP
BraTS-GLI-00053-000,128,0,1,19.512657165527344,nan,distant_bg_FP
BraTS-GLI-00053-000,129,0,1,18.931251525878906,nan,distant_bg_FP
BraTS-GLI-00053-000,130,0,1,18.123292922973633,nan,distant_bg_FP
BraTS-GLI-00053-000,132,0,1,18.16168785095215,nan,distant_bg_FP
BraTS-GLI-00053-000,134,0,2,20.070697784423828,0.4482590450711931,distant_bg_FP
BraTS-GLI-00053-000,135,0,1,17.324172973632812,nan,distant_bg_FP
BraTS-GLI-00053-000,137,0,1,18.8692626953125,nan,distant_bg_FP
BraTS-GLI-00053-000,138,0,1,18.531055450439453,nan,distant_bg_FP
BraTS-GLI-00053-000,141,0,1,19.618375778198242,nan,distant_bg_FP
BraTS-GLI-00053-000,144,0,1,18.7113094329834,nan,distant_bg_FP
BraTS-GLI-00053-000,148,0,1,17.65233612060547,nan,distant_bg_FP
BraTS-GLI-00053-000,151,0,1,20.108842849731445,nan,distant_bg_FP
BraTS-GLI-00053-000,155,0,1,17.504549026489258,nan,distant_bg_FP
BraTS-GLI-00053-000,156,0,1,15.499160766601562,nan,distant_bg_FP
BraTS-GLI-00053-000,157,0,2,17.201790809631348,0.17724739130080655,distant_bg_FP
BraTS-GLI-00053-000,160,0,1,15.275586128234863,nan,distant_bg_FP
BraTS-GLI-00061-000,18,0,14,16.165425981794083,0.7172551096941613,distant_bg_FP
BraTS-GLI-00061-000,41,0,3,15.5299072265625,0.28481919639430525,distant_bg_FP
BraTS-GLI-00061-000,42,0,2,16.13203477859497,0.23683629159944897,distant_bg_FP
BraTS-GLI-00061-000,47,0,1,16.64893341064453,nan,distant_bg_FP
BraTS-GLI-00061-001,1,0,3,13.176698366800943,0.7326800681357739,distant_bg_FP
BraTS-GLI-00061-001,2,0,1,13.67210865020752,nan,distant_bg_FP
BraTS-GLI-00061-001,22,0,2,17.46011257171631,1.0972355440923631,distant_bg_FP
BraTS-GLI-00061-001,38,0,28,20.297476155417307,1.22333773341684,distant_bg_FP
BraTS-GLI-00061-001,48,0,2,13.877601146697998,0.7815799253305092,distant_bg_FP
BraTS-GLI-00061-001,49,0,1,14.869121551513672,nan,distant_bg_FP
BraTS-GLI-00061-001,68,0,1,16.243419647216797,nan,distant_bg_FP
BraTS-GLI-00061-001,73,0,1,14.311433792114258,nan,distant_bg_FP
BraTS-GLI-00061-001,94,0,1,16.209117889404297,nan,distant_bg_FP
BraTS-GLI-00061-001,95,0,1,16.753660202026367,nan,distant_bg_FP
BraTS-GLI-00061-001,106,0,4,15.969133377075195,0.3814776329627851,distant_bg_FP
BraTS-GLI-00061-001,108,0,5,15.992194557189942,0.6582237047887552,distant_bg_FP
BraTS-GLI-00061-001,113,0,1,13.011932373046875,nan,distant_bg_FP
BraTS-GLI-00061-001,114,0,22,15.014506036585027,1.3015289110847932,distant_bg_FP
BraTS-GLI-00061-001,120,0,9,15.66025013393826,0.539628815498366,distant_bg_FP
BraTS-GLI-00061-001,121,0,1,16.545133590698242,nan,distant_bg_FP
BraTS-GLI-00061-001,122,0,2,15.135715961456299,0.03514912295893327,distant_bg_FP
BraTS-GLI-00061-001,124,0,4,12.331631183624268,1.115589685436045,distant_bg_FP
BraTS-GLI-00061-001,126,0,1,11.342055320739746,nan,distant_bg_FP
BraTS-GLI-00061-001,128,0,2,14.826404571533203,0.6723211326491721,distant_bg_FP
BraTS-GLI-00061-001,132,0,1,16.184297561645508,nan,distant_bg_FP
BraTS-GLI-00061-001,133,0,2,15.06825876235962,0.43999489101517697,distant_bg_FP
BraTS-GLI-00084-001,19,0,2,17.780298233032227,0.2216371265020563,distant_bg_FP
BraTS-GLI-00084-001,25,0,190,16.390680629328678,0.8239800352772713,distant_bg_FP
BraTS-GLI-00084-001,29,0,3,15.828646659851074,0.04492729815879844,distant_bg_FP
BraTS-GLI-00084-001,38,0,6,16.44026215871175,0.6752077755075383,distant_bg_FP
BraTS-GLI-00084-001,43,0,7,18.20446559361049,0.48494015903381715,distant_bg_FP
BraTS-GLI-00084-001,46,0,1,16.078943252563477,nan,distant_bg_FP
BraTS-GLI-00084-001,50,0,2,14.920768737792969,0.43497031232310224,distant_bg_FP
BraTS-GLI-00084-001,59,0,2,16.743988037109375,0.6641048574130645,distant_bg_FP
BraTS-GLI-00084-001,64,0,1,14.745390892028809,nan,distant_bg_FP
BraTS-GLI-00084-001,65,0,1,15.429279327392578,nan,distant_bg_FP
BraTS-GLI-00084-001,70,0,2,18.652901649475098,0.30109034226606524,distant_bg_FP
BraTS-GLI-00085-000,19,0,2,16.935279369354248,1.6916821133353506,distant_bg_FP
BraTS-GLI-00085-000,21,0,1,15.129833221435547,nan,distant_bg_FP
BraTS-GLI-00085-000,27,0,4,15.605384826660156,0.7440032253521928,distant_bg_FP
BraTS-GLI-00085-000,35,0,1,16.93547248840332,nan,distant_bg_FP
BraTS-GLI-00085-000,36,0,1,22.50579833984375,nan,distant_bg_FP
BraTS-GLI-00085-000,40,0,3,17.601077397664387,1.0268702451703278,distant_bg_FP
BraTS-GLI-00085-000,43,0,1,15.46025562286377,nan,distant_bg_FP
BraTS-GLI-00085-000,47,0,1,15.206306457519531,nan,distant_bg_FP
BraTS-GLI-00085-000,51,0,1,14.43481159210205,nan,distant_bg_FP
BraTS-GLI-00085-000,52,0,1,14.237096786499023,nan,distant_bg_FP
BraTS-GLI-00085-000,53,0,10,13.683657550811768,1.7649196522568622,distant_bg_FP
BraTS-GLI-00085-000,58,0,1,14.659560203552246,nan,distant_bg_FP
BraTS-GLI-00085-000,59,0,28,17.873041697910853,0.6426868946276082,distant_bg_FP
BraTS-GLI-00085-000,62,0,5,16.683271217346192,1.655876894255376,distant_bg_FP
BraTS-GLI-00085-000,63,0,1,18.504974365234375,nan,distant_bg_FP
BraTS-GLI-00085-000,70,0,1,17.648792266845703,nan,distant_bg_FP
BraTS-GLI-00085-000,71,0,1,14.809966087341309,nan,distant_bg_FP
BraTS-GLI-00085-000,75,0,4,15.671884536743164,1.461332047264066,distant_bg_FP
BraTS-GLI-00085-000,77,0,3,16.454023043314617,0.8874957050691444,distant_bg_FP
BraTS-GLI-00085-000,79,0,4,13.479325532913208,0.9231879942302694,distant_bg_FP
BraTS-GLI-00085-000,81,0,2,14.644529819488525,0.5569851015873524,distant_bg_FP
BraTS-GLI-00085-000,82,0,3,15.797996203104654,1.071826855635046,distant_bg_FP
BraTS-GLI-00085-000,84,0,1,14.89371109008789,nan,distant_bg_FP
BraTS-GLI-00085-000,92,0,2,18.532474517822266,0.2985561365588022,distant_bg_FP
BraTS-GLI-00085-000,93,0,9,12.955780347188314,0.6047095122421144,distant_bg_FP
BraTS-GLI-00085-000,96,0,2,12.757782936096191,0.10208169014211387,distant_bg_FP
BraTS-GLI-00085-000,97,0,2,13.014749526977539,0.14310507225910152,distant_bg_FP
BraTS-GLI-00085-000,98,0,3,13.230595270792643,0.35029848807135266,distant_bg_FP
BraTS-GLI-00085-000,101,0,1,13.66118335723877,nan,distant_bg_FP
BraTS-GLI-00085-000,107,0,2,12.794597625732422,0.3693372167732095,distant_bg_FP
BraTS-GLI-00085-000,111,0,1,12.489402770996094,nan,distant_bg_FP
BraTS-GLI-00085-000,112,0,1,12.749497413635254,nan,distant_bg_FP
BraTS-GLI-00085-000,113,0,1,12.834144592285156,nan,distant_bg_FP
BraTS-GLI-00085-000,114,0,2,12.71284294128418,0.1722828297210113,distant_bg_FP
BraTS-GLI-00085-000,115,0,1,12.734440803527832,nan,distant_bg_FP
BraTS-GLI-00085-000,120,0,1,12.491909980773926,nan,distant_bg_FP
BraTS-GLI-00085-000,121,0,2,12.864396095275879,1.1501072482627335,distant_bg_FP
BraTS-GLI-00085-000,125,0,1,12.514144897460938,nan,distant_bg_FP
BraTS-GLI-00085-000,128,0,1,12.119317054748535,nan,distant_bg_FP
BraTS-GLI-00085-000,130,0,1,11.730755805969238,nan,distant_bg_FP
BraTS-GLI-00085-000,171,0,2,12.042632102966309,0.4813183586935622,distant_bg_FP
BraTS-GLI-00085-000,181,0,2,15.429253101348877,0.008941201030495104,distant_bg_FP
BraTS-GLI-00085-000,183,0,1,12.056560516357422,nan,distant_bg_FP
BraTS-GLI-00085-000,193,0,2,13.6159086227417,0.31429545566671047,distant_bg_FP
BraTS-GLI-00085-000,194,0,1,19.66489028930664,nan,distant_bg_FP
BraTS-GLI-00085-000,195,0,1,12.080146789550781,nan,distant_bg_FP
BraTS-GLI-00085-000,202,0,2,14.6724853515625,0.42329462376122035,distant_bg_FP
BraTS-GLI-00085-000,203,0,1,19.21491813659668,nan,distant_bg_FP
BraTS-GLI-00085-000,204,0,5,12.659037780761718,0.4270688684639728,distant_bg_FP
BraTS-GLI-00085-000,208,0,1,11.958745956420898,nan,distant_bg_FP
BraTS-GLI-00085-000,210,0,1,12.38320255279541,nan,distant_bg_FP
BraTS-GLI-00085-000,215,0,2,13.149621963500977,0.134494976870508,distant_bg_FP
BraTS-GLI-00085-000,216,0,1,12.918099403381348,nan,distant_bg_FP
BraTS-GLI-00085-000,221,0,1,14.995024681091309,nan,distant_bg_FP
BraTS-GLI-00085-000,222,0,2,13.579197406768799,0.15920921448772007,distant_bg_FP
BraTS-GLI-00085-000,230,0,1,13.817985534667969,nan,distant_bg_FP
BraTS-GLI-00085-000,231,0,2,13.593029975891113,0.2591255681407382,distant_bg_FP
BraTS-GLI-00085-000,234,0,1,13.398646354675293,nan,distant_bg_FP
BraTS-GLI-00085-000,235,0,2,13.986669540405273,0.15647202955802858,distant_bg_FP
BraTS-GLI-00085-000,238,0,1,13.814010620117188,nan,distant_bg_FP
BraTS-GLI-00085-000,239,0,1,13.012255668640137,nan,distant_bg_FP
BraTS-GLI-00085-000,240,0,1,13.949677467346191,nan,distant_bg_FP
BraTS-GLI-00085-000,242,0,12,13.832249085108439,0.41536327590460553,distant_bg_FP
BraTS-GLI-00085-000,245,0,1,13.204154014587402,nan,distant_bg_FP
BraTS-GLI-00085-000,254,0,1,15.066150665283203,nan,distant_bg_FP
BraTS-GLI-00085-000,255,0,1,15.568172454833984,nan,distant_bg_FP
BraTS-GLI-00085-000,256,0,1,14.703312873840332,nan,distant_bg_FP
BraTS-GLI-00085-000,261,0,1,14.345795631408691,nan,distant_bg_FP
BraTS-GLI-00085-000,262,0,1,14.515303611755371,nan,distant_bg_FP
BraTS-GLI-00087-000,1,0,6,17.2326504389445,0.9658214395826576,distant_bg_FP
BraTS-GLI-00087-000,2,0,1,16.683019638061523,nan,distant_bg_FP
BraTS-GLI-00087-000,19,0,2,20.09613609313965,0.8656571561383453,distant_bg_FP
BraTS-GLI-00087-000,20,0,1,18.116788864135742,nan,distant_bg_FP
BraTS-GLI-00087-000,27,0,1,22.24334144592285,nan,distant_bg_FP
BraTS-GLI-00087-000,28,0,11,17.478229956193402,0.7684229107372019,distant_bg_FP
BraTS-GLI-00087-000,34,0,1,21.282724380493164,nan,distant_bg_FP
BraTS-GLI-00087-000,50,0,1,13.73737621307373,nan,distant_bg_FP
BraTS-GLI-00087-000,72,0,2,19.52073097229004,0.478593986405818,distant_bg_FP
BraTS-GLI-00087-000,79,0,2,18.48124599456787,0.44592174944017293,distant_bg_FP
BraTS-GLI-00087-000,82,0,2,15.841906070709229,0.16457703711406754,distant_bg_FP
BraTS-GLI-00087-000,89,0,2,17.86348056793213,0.26324854144946797,distant_bg_FP
BraTS-GLI-00087-000,94,0,2,15.83903169631958,0.3858405739509233,distant_bg_FP
BraTS-GLI-00087-000,96,0,2,16.910873413085938,0.5452898568877614,distant_bg_FP
BraTS-GLI-00087-000,107,0,1,13.677831649780273,nan,distant_bg_FP
BraTS-GLI-00087-000,111,0,2,16.15302276611328,0.1613502743920735,distant_bg_FP
BraTS-GLI-00087-000,201,0,1,17.989498138427734,nan,distant_bg_FP
BraTS-GLI-00087-000,202,0,5,16.56872444152832,0.8441482507206887,distant_bg_FP
BraTS-GLI-00087-000,203,0,8,16.611457109451294,0.3152188403159049,distant_bg_FP
BraTS-GLI-00088-000,1,0,4,14.86406660079956,0.9642548358668023,distant_bg_FP
BraTS-GLI-00088-000,15,0,2,18.211941719055176,0.09107900245725392,distant_bg_FP
BraTS-GLI-00088-000,18,0,1,18.669822692871094,nan,distant_bg_FP
BraTS-GLI-00088-000,21,0,2,11.733802318572998,0.34089787209721056,distant_bg_FP
BraTS-GLI-00088-000,24,0,1,17.977813720703125,nan,distant_bg_FP
BraTS-GLI-00088-000,27,0,2,18.341816902160645,0.5360283398085836,distant_bg_FP
BraTS-GLI-00088-000,30,0,1,19.349075317382812,nan,distant_bg_FP
BraTS-GLI-00088-000,62,0,1,16.220985412597656,nan,distant_bg_FP
BraTS-GLI-00088-000,69,0,1,19.218303680419922,nan,distant_bg_FP
BraTS-GLI-00088-000,73,0,2,17.267817497253418,0.012897609993909749,distant_bg_FP
BraTS-GLI-00088-000,80,0,4,15.702671766281128,0.2655548035999786,distant_bg_FP
BraTS-GLI-00113-000,9,0,1,17.659440994262695,nan,distant_bg_FP
BraTS-GLI-00113-000,18,0,1,18.130512237548828,nan,distant_bg_FP
BraTS-GLI-00113-000,19,0,4,16.245625495910645,0.26796435674950236,distant_bg_FP
BraTS-GLI-00113-000,21,0,3,17.470389048258465,0.7532841639734402,distant_bg_FP
BraTS-GLI-00113-000,30,0,1,15.810598373413086,nan,distant_bg_FP
BraTS-GLI-00113-000,33,0,57,17.96686922039902,1.789664667163721,distant_bg_FP
BraTS-GLI-00117-000,63,0,3,18.628259658813477,0.6158642334892073,distant_bg_FP
BraTS-GLI-00117-000,108,0,2,15.867866039276123,0.25747543472783974,distant_bg_FP
BraTS-GLI-00117-000,126,0,1,17.39305305480957,nan,distant_bg_FP
BraTS-GLI-00117-000,128,0,1,15.957406997680664,nan,distant_bg_FP
BraTS-GLI-00132-000,10,0,1,21.493057250976562,nan,distant_bg_FP
BraTS-GLI-00132-000,13,0,1,13.760486602783203,nan,distant_bg_FP
BraTS-GLI-00132-000,15,0,1,20.290632247924805,nan,distant_bg_FP
BraTS-GLI-00132-000,16,0,1,19.75827980041504,nan,distant_bg_FP
BraTS-GLI-00132-000,20,0,1,16.41185760498047,nan,distant_bg_FP
BraTS-GLI-00132-000,21,0,1,21.908260345458984,nan,distant_bg_FP
BraTS-GLI-00132-000,26,0,1,22.062030792236328,nan,distant_bg_FP
BraTS-GLI-00132-000,28,0,1,22.065811157226562,nan,distant_bg_FP
BraTS-GLI-00132-000,30,0,1,21.064823150634766,nan,distant_bg_FP
BraTS-GLI-00132-000,31,0,1,22.287002563476562,nan,distant_bg_FP
BraTS-GLI-00132-000,32,0,1,22.707801818847656,nan,distant_bg_FP
BraTS-GLI-00132-000,36,0,1,21.501184463500977,nan,distant_bg_FP
BraTS-GLI-00132-000,37,0,8,23.804609537124634,0.3806908416349741,distant_bg_FP
BraTS-GLI-00132-000,39,0,1,21.128524780273438,nan,distant_bg_FP
BraTS-GLI-00132-000,49,0,1,20.359115600585938,nan,distant_bg_FP
BraTS-GLI-00132-000,50,0,1,19.701135635375977,nan,distant_bg_FP
BraTS-GLI-00132-000,53,0,2,20.273388862609863,0.18514267613865532,distant_bg_FP
BraTS-GLI-00132-000,56,0,4,17.49014139175415,1.2215389067354014,distant_bg_FP
BraTS-GLI-00132-000,59,0,1,20.66841697692871,nan,distant_bg_FP
BraTS-GLI-00132-000,67,0,9,17.970563676622177,0.5691841106558092,distant_bg_FP
BraTS-GLI-00132-000,69,0,1,21.365060806274414,nan,distant_bg_FP
BraTS-GLI-00132-000,71,0,1,18.60519027709961,nan,distant_bg_FP
BraTS-GLI-00132-000,72,0,1,19.091388702392578,nan,distant_bg_FP
BraTS-GLI-00132-000,75,0,1,23.398828506469727,nan,distant_bg_FP
BraTS-GLI-00132-000,85,0,1,20.946996688842773,nan,distant_bg_FP
BraTS-GLI-00132-000,86,0,7,15.772297995431083,0.681338865772581,distant_bg_FP
BraTS-GLI-00132-000,89,0,2,19.601299285888672,0.005246439702636089,distant_bg_FP
BraTS-GLI-00132-000,92,0,1,15.387818336486816,nan,distant_bg_FP
BraTS-GLI-00132-000,103,0,1,18.24690055847168,nan,distant_bg_FP
BraTS-GLI-00132-000,106,0,1,16.476905822753906,nan,distant_bg_FP
BraTS-GLI-00132-000,117,0,2,13.814838409423828,0.15181766878327352,distant_bg_FP
BraTS-GLI-00132-000,161,0,1,18.056913375854492,nan,distant_bg_FP
BraTS-GLI-00139-000,4,0,1,18.025606155395508,nan,distant_bg_FP
BraTS-GLI-00139-000,6,0,1,16.519472122192383,nan,distant_bg_FP
BraTS-GLI-00139-000,12,0,1,20.02784538269043,nan,distant_bg_FP
BraTS-GLI-00139-000,74,0,4,25.123488903045654,1.1167653500720691,distant_bg_FP
BraTS-GLI-00139-000,89,0,7,21.382668086460658,1.4287038299406607,distant_bg_FP
BraTS-GLI-00139-000,92,0,2,17.71211528778076,0.19789597532326375,distant_bg_FP
BraTS-GLI-00139-000,99,0,5,18.274686431884767,0.4833825485416005,distant_bg_FP
BraTS-GLI-00139-000,102,0,1,21.547670364379883,nan,distant_bg_FP
BraTS-GLI-00139-000,126,0,1,25.487573623657227,nan,distant_bg_FP
BraTS-GLI-00139-000,132,0,2,21.864748001098633,0.05906223327965029,distant_bg_FP
BraTS-GLI-00139-000,143,0,7,19.733848026820592,1.095156923289232,distant_bg_FP
BraTS-GLI-00142-000,40,0,4,20.6404070854187,0.8418912516367937,distant_bg_FP
BraTS-GLI-00142-000,48,0,3,19.509510676066082,0.2845749916389586,distant_bg_FP
BraTS-GLI-00144-000,50,0,1,16.53911781311035,nan,distant_bg_FP
BraTS-GLI-00144-000,51,0,1,18.33897590637207,nan,distant_bg_FP
BraTS-GLI-00144-000,53,0,1,18.678627014160156,nan,distant_bg_FP
BraTS-GLI-00152-000,23,0,1,17.191076278686523,nan,distant_bg_FP
BraTS-GLI-00152-000,30,0,1,14.923664093017578,nan,distant_bg_FP
BraTS-GLI-00152-000,71,0,1,25.82825469970703,nan,distant_bg_FP
BraTS-GLI-00152-000,75,0,1,19.688976287841797,nan,distant_bg_FP
BraTS-GLI-00160-000,1,0,13,17.22435452387883,1.1523607718533806,distant_bg_FP
BraTS-GLI-00160-000,2,0,3,17.29285494486491,0.8378228226035604,distant_bg_FP
BraTS-GLI-00160-000,3,0,10,17.057094860076905,0.9663662704710481,distant_bg_FP
BraTS-GLI-00160-000,6,0,1,16.6892032623291,nan,distant_bg_FP
BraTS-GLI-00160-000,8,0,3,16.57054837544759,0.3580743525238762,distant_bg_FP
BraTS-GLI-00160-000,9,0,1,16.829010009765625,nan,distant_bg_FP
BraTS-GLI-00160-000,10,0,16,15.53934532403946,0.8242381940676918,distant_bg_FP
BraTS-GLI-00160-000,11,0,1,16.59610939025879,nan,distant_bg_FP
BraTS-GLI-00160-000,12,0,1,17.661157608032227,nan,distant_bg_FP
BraTS-GLI-00160-000,13,0,4,17.080016136169434,1.148444494872768,distant_bg_FP
BraTS-GLI-00160-000,15,0,1,15.911288261413574,nan,distant_bg_FP
BraTS-GLI-00160-000,16,0,1,16.512203216552734,nan,distant_bg_FP
BraTS-GLI-00160-000,17,0,7,16.648086275373185,1.414383444740135,distant_bg_FP
BraTS-GLI-00160-000,18,0,1,16.578163146972656,nan,distant_bg_FP
BraTS-GLI-00160-000,19,0,1,16.077285766601562,nan,distant_bg_FP
BraTS-GLI-00160-000,21,0,16,15.564939737319946,0.8361622107076333,distant_bg_FP
BraTS-GLI-00160-000,22,0,9,15.726831118265787,0.8653145498407626,distant_bg_FP
BraTS-GLI-00160-000,23,0,1,16.046056747436523,nan,distant_bg_FP
BraTS-GLI-00160-000,25,0,2,15.178567886352539,0.3762425564332344,distant_bg_FP
BraTS-GLI-00160-000,26,0,2,17.002673149108887,0.44845730384658833,distant_bg_FP
BraTS-GLI-00160-000,28,0,1,14.41368579864502,nan,distant_bg_FP
BraTS-GLI-00160-000,29,0,14,16.9031526020595,0.9680217756542534,distant_bg_FP
BraTS-GLI-00160-000,31,0,42,15.424582753862653,0.8020197173049933,distant_bg_FP
BraTS-GLI-00160-000,32,0,1,13.415884017944336,nan,distant_bg_FP
BraTS-GLI-00160-000,33,0,4,15.708609580993652,0.5390104538693957,distant_bg_FP
BraTS-GLI-00160-000,39,0,4,16.880661010742188,0.8201909923534386,distant_bg_FP
BraTS-GLI-00160-000,40,0,14,15.64744792665754,0.9221565297973678,distant_bg_FP
BraTS-GLI-00160-000,44,0,10,15.112705421447753,0.4698537154006635,distant_bg_FP
BraTS-GLI-00160-000,46,0,1,14.256711959838867,nan,distant_bg_FP
BraTS-GLI-00160-000,48,0,1,19.823509216308594,nan,distant_bg_FP
BraTS-GLI-00160-000,49,0,1,16.10090446472168,nan,distant_bg_FP
BraTS-GLI-00160-000,50,0,1,17.67429542541504,nan,distant_bg_FP
BraTS-GLI-00160-000,52,0,16,16.54123955965042,0.5852830635408087,distant_bg_FP
BraTS-GLI-00160-000,56,0,5,17.956449890136717,1.0701154819553884,distant_bg_FP
BraTS-GLI-00160-000,57,0,64,15.586804762482643,0.9131921724254053,distant_bg_FP
BraTS-GLI-00160-000,61,0,1,18.056011199951172,nan,distant_bg_FP
BraTS-GLI-00160-000,62,0,81,15.80433331006839,1.1256709032635044,distant_bg_FP
BraTS-GLI-00160-000,67,0,1,20.002737045288086,nan,distant_bg_FP
BraTS-GLI-00160-000,68,0,3,14.37082544962565,0.6809799989437288,distant_bg_FP
BraTS-GLI-00160-000,69,0,3,14.647671381632486,0.5691125120113529,distant_bg_FP
BraTS-GLI-00160-000,70,0,1,17.35429573059082,nan,distant_bg_FP
BraTS-GLI-00160-000,71,0,2,14.980132579803467,0.09194419296348555,distant_bg_FP
BraTS-GLI-00160-000,72,0,1,16.267391204833984,nan,distant_bg_FP
BraTS-GLI-00160-000,73,0,1,16.116262435913086,nan,distant_bg_FP
BraTS-GLI-00160-000,74,0,11,15.701088385148482,0.43502960472421337,distant_bg_FP
BraTS-GLI-00160-000,75,0,1,19.08749771118164,nan,distant_bg_FP
BraTS-GLI-00160-000,76,0,1,14.970328330993652,nan,distant_bg_FP
BraTS-GLI-00160-000,77,0,1,18.397804260253906,nan,distant_bg_FP
BraTS-GLI-00160-000,78,0,1,19.037023544311523,nan,distant_bg_FP
BraTS-GLI-00160-000,79,0,2,15.706140995025635,0.767295852607985,distant_bg_FP
BraTS-GLI-00160-000,80,0,51,14.83255219927021,1.021437845872838,distant_bg_FP
BraTS-GLI-00160-000,81,0,1,18.957536697387695,nan,distant_bg_FP
BraTS-GLI-00160-000,82,0,1,18.114238739013672,nan,distant_bg_FP
BraTS-GLI-00160-000,83,0,1,15.938690185546875,nan,distant_bg_FP
BraTS-GLI-00160-000,84,0,1,19.56995964050293,nan,distant_bg_FP
BraTS-GLI-00160-000,86,0,1,14.836760520935059,nan,distant_bg_FP
BraTS-GLI-00160-000,88,0,4,18.818448543548584,0.561375712403582,distant_bg_FP
BraTS-GLI-00160-000,89,0,104,16.146897040880642,1.3905405347731703,distant_bg_FP
BraTS-GLI-00160-000,90,0,3,13.620651563008627,0.43417189943068707,distant_bg_FP
BraTS-GLI-00160-000,96,0,3,15.307463645935059,0.7211930791802152,distant_bg_FP
BraTS-GLI-00160-000,100,0,3,16.325011889139812,2.7014785257487492,distant_bg_FP
BraTS-GLI-00160-000,106,0,1,15.668181419372559,nan,distant_bg_FP
BraTS-GLI-00160-000,107,0,2,18.0697660446167,0.6968930825058115,distant_bg_FP
BraTS-GLI-00160-000,108,0,3,17.895505905151367,0.8475089992891917,distant_bg_FP
BraTS-GLI-00160-000,115,0,6,16.632773240407307,0.9929001223351501,distant_bg_FP
BraTS-GLI-00160-000,119,0,2,19.120574951171875,0.5351449418637951,distant_bg_FP
BraTS-GLI-00160-000,120,0,4,13.787668228149414,0.6547107826803522,distant_bg_FP
BraTS-GLI-00160-000,121,0,1,19.98854637145996,nan,distant_bg_FP
BraTS-GLI-00160-000,125,0,1,13.805741310119629,nan,distant_bg_FP
BraTS-GLI-00160-000,131,0,2,16.643750190734863,0.312575864247466,distant_bg_FP
BraTS-GLI-00160-000,132,0,1,16.562362670898438,nan,distant_bg_FP
BraTS-GLI-00160-000,141,0,22,11.555512428283691,1.9332726605647903,distant_bg_FP
BraTS-GLI-00160-000,142,0,6,13.913713137308756,0.4651199404516497,distant_bg_FP
BraTS-GLI-00160-000,146,0,19,14.287755665026213,0.8932824973917701,distant_bg_FP
BraTS-GLI-00160-000,151,0,13,14.45826479104849,1.0271243639299932,distant_bg_FP
BraTS-GLI-00160-000,152,0,1,14.417871475219727,nan,distant_bg_FP
BraTS-GLI-00160-000,155,0,4,13.513504981994629,0.5473665493406071,distant_bg_FP
BraTS-GLI-00160-000,156,0,1,13.347026824951172,nan,distant_bg_FP
BraTS-GLI-00160-000,161,0,4,13.271075248718262,0.26508939584024827,distant_bg_FP
BraTS-GLI-00160-000,162,0,8,13.851325631141663,0.962732822614899,distant_bg_FP
BraTS-GLI-00160-000,164,0,2,19.06849765777588,0.2644785550764099,distant_bg_FP
BraTS-GLI-00160-000,165,0,1,12.65385627746582,nan,distant_bg_FP
BraTS-GLI-00160-000,166,0,1,12.74203872680664,nan,distant_bg_FP
BraTS-GLI-00160-000,168,0,5,18.2698917388916,1.1032283590696155,distant_bg_FP
BraTS-GLI-00160-000,173,0,8,18.069865226745605,0.8170141087351047,distant_bg_FP
BraTS-GLI-00160-000,174,0,1,16.522260665893555,nan,distant_bg_FP
BraTS-GLI-00160-000,177,0,1,22.473060607910156,nan,distant_bg_FP
BraTS-GLI-00160-000,178,0,2,18.11912727355957,0.0942497941644255,distant_bg_FP
BraTS-GLI-00160-000,179,0,8,14.835789799690247,0.5399722220361772,distant_bg_FP
BraTS-GLI-00160-000,180,0,1,19.362159729003906,nan,distant_bg_FP
BraTS-GLI-00160-000,182,0,10,17.389255905151366,2.11812107859726,distant_bg_FP
BraTS-GLI-00160-000,185,0,1,13.553211212158203,nan,distant_bg_FP
BraTS-GLI-00160-000,186,0,1,20.796916961669922,nan,distant_bg_FP
BraTS-GLI-00160-000,187,0,1,19.72528076171875,nan,distant_bg_FP
BraTS-GLI-00160-000,193,0,1,14.024314880371094,nan,distant_bg_FP
BraTS-GLI-00160-000,196,0,1,13.46064567565918,nan,distant_bg_FP
BraTS-GLI-00160-000,197,0,1,16.016448974609375,nan,distant_bg_FP
BraTS-GLI-00160-000,198,0,1,20.426239013671875,nan,distant_bg_FP
BraTS-GLI-00160-000,200,0,2,17.227497100830078,1.7350394193354775,distant_bg_FP
BraTS-GLI-00160-000,201,0,1,19.8056583404541,nan,distant_bg_FP
BraTS-GLI-00160-000,202,0,4,14.118662118911743,0.8214916127381147,distant_bg_FP
BraTS-GLI-00160-000,205,0,3,13.316682497660318,0.17714406046951808,distant_bg_FP
BraTS-GLI-00160-000,206,0,1,14.60293960571289,nan,distant_bg_FP
BraTS-GLI-00160-000,207,0,3,16.560344696044922,0.3924485246714969,distant_bg_FP
BraTS-GLI-00160-000,208,0,3,14.758678436279297,0.08161746771663116,distant_bg_FP
BraTS-GLI-00160-000,209,0,1,13.980487823486328,nan,distant_bg_FP
BraTS-GLI-00160-000,211,0,25,15.328412475585937,1.388613688471498,distant_bg_FP
BraTS-GLI-00160-000,212,0,135,17.766927118654603,2.65093628668139,distant_bg_FP
BraTS-GLI-00160-000,213,0,1,16.182159423828125,nan,distant_bg_FP
BraTS-GLI-00160-000,214,0,1,17.269594192504883,nan,distant_bg_FP
BraTS-GLI-00160-000,215,0,1,18.183300018310547,nan,distant_bg_FP
BraTS-GLI-00160-000,220,0,1,15.195560455322266,nan,distant_bg_FP
BraTS-GLI-00160-000,221,0,3,15.406758944193522,0.851553610088901,distant_bg_FP
BraTS-GLI-00160-000,222,0,1,16.831241607666016,nan,distant_bg_FP
BraTS-GLI-00160-000,223,0,5,13.992628860473634,0.7971907068057134,distant_bg_FP
BraTS-GLI-00160-000,224,0,3,16.543478965759277,1.8390120460900685,distant_bg_FP
BraTS-GLI-00160-000,226,0,2,18.2343807220459,0.7338514853776205,distant_bg_FP
BraTS-GLI-00160-000,227,0,18,16.938861476050484,2.1203928508187273,distant_bg_FP
BraTS-GLI-00160-000,228,0,2,20.06338405609131,0.4534960438797627,distant_bg_FP
BraTS-GLI-00160-000,229,0,3,16.21639347076416,1.845730273372514,distant_bg_FP
BraTS-GLI-00160-000,230,0,2,19.65701389312744,0.8511761733395783,distant_bg_FP
BraTS-GLI-00160-000,231,0,1,18.5330810546875,nan,distant_bg_FP
BraTS-GLI-00160-000,232,0,1,16.346895217895508,nan,distant_bg_FP
BraTS-GLI-00160-000,233,0,1,14.11906623840332,nan,distant_bg_FP
BraTS-GLI-00160-000,234,0,3,16.633230209350586,0.3946312272915174,distant_bg_FP
BraTS-GLI-00160-000,235,0,20,16.601190853118897,1.4488561512115148,distant_bg_FP
BraTS-GLI-00160-000,236,0,10,16.69225835800171,1.822175404994267,distant_bg_FP
BraTS-GLI-00160-000,237,0,5,16.212064743041992,0.9346073145113516,distant_bg_FP
BraTS-GLI-00160-000,238,0,1,19.205490112304688,nan,distant_bg_FP
BraTS-GLI-00160-000,239,0,2,22.009459495544434,0.6480216200213074,distant_bg_FP
BraTS-GLI-00160-000,240,0,2,16.243894577026367,0.05634055839021079,distant_bg_FP
BraTS-GLI-00160-000,241,0,7,26.293713978358678,1.4400765584012534,distant_bg_FP
BraTS-GLI-00160-000,242,0,4,26.612337112426758,0.6073154996136998,distant_bg_FP
BraTS-GLI-00160-000,243,0,1,24.793521881103516,nan,distant_bg_FP
BraTS-GLI-00160-000,244,0,2,23.684290885925293,2.1130865352345545,distant_bg_FP
BraTS-GLI-00160-000,245,0,1,27.534822463989258,nan,distant_bg_FP
BraTS-GLI-00160-000,246,0,1,26.348285675048828,nan,distant_bg_FP
BraTS-GLI-00160-000,247,0,17,26.293199090396655,1.8569263280173969,distant_bg_FP
BraTS-GLI-00160-000,248,0,4,28.633063793182373,2.3011047617235367,distant_bg_FP
BraTS-GLI-00160-000,249,0,1,24.167903900146484,nan,distant_bg_FP
BraTS-GLI-00160-000,250,0,1,24.52975845336914,nan,distant_bg_FP
BraTS-GLI-00160-000,251,0,2,26.57642650604248,2.0596348904286743,distant_bg_FP
BraTS-GLI-00160-000,252,0,2,24.06493854522705,0.4530320913713548,distant_bg_FP
BraTS-GLI-00160-000,253,0,1,23.511869430541992,nan,distant_bg_FP
BraTS-GLI-00160-000,254,0,1,23.55634117126465,nan,distant_bg_FP
BraTS-GLI-00167-000,1,0,1,20.702972412109375,nan,distant_bg_FP
BraTS-GLI-00167-000,2,0,1,17.036121368408203,nan,distant_bg_FP
BraTS-GLI-00167-000,16,0,1,14.21745491027832,nan,distant_bg_FP
BraTS-GLI-00167-000,25,0,2,26.28947162628174,0.10770846300571227,distant_bg_FP
BraTS-GLI-00167-000,28,0,1,24.728940963745117,nan,distant_bg_FP
BraTS-GLI-00167-000,29,0,1,25.781652450561523,nan,distant_bg_FP
BraTS-GLI-00167-000,35,0,1,26.862205505371094,nan,distant_bg_FP
BraTS-GLI-00167-000,37,0,2,23.097996711730957,0.7858640681879445,distant_bg_FP
BraTS-GLI-00167-000,70,0,4,23.231268405914307,1.4515259010284216,distant_bg_FP
BraTS-GLI-00167-000,74,0,1,28.612417221069336,nan,distant_bg_FP
BraTS-GLI-00167-000,77,0,1,14.781556129455566,nan,distant_bg_FP
BraTS-GLI-00167-000,82,0,8,24.22972297668457,2.1840110949619396,distant_bg_FP
BraTS-GLI-00167-000,87,0,2,24.61903953552246,0.21630706745197462,distant_bg_FP
BraTS-GLI-00167-000,89,0,1,16.60096549987793,nan,distant_bg_FP
BraTS-GLI-00167-000,94,0,1,22.413320541381836,nan,distant_bg_FP
BraTS-GLI-00167-000,99,0,1,15.511703491210938,nan,distant_bg_FP
BraTS-GLI-00167-000,100,0,1,17.790733337402344,nan,distant_bg_FP
BraTS-GLI-00171-000,21,0,1,16.11621856689453,nan,distant_bg_FP
BraTS-GLI-00171-000,53,0,1,16.053701400756836,nan,distant_bg_FP
BraTS-GLI-00171-000,63,0,1,17.909725189208984,nan,distant_bg_FP
BraTS-GLI-00171-000,137,0,2,14.922276973724365,0.3784969070663851,distant_bg_FP
BraTS-GLI-00171-000,153,0,1,17.949478149414062,nan,distant_bg_FP
BraTS-GLI-00203-000,1,0,1,17.738523483276367,nan,distant_bg_FP
BraTS-GLI-00203-000,2,0,1,16.157379150390625,nan,distant_bg_FP
BraTS-GLI-00203-000,3,0,1,12.300992012023926,nan,distant_bg_FP
BraTS-GLI-00203-000,13,0,1,15.520689010620117,nan,distant_bg_FP
BraTS-GLI-00203-000,15,0,1,16.2447509765625,nan,distant_bg_FP
BraTS-GLI-00203-000,28,0,1,17.22825813293457,nan,distant_bg_FP
BraTS-GLI-00203-000,33,0,1,16.697904586791992,nan,distant_bg_FP
BraTS-GLI-00203-000,49,0,2,19.5059871673584,0.9599689904637788,distant_bg_FP
BraTS-GLI-00203-000,63,0,1,16.173864364624023,nan,distant_bg_FP
BraTS-GLI-00207-000,1,0,2,18.171751022338867,0.03838397787584141,distant_bg_FP
BraTS-GLI-00207-000,2,0,2,18.192411422729492,0.2297967563737654,distant_bg_FP
BraTS-GLI-00207-000,3,0,1,17.475509643554688,nan,distant_bg_FP
BraTS-GLI-00207-000,4,0,30,16.32264493306478,1.2212402461792962,distant_bg_FP
BraTS-GLI-00207-000,5,0,4,16.935744762420654,0.4066892249283108,distant_bg_FP
BraTS-GLI-00207-000,6,0,1,15.540268898010254,nan,distant_bg_FP
BraTS-GLI-00207-000,8,0,1,17.380455017089844,nan,distant_bg_FP
BraTS-GLI-00207-000,11,0,1,15.790817260742188,nan,distant_bg_FP
BraTS-GLI-00207-000,14,0,16,15.356371581554413,0.9515816017011862,distant_bg_FP
BraTS-GLI-00207-000,19,0,3,13.303735733032227,1.3712655645274985,distant_bg_FP
BraTS-GLI-00207-000,20,0,123,17.601780433964922,1.278492758925618,distant_bg_FP
BraTS-GLI-00207-000,21,0,1,16.041419982910156,nan,distant_bg_FP
BraTS-GLI-00207-000,22,0,1,15.898903846740723,nan,distant_bg_FP
BraTS-GLI-00207-000,24,0,1,15.234208106994629,nan,distant_bg_FP
BraTS-GLI-00207-000,25,0,12,16.783298015594482,0.5198823184979615,distant_bg_FP
BraTS-GLI-00207-000,41,0,1,17.743743896484375,nan,distant_bg_FP
BraTS-GLI-00207-000,51,0,1,16.636333465576172,nan,distant_bg_FP
BraTS-GLI-00207-000,57,0,16,16.944504141807556,0.5031580170713063,distant_bg_FP
BraTS-GLI-00207-000,58,0,141,21.50523756581841,1.853577543624818,distant_bg_FP
BraTS-GLI-00207-000,71,0,18,16.823650148179794,0.4031004149226333,distant_bg_FP
BraTS-GLI-00207-000,77,0,1,16.502527236938477,nan,distant_bg_FP
BraTS-GLI-00207-000,99,0,2,19.319046020507812,0.40629292224671376,distant_bg_FP
BraTS-GLI-00207-000,101,0,1,20.311546325683594,nan,distant_bg_FP
BraTS-GLI-00207-000,113,0,1,18.254854202270508,nan,distant_bg_FP
BraTS-GLI-00207-000,122,0,1,19.6903018951416,nan,distant_bg_FP
BraTS-GLI-00207-000,134,0,2,21.762951850891113,0.9375144982763268,distant_bg_FP
BraTS-GLI-00207-000,145,0,1,20.719928741455078,nan,distant_bg_FP
BraTS-GLI-00207-000,148,0,1,21.733186721801758,nan,distant_bg_FP
BraTS-GLI-00207-000,165,0,1,29.726104736328125,nan,distant_bg_FP
BraTS-GLI-00207-000,179,0,1,21.808549880981445,nan,distant_bg_FP
BraTS-GLI-00207-000,180,0,2,15.284956455230713,0.01684727546156265,distant_bg_FP
BraTS-GLI-00207-000,193,0,1,22.71781349182129,nan,distant_bg_FP
BraTS-GLI-00207-000,198,0,1,22.018083572387695,nan,distant_bg_FP
BraTS-GLI-00207-000,200,0,2,18.626018524169922,0.7949259777925749,distant_bg_FP
BraTS-GLI-00207-000,220,0,1,22.338764190673828,nan,distant_bg_FP
BraTS-GLI-00207-000,225,0,1,22.09697151184082,nan,distant_bg_FP
BraTS-GLI-00207-000,229,0,3,21.011563618977863,1.3343682769056588,distant_bg_FP
BraTS-GLI-00207-000,238,0,1,20.53923225402832,nan,distant_bg_FP
BraTS-GLI-00207-000,251,0,1,22.612245559692383,nan,distant_bg_FP
BraTS-GLI-00207-000,257,0,2,20.675838470458984,0.6531183541180327,distant_bg_FP
BraTS-GLI-00207-000,262,0,3,21.055758158365887,1.3945791677636827,distant_bg_FP
BraTS-GLI-00207-000,263,0,1,23.482290267944336,nan,distant_bg_FP
BraTS-GLI-00207-000,264,0,23,16.641296801359758,1.36732477819063,distant_bg_FP
BraTS-GLI-00207-000,270,0,1,19.614635467529297,nan,distant_bg_FP
BraTS-GLI-00207-000,272,0,1,21.35150909423828,nan,distant_bg_FP
BraTS-GLI-00207-000,276,0,1,22.308626174926758,nan,distant_bg_FP
BraTS-GLI-00207-000,277,0,1,21.76474952697754,nan,distant_bg_FP
BraTS-GLI-00207-000,278,0,1,25.642024993896484,nan,distant_bg_FP
BraTS-GLI-00207-000,286,0,5,20.607380676269532,1.3741889677872554,distant_bg_FP
BraTS-GLI-00207-000,287,0,1,21.39527130126953,nan,distant_bg_FP
BraTS-GLI-00207-000,302,0,2,23.84174633026123,0.7056083764282882,distant_bg_FP
BraTS-GLI-00207-000,312,0,2,23.00026035308838,0.44354264413543,distant_bg_FP
BraTS-GLI-00207-000,323,0,1,21.90610694885254,nan,distant_bg_FP
BraTS-GLI-00207-000,326,0,2,28.139838218688965,0.33120139954140027,distant_bg_FP
BraTS-GLI-00207-000,329,0,16,22.358241856098175,2.9184843336525668,distant_bg_FP
BraTS-GLI-00207-000,346,0,1,23.82590675354004,nan,distant_bg_FP
BraTS-GLI-00207-000,350,0,2,17.45256233215332,0.4290265951587019,distant_bg_FP
BraTS-GLI-00207-000,360,0,1,18.59677505493164,nan,distant_bg_FP
BraTS-GLI-00207-000,364,0,1,26.762191772460938,nan,distant_bg_FP
BraTS-GLI-00207-000,370,0,5,27.31595802307129,1.9240007912516883,distant_bg_FP
BraTS-GLI-00207-000,371,0,1,27.457983016967773,nan,distant_bg_FP
BraTS-GLI-00207-000,376,0,1,29.43522071838379,nan,distant_bg_FP
BraTS-GLI-00207-000,378,0,1,29.09172821044922,nan,distant_bg_FP
BraTS-GLI-00207-000,379,0,1,28.245269775390625,nan,distant_bg_FP
BraTS-GLI-00207-000,381,0,14,27.120373044695175,1.442787543649147,distant_bg_FP
BraTS-GLI-00207-000,382,0,2,27.612342834472656,1.1372123356671284,distant_bg_FP
BraTS-GLI-00207-000,386,0,1,26.596426010131836,nan,distant_bg_FP
BraTS-GLI-00207-000,388,0,1,27.019973754882812,nan,distant_bg_FP
BraTS-GLI-00207-000,390,0,3,23.635091145833332,0.8974545667877807,distant_bg_FP
BraTS-GLI-00236-000,15,0,1,23.22184181213379,nan,distant_bg_FP
BraTS-GLI-00236-000,24,0,1,22.55097007751465,nan,distant_bg_FP
BraTS-GLI-00236-000,52,0,1,22.20090103149414,nan,distant_bg_FP
BraTS-GLI-00237-000,1,0,2,21.16013526916504,1.5316798637460496,distant_bg_FP
BraTS-GLI-00237-000,2,0,237,18.38914936403685,1.9521894817775185,distant_bg_FP
BraTS-GLI-00237-000,6,0,1,18.23506736755371,nan,distant_bg_FP
BraTS-GLI-00237-000,8,0,1,18.885814666748047,nan,distant_bg_FP
BraTS-GLI-00237-000,12,0,1,20.854549407958984,nan,distant_bg_FP
BraTS-GLI-00237-000,15,0,1,20.489463806152344,nan,distant_bg_FP
BraTS-GLI-00237-000,18,0,1,21.14828872680664,nan,distant_bg_FP
BraTS-GLI-00237-000,26,0,1,20.958086013793945,nan,distant_bg_FP
BraTS-GLI-00237-000,28,0,1,20.250944137573242,nan,distant_bg_FP
BraTS-GLI-00237-000,38,0,1,22.182266235351562,nan,distant_bg_FP
BraTS-GLI-00237-000,48,0,1,20.199838638305664,nan,distant_bg_FP
BraTS-GLI-00237-000,51,0,1,18.60402488708496,nan,distant_bg_FP
BraTS-GLI-00237-000,59,0,1,19.954681396484375,nan,distant_bg_FP
BraTS-GLI-00237-000,62,0,1,20.088977813720703,nan,distant_bg_FP
BraTS-GLI-00237-000,76,0,8,17.94983994960785,1.446215976323122,distant_bg_FP
BraTS-GLI-00237-000,101,0,1,16.582847595214844,nan,distant_bg_FP
BraTS-GLI-00237-000,103,0,2,15.887479782104492,0.3215082987334708,distant_bg_FP
BraTS-GLI-00237-000,118,0,2,15.753294467926025,1.2532780129703687,distant_bg_FP
BraTS-GLI-00237-000,122,0,1,26.445377349853516,nan,distant_bg_FP
BraTS-GLI-00239-000,47,0,1,16.920528411865234,nan,distant_bg_FP
BraTS-GLI-00239-000,55,0,2,14.60762071609497,0.20703678382830645,distant_bg_FP
BraTS-GLI-00239-000,56,0,2,15.718563079833984,0.7030660785261111,distant_bg_FP
BraTS-GLI-00239-000,98,0,4,15.925238370895386,0.5777518436751435,distant_bg_FP
BraTS-GLI-00239-000,112,0,1,14.14748477935791,nan,distant_bg_FP
BraTS-GLI-00239-000,116,0,1,17.838943481445312,nan,distant_bg_FP
BraTS-GLI-00239-000,122,0,1,15.438957214355469,nan,distant_bg_FP
BraTS-GLI-00239-000,128,0,1,14.143404960632324,nan,distant_bg_FP
BraTS-GLI-00239-000,164,0,3,16.756566365559895,0.204730354066128,distant_bg_FP
BraTS-GLI-00243-000,1,0,3,15.31633726755778,0.11588668669549487,distant_bg_FP
BraTS-GLI-00243-000,4,0,1,16.805522918701172,nan,distant_bg_FP
BraTS-GLI-00243-000,7,0,2,17.553597450256348,0.27020782907558677,distant_bg_FP
BraTS-GLI-00243-000,9,0,2,16.66562843322754,0.15681594784187747,distant_bg_FP
BraTS-GLI-00243-000,16,0,102,12.712391058603922,2.613343552783563,distant_bg_FP
BraTS-GLI-00243-000,19,0,1,16.490659713745117,nan,distant_bg_FP
BraTS-GLI-00243-000,21,0,1,16.554916381835938,nan,distant_bg_FP
BraTS-GLI-00243-000,25,0,1,16.758346557617188,nan,distant_bg_FP
BraTS-GLI-00243-000,31,0,6,16.636019070943195,0.6628160981925351,distant_bg_FP
BraTS-GLI-00243-000,32,0,1,17.140056610107422,nan,distant_bg_FP
BraTS-GLI-00243-000,33,0,2,16.995391845703125,0.03892076013847616,distant_bg_FP
BraTS-GLI-00243-000,37,0,1,16.946287155151367,nan,distant_bg_FP
BraTS-GLI-00243-000,40,0,1,16.91949462890625,nan,distant_bg_FP
BraTS-GLI-00243-000,43,0,2,16.554800033569336,0.11902270019476474,distant_bg_FP
BraTS-GLI-00243-000,47,0,2,16.98119354248047,0.1563978511046494,distant_bg_FP
BraTS-GLI-00243-000,50,0,1,17.30821990966797,nan,distant_bg_FP
BraTS-GLI-00243-000,56,0,1,17.576580047607422,nan,distant_bg_FP
BraTS-GLI-00243-000,58,0,1,18.373815536499023,nan,distant_bg_FP
BraTS-GLI-00243-000,77,0,2,17.121212005615234,0.1413679477508765,distant_bg_FP
BraTS-GLI-00243-000,98,0,1,15.310548782348633,nan,distant_bg_FP
BraTS-GLI-00258-000,1,0,2,14.58457326889038,0.538003509717198,distant_bg_FP
BraTS-GLI-00258-000,2,0,1,15.272082328796387,nan,distant_bg_FP
BraTS-GLI-00258-000,3,0,1,16.651830673217773,nan,distant_bg_FP
BraTS-GLI-00258-000,4,0,1,16.496410369873047,nan,distant_bg_FP
BraTS-GLI-00258-000,5,0,1,16.134937286376953,nan,distant_bg_FP
BraTS-GLI-00258-000,6,0,3,17.418568929036457,1.1918182679839562,distant_bg_FP
BraTS-GLI-00258-000,7,0,1,17.0729923248291,nan,distant_bg_FP
BraTS-GLI-00258-000,8,0,2,18.11056613922119,0.33336201558346273,distant_bg_FP
BraTS-GLI-00258-000,9,0,2,14.97400426864624,0.876798085486321,distant_bg_FP
BraTS-GLI-00258-000,10,0,1,15.528480529785156,nan,distant_bg_FP
BraTS-GLI-00258-000,11,0,1,14.850393295288086,nan,distant_bg_FP
BraTS-GLI-00258-000,12,0,1,17.136011123657227,nan,distant_bg_FP
BraTS-GLI-00258-000,13,0,1,14.918710708618164,nan,distant_bg_FP
BraTS-GLI-00258-000,14,0,1,15.339237213134766,nan,distant_bg_FP
BraTS-GLI-00258-000,15,0,2,15.925047874450684,0.014978652785983652,distant_bg_FP
BraTS-GLI-00258-000,17,0,1,17.91029167175293,nan,distant_bg_FP
BraTS-GLI-00258-000,18,0,2,15.064210414886475,1.3565465583665495,distant_bg_FP
BraTS-GLI-00258-000,19,0,1,15.323566436767578,nan,distant_bg_FP
BraTS-GLI-00258-000,20,0,1,14.204245567321777,nan,distant_bg_FP
BraTS-GLI-00258-000,21,0,1,15.863297462463379,nan,distant_bg_FP
BraTS-GLI-00258-000,24,0,1,15.642169952392578,nan,distant_bg_FP
BraTS-GLI-00258-000,25,0,1,14.719507217407227,nan,distant_bg_FP
BraTS-GLI-00258-000,28,0,1,15.19839859008789,nan,distant_bg_FP
BraTS-GLI-00258-000,37,0,1,16.711668014526367,nan,distant_bg_FP
BraTS-GLI-00258-000,43,0,6,15.071609814961752,0.30985290021660084,distant_bg_FP
BraTS-GLI-00258-000,46,0,1,12.864496231079102,nan,distant_bg_FP
BraTS-GLI-00274-000,4,0,8,16.867050409317017,0.5516125620691807,distant_bg_FP
BraTS-GLI-00274-000,21,0,1,15.654755592346191,nan,distant_bg_FP
BraTS-GLI-00274-000,33,0,1,15.161792755126953,nan,distant_bg_FP
BraTS-GLI-00274-000,38,0,18,16.13035101360745,1.2517848518555013,distant_bg_FP
BraTS-GLI-00274-000,79,0,1,22.28563690185547,nan,distant_bg_FP
BraTS-GLI-00274-000,80,0,1,22.161800384521484,nan,distant_bg_FP
BraTS-GLI-00274-000,81,0,1,19.60789680480957,nan,distant_bg_FP
BraTS-GLI-00274-000,86,0,1,20.88751220703125,nan,distant_bg_FP
BraTS-GLI-00274-000,87,0,2,22.145309448242188,0.21221241682544423,distant_bg_FP
BraTS-GLI-00274-000,88,0,1,20.72403907775879,nan,distant_bg_FP
BraTS-GLI-00274-000,89,0,5,18.20153465270996,1.8221957713738135,distant_bg_FP
BraTS-GLI-00274-000,91,0,1,21.815649032592773,nan,distant_bg_FP
BraTS-GLI-00274-000,97,0,1,19.49227523803711,nan,distant_bg_FP
BraTS-GLI-00274-000,101,0,2,15.724207878112793,1.2767905596428382,distant_bg_FP
BraTS-GLI-00274-000,104,0,1,20.418533325195312,nan,distant_bg_FP
BraTS-GLI-00274-000,105,0,2,19.844372749328613,1.5241231023954402,distant_bg_FP
BraTS-GLI-00274-000,106,0,1,18.527999877929688,nan,distant_bg_FP
BraTS-GLI-00274-000,107,0,1,27.000391006469727,nan,distant_bg_FP
BraTS-GLI-00274-000,108,0,1,17.325927734375,nan,distant_bg_FP
BraTS-GLI-00274-000,113,0,1,24.26911163330078,nan,distant_bg_FP
BraTS-GLI-00274-000,115,0,1,19.82465362548828,nan,distant_bg_FP
BraTS-GLI-00274-000,117,0,1,22.921218872070312,nan,distant_bg_FP
BraTS-GLI-00274-000,120,0,1,20.790393829345703,nan,distant_bg_FP
BraTS-GLI-00274-000,121,0,1,20.972749710083008,nan,distant_bg_FP
BraTS-GLI-00274-000,122,0,5,18.716176986694336,1.8594958604817131,distant_bg_FP
BraTS-GLI-00274-000,123,0,2,17.171578407287598,0.0440687448029908,distant_bg_FP
BraTS-GLI-00274-000,127,0,1,22.70474624633789,nan,distant_bg_FP
BraTS-GLI-00274-000,131,0,1,19.95388412475586,nan,distant_bg_FP
BraTS-GLI-00274-000,132,0,4,20.960447788238525,1.2601610071909803,distant_bg_FP
BraTS-GLI-00274-000,133,0,1,16.5377140045166,nan,distant_bg_FP
BraTS-GLI-00274-000,134,0,4,17.070346117019653,1.7563174723542467,distant_bg_FP
BraTS-GLI-00274-000,137,0,1,21.29030418395996,nan,distant_bg_FP
BraTS-GLI-00274-000,140,0,1,24.959484100341797,nan,distant_bg_FP
BraTS-GLI-00274-000,141,0,1,22.69501495361328,nan,distant_bg_FP
BraTS-GLI-00274-000,142,0,1,21.522367477416992,nan,distant_bg_FP
BraTS-GLI-00274-000,143,0,3,18.436258951822918,1.6275235258593372,distant_bg_FP
BraTS-GLI-00274-000,147,0,1,17.101455688476562,nan,distant_bg_FP
BraTS-GLI-00274-000,148,0,1,18.577529907226562,nan,distant_bg_FP
BraTS-GLI-00274-000,149,0,2,22.43075656890869,1.0543253318612398,distant_bg_FP
BraTS-GLI-00274-000,153,0,1,26.470844268798828,nan,distant_bg_FP
BraTS-GLI-00274-000,156,0,2,19.190495491027832,1.149815929245826,distant_bg_FP
BraTS-GLI-00274-000,157,0,2,18.622079849243164,2.048922173061569,distant_bg_FP
BraTS-GLI-00274-000,158,0,1,16.509044647216797,nan,distant_bg_FP
BraTS-GLI-00274-000,160,0,2,17.928020477294922,2.2205090740199687,distant_bg_FP
BraTS-GLI-00274-000,162,0,2,19.190970420837402,1.1689323910312153,distant_bg_FP
BraTS-GLI-00274-000,172,0,1,23.33677101135254,nan,distant_bg_FP
BraTS-GLI-00274-000,173,0,1,18.59894561767578,nan,distant_bg_FP
BraTS-GLI-00274-000,177,0,1,22.649654388427734,nan,distant_bg_FP
BraTS-GLI-00274-000,178,0,1,23.101123809814453,nan,distant_bg_FP
BraTS-GLI-00274-000,182,0,1,23.7227783203125,nan,distant_bg_FP
BraTS-GLI-00274-000,183,0,1,18.896133422851562,nan,distant_bg_FP
BraTS-GLI-00274-000,187,0,1,24.117021560668945,nan,distant_bg_FP
BraTS-GLI-00274-000,188,0,2,22.940664291381836,0.3904430098083129,distant_bg_FP
BraTS-GLI-00274-000,201,0,1,20.969202041625977,nan,distant_bg_FP
BraTS-GLI-00274-000,204,0,1,19.815248489379883,nan,distant_bg_FP
BraTS-GLI-00274-000,210,0,1,16.01637840270996,nan,distant_bg_FP
BraTS-GLI-00274-000,212,0,1,18.06459617614746,nan,distant_bg_FP
BraTS-GLI-00274-000,214,0,2,19.72543716430664,0.04354140343442249,distant_bg_FP
BraTS-GLI-00274-000,222,0,7,19.3310181753976,1.061023853999868,distant_bg_FP
BraTS-GLI-00274-000,223,0,1,17.835580825805664,nan,distant_bg_FP
BraTS-GLI-00274-000,224,0,1,20.361051559448242,nan,distant_bg_FP
BraTS-GLI-00290-000,1,0,3,22.184836705525715,0.5593587012935253,distant_bg_FP
BraTS-GLI-00290-000,2,0,1,19.90998077392578,nan,distant_bg_FP
BraTS-GLI-00290-000,3,0,35,19.988251277378627,1.994309891020908,distant_bg_FP
BraTS-GLI-00290-000,4,0,2,20.557355880737305,0.5934060478469504,distant_bg_FP
BraTS-GLI-00290-000,5,0,1,21.87006378173828,nan,distant_bg_FP
BraTS-GLI-00290-000,7,0,28,18.61137512751988,2.1325646745111944,distant_bg_FP
BraTS-GLI-00290-000,9,0,6,17.54346529642741,0.9290247889183658,distant_bg_FP
BraTS-GLI-00290-000,10,0,1,17.28133773803711,nan,distant_bg_FP
BraTS-GLI-00290-000,11,0,12,16.71240695317586,0.4917208953752149,distant_bg_FP
BraTS-GLI-00290-000,12,0,1,18.556995391845703,nan,distant_bg_FP
BraTS-GLI-00290-000,13,0,2,18.474559783935547,0.9856104587482306,distant_bg_FP
BraTS-GLI-00290-000,14,0,1,20.006193161010742,nan,distant_bg_FP
BraTS-GLI-00290-000,15,0,1,18.166902542114258,nan,distant_bg_FP
BraTS-GLI-00290-000,16,0,18,16.954475190904404,1.0939452589703818,distant_bg_FP
BraTS-GLI-00290-000,18,0,248,18.471640986780965,2.1321193600543245,distant_bg_FP
BraTS-GLI-00290-000,19,0,1,16.745948791503906,nan,distant_bg_FP
BraTS-GLI-00290-000,20,0,1,19.334741592407227,nan,distant_bg_FP
BraTS-GLI-00290-000,21,0,13,18.47733050126296,1.7746911021284346,distant_bg_FP
BraTS-GLI-00290-000,22,0,2,20.305028915405273,1.6266822320374854,distant_bg_FP
BraTS-GLI-00290-000,23,0,1,16.338451385498047,nan,distant_bg_FP
BraTS-GLI-00290-000,25,0,62,17.687300528249434,0.6736811009031121,distant_bg_FP
BraTS-GLI-00290-000,30,0,10,15.672661113739014,0.5910550697741406,distant_bg_FP
BraTS-GLI-00290-000,31,0,1,16.980619430541992,nan,distant_bg_FP
BraTS-GLI-00290-000,32,0,1,17.6744327545166,nan,distant_bg_FP
BraTS-GLI-00290-000,33,0,1,20.936220169067383,nan,distant_bg_FP
BraTS-GLI-00290-000,34,0,8,16.812458992004395,0.3378795200255269,distant_bg_FP
BraTS-GLI-00290-000,35,0,1,17.546138763427734,nan,distant_bg_FP
BraTS-GLI-00290-000,37,0,13,16.358220393841084,0.6574760033471408,distant_bg_FP
BraTS-GLI-00290-000,38,0,37,18.394045082298486,0.9634489523462668,distant_bg_FP
BraTS-GLI-00290-000,40,0,1,17.213762283325195,nan,distant_bg_FP
BraTS-GLI-00290-000,41,0,35,17.395327159336635,1.723185482389139,distant_bg_FP
BraTS-GLI-00290-000,43,0,6,17.28405221303304,0.8407583335616884,distant_bg_FP
BraTS-GLI-00290-000,47,0,5,18.31612777709961,0.5417656031467064,distant_bg_FP
BraTS-GLI-00290-000,51,0,1,18.87834358215332,nan,distant_bg_FP
BraTS-GLI-00290-000,52,0,4,19.02238702774048,0.6225215936465007,distant_bg_FP
BraTS-GLI-00290-000,53,0,8,18.718355894088745,0.9031118757486828,distant_bg_FP
BraTS-GLI-00290-000,59,0,2,16.66225814819336,0.5790208226880001,distant_bg_FP
BraTS-GLI-00290-000,61,0,6,16.21908696492513,0.5248969116580198,distant_bg_FP
BraTS-GLI-00290-000,63,0,30,16.96836264928182,0.9167540849347081,distant_bg_FP
BraTS-GLI-00290-000,64,0,12,16.331026713053387,0.6741736270290339,distant_bg_FP
BraTS-GLI-00290-000,65,0,2,18.8647403717041,0.8747392962302608,distant_bg_FP
BraTS-GLI-00290-000,67,0,1,18.90152359008789,nan,distant_bg_FP
BraTS-GLI-00290-000,68,0,85,16.243869972229003,1.259811235789289,distant_bg_FP
BraTS-GLI-00290-000,76,0,6,16.069854736328125,0.5003895212603363,distant_bg_FP
BraTS-GLI-00290-000,77,0,10,15.950202083587646,1.2141021746527474,distant_bg_FP
BraTS-GLI-00290-000,78,0,2,15.818546295166016,0.30111596754995984,distant_bg_FP
BraTS-GLI-00290-000,79,0,1,15.538674354553223,nan,distant_bg_FP
BraTS-GLI-00290-000,80,0,8,16.05608320236206,1.081157790762747,distant_bg_FP
BraTS-GLI-00290-000,83,0,1,18.627849578857422,nan,distant_bg_FP
BraTS-GLI-00290-000,84,0,24,15.677573323249817,2.251437933001897,distant_bg_FP
BraTS-GLI-00290-000,86,0,9,16.342927932739258,0.6959871230111904,distant_bg_FP
BraTS-GLI-00290-000,87,0,1,16.97020149230957,nan,distant_bg_FP
BraTS-GLI-00290-000,88,0,1,16.331787109375,nan,distant_bg_FP
BraTS-GLI-00290-000,89,0,1,18.265487670898438,nan,distant_bg_FP
BraTS-GLI-00290-000,93,0,1,17.34654998779297,nan,distant_bg_FP
BraTS-GLI-00290-000,97,0,1,17.214488983154297,nan,distant_bg_FP
BraTS-GLI-00290-000,98,0,1,17.29869842529297,nan,distant_bg_FP
BraTS-GLI-00290-000,101,0,4,17.558571815490723,0.8099206436260217,distant_bg_FP
BraTS-GLI-00290-000,103,0,1,14.908846855163574,nan,distant_bg_FP
BraTS-GLI-00290-000,104,0,1,15.61464786529541,nan,distant_bg_FP
BraTS-GLI-00290-000,109,0,11,15.513793511824174,0.42560673092268475,distant_bg_FP
BraTS-GLI-00290-000,110,0,1,15.628917694091797,nan,distant_bg_FP
BraTS-GLI-00290-000,115,0,3,14.705011049906412,0.3474932174859587,distant_bg_FP
BraTS-GLI-00290-000,116,0,2,14.98644495010376,0.08148368233786973,distant_bg_FP
BraTS-GLI-00290-000,117,0,1,15.536879539489746,nan,distant_bg_FP
BraTS-GLI-00290-000,120,0,1,15.829870223999023,nan,distant_bg_FP
BraTS-GLI-00290-000,121,0,9,16.368091265360516,1.0157858841192036,distant_bg_FP
BraTS-GLI-00293-000,2,0,5,19.148215103149415,0.45740708783060197,distant_bg_FP
BraTS-GLI-00293-000,3,0,1,15.597542762756348,nan,distant_bg_FP
BraTS-GLI-00293-000,7,0,1,18.638944625854492,nan,distant_bg_FP
BraTS-GLI-00293-000,8,0,1,16.099102020263672,nan,distant_bg_FP
BraTS-GLI-00293-000,10,0,2,20.96098804473877,0.3247573149914786,distant_bg_FP
BraTS-GLI-00293-000,11,0,27,22.18658941763419,1.3051960854063407,distant_bg_FP
BraTS-GLI-00293-000,14,0,1,12.11581039428711,nan,distant_bg_FP
BraTS-GLI-00293-000,23,0,6,15.037815570831299,1.1044525754904995,distant_bg_FP
BraTS-GLI-00293-000,24,0,6,18.420459111531574,0.4444738072474944,distant_bg_FP
BraTS-GLI-00293-000,25,0,1,16.860260009765625,nan,distant_bg_FP
BraTS-GLI-00293-000,26,0,1,14.812774658203125,nan,distant_bg_FP
BraTS-GLI-00293-000,27,0,1,17.732330322265625,nan,distant_bg_FP
BraTS-GLI-00293-000,31,0,3,17.046944936116535,0.7957465330688173,distant_bg_FP
BraTS-GLI-00293-000,33,0,24,17.092171271642048,1.366048368976908,distant_bg_FP
BraTS-GLI-00293-000,39,0,1,18.94960594177246,nan,distant_bg_FP
BraTS-GLI-00293-000,42,0,1,17.89451789855957,nan,distant_bg_FP
BraTS-GLI-00293-000,45,0,3,15.14622942606608,0.9239516791021288,distant_bg_FP
BraTS-GLI-00293-000,58,0,42,16.97965587888445,1.088633050804238,distant_bg_FP
BraTS-GLI-00293-000,62,0,2,19.2719144821167,1.2368528803434913,distant_bg_FP
BraTS-GLI-00293-000,64,0,4,19.460703372955322,1.2632818743795557,distant_bg_FP
BraTS-GLI-00293-000,72,0,2,17.835803031921387,0.5335575229614808,distant_bg_FP
BraTS-GLI-00293-000,74,0,2,17.38954257965088,0.05001920546315286,distant_bg_FP
BraTS-GLI-00293-000,78,0,1,18.695999145507812,nan,distant_bg_FP
BraTS-GLI-00293-000,79,0,5,14.873594284057617,1.2506705400372986,distant_bg_FP
BraTS-GLI-00293-000,83,0,2,14.730521202087402,0.4693297719283354,distant_bg_FP
BraTS-GLI-00310-000,15,0,1,16.224227905273438,nan,distant_bg_FP
BraTS-GLI-00310-000,39,0,1,14.093667984008789,nan,distant_bg_FP
BraTS-GLI-00310-000,48,0,1,13.814262390136719,nan,distant_bg_FP
BraTS-GLI-00310-000,51,0,1,20.35573959350586,nan,distant_bg_FP
BraTS-GLI-00310-000,52,0,1,20.280332565307617,nan,distant_bg_FP
BraTS-GLI-00310-000,56,0,2,18.59522819519043,0.10107690927361415,distant_bg_FP
BraTS-GLI-00310-000,58,0,2,18.902040481567383,0.21861334300249075,distant_bg_FP
BraTS-GLI-00310-000,59,0,2,17.963562965393066,0.8400655897225304,distant_bg_FP
BraTS-GLI-00310-000,65,0,1,17.10455322265625,nan,distant_bg_FP
BraTS-GLI-00310-000,69,0,2,20.832246780395508,1.0989794120963499,distant_bg_FP
BraTS-GLI-00310-000,70,0,1,22.84435272216797,nan,distant_bg_FP
BraTS-GLI-00310-000,72,0,1,19.145977020263672,nan,distant_bg_FP
BraTS-GLI-00310-000,75,0,1,24.4599552154541,nan,distant_bg_FP
BraTS-GLI-00310-000,76,0,10,19.708760261535645,1.3712969970808295,distant_bg_FP
BraTS-GLI-00310-000,77,0,1,19.73731231689453,nan,distant_bg_FP
BraTS-GLI-00310-000,79,0,1,17.71994400024414,nan,distant_bg_FP
BraTS-GLI-00310-000,81,0,1,18.335205078125,nan,distant_bg_FP
BraTS-GLI-00310-000,85,0,1,21.92197608947754,nan,distant_bg_FP
BraTS-GLI-00310-000,86,0,2,17.77188777923584,1.0135217877060851,distant_bg_FP
BraTS-GLI-00310-000,88,0,1,20.618247985839844,nan,distant_bg_FP
BraTS-GLI-00310-000,89,0,1,23.807830810546875,nan,distant_bg_FP
BraTS-GLI-00310-000,90,0,1,17.759807586669922,nan,distant_bg_FP
BraTS-GLI-00310-000,91,0,1,17.383968353271484,nan,distant_bg_FP
BraTS-GLI-00310-000,102,0,1,23.749160766601562,nan,distant_bg_FP
BraTS-GLI-00310-000,103,0,1,23.57402992248535,nan,distant_bg_FP
BraTS-GLI-00310-000,106,0,1,22.744068145751953,nan,distant_bg_FP
BraTS-GLI-00310-000,107,0,2,21.6408748626709,0.3738728920225579,distant_bg_FP
BraTS-GLI-00310-000,108,0,2,25.65307331085205,0.8020835241940889,distant_bg_FP
BraTS-GLI-00310-000,109,0,1,23.263931274414062,nan,distant_bg_FP
BraTS-GLI-00310-000,110,0,5,22.205839157104492,0.6445356009197744,distant_bg_FP
BraTS-GLI-00310-000,112,0,1,25.326129913330078,nan,distant_bg_FP
BraTS-GLI-00310-000,114,0,1,22.259370803833008,nan,distant_bg_FP
BraTS-GLI-00310-000,117,0,1,22.599353790283203,nan,distant_bg_FP
BraTS-GLI-00310-000,121,0,1,24.53603172302246,nan,distant_bg_FP
BraTS-GLI-00310-000,122,0,2,22.496623039245605,1.7910738230181051,distant_bg_FP
BraTS-GLI-00310-000,125,0,1,22.996042251586914,nan,distant_bg_FP
BraTS-GLI-00310-000,131,0,1,27.068334579467773,nan,distant_bg_FP
BraTS-GLI-00310-000,145,0,1,21.592126846313477,nan,distant_bg_FP
BraTS-GLI-00310-000,155,0,1,17.624570846557617,nan,distant_bg_FP
BraTS-GLI-00310-000,158,0,1,20.92827606201172,nan,distant_bg_FP
BraTS-GLI-00310-000,159,0,1,21.463760375976562,nan,distant_bg_FP
BraTS-GLI-00312-000,2,0,1,19.376237869262695,nan,distant_bg_FP
BraTS-GLI-00312-000,9,0,1,18.954833984375,nan,distant_bg_FP
BraTS-GLI-00312-000,11,0,1,17.893266677856445,nan,distant_bg_FP
BraTS-GLI-00312-000,17,0,2,19.166963577270508,0.9436200593390089,distant_bg_FP
BraTS-GLI-00312-000,20,0,1,22.311363220214844,nan,distant_bg_FP
BraTS-GLI-00312-000,21,0,1,15.261037826538086,nan,distant_bg_FP
BraTS-GLI-00312-000,33,0,2,23.282328605651855,1.7383315939663604,distant_bg_FP
BraTS-GLI-00312-000,34,0,1,22.016407012939453,nan,distant_bg_FP
BraTS-GLI-00312-000,40,0,1,24.56208038330078,nan,distant_bg_FP
BraTS-GLI-00312-000,41,0,2,21.631953239440918,0.11084283983577044,distant_bg_FP
BraTS-GLI-00312-000,42,0,1,22.34955596923828,nan,distant_bg_FP
BraTS-GLI-00312-000,45,0,1,21.93157958984375,nan,distant_bg_FP
BraTS-GLI-00312-000,50,0,1,23.123767852783203,nan,distant_bg_FP
BraTS-GLI-00312-000,51,0,2,21.990907669067383,1.1807402521100274,distant_bg_FP
BraTS-GLI-00312-000,54,0,1,23.195728302001953,nan,distant_bg_FP
BraTS-GLI-00312-000,57,0,1,24.27777862548828,nan,distant_bg_FP
BraTS-GLI-00312-000,62,0,1,22.094852447509766,nan,distant_bg_FP
BraTS-GLI-00312-000,70,0,1,18.5611629486084,nan,distant_bg_FP
BraTS-GLI-00312-000,80,0,1,18.208545684814453,nan,distant_bg_FP
BraTS-GLI-00312-000,97,0,1,21.526548385620117,nan,distant_bg_FP
BraTS-GLI-00312-000,101,0,2,20.060362815856934,0.2012515388143071,distant_bg_FP
BraTS-GLI-00312-000,112,0,1,18.633882522583008,nan,distant_bg_FP
BraTS-GLI-00312-000,113,0,1,16.8241024017334,nan,distant_bg_FP
BraTS-GLI-00312-000,121,0,1,19.835643768310547,nan,distant_bg_FP
BraTS-GLI-00312-000,122,0,1,19.147838592529297,nan,distant_bg_FP
BraTS-GLI-00312-000,130,0,4,17.584420680999756,1.0963540324950505,distant_bg_FP
BraTS-GLI-00312-000,132,0,1,19.86250114440918,nan,distant_bg_FP
BraTS-GLI-00312-000,141,0,1,20.760974884033203,nan,distant_bg_FP
BraTS-GLI-00312-000,151,0,1,19.32969093322754,nan,distant_bg_FP
BraTS-GLI-00312-000,153,0,1,15.060107231140137,nan,distant_bg_FP
BraTS-GLI-00312-000,154,0,1,15.387771606445312,nan,distant_bg_FP
BraTS-GLI-00312-000,155,0,1,20.885623931884766,nan,distant_bg_FP
BraTS-GLI-00312-000,158,0,1,20.367029190063477,nan,distant_bg_FP
BraTS-GLI-00312-000,160,0,2,21.145224571228027,1.4029883393280975,distant_bg_FP
BraTS-GLI-00312-000,161,0,2,17.727338790893555,0.14799815278382225,distant_bg_FP
BraTS-GLI-00312-000,164,0,1,17.468515396118164,nan,distant_bg_FP
BraTS-GLI-00312-000,165,0,1,19.18239974975586,nan,distant_bg_FP
BraTS-GLI-00312-000,167,0,1,19.05965232849121,nan,distant_bg_FP
BraTS-GLI-00312-000,169,0,1,15.994762420654297,nan,distant_bg_FP
BraTS-GLI-00312-000,170,0,1,18.58330726623535,nan,distant_bg_FP
BraTS-GLI-00312-000,174,0,1,20.986879348754883,nan,distant_bg_FP
BraTS-GLI-00312-000,175,0,1,21.31791114807129,nan,distant_bg_FP
BraTS-GLI-00312-000,177,0,1,18.82815170288086,nan,distant_bg_FP
BraTS-GLI-00312-000,179,0,1,16.054323196411133,nan,distant_bg_FP
BraTS-GLI-00312-000,180,0,1,17.214216232299805,nan,distant_bg_FP
BraTS-GLI-00312-000,183,0,1,18.932941436767578,nan,distant_bg_FP
BraTS-GLI-00312-000,184,0,3,16.88579559326172,1.129169581791456,distant_bg_FP
BraTS-GLI-00312-000,188,0,1,22.53019905090332,nan,distant_bg_FP
BraTS-GLI-00312-000,191,0,1,19.943113327026367,nan,distant_bg_FP
BraTS-GLI-00312-000,195,0,1,16.299190521240234,nan,distant_bg_FP
BraTS-GLI-00312-000,203,0,1,18.906709671020508,nan,distant_bg_FP
BraTS-GLI-00312-000,204,0,1,18.439834594726562,nan,distant_bg_FP
BraTS-GLI-00312-000,205,0,1,17.90363121032715,nan,distant_bg_FP
BraTS-GLI-00312-000,207,0,1,17.907058715820312,nan,distant_bg_FP
BraTS-GLI-00312-000,209,0,1,17.681758880615234,nan,distant_bg_FP
BraTS-GLI-00312-000,210,0,1,17.977924346923828,nan,distant_bg_FP
BraTS-GLI-00312-000,211,0,1,18.227577209472656,nan,distant_bg_FP
BraTS-GLI-00312-000,212,0,2,16.9871244430542,0.48876992151028825,distant_bg_FP
BraTS-GLI-00312-000,213,0,1,17.742008209228516,nan,distant_bg_FP
BraTS-GLI-00314-000,29,0,1,16.916675567626953,nan,distant_bg_FP
BraTS-GLI-00314-000,32,0,1,17.340192794799805,nan,distant_bg_FP
BraTS-GLI-00314-000,33,0,2,16.35347270965576,0.37151131980679547,distant_bg_FP
BraTS-GLI-00314-000,44,0,1,12.378578186035156,nan,distant_bg_FP
BraTS-GLI-00328-000,1,0,5,17.355935668945314,1.0145855056736306,distant_bg_FP
BraTS-GLI-00328-000,2,0,11,16.813527020541105,1.561252382227729,distant_bg_FP
BraTS-GLI-00328-000,3,0,4,17.734707355499268,0.729836234928414,distant_bg_FP
BraTS-GLI-00328-000,28,0,3,21.23269208272298,0.6931765077144906,distant_bg_FP
BraTS-GLI-00328-000,35,0,1,21.538448333740234,nan,distant_bg_FP
BraTS-GLI-00328-000,36,0,1,22.982044219970703,nan,distant_bg_FP
BraTS-GLI-00328-000,40,0,2,19.343170166015625,0.1360432834974042,distant_bg_FP
BraTS-GLI-00328-000,41,0,1,20.523603439331055,nan,distant_bg_FP
BraTS-GLI-00328-000,42,0,1,19.76546859741211,nan,distant_bg_FP
BraTS-GLI-00328-000,43,0,1,20.90430450439453,nan,distant_bg_FP
BraTS-GLI-00328-000,47,0,1,20.07579231262207,nan,distant_bg_FP
BraTS-GLI-00328-000,48,0,4,20.51384401321411,0.885353958158404,distant_bg_FP
BraTS-GLI-00328-000,49,0,1,19.588685989379883,nan,distant_bg_FP
BraTS-GLI-00328-000,50,0,1,21.002994537353516,nan,distant_bg_FP
BraTS-GLI-00328-000,57,0,1,18.93557357788086,nan,distant_bg_FP
BraTS-GLI-00328-000,58,0,1,20.003049850463867,nan,distant_bg_FP
BraTS-GLI-00328-000,63,0,1,18.720605850219727,nan,distant_bg_FP
BraTS-GLI-00328-000,64,0,1,20.492677688598633,nan,distant_bg_FP
BraTS-GLI-00328-000,65,0,2,20.23289966583252,0.881084925742061,distant_bg_FP
BraTS-GLI-00328-000,67,0,1,21.49675750732422,nan,distant_bg_FP
BraTS-GLI-00328-000,68,0,1,20.640586853027344,nan,distant_bg_FP
BraTS-GLI-00328-000,69,0,2,19.397557258605957,0.7219815841378003,distant_bg_FP
BraTS-GLI-00328-000,72,0,1,21.394893646240234,nan,distant_bg_FP
BraTS-GLI-00328-000,73,0,1,20.820703506469727,nan,distant_bg_FP
BraTS-GLI-00328-000,83,0,1,26.35858917236328,nan,distant_bg_FP
BraTS-GLI-00328-000,90,0,1,20.677675247192383,nan,distant_bg_FP
BraTS-GLI-00328-000,98,0,1,19.111665725708008,nan,distant_bg_FP
BraTS-GLI-00328-000,99,0,1,19.201772689819336,nan,distant_bg_FP
BraTS-GLI-00328-000,110,0,1,22.00959014892578,nan,distant_bg_FP
BraTS-GLI-00328-000,112,0,1,22.148332595825195,nan,distant_bg_FP
BraTS-GLI-00328-000,113,0,1,22.28840446472168,nan,distant_bg_FP
BraTS-GLI-00328-000,117,0,1,23.37430763244629,nan,distant_bg_FP
BraTS-GLI-00328-000,118,0,1,19.32802391052246,nan,distant_bg_FP
BraTS-GLI-00328-000,120,0,1,23.519813537597656,nan,distant_bg_FP
BraTS-GLI-00328-000,125,0,1,23.533246994018555,nan,distant_bg_FP
BraTS-GLI-00328-000,127,0,1,21.26071548461914,nan,distant_bg_FP
BraTS-GLI-00328-000,128,0,1,21.707752227783203,nan,distant_bg_FP
BraTS-GLI-00328-000,132,0,1,20.00629234313965,nan,distant_bg_FP
BraTS-GLI-00328-000,144,0,2,16.796708583831787,1.1956872104659308,distant_bg_FP
BraTS-GLI-00328-000,149,0,210,17.524346129099527,2.973375869011695,distant_bg_FP
BraTS-GLI-00328-000,179,0,3,20.154523213704426,0.2839865434820079,distant_bg_FP
BraTS-GLI-00328-000,180,0,1,17.131723403930664,nan,distant_bg_FP
BraTS-GLI-00328-000,181,0,1,13.706255912780762,nan,distant_bg_FP
BraTS-GLI-00328-000,186,0,1,24.834318161010742,nan,distant_bg_FP
BraTS-GLI-00328-000,187,0,1,20.99557876586914,nan,distant_bg_FP
BraTS-GLI-00328-000,188,0,1,16.124305725097656,nan,distant_bg_FP
BraTS-GLI-00328-000,189,0,1,14.358819007873535,nan,distant_bg_FP
BraTS-GLI-00328-000,194,0,1,22.26291847229004,nan,distant_bg_FP
BraTS-GLI-00328-000,195,0,1,13.60719108581543,nan,distant_bg_FP
BraTS-GLI-00328-000,197,0,1,20.905357360839844,nan,distant_bg_FP
BraTS-GLI-00328-000,206,0,1,15.368361473083496,nan,distant_bg_FP
BraTS-GLI-00352-000,1,0,1,17.41749382019043,nan,distant_bg_FP
BraTS-GLI-00352-000,12,0,2,19.06042766571045,1.3705629143073323,distant_bg_FP
BraTS-GLI-00352-000,17,0,1,18.91231918334961,nan,distant_bg_FP
BraTS-GLI-00352-000,150,0,1,12.874975204467773,nan,distant_bg_FP
BraTS-GLI-00353-000,1,0,1,17.949779510498047,nan,distant_bg_FP
BraTS-GLI-00353-000,2,0,1,14.765939712524414,nan,distant_bg_FP
BraTS-GLI-00353-000,3,0,1,17.748655319213867,nan,distant_bg_FP
BraTS-GLI-00353-000,4,0,1,15.717881202697754,nan,distant_bg_FP
BraTS-GLI-00353-000,5,0,2,16.426233291625977,0.1439008047589872,distant_bg_FP
BraTS-GLI-00353-000,6,0,1,16.879823684692383,nan,distant_bg_FP
BraTS-GLI-00353-000,7,0,3,16.511868794759113,0.24030605137338634,distant_bg_FP
BraTS-GLI-00353-000,8,0,2,17.51922607421875,0.7072254667119542,distant_bg_FP
BraTS-GLI-00353-000,9,0,3,20.725133260091145,1.0252137725197703,distant_bg_FP
BraTS-GLI-00353-000,10,0,1,19.103424072265625,nan,distant_bg_FP
BraTS-GLI-00353-000,11,0,2,17.762004852294922,0.0935673523933371,distant_bg_FP
BraTS-GLI-00353-000,12,0,1,15.147516250610352,nan,distant_bg_FP
BraTS-GLI-00353-000,13,0,2,16.82472324371338,0.5583601003731717,distant_bg_FP
BraTS-GLI-00353-000,14,0,1,16.18225860595703,nan,distant_bg_FP
BraTS-GLI-00353-000,15,0,1,17.397573471069336,nan,distant_bg_FP
BraTS-GLI-00353-000,16,0,2,17.88804340362549,0.06809986629953832,distant_bg_FP
BraTS-GLI-00353-000,17,0,1,24.684593200683594,nan,distant_bg_FP
BraTS-GLI-00353-000,18,0,1,26.04599380493164,nan,distant_bg_FP
BraTS-GLI-00353-000,19,0,1,25.62523078918457,nan,distant_bg_FP
BraTS-GLI-00353-000,20,0,1,26.44908905029297,nan,distant_bg_FP
BraTS-GLI-00353-000,34,0,1,21.1972599029541,nan,distant_bg_FP
BraTS-GLI-00353-000,43,0,1,18.713634490966797,nan,distant_bg_FP
BraTS-GLI-00353-000,51,0,2,20.34751319885254,0.7541278284340295,distant_bg_FP
BraTS-GLI-00353-000,55,0,1,18.21723747253418,nan,distant_bg_FP
BraTS-GLI-00353-000,58,0,3,18.396725336710613,1.2032006276447247,distant_bg_FP
BraTS-GLI-00353-000,63,0,1,19.136444091796875,nan,distant_bg_FP
BraTS-GLI-00353-000,65,0,1,22.827917098999023,nan,distant_bg_FP
BraTS-GLI-00353-000,68,0,1,16.28900718688965,nan,distant_bg_FP
BraTS-GLI-00353-000,71,0,1,16.657878875732422,nan,distant_bg_FP
BraTS-GLI-00353-000,73,0,1,20.14806365966797,nan,distant_bg_FP
BraTS-GLI-00353-000,120,0,8,23.08545756340027,1.4529524806531553,distant_bg_FP
BraTS-GLI-00353-000,136,0,2,20.036022186279297,0.7134294828127578,distant_bg_FP
BraTS-GLI-00353-000,144,0,2,19.236614227294922,0.0003884253558763994,distant_bg_FP
BraTS-GLI-00353-000,152,0,1,19.74088478088379,nan,distant_bg_FP
BraTS-GLI-00379-000,37,0,1,21.121585845947266,nan,distant_bg_FP
BraTS-GLI-00379-000,41,0,1,14.508108139038086,nan,distant_bg_FP
BraTS-GLI-00379-000,58,0,1,14.094098091125488,nan,distant_bg_FP
BraTS-GLI-00379-000,59,0,1,14.353489875793457,nan,distant_bg_FP
BraTS-GLI-00382-000,33,0,1,15.615111351013184,nan,distant_bg_FP
BraTS-GLI-00382-000,38,0,4,16.006680011749268,0.8870268965031667,distant_bg_FP
BraTS-GLI-00382-000,40,0,3,18.091902414957683,0.33436553534876406,distant_bg_FP
BraTS-GLI-00382-000,46,0,1,17.05890655517578,nan,distant_bg_FP
BraTS-GLI-00382-000,50,0,8,16.433127641677856,0.6788735088930593,distant_bg_FP
BraTS-GLI-00382-000,77,0,3,20.896883646647137,0.28737863386108914,distant_bg_FP
BraTS-GLI-00382-000,84,0,1,12.557891845703125,nan,distant_bg_FP
BraTS-GLI-00382-000,85,0,1,20.87588119506836,nan,distant_bg_FP
BraTS-GLI-00382-000,86,0,1,21.57216453552246,nan,distant_bg_FP
BraTS-GLI-00382-000,92,0,1,20.746213912963867,nan,distant_bg_FP
BraTS-GLI-00382-000,98,0,1,22.010622024536133,nan,distant_bg_FP
BraTS-GLI-00382-000,100,0,1,20.015256881713867,nan,distant_bg_FP
BraTS-GLI-00382-000,101,0,1,19.27498435974121,nan,distant_bg_FP
BraTS-GLI-00382-000,106,0,1,22.489925384521484,nan,distant_bg_FP
BraTS-GLI-00382-000,116,0,1,21.467256546020508,nan,distant_bg_FP
BraTS-GLI-00382-000,123,0,2,21.540327072143555,0.7917808113692979,distant_bg_FP
BraTS-GLI-00382-000,140,0,1,22.443788528442383,nan,distant_bg_FP
BraTS-GLI-00382-000,147,0,1,21.7838077545166,nan,distant_bg_FP
BraTS-GLI-00382-000,151,0,1,20.893798828125,nan,distant_bg_FP
BraTS-GLI-00382-000,157,0,2,20.627745628356934,0.7329707848311368,distant_bg_FP
BraTS-GLI-00382-000,163,0,1,14.383915901184082,nan,distant_bg_FP
BraTS-GLI-00382-000,184,0,2,22.16307830810547,0.5631061726902865,distant_bg_FP
BraTS-GLI-00382-000,192,0,3,18.615140914916992,0.1961639801732843,distant_bg_FP
BraTS-GLI-00382-000,194,0,7,19.699944359915598,2.455828415186542,distant_bg_FP
BraTS-GLI-00388-000,10,0,7,17.700519970485143,1.6382108210004065,distant_bg_FP
BraTS-GLI-00388-000,12,0,1,19.698713302612305,nan,distant_bg_FP
BraTS-GLI-00388-000,16,0,4,19.276256561279297,0.4357371168454577,distant_bg_FP
BraTS-GLI-00388-000,22,0,5,18.758216094970702,1.0315830149279153,distant_bg_FP
BraTS-GLI-00388-000,23,0,3,17.183422088623047,0.6254639949829025,distant_bg_FP
BraTS-GLI-00388-000,24,0,3,18.49587059020996,0.7814281079829632,distant_bg_FP
BraTS-GLI-00388-000,25,0,1,20.330463409423828,nan,distant_bg_FP
BraTS-GLI-00388-000,33,0,1,19.38683319091797,nan,distant_bg_FP
BraTS-GLI-00388-000,41,0,7,18.47937774658203,1.3931170031101479,distant_bg_FP
BraTS-GLI-00388-000,47,0,6,18.156537691752117,0.9869676517006227,distant_bg_FP
BraTS-GLI-00388-000,48,0,1,16.383325576782227,nan,distant_bg_FP
BraTS-GLI-00388-000,54,0,1,14.342113494873047,nan,distant_bg_FP
BraTS-GLI-00388-000,56,0,3,15.901111602783203,1.3427377378787213,distant_bg_FP
BraTS-GLI-00388-000,57,0,1,18.0026912689209,nan,distant_bg_FP
BraTS-GLI-00388-000,163,0,15,17.723883946736652,1.57463141877177,distant_bg_FP
BraTS-GLI-00388-000,166,0,1,21.66172218322754,nan,distant_bg_FP
BraTS-GLI-00388-000,181,0,2,20.88712787628174,0.25343270901867476,distant_bg_FP
BraTS-GLI-00388-000,192,0,6,27.185146967569988,1.3426831691926997,distant_bg_FP
BraTS-GLI-00388-000,208,0,5,18.603669357299804,0.7625595373523808,distant_bg_FP
BraTS-GLI-00388-000,235,0,1,24.561037063598633,nan,distant_bg_FP
BraTS-GLI-00388-000,239,0,1,21.580543518066406,nan,distant_bg_FP
BraTS-GLI-00388-000,240,0,2,22.270296096801758,0.502201616368528,distant_bg_FP
BraTS-GLI-00388-000,259,0,1,15.173449516296387,nan,distant_bg_FP
BraTS-GLI-00391-000,37,0,1,9.013763427734375,nan,distant_bg_FP
BraTS-GLI-00391-000,44,0,15,14.392691612243652,0.5617061240824519,distant_bg_FP
BraTS-GLI-00391-000,69,0,1,15.59622859954834,nan,distant_bg_FP
BraTS-GLI-00391-000,79,0,1,23.614543914794922,nan,distant_bg_FP
BraTS-GLI-00391-000,80,0,1,21.589231491088867,nan,distant_bg_FP
BraTS-GLI-00400-000,13,0,2,15.727465629577637,0.1652709428279509,distant_bg_FP
BraTS-GLI-00400-000,17,0,1,15.99337100982666,nan,distant_bg_FP
BraTS-GLI-00400-000,20,0,1,15.746728897094727,nan,distant_bg_FP
BraTS-GLI-00400-000,21,0,1,16.83260154724121,nan,distant_bg_FP
BraTS-GLI-00400-000,26,0,8,17.396565914154053,0.4345365575197105,distant_bg_FP
BraTS-GLI-00400-000,28,0,3,23.17095692952474,0.2284629065096209,distant_bg_FP
BraTS-GLI-00400-000,29,0,8,16.69447350502014,0.6738169944983956,distant_bg_FP
BraTS-GLI-00400-000,37,0,20,21.39807348251343,2.490043439621098,distant_bg_FP
BraTS-GLI-00400-000,43,0,1,21.92215919494629,nan,distant_bg_FP
BraTS-GLI-00400-000,48,0,2,18.701374053955078,0.01547497407404794,distant_bg_FP
BraTS-GLI-00400-000,52,0,1,13.908707618713379,nan,distant_bg_FP
BraTS-GLI-00400-000,58,0,4,14.37610650062561,1.2993270437972557,distant_bg_FP
BraTS-GLI-00400-000,62,0,2,13.993579387664795,0.03386111526844035,distant_bg_FP
BraTS-GLI-00400-000,69,0,12,16.493629058202107,0.8030265809300836,distant_bg_FP
BraTS-GLI-00400-000,70,0,1,16.39924430847168,nan,distant_bg_FP
BraTS-GLI-00400-000,72,0,1,14.368339538574219,nan,distant_bg_FP
BraTS-GLI-00400-000,77,0,1,14.030497550964355,nan,distant_bg_FP
BraTS-GLI-00400-000,80,0,7,22.064914430890763,0.40933599145936556,distant_bg_FP
BraTS-GLI-00400-000,115,0,2,15.287213802337646,0.1944723025250268,distant_bg_FP
BraTS-GLI-00400-000,122,0,1,20.32295799255371,nan,distant_bg_FP
BraTS-GLI-00400-000,166,0,4,15.470850944519043,0.47616346930877557,distant_bg_FP
BraTS-GLI-00400-000,171,0,1,21.749134063720703,nan,distant_bg_FP
BraTS-GLI-00400-000,181,0,1,20.261987686157227,nan,distant_bg_FP
BraTS-GLI-00400-000,182,0,2,20.983115196228027,1.030876848398507,distant_bg_FP
BraTS-GLI-00400-000,187,0,1,16.15936279296875,nan,distant_bg_FP
BraTS-GLI-00400-000,188,0,3,15.624651590983072,0.6245426487259681,distant_bg_FP
BraTS-GLI-00400-000,192,0,7,21.00443458557129,0.9193343036116283,distant_bg_FP
BraTS-GLI-00400-000,194,0,3,21.226157506306965,1.8873995566889514,distant_bg_FP
BraTS-GLI-00400-000,196,0,1,14.778154373168945,nan,distant_bg_FP
BraTS-GLI-00400-000,206,0,1,15.427544593811035,nan,distant_bg_FP
BraTS-GLI-00400-000,211,0,37,17.95347773062216,3.0801318754453586,distant_bg_FP
BraTS-GLI-00400-000,212,0,3,17.25818093617757,2.3307712411524264,distant_bg_FP
BraTS-GLI-00400-000,215,0,2,13.043203830718994,0.3804498234389859,distant_bg_FP
BraTS-GLI-00400-000,248,0,1,13.092792510986328,nan,distant_bg_FP
BraTS-GLI-00400-000,249,0,1,14.566129684448242,nan,distant_bg_FP
BraTS-GLI-00400-000,273,0,2,17.566187381744385,2.5175809671616114,distant_bg_FP
BraTS-GLI-00400-000,278,0,3,17.494232813517254,1.0445431857732295,distant_bg_FP
BraTS-GLI-00400-000,279,0,8,15.96602475643158,0.5124199731993534,distant_bg_FP
BraTS-GLI-00400-000,280,0,3,17.334047317504883,0.8378667862221633,distant_bg_FP
BraTS-GLI-00400-000,283,0,3,18.40022150675456,1.2808366449004969,distant_bg_FP
BraTS-GLI-00400-000,287,0,9,16.356938044230144,0.8603045449305496,distant_bg_FP
BraTS-GLI-00400-000,292,0,2,17.090622901916504,0.83873307496001,distant_bg_FP
BraTS-GLI-00400-000,294,0,1,17.050012588500977,nan,distant_bg_FP
BraTS-GLI-00400-000,297,0,2,16.03947401046753,0.781037748271265,distant_bg_FP
BraTS-GLI-00400-000,304,0,1,24.768108367919922,nan,distant_bg_FP
BraTS-GLI-00400-000,306,0,1,11.57047176361084,nan,distant_bg_FP
BraTS-GLI-00400-000,311,0,12,17.383344809214275,2.5860561608816597,distant_bg_FP
BraTS-GLI-00400-000,315,0,2,14.748035907745361,0.04612753405905095,distant_bg_FP
BraTS-GLI-00400-000,320,0,1,21.853837966918945,nan,distant_bg_FP
BraTS-GLI-00400-000,323,0,2,23.57823371887207,0.41204107803402357,distant_bg_FP
BraTS-GLI-00400-000,328,0,36,16.399233924018013,1.0941096139789361,distant_bg_FP
BraTS-GLI-00400-000,332,0,1,21.309951782226562,nan,distant_bg_FP
BraTS-GLI-00400-000,333,0,5,23.807875061035155,0.7151216105452216,distant_bg_FP
BraTS-GLI-00400-000,339,0,1,24.4185733795166,nan,distant_bg_FP
BraTS-GLI-00400-000,346,0,90,17.591827858818903,1.3295054235136827,distant_bg_FP
BraTS-GLI-00400-000,348,0,1,15.644997596740723,nan,distant_bg_FP
BraTS-GLI-00400-000,350,0,2,15.534732341766357,0.20189554265955356,distant_bg_FP
BraTS-GLI-00400-000,352,0,1,19.374557495117188,nan,distant_bg_FP
BraTS-GLI-00400-000,354,0,2,18.396055221557617,0.8476304432680538,distant_bg_FP
BraTS-GLI-00400-000,355,0,4,17.198551654815674,0.7508459417977328,distant_bg_FP
BraTS-GLI-00400-000,358,0,1,18.46125602722168,nan,distant_bg_FP
BraTS-GLI-00400-000,361,0,1,15.804975509643555,nan,distant_bg_FP
BraTS-GLI-00400-000,362,0,4,16.049269676208496,0.9396779669464537,distant_bg_FP
BraTS-GLI-00400-000,364,0,1,13.992907524108887,nan,distant_bg_FP
BraTS-GLI-00400-000,366,0,2,16.084511756896973,1.7151231789527455,distant_bg_FP
BraTS-GLI-00400-000,368,0,1,18.802181243896484,nan,distant_bg_FP
BraTS-GLI-00400-000,375,0,4,14.687209606170654,0.5222832757582304,distant_bg_FP
BraTS-GLI-00400-000,376,0,1,14.293956756591797,nan,distant_bg_FP
BraTS-GLI-00400-000,384,0,1,20.369903564453125,nan,distant_bg_FP
BraTS-GLI-00400-000,386,0,1,20.413991928100586,nan,distant_bg_FP
BraTS-GLI-00400-000,387,0,8,16.127496123313904,0.6337613002609088,distant_bg_FP
BraTS-GLI-00400-000,388,0,2,18.06993579864502,0.8541621932628781,distant_bg_FP
BraTS-GLI-00400-000,390,0,10,20.361277770996093,1.7505180843398471,distant_bg_FP
BraTS-GLI-00400-000,391,0,6,20.160900115966797,1.584176891120196,distant_bg_FP
BraTS-GLI-00400-000,392,0,1,18.57828140258789,nan,distant_bg_FP
BraTS-GLI-00400-000,393,0,1,17.324573516845703,nan,distant_bg_FP
BraTS-GLI-00400-000,394,0,2,18.080622673034668,0.2788098322692662,distant_bg_FP
BraTS-GLI-00400-000,395,0,4,16.928866863250732,1.15206454713795,distant_bg_FP
BraTS-GLI-00400-000,396,0,8,19.31527543067932,1.5375011755184729,distant_bg_FP
BraTS-GLI-00400-000,397,0,3,17.83064333597819,0.34743536631602717,distant_bg_FP
BraTS-GLI-00400-000,404,0,1,21.710323333740234,nan,distant_bg_FP
BraTS-GLI-00400-000,408,0,2,18.39483070373535,1.0428762247569525,distant_bg_FP
BraTS-GLI-00400-000,410,0,2,18.316384315490723,1.0718638156383813,distant_bg_FP
BraTS-GLI-00400-000,412,0,2,17.97090435028076,1.319830246992587,distant_bg_FP
BraTS-GLI-00400-000,413,0,1,20.829557418823242,nan,distant_bg_FP
BraTS-GLI-00400-000,414,0,7,25.487415041242325,0.5716162189403781,distant_bg_FP
BraTS-GLI-00400-000,415,0,1,24.975326538085938,nan,distant_bg_FP
BraTS-GLI-00400-000,416,0,2,23.408283233642578,0.35474024584734054,distant_bg_FP
BraTS-GLI-00400-000,418,0,19,19.122836614909925,2.832805098266526,distant_bg_FP
BraTS-GLI-00400-000,422,0,1,17.260700225830078,nan,distant_bg_FP
BraTS-GLI-00400-000,424,0,7,21.490489959716797,2.262523128716835,distant_bg_FP
BraTS-GLI-00400-000,425,0,3,19.58666165669759,0.8187872332515138,distant_bg_FP
BraTS-GLI-00400-000,426,0,4,18.359551429748535,1.426243640809865,distant_bg_FP
BraTS-GLI-00400-000,428,0,3,17.759852091471355,1.0481490019865396,distant_bg_FP
BraTS-GLI-00400-000,429,0,1,22.459564208984375,nan,distant_bg_FP
BraTS-GLI-00400-000,430,0,1,23.99915313720703,nan,distant_bg_FP
BraTS-GLI-00400-000,431,0,1,23.43183708190918,nan,distant_bg_FP
BraTS-GLI-00401-000,12,0,1,19.909896850585938,nan,distant_bg_FP
BraTS-GLI-00401-000,17,0,1,19.395896911621094,nan,distant_bg_FP
BraTS-GLI-00401-000,75,0,62,19.130932900213427,1.6002548730337505,distant_bg_FP
BraTS-GLI-00401-000,90,0,1,14.719143867492676,nan,distant_bg_FP
BraTS-GLI-00401-000,92,0,1,15.441650390625,nan,distant_bg_FP
BraTS-GLI-00401-000,93,0,1,14.020998001098633,nan,distant_bg_FP
BraTS-GLI-00401-000,114,0,1,20.289371490478516,nan,distant_bg_FP
BraTS-GLI-00401-000,119,0,3,17.561120351155598,0.3223808492724657,distant_bg_FP
BraTS-GLI-00401-000,121,0,1,17.142507553100586,nan,distant_bg_FP
BraTS-GLI-00401-000,122,0,1,18.66655921936035,nan,distant_bg_FP
BraTS-GLI-00401-000,123,0,1,17.2091121673584,nan,distant_bg_FP
BraTS-GLI-00414-000,106,0,3,15.185815493265787,1.9295540024790567,distant_bg_FP
BraTS-GLI-00414-000,107,0,28,16.389991964612687,1.343835720704034,distant_bg_FP
BraTS-GLI-00414-000,114,0,2,14.564431190490723,0.461052805230372,distant_bg_FP
BraTS-GLI-00414-000,132,0,1,13.968021392822266,nan,distant_bg_FP
BraTS-GLI-00414-000,149,0,1,14.366236686706543,nan,distant_bg_FP
BraTS-GLI-00414-000,179,0,1,12.586030960083008,nan,distant_bg_FP
BraTS-GLI-00414-000,185,0,7,15.949350493294853,0.4586534237211786,distant_bg_FP
BraTS-GLI-00414-000,193,0,1,21.455825805664062,nan,distant_bg_FP
BraTS-GLI-00414-000,204,0,1,18.380239486694336,nan,distant_bg_FP
BraTS-GLI-00414-000,212,0,17,17.265241061939914,0.8408665291736485,distant_bg_FP
BraTS-GLI-00423-000,70,0,1,18.912277221679688,nan,distant_bg_FP
BraTS-GLI-00423-000,73,0,1,17.375776290893555,nan,distant_bg_FP
BraTS-GLI-00423-000,85,0,3,14.88061555226644,2.009309569867671,distant_bg_FP
BraTS-GLI-00423-000,103,0,3,17.29242451985677,0.8890372637038805,distant_bg_FP
BraTS-GLI-00423-000,135,0,4,12.602906465530396,0.7848310914636991,distant_bg_FP
BraTS-GLI-00454-000,1,0,1,17.36163330078125,nan,distant_bg_FP
BraTS-GLI-00454-000,2,0,1,12.724366188049316,nan,distant_bg_FP
BraTS-GLI-00454-000,3,0,5,18.124539947509767,0.3305138352945736,distant_bg_FP
BraTS-GLI-00454-000,19,0,1,17.49924087524414,nan,distant_bg_FP
BraTS-GLI-00454-000,34,0,1,22.32331657409668,nan,distant_bg_FP
BraTS-GLI-00454-000,42,0,1,23.000232696533203,nan,distant_bg_FP
BraTS-GLI-00454-000,43,0,3,16.364636103312176,0.45657021104625956,distant_bg_FP
BraTS-GLI-00454-000,46,0,2,14.44633436203003,0.5187778033004686,distant_bg_FP
BraTS-GLI-00454-000,52,0,2,14.378355979919434,0.29846712241474715,distant_bg_FP
BraTS-GLI-00454-000,54,0,1,19.236814498901367,nan,distant_bg_FP
BraTS-GLI-00454-000,56,0,5,19.821435928344727,1.9991253424971762,distant_bg_FP
BraTS-GLI-00454-000,63,0,2,14.223024845123291,0.713349235213193,distant_bg_FP
BraTS-GLI-00454-000,71,0,1,13.822064399719238,nan,distant_bg_FP
BraTS-GLI-00454-000,72,0,3,16.458240509033203,1.6360343892509948,distant_bg_FP
BraTS-GLI-00454-000,74,0,1,16.964157104492188,nan,distant_bg_FP
BraTS-GLI-00454-000,75,0,1,19.43243980407715,nan,distant_bg_FP
BraTS-GLI-00454-000,76,0,1,19.67705726623535,nan,distant_bg_FP
BraTS-GLI-00454-000,79,0,2,16.022565364837646,0.7275914982619943,distant_bg_FP
BraTS-GLI-00454-000,84,0,2,19.796143531799316,0.3900343539651513,distant_bg_FP
BraTS-GLI-00454-000,86,0,1,20.776880264282227,nan,distant_bg_FP
BraTS-GLI-00454-000,90,0,1,19.443410873413086,nan,distant_bg_FP
BraTS-GLI-00454-000,91,0,6,16.256028016408283,0.6477946511940651,distant_bg_FP
BraTS-GLI-00454-000,93,0,2,20.71048641204834,0.6445770423862089,distant_bg_FP
BraTS-GLI-00454-000,94,0,1,17.788433074951172,nan,distant_bg_FP
BraTS-GLI-00454-000,99,0,1,21.271934509277344,nan,distant_bg_FP
BraTS-GLI-00454-000,103,0,17,17.80532511542825,1.2652771263540712,distant_bg_FP
BraTS-GLI-00454-000,110,0,26,19.051795886113094,1.1792500693836057,distant_bg_FP
BraTS-GLI-00454-000,117,0,1,17.597957611083984,nan,distant_bg_FP
BraTS-GLI-00454-000,118,0,1,17.142351150512695,nan,distant_bg_FP
BraTS-GLI-00454-000,129,0,3,18.509061813354492,0.637851106434308,distant_bg_FP
BraTS-GLI-00454-000,130,0,1,16.479738235473633,nan,distant_bg_FP
BraTS-GLI-00454-000,131,0,5,17.677286529541014,0.7830532279892981,distant_bg_FP
BraTS-GLI-00454-000,133,0,1,16.16744613647461,nan,distant_bg_FP
BraTS-GLI-00454-000,135,0,1,16.454065322875977,nan,distant_bg_FP
BraTS-GLI-00456-000,3,0,1,12.160622596740723,nan,distant_bg_FP
BraTS-GLI-00456-000,4,0,1,14.07888126373291,nan,distant_bg_FP
BraTS-GLI-00456-000,5,0,5,16.66202278137207,0.5341133708097296,distant_bg_FP
BraTS-GLI-00456-000,10,0,11,20.284419666637074,1.6462083431776489,distant_bg_FP
BraTS-GLI-00456-000,13,0,1,18.86661720275879,nan,distant_bg_FP
BraTS-GLI-00456-000,14,0,1,15.870460510253906,nan,distant_bg_FP
BraTS-GLI-00456-000,15,0,6,15.945755322774252,0.623600968453945,distant_bg_FP
BraTS-GLI-00456-000,16,0,1,14.229475975036621,nan,distant_bg_FP
BraTS-GLI-00456-000,18,0,1,17.80360984802246,nan,distant_bg_FP
BraTS-GLI-00456-000,23,0,1,10.335331916809082,nan,distant_bg_FP
BraTS-GLI-00456-000,25,0,45,16.798950576782225,0.8440355237775221,distant_bg_FP
BraTS-GLI-00456-000,26,0,2,17.427217483520508,0.495458120606785,distant_bg_FP
BraTS-GLI-00456-000,28,0,1,14.816681861877441,nan,distant_bg_FP
BraTS-GLI-00456-000,30,0,2,14.027210712432861,1.044302474110561,distant_bg_FP
BraTS-GLI-00456-000,32,0,1,14.696319580078125,nan,distant_bg_FP
BraTS-GLI-00456-000,36,0,1,16.85123634338379,nan,distant_bg_FP
BraTS-GLI-00456-000,38,0,1,14.354439735412598,nan,distant_bg_FP
BraTS-GLI-00456-000,45,0,1,15.006046295166016,nan,distant_bg_FP
BraTS-GLI-00456-000,46,0,2,15.685417175292969,0.35423852976266684,distant_bg_FP
BraTS-GLI-00456-000,47,0,5,16.297556686401368,0.46623503542376715,distant_bg_FP
BraTS-GLI-00456-000,48,0,1,16.64435577392578,nan,distant_bg_FP
BraTS-GLI-00456-000,52,0,1,18.107330322265625,nan,distant_bg_FP
BraTS-GLI-00456-000,58,0,2,17.094669342041016,0.31991143893709006,distant_bg_FP
BraTS-GLI-00456-000,62,0,2,17.36795997619629,0.9375509131534403,distant_bg_FP
BraTS-GLI-00456-000,67,0,4,15.48680305480957,1.059391347747963,distant_bg_FP
BraTS-GLI-00456-000,68,0,1,16.698938369750977,nan,distant_bg_FP
BraTS-GLI-00456-000,75,0,4,16.972941875457764,0.6246589183706504,distant_bg_FP
BraTS-GLI-00456-000,79,0,1,14.439007759094238,nan,distant_bg_FP
BraTS-GLI-00456-000,89,0,1,14.910693168640137,nan,distant_bg_FP
BraTS-GLI-00456-000,90,0,1,13.632303237915039,nan,distant_bg_FP
BraTS-GLI-00456-000,91,0,1,13.116764068603516,nan,distant_bg_FP
BraTS-GLI-00456-000,92,0,1,14.492106437683105,nan,distant_bg_FP
BraTS-GLI-00456-000,94,0,1,13.468253135681152,nan,distant_bg_FP
BraTS-GLI-00456-000,96,0,1,16.087324142456055,nan,distant_bg_FP
BraTS-GLI-00456-000,97,0,1,16.985157012939453,nan,distant_bg_FP
BraTS-GLI-00456-000,104,0,1,13.173748970031738,nan,distant_bg_FP
BraTS-GLI-00456-000,121,0,1,18.325069427490234,nan,distant_bg_FP
BraTS-GLI-00456-000,122,0,1,17.695682525634766,nan,distant_bg_FP
BraTS-GLI-00456-000,123,0,1,17.7943172454834,nan,distant_bg_FP
BraTS-GLI-00456-000,126,0,1,14.934804916381836,nan,distant_bg_FP
BraTS-GLI-00456-000,127,0,1,14.694750785827637,nan,distant_bg_FP
BraTS-GLI-00456-000,128,0,1,18.427059173583984,nan,distant_bg_FP
BraTS-GLI-00456-000,134,0,6,16.225892384847004,0.5650084728121899,distant_bg_FP
BraTS-GLI-00456-000,135,0,2,17.11396312713623,0.2785239080489683,distant_bg_FP
BraTS-GLI-00456-000,136,0,4,16.69805359840393,0.9686058818507305,distant_bg_FP
BraTS-GLI-00456-000,137,0,3,18.699206670125324,0.3811675356849098,distant_bg_FP
BraTS-GLI-00456-000,139,0,2,14.370814323425293,0.6841708034017071,distant_bg_FP
BraTS-GLI-00456-000,143,0,5,17.56619987487793,0.7832475012848674,distant_bg_FP
BraTS-GLI-00456-000,145,0,1,14.729238510131836,nan,distant_bg_FP
BraTS-GLI-00456-000,146,0,1,18.47507667541504,nan,distant_bg_FP
BraTS-GLI-00456-000,149,0,1,18.125242233276367,nan,distant_bg_FP
BraTS-GLI-00456-000,150,0,1,17.405689239501953,nan,distant_bg_FP
BraTS-GLI-00456-000,151,0,1,14.228568077087402,nan,distant_bg_FP
BraTS-GLI-00456-000,152,0,1,17.15544891357422,nan,distant_bg_FP
BraTS-GLI-00456-000,153,0,2,19.146836280822754,0.60140518251953,distant_bg_FP
BraTS-GLI-00456-000,154,0,1,17.570899963378906,nan,distant_bg_FP
BraTS-GLI-00456-000,156,0,1,19.264101028442383,nan,distant_bg_FP
BraTS-GLI-00456-000,158,0,6,18.41977055867513,1.0421024739967404,distant_bg_FP
BraTS-GLI-00456-000,159,0,1,16.879310607910156,nan,distant_bg_FP
BraTS-GLI-00456-000,161,0,1,15.210339546203613,nan,distant_bg_FP
BraTS-GLI-00456-000,167,0,1,17.126564025878906,nan,distant_bg_FP
BraTS-GLI-00456-000,168,0,1,20.356082916259766,nan,distant_bg_FP
BraTS-GLI-00456-000,169,0,2,17.805559158325195,1.748547990045401,distant_bg_FP
BraTS-GLI-00456-000,170,0,1,16.464017868041992,nan,distant_bg_FP
BraTS-GLI-00456-000,172,0,1,15.739011764526367,nan,distant_bg_FP
BraTS-GLI-00456-000,178,0,2,15.73132848739624,0.21879474303848162,distant_bg_FP
BraTS-GLI-00456-000,181,0,1,16.412853240966797,nan,distant_bg_FP
BraTS-GLI-00456-000,183,0,2,16.642969131469727,0.2512329807011942,distant_bg_FP
BraTS-GLI-00456-000,186,0,3,17.814863204956055,1.1118706960406615,distant_bg_FP
BraTS-GLI-00456-000,189,0,1,16.916336059570312,nan,distant_bg_FP
BraTS-GLI-00456-000,194,0,3,15.790095965067545,0.5244782109894097,distant_bg_FP
BraTS-GLI-00456-000,195,0,3,17.025150934855144,0.19756010893717826,distant_bg_FP
BraTS-GLI-00456-000,200,0,1,16.87397003173828,nan,distant_bg_FP
BraTS-GLI-00456-000,201,0,6,16.370107968648274,0.2911229985789601,distant_bg_FP
BraTS-GLI-00456-000,205,0,1,16.517213821411133,nan,distant_bg_FP
BraTS-GLI-00456-000,206,0,1,17.165321350097656,nan,distant_bg_FP
BraTS-GLI-00456-000,210,0,6,16.75944932301839,0.17127619551741183,distant_bg_FP
BraTS-GLI-00456-000,211,0,1,15.588395118713379,nan,distant_bg_FP
BraTS-GLI-00456-000,212,0,1,16.37262725830078,nan,distant_bg_FP
BraTS-GLI-00456-000,217,0,1,18.298925399780273,nan,distant_bg_FP
BraTS-GLI-00456-000,219,0,1,18.67747688293457,nan,distant_bg_FP
BraTS-GLI-00456-000,220,0,4,14.95718264579773,0.5562999022441744,distant_bg_FP
BraTS-GLI-00456-000,223,0,1,15.649860382080078,nan,distant_bg_FP
BraTS-GLI-00456-000,224,0,1,14.688517570495605,nan,distant_bg_FP
BraTS-GLI-00456-000,226,0,4,17.760592937469482,0.9686254839376709,distant_bg_FP
BraTS-GLI-00456-000,227,0,1,15.63703727722168,nan,distant_bg_FP
BraTS-GLI-00456-000,231,0,1,16.953170776367188,nan,distant_bg_FP
BraTS-GLI-00456-000,233,0,1,18.313013076782227,nan,distant_bg_FP
BraTS-GLI-00456-000,247,0,8,17.584639310836792,0.8285677885052863,distant_bg_FP
BraTS-GLI-00456-000,252,0,6,16.72001775105794,1.688648218673567,distant_bg_FP
BraTS-GLI-00456-000,253,0,97,16.998079938986866,1.1493009440930058,distant_bg_FP
BraTS-GLI-00456-000,254,0,3,18.747433344523113,0.6600026288245072,distant_bg_FP
BraTS-GLI-00456-000,255,0,1,18.31097412109375,nan,distant_bg_FP
BraTS-GLI-00456-000,256,0,2,18.975624084472656,0.8190622978230055,distant_bg_FP
BraTS-GLI-00456-000,257,0,1,18.481534957885742,nan,distant_bg_FP
BraTS-GLI-00456-000,262,0,1,17.125221252441406,nan,distant_bg_FP
BraTS-GLI-00456-000,265,0,2,16.0569806098938,1.4216469177512645,distant_bg_FP
BraTS-GLI-00456-000,268,0,2,19.36835289001465,1.0532180498571617,distant_bg_FP
BraTS-GLI-00456-000,274,0,6,19.395888646443684,1.2236319035232797,distant_bg_FP
BraTS-GLI-00456-000,277,0,3,18.867770512898762,0.6274328763856428,distant_bg_FP
BraTS-GLI-00456-000,278,0,1,18.667280197143555,nan,distant_bg_FP
BraTS-GLI-00456-000,279,0,1,21.573196411132812,nan,distant_bg_FP
BraTS-GLI-00466-000,11,0,1,16.66191864013672,nan,distant_bg_FP
BraTS-GLI-00466-000,80,0,1,13.767610549926758,nan,distant_bg_FP
BraTS-GLI-00466-000,107,0,1,18.388235092163086,nan,distant_bg_FP
BraTS-GLI-00466-000,121,0,2,19.28405475616455,0.6150459257463838,distant_bg_FP
BraTS-GLI-00466-000,123,0,2,17.007338523864746,0.2616381946615637,distant_bg_FP
BraTS-GLI-00466-000,132,0,2,16.89606285095215,0.9356600369418475,distant_bg_FP
BraTS-GLI-00466-000,135,0,1,21.2199764251709,nan,distant_bg_FP
BraTS-GLI-00466-000,145,0,1,17.066755294799805,nan,distant_bg_FP
BraTS-GLI-00466-000,155,0,4,16.498729705810547,0.9420944653484179,distant_bg_FP
BraTS-GLI-00466-000,188,0,1,17.566564559936523,nan,distant_bg_FP
BraTS-GLI-00466-000,202,0,1,16.72037696838379,nan,distant_bg_FP
BraTS-GLI-00466-000,219,0,1,22.403562545776367,nan,distant_bg_FP
BraTS-GLI-00466-000,226,0,1,18.65048599243164,nan,distant_bg_FP
BraTS-GLI-00466-000,235,0,1,19.449316024780273,nan,distant_bg_FP
BraTS-GLI-00466-000,251,0,1,18.80071258544922,nan,distant_bg_FP
BraTS-GLI-00466-000,259,0,1,17.188617706298828,nan,distant_bg_FP
BraTS-GLI-00466-000,264,0,1,14.067338943481445,nan,distant_bg_FP
BraTS-GLI-00466-000,291,0,1,19.10919761657715,nan,distant_bg_FP
BraTS-GLI-00466-000,304,0,5,16.418474769592287,0.953574697319645,distant_bg_FP
BraTS-GLI-00466-000,311,0,2,16.55470561981201,0.2047203930341477,distant_bg_FP
BraTS-GLI-00498-000,18,0,2,18.346203804016113,1.0811455632048443,distant_bg_FP
BraTS-GLI-00498-000,19,0,3,18.65399106343587,0.6022148331747645,distant_bg_FP
BraTS-GLI-00498-000,20,0,2,18.15812873840332,0.3759337043273466,distant_bg_FP
BraTS-GLI-00498-000,73,0,4,16.858510971069336,0.5931122145761935,distant_bg_FP
BraTS-GLI-00498-000,91,0,12,16.946048498153687,0.8924712163661864,distant_bg_FP
BraTS-GLI-00498-000,95,0,1,16.447351455688477,nan,distant_bg_FP
BraTS-GLI-00498-000,107,0,3,17.059738794962566,0.739067901635868,distant_bg_FP
BraTS-GLI-00498-000,127,0,48,14.942051867643992,0.9928439444681182,distant_bg_FP
BraTS-GLI-00498-000,139,0,2,13.634562969207764,0.06950588516586174,distant_bg_FP
BraTS-GLI-00498-000,150,0,1,15.174485206604004,nan,distant_bg_FP
BraTS-GLI-00498-000,164,0,1,15.96376895904541,nan,distant_bg_FP
BraTS-GLI-00498-000,166,0,2,16.374430656433105,0.23514704591113234,distant_bg_FP
BraTS-GLI-00498-000,169,0,3,13.716519673665365,0.4131014404068476,distant_bg_FP
BraTS-GLI-00512-000,2,0,1,17.63621711730957,nan,distant_bg_FP
BraTS-GLI-00512-000,5,0,1,17.106149673461914,nan,distant_bg_FP
BraTS-GLI-00512-000,8,0,1,18.90467643737793,nan,distant_bg_FP
BraTS-GLI-00512-000,10,0,1,18.561058044433594,nan,distant_bg_FP
BraTS-GLI-00512-000,14,0,1,18.78676986694336,nan,distant_bg_FP
BraTS-GLI-00512-000,16,0,1,18.67182731628418,nan,distant_bg_FP
BraTS-GLI-00512-000,17,0,1,18.386348724365234,nan,distant_bg_FP
BraTS-GLI-00512-000,19,0,1,19.551311492919922,nan,distant_bg_FP
BraTS-GLI-00512-000,20,0,1,19.58111572265625,nan,distant_bg_FP
BraTS-GLI-00512-000,24,0,1,14.758035659790039,nan,distant_bg_FP
BraTS-GLI-00512-000,25,0,1,16.500078201293945,nan,distant_bg_FP
BraTS-GLI-00512-000,36,0,1,16.249820709228516,nan,distant_bg_FP
BraTS-GLI-00512-000,39,0,3,19.154185612996418,0.6347446832541771,distant_bg_FP
BraTS-GLI-00512-000,51,0,2,19.071560859680176,0.6684652017726075,distant_bg_FP
BraTS-GLI-00512-000,57,0,1,18.25763511657715,nan,distant_bg_FP
BraTS-GLI-00512-000,65,0,2,20.245253562927246,0.41770156837643063,distant_bg_FP
BraTS-GLI-00512-000,69,0,2,18.881643295288086,1.1108857282132836,distant_bg_FP
BraTS-GLI-00512-000,112,0,1,13.354716300964355,nan,distant_bg_FP
BraTS-GLI-00512-000,129,0,1,15.082602500915527,nan,distant_bg_FP
BraTS-GLI-00512-000,139,0,1,14.309386253356934,nan,distant_bg_FP
BraTS-GLI-00512-000,144,0,6,16.69365946451823,1.2766601209104742,distant_bg_FP
BraTS-GLI-00512-000,146,0,1,18.83376121520996,nan,distant_bg_FP
BraTS-GLI-00512-000,148,0,1,21.351892471313477,nan,distant_bg_FP
BraTS-GLI-00512-000,149,0,3,24.030171076456707,0.7492991711672977,distant_bg_FP
BraTS-GLI-00512-000,155,0,1,27.480897903442383,nan,distant_bg_FP
BraTS-GLI-00512-000,156,0,3,21.785788853963215,0.7103797006236104,distant_bg_FP
BraTS-GLI-00512-000,160,0,1,21.976228713989258,nan,distant_bg_FP
BraTS-GLI-00512-000,161,0,2,20.244318962097168,1.1366094671460285,distant_bg_FP
BraTS-GLI-00512-000,162,0,1,19.559051513671875,nan,distant_bg_FP
BraTS-GLI-00512-000,163,0,1,28.3487606048584,nan,distant_bg_FP
BraTS-GLI-00512-000,165,0,1,20.30448341369629,nan,distant_bg_FP
BraTS-GLI-00512-000,166,0,1,19.876554489135742,nan,distant_bg_FP
BraTS-GLI-00512-000,169,0,5,19.48155288696289,1.132883466211692,distant_bg_FP
BraTS-GLI-00512-000,172,0,1,19.66839599609375,nan,distant_bg_FP
BraTS-GLI-00512-000,173,0,4,27.883200645446777,1.351592800413032,distant_bg_FP
BraTS-GLI-00512-000,174,0,1,23.51041603088379,nan,distant_bg_FP
BraTS-GLI-00512-000,175,0,1,23.598968505859375,nan,distant_bg_FP
BraTS-GLI-00513-000,44,0,1,14.786779403686523,nan,distant_bg_FP
BraTS-GLI-00529-000,27,0,1,16.15019989013672,nan,distant_bg_FP
BraTS-GLI-00529-000,72,0,1,15.431175231933594,nan,distant_bg_FP
BraTS-GLI-00529-000,78,0,1,13.728804588317871,nan,distant_bg_FP
BraTS-GLI-00543-000,2,0,2,17.539965629577637,0.6074203807390048,distant_bg_FP
BraTS-GLI-00543-000,5,0,2,17.427799224853516,0.41989590189730186,distant_bg_FP
BraTS-GLI-00543-000,6,0,4,18.071202278137207,0.6589956308671464,distant_bg_FP
BraTS-GLI-00543-000,8,0,1,16.7797908782959,nan,distant_bg_FP
BraTS-GLI-00543-000,9,0,10,18.229479789733887,0.6994335088080076,distant_bg_FP
BraTS-GLI-00543-000,10,0,5,18.17208023071289,0.4701993390539468,distant_bg_FP
BraTS-GLI-00543-000,11,0,2,17.199264526367188,0.2144620470115617,distant_bg_FP
BraTS-GLI-00543-000,14,0,49,17.89113644191197,1.0438236375615766,distant_bg_FP
BraTS-GLI-00543-000,16,0,1,17.250635147094727,nan,distant_bg_FP
BraTS-GLI-00543-000,17,0,1,17.677288055419922,nan,distant_bg_FP
BraTS-GLI-00543-000,20,0,1,18.692506790161133,nan,distant_bg_FP
BraTS-GLI-00543-000,21,0,1,16.56451988220215,nan,distant_bg_FP
BraTS-GLI-00543-000,34,0,1,20.155900955200195,nan,distant_bg_FP
BraTS-GLI-00543-000,38,0,1,20.09905433654785,nan,distant_bg_FP
BraTS-GLI-00543-000,40,0,1,19.757707595825195,nan,distant_bg_FP
BraTS-GLI-00543-000,50,0,1,19.79962730407715,nan,distant_bg_FP
BraTS-GLI-00543-000,53,0,13,21.88893200800969,1.0337327895596693,distant_bg_FP
BraTS-GLI-00543-000,58,0,1,17.135587692260742,nan,distant_bg_FP
BraTS-GLI-00543-000,103,0,1,19.976625442504883,nan,distant_bg_FP
BraTS-GLI-00543-000,104,0,7,20.337560381208146,1.2725823384919133,distant_bg_FP
BraTS-GLI-00543-000,108,0,1,19.200990676879883,nan,distant_bg_FP
BraTS-GLI-00543-000,110,0,1,18.565235137939453,nan,distant_bg_FP
BraTS-GLI-00543-000,123,0,1,16.84488296508789,nan,distant_bg_FP
BraTS-GLI-00543-000,128,0,1,17.368274688720703,nan,distant_bg_FP
BraTS-GLI-00568-000,1,0,1,19.90895652770996,nan,distant_bg_FP
BraTS-GLI-00568-000,23,0,61,16.61060034642454,1.315821358587986,distant_bg_FP
BraTS-GLI-00568-000,24,0,2,20.099782943725586,0.13950134812402604,distant_bg_FP
BraTS-GLI-00568-000,25,0,5,18.910835838317873,1.7727306447069215,distant_bg_FP
BraTS-GLI-00568-000,27,0,14,19.871287482125418,0.9789318112117897,distant_bg_FP
BraTS-GLI-00568-000,36,0,3,15.806046803792318,0.31951485680711983,distant_bg_FP
BraTS-GLI-00568-000,37,0,1,20.808122634887695,nan,distant_bg_FP
BraTS-GLI-00568-000,45,0,1,17.06969451904297,nan,distant_bg_FP
BraTS-GLI-00568-000,50,0,1,17.142568588256836,nan,distant_bg_FP
BraTS-GLI-00568-000,65,0,1,18.330245971679688,nan,distant_bg_FP
BraTS-GLI-00568-000,100,0,1,17.1196346282959,nan,distant_bg_FP
BraTS-GLI-00568-000,104,0,38,18.084967713606986,2.493486087086177,distant_bg_FP
BraTS-GLI-00568-000,111,0,1,18.213075637817383,nan,distant_bg_FP
BraTS-GLI-00568-000,124,0,1,19.926164627075195,nan,distant_bg_FP
BraTS-GLI-00568-000,152,0,1,20.029558181762695,nan,distant_bg_FP
BraTS-GLI-00568-000,168,0,1,21.856348037719727,nan,distant_bg_FP
BraTS-GLI-00588-000,2,0,3,15.848881085713705,0.44581470361586634,distant_bg_FP
BraTS-GLI-00588-000,15,0,1,15.802207946777344,nan,distant_bg_FP
BraTS-GLI-00588-000,18,0,1,14.659721374511719,nan,distant_bg_FP
BraTS-GLI-00588-000,21,0,1,19.876821517944336,nan,distant_bg_FP
BraTS-GLI-00588-000,22,0,1,19.555171966552734,nan,distant_bg_FP
BraTS-GLI-00588-000,24,0,1,18.80862045288086,nan,distant_bg_FP
BraTS-GLI-00588-000,26,0,1,18.731966018676758,nan,distant_bg_FP
BraTS-GLI-00588-000,27,0,1,18.905134201049805,nan,distant_bg_FP
BraTS-GLI-00588-000,30,0,1,19.482070922851562,nan,distant_bg_FP
BraTS-GLI-00588-000,35,0,1,22.374723434448242,nan,distant_bg_FP
BraTS-GLI-00588-000,48,0,1,15.149130821228027,nan,distant_bg_FP
BraTS-GLI-00588-000,49,0,1,21.397567749023438,nan,distant_bg_FP
BraTS-GLI-00588-000,51,0,1,19.02361297607422,nan,distant_bg_FP
BraTS-GLI-00588-000,52,0,1,21.99256706237793,nan,distant_bg_FP
BraTS-GLI-00588-000,53,0,2,22.045930862426758,0.008356539947951982,distant_bg_FP
BraTS-GLI-00588-000,58,0,1,18.477737426757812,nan,distant_bg_FP
BraTS-GLI-00588-000,59,0,3,19.96576182047526,1.7452360055440974,distant_bg_FP
BraTS-GLI-00588-000,61,0,1,19.985166549682617,nan,distant_bg_FP
BraTS-GLI-00588-000,62,0,3,21.55316225687663,1.7899742931529972,distant_bg_FP
BraTS-GLI-00588-000,64,0,11,15.902669993313877,1.1329398916954416,distant_bg_FP
BraTS-GLI-00588-000,68,0,1,21.1525936126709,nan,distant_bg_FP
BraTS-GLI-00588-000,69,0,3,22.29350217183431,0.4725285626913649,distant_bg_FP
BraTS-GLI-00588-000,84,0,9,15.204256269666883,1.7239194494718924,distant_bg_FP
BraTS-GLI-00588-000,90,0,1,20.862890243530273,nan,distant_bg_FP
BraTS-GLI-00588-000,91,0,1,21.35563087463379,nan,distant_bg_FP
BraTS-GLI-00588-000,96,0,1,19.52782440185547,nan,distant_bg_FP
BraTS-GLI-00588-000,97,0,2,17.42416763305664,0.34611126867061415,distant_bg_FP
BraTS-GLI-00588-000,99,0,2,22.396724700927734,0.6385173370947067,distant_bg_FP
BraTS-GLI-00588-000,112,0,1,21.410804748535156,nan,distant_bg_FP
BraTS-GLI-00588-000,124,0,1,21.785446166992188,nan,distant_bg_FP
BraTS-GLI-00588-000,126,0,3,16.651190439860027,0.42333035623734544,distant_bg_FP
BraTS-GLI-00588-000,141,0,2,20.521142959594727,0.8446201467600117,distant_bg_FP
BraTS-GLI-00588-000,142,0,1,20.831377029418945,nan,distant_bg_FP
BraTS-GLI-00588-000,143,0,3,20.567944208780926,0.7717552927883161,distant_bg_FP
BraTS-GLI-00588-000,144,0,3,22.107196807861328,0.3787143970091365,distant_bg_FP
BraTS-GLI-00588-000,145,0,2,22.123210906982422,0.2731601315200779,distant_bg_FP
BraTS-GLI-00588-000,146,0,1,22.796438217163086,nan,distant_bg_FP
BraTS-GLI-00588-000,153,0,1,23.05906105041504,nan,distant_bg_FP
BraTS-GLI-00588-000,160,0,1,20.751882553100586,nan,distant_bg_FP
BraTS-GLI-00588-000,161,0,1,15.628604888916016,nan,distant_bg_FP
BraTS-GLI-00588-000,168,0,1,16.112977981567383,nan,distant_bg_FP
BraTS-GLI-00588-000,189,0,1,16.967998504638672,nan,distant_bg_FP
BraTS-GLI-00588-000,198,0,1,18.104389190673828,nan,distant_bg_FP
BraTS-GLI-00588-000,200,0,2,21.67677879333496,0.36576181532033336,distant_bg_FP
BraTS-GLI-00588-000,201,0,1,20.631380081176758,nan,distant_bg_FP
BraTS-GLI-00588-000,202,0,2,17.57326602935791,0.386241811948747,distant_bg_FP
BraTS-GLI-00588-000,203,0,1,21.52721405029297,nan,distant_bg_FP
BraTS-GLI-00588-000,204,0,3,15.38097858428955,0.13557347848561074,distant_bg_FP
BraTS-GLI-00588-000,205,0,2,19.059645652770996,0.2924020223266355,distant_bg_FP
BraTS-GLI-00588-000,206,0,1,17.675127029418945,nan,distant_bg_FP
BraTS-GLI-00588-000,207,0,1,20.26837921142578,nan,distant_bg_FP
BraTS-GLI-00588-000,209,0,1,19.753896713256836,nan,distant_bg_FP
BraTS-GLI-00591-000,1,0,1,17.634782791137695,nan,distant_bg_FP
BraTS-GLI-00591-000,2,0,1,15.564898490905762,nan,distant_bg_FP
BraTS-GLI-00591-000,3,0,1,18.91073226928711,nan,distant_bg_FP
BraTS-GLI-00591-000,7,0,1,16.679964065551758,nan,distant_bg_FP
BraTS-GLI-00591-000,10,0,1,18.53816032409668,nan,distant_bg_FP
BraTS-GLI-00591-000,12,0,1,18.340621948242188,nan,distant_bg_FP
BraTS-GLI-00591-000,13,0,1,19.44578742980957,nan,distant_bg_FP
BraTS-GLI-00591-000,14,0,1,19.548629760742188,nan,distant_bg_FP
BraTS-GLI-00591-000,15,0,1,14.232881546020508,nan,distant_bg_FP
BraTS-GLI-00591-000,16,0,1,18.01848030090332,nan,distant_bg_FP
BraTS-GLI-00591-000,18,0,1,19.372896194458008,nan,distant_bg_FP
BraTS-GLI-00591-000,20,0,1,19.132680892944336,nan,distant_bg_FP
BraTS-GLI-00591-000,21,0,1,16.158370971679688,nan,distant_bg_FP
BraTS-GLI-00591-000,23,0,1,21.88970184326172,nan,distant_bg_FP
BraTS-GLI-00591-000,24,0,1,22.17168426513672,nan,distant_bg_FP
BraTS-GLI-00591-000,25,0,1,21.13230323791504,nan,distant_bg_FP
BraTS-GLI-00591-000,26,0,1,19.857240676879883,nan,distant_bg_FP
BraTS-GLI-00591-000,32,0,1,22.31695556640625,nan,distant_bg_FP
BraTS-GLI-00591-000,33,0,1,21.955730438232422,nan,distant_bg_FP
BraTS-GLI-00591-000,34,0,1,21.35429573059082,nan,distant_bg_FP
BraTS-GLI-00591-000,36,0,1,20.202146530151367,nan,distant_bg_FP
BraTS-GLI-00591-000,37,0,1,19.630111694335938,nan,distant_bg_FP
BraTS-GLI-00591-000,40,0,1,19.37101936340332,nan,distant_bg_FP
BraTS-GLI-00591-000,41,0,1,22.31546401977539,nan,distant_bg_FP
BraTS-GLI-00591-000,42,0,1,24.16506004333496,nan,distant_bg_FP
BraTS-GLI-00591-000,43,0,1,22.943422317504883,nan,distant_bg_FP
BraTS-GLI-00591-000,46,0,1,21.76447296142578,nan,distant_bg_FP
BraTS-GLI-00591-000,47,0,1,21.439725875854492,nan,distant_bg_FP
BraTS-GLI-00591-000,52,0,1,23.645816802978516,nan,distant_bg_FP
BraTS-GLI-00591-000,53,0,1,21.312116622924805,nan,distant_bg_FP
BraTS-GLI-00591-000,55,0,1,24.26701545715332,nan,distant_bg_FP
BraTS-GLI-00591-000,57,0,1,22.191579818725586,nan,distant_bg_FP
BraTS-GLI-00591-000,59,0,1,23.853015899658203,nan,distant_bg_FP
BraTS-GLI-00591-000,60,0,1,23.568588256835938,nan,distant_bg_FP
BraTS-GLI-00591-000,61,0,1,21.89227867126465,nan,distant_bg_FP
BraTS-GLI-00591-000,62,0,4,23.243263721466064,0.820959539653333,distant_bg_FP
BraTS-GLI-00591-000,63,0,1,23.663333892822266,nan,distant_bg_FP
BraTS-GLI-00591-000,67,0,1,23.642822265625,nan,distant_bg_FP
BraTS-GLI-00591-000,73,0,1,23.85959243774414,nan,distant_bg_FP
BraTS-GLI-00591-000,84,0,1,22.944896697998047,nan,distant_bg_FP
BraTS-GLI-00591-000,91,0,1,19.73921775817871,nan,distant_bg_FP
BraTS-GLI-00591-000,100,0,1,21.188030242919922,nan,distant_bg_FP
BraTS-GLI-00591-000,106,0,1,21.391918182373047,nan,distant_bg_FP
BraTS-GLI-00591-000,112,0,1,21.541362762451172,nan,distant_bg_FP
BraTS-GLI-00591-000,120,0,1,19.690616607666016,nan,distant_bg_FP
BraTS-GLI-00591-000,121,0,1,19.77545166015625,nan,distant_bg_FP
BraTS-GLI-00591-000,122,0,1,17.45560073852539,nan,distant_bg_FP
BraTS-GLI-00591-000,123,0,1,15.672708511352539,nan,distant_bg_FP
BraTS-GLI-00591-000,128,0,1,20.221115112304688,nan,distant_bg_FP
BraTS-GLI-00591-000,131,0,1,20.944664001464844,nan,distant_bg_FP
BraTS-GLI-00591-000,132,0,1,20.521211624145508,nan,distant_bg_FP
BraTS-GLI-00591-000,138,0,1,24.323097229003906,nan,distant_bg_FP
BraTS-GLI-00591-000,150,0,1,19.56897735595703,nan,distant_bg_FP
BraTS-GLI-00591-000,151,0,1,22.29142951965332,nan,distant_bg_FP
BraTS-GLI-00591-000,158,0,1,22.449617385864258,nan,distant_bg_FP
BraTS-GLI-00591-000,159,0,2,20.419189453125,1.0854330778101606,distant_bg_FP
BraTS-GLI-00591-000,160,0,1,20.877479553222656,nan,distant_bg_FP
BraTS-GLI-00591-000,165,0,6,18.498057683308918,1.5963228034678183,distant_bg_FP
BraTS-GLI-00591-000,170,0,3,17.61077944437663,0.4634438932029931,distant_bg_FP
BraTS-GLI-00591-000,177,0,2,16.62898063659668,0.11689445293235864,distant_bg_FP
BraTS-GLI-00591-000,180,0,1,18.261232376098633,nan,distant_bg_FP
BraTS-GLI-00591-000,189,0,1,22.99283790588379,nan,distant_bg_FP
BraTS-GLI-00591-000,204,0,18,18.1063904232449,0.6278696605051558,distant_bg_FP
BraTS-GLI-00591-000,206,0,2,19.0997314453125,0.3430254450100405,distant_bg_FP
BraTS-GLI-00591-000,207,0,16,19.027711629867554,1.0578859685930262,distant_bg_FP
BraTS-GLI-00591-000,208,0,1,17.364112854003906,nan,distant_bg_FP
BraTS-GLI-00591-000,209,0,10,18.66688938140869,1.1251508210242265,distant_bg_FP
BraTS-GLI-00591-000,210,0,1,18.886451721191406,nan,distant_bg_FP
BraTS-GLI-00591-000,211,0,2,18.360751152038574,0.17004264042896028,distant_bg_FP
BraTS-GLI-00591-000,214,0,7,17.593493052891322,0.7808465762063486,distant_bg_FP
BraTS-GLI-00591-000,217,0,3,18.672657012939453,0.5151578031826433,distant_bg_FP
BraTS-GLI-00591-000,218,0,1,18.172304153442383,nan,distant_bg_FP
BraTS-GLI-00591-000,219,0,1,14.849078178405762,nan,distant_bg_FP
BraTS-GLI-00597-000,1,0,1,11.7919282913208,nan,distant_bg_FP
BraTS-GLI-00597-000,3,0,1,12.840607643127441,nan,distant_bg_FP
BraTS-GLI-00597-000,4,0,2,11.929009437561035,0.09130963001230553,distant_bg_FP
BraTS-GLI-00597-000,5,0,1,12.735971450805664,nan,distant_bg_FP
BraTS-GLI-00597-000,6,0,1,12.510557174682617,nan,distant_bg_FP
BraTS-GLI-00597-000,7,0,1,12.468231201171875,nan,distant_bg_FP
BraTS-GLI-00597-000,9,0,1,14.599693298339844,nan,distant_bg_FP
BraTS-GLI-00597-000,10,0,1,13.35633659362793,nan,distant_bg_FP
BraTS-GLI-00597-000,11,0,4,12.72320556640625,0.2812732351310118,distant_bg_FP
BraTS-GLI-00597-000,13,0,1,15.048112869262695,nan,distant_bg_FP
BraTS-GLI-00597-000,14,0,4,17.059041738510132,0.9015561684534115,distant_bg_FP
BraTS-GLI-00597-000,16,0,1,15.061400413513184,nan,distant_bg_FP
BraTS-GLI-00597-000,17,0,2,16.56377124786377,0.34848363047959535,distant_bg_FP
BraTS-GLI-00597-000,18,0,2,16.807693481445312,0.6639618953029155,distant_bg_FP
BraTS-GLI-00597-000,22,0,2,16.34456443786621,0.2286395725010503,distant_bg_FP
BraTS-GLI-00597-000,24,0,2,14.966415882110596,0.2729598496959541,distant_bg_FP
BraTS-GLI-00597-000,25,0,1,17.346317291259766,nan,distant_bg_FP
BraTS-GLI-00597-000,30,0,4,16.704243183135986,0.7427542058171842,distant_bg_FP
BraTS-GLI-00597-000,39,0,2,17.84694480895996,0.3164533743104682,distant_bg_FP
BraTS-GLI-00597-000,40,0,5,11.52399501800537,0.19028983263138766,distant_bg_FP
BraTS-GLI-00597-000,42,0,4,12.402483940124512,0.35725643367730414,distant_bg_FP
BraTS-GLI-00597-000,44,0,2,22.2185697555542,0.20467183986466317,distant_bg_FP
BraTS-GLI-00597-000,47,0,1,16.204120635986328,nan,distant_bg_FP
BraTS-GLI-00597-000,49,0,2,16.81730842590332,0.07682999591269087,distant_bg_FP
BraTS-GLI-00597-000,50,0,1,17.05773162841797,nan,distant_bg_FP
BraTS-GLI-00597-000,54,0,2,11.653728485107422,0.48830057420527095,distant_bg_FP
BraTS-GLI-00597-000,57,0,1,10.51447868347168,nan,distant_bg_FP
BraTS-GLI-00597-000,58,0,20,11.572811698913574,0.7499916951920448,distant_bg_FP
BraTS-GLI-00597-000,62,0,4,15.460143089294434,0.6070117872467156,distant_bg_FP
BraTS-GLI-00597-000,64,0,1,16.736907958984375,nan,distant_bg_FP
BraTS-GLI-00597-000,68,0,2,14.00091028213501,0.012311600212214278,distant_bg_FP
BraTS-GLI-00597-000,70,0,1,18.01358985900879,nan,distant_bg_FP
BraTS-GLI-00597-000,71,0,1,17.982004165649414,nan,distant_bg_FP
BraTS-GLI-00597-000,73,0,1,10.453144073486328,nan,distant_bg_FP
BraTS-GLI-00597-000,78,0,12,11.14460531870524,0.7754216277823455,distant_bg_FP
BraTS-GLI-00597-000,82,0,2,17.422974586486816,1.2538303052732556,distant_bg_FP
BraTS-GLI-00597-000,86,0,1,10.704779624938965,nan,distant_bg_FP
BraTS-GLI-00597-000,88,0,1,19.122455596923828,nan,distant_bg_FP
BraTS-GLI-00597-000,90,0,1,11.452264785766602,nan,distant_bg_FP
BraTS-GLI-00597-000,92,0,3,20.048436482747395,0.18024960958898426,distant_bg_FP
BraTS-GLI-00597-000,95,0,6,17.96689446767171,1.392639068700155,distant_bg_FP
BraTS-GLI-00597-000,96,0,4,18.351819038391113,1.2505328473973392,distant_bg_FP
BraTS-GLI-00597-000,97,0,2,17.56024932861328,0.07267330512515245,distant_bg_FP
BraTS-GLI-00597-000,98,0,1,12.530034065246582,nan,distant_bg_FP
BraTS-GLI-00602-001,2,0,1,12.362545013427734,nan,distant_bg_FP
BraTS-GLI-00602-001,8,0,3,11.67370637257894,0.11247336808501103,distant_bg_FP
BraTS-GLI-00602-001,9,0,1,12.43150520324707,nan,distant_bg_FP
BraTS-GLI-00606-000,20,0,1,13.93082046508789,nan,distant_bg_FP
BraTS-GLI-00606-000,29,0,4,15.233102560043335,0.1917355530103892,distant_bg_FP
BraTS-GLI-00606-000,88,0,1,23.401735305786133,nan,distant_bg_FP
BraTS-GLI-00606-000,93,0,3,21.714448928833008,0.2628870837005219,distant_bg_FP
BraTS-GLI-00606-000,99,0,6,25.30613422393799,0.7391830057153479,distant_bg_FP
BraTS-GLI-00621-000,2,0,1,13.040526390075684,nan,distant_bg_FP
BraTS-GLI-00621-000,21,0,1,17.30495262145996,nan,distant_bg_FP
BraTS-GLI-00621-000,26,0,4,15.766961812973022,1.0807540323751603,distant_bg_FP
BraTS-GLI-00654-000,75,0,2,15.548395156860352,0.3655541156508717,distant_bg_FP
BraTS-GLI-00654-000,80,0,1,17.53622055053711,nan,distant_bg_FP
BraTS-GLI-00654-000,81,0,2,16.87678337097168,0.759940721780652,distant_bg_FP
BraTS-GLI-00654-000,92,0,3,18.185203552246094,0.5243895011517908,distant_bg_FP
BraTS-GLI-00654-000,95,0,2,18.328536987304688,0.1878090543628485,distant_bg_FP
BraTS-GLI-00654-000,100,0,1,17.68709373474121,nan,distant_bg_FP
BraTS-GLI-00654-000,108,0,2,16.316670417785645,0.2145254358717221,distant_bg_FP
BraTS-GLI-00656-000,5,0,6,16.575613180796307,1.05963675830452,distant_bg_FP
BraTS-GLI-00656-000,23,0,4,17.91401195526123,1.3482768667946328,distant_bg_FP
BraTS-GLI-00656-000,72,0,5,16.051564407348632,0.40979792817564675,distant_bg_FP
BraTS-GLI-00656-000,83,0,1,16.47907257080078,nan,distant_bg_FP
BraTS-GLI-00656-000,98,0,1,17.4367733001709,nan,distant_bg_FP
BraTS-GLI-00656-000,108,0,2,15.850027084350586,0.6749564907928614,distant_bg_FP
BraTS-GLI-00656-000,110,0,1,16.469785690307617,nan,distant_bg_FP
BraTS-GLI-00656-000,114,0,2,15.450629234313965,0.23457250007223182,distant_bg_FP
BraTS-GLI-00656-000,127,0,1,16.433008193969727,nan,distant_bg_FP
BraTS-GLI-00656-000,132,0,1,16.997514724731445,nan,distant_bg_FP
BraTS-GLI-00656-000,141,0,1,16.00126075744629,nan,distant_bg_FP
BraTS-GLI-00656-000,145,0,3,15.185911496480307,0.4273324231323755,distant_bg_FP
BraTS-GLI-00656-000,190,0,2,19.922697067260742,0.3760092314798781,distant_bg_FP
BraTS-GLI-00656-000,196,0,1,18.913349151611328,nan,distant_bg_FP
BraTS-GLI-00656-000,197,0,1,16.586795806884766,nan,distant_bg_FP
BraTS-GLI-00656-000,201,0,1,15.88164234161377,nan,distant_bg_FP
BraTS-GLI-00656-000,204,0,1,21.218297958374023,nan,distant_bg_FP
BraTS-GLI-00656-000,207,0,1,18.720476150512695,nan,distant_bg_FP
BraTS-GLI-00656-000,208,0,1,15.582918167114258,nan,distant_bg_FP
BraTS-GLI-00656-000,234,0,1,16.158222198486328,nan,distant_bg_FP
BraTS-GLI-00656-000,246,0,2,18.977036476135254,0.5338623289699117,distant_bg_FP
BraTS-GLI-00657-000,1,0,1,14.468513488769531,nan,distant_bg_FP
BraTS-GLI-00657-000,2,0,4,14.988559246063232,0.929604520736363,distant_bg_FP
BraTS-GLI-00657-000,3,0,1,14.033076286315918,nan,distant_bg_FP
BraTS-GLI-00657-000,48,0,1,20.3660888671875,nan,distant_bg_FP
BraTS-GLI-00657-000,49,0,2,23.839488983154297,0.6986666218911499,distant_bg_FP
BraTS-GLI-00657-000,52,0,3,20.452901204427082,2.114526321897588,distant_bg_FP
BraTS-GLI-00657-000,55,0,3,22.88192876180013,0.7027896890283835,distant_bg_FP
BraTS-GLI-00657-000,59,0,2,20.836301803588867,0.9159474501311202,distant_bg_FP
BraTS-GLI-00657-000,64,0,1,12.31801986694336,nan,distant_bg_FP
BraTS-GLI-00657-000,82,0,1,13.961298942565918,nan,distant_bg_FP
BraTS-GLI-00657-000,108,0,2,15.981301307678223,0.850644785873553,distant_bg_FP
BraTS-GLI-00657-000,142,0,11,17.45164004239169,0.7400316405560876,distant_bg_FP
BraTS-GLI-00657-000,151,0,1,15.424383163452148,nan,distant_bg_FP
BraTS-GLI-00657-000,152,0,1,14.882080078125,nan,distant_bg_FP
BraTS-GLI-00657-000,155,0,1,15.687087059020996,nan,distant_bg_FP
BraTS-GLI-00657-000,161,0,1,15.320566177368164,nan,distant_bg_FP
BraTS-GLI-00657-000,162,0,1,15.580005645751953,nan,distant_bg_FP
BraTS-GLI-00657-000,165,0,2,16.163400173187256,0.8902203394504944,distant_bg_FP
BraTS-GLI-00657-000,167,0,1,14.375582695007324,nan,distant_bg_FP
BraTS-GLI-00657-000,168,0,2,16.178000450134277,0.1907748437988631,distant_bg_FP
BraTS-GLI-00657-000,169,0,4,16.258272886276245,0.7916804808916899,distant_bg_FP
BraTS-GLI-00657-000,172,0,1,14.85515308380127,nan,distant_bg_FP
BraTS-GLI-00657-000,174,0,1,16.8807315826416,nan,distant_bg_FP
BraTS-GLI-00657-000,175,0,1,13.403899192810059,nan,distant_bg_FP
BraTS-GLI-00657-000,177,0,2,18.29893207550049,0.2326546498775921,distant_bg_FP
BraTS-GLI-00657-000,178,0,6,16.220619360605877,0.6672706940817739,distant_bg_FP
BraTS-GLI-00657-000,179,0,1,16.893699645996094,nan,distant_bg_FP
BraTS-GLI-00657-000,180,0,1,15.919690132141113,nan,distant_bg_FP
BraTS-GLI-00657-000,181,0,2,17.869592666625977,0.4107975774155581,distant_bg_FP
BraTS-GLI-00657-000,182,0,2,17.728565216064453,0.32690849013947465,distant_bg_FP
BraTS-GLI-00657-000,183,0,10,17.83002700805664,0.5929011009980076,distant_bg_FP
BraTS-GLI-00657-000,184,0,1,16.905139923095703,nan,distant_bg_FP
BraTS-GLI-00657-000,185,0,1,16.75434112548828,nan,distant_bg_FP
BraTS-GLI-00657-000,186,0,1,17.1911563873291,nan,distant_bg_FP
BraTS-GLI-00658-000,24,0,1,19.05168914794922,nan,distant_bg_FP
BraTS-GLI-00658-000,26,0,1,19.90300178527832,nan,distant_bg_FP
BraTS-GLI-00658-000,28,0,1,19.144765853881836,nan,distant_bg_FP
BraTS-GLI-00658-000,31,0,1,19.229124069213867,nan,distant_bg_FP
BraTS-GLI-00658-000,32,0,1,19.226606369018555,nan,distant_bg_FP
BraTS-GLI-00658-000,34,0,1,20.9476318359375,nan,distant_bg_FP
BraTS-GLI-00658-000,51,0,1,17.809415817260742,nan,distant_bg_FP
BraTS-GLI-00658-000,53,0,3,18.983028411865234,0.16017853407894647,distant_bg_FP
BraTS-GLI-00658-000,55,0,1,19.55657196044922,nan,distant_bg_FP
BraTS-GLI-00658-000,59,0,1,18.020679473876953,nan,distant_bg_FP
BraTS-GLI-00658-000,67,0,10,18.318330764770508,1.002638575936411,distant_bg_FP
BraTS-GLI-00658-000,69,0,4,17.775593757629395,0.3436712799644491,distant_bg_FP
BraTS-GLI-00658-000,71,0,2,18.560160636901855,0.7904226713228828,distant_bg_FP
BraTS-GLI-00659-000,1,0,2,17.762091636657715,0.23710805447864722,distant_bg_FP
BraTS-GLI-00659-000,2,0,1,16.606050491333008,nan,distant_bg_FP
BraTS-GLI-00659-000,11,0,1,21.98746109008789,nan,distant_bg_FP
BraTS-GLI-00659-000,12,0,1,16.745275497436523,nan,distant_bg_FP
BraTS-GLI-00659-000,46,0,1,14.26258373260498,nan,distant_bg_FP
BraTS-GLI-00686-000,5,0,1,17.658296585083008,nan,distant_bg_FP
BraTS-GLI-00686-000,6,0,1,18.115550994873047,nan,distant_bg_FP
BraTS-GLI-00686-000,7,0,1,16.316436767578125,nan,distant_bg_FP
BraTS-GLI-00686-000,8,0,1,17.366411209106445,nan,distant_bg_FP
BraTS-GLI-00686-000,10,0,1,15.743491172790527,nan,distant_bg_FP
BraTS-GLI-00686-000,11,0,1,16.331483840942383,nan,distant_bg_FP
BraTS-GLI-00686-000,13,0,1,15.125449180603027,nan,distant_bg_FP
BraTS-GLI-00686-000,15,0,1,16.980712890625,nan,distant_bg_FP
BraTS-GLI-00686-000,16,0,1,16.599023818969727,nan,distant_bg_FP
BraTS-GLI-00686-000,17,0,1,14.92762565612793,nan,distant_bg_FP
BraTS-GLI-00686-000,18,0,1,14.74267864227295,nan,distant_bg_FP
BraTS-GLI-00686-000,19,0,1,17.17462158203125,nan,distant_bg_FP
BraTS-GLI-00686-000,22,0,1,16.034099578857422,nan,distant_bg_FP
BraTS-GLI-00686-000,25,0,4,16.414607524871826,0.17480932969377685,distant_bg_FP
BraTS-GLI-00686-000,26,0,2,16.058552265167236,0.18650553663210356,distant_bg_FP
BraTS-GLI-00686-000,27,0,1,16.44736671447754,nan,distant_bg_FP
BraTS-GLI-00686-000,28,0,1,14.705121994018555,nan,distant_bg_FP
BraTS-GLI-00686-000,32,0,30,17.963442293802895,0.9068269613028229,distant_bg_FP
BraTS-GLI-00686-000,33,0,1,15.830968856811523,nan,distant_bg_FP
BraTS-GLI-00686-000,37,0,1,14.492484092712402,nan,distant_bg_FP
BraTS-GLI-00686-000,39,0,1,15.499578475952148,nan,distant_bg_FP
BraTS-GLI-00686-000,43,0,14,16.207900592258998,0.5880504193301191,distant_bg_FP
BraTS-GLI-00686-000,47,0,1,16.140716552734375,nan,distant_bg_FP
BraTS-GLI-00686-000,50,0,2,15.895267963409424,0.26877348752706404,distant_bg_FP
BraTS-GLI-00686-000,51,0,2,16.852872848510742,0.8979531060404851,distant_bg_FP
BraTS-GLI-00686-000,53,0,1,16.282039642333984,nan,distant_bg_FP
BraTS-GLI-00686-000,57,0,1,17.296737670898438,nan,distant_bg_FP
BraTS-GLI-00686-000,60,0,1,16.26418685913086,nan,distant_bg_FP
BraTS-GLI-00686-000,62,0,1,18.1049861907959,nan,distant_bg_FP
BraTS-GLI-00686-000,63,0,1,16.774446487426758,nan,distant_bg_FP
BraTS-GLI-00686-000,73,0,1,17.58324432373047,nan,distant_bg_FP
BraTS-GLI-00686-000,74,0,2,16.06578540802002,0.3780579054922956,distant_bg_FP
BraTS-GLI-00686-000,76,0,1,17.575721740722656,nan,distant_bg_FP
BraTS-GLI-00686-000,81,0,2,17.333290100097656,0.6129325141746536,distant_bg_FP
BraTS-GLI-00686-000,82,0,1,17.18194007873535,nan,distant_bg_FP
BraTS-GLI-00686-000,83,0,1,18.674476623535156,nan,distant_bg_FP
BraTS-GLI-00686-000,84,0,1,16.90598487854004,nan,distant_bg_FP
BraTS-GLI-00686-000,87,0,1,17.460323333740234,nan,distant_bg_FP
BraTS-GLI-00686-000,90,0,2,15.588516235351562,0.4850232352650638,distant_bg_FP
BraTS-GLI-00686-000,92,0,2,16.877586364746094,0.1131639510769624,distant_bg_FP
BraTS-GLI-00686-000,98,0,3,16.998160044352215,0.05195050279768422,distant_bg_FP
BraTS-GLI-00686-000,99,0,2,17.804677963256836,0.4808220374054979,distant_bg_FP
BraTS-GLI-00686-000,100,0,2,16.77224349975586,0.01744137743817221,distant_bg_FP
BraTS-GLI-00686-000,102,0,1,17.268386840820312,nan,distant_bg_FP
BraTS-GLI-00686-000,110,0,1,16.78727149963379,nan,distant_bg_FP
BraTS-GLI-00686-000,122,0,1,15.821556091308594,nan,distant_bg_FP
BraTS-GLI-00686-000,130,0,1,17.95349884033203,nan,distant_bg_FP
BraTS-GLI-00686-000,133,0,2,15.454587936401367,0.259515342195767,distant_bg_FP
BraTS-GLI-00686-000,140,0,1,16.382122039794922,nan,distant_bg_FP
BraTS-GLI-00686-000,141,0,2,16.661224365234375,0.06353451966883827,distant_bg_FP
BraTS-GLI-00686-000,142,0,1,17.42183494567871,nan,distant_bg_FP
BraTS-GLI-00686-000,144,0,1,17.9000186920166,nan,distant_bg_FP
BraTS-GLI-00686-000,145,0,1,16.385007858276367,nan,distant_bg_FP
BraTS-GLI-00686-000,155,0,2,16.829365730285645,0.588309313750225,distant_bg_FP
BraTS-GLI-00686-000,157,0,2,16.28966522216797,0.3752539599545629,distant_bg_FP
BraTS-GLI-00686-000,158,0,1,17.358625411987305,nan,distant_bg_FP
BraTS-GLI-00686-000,159,0,1,15.783428192138672,nan,distant_bg_FP
BraTS-GLI-00686-000,174,0,2,17.369885444641113,0.2022226022039981,distant_bg_FP
BraTS-GLI-00686-000,193,0,2,17.585978507995605,0.10306893792163305,distant_bg_FP
BraTS-GLI-00686-000,194,0,7,18.70888982500349,0.7222989757113646,distant_bg_FP
BraTS-GLI-00686-000,228,0,88,21.14500444585627,1.2163284236544378,distant_bg_FP
BraTS-GLI-00686-000,296,0,62,19.462668280447684,1.9874387151873791,distant_bg_FP
BraTS-GLI-00686-000,315,0,1,19.16207504272461,nan,distant_bg_FP
BraTS-GLI-00686-000,328,0,3,21.500438690185547,0.2737722140900521,distant_bg_FP
BraTS-GLI-00686-000,331,0,1,22.448806762695312,nan,distant_bg_FP
BraTS-GLI-00686-000,333,0,4,24.598713874816895,1.0868132455652002,distant_bg_FP
BraTS-GLI-00686-000,334,0,2,22.24783992767334,0.7435850471601203,distant_bg_FP
BraTS-GLI-00686-000,337,0,3,23.55673344930013,0.43894932153071975,distant_bg_FP
BraTS-GLI-00686-000,338,0,1,21.920207977294922,nan,distant_bg_FP
BraTS-GLI-00686-000,339,0,13,23.63957140995906,0.9031463706243924,distant_bg_FP
BraTS-GLI-00703-001,3,0,1,17.825239181518555,nan,distant_bg_FP
BraTS-GLI-00703-001,5,0,2,17.240428924560547,1.4163121382541495,distant_bg_FP
BraTS-GLI-00703-001,8,0,1,16.36142921447754,nan,distant_bg_FP
BraTS-GLI-00703-001,9,0,1,17.615020751953125,nan,distant_bg_FP
BraTS-GLI-00703-001,33,0,3,21.699194590250652,0.7701283012728228,distant_bg_FP
BraTS-GLI-00703-001,37,0,1,22.285259246826172,nan,distant_bg_FP
BraTS-GLI-00703-001,40,0,1,19.527494430541992,nan,distant_bg_FP
BraTS-GLI-00703-001,41,0,2,22.8768310546875,1.4687333769076352,distant_bg_FP
BraTS-GLI-00703-001,52,0,1,17.712461471557617,nan,distant_bg_FP
BraTS-GLI-00703-001,83,0,1,18.545072555541992,nan,distant_bg_FP
BraTS-GLI-00703-001,108,0,4,17.534796237945557,0.3737147722539235,distant_bg_FP
BraTS-GLI-00730-000,1,0,2,14.99696969985962,0.15332618878517545,distant_bg_FP
BraTS-GLI-00730-000,2,0,2,15.825494766235352,0.09295639167732318,distant_bg_FP
BraTS-GLI-00730-000,3,0,1,17.22188377380371,nan,distant_bg_FP
BraTS-GLI-00730-000,5,0,1,14.291513442993164,nan,distant_bg_FP
BraTS-GLI-00730-000,6,0,1,17.355960845947266,nan,distant_bg_FP
BraTS-GLI-00730-000,7,0,1,18.163122177124023,nan,distant_bg_FP
BraTS-GLI-00730-000,8,0,1,15.410062789916992,nan,distant_bg_FP
BraTS-GLI-00730-000,9,0,6,17.87159029642741,0.3951147317325116,distant_bg_FP
BraTS-GLI-00730-000,10,0,1,13.430466651916504,nan,distant_bg_FP
BraTS-GLI-00730-000,11,0,1,17.605815887451172,nan,distant_bg_FP
BraTS-GLI-00730-000,12,0,1,16.63846206665039,nan,distant_bg_FP
BraTS-GLI-00730-000,15,0,1,18.504213333129883,nan,distant_bg_FP
BraTS-GLI-00730-000,18,0,1,19.4449405670166,nan,distant_bg_FP
BraTS-GLI-00730-000,19,0,1,20.57636833190918,nan,distant_bg_FP
BraTS-GLI-00730-000,20,0,1,17.040176391601562,nan,distant_bg_FP
BraTS-GLI-00730-000,22,0,1,20.574373245239258,nan,distant_bg_FP
BraTS-GLI-00730-000,23,0,1,17.4954776763916,nan,distant_bg_FP
BraTS-GLI-00730-000,26,0,1,17.51725196838379,nan,distant_bg_FP
BraTS-GLI-00730-000,27,0,1,19.36206817626953,nan,distant_bg_FP
BraTS-GLI-00730-000,31,0,2,17.43122386932373,0.6684867809590451,distant_bg_FP
BraTS-GLI-00730-000,34,0,2,17.207643508911133,0.7736381103719044,distant_bg_FP
BraTS-GLI-00730-000,35,0,1,16.712373733520508,nan,distant_bg_FP
BraTS-GLI-00730-000,36,0,1,22.51020622253418,nan,distant_bg_FP
BraTS-GLI-00730-000,38,0,1,22.572290420532227,nan,distant_bg_FP
BraTS-GLI-00730-000,39,0,1,22.147546768188477,nan,distant_bg_FP
BraTS-GLI-00730-000,40,0,1,18.41431427001953,nan,distant_bg_FP
BraTS-GLI-00730-000,41,0,1,22.186782836914062,nan,distant_bg_FP
BraTS-GLI-00730-000,42,0,1,22.0501708984375,nan,distant_bg_FP
BraTS-GLI-00730-000,45,0,1,15.552275657653809,nan,distant_bg_FP
BraTS-GLI-00730-000,46,0,2,20.347047805786133,0.05824761899163173,distant_bg_FP
BraTS-GLI-00730-000,47,0,2,21.14655303955078,1.743293458147851,distant_bg_FP
BraTS-GLI-00730-000,51,0,1,14.257719993591309,nan,distant_bg_FP
BraTS-GLI-00730-000,75,0,3,19.60365041097005,0.5207871746508742,distant_bg_FP
BraTS-GLI-00730-000,85,0,1,16.679489135742188,nan,distant_bg_FP
BraTS-GLI-00730-000,102,0,1,16.93861961364746,nan,distant_bg_FP
BraTS-GLI-00730-000,105,0,3,20.254026412963867,0.9500747759298721,distant_bg_FP
BraTS-GLI-00730-000,129,0,2,16.669631004333496,1.1728948691408154,distant_bg_FP
BraTS-GLI-00730-000,134,0,1,18.77423095703125,nan,distant_bg_FP
BraTS-GLI-00730-000,136,0,3,18.01298173268636,2.0410869716206426,distant_bg_FP
BraTS-GLI-00730-000,155,0,2,17.64054012298584,0.21722283417641933,distant_bg_FP
BraTS-GLI-00730-000,171,0,7,28.329136984688894,0.4572357018182598,distant_bg_FP
BraTS-GLI-00734-001,3,0,3,17.91585350036621,0.7714763510437099,distant_bg_FP
BraTS-GLI-00734-001,4,0,3,20.479855219523113,1.32822564683345,distant_bg_FP
BraTS-GLI-00734-001,5,0,2,21.89088726043701,1.0922183832456265,distant_bg_FP
BraTS-GLI-00734-001,8,0,20,19.09854612350464,1.4960931852855937,distant_bg_FP
BraTS-GLI-00734-001,11,0,1,21.852277755737305,nan,distant_bg_FP
BraTS-GLI-00734-001,45,0,2,18.18343448638916,0.02629558737334083,distant_bg_FP
BraTS-GLI-00734-001,46,0,3,17.600322087605793,0.3843112166736436,distant_bg_FP
BraTS-GLI-00734-001,59,0,6,16.52264658610026,0.35842474165337684,distant_bg_FP
BraTS-GLI-00734-001,60,0,1,18.946807861328125,nan,distant_bg_FP
BraTS-GLI-00734-001,61,0,1,17.701416015625,nan,distant_bg_FP
BraTS-GLI-00734-001,62,0,1,19.120193481445312,nan,distant_bg_FP
BraTS-GLI-00734-001,65,0,1,17.086429595947266,nan,distant_bg_FP
BraTS-GLI-00734-001,66,0,1,18.724773406982422,nan,distant_bg_FP
BraTS-GLI-00734-001,71,0,1,17.870220184326172,nan,distant_bg_FP
BraTS-GLI-00734-001,78,0,2,14.355887413024902,0.15172730594006617,distant_bg_FP
BraTS-GLI-00734-001,88,0,1,18.433481216430664,nan,distant_bg_FP
BraTS-GLI-00734-001,110,0,1,19.850934982299805,nan,distant_bg_FP
BraTS-GLI-00734-001,112,0,4,16.751166820526123,0.40971099686235424,distant_bg_FP
BraTS-GLI-00734-001,117,0,1,17.72356414794922,nan,distant_bg_FP
BraTS-GLI-00734-001,118,0,6,19.530562082926433,1.2109747334070926,distant_bg_FP
BraTS-GLI-00734-001,120,0,8,17.557600021362305,0.7044363233760892,distant_bg_FP
BraTS-GLI-00734-001,121,0,10,16.671261024475097,0.6764702177705024,distant_bg_FP
BraTS-GLI-00793-000,3,0,2,17.58698844909668,0.6148341799794651,distant_bg_FP
BraTS-GLI-00793-000,11,0,1,18.837627410888672,nan,distant_bg_FP
BraTS-GLI-00793-000,15,0,1,17.748584747314453,nan,distant_bg_FP
BraTS-GLI-00793-000,17,0,969,0.17779209087261597,5.2027921616284525,distant_bg_FP
BraTS-GLI-00793-000,18,0,15,16.907193819681805,0.7414447156160335,distant_bg_FP
BraTS-GLI-00793-000,24,0,1,16.71944236755371,nan,distant_bg_FP
BraTS-GLI-00793-000,25,0,3,16.710346221923828,0.5805962537900741,distant_bg_FP
BraTS-GLI-00793-000,26,0,5,17.355542373657226,0.48484732145465864,distant_bg_FP
BraTS-GLI-00793-000,29,0,6,16.12940804163615,0.8262199485110459,distant_bg_FP
BraTS-GLI-00793-000,30,0,11,16.594145861538973,1.1620541310097854,distant_bg_FP
BraTS-GLI-00793-000,31,0,3,15.790325482686361,0.4777306654696169,distant_bg_FP
BraTS-GLI-00803-000,33,0,1,19.707576751708984,nan,distant_bg_FP
BraTS-GLI-00803-000,34,0,1,18.53323745727539,nan,distant_bg_FP
BraTS-GLI-00803-000,37,0,1,19.66442108154297,nan,distant_bg_FP
BraTS-GLI-00803-000,38,0,1,20.225025177001953,nan,distant_bg_FP
BraTS-GLI-00803-000,39,0,1,19.128841400146484,nan,distant_bg_FP
BraTS-GLI-00803-000,52,0,1,22.21957015991211,nan,distant_bg_FP
BraTS-GLI-00803-000,53,0,2,20.52024269104004,0.8310441410924706,distant_bg_FP
BraTS-GLI-00803-000,59,0,1,19.399127960205078,nan,distant_bg_FP
BraTS-GLI-00999-000,1,0,2,26.621257781982422,1.1724916080942633,distant_bg_FP
BraTS-GLI-00999-000,3,0,4,17.99428367614746,0.2521211443285601,distant_bg_FP
BraTS-GLI-00999-000,7,0,1,14.534549713134766,nan,distant_bg_FP
BraTS-GLI-00999-000,8,0,2,14.610912799835205,0.2967738306289735,distant_bg_FP
BraTS-GLI-00999-000,9,0,2,15.589790344238281,0.44947287430830685,distant_bg_FP
BraTS-GLI-00999-000,10,0,4,15.080979347229004,0.3882752100671862,distant_bg_FP
BraTS-GLI-00999-000,36,0,1,13.91988468170166,nan,distant_bg_FP
BraTS-GLI-00999-000,64,0,1,20.06048011779785,nan,distant_bg_FP
BraTS-GLI-00999-000,65,0,1,19.466211318969727,nan,distant_bg_FP
BraTS-GLI-00999-000,68,0,1,18.439590454101562,nan,distant_bg_FP
BraTS-GLI-00999-000,78,0,1,20.619077682495117,nan,distant_bg_FP
BraTS-GLI-00999-000,81,0,2,20.068730354309082,0.8765586913867791,distant_bg_FP
BraTS-GLI-00999-000,82,0,1,18.864299774169922,nan,distant_bg_FP
BraTS-GLI-00999-000,86,0,1,19.574960708618164,nan,distant_bg_FP
BraTS-GLI-00999-000,87,0,1,18.601272583007812,nan,distant_bg_FP
BraTS-GLI-00999-000,138,0,1,20.964088439941406,nan,distant_bg_FP
BraTS-GLI-00999-000,139,0,1,21.754962921142578,nan,distant_bg_FP
BraTS-GLI-00999-000,141,0,1,22.157621383666992,nan,distant_bg_FP
BraTS-GLI-00999-000,142,0,1,18.64077377319336,nan,distant_bg_FP
BraTS-GLI-00999-000,143,0,1,19.99976921081543,nan,distant_bg_FP
BraTS-GLI-00999-000,144,0,4,20.385623455047607,0.5830880436846061,distant_bg_FP
BraTS-GLI-00999-000,149,0,1,20.28111457824707,nan,distant_bg_FP
BraTS-GLI-00999-000,150,0,1,18.7452449798584,nan,distant_bg_FP
BraTS-GLI-00999-000,154,0,1,18.036108016967773,nan,distant_bg_FP
BraTS-GLI-00999-000,157,0,1,13.760845184326172,nan,distant_bg_FP
BraTS-GLI-00999-000,158,0,4,18.223380088806152,0.3230416235377315,distant_bg_FP
BraTS-GLI-00999-000,185,0,2,19.274494171142578,0.1770410403304972,distant_bg_FP
BraTS-GLI-00999-000,186,0,1,15.027358055114746,nan,distant_bg_FP
BraTS-GLI-01027-000,3,0,2,17.541674613952637,0.0005947763261857366,distant_bg_FP
BraTS-GLI-01027-000,4,0,1,16.94500160217285,nan,distant_bg_FP
BraTS-GLI-01027-000,5,0,1,17.54409408569336,nan,distant_bg_FP
BraTS-GLI-01027-000,6,0,1,17.538883209228516,nan,distant_bg_FP
BraTS-GLI-01027-000,29,0,1,18.264495849609375,nan,distant_bg_FP
BraTS-GLI-01027-000,39,0,1,14.7348051071167,nan,distant_bg_FP
BraTS-GLI-01027-000,40,0,1,17.378719329833984,nan,distant_bg_FP
BraTS-GLI-01027-000,53,0,1,18.509727478027344,nan,distant_bg_FP
BraTS-GLI-01027-000,75,0,1,13.970416069030762,nan,distant_bg_FP
BraTS-GLI-01027-000,82,0,1,19.4206600189209,nan,distant_bg_FP
BraTS-GLI-01027-000,84,0,1,15.386704444885254,nan,distant_bg_FP
BraTS-GLI-01027-000,91,0,1,13.33704662322998,nan,distant_bg_FP
BraTS-GLI-01027-000,92,0,1,14.6070556640625,nan,distant_bg_FP
BraTS-GLI-01027-000,94,0,1,14.010794639587402,nan,distant_bg_FP
BraTS-GLI-01027-000,95,0,1,14.515578269958496,nan,distant_bg_FP
BraTS-GLI-01027-000,100,0,1,14.947938919067383,nan,distant_bg_FP
BraTS-GLI-01027-000,105,0,1,14.943978309631348,nan,distant_bg_FP
BraTS-GLI-01027-000,113,0,1,14.904184341430664,nan,distant_bg_FP
BraTS-GLI-01027-000,114,0,1,14.762670516967773,nan,distant_bg_FP
BraTS-GLI-01027-000,120,0,1,15.427810668945312,nan,distant_bg_FP
BraTS-GLI-01027-000,130,0,1,16.541730880737305,nan,distant_bg_FP
BraTS-GLI-01027-000,131,0,2,14.018420696258545,1.387410189768895,distant_bg_FP
BraTS-GLI-01047-000,1,0,2,15.862755298614502,1.181017409785835,distant_bg_FP
BraTS-GLI-01047-000,2,0,1,15.623961448669434,nan,distant_bg_FP
BraTS-GLI-01047-000,3,0,3,18.079691569010418,2.1717205791046106,distant_bg_FP
BraTS-GLI-01047-000,4,0,5,13.253335762023926,0.6930401741988703,distant_bg_FP
BraTS-GLI-01047-000,6,0,1,13.106855392456055,nan,distant_bg_FP
BraTS-GLI-01047-000,7,0,1,19.862735748291016,nan,distant_bg_FP
BraTS-GLI-01047-000,8,0,1,19.08365821838379,nan,distant_bg_FP
BraTS-GLI-01047-000,9,0,8,18.019719123840332,0.7194376604549511,distant_bg_FP
BraTS-GLI-01047-000,10,0,21,17.2461975642613,0.9489307940342671,distant_bg_FP
BraTS-GLI-01047-000,13,0,1,16.389541625976562,nan,distant_bg_FP
BraTS-GLI-01047-000,15,0,2,25.071868896484375,1.0869463182590957,distant_bg_FP
BraTS-GLI-01047-000,16,0,2,25.362977027893066,0.05420287023373825,distant_bg_FP
BraTS-GLI-01047-000,17,0,1,23.381132125854492,nan,distant_bg_FP
BraTS-GLI-01047-000,18,0,1,17.209917068481445,nan,distant_bg_FP
BraTS-GLI-01047-000,19,0,1,17.434545516967773,nan,distant_bg_FP
BraTS-GLI-01047-000,20,0,1,19.050220489501953,nan,distant_bg_FP
BraTS-GLI-01047-000,21,0,1,20.633567810058594,nan,distant_bg_FP
BraTS-GLI-01047-000,22,0,1,22.960914611816406,nan,distant_bg_FP
BraTS-GLI-01047-000,24,0,6,19.997756322224934,1.6773872373326673,distant_bg_FP
BraTS-GLI-01047-000,26,0,1,21.754079818725586,nan,distant_bg_FP
BraTS-GLI-01047-000,28,0,1,15.949170112609863,nan,distant_bg_FP
BraTS-GLI-01047-000,31,0,7,17.138532093593053,0.8251047104946285,distant_bg_FP
BraTS-GLI-01047-000,32,0,1,25.01706314086914,nan,distant_bg_FP
BraTS-GLI-01047-000,33,0,1,19.463993072509766,nan,distant_bg_FP
BraTS-GLI-01047-000,34,0,1,18.131277084350586,nan,distant_bg_FP
BraTS-GLI-01047-000,39,0,1,19.612991333007812,nan,distant_bg_FP
BraTS-GLI-01047-000,43,0,1,17.111164093017578,nan,distant_bg_FP
BraTS-GLI-01047-000,44,0,1,17.997875213623047,nan,distant_bg_FP
BraTS-GLI-01047-000,45,0,1,18.43692398071289,nan,distant_bg_FP
BraTS-GLI-01047-000,50,0,2,16.6003360748291,0.4980907813521695,distant_bg_FP
BraTS-GLI-01047-000,51,0,12,18.0323584874471,2.1870100121790714,distant_bg_FP
BraTS-GLI-01047-000,52,0,3,17.6510066986084,0.5636736102456822,distant_bg_FP
BraTS-GLI-01047-000,53,0,1,17.305660247802734,nan,distant_bg_FP
BraTS-GLI-01047-000,55,0,4,17.317606449127197,1.1951304020701898,distant_bg_FP
BraTS-GLI-01047-000,58,0,1,17.077028274536133,nan,distant_bg_FP
BraTS-GLI-01047-000,74,0,1,22.113431930541992,nan,distant_bg_FP
BraTS-GLI-01047-000,78,0,1,20.37940216064453,nan,distant_bg_FP
BraTS-GLI-01047-000,88,0,1,22.520490646362305,nan,distant_bg_FP
BraTS-GLI-01047-000,104,0,1,25.848447799682617,nan,distant_bg_FP
BraTS-GLI-01047-000,107,0,1,16.131629943847656,nan,distant_bg_FP
BraTS-GLI-01047-000,116,0,1,22.92409324645996,nan,distant_bg_FP
BraTS-GLI-01047-000,117,0,1,22.880062103271484,nan,distant_bg_FP
BraTS-GLI-01047-000,121,0,2,18.426247596740723,0.11908878645322983,distant_bg_FP
BraTS-GLI-01047-000,122,0,1,25.791669845581055,nan,distant_bg_FP
BraTS-GLI-01047-000,124,0,1,17.459280014038086,nan,distant_bg_FP
BraTS-GLI-01047-000,150,0,1,20.151681900024414,nan,distant_bg_FP
BraTS-GLI-01047-000,186,0,2,18.04680061340332,0.5374566122109207,distant_bg_FP
BraTS-GLI-01047-000,212,0,1,16.091535568237305,nan,distant_bg_FP
BraTS-GLI-01047-000,239,0,1,19.929298400878906,nan,distant_bg_FP
BraTS-GLI-01047-000,246,0,1,18.949527740478516,nan,distant_bg_FP
BraTS-GLI-01047-000,271,0,1,17.460813522338867,nan,distant_bg_FP
BraTS-GLI-01047-000,275,0,1,14.392007827758789,nan,distant_bg_FP
BraTS-GLI-01047-000,291,0,1,19.742040634155273,nan,distant_bg_FP
BraTS-GLI-01047-000,294,0,1,20.713165283203125,nan,distant_bg_FP
BraTS-GLI-01049-000,7,0,1,13.376214027404785,nan,distant_bg_FP
BraTS-GLI-01049-000,8,0,2,15.19063425064087,0.2829591052114667,distant_bg_FP
BraTS-GLI-01049-000,9,0,1,14.975777626037598,nan,distant_bg_FP
BraTS-GLI-01049-000,10,0,1,15.086298942565918,nan,distant_bg_FP
BraTS-GLI-01049-000,11,0,1,11.172154426574707,nan,distant_bg_FP
BraTS-GLI-01049-000,12,0,3,14.255781491597494,1.4604887236334403,distant_bg_FP
BraTS-GLI-01049-000,13,0,140,16.776315464292253,1.9751742207447114,distant_bg_FP
BraTS-GLI-01049-000,14,0,4,15.057036399841309,0.5003815438756585,distant_bg_FP
BraTS-GLI-01049-000,15,0,1,13.225061416625977,nan,distant_bg_FP
BraTS-GLI-01049-000,16,0,1,12.502422332763672,nan,distant_bg_FP
BraTS-GLI-01049-000,17,0,1,17.390899658203125,nan,distant_bg_FP
BraTS-GLI-01049-000,18,0,1,17.714632034301758,nan,distant_bg_FP
BraTS-GLI-01049-000,19,0,3,15.819162368774414,0.21329678832607565,distant_bg_FP
BraTS-GLI-01049-000,20,0,1,13.394461631774902,nan,distant_bg_FP
BraTS-GLI-01049-000,22,0,3,17.325831095377605,0.4808596115864911,distant_bg_FP
BraTS-GLI-01049-000,23,0,5,17.658265686035158,0.7007205944946444,distant_bg_FP
BraTS-GLI-01049-000,24,0,1,11.882885932922363,nan,distant_bg_FP
BraTS-GLI-01049-000,25,0,2,20.511487007141113,1.9464979133347589,distant_bg_FP
BraTS-GLI-01049-000,26,0,1,20.427156448364258,nan,distant_bg_FP
BraTS-GLI-01049-000,27,0,1,16.214723587036133,nan,distant_bg_FP
BraTS-GLI-01049-000,28,0,1,11.186803817749023,nan,distant_bg_FP
BraTS-GLI-01049-000,29,0,1,14.611730575561523,nan,distant_bg_FP
BraTS-GLI-01049-000,30,0,1,21.99609375,nan,distant_bg_FP
BraTS-GLI-01049-000,31,0,1,26.868913650512695,nan,distant_bg_FP
BraTS-GLI-01049-000,32,0,1,14.16729736328125,nan,distant_bg_FP
BraTS-GLI-01049-000,33,0,1,17.143810272216797,nan,distant_bg_FP
BraTS-GLI-01049-000,36,0,2,15.143914699554443,0.5487000426944749,distant_bg_FP
BraTS-GLI-01049-000,37,0,1,24.889636993408203,nan,distant_bg_FP
BraTS-GLI-01049-000,38,0,7,16.393242563520158,0.6732092412412316,distant_bg_FP
BraTS-GLI-01049-000,39,0,1,16.553119659423828,nan,distant_bg_FP
BraTS-GLI-01049-000,41,0,1,25.86357307434082,nan,distant_bg_FP
BraTS-GLI-01049-000,43,0,1,17.530805587768555,nan,distant_bg_FP
BraTS-GLI-01049-000,44,0,2,13.592108249664307,0.7442357945011285,distant_bg_FP
BraTS-GLI-01049-000,46,0,1,27.951709747314453,nan,distant_bg_FP
BraTS-GLI-01049-000,48,0,1,26.17535400390625,nan,distant_bg_FP
BraTS-GLI-01049-000,49,0,1,25.216590881347656,nan,distant_bg_FP
BraTS-GLI-01049-000,51,0,2,12.291798114776611,0.14455020340084304,distant_bg_FP
BraTS-GLI-01049-000,55,0,1,25.312728881835938,nan,distant_bg_FP
BraTS-GLI-01049-000,57,0,1,17.591772079467773,nan,distant_bg_FP
BraTS-GLI-01049-000,61,0,1,22.456512451171875,nan,distant_bg_FP
BraTS-GLI-01049-000,63,0,1,13.2254638671875,nan,distant_bg_FP
BraTS-GLI-01049-000,64,0,1,16.459020614624023,nan,distant_bg_FP
BraTS-GLI-01049-000,66,0,1,14.74213981628418,nan,distant_bg_FP
BraTS-GLI-01049-000,83,0,1,15.954805374145508,nan,distant_bg_FP
BraTS-GLI-01049-000,84,0,1,15.156548500061035,nan,distant_bg_FP
BraTS-GLI-01049-000,85,0,1,20.32659149169922,nan,distant_bg_FP
BraTS-GLI-01049-000,87,0,11,15.812826330011541,0.6756424546322525,distant_bg_FP
BraTS-GLI-01049-000,88,0,3,16.178219159444172,0.2408953066044995,distant_bg_FP
BraTS-GLI-01049-000,89,0,7,14.31690788269043,0.7060774541510005,distant_bg_FP
BraTS-GLI-01049-000,94,0,1,13.540410995483398,nan,distant_bg_FP
BraTS-GLI-01049-000,96,0,1,15.756571769714355,nan,distant_bg_FP
BraTS-GLI-01049-000,98,0,1,14.2625732421875,nan,distant_bg_FP
BraTS-GLI-01049-000,108,0,1,11.843450546264648,nan,distant_bg_FP
BraTS-GLI-01049-000,129,0,4,14.59086012840271,0.9076985540911304,distant_bg_FP
BraTS-GLI-01049-000,131,0,2,14.611565589904785,0.01593218308669412,distant_bg_FP
BraTS-GLI-01049-000,132,0,1,14.385988235473633,nan,distant_bg_FP
BraTS-GLI-01049-000,135,0,5,14.455943489074707,0.6849584004030075,distant_bg_FP
BraTS-GLI-01049-000,138,0,1,13.471006393432617,nan,distant_bg_FP
BraTS-GLI-01049-000,139,0,3,14.23625628153483,0.482207500907359,distant_bg_FP
BraTS-GLI-01049-000,144,0,1,14.905344009399414,nan,distant_bg_FP
BraTS-GLI-01049-000,150,0,2,13.68422555923462,0.6414959391726686,distant_bg_FP
BraTS-GLI-01049-000,153,0,1,11.355530738830566,nan,distant_bg_FP
BraTS-GLI-01049-000,158,0,1,15.931708335876465,nan,distant_bg_FP
BraTS-GLI-01049-000,163,0,3,14.60134474436442,1.0696736994954577,distant_bg_FP
BraTS-GLI-01049-000,164,0,1,16.515737533569336,nan,distant_bg_FP
BraTS-GLI-01053-000,4,0,1,21.781497955322266,nan,distant_bg_FP
BraTS-GLI-01053-000,6,0,2,20.49657154083252,0.7077689924703507,distant_bg_FP
BraTS-GLI-01053-000,8,0,76,6.022091005977831,5.937327771365246,distant_bg_FP
BraTS-GLI-01053-000,9,0,22,16.539973389018666,2.314964354122085,distant_bg_FP
BraTS-GLI-01053-000,17,0,42,6.825976340543656,4.201961726199756,distant_bg_FP
BraTS-GLI-01053-000,19,0,3,19.902230580647785,0.4135548192188992,distant_bg_FP
BraTS-GLI-01053-000,22,0,1,7.495572566986084,nan,distant_bg_FP
BraTS-GLI-01053-000,23,0,1,18.626270294189453,nan,distant_bg_FP
BraTS-GLI-01053-000,24,0,3,17.37002944946289,0.36709350341254865,distant_bg_FP
BraTS-GLI-01053-000,27,0,3,17.101621945699055,3.859545079403578,distant_bg_FP
BraTS-GLI-01053-000,28,0,1,17.38590431213379,nan,distant_bg_FP
BraTS-GLI-01053-000,30,0,1,27.259212493896484,nan,distant_bg_FP
BraTS-GLI-01053-000,34,0,3,18.548995971679688,0.6457632388137624,distant_bg_FP
BraTS-GLI-01053-000,37,0,1,17.99590492248535,nan,distant_bg_FP
BraTS-GLI-01053-000,38,0,1,18.525632858276367,nan,distant_bg_FP
BraTS-GLI-01053-000,40,0,2,20.95213222503662,0.7857211060777956,distant_bg_FP
BraTS-GLI-01053-000,43,0,29,6.103549801070114,2.4920328994712277,distant_bg_FP
BraTS-GLI-01053-000,44,0,15,17.083197339375815,1.975185450866922,distant_bg_FP
BraTS-GLI-01053-000,50,0,1,19.818628311157227,nan,distant_bg_FP
BraTS-GLI-01053-000,51,0,2,17.290898323059082,1.3723782633663935,distant_bg_FP
BraTS-GLI-01053-000,55,0,3,14.009327252705893,0.7929406055553212,distant_bg_FP
BraTS-GLI-01053-000,56,0,1,16.889760971069336,nan,distant_bg_FP
BraTS-GLI-01053-000,58,0,2,10.394081592559814,2.0482350108434475,distant_bg_FP
BraTS-GLI-01053-000,59,0,131,5.347106604175713,4.921967643017381,distant_bg_FP
BraTS-GLI-01053-000,63,0,1,21.011743545532227,nan,distant_bg_FP
BraTS-GLI-01053-000,75,0,2,14.813387870788574,0.11446814315728349,distant_bg_FP
BraTS-GLI-01053-000,86,0,1,22.63926124572754,nan,distant_bg_FP
BraTS-GLI-01053-000,87,0,2,16.736690521240234,0.9686303364201616,distant_bg_FP
BraTS-GLI-01053-000,91,0,2,18.867077827453613,0.28922988192031157,distant_bg_FP
BraTS-GLI-01053-000,93,0,2,20.317476272583008,0.5641905268087748,distant_bg_FP
BraTS-GLI-01053-000,94,0,1,15.602270126342773,nan,distant_bg_FP
BraTS-GLI-01053-000,99,0,1,18.5456485748291,nan,distant_bg_FP
BraTS-GLI-01053-000,107,0,2,19.209047317504883,1.2951126376274942,distant_bg_FP
BraTS-GLI-01053-000,108,0,1,21.4954891204834,nan,distant_bg_FP
BraTS-GLI-01053-000,111,0,1,21.756216049194336,nan,distant_bg_FP
BraTS-GLI-01053-000,112,0,6,21.000745455423992,1.6242713181900492,distant_bg_FP
BraTS-GLI-01053-000,113,0,1,21.94856834411621,nan,distant_bg_FP
BraTS-GLI-01053-000,115,0,9,17.97568639119466,1.0080963542761505,distant_bg_FP
BraTS-GLI-01053-000,116,0,1,22.666278839111328,nan,distant_bg_FP
BraTS-GLI-01053-000,122,0,3,15.26272996266683,0.22096892984139502,distant_bg_FP
BraTS-GLI-01053-000,127,0,1,20.98775291442871,nan,distant_bg_FP
BraTS-GLI-01053-000,142,0,2,16.510568618774414,0.16420681919674784,distant_bg_FP
BraTS-GLI-01053-000,154,0,61,17.388238813056322,1.5269432276565769,distant_bg_FP
BraTS-GLI-01053-000,160,0,1,22.272167205810547,nan,distant_bg_FP
BraTS-GLI-01053-000,171,0,1,21.7301025390625,nan,distant_bg_FP
BraTS-GLI-01053-000,175,0,3,18.50965181986491,0.39491363504213384,distant_bg_FP
BraTS-GLI-01053-000,190,0,27,7.587746805614895,2.5420050827890575,distant_bg_FP
BraTS-GLI-01053-000,194,0,1,20.057703018188477,nan,distant_bg_FP
BraTS-GLI-01053-000,251,0,1,17.960235595703125,nan,distant_bg_FP
BraTS-GLI-01053-000,258,0,1,16.871349334716797,nan,distant_bg_FP
BraTS-GLI-01053-000,268,0,1,17.377763748168945,nan,distant_bg_FP
BraTS-GLI-01053-000,269,0,1,18.608089447021484,nan,distant_bg_FP
BraTS-GLI-01053-000,293,0,1,18.316349029541016,nan,distant_bg_FP
BraTS-GLI-01053-000,307,0,20,16.453724193573,0.7623057779397315,distant_bg_FP
BraTS-GLI-01053-000,315,0,1,18.023326873779297,nan,distant_bg_FP
BraTS-GLI-01053-000,324,0,1,8.381861686706543,nan,distant_bg_FP
BraTS-GLI-01053-000,332,0,1,14.475286483764648,nan,distant_bg_FP
BraTS-GLI-01053-000,338,0,7,14.853782517569405,0.9539154397247808,distant_bg_FP
BraTS-GLI-01053-000,340,0,2,16.806710243225098,0.49684593203455174,distant_bg_FP
BraTS-GLI-01053-000,341,0,1,13.790596961975098,nan,distant_bg_FP
BraTS-GLI-01053-000,347,0,10,15.336685180664062,0.20438597633590216,distant_bg_FP
BraTS-GLI-01053-000,358,0,1,14.270750045776367,nan,distant_bg_FP
BraTS-GLI-01053-000,360,0,1,21.17055320739746,nan,distant_bg_FP
BraTS-GLI-01053-000,361,0,1,17.86949920654297,nan,distant_bg_FP
BraTS-GLI-01053-000,376,0,1,18.84564781188965,nan,distant_bg_FP
BraTS-GLI-01053-000,377,0,1,18.308345794677734,nan,distant_bg_FP
BraTS-GLI-01053-000,380,0,1,19.56882095336914,nan,distant_bg_FP
BraTS-GLI-01053-000,390,0,13,17.364578320429874,0.8309169382453728,distant_bg_FP
BraTS-GLI-01058-000,68,0,1,23.898025512695312,nan,distant_bg_FP
BraTS-GLI-01058-000,69,0,1,18.314882278442383,nan,distant_bg_FP
BraTS-GLI-01058-000,76,0,3,19.53066571553548,0.7811165491724359,distant_bg_FP
BraTS-GLI-01058-000,86,0,1,18.255523681640625,nan,distant_bg_FP
BraTS-GLI-01058-000,112,0,1,20.460126876831055,nan,distant_bg_FP
BraTS-GLI-01058-000,174,0,9,16.353691630893284,1.2858650770548365,distant_bg_FP
BraTS-GLI-01058-000,178,0,1,15.160985946655273,nan,distant_bg_FP
BraTS-GLI-01058-000,185,0,1,15.131661415100098,nan,distant_bg_FP
BraTS-GLI-01058-000,186,0,1,16.17603874206543,nan,distant_bg_FP
BraTS-GLI-01058-000,196,0,3,15.049064954121908,0.8020971803857649,distant_bg_FP
BraTS-GLI-01058-000,197,0,4,17.186604499816895,0.5283557381975584,distant_bg_FP
BraTS-GLI-01058-000,201,0,1,16.121286392211914,nan,distant_bg_FP
BraTS-GLI-01058-000,220,0,1,15.766057014465332,nan,distant_bg_FP
BraTS-GLI-01058-000,238,0,1,13.665337562561035,nan,distant_bg_FP
BraTS-GLI-01058-000,245,0,1,18.974613189697266,nan,distant_bg_FP
BraTS-GLI-01058-000,249,0,1,17.4545841217041,nan,distant_bg_FP
BraTS-GLI-01070-000,5,0,1,20.615997314453125,nan,distant_bg_FP
BraTS-GLI-01070-000,11,0,1,16.91366958618164,nan,distant_bg_FP
BraTS-GLI-01070-000,21,0,1,21.525249481201172,nan,distant_bg_FP
BraTS-GLI-01070-000,79,0,2,21.321871757507324,0.6845524852618218,distant_bg_FP
BraTS-GLI-01070-000,110,0,4,22.533928394317627,0.5605385953175598,distant_bg_FP
BraTS-GLI-01070-000,112,0,1,29.315980911254883,nan,distant_bg_FP
BraTS-GLI-01070-000,118,0,3,23.183448791503906,1.24145074071028,distant_bg_FP
BraTS-GLI-01070-000,123,0,7,18.964775357927596,1.7137765063450174,distant_bg_FP
BraTS-GLI-01070-000,210,0,2,16.99739933013916,0.8068741035832312,distant_bg_FP
BraTS-GLI-01070-000,220,0,3,19.707945505777996,0.20479665632969662,distant_bg_FP
BraTS-GLI-01070-000,229,0,1,17.507984161376953,nan,distant_bg_FP
BraTS-GLI-01072-000,8,0,1,14.017008781433105,nan,distant_bg_FP
BraTS-GLI-01072-000,9,0,2,13.986472129821777,0.24037460382563555,distant_bg_FP
BraTS-GLI-01072-000,18,0,4,15.171226739883423,0.23773326587800392,distant_bg_FP
BraTS-GLI-01072-000,22,0,2,14.670478343963623,0.4013748907876746,distant_bg_FP
BraTS-GLI-01072-000,29,0,1,14.239822387695312,nan,distant_bg_FP
BraTS-GLI-01072-000,36,0,1,14.133581161499023,nan,distant_bg_FP
BraTS-GLI-01072-000,40,0,2,15.031579494476318,0.9168072458407425,distant_bg_FP
BraTS-GLI-01072-000,45,0,1,16.359188079833984,nan,distant_bg_FP
BraTS-GLI-01072-000,56,0,5,21.249096298217772,1.0609144767985608,distant_bg_FP
BraTS-GLI-01072-000,67,0,1,21.570375442504883,nan,distant_bg_FP
BraTS-GLI-01072-000,91,0,1,17.256668090820312,nan,distant_bg_FP
BraTS-GLI-01072-000,101,0,2,19.932401657104492,0.04684032156106719,distant_bg_FP
BraTS-GLI-01080-000,19,0,1,24.155506134033203,nan,distant_bg_FP
BraTS-GLI-01080-000,23,0,1,24.026697158813477,nan,distant_bg_FP
BraTS-GLI-01080-000,29,0,1,21.54722785949707,nan,distant_bg_FP
BraTS-GLI-01080-000,35,0,1,14.160599708557129,nan,distant_bg_FP
BraTS-GLI-01080-000,36,0,1,17.214889526367188,nan,distant_bg_FP
BraTS-GLI-01080-000,37,0,2,17.271787643432617,1.3952130887148078,distant_bg_FP
BraTS-GLI-01080-000,38,0,1,17.825557708740234,nan,distant_bg_FP
BraTS-GLI-01080-000,39,0,1,18.62883186340332,nan,distant_bg_FP
BraTS-GLI-01080-000,42,0,1,19.462141036987305,nan,distant_bg_FP
BraTS-GLI-01080-000,43,0,1,19.908615112304688,nan,distant_bg_FP
BraTS-GLI-01080-000,46,0,1,14.86064624786377,nan,distant_bg_FP
BraTS-GLI-01080-000,47,0,3,15.185879389444986,0.6108650568552371,distant_bg_FP
BraTS-GLI-01080-000,48,0,1,17.98411750793457,nan,distant_bg_FP
BraTS-GLI-01080-000,49,0,1,19.44394874572754,nan,distant_bg_FP
BraTS-GLI-01080-000,50,0,1,19.93782615661621,nan,distant_bg_FP
BraTS-GLI-01080-000,53,0,1,18.703996658325195,nan,distant_bg_FP
BraTS-GLI-01080-000,57,0,2,19.470426559448242,1.1799930727796262,distant_bg_FP
BraTS-GLI-01080-000,62,0,1,19.57403564453125,nan,distant_bg_FP
BraTS-GLI-01080-000,63,0,1,18.0588321685791,nan,distant_bg_FP
BraTS-GLI-01080-000,67,0,1,17.629741668701172,nan,distant_bg_FP
BraTS-GLI-01080-000,68,0,1,18.818971633911133,nan,distant_bg_FP
BraTS-GLI-01080-000,69,0,1,19.66063117980957,nan,distant_bg_FP
BraTS-GLI-01080-000,70,0,1,19.83320426940918,nan,distant_bg_FP
BraTS-GLI-01080-000,71,0,1,20.35613441467285,nan,distant_bg_FP
BraTS-GLI-01080-000,74,0,1,19.155380249023438,nan,distant_bg_FP
BraTS-GLI-01080-000,75,0,16,17.088254928588867,0.8124905022789627,distant_bg_FP
BraTS-GLI-01080-000,77,0,1,19.860883712768555,nan,distant_bg_FP
BraTS-GLI-01080-000,78,0,1,20.89353370666504,nan,distant_bg_FP
BraTS-GLI-01080-000,90,0,1,14.35596752166748,nan,distant_bg_FP
BraTS-GLI-01080-000,94,0,2,13.788869380950928,0.08071762121933573,distant_bg_FP
BraTS-GLI-01080-000,97,0,1,15.068131446838379,nan,distant_bg_FP
BraTS-GLI-01080-000,98,0,10,16.140121364593504,0.6500940291637332,distant_bg_FP
BraTS-GLI-01080-000,100,0,5,15.861416816711426,0.6510115366228527,distant_bg_FP
BraTS-GLI-01080-000,101,0,4,15.099604368209839,0.5950496860403641,distant_bg_FP
BraTS-GLI-01080-000,108,0,6,16.30306053161621,0.5176994286378779,distant_bg_FP
BraTS-GLI-01080-000,109,0,3,18.252092361450195,0.705627729332045,distant_bg_FP
BraTS-GLI-01080-000,112,0,1,16.99454689025879,nan,distant_bg_FP
BraTS-GLI-01080-000,117,0,3,16.728750228881836,0.45507546255681386,distant_bg_FP
BraTS-GLI-01080-000,118,0,1,18.331361770629883,nan,distant_bg_FP
BraTS-GLI-01080-000,136,0,1,19.18801498413086,nan,distant_bg_FP
BraTS-GLI-01080-000,138,0,3,17.72964096069336,0.49422828644297956,distant_bg_FP
BraTS-GLI-01080-000,139,0,1,16.67997169494629,nan,distant_bg_FP
BraTS-GLI-01080-000,142,0,14,16.11527415684291,1.0275677981288485,distant_bg_FP
BraTS-GLI-01080-000,143,0,51,17.053093012641458,1.3498925793710443,distant_bg_FP
BraTS-GLI-01080-000,145,0,4,16.154804706573486,1.423088712964872,distant_bg_FP
BraTS-GLI-01080-000,146,0,2,15.379432201385498,0.02766923746000789,distant_bg_FP
BraTS-GLI-01080-000,147,0,1,17.032028198242188,nan,distant_bg_FP
BraTS-GLI-01106-000,44,0,1,14.292520523071289,nan,distant_bg_FP
BraTS-GLI-01106-000,66,0,1,16.473249435424805,nan,distant_bg_FP
BraTS-GLI-01106-000,70,0,1,17.687917709350586,nan,distant_bg_FP
BraTS-GLI-01106-000,84,0,2,18.40089511871338,0.6582420621978051,distant_bg_FP
BraTS-GLI-01113-000,1,0,1,16.543790817260742,nan,distant_bg_FP
BraTS-GLI-01113-000,4,0,1,16.658035278320312,nan,distant_bg_FP
BraTS-GLI-01113-000,7,0,1,17.247644424438477,nan,distant_bg_FP
BraTS-GLI-01113-000,44,0,1,16.897968292236328,nan,distant_bg_FP
BraTS-GLI-01113-000,58,0,1,19.697500228881836,nan,distant_bg_FP
BraTS-GLI-01113-000,75,0,2,16.603527069091797,0.7405868889444494,distant_bg_FP
BraTS-GLI-01113-000,92,0,1,19.82206153869629,nan,distant_bg_FP
BraTS-GLI-01113-000,111,0,1,14.697755813598633,nan,distant_bg_FP
BraTS-GLI-01113-000,112,0,1,19.58717155456543,nan,distant_bg_FP
BraTS-GLI-01113-000,123,0,1,18.41809844970703,nan,distant_bg_FP
BraTS-GLI-01113-000,130,0,1,14.447638511657715,nan,distant_bg_FP
BraTS-GLI-01113-000,132,0,2,16.734610557556152,1.9424895794539787,distant_bg_FP
BraTS-GLI-01113-000,143,0,3,19.98368263244629,0.5272882643077931,distant_bg_FP
BraTS-GLI-01113-000,156,0,2,17.231711387634277,0.1353271242475071,distant_bg_FP
BraTS-GLI-01113-000,162,0,2,17.403895378112793,0.2874522964375161,distant_bg_FP
BraTS-GLI-01113-000,180,0,2,15.854264736175537,0.7170419734923236,distant_bg_FP
BraTS-GLI-01113-000,200,0,1,17.741872787475586,nan,distant_bg_FP
BraTS-GLI-01113-000,209,0,1,18.849267959594727,nan,distant_bg_FP
BraTS-GLI-01113-000,218,0,1,18.852697372436523,nan,distant_bg_FP
BraTS-GLI-01113-000,223,0,1,19.093769073486328,nan,distant_bg_FP
BraTS-GLI-01113-000,230,0,1,19.627925872802734,nan,distant_bg_FP
BraTS-GLI-01122-000,2,0,1,16.148000717163086,nan,distant_bg_FP
BraTS-GLI-01122-000,7,0,1,17.4700927734375,nan,distant_bg_FP
BraTS-GLI-01122-000,11,0,1,18.10700225830078,nan,distant_bg_FP
BraTS-GLI-01122-000,17,0,1,18.142459869384766,nan,distant_bg_FP
BraTS-GLI-01122-000,23,0,1,27.761802673339844,nan,distant_bg_FP
BraTS-GLI-01122-000,25,0,1,15.595252990722656,nan,distant_bg_FP
BraTS-GLI-01122-000,33,0,2,16.363608360290527,0.059133714334724766,distant_bg_FP
BraTS-GLI-01122-000,39,0,5,21.81240348815918,1.0184263620800118,distant_bg_FP
BraTS-GLI-01122-000,48,0,1,17.948762893676758,nan,distant_bg_FP
BraTS-GLI-01122-000,61,0,1,18.348167419433594,nan,distant_bg_FP
BraTS-GLI-01122-000,74,0,1,14.480700492858887,nan,distant_bg_FP
BraTS-GLI-01122-000,80,0,3,18.77906036376953,0.9309923819050524,distant_bg_FP
BraTS-GLI-01122-000,81,0,1,15.119941711425781,nan,distant_bg_FP
BraTS-GLI-01122-000,85,0,1,15.252301216125488,nan,distant_bg_FP
BraTS-GLI-01122-000,121,0,1,13.719164848327637,nan,distant_bg_FP
BraTS-GLI-01122-000,132,0,1,17.742000579833984,nan,distant_bg_FP
BraTS-GLI-01122-000,135,0,2,21.13656997680664,0.270549049961131,distant_bg_FP
BraTS-GLI-01122-000,148,0,1,21.780120849609375,nan,distant_bg_FP
BraTS-GLI-01122-000,157,0,3,17.31414731343587,0.41645966080337715,distant_bg_FP
BraTS-GLI-01122-000,170,0,4,17.551382064819336,0.16724121374920248,distant_bg_FP
BraTS-GLI-01122-000,179,0,2,19.775182723999023,0.5770786959086182,distant_bg_FP
BraTS-GLI-01122-000,193,0,1,19.999897003173828,nan,distant_bg_FP
BraTS-GLI-01122-000,197,0,1,18.992841720581055,nan,distant_bg_FP
BraTS-GLI-01122-000,205,0,4,18.15934467315674,0.6403491380156071,distant_bg_FP
BraTS-GLI-01122-000,206,0,7,18.029947417122976,1.5259079236045519,distant_bg_FP
BraTS-GLI-01122-000,212,0,8,18.1404287815094,0.8633066770354099,distant_bg_FP
BraTS-GLI-01122-000,227,0,1,16.756816864013672,nan,distant_bg_FP
BraTS-GLI-01122-000,229,0,1,17.174076080322266,nan,distant_bg_FP
BraTS-GLI-01122-000,237,0,1,17.854740142822266,nan,distant_bg_FP
BraTS-GLI-01122-000,238,0,1,15.52716064453125,nan,distant_bg_FP
BraTS-GLI-01122-000,244,0,2,17.397480010986328,0.12533191482945155,distant_bg_FP
BraTS-GLI-01122-000,245,0,1,14.969995498657227,nan,distant_bg_FP
BraTS-GLI-01122-000,252,0,2,17.961783409118652,0.36379406325705677,distant_bg_FP
BraTS-GLI-01122-000,264,0,1,13.043436050415039,nan,distant_bg_FP
BraTS-GLI-01122-000,276,0,1,13.234796524047852,nan,distant_bg_FP
BraTS-GLI-01122-000,278,0,2,12.86684513092041,0.7473910761680481,distant_bg_FP
BraTS-GLI-01122-000,296,0,2,16.83309841156006,0.7837250313323196,distant_bg_FP
BraTS-GLI-01122-000,297,0,2,17.6192626953125,1.6660858264725025,distant_bg_FP
BraTS-GLI-01122-000,303,0,1,15.552927017211914,nan,distant_bg_FP
BraTS-GLI-01122-000,304,0,3,18.641709009806316,0.39693048816123777,distant_bg_FP
BraTS-GLI-01122-000,305,0,1,19.165416717529297,nan,distant_bg_FP
BraTS-GLI-01122-000,311,0,3,21.307400385538738,2.155275769689413,distant_bg_FP
BraTS-GLI-01122-000,314,0,1,19.563966751098633,nan,distant_bg_FP
BraTS-GLI-01122-000,319,0,6,21.913970629374187,1.4496874273462337,distant_bg_FP
BraTS-GLI-01122-000,321,0,2,14.252698421478271,1.2259520194446336,distant_bg_FP
BraTS-GLI-01122-000,323,0,1,16.659696578979492,nan,distant_bg_FP
BraTS-GLI-01122-000,324,0,4,14.28979778289795,0.5387571095032214,distant_bg_FP
BraTS-GLI-01122-000,326,0,5,14.076222801208496,0.9277659060801897,distant_bg_FP
BraTS-GLI-01122-000,328,0,2,15.995245933532715,0.4618606760226288,distant_bg_FP
BraTS-GLI-01122-000,331,0,7,14.948164939880371,0.3777519465548465,distant_bg_FP
BraTS-GLI-01122-000,336,0,8,15.044249057769775,1.076487195895972,distant_bg_FP
BraTS-GLI-01122-000,339,0,3,20.44248390197754,0.1619658164503333,distant_bg_FP
BraTS-GLI-01122-000,340,0,7,14.920705114092145,1.0827823756244863,distant_bg_FP
BraTS-GLI-01122-000,349,0,21,19.429873920622327,2.435448472603099,distant_bg_FP
BraTS-GLI-01122-000,351,0,1,17.01358985900879,nan,distant_bg_FP
BraTS-GLI-01122-000,352,0,2,19.782408714294434,0.32165260954277214,distant_bg_FP
BraTS-GLI-01122-000,353,0,3,19.25926144917806,0.43371985261312096,distant_bg_FP
BraTS-GLI-01122-000,354,0,1,15.787637710571289,nan,distant_bg_FP
BraTS-GLI-01135-000,9,0,1,21.9014949798584,nan,distant_bg_FP
BraTS-GLI-01135-000,24,0,1,17.426729202270508,nan,distant_bg_FP
BraTS-GLI-01135-000,25,0,1,15.437347412109375,nan,distant_bg_FP
BraTS-GLI-01135-000,33,0,1,17.038562774658203,nan,distant_bg_FP
BraTS-GLI-01135-000,34,0,1,16.056543350219727,nan,distant_bg_FP
BraTS-GLI-01135-000,37,0,1,15.786112785339355,nan,distant_bg_FP
BraTS-GLI-01135-000,42,0,1,15.948897361755371,nan,distant_bg_FP
BraTS-GLI-01135-000,46,0,1,15.263955116271973,nan,distant_bg_FP
BraTS-GLI-01135-000,49,0,1,14.918241500854492,nan,distant_bg_FP
BraTS-GLI-01135-000,63,0,1,15.115181922912598,nan,distant_bg_FP
BraTS-GLI-01135-000,73,0,1,14.588773727416992,nan,distant_bg_FP
BraTS-GLI-01135-000,90,0,1,19.36141014099121,nan,distant_bg_FP
BraTS-GLI-01135-000,92,0,23,22.346569558848504,1.0891626324568529,distant_bg_FP
BraTS-GLI-01135-000,94,0,1,18.99897575378418,nan,distant_bg_FP
BraTS-GLI-01135-000,95,0,1,15.108256340026855,nan,distant_bg_FP
BraTS-GLI-01135-000,96,0,1,20.774032592773438,nan,distant_bg_FP
BraTS-GLI-01135-000,99,0,1,16.179298400878906,nan,distant_bg_FP
BraTS-GLI-01135-000,101,0,1,16.998544692993164,nan,distant_bg_FP
BraTS-GLI-01135-000,102,0,1,15.848374366760254,nan,distant_bg_FP
BraTS-GLI-01135-000,103,0,1,21.907968521118164,nan,distant_bg_FP
BraTS-GLI-01135-000,105,0,1,15.951202392578125,nan,distant_bg_FP
BraTS-GLI-01135-000,106,0,34,17.076478481292725,1.383345961905124,distant_bg_FP
BraTS-GLI-01135-000,107,0,1,19.701492309570312,nan,distant_bg_FP
BraTS-GLI-01135-000,108,0,1,13.73613452911377,nan,distant_bg_FP
BraTS-GLI-01135-000,115,0,2,14.250279903411865,1.2765781395263434,distant_bg_FP
BraTS-GLI-01135-000,117,0,1,16.324331283569336,nan,distant_bg_FP
BraTS-GLI-01135-000,119,0,2,18.731656074523926,0.20265958072935902,distant_bg_FP
BraTS-GLI-01135-000,122,0,1,15.973132133483887,nan,distant_bg_FP
BraTS-GLI-01135-000,126,0,1,16.31586456298828,nan,distant_bg_FP
BraTS-GLI-01135-000,127,0,1,16.085256576538086,nan,distant_bg_FP
BraTS-GLI-01135-000,132,0,1,14.472641944885254,nan,distant_bg_FP
BraTS-GLI-01135-000,133,0,2,15.991790771484375,0.5725470667567268,distant_bg_FP
BraTS-GLI-01135-000,136,0,1,16.72687339782715,nan,distant_bg_FP
BraTS-GLI-01135-000,138,0,1,19.99530029296875,nan,distant_bg_FP
BraTS-GLI-01135-000,147,0,1,15.546782493591309,nan,distant_bg_FP
BraTS-GLI-01135-000,154,0,5,18.27605323791504,1.0296445966885728,distant_bg_FP
BraTS-GLI-01135-000,165,0,1,18.80006217956543,nan,distant_bg_FP
BraTS-GLI-01135-000,187,0,1,15.14774227142334,nan,distant_bg_FP
BraTS-GLI-01135-000,189,0,1,14.643132209777832,nan,distant_bg_FP
BraTS-GLI-01135-000,191,0,1,17.492874145507812,nan,distant_bg_FP
BraTS-GLI-01135-000,195,0,2,16.087457180023193,0.2935693214429932,distant_bg_FP
BraTS-GLI-01136-000,12,0,2,19.540910720825195,0.8795730339922783,distant_bg_FP
BraTS-GLI-01136-000,15,0,3,20.2496280670166,0.6873283893160546,distant_bg_FP
BraTS-GLI-01136-000,28,0,3,20.463895161946613,1.3644670061248894,distant_bg_FP
BraTS-GLI-01136-000,30,0,7,18.85405022757394,1.4935057980156354,distant_bg_FP
BraTS-GLI-01136-000,32,0,2,21.022439002990723,0.8272070920040389,distant_bg_FP
BraTS-GLI-01136-000,44,0,2,17.359448432922363,0.08162192400098547,distant_bg_FP
BraTS-GLI-01136-000,48,0,2,17.022674560546875,0.2854548729928878,distant_bg_FP
BraTS-GLI-01136-000,64,0,1,16.651952743530273,nan,distant_bg_FP
BraTS-GLI-01136-000,140,0,1,12.529617309570312,nan,distant_bg_FP
BraTS-GLI-01136-000,145,0,1,18.018978118896484,nan,distant_bg_FP
BraTS-GLI-01151-000,3,0,1,16.298677444458008,nan,distant_bg_FP
BraTS-GLI-01151-000,15,0,8,17.12064504623413,2.1005129743140643,distant_bg_FP
BraTS-GLI-01151-000,16,0,2,16.080897331237793,0.12413292128301362,distant_bg_FP
BraTS-GLI-01151-000,17,0,1,16.707172393798828,nan,distant_bg_FP
BraTS-GLI-01151-000,18,0,2,11.170971870422363,1.3790732059586521,distant_bg_FP
BraTS-GLI-01151-000,21,0,2,11.479859828948975,0.4392814291635846,distant_bg_FP
BraTS-GLI-01151-000,53,0,1,16.028736114501953,nan,distant_bg_FP
BraTS-GLI-01151-000,60,0,1,13.847389221191406,nan,distant_bg_FP
BraTS-GLI-01163-000,1,0,1,12.356654167175293,nan,distant_bg_FP
BraTS-GLI-01163-000,2,0,1,12.80058765411377,nan,distant_bg_FP
BraTS-GLI-01163-000,3,0,3,12.824929237365723,0.6761262761178713,distant_bg_FP
BraTS-GLI-01163-000,4,0,1,14.484874725341797,nan,distant_bg_FP
BraTS-GLI-01163-000,5,0,1,12.217168807983398,nan,distant_bg_FP
BraTS-GLI-01163-000,7,0,1,11.677440643310547,nan,distant_bg_FP
BraTS-GLI-01163-000,15,0,1,14.126936912536621,nan,distant_bg_FP
BraTS-GLI-01163-000,16,0,1,14.451872825622559,nan,distant_bg_FP
BraTS-GLI-01163-000,17,0,1,12.0802583694458,nan,distant_bg_FP
BraTS-GLI-01163-000,100,0,1,16.922088623046875,nan,distant_bg_FP
BraTS-GLI-01163-000,115,0,1,13.982751846313477,nan,distant_bg_FP
BraTS-GLI-01163-000,122,0,1,15.36555290222168,nan,distant_bg_FP
BraTS-GLI-01163-000,126,0,1,22.246570587158203,nan,distant_bg_FP
BraTS-GLI-01163-000,128,0,1,21.018945693969727,nan,distant_bg_FP
BraTS-GLI-01163-000,133,0,2,23.6944580078125,0.27263144145235724,distant_bg_FP
BraTS-GLI-01163-000,134,0,1,20.829652786254883,nan,distant_bg_FP
BraTS-GLI-01163-000,161,0,2,15.778079986572266,1.8617119411223635,distant_bg_FP
BraTS-GLI-01163-000,165,0,1,16.07916259765625,nan,distant_bg_FP
BraTS-GLI-01163-000,169,0,1,16.23349952697754,nan,distant_bg_FP
BraTS-GLI-01163-000,175,0,1,20.501794815063477,nan,distant_bg_FP
BraTS-GLI-01163-000,180,0,1,17.31511116027832,nan,distant_bg_FP
BraTS-GLI-01163-000,182,0,1,19.97335433959961,nan,distant_bg_FP
BraTS-GLI-01188-000,7,0,6,16.771050612131756,0.8283871241599946,distant_bg_FP
BraTS-GLI-01188-000,11,0,1,14.190078735351562,nan,distant_bg_FP
BraTS-GLI-01188-000,12,0,1,15.909137725830078,nan,distant_bg_FP
BraTS-GLI-01188-000,18,0,12,17.014317989349365,1.9723301592179077,distant_bg_FP
BraTS-GLI-01188-000,124,0,731,12.765102371960756,5.121274752648372,distant_bg_FP
BraTS-GLI-01188-000,155,0,1,17.476106643676758,nan,distant_bg_FP
BraTS-GLI-01188-000,160,0,1,17.898290634155273,nan,distant_bg_FP
BraTS-GLI-01188-000,162,0,2,24.22929286956787,0.5023540193727435,distant_bg_FP
BraTS-GLI-01188-000,164,0,2,17.326276779174805,0.26766553117340963,distant_bg_FP
BraTS-GLI-01188-000,176,0,2,25.074223518371582,0.3146879271200439,distant_bg_FP
BraTS-GLI-01188-000,182,0,40,22.89124779701233,2.9086497002929614,distant_bg_FP
BraTS-GLI-01188-000,218,0,1,14.665379524230957,nan,distant_bg_FP
BraTS-GLI-01188-000,219,0,2,15.501222610473633,0.3136197573913838,distant_bg_FP
BraTS-GLI-01188-000,220,0,1,15.665680885314941,nan,distant_bg_FP
BraTS-GLI-01196-000,12,0,1,20.413375854492188,nan,distant_bg_FP
BraTS-GLI-01196-000,15,0,2,18.109485626220703,0.6655452681077728,distant_bg_FP
BraTS-GLI-01196-000,16,0,1,17.492782592773438,nan,distant_bg_FP
BraTS-GLI-01196-000,31,0,2,20.042912483215332,0.09330705345693381,distant_bg_FP
BraTS-GLI-01196-000,34,0,6,16.101167678833008,0.3262149144299675,distant_bg_FP
BraTS-GLI-01196-000,37,0,1,20.71135711669922,nan,distant_bg_FP
BraTS-GLI-01196-000,69,0,3,19.39759127298991,0.08871723021908048,distant_bg_FP
BraTS-GLI-01196-000,74,0,1,17.526161193847656,nan,distant_bg_FP
BraTS-GLI-01196-000,99,0,1,16.975021362304688,nan,distant_bg_FP
BraTS-GLI-01202-000,2,0,1,15.904705047607422,nan,distant_bg_FP
BraTS-GLI-01202-000,5,0,1,18.114736557006836,nan,distant_bg_FP
BraTS-GLI-01202-000,15,0,1,16.14667510986328,nan,distant_bg_FP
BraTS-GLI-01202-000,38,0,4,18.601240634918213,2.2778271535928893,distant_bg_FP
BraTS-GLI-01202-000,80,0,1,20.158203125,nan,distant_bg_FP
BraTS-GLI-01202-000,90,0,1,18.546836853027344,nan,distant_bg_FP
BraTS-GLI-01202-000,102,0,4,18.37079954147339,0.6561632082669576,distant_bg_FP
BraTS-GLI-01202-000,118,0,1,18.510007858276367,nan,distant_bg_FP
BraTS-GLI-01202-000,120,0,1,23.52304458618164,nan,distant_bg_FP
BraTS-GLI-01202-000,139,0,1,19.98870086669922,nan,distant_bg_FP
BraTS-GLI-01202-000,155,0,1,19.766389846801758,nan,distant_bg_FP
BraTS-GLI-01202-000,156,0,2,20.519041061401367,0.07577531317555425,distant_bg_FP
BraTS-GLI-01202-000,161,0,1,16.35083770751953,nan,distant_bg_FP
BraTS-GLI-01202-000,165,0,1,21.50443458557129,nan,distant_bg_FP
BraTS-GLI-01202-000,169,0,2,17.141249656677246,0.04133628032033252,distant_bg_FP
BraTS-GLI-01202-000,174,0,3,20.119524637858074,1.0028529686330248,distant_bg_FP
BraTS-GLI-01202-000,177,0,1,22.417768478393555,nan,distant_bg_FP
BraTS-GLI-01202-000,186,0,1,19.795358657836914,nan,distant_bg_FP
BraTS-GLI-01202-000,191,0,1,15.216655731201172,nan,distant_bg_FP
BraTS-GLI-01202-000,197,0,1,19.131311416625977,nan,distant_bg_FP
BraTS-GLI-01202-000,215,0,1,22.892995834350586,nan,distant_bg_FP
BraTS-GLI-01202-000,216,0,1,21.230552673339844,nan,distant_bg_FP
BraTS-GLI-01202-000,224,0,1,13.975014686584473,nan,distant_bg_FP
BraTS-GLI-01202-000,229,0,1,16.540695190429688,nan,distant_bg_FP
BraTS-GLI-01202-000,230,0,1,18.04640007019043,nan,distant_bg_FP
BraTS-GLI-01202-000,244,0,1,23.486021041870117,nan,distant_bg_FP
BraTS-GLI-01202-000,261,0,1,20.467060089111328,nan,distant_bg_FP
BraTS-GLI-01202-000,262,0,1,22.6605281829834,nan,distant_bg_FP
BraTS-GLI-01202-000,282,0,1,15.659567832946777,nan,distant_bg_FP
BraTS-GLI-01202-000,292,0,1,24.641111373901367,nan,distant_bg_FP
BraTS-GLI-01202-000,300,0,1,16.251718521118164,nan,distant_bg_FP
BraTS-GLI-01202-000,301,0,1,22.49134063720703,nan,distant_bg_FP
BraTS-GLI-01202-000,313,0,1,22.558595657348633,nan,distant_bg_FP
BraTS-GLI-01202-000,326,0,1,21.27375602722168,nan,distant_bg_FP
BraTS-GLI-01202-000,347,0,1,24.073890686035156,nan,distant_bg_FP
BraTS-GLI-01202-000,348,0,4,23.366529941558838,1.0855761336927925,distant_bg_FP
BraTS-GLI-01202-000,356,0,6,19.162139574686687,0.7964014283848844,distant_bg_FP
BraTS-GLI-01202-000,359,0,1,23.300539016723633,nan,distant_bg_FP
BraTS-GLI-01202-000,360,0,6,20.62025324503581,1.2064299569951353,distant_bg_FP
BraTS-GLI-01202-000,376,0,1,20.37424087524414,nan,distant_bg_FP
BraTS-GLI-01202-000,379,0,2,24.735239028930664,0.581453875958837,distant_bg_FP
BraTS-GLI-01202-000,394,0,2,22.545899391174316,1.0255117231704642,distant_bg_FP
BraTS-GLI-01202-000,447,0,1,22.15205955505371,nan,distant_bg_FP
BraTS-GLI-01202-000,455,0,2,22.0223445892334,0.12589297367682856,distant_bg_FP
BraTS-GLI-01202-000,457,0,1,23.665529251098633,nan,distant_bg_FP
BraTS-GLI-01202-000,464,0,1,22.976064682006836,nan,distant_bg_FP
BraTS-GLI-01202-000,477,0,3,15.328669548034668,0.6670756881453972,distant_bg_FP
BraTS-GLI-01202-000,480,0,2,20.472556114196777,0.36561210971442265,distant_bg_FP
BraTS-GLI-01202-000,503,0,1,19.219818115234375,nan,distant_bg_FP
BraTS-GLI-01202-000,536,0,1,19.7720947265625,nan,distant_bg_FP
BraTS-GLI-01202-000,542,0,1,17.935134887695312,nan,distant_bg_FP
BraTS-GLI-01202-000,543,0,1,20.415996551513672,nan,distant_bg_FP
BraTS-GLI-01202-000,587,0,1,23.392807006835938,nan,distant_bg_FP
BraTS-GLI-01202-000,588,0,2,15.694554328918457,0.10762079756080961,distant_bg_FP
BraTS-GLI-01202-000,595,0,1,16.737707138061523,nan,distant_bg_FP
BraTS-GLI-01207-000,14,0,1,21.111299514770508,nan,distant_bg_FP
BraTS-GLI-01207-000,28,0,1,20.163305282592773,nan,distant_bg_FP
BraTS-GLI-01207-000,33,0,1,21.965274810791016,nan,distant_bg_FP
BraTS-GLI-01207-000,36,0,2,19.735196113586426,1.1014003270748156,distant_bg_FP
BraTS-GLI-01207-000,37,0,1,22.408254623413086,nan,distant_bg_FP
BraTS-GLI-01207-000,39,0,1,21.680435180664062,nan,distant_bg_FP
BraTS-GLI-01207-000,40,0,3,21.02697690327962,1.1531727230637914,distant_bg_FP
BraTS-GLI-01207-000,44,0,1,21.493057250976562,nan,distant_bg_FP
BraTS-GLI-01207-000,63,0,1,18.418615341186523,nan,distant_bg_FP
BraTS-GLI-01207-000,66,0,1,16.965778350830078,nan,distant_bg_FP
BraTS-GLI-01207-000,68,0,1,19.55287742614746,nan,distant_bg_FP
BraTS-GLI-01207-000,70,0,1,18.757862091064453,nan,distant_bg_FP
BraTS-GLI-01207-000,81,0,1,16.937101364135742,nan,distant_bg_FP
BraTS-GLI-01207-000,89,0,1,18.612247467041016,nan,distant_bg_FP
BraTS-GLI-01207-000,90,0,1,14.908329963684082,nan,distant_bg_FP
BraTS-GLI-01207-000,105,0,1,18.281532287597656,nan,distant_bg_FP
BraTS-GLI-01207-000,120,0,1,18.437955856323242,nan,distant_bg_FP
BraTS-GLI-01207-000,123,0,1,16.26787757873535,nan,distant_bg_FP
BraTS-GLI-01207-000,124,0,1,12.78306770324707,nan,distant_bg_FP
BraTS-GLI-01207-000,125,0,1,17.129220962524414,nan,distant_bg_FP
BraTS-GLI-01207-000,129,0,1,18.75551414489746,nan,distant_bg_FP
BraTS-GLI-01207-000,130,0,5,17.891025733947753,1.4460995041373936,distant_bg_FP
BraTS-GLI-01207-000,132,0,1,15.349478721618652,nan,distant_bg_FP
BraTS-GLI-01207-000,133,0,9,18.016882366604275,1.3550674729686087,distant_bg_FP
BraTS-GLI-01216-000,1,0,8,21.585073947906494,0.5728488616931046,distant_bg_FP
BraTS-GLI-01216-000,2,0,40,23.33409113883972,1.7006481216251828,distant_bg_FP
BraTS-GLI-01216-000,3,0,3,21.289684931437176,0.7505189111550687,distant_bg_FP
BraTS-GLI-01216-000,4,0,1,21.546371459960938,nan,distant_bg_FP
BraTS-GLI-01216-000,8,0,1,21.19548225402832,nan,distant_bg_FP
BraTS-GLI-01216-000,12,0,1,22.357622146606445,nan,distant_bg_FP
BraTS-GLI-01216-000,13,0,1,20.092084884643555,nan,distant_bg_FP
BraTS-GLI-01216-000,36,0,2,19.734498023986816,0.5950150459357023,distant_bg_FP
BraTS-GLI-01216-000,40,0,3,17.655283610026043,0.7986993021448867,distant_bg_FP
BraTS-GLI-01216-000,50,0,40,19.642153406143187,1.104363061976591,distant_bg_FP
BraTS-GLI-01216-000,65,0,3,16.12967363993327,0.6462671905041,distant_bg_FP
BraTS-GLI-01216-000,74,0,1,18.20272445678711,nan,distant_bg_FP
BraTS-GLI-01216-000,84,0,1,16.430103302001953,nan,distant_bg_FP
BraTS-GLI-01216-000,101,0,1,15.496899604797363,nan,distant_bg_FP
BraTS-GLI-01216-000,108,0,6,17.3219051361084,0.5769704434767077,distant_bg_FP
BraTS-GLI-01216-000,119,0,1,18.360740661621094,nan,distant_bg_FP
BraTS-GLI-01216-000,128,0,1,18.251602172851562,nan,distant_bg_FP
BraTS-GLI-01216-000,132,0,1,16.24616241455078,nan,distant_bg_FP
BraTS-GLI-01216-000,134,0,1,16.903366088867188,nan,distant_bg_FP
BraTS-GLI-01216-000,140,0,3,18.93905258178711,0.7515366579632345,distant_bg_FP
BraTS-GLI-01216-000,141,0,1,23.71573829650879,nan,distant_bg_FP
BraTS-GLI-01216-000,144,0,1,15.547586441040039,nan,distant_bg_FP
BraTS-GLI-01216-000,145,0,193,19.702133722255883,2.982524788663336,distant_bg_FP
BraTS-GLI-01216-000,147,0,2,18.113788604736328,2.368817427608831,distant_bg_FP
BraTS-GLI-01216-000,151,0,1,18.614097595214844,nan,distant_bg_FP
BraTS-GLI-01216-000,157,0,1,15.336318969726562,nan,distant_bg_FP
BraTS-GLI-01216-000,158,0,1,15.869598388671875,nan,distant_bg_FP
BraTS-GLI-01216-000,164,0,1,16.1931095123291,nan,distant_bg_FP
BraTS-GLI-01216-000,165,0,1,15.907306671142578,nan,distant_bg_FP
BraTS-GLI-01216-000,166,0,2,21.008756637573242,0.8057695189774576,distant_bg_FP
BraTS-GLI-01216-000,172,0,4,22.168677806854248,1.2541601755283356,distant_bg_FP
BraTS-GLI-01216-000,175,0,1,16.194307327270508,nan,distant_bg_FP
BraTS-GLI-01216-000,176,0,1,22.57029151916504,nan,distant_bg_FP
BraTS-GLI-01216-000,177,0,1,16.679780960083008,nan,distant_bg_FP
BraTS-GLI-01216-000,179,0,4,16.24272394180298,0.5845264886254319,distant_bg_FP
BraTS-GLI-01216-000,180,0,1,18.148229598999023,nan,distant_bg_FP
BraTS-GLI-01216-000,182,0,1,16.024337768554688,nan,distant_bg_FP
BraTS-GLI-01216-000,184,0,1,20.331192016601562,nan,distant_bg_FP
BraTS-GLI-01216-000,185,0,1,30.746471405029297,nan,distant_bg_FP
BraTS-GLI-01216-000,186,0,1,27.745765686035156,nan,distant_bg_FP
BraTS-GLI-01216-000,189,0,2,28.960796356201172,1.5805621158237726,distant_bg_FP
BraTS-GLI-01216-000,190,0,1,23.29172134399414,nan,distant_bg_FP
BraTS-GLI-01216-000,193,0,13,26.346754514254055,1.593795385307568,distant_bg_FP
BraTS-GLI-01216-000,194,0,1,15.376002311706543,nan,distant_bg_FP
BraTS-GLI-01216-000,195,0,1,17.57359504699707,nan,distant_bg_FP
BraTS-GLI-01216-000,196,0,1,13.472800254821777,nan,distant_bg_FP
BraTS-GLI-01216-000,197,0,1,20.822919845581055,nan,distant_bg_FP
BraTS-GLI-01216-000,198,0,2,23.88275146484375,2.314874856311496,distant_bg_FP
BraTS-GLI-01216-000,199,0,1,23.570112228393555,nan,distant_bg_FP
BraTS-GLI-01216-000,200,0,1,24.973045349121094,nan,distant_bg_FP
BraTS-GLI-01216-000,201,0,1,19.201154708862305,nan,distant_bg_FP
BraTS-GLI-01216-000,202,0,1,15.62569808959961,nan,distant_bg_FP
BraTS-GLI-01217-000,1,0,1,16.122716903686523,nan,distant_bg_FP
BraTS-GLI-01217-000,2,0,1,15.623629570007324,nan,distant_bg_FP
BraTS-GLI-01217-000,3,0,2,15.891599655151367,1.293618278966692,distant_bg_FP
BraTS-GLI-01217-000,4,0,1,20.42403793334961,nan,distant_bg_FP
BraTS-GLI-01217-000,5,0,1,17.65364646911621,nan,distant_bg_FP
BraTS-GLI-01217-000,6,0,2,16.216965198516846,0.855028732468262,distant_bg_FP
BraTS-GLI-01217-000,7,0,1,15.784692764282227,nan,distant_bg_FP
BraTS-GLI-01217-000,8,0,1,15.621957778930664,nan,distant_bg_FP
BraTS-GLI-01217-000,9,0,4,18.835939407348633,1.3616273643872183,distant_bg_FP
BraTS-GLI-01217-000,10,0,1,14.409274101257324,nan,distant_bg_FP
BraTS-GLI-01217-000,11,0,3,15.06689167022705,0.34638355288096334,distant_bg_FP
BraTS-GLI-01217-000,12,0,1,16.923059463500977,nan,distant_bg_FP
BraTS-GLI-01217-000,13,0,1,16.3760929107666,nan,distant_bg_FP
BraTS-GLI-01217-000,14,0,1,18.600555419921875,nan,distant_bg_FP
BraTS-GLI-01217-000,15,0,1,15.710979461669922,nan,distant_bg_FP
BraTS-GLI-01217-000,16,0,1,17.840229034423828,nan,distant_bg_FP
BraTS-GLI-01217-000,17,0,4,16.77060317993164,0.4219356900274253,distant_bg_FP
BraTS-GLI-01217-000,18,0,15,16.86330375671387,0.5133568765680434,distant_bg_FP
BraTS-GLI-01217-000,19,0,1,20.031042098999023,nan,distant_bg_FP
BraTS-GLI-01217-000,20,0,1,16.691120147705078,nan,distant_bg_FP
BraTS-GLI-01217-000,21,0,1,17.670007705688477,nan,distant_bg_FP
BraTS-GLI-01217-000,22,0,1,17.22235679626465,nan,distant_bg_FP
BraTS-GLI-01217-000,23,0,2,15.17572546005249,0.46473407956670754,distant_bg_FP
BraTS-GLI-01217-000,25,0,3,17.057999928792317,0.5024376172075921,distant_bg_FP
BraTS-GLI-01217-000,26,0,5,17.695754623413087,0.615449668099842,distant_bg_FP
BraTS-GLI-01217-000,27,0,1,14.699832916259766,nan,distant_bg_FP
BraTS-GLI-01217-000,28,0,1,20.810396194458008,nan,distant_bg_FP
BraTS-GLI-01217-000,29,0,1,18.831905364990234,nan,distant_bg_FP
BraTS-GLI-01217-000,30,0,3,16.656062444051106,0.6020313903888118,distant_bg_FP
BraTS-GLI-01217-000,32,0,3,15.135552406311035,0.28400322575939313,distant_bg_FP
BraTS-GLI-01217-000,34,0,1,15.482458114624023,nan,distant_bg_FP
BraTS-GLI-01217-000,35,0,1,14.50796127319336,nan,distant_bg_FP
BraTS-GLI-01217-000,36,0,1,15.573123931884766,nan,distant_bg_FP
BraTS-GLI-01217-000,37,0,1,15.426061630249023,nan,distant_bg_FP
BraTS-GLI-01217-000,39,0,2,14.173480987548828,0.5516058150182099,distant_bg_FP
BraTS-GLI-01217-000,40,0,2,17.370308876037598,0.8104130901589939,distant_bg_FP
BraTS-GLI-01217-000,43,0,1,14.62801456451416,nan,distant_bg_FP
BraTS-GLI-01217-000,44,0,11,15.62837774103338,0.9952875308563539,distant_bg_FP
BraTS-GLI-01217-000,47,0,1,22.987140655517578,nan,distant_bg_FP
BraTS-GLI-01217-000,48,0,7,17.53615529196603,1.868172145937113,distant_bg_FP
BraTS-GLI-01217-000,49,0,2,19.885798454284668,2.38225991206029,distant_bg_FP
BraTS-GLI-01217-000,50,0,5,20.355686950683594,1.735066954491675,distant_bg_FP
BraTS-GLI-01217-000,52,0,3,14.229680379231771,0.4692057916013761,distant_bg_FP
BraTS-GLI-01217-000,55,0,1,16.932777404785156,nan,distant_bg_FP
BraTS-GLI-01217-000,57,0,1,20.403244018554688,nan,distant_bg_FP
BraTS-GLI-01217-000,58,0,1,24.1387882232666,nan,distant_bg_FP
BraTS-GLI-01217-000,62,0,15,20.650916290283202,1.16818567747154,distant_bg_FP
BraTS-GLI-01217-000,64,0,3,15.991785367329916,0.2137306880327446,distant_bg_FP
BraTS-GLI-01217-000,66,0,1,20.426067352294922,nan,distant_bg_FP
BraTS-GLI-01217-000,68,0,1,22.53420639038086,nan,distant_bg_FP
BraTS-GLI-01217-000,70,0,1,16.02535057067871,nan,distant_bg_FP
BraTS-GLI-01217-000,72,0,1,20.34351348876953,nan,distant_bg_FP
BraTS-GLI-01217-000,74,0,1,20.62541961669922,nan,distant_bg_FP
BraTS-GLI-01217-000,75,0,2,17.65682601928711,0.35831699599936906,distant_bg_FP
BraTS-GLI-01217-000,77,0,1,14.58321762084961,nan,distant_bg_FP
BraTS-GLI-01217-000,78,0,1,17.981088638305664,nan,distant_bg_FP
BraTS-GLI-01217-000,79,0,1,18.921781539916992,nan,distant_bg_FP
BraTS-GLI-01217-000,90,0,1,16.99885368347168,nan,distant_bg_FP
BraTS-GLI-01217-000,91,0,3,16.273665110270183,0.7287780955358424,distant_bg_FP
BraTS-GLI-01217-000,100,0,6,18.15270201365153,0.7365635474956089,distant_bg_FP
BraTS-GLI-01217-000,106,0,1,16.337926864624023,nan,distant_bg_FP
BraTS-GLI-01217-000,107,0,3,19.605010350545246,1.4487269204189919,distant_bg_FP
BraTS-GLI-01217-000,109,0,1,16.647857666015625,nan,distant_bg_FP
BraTS-GLI-01217-000,117,0,1,18.4019718170166,nan,distant_bg_FP
BraTS-GLI-01217-000,136,0,7,14.500429425920759,0.7959115324814441,distant_bg_FP
BraTS-GLI-01217-000,142,0,1,13.488005638122559,nan,distant_bg_FP
BraTS-GLI-01217-000,143,0,1,14.710742950439453,nan,distant_bg_FP
BraTS-GLI-01217-000,146,0,1,12.298080444335938,nan,distant_bg_FP
BraTS-GLI-01217-000,147,0,2,16.703800201416016,0.3712564156670016,distant_bg_FP
BraTS-GLI-01217-000,148,0,1,13.215716361999512,nan,distant_bg_FP
BraTS-GLI-01217-000,150,0,2,11.548077583312988,0.6259515070922747,distant_bg_FP
BraTS-GLI-01217-000,153,0,1,12.345479011535645,nan,distant_bg_FP
BraTS-GLI-01217-000,160,0,1,22.57890510559082,nan,distant_bg_FP
BraTS-GLI-01217-000,161,0,1,15.571535110473633,nan,distant_bg_FP
BraTS-GLI-01217-000,166,0,1,13.28530502319336,nan,distant_bg_FP
BraTS-GLI-01217-000,170,0,1,21.23501205444336,nan,distant_bg_FP
BraTS-GLI-01217-000,177,0,1,21.2492618560791,nan,distant_bg_FP
BraTS-GLI-01217-000,178,0,1,15.52483081817627,nan,distant_bg_FP
BraTS-GLI-01217-000,180,0,1,15.529967308044434,nan,distant_bg_FP
BraTS-GLI-01217-000,181,0,2,18.547642707824707,0.18269343847799022,distant_bg_FP
BraTS-GLI-01217-000,182,0,2,22.93648052215576,2.0743060398079223,distant_bg_FP
BraTS-GLI-01217-000,184,0,1,16.52593994140625,nan,distant_bg_FP
BraTS-GLI-01217-000,185,0,2,16.476163864135742,0.5448906419386662,distant_bg_FP
BraTS-GLI-01217-000,194,0,1,15.910120964050293,nan,distant_bg_FP
BraTS-GLI-01217-000,195,0,1,15.860840797424316,nan,distant_bg_FP
BraTS-GLI-01217-000,198,0,1,18.45843505859375,nan,distant_bg_FP
BraTS-GLI-01225-000,4,0,1,17.590045928955078,nan,distant_bg_FP
BraTS-GLI-01225-000,5,0,7,16.701852798461914,0.7236303362619535,distant_bg_FP
BraTS-GLI-01225-000,6,0,3,18.39712651570638,0.31127568335360234,distant_bg_FP
BraTS-GLI-01225-000,7,0,4,17.287626266479492,0.7554066397428384,distant_bg_FP
BraTS-GLI-01225-000,8,0,1,22.129072189331055,nan,distant_bg_FP
BraTS-GLI-01225-000,9,0,6,19.831968307495117,3.3054889583258804,distant_bg_FP
BraTS-GLI-01225-000,11,0,1,21.807758331298828,nan,distant_bg_FP
BraTS-GLI-01225-000,12,0,6,18.693235715230305,0.5235178363221926,distant_bg_FP
BraTS-GLI-01225-000,13,0,4,20.43009662628174,1.1511216442271575,distant_bg_FP
BraTS-GLI-01225-000,16,0,1,19.351730346679688,nan,distant_bg_FP
BraTS-GLI-01225-000,17,0,2,18.37800884246826,1.1352715575868988,distant_bg_FP
BraTS-GLI-01225-000,18,0,1,22.0925235748291,nan,distant_bg_FP
BraTS-GLI-01225-000,19,0,1,20.527904510498047,nan,distant_bg_FP
BraTS-GLI-01225-000,21,0,8,17.610155820846558,1.028428597574121,distant_bg_FP
BraTS-GLI-01225-000,22,0,1,23.10169792175293,nan,distant_bg_FP
BraTS-GLI-01225-000,24,0,1,18.347211837768555,nan,distant_bg_FP
BraTS-GLI-01225-000,25,0,1,19.55694580078125,nan,distant_bg_FP
BraTS-GLI-01225-000,36,0,1,21.67003631591797,nan,distant_bg_FP
BraTS-GLI-01225-000,38,0,7,13.65289728982108,0.8854994089038781,distant_bg_FP
BraTS-GLI-01225-000,39,0,1,23.967912673950195,nan,distant_bg_FP
BraTS-GLI-01225-000,41,0,1,22.520076751708984,nan,distant_bg_FP
BraTS-GLI-01225-000,51,0,1,21.82940101623535,nan,distant_bg_FP
BraTS-GLI-01225-000,52,0,3,20.299952189127605,1.3414275445190602,distant_bg_FP
BraTS-GLI-01225-000,53,0,1,21.803464889526367,nan,distant_bg_FP
BraTS-GLI-01225-000,61,0,1,21.790067672729492,nan,distant_bg_FP
BraTS-GLI-01225-000,64,0,1,22.500951766967773,nan,distant_bg_FP
BraTS-GLI-01225-000,65,0,1,23.191238403320312,nan,distant_bg_FP
BraTS-GLI-01225-000,66,0,2,21.826315879821777,0.3778987589923185,distant_bg_FP
BraTS-GLI-01225-000,67,0,1,19.9440975189209,nan,distant_bg_FP
BraTS-GLI-01225-000,71,0,1,22.4355525970459,nan,distant_bg_FP
BraTS-GLI-01225-000,73,0,1,22.322280883789062,nan,distant_bg_FP
BraTS-GLI-01225-000,74,0,1,16.773605346679688,nan,distant_bg_FP
BraTS-GLI-01225-000,75,0,1,22.750572204589844,nan,distant_bg_FP
BraTS-GLI-01225-000,78,0,3,22.005678176879883,0.5679985998699272,distant_bg_FP
BraTS-GLI-01225-000,84,0,1,21.629072189331055,nan,distant_bg_FP
BraTS-GLI-01225-000,85,0,1,19.18015480041504,nan,distant_bg_FP
BraTS-GLI-01225-000,88,0,1,20.588247299194336,nan,distant_bg_FP
BraTS-GLI-01225-000,91,0,1,20.735816955566406,nan,distant_bg_FP
BraTS-GLI-01225-000,105,0,1,21.16267967224121,nan,distant_bg_FP
BraTS-GLI-01225-000,110,0,2,17.31279754638672,0.4075175410770463,distant_bg_FP
BraTS-GLI-01225-000,111,0,1,20.156126022338867,nan,distant_bg_FP
BraTS-GLI-01225-000,113,0,1,19.7982120513916,nan,distant_bg_FP
BraTS-GLI-01225-000,117,0,2,16.488245487213135,0.7582298969058977,distant_bg_FP
BraTS-GLI-01225-000,121,0,1,16.890352249145508,nan,distant_bg_FP
BraTS-GLI-01225-000,122,0,1,16.32790184020996,nan,distant_bg_FP
BraTS-GLI-01225-000,123,0,1,20.215167999267578,nan,distant_bg_FP
BraTS-GLI-01225-000,124,0,2,19.861576080322266,0.8474524149799437,distant_bg_FP
BraTS-GLI-01225-000,125,0,3,17.70998191833496,0.5321456427253466,distant_bg_FP
BraTS-GLI-01225-000,126,0,2,17.197129249572754,0.8825442182249023,distant_bg_FP
BraTS-GLI-01225-000,131,0,2,17.813855171203613,0.9937849243106155,distant_bg_FP
BraTS-GLI-01225-000,132,0,2,18.12454319000244,1.1516312783048872,distant_bg_FP
BraTS-GLI-01225-000,133,0,1,19.72510528564453,nan,distant_bg_FP
BraTS-GLI-01225-000,134,0,2,18.927706718444824,1.1530662942029863,distant_bg_FP
BraTS-GLI-01225-000,135,0,1,15.05160903930664,nan,distant_bg_FP
BraTS-GLI-01225-000,137,0,1,20.83814239501953,nan,distant_bg_FP
BraTS-GLI-01225-000,143,0,1,19.359718322753906,nan,distant_bg_FP
BraTS-GLI-01225-000,148,0,1,18.385761260986328,nan,distant_bg_FP
BraTS-GLI-01225-000,158,0,1,17.989295959472656,nan,distant_bg_FP
BraTS-GLI-01225-000,167,0,1,14.103848457336426,nan,distant_bg_FP
BraTS-GLI-01225-000,168,0,1,18.69778823852539,nan,distant_bg_FP
BraTS-GLI-01225-000,170,0,6,16.5468004544576,0.779241374112194,distant_bg_FP
BraTS-GLI-01225-000,172,0,1,15.544815063476562,nan,distant_bg_FP
BraTS-GLI-01225-000,174,0,2,18.525212287902832,0.7368766175763384,distant_bg_FP
BraTS-GLI-01225-000,176,0,6,18.453077634175617,0.9869222087486749,distant_bg_FP
BraTS-GLI-01225-000,179,0,2,18.45564556121826,0.12518490662184553,distant_bg_FP
BraTS-GLI-01225-000,181,0,1,18.188396453857422,nan,distant_bg_FP
BraTS-GLI-01225-000,184,0,2,19.228654861450195,0.7988830611055656,distant_bg_FP
BraTS-GLI-01225-000,185,0,7,18.605345044817245,1.457197596150464,distant_bg_FP
BraTS-GLI-01225-000,190,0,2,18.125995635986328,0.21193188740175573,distant_bg_FP
BraTS-GLI-01225-000,194,0,1,18.502893447875977,nan,distant_bg_FP
BraTS-GLI-01225-000,197,0,1,20.54964256286621,nan,distant_bg_FP
BraTS-GLI-01225-000,199,0,1,17.450044631958008,nan,distant_bg_FP
BraTS-GLI-01225-000,200,0,1,16.0129451751709,nan,distant_bg_FP
BraTS-GLI-01225-000,204,0,1,20.278057098388672,nan,distant_bg_FP
BraTS-GLI-01225-000,206,0,1,17.554508209228516,nan,distant_bg_FP
BraTS-GLI-01225-000,207,0,1,17.58209228515625,nan,distant_bg_FP
BraTS-GLI-01225-000,212,0,2,17.284960746765137,0.4237949911467417,distant_bg_FP
BraTS-GLI-01225-000,213,0,2,17.47011947631836,0.0882292011483413,distant_bg_FP
BraTS-GLI-01225-000,215,0,5,16.88155746459961,1.4451650075095888,distant_bg_FP
BraTS-GLI-01225-000,216,0,2,16.688291549682617,0.37129687664157207,distant_bg_FP
BraTS-GLI-01225-000,223,0,2,17.01889133453369,0.8164552623615157,distant_bg_FP
BraTS-GLI-01225-000,226,0,2,19.43768882751465,1.3853756770975771,distant_bg_FP
BraTS-GLI-01225-000,235,0,3,17.150724411010742,0.21478552707546242,distant_bg_FP
BraTS-GLI-01225-000,238,0,1,18.075878143310547,nan,distant_bg_FP
BraTS-GLI-01225-000,239,0,1,18.828624725341797,nan,distant_bg_FP
BraTS-GLI-01225-000,240,0,1,18.765825271606445,nan,distant_bg_FP
BraTS-GLI-01225-000,249,0,4,17.186298847198486,0.5842809971654446,distant_bg_FP
BraTS-GLI-01228-000,26,0,1,17.954416275024414,nan,distant_bg_FP
BraTS-GLI-01228-000,41,0,3,17.461402893066406,0.6573423419299831,distant_bg_FP
BraTS-GLI-01228-000,91,0,20,18.593351650238038,0.9155807202994657,distant_bg_FP
BraTS-GLI-01228-000,93,0,1,20.27729606628418,nan,distant_bg_FP
BraTS-GLI-01228-000,94,0,1,19.831756591796875,nan,distant_bg_FP
BraTS-GLI-01228-000,129,0,1,15.39050006866455,nan,distant_bg_FP
BraTS-GLI-01228-000,135,0,2,15.660579681396484,0.442718588953345,distant_bg_FP
BraTS-GLI-01228-000,142,0,1,16.237951278686523,nan,distant_bg_FP
BraTS-GLI-01228-000,155,0,1,18.11872100830078,nan,distant_bg_FP
BraTS-GLI-01228-000,159,0,1,18.286956787109375,nan,distant_bg_FP
BraTS-GLI-01228-000,162,0,1,16.19005012512207,nan,distant_bg_FP
BraTS-GLI-01228-000,164,0,4,14.846360683441162,0.8363228722705562,distant_bg_FP
BraTS-GLI-01228-000,169,0,2,17.769484519958496,0.5174567524807432,distant_bg_FP
BraTS-GLI-01228-000,171,0,1,27.139314651489258,nan,distant_bg_FP
BraTS-GLI-01228-000,176,0,16,16.925192177295685,0.6336950186026808,distant_bg_FP
BraTS-GLI-01228-000,178,0,3,27.416776021321613,1.5791206859607503,distant_bg_FP
BraTS-GLI-01228-000,180,0,1,16.08272361755371,nan,distant_bg_FP
BraTS-GLI-01228-000,183,0,4,15.980608940124512,0.29689591754727573,distant_bg_FP
BraTS-GLI-01228-000,184,0,1,15.575128555297852,nan,distant_bg_FP
BraTS-GLI-01228-000,186,0,2,26.654765129089355,1.0232890669673937,distant_bg_FP
BraTS-GLI-01228-000,189,0,2,16.073817253112793,0.0009184641227494028,distant_bg_FP
BraTS-GLI-01228-000,190,0,5,16.372441673278807,0.3812723376371879,distant_bg_FP
BraTS-GLI-01228-000,191,0,1,26.59054183959961,nan,distant_bg_FP
BraTS-GLI-01228-000,192,0,2,16.427587509155273,0.7064998665679907,distant_bg_FP
BraTS-GLI-01228-000,193,0,7,16.207112176077707,0.4044552974454212,distant_bg_FP
BraTS-GLI-01228-000,195,0,1,17.8138370513916,nan,distant_bg_FP
BraTS-GLI-01228-000,196,0,1,14.946928977966309,nan,distant_bg_FP
BraTS-GLI-01228-000,199,0,10,15.9747314453125,0.69169164566475,distant_bg_FP
BraTS-GLI-01228-000,201,0,1,26.124130249023438,nan,distant_bg_FP
BraTS-GLI-01228-000,202,0,7,16.325802666800364,0.5593192157937145,distant_bg_FP
BraTS-GLI-01228-000,203,0,2,16.28930377960205,0.6853050593888322,distant_bg_FP
BraTS-GLI-01228-000,204,0,2,16.22096538543701,0.25283928139164136,distant_bg_FP
BraTS-GLI-01228-000,206,0,1,26.355880737304688,nan,distant_bg_FP
BraTS-GLI-01228-000,208,0,1,16.641563415527344,nan,distant_bg_FP
BraTS-GLI-01228-000,211,0,2,15.173305034637451,0.030617493807041946,distant_bg_FP
BraTS-GLI-01228-000,215,0,3,27.22535769144694,1.0262589847633719,distant_bg_FP
BraTS-GLI-01228-000,217,0,9,16.15953042772081,0.791512661980022,distant_bg_FP
BraTS-GLI-01228-000,222,0,7,16.193491663251603,0.9996248171346065,distant_bg_FP
BraTS-GLI-01228-000,223,0,1,15.883098602294922,nan,distant_bg_FP
BraTS-GLI-01228-000,224,0,2,17.067702293395996,0.8036291334226804,distant_bg_FP
BraTS-GLI-01228-000,228,0,2,17.92705535888672,0.26872021391054624,distant_bg_FP
BraTS-GLI-01228-000,230,0,1,16.24591636657715,nan,distant_bg_FP
BraTS-GLI-01228-000,232,0,4,16.30190372467041,0.3469714470822707,distant_bg_FP
BraTS-GLI-01228-000,233,0,1,14.908639907836914,nan,distant_bg_FP
BraTS-GLI-01228-000,234,0,1,24.10249900817871,nan,distant_bg_FP
BraTS-GLI-01228-000,235,0,3,18.27800687154134,0.17118767362327672,distant_bg_FP
BraTS-GLI-01228-000,236,0,10,19.123768424987794,0.7726241575505691,distant_bg_FP
BraTS-GLI-01228-000,237,0,4,18.342050552368164,0.2861348897677302,distant_bg_FP
BraTS-GLI-01228-000,238,0,2,15.41945505142212,0.5396111591067976,distant_bg_FP
BraTS-GLI-01228-000,241,0,2,24.190507888793945,1.5266006627383046,distant_bg_FP
BraTS-GLI-01228-000,243,0,1,15.183385848999023,nan,distant_bg_FP
BraTS-GLI-01228-000,244,0,1,15.607243537902832,nan,distant_bg_FP
BraTS-GLI-01228-000,249,0,6,13.678132851918539,1.7182562672900412,distant_bg_FP
BraTS-GLI-01228-000,252,0,1,19.57122230529785,nan,distant_bg_FP
BraTS-GLI-01228-000,253,0,2,12.830608367919922,0.5276286414877563,distant_bg_FP
BraTS-GLI-01228-000,255,0,2,18.349135398864746,0.7207947288837335,distant_bg_FP
BraTS-GLI-01228-000,256,0,1,14.292476654052734,nan,distant_bg_FP
BraTS-GLI-01228-000,259,0,2,17.51582145690918,0.026011011852195273,distant_bg_FP
BraTS-GLI-01228-000,260,0,1,16.238876342773438,nan,distant_bg_FP
BraTS-GLI-01228-000,262,0,1,16.500532150268555,nan,distant_bg_FP
BraTS-GLI-01228-000,263,0,2,16.799267768859863,0.7855808413659513,distant_bg_FP
BraTS-GLI-01228-000,264,0,1,16.920448303222656,nan,distant_bg_FP
BraTS-GLI-01228-000,265,0,1,13.681440353393555,nan,distant_bg_FP
BraTS-GLI-01228-000,266,0,1,12.556500434875488,nan,distant_bg_FP
BraTS-GLI-01228-000,268,0,1,18.79517364501953,nan,distant_bg_FP
BraTS-GLI-01228-000,269,0,1,12.118968963623047,nan,distant_bg_FP
BraTS-GLI-01228-000,271,0,1,19.431156158447266,nan,distant_bg_FP
BraTS-GLI-01228-000,272,0,3,16.040408770243328,0.9302052443567786,distant_bg_FP
BraTS-GLI-01228-000,273,0,2,12.631341457366943,0.5802838794441746,distant_bg_FP
BraTS-GLI-01228-000,277,0,1,17.68287467956543,nan,distant_bg_FP
BraTS-GLI-01228-000,279,0,1,10.99339485168457,nan,distant_bg_FP
BraTS-GLI-01228-000,282,0,1,15.441659927368164,nan,distant_bg_FP
BraTS-GLI-01228-000,283,0,1,14.696578025817871,nan,distant_bg_FP
BraTS-GLI-01228-000,284,0,2,15.901623249053955,0.5099964231195269,distant_bg_FP
BraTS-GLI-01228-000,286,0,1,16.415925979614258,nan,distant_bg_FP
BraTS-GLI-01228-000,287,0,1,16.77939796447754,nan,distant_bg_FP
BraTS-GLI-01228-000,288,0,1,16.84115219116211,nan,distant_bg_FP
BraTS-GLI-01228-000,289,0,2,16.887579917907715,0.8333814367234907,distant_bg_FP
BraTS-GLI-01228-000,290,0,11,15.965181177312678,1.81369088175538,distant_bg_FP
BraTS-GLI-01228-000,291,0,2,16.56317710876465,0.3973402572734237,distant_bg_FP
BraTS-GLI-01228-000,292,0,1,18.223098754882812,nan,distant_bg_FP
BraTS-GLI-01228-000,293,0,1,16.857215881347656,nan,distant_bg_FP
BraTS-GLI-01228-000,294,0,1,21.33380699157715,nan,distant_bg_FP
BraTS-GLI-01228-000,295,0,1,20.3989200592041,nan,distant_bg_FP
BraTS-GLI-01228-000,296,0,1,20.365131378173828,nan,distant_bg_FP
BraTS-GLI-01243-000,27,0,6,19.10048007965088,0.781703337145238,distant_bg_FP
BraTS-GLI-01243-000,31,0,1,16.429677963256836,nan,distant_bg_FP
BraTS-GLI-01245-000,39,0,6,15.244227727254232,1.1068492117645554,distant_bg_FP
BraTS-GLI-01245-000,50,0,1,16.627357482910156,nan,distant_bg_FP
BraTS-GLI-01245-000,51,0,8,17.21832251548767,0.5379819327154566,distant_bg_FP
BraTS-GLI-01245-000,56,0,3,18.40138053894043,1.7732104069723627,distant_bg_FP
BraTS-GLI-01245-000,61,0,9,16.79342534806993,0.7137657863434822,distant_bg_FP
BraTS-GLI-01245-000,65,0,3,15.742453257242838,0.10009595767281887,distant_bg_FP
BraTS-GLI-01245-000,110,0,1,13.271445274353027,nan,distant_bg_FP
BraTS-GLI-01245-000,122,0,1,13.605050086975098,nan,distant_bg_FP
BraTS-GLI-01245-000,123,0,1,14.154428482055664,nan,distant_bg_FP
BraTS-GLI-01245-000,134,0,1,14.29616928100586,nan,distant_bg_FP
BraTS-GLI-01245-000,136,0,1,13.337675094604492,nan,distant_bg_FP
BraTS-GLI-01245-000,138,0,2,16.217498779296875,0.009856293405363635,distant_bg_FP
BraTS-GLI-01245-000,139,0,1,16.047508239746094,nan,distant_bg_FP
BraTS-GLI-01245-000,140,0,1,16.83086585998535,nan,distant_bg_FP
BraTS-GLI-01245-000,141,0,1,18.429880142211914,nan,distant_bg_FP
BraTS-GLI-01245-000,149,0,1,16.251571655273438,nan,distant_bg_FP
BraTS-GLI-01245-000,150,0,2,17.479985237121582,0.07914840975557812,distant_bg_FP
BraTS-GLI-01245-000,152,0,1,17.250707626342773,nan,distant_bg_FP
BraTS-GLI-01245-000,156,0,1,13.778294563293457,nan,distant_bg_FP
BraTS-GLI-01245-000,167,0,2,14.26575231552124,0.3929940742549803,distant_bg_FP
BraTS-GLI-01245-000,169,0,1,16.008041381835938,nan,distant_bg_FP
BraTS-GLI-01245-000,182,0,1,14.783305168151855,nan,distant_bg_FP
BraTS-GLI-01245-000,189,0,1,13.572999000549316,nan,distant_bg_FP
BraTS-GLI-01246-000,6,0,1,23.131759643554688,nan,distant_bg_FP
BraTS-GLI-01246-000,9,0,1,19.164627075195312,nan,distant_bg_FP
BraTS-GLI-01246-000,15,0,1,20.72413444519043,nan,distant_bg_FP
BraTS-GLI-01246-000,18,0,1,21.124780654907227,nan,distant_bg_FP
BraTS-GLI-01246-000,22,0,4,20.528696060180664,0.6845207222345139,distant_bg_FP
BraTS-GLI-01246-000,23,0,1,22.42656135559082,nan,distant_bg_FP
BraTS-GLI-01246-000,24,0,1,11.738593101501465,nan,distant_bg_FP
BraTS-GLI-01246-000,35,0,1,21.901885986328125,nan,distant_bg_FP
BraTS-GLI-01246-000,38,0,1,21.286285400390625,nan,distant_bg_FP
BraTS-GLI-01246-000,44,0,10,22.697985649108887,1.283859290321054,distant_bg_FP
BraTS-GLI-01246-000,45,0,8,21.204242706298828,2.003599461116513,distant_bg_FP
BraTS-GLI-01246-000,52,0,1,21.629243850708008,nan,distant_bg_FP
BraTS-GLI-01246-000,54,0,3,21.191803614298504,0.6961966182750369,distant_bg_FP
BraTS-GLI-01246-000,63,0,22,21.641986413435504,1.8692457591049458,distant_bg_FP
BraTS-GLI-01246-000,66,0,1,18.183839797973633,nan,distant_bg_FP
BraTS-GLI-01246-000,67,0,2,16.76199436187744,2.1510793903562146,distant_bg_FP
BraTS-GLI-01246-000,71,0,2,19.223543167114258,0.35921792703313793,distant_bg_FP
BraTS-GLI-01246-000,73,0,2,17.92989492416382,3.280803073979927,distant_bg_FP
BraTS-GLI-01246-000,74,0,1,18.45793342590332,nan,distant_bg_FP
BraTS-GLI-01246-000,75,0,6,19.434500058492024,0.9827167482188899,distant_bg_FP
BraTS-GLI-01246-000,80,0,1,22.532758712768555,nan,distant_bg_FP
BraTS-GLI-01246-000,84,0,1,24.13332748413086,nan,distant_bg_FP
BraTS-GLI-01246-000,85,0,1,23.158382415771484,nan,distant_bg_FP
BraTS-GLI-01246-000,87,0,1,20.12786293029785,nan,distant_bg_FP
BraTS-GLI-01246-000,88,0,1,17.28451919555664,nan,distant_bg_FP
BraTS-GLI-01246-000,89,0,1,15.834955215454102,nan,distant_bg_FP
BraTS-GLI-01246-000,90,0,1,17.795015335083008,nan,distant_bg_FP
BraTS-GLI-01246-000,93,0,3,18.37484359741211,1.0993314005263086,distant_bg_FP
BraTS-GLI-01246-000,95,0,1,19.323156356811523,nan,distant_bg_FP
BraTS-GLI-01246-000,96,0,1,17.501361846923828,nan,distant_bg_FP
BraTS-GLI-01246-000,97,0,4,18.371572494506836,0.7108833010206222,distant_bg_FP
BraTS-GLI-01246-000,101,0,1,17.771337509155273,nan,distant_bg_FP
BraTS-GLI-01246-000,102,0,2,21.422282218933105,1.0806708211032177,distant_bg_FP
BraTS-GLI-01246-000,105,0,1,17.922609329223633,nan,distant_bg_FP
BraTS-GLI-01246-000,107,0,1,22.29365348815918,nan,distant_bg_FP
BraTS-GLI-01246-000,108,0,13,20.76892999502329,1.0863300180623263,distant_bg_FP
BraTS-GLI-01246-000,110,0,1,18.544864654541016,nan,distant_bg_FP
BraTS-GLI-01246-000,111,0,1,18.523836135864258,nan,distant_bg_FP
BraTS-GLI-01246-000,114,0,2,21.19210720062256,0.9702744006868745,distant_bg_FP
BraTS-GLI-01246-000,116,0,2,19.34992027282715,0.30673464821864416,distant_bg_FP
BraTS-GLI-01246-000,119,0,1,18.836685180664062,nan,distant_bg_FP
BraTS-GLI-01246-000,123,0,1,22.123397827148438,nan,distant_bg_FP
BraTS-GLI-01246-000,127,0,1,20.338119506835938,nan,distant_bg_FP
BraTS-GLI-01246-000,131,0,1,21.758129119873047,nan,distant_bg_FP
BraTS-GLI-01246-000,134,0,1,21.47832489013672,nan,distant_bg_FP
BraTS-GLI-01246-000,136,0,1,21.787986755371094,nan,distant_bg_FP
BraTS-GLI-01246-000,137,0,2,17.483259201049805,0.7266116683278131,distant_bg_FP
BraTS-GLI-01246-000,139,0,1,18.893661499023438,nan,distant_bg_FP
BraTS-GLI-01246-000,143,0,1,22.566024780273438,nan,distant_bg_FP
BraTS-GLI-01246-000,148,0,1,20.561168670654297,nan,distant_bg_FP
BraTS-GLI-01246-000,152,0,2,18.37721538543701,0.5779081458873125,distant_bg_FP
BraTS-GLI-01246-000,160,0,8,20.566025495529175,0.9304542061334876,distant_bg_FP
BraTS-GLI-01246-000,163,0,1,18.46322250366211,nan,distant_bg_FP
BraTS-GLI-01246-000,166,0,1,15.47253704071045,nan,distant_bg_FP
BraTS-GLI-01246-000,167,0,1,18.354230880737305,nan,distant_bg_FP
BraTS-GLI-01246-000,169,0,1,21.770912170410156,nan,distant_bg_FP
BraTS-GLI-01246-000,186,0,1,17.589984893798828,nan,distant_bg_FP
BraTS-GLI-01246-000,188,0,1,15.876553535461426,nan,distant_bg_FP
BraTS-GLI-01246-000,190,0,1,18.93807029724121,nan,distant_bg_FP
BraTS-GLI-01246-000,199,0,1,19.80155372619629,nan,distant_bg_FP
BraTS-GLI-01246-000,250,0,1,17.888277053833008,nan,distant_bg_FP
BraTS-GLI-01261-000,33,0,1,16.316247940063477,nan,distant_bg_FP
BraTS-GLI-01261-000,50,0,1,19.80455207824707,nan,distant_bg_FP
BraTS-GLI-01261-000,57,0,1,20.233905792236328,nan,distant_bg_FP
BraTS-GLI-01261-000,87,0,2,20.77678108215332,0.02342420687799064,distant_bg_FP
BraTS-GLI-01261-000,88,0,1,19.080841064453125,nan,distant_bg_FP
BraTS-GLI-01261-000,92,0,1,20.893423080444336,nan,distant_bg_FP
BraTS-GLI-01274-000,2,0,1,16.086091995239258,nan,distant_bg_FP
BraTS-GLI-01274-000,3,0,1,14.475196838378906,nan,distant_bg_FP
BraTS-GLI-01274-000,4,0,1,15.893856048583984,nan,distant_bg_FP
BraTS-GLI-01274-000,12,0,1,19.09697914123535,nan,distant_bg_FP
BraTS-GLI-01274-000,15,0,2,22.183165550231934,0.5527764858824485,distant_bg_FP
BraTS-GLI-01274-000,20,0,3,21.660412470499676,0.08039996125330386,distant_bg_FP
BraTS-GLI-01274-000,32,0,2,19.738598823547363,0.1781645067244036,distant_bg_FP
BraTS-GLI-01274-000,33,0,6,17.38019021352132,1.806372490443396,distant_bg_FP
BraTS-GLI-01274-000,40,0,7,15.97829805101667,1.7000364602284732,distant_bg_FP
BraTS-GLI-01274-000,54,0,1,19.549680709838867,nan,distant_bg_FP
BraTS-GLI-01274-000,66,0,1,23.273523330688477,nan,distant_bg_FP
BraTS-GLI-01274-000,71,0,5,21.81881217956543,0.8087018791389369,distant_bg_FP
BraTS-GLI-01274-000,83,0,1,18.615835189819336,nan,distant_bg_FP
BraTS-GLI-01274-000,89,0,1,19.91546630859375,nan,distant_bg_FP
BraTS-GLI-01274-000,99,0,8,19.451419591903687,1.1831292035413243,distant_bg_FP
BraTS-GLI-01274-000,127,0,1,20.726055145263672,nan,distant_bg_FP
BraTS-GLI-01274-000,151,0,1,15.885784149169922,nan,distant_bg_FP
BraTS-GLI-01299-000,1,0,1,17.374717712402344,nan,distant_bg_FP
BraTS-GLI-01299-000,2,0,1,18.133636474609375,nan,distant_bg_FP
BraTS-GLI-01299-000,5,0,17,16.496869816499597,0.7808654899335558,distant_bg_FP
BraTS-GLI-01299-000,7,0,1,20.497159957885742,nan,distant_bg_FP
BraTS-GLI-01299-000,8,0,1,17.619426727294922,nan,distant_bg_FP
BraTS-GLI-01299-000,10,0,3,17.691649119059246,0.6682431115335996,distant_bg_FP
BraTS-GLI-01299-000,11,0,1,15.266410827636719,nan,distant_bg_FP
BraTS-GLI-01299-000,18,0,1,18.309831619262695,nan,distant_bg_FP
BraTS-GLI-01299-000,19,0,2,15.440247058868408,0.03145368728149808,distant_bg_FP
BraTS-GLI-01299-000,20,0,1,14.1090726852417,nan,distant_bg_FP
BraTS-GLI-01299-000,25,0,1,20.452890396118164,nan,distant_bg_FP
BraTS-GLI-01299-000,26,0,2,16.457979202270508,0.4650125859416675,distant_bg_FP
BraTS-GLI-01299-000,27,0,12,15.659461418787638,0.6715566974341265,distant_bg_FP
BraTS-GLI-01299-000,29,0,3,17.28781572977702,0.38937685941548067,distant_bg_FP
BraTS-GLI-01299-000,30,0,1,17.2676944732666,nan,distant_bg_FP
BraTS-GLI-01299-000,32,0,2,17.265939712524414,0.733606022131893,distant_bg_FP
BraTS-GLI-01299-000,34,0,2,17.502605438232422,1.0536010804164286,distant_bg_FP
BraTS-GLI-01299-000,41,0,1,17.434707641601562,nan,distant_bg_FP
BraTS-GLI-01299-000,43,0,3,15.182952245076498,0.2344122761366705,distant_bg_FP
BraTS-GLI-01299-000,49,0,5,17.273200225830077,0.3956993837365197,distant_bg_FP
BraTS-GLI-01299-000,51,0,2,15.348939418792725,0.3421669979995706,distant_bg_FP
BraTS-GLI-01299-000,53,0,4,18.086750030517578,1.3158195536701098,distant_bg_FP
BraTS-GLI-01299-000,55,0,3,17.408933639526367,0.2643749805860958,distant_bg_FP
BraTS-GLI-01299-000,60,0,1,18.233928680419922,nan,distant_bg_FP
BraTS-GLI-01299-000,69,0,3,16.814674695332844,0.931711656836447,distant_bg_FP
BraTS-GLI-01299-000,70,0,3,17.290843963623047,0.28557256167411893,distant_bg_FP
BraTS-GLI-01299-000,75,0,1,17.211044311523438,nan,distant_bg_FP
BraTS-GLI-01299-000,77,0,1,18.417238235473633,nan,distant_bg_FP
BraTS-GLI-01299-000,80,0,1,15.354496002197266,nan,distant_bg_FP
BraTS-GLI-01299-000,82,0,1,17.669788360595703,nan,distant_bg_FP
BraTS-GLI-01299-000,85,0,1,16.954072952270508,nan,distant_bg_FP
BraTS-GLI-01299-000,92,0,2,20.057848930358887,1.0390041094905598,distant_bg_FP
BraTS-GLI-01299-000,93,0,1,18.19322395324707,nan,distant_bg_FP
BraTS-GLI-01299-000,95,0,1,21.294466018676758,nan,distant_bg_FP
BraTS-GLI-01299-000,96,0,2,16.63293170928955,0.40491050561555647,distant_bg_FP
BraTS-GLI-01299-000,100,0,1,19.75926971435547,nan,distant_bg_FP
BraTS-GLI-01299-000,102,0,6,17.353524843851726,0.968825056944699,distant_bg_FP
BraTS-GLI-01299-000,105,0,1,18.592422485351562,nan,distant_bg_FP
BraTS-GLI-01299-000,116,0,2,18.991999626159668,1.6068469136038945,distant_bg_FP
BraTS-GLI-01299-000,120,0,1,20.245527267456055,nan,distant_bg_FP
BraTS-GLI-01299-000,124,0,1,18.39618492126465,nan,distant_bg_FP
BraTS-GLI-01299-000,127,0,1,15.841269493103027,nan,distant_bg_FP
BraTS-GLI-01299-000,128,0,12,15.038960854212442,0.5907333438842868,distant_bg_FP
BraTS-GLI-01299-000,135,0,1,15.255504608154297,nan,distant_bg_FP
BraTS-GLI-01299-000,136,0,6,17.024702707926433,0.42020750592590733,distant_bg_FP
BraTS-GLI-01299-000,143,0,2,18.032809257507324,1.222440681201494,distant_bg_FP
BraTS-GLI-01299-000,144,0,1,15.837637901306152,nan,distant_bg_FP
BraTS-GLI-01299-000,146,0,1,15.442281723022461,nan,distant_bg_FP
BraTS-GLI-01299-000,147,0,1,15.844648361206055,nan,distant_bg_FP
BraTS-GLI-01299-000,151,0,1,18.15839958190918,nan,distant_bg_FP
BraTS-GLI-01299-000,159,0,1,19.831958770751953,nan,distant_bg_FP
BraTS-GLI-01299-000,188,0,1,16.440677642822266,nan,distant_bg_FP
BraTS-GLI-01299-000,202,0,1,19.196985244750977,nan,distant_bg_FP
BraTS-GLI-01299-000,205,0,1,17.618650436401367,nan,distant_bg_FP
BraTS-GLI-01299-000,208,0,2,17.791254997253418,0.7119256832578891,distant_bg_FP
BraTS-GLI-01299-000,211,0,1,22.279516220092773,nan,distant_bg_FP
BraTS-GLI-01299-000,214,0,1,20.620445251464844,nan,distant_bg_FP
BraTS-GLI-01299-000,227,0,5,18.280956649780272,0.6703301124420002,distant_bg_FP
BraTS-GLI-01299-000,231,0,9,17.895768271552193,1.0245598934492113,distant_bg_FP
BraTS-GLI-01299-000,232,0,1,17.563283920288086,nan,distant_bg_FP
BraTS-GLI-01299-000,238,0,1,16.760995864868164,nan,distant_bg_FP
BraTS-GLI-01299-000,241,0,1,17.723583221435547,nan,distant_bg_FP
BraTS-GLI-01299-000,248,0,1,16.97443389892578,nan,distant_bg_FP
BraTS-GLI-01299-000,250,0,2,18.04513454437256,0.7654987109874806,distant_bg_FP
BraTS-GLI-01299-000,252,0,3,17.161780675252277,0.5267444885361583,distant_bg_FP
BraTS-GLI-01299-000,258,0,2,15.837934494018555,0.20496315888157046,distant_bg_FP
BraTS-GLI-01299-000,260,0,1,17.510581970214844,nan,distant_bg_FP
BraTS-GLI-01299-000,267,0,1,19.321348190307617,nan,distant_bg_FP
BraTS-GLI-01299-000,271,0,2,15.306502342224121,1.109228176955047,distant_bg_FP
BraTS-GLI-01299-000,272,0,2,17.86279010772705,0.26228017545808163,distant_bg_FP
BraTS-GLI-01299-000,276,0,2,20.39330005645752,1.089771842983266,distant_bg_FP
BraTS-GLI-01299-000,279,0,1,18.03382110595703,nan,distant_bg_FP
BraTS-GLI-01299-000,280,0,1,16.468326568603516,nan,distant_bg_FP
BraTS-GLI-01299-000,281,0,1,26.749086380004883,nan,distant_bg_FP
BraTS-GLI-01299-000,282,0,2,16.34069013595581,1.1262372963148914,distant_bg_FP
BraTS-GLI-01299-000,286,0,1,21.146419525146484,nan,distant_bg_FP
BraTS-GLI-01299-000,291,0,1,15.194432258605957,nan,distant_bg_FP
BraTS-GLI-01299-000,292,0,1,14.844826698303223,nan,distant_bg_FP
BraTS-GLI-01299-000,312,0,1,28.357824325561523,nan,distant_bg_FP
BraTS-GLI-01299-000,314,0,2,17.47567081451416,0.1287158010026942,distant_bg_FP
BraTS-GLI-01299-000,324,0,1,19.007762908935547,nan,distant_bg_FP
BraTS-GLI-01299-000,330,0,1,20.46643829345703,nan,distant_bg_FP
BraTS-GLI-01299-000,331,0,1,17.33038330078125,nan,distant_bg_FP
BraTS-GLI-01299-000,334,0,1,17.045923233032227,nan,distant_bg_FP
BraTS-GLI-01299-000,341,0,2,17.903450965881348,0.09216335657574219,distant_bg_FP
BraTS-GLI-01299-000,343,0,1,24.996816635131836,nan,distant_bg_FP
BraTS-GLI-01299-000,347,0,1,26.949146270751953,nan,distant_bg_FP
BraTS-GLI-01299-000,348,0,1,24.859668731689453,nan,distant_bg_FP
BraTS-GLI-01299-000,352,0,1,13.52155876159668,nan,distant_bg_FP
BraTS-GLI-01299-000,353,0,12,21.439930597941082,1.358725076303548,distant_bg_FP
BraTS-GLI-01299-000,354,0,2,20.29360294342041,0.3869161615249213,distant_bg_FP
BraTS-GLI-01299-000,355,0,1,22.328411102294922,nan,distant_bg_FP
BraTS-GLI-01299-000,356,0,2,16.503838062286377,0.7547691348809712,distant_bg_FP
BraTS-GLI-01300-000,3,0,1,16.711706161499023,nan,distant_bg_FP
BraTS-GLI-01300-000,6,0,1,16.718618392944336,nan,distant_bg_FP
BraTS-GLI-01300-000,7,0,63,21.324412391299294,1.811511029102148,distant_bg_FP
BraTS-GLI-01300-000,9,0,2,15.881916046142578,0.6510116860420642,distant_bg_FP
BraTS-GLI-01300-000,11,0,1,21.41632843017578,nan,distant_bg_FP
BraTS-GLI-01300-000,12,0,1,22.759321212768555,nan,distant_bg_FP
BraTS-GLI-01300-000,25,0,20,17.3387273311615,1.2082544175916206,distant_bg_FP
BraTS-GLI-01300-000,28,0,1,24.76011085510254,nan,distant_bg_FP
BraTS-GLI-01300-000,44,0,2,23.816791534423828,0.2834156398745367,distant_bg_FP
BraTS-GLI-01300-000,48,0,53,18.873842923146373,1.0014810174918733,distant_bg_FP
BraTS-GLI-01300-000,64,0,1,22.552936553955078,nan,distant_bg_FP
BraTS-GLI-01300-000,65,0,36,24.76057306925456,1.6927164855013441,distant_bg_FP
BraTS-GLI-01300-000,68,0,1,25.13306427001953,nan,distant_bg_FP
BraTS-GLI-01300-000,69,0,1,23.755552291870117,nan,distant_bg_FP
BraTS-GLI-01300-000,95,0,1,16.1741943359375,nan,distant_bg_FP
BraTS-GLI-01300-000,104,0,1,17.49214744567871,nan,distant_bg_FP
BraTS-GLI-01300-000,106,0,3,22.084155400594074,0.6708930285636432,distant_bg_FP
BraTS-GLI-01302-000,20,0,10,19.756443595886232,2.222092055308851,distant_bg_FP
BraTS-GLI-01302-000,33,0,1,16.34163475036621,nan,distant_bg_FP
BraTS-GLI-01302-000,66,0,1,17.642053604125977,nan,distant_bg_FP
BraTS-GLI-01302-000,84,0,6,16.040420214335125,0.4787886579089618,distant_bg_FP
BraTS-GLI-01302-000,88,0,1,22.37594985961914,nan,distant_bg_FP
BraTS-GLI-01302-000,89,0,1,23.4605712890625,nan,distant_bg_FP
BraTS-GLI-01302-000,93,0,1,24.18406105041504,nan,distant_bg_FP
BraTS-GLI-01302-000,94,0,1,23.746143341064453,nan,distant_bg_FP
BraTS-GLI-01302-000,102,0,1,20.177743911743164,nan,distant_bg_FP
BraTS-GLI-01302-000,104,0,2,21.47600269317627,0.7694396099106432,distant_bg_FP
BraTS-GLI-01302-000,110,0,1,15.189059257507324,nan,distant_bg_FP
BraTS-GLI-01325-000,5,0,1,21.400476455688477,nan,distant_bg_FP
BraTS-GLI-01325-000,18,0,1,17.391891479492188,nan,distant_bg_FP
BraTS-GLI-01325-000,62,0,1,16.75740623474121,nan,distant_bg_FP
BraTS-GLI-01325-000,63,0,1,16.906076431274414,nan,distant_bg_FP
BraTS-GLI-01325-000,67,0,3,15.931022644042969,0.69896815710664,distant_bg_FP
BraTS-GLI-01325-000,74,0,2,14.712580680847168,0.1354134409932574,distant_bg_FP
BraTS-GLI-01325-000,84,0,1,15.526531219482422,nan,distant_bg_FP
BraTS-GLI-01325-000,85,0,1,14.825583457946777,nan,distant_bg_FP
BraTS-GLI-01325-000,106,0,1,15.011739730834961,nan,distant_bg_FP
BraTS-GLI-01325-000,140,0,24,19.241698662439983,1.1081725937681681,distant_bg_FP
BraTS-GLI-01325-000,146,0,2,23.9064884185791,0.13657467096342954,distant_bg_FP
BraTS-GLI-01345-000,1,0,1,16.595304489135742,nan,distant_bg_FP
BraTS-GLI-01345-000,2,0,1,16.360637664794922,nan,distant_bg_FP
BraTS-GLI-01345-000,3,0,1,17.524629592895508,nan,distant_bg_FP
BraTS-GLI-01345-000,4,0,1,16.669925689697266,nan,distant_bg_FP
BraTS-GLI-01345-000,5,0,1,16.614187240600586,nan,distant_bg_FP
BraTS-GLI-01345-000,6,0,4,17.479450702667236,0.5398763744006996,distant_bg_FP
BraTS-GLI-01345-000,7,0,3,16.73086992899577,0.4255283872090775,distant_bg_FP
BraTS-GLI-01345-000,8,0,1,16.3544979095459,nan,distant_bg_FP
BraTS-GLI-01345-000,9,0,2,16.308566093444824,0.43632980106866964,distant_bg_FP
BraTS-GLI-01345-000,10,0,1,16.5136661529541,nan,distant_bg_FP
BraTS-GLI-01351-000,27,0,1,15.692399978637695,nan,distant_bg_FP
BraTS-GLI-01351-000,75,0,1,20.266843795776367,nan,distant_bg_FP
BraTS-GLI-01351-000,79,0,7,24.569592884608678,1.9077238467792597,distant_bg_FP
BraTS-GLI-01351-000,98,0,1,16.766372680664062,nan,distant_bg_FP
BraTS-GLI-01351-000,99,0,3,27.563135782877605,0.8434544350373525,distant_bg_FP
BraTS-GLI-01351-000,132,0,1,24.156225204467773,nan,distant_bg_FP
BraTS-GLI-01351-000,137,0,2,21.11489200592041,1.5898586990809114,distant_bg_FP
BraTS-GLI-01351-000,225,0,1,18.55199432373047,nan,distant_bg_FP
BraTS-GLI-01366-000,1,0,1,18.96768569946289,nan,distant_bg_FP
BraTS-GLI-01366-000,5,0,1,17.88844871520996,nan,distant_bg_FP
BraTS-GLI-01370-000,15,0,2,14.854981422424316,0.18178306655015491,distant_bg_FP
BraTS-GLI-01370-000,16,0,4,12.911984920501709,0.8607065247443604,distant_bg_FP
BraTS-GLI-01370-000,21,0,2,13.964376449584961,0.594166714168875,distant_bg_FP
BraTS-GLI-01370-000,22,0,3,14.262960116068522,0.5629263747801361,distant_bg_FP
BraTS-GLI-01370-000,23,0,1,11.813336372375488,nan,distant_bg_FP
BraTS-GLI-01370-000,25,0,3,14.383383433024088,0.40013382174396855,distant_bg_FP
BraTS-GLI-01370-000,28,0,10,17.635021495819093,1.479715105308195,distant_bg_FP
BraTS-GLI-01370-000,30,0,2,14.899683952331543,0.026611182974990405,distant_bg_FP
BraTS-GLI-01370-000,35,0,2,14.815570831298828,0.39662679542183127,distant_bg_FP
BraTS-GLI-01370-000,41,0,1,15.666810035705566,nan,distant_bg_FP
BraTS-GLI-01370-000,42,0,2,17.097426414489746,0.6057830599680536,distant_bg_FP
BraTS-GLI-01370-000,46,0,1,14.130538940429688,nan,distant_bg_FP
BraTS-GLI-01370-000,51,0,2,15.638055324554443,0.6701018481939826,distant_bg_FP
BraTS-GLI-01370-000,54,0,2,16.109902381896973,0.4167062284019974,distant_bg_FP
BraTS-GLI-01370-000,65,0,1,16.560380935668945,nan,distant_bg_FP
BraTS-GLI-01370-000,86,0,3,15.947925249735514,0.21814819718443687,distant_bg_FP
BraTS-GLI-01370-000,116,0,1,18.143226623535156,nan,distant_bg_FP
BraTS-GLI-01370-000,128,0,3,16.155840237935383,0.45126161588006986,distant_bg_FP
BraTS-GLI-01370-000,144,0,6,14.202733039855957,0.6893745723137182,distant_bg_FP
BraTS-GLI-01370-000,145,0,1,15.468611717224121,nan,distant_bg_FP
BraTS-GLI-01370-000,150,0,2,15.373694896697998,1.256664596541916,distant_bg_FP
BraTS-GLI-01370-000,155,0,1,17.104915618896484,nan,distant_bg_FP
BraTS-GLI-01370-000,156,0,1,15.84568977355957,nan,distant_bg_FP
BraTS-GLI-01370-000,166,0,9,17.214242617289226,1.0206436376025898,distant_bg_FP
BraTS-GLI-01370-000,168,0,1,20.507606506347656,nan,distant_bg_FP
BraTS-GLI-01370-000,169,0,1,14.378003120422363,nan,distant_bg_FP
BraTS-GLI-01370-000,190,0,2,21.175044059753418,1.1085781039636151,distant_bg_FP
BraTS-GLI-01370-000,192,0,1,16.925678253173828,nan,distant_bg_FP
BraTS-GLI-01370-000,194,0,2,16.935503005981445,0.2086572458598533,distant_bg_FP
BraTS-GLI-01370-000,199,0,2,17.036394119262695,0.19523768929398463,distant_bg_FP
BraTS-GLI-01370-000,221,0,4,16.83664083480835,0.24451372045664696,distant_bg_FP
BraTS-GLI-01379-000,39,0,1,23.34893798828125,nan,distant_bg_FP
BraTS-GLI-01379-000,40,0,1,23.785547256469727,nan,distant_bg_FP
BraTS-GLI-01379-000,58,0,2,23.652695655822754,0.9970325918694709,distant_bg_FP
BraTS-GLI-01379-000,64,0,1,21.384052276611328,nan,distant_bg_FP
BraTS-GLI-01379-000,69,0,1,21.67531967163086,nan,distant_bg_FP
BraTS-GLI-01379-000,76,0,7,16.711804117475236,1.2534093239367037,distant_bg_FP
BraTS-GLI-01379-000,82,0,1,18.594270706176758,nan,distant_bg_FP
BraTS-GLI-01391-000,3,0,1,17.011642456054688,nan,distant_bg_FP
BraTS-GLI-01391-000,6,0,2,14.542027473449707,0.566504894554205,distant_bg_FP
BraTS-GLI-01391-000,74,0,1,19.118337631225586,nan,distant_bg_FP
BraTS-GLI-01391-000,99,0,12,15.234800974527994,0.767985351895732,distant_bg_FP
BraTS-GLI-01391-000,109,0,1,13.183489799499512,nan,distant_bg_FP
BraTS-GLI-01391-000,111,0,1,16.539644241333008,nan,distant_bg_FP
BraTS-GLI-01391-000,128,0,1,22.131990432739258,nan,distant_bg_FP
BraTS-GLI-01391-000,138,0,13,15.722622871398926,0.8976944850092357,distant_bg_FP
BraTS-GLI-01391-000,144,0,4,17.126402854919434,1.4186703122572673,distant_bg_FP
BraTS-GLI-01391-000,154,0,2,22.115031242370605,1.5377260820460283,distant_bg_FP
BraTS-GLI-01391-000,159,0,2,19.009448051452637,0.896203843239889,distant_bg_FP
BraTS-GLI-01391-000,174,0,1,13.514692306518555,nan,distant_bg_FP
BraTS-GLI-01391-000,216,0,1,13.967411041259766,nan,distant_bg_FP
BraTS-GLI-01391-000,222,0,1,18.752613067626953,nan,distant_bg_FP
BraTS-GLI-01391-000,227,0,1,17.821792602539062,nan,distant_bg_FP
BraTS-GLI-01391-000,228,0,5,18.02275619506836,0.5095782347599203,distant_bg_FP
BraTS-GLI-01391-000,238,0,2,18.56652545928955,0.3149064163827244,distant_bg_FP
BraTS-GLI-01391-000,249,0,1,19.399097442626953,nan,distant_bg_FP
BraTS-GLI-01391-000,250,0,2,17.66942310333252,1.1234218868343637,distant_bg_FP
BraTS-GLI-01391-000,265,0,2,19.63607120513916,2.4616551337607477,distant_bg_FP
BraTS-GLI-01391-000,279,0,1,11.481033325195312,nan,distant_bg_FP
BraTS-GLI-01391-000,286,0,1,19.790590286254883,nan,distant_bg_FP
BraTS-GLI-01391-000,312,0,1,18.08402442932129,nan,distant_bg_FP
BraTS-GLI-01399-000,1,0,7,20.128247669764928,1.5710301072901818,distant_bg_FP
BraTS-GLI-01399-000,2,0,1,21.51775550842285,nan,distant_bg_FP
BraTS-GLI-01399-000,6,0,1,23.619539260864258,nan,distant_bg_FP
BraTS-GLI-01399-000,9,0,75,24.302550837198893,2.37987267003827,distant_bg_FP
BraTS-GLI-01399-000,22,0,1,14.738451957702637,nan,distant_bg_FP
BraTS-GLI-01399-000,26,0,1,17.864910125732422,nan,distant_bg_FP
BraTS-GLI-01399-000,33,0,3,18.759187698364258,0.959644995127275,distant_bg_FP
BraTS-GLI-01399-000,54,0,2,13.802011966705322,0.062421168518574495,distant_bg_FP
BraTS-GLI-01410-000,1,0,1,15.47479248046875,nan,distant_bg_FP
BraTS-GLI-01410-000,20,0,1,19.698589324951172,nan,distant_bg_FP
BraTS-GLI-01432-000,1,0,2,17.638919830322266,1.3248730331232186,distant_bg_FP
BraTS-GLI-01432-000,2,0,1,16.943864822387695,nan,distant_bg_FP
BraTS-GLI-01432-000,3,0,1,15.937454223632812,nan,distant_bg_FP
BraTS-GLI-01432-000,4,0,1,15.97935676574707,nan,distant_bg_FP
BraTS-GLI-01432-000,5,0,1,17.325145721435547,nan,distant_bg_FP
BraTS-GLI-01432-000,6,0,1,18.163320541381836,nan,distant_bg_FP
BraTS-GLI-01432-000,7,0,1,18.411272048950195,nan,distant_bg_FP
BraTS-GLI-01432-000,8,0,1,17.916088104248047,nan,distant_bg_FP
BraTS-GLI-01432-000,9,0,3,18.11142412821452,0.14481406671653044,distant_bg_FP
BraTS-GLI-01432-000,10,0,1,18.313350677490234,nan,distant_bg_FP
BraTS-GLI-01432-000,11,0,3,18.324639002482098,0.11114518970930878,distant_bg_FP
BraTS-GLI-01432-000,12,0,1,18.70260238647461,nan,distant_bg_FP
BraTS-GLI-01432-000,13,0,1,17.945707321166992,nan,distant_bg_FP
BraTS-GLI-01432-000,16,0,1,18.73456573486328,nan,distant_bg_FP
BraTS-GLI-01432-000,17,0,1,19.921119689941406,nan,distant_bg_FP
BraTS-GLI-01432-000,18,0,1,19.766632080078125,nan,distant_bg_FP
BraTS-GLI-01432-000,19,0,2,17.032318115234375,0.30334941334624915,distant_bg_FP
BraTS-GLI-01432-000,21,0,2,16.812702178955078,0.0011922500506761705,distant_bg_FP
BraTS-GLI-01432-000,23,0,1,17.613431930541992,nan,distant_bg_FP
BraTS-GLI-01432-000,24,0,1,17.031002044677734,nan,distant_bg_FP
BraTS-GLI-01432-000,28,0,1,18.086219787597656,nan,distant_bg_FP
BraTS-GLI-01432-000,29,0,3,17.59827995300293,0.4423441373907486,distant_bg_FP
BraTS-GLI-01432-000,35,0,20,18.42035369873047,0.5410391986448778,distant_bg_FP
BraTS-GLI-01432-000,37,0,1,19.37851905822754,nan,distant_bg_FP
BraTS-GLI-01432-000,39,0,1,18.30339813232422,nan,distant_bg_FP
BraTS-GLI-01432-000,43,0,1,16.622831344604492,nan,distant_bg_FP
BraTS-GLI-01432-000,46,0,7,17.53609929765974,0.43908057993911137,distant_bg_FP
BraTS-GLI-01432-000,55,0,1,16.810962677001953,nan,distant_bg_FP
BraTS-GLI-01432-000,56,0,4,15.35616660118103,1.131839148337397,distant_bg_FP
BraTS-GLI-01432-000,58,0,1,18.170167922973633,nan,distant_bg_FP
BraTS-GLI-01432-000,59,0,2,16.458608627319336,0.20142821840326475,distant_bg_FP
BraTS-GLI-01432-000,64,0,2,16.271772384643555,0.2502807990996361,distant_bg_FP
BraTS-GLI-01432-000,73,0,1,15.435003280639648,nan,distant_bg_FP
BraTS-GLI-01432-000,74,0,2,18.78645896911621,1.6910286685960376,distant_bg_FP
BraTS-GLI-01432-000,95,0,8,14.654210805892944,1.4521923242368362,distant_bg_FP
BraTS-GLI-01432-000,98,0,1,13.06010913848877,nan,distant_bg_FP
BraTS-GLI-01432-000,104,0,1,11.616673469543457,nan,distant_bg_FP
BraTS-GLI-01432-000,123,0,15,16.056178029378255,1.5730864157389641,distant_bg_FP
BraTS-GLI-01432-000,132,0,1,16.123258590698242,nan,distant_bg_FP
BraTS-GLI-01432-000,164,0,12,15.667773087819418,0.7253468364009175,distant_bg_FP
BraTS-GLI-01432-000,203,0,1,14.079833030700684,nan,distant_bg_FP
BraTS-GLI-01445-000,44,0,1,17.97596549987793,nan,distant_bg_FP
BraTS-GLI-01445-000,55,0,1,16.528121948242188,nan,distant_bg_FP
BraTS-GLI-01445-000,59,0,1,15.849520683288574,nan,distant_bg_FP
BraTS-GLI-01445-000,63,0,2,22.657565116882324,3.63616169838862,distant_bg_FP
BraTS-GLI-01445-000,69,0,15,21.561335118611655,2.177051553558175,distant_bg_FP
BraTS-GLI-01445-000,72,0,1,16.81962013244629,nan,distant_bg_FP
BraTS-GLI-01445-000,78,0,3,23.49139467875163,1.0008227277734545,distant_bg_FP
BraTS-GLI-01445-000,114,0,1,14.776717185974121,nan,distant_bg_FP
BraTS-GLI-01445-000,116,0,4,18.79416036605835,0.9268791106932266,distant_bg_FP
BraTS-GLI-01445-000,122,0,1,20.12734031677246,nan,distant_bg_FP
BraTS-GLI-01445-000,123,0,10,17.643748474121093,1.0874871166076723,distant_bg_FP
BraTS-GLI-01445-000,125,0,4,18.74492883682251,0.6652929633128482,distant_bg_FP
BraTS-GLI-01445-000,147,0,1,19.998859405517578,nan,distant_bg_FP
BraTS-GLI-01462-000,19,0,3,19.2470645904541,0.4030127500118991,distant_bg_FP
BraTS-GLI-01462-000,21,0,1,20.32602310180664,nan,distant_bg_FP
BraTS-GLI-01462-000,31,0,3,16.794986724853516,0.395659781444292,distant_bg_FP
BraTS-GLI-01462-000,40,0,9,18.728130764431423,0.19427676884397727,distant_bg_FP
BraTS-GLI-01462-000,51,0,1,20.163066864013672,nan,distant_bg_FP
BraTS-GLI-01462-000,94,0,4,16.93458366394043,0.8288210286891354,distant_bg_FP
BraTS-GLI-01462-000,101,0,1,17.372800827026367,nan,distant_bg_FP
BraTS-GLI-01462-000,104,0,1,16.654447555541992,nan,distant_bg_FP
BraTS-GLI-01462-000,132,0,2,19.0628080368042,0.01623159429851551,distant_bg_FP
BraTS-GLI-01469-000,6,0,1,16.651063919067383,nan,distant_bg_FP
BraTS-GLI-01469-000,61,0,2,17.549835205078125,0.055806473525880744,distant_bg_FP
BraTS-GLI-01469-000,64,0,1,18.768375396728516,nan,distant_bg_FP
BraTS-GLI-01488-000,65,0,1,20.911468505859375,nan,distant_bg_FP
BraTS-GLI-01489-000,5,0,14,18.412553787231445,1.6147296049112112,distant_bg_FP
BraTS-GLI-01489-000,35,0,8,7.636090874671936,1.6221061584724574,distant_bg_FP
BraTS-GLI-01489-000,52,0,2,16.59443759918213,0.7014193168610935,distant_bg_FP
BraTS-GLI-01489-000,105,0,10,10.669519662857056,2.2337660600591804,distant_bg_FP
BraTS-GLI-01489-000,122,0,4,5.425697684288025,1.3805131784113038,distant_bg_FP
BraTS-GLI-01489-000,135,0,1,15.781354904174805,nan,distant_bg_FP
BraTS-GLI-01489-000,136,0,1,14.669939041137695,nan,distant_bg_FP
BraTS-GLI-01489-000,274,0,1,16.96175193786621,nan,distant_bg_FP
BraTS-GLI-01489-000,352,0,1,16.184967041015625,nan,distant_bg_FP
BraTS-GLI-01489-000,354,0,2,13.54494857788086,1.2221803822650907,distant_bg_FP
BraTS-GLI-01489-000,363,0,1,16.82262420654297,nan,distant_bg_FP
BraTS-GLI-01489-000,384,0,3,13.572940190633139,0.23677625182306522,distant_bg_FP
BraTS-GLI-01489-000,391,0,1,20.14674186706543,nan,distant_bg_FP
BraTS-GLI-01489-000,406,0,6,15.291762669881185,1.597926496719396,distant_bg_FP
BraTS-GLI-01489-000,407,0,7,14.79973452431815,1.177355644141088,distant_bg_FP
BraTS-GLI-01489-000,415,0,2,19.950069427490234,0.9130423521569613,distant_bg_FP
BraTS-GLI-01489-000,427,0,1,16.25650405883789,nan,distant_bg_FP
BraTS-GLI-01496-000,16,0,1,19.739587783813477,nan,distant_bg_FP
BraTS-GLI-01496-000,64,0,1,16.44013786315918,nan,distant_bg_FP
BraTS-GLI-01496-000,68,0,8,20.963067293167114,1.8481645495516115,distant_bg_FP
BraTS-GLI-01496-000,74,0,94,19.486684636866794,1.6265552638846483,distant_bg_FP
BraTS-GLI-01496-000,86,0,1,22.495105743408203,nan,distant_bg_FP
BraTS-GLI-01496-000,104,0,124,20.62998208691997,1.5100240582432145,distant_bg_FP
BraTS-GLI-01496-000,115,0,5,15.973588752746583,1.0770362213392604,distant_bg_FP
BraTS-GLI-01496-000,125,0,1,20.0606689453125,nan,distant_bg_FP
BraTS-GLI-01496-000,130,0,5,22.035982513427733,0.47334687880984067,distant_bg_FP
BraTS-GLI-01496-000,138,0,1,17.457406997680664,nan,distant_bg_FP
BraTS-GLI-01496-000,152,0,1,27.096437454223633,nan,distant_bg_FP
BraTS-GLI-01496-000,167,0,1,17.041824340820312,nan,distant_bg_FP
BraTS-GLI-01496-000,203,0,1,17.387422561645508,nan,distant_bg_FP
BraTS-GLI-01496-000,215,0,1,19.05753517150879,nan,distant_bg_FP
BraTS-GLI-01496-000,219,0,2,16.510011672973633,0.5433558223032935,distant_bg_FP
BraTS-GLI-01496-000,222,0,1,16.118417739868164,nan,distant_bg_FP
BraTS-GLI-01496-000,223,0,1,16.347841262817383,nan,distant_bg_FP
BraTS-GLI-01498-000,14,0,2,18.004039764404297,0.2075054567837476,distant_bg_FP
BraTS-GLI-01498-000,44,0,1,18.48613929748535,nan,distant_bg_FP
BraTS-GLI-01498-000,58,0,1,18.14801025390625,nan,distant_bg_FP
BraTS-GLI-01498-000,72,0,31,18.1864137957173,0.9892279315457209,distant_bg_FP
BraTS-GLI-01498-000,98,0,17,16.5829179427203,0.9924561396526481,distant_bg_FP
BraTS-GLI-01498-000,104,0,1,16.010812759399414,nan,distant_bg_FP
BraTS-GLI-01498-000,106,0,5,15.924406623840332,0.6113527522395186,distant_bg_FP
BraTS-GLI-01498-000,136,0,2,18.932215690612793,0.17357353480980894,distant_bg_FP
BraTS-GLI-01498-000,138,0,1,17.47043228149414,nan,distant_bg_FP
BraTS-GLI-01498-000,153,0,1,19.25817108154297,nan,distant_bg_FP
BraTS-GLI-01498-000,157,0,2,18.620963096618652,0.06601208001170267,distant_bg_FP
BraTS-GLI-01498-000,164,0,3,16.192324956258137,0.4824299145707366,distant_bg_FP
BraTS-GLI-01498-000,200,0,26,3.527014991411796,2.3102065685010014,distant_bg_FP
BraTS-GLI-01498-000,275,0,2,15.56920862197876,0.5240579604819134,distant_bg_FP
BraTS-GLI-01498-000,287,0,1,15.752372741699219,nan,distant_bg_FP
BraTS-GLI-01498-000,299,0,1,15.80775260925293,nan,distant_bg_FP
BraTS-GLI-01498-000,300,0,3,17.286327362060547,0.5643927149960236,distant_bg_FP
BraTS-GLI-01498-000,312,0,1,14.55875015258789,nan,distant_bg_FP
BraTS-GLI-01498-000,320,0,1,14.204629898071289,nan,distant_bg_FP
BraTS-GLI-01498-000,321,0,2,15.530137062072754,0.8917477412405291,distant_bg_FP
BraTS-GLI-01498-000,325,0,2,14.889673709869385,1.020918728207141,distant_bg_FP
BraTS-GLI-01498-000,330,0,1,16.12425422668457,nan,distant_bg_FP
BraTS-GLI-01498-000,331,0,2,14.849975109100342,0.7249912062962662,distant_bg_FP
BraTS-GLI-01498-000,360,0,1,15.668445587158203,nan,distant_bg_FP
BraTS-GLI-01498-000,368,0,2,16.485931396484375,0.12180911264351697,distant_bg_FP
BraTS-GLI-01498-000,393,0,2,16.733854293823242,0.5348725046350208,distant_bg_FP
BraTS-GLI-01498-000,482,0,1,15.9832181930542,nan,distant_bg_FP
BraTS-GLI-01498-000,520,0,1,17.527795791625977,nan,distant_bg_FP
BraTS-GLI-01498-000,585,0,4,12.399902820587158,1.1012424507155492,distant_bg_FP
BraTS-GLI-01498-000,586,0,3,14.859305699666342,0.2616178747264794,distant_bg_FP
BraTS-GLI-01498-000,587,0,1,14.365256309509277,nan,distant_bg_FP
BraTS-GLI-01498-000,588,0,2,15.972528457641602,0.1999419519373766,distant_bg_FP
BraTS-GLI-01498-000,589,0,1,18.864044189453125,nan,distant_bg_FP
BraTS-GLI-01498-000,590,0,1,19.06290626525879,nan,distant_bg_FP
BraTS-GLI-01498-000,591,0,1,15.319230079650879,nan,distant_bg_FP
BraTS-GLI-01501-000,131,0,2,13.493583679199219,0.4352144268696773,distant_bg_FP
BraTS-GLI-01501-000,166,0,1,15.0851411819458,nan,distant_bg_FP
BraTS-GLI-01501-000,173,0,1,14.117938995361328,nan,distant_bg_FP
BraTS-GLI-01501-000,174,0,1,16.70285415649414,nan,distant_bg_FP
BraTS-GLI-01501-000,182,0,1,16.23155403137207,nan,distant_bg_FP
BraTS-GLI-01501-000,213,0,1,15.726415634155273,nan,distant_bg_FP
BraTS-GLI-01501-000,225,0,1,14.318623542785645,nan,distant_bg_FP
BraTS-GLI-01501-000,228,0,2,15.274068355560303,0.557776787989781,distant_bg_FP
BraTS-GLI-01501-000,238,0,2,17.7554874420166,0.07788467864982747,distant_bg_FP
BraTS-GLI-01501-000,254,0,4,15.531535148620605,1.194015739013853,distant_bg_FP
BraTS-GLI-01501-000,260,0,2,15.815635681152344,0.09694584376997037,distant_bg_FP
BraTS-GLI-01501-000,262,0,1,18.33400535583496,nan,distant_bg_FP
BraTS-GLI-01501-000,274,0,48,12.62563039859136,1.966896406122394,distant_bg_FP
BraTS-GLI-01501-000,275,0,5,13.502224349975586,0.6826948000782708,distant_bg_FP
BraTS-GLI-01508-000,26,0,1,13.728899955749512,nan,distant_bg_FP
BraTS-GLI-01508-000,29,0,2,16.229450225830078,0.017274138743280983,distant_bg_FP
BraTS-GLI-01508-000,36,0,4,15.937247037887573,1.421074204618556,distant_bg_FP
BraTS-GLI-01508-000,38,0,2,15.482929229736328,0.17152351209823904,distant_bg_FP
BraTS-GLI-01508-000,68,0,4,18.155942916870117,1.561257884811201,distant_bg_FP
BraTS-GLI-01508-000,70,0,1,19.516620635986328,nan,distant_bg_FP
BraTS-GLI-01508-000,79,0,2,14.7536301612854,0.056646038748217754,distant_bg_FP
BraTS-GLI-01508-000,80,0,1,15.541349411010742,nan,distant_bg_FP
BraTS-GLI-01521-000,1,0,1,14.762240409851074,nan,distant_bg_FP
BraTS-GLI-01521-000,3,0,2,15.576591968536377,0.06423247148017867,distant_bg_FP
BraTS-GLI-01521-000,24,0,314,17.06103286925395,0.9650079321370797,distant_bg_FP
BraTS-GLI-01521-000,29,0,1,17.790586471557617,nan,distant_bg_FP
BraTS-GLI-01521-000,42,0,3,17.288951237996418,0.6540485180762742,distant_bg_FP
BraTS-GLI-01521-000,54,0,2,17.026524543762207,0.43951542846651703,distant_bg_FP
BraTS-GLI-01521-000,65,0,4,16.28475069999695,0.3322466689423005,distant_bg_FP
BraTS-GLI-01521-000,83,0,1,16.31568145751953,nan,distant_bg_FP
BraTS-GLI-01521-000,92,0,6,17.01388168334961,0.5365787774805257,distant_bg_FP
BraTS-GLI-01521-000,100,0,1,18.13626480102539,nan,distant_bg_FP
BraTS-GLI-01521-000,113,0,1,13.495808601379395,nan,distant_bg_FP
BraTS-GLI-01521-000,120,0,1,13.512292861938477,nan,distant_bg_FP
BraTS-GLI-01521-000,121,0,2,15.226587295532227,0.2147668530199925,distant_bg_FP
BraTS-GLI-01521-000,122,0,6,16.857537269592285,0.5069148343754944,distant_bg_FP
BraTS-GLI-01521-000,126,0,1,16.134960174560547,nan,distant_bg_FP
BraTS-GLI-01521-000,129,0,1,13.449089050292969,nan,distant_bg_FP
BraTS-GLI-01521-000,157,0,36,15.778420156902737,0.8428765043581498,distant_bg_FP
BraTS-GLI-01521-000,162,0,1,16.944961547851562,nan,distant_bg_FP
BraTS-GLI-01521-000,167,0,2,16.240990161895752,0.6328224549239146,distant_bg_FP
BraTS-GLI-01521-000,168,0,18,17.89503245883518,0.8994048666183939,distant_bg_FP
BraTS-GLI-01521-000,169,0,8,17.484745979309082,1.4714779776988849,distant_bg_FP
BraTS-GLI-01521-000,171,0,1,14.716151237487793,nan,distant_bg_FP
BraTS-GLI-01521-000,172,0,32,15.851474732160568,0.6333767261031372,distant_bg_FP
BraTS-GLI-01521-000,174,0,2,15.02952241897583,0.1718451768460742,distant_bg_FP
BraTS-GLI-01521-000,175,0,1,14.139017105102539,nan,distant_bg_FP
BraTS-GLI-01521-000,176,0,3,17.28303591410319,0.2701062599876499,distant_bg_FP
BraTS-GLI-01521-000,182,0,1,16.310585021972656,nan,distant_bg_FP
BraTS-GLI-01521-000,183,0,5,18.140132904052734,0.33694873446278434,distant_bg_FP
BraTS-GLI-01521-000,187,0,2,16.429912567138672,0.22404320578984624,distant_bg_FP
BraTS-GLI-01521-000,188,0,2,15.609408855438232,1.2115910708704256,distant_bg_FP
BraTS-GLI-01521-000,189,0,1,17.457813262939453,nan,distant_bg_FP
BraTS-GLI-01521-000,190,0,1,15.422405242919922,nan,distant_bg_FP
BraTS-GLI-01521-000,194,0,2,16.11386013031006,0.17392149919111488,distant_bg_FP
BraTS-GLI-01521-000,196,0,1,16.066207885742188,nan,distant_bg_FP
BraTS-GLI-01521-000,206,0,1,17.40285301208496,nan,distant_bg_FP
BraTS-GLI-01521-000,213,0,2,16.312606811523438,0.37364091576835395,distant_bg_FP
BraTS-GLI-01521-000,220,0,13,16.866559248704178,0.5873259954245578,distant_bg_FP
BraTS-GLI-01521-000,225,0,1,20.30662727355957,nan,distant_bg_FP
BraTS-GLI-01521-000,226,0,2,17.015666961669922,0.24486442330380406,distant_bg_FP
BraTS-GLI-01521-000,234,0,1,17.800323486328125,nan,distant_bg_FP
BraTS-GLI-01521-000,237,0,2,16.73341178894043,0.15225194991032978,distant_bg_FP
BraTS-GLI-01521-000,239,0,1,18.03329086303711,nan,distant_bg_FP
BraTS-GLI-01521-000,240,0,8,17.27160906791687,0.8849012473236495,distant_bg_FP
BraTS-GLI-01521-000,244,0,4,21.625046730041504,0.3826679368018362,distant_bg_FP
BraTS-GLI-01521-000,246,0,1,17.57971954345703,nan,distant_bg_FP
BraTS-GLI-01521-000,247,0,5,21.32790756225586,0.5495140712579758,distant_bg_FP
BraTS-GLI-01521-000,256,0,1,18.317304611206055,nan,distant_bg_FP
BraTS-GLI-01521-000,257,0,1,18.52115821838379,nan,distant_bg_FP
BraTS-GLI-01521-000,261,0,4,18.30344009399414,0.6136946238030838,distant_bg_FP
BraTS-GLI-01521-000,263,0,1,20.094772338867188,nan,distant_bg_FP
BraTS-GLI-01521-000,264,0,1,18.390954971313477,nan,distant_bg_FP
BraTS-GLI-01521-000,266,0,1,18.930957794189453,nan,distant_bg_FP
BraTS-GLI-01521-000,267,0,1,17.34368896484375,nan,distant_bg_FP
BraTS-GLI-01521-000,268,0,1,18.080974578857422,nan,distant_bg_FP
BraTS-GLI-01522-000,1,0,1,22.943632125854492,nan,distant_bg_FP
BraTS-GLI-01522-000,2,0,1,21.48979949951172,nan,distant_bg_FP
BraTS-GLI-01522-000,3,0,1,21.468936920166016,nan,distant_bg_FP
BraTS-GLI-01522-000,4,0,1,21.562091827392578,nan,distant_bg_FP
BraTS-GLI-01522-000,5,0,1,21.37372589111328,nan,distant_bg_FP
BraTS-GLI-01522-000,16,0,1,22.203533172607422,nan,distant_bg_FP
BraTS-GLI-01522-000,55,0,1,17.10420799255371,nan,distant_bg_FP
BraTS-GLI-01522-000,56,0,1,17.933935165405273,nan,distant_bg_FP
BraTS-GLI-01522-000,63,0,1,15.672764778137207,nan,distant_bg_FP
BraTS-GLI-01523-000,2,0,1,16.34426498413086,nan,distant_bg_FP
BraTS-GLI-01523-000,3,0,2,14.670519351959229,0.05650442533722115,distant_bg_FP
BraTS-GLI-01523-000,15,0,22,15.613127535039728,0.6947343661966624,distant_bg_FP
BraTS-GLI-01523-000,25,0,8,17.143453240394592,1.3999850201438524,distant_bg_FP
BraTS-GLI-01523-000,27,0,2,17.77357006072998,0.2622046483055501,distant_bg_FP
BraTS-GLI-01523-000,31,0,2,15.568248748779297,0.020504273213155903,distant_bg_FP
BraTS-GLI-01523-000,36,0,1,17.696773529052734,nan,distant_bg_FP
BraTS-GLI-01523-000,41,0,1,17.209054946899414,nan,distant_bg_FP
BraTS-GLI-01523-000,47,0,2,20.803439140319824,0.3410334163620216,distant_bg_FP
BraTS-GLI-01523-000,55,0,2,16.463191986083984,0.20337573997925615,distant_bg_FP
BraTS-GLI-01523-000,56,0,10,21.143961906433105,1.4086455145023056,distant_bg_FP
BraTS-GLI-01523-000,57,0,1,17.883211135864258,nan,distant_bg_FP
BraTS-GLI-01523-000,62,0,1,20.183271408081055,nan,distant_bg_FP
BraTS-GLI-01523-000,76,0,13,15.239382303678072,1.5892381668569924,distant_bg_FP
BraTS-GLI-01523-000,91,0,2,15.515257358551025,0.09579472904344083,distant_bg_FP
BraTS-GLI-01523-000,93,0,4,16.731789588928223,1.3944911297042188,distant_bg_FP
BraTS-GLI-01523-000,99,0,12,15.71390668551127,0.9060771109686929,distant_bg_FP
BraTS-GLI-01523-000,102,0,2,15.483282566070557,0.9248239136023026,distant_bg_FP
BraTS-GLI-01523-000,109,0,2,18.7841157913208,0.7475475252697206,distant_bg_FP
BraTS-GLI-01523-000,110,0,1,18.29555892944336,nan,distant_bg_FP
BraTS-GLI-01523-000,114,0,16,16.242502093315125,2.219798966497969,distant_bg_FP
BraTS-GLI-01523-000,115,0,15,17.293467330932618,0.5884712967110958,distant_bg_FP
BraTS-GLI-01523-000,136,0,7,16.330387387956893,0.4118232958680236,distant_bg_FP
BraTS-GLI-01523-000,162,0,2,17.901551246643066,0.05126000868331358,distant_bg_FP
BraTS-GLI-01523-000,194,0,1,18.797643661499023,nan,distant_bg_FP
BraTS-GLI-01523-000,198,0,4,14.598008394241333,0.14824385265617676,distant_bg_FP
BraTS-GLI-01532-000,8,0,1,15.765236854553223,nan,distant_bg_FP
BraTS-GLI-01532-000,50,0,4,17.213773250579834,0.11891884630785365,distant_bg_FP
BraTS-GLI-01532-000,51,0,7,15.387084007263184,0.5868197416752529,distant_bg_FP
BraTS-GLI-01532-000,62,0,3,15.989140510559082,0.6777595806405607,distant_bg_FP
BraTS-GLI-01532-000,67,0,3,16.660728454589844,0.47980317395586225,distant_bg_FP
BraTS-GLI-01532-000,68,0,4,16.1952543258667,0.570258202113931,distant_bg_FP
BraTS-GLI-01532-000,72,0,1,18.377788543701172,nan,distant_bg_FP
BraTS-GLI-01532-000,74,0,5,16.723848724365233,0.4756633232998889,distant_bg_FP
BraTS-GLI-01532-000,78,0,4,12.248233556747437,1.7516817108142064,distant_bg_FP
BraTS-GLI-01532-000,90,0,2,10.036737442016602,0.8041564747912487,distant_bg_FP
BraTS-GLI-01532-000,91,0,2,15.294201850891113,0.6941956842011143,distant_bg_FP
BraTS-GLI-01532-000,101,0,7,15.752015113830566,0.66118237910474,distant_bg_FP
BraTS-GLI-01532-000,103,0,1,16.256744384765625,nan,distant_bg_FP
BraTS-GLI-01532-000,118,0,1,16.31217384338379,nan,distant_bg_FP
BraTS-GLI-01532-000,165,0,2,12.18500566482544,0.4620528656518385,distant_bg_FP
BraTS-GLI-01532-000,167,0,1,15.128642082214355,nan,distant_bg_FP
BraTS-GLI-01532-000,172,0,29,18.005589189200567,0.47144480594757615,distant_bg_FP
BraTS-GLI-01532-000,173,0,7,19.943988800048828,0.5555006845947479,distant_bg_FP
BraTS-GLI-01532-000,174,0,1,21.56780242919922,nan,distant_bg_FP
BraTS-GLI-01532-000,175,0,1,18.114591598510742,nan,distant_bg_FP
BraTS-GLI-01532-000,176,0,3,18.60335350036621,1.0893169754701237,distant_bg_FP
BraTS-GLI-01662-000,72,0,7,19.04610797337123,1.1697985475995043,distant_bg_FP
BraTS-GLI-01662-000,92,0,1,20.426668167114258,nan,distant_bg_FP
BraTS-GLI-01662-000,93,0,1,14.549245834350586,nan,distant_bg_FP
BraTS-GLI-01662-000,94,0,2,19.723361015319824,0.21553696023598357,distant_bg_FP
BraTS-GLI-01662-000,104,0,1,17.368627548217773,nan,distant_bg_FP
BraTS-GLI-01662-000,137,0,54,17.835003623255975,1.872250579494957,distant_bg_FP
BraTS-GLI-01662-000,139,0,2,18.79077434539795,0.6445986215726466,distant_bg_FP
BraTS-GLI-01662-000,142,0,1,17.98099708557129,nan,distant_bg_FP
BraTS-GLI-01664-000,1,0,1,15.238456726074219,nan,distant_bg_FP
BraTS-GLI-01664-000,2,0,5,16.456741333007812,0.13083844008520634,distant_bg_FP
BraTS-GLI-01664-000,28,0,1,25.30510902404785,nan,distant_bg_FP
BraTS-GLI-01664-000,39,0,1,19.72454833984375,nan,distant_bg_FP
BraTS-GLI-01664-000,41,0,2,17.531744956970215,0.14472216254276749,distant_bg_FP
BraTS-GLI-01664-000,46,0,1,21.371850967407227,nan,distant_bg_FP
BraTS-GLI-01664-000,56,0,2,21.178215980529785,0.06920310220615948,distant_bg_FP
BraTS-GLI-01664-000,60,0,4,18.55846929550171,0.16637602225029197,distant_bg_FP
BraTS-GLI-01664-000,68,0,1,19.148834228515625,nan,distant_bg_FP
BraTS-GLI-01664-000,70,0,1,16.848031997680664,nan,distant_bg_FP
BraTS-GLI-01664-000,109,0,16,17.20312225818634,0.940239438390975,distant_bg_FP
BraTS-GLI-01664-000,157,0,2,17.65194606781006,0.3339041926427069,distant_bg_FP
BraTS-GLI-01664-000,158,0,6,17.865981101989746,0.3736563703960982,distant_bg_FP
BraTS-GLI-01664-000,159,0,3,19.725687662760418,0.6658415797863085,distant_bg_FP
BraTS-GLI-01664-000,160,0,2,20.2098388671875,0.01744137743817221,distant_bg_FP
BraTS-GLI-01664-000,163,0,9,18.256402757432724,0.870018255894784,distant_bg_FP
